"Time (s)","Acceleration x (m/s^2)","Acceleration y (m/s^2)","Acceleration z (m/s^2)","Absolute acceleration (m/s^2)"
2.844041667E-2,7.360344086E0,-8.093818817E0,-1.980381775E-1,1.094183656E1
3.838341666E-2,7.324718170E0,-8.087980957E0,-3.001258850E-1,1.091590618E1
4.832641670E-2,7.231312408E0,-8.008945312E0,-3.805087280E-1,1.079721589E1
5.826941668E-2,7.216044159E0,-7.882158966E0,-4.703219604E-1,1.069677176E1
6.821241666E-2,7.219786377E0,-7.611072693E0,-4.572990417E-1,1.050061261E1
7.815541670E-2,7.255561981E0,-7.238198090E0,-3.113525391E-1,1.025337172E1
8.809841669E-2,7.363188171E0,-6.868017883E0,-1.478924561E-1,1.007015799E1
9.804141667E-2,7.425608368E0,-6.563551025E0,4.790039062E-3,9.910594565E0
1.079844167E-1,7.426656189E0,-6.362519073E0,9.954299927E-2,9.779917173E0
1.179274167E-1,7.291038208E0,-6.224955139E0,1.315763855E-1,9.587836929E0
1.278704167E-1,7.045249329E0,-6.122268677E0,1.312770081E-1,9.334610089E0
1.378134167E-1,6.830446014E0,-6.133345642E0,9.729766846E-2,9.180544012E0
1.477564167E-1,6.696624298E0,-6.344406738E0,4.909790039E-2,9.224894821E0
1.576994167E-1,6.507866821E0,-6.657854919E0,1.257385254E-2,9.310183714E0
1.676424167E-1,6.222410431E0,-6.891069946E0,-9.729766846E-2,9.285187312E0
1.775854167E-1,5.975424042E0,-6.935826874E0,-1.657054138E-1,9.156355453E0
1.875284167E-1,5.757327576E0,-6.959178314E0,-2.037263489E-1,9.034295105E0
1.974724167E-1,5.524711304E0,-6.997348938E0,-1.420545959E-1,8.916586043E0
2.074154167E-1,5.282215576E0,-7.057673492E0,-5.777984619E-2,8.815661917E0
2.173584167E-1,5.057383118E0,-7.093149719E0,9.789642334E-2,8.712030799E0
2.273014167E-1,4.891677704E0,-7.109166412E0,1.719923401E-1,8.631242043E0
2.372444167E-1,4.686903534E0,-7.189249878E0,2.380050659E-1,8.585396028E0
2.471874167E-1,4.456831970E0,-7.175628204E0,3.231779480E-1,8.453249986E0
2.571304167E-1,4.300407257E0,-7.101382599E0,4.442761230E-1,8.313875069E0
2.670734167E-1,4.221221924E0,-6.978637848E0,5.676196289E-1,8.175713595E0
2.770164167E-1,4.187242584E0,-6.864724731E0,5.998027039E-1,8.063324958E0
2.869594167E-1,4.261488190E0,-6.901997223E0,5.125341797E-1,8.127763440E0
2.969024167E-1,4.390519867E0,-7.051835632E0,3.124003601E-1,8.312800038E0
3.068454167E-1,4.510869598E0,-7.327562256E0,3.113525391E-2,8.604770918E0
3.167884167E-1,4.525988159E0,-7.673642578E0,-2.451901245E-1,8.912321663E0
3.267314167E-1,4.504283295E0,-7.949818268E0,-4.909790039E-1,9.150368237E0
3.366744167E-1,4.589755554E0,-8.181835785E0,-6.682104492E-1,9.405041098E0
3.466138333E-1,4.707710266E0,-8.356073456E0,-6.978488159E-1,9.616313874E0
3.565568334E-1,4.938979340E0,-8.620274048E0,-6.909631348E-1,9.958919200E0
3.664998334E-1,5.288053436E0,-8.956774292E0,-6.834786987E-1,1.042374491E1
3.764428333E-1,5.542075195E0,-9.328900452E0,-6.872209167E-1,1.087268383E1
3.863858334E-1,5.911806335E0,-1.016506165E1,-6.592291260E-1,1.177762775E1
3.963288334E-1,6.149062958E0,-1.100077377E1,-6.412664795E-1,1.261900240E1
4.062718333E-1,6.088439026E0,-1.138038437E1,-4.116439819E-1,1.291323697E1
4.162148333E-1,5.858966217E0,-1.129161896E1,1.392105103E-2,1.272117674E1
4.261578334E-1,5.567372589E0,-1.029394363E1,6.004014587E-1,1.171842118E1
4.361008334E-1,5.777385864E0,-9.214388580E0,1.175505524E0,1.093914794E1
4.460438333E-1,6.094725952E0,-8.000113678E0,1.595532074E0,1.018298708E1
4.559868334E-1,6.364465027E0,-6.813531189E0,1.707050171E0,9.478641391E0
4.659298334E-1,6.718778229E0,-5.938600616E0,1.370400238E0,9.071215739E0
4.758728333E-1,7.207811279E0,-5.391638031E0,6.216572571E-1,9.022680413E0
4.858158334E-1,7.598648529E0,-5.136718140E0,-2.817141724E-1,9.176311655E0
4.957588334E-1,7.920628967E0,-5.170098724E0,-1.119372253E0,9.524666834E0
5.057018333E-1,8.160879364E0,-5.467081146E0,-1.728755035E0,9.973841899E0
5.156448333E-1,8.270301819E0,-6.023773499E0,-2.185006256E0,1.046221734E1
5.255888334E-1,8.262817383E0,-6.661447449E0,-2.438129883E0,1.089006476E1
5.355318334E-1,8.190068665E0,-7.140900421E0,-2.510878601E0,1.115231792E1
5.454748333E-1,8.147856445E0,-7.424111481E0,-2.315385132E0,1.126348100E1
5.554178333E-1,8.066874847E0,-7.491770782E0,-1.834584961E0,1.116094984E1
5.653608334E-1,7.850574646E0,-7.299720154E0,-1.159788208E0,1.078251108E1
5.753038333E-1,7.575446777E0,-6.990463257E0,-5.291496277E-1,1.032152943E1
5.852468333E-1,7.336543579E0,-6.687942352E0,-5.942642212E-2,9.927586620E0
5.951898334E-1,7.063062286E0,-6.323300629E0,3.085084534E-1,9.485049139E0
6.051328334E-1,6.771468658E0,-5.948629761E0,5.285508728E-1,9.028751290E0
6.150758333E-1,6.541846161E0,-5.605842590E0,6.207591248E-1,8.637509145E0
6.250188334E-1,6.376440125E0,-5.312153320E0,6.026467896E-1,8.321126409E0
6.349618334E-1,6.268664246E0,-5.049748993E0,4.558021545E-1,8.062497871E0
6.449048333E-1,6.171815643E0,-4.831353149E0,1.805245972E-1,7.840017265E0
6.548478333E-1,6.039490814E0,-4.705015869E0,-1.514849854E-1,7.657386716E0
6.647908334E-1,5.950126648E0,-4.687951355E0,-4.468208313E-1,7.588184492E0
6.747338334E-1,5.942193146E0,-4.689597931E0,-6.509962463E-1,7.597748630E0
6.846768333E-1,6.029311981E0,-4.679119720E0,-7.970924377E-1,7.673468621E0
6.946198334E-1,6.190077667E0,-4.716691589E0,-8.695417786E-1,7.830730744E0
7.045628334E-1,6.381828918E0,-4.800068207E0,-9.243278503E-1,8.038829337E0
7.145058333E-1,6.564748535E0,-4.889881439E0,-9.678872681E-1,8.242795010E0
7.244488333E-1,6.713539124E0,-5.025499420E0,-9.915380859E-1,8.444548523E0
7.343918334E-1,6.790329437E0,-5.231022034E0,-9.912387085E-1,8.628714827E0
7.443348333E-1,6.878945160E0,-5.490133209E0,-9.382489014E-1,8.851088078E0
7.542778333E-1,6.977590027E0,-5.697901154E0,-7.902067566E-1,9.043078395E0
7.642208334E-1,7.120991821E0,-5.878126373E0,-5.921685791E-1,9.252651393E0
7.741638334E-1,7.243437195E0,-5.976621552E0,-4.064048767E-1,9.399603847E0
7.841068333E-1,7.405699768E0,-6.026168518E0,-2.456391907E-1,9.550886591E0
7.940498334E-1,7.581284637E0,-6.075116730E0,-1.209484863E-1,9.715840086E0
8.039928334E-1,7.835755463E0,-6.109994202E0,-5.837860107E-2,9.936523581E0
8.139358333E-1,8.196056213E0,-6.133345642E0,-9.520202637E-2,1.023730090E1
8.238788333E-1,8.496182098E0,-6.224655762E0,-1.926493835E-1,1.053416173E1
8.338218334E-1,8.723708954E0,-6.439758453E0,-3.116519165E-1,1.084761328E1
8.437648333E-1,9.008416901E0,-6.740782471E0,-4.355941772E-1,1.125963879E1
8.537078333E-1,9.319470062E0,-7.028484192E0,-5.659730530E-1,1.168642108E1
8.636508334E-1,9.620943146E0,-7.266189880E0,-7.056326294E-1,1.207716771E1
8.735938334E-1,9.881401520E0,-7.466174011E0,-8.581654358E-1,1.241460021E1
8.835368333E-1,1.016371445E1,-7.557184753E0,-9.424401855E-1,1.270040654E1
8.934798334E-1,1.043031006E1,-7.497009888E0,-9.415420532E-1,1.287955848E1
9.034228334E-1,1.081036972E1,-7.446265411E0,-9.214837646E-1,1.315903091E1
9.133658333E-1,1.143382324E1,-7.738158417E0,-1.000519409E0,1.384241484E1
9.233088333E-1,1.190833649E1,-8.440497894E0,-1.130000153E0,1.463992428E1
9.332518334E-1,1.212074478E1,-9.136550446E0,-1.140029297E0,1.522132303E1
9.431948334E-1,1.214170120E1,-9.338330841E0,-1.142124939E0,1.536000587E1
9.531378333E-1,1.214634155E1,-8.953630829E0,-1.099613342E0,1.512978082E1
9.630808334E-1,1.224558517E1,-8.332123260E0,-9.651928711E-1,1.484285119E1
9.730238334E-1,1.234198471E1,-7.614814911E0,-8.887019348E-1,1.452927334E1
9.829668333E-1,1.220067856E1,-6.674170990E0,-6.197113037E-1,1.392067375E1
9.929098334E-1,1.194620773E1,-6.192322998E0,-1.586700439E-1,1.345666822E1
1.002852833E0,1.154339539E1,-5.798491974E0,2.838098145E-1,1.292103069E1
1.012795833E0,1.108744354E1,-5.402415619E0,5.718109131E-1,1.234684035E1
1.022738833E0,1.055380325E1,-5.225333862E0,6.042933655E-1,1.179203322E1
1.032682833E0,9.960586853E0,-5.397775269E0,3.306623840E-1,1.133395809E1
1.042625833E0,9.360933838E0,-5.812413025E0,-9.894424438E-2,1.101912054E1
1.052568833E0,8.939260712E0,-6.428980865E0,-4.679269409E-1,1.102094064E1
1.062511833E0,8.542286224E0,-7.094796295E0,-7.209008789E-1,1.112773501E1
1.072454833E0,8.190218353E0,-7.497309265E0,-8.336164856E-1,1.113482103E1
1.082397833E0,7.956853638E0,-7.631580048E0,-8.229885864E-1,1.105576067E1
1.092340833E0,7.873327332E0,-7.686216431E0,-7.405101013E-1,1.102794457E1
1.102283833E0,7.878267059E0,-7.746540985E0,-7.081773376E-1,1.107147254E1
1.112226833E0,7.901468811E0,-7.816595306E0,-7.096742249E-1,1.113714546E1
1.122169833E0,7.883206787E0,-7.878566437E0,-6.887178040E-1,1.116651649E1
1.132112833E0,7.894283752E0,-7.890990601E0,-6.673123169E-1,1.118180461E1
1.142055833E0,7.899672546E0,-7.780819702E0,-5.706134033E-1,1.110277358E1
1.151998833E0,7.893984375E0,-7.527546387E0,-4.453239441E-1,1.091683367E1
1.161941833E0,7.870632935E0,-7.184160461E0,-3.197351074E-1,1.066120326E1
1.171884833E0,7.868686981E0,-6.866820374E0,-1.826202393E-1,1.044522891E1
1.181827833E0,7.757617950E0,-6.632108459E0,-4.954696655E-2,1.020627032E1
1.191770833E0,7.570207672E0,-6.428980865E0,7.694000244E-2,9.932057135E0
1.201713833E0,7.367229767E0,-6.294859772E0,2.255809021E-1,9.692895374E0
1.211656833E0,7.163952484E0,-6.271508331E0,2.785707092E-1,9.525315406E0
1.221599833E0,6.913672943E0,-6.310876465E0,2.917433167E-1,9.365423081E0
1.231542833E0,6.665039978E0,-6.398594055E0,2.215393066E-1,9.241961018E0
1.241485833E0,6.332581329E0,-6.539750519E0,6.735992432E-2,9.103541097E0
1.251428833E0,5.941145325E0,-6.730004883E0,-1.411564636E-1,8.978312683E0
1.261371833E0,5.566624146E0,-6.917265472E0,-3.073109436E-1,8.884272959E0
1.271314833E0,5.162165222E0,-7.010072479E0,-3.875440979E-1,8.714313305E0
1.281257833E0,4.785548401E0,-7.057823181E0,-3.957769775E-1,8.536450139E0
1.291200833E0,4.521198120E0,-7.144343262E0,-3.855981445E-1,8.463542935E0
1.301143833E0,4.285438385E0,-7.218588867E0,-2.814147949E-1,8.399535801E0
1.311086833E0,4.077969818E0,-7.297923889E0,-1.715432739E-1,8.361755678E0
1.321029833E0,3.923041992E0,-7.359595642E0,-1.437011719E-2,8.339910850E0
1.330972833E0,3.783232727E0,-7.350764008E0,7.918533325E-2,8.267578344E0
1.340915833E0,3.706442413E0,-7.259154510E0,1.523831177E-1,8.152070914E0
1.350858542E0,3.670217743E0,-7.113208008E0,2.106120300E-1,8.007033400E0
1.360801542E0,3.698658600E0,-6.972949677E0,2.650987244E-1,7.897618626E0
1.370744542E0,3.770359497E0,-6.962172089E0,2.553689575E-1,7.921657922E0
1.380687542E0,3.876788177E0,-7.090754700E0,1.926493835E-1,8.083650325E0
1.390630542E0,4.004322968E0,-7.282505951E0,1.176553345E-1,8.311638715E0
1.400573542E0,4.128115540E0,-7.520061951E0,3.742218018E-3,8.578617817E0
1.410516542E0,4.261637878E0,-7.800578613E0,-5.358856201E-2,8.888951335E0
1.420459542E0,4.394112396E0,-8.099057922E0,-6.271957397E-2,9.214493840E0
1.430402542E0,4.458029480E0,-8.363557892E0,-5.254074097E-2,9.477652029E0
1.440345542E0,4.544848938E0,-8.503965912E0,8.681945801E-3,9.642259252E0
1.450288542E0,4.748575287E0,-8.594377899E0,6.721023560E-2,9.819206482E0
1.460231542E0,5.249882812E0,-8.908873901E0,1.676513672E-2,1.034067623E1
1.470174542E0,5.741161194E0,-9.606722717E0,-1.131646729E-1,1.119208915E1
1.480117542E0,5.958359528E0,-1.051039352E1,-3.411405945E-1,1.208663713E1
1.490060542E0,6.093528442E0,-1.122261246E1,-4.737648010E-1,1.277898949E1
1.500003542E0,6.042185211E0,-1.145852188E1,-2.721340942E-1,1.295684309E1
1.509946542E0,6.000122681E0,-1.144789398E1,7.738906860E-2,1.292523647E1
1.519889542E0,5.933511200E0,-1.083252365E1,5.480104065E-1,1.236326976E1
1.529832542E0,6.005511475E0,-9.246871033E0,1.210382996E0,1.109215123E1
1.539775542E0,6.533762970E0,-7.980205078E0,1.723515930E0,1.045677956E1
1.549718542E0,7.058571625E0,-6.819818115E0,1.765877838E0,9.972546167E0
1.559661542E0,7.636220398E0,-6.010900269E0,1.413061523E0,9.820362869E0
1.569604542E0,8.147257690E0,-5.701343994E0,7.229965210E-1,9.970248502E0
1.579547542E0,8.432414703E0,-5.815706177E0,-1.016386414E-1,1.024394389E1
1.589490542E0,8.564589844E0,-6.179749146E0,-8.026309204E-1,1.059177582E1
1.599433542E0,8.761879578E0,-6.784641266E0,-1.336720276E0,1.116193137E1
1.609376542E0,8.872649231E0,-7.493716736E0,-1.764830017E0,1.174709836E1
1.619319542E0,8.839867401E0,-7.981103210E0,-1.974244537E0,1.207223698E1
1.629262542E0,8.622369690E0,-8.057893524E0,-2.010169830E0,1.197145312E1
1.639205542E0,8.395740967E0,-7.806865540E0,-1.846709747E0,1.161231901E1
1.649148542E0,8.149952087E0,-7.229665833E0,-1.398990784E0,1.098394111E1
1.659091542E0,7.870932312E0,-6.500681763E0,-8.009843445E-1,1.023972728E1
1.669034542E0,7.539072418E0,-5.974675598E0,-1.962419128E-1,9.621479736E0
1.678977542E0,7.045698395E0,-5.643713837E0,2.897973633E-1,9.032018282E0
1.688920542E0,6.411167908E0,-5.374274139E0,5.496569824E-1,8.383795040E0
1.698863542E0,5.890550537E0,-5.191953278E0,6.248007202E-1,7.876886467E0
1.708806542E0,5.523962860E0,-5.049299927E0,5.474116516E-1,7.503949290E0
1.718749542E0,5.324577484E0,-4.932692413E0,4.424798584E-1,7.271751388E0
1.728692542E0,5.273084564E0,-4.855453033E0,2.706372070E-1,7.173150596E0
1.738635542E0,5.242697754E0,-4.835095367E0,3.143463135E-3,7.131902750E0
1.748578542E0,5.260810089E0,-4.923711090E0,-2.749781799E-1,7.210732743E0
1.758521542E0,5.420827332E0,-5.007985840E0,-4.614903259E-1,7.394475265E0
1.768464542E0,5.682483215E0,-5.043761444E0,-5.777984619E-1,7.619973495E0
1.778407542E0,6.008056183E0,-5.089416504E0,-6.429130554E-1,7.900141558E0
1.788350542E0,6.350094910E0,-5.172643433E0,-6.402186584E-1,8.215219131E0
1.798293542E0,6.636000366E0,-5.275928650E0,-6.484515381E-1,8.502494538E0
1.808236542E0,6.768923950E0,-5.430557098E0,-6.363267517E-1,8.701390324E0
1.818179542E0,6.947652283E0,-5.614674225E0,-5.691165161E-1,8.950884454E0
1.828122542E0,7.185807037E0,-5.775140533E0,-4.230203247E-1,9.228597789E0
1.838065542E0,7.376211090E0,-5.863307190E0,-2.721340942E-1,9.426606930E0
1.848008542E0,7.548502808E0,-5.885012054E0,-1.487905884E-1,9.572638098E0
1.857951542E0,7.756420441E0,-5.865402832E0,-1.193019104E-1,9.725185930E0
1.867894542E0,7.960146790E0,-5.838907928E0,-1.338217163E-1,9.872927173E0
1.877837542E0,8.155640259E0,-5.836961975E0,-1.901046753E-1,1.003098863E1
1.887780542E0,8.377628632E0,-5.876180420E0,-3.011737061E-1,1.023742465E1
1.897723542E0,8.548722839E0,-6.012995911E0,-3.791615295E-1,1.045851545E1
1.907666542E0,8.662785645E0,-6.202052765E0,-4.188290405E-1,1.066230423E1
1.917609542E0,8.748257904E0,-6.467750244E0,-4.709207153E-1,1.088970045E1
1.927552542E0,8.817563782E0,-6.780150604E0,-5.242098999E-1,1.113528937E1
1.937495542E0,8.963510284E0,-7.084467773E0,-6.035449219E-1,1.144108678E1
1.947438542E0,9.153914337E0,-7.286397858E0,-6.529421997E-1,1.171802351E1
1.957381542E0,9.355245667E0,-7.319928131E0,-6.667135620E-1,1.189733064E1
1.967324542E0,9.540410614E0,-7.235204315E0,-7.364685059E-1,1.199624950E1
1.977267542E0,9.756411438E0,-7.054080963E0,-8.643026733E-1,1.207040353E1
1.987210542E0,1.006956024E1,-6.914421387E0,-1.006357269E0,1.225634617E1
1.997153542E0,1.058553726E1,-7.164251862E0,-1.228345642E0,1.284090872E1
2.007096542E0,1.107337280E1,-8.080795898E0,-1.501228180E0,1.379030578E1
2.017039542E0,1.125898682E1,-9.372908936E0,-1.627864838E0,1.473995081E1
2.026982542E0,1.113938553E1,-1.006087830E1,-1.491199036E0,1.508412598E1
2.036925542E0,1.110301117E1,-9.938732300E0,-1.284478912E0,1.495677582E1
2.046868542E0,1.161794037E1,-1.030187714E1,-1.272803192E0,1.557964181E1
2.056811542E0,1.176912598E1,-9.721833344E0,-1.129251709E0,1.530691279E1
2.066754542E0,1.130479156E1,-7.804620209E0,-5.051994324E-1,1.374647720E1
2.076697542E0,1.105346420E1,-6.135441284E0,2.799179077E-2,1.264213171E1
2.086640542E0,1.112202164E1,-4.941374359E0,2.671943665E-1,1.217324684E1
2.096583542E0,1.106394241E1,-4.136498108E0,3.731739807E-1,1.181781271E1
2.106526542E0,1.074450668E1,-4.071233826E0,2.857557678E-1,1.149352100E1
2.116469542E0,1.010309052E1,-4.739144897E0,8.981323242E-3,1.115939125E1
2.126412542E0,9.388925629E0,-5.807024231E0,-3.864962769E-1,1.104639463E1
2.136355542E0,8.846004639E0,-6.846013641E0,-7.834707642E-1,1.121309624E1
2.146298542E0,8.341403961E0,-7.631280670E0,-1.100810852E0,1.135901621E1
2.156241542E0,7.961643677E0,-8.048163757E0,-1.281784515E0,1.139314186E1
2.166184542E0,7.835456085E0,-8.217761078E0,-1.371448059E0,1.143708175E1
2.176127542E0,7.957901459E0,-8.230035553E0,-1.368154907E0,1.152968034E1
2.186070542E0,8.221353607E0,-8.084538116E0,-1.248403931E0,1.159779824E1
2.196013542E0,8.393046570E0,-7.815547485E0,-1.078058167E0,1.151903740E1
2.205956542E0,8.378077698E0,-7.518415375E0,-9.484277344E-1,1.129682570E1
2.215899542E0,8.290060730E0,-7.192093964E0,-7.717950439E-1,1.100213571E1
2.225842542E0,8.221054230E0,-6.838828583E0,-5.325924683E-1,1.070695866E1
2.235785542E0,8.109536133E0,-6.537804565E0,-3.348536682E-1,1.042207234E1
2.245728542E0,7.976612549E0,-6.296057281E0,-6.960525513E-2,1.016226008E1
2.255670542E0,7.814948730E0,-6.181395721E0,2.035766602E-2,9.964110154E0
2.265613542E0,7.580985260E0,-6.269861755E0,2.529739380E-2,9.837842441E0
2.275556542E0,7.275470581E0,-6.463409271E0,-1.631607056E-2,9.731823971E0
2.285499542E0,6.923402710E0,-6.622678070E0,-2.122586060E-1,9.583236594E0
2.295442542E0,6.617738342E0,-6.737040253E0,-4.974156189E-1,9.456722182E0
2.305385542E0,6.304439850E0,-6.858587494E0,-7.619155884E-1,9.347015545E0
2.315328542E0,5.996829529E0,-7.010371857E0,-9.514215088E-1,9.274291394E0
2.325271542E0,5.747448120E0,-7.230563965E0,-1.070274353E0,9.298370951E0
2.335214542E0,5.494174805E0,-7.471712494E0,-1.125509491E0,9.342334611E0
2.345157583E0,5.223687286E0,-7.631729736E0,-1.160686340E0,9.320804709E0
2.355100583E0,5.002597046E0,-7.693102112E0,-1.138981476E0,9.247003629E0
2.365043583E0,4.743036804E0,-7.693251801E0,-1.018781433E0,9.095077625E0
2.374986583E0,4.445006561E0,-7.668403473E0,-9.116043091E-1,8.910304011E0
2.384929583E0,4.187841339E0,-7.597600708E0,-7.870632935E-1,8.710971256E0
2.394872583E0,3.999383240E0,-7.512427826E0,-6.230044556E-1,8.533450222E0
2.404815583E0,3.863316193E0,-7.372468872E0,-4.011657715E-1,8.333033256E0
2.414758583E0,3.839515686E0,-7.169640656E0,-1.736389160E-1,8.134849618E0
2.424701583E0,3.924838257E0,-7.012317810E0,-4.116439819E-2,8.036084303E0
2.434644583E0,4.068988495E0,-6.994055786E0,2.215393066E-2,8.091599008E0
2.444587583E0,4.182901611E0,-7.113657074E0,-4.191284180E-3,8.252320911E0
2.454530583E0,4.269721069E0,-7.303162994E0,-4.475692749E-2,8.459829249E0
2.464473583E0,4.347259827E0,-7.480693817E0,-1.209484863E-1,8.652980788E0
2.474416583E0,4.423900452E0,-7.646848297E0,-1.956431580E-1,8.836484614E0
2.484359583E0,4.448449402E0,-7.802973633E0,-2.338137817E-1,8.984974595E0
2.494302583E0,4.445006561E0,-7.910599823E0,-1.932481384E-1,9.075958227E0
2.504245583E0,4.372257843E0,-7.975265350E0,-1.076261902E-1,9.095772614E0
2.514188583E0,4.279001770E0,-7.930209045E0,3.996688843E-2,9.011085895E0
2.524131583E0,4.455484772E0,-7.893984375E0,1.179547119E-1,9.065332160E0
2.534074583E0,5.097799072E0,-8.265212402E0,3.442840576E-2,9.710946234E0
2.544017583E0,5.617667999E0,-9.233548737E0,-1.592687988E-1,1.080934700E1
2.553960583E0,5.726641388E0,-1.027777725E1,-3.462300110E-1,1.177059905E1
2.563903583E0,5.765111389E0,-1.091440338E1,-3.353027344E-1,1.234800139E1
2.573846583E0,5.811365204E0,-1.106439148E1,-9.250762939E-2,1.249805113E1
2.583789583E0,5.990542603E0,-1.076246933E1,2.850073242E-1,1.232065647E1
2.593732583E0,6.287225647E0,-9.677525482E0,7.235952759E-1,1.156318710E1
2.603675583E0,6.609804840E0,-8.437504120E0,1.074914703E0,1.077202105E1
2.613618583E0,6.878645782E0,-7.371720428E0,1.289867706E0,1.016473259E1
2.623561583E0,7.228618011E0,-6.561605072E0,1.294807434E0,9.848050861E0
2.633504583E0,7.631879425E0,-6.159990234E0,9.871971130E-1,9.857262368E0
2.643447583E0,7.904462585E0,-6.221512299E0,4.327500916E-1,1.006851611E1
2.653390583E0,7.872728577E0,-6.663393402E0,-1.517843628E-1,1.031521717E1
2.663333583E0,7.552843781E0,-7.383695526E0,-6.288423157E-1,1.058110823E1
2.673276583E0,7.204967194E0,-8.172704773E0,-8.617579651E-1,1.092919404E1
2.683219583E0,6.924450531E0,-8.794511719E0,-8.535250854E-1,1.122586106E1
2.693162583E0,6.549929352E0,-9.023834839E0,-7.768844604E-1,1.117742006E1
2.703105583E0,6.334676971E0,-8.889264679E0,-6.252497864E-1,1.093334789E1
2.713048583E0,6.407874756E0,-8.359067230E0,-3.977229309E-1,1.054006866E1
2.722991583E0,6.667884064E0,-7.624993744E0,-1.582209778E-1,1.013046106E1
2.732933583E0,6.927593994E0,-6.817123718E0,-2.933898926E-2,9.719341290E0
2.742876583E0,7.024741974E0,-6.030210114E0,-4.939727783E-2,9.258124751E0
2.752819583E0,7.032525787E0,-5.409600677E0,-1.612147522E-1,8.873904926E0
2.762762583E0,7.104376373E0,-4.927303619E0,-2.158511353E-1,8.648530298E0
2.772705583E0,7.108268280E0,-4.560266876E0,-2.766247559E-1,8.449854033E0
2.782648583E0,7.073989563E0,-4.332740021E0,-3.574566650E-1,8.303116264E0
2.792591583E0,7.027436371E0,-4.217030640E0,-4.529580688E-1,8.208128920E0
2.802534583E0,6.969806213E0,-4.224066010E0,-5.011578369E-1,8.165298003E0
2.812477583E0,6.962471466E0,-4.339476013E0,-5.260061646E-1,8.220933248E0
2.822420583E0,7.042554932E0,-4.517156525E0,-5.821394348E-1,8.386964251E0
2.832363583E0,7.188501434E0,-4.707111511E0,-6.095324707E-1,8.614115247E0
2.842306583E0,7.388934631E0,-4.915328522E0,-6.589297485E-1,8.898932401E0
2.852249583E0,7.606582031E0,-5.094056854E0,-7.652087402E-1,9.186677846E0
2.862192583E0,7.793094177E0,-5.292993164E0,-8.467890930E-1,9.458601654E0
2.872135583E0,7.952662354E0,-5.516628113E0,-7.375163269E-1,9.706799399E0
2.882078583E0,8.107141113E0,-5.732030182E0,-5.272036743E-1,9.942829112E0
2.892021583E0,8.238717499E0,-5.816454620E0,-3.315605164E-1,1.009046792E1
2.901964583E0,8.364456024E0,-5.799090729E0,-2.710862732E-1,1.018170249E1
2.911907583E0,8.451125793E0,-5.812113647E0,-2.751278687E-1,1.026050133E1
2.921850583E0,8.458011475E0,-5.855822754E0,-2.965333557E-1,1.029157667E1
2.931793583E0,8.413553925E0,-5.865851898E0,-3.281176758E-1,1.026176249E1
2.941736583E0,8.373587036E0,-5.813311157E0,-3.447331238E-1,1.019952878E1
2.951679583E0,8.374335480E0,-5.769003296E0,-3.770658875E-1,1.017610301E1
2.961622583E0,8.407266998E0,-5.751789093E0,-4.198768616E-1,1.019517105E1
2.971565583E0,8.435857544E0,-5.803431702E0,-5.367837524E-1,1.025337256E1
2.981508583E0,8.440198517E0,-5.922284546E0,-7.029382324E-1,1.033462759E1
2.991451583E0,8.493038635E0,-6.135441284E0,-8.800199890E-1,1.051426556E1
3.001394583E0,8.548573151E0,-6.436614990E0,-1.075513458E0,1.075475916E1
3.011337583E0,8.600664825E0,-6.703360291E0,-1.289568329E0,1.098041261E1
3.021280583E0,8.706494751E0,-6.885830841E0,-1.422641602E0,1.119114053E1
3.031223583E0,8.828940125E0,-6.950346680E0,-1.443747711E0,1.132880886E1
3.041166583E0,9.066496124E0,-6.922504578E0,-1.365759888E0,1.148859093E1
3.051109583E0,9.465266876E0,-6.937772827E0,-1.235530701E0,1.180044512E1
3.061051583E0,1.000953506E1,-7.470365295E0,-1.242715759E0,1.255155338E1
3.070994583E0,1.025966492E1,-8.673862610E0,-1.304387512E0,1.349807555E1
3.080937583E0,1.028376480E1,-1.008946884E1,-1.161883850E0,1.445348311E1
3.090880583E0,1.029154861E1,-1.086261108E1,-8.087681580E-1,1.498553964E1
3.100823583E0,1.037058426E1,-1.078342575E1,-3.993695068E-1,1.496632169E1
3.110766583E0,1.072280182E1,-1.014964371E1,-6.930587769E-2,1.476477394E1
3.120709583E0,1.108998825E1,-8.815917206E0,2.689906311E-1,1.416970683E1
3.130652583E0,1.118144806E1,-7.049889679E0,4.843927002E-1,1.322725827E1
3.140595583E0,1.131841324E1,-5.535189514E0,6.288423157E-1,1.261508002E1
3.150538583E0,1.155177795E1,-4.515210571E0,7.132667542E-1,1.242334294E1
3.160481583E0,1.161344971E1,-4.100572815E0,6.604266357E-1,1.233381834E1
3.170424583E0,1.133832184E1,-4.416865082E0,4.574487305E-1,1.217684272E1
3.180367583E0,1.057071808E1,-5.399571533E0,1.124162292E-1,1.187047138E1
3.190310583E0,9.777367859E0,-6.527775421E0,-2.791694641E-1,1.175953697E1
3.200253583E0,9.181007996E0,-7.348368988E0,-6.988966370E-1,1.178040284E1
3.210196583E0,8.682245178E0,-7.799381104E0,-9.813592529E-1,1.171216431E1
3.220139583E0,8.458011475E0,-7.983797607E0,-1.123563538E0,1.168509210E1
3.230082583E0,8.507558441E0,-8.019124146E0,-1.231339417E0,1.175589637E1
3.240025583E0,8.681496735E0,-7.954757996E0,-1.178798676E0,1.183368610E1
3.249968583E0,8.791817322E0,-7.767647095E0,-9.822573853E-1,1.177273217E1
3.259911583E0,8.743767242E0,-7.535928955E0,-8.433462524E-1,1.157388974E1
3.269854583E0,8.596772919E0,-7.260950775E0,-7.261399841E-1,1.127622233E1
3.279797583E0,8.427025909E0,-6.963369598E0,-5.848338318E-1,1.094738839E1
3.289740583E0,8.272098083E0,-6.659351807E0,-4.257147217E-1,1.062806691E1
3.299683583E0,8.109087067E0,-6.434369659E0,-3.141966248E-1,1.035650160E1
3.309626583E0,7.930807800E0,-6.343508606E0,-2.386038208E-1,1.015848146E1
3.319569583E0,7.700586548E0,-6.369853821E0,-2.712359619E-1,9.997381649E0
3.329511583E0,7.510032806E0,-6.461313629E0,-3.495231628E-1,9.913189850E0
3.339454583E0,7.282206573E0,-6.550977173E0,-5.179229736E-1,9.808877546E0
3.349397042E0,6.987918549E0,-6.641987915E0,-8.559201050E-1,9.678822673E0
3.359340042E0,6.690786438E0,-6.773264923E0,-1.225800934E0,9.599287932E0
3.369283042E0,6.409371643E0,-6.922953644E0,-1.538650360E0,9.559015480E0
3.379226042E0,6.166127472E0,-7.093598785E0,-1.689686279E0,9.549623629E0
3.389169042E0,5.945336609E0,-7.288493500E0,-1.730251923E0,9.563625704E0
3.399112042E0,5.642666016E0,-7.444020081E0,-1.661844177E0,9.487615127E0
3.409055042E0,5.371280365E0,-7.573201447E0,-1.574425964E0,9.417157216E0
3.418998042E0,5.091362457E0,-7.727979584E0,-1.493743744E0,9.374161855E0
3.428941042E0,4.753365326E0,-7.830666046E0,-1.477876740E0,9.278897149E0
3.438884042E0,4.480632477E0,-7.848479004E0,-1.269809418E0,9.126176967E0
3.448827042E0,4.226461029E0,-7.782765656E0,-1.101409607E0,8.924545770E0
3.458770042E0,4.025279388E0,-7.688910828E0,-8.776249695E-1,8.723098616E0
3.468713042E0,3.912114716E0,-7.552694092E0,-6.249504089E-1,8.528680590E0
3.478656042E0,3.817212067E0,-7.407945099E0,-3.891906738E-1,8.342675106E0
3.488599042E0,3.802542572E0,-7.267537079E0,-2.604583740E-1,8.206355084E0
3.498542042E0,3.823648682E0,-7.231611786E0,-2.320175171E-1,8.183540211E0
3.508485042E0,3.876638489E0,-7.286397858E0,-3.573069763E-1,8.261209838E0
3.518428042E0,3.955374756E0,-7.415579224E0,-6.069877625E-1,8.426401297E0
3.528371042E0,4.074826355E0,-7.617060242E0,-8.855584717E-1,8.683779727E0
3.538314042E0,4.230802002E0,-7.815996552E0,-1.097667389E0,8.955130450E0
3.548257042E0,4.399351501E0,-7.951764221E0,-1.236279144E0,9.171326730E0
3.558199042E0,4.605622559E0,-8.034841461E0,-1.272204437E0,9.348205207E0
3.568142042E0,4.853058014E0,-8.030350800E0,-1.163680115E0,9.454779609E0
3.578085042E0,5.062023468E0,-7.902217255E0,-9.527687073E-1,9.432756084E0
3.588028042E0,5.433550873E0,-7.884254608E0,-8.596623230E-1,9.613738353E0
3.597971042E0,5.982609100E0,-8.354726257E0,-1.083596649E0,1.033282363E1
3.607914042E0,6.108197937E0,-9.368867340E0,-1.413360901E0,1.127312496E1
3.617857042E0,5.825136566E0,-1.038136185E1,-1.485510864E0,1.199631745E1
3.627800042E0,5.621260529E0,-1.084135529E1,-1.047821045E0,1.225689534E1
3.637743042E0,5.498515778E0,-1.077818665E1,-2.874023438E-1,1.210312287E1
3.647686042E0,5.552104340E0,-1.006252487E1,4.496649170E-1,1.150141156E1
3.657629042E0,5.808371429E0,-9.074279938E0,1.083746338E0,1.082839975E1
3.667572042E0,6.117778015E0,-8.035290527E0,1.661095734E0,1.023485910E1
3.677515042E0,6.473438416E0,-7.017107849E0,2.002685394E0,9.754791452E0
3.687458042E0,6.937174072E0,-6.405330048E0,1.994901581E0,9.650506176E0
3.697401042E0,7.448660431E0,-6.212081909E0,1.690434723E0,9.845307177E0
3.707344042E0,7.738158417E0,-6.404431915E0,1.087638245E0,1.010340541E1
3.717287042E0,7.753576355E0,-6.909631348E0,3.478765869E-1,1.039143733E1
3.727230042E0,7.659571838E0,-7.600744171E0,-2.722837830E-1,1.079418784E1
3.737173042E0,7.630083160E0,-8.179740143E0,-6.441105652E-1,1.120451678E1
3.747116042E0,7.588619385E0,-8.439450073E0,-7.991880798E-1,1.137761677E1
3.757058042E0,7.603588257E0,-8.393345947E0,-8.476872253E-1,1.135699715E1
3.767001042E0,7.655829620E0,-7.997568970E0,-7.450007629E-1,1.109629951E1
3.776944042E0,7.759863281E0,-7.384743347E0,-4.736151123E-1,1.072260340E1
3.786887042E0,7.857610016E0,-6.686295776E0,-1.130149841E-1,1.031801138E1
3.796830042E0,7.820487213E0,-5.971681824E0,2.321672058E-1,9.842505050E0
3.806773042E0,7.622299347E0,-5.401068420E0,4.399351501E-1,9.352247342E0
3.816716042E0,7.385641479E0,-4.972958679E0,4.806504822E-1,8.916784340E0
3.826659042E0,7.131769409E0,-4.643493805E0,4.309538269E-1,8.521143751E0
3.836602042E0,6.882687378E0,-4.484225006E0,3.435356140E-1,8.221780596E0
3.846545042E0,6.681805115E0,-4.435127106E0,2.791694641E-1,8.024637539E0
3.856488042E0,6.507717133E0,-4.458179169E0,2.302212524E-1,7.891688387E0
3.866431042E0,6.376440125E0,-4.591102753E0,1.990859985E-1,7.859824959E0
3.876374042E0,6.313870239E0,-4.789290619E0,1.916015625E-1,7.927103707E0
3.886317042E0,6.294111328E0,-5.000800781E0,1.248403931E-1,8.039865110E0
3.896260042E0,6.307283936E0,-5.250032501E0,6.646179199E-2,8.206649077E0
3.906203042E0,6.361321564E0,-5.575156403E0,4.191284180E-2,8.458755088E0
3.916146042E0,6.431375885E0,-5.906417542E0,1.065783691E-1,8.732681312E0
3.926089042E0,6.571783905E0,-6.238277435E0,2.086660767E-1,9.063552868E0
3.936031042E0,6.811285858E0,-6.536457367E0,3.222798157E-1,9.445779705E0
3.945974042E0,7.021897888E0,-6.725065155E0,4.644841003E-1,9.733925044E0
3.955917042E0,7.144642639E0,-6.795718231E0,6.286926270E-1,9.880433145E0
3.965860042E0,7.291786652E0,-6.798113251E0,7.072792053E-1,9.994235349E0
3.975803042E0,7.486531677E0,-6.766229553E0,6.920109558E-1,1.011478611E1
3.985746042E0,7.779472504E0,-6.719077606E0,6.198609924E-1,1.029807865E1
3.995689042E0,8.050409088E0,-6.646927643E0,5.445675659E-1,1.045405603E1
4.005632042E0,8.249644775E0,-6.539301453E0,3.608995056E-1,1.053324978E1
4.015575042E0,8.439899139E0,-6.427034912E0,8.906478882E-2,1.060879860E1
4.025518042E0,8.637937317E0,-6.372847595E0,-1.672023010E-1,1.073569300E1
4.035461042E0,8.794960785E0,-6.356531525E0,-4.234693909E-1,1.085984137E1
4.045404042E0,8.960666199E0,-6.386768646E0,-6.179150391E-1,1.102116924E1
4.055347042E0,9.130862274E0,-6.424340515E0,-7.911048889E-1,1.119243690E1
4.065290042E0,9.261241150E0,-6.483617249E0,-1.047371979E0,1.135362798E1
4.075233042E0,9.412127380E0,-6.648125153E0,-1.274150391E0,1.159349684E1
4.085176042E0,9.551188202E0,-6.725364532E0,-1.419647827E0,1.176737541E1
4.095119042E0,9.639504547E0,-6.660848694E0,-1.519190826E0,1.181502831E1
4.105061042E0,9.720037079E0,-6.522386627E0,-1.498982849E0,1.180116934E1
4.115004042E0,9.861642609E0,-6.289620667E0,-1.374292145E0,1.177709650E1
4.124947042E0,1.003602997E1,-6.102360077E0,-1.175505524E0,1.180434281E1
4.134890042E0,1.043225601E1,-6.283333740E0,-1.034798126E0,1.222223611E1
4.144833042E0,1.086695206E1,-7.192393341E0,-1.087638245E0,1.307685459E1
4.154776042E0,1.079764618E1,-8.599916382E0,-1.246008911E0,1.386002392E1
4.164719042E0,1.046428940E1,-9.621092834E0,-1.344953156E0,1.427850409E1
4.174662042E0,1.042297531E1,-9.853260040E0,-1.364861755E0,1.440791433E1
4.184605042E0,1.057116714E1,-9.380393372E0,-1.412911835E0,1.420343883E1
4.194548042E0,1.078297668E1,-8.353528748E0,-1.466500397E0,1.371877007E1
4.204491042E0,1.094523926E1,-7.114854584E0,-1.353934479E0,1.312450215E1
4.214434042E0,1.096933914E1,-5.817502441E0,-1.008153534E0,1.245737169E1
4.224377042E0,1.119013000E1,-4.841681671E0,-6.084846497E-1,1.220783128E1
4.234320042E0,1.127425507E1,-4.386029205E0,-3.354524231E-1,1.210200842E1
4.244263042E0,1.102891525E1,-4.553231506E0,-2.444416809E-1,1.193434709E1
4.254206042E0,1.033944901E1,-5.313949585E0,-2.118095398E-1,1.162700001E1
4.264149042E0,9.630672913E0,-6.411616974E0,-2.887495422E-1,1.157333441E1
4.274091042E0,9.155111847E0,-7.335795135E0,-4.532574463E-1,1.174033243E1
4.284034042E0,8.725355530E0,-8.010442200E0,-5.900729370E-1,1.185947720E1
4.293977042E0,8.438402252E0,-8.456065521E0,-6.520440674E-1,1.196398086E1
4.303920042E0,8.306825867E0,-8.665180664E0,-7.382647705E-1,1.202637713E1
4.313863042E0,8.347241821E0,-8.676107941E0,-7.999365234E-1,1.206611758E1
4.323806042E0,8.529263306E0,-8.461604004E0,-7.770341492E-1,1.203955385E1
4.333749042E0,8.616831207E0,-8.094567261E0,-7.283853149E-1,1.184492906E1
4.343692042E0,8.603059845E0,-7.648943939E0,-6.418652344E-1,1.152956951E1
4.353636167E0,8.542435913E0,-7.238796844E0,-4.755610657E-1,1.120712048E1
4.363579167E0,8.491092682E0,-6.871909790E0,-2.821632385E-1,1.092709546E1
4.373522167E0,8.419391785E0,-6.571334839E0,-1.393601990E-1,1.068119941E1
4.383465167E0,8.224347382E0,-6.406228180E0,-6.436614990E-2,1.042515191E1
4.393408167E0,7.979157257E0,-6.377038879E0,7.334747314E-3,1.021438345E1
4.403351167E0,7.711663513E0,-6.462211761E0,5.284011841E-2,1.006144756E1
4.413294167E0,7.443720703E0,-6.617738342E0,3.966751099E-2,9.960171293E0
4.423236167E0,7.145391083E0,-6.754553833E0,-4.640350342E-2,9.832739420E0
4.433179167E0,6.853947144E0,-6.821913757E0,-1.761836243E-1,9.671925322E0
4.443122167E0,6.630761261E0,-6.927593994E0,-3.233276367E-1,9.594951496E0
4.453065167E0,6.444249115E0,-7.093598785E0,-4.040098572E-1,9.592221554E0
4.463008167E0,6.216572571E0,-7.241042175E0,-3.716770935E-1,9.550738724E0
4.472951167E0,5.928571472E0,-7.324418793E0,-3.049159241E-1,9.428045613E0
4.482894167E0,5.635181580E0,-7.438481598E0,-2.778222656E-1,9.336137592E0
4.492837167E0,5.358257446E0,-7.554939423E0,-2.258802795E-1,9.264936829E0
4.502780167E0,5.088518372E0,-7.546407166E0,-1.216969299E-1,9.102532091E0
4.512723167E0,4.798721008E0,-7.430847473E0,4.490661621E-2,8.845746667E0
4.522666167E0,4.529730377E0,-7.233557739E0,1.631607056E-1,8.536359662E0
4.532609167E0,4.336182861E0,-7.072043610E0,3.028202820E-1,8.301083227E0
4.542552167E0,4.217928772E0,-6.945107574E0,4.320016479E-1,8.137079806E0
4.552495167E0,4.121529236E0,-6.888225861E0,5.821394348E-1,8.048201356E0
4.562437167E0,3.996539154E0,-6.855893097E0,5.873785400E-1,7.957424767E0
4.572380167E0,3.942651215E0,-6.856192474E0,4.966671753E-1,7.924553749E0
4.582323167E0,3.948938141E0,-6.916067963E0,3.094065857E-1,7.970059030E0
4.592266167E0,3.875890045E0,-7.060816956E0,-3.622467041E-2,8.054748410E0
4.602209167E0,3.872147827E0,-7.284751282E0,-3.243754578E-1,8.256291508E0
4.612152167E0,3.910917206E0,-7.593409424E0,-5.577401733E-1,8.559568574E0
4.622095167E0,3.910168762E0,-7.910300446E0,-6.535409546E-1,8.848129105E0
4.632038167E0,3.921545105E0,-8.161627808E0,-5.929170227E-1,9.074262233E0
4.641981167E0,4.005670166E0,-8.362809448E0,-4.833448792E-1,9.285235464E0
4.651924167E0,4.167932739E0,-8.430618439E0,-2.683918762E-1,9.408454962E0
4.661867167E0,4.434678040E0,-8.384664001E0,4.939727783E-3,9.485198160E0
4.671810167E0,4.961282959E0,-8.480614471E0,6.945556641E-2,9.825475789E0
4.681753167E0,5.448968811E0,-8.996292114E0,-2.628533936E-1,1.052110378E1
4.691696167E0,5.543871460E0,-9.777966614E0,-7.426057434E-1,1.126475056E1
4.701638167E0,5.488786011E0,-1.041848465E1,-9.463320923E-1,1.181385368E1
4.711581167E0,5.524561615E0,-1.068687653E1,-7.734416199E-1,1.205521973E1
4.721524167E0,5.674699402E0,-1.041264679E1,-2.511776733E-1,1.186121902E1
4.731467167E0,6.131848755E0,-9.800868988E0,3.674858093E-1,1.156683396E1
4.741410167E0,6.658902740E0,-8.920549622E0,9.264234924E-1,1.117029327E1
4.751353167E0,6.957531738E0,-7.894433441E0,1.200503540E0,1.059105925E1
4.761296167E0,7.137756958E0,-6.857090607E0,1.180894318E0,9.968037789E0
4.771239167E0,7.442672882E0,-5.901477814E0,1.022523651E0,9.553343636E0
4.781182167E0,7.930508423E0,-5.188211060E0,6.655160522E-1,9.500179444E0
4.791125167E0,8.433013458E0,-5.021457825E0,1.231938171E-1,9.815596334E0
4.801068167E0,8.671317902E0,-5.309608612E0,-4.981640625E-1,1.017997373E1
4.811011167E0,8.644822998E0,-5.923631744E0,-1.128203888E0,1.054017181E1
4.820954167E0,8.610693970E0,-6.743626556E0,-1.654509430E0,1.106155284E1
4.830896167E0,8.514893188E0,-7.462880859E0,-1.916015625E0,1.148342774E1
4.840839167E0,8.385412445E0,-7.875572662E0,-1.939816132E0,1.166630504E1
4.850782167E0,8.229736176E0,-7.967481537E0,-1.796713715E0,1.159471861E1
4.860725167E0,8.099357300E0,-7.802225189E0,-1.517095184E0,1.134794626E1
4.870668167E0,8.021519165E0,-7.472610626E0,-1.004710693E0,1.100882023E1
4.880611167E0,7.968828735E0,-7.045848083E0,-3.510200500E-1,1.064281080E1
4.890554167E0,7.849227448E0,-6.584806824E0,2.471360779E-1,1.024846958E1
4.900497167E0,7.645800476E0,-6.233188019E0,6.445596313E-1,9.885664111E0
4.910440167E0,7.309150543E0,-5.984854431E0,9.044192505E-1,9.490002024E0
4.920383167E0,6.943760376E0,-5.768404541E0,1.040037231E0,9.086912377E0
4.930326167E0,6.693480835E0,-5.494923248E0,1.033750305E0,8.721554155E0
4.940269167E0,6.572532349E0,-5.237458649E0,8.634045410E-1,8.448350251E0
4.950211167E0,6.485563202E0,-5.057383118E0,5.439688110E-1,8.242302840E0
4.960154167E0,6.419999542E0,-4.946763153E0,1.547781372E-1,8.106220826E0
4.970097167E0,6.373296661E0,-4.897964630E0,-1.616638184E-1,8.039595950E0
4.980040167E0,6.344107361E0,-4.932991791E0,-3.459306335E-1,8.043741307E0
4.989983167E0,6.336922302E0,-4.967569885E0,-4.550537109E-1,8.064763401E0
4.999926167E0,6.400989075E0,-4.991669769E0,-5.653742981E-1,8.136895988E0
5.009869167E0,6.504873047E0,-5.010231171E0,-6.985972595E-1,8.240377896E0
5.019812167E0,6.589297485E0,-5.051245880E0,-7.771838379E-1,8.338941240E0
5.029755167E0,6.692433014E0,-5.150190125E0,-7.348219299E-1,8.476619682E0
5.039698167E0,6.722071381E0,-5.303022308E0,-5.920188904E-1,8.582469086E0
5.049641167E0,6.755751343E0,-5.475314026E0,-4.230203247E-1,8.706215371E0
5.059584167E0,6.858587494E0,-5.662873993E0,-2.163002014E-1,8.896918008E0
5.069526167E0,6.999893646E0,-5.876330109E0,-1.601669312E-2,9.139476087E0
5.079469167E0,7.109615479E0,-6.058800659E0,1.454974365E-1,9.342208903E0
5.089412167E0,7.248676300E0,-6.184090118E0,2.480342102E-1,9.531411211E0
5.099355167E0,7.447462921E0,-6.249803467E0,3.323089600E-1,9.728061296E0
5.109298167E0,7.705825653E0,-6.307583313E0,3.568579102E-1,9.964572435E0
5.119241167E0,7.957901459E0,-6.454128571E0,3.673361206E-1,1.025275119E1
5.129184167E0,8.164621582E0,-6.711892548E0,2.948867798E-1,1.057343394E1
5.139127167E0,8.405919800E0,-7.023544464E0,3.338058472E-1,1.095906432E1
5.149070167E0,8.688532104E0,-7.347770233E0,3.365002441E-1,1.138391628E1
5.159013167E0,8.913963318E0,-7.654632111E0,1.706451416E-1,1.175079804E1
5.168956167E0,9.161398773E0,-7.857160950E0,5.628295898E-2,1.206935679E1
5.178898167E0,9.411528625E0,-7.890541534E0,-1.368154907E-1,1.228235463E1
5.188841167E0,9.747130737E0,-7.770042114E0,-3.219804382E-1,1.246931367E1
5.198784167E0,1.029139893E1,-7.627388763E0,-4.902305603E-1,1.281913715E1
5.208727167E0,1.086680237E1,-7.737559662E0,-8.294252014E-1,1.336582094E1
5.218670167E0,1.131497040E1,-8.203390961E0,-1.171463928E0,1.402485316E1
5.228613167E0,1.165641037E1,-8.714877319E0,-1.344204712E0,1.461601436E1
5.238556167E0,1.193872330E1,-9.044342194E0,-1.319655762E0,1.503578169E1
5.248499167E0,1.219244568E1,-9.005123749E0,-1.092577972E0,1.519676650E1
5.258442167E0,1.245964005E1,-8.657097473E0,-7.485932922E-1,1.519040350E1
5.268385167E0,1.260019775E1,-8.221802673E0,-3.902384949E-1,1.505042553E1
5.278328167E0,1.252131180E1,-7.647746429E0,1.625619507E-1,1.467302631E1
5.288270167E0,1.211191315E1,-6.921606445E0,7.668553162E-1,1.397122553E1
5.298213167E0,1.160940811E1,-5.986800385E0,1.242266693E0,1.312110369E1
5.308156167E0,1.114672028E1,-5.106031952E0,1.501078491E0,1.235209180E1
5.318099167E0,1.064810715E1,-4.546495514E0,1.460063782E0,1.166981549E1
5.328042167E0,1.001193008E1,-4.384382629E0,1.259780273E0,1.100220893E1
5.337985167E0,9.369765472E0,-4.820425873E0,8.033793640E-1,1.056761227E1
5.347927292E0,8.849746857E0,-5.664520569E0,3.132984924E-1,1.051203922E1
5.357870292E0,8.327632599E0,-6.489155731E0,-1.806742859E-1,1.055894171E1
5.367813292E0,7.795489197E0,-7.107819214E0,-6.316864014E-1,1.056833826E1
5.377756292E0,7.609725494E0,-7.482789459E0,-7.217990112E-1,1.069677774E1
5.387699292E0,7.512727203E0,-7.910001068E0,-6.938072205E-1,1.093117356E1
5.397641292E0,7.463928680E0,-8.292455750E0,-6.080355835E-1,1.117339523E1
5.407584292E0,7.500303040E0,-8.390052795E0,-2.095642090E-1,1.125572960E1
5.417527292E0,7.502698059E0,-8.271349640E0,3.650907898E-1,1.117313717E1
5.427470292E0,7.495812378E0,-7.975714417E0,9.502239990E-1,1.098645299E1
5.437413292E0,7.493716736E0,-7.488477631E0,1.535806274E0,1.070475542E1
5.447356292E0,7.416028290E0,-6.902595978E0,1.979034576E0,1.032278473E1
5.457299292E0,7.437733154E0,-6.370452576E0,2.321821747E0,1.006446207E1
5.467242292E0,7.492219849E0,-6.082601166E0,2.502645721E0,9.969685592E0
5.477185292E0,7.455695801E0,-6.010002136E0,2.508333893E0,9.899457787E0
5.487128292E0,7.309000854E0,-6.106401672E0,2.307900696E0,9.799797982E0
5.497071292E0,7.052135010E0,-6.209836578E0,1.832040253E0,9.573455490E0
5.507013292E0,6.858737183E0,-6.312523041E0,1.339264984E0,9.417210499E0
5.516956292E0,6.778354340E0,-6.475084991E0,8.949888611E-1,9.416677666E0
5.526899292E0,6.780899048E0,-6.686295776E0,5.733078003E-1,9.540221430E0
5.536842292E0,6.726711731E0,-6.967111816E0,3.832031250E-1,9.692065952E0
5.546785292E0,6.536307678E0,-7.232509918E0,3.993695068E-1,9.756639472E0
5.556728292E0,6.271508331E0,-7.491770782E0,5.420228577E-1,9.785307097E0
5.566671292E0,5.983058167E0,-7.735613708E0,6.387217712E-1,9.800238261E0
5.576614292E0,5.687422943E0,-7.843688965E0,7.993377686E-1,9.721583059E0
5.586557292E0,5.372777252E0,-7.890990601E0,1.015488281E0,9.600296064E0
5.596500292E0,5.013075256E0,-8.014633484E0,1.189276886E0,9.527835689E0
5.606442292E0,4.640200653E0,-7.975714417E0,1.336271210E0,9.323577817E0
5.616385292E0,4.288132782E0,-7.835755463E0,1.438358917E0,9.047431835E0
5.626328292E0,4.088897095E0,-7.620054016E0,1.479523315E0,8.773442420E0
5.636271292E0,4.141437836E0,-7.428153076E0,1.516795807E0,8.638844540E0
5.646214292E0,4.241429901E0,-7.314539337E0,1.341061249E0,8.560996355E0
5.656157292E0,4.270619202E0,-7.272027740E0,9.288185120E-1,8.484296061E0
5.666100292E0,4.249363403E0,-7.381599884E0,3.972738647E-1,8.526601475E0
5.676043292E0,4.264481964E0,-7.670349426E0,-9.969268799E-2,8.776673936E0
5.685986292E0,4.231550446E0,-8.043972473E0,-5.414241028E-1,9.105199195E0
5.695929292E0,4.250411224E0,-8.351133728E0,-7.385641479E-1,9.399622712E0
5.705871292E0,4.323459320E0,-8.531358948E0,-7.926017761E-1,9.597114335E0
5.715814292E0,4.307442627E0,-8.527317352E0,-6.640191650E-1,9.576540328E0
5.725757292E0,4.385280762E0,-8.356672211E0,-3.797602844E-1,9.445045033E0
5.735700292E0,4.646936646E0,-8.229736176E0,-1.279838562E-1,9.451928775E0
5.745643292E0,5.205125885E0,-8.522826691E0,-1.127156067E-1,9.987222591E0
5.755586292E0,5.600304108E0,-9.330846405E0,-3.882925415E-1,1.088939263E1
5.765529292E0,5.436544647E0,-1.028496231E1,-7.050338745E-1,1.165476470E1
5.775472292E0,5.283562775E0,-1.083611618E1,-5.806425476E-1,1.206957312E1
5.785415292E0,5.250930634E0,-1.095437027E1,-1.637594604E-1,1.214896365E1
5.795357292E0,5.514532471E0,-1.126647125E1,3.167413330E-1,1.254765986E1
5.805300292E0,5.685926056E0,-1.075513458E1,9.047186279E-1,1.219922911E1
5.815243292E0,5.879323883E0,-9.329499207E0,1.574425964E0,1.113933669E1
5.825186292E0,6.414610748E0,-8.090076599E0,1.913470917E0,1.050037815E1
5.835129292E0,6.955735474E0,-6.987918549E0,1.899699554E0,1.004102186E1
5.845072292E0,7.618108063E0,-6.169270935E0,1.628912659E0,9.937244627E0
5.855015292E0,8.060587921E0,-5.726192322E0,1.102756805E0,9.948790314E0
5.864958292E0,8.195906525E0,-5.732928314E0,4.544549561E-1,1.001228646E1
5.874901292E0,8.063132629E0,-6.090384979E0,-1.957928467E-1,1.010669243E1
5.884844292E0,7.825876007E0,-6.838978271E0,-6.870712280E-1,1.041575854E1
5.894786292E0,7.522157593E0,-7.608827362E0,-9.361532593E-1,1.074027428E1
5.904729292E0,7.294331360E0,-7.980354767E0,-1.030756531E0,1.086074543E1
5.914672292E0,7.060966644E0,-7.954159241E0,-1.132844238E0,1.069622528E1
5.924615292E0,6.922504578E0,-7.718399506E0,-1.210083618E0,1.043834579E1
5.934558292E0,6.979535980E0,-7.237299957E0,-1.214125214E0,1.012751367E1
5.944501292E0,7.068002014E0,-6.570137329E0,-1.151405640E0,9.718492267E0
5.954444292E0,7.161407776E0,-5.873336334E0,-9.524693298E-1,9.310694864E0
5.964387292E0,7.157216492E0,-5.281766510E0,-6.697073364E-1,8.920275404E0
5.974330292E0,7.119794312E0,-4.889432373E0,-4.173321533E-1,8.647091193E0
5.984272292E0,7.048392792E0,-4.632865906E0,-2.447410583E-1,8.438198009E0
5.994215292E0,6.841073914E0,-4.485572205E0,-1.523831177E-1,8.181923424E0
6.004158292E0,6.627917175E0,-4.477788391E0,-9.505233765E-2,7.999306839E0
6.014101292E0,6.425987091E0,-4.528383179E0,-5.164260864E-2,7.861439516E0
6.024044292E0,6.273603973E0,-4.593198395E0,-7.574249268E-2,7.775687444E0
6.033987292E0,6.233337708E0,-4.737049255E0,-1.137634277E-1,7.829883571E0
6.043930292E0,6.295009460E0,-4.958588562E0,-1.417552185E-1,8.014664009E0
6.053873292E0,6.455176392E0,-5.177583160E0,-2.513273621E-1,8.278878854E0
6.063816292E0,6.716682587E0,-5.396877136E0,-3.695814514E-1,8.624192614E0
6.073758292E0,7.011569366E0,-5.459596710E0,-4.173321533E-1,8.896261425E0
6.083701292E0,7.314689026E0,-5.441184998E0,-5.545967102E-1,9.133386406E0
6.093644292E0,7.589517517E0,-5.427713013E0,-6.562353516E-1,9.353688552E0
6.103587292E0,7.835456085E0,-5.438939667E0,-6.679110718E-1,9.561513581E0
6.113530292E0,8.088280334E0,-5.445825348E0,-5.980064392E-1,9.769078984E0
6.123473292E0,8.355175323E0,-5.459596710E0,-5.619314575E-1,9.996595315E0
6.133416292E0,8.527017975E0,-5.415438538E0,-5.647755432E-1,1.011711330E1
6.143359292E0,8.609346771E0,-5.399721222E0,-5.843847656E-1,1.017935885E1
6.153301292E0,8.655001831E0,-5.401667175E0,-6.129753113E-1,1.022070466E1
6.163244292E0,8.737630005E0,-5.383255463E0,-5.825885010E-1,1.027934953E1
6.173187292E0,8.817713470E0,-5.422174530E0,-4.897814941E-1,1.036300793E1
6.183130292E0,8.846603394E0,-5.600753174E0,-3.852987671E-1,1.047756092E1
6.193073292E0,8.799301758E0,-5.951024780E0,-2.198927307E-1,1.062500636E1
6.203016292E0,8.675359497E0,-6.452032928E0,-2.290237427E-1,1.081402068E1
6.212959292E0,8.630602570E0,-7.054679718E0,-2.543211365E-1,1.114990968E1
6.222902292E0,8.610843658E0,-7.610324249E0,-3.164419556E-1,1.149625153E1
6.232845292E0,8.690028992E0,-7.979756012E0,-4.254153442E-1,1.180568033E1
6.242787292E0,8.858578491E0,-8.085136871E0,-4.999603271E-1,1.200390817E1
6.252730292E0,9.151669006E0,-7.901019745E0,-5.110372925E-1,1.210125273E1
6.262673292E0,9.487720184E0,-7.402256927E0,-4.981640625E-1,1.204401965E1
6.272616292E0,9.827064514E0,-6.937772827E0,-4.653822327E-1,1.203829180E1
6.282559292E0,1.023436752E1,-6.835834808E0,-5.553451538E-1,1.231987518E1
6.292502292E0,1.074765015E1,-7.594457245E0,-9.455836487E-1,1.319400974E1
6.302445292E0,1.069151688E1,-9.103020172E0,-1.383123779E0,1.410980300E1
6.312388292E0,1.018077896E1,-1.027433441E1,-1.415456543E0,1.453319391E1
6.322331292E0,9.738149414E0,-1.035696259E1,-1.139580231E0,1.426172749E1
6.332273292E0,9.402098236E0,-9.630523224E0,-9.611512756E-1,1.349334060E1
6.342216292E0,9.411528625E0,-8.179440765E0,-9.846524048E-1,1.250798396E1
6.352159292E0,9.637708282E0,-6.495292969E0,-1.030756531E0,1.166776374E1
6.362102292E0,9.915380859E0,-5.140460358E0,-1.084195404E0,1.122116705E1
6.372045292E0,1.035666321E1,-4.523144073E0,-1.200353851E0,1.136486491E1
6.381988292E0,1.062610291E1,-4.577032013E0,-1.375339966E0,1.165138812E1
6.391931292E0,1.055934174E1,-5.265300751E0,-1.711989899E0,1.192283520E1
6.401874292E0,1.018526962E1,-6.413113861E0,-2.134411469E0,1.222388887E1
6.411816292E0,9.769434357E0,-7.675588531E0,-2.637365570E0,1.270087415E1
6.421759292E0,9.497599640E0,-8.710686035E0,-3.070115662E0,1.324787003E1
6.431702292E0,9.242380371E0,-9.473499756E0,-3.310066681E0,1.364277589E1
6.441645292E0,9.133406982E0,-9.997410278E0,-3.275787964E0,1.393191021E1
6.451588292E0,8.962462463E0,-1.009351044E1,-2.834505615E0,1.379271940E1
6.461531292E0,8.946146393E0,-1.003004242E1,-2.105671234E0,1.360401182E1
6.471474292E0,8.847052460E0,-9.866282959E0,-1.365909576E0,1.332214643E1
6.481417292E0,8.656798096E0,-9.512718201E0,-5.876779175E-1,1.287545441E1
6.491360292E0,8.570128326E0,-9.286837921E0,1.121168518E-1,1.263744548E1
6.501302292E0,8.403225403E0,-8.930129700E0,5.945635986E-1,1.227660049E1
6.511245292E0,8.257428589E0,-8.650810547E0,8.165519714E-1,1.198700993E1
6.521188292E0,8.054001617E0,-8.380173340E0,7.093748474E-1,1.164463224E1
6.531131292E0,7.770042114E0,-8.250243530E0,2.387535095E-1,1.133565508E1
6.541074292E0,7.338639221E0,-8.267757111E0,-5.421725464E-1,1.106821505E1
6.551017292E0,6.918013916E0,-8.223748627E0,-1.371448059E0,1.083373563E1
6.560960292E0,6.598129120E0,-8.091423798E0,-1.917662201E0,1.061526614E1
6.570902292E0,6.247558136E0,-7.923622742E0,-2.354004822E0,1.036132804E1
6.580845292E0,5.860163727E0,-7.845784607E0,-2.692600708E0,1.015617810E1
6.590788292E0,5.448669434E0,-7.763006744E0,-2.936892700E0,9.928625839E0
6.600731292E0,5.057532806E0,-7.663164368E0,-2.983595581E0,9.654251333E0
6.610674292E0,4.673132172E0,-7.526947632E0,-2.767445068E0,9.281802473E0
6.620617292E0,4.313579865E0,-7.391479340E0,-2.309696960E0,8.864290052E0
6.630560292E0,3.951632538E0,-7.284152527E0,-1.840123444E0,8.488835729E0
6.640503292E0,3.469485168E0,-7.160210266E0,-1.500629425E0,8.096778808E0
6.650445292E0,3.136727142E0,-7.030130768E0,-1.178349609E0,7.787830480E0
6.660388292E0,2.905158691E0,-6.885381775E0,-8.596623230E-1,7.522462929E0
6.670331292E0,2.624941406E0,-6.786437531E0,-6.194119263E-1,7.302720238E0
6.680274292E0,2.455493774E0,-6.647825775E0,-4.308041382E-1,7.099903480E0
6.690217292E0,2.384541321E0,-6.511609039E0,-3.594026184E-1,6.943792900E0
6.700160292E0,2.316133575E0,-6.433321838E0,-3.745211792E-1,6.847800430E0
6.710103292E0,2.307152252E0,-6.462960205E0,-4.785548401E-1,6.879085758E0
6.720046292E0,2.327509918E0,-6.612648926E0,-6.759942627E-1,7.042825887E0
6.729988292E0,2.337838440E0,-6.840175781E0,-8.915460205E-1,7.283429659E0
6.739931292E0,2.362686768E0,-7.069349213E0,-1.040186920E0,7.525953486E0
6.749874292E0,2.454895020E0,-7.260801086E0,-1.117426300E0,7.745604141E0
6.759817292E0,2.622247009E0,-7.419171753E0,-1.080453186E0,7.942774576E0
6.769760292E0,2.807262268E0,-7.452702026E0,-8.773255920E-1,8.012065223E0
6.779703292E0,3.038980408E0,-7.344177704E0,-5.833369446E-1,7.969481166E0
6.789646292E0,3.322041779E0,-7.241640930E0,-3.168910217E-1,7.973565379E0
6.799589292E0,3.780089264E0,-7.340734863E0,-1.764830017E-1,8.258729286E0
6.809531292E0,4.319417725E0,-7.933053131E0,-3.167413330E-1,9.038308831E0
6.819474292E0,4.778513031E0,-9.114845581E0,-7.204518127E-1,1.031666843E1
6.829417292E0,5.141657867E0,-1.060843964E1,-1.091829529E0,1.183924528E1
6.839360292E0,5.403912506E0,-1.203796692E1,-1.120719452E0,1.324276897E1
6.849303292E0,5.509742432E0,-1.284838165E1,-6.623725891E-1,1.399560325E1
6.859246292E0,5.678441620E0,-1.277488449E1,1.968406677E-1,1.398145626E1
6.869189292E0,6.215674438E0,-1.184950882E1,1.366208954E0,1.345035297E1
6.879131292E0,7.065906372E0,-1.026520340E1,2.514471130E0,1.271314276E1
6.889074292E0,8.062683563E0,-8.827143860E0,3.223696289E0,1.238214653E1
6.899017292E0,9.368567963E0,-7.824828186E0,3.388952637E0,1.266818858E1
6.908960292E0,1.071905960E1,-7.080575867E0,2.923570404E0,1.317497845E1
6.918903292E0,1.169398224E1,-6.721921692E0,1.886676636E0,1.361958151E1
6.928846292E0,1.222388031E1,-6.765331421E0,6.038442993E-1,1.398419061E1
6.938789292E0,1.239048386E1,-7.151977386E0,-6.456074524E-1,1.432102230E1
6.948732292E0,1.194650711E1,-7.706125031E0,-1.725312195E0,1.432061791E1
6.958674292E0,1.118713623E1,-8.221802673E0,-2.484533386E0,1.410400519E1
6.968617292E0,1.035277130E1,-8.555758209E0,-2.748434601E0,1.370893012E1
6.978560292E0,9.652527466E0,-8.885971527E0,-2.368524628E0,1.333197980E1
6.988503292E0,9.257648621E0,-8.916058960E0,-1.373992767E0,1.292625319E1
6.998446292E0,9.136849823E0,-8.284971313E0,9.999206543E-2,1.233421148E1
7.008389292E0,8.979976044E0,-7.656128998E0,1.227148132E0,1.186432356E1
7.018332292E0,8.589887238E0,-7.112758942E0,2.031126251E0,1.133591533E1
7.028274292E0,7.973918152E0,-6.561455383E0,2.645598450E0,1.065998399E1
7.038217292E0,7.383396149E0,-6.095923462E0,3.009042664E0,1.003639175E1
7.048160292E0,6.925648041E0,-5.830375671E0,3.097359009E0,9.568255540E0
7.058103292E0,6.638245697E0,-5.655539246E0,2.941982117E0,9.203623681E0
7.068046292E0,6.525679779E0,-5.442831573E0,2.703527985E0,8.917285219E0
7.077989292E0,6.393354950E0,-5.305716705E0,2.322719879E0,8.626740109E0
7.087932292E0,6.199358368E0,-5.339097290E0,1.814227295E0,8.380299799E0
7.097874292E0,5.986201630E0,-5.477858734E0,1.289119263E0,8.216043740E0
7.107817292E0,5.872288513E0,-5.605094147E0,8.719367981E-1,8.164626541E0
7.117760292E0,5.782325592E0,-5.694308624E0,5.568420410E-1,8.134525986E0
7.127703292E0,5.745202789E0,-5.772595825E0,3.614982605E-1,8.152355405E0
7.137646292E0,5.721851349E0,-5.880072327E0,3.248245239E-1,8.210989246E0
7.147589292E0,5.675298157E0,-6.090384979E0,2.915936279E-1,8.329875462E0
7.157532292E0,5.641468506E0,-6.273005219E0,4.433779907E-1,8.448274701E0
7.167475292E0,5.727240143E0,-6.309229889E0,7.454498291E-1,8.553558142E0
7.177417292E0,5.866600342E0,-6.238127747E0,1.097667389E0,8.633429854E0
7.187360292E0,6.051914978E0,-6.175408173E0,1.252595215E0,8.736723400E0
7.197303292E0,6.387666779E0,-6.137237549E0,1.191821594E0,8.938031680E0
7.207246292E0,6.762637024E0,-6.142626343E0,1.028660889E0,9.193653307E0
7.217189292E0,7.088808746E0,-6.155499573E0,8.428971863E-1,9.426126463E0
7.227132292E0,7.427404633E0,-6.161487122E0,6.340814209E-1,9.671211009E0
7.237075292E0,7.784561920E0,-6.226002960E0,4.658312988E-1,9.978953650E0
7.247017292E0,8.040379944E0,-6.321654053E0,3.444337463E-1,1.023375074E1
7.256960292E0,8.301287384E0,-6.528972931E0,3.020718384E-1,1.056551500E1
7.266903292E0,8.530909882E0,-6.761738892E0,2.793191528E-1,1.088924035E1
7.276846292E0,8.722361755E0,-6.981931000E0,1.764830017E-1,1.117399218E1
7.286789292E0,9.036558380E0,-7.132817230E0,6.855743408E-2,1.151265257E1
7.296732292E0,9.394164734E0,-7.270680542E0,-1.571731567E-2,1.187911502E1
7.306675292E0,9.720935211E0,-7.423662415E0,-1.591191101E-1,1.223244309E1
7.316617292E0,9.971364441E0,-7.402406616E0,-2.378553772E-1,1.242096243E1
7.326560292E0,1.026505371E1,-7.300767975E0,-2.294728088E-1,1.259861891E1
7.336503292E0,1.058314224E1,-7.182064819E0,-2.989283752E-1,1.279352621E1
7.346446292E0,1.106199646E1,-7.268734589E0,-4.748126221E-1,1.324491281E1
7.356389417E0,1.162018570E1,-7.859256592E0,-7.188052368E-1,1.404682565E1
7.366332417E0,1.180071030E1,-8.746461639E0,-8.824150085E-1,1.471516262E1
7.376274417E0,1.154489227E1,-9.269174652E0,-8.253836060E-1,1.482846568E1
7.386217417E0,1.134505783E1,-9.078770599E0,-5.884263611E-1,1.454237458E1
7.396160417E0,1.153261780E1,-8.373886414E0,-4.700225830E-1,1.425987967E1
7.406103417E0,1.199231186E1,-7.839198303E0,-4.978646851E-1,1.433584469E1
7.416046417E0,1.192704758E1,-6.907984772E0,-5.231620789E-1,1.379305681E1
7.425989417E0,1.162362854E1,-5.767207031E0,-4.791535950E-1,1.298456798E1
7.435932417E0,1.149220184E1,-5.055736542E0,-4.649331665E-1,1.256373106E1
7.445874417E0,1.127455444E1,-4.556225281E0,-5.864804077E-1,1.217451132E1
7.455817417E0,1.089853638E1,-4.430636444E0,-8.524772644E-1,1.179556493E1
7.465760417E0,1.028870453E1,-4.821174316E0,-1.152752838E0,1.142059551E1
7.475703417E0,9.703421631E0,-5.559289398E0,-1.359173584E0,1.126540913E1
7.485646417E0,9.312734070E0,-6.352340240E0,-1.374741211E0,1.135645877E1
7.495589417E0,8.978179779E0,-6.941664734E0,-1.312919769E0,1.142445534E1
7.505532417E0,8.771309967E0,-7.309449921E0,-1.199156342E0,1.148050141E1
7.515474417E0,8.699758759E0,-7.506290588E0,-1.033301239E0,1.153680685E1
7.525417417E0,8.683592377E0,-7.676486664E0,-9.445358276E-1,1.162864446E1
7.535360417E0,8.710536346E0,-7.910150757E0,-9.386979675E-1,1.180360463E1
7.545303417E0,8.670569458E0,-8.077652435E0,-9.369017029E-1,1.188717916E1
7.555246417E0,8.585995331E0,-8.135731659E0,-9.093589783E-1,1.186323646E1
7.565189417E0,8.516240387E0,-8.048014069E0,-8.117619324E-1,1.174546032E1
7.575132417E0,8.447084198E0,-7.876919861E0,-6.306385803E-1,1.156705680E1
7.585074417E0,8.310418396E0,-7.683222656E0,-4.349954224E-1,1.132626087E1
7.595017417E0,8.163124695E0,-7.489076385E0,-2.339634705E-1,1.108050580E1
7.604960417E0,7.941286011E0,-7.362739105E0,-3.951782227E-2,1.082938190E1
7.614903417E0,7.615413666E0,-7.262148285E0,6.107299805E-2,1.052316744E1
7.624846417E0,7.317084045E0,-7.232060852E0,1.014889526E-1,1.028847526E1
7.634789417E0,7.013814697E0,-7.251520386E0,9.789642334E-2,1.008899045E1
7.644731417E0,6.667584686E0,-7.232060852E0,5.658233643E-2,9.836797816E0
7.654674417E0,6.283333740E0,-7.198380890E0,2.275268555E-2,9.554971900E0
7.664617417E0,5.907165985E0,-7.206613770E0,-5.643264771E-2,9.318426726E0
7.674560417E0,5.524411926E0,-7.295079803E0,-1.905537415E-1,9.152793410E0
7.684503417E0,5.176535339E0,-7.423213348E0,-2.803669739E-1,9.054237692E0
7.694446417E0,4.782105560E0,-7.428751831E0,-3.132984924E-1,8.840420991E0
7.704389417E0,4.459077301E0,-7.378157043E0,-2.748284912E-1,8.625317527E0
7.714331417E0,4.112847290E0,-7.313341827E0,-2.664459229E-1,8.394728998E0
7.724274417E0,3.713627472E0,-7.234156494E0,-3.059637451E-1,8.137423609E0
7.734217417E0,3.422033844E0,-7.209757233E0,-3.118016052E-1,7.986747475E0
7.744160417E0,3.183579712E0,-7.314090271E0,-2.945874023E-1,7.982347901E0
7.754103417E0,2.927312622E0,-7.360194397E0,-1.610650635E-1,7.922598229E0
7.764046417E0,2.790048065E0,-7.194488983E0,5.837860107E-3,7.716545472E0
7.773988417E0,2.730172577E0,-6.937473450E0,1.731898499E-1,7.457370508E0
7.783931417E0,2.747087402E0,-6.808741150E0,2.104623413E-1,7.345048648E0
7.793874417E0,2.839595032E0,-6.791227570E0,2.261796570E-1,7.364457148E0
7.803817417E0,2.953208771E0,-6.866371307E0,1.210981750E-1,7.475504113E0
7.813760417E0,3.048410797E0,-6.981032867E0,-1.034349060E-1,7.618288985E0
7.823703417E0,3.167113953E0,-7.075486450E0,-2.857557678E-1,7.757240209E0
7.833646417E0,3.292104034E0,-7.215295715E0,-4.596940613E-1,7.944165146E0
7.843588417E0,3.463497620E0,-7.471562805E0,-5.734574890E-1,8.255235915E0
7.853531417E0,3.647914124E0,-7.659272461E0,-6.242019653E-1,8.506548076E0
7.863474417E0,3.833079071E0,-7.688162384E0,-6.496490479E-1,8.615241140E0
7.873417417E0,4.002526703E0,-7.641160126E0,-6.306385803E-1,8.649003012E0
7.883360417E0,4.173620911E0,-7.532935181E0,-5.230123901E-1,8.627732373E0
7.893303417E0,4.386328583E0,-7.451654205E0,-4.035607910E-1,8.656205297E0
7.903245417E0,4.759203186E0,-7.563022614E0,-3.814068604E-1,8.943981061E0
7.913188417E0,5.447022858E0,-8.158634033E0,-6.478527832E-1,9.831229858E0
7.923131417E0,6.052513733E0,-9.310189362E0,-1.313817902E0,1.118206895E1
7.933074417E0,6.311026154E0,-1.066397415E1,-1.876348114E0,1.253276019E1
7.943017417E0,6.358327789E0,-1.148112488E1,-2.037413177E0,1.328140103E1
7.952960417E0,6.699618073E0,-1.223795105E1,-1.880838776E0,1.407799285E1
7.962902417E0,7.099586334E0,-1.262250137E1,-1.420845337E0,1.455164831E1
7.972845417E0,7.215744781E0,-1.153007309E1,-4.769082642E-1,1.361018000E1
7.982788417E0,7.549400940E0,-1.005444168E1,7.394622803E-1,1.259492185E1
7.992731417E0,8.017178192E0,-9.130113831E0,1.596879272E0,1.225496422E1
8.002674417E0,8.408015442E0,-8.266858978E0,2.072739716E0,1.197213143E1
8.012617417E0,8.896898804E0,-7.615413666E0,2.226619720E0,1.192087115E1
8.022559417E0,9.502988434E0,-7.529043274E0,1.996248779E0,1.228732237E1
8.032502417E0,9.790390778E0,-7.854017487E0,1.073268127E0,1.259719202E1
8.042445417E0,9.721234589E0,-8.228538666E0,-1.121168518E-1,1.273671153E1
8.052388417E0,9.656718750E0,-8.410709839E0,-1.216819611E0,1.286362729E1
8.062331417E0,9.712852020E0,-8.400381317E0,-2.117945709E0,1.301505262E1
8.072274417E0,9.763297119E0,-8.360414429E0,-2.836301880E0,1.316294452E1
8.082216417E0,9.874665527E0,-8.281229095E0,-3.288960571E0,1.330056526E1
8.092159417E0,1.059391983E1,-8.479117584E0,-3.314108276E0,1.396817404E1
8.102102417E0,1.198542618E1,-9.419611816E0,-3.032843170E0,1.554276890E1
8.112045417E0,1.366208954E1,-1.113728989E1,-2.882555695E0,1.786060032E1
8.121988417E0,1.447340240E1,-1.271590714E1,-3.000360718E0,1.949809826E1
8.131931417E0,1.375534561E1,-1.399275192E1,-3.009940796E0,1.985110533E1
8.141873417E0,1.200129318E1,-1.454600143E1,-3.137625275E0,1.911705752E1
8.151816417E0,1.012225067E1,-1.387794067E1,-3.303330688E0,1.749197501E1
8.161759417E0,8.017776947E0,-1.236683304E1,-2.819237366E0,1.500571244E1
8.171702417E0,6.601422272E0,-1.161764099E1,-2.060465240E0,1.352012852E1
8.181645417E0,5.964646454E0,-1.147648453E1,-1.055305481E0,1.297691697E1
8.191588417E0,5.756728821E0,-1.149250122E1,-2.724334717E-2,1.285372527E1
8.201530417E0,5.770500183E0,-1.126497437E1,7.798782349E-1,1.268095146E1
8.211473417E0,6.193370819E0,-1.041698776E1,1.352138214E0,1.219425085E1
8.221416417E0,6.784341888E0,-9.156309357E0,1.857337646E0,1.154621146E1
8.231359417E0,7.069498901E0,-7.689210205E0,2.233655090E0,1.068133809E1
8.241302417E0,7.292834473E0,-6.290069733E0,2.322121124E0,9.906697654E0
8.251245417E0,7.333549805E0,-4.857848053E0,2.372416534E0,9.110872662E0
8.261187417E0,7.166197815E0,-3.356919250E0,2.394570465E0,8.267845287E0
8.271130417E0,6.768774261E0,-1.985920258E0,2.244732056E0,7.402635090E0
8.281073417E0,6.228397980E0,-9.386979675E-1,2.032323761E0,6.618491908E0
8.291016417E0,5.647905121E0,-2.853067017E-1,1.854942627E0,5.951558142E0
8.300959417E0,5.192851410E0,5.149291992E-2,1.975442047E0,5.556143318E0
8.310902417E0,4.902604980E0,3.294648743E-1,2.480791168E0,5.504398924E0
8.320844417E0,4.713248749E0,7.909552002E-1,3.002007294E0,5.643790543E0
8.330787417E0,4.495301971E0,1.364113312E0,3.174748077E0,5.669882741E0
8.340730417E0,4.356690216E0,1.956431580E0,3.080444183E0,5.683089875E0
8.350673042E0,4.333787842E0,2.573149109E0,2.898123322E0,5.813942912E0
8.360616042E0,4.040697327E0,3.031495972E0,2.724933472E0,5.739552695E0
8.370559042E0,3.436853027E0,3.033591614E0,2.501597900E0,5.222320257E0
8.380501042E0,2.626887360E0,2.634072418E0,2.234852600E0,4.339751243E0
8.390444042E0,1.744771729E0,2.000290375E0,1.985321503E0,3.314648011E0
8.400387042E0,8.098159790E-1,1.170116730E0,1.632355499E0,2.165539092E0
8.410330042E0,-7.903564453E-2,7.619155884E-2,1.166075134E0,1.171231406E0
8.420273042E0,-5.599855042E-1,-1.000220032E0,7.117698669E-1,1.349311017E0
8.430216042E0,-4.161346436E-1,-1.645079041E0,2.863545227E-1,1.720886982E0
8.440158042E0,4.020639038E-1,-1.923200684E0,6.286926270E-2,1.965784524E0
8.450101042E0,1.621577911E0,-2.195185089E0,5.658233643E-2,2.729753480E0
8.460044042E0,2.826422424E0,-2.226320343E0,2.242337036E-1,3.604919797E0
8.469987042E0,3.980821838E0,-2.415676575E0,1.404080200E-1,4.658556669E0
8.479930042E0,5.265300751E0,-3.734883270E0,-1.655557251E-1,6.457565620E0
8.489873042E0,6.250851288E0,-6.039041748E0,-1.113235016E0,8.762560086E0
8.499815042E0,7.649991760E0,-9.282197571E0,-2.328557739E0,1.225168343E1
8.509758042E0,9.749376068E0,-1.424407928E1,-3.016377411E0,1.752263282E1
8.519701042E0,1.145058838E1,-1.997296600E1,-2.758014679E0,2.318710828E1
8.529644042E0,1.237162308E1,-2.389720551E1,-2.226919098E0,2.700171582E1
8.539587042E0,1.262414795E1,-2.520802963E1,-2.214345245E0,2.827927146E1
8.549529042E0,1.307980042E1,-2.523781769E1,-2.470013580E0,2.853295617E1
8.559472042E0,1.416055298E1,-2.513228714E1,-2.554288330E0,2.895992932E1
8.569415042E0,1.509865219E1,-2.502451126E1,-2.170037384E0,2.930707294E1
8.579358042E0,1.507470200E1,-2.481105515E1,-1.362317047E0,2.906356835E1
8.589301042E0,1.436218369E1,-2.444072525E1,-5.035528564E-1,2.835268835E1
8.599244042E0,1.367601059E1,-2.402339310E1,1.781295776E-1,2.764395796E1
8.609186042E0,1.286305115E1,-2.299054092E1,9.831555176E-1,2.636265638E1
8.619129042E0,1.172107590E1,-2.108949417E1,1.722917175E0,2.418922959E1
8.629072042E0,1.062774948E1,-1.839629471E1,1.893412628E0,2.132973815E1
8.639015042E0,9.891131287E0,-1.495899261E1,1.545086975E0,1.799981200E1
8.648958042E0,9.482032013E0,-1.122605530E1,1.022074585E0,1.473016921E1
8.658901042E0,9.324260101E0,-7.630681915E0,3.305126953E-1,1.205314779E1
8.668843042E0,9.171727295E0,-4.225862274E0,-4.215234375E-1,1.010723382E1
8.678786042E0,8.725056152E0,-9.041198730E-1,-1.525178375E0,8.903381755E0
8.688729042E0,7.878566437E0,2.134261780E0,-2.582579498E0,8.561343312E0
8.698672042E0,6.898853760E0,4.231700134E0,-3.019820251E0,8.638332222E0
8.708615042E0,5.582191772E0,5.144202576E0,-3.188369751E0,8.233431046E0
8.718557042E0,3.918850708E0,5.074896698E0,-2.888992310E0,7.032655539E0
8.728500042E0,2.170187073E0,4.601431274E0,-2.227667542E0,5.553862114E0
8.738443042E0,5.381309509E-1,4.009262695E0,-1.639091492E0,4.364675612E0
8.748386042E0,-1.095721436E0,3.177891541E0,-1.242117004E0,3.583637085E0
8.758329042E0,-2.704276428E0,2.080373840E0,-1.076561279E0,3.577715822E0
8.768272042E0,-4.022734680E0,9.403445435E-1,-1.100960541E0,4.275366216E0
8.778214042E0,-4.777914276E0,1.049317932E-1,-1.118174744E0,4.908135111E0
8.788157042E0,-5.322332153E0,-5.153782654E-1,-1.004561005E0,5.440769901E0
8.798100042E0,-5.800437927E0,-1.270557861E0,-1.199156342E0,6.057835699E0
8.808043042E0,-5.438490601E0,-1.922003174E0,-1.838476868E0,6.054029518E0
8.817986042E0,-4.141288147E0,-1.963766327E0,-2.222877502E0,5.093901265E0
8.827928042E0,-2.364333344E0,-1.482666779E0,-2.014959869E0,3.442155751E0
8.837871042E0,-5.890251160E-1,-1.091230774E0,-1.583107910E0,2.010961423E0
8.847814042E0,8.390052795E-1,-9.440867615E-1,-1.079405365E0,1.661428787E0
8.857757042E0,1.914369049E0,-9.225315857E-1,-6.646179199E-1,2.226564700E0
8.867700042E0,2.664159851E0,-8.402027893E-1,-2.501298523E-1,2.804684186E0
8.877642042E0,3.214265900E0,-6.866221619E-1,9.490264893E-2,3.288154768E0
8.887585042E0,3.612288208E0,-6.694079590E-1,3.194357300E-1,3.687651326E0
8.897528042E0,4.110751648E0,-1.126707001E0,4.346960449E-1,4.284472946E0
8.907471042E0,4.821174316E0,-2.238744507E0,3.823049927E-1,5.329339158E0
8.917414042E0,5.674998779E0,-4.216282196E0,1.556762695E-1,7.071554412E0
8.927357042E0,6.879543915E0,-7.396568756E0,-4.948709106E-1,1.011346879E1
8.937299042E0,8.965755615E0,-1.193977112E1,-1.341360626E0,1.499140275E1
8.947242042E0,1.204590042E1,-1.808898376E1,-2.095642090E0,2.183361551E1
8.957185042E0,1.495105911E1,-2.428325272E1,-2.394121399E0,2.861716877E1
8.967128042E0,1.647788406E1,-2.669354050E1,-1.832938385E0,3.142332622E1
8.977071042E0,1.871842484E1,-2.835748032E1,-1.210532684E0,3.399987511E1
8.987013042E0,2.038086777E1,-2.849489456E1,-5.638774109E-1,3.503793294E1
8.996956042E0,2.072200836E1,-2.618594604E1,3.270698547E-1,3.339479564E1
9.006899042E0,2.070254883E1,-2.544169373E1,1.409618683E0,3.283081376E1
9.016842042E0,1.986099884E1,-2.549468353E1,2.213896179E0,3.239351015E1
9.026785042E0,1.872037079E1,-2.545307007E1,2.436932373E0,3.168989899E1
9.036727042E0,1.744008316E1,-2.497586243E1,2.092348938E0,3.053404868E1
9.046670042E0,1.584380264E1,-2.313379303E1,1.661694489E0,2.808842628E1
9.056613042E0,1.430784668E1,-2.024060944E1,9.946815491E-1,2.480697761E1
9.066556042E0,1.294777496E1,-1.641666138E1,9.984237671E-2,2.090841017E1
9.076499042E0,1.214559311E1,-1.211176346E1,-1.002016296E0,1.718180092E1
9.086442042E0,1.169996979E1,-7.837701416E0,-2.318827972E0,1.427220444E1
9.096384042E0,1.105780518E1,-3.660188599E0,-3.642076263E0,1.220396474E1
9.106327042E0,9.692644043E0,6.077362061E-2,-4.459526367E0,1.066950877E1
9.116270042E0,7.807613983E0,2.758314056E0,-4.467759247E0,9.408932205E0
9.126213042E0,5.683231659E0,4.280199280E0,-3.914809113E0,8.120650119E0
9.136156042E0,3.561992798E0,4.851261749E0,-3.082839203E0,6.762132120E0
9.146098042E0,1.626817017E0,4.906047821E0,-2.126477966E0,5.589073928E0
9.156041042E0,-3.367996216E-2,4.758005676E0,-1.312919769E0,4.935940708E0
9.165984042E0,-1.666634216E0,4.355492706E0,-9.111552429E-1,4.751651313E0
9.175927042E0,-2.955005035E0,3.548670502E0,-7.840695190E-1,4.684002786E0
9.185870042E0,-3.702251129E0,2.686463470E0,-7.807763672E-1,4.640405277E0
9.195812042E0,-3.859274597E0,2.183359680E0,-6.939569092E-1,4.488054824E0
9.205755042E0,-3.677253113E0,2.114951935E0,-6.060896301E-1,4.285155398E0
9.215698042E0,-3.184477844E0,2.128274231E0,-6.435118103E-1,3.883884369E0
9.225641042E0,-2.592908020E0,1.935175781E0,-8.893006897E-1,3.355433358E0
9.235584042E0,-1.923500061E0,1.731299744E0,-1.165775757E0,2.838359456E0
9.245526042E0,-1.168919220E0,1.614692230E0,-1.249152374E0,2.352442304E0
9.255469042E0,-2.802172852E-1,1.468745728E0,-1.119671631E0,1.867993656E0
9.265412042E0,6.119274902E-1,1.342857513E0,-8.253836060E-1,1.690851753E0
9.275355042E0,1.311123505E0,1.293160858E0,-4.541555786E-1,1.896725373E0
9.285298042E0,1.825453949E0,1.286125488E0,-1.082249451E-1,2.235646110E0
9.295240042E0,2.156864777E0,1.262624359E0,9.595046997E-2,2.501098245E0
9.305183042E0,2.324665833E0,1.182690582E0,3.004252625E-1,2.625468260E0
9.315126042E0,2.318827972E0,1.067280579E0,5.188211060E-1,2.604846702E0
9.325069042E0,2.291734314E0,9.654922485E-1,7.050338745E-1,2.584819957E0
9.335012042E0,2.251468048E0,7.637118530E-1,8.364605713E-1,2.520323482E0
9.344954042E0,2.129771118E0,9.445358276E-2,8.689430237E-1,2.302153008E0
9.354897792E0,2.383643188E0,-1.301693115E0,7.753875732E-1,2.824426615E0
9.364840792E0,3.140619049E0,-3.754791870E0,5.255570984E-1,4.923226611E0
9.374783792E0,4.085603943E0,-7.649692383E0,1.329235840E-1,8.673385833E0
9.384726792E0,5.596412201E0,-1.323368042E1,-4.281097412E-1,1.437474886E1
9.394668792E0,8.236921234E0,-1.989497818E1,-8.616082764E-1,2.154992800E1
9.404611792E0,1.137289993E1,-2.535532333E1,-6.836283875E-1,2.779752906E1
9.414554792E0,1.476724136E1,-2.663216812E1,-2.851570129E-1,3.045365513E1
9.424497792E0,1.902693329E1,-2.469444763E1,-4.293072510E-1,3.117730327E1
9.434440792E0,2.487512192E1,-2.214749405E1,-8.741821289E-1,3.331737351E1
9.444382792E0,2.961471588E1,-1.994093262E1,-1.624571686E0,3.573949389E1
9.454325792E0,3.118150772E1,-1.821951233E1,-2.171534271E0,3.617945017E1
9.464268792E0,3.013174072E1,-1.785546936E1,-2.324665833E0,3.510190388E1
9.474211792E0,2.731355118E1,-1.961640747E1,-2.700833588E0,3.373615304E1
9.484154792E0,2.349783600E1,-2.211456253E1,-3.152294769E0,3.242127596E1
9.494096792E0,1.920805664E1,-2.352313339E1,-3.529660034E0,3.057361190E1
9.504039792E0,1.474882965E1,-2.290192520E1,-4.043840790E0,2.753867830E1
9.513982792E0,1.125823837E1,-2.051977890E1,-5.082530823E0,2.395081161E1
9.523925792E0,9.219328308E0,-1.663191376E1,-6.009403381E0,1.994315669E1
9.533868792E0,8.271349640E0,-1.245425125E1,-6.053711243E0,1.612981770E1
9.543810792E0,7.258406067E0,-8.899293823E0,-5.261408844E0,1.263187683E1
9.553753792E0,5.653293915E0,-6.136938171E0,-4.067940674E0,9.282773483E0
9.563696792E0,3.926035767E0,-4.077670441E0,-2.920277252E0,6.369393401E0
9.573639792E0,2.319127350E0,-2.404300232E0,-1.721270599E0,3.757896186E0
9.583582792E0,8.982820129E-1,-1.034199371E0,-6.688092041E-1,1.524396492E0
9.593524792E0,-2.026785278E-1,-4.909790039E-2,3.432362366E-1,4.016220905E-1
9.603467792E0,-1.014440460E0,6.902146912E-1,1.249002686E0,1.750855070E0
9.613410792E0,-1.490749969E0,1.297651520E0,1.878443756E0,2.726680378E0
9.623353792E0,-1.729204102E0,1.689536591E0,2.245779877E0,3.299728469E0
9.633296792E0,-1.670226746E0,1.933828583E0,2.427651672E0,3.524605370E0
9.643238792E0,-1.270408173E0,2.153421936E0,2.397264862E0,3.463818959E0
9.653181792E0,-7.779322815E-1,2.368674316E0,2.099683685E0,3.259519632E0
9.663124792E0,-5.501060486E-1,2.428849182E0,1.702110443E0,3.016472273E0
9.673067792E0,-5.613327026E-1,2.194885712E0,1.257684631E0,2.591213677E0
9.683010792E0,-5.637277222E-1,1.696571960E0,8.686436462E-1,1.987633554E0
9.692952792E0,-4.290078735E-1,1.157093811E0,5.854325867E-1,1.365886217E0
9.702895792E0,-1.981878662E-1,6.819818115E-1,4.219725037E-1,8.260983086E-1
9.712838792E0,7.065307617E-2,2.999761963E-1,3.227288818E-1,4.462415340E-1
9.722781792E0,4.317022705E-1,5.658233643E-2,3.076103210E-1,5.330971026E-1
9.732724792E0,7.741900635E-1,-5.703140259E-2,3.849993896E-1,8.665144923E-1
9.742666792E0,8.719367981E-1,-8.502319336E-2,4.468208313E-1,9.834386501E-1
9.752609792E0,7.943980408E-1,-1.330732727E-1,4.972659302E-1,9.465992544E-1
9.762552792E0,6.863227844E-1,-2.297721863E-1,6.066883850E-1,9.444072313E-1
9.772495792E0,5.254074097E-1,-3.100053406E-1,7.518864441E-1,9.682404051E-1
9.782438792E0,4.607418823E-1,-4.412823486E-1,8.396040344E-1,1.054489511E0
9.792380792E0,6.830296326E-1,-9.346563721E-1,8.918453979E-1,1.461335084E0
9.802323792E0,9.099577332E-1,-1.639989624E0,9.267228699E-1,2.091985736E0
9.812266792E0,1.108444977E0,-2.628384247E0,7.976911926E-1,2.961986707E0
9.822209792E0,1.786983948E0,-4.588108978E0,4.816983032E-1,4.947331491E0
9.832151792E0,3.188220062E0,-7.794890442E0,8.173004150E-2,8.422098549E0
9.842094792E0,4.999154205E0,-1.210008774E1,-4.620890808E-1,1.310027451E1
9.852037792E0,7.230264587E0,-1.748139725E1,-1.099164276E0,1.894951550E1
9.861980792E0,1.025457550E1,-2.254431885E1,-1.495090942E0,2.481205207E1
9.871923792E0,1.300630325E1,-2.427232544E1,-1.300196228E0,2.756810144E1
9.881865792E0,1.547931061E1,-2.328632584E1,-1.325942688E0,2.799321618E1
9.891808792E0,1.807401489E1,-2.125265488E1,-2.176623688E0,2.798362100E1
9.901751792E0,2.078472794E1,-1.963616638E1,-3.637136536E0,2.882382188E1
9.911694792E0,2.296808762E1,-1.939546692E1,-4.402195587E0,3.038250338E1
9.921637792E0,2.367057678E1,-2.006577301E1,-4.085304565E0,3.129890038E1
9.931579792E0,2.282468582E1,-2.093890732E1,-3.382516022E0,3.115839433E1
9.941522792E0,2.121193954E1,-2.179213303E1,-2.847378845E0,3.054424671E1
9.951465792E0,1.935070999E1,-2.215452942E1,-2.503843231E0,2.952189665E1
9.961408792E0,1.728141312E1,-2.144216080E1,-2.399210815E0,2.764361972E1
9.971350792E0,1.507574982E1,-1.981833755E1,-2.518662415E0,2.502775252E1
9.981293792E0,1.319057007E1,-1.728799942E1,-2.844983826E0,2.193080016E1
9.991236792E0,1.193138855E1,-1.401266052E1,-3.075953522E0,1.865942597E1
1.000117979E1,1.098685272E1,-1.059032730E1,-3.042872314E0,1.556036751E1
1.001112279E1,9.870025177E0,-7.391030273E0,-2.735561371E0,1.263044027E1
1.002106479E1,8.655899963E0,-4.542603607E0,-2.304757233E0,1.004349330E1
1.003100779E1,7.299271088E0,-2.112856293E0,-1.788929901E0,7.806650390E0
1.004095079E1,5.729635162E0,-1.558259583E-1,-1.293310547E0,5.875853384E0
1.005089379E1,3.958967285E0,1.303040314E0,-9.533674622E-1,4.275540380E0
1.006083679E1,2.149829407E0,2.230361938E0,-7.887098694E-1,3.196614477E0
1.007077879E1,6.180647278E-1,2.778522034E0,-6.933581543E-1,2.929664525E0
1.008072179E1,-4.096980286E-1,3.026406555E0,-4.589456177E-1,3.088303773E0
1.009066479E1,-9.330097961E-1,3.089126129E0,-1.136137390E-1,3.228949613E0
1.010060779E1,-1.092128906E0,3.159479828E0,1.272354126E-1,3.345332148E0
1.011054979E1,-9.681866455E-1,3.324436798E0,1.770817566E-1,3.467077062E0
1.012049279E1,-5.945635986E-1,3.408561859E0,7.484436035E-4,3.460028957E0
1.013043579E1,-3.966751099E-2,3.254083099E0,-3.047662354E-1,3.268564331E0
1.014037879E1,5.860313416E-1,2.945125580E0,-5.885760498E-1,3.060003134E0
1.015032179E1,1.164578247E0,2.624642029E0,-7.068301392E-1,2.957126497E0
1.016026379E1,1.652114410E0,2.287842407E0,-6.607260132E-1,2.898320854E0
1.017020679E1,2.054777069E0,1.943258972E0,-4.357438660E-1,2.861509558E0
1.018014979E1,2.302661591E0,1.491348724E0,-7.783813477E-2,2.744527317E0
1.019009279E1,2.556982727E0,7.897576904E-1,4.662803650E-1,2.716485828E0
1.020003479E1,2.574496307E0,5.583389282E-2,1.425335999E0,2.943251836E0
1.020997779E1,2.494861908E0,-3.623963928E-1,2.537822571E0,3.577179124E0
1.021992079E1,2.376607819E0,-4.680766296E-1,3.564537506E0,4.309673780E0
1.022986379E1,2.105671234E0,-5.456153870E-1,4.364024963E0,4.876090789E0
1.023980679E1,1.656904449E0,-6.676116943E-1,4.860692139E0,5.178548619E0
1.024974879E1,8.855584717E-1,-8.235873413E-1,4.845274200E0,4.993915497E0
1.025969179E1,1.330732727E-1,-1.129700775E0,4.221072235E0,4.371656797E0
1.026963479E1,-2.264790344E-1,-2.034569092E0,2.985840912E0,3.620222382E0
1.027957779E1,-1.017883301E-1,-3.673810272E0,1.406475220E0,3.935151245E0
1.028952079E1,5.489085388E-1,-6.010451202E0,-5.046006775E-1,6.056520955E0
1.029946279E1,2.486329651E0,-9.641600189E0,-2.718796234E0,1.032153779E1
1.030940579E1,5.852080536E0,-1.476035568E1,-4.671335907E0,1.655102189E1
1.031934879E1,9.736053772E0,-2.039823166E1,-5.974675598E0,2.337895093E1
1.032929179E1,1.308908112E1,-2.379766251E1,-6.239624634E0,2.786728729E1
1.033923379E1,1.557481201E1,-2.350981110E1,-5.402864685E0,2.871370637E1
1.034917679E1,1.858130997E1,-2.200888229E1,-3.870201874E0,2.906259525E1
1.035911904E1,2.234193970E1,-2.050660629E1,-2.855462036E0,3.046041422E1
1.036906204E1,2.560230972E1,-1.973945160E1,-2.940934296E0,3.246187467E1
1.037900404E1,2.691642700E1,-2.004855881E1,-3.701951752E0,3.376600657E1
1.038894704E1,2.644790131E1,-2.128468826E1,-4.287234650E0,3.421855957E1
1.039889004E1,2.428834213E1,-2.305580521E1,-3.886068878E0,3.371342831E1
1.040883304E1,2.067695206E1,-2.450883362E1,-3.215313721E0,3.222665844E1
1.041877604E1,1.680555267E1,-2.441333221E1,-3.442092133E0,2.983765052E1
1.042871804E1,1.389320892E1,-2.209495331E1,-3.944447479E0,2.639634220E1
1.043866104E1,1.175670181E1,-1.823388245E1,-4.606969757E0,2.217923977E1
1.044860404E1,1.006297394E1,-1.377255981E1,-5.164111176E0,1.782175335E1
1.045854704E1,8.204887848E0,-9.605375519E0,-5.729635162E0,1.387127040E1
1.046848904E1,6.095923462E0,-6.079607391E0,-6.137237549E0,1.057296522E1
1.047843204E1,3.919299774E0,-3.416645050E0,-6.190526733E0,8.084367344E0
1.048837504E1,1.869911499E0,-1.302291870E0,-5.649252319E0,6.091517454E0
1.049831804E1,2.544708252E-1,3.132984924E-1,-4.315525818E0,4.334359749E0
1.050826104E1,-1.088835754E0,1.388362885E0,-2.067650299E0,2.718141379E0
1.051820304E1,-1.813329163E0,2.140099640E0,7.719447327E-1,2.909310535E0
1.052814604E1,-2.291434937E0,2.798730011E0,3.094814301E0,4.760403270E0
1.053808904E1,-2.964285736E0,3.053949280E0,4.523443451E0,6.210888566E0
1.054803204E1,-3.570075989E0,2.508333893E0,5.136568451E0,6.739548719E0
1.055797404E1,-3.803291016E0,1.616189117E0,4.879852295E0,6.394532683E0
1.056791704E1,-3.598816223E0,9.380992126E-1,4.083807678E0,5.523494681E0
1.057786004E1,-3.088227997E0,5.340893555E-1,3.201692047E0,4.480316458E0
1.058780304E1,-2.291434937E0,2.451901245E-1,2.623893585E0,3.492221329E0
1.059774504E1,-1.253792725E0,-1.556762695E-2,2.264490967E0,2.588466319E0
1.060768804E1,-1.193019104E-1,-1.218466187E-1,2.014361115E0,2.021566285E0
1.061763104E1,9.906399536E-1,-3.487747192E-2,1.757046204E0,2.017373371E0
1.062757404E1,1.932780762E0,9.624984741E-2,1.370250549E0,2.371179469E0
1.063751704E1,2.584974518E0,1.845661926E-1,9.313632202E-1,2.753832854E0
1.064745904E1,3.015628967E0,2.303709412E-1,4.242178345E-1,3.054021875E0
1.065740204E1,3.358266449E0,3.219804382E-1,-1.303788757E-1,3.376184769E0
1.066734504E1,3.683090973E0,5.516029358E-1,-7.207511902E-1,3.793271305E0
1.067728804E1,4.081113281E0,9.919871521E-1,-1.263372803E0,4.385844840E0
1.068723004E1,4.233346710E0,1.447639618E0,-1.684447174E0,4.780611584E0
1.069717304E1,3.916904755E0,1.725312195E0,-2.070644073E0,4.754620059E0
1.070711604E1,3.533402252E0,1.789678345E0,-2.464624786E0,4.665003257E0
1.071705904E1,3.428171082E0,1.464255066E0,-2.818488922E0,4.673358500E0
1.072700104E1,3.388952637E0,4.781057739E-1,-3.046614532E0,4.582078700E0
1.073694404E1,3.671864319E0,-1.412762146E0,-3.146756287E0,5.037912225E0
1.074688704E1,4.581223297E0,-4.348457336E0,-2.951262817E0,6.971846264E0
1.075683004E1,5.956114197E0,-8.533903656E0,-2.697091370E0,1.075067950E1
1.076677304E1,7.829169159E0,-1.463820969E1,-2.820434875E0,1.683828748E1
1.077671504E1,1.007659561E1,-2.249327499E1,-2.887196045E0,2.481574299E1
1.078665804E1,1.238404724E1,-2.867511978E1,-1.759740601E0,3.128456181E1
1.079660104E1,1.469075043E1,-2.977982254E1,9.476792908E-1,3.321978439E1
1.080654404E1,1.695479233E1,-2.901940384E1,3.190914459E0,3.376052010E1
1.081648604E1,2.017818924E1,-2.825449448E1,4.378993835E0,3.499501916E1
1.082642904E1,2.370994492E1,-2.707180389E1,5.184019775E0,3.635819186E1
1.083637204E1,2.568733292E1,-2.558823898E1,5.277874603E0,3.663950064E1
1.084631504E1,2.658366898E1,-2.393567551E1,4.218228149E0,3.601945956E1
1.085625704E1,2.598236938E1,-2.285567139E1,2.366878052E0,3.468526121E1
1.086620004E1,2.325638809E1,-2.232277954E1,1.463955688E-1,3.223643133E1
1.087614304E1,1.946237778E1,-2.136297546E1,-1.859133911E0,2.895888893E1
1.088608604E1,1.572764420E1,-1.885074966E1,-3.630849609E0,2.481718404E1
1.089602804E1,1.282562897E1,-1.480062195E1,-5.225184174E0,2.026962550E1
1.090597104E1,1.035247192E1,-1.027867538E1,-6.393953705E0,1.592819784E1
1.091591404E1,7.776179352E0,-6.314618683E0,-7.091802521E0,1.227342810E1
1.092585704E1,5.308411102E0,-3.276686096E0,-7.157815247E0,9.494746932E0
1.093579904E1,2.955304413E0,-1.082249451E0,-6.189329224E0,6.943549833E0
1.094574204E1,1.134790192E0,5.105882263E-1,-4.410129089E0,4.582323395E0
1.095568504E1,-1.950444031E-1,1.755998383E0,-2.666405182E0,3.198638653E0
1.096562804E1,-1.292412415E0,2.810106354E0,-1.321002960E0,3.363343038E0
1.097557004E1,-2.072889404E0,3.517385559E0,-3.823049927E-1,4.100613218E0
1.098551304E1,-2.514321442E0,3.929029541E0,6.900650024E-2,4.665173881E0
1.099545604E1,-2.705773315E0,4.090992737E0,6.616241455E-2,4.905283710E0
1.100539904E1,-2.561623077E0,3.870351563E0,-5.149291992E-2,4.641571450E0
1.101534204E1,-2.153122559E0,3.517535248E0,-3.547622681E-2,4.124348377E0
1.102528404E1,-1.765428772E0,3.116070099E0,-5.688171387E-2,3.581880392E0
1.103522704E1,-1.482666779E0,2.556833038E0,-2.874023438E-1,2.969561595E0
1.104517004E1,-1.069226532E0,1.882934418E0,-6.381230164E-1,2.257407447E0
1.105511304E1,-3.740721130E-1,1.301693115E0,-9.645941162E-1,1.662761775E0
1.106505504E1,3.429368591E-1,9.315129089E-1,-1.122515717E0,1.498453711E0
1.107499804E1,8.164022827E-1,6.840774536E-1,-1.175804901E0,1.586503015E0
1.108494104E1,1.134939880E0,5.789959717E-1,-1.276096344E0,1.803260033E0
1.109488404E1,1.528022461E0,6.929090881E-1,-1.364113312E0,2.162355376E0
1.110482604E1,1.976040802E0,9.433383179E-1,-1.406924286E0,2.602702515E0
1.111476904E1,2.350711670E0,1.212478638E0,-1.438957672E0,3.011071069E0
1.112471204E1,2.712060242E0,1.351539459E0,-1.368005219E0,3.324660576E0
1.113465504E1,3.012934570E0,1.324445801E0,-1.131796417E0,3.480358392E0
1.114459704E1,3.019820251E0,1.247505798E0,-7.743397522E-1,3.357854541E0
1.115454004E1,2.996917877E0,1.040635986E0,-2.098635864E-1,3.179384020E0
1.116448304E1,3.215613098E0,5.212161255E-1,2.766247559E-1,3.269304988E0
1.117442604E1,3.705544281E0,-5.653742981E-1,2.995271301E-1,3.760375382E0
1.118436804E1,4.611310730E0,-2.598446503E0,7.110214233E-2,5.293502280E0
1.119431104E1,5.658982086E0,-5.761369171E0,-1.354682922E-1,8.076868492E0
1.120425404E1,6.914720764E0,-1.008408005E1,-4.236190796E-1,1.223443856E1
1.121419704E1,8.868607635E0,-1.528067368E1,-8.934919739E-1,1.769037923E1
1.122413904E1,1.188139252E1,-2.088382187E1,-1.246308289E0,2.405940125E1
1.123408204E1,1.497680557E1,-2.592204483E1,-2.959346008E-1,2.993901619E1
1.124402504E1,1.747990036E1,-2.794703384E1,2.159259796E0,3.303401308E1
1.125396804E1,1.962239502E1,-2.811453552E1,4.279600525E0,3.455112841E1
1.126391004E1,2.055914703E1,-2.803969116E1,5.005141754E0,3.512768497E1
1.127385304E1,2.129307083E1,-2.746174301E1,4.920268250E0,3.509631369E1
1.128379604E1,2.189990891E1,-2.669578583E1,4.198169861E0,3.478355389E1
1.129373904E1,2.207489502E1,-2.629656601E1,2.485281830E0,3.442364013E1
1.130368104E1,2.070374634E1,-2.588626923E1,1.213975525E-1,3.314753059E1
1.131362404E1,1.808344528E1,-2.464654724E1,-1.726659393E0,3.061771769E1
1.132356704E1,1.553783890E1,-2.249342468E1,-3.125500488E0,2.751631052E1
1.133351004E1,1.374681335E1,-1.914788177E1,-4.335284729E0,2.396687188E1
1.134345204E1,1.248778152E1,-1.511586639E1,-4.984933777E0,2.023076047E1
1.135339504E1,1.138831787E1,-1.104118973E1,-4.778662720E0,1.656614837E1
1.136333867E1,1.026056305E1,-7.460934906E0,-4.039050751E0,1.331385124E1
1.137328167E1,8.621172180E0,-4.314178619E0,-3.096311188E0,1.012540813E1
1.138322367E1,6.818770294E0,-1.624122620E0,-2.267784119E0,7.367241507E0
1.139316667E1,5.176385651E0,5.483097839E-1,-1.527573395E0,5.424858754E0
1.140310967E1,3.513942719E0,2.501897278E0,-8.987310791E-1,4.406245677E0
1.141305267E1,1.892963562E0,4.062851257E0,-8.421487427E-1,4.560623410E0
1.142299467E1,4.093986511E-1,4.727020111E0,-1.130898285E0,4.877628247E0
1.143293767E1,-1.272054749E0,4.542004852E0,-1.556613007E0,4.966988566E0
1.144288067E1,-3.093467102E0,4.024381256E0,-2.362237701E0,5.598691826E0
1.145282367E1,-4.286785583E0,3.489992523E0,-3.405418396E0,6.492569053E0
1.146276567E1,-4.701722717E0,3.129392395E0,-4.055965576E0,6.953427214E0
1.147270867E1,-4.674778748E0,2.934647369E0,-4.273912354E0,6.980833641E0
1.148265167E1,-4.292024689E0,2.652184753E0,-4.393214264E0,6.689984414E0
1.149259467E1,-3.500321045E0,2.445913696E0,-4.350852356E0,6.096282265E0
1.150253667E1,-2.338886261E0,2.363884277E0,-3.934568024E0,5.151617547E0
1.151247967E1,-1.103056183E0,2.210004272E0,-3.188070374E0,4.032944896E0
1.152242267E1,-1.092727661E-2,2.013313293E0,-2.416574707E0,3.145374880E0
1.153236567E1,9.716294861E-1,1.738634491E0,-1.749711456E0,2.651113715E0
1.154230767E1,1.919608154E0,1.476379852E0,-1.300794983E0,2.748938072E0
1.155225067E1,2.762505341E0,1.383572845E0,-9.580078125E-1,3.234731603E0
1.156219367E1,3.456312561E0,1.430275726E0,-7.107220459E-1,3.807480926E0
1.157213667E1,4.002377014E0,1.451232147E0,-4.670288086E-1,4.282897666E0
1.158207867E1,4.327051849E0,1.313817902E0,-1.944456482E-1,4.526290346E0
1.159202167E1,4.427792358E0,1.081051941E0,2.005828857E-2,4.557896533E0
1.160196467E1,4.533023529E0,7.614665222E-1,2.061213684E-1,4.601154159E0
1.161190767E1,4.710105286E0,4.453239441E-1,4.986131287E-1,4.757312295E0
1.162184967E1,5.064268799E0,3.263214111E-2,7.367678833E-1,5.117686024E0
1.163179267E1,5.670508118E0,-9.662406921E-1,7.018904114E-1,5.794905826E0
1.164173567E1,6.519542542E0,-3.074157257E0,2.793191528E-1,7.213383186E0
1.165167767E1,7.637717285E0,-6.536157990E0,-3.766168213E-1,1.005971803E1
1.166162067E1,9.594148865E0,-1.200428696E1,-1.444795532E0,1.543496135E1
1.167156367E1,1.224049576E1,-2.003942780E1,-2.440973969E0,2.360861615E1
1.168150667E1,1.484537888E1,-2.909200287E1,-2.790197754E0,3.277979726E1
1.169144867E1,1.538874893E1,-3.248948776E1,-7.367678833E-1,3.595724177E1
1.170139167E1,1.725117599E1,-3.264681061E1,2.481539612E0,3.700777425E1
1.171133467E1,1.915806061E1,-3.133149582E1,5.737269287E0,3.717001716E1
1.172127767E1,2.072021210E1,-2.866868317E1,8.414152679E0,3.635957301E1
1.173121967E1,2.198852463E1,-2.628983002E1,9.053622894E0,3.544881472E1
1.174116267E1,2.233191055E1,-2.517075714E1,7.793393555E0,3.454009593E1
1.175110567E1,2.109293701E1,-2.418445816E1,5.244793396E0,3.251627079E1
1.176104867E1,1.847922226E1,-2.361788635E1,1.947899323E0,3.005129819E1
1.177099067E1,1.559217590E1,-2.292842010E1,-1.675465851E0,2.777832939E1
1.178093367E1,1.312455734E1,-2.019046371E1,-5.508993988E0,2.470339744E1
1.179087667E1,1.147708328E1,-1.522064850E1,-8.186625824E0,2.074638339E1
1.180081967E1,1.046818130E1,-1.029948212E1,-9.104966125E0,1.727896293E1
1.181076167E1,9.479187927E0,-6.103557587E0,-8.105793915E0,1.388568738E1
1.182070467E1,8.024363251E0,-2.687062225E0,-5.567522278E0,1.012956136E1
1.183064767E1,6.462361450E0,3.891906738E-2,-3.066972198E0,7.153317319E0
1.184059067E1,4.611011353E0,2.073637848E0,-1.547182617E0,5.287265235E0
1.185053267E1,2.644400940E0,3.749403076E0,-9.240284729E-1,4.680246615E0
1.186047567E1,1.169817352E0,4.769980774E0,-7.946974182E-1,4.975211876E0
1.187041867E1,-1.312770081E-1,4.750670929E0,-8.307723999E-1,4.824550830E0
1.188036067E1,-1.602717133E0,4.039649506E0,-1.094074860E0,4.481570052E0
1.189030367E1,-3.059787140E0,3.172802124E0,-1.836530914E0,4.775124758E0
1.190024667E1,-4.135001221E0,2.435435486E0,-3.006947021E0,5.663153847E0
1.191018967E1,-4.281995544E0,1.843416595E0,-4.013753357E0,6.151738502E0
1.192013167E1,-3.628005524E0,1.447639618E0,-4.348157959E0,5.845045952E0
1.193007467E1,-2.816093903E0,1.330732727E0,-4.082759857E0,5.135188654E0
1.194001767E1,-2.163600769E0,1.337618408E0,-3.518882446E0,4.341995505E0
1.194996067E1,-1.392703857E0,1.164877625E0,-2.873574371E0,3.399116588E0
1.195990267E1,-5.282514954E-1,9.211843872E-1,-2.216889954E0,2.458095072E0
1.196984567E1,2.276765442E-1,7.943980408E-1,-1.614392853E0,1.813606666E0
1.197978867E1,9.098080444E-1,6.834786987E-1,-1.132993927E0,1.605792343E0
1.198973167E1,1.611548767E0,4.703219604E-1,-6.120771790E-1,1.786877346E0
1.199967367E1,2.267185364E0,2.844085693E-1,-6.002517700E-2,2.285742927E0
1.200961667E1,2.799179077E0,8.547225952E-2,3.173400879E-1,2.818406242E0
1.201955967E1,3.159330139E0,-1.209484863E-1,5.694158936E-1,3.212511467E0
1.202950167E1,3.338058472E0,-2.404000854E-1,6.472540283E-1,3.408718871E0
1.203944467E1,3.382965088E0,-2.273771667E-1,5.414241028E-1,3.433554022E0
1.204938767E1,3.335663452E0,-1.480421448E-1,2.959346008E-1,3.352035864E0
1.205933067E1,3.456761627E0,-1.332229614E-1,7.274871826E-2,3.460092727E0
1.206927267E1,4.024231567E0,-5.453160095E-1,-7.484436035E-2,4.061700498E0
1.207921567E1,4.905598755E0,-2.023941193E0,-3.107537842E-1,5.315807089E0
1.208915867E1,5.911956024E0,-4.805457001E0,-6.530918884E-1,7.646578976E0
1.209910167E1,7.581134949E0,-9.086704102E0,-1.362616425E0,1.191211661E1
1.210904367E1,1.013302826E1,-1.548499878E1,-2.384391632E0,1.865874520E1
1.211898667E1,1.340282867E1,-2.371383682E1,-2.843636627E0,2.738737195E1
1.212892967E1,1.517379593E1,-2.939362564E1,-2.055076447E0,3.314291252E1
1.213887267E1,1.556687851E1,-3.088183090E1,4.376898193E-1,3.458622209E1
1.214881467E1,1.651515656E1,-3.036300980E1,3.051404572E0,3.469832604E1
1.215875767E1,1.827534622E1,-2.807965805E1,5.329517212E0,3.392431620E1
1.216870067E1,2.071946365E1,-2.673111237E1,7.027885437E0,3.454330204E1
1.217864267E1,2.141791122E1,-2.551399338E1,8.018375702E0,3.426346638E1
1.218858567E1,2.076496902E1,-2.388238632E1,7.976762238E0,3.263711156E1
1.219852867E1,1.882664978E1,-2.258608200E1,6.527326355E0,3.011942615E1
1.220847167E1,1.599663483E1,-2.196861603E1,3.680097198E0,2.742363089E1
1.221841367E1,1.326945602E1,-2.076990875E1,5.725593567E-1,2.465350679E1
1.222835667E1,1.051683014E1,-1.818358704E1,-2.375709686E0,2.113978595E1
1.223829967E1,8.385711823E0,-1.483145782E1,-5.035079498E0,1.776638200E1
1.224824267E1,7.472011871E0,-1.089688980E1,-6.524182892E0,1.473560759E1
1.225818467E1,7.022796021E0,-6.997049561E0,-6.661896515E0,1.194400401E1
1.226812767E1,6.483617249E0,-3.981121216E0,-5.706433411E0,9.510520545E0
1.227807067E1,5.578449554E0,-1.782193909E0,-4.094285889E0,7.145522479E0
1.228801267E1,4.631518707E0,-9.056167603E-2,-2.616558838E0,5.320295772E0
1.229795567E1,3.699257355E0,1.376836853E0,-1.741777954E0,4.314391630E0
1.230789867E1,2.922672272E0,2.724334717E0,-1.353635101E0,4.218570948E0
1.231784167E1,2.301763458E0,3.755240936E0,-1.259331207E0,4.581033136E0
1.232778367E1,1.789528656E0,4.218228149E0,-1.319655762E0,4.768370042E0
1.233772667E1,1.343156891E0,4.146676941E0,-1.344803467E0,4.561523479E0
1.234766967E1,8.282276917E-1,3.816463623E0,-1.359622650E0,4.135206095E0
1.235761142E1,-1.854643250E-1,3.132535858E0,-1.638792114E0,3.540171961E0
1.236755442E1,-1.465003510E0,2.451152802E0,-2.674338684E0,3.912348749E0
1.237749742E1,-2.135908356E0,2.245779877E0,-4.143533478E0,5.174408318E0
1.238744042E1,-2.249222717E0,2.267784119E0,-5.074747009E0,5.996240893E0
1.239738242E1,-2.133363647E0,2.047741699E0,-5.203329620E0,5.984908158E0
1.240732542E1,-2.030677185E0,1.204994202E0,-4.988376617E0,5.519018222E0
1.241726842E1,-1.455573120E0,5.508544922E-1,-4.086053009E0,4.372409287E0
1.242721142E1,-5.447172546E-1,4.540058899E-1,-2.890339508E0,2.976054554E0
1.243715342E1,4.782554626E-1,6.670129395E-1,-1.807940369E0,1.985518301E0
1.244709642E1,1.356179810E0,8.089178467E-1,-1.044228516E0,1.893141556E0
1.245703942E1,2.130968628E0,7.402107239E-1,-5.695655823E-1,2.326659443E0
1.246698142E1,2.676584015E0,5.176235962E-1,-2.360591125E-1,2.736377182E0
1.247692442E1,2.927761688E0,1.440005493E-1,1.393601990E-1,2.934611716E0
1.248686742E1,3.027753754E0,-2.023791504E-1,5.442681885E-1,3.082933339E0
1.249681042E1,3.249442749E0,-6.351292419E-1,8.610095215E-1,3.421053161E0
1.250675242E1,3.671115875E0,-1.464255066E0,9.762698364E-1,4.071146947E0
1.251669542E1,4.416116638E0,-3.001558228E0,8.749305725E-1,5.410817079E0
1.252663842E1,5.250930634E0,-5.516328735E0,5.683680725E-1,7.637093524E0
1.253658042E1,6.605763245E0,-9.181307373E0,-5.134323120E-2,1.131084211E1
1.254652342E1,9.083860016E0,-1.487381973E1,-9.659413147E-1,1.745508719E1
1.255646642E1,1.263268021E1,-2.419164322E1,-1.940414886E0,2.736028912E1
1.256640942E1,1.507619888E1,-3.420986023E1,-1.906585236E0,3.743315879E1
1.257635142E1,1.462413895E1,-3.783831482E1,6.135740662E-1,4.057067884E1
1.258629442E1,1.609019028E1,-3.733910294E1,3.678450623E0,4.082442688E1
1.259623742E1,1.779065414E1,-3.263528458E1,5.594017181E0,3.758805931E1
1.260618042E1,1.960847397E1,-2.601994125E1,6.240672455E0,3.317341687E1
1.261612242E1,2.163286423E1,-2.033296738E1,5.404361572E0,3.017643950E1
1.262606542E1,2.321193054E1,-1.567061279E1,3.454067230E0,2.821865350E1
1.263600842E1,2.338272537E1,-1.369008133E1,1.944606171E0,2.716526580E1
1.264595042E1,2.124591888E1,-1.463027618E1,7.682025146E-1,2.580744438E1
1.265589342E1,1.769814651E1,-1.571072937E1,-9.030720520E-1,2.368262964E1
1.266583642E1,1.365340759E1,-1.507155853E1,-3.438200226E0,2.062495179E1
1.267577942E1,1.022194336E1,-1.268222717E1,-6.298452301E0,1.746417801E1
1.268572142E1,8.678952026E0,-9.154064026E0,-8.094567261E0,1.498809913E1
1.269566442E1,7.993527374E0,-5.320386200E0,-7.970175934E0,1.247905019E1
1.270560742E1,7.361391907E0,-1.848955078E0,-6.600823517E0,1.005880693E1
1.271554942E1,6.234535217E0,7.747888184E-1,-4.556374969E0,7.760816964E0
1.272549242E1,4.845573578E0,2.373314667E0,-2.611469421E0,5.994328849E0
1.273543542E1,3.353476410E0,3.494782562E0,-1.221759338E0,4.995198201E0
1.274537742E1,2.006577301E0,4.345762939E0,-1.619631958E-1,4.789388277E0
1.275532042E1,9.389973450E-1,4.849016418E0,6.081852722E-1,4.976400865E0
1.276526342E1,1.481918335E-2,4.893324280E0,9.848020935E-1,4.991460435E0
1.277520642E1,-8.577163696E-1,4.544250183E0,8.427474976E-1,4.700650002E0
1.278514842E1,-1.782792664E0,3.859424286E0,3.454815674E-1,4.265309252E0
1.279509142E1,-2.742147675E0,3.039728851E0,-2.688409424E-1,4.102633400E0
1.280503442E1,-3.489094391E0,2.224973145E0,-9.199868774E-1,4.239181645E0
1.281497642E1,-3.688330078E0,1.492396545E0,-1.410816193E0,4.221543384E0
1.282491942E1,-3.306773529E0,1.024469604E0,-1.566941528E0,3.799946696E0
1.283486242E1,-2.469265137E0,7.125183105E-1,-1.437760162E0,2.944844129E0
1.284480542E1,-1.418150940E0,6.002517700E-1,-1.088835754E0,1.886005720E0
1.285474742E1,-4.324507141E-1,6.408174133E-1,-5.638774109E-1,9.568794657E-1
1.286469042E1,5.629792786E-1,7.201524353E-1,-1.686991882E-1,9.295292434E-1
1.287463342E1,1.575922852E0,7.057823181E-1,-7.439529419E-2,1.728350709E0
1.288457542E1,2.421963501E0,6.426136780E-1,-1.354682922E-1,2.509424475E0
1.289451842E1,3.194506989E0,5.288502502E-1,-1.465452576E-1,3.241301128E0
1.290446142E1,3.922443237E0,2.682421875E-1,-1.047821045E-1,3.933000650E0
1.291440442E1,4.605472870E0,-2.755769348E-1,-2.320175171E-2,4.613768668E0
1.292434642E1,5.447920990E0,-1.302441559E0,-2.754272461E-2,5.601513700E0
1.293428942E1,6.503825226E0,-3.174598389E0,-2.191442871E-1,7.240569157E0
1.294423242E1,7.834108887E0,-6.340963898E0,-6.376739502E-1,1.009889664E1
1.295417442E1,9.681866455E0,-1.123249191E1,-1.224304047E0,1.487972893E1
1.296411742E1,1.188109314E1,-1.839659409E1,-1.989213409E0,2.198981624E1
1.297406042E1,1.447205521E1,-2.751593033E1,-2.592009888E0,3.119752104E1
1.298400342E1,1.457489136E1,-3.210718277E1,-1.457070007E0,3.529053268E1
1.299394542E1,1.569156921E1,-3.415372696E1,9.873468018E-1,3.759889976E1
1.300388842E1,1.740191254E1,-3.349225250E1,3.039279785E0,3.786548242E1
1.301383142E1,1.841740082E1,-2.960543518E1,4.580923920E0,3.516628085E1
1.302377342E1,1.957090210E1,-2.619477768E1,5.933361511E0,3.323238429E1
1.303371642E1,2.008598099E1,-2.205244171E1,6.625372467E0,3.055572578E1
1.304365942E1,1.988704468E1,-1.830393677E1,6.289321289E0,2.775039116E1
1.305360142E1,1.872426270E1,-1.618239853E1,5.313949585E0,2.531217288E1
1.306354442E1,1.647593811E1,-1.563887878E1,4.016896820E0,2.306873482E1
1.307348742E1,1.364397720E1,-1.535357208E1,2.735561371E0,2.072133166E1
1.308343042E1,1.050231033E1,-1.439616302E1,6.074368286E-1,1.783022747E1
1.309337242E1,7.901917877E0,-1.218945190E1,-2.296524353E0,1.470704144E1
1.310331542E1,6.730603638E0,-8.837322693E0,-4.916226654E0,1.214778096E1
1.311325842E1,6.604715424E0,-5.341641998E0,-6.818470917E0,1.089251811E1
1.312320042E1,6.537954254E0,-2.104922791E0,-7.529342651E0,1.019149383E1
1.313314342E1,6.035898285E0,6.312373352E-1,-6.947801971E0,9.225100591E0
1.314308642E1,5.143005066E0,2.835553436E0,-5.722300415E0,8.199730876E0
1.315302942E1,3.909270630E0,4.546495514E0,-4.525090027E0,7.511954344E0
1.316297142E1,2.798879700E0,5.616470490E0,-3.741170197E0,7.305807469E0
1.317291442E1,1.867217102E0,5.853727112E0,-3.341800690E0,6.994301442E0
1.318285742E1,1.017583923E0,5.237907715E0,-3.156336365E0,6.199484940E0
1.319279942E1,1.953437805E-1,4.083208923E0,-3.091072083E0,5.124985944E0
1.320274242E1,-4.510121155E-1,2.899021454E0,-2.928659821E0,4.145453614E0
1.321268542E1,-1.169068909E0,2.112257538E0,-2.665806427E0,3.596509130E0
1.322262742E1,-1.933828583E0,1.687590637E0,-2.417323151E0,3.525777412E0
1.323257042E1,-2.456391907E0,1.259929962E0,-2.240840149E0,3.555650332E0
1.324251342E1,-2.828368378E0,8.195457458E-1,-2.122286682E0,3.629796643E0
1.325245642E1,-2.902314606E0,5.080435181E-1,-2.023941193E0,3.574615537E0
1.326239842E1,-2.862946472E0,1.603166199E-1,-1.854643250E0,3.414947365E0
1.327234142E1,-2.758912811E0,-1.887574768E-1,-1.568737793E0,3.179334451E0
1.328228442E1,-2.297572174E0,-3.890409851E-1,-1.159339142E0,2.602740484E0
1.329222642E1,-1.556762695E0,-4.405339050E-1,-5.617817688E-1,1.712652611E0
1.330216942E1,-7.318281555E-1,-4.553530884E-1,1.447489929E-1,8.739972284E-1
1.331211242E1,1.645079041E-1,-6.173162842E-1,6.935078430E-1,9.429185402E-1
1.332205442E1,1.012943573E0,-1.038091278E0,9.627978516E-1,1.740881353E0
1.333199742E1,1.913171539E0,-1.843566284E0,9.434880066E-1,2.819420437E0
1.334194042E1,3.010988617E0,-3.246898041E0,6.054908752E-1,4.469342070E0
1.335188342E1,4.452041931E0,-5.597609711E0,-8.951385498E-2,7.152756431E0
1.336182567E1,6.546486511E0,-9.495204620E0,-1.204844513E0,1.159599270E1
1.337176867E1,9.446256409E0,-1.603136261E1,-2.569855957E0,1.878404927E1
1.338171167E1,1.281874329E1,-2.548929474E1,-3.234623566E0,2.871388367E1
1.339165367E1,1.358649673E1,-3.199761063E1,-1.807191925E0,3.480956653E1
1.340159667E1,1.348141525E1,-3.290502365E1,1.257534943E0,3.558188490E1
1.341153967E1,1.597612747E1,-3.137819870E1,3.836222534E0,3.541955118E1
1.342148167E1,1.958961319E1,-2.875909515E1,5.306614838E0,3.519941278E1
1.343142467E1,2.222937378E1,-2.635973465E1,6.153852997E0,3.502642682E1
1.344136767E1,2.361534164E1,-2.388373352E1,6.394851837E0,3.419080604E1
1.345131067E1,2.424882431E1,-2.142135406E1,6.115382996E0,3.292837378E1
1.346125267E1,2.435704926E1,-1.956970459E1,5.483546906E0,3.172236550E1
1.347119567E1,2.275029053E1,-1.816143311E1,4.725223846E0,2.949137352E1
1.348113867E1,1.967313950E1,-1.697305435E1,3.231779480E0,2.618322727E1
1.349108067E1,1.647818344E1,-1.576955704E1,1.069376221E0,2.283315625E1
1.350102367E1,1.323682388E1,-1.355146957E1,-1.292711792E0,1.898754692E1
1.351096667E1,1.066921326E1,-1.043824356E1,-3.586541748E0,1.535097137E1
1.352090867E1,9.224268036E0,-6.972051544E0,-5.301226044E0,1.272004800E1
1.353085167E1,8.483757935E0,-3.836072845E0,-5.970334625E0,1.106049272E1
1.354079467E1,7.724237366E0,-1.202599182E0,-5.714516602E0,9.683273603E0
1.355073667E1,6.531817017E0,8.569679260E-1,-4.978197784E0,8.257207806E0
1.356067967E1,5.009033661E0,2.370021515E0,-4.222569122E0,6.966886693E0
1.357062267E1,3.302282867E0,3.557202759E0,-3.610491943E0,6.049331837E0
1.358056567E1,1.641037445E0,4.531676331E0,-3.127895508E0,5.745678774E0
1.359050767E1,2.053729248E-1,5.114264832E0,-2.712808685E0,5.792858860E0
1.360045067E1,-1.078656921E0,5.138813782E0,-2.417023773E0,5.780390277E0
1.361039367E1,-2.143392792E0,4.717440033E0,-2.276016998E0,5.659383933E0
1.362033567E1,-2.957998810E0,4.245770874E0,-2.145189056E0,5.601621494E0
1.363027867E1,-3.611090698E0,3.766317902E0,-2.148482208E0,5.642792072E0
1.364022167E1,-3.930676117E0,3.265160065E0,-2.355651398E0,5.626773364E0
1.365016367E1,-3.851790161E0,2.959795074E0,-2.501298523E0,5.463805325E0
1.366010667E1,-3.510649567E0,2.772235107E0,-2.583926697E0,5.165909895E0
1.367004967E1,-3.010090485E0,2.404150543E0,-2.590812378E0,4.642509379E0
1.367999167E1,-2.355352020E0,1.987117767E0,-2.558479614E0,4.005263799E0
1.368993467E1,-1.556313629E0,1.660946045E0,-2.376607819E0,3.290762617E0
1.369987767E1,-6.424639893E-1,1.392853546E0,-2.015708313E0,2.532958938E0
1.370982067E1,2.453398132E-1,1.123563538E0,-1.723815308E0,2.072227271E0
1.371976267E1,1.108594666E0,8.443940735E-1,-1.481169891E0,2.033678374E0
1.372970567E1,1.951042786E0,7.198530579E-1,-1.118025055E0,2.361087970E0
1.373964867E1,2.786904602E0,6.188131714E-1,-7.526348877E-1,2.952325571E0
1.374959067E1,3.629652100E0,2.192939758E-1,-5.351371765E-1,3.675436846E0
1.375953367E1,4.612059174E0,-7.857160950E-1,-5.200186157E-1,4.707319722E0
1.376947667E1,5.844296722E0,-2.554288330E0,-6.447093201E-1,6.410603962E0
1.377941867E1,7.442373505E0,-5.361999664E0,-8.517288208E-1,9.212242168E0
1.378936167E1,9.423952789E0,-9.656718750E0,-1.272354126E0,1.355293283E1
1.379930467E1,1.165012344E1,-1.575249252E1,-1.802102509E0,1.967521208E1
1.380924667E1,1.476020599E1,-2.411440384E1,-2.332599335E0,2.836915884E1
1.381918967E1,1.643357620E1,-3.077944382E1,-1.839225311E0,3.494022522E1
1.382913267E1,1.623314301E1,-3.282703583E1,4.602928162E-1,3.662432365E1
1.383907567E1,1.756911484E1,-3.351051453E1,3.126847687E0,3.796584724E1
1.384901767E1,1.896720749E1,-3.095877090E1,5.262007599E0,3.668636231E1
1.385896067E1,1.965876938E1,-2.716580841E1,6.662046204E0,3.418817368E1
1.386890367E1,2.024465103E1,-2.416874084E1,7.601043549E0,3.243069214E1
1.387884567E1,2.060450272E1,-2.149949158E1,8.285869446E0,3.091001946E1
1.388878867E1,2.041185333E1,-1.963257385E1,8.667126617E0,2.961757580E1
1.389873167E1,1.917662201E1,-1.880135239E1,8.109685822E0,2.805353253E1
1.390867367E1,1.648985916E1,-1.815574493E1,5.998326416E0,2.524928611E1
1.391861667E1,1.340522369E1,-1.698607727E1,2.890040131E0,2.183069342E1
1.392855967E1,1.025966492E1,-1.507500137E1,-4.869374084E-1,1.824153225E1
1.393850167E1,7.335495758E0,-1.233854187E1,-4.168980560E0,1.494755874E1
1.394844467E1,5.638774109E0,-8.930429077E0,-7.402107239E0,1.289726826E1
1.395838767E1,5.183271332E0,-5.255570984E0,-9.085805969E0,1.170637425E1
1.396832967E1,4.878355408E0,-2.020947418E0,-9.362281036E0,1.074871556E1
1.397827267E1,3.997586975E0,4.108955383E-1,-8.505163422E0,9.406771050E0
1.398821567E1,2.805915070E0,2.017504578E0,-6.862928467E0,7.683961949E0
1.399815767E1,1.614392853E0,3.119812317E0,-5.078638916E0,6.175116713E0
1.400810067E1,3.354524231E-1,4.059857483E0,-3.664529572E0,5.479393040E0
1.401804367E1,-7.640112305E-1,4.688699799E0,-2.661615143E0,5.445347935E0
1.402798667E1,-1.460363159E0,4.730762329E0,-2.006876678E0,5.342314739E0
1.403792867E1,-1.818867645E0,4.307143250E0,-1.595681763E0,4.940239141E0
1.404787167E1,-2.079924774E0,3.831282806E0,-1.222657471E0,4.527660135E0
1.405781467E1,-2.752775574E0,3.468287659E0,-1.136736145E0,4.571538221E0
1.406775667E1,-3.553460541E0,2.893482971E0,-1.649270325E0,4.870258527E0
1.407769967E1,-3.698957977E0,2.098037109E0,-2.265089722E0,4.818161608E0
1.408764267E1,-3.452869720E0,1.523831177E0,-2.533930664E0,4.545896542E0
1.409758467E1,-3.120111694E0,1.169967041E0,-2.582130432E0,4.215604041E0
1.410752767E1,-2.534828796E0,8.672964478E-1,-2.452050934E0,3.631819645E0
1.411747067E1,-1.804946594E0,6.456074524E-1,-2.267933807E0,2.969539517E0
1.412741267E1,-8.270301819E-1,6.307882690E-1,-2.044149170E0,2.293560244E0
1.413735567E1,2.441423035E-1,6.994953918E-1,-1.835333405E0,1.979229136E0
1.414729867E1,1.202599182E0,6.557862854E-1,-1.565294952E0,2.080011715E0
1.415724067E1,2.007026367E0,4.231700134E-1,-1.291065216E0,2.423649540E0
1.416718367E1,2.805016937E0,-1.571731567E-2,-1.055155792E0,2.996951918E0
1.417712667E1,3.811823273E0,-8.901988220E-1,-9.852511597E-1,4.036479958E0
1.418706867E1,5.182522888E0,-2.787653046E0,-1.190923462E0,6.003986316E0
1.419701167E1,6.970255280E0,-6.302194519E0,-1.606010284E0,9.533172790E0
1.420695467E1,9.156608734E0,-1.152139114E1,-2.182461548E0,1.487780480E1
1.421689667E1,1.194291458E1,-1.895433426E1,-2.842289429E0,2.258270589E1
1.422683967E1,1.489507553E1,-2.861719025E1,-3.074756012E0,3.240773021E1
1.423678267E1,1.532468216E1,-3.422527817E1,-1.352437592E0,3.752392086E1
1.424672467E1,1.575024719E1,-3.459456024E1,2.013912048E0,3.806454685E1
1.425666767E1,1.870779694E1,-3.238949570E1,4.683311005E0,3.769608069E1
1.426661067E1,2.184153030E1,-2.816153778E1,5.957611084E0,3.613333345E1
1.427655367E1,2.405677368E1,-2.404045761E1,6.363267517E0,3.460004531E1
1.428649567E1,2.517030807E1,-2.038730438E1,6.531068573E0,3.304302415E1
1.429643867E1,2.537343567E1,-1.742556335E1,6.929390259E0,3.155119562E1
1.430638167E1,2.439507019E1,-1.612357086E1,7.222929840E0,3.012075202E1
1.431632367E1,2.133722900E1,-1.613779129E1,6.540349274E0,2.754054861E1
1.432626667E1,1.714130447E1,-1.653760986E1,4.350702667E0,2.421250654E1
1.433620967E1,1.256741592E1,-1.622550888E1,1.202449493E0,2.055852539E1
1.434615167E1,8.655151520E0,-1.417402496E1,-2.671494598E0,1.682116271E1
1.435609467E1,6.695576477E0,-1.088745941E1,-6.211034088E0,1.421071642E1
1.436603779E1,6.373745728E0,-7.280859375E0,-8.093669128E0,1.261519036E1
1.437597979E1,6.293662262E0,-3.844305725E0,-8.387957153E0,1.116900606E1
1.438592279E1,5.846392365E0,-1.025966492E0,-7.680079193E0,9.706519836E0
1.439586579E1,4.704117737E0,9.339079285E-1,-6.863227844E0,8.372861168E0
1.440580779E1,3.247646484E0,2.222278748E0,-6.342460785E0,7.464083288E0
1.441575079E1,1.700164490E0,3.171155548E0,-5.803431702E0,6.828367764E0
1.442569379E1,1.615141296E-1,4.080963593E0,-5.117258606E0,6.547265559E0
1.443563579E1,-9.729766846E-1,4.618795166E0,-4.298760681E0,6.384300730E0
1.444557879E1,-1.823657684E0,4.657863922E0,-3.521726532E0,6.117514318E0
1.445552179E1,-2.631078644E0,4.470004578E0,-3.090772705E0,6.037912857E0
1.446546379E1,-3.375780029E0,4.152664490E0,-3.004102936E0,6.137193790E0
1.447540679E1,-3.794309692E0,3.777245178E0,-3.144810333E0,6.209202784E0
1.448534979E1,-3.918251953E0,3.500470734E0,-3.241509247E0,6.173603156E0
1.449529179E1,-3.676953735E0,3.191064148E0,-3.062930603E0,5.751906036E0
1.450523479E1,-3.124302979E0,2.722239075E0,-2.620450745E0,4.902919211E0
1.451517779E1,-2.436034241E0,2.173629913E0,-2.079326019E0,3.870726872E0
1.452511979E1,-1.529818726E0,1.671274567E0,-1.487606506E0,2.710438549E0
1.453506279E1,-5.959107971E-1,1.266965332E0,-8.146060181E-1,1.619843756E0
1.454500579E1,2.802172852E-1,1.005159760E0,-1.971400452E-1,1.061947299E0
1.455494779E1,1.076561279E0,7.282356262E-1,2.064207458E-1,1.316024635E0
1.456489079E1,1.763033752E0,3.635939026E-1,4.281097412E-1,1.850342263E0
1.457483379E1,2.455044708E0,-7.005432129E-2,5.119354248E-1,2.508830406E0
1.458477579E1,3.279230804E0,-8.255332947E-1,3.902384949E-1,3.403989714E0
1.459471879E1,4.177363129E0,-2.320923615E0,-2.469863892E-2,4.778876349E0
1.460466179E1,5.474116516E0,-4.775668945E0,-6.059399414E-1,7.289727616E0
1.461460379E1,7.481142883E0,-8.626710663E0,-1.347348175E0,1.149795559E1
1.462454679E1,9.989925842E0,-1.437939789E1,-2.064357147E0,1.763029417E1
1.463448979E1,1.319760544E1,-2.237981094E1,-2.687810669E0,2.612005079E1
1.464443179E1,1.620934250E1,-3.065804626E1,-2.863545227E0,3.479739180E1
1.465437479E1,1.613704285E1,-3.298301147E1,-1.698966980E0,3.675826011E1
1.466431779E1,1.741942612E1,-3.219624756E1,2.008822632E-1,3.660703644E1
1.467425979E1,2.013522858E1,-2.986409729E1,1.622775421E0,3.605447457E1
1.468420279E1,2.225676682E1,-2.691193634E1,2.382295990E0,3.500416148E1
1.469414579E1,2.265119659E1,-2.373344604E1,3.422782288E0,3.298588496E1
1.470408779E1,2.248234772E1,-2.068698120E1,4.646936646E0,3.090309322E1
1.471403079E1,2.205708206E1,-1.814541641E1,5.811963959E0,2.914703983E1
1.472397379E1,2.084894440E1,-1.636516846E1,6.289021912E0,2.724057668E1
1.473391679E1,1.797566940E1,-1.506946289E1,5.321284332E0,2.405263955E1
1.474385879E1,1.464075439E1,-1.399664383E1,2.794089661E0,2.044662967E1
1.475380179E1,1.179083084E1,-1.251143234E1,-1.004411316E-1,1.719214122E1
1.476374479E1,8.965605927E0,-1.031355286E1,-3.105891266E0,1.401420789E1
1.477368679E1,6.585106201E0,-7.591463470E0,-6.153703308E0,1.178397241E1
1.478362979E1,5.447920990E0,-4.536466370E0,-8.070617065E0,1.074217064E1
1.479357279E1,5.054988098E0,-1.781595154E0,-8.275690613E0,9.859718104E0
1.480351479E1,4.422702942E0,2.809657288E-1,-7.150779877E0,8.412662830E0
1.481345779E1,3.260519714E0,1.954335938E0,-5.523364105E0,6.705070380E0
1.482340079E1,1.609902191E0,3.375181274E0,-4.105512543E0,5.553275334E0
1.483334279E1,-1.956431580E-1,4.424199829E0,-3.155438232E0,5.437702715E0
1.484328579E1,-1.692829742E0,4.961881714E0,-2.594554596E0,5.849585988E0
1.485322879E1,-2.731819153E0,4.908592529E0,-2.154918823E0,6.016709370E0
1.486317079E1,-3.491938477E0,4.514462128E0,-1.875749359E0,6.007698252E0
1.487311379E1,-3.989803162E0,4.105063477E0,-1.907483368E0,6.033951294E0
1.488305679E1,-4.334536285E0,3.727997589E0,-2.131268005E0,6.101514086E0
1.489299879E1,-4.400549011E0,3.156635742E0,-2.463277588E0,5.949530846E0
1.490294179E1,-4.225712585E0,2.387385406E0,-2.746638336E0,5.576762330E0
1.491288479E1,-3.877237244E0,1.579216003E0,-2.811154175E0,5.042765077E0
1.492282679E1,-3.253783722E0,9.331594849E-1,-2.691103821E0,4.324342136E0
1.493276979E1,-2.005828857E0,6.688092041E-1,-2.205363922E0,3.055206243E0
1.494271279E1,-4.897814941E-1,7.514373779E-1,-1.417701874E0,1.677624108E0
1.495265479E1,7.159611511E-1,8.415499878E-1,-7.334747314E-1,1.326194531E0
1.496259779E1,1.631607056E0,7.044351196E-1,-2.618055725E-1,1.796360927E0
1.497254079E1,2.366279297E0,4.688250732E-1,1.010398865E-1,2.414390962E0
1.498248279E1,3.125350800E0,1.151106262E-1,2.724334717E-1,3.139313312E0
1.499242579E1,4.116589508E0,-6.515950012E-1,1.990859985E-1,4.172591576E0
1.500236879E1,5.156626740E0,-2.174378357E0,-1.990859985E-2,5.596348535E0