"Time (s)","Acceleration x (m/s^2)","Acceleration y (m/s^2)","Acceleration z (m/s^2)","Absolute acceleration (m/s^2)"
1.067625009E-3,-1.972897339E-1,-4.306544495E-1,8.008346558E-2,4.804163355E-1
1.100762500E-2,-7.095245361E-2,-4.120930481E-1,8.143066406E-2,4.260116008E-1
2.094662501E-2,-2.888992310E-2,-4.559518433E-1,2.469863892E-2,4.575333144E-1
3.088662500E-2,-1.213975525E-1,-5.831872559E-1,2.709365845E-2,5.963042910E-1
4.082562501E-2,-2.091151428E-1,-7.212002563E-1,4.086502075E-2,7.520165574E-1
5.076562500E-2,-2.186952209E-1,-8.369096375E-1,2.544708252E-2,8.653859803E-1
6.070462501E-2,-2.639012146E-1,-9.241781616E-1,9.250762939E-2,9.655603487E-1
7.064362502E-2,-7.182064819E-1,-1.200503540E0,3.072660370E0,3.376132558E0
8.058362501E-2,-5.535488892E-1,-1.945504303E0,4.673581238E0,5.092520491E0
9.052262502E-2,8.330177307E-1,-1.974094849E0,-8.024812317E-1,2.288000249E0
1.004626250E-1,2.270628204E0,-2.368075562E0,-1.085542603E0,3.455710788E0
1.104016250E-1,3.879781952E0,-3.678450623E0,-9.684860229E-1,5.433384963E0
1.203416250E-1,6.678811340E0,-6.453978882E0,-1.064586182E0,9.348460198E0
1.302806250E-1,1.190594147E1,-1.355985214E1,-4.285737762E0,1.854692914E1
1.402206250E-1,2.010304550E1,-2.255434799E1,-4.640050964E0,3.056732119E1
1.501596250E-1,3.285113571E1,-3.478062332E1,-2.442770233E0,4.790465533E1
1.600986250E-1,4.907784210E1,-5.025110229E1,1.586700439E0,7.025898865E1
1.700386250E-1,5.408148697E1,-5.273189346E1,5.483247528E0,7.573325442E1
1.799776250E-1,4.300227631E1,-3.982543259E1,8.041278076E0,5.916014707E1
1.899176250E-1,2.664429291E1,-1.815140396E1,1.101035385E1,3.406786906E1
1.998566250E-1,1.880793869E1,-5.136269073E0,6.863078156E0,2.066934105E1
2.097966250E-1,1.663610504E1,-2.832559662E0,1.247805176E0,1.692159576E1
2.197356250E-1,1.400382889E1,-2.402354279E0,-1.502276001E0,1.428759472E1
2.296746250E-1,9.693093109E0,-1.449435883E0,-2.012265472E0,1.000530513E1
2.396146250E-1,5.476361847E0,-5.990542603E-1,-1.469494171E0,5.701650481E0
2.495536250E-1,2.418520660E0,8.801696777E-2,-8.018824768E-1,2.549510674E0
2.594936250E-1,-9.984237671E-2,6.204597473E-1,-1.980381775E-1,6.589066079E-1
2.694326250E-1,-1.681752777E0,1.046623535E0,7.035369873E-1,2.102065061E0
2.793726250E-1,-2.939886475E0,1.283281403E0,1.376537476E0,3.490644505E0
2.893116250E-1,-4.346810760E0,1.410516815E0,4.008663940E-1,4.587484642E0
2.992506250E-1,-5.877377930E0,1.484013977E0,-2.370021515E0,6.508676578E0
3.091906250E-1,-1.152558243E1,6.979985046E-1,-6.453978882E0,1.322800422E1
3.191296250E-1,-1.734398300E1,-2.054477692E0,-2.337988129E0,1.762103327E1
3.290696250E-1,-9.508975983E0,-1.982477417E0,2.223925323E0,9.964772190E0
3.390086250E-1,-6.685098267E0,-1.653012543E0,2.229463806E0,7.238335317E0
3.489486250E-1,-5.108726349E0,-1.174757080E0,5.488486633E0,7.589639295E0
3.588876250E-1,-2.761756897E0,-3.932322693E-1,4.391417999E0,5.202545994E0
3.688266250E-1,-4.787045288E-1,-1.299298096E-1,1.144370270E0,1.247246205E0
3.787666250E-1,1.018781433E0,-9.400451660E-2,5.373825073E-2,1.024519525E0
3.887056250E-1,1.910177765E0,3.607498169E-2,2.185455322E-2,1.910643378E0
3.986452917E-1,2.388882294E0,7.469467163E-2,-3.068618774E-2,2.390246755E0
4.085842917E-1,2.672392731E0,1.137634277E-2,-7.110214233E-2,2.673362647E0
4.185242917E-1,2.614912262E0,2.963836670E-2,-8.113128662E-2,2.616338445E0
4.284632917E-1,2.195783844E0,1.661544800E-1,-1.038839722E-1,2.204510349E0
4.384022917E-1,1.883982239E0,2.330653381E-1,-3.592529297E-1,1.932038094E0
4.483422917E-1,2.253414001E0,5.658233643E-2,4.052073669E-1,2.290255277E0
4.582812917E-1,3.215014343E0,-8.012837219E-1,1.786385193E0,3.764245593E0
4.682212917E-1,2.064207458E0,-1.592238922E0,-2.009122009E0,3.291314094E0
4.781602917E-1,3.214864655E0,-2.426603851E0,-2.307301941E0,4.641918057E0
4.881002917E-1,5.664819946E0,-3.980821838E0,-2.102228394E0,7.235778586E0
4.980392917E-1,1.073268127E1,-7.608527985E0,-2.536026306E0,1.339819297E1
5.079782917E-1,2.214180588E1,-1.497590744E1,-3.754492493E0,2.699321369E1
5.179182917E-1,3.983321640E1,-2.551234680E1,-5.716013489E0,4.764701227E1
5.278572917E-1,5.962685532E1,-3.616898621E1,-5.008883972E0,6.991885552E1
5.377972917E-1,7.274692200E1,-4.166675354E1,8.071215820E-1,8.383844259E1
5.477362917E-1,6.098423264E1,-3.235910889E1,1.035681290E1,6.981011482E1
5.576762917E-1,3.468901382E1,-1.522394165E1,7.670199738E0,3.865136535E1
5.676152917E-1,2.412368454E1,-8.428672485E0,-1.874701538E0,2.562243512E1
5.775542917E-1,1.897424286E1,-5.704786835E0,-3.703897705E0,2.015652111E1
5.874942917E-1,1.261217285E1,-3.090323639E0,-3.674858093E0,1.349524310E1
5.974332917E-1,7.694598999E0,-1.858235779E0,-4.116739197E0,8.922299904E0
6.073732917E-1,3.905079346E0,-9.556127930E-1,-3.916904755E0,5.612930016E0
6.173122917E-1,1.149609375E0,9.205856323E-2,-2.859952698E0,3.083732467E0
6.272522917E-1,-1.206191711E0,1.320853271E0,-6.137237549E-3,1.788739633E0
6.371912917E-1,-4.011208649E0,2.182012482E0,4.169130249E0,6.183253215E0
6.471302917E-1,-5.348078613E0,2.154619446E0,5.338049469E0,7.857423365E0
6.570702917E-1,-5.451663208E0,1.601369934E0,3.990102539E0,6.943049450E0
6.670092917E-1,-5.140909424E0,1.182840271E0,1.795067139E0,5.572282014E0
6.769492917E-1,-4.330345001E0,9.874964905E-1,-4.683760071E-1,4.466140754E0
6.868882917E-1,-3.943699036E0,5.457650757E-1,-1.270857239E0,4.179198455E0
6.968282917E-1,-4.267475739E0,-2.163002014E-1,-6.487509155E-1,4.321922339E0
7.067672917E-1,-4.805307312E0,-9.568103027E-1,5.046006775E-1,4.925554401E0
7.167062917E-1,-5.257217560E0,-1.466949463E0,1.226100311E0,5.594068213E0
7.266462917E-1,-4.630919952E0,-1.303639069E0,3.135978699E-1,4.821124148E0
7.365852917E-1,-3.578757935E0,-9.821076965E-1,-5.381309509E-1,3.749883838E0
7.465252917E-1,-2.848726044E0,-7.545808411E-1,-5.760021973E-1,3.002733896E0
7.564642917E-1,-2.278561707E0,-6.415658569E-1,-4.781057739E-1,2.414960731E0
7.664042917E-1,-1.837129669E0,-6.080355835E-1,-4.228706360E-1,1.980800916E0
7.763432917E-1,-1.454525299E0,-6.478527832E-1,-3.854484558E-1,1.638269693E0
7.862822917E-1,-1.257534943E0,-7.756869507E-1,-2.821632385E-1,1.504227533E0
7.962222917E-1,-1.124910736E0,-1.032852173E0,-1.904040527E-1,1.538980662E0
8.061612917E-1,-7.984396362E-1,-1.363065491E0,-1.422042847E-1,1.586088094E0
8.161012917E-1,-1.992356873E-1,-1.520388336E0,3.592529297E-2,1.533807738E0
8.260402917E-1,2.396516418E-1,-1.610950012E0,2.086660767E-1,1.641990981E0
8.359802917E-1,1.422641602E0,-2.450404358E0,3.061134338E0,4.171202954E0
8.459192917E-1,2.437830505E0,-3.884871368E0,5.167554016E0,6.909331200E0
8.558582917E-1,2.135010223E0,-3.222947845E0,-7.842192078E-1,3.944700399E0
8.657982917E-1,4.983287201E0,-4.723577271E0,-7.170089722E-1,6.903581348E0
8.757372917E-1,8.833430786E0,-7.107819214E0,-8.373587036E-1,1.136889454E1
8.856772917E-1,1.464749039E1,-1.064526306E1,-1.327140198E0,1.815576772E1
8.956162917E-1,2.586291779E1,-1.775203445E1,-3.067720642E0,3.151882221E1
9.055562917E-1,4.192391876E1,-2.534574326E1,-3.388353882E0,4.910705252E1
9.154952917E-1,5.769916397E1,-3.094425110E1,-2.383194122E0,6.551656137E1
9.254342917E-1,5.915832962E1,-2.992427216E1,-2.849025421E0,6.635726768E1
9.353742917E-1,4.458373764E1,-1.759321472E1,-1.031205597E0,4.794052827E1
9.453132917E-1,2.979269577E1,6.031707001E0,1.181852325E1,3.261385752E1
9.552532917E-1,1.873039993E1,1.424901901E1,1.240889557E1,2.660532115E1
9.651922917E-1,2.083038300E1,7.455246735E0,1.713187408E0,2.219055138E1
9.751322917E-1,2.097213821E1,4.239034882E0,-4.111500092E0,2.178771284E1
9.850712917E-1,1.492067230E1,1.959874420E0,-6.863826599E0,1.654024441E1
9.950102917E-1,1.031759445E1,1.344653778E0,-5.618715820E0,1.182500810E1
1.004950292E0,6.258485413E0,1.449136505E0,-3.447780304E0,7.290804160E0
1.014889292E0,1.802401886E0,1.711241455E0,-1.047521667E0,2.697091307E0
1.024829292E0,-1.466949463E0,1.733096008E0,1.232985992E0,2.583760236E0
1.034768292E0,-2.611170044E0,1.262025604E0,1.594035187E0,3.309360331E0
1.044708292E0,-2.546055450E0,1.053209839E0,1.405577087E-1,2.758877632E0
1.054647292E0,-1.892514496E0,1.287023621E0,-9.363029480E-1,2.472792779E0
1.064586292E0,-1.530267792E0,1.179547119E0,-8.434959412E-1,2.108206898E0
1.074526292E0,-1.856140137E0,6.265969849E-1,-5.400769043E-1,2.032132636E0
1.084465292E0,-2.394869843E0,8.277786255E-2,-2.389031982E-1,2.408179494E0
1.094405292E0,-2.334994354E0,-3.558100891E-1,-1.297801208E-1,2.365511009E0
1.104344292E0,-2.587519226E0,-7.261399841E-1,6.601272583E-2,2.688288062E0
1.114284292E0,-3.545676727E0,-1.136736145E0,1.210981750E-1,3.725406996E0
1.124223292E0,-4.133953400E0,-1.242416382E0,2.375559998E-1,4.323147237E0
1.134162292E0,-3.890559540E0,-1.203647003E0,1.266366577E-1,4.074463951E0
1.144102292E0,-3.766617279E0,-1.248553619E0,1.309776306E-1,3.970320769E0
1.154041292E0,-4.201013947E0,-1.512155457E0,1.609153748E-1,4.467776411E0
1.163981292E0,-4.413422241E0,-1.720671844E0,1.234931946E-1,4.738592412E0
1.173920292E0,-4.573140106E0,-1.882635040E0,4.909790039E-2,4.945739149E0
1.183860292E0,-4.436773682E0,-2.172881470E0,-5.897735596E-2,4.940632845E0
1.193799292E0,-3.472029877E0,-2.207609253E0,2.636916504E0,4.886906867E0
1.203738292E0,-2.086062012E0,-1.415905609E0,5.610333252E0,6.150795283E0
1.213678292E0,1.848655701E-1,-1.386566620E0,1.680405579E0,2.186436640E0
1.223617292E0,1.586401062E0,-2.230062561E0,-2.655477905E-1,2.749611424E0
1.233557292E0,3.751947784E0,-3.018023987E0,1.570234680E-1,4.817700419E0
1.243496292E0,3.573668518E0,-3.038531342E0,-2.170486450E-2,4.690868842E0
1.253436292E0,4.872517548E0,-3.366798706E0,-4.707710266E-1,5.941244494E0
1.263375292E0,1.005294479E1,-5.170697479E0,-1.211879883E0,1.136954108E1
1.273314292E0,2.474324615E1,-9.281748505E0,-1.492845612E0,2.646899457E1
1.283254292E0,4.830215515E1,-1.436742279E1,-2.255359955E0,5.044410450E1
1.293193292E0,7.274796982E1,-1.851784195E1,-8.345146179E-1,7.507245832E1
1.303133292E0,7.278898453E1,-1.608734619E1,-1.466949463E-1,7.454569401E1
1.313072292E0,4.216327103E1,6.867269440E0,1.438957672E0,4.274308614E1
1.323012292E0,1.894505356E1,3.387021652E1,7.882907410E0,3.960109659E1
1.332951292E0,2.320609268E1,3.093167725E1,1.108115662E1,4.022540773E1
1.342890292E0,2.766906189E1,1.705179062E1,5.620063019E0,3.298371807E1
1.352830292E0,2.067844894E1,1.016087036E1,1.119372253E0,2.306717433E1
1.362769292E0,1.340597214E1,5.689368896E0,-2.050436096E0,1.470691319E1
1.372709292E0,7.397616577E0,3.383414154E0,-3.528761902E0,8.867039129E0
1.382648292E0,3.429518280E0,2.710563354E0,-3.215313721E0,5.426508238E0
1.392586917E0,2.606080627E-1,2.001038818E0,-2.381996613E0,3.121855342E0
1.402526917E0,-1.402283936E0,1.446142731E0,-1.585053864E0,2.563225465E0
1.412465917E0,-1.475781097E0,1.068927155E0,-7.914042664E-1,1.986669530E0
1.422405917E0,-2.121089172E0,6.062393188E-2,5.550457764E-1,2.193346838E0
1.432344917E0,-3.898043976E0,-1.813628540E0,2.369422760E0,4.908987628E0
1.442284917E0,-4.052522736E0,-2.294877777E0,1.591490479E0,4.921610151E0
1.452223917E0,-3.156186676E0,-1.771566010E0,7.319778442E-2,3.620126845E0
1.462162917E0,-3.177891541E0,-2.071242828E0,-4.951702881E-1,3.825471881E0
1.472102917E0,-4.744683380E0,-3.589535522E0,1.082249451E0,6.047152182E0
1.482041917E0,-6.070775757E0,-4.371808777E0,2.660417633E0,7.940078857E0
1.491981917E0,-6.479875031E0,-4.315076752E0,2.246528320E0,8.102811690E0
1.501920917E0,-7.057823181E0,-4.617298279E0,1.635798340E0,8.591166839E0
1.511860917E0,-5.921236725E0,-3.421884155E0,4.357438660E-1,6.852751874E0
1.521799917E0,-4.229305115E0,-2.401605835E0,-1.914518738E-1,4.867379804E0
1.531738917E0,-3.385659485E0,-2.051334229E0,-1.845661926E-1,3.962918993E0
1.541678917E0,-3.358865204E0,-2.169139252E0,-1.023870850E-1,3.999702947E0
1.551617917E0,-3.306174774E0,-2.191592560E0,1.269360352E-1,3.968624742E0
1.561557917E0,-2.852617950E0,-1.823358307E0,4.740641785E-1,3.418596427E0
1.571496917E0,-9.217831421E-1,-3.016227722E-1,2.488125916E0,2.670473933E0
1.581436917E0,9.057664490E-1,1.868115234E-1,2.463876343E0,2.631729097E0
1.591375917E0,9.807604980E-1,-8.321195984E-1,-2.902464294E-1,1.318543579E0
1.601315917E0,1.560205536E0,-5.465135193E-1,-3.153941345E-1,1.682971123E0
1.611254917E0,2.329755249E0,-4.833448792E-1,-1.901046753E-1,2.386948173E0
1.621193917E0,4.399650879E0,-6.107299805E-2,4.384382629E-1,4.421864525E0
1.631133917E0,1.487097565E1,3.986210632E-1,1.336869965E0,1.493626582E1
1.641072917E0,3.227109192E1,4.400848389E-2,-1.844913483E0,3.232381500E1
1.651012917E0,6.058216873E1,8.816665649E-1,-7.490124207E0,6.104980315E1
1.660951917E0,7.919446426E1,6.046376495E0,-1.184397034E1,8.030318469E1
1.670891917E0,7.378890518E1,1.900118683E1,-7.193291473E0,7.653490100E1
1.680830917E0,4.684942612E1,3.114932465E1,3.285517731E0,5.635551242E1
1.690769917E0,2.987996429E1,2.486284744E1,5.604944458E0,3.927325873E1
1.700709917E0,2.474728775E1,1.441098221E1,3.048859863E0,2.879930912E1
1.710648917E0,1.748304382E1,8.066725159E0,1.407223663E0,1.930567674E1
1.720588917E0,1.053718781E1,4.558620300E0,-7.574249268E-2,1.148124918E1
1.730527917E0,4.946912842E0,2.768343201E0,-8.705895996E-1,5.735293976E0
1.740466917E0,7.635621643E-1,1.874402161E0,-1.150956573E0,2.328328085E0
1.750406917E0,-1.520388336E0,1.670376434E0,-1.259331207E0,2.586049732E0
1.760345917E0,-1.636696472E0,1.504221954E0,-1.033600616E0,2.451487154E0
1.770285917E0,-1.732497253E0,4.218228149E-1,-3.439846802E-1,1.815986421E0
1.780224917E0,-2.889890442E0,-1.382974091E0,1.696422272E0,3.625180358E0
1.790164917E0,-4.334087219E0,-3.216660919E0,3.435206451E0,6.397801408E0
1.800103917E0,-5.101092224E0,-4.095333710E0,3.712280273E0,7.521563993E0
1.810043917E0,-5.854774933E0,-4.451143799E0,3.837270355E0,8.295523758E0
1.819982917E0,-5.704337769E0,-4.240232391E0,2.377206573E0,7.494674856E0
1.829921917E0,-5.543422394E0,-4.245621185E0,7.881111145E-1,7.026802275E0
1.839861917E0,-5.457950134E0,-4.323159943E0,2.507286072E-1,6.967194298E0
1.849800917E0,-4.734953613E0,-3.738026733E0,-2.899470520E-1,6.039594264E0
1.859740917E0,-3.831881561E0,-3.145259399E0,-6.366261292E-1,4.998126231E0
1.869679917E0,-3.391647034E0,-2.902613983E0,-5.728587341E-1,4.500733792E0
1.879618917E0,-3.112926636E0,-2.646795959E0,-3.447331238E-1,4.100570938E0
1.889558917E0,-2.801125031E0,-2.353555756E0,-1.095721436E-1,3.660263950E0
1.899497917E0,-2.308649139E0,-1.943708038E0,-1.721420288E-2,3.017972517E0
1.909437917E0,-2.032473450E0,-1.690883789E0,5.643264771E-2,2.644469882E0
1.919376917E0,-1.519490204E0,-1.490600281E0,6.706054688E-2,2.129609540E0
1.929316917E0,-4.592449951E-1,-1.262624359E0,-1.556762695E-2,1.343640052E0
1.939255917E0,9.166937256E-1,-2.122586060E-1,3.498225403E-1,1.003870964E0
1.949194917E0,1.253493347E0,-1.122665405E-2,-1.929487610E-1,1.268306285E0
1.959134917E0,1.456471252E0,-7.306306458E-1,-3.260220337E-1,1.661752092E0
1.969073917E0,1.889221344E0,-1.550775146E-1,-1.716929626E-1,1.903335177E0
1.979013917E0,3.308120728E0,7.458988953E-1,9.613009644E-1,3.524787576E0
1.988952917E0,4.006568298E0,1.070573730E0,6.120771790E-1,4.192058696E0
1.998892917E0,1.011865814E1,5.069956970E-1,-5.221142578E-1,1.014479623E1
2.008831917E0,2.848920639E1,1.110989685E0,-1.496288452E0,2.855009734E1
2.018770917E0,5.324203262E1,4.802912292E0,-4.057612152E0,5.361199699E1
2.028710917E0,7.799276321E1,1.363948654E1,-4.618795166E0,7.931103313E1
2.038649917E0,7.760027939E1,2.403671539E1,-1.903292084E0,8.126001211E1
2.048589917E0,5.786052841E1,2.850911499E1,6.487958221E0,6.482826534E1
2.058528917E0,3.694197876E1,2.011097900E1,6.180946655E0,4.251312001E1
2.068468917E0,2.425630875E1,1.167003204E1,3.368744659E0,2.712759854E1
2.078407917E0,1.377151199E1,7.887996826E0,2.294578400E0,1.603558937E1
2.088347917E0,6.298152924E0,5.887107697E0,1.162033539E0,8.699143017E0
2.098286917E0,1.063388672E0,4.384532318E0,9.220825195E-2,4.512584789E0
2.108225917E0,-2.217488708E0,3.007096710E0,-2.372566223E-1,3.743818572E0
2.118165917E0,-3.515140228E0,2.142195282E0,4.334985352E-1,4.139218819E0
2.128104917E0,-4.523742828E0,5.777984619E-1,1.716330872E0,4.872770454E0
2.138044917E0,-4.912783813E0,-1.542242889E0,2.350561981E0,5.660309140E0
2.147983917E0,-3.882027283E0,-2.257006531E0,1.033151550E0,4.607777819E0
2.157923917E0,-3.647914124E0,-2.947969666E0,4.569996643E-1,4.712393372E0
2.167862917E0,-3.453169098E0,-3.441493378E0,2.326162720E-1,4.880815897E0
2.177801917E0,-2.769241333E0,-3.569028168E0,7.065307617E-2,4.517925573E0
2.187741917E0,-2.132914581E0,-3.979624329E0,1.841171265E-1,4.518919508E0
2.197680917E0,-1.736239471E0,-4.171076202E0,5.016069031E-1,4.545768766E0
2.207620917E0,-1.676813049E0,-3.463497620E0,3.788621521E-1,3.866659320E0
2.217559917E0,-1.532213745E0,-2.008223877E0,8.831634521E-3,2.526008729E0
2.227498917E0,-1.212478638E0,-9.630972290E-1,-1.163081360E-1,1.552800149E0
2.237438917E0,-1.016536102E0,-7.891589355E-1,-5.583389282E-2,1.288112921E0
2.247377917E0,-1.004561005E0,-7.122189331E-1,3.682342529E-2,1.231971828E0
2.257317917E0,-9.996212769E-1,-5.471122742E-1,1.121168518E-1,1.145052281E0
2.267256917E0,-9.651928711E-1,-3.730242920E-1,1.092727661E-1,1.040521474E0
2.277196917E0,-8.599617004E-1,-2.436932373E-1,-4.221221924E-2,8.948197537E-1
2.287135917E0,-8.020321655E-1,-1.796264648E-1,-3.192860413E-1,8.817396654E-1
2.297074917E0,-9.024732971E-1,-9.684860229E-2,-6.036946106E-1,1.090084807E0
2.307014917E0,-9.099577332E-1,-2.275268555E-2,-6.429130554E-1,1.114395781E0
2.316953917E0,-5.538482666E-3,2.571652222E-1,-3.146456909E-1,4.064068615E-1
2.326893917E0,8.011340332E-1,7.161108398E-1,-2.186952209E-1,1.096566493E0
2.336832917E0,1.011596375E0,1.165476379E0,-6.375242615E-1,1.669760342E0
2.346772917E0,1.181193695E0,2.036515045E0,-1.210532684E0,2.647263012E0
2.356711917E0,4.685855713E0,3.908372498E0,-2.518512726E0,6.601176084E0
2.366650917E0,1.615380798E1,7.032974854E0,-4.571643219E0,1.820187269E1
2.376590917E0,3.184283249E1,1.201671112E1,-5.980663147E0,3.455626801E1
2.386529917E0,5.527630234E1,2.008104126E1,-4.694837036E0,5.899796024E1
2.396470125E0,7.850095642E1,3.270803329E1,7.046895905E0,8.533389914E1
2.406409125E0,7.062867691E1,3.258154633E1,4.958738251E0,7.793943962E1
2.416349125E0,3.393592987E1,2.342972763E1,8.847351837E0,4.217671286E1
2.426288125E0,1.705253906E1,1.565265015E1,-2.115700378E0,2.324372460E1
2.436227125E0,1.203647003E1,1.090811646E1,-3.007695465E0,1.651998328E1
2.446167125E0,1.042028091E1,8.317154388E0,-3.730991364E0,1.384476825E1
2.456106125E0,8.136929169E0,6.483168182E0,-4.421954498E0,1.130463478E1
2.466046125E0,5.149591370E0,4.886588287E0,-3.547173615E0,7.935961001E0
2.475985125E0,2.344275055E0,3.110830994E0,-3.198997650E0,5.040484200E0
2.485925125E0,5.450166321E-1,1.644180908E0,-2.934647369E0,3.407716122E0
2.495864125E0,-3.983216858E-1,5.789959717E-1,-2.433339844E0,2.532792786E0
2.505803125E0,-5.984555054E-1,-2.600093079E-1,-1.669777679E0,1.792738500E0
2.515743125E0,-1.325493622E0,-2.842139740E0,4.534071350E-1,3.168638457E0
2.525682125E0,-2.622247009E0,-7.850125580E0,3.801494751E0,9.107799588E0
2.535622125E0,-1.307081909E0,-6.468049622E0,4.361031189E0,7.909660047E0
2.545561125E0,-3.513194275E-1,-5.481750641E0,5.965394897E0,8.109189338E0
2.555501125E0,-8.807684326E-1,-3.707041168E0,4.030219116E0,5.546221541E0
2.565440125E0,-1.170715485E0,-2.706671448E0,2.096989288E0,3.618564515E0
2.575379125E0,-1.164877625E0,-2.116897888E0,6.168672180E-1,2.493736496E0
2.585319125E0,-9.259744263E-1,-1.594484253E0,-2.583627319E-1,1.861870020E0
2.595258125E0,-7.475454712E-1,-1.281485138E0,-3.309617615E-1,1.520053972E0
2.605198125E0,-6.511459351E-1,-1.120270386E0,-2.592608643E-1,1.321443514E0
2.615137125E0,-5.998027039E-1,-9.827064514E-1,-1.441502380E-1,1.160282097E0
2.625077125E0,-5.815406799E-1,-8.431965637E-1,-9.894424438E-2,1.029057807E0
2.635016125E0,-5.490582275E-1,-7.623646545E-1,-5.792953491E-2,9.412866910E-1
2.644955125E0,-3.643423462E-1,-7.174580383E-1,2.769241333E-2,8.051448638E-1
2.654895125E0,-4.490661621E-4,-5.116360474E-1,1.347198486E-3,5.116380181E-1
2.664834125E0,5.203179932E-1,-1.710942078E-1,-2.198927307E-1,5.902176336E-1
2.674774125E0,1.150657196E0,2.568658447E-1,-4.743635559E-1,1.270831550E0
2.684713125E0,2.420915680E0,2.351759491E0,-1.409918060E0,3.657796382E0
2.694653125E0,3.703748016E0,5.849535828E0,-6.447093201E-1,6.953450142E0
2.704592125E0,4.026177521E0,1.629810791E0,1.467548218E0,4.584766779E0
2.714531125E0,6.594386902E0,2.475851440E-1,2.044897614E0,6.908606463E0
2.724471125E0,9.739646301E0,2.138902130E0,1.339414673E0,1.006129435E1
2.734410125E0,1.464584381E1,3.763174438E0,-2.600093079E-1,1.512381657E1
2.744350125E0,2.303020844E1,5.613626404E0,-1.858684845E0,2.377725828E1
2.754289125E0,3.621568909E1,9.017847290E0,-2.515069885E0,3.740619310E1
2.764229125E0,5.287110397E1,1.505898468E1,-1.049916687E0,5.498389746E1
2.774168125E0,6.139243378E1,2.205438766E1,2.293231201E0,6.527392933E1
2.784107125E0,4.894072723E1,2.606454849E1,6.109844513E0,5.578427798E1
2.794047125E0,3.165871536E1,2.411889450E1,8.227790222E0,4.064101207E1
2.803986125E0,1.842967529E1,1.961850311E1,8.152945862E0,2.812488439E1
2.813926125E0,1.159488831E1,1.229558121E1,5.071304169E0,1.764485415E1
2.823865125E0,8.789871368E0,9.202862549E0,6.860982513E0,1.445778679E1
2.833805125E0,1.115600098E1,6.771917725E0,-1.096020813E0,1.309643039E1
2.843744125E0,8.901239777E0,5.133874054E0,-3.223247223E0,1.076931080E1
2.853683125E0,5.530399475E0,3.684587860E0,-2.177072754E0,6.992935852E0
2.863623125E0,3.018473053E0,2.508333893E0,-7.454498291E-1,3.994823392E0
2.873562125E0,1.051114197E0,1.187929688E0,3.219804382E-1,1.618545458E0
2.883502125E0,-2.227368164E-1,-3.622467041E-2,6.786886597E-1,7.152217928E-1
2.893441125E0,-1.782493286E0,-2.118095398E0,3.123255157E0,4.173527670E0
2.903381125E0,-4.088148651E0,-5.544769592E0,6.590045929E0,9.533421976E0
2.913320125E0,-3.991449738E0,-5.893244934E0,5.157524872E0,8.789884508E0
2.923259125E0,-2.725681915E0,-4.860991516E0,3.114124146E0,6.384069988E0
2.933199125E0,-1.807491302E0,-4.110302582E0,2.087708588E0,4.951781424E0
2.943138125E0,-1.310524750E0,-3.035238190E0,1.002914429E0,3.454849250E0
2.953078125E0,-1.133742371E0,-1.713037720E0,-9.954299927E-2,2.056642604E0
2.963017125E0,-1.251996460E0,-8.307723999E-1,-6.770420837E-1,1.648048512E0
2.972957125E0,-1.028361511E0,-5.677693176E-1,-6.116281128E-1,1.324378475E0
2.982896125E0,-7.881111145E-1,-4.935237122E-1,-3.833528137E-1,1.005805231E0
2.992835125E0,-6.481521606E-1,-4.784051514E-1,-2.140548706E-1,8.335419605E-1
3.002775125E0,-5.791456604E-1,-5.514532471E-1,-1.689985657E-1,8.173560392E-1
3.012714125E0,-5.998027039E-1,-7.096742249E-1,-2.853067017E-1,9.720085920E-1
3.022654125E0,-3.844006348E-1,-8.512797546E-1,-3.571572876E-1,1.000001198E0
3.032593125E0,-1.242416382E-1,-8.906478882E-1,-5.281018066E-1,1.042871595E0
3.042533125E0,1.466949463E-1,-6.735992432E-1,-1.048120422E0,1.254516547E0
3.052472125E0,6.489006042E-1,-3.135978699E-1,-1.504820709E0,1.668502618E0
3.062411125E0,1.491348724E0,1.013392639E-1,-1.852996674E0,2.380753523E0
3.072351125E0,2.987038422E0,1.406924286E0,-2.899320831E0,4.394075075E0
3.082290125E0,5.597310333E0,3.576362915E0,-3.686683502E0,7.596834203E0
3.092230125E0,8.115224304E0,2.850821686E0,-2.439926147E0,8.940765593E0
3.102169125E0,1.183109711E1,4.380490723E0,-2.485581207E0,1.285852525E1
3.112109125E0,1.810470108E1,6.543792114E0,-3.277883606E0,1.952808074E1
3.122048125E0,2.860566422E1,9.007967834E0,-5.532345428E0,3.049646464E1
3.131987125E0,4.565161697E1,1.437475754E1,-5.450465698E0,4.817064835E1
3.141927125E0,6.274966141E1,2.042113403E1,-1.880090332E-1,6.598922692E1
3.151866125E0,6.178925858E1,2.274385391E1,2.768941956E0,6.590039761E1
3.161806125E0,3.816628281E1,1.988824219E1,8.484805756E0,4.386569559E1
3.171745125E0,1.841770020E1,1.778451691E1,1.370819366E1,2.904161317E1
3.181685125E0,9.642348633E0,1.440140213E1,1.294208679E1,2.163036941E1
3.191624125E0,1.163440613E1,9.858349457E0,3.913611603E0,1.574365954E1
3.201563125E0,1.230740662E1,7.171586609E0,-8.714877319E-1,1.427106874E1
3.211503125E0,7.727979584E0,5.784121857E0,-9.945318604E-1,9.703959384E0
3.221442125E0,3.008743286E0,4.594545593E0,-4.007167053E-1,5.506628664E0
3.231382125E0,-5.837860107E-2,3.470532990E0,-1.360670471E-1,3.473689902E0
3.241321125E0,-1.525477753E0,2.801125031E0,1.225950623E-1,3.191929410E0
3.251261125E0,-1.470841370E0,1.903741150E0,-6.643185425E-1,2.495781206E0
3.261200125E0,-1.996847534E-1,1.143771515E0,-1.169817352E0,1.648198992E0
3.271139125E0,1.118623810E0,6.836283875E-1,-6.662644958E-1,1.470569746E0
3.281079125E0,1.686093750E0,4.302053833E-1,-2.933898926E-2,1.740359038E0
3.291018125E0,1.589843903E0,2.526745605E-1,2.528242493E-1,1.629530045E0
3.300958125E0,1.263372803E0,5.837860107E-2,2.797682190E-1,1.295295007E0
3.310897125E0,8.783734131E-1,-2.543211365E-1,7.185058594E-2,9.172685539E-1
3.320836125E0,4.270619202E-1,-7.273374939E-1,1.490899658E-1,8.565217636E-1
3.330776125E0,-3.038681030E-2,-1.269360352E0,3.764671326E-1,1.324358925E0
3.340715125E0,-3.144960022E-1,-1.676663361E0,5.046006775E-1,1.778968691E0
3.350655125E0,-5.764512634E-1,-2.088157654E0,6.703060913E-1,2.267599767E0
3.360594125E0,-8.604107666E-1,-2.677182770E0,8.216413879E-1,2.929626058E0
3.370534125E0,-1.048120422E0,-3.222947845E0,8.963360596E-1,3.505619427E0
3.380473125E0,-1.064137115E0,-3.153043213E0,8.782237244E-1,3.441706875E0
3.390412125E0,-1.033450928E0,-2.738704834E0,8.372090149E-1,3.044576148E0
3.400352250E0,-9.865983582E-1,-2.538870392E0,6.210585022E-1,2.793734570E0
3.410291250E0,-1.152752838E0,-2.822081451E0,2.378553772E-1,3.057704695E0
3.420231250E0,-1.376387787E0,-3.176843719E0,1.049317932E-1,3.463782620E0
3.430170250E0,-2.989283752E-1,-9.975256348E-1,1.355880432E0,1.709627828E0
3.440110250E0,2.054328003E0,1.271156616E0,3.476670227E0,4.233596409E0
3.450049250E0,3.556454315E0,8.009843445E-1,2.344724121E0,4.334475103E0
3.459988250E0,5.152435455E0,8.937913513E-1,9.581575012E-1,5.316438648E0
3.469928250E0,8.321345673E0,2.394121399E0,1.313518524E0,8.757964489E0
3.479867250E0,1.399290161E1,4.697531433E0,1.421893158E0,1.482868427E1
3.489807250E0,2.315025879E1,7.377707977E0,-4.261637878E-1,2.430116607E1
3.499746250E0,3.933834549E1,1.265363663E1,-4.255500641E0,4.154189730E1
3.509686250E0,5.957895493E1,1.945160019E1,-6.424190826E0,6.300227653E1
3.519625250E0,7.163668076E1,2.566502930E1,-3.633244629E0,7.618207286E1
3.529564250E0,5.907031265E1,2.526565979E1,-6.210585022E-1,6.424983358E1
3.539504250E0,3.121144547E1,1.952090607E1,3.202290802E0,3.695233102E1
3.549443250E0,1.406415344E1,1.648132690E1,8.737031250E0,2.336172647E1
3.559383250E0,5.243895264E0,1.334924011E1,1.200787949E1,1.870534199E1
3.569322250E0,4.079766083E0,9.964927826E0,8.963061218E0,1.401002299E1
3.579262250E0,5.080435181E0,7.209607544E0,3.764970703E0,9.589800152E0
3.589201250E0,3.693269806E0,4.927752686E0,9.641450500E-1,6.233182499E0
3.599140250E0,2.007176056E0,2.802023163E0,-7.226971436E-1,3.521701391E0
3.609080250E0,1.598226471E0,1.468296661E0,-1.231040039E0,2.495131763E0
3.619019250E0,1.507814484E0,6.882687378E-1,-8.482859802E-1,1.861936486E0
3.628959250E0,1.257235565E0,9.729766846E-3,-8.134085083E-1,1.497454285E0
3.638898250E0,9.060658264E-1,-5.508544922E-1,-8.598120117E-1,1.365163964E0
3.648838250E0,6.090834045E-1,-9.880952454E-1,-7.984396362E-1,1.408836634E0
3.658777250E0,4.385879517E-1,-1.735191650E0,-4.067042542E-1,1.835390369E0
3.668716250E0,2.203417969E-1,-2.690355377E0,1.657054138E-1,2.704444647E0
3.678656250E0,5.523513794E-2,-3.255280609E0,6.218069458E-1,3.314596000E0
3.688595250E0,-1.407073975E-1,-3.340603180E0,6.444099426E-1,3.405097994E0
3.698535250E0,-3.620970154E-1,-3.060236206E0,5.590873718E-1,3.131890575E0
3.708474250E0,-6.617738342E-1,-2.903212738E0,5.213658142E-1,3.022980503E0
3.718414250E0,-9.846524048E-1,-3.264561310E0,5.737568665E-1,3.457759079E0
3.728353250E0,-1.184187469E0,-4.082909546E0,4.168830872E-1,4.271561990E0
3.738292250E0,-1.458716583E0,-4.790188751E0,1.700463867E-1,5.010257290E0
3.748232250E0,-1.528621216E0,-4.711153107E0,6.990463257E-2,4.953436491E0
3.758171250E0,-1.588646393E0,-3.946243744E0,2.472857666E-1,4.261195525E0
3.768111250E0,-1.448238373E0,-3.098855896E0,3.906875610E-1,3.442809756E0
3.778050250E0,-1.304986267E0,-2.200573883E0,6.128256226E-1,2.630792621E0
3.787990250E0,-1.341061249E0,-9.283694458E-1,1.038240967E0,1.933457888E0
3.797929250E0,-1.370998993E0,3.947291565E-1,1.551224213E0,2.107544994E0
3.807868250E0,-1.279239807E0,2.134860535E0,2.470911713E0,3.507062685E0
3.817808250E0,-2.004331970E-1,3.357967072E0,3.074157257E0,4.557034031E0
3.827747250E0,1.196611633E0,1.148711243E0,1.377734985E0,2.156286301E0
3.837687250E0,2.798580322E0,5.180726624E-1,5.167254639E-1,2.892655581E0
3.847626250E0,5.359754333E0,1.760638733E0,2.218386841E-1,5.645885906E0
3.857566250E0,8.809181213E0,3.346441040E0,-3.426374817E-1,9.429620445E0
3.867505250E0,1.513607437E1,6.287075958E0,-1.503323822E0,1.645867716E1
3.877444250E0,3.043665665E1,1.128967300E1,-6.630611572E0,3.313324304E1
3.887384250E0,5.368436279E1,1.913261353E1,-1.153291718E1,5.814701959E1
3.897323250E0,7.184624496E1,2.827215775E1,-5.957012329E0,7.743825808E1
3.907263250E0,7.309075699E1,3.265294785E1,2.281555481E0,8.008544971E1
3.917202250E0,4.635006454E1,2.452185654E1,3.615581360E0,5.256160538E1
3.927141250E0,2.435689957E1,1.627565460E1,3.238216095E0,2.947272523E1
3.937081250E0,1.100421661E1,1.486977814E1,1.162587387E1,2.184866194E1
3.947020250E0,2.885100403E0,1.240874588E1,1.725416977E1,2.144777735E1
3.956960250E0,3.257975006E0,8.707841949E0,1.336929840E1,1.628431921E1
3.966899250E0,7.894583130E0,6.255192261E0,3.231929169E0,1.057814914E1
3.976839250E0,8.279283142E0,4.772375793E0,-7.047344971E-1,9.582210119E0
3.986778250E0,5.960455170E0,3.461701355E0,-7.756869507E-1,6.936288081E0
3.996717250E0,3.179687805E0,1.625170441E0,-8.313711548E-1,3.666438530E0
4.006657250E0,1.440005493E0,4.200265503E-1,-1.473236389E0,2.102489853E0
4.016596250E0,5.969586182E-1,1.721420288E-2,-1.888023834E0,1.980224714E0
4.026536250E0,2.395019531E-2,-1.796264648E-2,-1.826651459E0,1.826896773E0
4.036475250E0,-3.399430847E-1,-1.634600830E-1,-1.225202179E0,1.281951980E0
4.046415250E0,-6.134243774E-1,-6.411167908E-1,-7.460485840E-1,1.159270760E0
4.056354250E0,-8.373587036E-1,-1.147663422E0,-5.737568665E-1,1.532154649E0
4.066293250E0,-1.016087036E0,-1.522783356E0,-6.047424316E-1,1.927956281E0
4.076233250E0,-1.236428833E0,-1.904639282E0,-8.470884705E-1,2.423626607E0
4.086172250E0,-1.218466187E0,-2.695744171E0,-5.568420410E-1,3.010277320E0
4.096112250E0,-1.089584198E0,-4.082610168E0,1.832189941E-1,4.229476175E0
4.106051250E0,-1.393452301E0,-4.953349457E0,3.402424622E-1,5.156854185E0
4.115991250E0,-2.055824890E0,-5.757477264E0,-2.993774414E-2,6.113579696E0
4.125930250E0,-2.300715637E0,-5.393883362E0,-3.113525391E-1,5.872325823E0
4.135869250E0,-1.984573059E0,-4.081262970E0,-3.293151855E-2,4.538317105E0
4.145809250E0,-1.947300568E0,-3.236120453E0,3.176394653E-1,3.790164893E0
4.155748250E0,-2.024090881E0,-2.280357971E0,4.960684204E-1,3.089184399E0
4.165688250E0,-1.907782745E0,-1.137185211E0,6.222560120E-1,2.306518535E0
4.175627250E0,-1.498384094E0,-1.663041687E-1,8.090675354E-1,1.710965297E0
4.185567250E0,-4.912783813E-1,1.222657471E0,1.494641876E0,1.992536092E0
4.195506250E0,1.590891724E0,1.730401611E0,1.773661652E0,2.944673474E0
4.205445250E0,3.345692596E0,-3.083587646E-2,1.046773224E0,3.505758689E0
4.215385250E0,5.034331055E0,-3.632945251E-1,1.163380737E0,5.179761271E0
4.225324250E0,7.558831329E0,5.857319641E-1,1.137634277E0,7.666369724E0
4.235264250E0,1.164024399E1,1.681603088E0,1.082099762E0,1.181075819E1
4.245203250E0,1.834540054E1,4.400998077E0,1.885329437E0,1.895987796E1
4.255143250E0,3.027229843E1,7.778424683E0,-1.062789917E-1,3.125583526E1
4.265082250E0,4.884208237E1,1.473954895E1,-4.632416840E0,5.122755703E1
4.275021250E0,6.640401215E1,2.285701859E1,-4.905000000E0,7.039882920E1
4.284961250E0,6.540888153E1,2.639700714E1,-1.486858063E0,7.055022690E1
4.294900250E0,3.718836639E1,2.485745865E1,5.884712677E0,4.511649021E1
4.304840250E0,1.801009781E1,1.825004883E1,7.631580048E0,2.675198907E1
4.314779250E0,1.236937775E1,1.315509384E1,3.774251404E0,1.844730261E1
4.324719250E0,7.593708801E0,1.060424835E1,2.558778992E0,1.329142003E1
4.334658250E0,4.887486420E0,8.440198517E0,3.742218018E-1,9.760354321E0
4.344597250E0,3.230881348E0,6.631509705E0,-2.004781036E0,7.644256815E0
4.354537250E0,1.249152374E0,5.362598419E0,-2.616558838E0,6.096246682E0
4.364476250E0,-1.688488770E-1,4.099524994E0,-2.511627045E0,4.810705305E0
4.374416250E0,-4.002676392E-1,3.436703339E0,-2.480641479E0,4.257314432E0
4.384355250E0,-4.670288086E-1,3.194806366E0,-1.959575043E0,3.776882044E0
4.394295250E0,-8.744815063E-1,2.170636139E0,-1.101858673E0,2.586594612E0
4.404234625E0,-7.774832153E-1,9.274713135E-1,-6.512956238E-1,1.374361371E0
4.414173625E0,-4.978646851E-1,-2.453398132E-1,2.427951050E-1,6.058137763E-1
4.424113625E0,2.457888794E-1,-9.470805359E-1,1.217118988E0,1.561650520E0
4.434052625E0,8.321195984E-1,-5.215155029E-1,1.116827545E0,1.487180289E0
4.443992625E0,6.189628601E-1,9.984237671E-2,7.782316589E-1,9.993638163E-1
4.453931625E0,4.385879517E-2,7.370672607E-1,1.023870850E-1,7.454360173E-1
4.463871625E0,-1.585203552E-1,7.360194397E-1,-1.511856079E-1,7.679260424E-1
4.473810625E0,-8.158035278E-2,3.499722290E-1,2.694396973E-3,3.593649605E-1
4.483749625E0,-6.137237549E-3,5.568420410E-2,1.222956848E-1,1.345162845E-1
4.493689625E0,-6.780899048E-2,-1.924996948E-1,2.339634705E-1,3.104723775E-1
4.503628625E0,-1.413061523E-1,-4.343966675E-1,2.061213684E-1,5.011525835E-1
4.513568625E0,-2.209405518E-1,-5.668711853E-1,1.047821045E-3,6.084067439E-1
4.523507625E0,-2.920426941E-1,-6.039939880E-1,-9.654922485E-2,6.778048580E-1
4.533446625E0,-3.574566650E-1,-6.191125488E-1,-1.692979431E-1,7.346682306E-1
4.543386625E0,-4.507127380E-1,-6.185137939E-1,-2.269281006E-1,7.982466087E-1
4.553325625E0,-4.793032837E-1,-5.593867493E-1,-3.230282593E-1,8.043583961E-1
4.563265625E0,-4.981640625E-1,-4.152365112E-1,-5.044509888E-1,8.216201029E-1
4.573204625E0,-1.823208618E-1,2.926414490E-1,-8.544232178E-1,9.213679772E-1
4.583144625E0,1.958078156E0,2.642155609E0,-1.455573120E0,3.596352240E0
4.593083625E0,3.376977539E0,2.177072754E0,-4.502636719E-1,4.043063251E0
4.603022625E0,5.568570099E0,5.309758301E0,1.458117828E0,7.831258760E0
4.612962625E0,9.738448792E0,7.610473938E0,2.385738831E0,1.258763076E1
4.622901625E0,1.776879959E1,7.601642303E0,4.670288086E-2,1.932659788E1
4.632841625E0,3.011302963E1,1.182540894E1,-3.966601410E0,3.259399909E1
4.642780625E0,4.505151489E1,1.755818756E1,-5.716462555E0,4.868887849E1
4.652720625E0,6.084352524E1,2.369527542E1,-1.623673553E0,6.531490608E1
4.662659625E0,6.588983139E1,2.740905258E1,8.360414429E0,7.185139229E1
4.672598625E0,3.772874268E1,1.996637970E1,5.638923798E0,4.305707612E1
4.682538625E0,1.888338181E1,1.373214386E1,5.437143402E0,2.397324366E1
4.692477625E0,1.176164154E1,1.125120300E1,3.565285950E0,1.666244414E1
4.702417625E0,7.520660706E0,8.462951202E0,3.567680969E0,1.187056140E1
4.712356625E0,8.297545166E0,6.544839935E0,-1.005758514E0,1.061582478E1
4.722296625E0,5.720204773E0,5.165757751E0,-1.345402222E0,7.824059236E0
4.732235625E0,2.389780426E0,3.699706421E0,-5.528004456E-1,4.438971324E0
4.742174625E0,-2.118095398E-1,2.312391357E0,-6.617738342E-1,2.414531358E0
4.752114625E0,-2.506837006E0,4.059558105E-1,-2.432441711E-1,2.551117328E0
4.762053625E0,-3.519930267E0,-1.113983459E0,-5.637277222E-1,3.734790112E0
4.771993625E0,-2.556683350E0,-1.200802917E0,-2.729873199E0,3.928201253E0
4.781932625E0,-1.298399963E0,-8.918453979E-1,-2.850222931E0,3.256532118E0
4.791872625E0,-3.906875610E-1,-1.302591248E0,-1.586550751E0,2.089622936E0
4.801811625E0,2.797682190E-1,-1.954785004E0,-5.809419250E-1,2.058384849E0
4.811750625E0,7.286846924E-1,-2.461331635E0,3.502716064E-2,2.567169978E0
4.821690625E0,8.343649292E-1,-2.685565338E0,2.835104370E-1,2.826447273E0
4.831629625E0,7.069798279E-1,-2.763553162E0,4.746629333E-1,2.891773064E0
4.841569625E0,6.258485413E-1,-3.254681854E0,1.006956024E0,3.463899653E0
4.851508625E0,5.885760498E-1,-3.891158295E0,1.599873047E0,4.248191192E0
4.861448625E0,2.381547546E-1,-3.306623840E0,1.478625183E0,3.629987788E0
4.871387625E0,5.538482666E-3,-2.675236816E0,1.353784790E0,2.998275497E0
4.881326625E0,-9.639953613E-2,-2.596051483E0,1.067729645E0,2.808704820E0
4.891266625E0,-3.532653809E-1,-2.507884827E0,7.370672607E-1,2.637716983E0
4.901205625E0,-5.505551147E-1,-2.343376923E0,5.129832458E-1,2.461235086E0
4.911145625E0,-9.232800293E-1,-2.318079529E0,8.532257080E-1,2.637031062E0
4.921084625E0,-1.106798401E0,-8.334667969E-1,2.006128235E0,2.438077131E0
4.931024625E0,-6.227050781E-2,1.532662811E0,2.999911652E0,3.369332698E0
4.940963625E0,1.746867371E0,9.047186279E-1,1.984273682E0,2.794173125E0
4.950902625E0,3.968397675E0,8.339158630E-1,1.215173035E0,4.233230595E0
4.960842625E0,7.176526337E0,2.292632446E0,1.660946045E0,7.714754407E0
4.970781625E0,1.159668457E1,5.566773834E0,2.516117706E0,1.310736100E1
4.980721625E0,1.744517258E1,9.807305603E0,1.270857239E0,2.005323833E1
4.990660625E0,2.806453949E1,1.246682510E1,-2.173480225E0,3.078577791E1
5.000600625E0,4.408916611E1,1.967658234E1,-7.299869843E0,4.882940262E1
5.010539625E0,6.044415573E1,2.678305435E1,-7.354655914E0,6.652006409E1
5.020478625E0,6.692058792E1,2.858006744E1,-3.657494202E0,7.285988338E1
5.030418625E0,4.600862457E1,2.193074478E1,-9.783654785E-1,5.097752741E1
5.040357625E0,2.218446716E1,1.525298126E1,3.112327881E0,2.710148715E1
5.050297625E0,1.003812561E1,1.266276764E1,8.650211792E0,1.832855188E1
5.060236625E0,5.857319641E0,1.074794952E1,9.852361908E0,1.571291340E1
5.070176625E0,7.115303650E0,8.593779144E0,5.445226593E0,1.241495383E1
5.080115625E0,6.750811615E0,6.895560608E0,2.658172302E0,1.000940026E1
5.090054625E0,4.564158783E0,5.250780945E0,1.320104828E0,7.081307978E0
5.099994625E0,2.427352295E0,3.501817932E0,-1.444496155E-1,4.263289069E0
5.109933625E0,8.632548523E-1,2.073787537E0,-1.198707275E0,2.546115241E0
5.119873625E0,1.362167358E-2,1.287921753E0,-1.475631409E0,1.958677116E0
5.129812625E0,-3.782633972E-1,7.035369873E-1,-1.281185760E0,1.509796159E0
5.139751625E0,-5.155279541E-1,-1.164578247E-1,-9.095086670E-1,1.051920868E0
5.149691625E0,-7.111711121E-1,-1.294957123E0,-5.414241028E-1,1.573473343E0
5.159630625E0,-9.502239990E-1,-2.569706268E0,-1.646575928E-1,2.744709106E0
5.169570625E0,-8.988807678E-1,-3.317102051E0,-1.282832336E-1,3.439129139E0
5.179509625E0,-6.433621216E-1,-3.647914124E0,1.191522217E-1,3.706128644E0
5.189449625E0,-4.143383789E-1,-3.873195648E0,4.326004028E-1,3.919242775E0
5.199388625E0,-2.890489197E-1,-3.858226776E0,8.223898315E-1,3.955475720E0
5.209327625E0,-3.980223083E-1,-3.244503021E0,9.192384338E-1,3.395617898E0
5.219267625E0,-6.526428223E-1,-2.731519775E0,8.818162537E-1,2.943593525E0
5.229206625E0,-7.282356262E-1,-2.880310364E0,7.773335266E-1,3.070954629E0
5.239146625E0,-5.412744141E-1,-3.482358398E0,5.695655823E-1,3.569902374E0
5.249085625E0,-4.484674072E-1,-4.253854065E0,2.850073242E-1,4.286913411E0
5.259025625E0,-4.411326599E-1,-4.888833618E0,-1.374142456E-1,4.910618581E0
5.268964625E0,-5.923182678E-1,-5.694757690E0,-4.138893127E-1,5.740419013E0
5.278903625E0,-9.126521301E-1,-5.285508728E0,-1.369651794E-1,5.365472569E0
5.288843625E0,-1.142274628E0,-3.465742950E0,5.517526245E-1,3.690609229E0
5.298782625E0,-1.360820160E0,-8.520281982E-1,1.787283325E0,2.402533089E0
5.308722625E0,-8.834628296E-1,1.619781647E0,3.593876495E0,4.039820221E0
5.318661625E0,1.263522491E0,1.828747101E0,3.800895996E0,4.403136997E0
5.328601625E0,3.879781952E0,7.963439941E-2,2.480791168E0,4.605797917E0
5.338540625E0,7.619155884E0,4.363426208E-1,2.688708801E0,8.091420535E0
5.348479625E0,1.496483047E1,4.138144684E0,5.184319153E0,1.636910375E1
5.358419625E0,2.653681641E1,8.496780853E0,2.832409973E0,2.800750714E1
5.368358625E0,4.576373383E1,1.344953156E1,-4.871918793E0,4.794731302E1
5.378298625E0,6.987215012E1,2.144725021E1,-7.558382263E0,7.347946003E1
5.388237625E0,7.881440460E1,2.957579681E1,-2.464624786E0,8.421705590E1
5.398177500E0,5.895595047E1,3.085982666E1,1.672621765E0,6.656523613E1
5.408116500E0,2.731025803E1,2.365216507E1,8.858877869E0,3.719885513E1
5.418055500E0,9.453441467E0,1.813149536E1,1.483310440E1,2.526142644E1
5.427995500E0,3.423680420E0,1.340537338E1,1.205937241E1,1.835358510E1
5.437934500E0,5.770649872E0,9.145831146E0,4.981191559E0,1.190625452E1
5.447874500E0,6.350394287E0,6.304589539E0,4.894821167E-1,8.961860833E0
5.457813500E0,3.829785919E0,4.301155701E0,-1.548829193E0,5.963729741E0
5.467753500E0,1.412313080E0,2.831212463E0,-2.244582367E0,3.879245062E0
5.477692500E0,-2.320175171E-2,1.821262665E0,-1.852098541E0,2.597653753E0
5.487631500E0,-6.798861694E-1,1.139280853E0,-1.278042297E0,1.842172136E0
5.497571500E0,-6.692582703E-1,6.824308777E-1,-9.533674622E-1,1.350010390E0
5.507510500E0,-4.718188477E-1,4.343966675E-1,-9.916877747E-1,1.180998786E0
5.517450500E0,-5.195695496E-1,3.514691162E-1,-1.118773499E0,1.282629018E0
5.527389500E0,-6.920109558E-1,1.116677856E-1,-1.118324432E0,1.319847868E0
5.537329500E0,-1.127156067E0,-3.875440979E-1,-1.161135406E0,1.664003203E0
5.547268500E0,-1.703607330E0,-8.637039185E-1,-1.040785675E0,2.175200500E0
5.557207500E0,-2.140399017E0,-1.172661438E0,-8.545729065E-1,2.585872706E0
5.567147500E0,-2.491269379E0,-1.335073700E0,-9.859996033E-1,2.993499644E0
5.577086500E0,-2.669099579E0,-1.661694489E0,-1.373543701E0,3.431026586E0
5.587026500E0,-2.747087402E0,-1.995650024E0,-1.747316437E0,3.818667693E0
5.596965500E0,-2.729124756E0,-2.173180847E0,-2.054028625E0,4.048440505E0
5.606905500E0,-2.718496857E0,-2.235750732E0,-1.670376434E0,3.896018985E0
5.616844500E0,-2.651735687E0,-2.198328552E0,-1.213975525E0,3.652134602E0
5.626783500E0,-2.515069885E0,-2.226020966E0,-1.062789917E0,3.522821068E0
5.636723500E0,-2.790646820E0,-3.011138306E0,-1.496587830E0,4.369718378E0
5.646662500E0,-2.584375763E0,-2.727178802E0,-9.186396790E-1,3.867867780E0
5.656602500E0,-2.012415161E0,-1.771566010E0,-1.598675537E-1,2.685855272E0
5.666541500E0,-1.548829193E0,-8.901988220E-1,2.754272461E-2,1.786640539E0
5.676481500E0,-1.376836853E0,1.697919159E0,2.583327942E0,3.384108811E0
5.686420500E0,-1.832938385E0,3.644620972E0,9.704768829E0,1.052736734E1
5.696359500E0,3.643423462E-1,-4.957690430E-1,1.157991943E0,1.311288538E0
5.706299500E0,1.273701324E0,2.035766602E-2,3.459306335E-1,1.319999054E0
5.716238500E0,1.695973206E0,1.046773224E0,1.252894592E0,2.354103684E0
5.726178500E0,4.925507355E0,2.486479340E0,-6.406677246E-2,5.517907824E0
5.736117500E0,1.115555191E1,4.967569885E0,1.446891174E0,1.229701521E1
5.746056500E0,3.575195343E1,1.206910217E1,2.897973633E-1,3.773525386E1
5.755996500E0,6.951379532E1,2.278801208E1,-1.962269440E0,7.317999546E1
5.765935500E0,7.963844101E1,3.211212250E1,8.762777710E-1,8.587338098E1
5.775875500E0,7.464392715E1,3.771616882E1,1.761836243E0,8.365004076E1
5.785814500E0,4.318744125E1,2.825434479E1,6.619684296E0,5.203156063E1
5.795754500E0,1.909803543E1,1.655557251E1,8.649762726E0,2.671404750E1
5.805693500E0,1.016536102E1,1.028825546E1,7.063211975E0,1.609570528E1
5.815632500E0,5.855972443E0,5.860313416E0,3.452720032E0,8.975353040E0
5.825572500E0,2.667752380E0,3.715872803E0,1.899549866E-1,4.578285306E0
5.835511500E0,-2.148033142E-1,1.965712280E0,-1.855391693E0,2.711575846E0
5.845451500E0,-1.835483093E0,8.500822449E-1,-2.874472504E0,3.514858487E0
5.855390500E0,-1.840572510E0,3.996688843E-1,-2.623893585E0,3.229900916E0
5.865330500E0,-1.698218536E0,-2.841091919E-1,-1.920206909E0,2.579119773E0
5.875269500E0,-2.100132751E0,-1.008602600E0,-1.192570038E0,2.617261942E0
5.885208500E0,-2.768193512E0,-2.000290375E0,-6.821315002E-1,3.482723114E0
5.895148500E0,-3.495980072E0,-2.794239349E0,-6.280938721E-1,4.519308810E0
5.905087500E0,-4.181853790E0,-3.484753418E0,-7.264393616E-1,5.491732118E0
5.915027500E0,-4.842879181E0,-4.007017365E0,-7.918533325E-1,6.335353078E0
5.924966500E0,-4.556674347E0,-3.656147003E0,-1.363664246E0,5.999189294E0
5.934906500E0,-3.868555298E0,-3.258124695E0,-1.117426300E0,5.179743059E0
5.944845500E0,-3.935915222E0,-3.334465942E0,-3.546125793E-1,5.170671314E0
5.954784500E0,-4.604425049E0,-3.854634247E0,-2.576142883E-1,6.010432624E0
5.964724500E0,-4.873265991E0,-4.266727295E0,-3.276686096E-1,6.485449094E0
5.974663500E0,-4.495751038E0,-4.657115479E0,-2.490820312E-1,6.477850248E0
5.984603500E0,-4.528383179E0,-5.915398865E0,-6.286926270E-2,7.449976543E0
5.994542500E0,-4.513414307E0,-6.348148956E0,4.614903259E-1,7.802748054E0
6.004482500E0,-3.825295258E0,-5.796546021E0,9.172924805E-1,7.005301926E0
6.014421500E0,-2.310894470E0,-5.064268799E0,1.155746613E0,5.685314587E0
6.024360500E0,-1.025667114E0,-3.052452393E0,2.477198639E0,4.062754206E0
6.034300500E0,1.194515991E0,1.418899384E0,5.193450165E0,5.514713821E0
6.044239500E0,3.090323639E0,8.684939575E-1,3.839216309E0,5.004394450E0
6.054179500E0,3.055895233E0,-1.208736420E0,1.182840271E0,3.492656656E0
6.064118500E0,3.427272949E0,-5.631289673E-1,1.391506348E0,3.741604471E0
6.074058500E0,4.495751038E0,-5.462141418E-1,1.585802307E0,4.798426434E0
6.083997500E0,7.414681091E0,-4.682263184E-1,1.096769257E0,7.509968999E0
6.093936500E0,2.084639969E1,9.214837646E-1,1.664538574E0,2.093304089E1
6.103876500E0,4.309613113E1,5.179229736E0,-3.233276367E-1,4.340743577E1
6.113815500E0,6.926875488E1,1.622850266E1,-6.480623474E0,7.143894724E1
6.123755500E0,7.961523926E1,3.434308319E1,-3.939208374E0,8.679603129E1
6.133694500E0,6.972560486E1,4.413362366E1,9.337582397E-1,8.252459400E1
6.143634500E0,4.375955154E1,3.533551941E1,6.542444916E0,5.662420744E1
6.153573500E0,2.575139969E1,2.127525787E1,8.593180389E0,3.449078040E1
6.163512500E0,1.513188309E1,1.237446716E1,6.892716522E0,2.072705634E1
6.173452500E0,8.485703888E0,7.027286682E0,3.368744659E0,1.152121388E1
6.183391500E0,3.850592651E0,4.268224182E0,3.712280273E-1,5.760435026E0
6.193331500E0,4.394860840E-1,2.363734589E0,-1.180145874E0,2.678270619E0
6.203270500E0,-1.759141846E0,8.746311951E-1,-1.452878723E0,2.443443542E0
6.213210500E0,-2.498304749E0,-6.631210327E-2,-1.076112213E0,2.721018450E0
6.223149500E0,-2.524949341E0,-6.005511475E-1,-4.962181091E-1,2.642397257E0
6.233088500E0,-2.675985260E0,-1.103654938E0,9.220825195E-2,2.896110097E0
6.243028500E0,-2.970872040E0,-1.741029510E0,1.633103943E-1,3.447308329E0
6.252967500E0,-3.289409637E0,-2.312541046E0,-1.161584473E-1,4.022630313E0
6.262907500E0,-3.525019684E0,-2.688858490E0,-2.493814087E-1,4.440485879E0
6.272846500E0,-3.660637665E0,-3.026705933E0,8.966354370E-2,4.750711154E0
6.282785500E0,-3.640279999E0,-3.502416687E0,1.323098602E0,5.221987268E0
6.292725500E0,-4.001478882E0,-3.753893738E0,1.719474335E0,5.749795077E0
6.302664500E0,-3.910917206E0,-3.313659210E0,5.230123901E-1,5.152586992E0
6.312604500E0,-4.235442352E0,-3.115471344E0,4.396357727E-1,5.276212015E0
6.322543500E0,-4.488565979E0,-3.115471344E0,2.424957275E-1,5.469203820E0
6.332483500E0,-4.342769165E0,-3.218008118E0,2.200424194E-2,5.405155359E0
6.342422500E0,-4.640050964E0,-4.293222198E0,-2.221380615E-1,6.325438729E0
6.352361500E0,-5.005441132E0,-5.218448181E0,-2.769241333E-2,7.231003334E0
6.362301500E0,-4.264931030E0,-4.652624817E0,4.520599365E-1,6.327788916E0
6.372240500E0,-3.135829010E0,-3.865112457E0,5.951623535E-1,5.012657590E0
6.382180500E0,-2.150877228E0,-3.228186951E0,8.117619324E-1,3.963132760E0
6.392119500E0,-1.031804352E0,-2.295326843E0,7.771838379E-1,2.633848943E0
6.402059125E0,4.587959290E-1,-3.067121887E-1,1.041833496E0,1.178975447E0
6.411998125E0,1.515298920E0,5.393284607E-1,8.749305725E-1,1.830985940E0
6.421937125E0,2.147135010E0,-3.890409851E-1,3.495231628E-1,2.209911328E0
6.431877125E0,3.531306610E0,-1.245410156E-1,1.678309937E0,3.911823243E0
6.441816125E0,4.791535950E0,6.574328613E-1,3.075953522E0,5.731712204E0
6.451756125E0,6.632707214E0,9.642947388E-1,1.421144714E0,6.851446682E0
6.461695125E0,1.010668304E1,1.848805389E0,-1.998194733E0,1.046689571E1
6.471635125E0,2.726101044E1,6.530020752E0,-3.814367981E0,2.829051545E1
6.481574125E0,5.579003403E1,2.076257401E1,-6.569388885E0,5.988964223E1
6.491513125E0,7.871920258E1,3.533402252E1,-5.396428070E0,8.645419271E1
6.501453125E0,7.848987946E1,4.474704803E1,-2.098635864E-1,9.034934160E1
6.511392125E0,5.736431030E1,3.822376328E1,5.290448456E0,6.913543968E1
6.521332125E0,2.591590759E1,2.368599472E1,9.246272278E0,3.630639287E1
6.531271125E0,1.234542755E1,1.382659744E1,8.872200165E0,2.054994681E1
6.541211125E0,7.745044098E0,7.568860474E0,4.521347809E0,1.173524363E1
6.551150125E0,5.112468567E0,4.402494965E0,-2.195933533E-1,6.750371694E0
6.561089125E0,1.780397644E0,2.303859100E0,-2.955753479E0,4.148983147E0
6.571029125E0,-2.933898926E-1,9.928852844E-1,-3.650309143E0,3.794292511E0
6.580968125E0,-1.096469879E0,4.228706360E-1,-2.880010986E0,3.110551246E0
6.590908125E0,-1.026116180E0,1.017883301E-2,-1.832040253E0,2.099854641E0
6.600847125E0,-1.256187744E0,-6.770420837E-1,-1.037342834E0,1.764220448E0
6.610787125E0,-1.847009125E0,-1.585053864E0,-6.966513062E-1,2.531632181E0
6.620726125E0,-2.621797943E0,-2.770887909E0,-4.932243347E-1,3.846415800E0
6.630665125E0,-2.939587097E0,-3.357218628E0,-6.271957397E-1,4.506158421E0
6.640605125E0,-3.007396088E0,-3.321293335E0,-1.247356110E0,4.650948066E0
6.650544125E0,-3.602109375E0,-3.309916992E0,-1.833237762E0,5.224127022E0
6.660484125E0,-4.582271118E0,-3.596121826E0,-2.068847809E0,6.181377844E0
6.670423125E0,-5.207670593E0,-4.084406433E0,-1.722917175E0,6.838907260E0
6.680363125E0,-5.687572632E0,-4.696782990E0,-1.420995026E0,7.511822665E0
6.690302125E0,-5.735622711E0,-5.009033661E0,-9.035211182E-1,7.668385522E0
6.700241125E0,-5.343438263E0,-5.080135803E0,-2.200424194E-1,7.376213860E0
6.710181125E0,-4.784500580E0,-5.211562500E0,5.614823914E-1,7.096977664E0
6.720120125E0,-4.502337341E0,-6.242768097E0,9.044192505E-1,7.749914143E0
6.730060125E0,-3.603905640E0,-6.120921478E0,1.109792175E0,7.189259647E0
6.739999125E0,-2.519710236E0,-4.813989258E0,1.610351257E0,5.667156555E0
6.749938125E0,-1.224004669E0,-2.936593323E0,2.481838989E0,4.035008370E0
6.759878125E0,1.355730743E0,-9.389973450E-1,3.559897156E0,3.923339091E0
6.769817125E0,3.401077423E0,-1.880539398E0,2.287393341E0,4.509537045E0
6.779757125E0,4.040847015E0,-1.980082397E0,1.211131439E0,4.660044020E0
6.789696125E0,4.048181763E0,-1.164278870E0,1.080153809E0,4.348569089E0
6.799636125E0,4.522096252E0,-1.003363495E0,5.578898621E-1,4.665547547E0
6.809575125E0,9.302555237E0,-1.085093536E0,-8.104147339E-1,9.400624126E0
6.819515125E0,2.130175278E1,-9.443861389E-1,-1.250798950E0,2.135933132E1
6.829454125E0,4.031940536E1,2.238744507E0,-1.113684082E-1,4.038166451E1
6.839393125E0,6.193894730E1,1.006057892E1,-1.680106201E0,6.277317259E1
6.849333125E0,6.873331833E1,2.354064697E1,2.803669739E-1,7.265335308E1
6.859272125E0,5.725758224E1,4.191838028E1,3.079096985E0,7.102860106E1
6.869212125E0,4.123295563E1,4.242507660E1,2.322719879E0,5.920674608E1
6.879151125E0,2.863275787E1,2.600287674E1,3.985013123E0,3.888270505E1
6.889091125E0,1.809557007E1,1.400278107E1,2.887794800E0,2.306223954E1
6.899030125E0,1.102562210E1,7.484286346E0,1.175954590E0,1.337765876E1
6.908969125E0,6.459816742E0,4.348157959E0,-1.663041687E-1,7.788669145E0
6.918909125E0,2.960094452E0,2.860551453E0,-1.119521942E0,4.265939891E0
6.928848125E0,2.448907471E-1,1.419647827E0,-1.948049011E0,2.422863261E0
6.938788125E0,-9.270222473E-1,5.980064392E-1,-1.668879547E0,2.000535151E0
6.948727125E0,-1.421593781E0,4.700225830E-2,-7.635621643E-1,1.614362186E0
6.958666125E0,-2.173779602E0,-7.321275330E-1,8.434959412E-1,2.443934100E0
6.968606125E0,-2.803819427E0,-1.665287018E0,1.630110168E0,3.645798046E0
6.978545125E0,-2.680326233E0,-1.831142120E0,6.988966370E-1,3.320494946E0
6.988485125E0,-2.352657623E0,-1.535656586E0,-7.780819702E-1,2.915244517E0
6.998424125E0,-2.371668091E0,-1.403331757E0,-1.454674988E0,3.116124014E0
7.008364125E0,-2.540966034E0,-1.473984833E0,-1.243913269E0,3.190056409E0
7.018303125E0,-2.921624451E0,-1.848056946E0,-1.152902527E0,3.644226686E0
7.028242125E0,-3.091970215E0,-2.064656525E0,-1.093176727E0,3.875322145E0
7.038182125E0,-3.237467651E0,-2.302062836E0,-8.280780029E-1,4.057881624E0
7.048121125E0,-3.720513153E0,-2.659519501E0,-4.159849548E-1,4.592200516E0
7.058061125E0,-4.359534302E0,-3.286266174E0,-6.316864014E-2,5.459768766E0
7.068000125E0,-5.267995148E0,-4.538861389E0,7.137158203E-1,6.990166368E0
7.077940125E0,-6.636599121E0,-6.480324097E0,1.486259308E0,9.394041464E0
7.087879125E0,-5.759872284E0,-6.588249664E0,1.823208618E0,8.938973768E0
7.097818125E0,-3.875291290E0,-5.640570374E0,2.533182220E0,7.297323406E0
7.107758125E0,-2.313888245E0,-3.945195923E0,3.379971313E0,5.687077963E0
7.117697125E0,-3.876937866E-1,-8.161029053E-1,4.800816650E0,4.885096819E0
7.127637125E0,2.102677460E0,1.547781372E-1,4.803960114E0,5.246259767E0
7.137576125E0,2.715353394E0,-1.688488770E0,1.271306305E0,3.440982141E0
7.147516125E0,3.344944153E0,-1.093476105E0,3.852987671E-1,3.540168996E0
7.157455125E0,4.216431885E0,-6.626719666E-1,1.692979431E-1,4.271544658E0
7.167394125E0,6.109096069E0,-5.249583435E-1,-1.963916016E0,6.438447186E0
7.177334125E0,1.562780182E1,-1.399589539E-1,-4.755011902E0,1.633578637E1
7.187273125E0,3.563130432E1,4.290827179E0,-2.605182495E0,3.598316303E1
7.197213125E0,5.912165588E1,1.209335175E1,-3.946842499E0,6.047476264E1
7.207152125E0,7.732709747E1,2.389825333E1,-3.280278625E0,8.100226382E1
7.217092125E0,6.851686844E1,3.864004761E1,3.529660034E0,7.874054254E1
7.227031125E0,4.555102615E1,4.009606979E1,8.838520203E0,6.132462993E1
7.236970125E0,2.857273270E1,2.755799286E1,1.011895752E1,4.096629499E1
7.246910125E0,1.764425858E1,1.436517746E1,6.343059540E0,2.362017334E1
7.256849125E0,1.131122818E1,7.627837830E0,2.200873260E0,1.381924875E1
7.266789125E0,6.740932159E0,4.124672699E0,-1.070573730E0,7.974911872E0
7.276728125E0,3.150797882E0,2.153571625E0,-3.272794189E0,5.027581908E0
7.286668125E0,6.953041077E-1,9.669891357E-1,-3.459605713E0,3.658877899E0
7.296607125E0,-7.967930603E-1,3.264710999E-1,-1.995350647E0,2.173220367E0
7.306546125E0,-1.770967255E0,-3.369493103E-1,-9.707313538E-1,2.047481188E0
7.316486125E0,-2.240840149E0,-1.059496765E0,-2.727328491E-1,2.493648166E0
7.326425125E0,-2.193837891E0,-1.552571411E0,4.580474854E-1,2.726391420E0
7.336365125E0,-2.029180298E0,-1.736838226E0,4.261637878E-1,2.704772685E0
7.346304125E0,-1.953437805E0,-1.645079041E0,2.484832764E-2,2.553981548E0
7.356244125E0,-1.996697845E0,-1.512754211E0,-3.140469360E-1,2.524649098E0
7.366183125E0,-2.430944824E0,-1.709145813E0,-7.857160950E-1,3.073763480E0
7.376122125E0,-3.069516907E0,-2.143841858E0,-1.486109619E0,4.028214710E0
7.386062125E0,-3.529660034E0,-2.475701752E0,-1.278042297E0,4.496775649E0
7.396001125E0,-3.726650391E0,-3.030298462E0,-6.242019653E-1,4.843579255E0
7.405941417E0,-4.667893066E0,-3.920048218E0,-6.721023560E-2,6.095942989E0
7.415880417E0,-7.393724670E0,-5.351072388E0,-1.263372803E0,9.213970428E0
7.425820417E0,-7.861052856E0,-6.269263000E0,-2.812351685E0,1.044074387E1
7.435759417E0,-4.070485382E0,-4.271517334E0,-1.191671906E0,6.019534327E0
7.445698417E0,-1.845961304E0,-2.938838654E0,9.520202637E-2,3.471802009E0
7.455638417E0,-2.980302429E-1,-2.628683624E0,4.884342957E-1,2.690235619E0
7.465577417E0,7.429051208E-1,-1.948947144E0,1.060694275E0,2.339951993E0
7.475517417E0,1.860481110E0,-9.419911194E-1,2.145787811E0,2.992180235E0
7.485456417E0,4.015699310E0,7.225474548E-1,3.999981995E0,5.713822865E0
7.495396417E0,4.353696442E0,1.383123779E-1,2.927013245E0,5.247971947E0
7.505335417E0,2.871179352E0,-6.722520447E-1,9.960287476E-1,3.112501719E0
7.515274417E0,3.097808075E0,-5.444178772E-1,8.683442688E-1,3.262947665E0
7.525214417E0,4.791236572E0,-5.713618469E-1,5.394781494E-1,4.855248596E0
7.535153417E0,1.186792053E1,-6.670129395E-1,4.249662781E-1,1.189424400E1
7.545093417E0,2.544049622E1,5.233117676E-1,-1.418300629E0,2.548537384E1
7.555032417E0,4.786042374E1,5.555547180E0,-3.131937103E0,4.828346813E1
7.564971417E0,6.913328659E1,1.572390198E1,-2.262844391E0,7.093499047E1
7.574911417E0,7.065577057E1,3.157893127E1,-2.821482697E0,7.744306024E1
7.584850417E0,5.418177841E1,4.315810226E1,-6.294410706E-1,6.927252774E1
7.594790417E0,3.698254440E1,3.445370316E1,4.217330017E0,5.072033245E1
7.604729417E0,2.189257416E1,1.966311035E1,6.295757904E0,3.009251202E1
7.614669417E0,1.244856308E1,1.016102005E1,5.371879120E0,1.694314423E1
7.624608417E0,8.142767029E0,5.508694611E0,2.010768585E0,1.003461815E1
7.634547417E0,5.102289734E0,3.569477234E0,-2.170486450E-1,6.230701274E0
7.644487417E0,2.239043884E0,2.258653107E0,-1.260828094E0,3.421186761E0
7.654426417E0,-1.511856079E-2,9.663903809E-1,-1.544937286E0,1.822352918E0
7.664366417E0,-1.001417542E0,2.383044434E-1,-9.207353210E-1,1.381079155E0
7.674305417E0,-1.387614441E0,-4.197271729E-1,-4.640350342E-1,1.522160717E0
7.684245417E0,-1.560205536E0,-1.038091278E0,-2.188449097E-1,1.886734722E0
7.694184417E0,-1.886526947E0,-1.716929626E0,-1.282832336E-1,2.554072797E0
7.704123417E0,-2.658471680E0,-2.577190704E0,-5.248086548E-1,3.739626682E0
7.714063417E0,-3.475472717E0,-3.194806366E0,-1.128652954E0,4.853818684E0
7.724002417E0,-4.033212891E0,-3.415447540E0,-1.571132813E0,5.513669054E0
7.733942417E0,-4.386178894E0,-3.365900574E0,-1.663790131E0,5.773737919E0
7.743881417E0,-4.408482513E0,-3.214565277E0,-1.194815369E0,5.585313935E0
7.753821417E0,-4.435875549E0,-3.314856720E0,-4.866380310E-1,5.558964250E0
7.763760417E0,-4.669689331E0,-3.817810822E0,4.969665527E-1,6.052161075E0
7.773699417E0,-5.310357056E0,-4.704417114E0,7.903564453E-1,7.138353855E0
7.783639417E0,-5.641618195E0,-5.758674774E0,8.961863708E-1,8.111309452E0
7.793578417E0,-5.227130127E0,-6.515650635E0,1.168619843E0,8.434587417E0
7.803518417E0,-3.820205841E0,-6.579418030E0,1.674867096E0,7.790243518E0
7.813457417E0,-1.983076172E0,-5.995781708E0,2.151326294E0,6.671596077E0
7.823397417E0,-5.213658142E-1,-4.186194763E0,2.328707428E0,4.818602203E0
7.833336417E0,3.562591553E-1,-2.197131042E0,2.324815521E0,3.218551322E0
7.843275417E0,9.810598755E-1,-1.006806335E0,2.433040466E0,2.809950780E0
7.853215417E0,1.972897339E0,8.996292114E-2,3.152294769E0,3.719862840E0
7.863154417E0,4.234843597E0,1.556762695E0,5.111271057E0,6.817807727E0
7.873094417E0,5.151687012E0,1.561702423E0,4.097579041E0,6.765275125E0
7.883033417E0,4.519252167E0,3.676354980E-1,1.151555328E0,4.678127369E0
7.892973417E0,7.139403534E0,3.591032410E-1,1.336570587E0,7.272307673E0
7.902912417E0,1.574575653E1,6.167175293E-1,1.635199585E0,1.584244511E1
7.912851417E0,3.393907333E1,2.648592224E0,-1.441352692E0,3.407276386E1
7.922791417E0,5.564303970E1,1.055589890E1,-5.879174194E0,5.693978888E1
7.932730417E0,6.905410126E1,2.402518936E1,-7.416627045E0,7.348935284E1
7.942670417E0,6.724975342E1,3.872357391E1,-3.187022552E0,7.766724937E1
7.952609417E0,5.108307220E1,4.081248001E1,-7.212002563E-1,6.538852285E1
7.962549417E0,2.914873489E1,2.825075226E1,2.934347992E0,4.069845387E1
7.972488417E0,1.375489655E1,1.628298935E1,6.748566284E0,2.235790840E1
7.982427417E0,7.439828796E0,9.722731476E0,5.354215851E0,1.336226729E1
7.992367417E0,6.048771515E0,6.406228180E0,8.023315430E-1,8.847097391E0
8.002306417E0,3.478616180E0,4.560117188E0,-9.021739197E-1,5.805975980E0
8.012246417E0,5.894741821E-1,2.652933197E0,1.270857239E-1,2.720603819E0
8.022185417E0,-1.622775421E0,9.669891357E-1,1.080453186E0,2.176200162E0
8.032125417E0,-2.406545563E0,1.681004333E-1,9.207353210E-1,2.582145006E0
8.042064417E0,-2.299218750E0,-2.963836670E-2,4.864883423E-1,2.350309809E0
8.052003417E0,-1.964664459E0,-1.757345581E-1,-1.035845947E-1,1.975226276E0
8.061943417E0,-1.702709198E0,-4.014651489E-1,-8.141569519E-1,1.929571046E0
8.071882417E0,-1.540895691E0,-6.397695923E-1,-1.385668488E0,2.168811153E0
8.081822417E0,-1.457369385E0,-7.920030212E-1,-1.319356384E0,2.119409252E0
8.091761417E0,-1.487157440E0,-9.220825195E-1,-1.220412140E0,2.133372733E0
8.101701417E0,-1.636397095E0,-1.083147583E0,-1.178199921E0,2.288920967E0
8.111640417E0,-1.947450256E0,-1.340163116E0,-1.138831787E0,2.624030777E0
8.121579417E0,-2.248623962E0,-1.596280518E0,-9.511221313E-1,2.917028372E0
8.131519417E0,-2.412982178E0,-1.808838501E0,-4.944218445E-1,3.055950371E0
8.141458417E0,-2.689606934E0,-2.088906097E0,-1.079255676E-1,3.407222046E0
8.151398417E0,-2.844085693E0,-2.322270813E0,-1.543290710E-1,3.674994234E0
8.161337417E0,-2.919977875E0,-2.536924438E0,-4.715194702E-2,3.868394977E0
8.171277417E0,-2.953957214E0,-2.815644836E0,-1.264869690E-1,4.082856601E0
8.181216417E0,-2.715503082E0,-3.011587372E0,-2.230361938E-2,4.055134146E0
8.191155417E0,-2.704725494E0,-3.713777161E0,4.564009094E-1,4.616923498E0
8.201095417E0,-2.163301392E0,-4.149521027E0,2.167043610E0,5.156983194E0
8.211034417E0,-2.694396973E-2,-3.038830719E0,3.913012848E0,4.954481574E0
8.220974417E0,2.124831390E0,-1.961520996E0,2.943628693E0,4.126429805E0
8.230913417E0,3.275338898E0,-1.390159149E0,1.612596588E0,3.906514445E0
8.240853417E0,4.215084686E0,-7.453001404E-1,1.487007751E0,4.531401909E0
8.250792417E0,5.531447296E0,-4.345463562E-1,7.439529419E-1,5.598143059E0
8.260731417E0,1.115779724E1,-9.879455566E-3,2.541714478E-1,1.116069622E1
8.270671417E0,2.293515610E1,2.384391632E0,-1.768422546E0,2.312647891E1
8.280610417E0,4.030099365E1,9.039851532E0,-3.705843658E0,4.146832867E1
8.290550417E0,6.022845428E1,2.458727051E1,2.342179413E0,6.509597822E1
8.300489417E0,6.827661804E1,3.747936127E1,9.442364502E-1,7.789281530E1
8.310429417E0,6.442153473E1,4.483192154E1,-1.279988251E0,7.849632919E1
8.320368417E0,4.110796555E1,3.574970810E1,2.252216492E0,5.452503040E1
8.330307417E0,1.937196579E1,1.986908203E1,4.787793732E0,2.815983750E1
8.340247417E0,9.369466095E0,1.112366821E1,6.229146423E0,1.582166725E1
8.350186417E0,7.199877777E0,6.811734924E0,1.759590912E0,1.006648563E1
8.360126417E0,5.494025116E0,4.691244507E0,-1.830693054E0,7.452752784E0
8.370065417E0,2.948119354E0,2.918480988E0,-2.429447937E0,4.807406398E0
8.380004417E0,7.435038757E-1,1.178199921E0,-1.662742310E0,2.169254493E0
8.389944417E0,-1.006806335E0,-1.240919495E-1,-1.254391479E-1,1.022151060E0
8.399883875E0,-1.956281891E0,-1.065933380E0,1.551074524E0,2.714605862E0
8.409823875E0,-2.662662964E0,-2.095941467E0,2.520009613E0,4.222936554E0
8.419762875E0,-3.140169983E0,-2.869832153E0,2.440375214E0,4.904287440E0
8.429702875E0,-5.616021423E0,-4.385280762E0,-1.575773163E0,7.297495807E0
8.439641875E0,-2.781949905E1,-1.465228043E1,-1.785681656E1,3.615908941E1
8.449580875E0,-2.876867523E0,-7.224127350E0,2.413431244E0,8.141807728E0
8.459520875E0,2.819985809E0,-4.366419983E0,6.120622101E0,8.029941365E0
8.469459875E0,1.128952332E0,-3.335513763E0,3.265758820E0,4.802641575E0
8.479399875E0,1.062041473E0,-2.371967468E0,2.508184204E0,3.611806994E0
8.489338875E0,4.300556946E-1,-2.420915680E0,1.705702972E0,2.992524563E0
8.499278875E0,-1.586700439E-1,-2.354154510E0,1.169068909E0,2.633237884E0
8.509217875E0,-5.721102905E-1,-2.261946259E0,9.719288635E-1,2.527519887E0
8.519156875E0,-8.526269531E-1,-2.252515869E0,7.683522034E-1,2.528075468E0
8.529096875E0,-9.677375793E-1,-2.557880859E0,7.390132141E-1,2.832915644E0
8.539035875E0,-7.514373779E-1,-2.407443695E0,1.335073700E0,2.853570581E0
8.548975875E0,-1.511856079E-2,-3.826043701E-1,2.705024872E0,2.731990892E0
8.558914875E0,8.662486267E-1,1.797462158E0,3.993246002E0,4.463997147E0
8.568854875E0,1.836081848E0,2.802023163E0,4.912334747E0,5.945886227E0
8.578793875E0,2.711162109E0,1.373094635E0,3.332220612E0,4.509931603E0
8.588732875E0,3.254981232E0,-4.749623108E-1,7.587721252E-1,3.375829847E0
8.598672875E0,5.175188141E0,-1.910028076E-1,8.978329468E-1,5.255964076E0
8.608611875E0,8.719667358E0,2.938389587E-1,3.830534363E-1,8.733021820E0
8.618551875E0,1.495629822E1,9.087602234E-1,-1.044827271E0,1.502026516E1
8.628490875E0,2.547941528E1,2.890339508E0,-4.198469238E0,2.598426081E1
8.638430875E0,4.039050751E1,7.931107178E0,-7.950866089E0,4.192268872E1
8.648369875E0,5.425722153E1,1.962778381E1,-4.041296082E0,5.783967548E1
8.658308875E0,6.213399170E1,3.225103363E1,-7.554789734E-1,7.000951966E1
8.668248875E0,6.030150238E1,3.461207382E1,-1.941163330E0,6.955598435E1
8.678187875E0,3.936439133E1,2.757281204E1,1.147663422E0,4.807423842E1
8.688127875E0,1.937406143E1,1.740311005E1,5.632636871E0,2.664486993E1
8.698066875E0,9.299860840E0,1.220621704E1,8.902736664E0,1.774085303E1
8.708006875E0,7.480095062E0,8.563092957E0,4.905598755E0,1.238318547E1
8.717945875E0,6.702162781E0,6.014492798E0,3.068618774E-2,9.005223551E0
8.727884875E0,3.731290741E0,4.035907288E0,-1.636546783E0,5.734924899E0
8.737824875E0,8.864566040E-1,2.283651123E0,-9.062155151E-1,2.611913919E0
8.747763875E0,-7.842192078E-1,8.939410400E-1,6.391708374E-2,1.190888636E0
8.757703875E0,-1.956431580E0,-4.864883423E-2,4.062551880E-1,1.998758243E0
8.767642875E0,-2.454595642E0,-4.251159668E-1,3.435356140E-1,2.514712721E0
8.777582875E0,-2.362537079E0,-5.990542603E-1,5.084925842E-1,2.489781549E0
8.787521875E0,-2.335293732E0,-9.448352051E-1,6.131250000E-1,2.592726874E0
8.797460875E0,-2.255359955E0,-1.327439575E0,4.291575623E-1,2.651965415E0
8.807400875E0,-2.121388550E0,-1.497336273E0,1.930984497E-1,2.603765025E0
8.817339875E0,-1.864672394E0,-1.457369385E0,-1.317260742E-2,2.366664779E0
8.827279875E0,-1.642833710E0,-1.347946930E0,-1.676513672E-1,2.131659097E0
8.837218875E0,-1.317260742E0,-1.244961090E0,-1.556762695E-1,1.819158893E0
8.847158875E0,-1.115480347E0,-1.352886658E0,1.657054138E-1,1.761265737E0
8.857097875E0,-1.081201630E0,-1.782343597E0,6.095324707E-1,2.171928980E0
8.867036875E0,-1.024319916E0,-2.477647705E0,1.239871674E0,2.953853620E0
8.876976875E0,-1.370100861E0,-2.814297638E0,1.428180084E0,3.440515356E0
8.886915875E0,-1.887275391E0,-2.706372070E0,1.335073700E0,3.559308917E0
8.896855875E0,-2.252815247E0,-2.355352020E0,1.204994202E0,3.474891466E0
8.906794875E0,-2.135459290E0,-1.452579346E0,6.987469482E-1,2.675522459E0
8.916734875E0,-1.708696747E0,-8.307723999E-1,3.808081055E-1,1.937741512E0
8.926673875E0,-1.340462494E0,-6.994953918E-1,3.571572876E-1,1.553607038E0
8.936612875E0,-6.018983459E-1,-5.551954651E-1,3.568579102E-1,8.932363581E-1
8.946552875E0,6.388714600E-1,-2.224374390E-1,2.790197754E-1,7.317699035E-1
8.956491875E0,2.893333282E0,1.245110779E0,9.812095642E-1,3.299159066E0
8.966431875E0,4.415667572E0,2.178270264E0,1.292861481E0,5.090625920E0
8.976370875E0,6.290369110E0,2.382295990E0,1.780247955E0,6.957971005E0
8.986310875E0,1.088222031E1,4.289030914E0,2.540666656E0,1.196969056E1
8.996249875E0,2.002296204E1,7.390281830E0,-4.284091187E-1,2.134757149E1
9.006188875E0,3.937936020E1,1.401565430E1,-5.233566742E0,4.212555989E1
9.016128875E0,6.259203918E1,2.403776321E1,-4.626429291E0,6.720849111E1
9.026067875E0,7.815053513E1,3.267061111E1,-2.260000305E0,8.473477782E1
9.036007875E0,6.595419754E1,3.401331894E1,-2.218386841E0,7.424138521E1
9.045946875E0,3.179912338E1,2.382415741E1,-8.511300659E-1,3.974291316E1
9.055886875E0,1.476589417E1,1.504162079E1,2.577490082E0,2.123500510E1
9.065825875E0,8.858129425E0,9.761500854E0,4.409380646E0,1.389949616E1
9.075764875E0,6.333778839E0,6.540948029E0,2.251318359E0,9.379189189E0
9.085704875E0,4.311484222E0,4.214635620E0,-8.005352783E-1,6.082179407E0
9.095643875E0,2.199376373E0,2.528541870E0,-1.654210052E0,3.737270571E0
9.105583875E0,8.803193665E-1,1.466799774E0,-9.915380859E-1,1.977273765E0
9.115522875E0,-2.888992310E-2,7.997868347E-1,-4.502636719E-1,9.182760929E-1
9.125462875E0,-4.799020386E-1,4.013154602E-1,7.813751221E-2,6.304486784E-1
9.135401875E0,-9.735754395E-1,-8.936416626E-2,6.048921204E-1,1.149664981E0
9.145340875E0,-1.220561829E0,-3.233276367E-1,1.005908203E0,1.614361561E0
9.155280875E0,-2.147584076E0,-9.873468018E-1,2.735860748E0,3.615508969E0
9.165219875E0,-5.729635162E0,-4.221521301E0,3.135978699E-1,7.123784445E0
9.175159875E0,-1.224319016E1,-9.899064789E0,-9.821076965E0,1.855642050E1
9.185098875E0,-1.329729813E1,-8.343349915E0,-1.593586121E0,1.577875603E1
9.195038875E0,-1.174996582E1,-8.074658661E0,5.376818848E0,1.523719102E1
9.204977875E0,-5.045408020E0,-5.918542328E0,9.282047882E0,1.210957052E1
9.214916875E0,-4.273612976E-1,-3.524570618E0,6.146218872E0,7.097974510E0
9.224856875E0,5.697152710E-1,-2.414778442E0,3.748355255E0,4.495097055E0
9.234795875E0,8.237370300E-1,-1.539398804E0,2.101180573E0,2.731895161E0
9.244735875E0,8.382568359E-1,-7.473957825E-1,1.151255951E0,1.608311302E0
9.254674875E0,6.397695923E-1,-6.917115784E-1,9.833052063E-1,1.361858718E0
9.264614875E0,6.848258972E-1,-9.768685913E-1,1.791175232E0,2.152107680E0
9.274553875E0,5.989045715E-1,-7.866142273E-1,4.512965240E0,4.619989598E0
9.284492875E0,3.662882996E-1,2.568658447E-1,5.293142853E0,5.312015478E0
9.294432875E0,9.008267212E-1,4.095483398E-1,2.775677948E0,2.946796005E0
9.304371875E0,1.488354950E0,2.924917603E-1,5.634283447E-1,1.618086335E0
9.314311875E0,2.300865326E0,6.520440674E-1,-2.978805542E-2,2.391658429E0
9.324250875E0,3.994593201E0,1.325493622E0,3.370989990E-1,4.222243943E0
9.334190875E0,6.059399414E0,1.403780823E0,-2.121538239E0,6.571746066E0
9.344129875E0,1.049258057E1,1.475032654E0,-4.179009705E0,1.139008737E1
9.354068875E0,1.896526154E1,3.918701019E0,-2.276915131E0,1.949927448E1
9.364008875E0,3.588742172E1,1.171628586E1,3.829486542E0,3.794526794E1
9.373947875E0,5.398568619E1,2.193882797E1,2.324665833E0,5.831955553E1
9.383887875E0,6.864096039E1,3.109379013E1,-3.397933960E-2,7.535520143E1
9.393826875E0,7.403170029E1,3.487477753E1,-2.341580658E0,8.186834403E1
9.403766792E0,5.068983994E1,2.731504807E1,-1.604962463E0,5.760336473E1
9.413705792E0,2.488530075E1,1.653386765E1,-6.333329773E-1,2.988391011E1
9.423644792E0,1.269525009E1,1.036549484E1,2.152523804E0,1.653016083E1
9.433584792E0,6.947801971E0,6.991062012E0,3.830085297E0,1.057432994E1
9.443523792E0,3.570375366E0,4.180356903E0,2.347568207E0,5.977795629E0
9.453463792E0,1.243913269E0,1.894011383E0,1.264869690E0,2.595090494E0
9.463402792E0,-2.371069336E-1,2.918930054E-2,3.174897766E-1,3.973304311E-1
9.473342792E0,-6.059399414E-1,-5.806425476E-1,9.415420532E-2,8.444962967E-1
9.483281792E0,-3.561094666E-1,-5.526507568E-1,3.203338623E-1,7.313348033E-1
9.493220792E0,-3.682342529E-1,-5.960604858E-1,6.511459351E-1,9.564912946E-1
9.503160792E0,-5.736071777E-1,-8.231382751E-1,9.677375793E-1,1.393950443E0
9.513099792E0,-8.554710388E-1,-1.232087860E0,1.206042023E0,1.924684014E0
9.523039792E0,-1.005459137E0,-1.675316162E0,1.329535217E0,2.363323129E0
9.532978792E0,-1.145118713E0,-2.054477692E0,1.156944122E0,2.621201090E0
9.542918792E0,-1.264420624E0,-2.171234894E0,7.262896729E-1,2.615438236E0
9.552857792E0,-1.352138214E0,-2.003733215E0,2.160008240E-1,2.426907684E0
9.562796792E0,-1.438508606E0,-1.837878113E0,-1.999841309E-1,2.342455255E0
9.572736792E0,-1.467099152E0,-1.781146088E0,-3.920347595E-1,2.340630804E0
9.582675792E0,-1.568887482E0,-1.812131653E0,-3.950285339E-1,2.429254330E0
9.592615792E0,-1.575922852E0,-1.870959320E0,-3.366499329E-1,2.469282242E0
9.602554792E0,-1.609602814E0,-2.024689636E0,-2.631527710E-1,2.599892060E0
9.612494792E0,-1.537153473E0,-2.232607269E0,-2.230361938E-1,2.719764909E0
9.622433792E0,-1.401984558E0,-2.434836731E0,-1.613644409E-1,2.814254624E0
9.632372792E0,-1.268611908E0,-2.429897003E0,-1.044827271E-1,2.743117252E0
9.642312792E0,-1.071172485E0,-2.281256104E0,-8.113128662E-2,2.521531715E0
9.652251792E0,-8.904981995E-1,-2.290087738E0,-1.158590698E-1,2.459860202E0
9.662191792E0,-3.228785706E-1,-1.867516479E0,-1.172062683E-1,1.898843248E0
9.672130792E0,9.967771912E-1,-5.261558533E-1,1.329235840E-1,1.134933227E0
9.682070792E0,2.683170319E0,9.101074219E-1,6.580316162E-1,2.908728947E0
9.692009792E0,4.733456726E0,1.290915527E0,1.876048737E0,5.252773966E0
9.701948792E0,7.065906372E0,4.677772522E-1,1.978735199E0,7.352634997E0
9.711888792E0,1.142199783E1,8.173004150E-1,1.407373352E0,1.153736167E1
9.721827792E0,2.008403503E1,3.194806366E0,4.736151123E-1,2.034206386E1
9.731767792E0,3.806733856E1,9.811197510E0,-1.868564301E0,3.935572886E1
9.741706792E0,5.833968201E1,2.043984512E1,-4.560416565E0,6.198470105E1
9.751646792E0,7.101786758E1,2.984852966E1,-3.242706757E0,7.710374431E1
9.761585792E0,6.704991898E1,3.140933395E1,5.300477600E-1,7.404403315E1
9.771524792E0,3.980133270E1,2.094309860E1,3.848197632E0,4.513942943E1
9.781464792E0,1.771161850E1,1.387090530E1,8.975186005E0,2.422101170E1
9.791403792E0,7.842641144E0,1.091455307E1,1.207299408E1,1.806631326E1
9.801343792E0,4.658163300E0,8.338859253E0,9.521250458E0,1.348663298E1
9.811282792E0,4.270469513E0,5.606291656E0,4.640799408E0,8.438272047E0
9.821222792E0,3.109633484E0,3.654949493E0,1.157542877E0,4.936434109E0
9.831161792E0,1.365011444E0,1.970352631E0,-4.032614136E-1,2.430671821E0
9.841100792E0,9.101074219E-2,7.441026306E-1,-1.159937897E0,1.381096522E0
9.851040792E0,-5.525010681E-1,3.876937866E-2,-1.545985107E0,1.642202925E0
9.860979792E0,-9.939331055E-1,-2.423460388E-1,-1.625769196E0,1.920874826E0
9.870919792E0,-1.129551086E0,-1.317260742E-1,-1.806742859E0,2.134843595E0
9.880858792E0,-1.113983459E0,3.293151855E-3,-2.087409210E0,2.366061538E0
9.890798792E0,-1.032702484E0,-6.406677246E-2,-1.846560059E0,2.116686803E0
9.900737792E0,-1.082249451E0,-2.845582581E-1,-1.354383545E0,1.756869962E0
9.910676792E0,-1.324894867E0,-5.294490051E-1,-1.291514282E0,1.924492608E0
9.920616792E0,-1.448687439E0,-5.863307190E-1,-1.268911285E0,2.013110742E0
9.930555792E0,-1.339264984E0,-4.483177185E-1,-1.204844513E0,1.856413148E0
9.940495792E0,-1.646875305E0,-5.182223511E-1,-1.250349884E0,2.131695923E0
9.950434792E0,-1.963167572E0,-6.786886597E-1,-1.390757904E0,2.499770542E0
9.960374792E0,-1.916614380E0,-6.448590088E-1,-1.409019928E0,2.464668533E0
9.970313792E0,-1.689835968E0,-4.990621948E-1,-1.295256500E0,2.186846605E0
9.980252792E0,-1.443747711E0,-3.574566650E-1,-1.118025055E0,1.860688782E0
9.990192792E0,-1.291214905E0,-2.769241333E-1,-9.129515076E-1,1.605429339E0
1.000013179E1,-2.072739716E0,-1.170266418E0,6.421646118E-2,2.381154588E0
1.001007179E1,-2.607577515E0,-1.650767212E0,3.207829285E-1,3.102804307E0
1.002001079E1,-2.491568756E0,-6.981481934E-1,5.767506409E-1,2.651031322E0
1.002995079E1,-3.450025635E0,9.036708069E-1,2.706222382E0,4.476933927E0
1.003988979E1,-4.007466431E0,2.104324036E0,5.537584534E0,7.152119218E0
1.004982879E1,-1.491797791E0,2.411036224E0,5.918991394E0,6.563003538E0
1.005976879E1,1.793420563E0,2.161505127E0,3.698808289E0,4.644313134E0
1.006970779E1,2.016606445E0,4.875361633E-1,-2.418969727E-1,2.088757337E0
1.007964779E1,2.168839874E0,1.600621490E0,-5.755531311E-1,2.756286807E0
1.008958679E1,3.352428589E0,2.918930054E0,-9.665400696E-1,4.548970192E0
1.009952679E1,5.409001923E0,5.034630432E0,-2.618055725E0,7.839580420E0
1.010946579E1,2.493065643E1,1.060888870E1,-5.726042633E0,2.769248479E1
1.011940479E1,5.829447601E1,2.197684891E1,-2.506986694E0,6.234992224E1
1.012934479E1,7.854197113E1,3.178310669E1,2.093396759E0,8.475487838E1
1.013928379E1,7.791761948E1,3.213951553E1,-1.920805664E0,8.430773024E1
1.014922379E1,5.271677490E1,2.055136322E1,5.598058777E0,5.685732273E1
1.015916279E1,2.047292633E1,1.172586594E1,1.581850525E1,2.840531205E1
1.016910279E1,1.005414230E1,8.295000458E0,1.221340210E1,1.786225072E1
1.017904179E1,7.161258087E0,5.760471039E0,5.494324493E0,1.070767228E1
1.018898079E1,4.732708282E0,3.058290253E0,1.633103943E0,5.866744876E0
1.019892079E1,2.357747040E0,1.217418365E0,-2.468367004E-1,2.664959087E0
1.020885979E1,6.053411865E-1,2.809657288E-1,-9.999206543E-1,1.202173452E0
1.021879979E1,-1.866618347E-1,-5.807922363E-2,-7.744894409E-1,7.987801518E-1
1.022873879E1,-5.408253479E-1,-1.878593445E-1,-6.387217712E-1,8.577579445E-1
1.023867879E1,-8.083190918E-1,-3.869453430E-1,-5.622308350E-1,1.057927202E0
1.024861779E1,-9.391470337E-1,-5.700146484E-1,-7.032376099E-1,1.304399090E0
1.025855679E1,-9.571096802E-1,-6.735992432E-1,-1.063538361E0,1.581426168E0
1.026849679E1,-1.172661438E0,-8.327183533E-1,-1.207389221E0,1.877856074E0
1.027843579E1,-1.610500946E0,-1.285377045E0,-1.212179260E0,2.390666435E0
1.028837579E1,-1.960922241E0,-1.738335114E0,-1.314566345E0,2.931741748E0
1.029831479E1,-2.280357971E0,-2.269879761E0,-1.576072540E0,3.582790987E0
1.030825479E1,-2.913541260E0,-3.114423523E0,-1.766476593E0,4.616145157E0
1.031819379E1,-3.419788513E0,-3.823798370E0,-1.832189941E0,5.447321125E0
1.032813279E1,-3.261717224E0,-3.854185181E0,-1.654958496E0,5.313419829E0
1.033807279E1,-2.806663513E0,-3.464096375E0,-1.068328400E0,4.584610053E0
1.034801179E1,-2.610421600E0,-3.171305237E0,-5.225633240E-1,4.140597815E0
1.035795179E1,-2.668201447E0,-2.909349976E0,-2.032772827E-1,3.952839219E0
1.036789079E1,-2.559377747E0,-2.600392456E0,-1.240919495E-1,3.650733377E0
1.037783079E1,-2.185754700E0,-2.225272522E0,-1.175056458E-1,3.121404969E0
1.038776979E1,-1.750310211E0,-1.786834259E0,-1.118174744E-1,2.503770287E0
1.039770879E1,-1.145567780E0,-1.248553619E0,-3.487747192E-2,1.694823919E0
1.040764842E1,-5.733078003E-2,-2.317181396E-1,3.327580261E-1,4.095216948E-1
1.041758742E1,2.623594208E0,4.084556122E0,3.056943054E0,5.736875989E0
1.042752742E1,4.376898193E0,3.709286499E0,5.037923584E0,7.635228757E0
1.043746642E1,3.045267334E0,3.230282593E-1,1.490300903E0,3.405730050E0
1.044740642E1,3.246149597E0,-2.411485291E-1,3.144960022E-1,3.270251910E0
1.045734542E1,7.169490967E0,8.996292114E-1,1.291813660E0,7.340280374E0
1.046728442E1,1.770922348E1,2.995420990E0,8.199948120E-1,1.797947537E1
1.047722442E1,4.106859741E1,9.153016205E0,-2.939138031E0,4.217873791E1
1.048716342E1,6.677688675E1,2.224778549E1,-7.099736023E-1,7.038906610E1
1.049710342E1,7.654662048E1,3.280443283E1,-3.161276093E0,8.333972395E1
1.050704242E1,6.583489563E1,3.473856079E1,-4.125570831E0,7.455213896E1
1.051698242E1,3.940346008E1,2.268936722E1,3.744613037E0,4.562304438E1
1.052692142E1,1.992102402E1,1.295510971E1,1.054182816E1,2.599638833E1
1.053686042E1,1.018003052E1,8.393046570E0,1.074555450E1,1.701596878E1
1.054680042E1,5.412145386E0,5.629044342E0,7.196434937E0,1.061913997E1
1.055673942E1,2.611918488E0,3.001558228E0,4.153113556E0,5.751506080E0
1.056667942E1,6.607260132E-1,1.208886108E0,2.151176605E0,2.554510770E0
1.057661842E1,-5.373825073E-1,8.382568359E-2,1.122216339E0,1.247067046E0
1.058655842E1,-1.038690033E0,-5.369334412E-1,9.581575012E-1,1.511701129E0
1.059649742E1,-1.318009186E0,-8.755293274E-1,7.804769897E-1,1.764325409E0
1.060643742E1,-1.551822968E0,-1.192420349E0,4.809498596E-1,2.015275063E0
1.061637642E1,-1.630708923E0,-1.608704681E0,3.173400879E-1,2.312541259E0
1.062631542E1,-1.691332855E0,-2.204465790E0,4.029620361E-1,2.807606569E0
1.063625542E1,-1.754800873E0,-2.766397247E0,3.246748352E-1,3.292065246E0
1.064619442E1,-1.833237762E0,-3.145708466E0,-4.790039062E-3,3.640915460E0
1.065613442E1,-1.992207184E0,-3.260220337E0,-3.965254211E-1,3.841244397E0
1.066607342E1,-2.178719330E0,-3.287613373E0,-8.749305725E-1,4.039891473E0
1.067601342E1,-2.426903229E0,-3.386407928E0,-1.226848755E0,4.343129725E0
1.068595242E1,-2.525099030E0,-3.453318787E0,-1.206191711E0,4.444821053E0
1.069589142E1,-2.654879150E0,-3.749702454E0,-1.108744354E0,4.726305728E0
1.070583142E1,-2.844983826E0,-4.060156860E0,-1.178798676E0,5.095917289E0
1.071577042E1,-2.824925537E0,-4.070485382E0,-9.933343506E-1,5.053292854E0
1.072571042E1,-2.229314117E0,-3.774999847E0,-7.119195557E-1,4.441541932E0
1.073564942E1,-1.457818451E0,-3.432811432E0,-8.020321655E-1,3.814798102E0
1.074558942E1,-7.524851990E-1,-2.408192139E0,-1.149908752E0,2.772708692E0
1.075552842E1,-1.637594604E-1,-6.251000977E-1,-1.375489655E0,1.519716777E0
1.076546742E1,6.149212646E-1,8.876541138E-1,-1.218017120E0,1.627766474E0
1.077540742E1,2.017504578E0,1.488205261E0,-3.879931641E-1,2.536852048E0
1.078534642E1,3.818559265E0,7.885601807E-1,9.828561401E-1,4.021097886E0
1.079528642E1,5.835465088E0,1.038839722E-1,1.486109619E0,6.022621229E0
1.080522542E1,1.024903702E1,1.084345093E0,1.563348999E0,1.042413661E1
1.081516542E1,1.998988083E1,4.737498322E0,-2.604583740E-2,2.054360982E1
1.082510442E1,3.686039841E1,1.173230255E1,-3.873345337E0,3.887593983E1
1.083504342E1,5.770679810E1,2.196696945E1,-3.546425171E0,6.184819662E1
1.084498342E1,7.549251251E1,3.232692581E1,3.209475861E0,8.218546291E1
1.085492242E1,7.078165878E1,3.537354034E1,9.958191833E0,7.975271883E1
1.086486242E1,4.046535187E1,2.340592712E1,7.411088562E0,4.733081829E1
1.087480142E1,1.653790924E1,1.879701141E1,1.593002335E1,2.967483317E1
1.088474142E1,4.411027222E0,1.486304214E1,1.672591827E1,2.280621681E1
1.089468042E1,1.895358582E0,9.058113556E0,1.059062668E1,1.406425180E1
1.090461942E1,4.795876923E0,5.319039001E0,1.530267792E0,7.323546332E0
1.091455942E1,4.773273926E0,3.833528137E0,-2.276166687E0,6.531540150E0
1.092449842E1,2.556383972E0,2.564167786E0,-3.169359283E0,4.811953212E0
1.093443842E1,9.469308472E-1,1.710043945E0,-2.884801025E0,3.484681518E0
1.094437742E1,-3.716770935E-1,1.182241516E0,-2.482886810E0,2.774989329E0
1.095431742E1,-1.071172485E0,7.595205688E-1,-2.239492950E0,2.596076013E0
1.096425642E1,-1.265917511E0,2.140548706E-1,-1.519639893E0,1.989389865E0
1.097419542E1,-1.332229614E0,-2.656974792E-1,-9.719288635E-1,1.670352242E0
1.098413542E1,-1.467548218E0,-6.732998657E-1,-9.714797974E-1,1.884357577E0
1.099407442E1,-1.569785614E0,-9.870474243E-1,-1.173260193E0,2.194317427E0
1.100401442E1,-1.569486237E0,-1.237476654E0,-1.250050507E0,2.357384522E0
1.101395342E1,-1.797312469E0,-1.516496429E0,-1.217118988E0,2.647918459E0
1.102389342E1,-2.319726105E0,-1.814826050E0,-1.154100037E0,3.163332054E0
1.103383242E1,-2.928061066E0,-2.224374390E0,-1.040037231E0,3.821395095E0
1.104377142E1,-3.241060181E0,-2.579735413E0,-1.237476654E0,4.323292075E0
1.105371142E1,-3.240760803E0,-2.768941956E0,-1.095122681E0,4.401007137E0
1.106365042E1,-3.253634033E0,-3.015928345E0,-7.288343811E-1,4.495904554E0
1.107359042E1,-3.339555359E0,-3.338058472E0,-5.107379150E-1,4.749328118E0
1.108352942E1,-3.291056213E0,-3.650009766E0,-4.438270569E-1,4.934633193E0
1.109346942E1,-3.112028503E0,-4.725672913E0,-1.167572021E0,5.777536699E0
1.110340842E1,-2.412233734E0,-4.901407471E0,-1.398092651E0,5.638912115E0
1.111334742E1,-8.449928284E-1,-2.696193237E0,-5.155279541E-1,2.872149008E0
1.112328742E1,9.876461792E-1,-1.422042847E-2,1.488654327E0,1.786543843E0
1.113322642E1,2.754422150E0,3.341052246E-1,2.813249817E0,3.951308924E0
1.114316642E1,3.481759644E0,-5.595364380E-1,1.554217987E0,3.853741661E0
1.115310542E1,4.249662781E0,-1.700463867E-1,1.245859222E0,4.431784598E0
1.116304542E1,6.463259583E0,3.007246399E-1,1.035546570E0,6.552596160E0
1.117298442E1,1.485660553E1,2.054926758E0,-4.147874451E-1,1.500378287E1
1.118292342E1,3.147115540E1,6.779701538E0,-4.505630493E0,3.250690205E1
1.119286342E1,5.360368057E1,1.610575790E1,-6.474037170E0,5.634414935E1
1.120280242E1,7.408124725E1,2.991648834E1,1.304986267E0,7.990450837E1
1.121274242E1,7.592181976E1,4.010445236E1,5.847589874E0,8.606209458E1
1.122268142E1,5.068594803E1,3.170945984E1,5.118605804E0,6.000629380E1
1.123262142E1,2.428699493E1,1.987506958E1,1.238868759E1,3.373953310E1
1.124256042E1,1.093086914E1,1.269090912E1,1.469898331E1,2.228459523E1
1.125249942E1,6.392307129E0,6.978637848E0,1.102966370E1,1.453328792E1
1.126243942E1,6.445895691E0,3.563489685E0,4.043691101E0,8.402348940E0
1.127237842E1,4.449197845E0,1.680106201E0,1.005908203E-1,4.756914633E0
1.128231842E1,1.985770569E0,1.767823792E-1,-9.481283569E-1,2.207596916E0
1.129225742E1,3.613485718E-1,-7.899073792E-1,-1.562151489E0,1.787412581E0
1.130219742E1,-3.466790771E-1,-7.691006470E-1,-1.847458191E0,2.030961338E0
1.131213642E1,-6.679110718E-1,-9.756710815E-1,-1.788181458E0,2.143742565E0
1.132207642E1,-1.393751678E0,-1.758692780E0,-1.469494171E0,2.682341729E0
1.133201542E1,-2.142644348E0,-2.738555145E0,-8.872050476E-1,3.588557075E0
1.134195442E1,-2.859503632E0,-3.858376465E0,-9.292675781E-1,4.891560916E0
1.135189442E1,-3.699856110E0,-4.211791534E0,-1.579964447E0,5.824466569E0
1.136183342E1,-4.744833069E0,-4.011208649E0,-2.237996063E0,6.603927775E0
1.137177342E1,-5.472769318E0,-3.850892029E0,-2.210902405E0,7.047599795E0
1.138171242E1,-5.726940765E0,-3.929628296E0,-1.393003235E0,7.083804563E0
1.139165242E1,-5.300926666E0,-3.738176422E0,-1.068478088E0,6.573844530E0
1.140159142E1,-4.784949646E0,-3.768114166E0,-7.683522034E-1,6.138794067E0
1.141153038E1,-4.900958405E0,-4.240082703E0,-7.309300232E-1,6.521652652E0
1.142147038E1,-5.168601837E0,-4.467609558E0,-2.570155334E-1,6.836668567E0
1.143140938E1,-4.673132172E0,-4.186494141E0,3.426374817E-1,6.283494086E0
1.144134938E1,-2.947221222E0,-2.776875458E0,6.029461670E-1,4.093982696E0
1.145128838E1,-1.496887207E0,-1.239422607E-1,1.697320404E0,2.266479550E0
1.146122838E1,-4.192781067E-1,2.887196045E0,5.256319427E0,6.011704339E0
1.147116738E1,1.518891449E0,9.940827942E-1,2.661615143E0,3.221711813E0
1.148110638E1,2.188449097E0,-7.241940308E-1,5.867797852E-2,2.305907532E0
1.149104638E1,2.424059143E0,-3.694317627E-1,2.418969727E-1,2.463951441E0
1.150098538E1,3.068469086E0,-1.751358032E-2,1.678010559E-1,3.073103716E0
1.151092538E1,7.507338409E0,-1.811233521E-2,-1.245410156E-1,7.508393205E0
1.152086438E1,2.081900665E1,8.554710388E-1,-7.768844604E-2,2.083672009E1
1.153080438E1,4.780039856E1,6.718927917E0,2.218087463E0,4.832123764E1
1.154074338E1,7.419950134E1,1.229872467E1,-4.949307861E0,7.537453334E1
1.155068238E1,7.779577286E1,2.220542358E1,-4.474195862E0,8.102642495E1
1.156062238E1,5.885655716E1,3.586032806E1,4.524790649E0,6.906903199E1
1.157056138E1,3.572875168E1,3.078842514E1,7.898025970E0,4.782101665E1
1.158050138E1,2.583522537E1,1.634451141E1,5.147495728E0,3.100159086E1
1.159044038E1,1.819765778E1,9.316027222E0,3.529210968E0,2.074604641E1
1.160038038E1,1.173050629E1,4.784799957E0,2.319576416E0,1.287942247E1
1.161031938E1,5.836063843E0,2.482437744E0,1.245559845E0,6.463246681E0
1.162025838E1,1.254092102E0,1.202748871E0,6.691085815E-1,1.862003797E0
1.163019838E1,-1.556762695E0,4.147874451E-1,4.239184570E-1,1.665912835E0
1.164013738E1,-2.889740753E0,-4.294569397E-1,2.594105530E-1,2.932972676E0
1.165007738E1,-3.549119568E0,-1.548679504E0,3.308120728E-2,3.872434929E0
1.166001638E1,-4.089495850E0,-2.905158691E0,-6.066883850E-1,5.052919366E0
1.166995638E1,-4.326004028E0,-3.741020508E0,-9.523196411E-1,5.797970161E0
1.167989538E1,-4.098028107E0,-3.924538879E0,-1.375040588E0,5.838371040E0
1.168983438E1,-3.929478607E0,-3.803889771E0,-2.170187073E0,5.883884044E0
1.169977438E1,-3.622017975E0,-3.516188049E0,-2.126028900E0,5.477462140E0
1.170971338E1,-3.540437622E0,-3.366499329E0,-1.095272369E0,5.006759216E0
1.171965338E1,-3.770060120E0,-3.189417572E0,-4.936734009E-1,4.962806785E0
1.172959238E1,-3.983516235E0,-3.040926361E0,-2.237846375E-1,5.016544059E0
1.173953238E1,-3.763174438E0,-3.013683014E0,-1.374142456E-1,4.823136929E0
1.174947138E1,-3.356769562E0,-3.054548035E0,6.735992432E-3,4.538525197E0
1.175941138E1,-3.437601471E0,-3.277434540E0,3.887416077E-1,4.765480151E0
1.176935038E1,-3.429218903E0,-3.292702789E0,5.387297058E-1,4.784523345E0
1.177928938E1,-3.202290802E0,-2.946772156E0,5.206173706E-1,4.382827280E0
1.178922938E1,-2.671943665E0,-1.523382111E0,6.631210327E-1,3.146379746E0
1.179916838E1,-1.328188019E0,4.784051514E-1,9.264234924E-1,1.688554231E0
1.180910838E1,6.885681152E-3,3.255729675E-1,7.286846924E-1,7.981394306E-1
1.181904738E1,1.335223389E0,-2.712359619E-1,1.520837402E-1,1.370955838E0
1.182898638E1,2.496209106E0,-2.779719543E-1,1.754351807E-1,2.517758093E0
1.183892637E1,3.143463135E0,-8.936416626E-2,2.869532776E-1,3.157798065E0
1.184886538E1,4.208049316E0,1.240919495E-1,-5.807922363E-2,4.210279214E0
1.185880537E1,7.057823181E0,6.779402161E-1,-5.340893555E-1,7.110395378E0
1.186874438E1,1.496857269E1,2.319726105E0,-6.289920044E-1,1.516030767E1
1.187868437E1,3.134017776E1,8.251441040E0,3.817062378E-2,3.240824708E1
1.188862338E1,5.220918045E1,1.824795319E1,-8.702902222E-1,5.531314242E1
1.189856337E1,7.416133072E1,2.907643524E1,-1.930984497E-1,7.965788942E1
1.190850238E1,7.821520065E1,3.923760498E1,-6.478527832E-1,8.750786805E1
1.191844138E1,5.607025131E1,3.480232819E1,1.465452576E-1,6.599315574E1
1.192838138E1,2.630434982E1,2.333063370E1,8.932375031E0,3.627705352E1
1.193832038E1,8.853040009E0,1.502290970E1,1.596774490E1,2.364387892E1
1.194826038E1,3.601660309E0,8.798852692E0,1.281021103E1,1.595284527E1
1.195819938E1,3.572770386E0,5.624703369E0,4.436773682E0,8.005431714E0
1.196813938E1,2.095941467E0,3.930676117E0,1.422042847E-2,4.454591742E0
1.197807838E1,-8.472381592E-2,2.185605011E0,-1.724414063E0,2.785256047E0
1.198801737E1,-1.418150940E0,5.490582275E-1,-2.716251526E0,3.112979180E0
1.199795738E1,-1.503323822E0,-4.745132446E-1,-2.722089386E0,3.145618534E0
1.200789637E1,-1.250050507E0,-9.886940002E-1,-2.224673767E0,2.736661372E0
1.201783638E1,-1.191821594E0,-1.255888367E0,-1.810036011E0,2.504780362E0
1.202777537E1,-1.202599182E0,-1.506317596E0,-1.516496429E0,2.452549472E0
1.203771538E1,-1.331181793E0,-1.825603638E0,-1.118623810E0,2.521149110E0
1.204765437E1,-1.860630798E0,-2.191891937E0,-7.556286621E-1,2.972761663E0
1.205759338E1,-2.380200348E0,-2.354154510E0,-8.346643066E-1,3.450226320E0
1.206753337E1,-2.706372070E0,-2.334844666E0,-9.765692139E-1,3.705352456E0
1.207747238E1,-3.028651886E0,-2.421963501E0,-9.846524048E-1,4.001022345E0
1.208741237E1,-3.144211578E0,-2.579136658E0,-8.755293274E-1,4.159875473E0
1.209735138E1,-3.027903442E0,-2.737657013E0,-9.961784363E-1,4.201825395E0
1.210729137E1,-2.807411957E0,-2.903512115E0,-1.253193970E0,4.228763368E0
1.211723038E1,-2.696791992E0,-2.743943939E0,-1.502276001E0,4.130223792E0
1.212716938E1,-2.585573273E0,-2.151176605E0,-1.150208130E0,3.554677015E0
1.213710938E1,-2.452350311E0,-1.854493561E0,-7.807763672E-1,3.172188543E0
1.214704838E1,-2.234702911E0,-1.693578186E0,-6.396199036E-1,2.875972496E0
1.215698838E1,-1.873054962E0,-1.333726501E0,-5.878276062E-1,2.373331533E0
1.216692738E1,-4.797523499E-1,-4.644841003E-1,-4.918771362E-1,8.293677796E-1
1.217686738E1,1.529519348E0,-3.427871704E-1,-2.920426941E-1,1.594434513E0
1.218680638E1,2.280507660E0,-1.431922302E0,-4.478686523E-1,2.729780760E0
1.219674638E1,3.386407928E0,-1.171014862E0,-3.817062378E-2,3.583363150E0
1.220668538E1,5.343587952E0,-9.208850098E-1,1.706451416E-1,5.425042042E0
1.221662437E1,8.726852417E0,-6.697073364E-1,6.351292419E-1,8.775525635E0
1.222656438E1,1.586116653E1,4.228706360E-1,2.543510742E0,1.606937679E1
1.223650337E1,2.566023926E1,1.334624634E0,2.794688416E-1,2.569644342E1
1.224644338E1,3.830519394E1,5.050347748E0,-9.286688232E-1,3.864785015E1
1.225638238E1,5.338887726E1,1.485810242E1,1.379980316E0,5.543500490E1
1.226632238E1,6.131055405E1,3.124737076E1,6.851851501E0,6.915439311E1
1.227626138E1,6.041975647E1,4.374488205E1,6.669380951E0,7.489086940E1
1.228620038E1,4.475378403E1,3.339121262E1,6.517446899E0,5.621700258E1
1.229614038E1,2.281091446E1,1.584904175E1,7.947572937E0,2.889106883E1
1.230607938E1,1.438942703E1,8.467591553E0,4.730313263E0,1.735314325E1
1.231601938E1,1.089195007E1,5.163961487E0,-9.996212769E-1,1.209546681E1
1.232595838E1,6.647825775E0,3.316203918E0,-3.777245178E0,8.334169251E0
1.233589838E1,2.030527496E0,1.612297211E0,-3.707190857E0,4.523915147E0
1.234583738E1,-1.357377319E0,2.484832764E-1,-1.768123169E0,2.242872414E0
1.235577638E1,-2.388283539E0,-3.888912964E-1,-9.641450500E-1,2.604747661E0
1.236571638E1,-2.211501160E0,-6.524931335E-1,-9.803114319E-1,2.505493000E0
1.237565538E1,-1.861379242E0,-7.282356262E-1,-5.966592407E-1,2.085919955E0
1.238559538E1,-1.547481995E0,-7.777825928E-1,-5.825885010E-1,1.827308306E0
1.239553438E1,-1.298100586E0,-7.309300232E-1,-7.795788574E-1,1.681388422E0
1.240547450E1,-1.466799774E0,-8.788224792E-1,-7.756869507E-1,1.877637018E0
1.241541350E1,-1.831740875E0,-1.069226532E0,-7.195536804E-1,2.239704782E0
1.242535250E1,-2.330354004E0,-1.277593231E0,-6.484515381E-1,2.735559110E0
1.243529250E1,-2.785407715E0,-1.576371918E0,-1.048270111E0,3.367835327E0
1.244523150E1,-2.945275269E0,-1.781146088E0,-1.281036072E0,3.672625928E0
1.245517150E1,-2.834206238E0,-1.870210876E0,-8.253836060E-1,3.494520256E0
1.246511050E1,-2.657423859E0,-1.879940643E0,-2.061213684E-1,3.261681224E0
1.247505050E1,-2.389331360E0,-1.637744293E0,-3.293151855E-3,2.896743268E0
1.248498950E1,-2.043251038E0,-1.269210663E0,-8.966354370E-2,2.407033456E0
1.249492950E1,-1.830842743E0,-1.072819061E0,-1.802252197E-1,2.129649506E0
1.250486850E1,-1.749561768E0,-1.006506958E0,-2.688409424E-1,2.036246077E0
1.251480750E1,-1.725012817E0,-8.068222046E-1,-3.685336304E-1,1.939703154E0
1.252474750E1,-1.436562653E0,8.786727905E-2,-5.396278381E-1,1.537085267E0
1.253468650E1,-8.611592102E-1,1.773961029E0,-5.602848816E-1,2.049988309E0
1.254462650E1,-9.560618591E-1,3.159180450E0,1.013093262E0,3.452655985E0
1.255456550E1,-7.243437195E-1,2.167941742E0,2.663561096E0,3.509872210E0
1.256450550E1,8.170010376E-1,-4.760101318E-1,-6.518943787E-1,1.148495808E0
1.257444450E1,1.432521057E0,1.429527283E-1,-7.999365234E-1,1.646951882E0
1.258438350E1,1.505868530E0,9.494755554E-1,-6.292913818E-1,1.888160879E0
1.259432350E1,1.805245972E0,1.667083282E0,-8.779243469E-1,2.609373650E0
1.260426250E1,2.412533112E0,2.499651947E0,-7.372169495E-1,3.551346886E0
1.261420250E1,1.312575485E1,3.960164795E0,-1.179996185E0,1.376084070E1
1.262414150E1,3.461446884E1,8.451275482E0,-3.578757935E0,3.581051548E1
1.263408150E1,6.312552979E1,1.667786819E1,-3.270099792E0,6.537336882E1
1.264402050E1,7.938980804E1,2.802921295E1,3.608695679E0,8.426981123E1
1.265395950E1,7.320272415E1,3.878090469E1,5.277425537E0,8.300872612E1
1.266389950E1,4.399246719E1,2.797113373E1,2.082020416E0,5.217332940E1
1.267383850E1,2.215003876E1,1.672606796E1,9.120982819E0,2.921605542E1
1.268377850E1,1.154174881E1,1.004336472E1,1.410920975E1,2.081227859E1
1.269371750E1,8.127648468E0,5.927224274E0,9.596394196E0,1.390256950E1
1.270365750E1,7.710016937E0,4.256548462E0,1.112187195E0,8.876909729E0
1.271359650E1,4.945116577E0,2.847079468E0,-1.501826935E0,5.900468083E0
1.272353650E1,2.058369598E0,1.532363434E0,-1.292113037E0,2.873078349E0
1.273347550E1,1.008901978E-1,4.352947998E-1,-8.047265625E-1,9.204592523E-1
1.274341450E1,-1.356778564E0,-5.786965942E-1,-1.522334290E-1,1.482873170E0
1.275335450E1,-2.080972595E0,-1.422042847E0,3.936813354E-2,2.520754381E0
1.276329350E1,-2.623145142E0,-2.429597626E0,3.635939026E-1,3.593888644E0
1.277323350E1,-3.309767303E0,-3.727847900E0,3.177891541E-1,4.995237684E0
1.278317250E1,-3.723357239E0,-4.409530334E0,-7.490423584E-1,5.819657323E0
1.279311250E1,-4.008514252E0,-4.367318115E0,-1.773961029E0,6.187777611E0
1.280305150E1,-4.393513641E0,-4.322112122E0,-2.437082062E0,6.627441760E0
1.281299050E1,-4.906347198E0,-4.387975159E0,-2.387535095E0,7.001920641E0
1.282293050E1,-4.911286926E0,-4.196074219E0,-1.567390594E0,6.647141596E0
1.283286950E1,-4.481231232E0,-4.065246277E0,-7.226971436E-1,6.093435140E0
1.284280950E1,-3.720962219E0,-4.086202698E0,-8.891510010E-2,5.527252321E0
1.285274850E1,-2.627486115E0,-3.996988220E0,6.780899048E-1,4.831087252E0
1.286268850E1,-1.888472900E0,-3.776646423E0,9.370513916E-1,4.325211372E0
1.287262750E1,-1.557810516E0,-3.723506927E0,6.996450806E-1,4.096435119E0
1.288256650E1,-1.416354675E0,-3.382216644E0,8.499325562E-1,3.764018510E0
1.289250650E1,-9.611512756E-1,-2.324815521E0,2.146835632E0,3.307186450E0
1.290244550E1,3.212319946E-1,-5.807922363E-1,3.363804932E0,3.428657643E0
1.291238550E1,2.284848633E0,3.616479492E-1,3.002456360E0,3.790259451E0
1.292232450E1,3.384611664E0,-7.387138367E-1,1.560953979E0,3.799719934E0
1.293226450E1,3.958368530E0,-1.172062683E0,8.140072632E-1,4.207733378E0
1.294220350E1,5.344186707E0,-9.794132996E-1,7.653584290E-1,5.486834742E0
1.295214350E1,9.985135803E0,-3.026705933E-1,1.967358856E0,1.018160338E1
1.296208250E1,1.872201736E1,7.042854309E-1,1.822011108E0,1.882364674E1
1.297202150E1,3.040387482E1,2.171534271E0,-1.846110992E0,3.053717883E1
1.298196150E1,4.590489029E1,8.828341370E0,-3.730242920E0,4.689470414E1
1.299190050E1,6.106760925E1,2.088786346E1,-3.363655243E0,6.462870815E1
1.300184050E1,6.509767868E1,3.295397186E1,-1.749561768E0,7.298447093E1
1.301177950E1,5.512766144E1,3.494782562E1,1.968556366E0,6.530149145E1
1.302171950E1,3.546619766E1,2.625315628E1,5.818699951E0,4.450771462E1
1.303165850E1,1.843656097E1,1.791684174E1,9.005722504E0,2.724009978E1
1.304159750E1,8.077502747E0,1.097891922E1,9.178912354E0,1.643274627E1
1.305153750E1,3.657793579E0,6.639443207E0,5.925428009E0,9.621452960E0
1.306147650E1,1.778601379E0,4.208797760E0,2.010768585E0,4.992052860E0
1.307141650E1,-5.331912231E-1,2.275867310E0,-2.670446777E-1,2.352695848E0
1.308135550E1,-2.392774200E0,7.545808411E-1,-1.608255615E0,2.980142068E0
1.309129550E1,-3.026556244E0,-3.028202820E-1,-2.674638062E0,4.050361907E0
1.310123450E1,-3.188519440E0,-1.140029297E0,-3.588487701E0,4.933920044E0
1.311117350E1,-3.099304962E0,-1.318907318E0,-2.889291687E0,4.437703710E0
1.312111350E1,-2.580633545E0,-1.506467285E0,-1.383423157E0,3.292866958E0
1.313105250E1,-1.949994965E0,-1.610650635E0,-7.235952759E-1,2.630639837E0
1.314099250E1,-1.656455383E0,-1.643582153E0,-7.204518127E-1,2.442182947E0
1.315093150E1,-1.668580170E0,-1.686393127E0,-8.322692871E-1,2.514110922E0
1.316087150E1,-2.040856018E0,-1.961970062E0,-8.279283142E-1,2.949556764E0
1.317081050E1,-2.341131592E0,-2.529739380E0,-5.306465149E-1,3.487415115E0
1.318075050E1,-2.499801636E0,-3.533701630E0,2.005828857E-1,4.333161539E0
1.319068950E1,-2.485281830E0,-3.702999573E0,2.507286072E-1,4.466732189E0
1.320062850E1,-2.339934082E0,-2.999911652E0,1.821711731E-1,3.808930002E0
1.321056850E1,-2.244881744E0,-2.631976776E0,1.029858398E-1,3.460838320E0
1.322050750E1,-1.989063721E0,-2.741997986E0,1.240919495E-1,3.389738375E0
1.323044750E1,-1.502725067E0,-2.882256317E0,2.899470520E-1,3.263380670E0
1.324038650E1,-9.978250122E-1,-2.817291412E0,3.833528137E-1,3.013261528E0
1.325032650E1,-5.806425476E-1,-2.548749847E0,4.686753845E-1,2.655734958E0
1.326026550E1,1.422042847E-2,-9.460327148E-1,1.839375000E0,2.068448817E0
1.327020450E1,1.280587006E0,1.391805725E0,4.591402130E0,4.965682206E0
1.328014450E1,2.972069550E0,1.783990173E0,5.009482727E0,6.091858135E0
1.329008350E1,3.182082825E0,-6.845265198E-1,1.977837067E0,3.808683122E0
1.330002350E1,4.596341858E0,-6.421646118E-1,1.131347351E0,4.776890274E0
1.330996250E1,8.007747803E0,1.823208618E-1,1.569935303E0,8.162227798E0
1.331990250E1,1.509984970E1,1.563498688E0,1.964365082E0,1.530714602E1
1.332984150E1,2.857318176E1,6.036197662E0,1.134490814E0,2.922583562E1
1.333978050E1,4.749398575E1,1.817236038E1,3.502266998E0,5.097233797E1
1.334972050E1,6.584537384E1,2.852812546E1,-8.663983154E-1,7.176501825E1
1.335965950E1,7.249364868E1,3.650204361E1,-6.435866547E0,8.141958404E1
1.336959950E1,5.699472885E1,3.601450745E1,-5.106780396E0,6.761303920E1
1.337953850E1,2.756383072E1,2.547163147E1,2.262694702E0,3.759905000E1
1.338947850E1,1.002899460E1,1.595457230E1,8.754694519E0,2.077916711E1
1.339941750E1,4.957840118E0,1.027044250E1,8.405321045E0,1.416727178E1
1.340935638E1,4.619842987E0,7.124135284E0,3.611240387E0,9.226988128E0
1.341929638E1,3.099604340E0,5.025349731E0,5.517526245E-1,5.930102693E0
1.342923538E1,2.802172852E-1,2.458786926E0,-1.598076782E0,2.945845257E0
1.343917538E1,-1.230740662E0,9.020242310E-1,-2.623594208E0,3.035064556E0
1.344911438E1,-1.716779938E0,3.333567810E-1,-2.330803070E0,2.913949734E0
1.345905438E1,-1.713337097E0,1.068777466E-1,-1.462009735E0,2.254865700E0
1.346899338E1,-1.693129120E0,-2.281256104E-1,-7.993377686E-1,1.886178247E0
1.347893338E1,-1.614243164E0,-5.996530151E-1,-2.933898926E-1,1.746837817E0
1.348887238E1,-1.467548218E0,-8.848100281E-1,-7.334747314E-2,1.715216141E0
1.349881138E1,-1.271605682E0,-9.922865295E-1,5.807922363E-2,1.613997139E0
1.350875138E1,-1.447190552E0,-1.251996460E0,5.429209900E-1,1.989125142E0
1.351869038E1,-1.908980255E0,-1.628613281E0,1.165626068E0,2.766816034E0
1.352863038E1,-2.282603302E0,-1.911524963E0,1.197958832E0,3.209253945E0
1.353856937E1,-2.640509033E0,-2.149230652E0,8.690927124E-1,3.513801715E0
1.354850938E1,-2.920876007E0,-2.210303650E0,4.323010254E-1,3.688338793E0
1.355844837E1,-2.825224915E0,-2.036814423E0,-9.639953613E-2,3.484221818E0
1.356838838E1,-2.635718994E0,-1.776056671E0,-4.745132446E-1,3.213495719E0
1.357832737E1,-2.351011047E0,-1.564845886E0,-5.646258545E-1,2.880069087E0
1.358826638E1,-2.146685944E0,-1.569635925E0,-5.126838684E-1,2.708295078E0
1.359820637E1,-2.002835083E0,-1.794019318E0,-3.370989990E-1,2.709887344E0
1.360814538E1,-2.002984772E0,-2.286644897E0,-1.333726501E-1,3.042775238E0
1.361808537E1,-1.789229279E0,-2.321821747E0,3.742218018E-2,2.931483934E0
1.362802438E1,-1.205592957E0,-1.858235779E0,2.341131592E-1,2.227398383E0
1.363796437E1,-1.306782532E-1,-1.201850739E0,9.403445435E-1,1.531590632E0
1.364790338E1,1.668131104E0,-4.851411438E-1,2.062111816E0,2.696354660E0
1.365784238E1,2.804717560E0,-3.870950317E-1,2.256258087E0,3.620356848E0
1.366778238E1,2.746039581E0,-1.324745178E-1,1.213975525E0,3.005331838E0
1.367772138E1,4.914580078E0,1.297501831E0,3.854634247E0,6.379248664E0
1.368766138E1,9.532776489E0,2.813698883E0,3.802542572E0,1.064190110E1
1.369760038E1,1.972927277E1,4.929548950E0,-1.583856354E0,2.039738360E1
1.370754038E1,3.913985825E1,1.249167343E1,-2.468367004E0,4.115899955E1
1.371747938E1,6.528972931E1,2.602098907E1,-3.791315918E0,7.038618261E1
1.372741837E1,7.927843964E1,3.627571426E1,-4.530179443E0,8.730132280E1
1.373735838E1,6.930917084E1,3.854469589E1,3.466042328E0,7.938178754E1
1.374729737E1,3.676774109E1,2.848052444E1,9.443412323E0,4.745719222E1
1.375723738E1,1.779274979E1,1.651350998E1,8.526419220E0,2.572892888E1
1.376717637E1,1.081695602E1,9.912985840E0,5.113516388E0,1.553775646E1
1.377711638E1,7.553143158E0,6.169270935E0,-2.874023438E-2,9.752471555E0
1.378705537E1,4.402195587E0,3.675307159E0,-3.333567810E0,6.633240765E0
1.379699538E1,1.869462433E0,1.957329712E0,-3.630400543E0,4.528337166E0
1.380693437E1,3.793112183E-1,1.161584473E0,-2.693947906E0,2.958126233E0
1.381687338E1,-9.201365662E-1,4.972659302E-1,-1.739832001E0,2.030009876E0
1.382681337E1,-1.768422546E0,-5.493576050E-2,-8.093669128E-1,1.945613281E0
1.383675238E1,-2.083367615E0,-5.493576050E-1,5.927673340E-2,2.155395121E0
1.384669238E1,-2.227218475E0,-1.041534119E0,1.056353302E0,2.676037697E0
1.385663138E1,-2.324067078E0,-1.557062073E0,1.826801147E0,3.341097501E0
1.386657138E1,-2.446662140E0,-2.049687653E0,2.110461273E0,3.826411097E0
1.387651038E1,-2.587070160E0,-2.336640930E0,1.849254456E0,3.946208926E0
1.388644938E1,-2.753524017E0,-2.323618011E0,1.203796692E0,3.798713157E0
1.389638938E1,-3.032543793E0,-2.286195831E0,3.864962769E-1,3.817380333E0
1.390632838E1,-3.354673920E0,-2.318678284E0,-4.712200928E-1,4.105137570E0
1.391626838E1,-3.356021118E0,-2.331701202E0,-7.798782349E-1,4.160278633E0
1.392620738E1,-3.167712708E0,-2.539169769E0,-5.557942200E-1,4.097644949E0
1.393614738E1,-3.138673096E0,-3.095862122E0,-2.811154175E-1,4.417539695E0
1.394608638E1,-2.975213013E0,-3.669469299E0,1.037342834E-1,4.725215150E0
1.395602538E1,-2.846181335E0,-4.135749664E0,1.728904724E-1,5.023451462E0
1.396596538E1,-2.797083435E0,-4.288432159E0,-8.532257080E-2,5.120703669E0
1.397590438E1,-2.421065369E0,-3.820654907E0,-1.766326904E-1,4.526605853E0
1.398584438E1,-1.806742859E0,-3.212918701E0,-1.806742859E-1,3.690502613E0
1.399578338E1,-1.055904236E0,-1.833237762E0,9.131011963E-2,2.117553302E0
1.400572338E1,2.489323425E-1,1.441203003E0,2.139949951E0,2.591991358E0
1.401566238E1,2.558180237E0,3.112178192E0,5.613327026E0,6.909368967E0
1.402560238E1,3.050506439E0,1.326242065E-1,3.280278625E0,4.481451392E0
1.403554138E1,2.352657623E0,-1.233135681E0,5.680686951E-1,2.716306968E0
1.404548038E1,3.903582458E0,-3.480262756E-1,1.131946106E0,4.079262223E0
1.405542038E1,8.073311462E0,3.070115662E-1,3.474275208E-1,8.086613627E0
1.406535938E1,2.025947021E1,1.623074799E0,-3.911366272E-1,2.032814534E1
1.407529938E1,4.259557205E1,6.866071930E0,-2.289938049E0,4.320612825E1
1.408523838E1,6.539600830E1,2.154933792E1,-5.632786560E-1,6.885731006E1
1.409517838E1,7.175673111E1,3.564387817E1,-3.251837769E0,8.018783548E1
1.410511738E1,6.609355774E1,4.389546890E1,-2.050735474E0,7.936860891E1
1.411505638E1,4.275499054E1,3.312027603E1,6.990463257E0,5.453263681E1
1.412499638E1,2.052606583E1,1.731554214E1,1.352976471E1,3.006995030E1
1.413493538E1,1.035711227E1,1.044033920E1,1.134041748E1,1.857082459E1
1.414487538E1,7.596103821E0,6.280789032E0,5.248685303E0,1.116681698E1
1.415481438E1,5.115162964E0,3.489693146E0,1.607357483E0,6.397378250E0
1.416475438E1,2.162552948E0,1.470841370E0,-6.270460510E-1,2.689460232E0
1.417469338E1,-3.079096985E-1,-6.616241455E-2,-1.628313904E0,1.658490885E0
1.418463337E1,-1.648222504E0,-6.526428223E-1,-1.768123169E0,2.503765088E0
1.419457238E1,-1.969903564E0,-7.535330200E-1,-1.611099701E0,2.654048664E0
1.420451138E1,-1.950294342E0,-9.095086670E-1,-1.285526733E0,2.506677685E0
1.421445138E1,-1.792522430E0,-1.088386688E0,-1.293759613E0,2.464048738E0
1.422439038E1,-1.774859161E0,-1.283880157E0,-1.131946106E0,2.465720034E0
1.423433038E1,-2.067051544E0,-1.573677521E0,-9.885443115E-1,2.779637185E0
1.424426938E1,-2.695893860E0,-2.024090881E0,-8.707392883E-1,3.481806213E0
1.425420938E1,-3.934867401E0,-3.019371185E0,-7.743397522E-1,5.019898990E0
1.426414838E1,-4.689897308E0,-3.654500427E0,-1.376238098E0,6.102830609E0
1.427408738E1,-4.701273651E0,-3.748055878E0,-1.786235504E0,6.272203288E0
1.428402738E1,-4.505780182E0,-3.688030701E0,-1.323847046E0,5.971280976E0
1.429396638E1,-4.512366486E0,-3.645668793E0,-8.773255920E-1,5.867030973E0
1.430390638E1,-4.394112396E0,-3.654650116E0,-5.559439087E-1,5.742278716E0
1.431384537E1,-3.860172729E0,-3.630849609E0,-3.996688843E-1,5.314483757E0
1.432378538E1,-3.115022278E0,-3.427123260E0,-4.489164734E-1,4.652962888E0
1.433372437E1,-2.983445892E0,-3.404370575E0,-2.281256104E-1,4.532408819E0
1.434366438E1,-2.797233124E0,-3.434757385E0,-2.983296204E-1,4.439715307E0
1.435360337E1,-8.825646973E-1,-5.917195129E-1,1.992805939E0,2.258390563E0
1.436354238E1,1.442550201E0,2.554288330E0,9.081914063E0,9.543924926E0
1.437348237E1,2.285447388E0,2.874023438E-2,3.579805756E0,4.247246757E0
1.438342138E1,2.517015839E0,-8.047265625E-1,5.158273315E-1,2.692402535E0
1.439336137E1,2.866389313E0,7.544311523E-2,7.550299072E-1,2.965122176E0
1.440330038E1,3.871399384E0,4.635859680E-1,5.644761658E-1,3.939705380E0
1.441324067E1,6.901248779E0,1.501677246E0,-1.204844513E0,7.164769331E0
1.442317967E1,2.168525528E1,3.817661133E0,-4.116140442E0,2.240016619E1
1.443311867E1,4.953469208E1,1.083207458E1,-6.499933319E0,5.112013979E1
1.444305867E1,7.614994537E1,2.335578140E1,-1.532812500E-1,7.965130382E1
1.445299767E1,7.664421753E1,3.684752518E1,9.233099670E0,8.554137199E1
1.446293767E1,5.611216415E1,3.515200104E1,1.481918335E0,6.623016099E1
1.447287667E1,3.744268753E1,2.560201035E1,3.588936768E0,4.550053022E1
1.448281667E1,2.074850327E1,1.775143570E1,8.284671936E0,2.853505995E1
1.449275567E1,8.970096588E0,1.091859467E1,9.910590820E0,1.725972632E1
1.450269567E1,4.108057251E0,5.966592407E0,7.919730835E0,1.073305622E1
1.451263467E1,2.163600769E0,3.243904266E0,3.423830109E0,5.189093928E0
1.452257367E1,4.240681458E-1,1.628164215E0,1.889071655E-1,1.693055941E0
1.453251367E1,-1.236877899E0,2.630030823E-1,-1.357227631E0,1.855021402E0
1.454245267E1,-2.127076721E0,-6.795867920E-1,-1.868713989E0,2.911766742E0
1.455239267E1,-2.575843506E0,-1.443298645E0,-1.326691132E0,3.237003260E0
1.456233167E1,-2.580334167E0,-1.807640991E0,-5.739065552E-1,3.202352120E0
1.457227167E1,-2.342329102E0,-2.087858276E0,6.376739502E-2,3.138427008E0
1.458221067E1,-2.146536255E0,-2.392923889E0,2.011816406E-1,3.220896876E0
1.459214967E1,-2.127226410E0,-2.745141449E0,-3.772155762E-2,3.473084607E0
1.460208967E1,-2.326761475E0,-3.051853638E0,-2.336640930E-1,3.844766377E0
1.461202867E1,-2.746338959E0,-3.461102600E0,-3.561094666E-1,4.432654153E0
1.462196867E1,-3.389551392E0,-4.018842773E0,-6.795867920E-1,5.301131396E0
1.463190767E1,-3.780538330E0,-4.280049591E0,-6.879693604E-1,5.751921106E0
1.464184767E1,-3.575315094E0,-4.093238068E0,-6.589297485E-1,5.474638281E0
1.465178667E1,-3.161126404E0,-4.066892853E0,-4.926255798E-1,5.174458192E0
1.466172667E1,-2.847378845E0,-4.538112946E0,-2.071691895E-1,5.361432128E0
1.467166567E1,-2.499352570E0,-5.010829926E0,3.582051086E-1,5.611015123E0
1.468160467E1,-1.983375549E0,-5.079537048E0,9.865983582E-1,5.541556777E0
1.469154467E1,-1.764530640E0,-4.995112610E0,8.190966797E-1,5.360563192E0
1.470148367E1,-1.496138763E0,-4.391567688E0,-1.034349060E-1,4.640581509E0
1.471142367E1,-5.245092773E-1,-9.336085510E-1,4.906796265E-1,1.177922495E0
1.472136267E1,2.977308655E-1,2.190095673E0,3.300935669E0,3.972573349E0
1.473130267E1,1.862427063E0,1.180744629E0,3.907923431E0,4.487165920E0
1.474124167E1,3.148253174E0,-9.809101868E-1,1.288670197E0,3.540388922E0
1.475118167E1,4.864284668E0,-3.941304016E-1,1.439706116E0,5.088158587E0
1.476112067E1,7.756719818E0,1.704954529E-1,1.601070557E0,7.922070308E0
1.477105967E1,1.484732483E1,1.653012543E0,1.214723969E0,1.498836413E1
1.478099967E1,2.878065033E1,6.076014862E0,-6.815327454E-1,2.942292094E1
1.479093867E1,5.387476685E1,1.742047394E1,-2.960244141E0,5.669855783E1
1.480087867E1,7.329837524E1,3.169089844E1,-3.927532654E0,7.995242567E1
1.481081767E1,7.514762970E1,4.040353043E1,-2.517015839E0,8.535775822E1
1.482075767E1,5.442876480E1,3.628948563E1,-3.004252625E-1,6.541794448E1
1.483069667E1,2.702674759E1,2.604928024E1,8.004005585E0,3.838064866E1
1.484063567E1,9.972711639E0,1.881512375E1,1.415291885E1,2.556890634E1
1.485057567E1,4.051624603E0,1.101215012E1,1.030457153E1,1.561625136E1
1.486051467E1,4.660558319E0,6.511309662E0,2.756218414E0,8.468453065E0
1.487045467E1,3.595822449E0,4.174369354E0,-1.169817352E0,5.632385927E0
1.488039367E1,1.461410980E0,1.954036560E0,-2.359094238E0,3.394010394E0
1.489033367E1,-1.987866211E-1,3.851490784E-1,-1.955084381E0,2.002551091E0
1.490027267E1,-1.436412964E0,-6.505471802E-1,-6.159690857E-1,1.692900396E0
1.491021267E1,-1.911375275E0,-1.209484863E0,-1.718426514E-1,2.268422133E0
1.492015167E1,-2.159708862E0,-1.616189117E0,-2.880010986E-1,2.712812980E0
1.493009067E1,-2.598596191E0,-2.185305634E0,5.538482666E-3,3.395334086E0
1.494003067E1,-2.938539276E0,-2.858306122E0,4.170327759E-1,4.120539200E0
1.494996967E1,-2.985691223E0,-3.294798431E0,4.550537109E-1,4.469577459E0
1.495990967E1,-2.946772156E0,-3.620521088E0,1.089733887E-1,4.669423335E0
1.496984867E1,-3.052452393E0,-4.563260651E0,1.158590698E-1,5.491287344E0
1.497978867E1,-3.060535583E0,-6.021677856E0,2.365081787E-2,6.754853191E0
1.498972767E1,-3.013233948E0,-6.624474335E0,1.188528442E-1,7.278555147E0
1.499966667E1,-3.298690338E0,-6.338568878E0,1.152603149E-1,7.146474537E0
1.500960667E1,-3.543281708E0,-5.829926605E0,2.897973633E-1,6.828387218E0
1.501954567E1,-2.927612000E0,-5.585035858E0,4.748126221E-1,6.323684415E0
1.502948567E1,-2.389031982E0,-5.698948975E0,4.948709106E-1,6.199224988E0
1.503942467E1,-2.255359955E0,-5.547913055E0,8.056246948E-1,6.042765836E0
1.504936467E1,-2.121837616E0,-4.882247314E0,4.074526978E-1,5.338965388E0
1.505930367E1,-9.502239990E-1,-1.688788147E0,-7.167095947E-1,2.066059945E0
1.506924367E1,-1.251397705E-1,1.271905060E0,2.158511353E-1,1.296145885E0
1.507918267E1,-2.628533936E-1,3.000809784E0,4.262985077E0,5.219865231E0
1.508912167E1,1.584006042E0,1.827399902E0,5.064418488E0,5.612201009E0
1.509906167E1,3.160527649E0,-1.317859497E0,1.291514282E0,3.659740129E0
1.510900067E1,4.461023254E0,-6.527925110E-1,1.957479401E0,4.915139077E0
1.511894067E1,8.115224304E0,-7.813751221E-2,2.522254944E0,8.498514045E0
1.512887967E1,1.690719131E1,1.196761322E0,2.820584564E0,1.718257993E1
1.513881967E1,3.888748306E1,5.989045715E0,5.473517761E0,3.972485877E1
1.514875867E1,6.821419785E1,1.414378784E1,-4.360432434E-1,6.966644570E1
1.515869767E1,7.803302948E1,2.529829193E1,-4.034560089E0,8.213059685E1
1.516863767E1,6.902745667E1,3.704601242E1,-7.289840698E-1,7.834365467E1
1.517857667E1,4.813435410E1,2.838322678E1,1.851799164E0,5.591022059E1
1.518851667E1,2.561009354E1,1.670855438E1,7.483238525E0,3.148097107E1
1.519845567E1,1.190115143E1,1.169577850E1,1.043045975E1,1.967798594E1
1.520839567E1,6.190676422E0,8.367150421E0,7.946375427E0,1.309498237E1
1.521833467E1,3.583547974E0,5.754633179E0,4.264332275E0,8.008879376E0
1.522827467E1,1.599274292E0,3.840713196E0,1.804048462E0,4.534682675E0
1.523821367E1,9.056167603E-2,1.952090607E0,1.911524963E-1,1.963516853E0
1.524815267E1,-1.230441284E0,5.150788879E-1,-7.265890503E-1,1.518954793E0
1.525809267E1,-1.948647766E0,-5.141807556E-1,-6.382727051E-1,2.114001422E0
1.526803167E1,-2.204316101E0,-1.106349335E0,-1.090332642E0,2.696635606E0
1.527797167E1,-2.051034851E0,-1.204245758E0,-1.649420013E0,2.894397724E0
1.528791067E1,-1.686542816E0,-9.717791748E-1,-1.688189392E0,2.576580070E0
1.529785067E1,-1.430874481E0,-6.735992432E-1,-1.713636475E0,2.331885008E0
1.530778967E1,-1.295256500E0,-6.192622375E-1,-1.453477478E0,2.042981130E0
1.531772967E1,-1.285975800E0,-8.562194824E-1,-9.672885132E-1,1.822770591E0
1.532766867E1,-1.381177826E0,-1.259780273E0,-5.240602112E-1,1.941478207E0
1.533760767E1,-1.820963287E0,-2.346819763E0,1.827699280E-1,2.976050259E0
1.534754767E1,-2.072140961E0,-3.350632324E0,9.421408081E-1,4.050695550E0
1.535748667E1,-2.145638123E0,-3.473077698E0,1.034947815E0,4.211549433E0
1.536742667E1,-2.158361664E0,-3.037782898E0,7.969427490E-1,3.810743727E0
1.537736567E1,-2.143841858E0,-2.276765442E0,5.123844910E-1,3.168951981E0
1.538730567E1,-2.039059753E0,-1.643282776E0,1.348695374E-1,2.622276254E0
1.539724467E1,-1.882784729E0,-1.230890350E0,-1.362167358E-1,2.253558162E0
1.540718417E1,-1.768422546E0,-1.062490540E0,-1.922003174E-1,2.071990688E0
1.541712317E1,-1.501527557E0,-1.047821045E0,-1.124162292E-1,1.834434887E0
1.542706217E1,-1.074166260E0,-1.043629761E0,3.951782227E-2,1.498184865E0
1.543700217E1,-5.520520020E-1,-7.026388550E-1,-4.879852295E-2,8.948989156E-1
1.544694117E1,4.745132446E-1,4.884342957E-1,5.987548828E-2,6.836051160E-1
1.545688117E1,1.948647766E0,1.610950012E0,8.801696777E-1,2.677141520E0
1.546682017E1,2.841840363E0,1.040186920E0,1.210083618E0,3.259194354E0
1.547676017E1,3.911515961E0,6.593788147E-1,8.144563293E-1,4.049453870E0
1.548669917E1,6.349496155E0,1.647474060E0,4.902305603E-1,6.578039085E0
1.549663817E1,1.290556274E1,4.540957031E0,4.345463562E-1,1.368804847E1
1.550657817E1,2.772938644E1,9.944719849E0,-4.206253052E-1,2.946172519E1
1.551651717E1,5.021547638E1,1.682905380E1,-3.492237854E0,5.307548252E1
1.552645717E1,7.298702271E1,2.650343582E1,-5.885910187E0,7.787285491E1
1.553639617E1,7.796866333E1,3.653018509E1,-5.414989471E0,8.627217973E1
1.554633617E1,5.230408310E1,3.198069580E1,3.120261383E0,6.138581305E1
1.555627517E1,2.181997513E1,1.964634521E1,1.462114517E1,3.280042806E1
1.556621517E1,9.744586029E0,1.260633499E1,1.701556595E1,2.331107298E1
1.557615417E1,7.660320282E0,8.383316803E0,1.102891525E1,1.583027097E1
1.558609317E1,7.483986969E0,5.201233978E0,4.797822876E0,1.029961165E1
1.559603317E1,5.673950958E0,3.282973022E0,1.069974976E0,6.642023622E0
1.560597217E1,3.122656403E0,1.413660278E0,-5.511538696E-1,3.471770295E0
1.561591217E1,1.383273468E0,1.327738953E-1,-2.857557678E-1,1.418707423E0
1.562585117E1,2.411485291E-1,-5.734574890E-1,-4.906796265E-1,7.923210212E-1
1.563579117E1,-8.063731384E-1,-8.737330627E-1,-1.886377258E0,2.229813056E0
1.564573017E1,-1.183588715E0,-8.289761353E-1,-2.489622803E0,2.878594341E0
1.565567017E1,-1.065035248E0,-8.752299500E-1,-1.766177216E0,2.240470821E0
1.566560917E1,-9.865983582E-1,-8.391549683E-1,-8.210426331E-1,1.533515043E0
1.567554817E1,-8.705895996E-1,-8.812174988E-1,-1.028361511E-1,1.242998715E0
1.568548817E1,-1.000220032E0,-1.124461670E0,1.564247131E-1,1.513050842E0
1.569542717E1,-1.305585022E0,-1.431473236E0,1.110690308E-1,1.940619541E0
1.570536717E1,-1.696871338E0,-1.740580444E0,-9.145980835E-2,2.432561925E0
1.571530617E1,-2.100132751E0,-1.982776794E0,-5.328918457E-1,2.936994230E0
1.572524617E1,-2.579286346E0,-2.373464355E0,-1.031954041E0,3.653899321E0
1.573518517E1,-3.206631775E0,-2.754721527E0,-1.448687439E0,4.468744044E0
1.574512517E1,-3.544179840E0,-2.936443634E0,-1.568887482E0,4.862645359E0
1.575506417E1,-3.444936218E0,-3.235072632E0,-1.532213745E0,4.967993503E0
1.576500317E1,-3.309168549E0,-3.411106567E0,-1.376986542E0,4.947962857E0
1.577494317E1,-2.761906586E0,-2.861898651E0,-9.550140381E-1,4.090310953E0
1.578488217E1,-2.147733765E0,-2.343077545E0,-4.635859680E-1,3.212115293E0
1.579482217E1,-1.506616974E0,-1.851499786E0,-3.522175598E-1,2.412882793E0
1.580476117E1,-4.050576782E-1,-9.803114319E-1,-3.607498169E-1,1.120367197E0
1.581470117E1,8.204438782E-1,9.527687073E-1,4.011657715E-1,1.319784203E0
1.582464017E1,2.038161621E0,2.758763123E-1,6.038442993E-1,2.143557434E0
1.583458017E1,2.487826538E0,-1.060694275E0,-5.807922363E-2,2.705129650E0
1.584451917E1,3.315156097E0,-6.367758179E-1,2.487826538E-1,3.384913027E0
1.585445817E1,5.909561005E0,1.586700439E-1,1.804198151E0,6.180875214E0
1.586439817E1,1.203841599E1,9.256750488E-1,1.792522430E0,1.220628815E1
1.587433717E1,2.392190414E1,2.021097107E0,-2.489323425E-1,2.400842141E1
1.588427717E1,4.486979279E1,6.352639618E0,-2.225721588E0,4.537188746E1
1.589421617E1,6.566245422E1,1.686198532E1,-1.594184875E0,6.781169419E1
1.590415617E1,6.910200165E1,3.183415054E1,6.863227844E-1,7.608528643E1
1.591409517E1,5.797309433E1,4.261652847E1,6.411766663E0,7.223682521E1
1.592403417E1,3.839755188E1,3.320320358E1,1.128593079E1,5.200189374E1
1.593397417E1,2.024929138E1,1.828043564E1,1.053479279E1,2.924363157E1
1.594391317E1,1.307710602E1,1.024170227E1,6.669231262E0,1.789921263E1
1.595385317E1,1.019619690E1,5.990093536E0,6.755451965E-1,1.184483065E1
1.596379217E1,6.346801758E0,3.895050201E0,-2.545905762E0,7.869875779E0
1.597373217E1,2.313588867E0,2.475402374E0,-2.631677399E0,4.290225669E0
1.598367117E1,-5.713618469E-1,1.343156891E0,-1.922152863E0,2.413544369E0
1.599361117E1,-1.923949127E0,4.555027771E-1,-1.785037994E0,2.663723647E0
1.600355017E1,-2.056124268E0,-5.209167480E-2,-1.817370758E0,2.744667014E0
1.601348917E1,-1.859133911E0,-4.766088867E-1,-1.253193970E0,2.292167109E0
1.602342917E1,-1.722617798E0,-1.023272095E0,-4.972659302E-1,2.064405789E0
1.603336817E1,-1.854194183E0,-1.533111877E0,-4.924758911E-2,2.406427523E0
1.604330817E1,-2.305355988E0,-1.862127686E0,-2.993774414E-3,2.963476794E0
1.605324717E1,-2.846331024E0,-2.065704346E0,-4.581971741E-1,3.546643398E0
1.606318717E1,-3.590733032E0,-2.488724670E0,-1.053209839E0,4.494036622E0
1.607312617E1,-3.989054718E0,-2.940185852E0,-1.279239807E0,5.117978592E0
1.608306617E1,-4.054618378E0,-3.235372009E0,-1.158740387E0,5.315095626E0
1.609300517E1,-4.405339050E0,-3.751947784E0,-9.044192505E-1,5.856799340E0
1.610294417E1,-4.515959015E0,-5.401667175E0,-1.340312805E0,7.167170468E0
1.611288417E1,-4.286635895E0,-6.307882690E0,-8.402027893E-1,7.672716081E0
1.612282317E1,-4.158951416E0,-6.012846222E0,1.908531189E-1,7.313523192E0
1.613276317E1,-3.827390900E0,-5.829627228E0,8.217910767E-1,7.022023589E0
1.614270217E1,-3.858226776E0,-5.920188904E0,1.825603638E0,7.298450463E0
1.615264217E1,-4.283043365E0,-4.173321533E0,3.313659210E0,6.836769007E0
1.616258117E1,-3.511697388E0,-6.432124329E-1,4.744683380E0,5.937824615E0
1.617252117E1,-1.659898224E0,1.933978271E-1,4.218527527E0,4.537470587E0
1.618246017E1,2.251318359E-1,-3.186872864E-1,2.500250702E0,2.530513684E0
1.619239917E1,1.379381561E0,-3.538641357E-1,1.677561493E0,2.200483102E0
1.620233917E1,2.642454987E0,-1.832189941E-1,1.758393402E0,3.179321455E0
1.621227817E1,6.089786224E0,1.998194733E0,6.475833435E0,9.111240153E0
1.622221817E1,8.722661133E0,3.367098083E0,6.557413788E0,1.142023828E1
1.623215717E1,1.272997787E1,2.312840424E0,9.533674622E-1,1.297345278E1
1.624209717E1,2.908811096E1,3.184028778E0,-7.231462097E-1,2.927079054E1
1.625203617E1,5.895340576E1,6.819967804E0,-8.297245789E-1,5.935237531E1
1.626197617E1,7.926496765E1,1.284224442E1,-5.507197723E0,8.048718883E1
1.627191517E1,7.595430222E1,2.309966400E1,-3.297792206E0,7.945769903E1
1.628185417E1,5.215080185E1,2.589989090E1,-5.538482666E-2,5.822811649E1
1.629179417E1,3.031510941E1,1.702888824E1,2.517464905E0,3.486153357E1
1.630173317E1,1.836635696E1,1.229992218E1,7.752079468E0,2.342447203E1
1.631167317E1,9.366921387E0,9.985435181E0,9.718390503E0,1.678973633E1
1.632161217E1,4.640200653E0,6.477629700E0,6.941664734E0,1.056777450E1
1.633155217E1,2.137405243E0,4.068389740E0,3.273542633E0,5.642373403E0
1.634149117E1,4.884342957E-1,2.622247009E0,1.351240082E0,2.990083142E0
1.635143117E1,-9.889933777E-1,1.547182617E0,4.674778748E-1,1.894839707E0
1.636137017E1,-2.041604462E0,7.417076111E-1,-2.246827698E-1,2.183749369E0
1.637130917E1,-2.304607544E0,1.761836243E-1,-1.172811127E0,2.591860826E0
1.638124917E1,-2.289938049E0,-4.677772522E-1,-2.286195831E0,3.269453044E0
1.639118817E1,-2.474803619E0,-8.375083923E-1,-2.813698883E0,3.839658144E0
1.640112817E1,-2.661016388E0,-1.431922302E0,-2.548899536E0,3.953264289E0
1.641106688E1,-2.670746155E0,-2.331701202E0,-1.570534058E0,3.877665889E0
1.642100687E1,-2.381248169E0,-3.205733643E0,-4.490661621E-2,3.993630883E0
1.643094588E1,-1.893262939E0,-3.557352448E0,9.312135315E-1,4.135983515E0
1.644088587E1,-1.330433350E0,-3.194656677E0,1.207239532E0,3.665148220E0
1.645082488E1,-1.051114197E0,-2.634671173E0,1.004111938E0,3.009081925E0
1.646076388E1,-1.013841705E0,-2.334096222E0,7.309300232E-1,2.647666685E0
1.647070388E1,-1.158291321E0,-2.013163605E0,5.215155029E-1,2.380429563E0
1.648064288E1,-1.338815918E0,-1.764081573E0,3.948788452E-1,2.249520207E0
1.649058288E1,-1.463656311E0,-1.738185425E0,2.448907471E-1,2.285508662E0
1.650052188E1,-1.370699615E0,-2.044598236E0,1.462458801E-1,2.465884677E0
1.651046188E1,-9.440867615E-1,-2.787054291E0,6.204597473E-1,3.007314704E0
1.652040088E1,-3.463796997E-1,-1.961670685E0,1.743873596E0,2.647494267E0
1.653034088E1,2.478845215E-1,3.329077148E-1,2.429747314E0,2.464943467E0
1.654027988E1,8.966354370E-1,1.545236664E0,2.295626221E0,2.908884872E0
1.655021887E1,1.622925110E0,9.099577332E-1,1.445843353E0,2.356347171E0
1.656015888E1,2.613864441E0,1.583706665E-1,9.178912354E-1,2.774868088E0
1.657009787E1,4.682861938E0,8.204438782E-1,1.177451477E0,4.897827689E0
1.658003788E1,8.581953735E0,2.017654266E0,1.504072266E0,8.943326676E0
1.658997688E1,1.633433258E1,4.422553253E0,3.114872589E0,1.720673791E1
1.659991688E1,3.021841049E1,8.703500977E0,3.483256531E0,3.163915830E1
1.660985588E1,4.899326797E1,1.295166687E1,-4.933141479E0,5.091583120E1
1.661979588E1,6.649816635E1,2.085148911E1,-9.489815826E0,7.033382778E1
1.662973488E1,6.889258713E1,2.869936935E1,-7.189998322E0,7.497691937E1
1.663967388E1,4.571912659E1,2.709710129E1,8.020321655E-1,5.315199610E1
1.664961388E1,2.146102158E1,2.090971802E1,8.386909332E0,3.111481967E1
1.665955288E1,9.270970917E0,1.623299332E1,1.086365891E1,2.162128716E1
1.666949288E1,4.622986450E0,1.160536652E1,7.900570679E0,1.478091854E1
1.667943188E1,4.452490997E0,8.254285126E0,3.661386108E0,1.006795149E1
1.668937188E1,4.354893951E0,6.037095795E0,8.969348145E-1,7.497740928E0
1.669931088E1,3.410507812E0,4.018842773E0,-9.560618591E-1,5.356931496E0
1.670924988E1,2.881956940E0,2.197280731E0,-2.915187836E0,4.651025535E0
1.671918988E1,2.938838654E0,9.690847778E-1,-2.753074951E0,4.141898070E0
1.672912888E1,2.658022614E0,2.204914856E-1,-2.086361389E0,3.386237522E0
1.673906888E1,2.037712555E0,-3.254232788E-1,-1.681752777E0,2.662041542E0
1.674900788E1,1.394350433E0,-8.030799866E-1,-1.272803192E0,2.051628271E0
1.675894788E1,7.009922791E-1,-1.338815918E0,-8.520281982E-1,1.734868954E0
1.676888688E1,3.906875610E-2,-2.051932983E0,-4.520599365E-1,2.101502682E0
1.677882688E1,-4.358935547E-1,-2.571652222E0,-1.341210938E-1,2.611778476E0
1.678876588E1,-7.845185852E-1,-3.152145081E0,-5.987548828E-4,3.248305463E0
1.679870588E1,-1.374741211E0,-4.023782501E0,-1.930984497E-2,4.252189070E0
1.680864488E1,-1.998793488E0,-4.802762604E0,-1.448986816E-1,5.204104117E0
1.681858388E1,-2.346670074E0,-4.831652527E0,-1.252894592E-1,5.372841337E0
1.682852388E1,-2.246678009E0,-4.254003754E0,1.437011719E-1,4.812978292E0
1.683846288E1,-2.075883179E0,-3.801794128E0,2.499801636E-1,4.338826990E0
1.684840288E1,-2.042352905E0,-3.550766144E0,1.225950623E-1,4.098069685E0
1.685834188E1,-2.016456757E0,-3.338208160E0,1.454974365E-1,3.902678705E0
1.686828188E1,-1.993255005E0,-2.832110596E0,4.297563171E-1,3.489786015E0
1.687822088E1,-2.092648315E0,-1.978735199E0,8.526269531E-1,3.003588301E0
1.688815988E1,-1.987866211E0,-6.637197876E-1,1.566492462E0,2.616492817E0
1.689809988E1,-1.158141632E0,8.776249695E-1,2.639311523E0,3.012886149E0
1.690803888E1,5.926176453E-1,1.486109619E0,3.126398621E0,3.511991715E0
1.691797888E1,2.019450531E0,2.664459229E-2,2.117796021E0,2.926422793E0
1.692791788E1,3.548520813E0,-3.667373657E-1,1.909579010E0,4.046354934E0
1.693785788E1,6.419999542E0,7.842192078E-1,2.452949066E0,6.917250394E0
1.694779687E1,1.196716415E1,2.291884003E0,2.328857117E0,1.240521365E1
1.695773688E1,2.438264603E1,5.950276337E0,2.950664062E0,2.527104339E1
1.696767587E1,4.342694321E1,1.062759979E1,-1.143023071E0,4.472305642E1
1.697761588E1,6.192038589E1,1.561822174E1,-5.251080322E0,6.407524393E1
1.698755487E1,7.312743073E1,2.422442505E1,-5.555397491E0,7.723539561E1
1.699749388E1,6.356606369E1,2.870356064E1,-4.031117249E0,6.986264204E1
1.700743387E1,3.454680954E1,2.338751541E1,4.613406372E0,4.197310383E1
1.701737288E1,1.377091324E1,1.698023941E1,1.382180740E1,2.586520717E1
1.702731287E1,5.671106873E0,1.279434402E1,1.394889313E1,1.975925888E1
1.703725188E1,4.755011902E0,9.757010193E0,8.542286224E0,1.381231480E1
1.704719187E1,4.852459259E0,6.640491028E0,4.146527252E0,9.210655254E0
1.705713088E1,3.472179565E0,4.507875824E0,1.897154846E0,5.998013995E0
1.706707087E1,1.595382385E0,2.629132690E0,2.529739380E-2,3.075422510E0
1.707700988E1,3.483256531E-1,1.297352142E0,-1.280137939E0,1.855587908E0
1.708694888E1,-2.396516418E-1,4.923262024E-1,-1.674567719E0,1.761815837E0
1.709688888E1,-5.075944519E-1,1.362167358E-2,-1.429676971E0,1.517173003E0
1.710682788E1,-6.140231323E-1,-1.784289551E-1,-1.500180359E0,1.630767429E0
1.711676788E1,-5.966592407E-1,-2.221380615E-1,-1.479972382E0,1.611107016E0
1.712670688E1,-6.581813049E-1,-3.547622681E-1,-1.285227356E0,1.486898871E0
1.713664688E1,-8.086184692E-1,-5.158273315E-1,-1.425785065E0,1.718372694E0
1.714658588E1,-9.672885132E-1,-7.387138367E-1,-1.408570862E0,1.861563073E0
1.715652588E1,-1.188528442E0,-1.007255402E0,-1.202299805E0,1.967914663E0
1.716646488E1,-1.483564911E0,-1.275796967E0,-1.115031281E0,2.252091806E0
1.717640387E1,-1.713337097E0,-1.409319305E0,-1.152453461E0,2.499970778E0
1.718634388E1,-1.907932434E0,-1.453477478E0,-1.257534943E0,2.708172277E0
1.719628287E1,-2.118095398E0,-1.479972382E0,-1.415905609E0,2.946427508E0
1.720622288E1,-2.297572174E0,-1.605561218E0,-1.445394287E0,3.153700900E0
1.721616187E1,-2.352358246E0,-1.775008850E0,-1.284628601E0,3.214734262E0
1.722610188E1,-2.260898438E0,-1.951940918E0,-1.129551086E0,3.193371377E0
1.723604087E1,-1.983824615E0,-2.159559174E0,-1.021625519E0,3.105313934E0
1.724598088E1,-1.505718842E0,-2.416275330E0,-9.888436890E-1,3.013865879E0
1.725591988E1,-1.383872223E0,-3.098107452E0,-1.248104553E0,3.615402756E0
1.726585888E1,-8.494834900E-1,-2.588716736E0,-9.068142700E-1,2.871478480E0
1.727579888E1,3.974235535E-1,-1.593137054E0,8.936416626E-1,1.869392034E0
1.728573788E1,3.007695465E0,-9.648934937E-1,4.489913177E0,5.489678661E0
1.729567788E1,3.950435028E0,-1.541045380E0,2.904260559E0,5.139599904E0
1.730561688E1,4.694986725E0,-1.444047089E0,1.647474060E0,5.180959672E0
1.731555688E1,7.696544952E0,-5.346881104E-1,2.077529755E0,7.989920241E0
1.732549588E1,1.539862839E1,8.089178467E-1,3.378773804E0,1.578569659E1
1.733543588E1,3.028277664E1,3.538940735E0,2.203268280E0,3.056836688E1
1.734537488E1,5.060990616E1,1.013602203E1,-3.083587646E0,5.170696333E1
1.735531388E1,6.789221741E1,2.202639587E1,-6.120472412E0,7.163780763E1
1.736525388E1,7.544191772E1,3.406795532E1,1.272803192E0,8.278724876E1
1.737519288E1,5.965933777E1,3.576273102E1,1.055051010E1,7.035284483E1
1.738513288E1,2.895309174E1,2.256048523E1,1.453642136E1,3.947865956E1
1.739507188E1,1.268282593E1,1.371208557E1,1.192809540E1,2.216201309E1
1.740501188E1,7.450905762E0,8.882678375E0,5.646707611E0,1.289586285E1
1.741495163E1,5.934858398E0,4.977299652E0,3.695814514E-1,7.754524259E0
1.742489163E1,3.564238129E0,2.816243591E0,-2.153721313E0,5.027279274E0
1.743483063E1,1.065035248E0,1.300794983E0,-2.692900085E0,3.174598957E0
1.744476962E1,-2.595602417E-1,2.471360779E-1,-2.372266846E0,2.399186893E0
1.745470963E1,-8.897497559E-1,-2.939886475E-1,-1.861229553E0,2.083808869E0
1.746464862E1,-9.319619751E-1,-5.177732849E-1,-1.292562103E0,1.675517558E0
1.747458863E1,-1.087488556E0,-6.897656250E-1,-1.507664795E0,1.982791242E0
1.748452762E1,-1.176403656E0,-8.445437622E-1,-1.944755859E0,2.424717526E0
1.749446763E1,-1.316811676E0,-1.045426025E0,-1.962568817E0,2.584295828E0
1.750440662E1,-1.517693939E0,-1.177002411E0,-1.614093475E0,2.508790010E0
1.751434663E1,-1.664388885E0,-1.296004944E0,-1.376687164E0,2.518945558E0
1.752428562E1,-1.927841034E0,-1.440604248E0,-1.214873657E0,2.695891254E0
1.753422463E1,-2.219734039E0,-1.561702423E0,-1.141825562E0,2.944469269E0
1.754416462E1,-2.449506226E0,-1.715582428E0,-1.044976959E0,3.167851111E0
1.755410363E1,-2.653382263E0,-1.885030060E0,-1.031654663E0,3.414394105E0
1.756404362E1,-2.903811493E0,-2.420316925E0,-1.030457153E0,3.918149710E0
1.757398263E1,-2.974015503E0,-2.577041016E0,-9.530680847E-1,4.048981030E0
1.758392262E1,-2.918930054E0,-2.322121124E0,-5.896238708E-1,3.776248864E0
1.759386163E1,-3.068169708E0,-2.433040466E0,-2.612068176E-1,3.924484714E0
1.760380163E1,-3.083587646E0,-2.724783783E0,2.080673218E-2,4.115020335E0
1.761374063E1,-2.966231689E0,-3.052751770E0,5.577401733E-1,4.292889226E0
1.762368063E1,-3.050057373E0,-2.381697235E0,1.504371643E0,4.151923137E0
1.763361963E1,-2.757116547E0,-3.282673645E-1,3.130140839E0,4.184164526E0
1.764355863E1,-1.180445251E0,1.352437592E0,4.245920563E0,4.609813430E0
1.765349863E1,7.132667542E-1,7.872129822E-1,3.314407654E0,3.480481553E0
1.766343763E1,1.276545410E0,-7.821235657E-1,1.106349335E0,1.861530098E0
1.767337763E1,2.008223877E0,-5.375321960E-1,1.281335449E0,2.442073819E0
1.768331663E1,3.134781189E0,1.556762695E-2,1.593735809E0,3.516687260E0
1.769325663E1,7.312294006E0,5.839356995E-1,1.241667938E0,7.439916922E0
1.770319563E1,2.107482468E1,2.248623962E0,2.989583130E0,2.140425547E1
1.771313563E1,4.366674454E1,6.524482269E0,-1.271905060E0,4.416979952E1
1.772307463E1,6.773025421E1,1.585323303E1,-7.236701202E0,6.993627226E1
1.773301363E1,7.906663010E1,3.101071289E1,-5.985902252E0,8.514121995E1
1.774295363E1,6.896728180E1,4.000940002E1,-2.535128174E0,7.977258253E1
1.775289263E1,4.188380219E1,3.063843704E1,3.630101166E0,5.202061461E1
1.776283263E1,2.252860153E1,1.805350754E1,7.787406006E0,2.990168413E1
1.777277163E1,1.170475983E1,1.230201782E1,8.494685211E0,1.898685656E1
1.778271163E1,6.270011444E0,8.457113342E0,6.318809967E0,1.227856543E1
1.779265063E1,2.834505615E0,5.834417267E0,2.997666321E0,7.145687531E0
1.780259063E1,5.092410278E-1,3.739523621E0,4.863386536E-1,3.805244883E0
1.781252963E1,-9.758207703E-1,2.183359680E0,-1.028062134E0,2.603113025E0
1.782246863E1,-1.817969513E0,9.759704590E-1,-1.741179199E0,2.699858606E0
1.783240863E1,-1.804647217E0,1.869612122E-1,-1.626367950E0,2.436550591E0
1.784234763E1,-1.666185150E0,-3.222798157E-1,-1.338067474E0,2.161125124E0
1.785228763E1,-1.407373352E0,-6.218069458E-1,-1.135089569E0,1.912007312E0
1.786222663E1,-1.293909302E0,-8.988807678E-1,-9.000782776E-1,1.814477562E0
1.787216663E1,-1.303938446E0,-1.323248291E0,-5.812413025E-1,1.946556694E0
1.788210563E1,-1.481918335E0,-1.896406403E0,-1.568737793E-1,2.411855837E0
1.789204563E1,-1.728006592E0,-2.466870117E0,1.806742859E-1,3.017299812E0
1.790198463E1,-1.930385742E0,-2.786754913E0,1.109193420E-1,3.391857185E0
1.791192363E1,-2.063009949E0,-3.014281769E0,-1.148112488E-1,3.654461144E0
1.792186363E1,-2.188898163E0,-3.395988007E0,-1.083746338E-1,4.041751448E0
1.793180263E1,-2.171833649E0,-3.881578217E0,-1.221459961E-1,4.449542729E0
1.794174263E1,-2.152673492E0,-4.472249908E0,-1.824705505E-1,4.966721042E0
1.795168163E1,-2.029030609E0,-4.848866730E0,-2.490820312E-1,5.262177841E0
1.796162162E1,-1.586550751E0,-5.037474518E0,-2.303709412E-1,5.286432027E0
1.797156063E1,-9.936337280E-1,-5.314698029E0,-1.496887207E-4,5.406784917E0
1.798150062E1,-6.072871399E-1,-5.634882202E0,1.788780212E-1,5.670334421E0
1.799143963E1,-6.234535217E-1,-5.477858734E0,3.445834351E-1,5.523981205E0
1.800137863E1,-5.364843750E-1,-3.721710663E0,6.273454285E-1,3.812152677E0
1.801131863E1,2.794688416E-1,-1.418600006E0,9.458830261E-1,1.727779937E0
1.802125763E1,1.733096008E0,-6.218069458E-1,1.118773499E0,2.154511497E0
1.803119763E1,3.073708191E0,-1.051563263E0,8.548722839E-1,3.359207341E0
1.804113663E1,5.120551758E0,-9.617500305E-1,8.059240723E-1,5.272051502E0
1.805107663E1,8.564440155E0,-3.622467041E-2,8.878038025E-1,8.610408991E0
1.806101563E1,1.476290039E1,1.821711731E0,1.595681763E-1,1.487572935E1
1.807095563E1,2.856599670E1,6.696624298E0,-2.221530304E0,2.942441404E1
1.808089463E1,5.196937912E1,1.769320679E1,-4.277504883E0,5.506507950E1
1.809083463E1,6.950331711E1,2.864009262E1,-4.313729553E0,7.529657533E1
1.810077363E1,7.531932266E1,4.143264038E1,-8.083190918E-3,8.596315560E1
1.811071262E1,5.174394791E1,3.983486298E1,9.767488403E0,6.602769330E1
1.812065263E1,2.037907150E1,2.275642776E1,1.603884705E1,3.450226332E1
1.813059162E1,1.062984512E1,1.324879898E1,1.057490936E1,2.000882280E1
1.814053163E1,8.578510895E0,8.102650452E0,3.800297241E0,1.239701789E1
1.815047062E1,6.132746887E0,5.099894714E0,1.205892334E0,8.066826315E0
1.816041063E1,3.023412781E0,2.926414490E0,-1.402583313E-1,4.210059264E0
1.817034962E1,3.182382202E-1,1.272054749E0,-1.331481171E0,1.868753851E0
1.818028963E1,-1.220861206E0,-1.142124939E-1,-1.955533447E0,2.308171926E0
1.819022862E1,-1.615440674E0,-1.081351318E0,-2.414029999E0,3.099437058E0
1.820016763E1,-1.500928802E0,-1.380579071E0,-2.555785217E0,3.269682541E0
1.821010762E1,-1.169817352E0,-1.400038605E0,-1.996248779E0,2.704364976E0
1.822004663E1,-1.049018555E0,-1.663341064E0,-1.791474609E0,2.660173810E0
1.822998662E1,-1.068328400E0,-2.054477692E0,-1.784139862E0,2.923244636E0
1.823992563E1,-1.164727936E0,-2.394869843E0,-1.617236938E0,3.115677782E0
1.824986562E1,-1.117575989E0,-2.489473114E0,-1.011895752E0,2.910392669E0
1.825980463E1,-1.217268677E0,-2.531385956E0,-7.102729797E-1,2.897265192E0
1.826974463E1,-1.458566895E0,-2.768492889E0,-6.990463257E-1,3.206343093E0
1.827968363E1,-1.839674377E0,-3.351231079E0,-8.996292114E-1,3.927401721E0
1.828962363E1,-2.094743958E0,-4.089346161E0,-1.015937347E0,4.705617172E0
1.829956263E1,-2.046544189E0,-4.689897308E0,-8.907975769E-1,5.193938795E0
1.830950163E1,-1.753453674E0,-4.669539642E0,-4.445755005E-1,5.007678867E0
1.831944163E1,-1.219214630E0,-4.151916046E0,-8.442443848E-2,4.328050214E0
1.832938063E1,-7.719447327E-1,-3.252885590E0,2.962339783E-1,3.356325059E0
1.833932063E1,-5.809419250E-1,-2.507585449E0,5.451663208E-1,2.631099508E0
1.834925963E1,-4.635859680E-1,-1.991009674E0,7.102729797E-1,2.164143983E0
1.835919963E1,-7.738906860E-2,-1.094523926E0,8.111631775E-1,1.364535596E0
1.836913863E1,7.529342651E-1,1.854643250E-1,1.200503540E0,1.429166111E0
1.837907863E1,2.058219910E0,8.246351624E-1,1.783391418E0,2.845483667E0
1.838901763E1,3.246299286E0,4.805007935E-1,1.792372742E0,3.739243254E0
1.839895663E1,4.762496338E0,2.495310974E-1,1.769620056E0,5.086766387E0
1.840889663E1,7.916437683E0,1.648671570E0,2.669698334E0,8.515597027E0
1.841883500E1,1.470676712E1,5.134173431E0,4.314178619E0,1.616356623E1
1.842877500E1,2.683739136E1,9.423503723E0,1.561253357E-1,2.844419752E1
1.843871400E1,4.762152054E1,1.748259476E1,-6.453230438E0,5.113799489E1
1.844865400E1,6.911023453E1,2.610391663E1,-4.324357452E0,7.400229082E1
1.845859300E1,7.506320526E1,3.385075699E1,2.650238800E0,8.238557094E1
1.846853300E1,4.851381500E1,3.230117935E1,5.927523651E0,5.858405901E1
1.847847200E1,2.151475983E1,2.429642532E1,8.265212402E0,3.348902671E1
1.848841100E1,1.108519821E1,1.532677780E1,6.325845337E0,1.994512613E1
1.849835100E1,8.230933685E0,9.291178894E0,1.647474060E0,1.252151929E1
1.850829000E1,7.069648590E0,6.031108246E0,-2.424657898E0,9.603809858E0
1.851823000E1,4.752616882E0,3.713627472E0,-4.451143799E0,7.496070794E0
1.852816900E1,2.355501709E0,1.720821533E0,-3.974385223E0,4.930045938E0
1.853810900E1,7.653584290E-1,4.143383789E-1,-1.995350647E0,2.176895501E0
1.854804800E1,-1.639091492E-1,-5.378315735E-1,-5.484594727E-1,7.854532473E-1
1.855798800E1,-6.057902527E-1,-9.753717041E-1,-5.598358154E-2,1.149550326E0
1.856792700E1,-8.506809998E-1,-1.059796143E0,2.990780640E-1,1.391500527E0
1.857786700E1,-1.057850189E0,-1.235830078E0,8.225395203E-1,1.822880761E0
1.858780600E1,-1.317560120E0,-1.778152313E0,1.528770905E0,2.689782667E0
1.859774500E1,-1.713337097E0,-2.373164978E0,1.879341888E0,3.478413712E0
1.860768500E1,-2.103725281E0,-2.561772766E0,1.595681763E0,3.678931917E0
1.861762400E1,-2.251917114E0,-2.407593384E0,9.316625977E-1,3.425730840E0
1.862756400E1,-2.355651398E0,-2.396217041E0,3.939807129E-1,3.383218943E0
1.863750300E1,-2.273921356E0,-2.513423309E0,2.781216431E-1,3.400789131E0
1.864744300E1,-2.139949951E0,-2.706072693E0,3.692820740E-1,3.469666333E0
1.865738200E1,-1.983076172E0,-2.793640594E0,4.312532043E-1,3.452969476E0
1.866732200E1,-1.882635040E0,-2.723735962E0,3.959266663E-1,3.334637943E0
1.867726100E1,-1.709744568E0,-2.710563354E0,3.405418396E-1,3.222785896E0
1.868720100E1,-1.590891724E0,-2.843936005E0,2.679428101E-1,3.269663870E0
1.869714000E1,-1.341510315E0,-2.891087952E0,1.505868530E-1,3.190723409E0
1.870707900E1,-1.049168243E0,-2.365231476E0,7.783813477E-2,2.588654614E0
1.871701900E1,-6.346801758E-1,-1.489552460E0,1.291813660E-1,1.624276233E0
1.872695800E1,-1.559756470E-1,-6.265969849E-1,-2.649490356E-2,6.462616837E-1
1.873689800E1,5.481600952E-1,3.543132019E-1,-1.357676697E-1,6.666709797E-1
1.874683700E1,1.953587494E0,2.267335052E0,3.755690002E-1,3.016349517E0
1.875677700E1,3.030148773E0,2.078427887E0,4.810995483E-1,3.705822560E0
1.876671600E1,4.121379547E0,8.734336853E-1,-5.628295898E-2,4.213291296E0
1.877665600E1,7.096293182E0,2.208507385E0,3.412902832E-2,7.432095707E0
1.878659500E1,1.365026413E1,5.269042969E0,-2.652484131E-1,1.463430495E1
1.879653400E1,3.240371613E1,1.192510162E1,-1.819017334E0,3.457625907E1
1.880647400E1,6.123570969E1,2.306403809E1,-3.536994781E0,6.553069758E1
1.881641300E1,7.787211411E1,3.256867310E1,-3.465892639E0,8.447956578E1
1.882635300E1,7.269542908E1,3.780882614E1,-4.247567139E0,8.204982980E1
1.883629200E1,4.021252762E1,2.916190750E1,2.507585449E0,4.973682953E1
1.884623200E1,1.628254028E1,1.839315125E1,1.066098038E1,2.677845465E1
1.885617100E1,7.362290039E0,1.165970352E1,1.177616135E1,1.813366970E1
1.886611100E1,7.142247620E0,7.193291473E0,5.573809204E0,1.156816720E1
1.887605000E1,6.755451965E0,4.600832520E0,1.395098877E-1,8.174549170E0
1.888599000E1,3.473227386E0,2.322121124E0,-1.828148346E0,4.560447497E0
1.889592900E1,9.395960999E-1,7.915539551E-1,-1.651815033E0,2.058613951E0
1.890586800E1,-4.709207153E-1,-1.029858398E-1,-4.071533203E-1,6.309882959E-1
1.891580800E1,-1.247356110E0,-6.569837952E-1,3.119512939E-1,1.443897012E0
1.892574700E1,-1.200353851E0,-6.119274902E-1,1.004411316E-1,1.351071072E0
1.893568700E1,-1.054107971E0,-5.005590820E-1,-4.046086121E-1,1.235075357E0
1.894562600E1,-1.020428009E0,-4.628375244E-1,-7.843688965E-1,1.367745028E0
1.895556600E1,-1.109193420E0,-6.036946106E-1,-6.915618896E-1,1.439796886E0
1.896550500E1,-1.337319031E0,-8.783734131E-1,-5.269042969E-1,1.684514821E0
1.897544500E1,-1.640738068E0,-1.107995911E0,-4.495152283E-1,2.030206956E0
1.898538400E1,-1.764530640E0,-1.293609924E0,-2.068698120E-1,2.197678351E0
1.899532300E1,-2.125130768E0,-1.870061188E0,3.579057312E-1,2.853314939E0
1.900526300E1,-2.662662964E0,-2.968626709E0,1.036444702E0,4.120283512E0
1.901520200E1,-3.544628906E0,-3.998335419E0,1.049317932E0,5.445378621E0
1.902514200E1,-4.327800293E0,-4.582271118E0,7.927514648E-1,6.352599378E0
1.903508100E1,-4.346212006E0,-4.521497498E0,7.262896729E-1,6.313556455E0
1.904502100E1,-3.557202759E0,-4.145928497E0,7.692503357E-1,5.516716474E0
1.905496000E1,-2.462080078E0,-4.238136749E0,1.056652679E0,5.013996041E0
1.906490000E1,-1.302441559E0,-4.361330566E0,1.608554993E0,4.827526021E0
1.907483900E1,-1.543290710E-1,-3.446133728E0,1.641336823E0,3.820162523E0
1.908477900E1,5.842350769E-1,-1.897603912E0,9.473799133E-1,2.199945439E0
1.909471800E1,1.127305756E0,-9.565109253E-1,2.429447937E-1,1.498250176E0
1.910465700E1,2.003284149E0,-5.171745300E-1,-2.484832764E-1,2.083833202E0
1.911459700E1,2.897823944E0,-1.457968140E-1,-2.779719543E-1,2.914774216E0
1.912453600E1,3.793561249E0,1.871109009E-1,1.395098877E-1,3.800734198E0
1.913447600E1,6.204298096E0,1.463506622E0,1.199605408E0,6.486464340E0
1.914441500E1,1.086231171E1,3.790717163E0,5.525010681E-1,1.151801240E1
1.915435500E1,2.013837204E1,6.609056396E0,-1.459165649E0,2.124530111E1
1.916429400E1,4.098447235E1,1.493833557E1,-5.296436005E0,4.394238362E1
1.917423400E1,6.664501099E1,2.776321609E1,-4.779411163E0,7.235465727E1
1.918417300E1,7.901139496E1,3.776526672E1,1.484313354E0,8.758549589E1
1.919411300E1,6.264772339E1,3.749388107E1,4.921914825E0,7.317618198E1
1.920405200E1,2.908347061E1,2.728735565E1,7.771988068E0,4.063067609E1
1.921399100E1,1.260124557E1,1.582628906E1,7.153623962E0,2.145779931E1
1.922393100E1,8.391699371E0,8.968000946E0,2.221081238E0,1.248114022E1
1.923387000E1,6.921905823E0,5.541775818E0,-1.853445740E0,9.058659975E0
1.924381000E1,5.367538147E0,3.580703888E0,-2.855611725E0,7.055949576E0
1.925374900E1,3.593427429E0,2.295027466E0,-1.467697906E0,4.509324661E0
1.926368900E1,1.353635101E0,1.095422058E0,8.060737610E-1,1.918862262E0
1.927362800E1,-1.775906982E0,-4.343966675E-1,3.677103424E0,4.106535726E0
1.928356800E1,-3.649111633E0,-1.450184326E0,4.802612915E0,6.203558745E0
1.929350700E1,-4.225263519E0,-1.927691345E0,4.932692413E0,6.774976028E0
1.930344600E1,-4.189637604E0,-2.292632446E0,4.298910370E0,6.425718415E0
1.931338600E1,-3.689677277E0,-2.495011597E0,3.173251190E0,5.468850372E0
1.932332500E1,-3.146456909E0,-2.674188995E0,1.904339905E0,4.547305613E0
1.933326500E1,-2.738106079E0,-2.783312073E0,6.827302551E-1,3.963605883E0
1.934320400E1,-2.345023499E0,-2.795736237E0,-2.514770508E-1,3.657665515E0
1.935314400E1,-2.091899872E0,-2.695893860E0,-6.712042236E-1,3.477700949E0
1.936308300E1,-1.918710022E0,-2.417921906E0,-6.357279968E-1,3.151498782E0
1.937302300E1,-1.759740601E0,-2.065854034E0,-4.351451111E-1,2.748416115E0
1.938296200E1,-1.635948029E0,-2.046544189E0,-2.664459229E-1,2.633564600E0
1.939290200E1,-1.309925995E0,-2.195334778E0,-1.312770081E-1,2.559811429E0
1.940284100E1,-9.282197571E-1,-2.401306458E0,-1.347198486E-2,2.574499197E0
1.941278088E1,-5.581892395E-1,-2.672991486E0,-6.795867920E-2,2.731497225E0
1.942272088E1,-3.296145630E-1,-2.863994293E0,-2.179467773E-1,2.891126056E0
1.943265988E1,-2.284249878E-1,-2.825524292E0,-4.317022705E-1,2.867426084E0
1.944259988E1,-4.490661621E-4,-2.445764008E0,-7.508386230E-1,2.558421470E0
1.945253888E1,6.891668701E-1,-1.793270874E0,-1.070573730E0,2.199295231E0
1.946247888E1,1.887425079E0,-1.032552795E0,-1.496887207E0,2.620917781E0
1.947241788E1,3.544479218E0,8.915460205E-1,-2.698588257E0,4.543188947E0
1.948235788E1,5.235363007E0,5.857319641E-1,-1.724713440E0,5.543170951E0
1.949229688E1,7.192992096E0,1.359173584E-1,-4.923262024E-1,7.211102129E0
1.950223587E1,1.091545120E1,1.383872223E0,-4.638853455E-1,1.101260037E1
1.951217588E1,1.873953094E1,4.515360260E0,-1.185534668E0,1.931227565E1
1.952211487E1,3.431090012E1,1.207014999E1,-2.419418793E0,3.645243442E1
1.953205488E1,5.273683319E1,2.253518784E1,-3.900139618E0,5.748233950E1
1.954199387E1,6.573220917E1,3.331232666E1,-7.463479614E-1,7.369526080E1
1.955193388E1,6.971153412E1,4.069063339E1,4.381089478E0,8.083699388E1
1.956187287E1,4.565476044E1,3.515215073E1,1.116483261E1,5.869143326E1
1.957181288E1,1.810170731E1,2.307122314E1,1.583182755E1,3.332566441E1
1.958175187E1,8.252039795E0,1.278775772E1,1.330193848E1,2.021297790E1
1.959169188E1,9.680668945E0,7.081174622E0,3.517235870E0,1.249917331E1
1.960163087E1,9.318272552E0,4.684358826E0,-1.733694763E0,1.057256442E1
1.961156988E1,6.115532684E0,2.786605225E0,-3.062631226E0,7.385432873E0
1.962150987E1,3.430416412E0,1.417252808E0,-3.211122437E0,4.907919069E0
1.963144888E1,1.160087585E0,6.982978821E-1,-2.413281555E0,2.767191898E0
1.964138887E1,-1.353635101E0,-2.315684509E-1,-2.390528870E-1,1.393950579E0
1.965132788E1,-2.836750946E0,-1.033899994E0,1.122066650E0,3.221046211E0
1.966126787E1,-3.189417572E0,-1.665885773E0,1.055155792E0,3.749788474E0
1.967120688E1,-3.142265625E0,-1.904339905E0,5.864804077E-1,3.720793329E0
1.968114688E1,-2.525099030E0,-1.610650635E0,-4.206253052E-2,2.995344693E0
1.969108588E1,-1.944905548E0,-1.179247742E0,-4.923262024E-1,2.327158765E0
1.970102588E1,-1.694176941E0,-9.707313538E-1,-6.734495544E-1,2.065451324E0
1.971096488E1,-1.869312744E0,-1.056053925E0,-4.736151123E-1,2.198611221E0
1.972090388E1,-2.267185364E0,-1.259181519E0,-3.978726196E-1,2.623732111E0
1.973084388E1,-2.698588257E0,-1.518143005E0,-5.010081482E-1,3.136581886E0
1.974078288E1,-2.946023712E0,-1.719025269E0,-5.966592407E-1,3.462673221E0
1.975072288E1,-2.910697174E0,-1.852397919E0,-5.900729370E-1,3.500246014E0
1.976066188E1,-2.850073242E0,-1.973645782E0,-4.718188477E-1,3.498686637E0
1.977060188E1,-2.684816895E0,-2.318977661E0,-1.577719116E-1,3.551167572E0
1.978054088E1,-2.410736847E0,-3.218457184E0,2.661465454E-1,4.030006548E0
1.979048088E1,-1.953737183E0,-3.866459656E0,3.528163147E-1,4.346386844E0
1.980041988E1,-1.389560394E0,-4.026626587E0,4.858895874E-1,4.287270513E0
1.981035988E1,-5.959107971E-1,-3.548071747E0,6.369255066E-1,3.653710019E0
1.982029888E1,3.122506714E-1,-2.126927032E0,1.273551636E0,2.498650206E0
1.983023788E1,1.577719116E0,-4.754113770E-1,2.689606934E0,3.154235097E0
1.984017788E1,2.781665497E0,-3.956272888E-1,2.626138916E0,3.845879548E0
1.985011688E1,2.783611450E0,-9.824070740E-1,9.949809265E-1,3.115060739E0
1.986005688E1,3.112178192E0,-1.170565796E-1,8.324189758E-1,3.223705429E0
1.986999588E1,3.518134003E0,5.992039490E-1,3.249742126E-1,3.583562539E0
1.987993588E1,6.884633331E0,1.149010620E0,-2.115101624E-1,6.983060795E0
1.988987488E1,1.808913345E1,3.841162262E0,-2.999761963E-1,1.849489828E1
1.989981488E1,3.772814392E1,1.201716019E1,-1.029858398E-1,3.959590369E1
1.990975388E1,6.052558640E1,2.400962173E1,-2.418969727E-1,6.511426156E1
1.991969388E1,7.660529846E1,3.646357361E1,1.169517975E0,8.484887580E1
1.992963288E1,7.305662796E1,4.501933182E1,1.374441833E0,8.582482285E1
1.993957188E1,4.339865204E1,3.618126068E1,5.762267303E0,5.679551345E1
1.994951188E1,1.790576477E1,2.150547913E1,1.168574936E1,3.032587645E1
1.995945088E1,6.373146973E0,1.153531219E1,1.522588760E1,2.013723127E1
1.996939088E1,6.323300629E0,6.656807098E0,7.474855957E0,1.183937005E1
1.997932988E1,7.347321167E0,4.316573639E0,1.017883301E-1,8.522106381E0
1.998926988E1,4.623285828E0,2.548450470E0,-2.419867859E0,5.807334337E0
1.999920888E1,1.653461609E0,7.223977661E-1,-3.209625549E0,3.682049700E0
2.000914888E1,-7.015910339E-1,-3.149450684E-1,-2.653082886E0,2.762294187E0
2.001908787E1,-2.060614929E0,-9.951306152E-1,-1.346150665E0,2.654908744E0
2.002902788E1,-2.363135834E0,-1.577120361E0,-1.279838562E-1,2.843958416E0
2.003896687E1,-2.592009888E0,-2.224673767E0,7.453001404E-1,3.496163744E0
2.004890588E1,-2.705324249E0,-2.674787750E0,7.376660156E-1,3.875231600E0
2.005884587E1,-2.530188446E0,-2.577340393E0,2.808160400E-1,3.622622630E0
2.006878488E1,-2.556533661E0,-2.093845825E0,-2.131567383E-1,3.311418200E0
2.007872487E1,-2.954705658E0,-1.852397919E0,-6.550378418E-1,3.548343015E0
2.008866388E1,-3.350782013E0,-2.032922516E0,-7.815248108E-1,3.996410275E0
2.009860387E1,-3.462898865E0,-2.207758942E0,-9.214837646E-1,4.208919151E0
2.010854288E1,-3.474574585E0,-2.300865326E0,-9.596543884E-1,4.276398758E0
2.011848287E1,-3.234473877E0,-2.250719604E0,-6.267466736E-1,3.990034009E0
2.012842188E1,-3.015778656E0,-2.285896454E0,-3.576063538E-1,3.801069034E0
2.013836187E1,-2.938988342E0,-2.406395874E0,-1.525328064E-1,3.801533879E0
2.014830088E1,-2.934347992E0,-2.646795959E0,9.190887451E-2,3.952767920E0
2.015823988E1,-3.023562469E0,-3.193010101E0,2.213896179E-1,4.402982725E0
2.016817988E1,-2.907553711E0,-3.951033783E0,2.095642090E-1,4.910036018E0
2.017811888E1,-2.504891052E0,-3.084336090E0,4.173321533E-1,3.995218946E0
2.018805888E1,-1.132544861E0,-5.373825073E-2,2.389630737E0,2.644972726E0
2.019799788E1,9.931846619E-1,2.199376373E0,5.666915588E0,6.159350980E0
2.020793788E1,1.901046753E0,-3.562591553E-2,2.706222382E0,3.307398909E0
2.021787688E1,2.243684235E0,-8.922944641E-1,4.731660461E-1,2.460527273E0
2.022781688E1,3.546574860E0,-2.510279846E-1,6.439608765E-1,3.613294050E0
2.023775588E1,4.903652802E0,2.201921082E-1,-2.037263489E-1,4.912819943E0
2.024769588E1,7.917335815E0,1.012045441E0,-1.116228790E0,8.059429825E0
2.025763488E1,2.304697357E1,3.730691986E0,-1.512005768E0,2.339588030E1
2.026757387E1,4.695540573E1,1.370040985E1,7.017407227E-1,4.891833805E1
2.027751388E1,6.954822372E1,2.632620438E1,-1.415007477E0,7.437759546E1
2.028745287E1,7.930762894E1,3.965134460E1,-2.180814972E0,8.869433517E1
2.029739288E1,6.762068207E1,4.428705460E1,2.147284698E0,8.086105787E1
2.030733187E1,3.626822983E1,3.023068497E1,9.919272766E0,4.824594056E1
2.031727188E1,1.498698441E1,1.619841522E1,1.309985870E1,2.566329393E1
2.032721087E1,7.798333282E0,8.676856384E0,1.045081741E1,1.566273997E1
2.033715088E1,7.250771942E0,4.987628174E0,4.170776825E0,9.738865842E0
2.034708988E1,4.767735443E0,2.911295929E0,1.287322998E-2,5.586332514E0
2.035702988E1,1.601220245E0,1.199156342E0,-1.320104828E0,2.396780958E0
2.036696888E1,-1.117426300E0,-9.699829102E-2,-1.488504639E0,1.863785466E0
2.037690788E1,-2.958597565E0,-9.084608459E-1,-1.079854431E0,3.277908823E0
2.038684788E1,-3.366948395E0,-1.411864014E0,-1.106199646E-1,3.652661805E0
2.039678688E1,-3.114872589E0,-1.610650635E0,4.059558105E-1,3.530074622E0
2.040672688E1,-2.950963440E0,-1.742975464E0,2.332150269E-1,3.435191107E0
2.041666592E1,-2.876268768E0,-1.770967255E0,-3.231779480E-1,3.393183023E0
2.042660592E1,-2.708617401E0,-1.626517639E0,-6.095324707E-1,3.217716223E0
2.043654492E1,-2.606380005E0,-1.459315338E0,-7.020401001E-1,3.068497725E0
2.044648492E1,-2.673739929E0,-1.552571411E0,-6.671626282E-1,3.162984219E0
2.045642392E1,-2.885100403E0,-1.782792664E0,-8.068222046E-1,3.486131966E0
2.046636392E1,-3.104095001E0,-2.073039093E0,-9.916877747E-1,3.862167979E0
2.047630292E1,-3.048859863E0,-2.261048126E0,-9.009764099E-1,3.901236161E0
2.048624192E1,-2.809208221E0,-2.366428986E0,-6.200106812E-1,3.725057076E0
2.049618192E1,-2.721191254E0,-2.541864166E0,-2.718347168E-1,3.733610771E0
2.050612092E1,-2.699785767E0,-2.813998260E0,-1.028361511E-1,3.901026105E0
2.051606092E1,-2.517464905E0,-3.317700806E0,1.264869690E-1,4.166625389E0
2.052599992E1,-2.105820923E0,-3.811074829E0,3.942800903E-1,4.371982377E0
2.053593992E1,-1.601819000E0,-4.213438110E0,5.218148804E-1,4.537750058E0
2.054587892E1,-1.065783691E0,-4.184248810E0,4.861889648E-1,4.345136671E0
2.055581892E1,1.549278259E-1,-2.286195831E0,6.674620056E-1,2.386671226E0
2.056575792E1,1.530417480E0,6.493496704E-1,2.248025208E0,2.795970313E0
2.057569792E1,3.131188660E0,1.946103058E0,4.417164459E0,5.753520782E0
2.058563692E1,3.284769287E0,-4.161346436E-2,2.157463531E0,3.930151376E0
2.059557692E1,3.768114166E0,-5.381309509E-1,6.709048462E-1,3.865020388E0
2.060551592E1,5.038222961E0,9.744735718E-2,7.881111145E-1,5.100422112E0
2.061545492E1,6.469097443E0,1.148711243E0,8.789721680E-1,6.628827295E0
2.062539492E1,1.146181503E1,3.732637939E0,1.946552124E0,1.221044041E1
2.063533392E1,2.814716766E1,9.829908600E0,-9.566606140E-1,2.982960526E1
2.064527392E1,4.728906189E1,2.023671753E1,-5.103636932E0,5.168972065E1
2.065521292E1,7.196464874E1,3.295427124E1,-4.888534241E0,7.930190684E1
2.066515292E1,7.882667908E1,4.212779480E1,-8.108638000E-1,8.938150776E1
2.067509192E1,5.592714890E1,3.733925262E1,6.033503265E0,6.751643453E1
2.068503192E1,2.571367813E1,2.503828262E1,1.069645660E1,3.745027401E1
2.069497092E1,1.119566849E1,1.540237061E1,1.165386566E1,2.232461865E1
2.070491092E1,6.876699829E0,9.294771423E0,7.098388824E0,1.356719943E1
2.071484992E1,5.455704803E0,5.833668823E0,1.297801208E0,8.092014262E0
2.072478892E1,2.737357635E0,3.422033844E0,-1.761536865E0,4.722970949E0
2.073472892E1,2.498304749E-1,1.562151489E0,-3.393742676E0,3.744358676E0
2.074466792E1,-1.134041748E0,5.007087708E-1,-3.555256805E0,3.765184048E0
2.075460792E1,-1.632505188E0,1.691482544E-2,-3.175047455E0,3.570194062E0
2.076454692E1,-1.701212311E0,-5.120851135E-1,-1.876946869E0,2.584431086E0
2.077448692E1,-1.800904999E0,-1.163979492E0,-6.679110718E-1,2.245932384E0
2.078442592E1,-1.982178040E0,-1.522334290E0,-2.408491516E-1,2.510884263E0
2.079436592E1,-2.162403259E0,-1.694476318E0,1.091230774E-1,2.749390059E0
2.080430492E1,-2.254910889E0,-1.792073364E0,5.596861267E-1,2.934177673E0
2.081424492E1,-2.498903503E0,-1.858086090E0,6.993457031E-1,3.191564984E0
2.082418392E1,-2.879711609E0,-2.178270264E0,4.553530884E-1,3.639360758E0
2.083412292E1,-3.245401154E0,-2.772833862E0,1.306782532E-1,4.270633803E0
2.084406292E1,-3.478765869E0,-3.489693146E0,-1.178050232E-1,4.928858717E0
2.085400192E1,-3.601809998E0,-4.033811646E0,-2.809657288E-1,5.415128197E0
2.086394192E1,-3.470532990E0,-4.005819855E0,-4.290078735E-1,5.317446727E0
2.087388092E1,-3.200943604E0,-3.641926575E0,-4.513114929E-1,4.869635632E0
2.088382092E1,-3.011138306E0,-3.557352448E0,-2.330653381E-1,4.666479378E0
2.089375992E1,-2.882555695E0,-3.864962769E0,-1.526824951E-2,4.821545152E0
2.090369992E1,-2.924318848E0,-3.726500702E0,3.388952637E-1,4.749031291E0
2.091363892E1,-2.610720978E0,-1.491648102E0,1.689985657E0,3.449192602E0
2.092357892E1,-1.444945221E0,1.363215179E0,4.382885742E0,4.812058785E0
2.093351792E1,6.292913818E-1,1.306034088E0,4.271068268E0,4.510405395E0
2.094345692E1,1.493294678E0,-4.288581848E-1,1.499282227E0,2.159095999E0
2.095339692E1,2.361339569E0,-4.138893127E-1,9.922865295E-1,2.594583103E0
2.096333592E1,3.774251404E0,3.936813354E-2,1.189276886E0,3.957385882E0
2.097327592E1,6.277346191E0,9.969268799E-1,1.067729645E0,6.445074476E0
2.098321492E1,1.640244095E1,4.733606415E0,-1.243913269E0,1.711707974E1
2.099315492E1,4.008663940E1,1.484133728E1,-3.876039734E0,4.292117933E1
2.100309392E1,6.487194809E1,2.882061722E1,2.359094238E0,7.102508677E1
2.101303392E1,7.906034317E1,3.902714264E1,-3.773652649E-1,8.816914500E1
2.102297292E1,7.074348816E1,4.231475601E1,-2.574346619E0,8.247306805E1
2.103291292E1,3.938819183E1,3.176140182E1,4.117038574E0,5.076579861E1
2.104285192E1,1.626248199E1,1.846096024E1,8.224946136E0,2.594080015E1
2.105279092E1,6.276148682E0,1.063762894E1,9.909093933E0,1.583475084E1
2.106273092E1,5.989494781E0,6.692283325E0,4.253255310E0,9.937347965E0
2.107266992E1,5.829926605E0,4.508025513E0,-6.313870239E-1,7.396552428E0
2.108260992E1,2.994971924E0,2.556084595E0,-2.402803345E0,4.612687849E0
2.109254892E1,6.134243774E-1,9.819580078E-1,-3.325334930E0,3.521133822E0
2.110248892E1,-6.610253906E-1,5.628295898E-2,-2.909948730E0,2.984614540E0
2.111242792E1,-1.025816803E0,-5.634283447E-1,-1.629960480E0,2.006619739E0
2.112236792E1,-1.192420349E0,-1.050665131E0,-5.701643372E-1,1.688446291E0
2.113230692E1,-1.585652618E0,-1.720671844E0,2.041754150E-1,2.348764233E0
2.114224692E1,-2.162403259E0,-2.451152802E0,6.334826660E-1,3.329480170E0
2.115218592E1,-2.748284912E0,-2.969524841E0,5.950126648E-1,4.089643971E0
2.116212592E1,-3.225791931E0,-3.230432281E0,3.932322693E-1,4.582145559E0
2.117206492E1,-3.703598328E0,-3.689228210E0,4.631369019E-1,5.248003540E0
2.118200392E1,-3.971092072E0,-4.227957916E0,9.987231445E-1,5.885800566E0
2.119194392E1,-3.943699036E0,-4.274660797E0,1.402733002E0,5.982737408E0
2.120188292E1,-3.788172455E0,-3.789519653E0,1.448986816E0,5.550700185E0
2.121182292E1,-3.436403961E0,-3.209176483E0,1.259780273E0,4.867723515E0
2.122176192E1,-3.255729675E0,-2.990481262E0,1.138532410E0,4.564976445E0
2.123170192E1,-3.219355316E0,-3.102298737E0,1.006057892E0,4.582647552E0
2.124164092E1,-3.080294495E0,-3.132386169E0,8.843609619E-1,4.481311370E0
2.125158092E1,-2.824476471E0,-2.758912811E0,7.593708801E-1,4.020685435E0
2.126151992E1,-2.399061127E0,-2.069596252E0,5.533992004E-1,3.216360305E0
2.127145992E1,-1.538500671E0,-1.113085327E0,2.719844055E-1,1.918311439E0
2.128139892E1,-7.996371460E-1,-4.572990417E-1,9.714797974E-2,9.262719411E-1
2.129133792E1,-1.673519897E-1,-1.422042847E-1,4.924758911E-2,2.250645954E-1
2.130127792E1,7.108717346E-1,2.995271301E-1,1.549278259E-1,7.868022344E-1
2.131121692E1,1.758543091E0,8.903485107E-1,3.676354980E-1,2.005081079E0
2.132115692E1,2.309996338E0,9.639953613E-1,7.125183105E-2,2.504086053E0
2.133109592E1,3.308270416E0,1.077010345E0,-1.499880981E-1,3.482398722E0
2.134103592E1,8.549321594E0,3.216361542E0,-1.060843964E0,9.195720266E0
2.135097492E1,2.608041550E1,1.016057098E1,-2.024390259E0,2.806284788E1
2.136091492E1,5.087620239E1,2.106284958E1,-1.499132538E0,5.508428996E1
2.137085392E1,7.563247147E1,3.396167633E1,-2.295476532E0,8.293934779E1
2.138079392E1,7.766943558E1,4.616594742E1,-3.072211304E0,9.040616354E1
2.139073292E1,5.097499695E1,4.359594177E1,7.279811554E0,6.746889735E1
2.140067192E1,2.040257263E1,2.919633591E1,1.517304749E1,3.871578968E1
2.141061192E1,6.655310211E0,1.759695694E1,1.298774185E1,2.286104735E1
2.142055013E1,5.762716370E0,9.837842102E0,5.044210510E0,1.246740137E1
2.143049012E1,7.338788910E0,6.584806824E0,-2.186203766E0,1.009935594E1
2.144042913E1,6.372398529E0,4.644990692E0,-5.099745026E0,9.390995734E0
2.145036912E1,4.062551880E0,3.110232239E0,-5.192552032E0,7.289750954E0
2.146030813E1,1.921703796E0,2.248623962E0,-3.954626312E0,4.938453652E0
2.147024812E1,3.135978699E-1,1.368903351E0,-2.609523468E0,2.963419096E0
2.148018713E1,-3.763174438E-1,6.782395935E-1,-1.640438690E0,1.814569608E0
2.149012712E1,-6.747967529E-1,5.852828979E-2,-8.655001831E-1,1.099029929E0
2.150006613E1,-1.029559021E0,-6.514453125E-1,-2.613565063E-1,1.246065807E0
2.151000612E1,-1.176403656E0,-1.207987976E0,1.332229614E-2,1.686220032E0
2.151994513E1,-1.224453735E0,-1.421593781E0,-7.918533325E-2,1.877894072E0
2.152988413E1,-1.298399963E0,-1.515598297E0,-2.504292297E-1,2.011366566E0
2.153982413E1,-1.503623199E0,-1.648521881E0,-5.258564758E-1,2.292385690E0
2.154976313E1,-1.893712006E0,-1.820813599E0,-8.924441528E-1,2.774520479E0
2.155970313E1,-2.441123657E0,-2.131717072E0,-1.090182953E0,3.419327603E0
2.156964213E1,-2.984793091E0,-2.559677124E0,-1.095871124E0,4.081895429E0
2.157958213E1,-3.292253723E0,-2.978356476E0,-9.446855164E-1,4.538939590E0
2.158952113E1,-3.273842010E0,-3.352877655E0,-7.158114624E-1,4.740486908E0
2.159946113E1,-2.942281494E0,-3.726351013E0,-5.538482666E-1,4.780110895E0
2.160940013E1,-2.311642914E0,-3.987408142E0,-3.384461975E-1,4.621435111E0
2.161934013E1,-1.516945496E0,-4.294569397E0,-1.645079041E-1,4.557577514E0
2.162927913E1,-8.015830994E-1,-4.757257233E0,-5.559439087E-1,4.856243968E0
2.163921913E1,-6.744973755E-1,-5.340294800E0,-1.162183228E0,5.506756315E0
2.164915813E1,-6.999444580E-1,-4.701123962E0,-1.225950623E0,4.908507276E0
2.165909712E1,-5.164260864E-2,-2.384990387E0,-5.833369446E-1,2.455835519E0
2.166903713E1,1.219963074E0,-2.604583740E-2,1.374142456E0,1.837731149E0
2.167897612E1,3.733536072E0,-3.941304016E-1,3.819756775E0,5.355854011E0
2.168891613E1,5.159321136E0,-1.816921692E0,2.044897614E0,5.839640851E0
2.169885512E1,6.295608215E0,-1.025966492E0,1.180445251E0,6.486967014E0
2.170879513E1,9.293873291E0,-1.426533508E-1,1.468296661E0,9.410224536E0
2.171873412E1,1.581581085E1,2.173480225E0,2.289788361E0,1.612783370E1
2.172867413E1,2.721715164E1,6.820716248E0,3.468287659E-1,2.806093020E1
2.173861313E1,4.348786652E1,1.657398422E1,-1.046024780E0,4.655089317E1
2.174855313E1,6.267257172E1,3.126608185E1,3.409459991E0,7.012163387E1
2.175849213E1,7.425413773E1,4.244797897E1,6.696773987E0,8.579250941E1
2.176843113E1,5.909740631E1,4.325405273E1,9.112749939E0,7.380012684E1
2.177837113E1,2.755035873E1,2.738480301E1,1.088835754E1,4.034236027E1
2.178831013E1,1.339339828E1,1.411938858E1,8.180338898E0,2.111061809E1
2.179825013E1,9.529183960E0,7.331154785E0,2.698737946E0,1.232210875E1
2.180818913E1,8.034991150E0,3.924389191E0,-1.303040314E0,9.036582726E0
2.181812913E1,4.876110077E0,2.079924774E0,-2.877915344E0,6.031992480E0
2.182806813E1,1.278940430E0,6.265969849E-1,-3.122656403E0,3.432097815E0
2.183800813E1,-1.415007477E0,-4.113446045E-1,-1.906435547E0,2.409553286E0
2.184794713E1,-2.607427826E0,-1.175655212E0,-1.178798676E0,3.093608146E0
2.185788713E1,-2.887645111E0,-1.553469543E0,-7.065307617E-1,3.354243227E0
2.186782613E1,-2.783012695E0,-1.803300018E0,-1.425036621E-1,3.319240563E0
2.187776613E1,-2.493065643E0,-1.912722473E0,1.582209778E-1,3.146254510E0
2.188770513E1,-2.471061401E0,-1.924398193E0,1.131646729E-1,3.134048356E0
2.189764413E1,-2.580633545E0,-1.849553833E0,7.259902954E-2,3.175813202E0
2.190758413E1,-2.684517517E0,-1.845811615E0,6.496490479E-2,3.258508134E0
2.191752313E1,-2.955154724E0,-1.969604187E0,-2.038760376E-1,3.557224415E0
2.192746313E1,-3.116968231E0,-2.016606445E0,-4.108955383E-1,3.735107449E0
2.193740213E1,-2.942431183E0,-1.851649475E0,-6.505471802E-1,3.536908068E0
2.194734213E1,-2.577190704E0,-1.610950012E0,-6.864724731E-1,3.115817120E0
2.195728113E1,-2.222278748E0,-1.481169891E0,-5.637277222E-1,2.729501058E0
2.196722112E1,-2.039359131E0,-1.505569153E0,-3.908372498E-1,2.564854361E0
2.197716013E1,-2.074236603E0,-1.736838226E0,-2.466870117E-1,2.716600631E0
2.198710012E1,-2.343676300E0,-2.286495209E0,-2.959346008E-1,3.287621667E0
2.199703913E1,-2.656525726E0,-3.043022003E0,-3.900888062E-1,4.058236208E0
2.200697912E1,-2.753524017E0,-3.054997101E0,-3.426374817E-1,4.127020989E0
2.201691813E1,-2.588866425E0,-2.348915405E0,-2.088157654E-1,3.501890485E0
2.202685812E1,-1.445244598E0,-1.930984497E-2,4.067042542E-1,1.501503636E0
2.203679713E1,9.009764099E-1,2.815944214E0,3.921694794E0,4.911312489E0
2.204673613E1,2.386636963E0,1.400337982E0,5.166356506E0,5.860735620E0
2.205667613E1,2.094594269E0,-4.290078735E-1,8.467890930E-1,2.299657512E0
2.206661513E1,2.714305573E0,5.297483826E-1,1.060694275E0,2.961952132E0
2.207655513E1,4.043242035E0,1.813179474E0,1.033600616E0,4.550138041E0
2.208649413E1,7.002588043E0,4.470453644E0,2.301015015E0,8.620665008E0
2.209643413E1,1.927945816E1,1.131916168E1,2.029928741E0,2.244864225E1
2.210637313E1,4.438315475E1,2.310265778E1,-3.751199341E0,5.017637610E1
2.211631313E1,7.476068436E1,3.543176926E1,-5.306315460E0,8.290191302E1
2.212625213E1,7.942049423E1,4.222090118E1,-2.789299622E0,8.998888594E1
2.213619213E1,6.071149979E1,3.647315369E1,5.860313416E0,7.106701358E1
2.214613113E1,2.616663620E1,2.243504608E1,1.338815918E1,3.697657297E1
2.215607012E1,1.244003082E1,1.294238617E1,1.223450821E1,2.172424723E1
2.216601013E1,1.050560349E1,6.871909790E0,6.395600281E0,1.408880945E1
2.217594912E1,8.847800903E0,3.852239227E0,2.335144043E0,9.928556068E0
2.218588913E1,5.262606354E0,1.817520447E0,5.724096680E-1,5.596968736E0
2.219582812E1,1.839524689E0,6.735992432E-2,-1.079255676E-1,1.843918753E0
2.220576813E1,-4.986131287E-1,-9.030720520E-1,-5.575904846E-1,1.172630092E0
2.221570712E1,-1.626218262E0,-1.837129669E0,-6.042933655E-1,2.526816520E0
2.222564713E1,-1.977837067E0,-2.530487823E0,-3.484753418E-1,3.230579383E0
2.223558612E1,-2.085912323E0,-2.640209656E0,-3.716770935E-1,3.385244616E0
2.224552613E1,-2.078128510E0,-2.739602966E0,-5.954617310E-1,3.489787556E0
2.225546512E1,-2.255060577E0,-2.879861298E0,-6.837780762E-1,3.721082068E0
2.226540513E1,-2.634671173E0,-3.083288269E0,-1.021176453E0,4.182219517E0
2.227534412E1,-3.244353333E0,-3.444786530E0,-1.397493896E0,4.934102955E0
2.228528313E1,-3.870351563E0,-4.079017639E0,-1.610201569E0,5.848996086E0
2.229522313E1,-4.272565155E0,-4.570445709E0,-1.775158539E0,6.503458682E0
2.230516213E1,-4.349954224E0,-4.798870697E0,-1.713037720E0,6.699683570E0
2.231510213E1,-3.916455688E0,-4.791535950E0,-1.372196503E0,6.338798400E0
2.232504113E1,-3.089724884E0,-4.871619415E0,-7.818241882E-1,5.821539715E0
2.233498113E1,-2.207758942E0,-4.859794006E0,-1.188528442E-1,5.339093868E0
2.234492013E1,-1.529219971E0,-4.628225555E0,3.933819580E-1,4.890167162E0
2.235486013E1,-1.190474396E0,-4.350852356E0,6.039939880E-1,4.551038810E0
2.236479913E1,-9.701325989E-1,-3.889960785E0,5.785469055E-1,4.050638060E0
2.237473913E1,-7.646099854E-1,-3.020718384E0,5.791456604E-1,3.169349725E0
2.238467813E1,-3.667373657E-1,-2.003134460E0,4.661306763E-1,2.089095922E0
2.239461813E1,1.474433899E-1,-1.033600616E0,3.357518005E-1,1.096721961E0
2.240455713E1,1.230291595E0,1.773362274E0,9.069639587E-1,2.341156720E0
2.241449650E1,3.370840302E0,5.110971680E0,3.645519104E0,7.125616141E0
2.242443650E1,3.923640747E0,1.541045380E0,3.625460815E0,5.560012923E0
2.243437550E1,3.597918091E0,-3.854484558E-1,1.144669647E0,3.795240928E0
2.244431550E1,4.624034271E0,9.328601074E-1,1.611099701E0,4.984733009E0
2.245425450E1,8.469687195E0,3.767665100E0,4.682562561E0,1.038543661E1
2.246419450E1,1.938019867E1,8.683891754E0,3.475323029E0,2.151929243E1
2.247413350E1,3.771122910E1,1.742765900E1,1.466650085E0,4.156935362E1
2.248407350E1,6.442258255E1,2.994522858E1,-2.095642090E-3,7.104214145E1
2.249401250E1,7.959997101E1,4.265664505E1,-2.314786377E0,9.033882326E1
2.250395250E1,6.878915222E1,4.500885361E1,-1.560654602E0,8.222031385E1
2.251389150E1,3.423770233E1,3.196348160E1,4.376149750E0,4.704290705E1
2.252383150E1,1.194665680E1,1.826591583E1,8.948391724E0,2.358898057E1
2.253377050E1,6.367907867E0,1.036175262E1,7.503596191E0,1.429056066E1
2.254370950E1,8.314609680E0,6.429130554E0,1.059945831E0,1.056361392E1
2.255364950E1,6.930288391E0,3.969744873E0,-1.981130219E0,8.228769561E0
2.256358850E1,3.766467590E0,2.255060577E0,-2.594554596E0,5.099342101E0
2.257352850E1,5.291496277E-1,7.587721252E-1,-1.654659119E0,1.895687544E0
2.258346750E1,-1.567689972E0,-7.755372620E-1,-5.409750366E-1,1.830782314E0
2.259340750E1,-1.938019867E0,-1.721270599E0,2.963836670E-2,2.592213709E0
2.260334650E1,-2.111509094E0,-2.139650574E0,2.935395813E-1,3.020387511E0
2.261328650E1,-2.279310150E0,-2.406246185E0,2.920426941E-1,3.327245768E0
2.262322550E1,-2.425256653E0,-2.684517517E0,1.851649475E-1,3.622539191E0
2.263316550E1,-2.674188995E0,-2.773881683E0,1.185534668E-1,3.854836093E0
2.264310450E1,-3.085982666E0,-2.887495422E0,-1.824705505E-1,4.230155355E0
2.265304450E1,-3.617078247E0,-3.165018311E0,-6.248007202E-1,4.846748590E0
2.266298350E1,-3.971092072E0,-3.495680695E0,-9.888436890E-1,5.382115532E0
2.267292250E1,-3.885919189E0,-3.677702179E0,-8.678952026E-1,5.420249381E0
2.268286250E1,-4.107159119E0,-3.931424561E0,-1.023571472E0,5.776898273E0
2.269280150E1,-3.619173889E0,-3.943848724E0,-7.180567932E-1,5.400737724E0
2.270274150E1,-2.711910553E0,-4.134402466E0,4.355941772E-2,4.944657725E0
2.271268050E1,-1.795067139E0,-4.593946838E0,3.333567810E-1,4.943454291E0
2.272262050E1,-8.499325562E-1,-5.243146820E0,3.357518005E-1,5.322189700E0
2.273255950E1,-1.014889526E-1,-5.881269836E0,2.817141724E-1,5.888887651E0
2.274249950E1,3.601510620E-1,-6.165229340E0,4.520599365E-1,6.192262897E0
2.275243850E1,3.465293884E-1,-5.667364655E0,6.965016174E-1,5.720508653E0
2.276237850E1,3.541635132E-1,-3.123105469E0,1.191671906E0,3.361443365E0
2.277231750E1,4.508624268E-1,1.089584198E0,2.563569031E0,2.821764843E0
2.278225750E1,1.219663696E0,5.627996521E0,8.041427765E0,9.890727216E0
2.279219650E1,3.168910217E0,3.723207550E0,7.690856781E0,9.113371739E0
2.280213550E1,3.559597778E0,-2.824626160E-1,2.232906647E0,4.211459790E0
2.281207550E1,4.617597656E0,-2.978805542E-2,1.310075684E0,4.799936848E0
2.282201450E1,6.996600494E0,7.238946533E-1,1.168021088E0,7.130267541E0
2.283195450E1,1.356613907E1,2.743045807E0,1.051862640E0,1.388059237E1
2.284189350E1,3.225896713E1,1.154534134E1,2.774181061E0,3.437487378E1
2.285183350E1,5.794330627E1,2.606499756E1,6.682104492E-1,6.353941568E1
2.286177250E1,7.742768829E1,3.729240005E1,-8.173153839E0,8.632827150E1
2.287171250E1,7.710675568E1,4.535059296E1,-7.687713318E0,8.978434712E1
2.288165150E1,4.797448654E1,3.782648941E1,2.049238586E0,6.112768635E1
2.289159150E1,1.792058395E1,2.319696167E1,1.286170395E1,3.201046373E1
2.290153050E1,6.041885834E0,1.436023773E1,1.531869461E1,2.184910105E1
2.291147050E1,4.770579529E0,8.854387207E0,8.611442413E0,1.324067756E1
2.292140950E1,5.241500244E0,5.511389008E0,2.452799377E0,7.991555442E0
2.293134950E1,3.395389252E0,2.774330750E0,-3.251239014E-1,4.396735702E0
2.294128850E1,1.140478363E0,6.623725891E-1,-1.551822968E0,2.036561530E0
2.295122750E1,-7.490423584E-1,-7.807763672E-1,-1.431622925E0,1.794497252E0
2.296116750E1,-1.569486237E0,-1.626068573E0,-1.213376770E0,2.565086594E0
2.297110650E1,-1.675166473E0,-1.874701538E0,-1.365759888E0,2.861116677E0
2.298104650E1,-1.715283051E0,-1.865121460E0,-1.409169617E0,2.899419427E0
2.299098550E1,-1.729353790E0,-1.925446014E0,-1.208287354E0,2.856215191E0
2.300092550E1,-1.817520447E0,-2.231709137E0,-8.622070313E-1,3.004547755E0
2.301086450E1,-2.106419678E0,-2.639012146E0,-6.149212646E-1,3.432130115E0
2.302080450E1,-2.562970276E0,-2.831811218E0,-4.095483398E-1,3.841315042E0
2.303074350E1,-2.821782074E0,-2.719245300E0,-4.944218445E-1,3.949835697E0
2.304068350E1,-3.070864105E0,-2.818339233E0,-6.234535217E-1,4.214491272E0
2.305062250E1,-3.233575745E0,-3.039130096E0,-6.881190491E-1,4.490638225E0
2.306056250E1,-3.173101501E0,-3.397933960E0,-6.979985046E-1,4.701247733E0
2.307050150E1,-2.857707367E0,-4.046385498E0,-5.120851135E-1,4.980156439E0
2.308044050E1,-2.320923615E0,-4.537813568E0,-1.498384094E-1,5.099106780E0
2.309038050E1,-1.644330597E0,-4.687651978E0,1.456471252E-1,4.969820647E0
2.310031950E1,-1.200802917E0,-4.559817810E0,2.454895020E-1,4.721666147E0
2.311025950E1,-8.768765259E-1,-4.246669006E0,1.754351807E-1,4.339802714E0
2.312019850E1,-5.417234802E-1,-3.148851929E0,-1.377136230E-2,3.195140443E0
2.313013850E1,-3.183879089E-1,-9.084608459E-1,3.152444458E-1,1.012941770E0
2.314007750E1,-1.713935852E-1,4.399351501E-1,9.172924805E-1,1.031670583E0
2.315001750E1,2.682421875E-1,1.429377594E0,1.906734924E0,2.398064271E0
2.315995650E1,1.330133972E0,2.277214508E0,2.998564453E0,3.993288254E0
2.316989650E1,2.411185913E0,1.201102295E0,2.123035126E0,3.429831246E0
2.317983550E1,3.305875397E0,3.721261597E-1,1.403481445E0,3.610685556E0
2.318977550E1,5.128185883E0,1.089135132E0,1.866468658E0,5.564908897E0
2.319971450E1,9.764045563E0,3.484004974E0,1.739532623E0,1.051193846E1
2.320965450E1,2.300476135E1,1.015158966E1,1.957629089E0,2.522114449E1
2.321959350E1,4.612238800E1,2.023971130E1,-1.090931396E0,5.037966574E1
2.322953250E1,7.199099396E1,3.116459290E1,-7.131470032E0,7.877050797E1
2.323947250E1,7.949444046E1,4.213782394E1,-7.730524292E0,9.030350645E1
2.324941150E1,5.867154190E1,4.066279129E1,2.322121124E0,7.142271817E1
2.325935150E1,2.141701309E1,2.554333237E1,1.187360870E1,3.538548942E1
2.326929050E1,7.842341766E0,1.547781372E1,1.282742523E1,2.157794893E1
2.327923050E1,6.761439514E0,1.004201752E1,7.831863556E0,1.441864303E1
2.328916950E1,6.161936188E0,6.678062897E0,2.531535645E0,9.432637720E0
2.329910950E1,3.575015717E0,4.083508301E0,-3.788621521E-1,5.440525154E0
2.330904850E1,1.081501007E0,1.606609039E0,-1.509311371E0,2.455373260E0
2.331898850E1,-2.372566223E-1,8.981323242E-2,-1.663640442E0,1.682871546E0
2.332892750E1,-8.545729065E-1,-4.647834778E-1,-1.506766663E0,1.793506150E0
2.333886750E1,-9.780661011E-1,-5.601351929E-1,-1.241667938E0,1.676932915E0
2.334880650E1,-9.987231445E-1,-6.459068298E-1,-1.285975800E0,1.751678426E0
2.335874550E1,-1.061442719E0,-5.442681885E-1,-1.478325806E0,1.899561974E0
2.336868550E1,-1.076860657E0,-4.851411438E-1,-1.175355835E0,1.666268929E0
2.337862450E1,-1.095122681E0,-7.156617737E-1,-5.843847656E-1,1.432819254E0
2.338856450E1,-1.291813660E0,-1.014290771E0,-1.631607056E-1,1.650511956E0
2.339850350E1,-1.497336273E0,-1.254241791E0,-1.210981750E-1,1.956988286E0
2.340844350E1,-1.840123444E0,-1.556313629E0,-2.318678284E-1,2.421142104E0
2.341838238E1,-2.244432678E0,-1.873054962E0,-5.312452698E-1,2.971200847E0
2.342832237E1,-2.661166077E0,-2.257904663E0,-1.052611084E0,3.645261095E0
2.343826138E1,-3.054248657E0,-2.647095337E0,-1.465602264E0,4.299248606E0
2.344820138E1,-3.163521423E0,-3.042722626E0,-1.466350708E0,4.627765462E0
2.345814038E1,-3.103196869E0,-4.297114105E0,-1.284927979E0,5.453994898E0
2.346808038E1,-2.575993195E0,-4.731810150E0,-9.518705750E-1,5.470998613E0
2.347801938E1,-1.763782196E0,-3.949536896E0,-4.326004028E-1,4.347057906E0
2.348795938E1,-1.460961914E0,-3.343596954E0,-2.013313293E-1,3.654392509E0
2.349789838E1,-1.505120087E0,-2.904859314E0,-3.299139404E-1,3.288227078E0
2.350783738E1,-7.500901794E-1,-1.531914368E0,-1.095721436E-1,1.709211210E0
2.351777738E1,9.220825195E-1,-3.487747192E-1,1.034199371E0,1.428792608E0
2.352771638E1,2.200573883E0,-8.291258240E-1,1.563348999E0,2.823833412E0
2.353765638E1,2.817441101E0,-1.092428284E0,1.132544861E0,3.227077900E0
2.354759538E1,4.080514526E0,-4.105961609E-1,1.545086975E0,4.382520025E0
2.355753538E1,6.781647491E0,2.797682190E-1,1.972747650E0,7.068291607E0
2.356747438E1,1.450169357E1,2.503094788E0,2.899470520E0,1.499905095E1
2.357741438E1,3.129093018E1,7.845634918E0,1.258882141E0,3.228406856E1
2.358735338E1,5.324367920E1,1.658072021E1,-8.162525940E-1,5.577164087E1
2.359729338E1,6.936006500E1,2.972773087E1,-1.103205872E0,7.547034956E1
2.360723238E1,7.062014465E1,4.208543289E1,-1.092727661E-1,8.220949114E1
2.361717238E1,5.218133835E1,3.886383224E1,4.645140381E0,6.522934047E1
2.362711138E1,2.447201019E1,2.489203674E1,7.893385620E0,3.578824266E1
2.363705038E1,7.904761963E0,1.397074768E1,1.332079926E1,2.085930836E1
2.364699038E1,6.324348450E0,8.096812592E0,5.630840607E0,1.171589192E1
2.365692938E1,7.297774200E0,4.982987823E0,-1.969454498E0,9.053531187E0
2.366686938E1,4.796625366E0,3.107687531E0,-2.405946808E0,6.201122216E0
2.367680838E1,1.855990448E0,1.490001526E0,-1.294058990E0,2.709131551E0
2.368674838E1,1.501377869E-1,6.610253906E-1,-7.851173401E-1,1.037258483E0
2.369668738E1,-7.032376099E-1,2.775228882E-1,-6.237528992E-1,9.801172219E-1
2.370662738E1,-9.563612366E-1,3.427871704E-2,-8.038284302E-1,1.249776776E0
2.371656638E1,-1.011446686E0,-1.715432739E-1,-5.860313416E-1,1.181475445E0
2.372650638E1,-1.160536652E0,-4.469705200E-1,-2.990780640E-1,1.279091730E0
2.373644538E1,-1.331481171E0,-7.533833313E-1,-8.652008057E-2,1.532290533E0
2.374638538E1,-1.510359192E0,-1.038989410E0,1.577719116E-1,1.839993440E0
2.375632438E1,-1.936522980E0,-1.359173584E0,2.299218750E-1,2.377043994E0
2.376626438E1,-2.530936890E0,-1.815574493E0,7.274871826E-2,3.115645143E0
2.377620338E1,-3.235970764E0,-2.432890778E0,-3.511697388E-1,4.063715604E0
2.378614238E1,-3.829636230E0,-3.192561035E0,-3.891906738E-1,5.001002800E0
2.379608238E1,-4.178111572E0,-3.953728180E0,-1.565744019E-1,5.754398177E0
2.380602137E1,-4.239184570E0,-4.158202972E0,-6.571334839E-2,5.938489372E0
2.381596138E1,-4.354295197E0,-3.987857208E0,-8.936416626E-2,5.905156876E0
2.382590037E1,-3.928879852E0,-3.754941559E0,-5.584886169E-1,5.463295026E0
2.383584038E1,-3.484004974E0,-3.582799530E0,-4.872367859E-1,5.021169467E0
2.384577937E1,-3.274141388E0,-3.409160614E0,-1.938468933E-1,4.730745664E0
2.385571938E1,-2.665507050E0,-3.325634308E0,7.050338745E-2,4.262598047E0
2.386565837E1,-7.915539551E-1,-2.123334503E0,1.237925720E-1,2.269456251E0
2.387559838E1,7.033872986E-1,-9.023236084E-1,5.568420410E-2,1.145444157E0
2.388553737E1,1.365460510E0,-8.505313110E-1,-2.739303589E-2,1.608923955E0
2.389547738E1,2.112257538E0,-3.870950317E-1,-1.287322998E-1,2.151289491E0
2.390541637E1,2.330803070E0,-2.130070496E-1,-1.525328064E-1,2.345481019E0
2.391535638E1,4.076323242E0,2.920426941E-1,5.813909912E-1,4.127919039E0
2.392529537E1,1.244781464E1,2.041155396E0,1.946851501E0,1.276341002E1
2.393523438E1,3.120500885E1,5.673501892E0,-2.691852264E0,3.183060272E1
2.394517437E1,5.805048340E1,1.358485016E1,-5.786217499E0,5.989897403E1
2.395511338E1,7.816804871E1,2.608176270E1,-4.669539642E0,8.253669962E1
2.396505337E1,7.482999023E1,3.979878799E1,3.561394043E0,8.483015084E1
2.397499238E1,5.072037643E1,3.824397125E1,1.173020691E1,6.459687049E1
2.398493238E1,2.834655304E1,2.220332794E1,1.227761856E1,3.804280166E1
2.399487138E1,1.565938614E1,1.237835907E1,9.753866730E0,2.221661684E1
2.400481138E1,1.019859192E1,6.261179810E0,4.679568787E0,1.284959197E1
2.401475038E1,7.479496307E0,3.494483185E0,4.917274475E-1,8.270191873E0
2.402469038E1,3.582500153E0,1.903292084E0,-1.652563477E0,4.380387442E0
2.403462938E1,4.007167053E-1,5.828878784E-1,-2.557581482E0,2.653592884E0
2.404456938E1,-1.185384979E0,-1.396595764E-1,-2.147733765E0,2.457112669E0
2.405450838E1,-1.839824066E0,-6.668632507E-1,-1.044527893E0,2.218264571E0
2.406444838E1,-2.068099365E0,-1.149010620E0,-3.399430847E-1,2.390150977E0
2.407438738E1,-2.030527496E0,-1.369651794E0,-1.047821045E-3,2.449283375E0
2.408432638E1,-1.980381775E0,-1.508413239E0,-7.259902954E-2,2.490480494E0
2.409426638E1,-2.102078705E0,-1.587299194E0,-3.634442139E-1,2.659012093E0
2.410420538E1,-2.581381989E0,-1.838925934E0,-7.586224365E-1,3.258939945E0
2.411414538E1,-3.570674744E0,-2.455194397E0,-1.468146973E0,4.575276296E0
2.412408438E1,-4.282594299E0,-3.007396088E0,-1.795216827E0,5.532436047E0
2.413402438E1,-4.648732910E0,-3.344345398E0,-1.428928528E0,5.902304681E0
2.414396338E1,-4.990023193E0,-3.721710663E0,-8.848100281E-1,6.287634731E0
2.415390338E1,-5.146597595E0,-3.888763275E0,-6.758445740E-1,6.485885638E0
2.416384238E1,-5.158273315E0,-3.774700470E0,-3.861968994E-1,6.403537716E0
2.417378238E1,-4.592000885E0,-3.425476685E0,-2.727328491E-1,5.735394132E0
2.418372138E1,-3.925437012E0,-3.010090485E0,-9.580078125E-3,4.946695082E0
2.419366138E1,-3.485950928E0,-2.751428375E0,2.808160400E-1,4.449839281E0
2.420360038E1,-2.918181610E0,-2.586471405E0,3.820056152E-1,3.918104967E0
2.421354037E1,-1.604214020E0,-1.830693054E0,7.023394775E-1,2.533420696E0
2.422347938E1,2.034269714E-1,-5.327421570E-1,1.457219696E0,1.564827780E0
2.423341937E1,1.331780548E0,-1.145118713E0,4.632865906E-1,1.816472064E0
2.424335838E1,2.092348938E0,-1.086141357E0,2.637515259E-1,2.372170313E0
2.425329738E1,2.176473999E0,-6.060896301E-1,2.853067017E-1,2.277231570E0
2.426323738E1,2.461181946E0,-5.008584595E-1,3.303630066E-1,2.533261827E0
2.427317638E1,4.352947998E0,2.002835083E-1,1.739233246E0,4.691822891E0
2.428311638E1,1.334220474E1,3.655398560E-1,6.047424316E-1,1.336090417E1
2.429305538E1,3.358850235E1,2.043251038E0,-2.897374878E0,3.377509654E1
2.430299538E1,6.052319138E1,8.478369141E0,-4.402944031E0,6.127254976E1
2.431293438E1,7.860618759E1,2.026949936E1,-3.719615021E0,8.126266589E1
2.432287438E1,6.716293396E1,3.774999847E1,2.727777557E0,7.709320887E1
2.433281338E1,4.358636169E1,4.214156616E1,8.857979736E0,6.127108885E1
2.434275338E1,2.934512650E1,2.601155869E1,8.952732697E0,4.022299165E1
2.435269238E1,1.955428665E1,1.411160477E1,6.689139862E0,2.502502962E1
2.436263238E1,1.279703842E1,7.572602692E0,4.224066010E0,1.545804766E1
2.437257138E1,8.521180115E0,3.859274597E0,2.017803955E0,9.569537281E0
2.438251138E1,4.233795776E0,2.025138702E0,3.885919189E-1,4.709269277E0
2.439245038E1,1.050515442E0,8.479866028E-1,-7.318281555E-1,1.535655046E0
2.440238937E1,-7.117698669E-1,9.939331055E-2,-1.663790131E0,1.812372195E0
2.441232938E1,-1.356329498E0,-2.686912537E-1,-2.252665558E0,2.643166059E0
2.442226837E1,-1.692530365E0,-7.667056274E-1,-1.849553833E0,2.621706684E0
2.443220838E1,-2.090852051E0,-1.627864838E0,-1.180744629E0,2.900993641E0
2.444214737E1,-2.364632721E0,-2.348166962E0,-5.929170227E-1,3.384808204E0
2.445208738E1,-2.521656189E0,-2.338586884E0,-4.496649170E-1,3.468419969E0
2.446202637E1,-3.198548584E0,-2.436333618E0,-8.687933350E-1,4.113543047E0
2.447196638E1,-4.013753357E0,-2.791994019E0,-1.277892609E0,5.053558759E0
2.448190537E1,-4.516408081E0,-3.024161224E0,-1.171164551E0,5.560136641E0
2.449184538E1,-5.284909973E0,-3.452270966E0,-1.291963348E0,6.443416604E0
2.450178437E1,-5.729036407E0,-3.826492767E0,-1.387913818E0,7.027816860E0
2.451172438E1,-5.406008148E0,-4.028422852E0,-7.447013855E-1,6.782897237E0
2.452166338E1,-5.960305481E0,-5.296436005E0,-5.360353088E-1,7.991546135E0
2.453160338E1,-6.660998383E0,-6.754553833E0,-1.951940918E-1,9.488466560E0
2.454154238E1,-5.673202515E0,-6.711293793E0,6.179150391E-1,8.809569237E0
2.455148238E1,-3.875141602E0,-6.096671906E0,1.058299255E0,7.301104579E0
2.456142138E1,-2.237397308E0,-5.031037903E0,1.179996185E0,5.631134885E0
2.457136038E1,-4.632865906E-1,-2.666405182E0,2.617007904E0,3.764715318E0
2.458130038E1,1.635648651E0,-1.494043121E0,3.718267822E0,4.328166697E0
2.459123938E1,3.089275818E0,-2.189347229E0,2.002835083E0,4.283481614E0
2.460117938E1,3.717369690E0,-1.849404144E0,1.334624634E0,4.361233313E0
2.461111838E1,3.803740082E0,-1.294208679E0,1.225651245E0,4.200670862E0
2.462105838E1,4.191284180E0,-1.196162567E0,9.843530273E-1,4.468402270E0
2.463099738E1,7.310348053E0,-1.171763306E0,1.917512512E-1,7.406145181E0
2.464093738E1,2.203717346E1,-7.726931763E-1,1.859582977E0,2.212898818E1
2.465087638E1,4.226805313E1,2.627037048E-1,-1.816772003E0,4.230789512E1
2.466081638E1,6.885875748E1,5.012925568E0,-5.129383392E0,6.923126807E1
2.467075538E1,7.707367447E1,1.844389572E1,9.913883972E-1,7.925598675E1
2.468069538E1,5.780993362E1,3.620610901E1,4.806953888E0,6.838111992E1
2.469063438E1,3.863959854E1,3.876548676E1,8.448581085E0,5.538194707E1
2.470057438E1,2.880894150E1,2.619148453E1,1.092428284E1,4.043870581E1
2.471051338E1,1.853595428E1,1.480166977E1,1.013437546E1,2.579489475E1
2.472045238E1,1.175176208E1,7.519762573E0,6.789580994E0,1.551609330E1
2.473039238E1,7.453151093E0,4.022135925E0,2.557581482E0,8.846935156E0
2.474033138E1,3.575015717E0,2.345023499E0,-2.040257263E-1,4.280362027E0
2.475027138E1,4.483177185E-1,1.195863190E0,-6.480024719E-1,1.432125954E0
2.476021038E1,-9.699829102E-1,3.592529297E-1,-6.363267517E-1,1.214430421E0
2.477015037E1,-1.715881805E0,-6.096821594E-1,-1.099164276E0,2.126999015E0
2.478008938E1,-2.259551239E0,-1.604513397E0,-1.311273193E0,3.065855905E0
2.479002937E1,-2.565664673E0,-2.563269653E0,-1.362915802E0,3.874342010E0
2.479996838E1,-3.254532166E0,-3.336860962E0,-1.847757568E0,5.014063096E0
2.480990837E1,-3.740721130E0,-3.475472717E0,-2.041903839E0,5.499206895E0
2.481984738E1,-3.889811096E0,-3.290607147E0,-2.040706329E0,5.488461359E0
2.482978737E1,-3.800746307E0,-2.980452118E0,-1.593286743E0,5.085993508E0
2.483972638E1,-3.918251953E0,-2.805316315E0,-1.519639893E0,5.052900493E0
2.484966637E1,-4.340972900E0,-2.941083984E0,-1.896855469E0,5.576027385E0
2.485960538E1,-4.550686798E0,-3.184328156E0,-1.873504028E0,5.861630616E0
2.486954537E1,-4.554578705E0,-3.703897705E0,-1.377136230E0,6.029888024E0
2.487948438E1,-5.016667786E0,-4.782854004E0,-8.919950867E-1,6.988440694E0
2.488942338E1,-5.096601562E0,-5.141807556E0,-2.402503967E-1,7.243704348E0
2.489936338E1,-4.205654297E0,-4.676275635E0,2.011816406E-1,6.292499975E0
2.490930238E1,-2.902464294E0,-4.069287872E0,5.626799011E-1,5.029911673E0
2.491924238E1,-1.514700165E0,-3.100352783E0,1.889071655E-1,3.455747370E0
2.492918138E1,2.719844055E-1,-7.035369873E-3,-3.688330078E-1,4.583260858E-1
2.493912138E1,1.571432190E0,2.676733704E0,3.210673370E0,4.465727929E0
2.494906038E1,2.815046082E0,1.722318420E0,6.401737518E0,7.202298830E0
2.495900038E1,2.662513275E0,-7.747888184E-1,1.244961090E0,3.039605693E0
2.496893938E1,3.324736176E0,-4.438270569E-1,8.268804932E-1,3.454646790E0
2.497887938E1,4.432732086E0,2.764750671E-1,1.252146149E0,4.614479623E0
2.498881838E1,8.937464447E0,1.083746338E0,5.044509888E-2,9.003072896E0
2.499875838E1,2.131058441E1,3.670517120E0,-3.293151855E-3,2.162437779E1
2.500869738E1,4.235906387E1,1.191686874E1,3.921545105E0,4.417782893E1
2.501863738E1,6.468498688E1,1.911360306E1,-2.122586060E0,6.748320325E1
2.502857638E1,7.803991516E1,2.930261490E1,-1.626517639E0,8.337575881E1
2.503851638E1,6.522865631E1,3.722983017E1,2.150877228E0,7.513630369E1
2.504845538E1,3.971526169E1,2.764960236E1,3.823948059E0,4.854302319E1
2.505839437E1,2.264670593E1,1.639989624E1,4.833897858E0,2.837598377E1
2.506833438E1,1.299836975E1,9.375303955E0,4.295617218E0,1.659235570E1
2.507827338E1,7.628286896E0,5.562133484E0,2.690804443E0,9.816746834E0
2.508821338E1,3.563789062E0,3.204236755E0,1.703307953E0,5.086156078E0
2.509815238E1,1.236428833E-1,1.464853821E0,1.029409332E0,1.794649785E0
2.510809238E1,-2.024390259E0,1.766326904E-2,2.345622253E-1,2.038010635E0
2.511803138E1,-3.207829285E0,-1.371597748E0,-8.972341919E-1,3.602287925E0
2.512797138E1,-3.625311127E0,-2.128423920E0,-9.496252441E-1,4.309855827E0
2.513791038E1,-3.691623230E0,-2.592608643E0,-8.012837219E-1,4.581676249E0
2.514785038E1,-3.539090424E0,-3.080294495E0,-5.670208740E-1,4.725980096E0
2.515778938E1,-3.071612549E0,-3.168910217E0,-2.673440552E-1,4.421342382E0
2.516772938E1,-2.692001953E0,-3.046464844E0,-8.173004150E-2,4.066263931E0
2.517766838E1,-2.560425568E0,-3.051254883E0,6.930587769E-2,3.983809578E0
2.518760838E1,-2.611319733E0,-3.032992859E0,1.182540894E-2,4.002271389E0
2.519754738E1,-2.658771057E0,-2.841540985E0,8.996292114E-2,3.892494320E0
2.520748738E1,-2.690355377E0,-2.786156158E0,1.721420288E-1,3.876894514E0
2.521742638E1,-2.634072418E0,-3.188818817E0,2.074685669E-1,4.141249348E0
2.522736538E1,-2.488724670E0,-3.396736450E0,3.580554199E-1,4.226082427E0
2.523730538E1,-2.370171204E0,-2.706970825E0,3.191363525E-1,3.612097811E0
2.524724438E1,-1.818119202E0,-1.718426514E0,2.083666992E-1,2.510371247E0
2.525718438E1,-1.560953979E0,-1.270707550E0,2.549198914E-1,2.028856613E0
2.526712338E1,-1.579216003E0,-1.011596375E0,2.438429260E-1,1.891219126E0
2.527706338E1,-1.382974091E0,-7.068301392E-1,1.143621826E-1,1.557339041E0
2.528700238E1,-8.030799866E-1,-6.541397095E-2,7.214996338E-2,8.089635775E-1
2.529694238E1,5.423222351E-1,2.108515320E0,7.569758606E-1,2.304986489E0
2.530688137E1,1.567091217E0,1.677262115E0,1.185983734E0,2.583706737E0
2.531682138E1,2.196831665E0,1.616638184E-1,9.749226379E-1,2.408874987E0
2.532676037E1,3.899540863E0,1.082249451E0,1.423539734E0,4.290005617E0
2.533670038E1,7.782466278E0,3.663781128E0,2.348765717E0,8.916657104E0
2.534663937E1,1.769709869E1,8.886719971E0,2.132166138E0,1.991751055E1
2.535657938E1,3.439203140E1,1.507170822E1,-1.892664185E0,3.759721254E1
2.536651837E1,5.749169540E1,2.219763977E1,-4.337679749E0,6.178062574E1
2.537645838E1,7.580551163E1,3.044878143E1,-3.641028442E0,8.177322894E1
2.538639737E1,6.604565735E1,3.386348053E1,-1.446142731E0,7.423513654E1
2.539633638E1,3.452645187E1,2.461795670E1,2.261497192E0,4.246450330E1
2.540627637E1,1.585892120E1,1.632595001E1,7.309150543E0,2.390534892E1
2.541621588E1,8.499175873E0,1.075902649E1,8.481213226E0,1.612214686E1
2.542615588E1,7.536976776E0,7.019053802E0,5.106331329E0,1.149555370E1
2.543609488E1,6.872358856E0,5.160668335E0,1.469344482E0,8.718990029E0
2.544603487E1,4.450994110E0,3.659739532E0,-1.917512512E-1,5.765571139E0
2.545597388E1,1.460961914E0,2.091750183E0,-1.130299530E0,2.790592333E0
2.546591387E1,-9.629475403E-1,6.628216553E-1,-1.256038055E0,1.715876484E0
2.547585288E1,-1.883682861E0,-3.586541748E-1,-8.982820129E-1,2.117499590E0
2.548579287E1,-2.199675751E0,-1.374142456E0,-1.235381012E0,2.872804752E0
2.549573188E1,-2.302661591E0,-2.270628204E0,-1.620230713E0,3.617063782E0
2.550567187E1,-1.833537140E0,-2.438279572E0,-1.379381561E0,3.348097849E0
2.551561088E1,-1.442250824E0,-2.203417969E0,-1.044378204E0,2.832995591E0
2.552555087E1,-1.172511749E0,-1.916764069E0,-7.487429810E-1,2.368413889E0
2.553548988E1,-1.127006378E0,-1.678609314E0,-4.805007935E-1,2.078161115E0
2.554542987E1,-1.138233032E0,-1.697919159E0,-1.546284485E-1,2.049978991E0
2.555536888E1,-1.038240967E0,-2.145638123E0,3.025209045E-1,2.402753869E0
2.556530887E1,-6.521937561E-1,-2.958148499E0,9.874964905E-1,3.186086715E0
2.557524788E1,-6.444099426E-1,-3.018173676E0,1.156195679E0,3.295667604E0
2.558518688E1,-1.034199371E0,-2.422113190E0,9.590556335E-1,2.802853609E0
2.559512688E1,-1.361718292E0,-1.892364807E0,7.647596741E-1,2.453605231E0
2.560506588E1,-1.291065216E0,-1.484612732E0,7.048841858E-1,2.089924896E0
2.561500588E1,-1.124611359E0,-1.123264160E0,8.208929443E-1,1.788948939E0
2.562494488E1,-1.039588165E0,-9.449848938E-1,8.882528687E-1,1.662147154E0
2.563488488E1,-9.560618591E-1,-8.623567200E-1,7.595205688E-1,1.494852797E0
2.564482388E1,-3.908372498E-1,-6.982978821E-1,4.093986511E-1,8.988776020E-1
2.565476388E1,5.149291992E-1,-5.816903687E-1,-6.526428223E-1,1.014622303E0
2.566470288E1,2.669548645E0,1.730401611E-1,-9.909393311E-1,2.852786992E0
2.567464288E1,6.174659729E0,1.312470703E0,-1.157093811E-1,6.313666983E0
2.568458188E1,1.201596268E1,4.738097076E0,1.595532074E0,1.301455514E1
2.569452188E1,2.094534393E1,8.115673370E0,1.450783081E0,2.250947263E1
2.570446088E1,3.417423431E1,9.954299927E0,-4.508175201E0,3.587882414E1
2.571440088E1,5.072576523E1,1.737706421E1,-7.631879425E0,5.416005172E1
2.572433988E1,6.038981873E1,2.737058258E1,-2.118095398E0,6.633675696E1
2.573427988E1,5.564932663E1,3.123344971E1,3.088826752E0,6.388988015E1
2.574421888E1,3.466386612E1,2.549348602E1,5.759273529E0,4.341279392E1
2.575415888E1,1.768467453E1,1.675795166E1,1.044333298E1,2.650735484E1
2.576409788E1,9.584269409E0,1.191986252E1,1.230845444E1,1.963261045E1
2.577403688E1,7.730524292E0,8.363108826E0,9.056466980E0,1.455067659E1
2.578397688E1,8.400980072E0,5.533692627E0,3.920796661E0,1.079679891E1
2.579391588E1,7.208110657E0,3.967798920E0,1.160836029E0,8.309502259E0
2.580385588E1,4.586612091E0,2.294129333E0,2.862048340E-1,5.136336543E0
2.581379488E1,2.866389313E0,6.530918884E-1,-3.059637451E-1,2.955728425E0
2.582373488E1,2.060614929E0,-5.147795105E-1,-1.028960266E0,2.360061664E0
2.583367388E1,1.383273468E0,-1.032702484E0,-2.473755798E0,3.016519129E0
2.584361388E1,4.682263184E-1,-1.335522766E0,-3.359613647E0,3.645526135E0
2.585355288E1,2.963836670E-2,-1.574575653E0,-2.871478729E0,3.274989620E0
2.586349288E1,-1.701960754E-1,-1.957180023E0,-2.464175720E0,3.151457175E0
2.587343188E1,-1.706451416E-2,-2.233056335E0,-1.722617798E0,2.820326909E0
2.588337188E1,-1.547781372E-1,-2.608026581E0,-1.271605682E0,2.905639332E0
2.589331088E1,-3.766168213E-1,-2.977308655E0,-1.120120697E0,3.203260438E0
2.590325088E1,-7.173083496E-1,-3.072810059E0,-1.008303223E0,3.312607480E0
2.591318988E1,-1.090033264E0,-2.968027954E0,-9.981243896E-1,3.315662038E0
2.592312988E1,-1.355431366E0,-2.898422699E0,-1.158890076E0,3.403097785E0
2.593306888E1,-1.482367401E0,-3.100203094E0,-1.266216888E0,3.662236686E0
2.594300888E1,-1.618135071E0,-3.427422638E0,-1.474134521E0,4.066775090E0
2.595294788E1,-1.394051056E0,-3.502416687E0,-1.395398254E0,4.019631486E0
2.596288688E1,-7.813751221E-1,-2.912643127E0,-1.057999878E0,3.195841174E0
2.597282688E1,-3.031196594E-1,-1.553619232E0,-7.649093628E-1,1.758038845E0
2.598276588E1,1.017883301E-2,1.646575928E-2,-6.641688538E-1,6.644508982E-1
2.599270588E1,8.741821289E-2,2.328707428E0,-3.891906738E-1,2.362623459E0
2.600264487E1,9.969268799E-2,5.640570374E0,1.697919159E0,5.891426164E0
2.601258488E1,1.238075409E0,4.232149200E0,3.942052460E0,5.914701613E0
2.602252387E1,3.598516846E0,-3.017724609E-1,1.823358307E0,4.045370888E0
2.603246388E1,5.838907928E0,9.556127930E-1,1.487606506E0,6.100738867E0
2.604240287E1,1.015518219E1,3.611090698E0,1.442699890E0,1.087423948E1
2.605234288E1,1.919368652E1,6.912475433E0,4.037104797E-1,2.040448238E1
2.606228187E1,3.519062073E1,1.375953690E1,2.885998535E0,3.789503438E1
2.607222188E1,5.161386841E1,2.087903183E1,2.808160400E0,5.574774567E1
2.608216087E1,6.132222977E1,2.398492310E1,-2.897075500E0,6.590967642E1
2.609210088E1,5.583149780E1,2.509905624E1,-1.778152313E0,6.123953459E1
2.610203987E1,3.304393478E1,1.740026596E1,1.569486237E0,3.737825797E1
2.611197988E1,1.877126495E1,1.170475983E1,4.481680298E0,2.257093815E1
2.612191887E1,1.198452805E1,9.333690491E0,6.354136505E0,1.646577485E1
2.613185788E1,8.676557007E0,7.583080902E0,6.048621826E0,1.301428382E1
2.614179787E1,7.450307007E0,5.901477814E0,4.548591156E0,1.053680200E1
2.615173688E1,5.920787659E0,4.609813843E0,3.273392944E0,8.186648370E0
2.616167687E1,4.020189972E0,3.427871704E0,1.875899048E0,5.606356131E0
2.617161588E1,2.124981079E0,2.421664124E0,7.098239136E-1,3.299068308E0
2.618155588E1,5.906716919E-1,1.518891449E0,-2.766247559E-1,1.653011052E0
2.619149488E1,-5.501060486E-1,8.015830994E-1,-1.162033539E0,1.515082201E0
2.620143488E1,-1.202449493E0,3.037184143E-1,-1.957180023E0,2.317041929E0
2.621137388E1,-1.497635651E0,-1.059796143E-1,-2.149829407E0,2.622195778E0
2.622131388E1,-1.322499847E0,-7.279362488E-1,-1.107397156E0,1.872224743E0
2.623125288E1,-1.076411591E0,-1.369053040E0,-5.876779175E-1,1.838024339E0
2.624119288E1,-1.010099487E0,-1.647174683E0,-6.108796692E-1,2.026489423E0
2.625113188E1,-1.013093262E0,-1.702858887E0,-6.920109558E-1,2.098800969E0
2.626107188E1,-1.038989410E0,-1.614991608E0,-8.015830994E-1,2.080921035E0
2.627101088E1,-1.081351318E0,-1.359173584E0,-7.843688965E-1,1.905756561E0
2.628095088E1,-1.159339142E0,-1.325942688E0,-6.866221619E-1,1.890407694E0
2.629088988E1,-1.211730194E0,-1.626667328E0,-6.339317322E-1,2.125136725E0
2.630082988E1,-1.219663696E0,-2.022893372E0,-4.604425049E-1,2.406591869E0
2.631076888E1,-9.762698364E-1,-2.210004272E0,-2.875520325E-1,2.433086075E0
2.632070888E1,-5.962101746E-1,-2.316133575E0,-1.275347900E-1,2.395037877E0
2.633064788E1,-1.275347900E-1,-2.075284424E0,-9.145980835E-2,2.081210095E0
2.634058688E1,2.927911377E-1,-1.861079865E0,-2.227368164E-1,1.897091617E0
2.635052688E1,1.155596924E0,-1.221010895E0,-2.318678284E-1,1.697066453E0
2.636046588E1,2.527643738E0,4.953199768E-1,5.128335571E-1,2.626275500E0
2.637040588E1,4.708758087E0,2.194885712E0,2.655028839E0,5.834304084E0
2.638034488E1,7.047794037E0,1.890119476E0,3.176544342E0,7.958290418E0
2.639028488E1,9.812245331E0,1.651515656E0,1.520538025E0,1.006576864E1
2.640022388E1,1.586580688E1,4.168531494E0,1.800156555E0,1.650275876E1
2.641016387E1,2.758403870E1,8.957223358E0,3.428769836E0,2.920389535E1
2.642010267E1,4.098552017E1,1.369906265E1,1.259630585E0,4.323267110E1
2.643004267E1,5.262067474E1,1.863968857E1,-5.568420410E-1,5.582726461E1
2.643998167E1,5.965335022E1,2.212474136E1,1.222956848E-1,6.362421967E1
2.644992167E1,4.706018784E1,1.917722076E1,3.176394653E0,5.091676107E1
2.645986067E1,2.447889587E1,1.228016327E1,6.964267731E0,2.825809226E1
2.646980067E1,1.190863586E1,9.095685425E0,8.790470123E0,1.737295215E1
2.647973967E1,7.105723572E0,7.821535034E0,8.440497894E0,1.352441209E1
2.648967967E1,6.000422058E0,7.275769958E0,6.701713715E0,1.156956611E1
2.649961867E1,5.877078552E0,6.815626831E0,4.627028046E0,1.011939771E1
2.650955867E1,5.233866119E0,6.085295563E0,2.234403534E0,8.331670648E0
2.651949767E1,4.515210571E0,4.872367859E0,2.951861572E-1,6.649378161E0
2.652943667E1,3.698059845E0,3.277135162E0,-9.517208862E-1,5.032001007E0
2.653937667E1,2.825973358E0,2.005230103E0,-1.664837952E0,3.844315100E0
2.654931567E1,2.175126801E0,1.026265869E0,-2.154769135E0,3.229152870E0
2.655925567E1,1.776356049E0,2.877017212E-1,-2.412682800E0,3.009859031E0
2.656919467E1,1.467398529E0,-2.121089172E-1,-2.209106140E0,2.660525996E0
2.657913467E1,1.156345367E0,-5.376818848E-1,-1.842219086E0,2.240537341E0
2.658907367E1,7.291337585E-1,-7.765850830E-1,-1.547931061E0,1.879045236E0
2.659901367E1,2.692900085E-1,-1.046024780E0,-1.416803741E0,1.781577332E0
2.660895267E1,-1.927990723E-1,-1.330583038E0,-1.461860046E0,1.986116185E0
2.661889267E1,-6.432124329E-1,-1.676064606E0,-1.590592346E0,2.398520129E0
2.662883167E1,-1.104253693E0,-1.992955627E0,-1.682950287E0,2.832590690E0
2.663877167E1,-1.661993866E0,-2.291285248E0,-1.833686829E0,3.372627919E0
2.664871067E1,-2.057770844E0,-2.404449921E0,-1.815275116E0,3.648427608E0
2.665865067E1,-2.305505676E0,-2.374212799E0,-1.706451416E0,3.723468715E0
2.666858967E1,-2.401156769E0,-2.338886261E0,-1.594035187E0,3.711723447E0
2.667852967E1,-2.437531128E0,-2.194286957E0,-1.533261566E0,3.620406645E0
2.668846867E1,-2.430645447E0,-1.953437805E0,-1.569186859E0,3.490888704E0
2.669840867E1,-2.181114349E0,-1.378782806E0,-1.742376709E0,3.113547563E0
2.670834767E1,-1.678309937E0,-1.540296936E-1,-1.775457916E0,2.447999224E0
2.671828767E1,-1.506467285E0,1.890568542E0,-9.551637268E-1,2.599236588E0
2.672822667E1,-1.956431580E0,4.608616333E0,3.636088715E0,6.187738696E0
2.673816667E1,1.474433899E-1,4.134252777E0,6.193071442E0,7.447678797E0
2.674810567E1,2.605930939E0,5.037025452E-1,5.792953491E-1,2.716647826E0
2.675804467E1,4.330943756E0,1.642384644E0,-2.998265076E-1,4.641594238E0
2.676798467E1,8.731343079E0,4.425846405E0,1.260379028E-1,9.789808676E0
2.677792367E1,2.264715500E1,1.065723816E1,4.193828888E0,2.537830876E1
2.678786367E1,4.499747726E1,1.746343460E1,2.562072144E0,4.833537754E1
2.679780267E1,6.770166367E1,2.159888489E1,-4.836442566E-1,7.106518841E1
2.680774267E1,7.894822632E1,2.439761490E1,-7.331753540E-1,8.263536530E1
2.681768167E1,5.691329819E1,1.932690948E1,5.814957733E0,6.038598078E1
2.682762167E1,2.747940628E1,9.350455627E0,9.794132996E0,3.063452025E1
2.683756067E1,1.597597778E1,5.458099823E0,9.011111298E0,1.913694977E1
2.684750067E1,1.044482986E1,4.576882324E0,5.771997070E0,1.278116868E1
2.685743967E1,8.036488037E0,4.040397949E0,2.809058533E0,9.423415803E0
2.686737967E1,6.165528717E0,3.170706482E0,5.628295898E-2,6.933274243E0
2.687731867E1,4.531676331E0,1.854792938E0,-2.072440338E0,5.317081546E0
2.688725867E1,3.042273560E0,1.062191162E0,-3.404071198E0,4.687363779E0
2.689719767E1,1.654210052E0,6.363267517E-1,-3.370391235E0,3.807999437E0
2.690713767E1,8.490344238E-1,1.990859985E-1,-2.686912537E0,2.824888257E0
2.691707667E1,4.240681458E-1,-1.948947144E-1,-2.042352905E0,2.094999554E0
2.692701667E1,4.206253052E-2,-5.930667114E-1,-1.743873596E0,1.842441994E0
2.693695567E1,-3.231779480E-1,-9.509724426E-1,-1.662442932E0,1.942294796E0
2.694689567E1,-6.652166748E-1,-1.329834595E0,-1.601819000E0,2.185588567E0
2.695683467E1,-8.888516235E-1,-1.744622040E0,-1.513802032E0,2.474946437E0
2.696677367E1,-1.112336884E0,-2.215243378E0,-1.372944946E0,2.833650365E0
2.697671367E1,-1.362167358E0,-2.694546661E0,-1.104702759E0,3.215034962E0
2.698665267E1,-1.658850403E0,-3.086132355E0,-7.981402588E-1,3.593469833E0
2.699659267E1,-1.820963287E0,-3.224893799E0,-4.891827393E-1,3.735658852E0
2.700653167E1,-1.882784729E0,-3.117117920E0,-3.079096985E-1,3.654601325E0
2.701647167E1,-1.855092316E0,-2.967728577E0,-4.501139832E-1,3.528651726E0
2.702641067E1,-1.932481384E0,-3.228037262E0,-6.017486572E-1,3.810093216E0
2.703635067E1,-1.720971222E0,-3.553310852E0,-2.469863892E-1,3.955851645E0
2.704628967E1,-1.551224213E0,-3.877536621E0,-2.101629639E-1,4.181597216E0
2.705622967E1,-1.247206421E0,-3.717669067E0,-2.164498901E-1,3.927268479E0
2.706616867E1,-6.418652344E-1,-2.441572723E0,-5.089416504E-3,2.524538422E0
2.707610867E1,1.706451416E-2,-8.032296753E-1,4.534071350E-1,9.225221618E-1
2.708604767E1,9.418414307E-1,1.193617859E0,1.169368286E0,1.918126967E0
2.709598767E1,2.693947906E0,4.178111572E0,3.282673645E0,5.957341512E0
2.710592667E1,5.263055420E0,6.277944946E0,6.990463257E0,1.076935103E1
2.711586667E1,6.997049561E0,3.942202148E0,4.921166382E0,9.418998826E0
2.712580567E1,7.883655853E0,1.631457367E0,4.724176025E-1,8.064543455E0
2.713574567E1,1.203706879E1,3.860771484E0,-2.314187622E-1,1.264318536E1
2.714568467E1,2.318199280E1,6.916517029E0,-1.504671021E0,2.423854436E1
2.715562467E1,4.210564087E1,1.333546875E1,2.624791718E0,4.424487825E1
2.716556367E1,5.712420959E1,1.959649887E1,3.212769012E0,6.047743360E1
2.717550367E1,5.755306778E1,2.129127457E1,-3.876788177E0,6.148742530E1
2.718544267E1,4.398468338E1,1.907887527E1,2.300715637E-1,4.794485151E1
2.719538167E1,2.693843124E1,1.027313690E1,4.841681671E0,2.923453952E1
2.720532167E1,1.960742615E1,6.995402985E0,7.319778442E0,2.206730567E1
2.721526067E1,1.402643188E1,5.712420959E0,7.438481598E0,1.687316073E1
2.722520067E1,9.353299713E0,4.864284668E0,6.188281403E0,1.222457801E1
2.723513967E1,5.857918396E0,4.490511932E0,5.578150177E0,9.251792515E0
2.724507967E1,4.246369629E0,4.645140381E0,3.526067505E0,7.214023581E0
2.725501867E1,3.926185455E0,4.403692474E0,7.273374939E-1,5.944447785E0
2.726495867E1,3.903732147E0,3.287613373E0,-1.324894867E0,5.272842950E0
2.727489767E1,3.584895172E0,2.193089447E0,-2.618504791E0,4.951533304E0
2.728483767E1,3.050356750E0,1.402433624E0,-3.667074280E0,4.971813567E0
2.729477667E1,2.794838104E0,8.496331787E-1,-4.070335693E0,5.010052816E0
2.730471667E1,2.798879700E0,4.366419983E-1,-3.478915558E0,4.486338960E0
2.731465567E1,2.656376038E0,4.311035156E-2,-2.802621918E0,3.861720053E0
2.732459567E1,2.341131592E0,-4.005670166E-1,-2.264790344E0,3.281863246E0
2.733453467E1,1.748364258E0,-8.282276917E-1,-1.820514221E0,2.656503476E0
2.734447467E1,9.939331055E-1,-1.244961090E0,-1.460812225E0,2.161435516E0
2.735441367E1,1.197509766E-2,-1.895208893E0,-1.345102844E0,2.324061491E0
2.736435367E1,-9.521699524E-1,-2.736160126E0,-1.640588379E0,3.329373827E0
2.737429267E1,-1.714384918E0,-3.491788788E0,-1.800006866E0,4.286225531E0
2.738423267E1,-2.217039642E0,-3.824696503E0,-1.405427399E0,4.638835445E0
2.739417167E1,-2.519859924E0,-3.997287598E0,-8.858578491E-1,4.807571768E0
2.740411167E1,-2.607876892E0,-4.218826904E0,-3.050656128E-1,4.969163648E0
2.741405067E1,-2.666554871E0,-4.018094330E0,4.430786133E-1,4.842717788E0
2.742398938E1,-2.715952148E0,-2.739453278E0,1.169817352E0,4.031063504E0
2.743392938E1,-2.647095337E0,-1.919009399E-1,2.411634979E0,3.586073475E0
2.744386838E1,-2.087409210E0,3.240461426E0,5.690117340E0,6.872794396E0
2.745380838E1,-2.395019531E-1,6.028264160E0,8.089926910E0,1.009179109E1
2.746374738E1,2.462080078E0,5.558540955E0,6.070027313E0,8.590951486E0
2.747368738E1,4.295168152E0,2.146685944E0,1.570983124E0,5.052199320E0
2.748362638E1,7.423363037E0,2.611020355E0,4.432283020E-1,7.881636721E0
2.749356638E1,1.466964432E1,5.756279755E0,1.114731903E0,1.579796975E1
2.750350538E1,2.960857864E1,1.119821320E1,3.610941010E0,3.186074078E1
2.751344538E1,4.470333893E1,1.382016083E1,-3.129691772E0,4.689541904E1
2.752338438E1,5.508679642E1,1.751358032E1,-5.954168243E0,5.810966146E1
2.753332438E1,5.889263214E1,2.057501404E1,-5.022355957E0,6.258512110E1
2.754326338E1,4.592704422E1,1.631562149E1,-1.324445801E0,4.875702054E1
2.755320338E1,2.793341217E1,9.914333038E0,3.469784546E0,2.984307156E1
2.756314238E1,1.690838882E1,7.324568481E0,7.799680481E0,2.000944606E1
2.757308238E1,9.644893341E0,7.296427002E0,1.030292496E1,1.588748178E1
2.758302138E1,5.834417267E0,8.009244690E0,9.680519257E0,1.385282926E1
2.759296138E1,5.300627289E0,8.316555634E0,6.466552734E0,1.179313578E1
2.760290038E1,6.397546234E0,7.182214508E0,2.475552063E0,9.931825667E0
2.761284038E1,6.750811615E0,5.519023132E0,-4.939727783E-1,8.733675223E0
2.762277938E1,5.358856201E0,4.144431610E0,-2.094294891E0,7.090819716E0
2.763271938E1,3.416645050E0,2.732417908E0,-3.156935120E0,5.394980108E0
2.764265837E1,1.673819275E0,1.457668762E0,-3.830384674E0,4.426998525E0
2.765259838E1,9.138496399E-1,6.441105652E-1,-3.730093231E0,3.894046109E0
2.766253737E1,7.198530579E-1,1.351689148E-1,-2.749482422E0,2.845366874E0
2.767247738E1,4.559518433E-1,-2.951861572E-1,-1.928140411E0,2.003185562E0
2.768241637E1,-4.745132446E-2,-8.544232178E-1,-1.527274017E0,1.750673181E0
2.769235538E1,-5.197192383E-1,-1.423689423E0,-1.301992493E0,1.998045072E0
2.770229537E1,-7.800279236E-1,-1.938169556E0,-1.117575989E0,2.369371410E0
2.771223438E1,-1.377285919E0,-2.421514435E0,-1.071471863E0,2.984744648E0
2.772217437E1,-1.852397919E0,-2.969075775E0,-1.045875092E0,3.652484595E0
2.773211338E1,-2.065704346E0,-3.920796661E0,-9.750723267E-1,4.537680789E0
2.774205337E1,-2.381098480E0,-4.448150024E0,-8.375083923E-1,5.114400152E0
2.775199238E1,-2.537223816E0,-3.816763000E0,-6.833290100E-1,4.633802222E0
2.776193237E1,-2.474055176E0,-3.358715515E0,-4.784051514E-1,4.198903477E0
2.777187138E1,-2.436034241E0,-3.730392609E0,-3.035687256E-1,4.465674172E0
2.778181137E1,-2.444716187E0,-3.893104248E0,1.805245972E-1,4.600596380E0
2.779175038E1,-2.273322601E0,-2.836601257E0,9.313632202E-1,3.752564429E0
2.780169037E1,-1.748364258E0,-1.263971558E0,2.013762360E0,2.951210009E0
2.781162938E1,-7.870632935E-1,4.438270569E-1,3.463647308E0,3.579567538E0
2.782156937E1,1.050665131E0,1.377585297E0,3.301534424E0,3.728507479E0
2.783150838E1,2.713856506E0,6.480024719E-1,1.778302002E0,3.308667761E0
2.784144838E1,4.489464111E0,5.709127808E-1,1.002465363E0,4.635317272E0
2.785138738E1,9.258097687E0,3.141517181E0,2.997816010E0,1.022586934E1
2.786132738E1,1.626607452E1,5.859564972E0,3.532653809E0,1.764651028E1
2.787126638E1,2.623130173E1,7.013365631E0,-2.080673218E-1,2.715348559E1
2.788120638E1,4.219290939E1,1.236368958E1,5.189707947E-1,4.397012342E1
2.789114538E1,5.972175797E1,1.790426788E1,6.902146912E-1,6.235164456E1
2.790108538E1,6.727520050E1,2.196831665E1,-3.080444183E0,7.083818656E1
2.791102438E1,5.242158875E1,2.114921997E1,-5.328918457E-1,5.652960681E1
2.792096438E1,2.891387329E1,1.335657486E1,3.622616730E0,3.205516359E1
2.793090338E1,1.621398285E1,9.652228088E0,6.581363983E0,1.998432132E1
2.794084238E1,9.754016418E0,8.012388153E0,6.458319855E0,1.417917824E1
2.795078238E1,6.453978882E0,6.646478577E0,4.060156860E0,1.011505782E1
2.796072138E1,4.896018677E0,5.163662109E0,1.952839050E0,7.378887831E0
2.797066138E1,3.719914398E0,4.214186554E0,1.097966766E0,5.727360864E0
2.798060038E1,2.264341278E0,3.452121277E0,5.700146484E-1,4.167649149E0
2.799054038E1,9.575587463E-1,2.680326233E0,-1.166075134E-1,2.848625068E0
2.800047938E1,2.727328491E-1,1.946701813E0,-7.300318909E-1,2.096897164E0
2.801041938E1,-2.273771667E-1,1.318009186E0,-1.074465637E0,1.715612134E0
2.802035838E1,-8.217910767E-1,8.195457458E-1,-1.354982300E0,1.784088797E0
2.803029838E1,-1.226399689E0,3.933819580E-1,-1.432221680E0,1.926152772E0
2.804023738E1,-1.468296661E0,7.469467163E-2,-1.247505798E0,1.928145507E0
2.805017738E1,-1.540147247E0,-1.043330383E-1,-8.741821289E-1,1.774016156E0
2.806011638E1,-1.590442657E0,-3.138972473E-1,-4.944218445E-1,1.694842851E0
2.807005637E1,-1.757794647E0,-5.984555054E-1,-1.550775146E-1,1.863341098E0
2.807999538E1,-1.807042236E0,-8.520281982E-1,1.263372803E-1,2.001827865E0
2.808993537E1,-1.783541107E0,-1.030008087E0,3.375480652E-1,2.087073127E0
2.809987438E1,-1.864522705E0,-1.239572296E0,3.628454590E-1,2.268180156E0
2.810981437E1,-1.971101074E0,-1.542242889E0,1.448986816E-1,2.506940008E0
2.811975338E1,-2.174228668E0,-2.383792877E0,-2.670446777E-1,3.237445234E0
2.812969337E1,-2.303559723E0,-4.001478882E0,-5.701643372E-1,4.652236882E0
2.813963238E1,-2.156565399E0,-4.401746521E0,-1.884580994E-1,4.905268923E0
2.814957237E1,-1.890418854E0,-3.927832031E0,1.025367737E-1,4.360282296E0
2.815951138E1,-1.344204712E0,-3.173700256E0,7.132667542E-1,3.519660365E0
2.816945137E1,-1.658551025E-1,-8.357121277E-1,3.148253174E0,3.261505898E0
2.817939038E1,1.707199860E0,1.607656860E0,6.233188019E0,6.659709064E0
2.818933037E1,3.466940460E0,1.055455170E0,3.365152130E0,4.945493972E0
2.819926938E1,3.887116699E0,1.052311707E-1,-4.749623108E-1,3.917440367E0
2.820920838E1,5.845045166E0,1.996997223E0,-7.042854309E-1,6.216797316E0
2.821914838E1,1.019035904E1,4.032763824E0,-1.021775208E0,1.100684451E1
2.822908738E1,2.020633072E1,7.119045868E0,-1.031654663E0,2.144856467E1
2.823902738E1,3.791600327E1,1.432565964E1,4.524191895E0,4.078377300E1
2.824896638E1,5.638474731E1,1.978854950E1,9.961784363E-1,5.976469520E1
2.825890638E1,6.938401520E1,2.509905624E1,-5.885910187E0,7.401856610E1
2.826884538E1,6.217306046E1,2.554767334E1,-2.874622192E0,6.727879690E1
2.827878538E1,3.688629456E1,1.529654068E1,5.769152985E0,4.034682155E1
2.828872438E1,2.025318329E1,9.327403564E0,9.569749603E0,2.426462442E1
2.829866438E1,1.199919754E1,7.797584839E0,7.760012970E0,1.627884739E1
2.830860338E1,8.336314545E0,7.057224426E0,5.660628662E0,1.230208412E1
2.831854338E1,7.073839874E0,5.701793060E0,3.583248596E0,9.766745884E0
2.832848238E1,6.930737457E0,3.707041168E0,1.377734985E0,7.979688566E0
2.833842238E1,6.106551361E0,2.195484467E0,-6.381230164E-1,6.520530849E0
2.834836138E1,4.635560303E0,1.022673340E0,-1.793121185E0,5.074402789E0
2.835830138E1,2.935545502E0,8.532257080E-2,-2.274071045E0,3.714311033E0
2.836824038E1,1.481768646E0,-6.343807983E-1,-2.807112579E0,3.236967462E0
2.837818038E1,-1.901046753E-2,-1.180744629E0,-3.576512604E0,3.766425584E0
2.838811938E1,-1.062789917E0,-1.548679504E0,-3.878734131E0,4.309583399E0
2.839805938E1,-1.603465576E0,-1.827100525E0,-3.651506653E0,4.386672887E0
2.840799838E1,-1.974843292E0,-2.105970612E0,-3.238365784E0,4.338448017E0
2.841793854E1,-2.149679718E0,-2.629581757E0,-2.764002228E0,4.378987488E0
2.842787754E1,-2.403851166E0,-3.517834625E0,-2.416125641E0,4.898093914E0
2.843781754E1,-2.629432068E0,-4.013753357E0,-1.997146912E0,5.197376723E0
2.844775654E1,-2.609673157E0,-3.786226501E0,-1.388961639E0,4.803656893E0
2.845769654E1,-2.378254395E0,-3.626059570E0,-8.473878479E-1,4.418423716E0
2.846763554E1,-2.137255554E0,-3.705693970E0,-7.584727478E-1,4.344572477E0
2.847757554E1,-1.706002350E0,-4.163741455E0,-9.696835327E-1,4.602985235E0
2.848751454E1,-1.185534668E0,-4.278852081E0,-5.435197449E-1,4.473195870E0
2.849745354E1,-6.794371033E-1,-3.754193115E0,-2.534230042E-1,3.823587836E0
2.850739354E1,-2.607577515E-1,-2.654130707E0,-3.019221497E-1,2.683945118E0
2.851733254E1,-1.655557251E-1,-1.013093262E0,-4.754113770E-1,1.131274782E0
2.852727254E1,-4.505630493E-2,1.231339417E0,2.095642090E-2,1.232341674E0
2.853721154E1,1.483415222E-1,5.878874817E0,3.506308594E0,6.846705359E0
2.854715154E1,1.836680603E-1,8.678203583E0,1.033525772E1,1.349675900E1
2.855709054E1,1.670226746E0,6.708449707E0,1.037477554E1,1.246711364E1
2.856703054E1,3.309916992E0,1.867666168E0,2.592458954E0,4.600496803E0
2.857696954E1,4.517156525E0,8.499325562E-1,-2.219883728E-1,4.601778706E0
2.858690954E1,7.624993744E0,2.528841248E0,1.567240906E-1,8.034931866E0
2.859684854E1,1.415725983E1,4.101321259E0,3.061134338E-1,1.474254209E1
2.860678854E1,2.516252426E1,6.395600281E0,1.490899658E-1,2.596302290E1
2.861672754E1,4.159610046E1,9.661808167E0,2.826123047E-1,4.270440236E1
2.862666754E1,6.177833130E1,1.542437485E1,5.885461121E0,6.394616650E1
2.863660654E1,6.266823074E1,1.745729736E1,-2.371668091E0,6.509753594E1
2.864654654E1,4.855752411E1,1.522394165E1,-6.664441223E0,5.132266871E1
2.865648554E1,3.095892059E1,1.262265106E1,-1.523232422E0,3.346798950E1
2.866642554E1,1.783032166E1,1.175355835E1,8.932973785E0,2.314874780E1
2.867636454E1,1.167257675E1,1.066606979E1,1.291005341E1,2.041282861E1
2.868630454E1,1.008916946E1,1.021999741E1,1.015877472E1,1.759091786E1
2.869624354E1,8.259823608E0,9.585616608E0,8.216413879E0,1.508702054E1
2.870618354E1,6.989714813E0,7.591613159E0,5.723348236E0,1.180022960E1
2.871612254E1,6.481820984E0,5.731431427E0,3.317251740E0,9.266470125E0
2.872606254E1,5.721102905E0,4.178410950E0,1.081950073E0,7.166641646E0
2.873600154E1,4.721781006E0,2.735860748E0,-1.043480072E0,5.555987812E0
2.874594154E1,2.993325348E0,1.520837402E0,-2.772534485E0,4.354295639E0
2.875588054E1,1.145418091E0,5.014572144E-1,-4.570296021E0,4.738253650E0
2.876582054E1,-1.047821045E-2,-2.978805542E-1,-6.261329498E0,6.268420032E0
2.877575954E1,-3.745211792E-1,-5.544470215E-1,-6.501879272E0,6.536215395E0
2.878569854E1,2.469863892E-2,-6.719526672E-1,-5.341941376E0,5.384093988E0
2.879563854E1,1.474433899E-1,-8.922944641E-1,-4.425097961E0,4.516571812E0
2.880557754E1,-2.161505127E-1,-1.196911011E0,-3.765419769E0,3.956981558E0
2.881551754E1,-4.962181091E-1,-1.391805725E0,-3.032992859E0,3.373781450E0
2.882545654E1,-8.837622070E-1,-1.566193085E0,-2.362387390E0,2.968984776E0
2.883539654E1,-1.249900818E0,-1.789977722E0,-1.983674927E0,2.949786181E0
2.884533554E1,-1.675316162E0,-2.137255554E0,-1.789678345E0,3.252305970E0
2.885527554E1,-2.076182556E0,-2.476599884E0,-1.513053589E0,3.568390695E0
2.886521454E1,-2.632575531E0,-2.893333282E0,-1.821861420E0,4.315206883E0
2.887515454E1,-2.808759155E0,-3.134930878E0,-1.668280792E0,4.527701448E0
2.888509354E1,-2.479893036E0,-2.732118530E0,-9.065148926E-1,3.799488174E0
2.889503354E1,-2.200573883E0,-1.825004883E0,-1.200503540E-1,2.861394822E0
2.890497254E1,-2.552641754E0,-1.950444031E-1,3.206182709E0,4.102880672E0
2.891491254E1,-2.772534485E0,9.547146606E-1,8.075556793E0,8.591451861E0
2.892485154E1,-1.285826111E0,1.035097504E0,6.020779724E0,6.242961166E0
2.893479154E1,1.130898285E0,-4.174818420E-1,2.502046967E0,2.777311837E0
2.894473054E1,2.336191864E0,-2.571652222E-1,1.923649750E0,3.037162284E0
2.895467054E1,4.465364227E0,7.424560547E-1,1.654060364E0,4.819401868E0
2.896460954E1,9.255103912E0,1.778900757E0,1.630708923E0,9.564551632E0
2.897454954E1,1.944396606E1,5.316045227E0,6.512956238E0,2.118364350E1
2.898448854E1,3.340618149E1,9.573641510E0,7.177574158E0,3.548443524E1
2.899442854E1,4.603482010E1,1.246068787E1,9.674382019E-1,4.770125093E1
2.900436754E1,5.776712265E1,1.744831604E1,-1.798360291E0,6.037150231E1
2.901430754E1,5.846631866E1,2.216096603E1,-3.829935608E0,6.264253539E1
2.902424654E1,4.370850769E1,1.915776123E1,-4.640050964E0,4.794771666E1
2.903418654E1,2.755529846E1,1.320344330E1,-3.460503845E0,3.075061748E1
2.904412554E1,1.710717545E1,1.091051147E1,-2.016307068E-1,2.029126332E1
2.905406554E1,9.862091675E0,8.818012848E0,3.321443024E0,1.364002150E1
2.906400454E1,7.344477081E0,7.316185913E0,1.748963013E0,1.051317229E1
2.907394454E1,5.378315735E0,6.596931610E0,1.009351044E0,8.571147901E0
2.908388354E1,2.763403473E0,6.479725342E0,1.976938934E0,7.316524230E0
2.909382354E1,6.798861694E-1,5.226531372E0,1.196911011E0,5.404763765E0
2.910376254E1,-8.054750061E-1,3.947590942E0,6.436614990E-3,4.028933564E0
2.911370154E1,-1.642234955E0,2.367776184E0,-1.313368835E0,3.166739238E0
2.912364154E1,-1.580413513E0,1.395248566E0,-2.396067352E0,3.191483071E0
2.913358054E1,-5.553451538E-1,1.037193146E0,-2.566263428E0,2.823098624E0
2.914352054E1,4.252656555E-1,6.459068298E-1,-2.499651947E0,2.616544738E0
2.915345954E1,9.613009644E-1,2.610571289E-1,-2.393522644E0,2.592527920E0
2.916339954E1,1.253343658E0,-1.652563477E-1,-2.260149994E0,2.589682989E0
2.917333854E1,1.466500397E0,-5.894741821E-1,-1.830693054E0,2.418582288E0
2.918327854E1,1.395697632E0,-1.012793884E0,-1.124311981E0,2.058591937E0
2.919321754E1,1.041833496E0,-1.612297211E0,-4.614903259E-1,1.974308145E0
2.920315754E1,8.352630615E-1,-2.444566498E0,3.103047180E-1,2.601895225E0
2.921309654E1,7.153623962E-1,-2.974314880E0,9.458830261E-1,3.202028586E0
2.922303654E1,3.489244080E-1,-2.678679657E0,1.094523926E0,2.914627862E0
2.923297554E1,-1.540296936E-1,-1.946552124E0,8.749305725E-1,2.139694797E0
2.924291554E1,-4.578977966E-1,-1.612596588E0,7.375163269E-1,1.831411609E0
2.925285454E1,-5.577401733E-1,-1.589245148E0,6.893165588E-1,1.819871303E0
2.926279454E1,-1.068627777E0,-1.425186310E0,1.057401123E0,2.071525640E0
2.927273354E1,-1.975591736E0,-1.558259583E-1,1.976789246E0,2.799096311E0
2.928267354E1,-2.277513885E0,1.775457916E0,3.146157532E0,4.270553539E0
2.929261254E1,-1.401535492E0,3.277733917E0,4.146227875E0,5.468002099E0
2.930255254E1,8.717871094E-1,3.090623016E0,4.265380096E0,5.339047739E0
2.931249154E1,3.301983490E0,9.346563721E-1,2.321672058E0,4.143288386E0
2.932243154E1,5.612129517E0,3.779640198E-1,9.605525208E-1,5.706269855E0
2.933237054E1,1.025188110E1,1.849104767E0,1.013093262E0,1.046645177E1
2.934231054E1,1.868489456E1,3.554208984E0,4.701722717E-1,1.902573910E1
2.935224954E1,3.092658783E1,6.021677856E0,-1.939516754E0,3.156701070E1
2.936218954E1,4.363066956E1,1.043734543E1,-3.733087006E0,4.501676848E1
2.937212854E1,5.096631500E1,1.595412323E1,-3.484304352E0,5.351859200E1
2.938206854E1,4.897156311E1,1.975277390E1,-3.446582794E0,5.291753020E1
2.939200754E1,3.808380432E1,1.899968994E1,-3.040626984E0,4.266860417E1
2.940194754E1,2.453098755E1,1.824720474E1,-1.359622650E0,3.060356850E1
2.941188654E1,1.501542526E1,1.825543762E1,1.587448883E0,2.369058869E1
2.942182642E1,7.669600983E0,1.464105377E1,4.573589172E0,1.714937179E1
2.943176542E1,3.094065857E0,1.221310272E1,7.679181061E0,1.475476002E1
2.944170542E1,4.114044800E0,9.926457825E0,4.888234863E0,1.180486212E1
2.945164442E1,6.638096008E0,7.764803009E0,-6.638694763E-1,1.023705070E1
2.946158442E1,5.928571472E0,6.682852936E0,-2.377206573E0,9.244435848E0
2.947152342E1,3.475472717E0,5.677244110E0,-1.945653992E0,6.935097746E0
2.948146242E1,1.441053314E0,4.443509674E0,-1.545985107E0,4.920516521E0
2.949140242E1,1.052311707E-1,3.065175934E0,-1.409169617E0,3.375223861E0
2.950134142E1,-3.680845642E-1,1.394799500E0,-1.526974640E0,2.100619775E0
2.951128142E1,-8.247848511E-2,3.649411011E-1,-1.264570312E0,1.318758046E0
2.952122042E1,1.459465027E-1,-1.372645569E-1,-9.907896423E-1,1.010844229E0
2.953116042E1,3.062631226E-1,-1.384620667E-1,-7.539820862E-1,8.255045914E-1
2.954109942E1,3.498225403E-1,8.577163696E-2,-6.101312256E-1,7.085144288E-1
2.955103942E1,2.896476746E-1,1.200503540E-1,-4.881349182E-1,5.801582209E-1
2.956097842E1,1.827699280E-1,-8.996292114E-2,-3.740721130E-1,4.259437985E-1
2.957091842E1,-1.016386414E-1,-4.656816101E-1,-2.785707092E-1,5.520791750E-1
2.958085742E1,-3.903881836E-1,-8.274792480E-1,-2.212399292E-1,9.413139466E-1
2.959079742E1,-5.734574890E-1,-1.159039764E0,-1.498384094E-1,1.301798070E0
2.960073642E1,-6.309379578E-1,-1.670675812E0,8.068222046E-2,1.787666075E0
2.961067642E1,-2.595602417E-1,-2.981949005E0,1.086740112E0,3.184398760E0
2.962061542E1,-4.152365112E-1,-4.647984467E0,2.442321167E0,5.266983353E0
2.963055542E1,-8.487350464E-1,-4.931494904E0,2.968027954E0,5.818005079E0
2.964049442E1,-6.968009949E-1,-3.610941010E0,2.771786041E0,4.605130233E0
2.965043442E1,-5.224136353E-2,-2.164199524E0,2.427501984E0,3.252576612E0
2.966037342E1,1.187929688E0,-1.203347626E0,1.537752228E0,2.285586219E0
2.967031342E1,2.373464355E0,-2.709365845E-1,9.949809265E-1,2.587803455E0
2.968025242E1,4.962330780E0,7.548802185E-1,1.261277161E0,5.175460462E0
2.969019242E1,9.408684540E0,1.989363098E0,1.837129669E0,9.790605483E0
2.970013142E1,1.681288742E1,3.579057312E0,2.264490967E0,1.733813006E1
2.971007142E1,2.746967651E1,6.532415771E0,1.746867371E0,2.828970005E1
2.972001042E1,4.005280975E1,1.108864105E1,-1.467697906E0,4.158532995E1
2.972995042E1,4.969171555E1,1.522498947E1,-6.198011169E0,5.234006344E1
2.973988942E1,5.135086533E1,2.066886887E1,-8.302634583E0,5.597362996E1
2.974982942E1,4.206672180E1,2.502855286E1,-6.223158875E0,4.934334046E1
2.975976842E1,2.704545868E1,2.191173431E1,-1.855391693E0,3.485718598E1
2.976970842E1,1.456291626E1,1.641815826E1,2.388283539E0,2.207574119E1
2.977964742E1,7.586374054E0,1.458896210E1,8.013885040E0,1.829243668E1
2.978958742E1,6.839127960E0,1.210757217E1,6.715485077E0,1.544230278E1
2.979952642E1,6.262976074E0,1.027119095E1,2.731819153E0,1.233633125E1
2.980946642E1,4.078568573E0,8.706045685E0,2.676434326E-1,9.617774487E0
2.981940542E1,1.757944336E0,6.507268066E0,-2.012864227E0,7.034666188E0
2.982934442E1,7.523355103E-1,4.990023193E0,-3.064128113E0,5.903831068E0
2.983928442E1,7.219487000E-1,3.841162262E0,-2.577939148E0,4.682040976E0
2.984922342E1,5.957611084E-1,2.000739441E0,-1.653012543E0,2.662769249E0
2.985916342E1,1.175954590E0,7.979905701E-1,-1.135987701E0,1.819375224E0
2.986910242E1,1.931732941E0,2.724334717E-2,-8.190966797E-1,2.098393129E0
2.987904242E1,2.320175171E0,-4.541555786E-1,-1.272354126E-1,2.367627286E0
2.988898142E1,2.408042450E0,-8.050259399E-1,4.330494690E-1,2.575707097E0
2.989892142E1,2.139800262E0,-1.160386963E0,8.057743835E-1,2.564081790E0
2.990886042E1,1.544637909E0,-1.488205261E0,8.928932190E-1,2.323342306E0
2.991880042E1,7.506889343E-1,-1.845811615E0,9.033714294E-1,2.187837822E0
2.992873942E1,1.568737793E-1,-2.386038208E0,1.058299255E0,2.614915874E0
2.993867942E1,-3.692820740E-1,-3.383414154E0,1.429527283E0,3.691532045E0
2.994861842E1,-7.839198303E-1,-4.381688232E0,1.784588928E0,4.795673019E0
2.995855842E1,-8.553213501E-1,-5.311704254E0,2.087558899E0,5.770933967E0
2.996849742E1,-9.147477722E-1,-6.000571747E0,2.250420227E0,6.473640087E0
2.997843742E1,-1.368304596E0,-4.576433258E0,1.885179749E0,5.135163242E0
2.998837642E1,-1.565294952E0,-1.714384918E0,1.680405579E0,2.865837896E0
2.999831642E1,-1.614991608E0,7.692503357E-1,2.332599335E0,2.939551603E0
3.000825542E1,-1.369352417E0,2.023043060E0,2.838696899E0,3.745134090E0
3.001819542E1,-1.046324158E-1,1.607207794E0,1.926793213E0,2.511293874E0
3.002813442E1,1.401086426E0,7.902067566E-1,1.197060699E0,2.005099551E0
3.003807442E1,2.892734528E0,1.206491089E0,1.216220856E0,3.361952850E0
3.004801342E1,5.316793671E0,2.128274231E0,1.030756531E0,5.818960832E0
3.005795342E1,9.683812408E0,3.541186066E0,5.581892395E-1,1.032607364E1
3.006789242E1,1.777463745E1,5.914351044E0,1.570234680E-1,1.873344446E1
3.007783242E1,3.142774567E1,9.858199768E0,-2.164498901E-1,3.293833862E1
3.008777142E1,4.540942062E1,1.368783600E1,-5.108876038E0,4.770191768E1
3.009771142E1,5.505625992E1,1.838087677E1,-9.017847290E0,5.873984982E1
3.010765042E1,5.463398804E1,2.284429504E1,-9.081015930E0,5.990992668E1
3.011759042E1,3.983770706E1,2.375365402E1,-4.420607300E0,4.659206748E1
3.012752942E1,2.530368073E1,1.864971771E1,1.049916687E0,3.145139987E1
3.013746942E1,1.559262497E1,1.464464630E1,8.168363800E0,2.289798650E1
3.014740842E1,1.038794815E1,1.161000687E1,1.288745041E1,2.021850895E1
3.015734842E1,9.923014984E0,9.537716217E0,8.426726532E0,1.613827677E1
3.016728742E1,9.107211456E0,7.476652222E0,5.173990631E0,1.286902514E1
3.017722742E1,6.802005157E0,5.536087646E0,3.864364014E0,9.583780560E0
3.018716642E1,4.829257507E0,3.371588745E0,2.192640381E0,6.284664715E0
3.019710642E1,3.738326111E0,1.636097717E0,4.517605591E-1,4.105604152E0
3.020704542E1,2.910697174E0,8.026309204E-1,-1.213526459E0,3.254077580E0
3.021698542E1,1.844763794E0,3.855981445E-1,-2.111209717E0,2.830025769E0
3.022692442E1,8.925938416E-1,-2.647993469E-1,-2.087409210E0,2.285633319E0
3.023686442E1,8.921447754E-2,-1.326990509E0,-1.866318970E0,2.291726321E0
3.024680342E1,-3.715274048E-1,-1.948198700E0,-1.487307129E0,2.479030714E0
3.025674342E1,-3.059637451E-1,-2.043101349E0,-9.901908875E-1,2.290928835E0
3.026668242E1,-2.996768188E-1,-2.321073303E0,-6.575825500E-1,2.430967356E0
3.027662142E1,-2.423460388E-1,-2.797532501E0,-2.067201233E-1,2.815608799E0
3.028656142E1,-2.546205139E-1,-3.215613098E0,4.881349182E-1,3.262403240E0
3.029650042E1,-4.860392761E-1,-2.949316864E0,7.864645386E-1,3.090830085E0
3.030644042E1,-6.497987366E-1,-2.585124207E0,7.659571838E-1,2.773408727E0
3.031637942E1,-7.527845764E-1,-2.707569580E0,7.192543030E-1,2.900852358E0
3.032631942E1,-8.325686646E-1,-3.068918152E0,6.152206421E-1,3.238815469E0
3.033625842E1,-8.509803772E-1,-2.705024872E0,4.668791199E-1,2.873900359E0
3.034619842E1,-8.578660583E-1,-1.737736359E0,5.011578369E-1,2.001704525E0
3.035613742E1,-9.436376953E-1,-7.788304138E-1,6.866221619E-1,1.403024913E0
3.036607742E1,-9.618997192E-1,-1.466949463E-2,9.437873840E-1,1.347664977E0
3.037601642E1,-5.972579956E-1,6.265969849E-1,1.407373352E0,1.652283464E0
3.038595642E1,4.625381470E-1,1.324595490E0,2.353256378E0,2.739764649E0
3.039589542E1,2.308499451E0,1.833686829E0,3.283571777E0,4.412869896E0
3.040583542E1,4.265978851E0,1.477876740E0,2.792143707E0,5.308367141E0
3.041577442E1,5.874982910E0,9.765692139E-1,1.461261292E0,6.132242346E0
3.042571450E1,8.823251953E0,1.829794922E0,6.942562866E-1,9.037694190E0
3.043565350E1,1.416294800E1,3.254681854E0,-4.162843323E-1,1.453806530E1
3.044559350E1,2.296344727E1,6.175707550E0,-5.553451538E-1,2.378587149E1
3.045553250E1,3.424668365E1,1.101334763E1,-7.363188171E-1,3.598154156E1
3.046547250E1,4.440620682E1,1.475990662E1,-4.183500366E0,4.698156790E1
3.047541150E1,5.283577744E1,2.030512527E1,-7.553442535E0,5.710492084E1
3.048535150E1,5.231785446E1,2.609837814E1,-8.712781677E0,5.911172305E1
3.049529050E1,3.731919434E1,2.485281830E1,-3.781436462E0,4.499648992E1
3.050523050E1,2.128034729E1,1.890927795E1,3.909270630E0,2.873493293E1
3.051516950E1,1.100721039E1,1.477786926E1,9.075178070E0,2.054027647E1
3.052510950E1,6.014043732E0,1.132559830E1,1.017404297E1,1.636914931E1
3.053504850E1,4.767286377E0,8.435707855E0,7.588619385E0,1.230753146E1
3.054498850E1,5.011877747E0,6.220763855E0,3.628454590E0,8.773967415E0
3.055492750E1,4.755610657E0,5.186115417E0,8.331674194E-1,7.085604688E0
3.056486750E1,3.506308594E0,4.373904419E0,-1.969903564E-1,5.609282042E0
3.057480650E1,2.089205475E0,3.654201050E0,1.071771240E-1,4.210635554E0
3.058474650E1,7.505392456E-1,3.195704498E0,1.733395386E-1,3.287230292E0
3.059468550E1,-4.757107544E-1,2.679577789E0,3.192860413E-1,2.740142592E0
3.060462550E1,-1.331032104E0,1.850901031E0,1.135838013E0,2.547078539E0
3.061456450E1,-1.558109894E0,9.744735718E-1,1.490899658E0,2.366450290E0
3.062450450E1,-1.125060425E0,3.300636292E-1,1.152752838E0,1.644245135E0
3.063444350E1,-6.062393188E-1,4.685256958E-2,5.204676819E-1,8.003798366E-1
3.064438350E1,-2.636018372E-1,4.071533203E-2,-1.386117554E-1,3.005942207E-1
3.065432250E1,-1.517843628E-1,9.984237671E-2,-5.400769043E-1,5.698158084E-1
3.066426250E1,-2.392025757E-1,-6.466552734E-2,-6.402186584E-1,6.864979485E-1
3.067420150E1,-2.757266235E-1,-3.745211792E-1,-6.194119263E-1,7.745724104E-1
3.068414150E1,-4.540058899E-1,-6.728507996E-1,-6.285429382E-1,1.026603999E0
3.069408050E1,-6.860234070E-1,-8.776249695E-1,-6.694079590E-1,1.299600215E0
3.070402050E1,-8.572673035E-1,-1.076860657E0,-7.650590515E-1,1.574754411E0
3.071395950E1,-1.000070343E0,-1.307381287E0,-8.626560974E-1,1.858376190E0
3.072389950E1,-1.140328674E0,-1.582658844E0,-9.110055542E-1,2.152925828E0
3.073383850E1,-1.283431091E0,-1.794618073E0,-9.455836487E-1,2.400412012E0
3.074377850E1,-1.311722260E0,-1.951192474E0,-9.997709656E-1,2.554859946E0
3.075371750E1,-1.317111053E0,-2.319127350E0,-1.246907043E0,2.944131513E0
3.076365750E1,-1.356479187E0,-3.545377350E0,-1.983375549E0,4.282932980E0
3.077359650E1,-7.587721252E-1,-3.407813416E0,-2.096390533E0,4.072318834E0
3.078353650E1,4.757107544E-1,-2.324366455E0,-9.641450500E-1,2.560967750E0
3.079347550E1,3.023263092E0,-1.105451202E0,1.502725067E0,3.552509636E0
3.080341550E1,5.444927216E0,-1.103056183E0,1.875000916E0,5.863411444E0
3.081335450E1,8.704548798E0,1.257385254E-2,1.671573944E0,8.863604646E0
3.082329450E1,1.497530869E1,1.974244537E0,1.650916901E0,1.519483591E1
3.083323350E1,2.668785233E1,6.455924835E0,1.823058929E0,2.751806627E1
3.084317250E1,4.508968552E1,1.405966278E1,9.487271118E-1,4.724038464E1
3.085311250E1,6.251165634E1,2.247665955E1,1.507365417E-1,6.642988879E1
3.086305150E1,7.061295959E1,3.143058975E1,1.020128632E0,7.729885314E1
3.087299150E1,5.746430237E1,3.398188431E1,3.375780029E0,6.684542167E1
3.088293050E1,2.934991653E1,2.574601089E1,1.109417953E1,4.058762739E1
3.089287050E1,1.172601562E1,1.809527069E1,1.519505173E1,2.637854926E1
3.090280950E1,6.738387451E0,1.132844238E1,1.097936829E1,1.715476611E1
3.091274950E1,8.861871643E0,7.139852600E0,1.359023895E0,1.146111732E1
3.092268850E1,8.052055664E0,5.334906006E0,-2.493065643E0,9.975580124E0
3.093262850E1,4.905598755E0,3.629203033E0,-3.247646484E0,6.912540885E0
3.094256750E1,1.055155792E0,2.175725555E0,-2.111060028E0,3.209939233E0
3.095250750E1,-2.183359680E0,1.129700775E0,-3.291654968E-1,2.480248628E0
3.096244650E1,-3.060834961E0,4.023632813E-1,-1.227447510E-2,3.087192500E0
3.097238650E1,-2.871628418E0,-1.267863464E-1,-1.523831177E-1,2.878462291E0
3.098232550E1,-2.690205688E0,-4.562512207E-1,-5.297483826E-1,2.779569242E0
3.099226550E1,-2.482288055E0,-5.671705627E-1,-9.382489014E-1,2.713622567E0
3.100220450E1,-2.216141510E0,-6.788383484E-1,-1.054706726E0,2.546470297E0
3.101214450E1,-1.951042786E0,-7.973918152E-1,-6.764433289E-1,2.213589220E0
3.102208350E1,-1.897603912E0,-9.791139221E-1,-1.700463867E-1,2.142073868E0
3.103202350E1,-2.141446838E0,-1.277443542E0,9.654922485E-2,2.495391416E0
3.104196250E1,-2.346969452E0,-1.477876740E0,-1.179547119E-1,2.776022078E0
3.105190250E1,-2.466421051E0,-1.656156006E0,-2.017803955E-1,2.977717388E0
3.106184150E1,-2.525398407E0,-2.027533722E0,-4.607418823E-1,3.271209744E0
3.107178150E1,-2.661465454E0,-2.782413940E0,-7.291337585E-1,3.918783196E0
3.108172050E1,-2.487377472E0,-3.258723450E0,-7.671546936E-1,4.170713552E0
3.109166050E1,-1.980381775E0,-3.328478394E0,-5.517526245E-1,3.912174760E0
3.110159950E1,-1.372196503E0,-3.095562744E0,-3.638932800E-1,3.405561666E0
3.111153950E1,-9.400451660E-1,-2.528541870E0,-3.620970154E-1,2.721823498E0
3.112147850E1,-8.381071472E-1,-2.164947968E0,-7.026388550E-1,2.425515338E0
3.113141850E1,-4.763095093E-1,-1.359323273E0,-1.177601166E0,1.860477093E0
3.114135750E1,5.084925842E-1,1.193318481E0,-1.213825836E0,1.776498485E0
3.115129750E1,1.909129944E0,3.279679871E0,2.052531738E0,4.314390308E0
3.116123650E1,3.109334106E0,8.164022827E-1,2.762804718E0,4.238816012E0
3.117117650E1,3.333118744E0,-8.042774963E-1,2.646496582E-1,3.438979833E0
3.118111550E1,4.396058350E0,6.084846497E-1,4.619393921E-1,4.461946950E0
3.119105550E1,8.144712982E0,2.908601532E0,3.583547974E-1,8.655907266E0
3.120099450E1,1.956386673E1,8.469986572E0,2.840343475E0,2.150704780E1
3.121093450E1,4.057103210E1,1.670765625E1,3.925886078E0,4.405186721E1
3.122087350E1,6.490353241E1,2.462274673E1,1.267863464E-1,6.941731953E1
3.123081350E1,7.940223221E1,3.403292816E1,-2.490371246E0,8.642428263E1
3.124075250E1,6.526039032E1,3.248634430E1,-5.192701721E-1,7.290096537E1
3.125069250E1,3.300935669E1,1.916853882E1,6.282285919E0,3.868485008E1
3.126063150E1,1.486753281E1,1.170730453E1,1.170700516E1,2.225215677E1
3.127057150E1,9.217831421E0,8.616681519E0,9.033265228E0,1.551823112E1
3.128051050E1,8.555159454E0,5.813311157E0,2.977009277E0,1.076326735E1
3.129045050E1,6.160439301E0,3.536096649E0,7.427554321E-1,7.141895933E0
3.130038950E1,2.992876282E0,1.705702972E0,2.312690735E-1,3.452566647E0
3.131032950E1,7.967930603E-1,1.558259583E-1,1.175056458E-1,8.203465652E-1
3.132026850E1,-4.436773682E-1,-6.159690857E-1,-1.531315613E-1,7.744138407E-1
3.133020850E1,-9.982740784E-1,-9.231303406E-1,-4.065545654E-1,1.419157277E0
3.134014750E1,-1.188528442E0,-1.250050507E0,-7.050338745E-1,1.863410554E0
3.135008750E1,-1.623374176E0,-1.767374725E0,-9.434880066E-1,2.578590071E0
3.136002650E1,-1.930535431E0,-2.148332520E0,-6.611750793E-1,2.963014031E0
3.136996650E1,-2.192191315E0,-2.594105530E0,-3.556604004E-1,3.414905647E0
3.137990550E1,-2.309996338E0,-3.232677612E0,-2.835104370E-1,3.983298356E0
3.138984550E1,-2.271676025E0,-3.593577118E0,-3.297642517E-1,4.264159112E0
3.139978450E1,-2.155966644E0,-3.585643616E0,-1.968406677E-1,4.188529403E0
3.140972450E1,-2.027384033E0,-3.828738098E0,-6.930587769E-2,4.332934888E0
3.141966350E1,-1.822460175E0,-4.237987061E0,3.158432007E-2,4.613338594E0
3.142960304E1,-1.677262115E0,-4.151616669E0,2.233355713E-1,4.483191714E0
3.143954204E1,-1.439406738E0,-3.388653259E0,1.496887207E-1,3.684734642E0
3.144948204E1,-7.294331360E-1,-2.446662140E0,-2.053729248E-1,2.561329023E0
3.145942104E1,-5.209167480E-2,-1.719773712E0,-4.849914551E-1,1.787610661E0
3.146936104E1,3.013233948E-1,-1.191522217E0,-7.123686218E-1,1.420559761E0
3.147930004E1,3.278182983E-1,-7.071295166E-1,-9.535171509E-1,1.231540477E0
3.148924004E1,4.007167053E-1,-5.478607178E-2,-1.008752289E0,1.086810274E0
3.149917904E1,8.113128662E-1,1.052311707E0,-8.563691711E-1,1.580808860E0
3.150911804E1,1.412163391E0,2.406096497E0,-3.126997375E-1,2.807362983E0
3.151905804E1,2.678979034E0,3.461401978E0,1.851050720E0,4.752327965E0
3.152899804E1,4.713847504E0,3.352428589E0,3.619323578E0,6.823389106E0
3.153893704E1,7.119195557E0,2.733615417E0,1.671124878E0,7.806936466E0
3.154887704E1,1.225561432E1,5.039719849E0,9.523196411E-1,1.328554746E1
3.155881604E1,2.337149872E1,9.569899292E0,1.948647766E0,2.532996551E1
3.156875504E1,3.969220963E1,1.552661224E1,1.071920929E0,4.263444860E1
3.157869504E1,5.756743790E1,2.117451736E1,-2.821632385E0,6.140302681E1
3.158863404E1,6.697911621E1,2.789658875E1,-6.168672180E0,7.281808971E1
3.159857404E1,5.060197266E1,3.027364563E1,-2.993025970E0,5.904245473E1
3.160851304E1,2.462559082E1,2.422951447E1,5.069358215E0,3.491686537E1
3.161845304E1,1.172526718E1,1.721959167E1,8.215515747E0,2.239399310E1
3.162839204E1,8.040230255E0,1.211326035E1,5.308710480E0,1.547768670E1
3.163833204E1,7.435936890E0,9.062005463E0,1.401236115E0,1.180578515E1
3.164827104E1,5.912554779E0,7.467221832E0,-5.725593567E-1,9.541778143E0
3.165821104E1,3.686084747E0,5.750741272E0,-1.485810242E0,6.990413294E0
3.166815004E1,2.365231476E0,4.319717102E0,-1.247505798E0,5.080408103E0
3.167809004E1,1.768272858E0,3.441493378E0,-9.357041931E-1,3.980729569E0
3.168802904E1,1.555565186E0,2.447709961E0,-1.160087585E0,3.123598935E0
3.169796904E1,1.402433624E0,1.565594330E0,-1.310674438E0,2.477049285E0
3.170790804E1,9.987231445E-1,9.214837646E-1,-1.417552185E0,1.963678804E0
3.171784804E1,4.950205994E-1,4.912783813E-1,-1.419049072E0,1.581170488E0
3.172778704E1,7.514373779E-2,1.910028076E-1,-1.121018829E0,1.139654276E0
3.173772704E1,-2.749781799E-1,-1.975891113E-1,-9.472302246E-1,1.005932182E0
3.174766604E1,-7.033872986E-1,-6.038442993E-1,-8.607101440E-1,1.264991534E0
3.175760604E1,-1.042132874E0,-8.686436462E-1,-7.171586609E-1,1.534568101E0
3.176754504E1,-1.244811401E0,-1.187181244E0,-4.568499756E-1,1.779793986E0
3.177748504E1,-1.369352417E0,-1.728605347E0,-1.249900818E-1,2.208806240E0
3.178742404E1,-1.379082184E0,-2.736908569E0,3.532653809E-1,3.085017442E0
3.179736404E1,-1.457219696E0,-3.567830658E0,6.557862854E-1,3.909342720E0
3.180730304E1,-1.822759552E0,-4.002826080E0,5.628295898E-1,4.434168035E0
3.181724304E1,-2.004331970E0,-4.159849548E0,3.760180664E-1,4.632826837E0
3.182718204E1,-2.011517029E0,-4.126618652E0,3.562591553E-1,4.604574122E0
3.183712204E1,-1.986369324E0,-3.877237244E0,4.571493530E-1,4.380367252E0
3.184706104E1,-2.022144928E0,-3.534599762E0,4.490661621E-1,4.096843420E0
3.185700104E1,-2.133363647E0,-2.972518616E0,2.909948730E-1,3.670393084E0
3.186694004E1,-1.813778229E0,-1.374292145E0,-9.280700684E-2,2.277516960E0
3.187688004E1,-7.319778442E-1,7.271878052E-1,2.375559998E-1,1.058785399E0
3.188681904E1,1.112037506E0,1.039887543E0,1.607507172E0,2.214062516E0
3.189675904E1,2.286794586E0,-8.361611938E-1,9.038204956E-1,2.597207444E0
3.190669804E1,3.430117035E0,-5.748046875E-2,4.328997803E-1,3.457804086E0
3.191663804E1,5.769602051E0,1.189127197E0,7.075785828E-1,5.933211505E0
3.192657704E1,1.006357269E1,2.713108063E0,4.848417664E-1,1.043415173E1
3.193651704E1,2.015798126E1,6.232140198E0,-7.086264038E-1,2.111127498E1
3.194645604E1,3.788651459E1,1.293624893E1,-9.901908875E-1,4.004641060E1
3.195639604E1,5.702825912E1,2.072485245E1,2.434537354E0,6.072617903E1
3.196633504E1,7.211673248E1,2.933539673E1,6.317911835E0,7.811084826E1
3.197627504E1,6.503136658E1,3.300007599E1,6.063441010E0,7.317683357E1
3.198621404E1,3.931499405E1,2.503199570E1,3.044818268E0,4.670696398E1
3.199615404E1,1.938738373E1,1.930176178E1,9.260941772E0,2.888241157E1
3.200609304E1,8.988657990E0,1.486319183E1,1.025113266E1,2.016918850E1
3.201603304E1,2.258653107E0,9.837542725E0,1.456710754E1,1.772228492E1
3.202597204E1,6.871011658E0,6.293063507E0,3.547922058E0,9.970015067E0
3.203591204E1,9.541009369E0,4.535268860E0,-3.463048553E0,1.111720418E1
3.204585104E1,7.253915405E0,3.251688080E0,-4.512516174E0,9.140873388E0
3.205579104E1,4.468058624E0,2.632126465E0,-4.222419434E0,6.687336052E0
3.206573004E1,1.922152863E0,2.225272522E0,-3.427871704E0,4.516283189E0
3.207567004E1,2.350112915E-2,1.631008301E0,-2.592758331E0,3.063190517E0
3.208560904E1,-1.340911560E0,9.842033386E-1,-1.144969025E0,2.019320205E0
3.209554904E1,-3.727698212E0,-5.914201355E-1,2.757565613E0,4.674364111E0
3.210548804E1,-4.427642670E0,-1.583856354E0,3.776197357E0,6.030944125E0
3.211542804E1,-3.793112183E0,-1.567091217E0,2.235002289E0,4.673190574E0
3.212536704E1,-3.399430847E0,-1.712888031E0,4.805007935E-1,3.836795082E0
3.213530704E1,-3.246448975E0,-1.761536865E0,-1.192719727E0,3.881368756E0
3.214524604E1,-3.101999359E0,-1.761387177E0,-1.717229004E0,3.959010010E0
3.215518604E1,-2.923869781E0,-1.852996674E0,-1.836081848E0,3.918393513E0
3.216512504E1,-2.743494873E0,-1.870659943E0,-1.588047638E0,3.680764600E0
3.217506504E1,-2.606679382E0,-1.912123718E0,-1.368753662E0,3.510624033E0
3.218500404E1,-2.346370697E0,-1.973047028E0,-9.666897583E-1,3.214476491E0
3.219494404E1,-2.106269989E0,-3.143014069E0,1.948947144E-1,3.788521433E0
3.220488304E1,-1.956880646E0,-5.503605194E0,1.597627716E0,6.055697013E0
3.221482304E1,-1.500779114E0,-5.887856140E0,2.188898163E0,6.458363805E0
3.222476204E1,-8.174501038E-1,-4.779560852E0,2.297123108E0,5.365556931E0
3.223470204E1,-1.535806274E-1,-3.431913300E0,2.161355438E0,4.058703393E0
3.224464104E1,1.266516266E0,-1.814676361E0,2.920876007E0,3.664509571E0
3.225458104E1,2.978955231E0,4.076023865E-1,4.117936707E0,5.098795612E0
3.226452004E1,3.645668793E0,1.592238922E0,2.123184814E0,4.509328053E0
3.227446004E1,3.181783447E0,1.141675873E0,8.021818542E-1,3.474286320E0
3.228439904E1,3.154689789E0,1.206042023E0,1.080153809E0,3.545890195E0
3.229433904E1,5.922284546E0,2.941982117E0,8.749305725E-1,6.670398528E0
3.230427804E1,1.958153000E1,8.067174225E0,-1.088686066E0,2.120615133E1
3.231421804E1,4.064842117E1,1.915970718E1,-3.493435364E0,4.507319174E1
3.232415704E1,6.211572968E1,2.975317795E1,-3.046165466E0,6.894124016E1
3.233409704E1,7.859226654E1,3.720333527E1,-3.961661682E0,8.704324947E1
3.234403604E1,6.624953339E1,3.721605881E1,1.562750244E-1,7.598723662E1
3.235397604E1,3.307477066E1,2.531640427E1,6.728657684E0,4.219165336E1
3.236391504E1,1.486289246E1,1.556807602E1,9.888736267E0,2.368665591E1
3.237385504E1,8.600515137E0,9.689799957E0,7.605683899E0,1.502356520E1
3.238379404E1,5.978268127E0,5.890101471E0,3.027903442E0,8.921949585E0
3.239373404E1,3.397335205E0,3.551065521E0,1.249900818E-1,4.916052822E0
3.240367304E1,1.073118439E0,1.520687714E0,-1.152453461E0,2.189114726E0
3.241361304E1,-1.664538574E-1,3.728746033E-1,-1.507515106E0,1.561839989E0
3.242355242E1,-5.834866333E-1,-2.194436646E-1,-9.583071899E-1,1.143225631E0
3.243349242E1,-8.595126343E-1,-6.722520447E-1,-3.525169373E-1,1.146713988E0
3.244343142E1,-1.069974976E0,-1.006207581E0,-2.357597351E-1,1.487576148E0
3.245337142E1,-1.536105652E0,-1.487606506E0,-1.414558411E-1,2.143036035E0
3.246331042E1,-1.842518463E0,-2.026485901E0,2.619552612E-2,2.739015443E0
3.247325042E1,-1.882784729E0,-2.424508209E0,1.366658020E-1,3.072750549E0
3.248318942E1,-1.966311035E0,-2.557282104E0,1.287322998E-1,3.228411816E0
3.249312942E1,-2.095941467E0,-2.565065918E0,-5.254074097E-2,3.312898176E0
3.250306842E1,-2.372715912E0,-2.739153900E0,-2.948867798E-1,3.635890964E0
3.251300842E1,-2.689457245E0,-3.025957489E0,-4.863386536E-1,4.077514474E0
3.252294742E1,-2.910846863E0,-3.208727417E0,-6.262976074E-1,4.377351915E0
3.253288742E1,-3.016377411E0,-3.409160614E0,-4.825964355E-1,4.577532971E0
3.254282642E1,-3.066223755E0,-3.594026184E0,-4.421804810E-1,4.744921064E0
3.255276642E1,-2.744093628E0,-3.770808563E0,-5.763015747E-1,4.699060604E0
3.256270542E1,-2.335144043E0,-4.179309082E0,-6.294410706E-1,4.828635228E0
3.257264542E1,-2.040107574E0,-4.622537384E0,-8.568182373E-1,5.124844219E0
3.258258442E1,-1.844464417E0,-4.814438324E0,-1.059496765E0,5.263401823E0
3.259252442E1,-1.370100861E0,-4.573888550E0,-1.492546234E0,5.002532068E0
3.260246342E1,2.062710571E-1,-1.905088348E0,-1.854643250E0,2.666760384E0
3.261240342E1,1.902244263E0,1.286574554E0,-9.273216248E-1,2.476637381E0
3.262234242E1,3.577261047E0,1.965263214E0,2.821183319E0,4.961666194E0
3.263228242E1,5.123994598E0,2.305206299E-1,2.768343201E0,5.828566246E0
3.264222142E1,6.212231598E0,-3.367996216E-1,1.169068909E-1,6.222453104E0
3.265216142E1,1.114881592E1,1.553619232E0,-5.748046875E-2,1.125669281E1
3.266210042E1,2.515638702E1,7.471113739E0,1.313219147E0,2.627519540E1
3.267204042E1,4.490646652E1,1.704295898E1,1.066232758E0,4.804362641E1
3.268197942E1,6.263694580E1,2.838367584E1,9.446855164E-1,6.877435906E1
3.269191942E1,7.563815964E1,4.237193710E1,3.621119843E0,8.677341042E1
3.270185842E1,6.258964417E1,4.342185379E1,1.096604599E1,7.696216673E1
3.271179842E1,3.363011581E1,2.219449631E1,1.110390930E1,4.179565956E1
3.272173742E1,1.906600204E1,1.198557587E1,7.714058533E0,2.380489785E1
3.273167742E1,1.370909180E1,7.996820526E0,1.545985107E0,1.594610944E1
3.274161642E1,1.013123199E1,4.788542175E0,-9.505233765E-2,1.120629434E1
3.275155642E1,5.596861267E0,2.626138916E0,1.857637024E-1,6.185141050E0
3.276149542E1,1.671274567E0,1.011895752E0,1.576222229E-1,1.960085829E0
3.277143542E1,-7.367678833E-1,-6.885681152E-3,-1.167572021E-2,7.368925627E-1
3.278137442E1,-2.218536530E0,-8.566685486E-1,-3.299139404E-1,2.400964086E0
3.279131442E1,-3.119363251E0,-1.488953705E0,-8.906478882E-1,3.569406657E0
3.280125342E1,-3.535048828E0,-1.995949402E0,-1.320703583E0,4.269032933E0
3.281119342E1,-3.578458557E0,-2.382146301E0,-1.590292969E0,4.583559574E0
3.282113242E1,-3.480412445E0,-2.522554321E0,-1.609153748E0,4.589763270E0
3.283107242E1,-3.340902557E0,-2.782264252E0,-1.550326080E0,4.615856932E0
3.284101142E1,-3.385210419E0,-3.050955505E0,-1.630110168E0,4.839962628E0
3.285095142E1,-3.710334320E0,-3.256029053E0,-1.352886658E0,5.118457606E0
3.286089042E1,-4.129163361E0,-3.734434204E0,-1.647773438E0,5.806130052E0
3.287083042E1,-4.079017639E0,-4.200415192E0,-1.773212585E0,6.117692012E0
3.288076942E1,-3.570375366E0,-4.508923645E0,-1.398541718E0,5.918943455E0
3.289070942E1,-2.911445618E0,-4.602179718E0,-9.901908875E-1,5.535074682E0
3.290064842E1,-1.930984497E0,-4.576133881E0,-9.065148926E-1,5.048907968E0
3.291058842E1,-8.740324402E-1,-4.615052948E0,-4.833448792E-1,4.721892490E0
3.292052742E1,1.481918335E-1,-4.834945679E0,1.089733887E-1,4.838443524E0
3.293046742E1,9.636959839E-1,-4.976551208E0,4.423301697E-1,5.088263737E0
3.294040642E1,9.342073059E-1,-4.675377502E0,3.963757324E-1,4.784246210E0
3.295034642E1,1.081800385E0,-3.948638763E0,8.023315430E-2,4.094933151E0
3.296028542E1,2.175126801E0,-1.468895416E0,1.657054138E-1,2.629883767E0
3.297022542E1,3.772604828E0,3.261417847E0,2.911295929E0,5.774516217E0
3.298016442E1,5.513035583E0,3.581302643E0,4.842729492E0,8.165250694E0
3.299010442E1,5.849535828E0,3.742218018E-2,1.653162231E0,6.078767571E0
3.300004342E1,6.315965881E0,-4.397854614E-1,1.472937012E-1,6.332971791E0
3.300998342E1,9.774074707E0,1.345701599E0,-5.040019226E-1,9.879143035E0
3.301992242E1,1.997206787E1,7.642806702E0,3.448379059E0,2.166073192E1
3.302986242E1,3.510709442E1,1.749412079E1,6.348747711E0,3.973485798E1
3.303980142E1,5.246110657E1,2.732672379E1,-1.044827271E0,5.916087558E1
3.304974142E1,6.941320450E1,4.166361008E1,-2.284549255E0,8.098931120E1
3.305968042E1,6.586558182E1,4.376853287E1,3.487597504E0,7.915884457E1
3.306962042E1,3.738700333E1,3.092045059E1,7.204218750E0,4.904857847E1
3.307955942E1,1.935684723E1,1.753992554E1,6.536457367E0,2.692697156E1
3.308949942E1,1.310105621E1,1.043210632E1,3.318598938E0,1.707277409E1
3.309943842E1,8.655301208E0,6.494245148E0,6.243516541E-1,1.083878563E1
3.310937842E1,4.274211731E0,3.866609344E0,-9.946815491E-1,5.848841349E0
3.311931742E1,6.773414612E-1,1.692230988E0,-1.859732666E0,2.604043540E0
3.312925742E1,-1.461710358E0,2.543211365E-1,-1.980082397E0,2.474268116E0
3.313919642E1,-2.144141235E0,-5.370831299E-1,-1.936522980E0,2.938693787E0
3.314913642E1,-2.512375488E0,-1.103205872E0,-1.472038879E0,3.113838829E0
3.315907542E1,-2.693648529E0,-1.504371643E0,-9.379495239E-1,3.224690024E0
3.316901542E1,-2.677781525E0,-1.762584686E0,-3.939807129E-1,3.229928710E0
3.317895442E1,-2.512225800E0,-1.886077881E0,7.140151978E-2,3.142239077E0
3.318889442E1,-2.275268555E0,-1.907034302E0,2.160008240E-1,2.976622781E0
3.319883342E1,-2.144290924E0,-1.867965546E0,2.335144043E-1,2.853385327E0
3.320877342E1,-2.233206024E0,-1.937720490E0,1.800755310E-1,2.962160873E0
3.321871242E1,-2.603086853E0,-2.377805328E0,2.237846375E-1,3.532718345E0
3.322865242E1,-2.857258301E0,-3.047812042E0,2.498304749E-1,4.185152149E0
3.323859142E1,-2.808759155E0,-4.212539978E0,3.272195435E-1,5.073627271E0
3.324853142E1,-2.523901520E0,-5.553301849E0,2.899470520E-1,6.106824838E0
3.325847042E1,-2.047442322E0,-5.800886993E0,2.345622253E-1,6.156080686E0
3.326841042E1,-1.666484528E0,-5.316793671E0,3.737727356E-1,5.584368512E0
3.327834942E1,-1.247056732E0,-4.467609558E0,4.818479919E-1,4.663353208E0
3.328828942E1,-8.530760193E-1,-3.946543121E0,2.773731995E-1,4.047206097E0
3.329822842E1,-4.893324280E-1,-3.816164246E0,2.544708252E-2,3.847493123E0
3.330816842E1,1.005908203E-1,-3.070265350E0,-7.349716187E-1,3.158612213E0
3.331810742E1,7.129673767E-1,-1.645228729E0,-1.415606232E0,2.284522063E0
3.332804742E1,1.717528381E0,1.808239746E0,-1.456471252E0,2.888069118E0
3.333798642E1,2.674488373E0,4.944667511E0,6.101312256E-1,5.654633937E0
3.334792642E1,3.405119019E0,2.182910614E0,3.403622131E0,5.286263131E0
3.335786542E1,4.035458221E0,2.266287231E-1,1.827549591E0,4.435788672E0
3.336780542E1,5.697751465E0,9.684860229E-1,8.279283142E-1,5.838476019E0
3.337774442E1,1.157602753E1,2.891087952E0,8.831634521E-3,1.193159171E1
3.338768442E1,2.442246323E1,8.422834625E0,1.683399353E0,2.588889118E1
3.339762342E1,4.300631790E1,1.744292725E1,2.892734528E0,4.649910756E1
3.340756342E1,6.270999390E1,2.740141846E1,1.448388062E0,6.845055804E1
3.341750242E1,7.549790131E1,3.706622040E1,2.068099365E0,8.413153292E1
3.342744250E1,6.070162033E1,3.658811462E1,4.824018402E0,7.103976349E1
3.343738150E1,2.842798370E1,2.385559204E1,9.746382294E0,3.836966897E1
3.344732150E1,1.289897644E1,1.519729706E1,1.255888367E1,2.355985972E1
3.345726050E1,1.082548828E1,9.844129028E0,5.453010406E0,1.561516556E1
3.346720050E1,1.000055374E1,6.504723358E0,1.172960815E0,1.198742417E1
3.347713950E1,6.090085602E0,4.725822601E0,1.168769531E0,7.796702131E0
3.348707950E1,2.569406891E0,3.048111420E0,-8.846603394E-2,3.987563321E0
3.349701850E1,-1.356179810E-1,1.412462769E0,-1.311572571E0,1.932269629E0
3.350695850E1,-1.725162506E0,4.764591980E-1,-2.074835358E0,2.740098685E0
3.351689750E1,-2.425406342E0,-1.660047913E-1,-2.455793152E0,3.455585843E0
3.352683750E1,-2.624941406E0,-7.219487000E-1,-2.569855957E0,3.743753057E0
3.353677650E1,-2.589016113E0,-1.027912445E0,-2.771336975E0,3.929365987E0
3.354671650E1,-2.455344086E0,-1.174158325E0,-2.649490356E0,3.798310348E0
3.355665550E1,-2.293979645E0,-1.260977783E0,-2.198777618E0,3.418629930E0
3.356659550E1,-2.190694427E0,-1.351988525E0,-1.598825226E0,3.030388944E0
3.357653450E1,-2.155068512E0,-1.605261841E0,-1.242715759E0,2.960663494E0
3.358647450E1,-2.201472015E0,-1.986369324E0,-1.100661163E0,3.162846364E0
3.359641350E1,-2.542911987E0,-3.144960022E0,-1.348246307E0,4.263208067E0
3.360635350E1,-2.527793427E0,-3.690276031E0,-1.544188843E0,4.732060437E0
3.361629250E1,-2.087558899E0,-3.234024811E0,-9.867480469E-1,3.973724996E0
3.362623250E1,-1.906884613E0,-3.240611115E0,-7.357200623E-1,3.831325271E0
3.363617150E1,-1.987866211E0,-3.701053619E0,-5.804928589E-1,4.241035478E0
3.364611150E1,-1.816772003E0,-4.254752197E0,-3.064128113E-1,4.636535946E0
3.365605050E1,-1.696871338E0,-5.406008148E0,-7.053332520E-1,5.709797845E0
3.366599050E1,-1.535506897E0,-6.465055847E0,-1.540147247E0,6.821054323E0
3.367592950E1,-7.432044983E-1,-4.400249634E0,-1.085542603E0,4.592706447E0
3.368586950E1,1.526824951E-1,-1.084494781E0,5.748046875E-1,1.236867537E0
3.369580850E1,1.599873047E0,1.525477753E0,4.142335968E0,4.695276713E0
3.370574850E1,3.577261047E0,6.071374512E-1,3.391347656E0,4.966553273E0
3.371568750E1,4.510869598E0,-7.476951599E-1,6.477030945E-1,4.618063651E0
3.372562750E1,6.978637848E0,4.998106384E-1,-2.348616028E-1,7.000454047E0
3.373556650E1,1.255738678E1,2.777174835E0,-1.220711517E0,1.291862219E1
3.374550650E1,2.329261276E1,6.831793213E0,-1.917063446E0,2.434942176E1
3.375544550E1,3.986450134E1,1.630289795E1,1.775607605E0,4.310586655E1
3.376538550E1,5.941774017E1,2.560470474E1,1.365610199E0,6.471424606E1
3.377532450E1,7.130197678E1,3.171754303E1,-9.877958679E-1,7.804453965E1
3.378526450E1,6.394327927E1,3.010569489E1,6.901697845E0,7.101217685E1
3.379520350E1,3.277599197E1,1.710747482E1,1.516167114E1,3.996007528E1
3.380514350E1,1.540027496E1,1.155731644E1,1.383063904E1,2.370710038E1
3.381508250E1,1.242820541E1,9.863887939E0,6.167624359E0,1.702340052E1
3.382502250E1,1.135149445E1,7.705825653E0,9.749226379E-1,1.375451378E1
3.383496150E1,8.147108002E0,5.787415009E0,6.764433289E-1,1.001634249E1
3.384490150E1,4.159699860E0,4.867428131E0,1.850002899E0,6.664643296E0
3.385484050E1,1.177750854E0,3.900738373E0,1.856289825E0,4.477573991E0
3.386478050E1,-1.317260742E-1,2.654579773E0,1.983375549E-1,2.665236071E0
3.387471950E1,-5.044509888E-1,1.741927643E0,-1.215023346E0,2.182902756E0
3.388465950E1,-6.975494385E-1,1.285526733E0,-2.214644623E0,2.654016768E0
3.389459850E1,-1.165775757E0,8.015830994E-1,-3.112926636E0,3.419339237E0
3.390453850E1,-1.492246857E0,2.583627319E-1,-3.583547974E0,3.890420037E0
3.391447750E1,-1.780547333E0,-2.016307068E-1,-3.205583954E0,3.672434102E0
3.392441750E1,-2.019600220E0,-6.126759338E-1,-2.716401215E0,3.439911686E0
3.393435650E1,-2.285896454E0,-1.085841980E0,-2.663112030E0,3.673763886E0
3.394429650E1,-2.486928406E0,-1.456321564E0,-2.729124756E0,3.969106616E0
3.395423550E1,-2.740052032E0,-1.890269165E0,-2.816542969E0,4.360495035E0
3.396417550E1,-2.970872040E0,-2.307751007E0,-3.021616516E0,4.825138522E0
3.397411450E1,-3.298989716E0,-2.673590240E0,-3.138224030E0,5.280139011E0
3.398405450E1,-3.494333496E0,-2.865042114E0,-3.234623566E0,5.557123582E0
3.399399350E1,-3.680546265E0,-2.915936279E0,-2.683020630E0,5.408114726E0
3.400393350E1,-3.594175873E0,-2.858156433E0,-2.057172089E0,5.031810350E0
3.401387250E1,-3.298091583E0,-2.758314056E0,-1.417552185E0,4.527157908E0
3.402381250E1,-3.075354767E0,-2.903362427E0,-9.707313538E-1,4.339313273E0
3.403375150E1,-3.282224579E0,-4.468058624E0,-1.514999542E0,5.747327176E0
3.404369150E1,-2.697241058E0,-5.069208527E0,-1.114881592E0,5.849354270E0
3.405363050E1,-1.339564362E0,-4.117038574E0,-2.453398132E-1,4.336430666E0
3.406357050E1,1.269510040E0,-2.383643188E0,2.073338470E0,3.404723631E0
3.407350950E1,6.256539459E0,-1.559756470E-1,8.497828674E0,1.055375320E1
3.408344950E1,6.662644958E0,-6.316864014E-1,5.094505920E0,8.410936697E0
3.409338850E1,6.469097443E0,-1.451980591E-1,3.673361206E-1,6.481144962E0
3.410332850E1,1.296468979E1,2.481689301E0,-4.932243347E-1,1.320928588E1
3.411326750E1,2.972219238E1,7.621550903E0,1.844314728E0,3.073919737E1
3.412320750E1,5.541641098E1,1.780726959E1,7.521409149E0,5.869113265E1
3.413314650E1,7.605833588E1,2.726310608E1,3.121159515E0,8.085721394E1
3.414308650E1,7.567168991E1,3.447376144E1,4.986280975E0,8.330370868E1
3.415302550E1,4.863970322E1,2.398941376E1,9.488768005E0,5.505769174E1
3.416296550E1,2.619103546E1,1.148741180E1,6.733298035E0,2.938142731E1
3.417290450E1,1.595502136E1,7.121590576E0,2.876867523E0,1.770751608E1
3.418284450E1,9.538614349E0,4.650379486E0,2.218386841E0,1.084123763E1
3.419278350E1,5.674549713E0,3.573668518E0,3.029849396E0,7.358777649E0
3.420272350E1,3.247047729E0,2.916385345E0,2.740800476E0,5.153698642E0
3.421266250E1,1.930535431E0,2.055824890E0,1.964514771E0,3.436961058E0
3.422260250E1,1.157991943E0,1.332678680E0,1.301094360E0,2.193131173E0
3.423254150E1,6.674620056E-1,8.544232178E-1,3.477268982E-1,1.138621342E0
3.424248150E1,1.658551025E-1,5.453160095E-1,-9.110055542E-1,1.074620205E0
3.425242050E1,-2.374063110E-1,2.267784119E-1,-1.898651733E0,1.926828640E0
3.426236050E1,-5.560935974E-1,-1.919009399E-1,-2.425406342E0,2.495728748E0
3.427229950E1,-8.363108826E-1,-4.995112610E-1,-2.630330200E0,2.804917887E0
3.428223950E1,-1.221759338E0,-7.825726318E-1,-2.767594757E0,3.124851444E0
3.429217850E1,-1.521585846E0,-1.142574005E0,-2.805765381E0,3.390135427E0
3.430211850E1,-1.725611572E0,-1.591939545E0,-2.926713867E0,3.752020905E0
3.431205750E1,-2.065854034E0,-2.078427887E0,-3.165617065E0,4.313785667E0
3.432199750E1,-2.475402374E0,-2.565514984E0,-3.562890930E0,5.040205931E0
3.433193650E1,-2.949316864E0,-3.094814301E0,-4.080065460E0,5.909592175E0
3.434187650E1,-3.210224304E0,-3.507655792E0,-4.197571106E0,6.342617159E0
3.435181550E1,-3.048710175E0,-3.685186615E0,-3.458557892E0,5.902275562E0
3.436175550E1,-2.510579224E0,-3.743415527E0,-2.404000854E0,5.108364509E0
3.437169450E1,-1.837728424E0,-3.622467041E0,-1.776655426E0,4.433510768E0
3.438163450E1,-1.493144989E0,-3.585942993E0,-1.587897949E0,4.196413827E0
3.439157350E1,-1.196012878E0,-3.412902832E0,-1.651815033E0,3.975782369E0
3.440151350E1,-7.023394775E-1,-2.409689026E0,-8.424481201E-1,2.647565066E0
3.441145250E1,-1.898052979E-1,-1.137484589E0,-1.676513672E-1,1.165334382E0
3.442139250E1,3.761677551E-1,4.595443726E-2,3.050656128E-1,4.864966787E-1
3.443133150E1,2.068698120E0,1.946851501E0,3.442840576E0,4.463506908E0
3.444127150E1,4.517755280E0,5.351371765E-1,4.472249908E0,6.379459523E0
3.445121050E1,7.041806488E0,-3.258723450E-1,1.275198212E0,7.163753337E0
3.446115050E1,1.327065353E1,2.082918549E0,1.782792664E0,1.355090936E1
3.447108950E1,2.432950653E1,6.062393188E0,4.465513916E0,2.546798606E1
3.448102950E1,3.872522049E1,1.057745407E1,3.692970428E0,4.031331377E1
3.449096850E1,5.434463974E1,1.767374725E1,6.122268677E-1,5.714959346E1
3.450090850E1,6.505681366E1,2.687705887E1,-8.174501038E-1,7.039484016E1
3.451084750E1,5.929963577E1,3.100667130E1,4.067641296E0,6.704033244E1
3.452078750E1,3.573473923E1,1.984767654E1,7.797734528E0,4.161377795E1
3.453072650E1,2.010499146E1,1.194725555E1,6.263425140E0,2.421111503E1
3.454066650E1,1.367166962E1,8.813222809E0,2.738704834E0,1.649508868E1
3.455060550E1,9.447304230E0,6.743177490E0,2.856509857E0,1.195331119E1
3.456054550E1,5.632337494E0,5.469775543E0,4.538711700E0,9.068714023E0
3.457048450E1,3.414848785E0,3.980223083E0,3.352129211E0,6.224157636E0
3.458042450E1,2.197580109E0,2.503244476E0,1.242715759E0,3.555268443E0
3.459036350E1,1.102008362E0,1.532513123E0,-2.415975952E-1,1.902994561E0
3.460030350E1,3.293151855E-2,7.119195557E-1,-1.449286194E0,1.615036969E0
3.461024250E1,-7.729925537E-1,1.929487610E-1,-1.850901031E0,2.015088420E0
3.462018250E1,-1.153052216E0,-1.058299255E-1,-1.507964172E0,1.901232582E0
3.463012150E1,-1.348845062E0,-7.568261719E-1,-1.112336884E0,1.905114747E0
3.464006150E1,-1.547481995E0,-1.693877563E0,-5.002597046E-1,2.348229438E0
3.465000050E1,-1.665736084E0,-2.539618835E0,-1.169068909E-1,3.039409112E0
3.465994050E1,-1.407672729E0,-2.958447876E0,-1.764830017E-1,3.281021578E0
3.466988050E1,-1.337618408E0,-2.910547485E0,-4.625381470E-1,3.236425684E0
3.467981950E1,-1.688488770E0,-2.649640045E0,-9.651928711E-1,3.286819735E0
3.468975950E1,-2.075883179E0,-2.626288605E0,-1.509610748E0,3.672275510E0
3.469969850E1,-2.257305908E0,-2.880310364E0,-2.126328278E0,4.232362189E0
3.470963850E1,-2.101779327E0,-3.429667969E0,-2.255809021E0,4.611808003E0
3.471957750E1,-1.603615265E0,-3.982468414E0,-2.085912323E0,4.773119191E0
3.472951750E1,-9.379495239E-1,-4.500391388E0,-1.994003448E0,5.010920245E0
3.473945650E1,-4.912783813E-1,-4.834646301E0,-1.975741425E0,5.245828198E0
3.474939650E1,-3.592529297E-1,-4.997208252E0,-2.368973694E0,5.541948154E0
3.475933550E1,-1.981878662E-1,-4.947062531E0,-3.317251740E0,5.959602773E0
3.476927550E1,6.156697083E-1,-2.701282654E0,-1.862277374E0,3.338271137E0
3.477921450E1,1.412313080E0,-5.034031677E-1,-4.460723877E-1,1.564296506E0
3.478915450E1,2.813549194E0,8.280780029E-1,8.825646973E-1,3.062791650E0
3.479909350E1,5.413193207E0,2.621049500E-1,1.457968140E0,5.612221556E0
3.480903350E1,8.784632263E0,1.646575928E-2,2.691403198E-1,8.788769631E0
3.481897250E1,1.399275192E1,2.563119965E0,1.719923401E-1,1.422660436E1
3.482891250E1,2.286046143E1,8.037835236E0,2.867886200E0,2.440148076E1
3.483885150E1,3.602872787E1,1.344309494E1,1.726360016E0,3.849371835E1
3.484879150E1,5.225393738E1,2.165322189E1,-2.543810120E0,5.661984599E1
3.485873050E1,6.719272202E1,3.879781952E1,5.593119049E0,7.779084568E1
3.486867050E1,6.013534790E1,4.032075256E1,1.258373199E1,7.348723335E1
3.487860950E1,3.065804626E1,1.989243347E1,1.148456772E1,3.830822374E1
3.488854950E1,1.779454605E1,1.138592285E1,6.769522705E0,2.218358731E1
3.489848850E1,1.046443909E1,7.940088501E0,6.827751617E0,1.480431298E1
3.490842850E1,5.033283234E0,5.114564209E0,7.133415985E0,1.011821777E1
3.491836750E1,3.634591827E0,3.536695404E0,3.321143646E0,6.062051406E0
3.492830750E1,4.196822662E0,2.036515045E0,-2.561174011E-1,4.671863666E0
3.493824650E1,4.686005402E0,1.700314178E0,-1.840123444E0,5.313734018E0
3.494818650E1,4.765190735E0,1.597328339E0,-2.495909729E0,5.611422809E0
3.495812550E1,4.270619202E0,1.319506073E0,-2.856958923E0,5.304856165E0
3.496806550E1,3.424728241E0,8.854087830E-1,-2.954555969E0,4.608916707E0
3.497800450E1,2.445015564E0,1.598675537E-1,-3.046165466E0,3.909319991E0
3.498794450E1,1.319356384E0,-6.593788147E-1,-2.748733978E0,3.119458314E0
3.499788350E1,3.760180664E-1,-1.506167908E0,-1.920206909E0,2.469235899E0
3.500782350E1,-2.320175171E-1,-2.534080353E0,-1.105301514E0,2.774362413E0