"Time (s)","Acceleration x (m/s^2)","Acceleration y (m/s^2)","Acceleration z (m/s^2)","Absolute acceleration (m/s^2)"
-6.707916618E-4,7.120093689E0,-1.215397568E1,6.436614990E-1,1.410067938E1
9.269208327E-3,6.567143555E0,-1.172556656E1,-1.637594604E-1,1.344035352E1
1.920820834E-2,5.602998505E0,-1.071531738E1,-7.430548096E-1,1.211460892E1
2.914720832E-2,5.202132111E0,-9.044641571E0,-2.943029938E0,1.084108596E1
3.908720834E-2,6.338868256E0,-8.172854462E0,-5.704637146E0,1.181184515E1
4.902620832E-2,7.316185913E0,-8.511749725E0,-4.255051575E0,1.200341300E1
5.896620834E-2,6.450236664E0,-8.308173065E0,3.528163147E-1,1.052405682E1
6.890520832E-2,4.913232880E0,-8.268505554E0,5.264252930E0,1.096450639E1
7.884420833E-2,3.305276642E0,-7.636070709E0,5.155578918E0,9.788484231E0
8.878420832E-2,3.692820740E0,-7.970175934E0,-1.561403046E0,8.921805249E0
9.872320833E-2,3.521127777E0,-9.096284180E0,-3.370091858E0,1.031979873E1
1.086632083E-1,3.643273773E0,-1.022897873E1,-3.519032135E0,1.141442232E1
1.186022083E-1,4.289479980E0,-1.133278336E1,-3.749852142E0,1.268436077E1
1.285412083E-1,5.047952728E0,-1.189845703E1,-3.064726868E0,1.328336016E1
1.384812083E-1,5.251230011E0,-1.156854309E1,-1.756896515E0,1.282549380E1
1.484202083E-1,5.018164673E0,-1.044198578E1,-5.135820007E-1,1.159658614E1
1.583602083E-1,5.013823700E0,-9.417067108E0,1.377136230E-2,1.066863490E1
1.682992083E-1,5.050497437E0,-8.794212341E0,3.098556519E-1,1.014601920E1
1.782382083E-1,4.651127930E0,-8.106841736E0,8.774752808E-1,9.387429724E0
1.881782083E-1,4.412973175E0,-7.562124481E0,1.269959106E0,8.847194756E0
1.981172083E-1,4.132157135E0,-7.453600159E0,1.263372803E0,8.615508618E0
2.080572083E-1,3.996988220E0,-7.571854248E0,1.280437317E0,8.657275051E0
2.179962083E-1,3.757336578E0,-7.405250702E0,1.257684631E0,8.398636006E0
2.279352083E-1,3.479514313E0,-7.115153961E0,1.203497314E0,8.011294623E0
2.378752083E-1,3.280578003E0,-7.160060577E0,1.246158600E0,7.973805287E0
2.478142083E-1,3.080893250E0,-7.401059418E0,1.624571686E0,8.179658726E0
2.577542083E-1,2.815195770E0,-7.544910278E0,1.989063721E0,8.295020965E0
2.676932083E-1,2.800226898E0,-7.426057434E0,2.061213684E0,8.199768384E0
2.776332083E-1,2.838846588E0,-7.302414551E0,1.878743134E0,8.056921495E0
2.875722083E-1,2.740351410E0,-7.185058594E0,1.906884613E0,7.922802646E0
2.975112083E-1,2.743195496E0,-7.069049835E0,2.032623138E0,7.850359477E0
3.074512083E-1,2.693349152E0,-7.073690186E0,2.051184540E0,7.842103067E0
3.173902083E-1,2.736758881E0,-7.032076721E0,2.025438080E0,7.812960489E0
3.273302083E-1,2.641706543E0,-7.101382599E0,2.019001465E0,7.841212610E0
3.372692083E-1,2.585423584E0,-7.002737732E0,2.024390259E0,7.734397635E0
3.472082083E-1,2.586321716E0,-6.920259247E0,1.999841309E0,7.653653593E0
3.571482083E-1,2.618654480E0,-6.873855743E0,2.226170654E0,7.685250799E0
3.670872083E-1,2.651735687E0,-6.935377808E0,2.557581482E0,7.853177098E0
3.770272083E-1,2.615960083E0,-6.953939209E0,2.721939697E0,7.912614827E0
3.869662083E-1,2.549348602E0,-7.090754700E0,2.789748688E0,8.034965977E0
3.969052083E-1,2.621199188E0,-7.380701752E0,2.687660980E0,8.280637963E0
4.068452083E-1,2.809956665E0,-7.879763947E0,2.518512726E0,8.736672288E0
4.167842083E-1,3.122357025E0,-8.482410736E0,2.373314667E0,9.345214165E0
4.267242083E-1,3.576811981E0,-8.868607635E0,2.368524628E0,9.851684843E0
4.366632083E-1,3.910318451E0,-9.266779633E0,2.461481323E0,1.035483875E1
4.466022083E-1,4.323758698E0,-9.627828827E0,2.662662964E0,1.088484043E1
4.565422083E-1,4.616699524E0,-9.948911133E0,3.229085083E0,1.143336073E1
4.664812083E-1,4.923411713E0,-1.001207977E1,3.753893738E0,1.177172215E1
4.764212083E-1,4.883145447E0,-1.015548157E1,3.903432770E0,1.192542254E1
4.863602083E-1,4.455634460E0,-1.031939072E1,4.018393707E0,1.193691716E1
4.962992083E-1,4.119134216E0,-1.083282303E1,4.105662231E0,1.229527486E1
5.062392083E-1,4.252806244E0,-1.160656403E1,3.925586700E0,1.296953817E1
5.161782083E-1,4.853656769E0,-1.211700256E1,3.429518280E0,1.349597461E1
5.261182083E-1,5.457501068E0,-1.235381012E1,2.818788300E0,1.379661226E1
5.360572083E-1,5.636528778E0,-1.232447113E1,1.856589203E0,1.367881460E1
5.459972083E-1,5.355263672E0,-1.195399155E1,8.240364075E-1,1.312462567E1
5.559362083E-1,5.499862976E0,-1.154294632E1,1.158590698E-1,1.278677152E1
5.658752083E-1,6.166426849E0,-1.078342575E1,-2.579136658E-1,1.242471772E1
5.758152083E-1,6.674170990E0,-9.435179443E0,-6.595285034E-1,1.157592966E1
5.857542083E-1,6.207740936E0,-8.259224854E0,-8.276289368E-1,1.036512481E1
5.956942083E-1,6.009553070E0,-7.856113129E0,-6.607260132E-1,9.913112551E0
6.056332083E-1,5.979315948E0,-8.367898865E0,9.934840393E-1,1.033251959E1
6.155722083E-1,5.300477600E0,-9.003926239E0,1.140178986E0,1.051026920E1
6.255122083E-1,5.320236511E0,-8.691675568E0,-1.966909790E-1,1.019258692E1
6.354512083E-1,5.695206757E0,-8.206235046E0,-1.222657471E0,1.006342710E1
6.453912083E-1,6.620732117E0,-8.200846252E0,-1.793121185E0,1.069127011E1
6.553302083E-1,7.283104706E0,-9.001531219E0,-2.177072754E0,1.178180055E1
6.652692083E-1,7.250921631E0,-9.668544159E0,-1.679956512E0,1.220159270E1
6.752092083E-1,7.112010498E0,-9.576784973E0,-1.096769257E0,1.197908204E1
6.851482083E-1,6.716981964E0,-9.363927612E0,2.802172852E-1,1.152733745E1
6.950882083E-1,5.971083069E0,-8.862919464E0,1.295106812E0,1.076487232E1
7.050272083E-1,5.108726349E0,-8.094417572E0,1.886526947E0,9.755904092E0
7.149662083E-1,4.524940338E0,-8.207582245E0,1.508562927E0,9.492905429E0
7.249062083E-1,4.080215149E0,-8.198151855E0,1.486259308E0,9.277220286E0
7.348452083E-1,3.797004089E0,-7.967481537E0,2.096989288E0,9.071679347E0
7.447852083E-1,3.361260223E0,-7.486831055E0,2.056723022E0,8.460544848E0
7.547242083E-1,3.252885590E0,-7.184609528E0,1.801054688E0,8.089726615E0
7.646642083E-1,3.131188660E0,-6.956034851E0,1.540446625E0,7.782270817E0
7.746032083E-1,3.237767029E0,-6.544839935E0,9.922865295E-1,7.369036414E0
7.845422083E-1,3.194806366E0,-6.114634552E0,7.708969116E-1,6.941889186E0
7.944822083E-1,3.264112244E0,-5.865552521E0,1.019230499E0,6.789548286E0
8.044212083E-1,3.377276917E0,-5.723048859E0,1.164727936E0,6.746545692E0
8.143612083E-1,3.543132019E0,-5.635780334E0,1.367705841E0,6.796059428E0
8.243002083E-1,3.688180389E0,-5.738167419E0,1.653012543E0,7.018667280E0
8.342392083E-1,4.007316742E0,-5.866151276E0,1.762434998E0,7.319596668E0
8.441792083E-1,4.370910645E0,-5.899082794E0,1.938917999E0,7.593644756E0
8.541182083E-1,4.573738861E0,-5.951922913E0,2.156116333E0,7.809821456E0
8.640582083E-1,4.702471161E0,-6.253096619E0,2.347119141E0,8.168440524E0
8.739972083E-1,4.838837585E0,-6.616989899E0,2.438429260E0,8.552475768E0
8.839372083E-1,4.950056305E0,-6.931934967E0,2.508782959E0,8.879683088E0
8.938762083E-1,5.035977631E0,-7.209308167E0,2.490371246E0,9.139865638E0
9.038152083E-1,5.034480743E0,-7.450307007E0,2.543361053E0,9.344611083E0
9.137552083E-1,4.888085175E0,-7.670349426E0,2.581681366E0,9.454772111E0
9.236942083E-1,4.693489838E0,-7.846982117E0,2.558479614E0,9.494724490E0
9.336342083E-1,4.562512207E0,-8.160280609E0,2.611619110E0,9.707072248E0
9.435733750E-1,4.580025787E0,-8.550668793E0,2.510429535E0,1.001962222E1
9.535123750E-1,4.742288361E0,-8.922944641E0,2.526296539E0,1.041587318E1
9.634523750E-1,4.742737427E0,-8.939260712E0,2.689756622E0,1.047085150E1
9.733913750E-1,4.790039062E0,-8.904981995E0,2.979553986E0,1.054139082E1
9.833313750E-1,4.993915100E0,-9.051527252E0,3.315006409E0,1.085627013E1
9.932703750E-1,5.112019501E0,-9.161398773E0,3.610342255E0,1.109497824E1
1.003209375E0,5.174888763E0,-9.099128265E0,3.819906464E0,1.114294819E1
1.013149375E0,5.296136627E0,-8.948840790E0,4.000131683E0,1.114144821E1
1.023088375E0,5.420228577E0,-8.901389465E0,4.141737213E0,1.121461544E1
1.033028375E0,5.735173645E0,-8.900191956E0,4.014950867E0,1.132366831E1
1.042967375E0,6.169570312E0,-9.199270020E0,3.641627197E0,1.165982913E1
1.052907375E0,6.638245697E0,-9.751471710E0,3.343297577E0,1.226112332E1
1.062846375E0,6.714886322E0,-1.030876282E1,3.139122162E0,1.269702237E1
1.072785375E0,6.774013367E0,-1.102861588E1,2.527643738E0,1.318736547E1
1.082725375E0,6.831194458E0,-1.140343643E1,1.710493011E0,1.340258805E1
1.092664375E0,6.909331970E0,-1.134715347E1,1.139430542E0,1.333398148E1
1.102604375E0,7.322023773E0,-1.106933121E1,7.632627869E-1,1.329378410E1
1.112543375E0,7.087760925E0,-1.010428802E1,-6.827302551E-1,1.236119379E1
1.122482375E0,6.453829193E0,-9.442514191E0,-2.754122772E0,1.176427549E1
1.132422375E0,5.889951782E0,-9.241931305E0,-2.866089935E0,1.132781081E1
1.142361375E0,5.773344269E0,-8.785680084E0,-1.500030670E0,1.061931121E1
1.152301375E0,5.118456116E0,-8.494535522E0,8.430468750E-1,9.953213289E0
1.162240375E0,3.549119568E0,-8.108188934E0,1.140478363E0,8.924106028E0
1.172180375E0,3.894002380E0,-7.969577179E0,-3.256927185E0,9.449073480E0
1.182119375E0,4.065994720E0,-8.554411011E0,-4.413272552E0,1.044926961E1
1.192058375E0,3.722309418E0,-8.904832306E0,-2.535427551E0,9.978978839E0
1.201998375E0,4.035308533E0,-9.385782166E0,-2.767145691E0,1.058459811E1
1.211937375E0,4.520150299E0,-1.001941452E1,-2.220482483E0,1.121387393E1
1.221877375E0,4.565805359E0,-1.037253021E1,-8.258326721E-1,1.136300846E1
1.231816375E0,4.669539642E0,-1.031025970E1,4.417314148E-1,1.132701118E1
1.241755375E0,4.569397888E0,-9.945917358E0,1.245709534E0,1.101600932E1
1.251695375E0,4.475543060E0,-9.641001434E0,1.624421997E0,1.075258765E1
1.261634375E0,4.592749329E0,-9.777367859E0,1.972747650E0,1.098098365E1
1.271574375E0,4.515659637E0,-1.002255798E1,2.216440887E0,1.121407422E1
1.281513375E0,4.540358276E0,-9.594448242E0,2.022593994E0,1.080551604E1
1.291453375E0,4.699627075E0,-9.083860016E0,1.378483429E0,1.032003992E1
1.301392375E0,4.846172333E0,-8.744216309E0,8.497828674E-1,1.003338607E1
1.311331375E0,4.871918793E0,-8.484955444E0,4.553530884E-1,9.794764318E0
1.321271375E0,4.564308472E0,-8.046367493E0,2.139051819E-1,9.253253324E0
1.331210375E0,4.139192505E0,-7.472011871E0,5.673202515E-2,8.542077881E0
1.341150375E0,3.681893463E0,-7.008425903E0,2.736309814E-1,7.921442232E0
1.351089375E0,3.262166290E0,-6.636898499E0,5.572911072E-1,7.416247297E0
1.361029375E0,2.847678223E0,-6.332431641E0,9.892927551E-1,7.013391612E0
1.370968375E0,2.565664673E0,-5.864055634E0,1.231489105E0,6.518155345E0
1.380907375E0,2.162253571E0,-5.822741547E0,1.791025543E0,6.464319927E0
1.390847375E0,1.835483093E0,-5.724096680E0,2.373913422E0,6.462951796E0
1.400786375E0,1.625170441E0,-5.556445312E0,2.270927582E0,6.218711728E0
1.410726375E0,1.559906158E0,-5.940247192E0,2.390379181E0,6.590429163E0
1.420665375E0,1.946402435E0,-6.544989624E0,2.522404633E0,7.279278587E0
1.430604375E0,2.486479340E0,-6.690636749E0,2.585423584E0,7.591548902E0
1.440544375E0,2.578088837E0,-6.676266632E0,2.426603851E0,7.556949414E0
1.450483375E0,2.739752655E0,-6.764582977E0,2.710713043E0,7.785486027E0
1.460423375E0,3.188669128E0,-6.893165588E0,2.889740753E0,8.126127261E0
1.470362375E0,3.165467377E0,-7.123536530E0,2.490970001E0,8.183513179E0
1.480301375E0,2.845283203E0,-7.445666656E0,2.481539612E0,8.348151131E0
1.490241375E0,2.456691284E0,-7.672145691E0,2.313588867E0,8.381518061E0
1.500180375E0,2.258204041E0,-7.872279510E0,1.936223602E0,8.415535159E0
1.510120375E0,2.439477081E0,-8.123008118E0,1.669328613E0,8.644129067E0
1.520059375E0,2.845283203E0,-8.486152954E0,1.457070007E0,9.068267832E0
1.529999375E0,3.194656677E0,-8.926836548E0,1.444196777E0,9.590617622E0
1.539938375E0,3.579207001E0,-9.576784973E0,1.613494720E0,1.035030910E1
1.549877375E0,4.104165344E0,-9.915979614E0,2.073338470E0,1.093021305E1
1.559817375E0,4.785997467E0,-1.015293686E1,2.616858215E0,1.152544340E1
1.569756375E0,5.267097015E0,-1.081126785E1,3.021466827E0,1.239980183E1
1.579696375E0,5.406457214E0,-1.150582352E1,3.194956055E0,1.310806998E1
1.589635375E0,5.395829315E0,-1.209140579E1,3.021915894E0,1.358120185E1
1.599575375E0,5.811215515E0,-1.290780807E1,2.487527161E0,1.437252679E1
1.609514375E0,6.629713440E0,-1.349728226E1,2.034269714E0,1.517458342E1
1.619453375E0,7.297474823E0,-1.357781479E1,1.595083008E0,1.549691850E1
1.629393375E0,7.314988403E0,-1.299702255E1,8.018824768E-1,1.493568432E1
1.639332375E0,6.617888031E0,-1.233599716E1,1.763333130E-1,1.400015576E1
1.649272375E0,6.036197662E0,-1.179307617E1,-4.055067444E-1,1.325431113E1
1.659211375E0,5.443130951E0,-1.132978958E1,1.517843628E-1,1.257039558E1
1.669151375E0,4.670138397E0,-1.023002655E1,-6.661148071E-2,1.124580246E1
1.679090375E0,3.814068604E0,-9.923613739E0,2.133064270E-1,1.063347209E1
1.689029375E0,3.209026794E0,-9.250313873E0,-3.311114502E-1,9.796723662E0
1.698969375E0,3.353326721E0,-8.613238678E0,-2.073338470E0,9.472666628E0
1.708908375E0,4.059408417E0,-8.306376801E0,-2.418520660E0,9.556355709E0
1.718848375E0,5.108426971E0,-7.989036713E0,-2.460583191E0,9.796693491E0
1.728787375E0,5.946234741E0,-8.006250916E0,-2.079475708E0,1.018734414E1
1.738726375E0,6.165079651E0,-8.200247498E0,-1.267414398E0,1.033724361E1
1.748666375E0,5.826483765E0,-8.265212402E0,-1.742376709E-1,1.011395115E1
1.758605375E0,5.609285431E0,-8.232729950E0,5.466632080E-1,9.977011884E0
1.768545375E0,5.341492310E0,-8.495134277E0,9.638456726E-1,1.008106368E1
1.778484375E0,5.166506195E0,-8.829239502E0,1.326391754E0,1.031540457E1
1.788424375E0,5.183121643E0,-8.967851257E0,1.346150665E0,1.044505758E1
1.798363375E0,5.310656433E0,-8.960965576E0,1.032552795E0,1.046748017E1
1.808302375E0,5.384752350E0,-8.816815338E0,9.830058289E-1,1.037776908E1
1.818242375E0,5.278323669E0,-8.505013733E0,1.113983459E0,1.007158967E1
1.828181375E0,5.130580902E0,-8.379574585E0,8.726852417E-1,9.864162922E0
1.838121375E0,4.800217896E0,-8.310867462E0,4.640350342E-1,9.608742807E0
1.848060375E0,4.415667572E0,-8.058941345E0,2.743794250E-1,9.193472673E0
1.858000375E0,3.915108490E0,-7.824379120E0,2.142045593E-1,8.751849330E0
1.867939375E0,3.473377075E0,-7.516768799E0,1.983375549E-1,8.282843670E0
1.877878375E0,3.380570068E0,-7.325017548E0,3.613485718E-1,8.075562448E0
1.887818375E0,3.369343414E0,-7.533234558E0,6.619235229E-1,8.278903351E0
1.897757375E0,3.295696564E0,-7.745642853E0,5.596861267E-1,8.436222354E0
1.907697375E0,3.102747803E0,-7.945327606E0,7.038363647E-1,8.558659961E0
1.917636375E0,2.867437134E0,-7.987090759E0,1.060544586E0,8.552225987E0
1.927576375E0,2.786006470E0,-7.788753204E0,1.741029510E0,8.453265185E0
1.937514958E0,3.207679596E0,-7.213948517E0,2.108515320E0,8.171664362E0
1.947453958E0,3.475472717E0,-6.630461884E0,2.197879486E0,7.802090081E0
1.957393958E0,3.765868835E0,-5.774092712E0,2.159559174E0,7.223960864E0
1.967332958E0,3.942950592E0,-4.899461517E0,2.225272522E0,6.671088392E0
1.977272958E0,4.026776276E0,-4.117787018E0,2.261197815E0,6.187415669E0
1.987211958E0,4.122127991E0,-3.588936768E0,2.299069061E0,5.929428711E0
1.997150958E0,4.276457062E0,-4.175566864E0,2.781964874E0,6.592630143E0
2.007090958E0,4.568499756E0,-4.469555511E0,3.301833801E0,7.193762780E0
2.017029958E0,4.777016144E0,-4.996908875E0,3.728147278E0,7.854174919E0
2.026969958E0,4.874313812E0,-5.888155518E0,4.280947723E0,8.761040118E0
2.036908958E0,5.073100433E0,-6.981931000E0,4.835694122E0,9.892807798E0
2.046848958E0,5.254672852E0,-7.904761963E0,4.627776489E0,1.055997934E1
2.056787958E0,5.157375183E0,-8.453520813E0,3.618126068E0,1.054283497E1
2.066727958E0,5.402415619E0,-8.863518219E0,2.197430420E0,1.061021914E1
2.076666958E0,5.400769043E0,-9.563163300E0,1.493743744E0,1.108393743E1
2.086605958E0,4.889132996E0,-1.012240036E1,2.307751007E0,1.147572765E1
2.096545958E0,4.430486755E0,-1.002644989E1,3.565435638E0,1.152697886E1
2.106484958E0,4.211043091E0,-9.505982208E0,4.117038574E0,1.118242318E1
2.116424958E0,4.495900726E0,-8.918154602E0,4.269870758E0,1.086178628E1
2.126363958E0,4.999752960E0,-8.606053619E0,3.980372772E0,1.071937759E1
2.136303958E0,5.668861542E0,-8.734486542E0,3.144061890E0,1.087714905E1
2.146242958E0,5.995482330E0,-9.219178619E0,2.366578674E0,1.124898917E1
2.156181958E0,5.892197113E0,-9.808503113E0,1.598825226E0,1.155339613E1
2.166121958E0,5.852080536E0,-1.047895889E1,9.150471497E-1,1.203713992E1
2.176060958E0,5.956563263E0,-1.118084930E1,3.826043701E-1,1.267432141E1
2.186000958E0,6.169121246E0,-1.172451874E1,2.709365845E-2,1.324851428E1
2.195939958E0,5.910758514E0,-1.200323914E1,-4.746629333E-1,1.338805889E1
2.205878958E0,5.302273865E0,-1.164473465E1,-1.359173584E0,1.286706284E1
2.215818958E0,5.178481293E0,-1.095481934E1,-1.572180634E0,1.221869417E1
2.225757958E0,5.987548828E0,-1.025637177E1,-3.986210632E-1,1.188287850E1
2.235697958E0,6.192322998E0,-9.388775940E0,3.724405060E0,1.184758080E1
2.245636958E0,5.653742981E0,-8.912466431E0,4.775668945E0,1.158463989E1
2.255576958E0,6.323899384E0,-9.348958740E0,-2.936892700E0,1.166276432E1
2.265515958E0,5.700146484E0,-9.941426697E0,-2.913241882E0,1.182415380E1
2.275454958E0,5.226231995E0,-1.031684601E1,-2.165247345E0,1.176601498E1
2.285394958E0,5.235961761E0,-1.088476501E1,-2.512076111E0,1.233709574E1
2.295333958E0,5.247038727E0,-1.125539429E1,-1.562301178E0,1.251623350E1
2.305273958E0,5.175786896E0,-1.141092087E1,-4.245172119E-1,1.253706903E1
2.315212958E0,4.699477386E0,-1.074271042E1,8.440946960E-1,1.175599467E1
2.325152958E0,4.264332275E0,-9.542655945E0,1.573677521E0,1.056992304E1
2.335091958E0,4.040996704E0,-8.623417511E0,1.915865936E0,9.714089058E0
2.345030958E0,3.847748566E0,-8.070617065E0,1.509311371E0,9.067416923E0
2.354970958E0,3.557352448E0,-7.768545227E0,1.370699615E0,8.653546603E0
2.364909958E0,3.543431396E0,-7.391329651E0,1.441352692E0,8.322569174E0
2.374849958E0,3.669469299E0,-6.852450256E0,1.145867157E0,7.857104492E0
2.384788958E0,3.622616730E0,-6.535110168E0,8.234376526E-1,7.517251256E0
2.394728958E0,3.320095825E0,-6.316115570E0,9.656419373E-1,7.200612233E0
2.404667958E0,2.838547211E0,-6.174959106E0,9.445358276E-1,6.861458895E0
2.414606958E0,2.551294556E0,-6.305038605E0,9.854008484E-1,6.872672737E0
2.424546958E0,2.274969177E0,-6.466852112E0,1.158291321E0,6.952503130E0
2.434485958E0,2.165995789E0,-6.541696472E0,1.463955688E0,7.044749587E0
2.444425958E0,2.061063995E0,-6.870861969E0,1.706301727E0,7.373479136E0
2.454364958E0,2.221530304E0,-7.043902130E0,1.751507721E0,7.590753151E0
2.464304958E0,2.127825165E0,-7.035818939E0,1.851200409E0,7.580061413E0
2.474243958E0,2.305505676E0,-7.210954742E0,2.076332245E0,7.850119764E0
2.484183958E0,2.460433502E0,-7.326215057E0,2.242636414E0,8.047147207E0
2.494122958E0,2.740650787E0,-7.322772217E0,2.408491516E0,8.181380755E0
2.504061958E0,2.902314606E0,-7.450756073E0,2.560874634E0,8.396146439E0
2.514001958E0,2.984793091E0,-7.721542969E0,2.538421326E0,8.658798903E0
2.523940958E0,3.032094727E0,-7.876919861E0,2.438429260E0,8.785522306E0
2.533880958E0,3.004851379E0,-8.024812317E0,2.396965485E0,8.897875481E0
2.543819958E0,2.972518616E0,-8.121511230E0,2.302212524E0,8.949580666E0
2.553759958E0,2.874472504E0,-8.142317963E0,2.410736847E0,8.965020141E0
2.563698958E0,2.856210480E0,-8.179141388E0,2.654280396E0,9.060987615E0
2.573637958E0,2.925666046E0,-8.194559326E0,2.638114014E0,9.092302784E0
2.583577958E0,3.186124420E0,-8.281678162E0,2.229314117E0,9.149176106E0
2.593516958E0,3.581602020E0,-8.443192291E0,2.063608704E0,9.400736672E0
2.603456958E0,3.874991913E0,-8.687184906E0,2.190844116E0,9.761277675E0
2.613395958E0,3.836671600E0,-9.066196747E0,2.520608368E0,1.016215720E1
2.623335958E0,3.746858368E0,-9.559720459E0,2.836152191E0,1.065227497E1
2.633274958E0,3.821852417E0,-9.933044128E0,3.170706482E0,1.110519253E1
2.643213958E0,4.006867676E0,-1.006432114E1,3.242407379E0,1.130746453E1
2.653153958E0,4.000880127E0,-1.013153137E1,3.127596130E0,1.133299728E1
2.663092958E0,4.037104797E0,-1.076486435E1,2.856360168E0,1.184648948E1
2.673032958E0,4.761298828E0,-1.181732574E1,2.552941132E0,1.299371628E1
2.682971958E0,5.796995087E0,-1.262100449E1,2.234104156E0,1.406720042E1
2.692911958E0,6.518494720E0,-1.296004944E1,1.520837402E0,1.458652122E1
2.702850958E0,6.533762970E0,-1.273252258E1,8.231382751E-1,1.433473915E1
2.712789958E0,6.120921478E0,-1.192001221E1,3.963757324E-1,1.340557662E1
2.722729958E0,5.526357880E0,-1.141870468E1,5.905220032E-1,1.269945527E1
2.732668958E0,4.952451324E0,-1.055080948E1,7.518864441E-1,1.167954143E1
2.742608958E0,4.762047272E0,-9.962682495E0,-1.615740051E0,1.115987243E1
2.752547958E0,4.225113831E0,-1.002270767E1,-1.686243439E0,1.100680121E1
2.762487958E0,3.896098022E0,-1.020532791E1,-9.473799133E-1,1.096475382E1
2.772426958E0,4.319717102E0,-1.019365219E1,-1.341210938E0,1.115210059E1
2.782366958E0,5.437442780E0,-9.612710266E0,-1.265618134E0,1.111628409E1
2.792305958E0,6.380332031E0,-9.112600250E0,-1.264420624E0,1.119584207E1
2.802244958E0,6.750811615E0,-9.066047058E0,-7.967930603E-1,1.133144059E1
2.812184958E0,6.706354065E0,-9.209299164E0,-4.983137512E-1,1.140327552E1
2.822123958E0,6.368057556E0,-8.946894836E0,8.472381592E-2,1.098208825E1
2.832063958E0,5.984105988E0,-8.752000122E0,4.656816101E-1,1.061244034E1
2.842002958E0,5.543123016E0,-8.685688019E0,8.819659424E-1,1.034143380E1
2.851942958E0,5.104385376E0,-8.558153229E0,1.031055908E0,1.001797450E1
2.861881958E0,4.803061981E0,-8.409811707E0,9.871971130E-1,9.734931714E0
2.871820958E0,4.531077576E0,-8.039631500E0,8.910969543E-1,9.271482753E0
2.881760958E0,4.240382080E0,-7.775281219E0,1.225950623E0,8.940849689E0
2.891699958E0,4.088597717E0,-7.511080627E0,1.664688263E0,8.712298807E0
2.901639958E0,3.944746857E0,-7.170987854E0,1.644929352E0,8.348046906E0
2.911578958E0,3.793561249E0,-7.004533997E0,1.298699341E0,8.071011302E0
2.921518958E0,3.569926300E0,-6.836882629E0,8.340655518E-1,7.757770506E0
2.931457958E0,3.403322754E0,-6.715934143E0,5.921685791E-1,7.552287124E0
2.941397458E0,3.471431122E0,-6.533463593E0,4.635859680E-1,7.412954370E0
2.951337458E0,3.567830658E0,-6.305637360E0,4.381388855E-1,7.258267272E0
2.961276458E0,3.535048828E0,-6.177354126E0,7.464976501E-1,7.156363110E0
2.971216458E0,3.605402527E0,-6.142476654E0,1.106798401E0,7.207908818E0
2.981155458E0,3.627855835E0,-6.127358093E0,1.450633392E0,7.267062158E0
2.991095458E0,3.570674744E0,-6.090384979E0,1.789678345E0,7.283231144E0
3.001034458E0,3.547173615E0,-6.112089844E0,2.174827423E0,7.393913526E0
3.010974458E0,3.375181274E0,-6.244564362E0,2.535726929E0,7.537661690E0
3.020913458E0,3.277434540E0,-6.494544525E0,2.723735962E0,7.767845476E0
3.030852458E0,3.225642242E0,-6.677913208E0,2.677332458E0,7.884630732E0
3.040792458E0,3.209775238E0,-6.845863953E0,2.489173737E0,7.960181922E0
3.050731458E0,3.360212402E0,-7.059918823E0,2.285447388E0,8.145965317E0
3.060671458E0,3.582799530E0,-7.146738281E0,2.176773376E0,8.285569556E0
3.070610458E0,3.917653198E0,-7.216642914E0,2.060764618E0,8.466090735E0
3.080550458E0,4.311783600E0,-7.374265137E0,2.052082672E0,8.785346175E0
3.090489458E0,4.690795441E0,-7.554340668E0,2.004182281E0,9.115282300E0
3.100428458E0,4.961881714E0,-7.903265076E0,1.943708038E0,9.532044373E0
3.110368458E0,5.138364716E0,-8.385562134E0,1.977537689E0,1.003150535E1
3.120307458E0,5.113666077E0,-8.910071411E0,2.095642090E0,1.048478274E1
3.130247458E0,4.789589996E0,-9.413474579E0,2.334844666E0,1.081689307E1
3.140186458E0,4.342020721E0,-9.885293427E0,2.683918762E0,1.112544786E1
3.150126458E0,3.861519928E0,-1.025382706E1,2.999462585E0,1.135997717E1
3.160065458E0,3.565435638E0,-1.034184402E1,3.265758820E0,1.141627127E1
3.170005458E0,3.796105957E0,-1.008467880E1,3.530707855E0,1.133918273E1
3.179944458E0,4.598138123E0,-1.015069153E1,3.452420654E0,1.166613137E1
3.189883458E0,5.601202240E0,-1.058523788E1,3.216660919E0,1.240030786E1
3.199823458E0,5.856421509E0,-1.109537704E1,2.801574097E0,1.285511113E1
3.209762458E0,5.648503876E0,-1.180310532E1,2.584525452E0,1.333786576E1
3.219702458E0,5.504653015E0,-1.218481155E1,2.445015564E0,1.359223817E1
3.229641458E0,5.555098114E0,-1.178813644E1,2.210153961E0,1.321756621E1
3.239581458E0,5.861361237E0,-1.111199249E1,1.573228455E0,1.266123929E1
3.249520458E0,6.371350708E0,-1.072070618E1,4.549040222E-1,1.247936651E1
3.259459458E0,6.468348999E0,-1.047237259E1,-4.758604431E-1,1.231813986E1
3.269399458E0,6.131399689E0,-1.025128235E1,-7.894583130E-1,1.197105243E1
3.279338458E0,5.605094147E0,-1.043016037E1,-1.496887207E0,1.193507424E1
3.289278458E0,5.108576660E0,-1.068493057E1,-2.395618286E0,1.208322324E1
3.299217458E0,4.682412872E0,-1.097906891E1,-2.348316650E0,1.216468395E1
3.309157458E0,4.351900177E0,-1.127350662E1,-1.934577026E0,1.223820146E1
3.319096458E0,4.117936707E0,-1.120030884E1,-1.739981689E0,1.205951314E1
3.329036458E0,4.109254761E0,-1.080947159E1,-1.750609589E0,1.169595163E1
3.338975458E0,4.602030029E0,-1.009560608E1,-1.500479736E0,1.119604314E1
3.348914458E0,5.051994324E0,-9.742490387E0,-1.694925385E0,1.110457283E1
3.358854458E0,5.028642883E0,-8.963809662E0,-8.699908447E-1,1.031474755E1
3.368793458E0,4.826413422E0,-8.309669952E0,2.348616028E-1,9.612494016E0
3.378733458E0,4.584217072E0,-7.738158417E0,6.505471802E-1,9.017613513E0
3.388672458E0,4.464017029E0,-7.412735138E0,7.797285461E-1,8.688156701E0
3.398612458E0,4.380341034E0,-7.456144867E0,7.614665222E-1,8.681089512E0
3.408551458E0,4.104913788E0,-7.441774750E0,7.691006470E-1,8.533571611E0
3.418491458E0,3.882476349E0,-7.310198364E0,9.674382019E-1,8.333580227E0
3.428430458E0,3.513793030E0,-7.263196106E0,1.174008636E0,8.153468919E0
3.438369458E0,3.190016327E0,-7.258555756E0,1.014440460E0,7.993242475E0
3.448309458E0,3.071313171E0,-7.157216492E0,8.318202209E-1,7.832664769E0
3.458248458E0,2.915786591E0,-7.116052094E0,7.319778442E-1,7.725011353E0
3.468188458E0,2.737657013E0,-7.087162170E0,8.440946960E-1,7.644287371E0
3.478127458E0,2.612068176E0,-7.131769409E0,1.054407349E0,7.667907793E0
3.488067458E0,2.633323975E0,-7.062613220E0,1.328487396E0,7.653742837E0
3.498006458E0,2.521805878E0,-7.007228394E0,1.511706390E0,7.599079606E0
3.507945458E0,2.559976501E0,-7.004533997E0,1.842518463E0,7.681917110E0
3.517885458E0,2.554737396E0,-7.011419678E0,2.061962128E0,7.741987915E0
3.527824458E0,2.529889069E0,-7.067103882E0,2.213147736E0,7.825747177E0
3.537764458E0,2.593357086E0,-7.224426727E0,2.350711670E0,8.027682596E0
3.547703458E0,2.731819153E0,-7.311844940E0,2.349663849E0,8.151492656E0
3.557643458E0,2.847528534E0,-7.388784943E0,2.365231476E0,8.264192738E0
3.567582458E0,2.923121338E0,-7.526199188E0,2.328258362E0,8.402922086E0
3.577522458E0,3.029699707E0,-7.550748138E0,2.322869568E0,8.461004715E0
3.587461458E0,3.111729126E0,-7.683971100E0,2.312840424E0,8.606712546E0
3.597400458E0,3.130140839E0,-7.878416748E0,2.201921082E0,8.758749259E0
3.607340458E0,3.038381653E0,-7.967182159E0,2.134710846E0,8.790036691E0
3.617279458E0,2.919079742E0,-8.050259399E0,2.060914307E0,8.807671129E0
3.627219458E0,2.783461761E0,-8.275989990E0,1.953437805E0,8.947378887E0
3.637158458E0,2.814597015E0,-8.535101166E0,1.881587219E0,9.182062880E0
3.647098458E0,2.942281494E0,-8.810977478E0,1.965712280E0,9.494965470E0
3.657037458E0,3.096161499E0,-9.119186554E0,2.130369873E0,9.863278118E0
3.666977458E0,3.289110260E0,-9.298214264E0,2.245779877E0,1.011526382E1
3.676916458E0,3.487447815E0,-9.476493530E0,2.512674866E0,1.040575595E1
3.686855458E0,3.773353271E0,-9.626032562E0,2.803669739E0,1.071257494E1
3.696795458E0,3.947441254E0,-9.738748169E0,3.121458893E0,1.096216283E1
3.706734458E0,3.907025299E0,-9.867031403E0,3.478765869E0,1.116803328E1
3.716674458E0,3.593128052E0,-1.008512787E1,3.631598053E0,1.130525885E1
3.726613458E0,3.439697113E0,-1.065843567E1,3.309318237E0,1.167841403E1
3.736553458E0,3.819457397E0,-1.167018173E1,2.584675140E0,1.254838404E1
3.746492458E0,4.616100769E0,-1.283835251E1,1.970652008E0,1.378459832E1
3.756431458E0,5.487139435E0,-1.344504089E1,1.488354950E0,1.459770613E1
3.766371458E0,5.849685516E0,-1.317605026E1,1.065184937E0,1.445550899E1
3.776310458E0,5.892197113E0,-1.218002151E1,7.020401001E-1,1.354857082E1
3.786250458E0,6.148763580E0,-1.122575592E1,6.140231323E-1,1.281412947E1
3.796189458E0,6.607559509E0,-1.011087433E1,6.478527832E-1,1.209583960E1
3.806129458E0,6.537056122E0,-9.332942047E0,2.758763123E-1,1.139793919E1
3.816068458E0,6.186784515E0,-9.010662231E0,-6.933581543E-1,1.095212683E1
3.826008458E0,5.074896698E0,-9.250164185E0,-4.722679138E-1,1.056139910E1
3.835947458E0,4.388723602E0,-9.356592865E0,-1.200802917E0,1.040426127E1
3.845886458E0,4.920417938E0,-8.994795227E0,-2.167492676E0,1.047925944E1
3.855826458E0,5.814209290E0,-9.000333710E0,-2.150577850E0,1.092867886E1
3.865765458E0,6.076763306E0,-9.430988159E0,-1.897903290E0,1.137860391E1
3.875705458E0,6.178851013E0,-9.593550110E0,-1.253643036E0,1.147980942E1
3.885644458E0,6.051615601E0,-9.647587738E0,-5.541476440E-1,1.140197703E1
3.895584458E0,5.681285706E0,-9.647138672E0,1.936972046E-1,1.119740195E1
3.905523458E0,5.397775269E0,-9.539213104E0,9.783654785E-1,1.100407940E1
3.915463458E0,4.936284943E0,-9.241781616E0,1.211879883E0,1.054732617E1
3.925402458E0,4.697232056E0,-9.067094879E0,1.015637970E0,1.026195493E1
3.935341458E0,4.509223022E0,-8.511450348E0,8.896000671E-1,9.673120881E0
3.945281625E0,4.262236633E0,-7.971223755E0,9.098080444E-1,9.084867635E0
3.955220625E0,4.014052734E0,-7.764353943E0,9.038204956E-1,8.787189710E0
3.965160625E0,3.695365448E0,-7.432643738E0,8.387059021E-1,8.342861998E0
3.975099625E0,3.515888672E0,-7.110214233E0,7.623646545E-1,7.968551905E0
3.985039625E0,3.549418945E0,-6.693031769E0,6.349795532E-1,7.602515909E0
3.994978625E0,3.473975830E0,-6.470744019E0,6.906637573E-1,7.376723707E0
4.004918625E0,3.422632599E0,-6.292614441E0,8.116122437E-1,7.209030784E0
4.014857625E0,3.443738708E0,-6.202202454E0,7.376660156E-1,7.132377074E0
4.024796625E0,3.376079407E0,-6.199657745E0,9.138496399E-1,7.118201282E0
4.034736625E0,3.390150146E0,-6.204597473E0,9.351054382E-1,7.131940129E0
4.044675625E0,3.492537231E0,-6.108796692E0,1.144669647E0,7.129199249E0
4.054615625E0,3.365152130E0,-6.317612457E0,1.539099426E0,7.321564250E0
4.064554625E0,3.529959412E0,-6.297254791E0,1.745819550E0,7.427241564E0
4.074494625E0,3.521127777E0,-6.395151215E0,1.947749634E0,7.555794367E0
4.084433625E0,3.547023926E0,-6.401288452E0,2.229912872E0,7.650515276E0
4.094373625E0,3.550915833E0,-6.497987366E0,2.334245911E0,7.764119205E0
4.104312625E0,3.476370850E0,-6.762936401E0,2.436932373E0,7.985054943E0
4.114252625E0,3.626658325E0,-6.836134186E0,2.322869568E0,8.079672286E0
4.124191625E0,3.702251129E0,-7.060667267E0,2.106120300E0,8.245934052E0
4.134130625E0,3.842359772E0,-7.325167236E0,1.853745117E0,8.476920114E0
4.144070625E0,4.082310791E0,-7.546407166E0,1.625619507E0,8.732477385E0
4.154009625E0,4.380191345E0,-7.793842621E0,1.650467834E0,9.091430201E0
4.163949625E0,4.720433807E0,-8.109386444E0,1.882335663E0,9.570153153E0
4.173888625E0,4.939278717E0,-8.581205292E0,2.141297150E0,1.013008944E1
4.183828625E0,4.996459808E0,-9.003327484E0,2.405647430E0,1.057410308E1
4.193767625E0,4.921765137E0,-9.349108429E0,2.786605225E0,1.092679135E1
4.203707625E0,4.665348358E0,-9.705217896E0,3.191064148E0,1.123118961E1
4.213646625E0,4.304448853E0,-1.004890320E1,3.727847900E0,1.155013357E1
4.223585625E0,4.044888611E0,-1.004037094E1,4.136498108E0,1.158795880E1
4.233525625E0,4.097279663E0,-9.889185333E0,4.224515076E0,1.150783276E1
4.243464625E0,4.351301422E0,-9.739047546E0,4.169279938E0,1.145276239E1
4.253404625E0,4.734953613E0,-9.593999176E0,3.978875885E0,1.141472992E1
4.263343625E0,5.272485809E0,-9.917476501E0,3.482657776E0,1.175943672E1
4.273283625E0,5.811215515E0,-1.067789520E1,2.774330750E0,1.246934573E1
4.283222625E0,6.023025055E0,-1.165790726E1,1.899699554E0,1.325867606E1
4.293162625E0,5.906267853E0,-1.283520905E1,9.559121704E-1,1.416122732E1
4.303101625E0,5.437592468E0,-1.331406326E1,5.798941040E-1,1.439333073E1
4.313040625E0,5.031936035E0,-1.278790741E1,3.838018799E-1,1.374766380E1
4.322980625E0,4.398153992E0,-1.185519699E1,-1.035845947E-1,1.264516445E1
4.332919625E0,3.767515411E0,-1.129057114E1,-3.394940186E-1,1.190741051E1
4.342859625E0,4.183650055E0,-1.053030212E1,-2.404000854E-1,1.133348944E1
4.352798625E0,5.046006775E0,-9.517508240E0,-6.646179199E-2,1.077263035E1
4.362738625E0,5.197342072E0,-9.034911804E0,-6.908134460E-1,1.044601451E1
4.372677625E0,5.042863312E0,-8.272247772E0,-1.456620941E0,9.797055586E0
4.382617625E0,5.384153595E0,-8.525521088E0,-1.167272644E0,1.015067215E1
4.392556625E0,5.515430603E0,-9.036408691E0,-1.016536102E0,1.063531863E1
4.402495625E0,5.332361298E0,-9.499695282E0,-9.704319763E-1,1.093709402E1
4.412435625E0,5.263953552E0,-9.769584045E0,-8.060737610E-1,1.112671265E1
4.422374625E0,4.801265717E0,-9.950258331E0,-2.457888794E-1,1.105080113E1
4.432314625E0,4.281995544E0,-9.768386536E0,5.489085388E-1,1.067980159E1
4.442253625E0,3.957171021E0,-9.473948822E0,9.446855164E-1,1.031054506E1
4.452193625E0,3.752546539E0,-9.259444885E0,1.168320465E0,1.005902072E1
4.462132625E0,3.650458832E0,-8.825646973E0,1.166673889E0,9.621799319E0
4.472072625E0,3.688330078E0,-8.267757111E0,1.191821594E0,9.131266348E0
4.482011625E0,3.503015442E0,-7.987839203E0,1.149759064E0,8.797649585E0
4.491950625E0,3.357368317E0,-7.720644836E0,1.004860382E0,8.478798446E0
4.501890625E0,3.312761078E0,-7.476203156E0,9.041198730E-1,8.227115675E0
4.511829625E0,3.121309204E0,-7.326215057E0,1.025367737E0,8.029157939E0
4.521769625E0,2.878514099E0,-7.182813263E0,1.089883575E0,7.814505486E0
4.531708625E0,2.655178528E0,-7.149881744E0,1.174457703E0,7.716873257E0
4.541648625E0,2.439477081E0,-7.080725555E0,1.284029846E0,7.598450860E0
4.551587625E0,2.271376648E0,-7.000193024E0,1.550625458E0,7.521056678E0
4.561527625E0,2.230811005E0,-7.053931274E0,1.758992157E0,7.604506399E0
4.571466625E0,2.330803070E0,-7.085066528E0,1.893262939E0,7.695144912E0
4.581406625E0,2.362537079E0,-7.009623413E0,2.097588043E0,7.688711039E0
4.591345625E0,2.433190155E0,-7.069798279E0,2.409539337E0,7.855465731E0
4.601284625E0,2.451152802E0,-7.160509644E0,2.652933197E0,8.019919137E0
4.611224625E0,2.390379181E0,-7.283703461E0,2.788850555E0,8.157446669E0
4.621163625E0,2.337838440E0,-7.478897552E0,2.818638611E0,8.327311739E0
4.631103625E0,2.351460114E0,-7.628436584E0,2.625839539E0,8.403418511E0
4.641042625E0,2.346071320E0,-7.790250092E0,2.296224976E0,8.453679451E0
4.650982625E0,2.470163269E0,-7.773185577E0,2.153721313E0,8.435794929E0
4.660921625E0,2.451152802E0,-7.716902618E0,2.231559448E0,8.398725716E0
4.670861625E0,2.318079529E0,-7.684569855E0,2.484832764E0,8.402410393E0
4.680800625E0,2.278711395E0,-7.614814911E0,2.644700317E0,8.376895100E0
4.690739625E0,2.279759216E0,-7.748486938E0,2.642155609E0,8.498078499E0
4.700679625E0,2.466870117E0,-7.976163483E0,2.444865875E0,8.699540288E0
4.710618625E0,2.871927795E0,-8.307723999E0,2.235601044E0,9.069959169E0
4.720558625E0,3.447480927E0,-8.695866852E0,2.042652283E0,9.574740382E0
4.730497625E0,3.681145020E0,-9.035061493E0,1.940714264E0,9.947338171E0
4.740437625E0,3.743714905E0,-9.426647186E0,2.158661041E0,1.036999980E1
4.750376625E0,3.945644989E0,-9.671238556E0,2.592458954E0,1.076205431E1
4.760316625E0,4.036206665E0,-9.815089417E0,3.223247223E0,1.109126986E1
4.770255625E0,3.525019684E0,-1.021655457E1,3.557352448E0,1.137798345E1
4.780195625E0,2.965782623E0,-1.093955109E1,3.190016327E0,1.177479718E1
4.790134625E0,3.463946686E0,-1.178140045E1,2.068997498E0,1.245315518E1
4.800073625E0,4.763095093E0,-1.243344452E1,1.224603424E0,1.337076180E1
4.810013625E0,6.027216339E0,-1.282547928E1,9.053173828E-1,1.419999490E1
4.819952625E0,6.715036011E0,-1.211101501E1,3.550616455E-1,1.385259767E1
4.829892625E0,6.962621155E0,-1.102981339E1,2.472857666E-1,1.304591993E1
4.839831625E0,6.791227570E0,-1.086276077E1,8.226892090E-1,1.283733465E1
4.849771625E0,6.734495544E0,-1.121767273E1,1.308429108E0,1.314920524E1
4.859710625E0,6.133345642E0,-1.088910599E1,1.179996185E0,1.255320473E1
4.869650625E0,5.420527954E0,-1.073807007E1,5.906716919E-1,1.204313768E1
4.879589625E0,5.363795929E0,-1.077324692E1,-8.424481201E-1,1.206411517E1
4.889528625E0,5.608836365E0,-1.046309189E1,-1.523082733E0,1.196892302E1
4.899468625E0,5.881120148E0,-1.030352371E1,-1.845661926E0,1.200652502E1
4.909407625E0,6.092779999E0,-1.029214737E1,-1.216969299E0,1.202211628E1
4.919347625E0,5.973029022E0,-9.927655334E0,-1.769320679E-1,1.158735177E1
4.929286625E0,5.346282349E0,-9.393116913E0,5.551954651E-1,1.082227436E1
4.939226000E0,4.884492645E0,-9.141041107E0,1.056652679E0,1.041793721E1
4.949165000E0,4.628375244E0,-9.075776825E0,1.238524475E0,1.026282248E1
4.959105000E0,4.428690491E0,-8.979826355E0,1.485211487E0,1.012207657E1
4.969044000E0,4.317920837E0,-8.648415527E0,1.566193085E0,9.792471203E0
4.978983000E0,4.100722504E0,-8.125103760E0,1.725012817E0,9.263309634E0
4.988923000E0,3.818708954E0,-7.832162933E0,1.401535492E0,8.825509392E0
4.998862000E0,3.519181824E0,-7.453899536E0,9.824070740E-1,8.301227780E0
5.008802000E0,3.441792755E0,-7.158863068E0,6.911128235E-1,7.973261235E0
5.018741000E0,3.180585938E0,-6.843618622E0,5.851332092E-1,7.569255156E0
5.028681000E0,3.032693481E0,-6.620283051E0,5.433700562E-1,7.302097537E0
5.038620000E0,3.050506439E0,-6.303541718E0,6.824308777E-1,7.036045738E0
5.048560000E0,3.110681305E0,-6.037993927E0,9.577084351E-1,6.859366902E0
5.058499000E0,3.150498505E0,-5.868995361E0,1.053658905E0,6.743956144E0
5.068439000E0,3.028352509E0,-5.730832672E0,1.283281403E0,6.607584520E0
5.078378000E0,3.016826477E0,-5.869294739E0,1.493444366E0,6.766109576E0
5.088317000E0,3.021466827E0,-5.897885284E0,1.713486786E0,6.844731520E0
5.098257000E0,2.951861572E0,-6.024971008E0,1.947300568E0,6.986110641E0
5.108196000E0,2.811752930E0,-6.269263000E0,2.104174347E0,7.185900277E0
5.118136000E0,2.888543243E0,-6.425238647E0,2.190694427E0,7.377432875E0
5.128075000E0,2.990481262E0,-6.586603088E0,2.268382874E0,7.581020992E0
5.138015000E0,3.177292786E0,-6.777755585E0,2.290536804E0,7.828136372E0
5.147954000E0,3.472778320E0,-6.906936951E0,2.098037109E0,8.010476079E0
5.157894000E0,3.854185181E0,-6.968608704E0,1.877695312E0,8.181808502E0
5.167833000E0,4.322561188E0,-6.991361389E0,1.675465851E0,8.388733821E0
5.177773000E0,4.649331665E0,-7.048841858E0,1.608704681E0,8.595951793E0
5.187712000E0,4.806804199E0,-7.198680267E0,1.649569702E0,8.811778731E0
5.197651000E0,4.902305603E0,-7.533084869E0,1.865570526E0,9.179342093E0
5.207591000E0,4.915927277E0,-8.166717224E0,2.133363647E0,9.767950228E0
5.217530000E0,4.796775055E0,-8.913514252E0,2.490970001E0,1.042423708E1
5.227470000E0,4.678520966E0,-9.454788666E0,2.778671722E0,1.090883145E1
5.237409000E0,4.355193329E0,-9.880204010E0,3.203488312E0,1.126270294E1
5.247349000E0,4.033212891E0,-1.007764343E1,3.697610779E0,1.146725899E1
5.257288000E0,3.915856934E0,-1.012868729E1,4.052073669E0,1.159066619E1
5.267228000E0,3.920646973E0,-9.973160706E0,4.182452545E0,1.150340456E1
5.277167000E0,3.832630005E0,-9.772128754E0,4.066892853E0,1.125713865E1
5.287106000E0,4.228406982E0,-9.250014496E0,3.862567749E0,1.087941282E1
5.297046000E0,4.817881165E0,-9.082213440E0,3.728147278E0,1.093607160E1
5.306985000E0,5.455704803E0,-9.577683105E0,3.395538940E0,1.153370770E1
5.316925000E0,5.877377930E0,-1.026550278E1,2.842888184E0,1.216577707E1
5.326864000E0,6.148464203E0,-1.103235809E1,2.092498627E0,1.280215168E1
5.336804000E0,6.325246582E0,-1.170401138E1,1.190474396E0,1.335701524E1
5.346743000E0,6.212680664E0,-1.179382462E1,3.155438232E-1,1.333383921E1
5.356683000E0,6.109844513E0,-1.141346558E1,1.685494995E-1,1.294703848E1
5.366622000E0,5.861361237E0,-1.133383118E1,8.187973022E-2,1.276001524E1
5.376562000E0,4.804259491E0,-1.121497833E1,-1.207987976E-1,1.220128029E1
5.386501000E0,4.389172668E0,-1.076965439E1,2.972817993E-1,1.163351490E1
5.396440000E0,4.742737427E0,-1.021356079E1,6.048921204E-1,1.127724598E1
5.406380000E0,4.948260040E0,-9.725725250E0,-2.869532776E-1,1.091592191E1
5.416319000E0,4.876858521E0,-9.647438049E0,-1.216071167E0,1.087821856E1
5.426259000E0,5.185816040E0,-9.516310730E0,-1.481768646E0,1.093839551E1
5.436198000E0,5.639672241E0,-9.488618317E0,-9.669891357E-1,1.108038125E1
5.446138000E0,5.481451263E0,-9.590706024E0,-9.160949707E-1,1.108454690E1
5.456077000E0,5.494623871E0,-9.584718475E0,-8.439450073E-1,1.108016078E1
5.466017000E0,5.175038452E0,-9.836345215E0,-3.508703613E-1,1.112015378E1
5.475956000E0,4.539160767E0,-9.924062805E0,5.640270996E-1,1.092744845E1
5.485896000E0,4.246968384E0,-9.785301361E0,9.879455566E-1,1.071283807E1
5.495835000E0,4.041894836E0,-9.524094543E0,1.271755371E0,1.042413797E1
5.505774000E0,3.883973236E0,-9.032516785E0,1.403481445E0,9.931836070E0
5.515714000E0,3.628005524E0,-8.706045685E0,1.552421722E0,9.558643667E0
5.525653000E0,3.412753143E0,-8.287665710E0,1.541344757E0,9.094395560E0
5.535593000E0,3.257675629E0,-8.013136597E0,1.562001801E0,8.789917988E0
5.545532000E0,3.167413330E0,-7.760611725E0,1.460213470E0,8.508338553E0
5.555472000E0,3.035387878E0,-7.510332184E0,1.341510315E0,8.210865911E0
5.565411000E0,2.859952698E0,-7.229216766E0,1.264121246E0,7.876478084E0
5.575351000E0,2.703378296E0,-7.179819489E0,1.274898834E0,7.777109305E0
5.585290000E0,2.621049500E0,-7.165898438E0,1.429227905E0,7.762904952E0
5.595229000E0,2.481988678E0,-7.013814697E0,1.557660828E0,7.601326967E0
5.605169000E0,2.477048950E0,-6.890171814E0,1.666484528E0,7.509155066E0
5.615108000E0,2.522704010E0,-6.751709747E0,1.926793213E0,7.460707213E0
5.625048000E0,2.417921906E0,-6.746021576E0,2.134710846E0,7.477442333E0
5.634987000E0,2.333048401E0,-6.815177765E0,2.268233185E0,7.552128481E0
5.644927000E0,2.229763184E0,-6.916217651E0,2.370470581E0,7.643627492E0
5.654866000E0,2.249671783E0,-7.029382324E0,2.388433228E0,7.757438513E0
5.664806000E0,2.190993805E0,-7.259753265E0,2.266736298E0,7.914705602E0
5.674745000E0,2.215393066E0,-7.437733154E0,2.120490417E0,8.045142666E0
5.684685000E0,2.351909180E0,-7.652386780E0,1.992955627E0,8.249992264E0
5.694624000E0,2.242337036E0,-7.932753754E0,1.845512238E0,8.447637120E0
5.704564000E0,2.305355988E0,-8.118667145E0,1.671873322E0,8.603637768E0
5.714503000E0,2.286644897E0,-8.250093842E0,1.597478027E0,8.708887950E0
5.724442000E0,2.331401825E0,-8.412057037E0,1.656006317E0,8.884846368E0
5.734382000E0,2.439177704E0,-8.676706696E0,1.799408112E0,9.190902921E0
5.744321000E0,2.550546112E0,-8.913065186E0,2.095941467E0,9.504787589E0
5.754261000E0,2.684667206E0,-9.134903870E0,2.374063110E0,9.812751009E0
5.764200000E0,3.053051147E0,-9.220226440E0,2.796185303E0,1.010704453E1
5.774140000E0,3.329226837E0,-9.276808777E0,3.220103760E0,1.036879938E1
5.784079000E0,3.478915558E0,-9.439370728E0,3.611539764E0,1.068867591E1
5.794019000E0,3.772006073E0,-9.554331665E0,3.976480865E0,1.101479385E1
5.803958000E0,4.011208649E0,-9.416468353E0,4.239933014E0,1.107865980E1
5.813897000E0,3.695515137E0,-9.634265442E0,4.213138733E0,1.114569158E1
5.823837000E0,3.193459167E0,-1.009590546E1,4.057612152E0,1.133974007E1
5.833776000E0,2.917133789E0,-1.060918808E1,3.655847626E0,1.159438498E1
5.843716000E0,3.330873413E0,-1.132035919E1,3.126248932E0,1.220732085E1
5.853655000E0,4.075125732E0,-1.186298080E1,2.632874908E0,1.281674661E1
5.863595000E0,4.661456451E0,-1.210517715E1,2.204615479E0,1.315769051E1
5.873534000E0,4.843627625E0,-1.196132629E1,1.698517914E0,1.301610611E1
5.883474000E0,4.857398987E0,-1.132125732E1,1.221010895E0,1.237966316E1
5.893413000E0,5.166356506E0,-1.087817871E1,8.961863708E-1,1.207597456E1
5.903353000E0,5.854774933E0,-1.060619431E1,5.876779175E-1,1.212910188E1
5.913292000E0,6.126759338E0,-9.781858521E0,3.938310242E-1,1.154889774E1
5.923231000E0,6.043682098E0,-9.123078461E0,4.568499756E-1,1.095287021E1
5.933171000E0,5.545817413E0,-9.117989044E0,8.123606873E-1,1.070297832E1
5.943109958E0,5.439089355E0,-9.347761230E0,1.182540894E0,1.087946396E1
5.953049958E0,5.607189789E0,-9.151818695E0,-1.749861145E-1,1.073438321E1
5.962988958E0,5.723946991E0,-9.161249084E0,-8.876541138E-1,1.083881838E1
5.972928958E0,5.160069580E0,-9.438622284E0,2.644999695E-1,1.076029130E1
5.982867958E0,5.409450989E0,-9.111103363E0,-1.916015625E-1,1.059769200E1
5.992807958E0,6.067183228E0,-8.739276581E0,-1.149908752E0,1.070083911E1
6.002746958E0,6.305787048E0,-8.889414368E0,-1.381626892E0,1.098606076E1
6.012686958E0,6.247707825E0,-9.267827454E0,-8.738827515E-1,1.121116184E1
6.022625958E0,6.187233582E0,-9.368567963E0,1.646575928E-3,1.122728497E1
6.032564958E0,5.657934265E0,-8.796008606E0,7.973918152E-1,1.048893804E1
6.042504958E0,5.196443939E0,-8.346343689E0,1.286125488E0,9.915573678E0
6.052443958E0,4.760700073E0,-7.978857880E0,1.284179535E0,9.379528524E0
6.062383958E0,4.372706909E0,-7.635921021E0,1.203197937E0,8.881190282E0
6.072322958E0,3.990252228E0,-7.385641479E0,1.244512024E0,8.486378679E0
6.082262958E0,3.548670502E0,-7.401508484E0,1.630858612E0,8.368697030E0
6.092201958E0,3.543730774E0,-7.415429535E0,1.739382935E0,8.400718777E0
6.102141958E0,3.492836609E0,-7.036417694E0,1.474134521E0,7.992756354E0
6.112080958E0,3.487597504E0,-6.808292084E0,1.114432526E0,7.730338757E0
6.122020958E0,3.609144745E0,-6.706503754E0,9.798623657E-1,7.678753066E0
6.131959958E0,3.712429962E0,-6.587351532E0,9.180409241E-1,7.616963671E0
6.141898958E0,3.863615570E0,-6.520141296E0,1.080303497E0,7.655509352E0
6.151838958E0,3.905229034E0,-6.557713165E0,1.365460510E0,7.753637738E0
6.161777958E0,3.964356079E0,-6.499633942E0,1.713037720E0,7.803579866E0
6.171717958E0,3.932921448E0,-6.428980865E0,2.049687653E0,7.810306368E0
6.181656958E0,3.620072021E0,-6.582561493E0,2.246678009E0,7.841084066E0
6.191596958E0,3.650159454E0,-6.683302002E0,2.434986420E0,7.994957696E0
6.201535958E0,3.603606262E0,-6.559958496E0,2.577789459E0,7.916061651E0
6.211475958E0,3.414549408E0,-6.507866821E0,2.879412231E0,7.893192828E0
6.221414958E0,3.348536682E0,-6.509663086E0,3.070564728E0,7.938310850E0
6.231354958E0,3.226690063E0,-6.536607056E0,3.186723175E0,7.955750446E0
6.241293958E0,3.128344574E0,-6.622378693E0,3.088377686E0,7.948617241E0
6.251232958E0,3.191662903E0,-6.754104767E0,2.833308105E0,7.989510505E0
6.261172958E0,3.456611938E0,-6.808441772E0,2.516267395E0,8.039567592E0
6.271111958E0,3.787274323E0,-6.913074188E0,2.237996063E0,8.194062967E0
6.281051958E0,4.189787292E0,-7.190297699E0,2.109563141E0,8.585159009E0
6.290990958E0,4.604425049E0,-7.629035339E0,2.053130493E0,9.144301781E0
6.300930958E0,4.884792023E0,-8.185877380E0,2.061213684E0,9.752865397E0
6.310869958E0,4.940176849E0,-8.832832031E0,2.271825714E0,1.037234116E1
6.320809958E0,4.779261475E0,-9.590855713E0,2.563718719E0,1.101809907E1
6.330748958E0,4.454886017E0,-1.024978546E1,3.001258850E0,1.157202083E1
6.340688958E0,3.966002655E0,-1.050365753E1,3.557502136E0,1.177759823E1
6.350627958E0,3.597618713E0,-1.045515839E1,3.993844757E0,1.175601945E1
6.360566958E0,3.783083038E0,-1.004860382E1,4.322710876E0,1.157462679E1
6.370506958E0,4.471202087E0,-9.683812408E0,4.499942322E0,1.157658636E1
6.380445958E0,5.347180481E0,-9.327852631E0,4.673281860E0,1.172351215E1
6.390385958E0,5.952371979E0,-9.530531158E0,4.775219879E0,1.220919658E1
6.400324958E0,6.149362335E0,-1.012090347E1,4.622986450E0,1.271295984E1
6.410264958E0,6.095324707E0,-1.099763031E1,4.015100555E0,1.319931393E1
6.420203958E0,5.886209564E0,-1.183678528E1,3.113375702E0,1.358123916E1
6.430143958E0,5.357209625E0,-1.226055405E1,1.900447998E0,1.351416232E1
6.440082958E0,4.704866180E0,-1.262324982E1,7.020401001E-1,1.348981327E1
6.450022958E0,3.962559814E0,-1.284628601E1,-3.519181824E-1,1.344815195E1
6.459961958E0,2.470462646E0,-1.224902802E1,-2.405198364E0,1.272504822E1
6.469900958E0,3.530857544E0,-1.165805695E1,-5.691614227E0,1.344513738E1
6.479840958E0,5.022206268E0,-1.097622482E1,-1.915117493E0,1.222160964E1
6.489779958E0,5.761069794E0,-1.034573593E1,9.071136475E-1,1.187632234E1
6.499719958E0,5.416935425E0,-9.263486481E0,2.826123047E-1,1.073476785E1
6.509658958E0,5.887706451E0,-9.146429901E0,-5.547463989E-1,1.089174048E1
6.519598958E0,6.044879608E0,-9.209149475E0,-1.460961914E-1,1.101682112E1
6.529537958E0,6.165678406E0,-9.548044739E0,-8.425978088E-1,1.139696098E1
6.539477958E0,5.699248352E0,-1.025083328E1,-3.541635132E-1,1.173398681E1
6.549416958E0,5.013075256E0,-1.083342178E1,1.407073975E-2,1.193709131E1
6.559356958E0,3.827690277E0,-1.067370392E1,1.018781433E0,1.138494988E1
6.569295958E0,3.214714966E0,-9.947863312E0,1.412762146E0,1.054942054E1
6.579234958E0,3.037782898E0,-9.076674957E0,1.557361450E0,9.697397996E0
6.589174958E0,2.774779816E0,-8.626261597E0,1.722019043E0,9.223727107E0
6.599113958E0,2.583926697E0,-8.291258240E0,1.898801422E0,8.889718062E0
6.609053958E0,2.807112579E0,-7.647746429E0,1.734443207E0,8.329237643E0
6.618992958E0,2.931952972E0,-7.247628479E0,1.800455933E0,8.022849143E0
6.628932958E0,3.122057648E0,-6.926246796E0,1.750759277E0,7.796492588E0
6.638871958E0,3.214116211E0,-6.466253357E0,1.475781097E0,7.370271728E0
6.648811958E0,3.241509247E0,-6.430178375E0,1.328038330E0,7.322449176E0
6.658750958E0,3.161725159E0,-6.463259583E0,1.339264984E0,7.318733573E0
6.668690958E0,2.982098694E0,-6.494544525E0,1.412762146E0,7.284773029E0
6.678629958E0,2.740650787E0,-6.592740326E0,1.510508881E0,7.297741351E0
6.688569958E0,2.581232300E0,-6.792574768E0,1.791624298E0,7.484099798E0
6.698508958E0,2.548450470E0,-7.061116333E0,2.055076447E0,7.783142223E0
6.708447958E0,2.677033081E0,-7.236701202E0,2.155517578E0,8.011404773E0
6.718387958E0,2.760709076E0,-7.288194122E0,2.279010773E0,8.119924770E0
6.728326958E0,2.766846313E0,-7.513325958E0,2.430645447E0,8.367409561E0
6.738266958E0,2.816692657E0,-7.709867249E0,2.389031982E0,8.548876203E0
6.748205958E0,2.961591339E0,-7.824229431E0,2.376458130E0,8.696961693E0
6.758145958E0,3.130889282E0,-7.969876556E0,2.198328552E0,8.840477840E0
6.768084958E0,3.420536957E0,-8.183931427E0,2.068398743E0,9.107967942E0
6.778024958E0,3.634442139E0,-8.421936493E0,2.046993256E0,9.398317155E0
6.787963958E0,3.652853851E0,-8.420140228E0,2.175575867E0,9.432668396E0
6.797903958E0,3.483855286E0,-8.278983765E0,2.358345795E0,9.286582510E0
6.807842958E0,3.342698822E0,-8.086633759E0,2.700983276E0,9.157652080E0
6.817781958E0,3.188220062E0,-7.999365234E0,3.222349091E0,9.194461647E0
6.827721958E0,2.897674255E0,-7.976762238E0,3.630400543E0,9.230658697E0
6.837660958E0,2.966531067E0,-7.994126129E0,3.910168762E0,9.380606531E0
6.847600958E0,3.008593597E0,-8.147557068E0,3.968996429E0,9.549201761E0
6.857539958E0,2.932701416E0,-8.441994781E0,3.783831482E0,9.704915980E0
6.867479958E0,2.966381378E0,-8.806486816E0,3.635639648E0,9.978552209E0
6.877418958E0,3.054997101E0,-9.444160767E0,3.404969330E0,1.049375986E1
6.887358958E0,3.331921234E0,-9.960287476E0,3.297792206E0,1.100838131E1
6.897297958E0,3.569776611E0,-1.021206390E1,3.244503021E0,1.129408492E1
6.907237958E0,3.975582733E0,-1.034393967E1,3.165317688E0,1.152482460E1
6.917176958E0,4.435276794E0,-1.042072998E1,3.023263092E0,1.172192021E1
6.927115958E0,4.671036530E0,-1.098086517E1,2.682421875E0,1.223083682E1
6.937055958E0,4.891228638E0,-1.185489761E1,2.314337311E0,1.303145703E1
6.946995083E0,5.025649109E0,-1.234348160E1,1.982477417E0,1.347400845E1
6.956935083E0,4.859644318E0,-1.233779343E1,1.634900208E0,1.336077049E1
6.966874083E0,4.684957581E0,-1.184786224E1,1.337169342E0,1.281049137E1
6.976814083E0,4.570146332E0,-1.108055786E1,9.922865295E-1,1.202703756E1
6.986753083E0,4.647086334E0,-1.038884628E1,8.039781189E-1,1.140920327E1
6.996693083E0,4.747377777E0,-9.417067108E0,1.124162292E0,1.060577623E1
7.006632083E0,4.636009369E0,-8.478668518E0,1.505419464E0,9.779912600E0
7.016572083E0,4.192930756E0,-7.836204529E0,1.465602264E0,9.007483541E0
7.026511083E0,4.315825195E0,-7.927664337E0,-4.311035156E-2,9.026409445E0
7.036450083E0,4.395010529E0,-7.910749512E0,-2.580334167E0,9.410324107E0
7.046390083E0,4.243076477E0,-8.291557617E0,-8.583151245E-1,9.353626599E0
7.056329083E0,4.619842987E0,-8.728349304E0,-3.454815674E-1,9.881618709E0
7.066269083E0,5.486241302E0,-8.622220001E0,-7.430548096E-1,1.024664100E1
7.076208083E0,5.925278320E0,-8.824000397E0,-8.587641907E-1,1.066346014E1
7.086148083E0,6.102360077E0,-9.184151459E0,-3.432362366E-1,1.103201014E1
7.096087083E0,6.244714050E0,-9.280251617E0,1.164578247E-1,1.118629009E1
7.106027083E0,6.099216614E0,-9.160051575E0,9.620494080E-1,1.104683336E1
7.115966083E0,5.761518860E0,-8.941206665E0,1.525926819E0,1.074563767E1
7.125906083E0,5.124443665E0,-8.793164520E0,1.569935303E0,1.029778433E1
7.135845083E0,4.605921936E0,-8.348439331E0,1.562301178E0,9.661870477E0
7.145785083E0,4.233496399E0,-8.145162048E0,1.717678070E0,9.338981449E0
7.155724083E0,3.704047394E0,-8.049960022E0,1.874102783E0,9.057266955E0
7.165663083E0,3.320844269E0,-8.192164307E0,1.963017883E0,9.054998724E0
7.175603083E0,3.127296753E0,-7.956853638E0,2.072889404E0,8.797066288E0
7.185542083E0,2.941383362E0,-7.639363861E0,1.832788696E0,8.388726404E0
7.195482083E0,2.960094452E0,-7.511529694E0,1.808688812E0,8.273849933E0
7.205421083E0,2.990032196E0,-7.251819763E0,1.660646667E0,8.017913055E0
7.215361083E0,3.007994843E0,-6.931934967E0,1.912872162E0,7.794795396E0
7.225300083E0,3.019221497E0,-6.671775970E0,2.336491241E0,7.686838386E0
7.235240083E0,3.226540375E0,-6.523883514E0,2.435585175E0,7.674874204E0
7.245179083E0,3.329825592E0,-6.544540558E0,2.544558563E0,7.771327291E0
7.255119083E0,3.360511780E0,-6.579118652E0,2.752326508E0,7.883726458E0
7.265058083E0,3.620521088E0,-6.576873322E0,2.982547760E0,8.078305935E0
7.274997083E0,3.805087280E0,-6.387217712E0,3.019520874E0,8.024509058E0
7.284937083E0,3.981719971E0,-6.315067749E0,3.074905701E0,8.073984126E0
7.294876083E0,4.107757874E0,-6.416856079E0,3.160677338E0,8.248611878E0
7.304816083E0,4.291425934E0,-6.527176666E0,3.121907959E0,8.412293450E0
7.314755083E0,4.300257568E0,-6.818470917E0,2.854264526E0,8.551642344E0
7.324695083E0,4.355043640E0,-7.176975403E0,2.433788910E0,8.740635532E0
7.334634083E0,4.524042206E0,-7.356452179E0,2.173330536E0,8.905487755E0
7.344574083E0,4.791835327E0,-7.578889618E0,2.007026367E0,9.188547681E0
7.354513083E0,5.013075256E0,-7.851622467E0,2.112257538E0,9.551990934E0
7.364453083E0,5.301226044E0,-8.140072632E0,1.844314728E0,9.887632519E0
7.374392083E0,5.351970520E0,-8.685688019E0,2.057321777E0,1.040756156E1
7.384331083E0,4.988226929E0,-9.045240326E0,3.071163483E0,1.077640133E1
7.394271083E0,4.402944031E0,-9.357940063E0,3.716321869E0,1.098944979E1
7.404210083E0,3.871249695E0,-9.612261200E0,4.293521576E0,1.121679398E1
7.414150083E0,3.936513977E0,-9.629026337E0,4.502487030E0,1.133519651E1
7.424089083E0,3.816763000E0,-9.691296844E0,4.684209137E0,1.142062737E1
7.434029083E0,4.307143250E0,-9.709558868E0,4.535119171E0,1.154964598E1
7.443968083E0,5.087320862E0,-1.006806335E1,4.240531769E0,1.205109302E1
7.453908083E0,5.694907379E0,-1.087847809E1,3.670068054E0,1.281571906E1
7.463847083E0,6.143823853E0,-1.172272247E1,2.831511841E0,1.353463162E1
7.473787083E0,6.289321289E0,-1.250858826E1,1.743574219E0,1.410887641E1
7.483726083E0,6.299949188E0,-1.288969574E1,9.327104187E-1,1.437718904E1
7.493666083E0,6.219865723E0,-1.226369751E1,-5.863307190E-1,1.376331319E1
7.503605083E0,5.611530762E0,-1.165476379E1,-4.388873291E-1,1.294277477E1
7.513544083E0,4.501289520E0,-1.105945175E1,-2.484832764E-2,1.194042285E1
7.523484083E0,4.354744263E0,-1.065798660E1,3.576063538E-1,1.151886966E1
7.533423083E0,5.175188141E0,-9.998009033E0,9.135502625E-1,1.129501355E1
7.543363083E0,5.261109467E0,-8.999585266E0,-2.411485291E-1,1.042736594E1
7.553302083E0,5.251679077E0,-8.155041504E0,-2.804118805E0,1.009692613E1
7.563242083E0,5.348677368E0,-8.431217194E0,-2.286046143E0,1.024303568E1
7.573181083E0,5.354814606E0,-9.121132507E0,-1.921404419E0,1.074992524E1
7.583121083E0,5.327571259E0,-9.782756653E0,-1.744472351E0,1.127512869E1
7.593060083E0,5.306016083E0,-1.042357407E1,-8.634045410E-1,1.172817848E1
7.603000083E0,4.770729218E0,-1.053060150E1,2.055226135E-1,1.156268415E1
7.612939083E0,3.962709503E0,-1.004935226E1,9.385482788E-1,1.084312780E1
7.622878083E0,3.512745209E0,-9.630523224E0,1.199755096E0,1.032113215E1
7.632818083E0,3.267255707E0,-8.917406158E0,1.434467010E0,9.604831495E0
7.642757083E0,3.284619598E0,-8.639583893E0,1.504221954E0,9.364497821E0
7.652697083E0,3.294499054E0,-8.660540314E0,1.617386627E0,9.406094941E0
7.662636083E0,3.296445007E0,-8.174650726E0,1.601220245E0,8.958536178E0
7.672576083E0,3.375480652E0,-7.688012695E0,1.506018219E0,8.530386844E0
7.682515083E0,3.356619873E0,-7.398963776E0,1.422791290E0,8.248387538E0
7.692455083E0,3.284320221E0,-7.149282990E0,1.159788208E0,7.952616882E0
7.702394083E0,3.012186127E0,-7.058721313E0,1.064137115E0,7.747980359E0
7.712334083E0,2.776426392E0,-6.987020416E0,1.109343109E0,7.599844731E0
7.722273083E0,2.571053467E0,-6.884483643E0,1.144669647E0,7.437519718E0
7.732212083E0,2.400108948E0,-6.843319244E0,1.312171326E0,7.369758126E0
7.742152083E0,2.367776184E0,-6.937772827E0,1.582509155E0,7.499559393E0
7.752091083E0,2.449655914E0,-6.982230377E0,1.651964722E0,7.581645110E0
7.762031083E0,2.648592224E0,-6.986571350E0,1.873653717E0,7.703103157E0
7.771970083E0,2.637814636E0,-6.870113525E0,2.204615479E0,7.682242857E0
7.781910083E0,2.531385956E0,-6.783443756E0,2.460283813E0,7.646961520E0
7.791849083E0,2.495610352E0,-6.826254730E0,2.665057983E0,7.741340887E0
7.801789083E0,2.525548096E0,-7.070397034E0,2.737058258E0,7.991269943E0
7.811728083E0,2.592009888E0,-7.275021515E0,2.679278412E0,8.174532776E0
7.821668083E0,2.676284637E0,-7.399263153E0,2.679577789E0,8.312143634E0
7.831607083E0,2.602338409E0,-7.538922729E0,2.737207947E0,8.432071422E0
7.841547083E0,2.468965759E0,-7.730224915E0,2.737357635E0,8.564186825E0
7.851486083E0,2.332898712E0,-7.934550018E0,2.643951874E0,8.682740461E0
7.861425083E0,2.285746765E0,-8.134384460E0,2.565964050E0,8.830459803E0
7.871365083E0,2.287243652E0,-8.402327271E0,2.434537354E0,9.041988676E0
7.881304083E0,2.466421051E0,-8.822503510E0,2.346071320E0,9.456418540E0
7.891244083E0,2.811752930E0,-9.192384338E0,2.290686493E0,9.881959774E0
7.901183083E0,3.153492279E0,-9.469158783E0,2.392624512E0,1.026324187E1
7.911123083E0,3.532354431E0,-9.511820068E0,2.617606659E0,1.047874580E1
7.921062083E0,3.622766418E0,-9.721384277E0,3.019670563E0,1.080500621E1
7.931002083E0,3.678151245E0,-9.989027710E0,3.569776611E0,1.122732275E1
7.940941083E0,3.716621246E0,-1.013721954E1,3.830833740E0,1.145651695E1
7.950881583E0,3.789968719E0,-1.053060150E1,3.577710114E0,1.174978470E1
7.960820583E0,4.145180054E0,-1.122560623E1,3.132535858E0,1.236970225E1
7.970759583E0,4.820874939E0,-1.197375046E1,2.534379730E0,1.315426227E1
7.980699583E0,5.674250336E0,-1.262833923E1,1.969903564E0,1.398401190E1
7.990638583E0,6.121220856E0,-1.301303925E1,1.645228729E0,1.447464379E1
8.000578583E0,6.001469879E0,-1.249586472E1,1.416055298E0,1.393447122E1
8.010517583E0,5.333708496E0,-1.140223892E1,1.337169342E0,1.265889097E1
8.020457583E0,4.840933228E0,-1.073028625E1,1.424437866E0,1.185760097E1
8.030396583E0,4.844974823E0,-1.010054581E1,1.173858948E0,1.126378051E1
8.040336583E0,4.719835052E0,-9.264983368E0,1.143621826E-1,1.039854982E1
8.050275583E0,4.484374695E0,-8.678952026E0,-8.702902222E-1,9.807712769E0
8.060215583E0,4.270319824E0,-8.499325562E0,-1.088835754E0,9.573908800E0
8.070154583E0,4.707560577E0,-8.589887238E0,-1.188678131E0,9.867129524E0
8.080094583E0,5.564528503E0,-8.742120667E0,-1.233285370E0,1.043597834E1
8.090033583E0,5.939498749E0,-9.176966400E0,-1.018332367E0,1.097867745E1
8.099972583E0,6.011199646E0,-9.647587738E0,-6.122268677E-1,1.138355358E1
8.109912583E0,6.049220581E0,-9.909393311E0,-2.794688416E-1,1.161323591E1
8.119851583E0,5.995033264E0,-1.001402573E1,4.450245667E-1,1.167986224E1
8.129791583E0,5.833219757E0,-9.792486420E0,1.237626343E0,1.146520658E1
8.139730583E0,5.522465973E0,-9.489516449E0,1.783092041E0,1.112330752E1
8.149670583E0,5.187163239E0,-9.076824646E0,2.043999481E0,1.065238668E1
8.159609583E0,4.775369568E0,-8.371341705E0,1.892813873E0,9.821723923E0
8.169549583E0,4.508025513E0,-7.970026245E0,1.684896240E0,9.310343050E0
8.179488583E0,4.170627136E0,-7.766449585E0,1.844015350E0,9.006234645E0
8.189428583E0,3.793411560E0,-7.345225525E0,1.817520447E0,8.464377700E0
8.199367583E0,3.508254547E0,-6.835086365E0,1.583856354E0,7.844415627E0
8.209306583E0,3.260669403E0,-6.620881805E0,1.378333740E0,7.507852205E0
8.219246583E0,3.093018036E0,-6.439459076E0,1.080752563E0,7.225055008E0
8.229185583E0,3.071313171E0,-6.265221405E0,8.140072632E-1,7.024853854E0
8.239125583E0,2.997366943E0,-6.005661163E0,6.159690857E-1,6.740296174E0
8.249064583E0,2.979404297E0,-5.900879059E0,7.969427490E-1,6.658253628E0
8.259004583E0,2.996019745E0,-5.940696259E0,1.118923187E0,6.746850780E0
8.268943583E0,3.165467377E0,-5.872887268E0,1.245859222E0,6.786984145E0
8.278883583E0,3.350033569E0,-5.993686066E0,1.602417755E0,7.050868048E0
8.288822583E0,3.409160614E0,-6.001918945E0,1.875449982E0,7.152812017E0
8.298762583E0,3.754043427E0,-6.216273193E0,2.044149170E0,7.544099701E0
8.308701583E0,4.176165619E0,-6.487509155E0,2.368824005E0,8.070902148E0
8.318641583E0,4.434378662E0,-6.487658844E0,2.747835846E0,8.324904398E0
8.328580583E0,4.553830261E0,-6.628366241E0,3.066972198E0,8.606911615E0
8.338519583E0,4.680466919E0,-6.867718506E0,3.333268433E0,8.954496440E0
8.348459583E0,4.860542450E0,-7.027436371E0,3.417692871E0,9.202736518E0
8.358398583E0,5.001100159E0,-7.207062836E0,3.448977814E0,9.425932605E0
8.368338583E0,5.130880280E0,-7.564369812E0,3.366798706E0,9.740685634E0
8.378277583E0,5.222639465E0,-7.998467102E0,2.982398071E0,1.000730419E1
8.388217583E0,5.439837799E0,-8.457263031E0,2.489772491E0,1.035934845E1
8.398156583E0,5.347180481E0,-8.994196472E0,2.145338745E0,1.068131020E1
8.408096583E0,5.084476776E0,-9.317823486E0,1.732197876E0,1.075519633E1
8.418035583E0,4.758604431E0,-9.433832245E0,2.430346069E0,1.084195965E1
8.427975583E0,4.496649170E0,-9.369765472E0,3.538641357E0,1.097881330E1
8.437914583E0,4.463418274E0,-9.298962708E0,3.949686584E0,1.104503663E1
8.447854583E0,4.618046722E0,-9.117989044E0,4.217629395E0,1.105678423E1
8.457793583E0,4.866380310E0,-8.777447205E0,4.283043365E0,1.091190621E1
8.467732583E0,5.294040985E0,-8.623866577E0,3.993994446E0,1.087887569E1
8.477672583E0,6.031108246E0,-9.013506317E0,3.450474701E0,1.138083206E1
8.487611583E0,6.465953979E0,-9.499395905E0,2.734962616E0,1.181215916E1
8.497551583E0,6.624025269E0,-9.910890198E0,1.885628815E0,1.206892917E1
8.507490583E0,6.535858612E0,-1.025876678E1,1.238225098E0,1.222673076E1
8.517430583E0,6.280339966E0,-1.033855087E1,-9.175918579E-2,1.209697169E1
8.527369583E0,5.730533295E0,-1.079405365E1,-8.177494812E-1,1.224823743E1
8.537309583E0,4.612807617E0,-1.154893387E1,-1.106798401E0,1.248522608E1
8.547248583E0,3.885170746E0,-1.174846893E1,-1.195563812E0,1.243183200E1
8.557188583E0,3.922592926E0,-1.140927429E1,4.640350342E-2,1.206484266E1
8.567127583E0,4.427942047E0,-1.089000412E1,1.157542877E0,1.181265279E1
8.577066583E0,4.761149139E0,-1.028885422E1,2.010319519E-1,1.133884809E1
8.587006583E0,5.034031677E0,-1.008408005E1,-2.241738281E0,1.149154193E1
8.596945583E0,5.689817963E0,-9.848470001E0,-2.418969727E0,1.162831907E1
8.606885583E0,5.526507568E0,-1.010114456E1,-1.309476929E0,1.158836214E1
8.616824583E0,5.556295624E0,-1.050111282E1,-1.197509766E0,1.194067926E1
8.626764583E0,5.423970795E0,-1.097368011E1,-7.235952759E-1,1.226232868E1
8.636703583E0,4.962031403E0,-1.115360596E1,1.227447510E-1,1.220818364E1
8.646643583E0,4.157155151E0,-1.084539688E1,1.119971008E0,1.166871490E1
8.656582583E0,3.698059845E0,-1.017613861E1,1.640289001E0,1.095079868E1
8.666522583E0,3.626957703E0,-9.235943756E0,1.925146637E0,1.010760450E1
8.676461583E0,3.510050812E0,-8.877139893E0,1.769919434E0,9.708588166E0
8.686400583E0,3.434308319E0,-8.628806305E0,1.669777679E0,9.436044159E0
8.696340583E0,3.287912750E0,-7.933053131E0,1.848206635E0,8.784052026E0
8.706279583E0,3.223995667E0,-7.521558838E0,1.944755859E0,8.411306127E0
8.716219583E0,3.093018036E0,-7.158863068E0,1.890867920E0,8.024429106E0
8.726158583E0,2.943628693E0,-6.845115509E0,1.617985382E0,7.624856255E0
8.736098583E0,2.847678223E0,-6.775659943E0,1.440155182E0,7.489518400E0
8.746037583E0,2.688409424E0,-6.783144379E0,1.501527557E0,7.449374329E0
8.755977583E0,2.447260895E0,-6.749314728E0,1.628164215E0,7.361606747E0
8.765916583E0,2.348616028E0,-6.881040802E0,1.720372467E0,7.471572873E0
8.775856583E0,2.298170929E0,-6.991810455E0,1.819915466E0,7.581496908E0
8.785795583E0,2.205214233E0,-7.065756683E0,1.988315277E0,7.664286331E0
8.795735583E0,2.350711670E0,-7.016509094E0,2.055525513E0,7.680001976E0
8.805674583E0,2.518363037E0,-6.925797729E0,2.132465515E0,7.671781785E0
8.815613583E0,2.610571289E0,-6.806196442E0,2.211501160E0,7.617750970E0
8.825553583E0,2.661166077E0,-6.694678345E0,2.365979919E0,7.582768888E0
8.835492583E0,2.776127014E0,-6.671626282E0,2.585722961E0,7.674857763E0
8.845432583E0,2.794987793E0,-6.617438965E0,2.718197479E0,7.680563310E0
8.855371583E0,2.795586548E0,-6.650370483E0,2.819686432E0,7.745538283E0
8.865311583E0,2.831511841E0,-6.760092316E0,2.853067017E0,7.864877547E0
8.875250583E0,2.859204254E0,-6.977739716E0,2.897225189E0,8.078230889E0
8.885190583E0,2.812501373E0,-7.322772217E0,2.781665497E0,8.322909338E0
8.895129583E0,2.856809235E0,-7.818092194E0,2.440674591E0,8.674146472E0
8.905069583E0,3.137026520E0,-8.430917816E0,2.081271973E0,9.233255311E0
8.915008583E0,3.577710114E0,-8.982071686E0,1.945354614E0,9.862151185E0
8.924948583E0,3.933669891E0,-9.644893341E0,2.058818665E0,1.061774273E1
8.934887583E0,4.287534027E0,-1.007195526E1,2.372266846E0,1.120066430E1
8.944825958E0,4.771477661E0,-1.002779709E1,2.824775848E0,1.145875526E1
8.954765958E0,4.839885406E0,-9.866133270E0,3.321892090E0,1.148042001E1
8.964704958E0,4.557572479E0,-1.015263748E1,3.813469849E0,1.176393076E1
8.974644958E0,3.995641022E0,-1.047746201E1,3.901636505E0,1.187287348E1
8.984583958E0,3.778592377E0,-1.102457428E1,3.675606537E0,1.222002790E1
8.994523958E0,4.321812744E0,-1.209874054E1,3.084485779E0,1.321255617E1
9.004462958E0,5.460195465E0,-1.284808228E1,2.313738556E0,1.415063033E1
9.014402958E0,6.302194519E0,-1.285885986E1,1.596579895E0,1.440892085E1
9.024341958E0,6.634353790E0,-1.272937912E1,1.261277161E0,1.440980788E1
9.034281958E0,6.183940430E0,-1.190668991E1,1.152902527E0,1.346623808E1
9.044220958E0,5.405409393E0,-1.102068237E1,1.707798615E0,1.239316210E1
9.054160958E0,5.318140869E0,-1.023810974E1,3.617976379E-1,1.154263449E1
9.064099958E0,4.825365601E0,-9.541458435E0,-1.477577362E0,1.079383236E1
9.074038958E0,3.805236969E0,-9.439520416E0,-2.389031982E0,1.045427414E1
9.083978958E0,3.269650726E0,-8.989855499E0,-1.891167297E0,9.751134884E0
9.093917958E0,4.068090363E0,-8.617579651E0,-2.650687866E0,9.891318638E0
9.103857958E0,5.049599304E0,-8.844208374E0,-2.176174622E0,1.041413515E1
9.113796958E0,5.979166260E0,-8.773255920E0,-1.381028137E0,1.070643205E1
9.123736958E0,6.487359467E0,-9.580826569E0,-4.411326599E-1,1.157897528E1
9.133675958E0,6.231391754E0,-9.928254089E0,7.638615417E-1,1.174665727E1
9.143615958E0,5.845494232E0,-9.695637817E0,1.498234406E0,1.142015332E1
9.153554958E0,5.401367798E0,-9.735754395E0,1.852846985E0,1.128683878E1
9.163494958E0,4.902754669E0,-9.634415131E0,1.957928467E0,1.098601120E1
9.173433958E0,4.599036255E0,-9.204359436E0,1.636696472E0,1.041873996E1
9.183372958E0,4.460723877E0,-8.530909882E0,1.352736969E0,9.721336236E0
9.193312958E0,4.314028931E0,-8.274044037E0,1.438358917E0,9.441373137E0
9.203251958E0,3.934717712E0,-8.074658661E0,1.319356384E0,9.078701297E0
9.213191958E0,3.558849335E0,-7.771389313E0,1.055904236E0,8.612481303E0
9.223130958E0,3.210972748E0,-7.539671173E0,8.741821289E-1,8.241430809E0
9.233070958E0,3.191363525E0,-7.295229492E0,8.337661743E-1,8.006268827E0
9.243009958E0,3.175795898E0,-6.995402985E0,8.110134888E-1,7.725223970E0
9.252949958E0,3.144810333E0,-6.734345856E0,8.131091309E-1,7.476790260E0
9.262888958E0,3.188818817E0,-6.483467560E0,9.590556335E-1,7.288601015E0
9.272828958E0,3.390898590E0,-6.127807159E0,1.195264435E0,7.104707658E0
9.282767958E0,3.388054504E0,-6.001020813E0,1.350641327E0,7.022492159E0
9.292707958E0,3.609294434E0,-5.994434509E0,1.517394562E0,7.159800112E0
9.302646958E0,3.710184631E0,-5.806874542E0,1.613644409E0,7.077366052E0
9.312585958E0,3.826941833E0,-5.684129791E0,1.903741150E0,7.111894659E0
9.322525958E0,3.830833740E0,-5.963598633E0,2.113155670E0,7.396297904E0
9.332464958E0,3.726800079E0,-6.127657471E0,2.296374664E0,7.530641507E0
9.342404958E0,3.651057587E0,-6.281537476E0,2.386936340E0,7.647574756E0
9.352343958E0,3.718567200E0,-6.335425415E0,2.387235718E0,7.724263821E0
9.362283958E0,3.791315918E0,-6.480174408E0,2.339634705E0,7.863881185E0
9.372222958E0,3.889362030E0,-6.629863129E0,2.091750183E0,7.966030438E0
9.382162958E0,4.164040833E0,-6.678661652E0,1.818268890E0,8.077738500E0
9.392101958E0,4.339625702E0,-6.935677185E0,1.712139587E0,8.358671618E0
9.402041958E0,4.465962982E0,-7.295079803E0,1.666783905E0,8.714423864E0
9.411980958E0,4.703069916E0,-7.731572113E0,1.858984222E0,9.238609003E0
9.421920958E0,5.016368408E0,-8.179889832E0,2.212249603E0,9.847263476E0
9.431859958E0,5.040767670E0,-8.602760468E0,2.656076660E0,1.031850617E1
9.441798958E0,4.964127045E0,-9.034013672E0,3.210823059E0,1.079654320E1
9.451738958E0,4.565655670E0,-9.460027771E0,3.810176697E0,1.117384372E1
9.461677958E0,3.930526428E0,-9.794432373E0,4.259991302E0,1.138101355E1
9.471617958E0,3.365451508E0,-1.001492386E1,4.393214264E0,1.144225919E1
9.481556958E0,3.377426605E0,-9.890233154E0,4.444258118E0,1.135672279E1
9.491496958E0,3.798500977E0,-9.783654785E0,4.141138458E0,1.128262108E1
9.501435958E0,4.699926453E0,-1.000324814E1,3.653003540E0,1.164039161E1
9.511375958E0,5.650599518E0,-1.079016174E1,2.974464569E0,1.253811409E1
9.521314958E0,5.903124390E0,-1.144190643E1,2.456691284E0,1.310722825E1
9.531254958E0,5.766458588E0,-1.229677872E1,1.518741760E0,1.366635972E1
9.541193958E0,5.524262238E0,-1.283835251E1,4.194277954E-1,1.398272821E1
9.551132958E0,5.613925781E0,-1.226938568E1,3.477268982E-1,1.349721829E1
9.561072958E0,5.901178436E0,-1.167886368E1,4.346960449E-1,1.309231547E1
9.571011958E0,5.170697479E0,-1.142499161E1,-6.975494385E-2,1.254078990E1
9.580951958E0,4.273463287E0,-1.122186401E1,-6.656657410E-1,1.202646379E1
9.590890958E0,4.706363068E0,-1.048060547E1,-6.734495544E-1,1.150853938E1
9.600830958E0,5.190007324E0,-9.855056305E0,-2.444416809E-1,1.114082863E1
9.610769958E0,4.588408356E0,-9.461524658E0,-5.014572144E-1,1.052736432E1
9.620709958E0,4.652924194E0,-9.044342194E0,-2.446362762E0,1.046109555E1
9.630648958E0,5.204976196E0,-9.313632202E0,-1.865720215E0,1.083127111E1
9.640588958E0,5.092410278E0,-1.016805542E1,-1.378184052E0,1.145519030E1
9.650527958E0,4.998854828E0,-1.052311707E1,-9.707313538E-1,1.169046029E1
9.660467958E0,4.795876923E0,-1.086320984E1,-5.134323120E-1,1.188584773E1
9.670406958E0,4.121080170E0,-1.089748856E1,5.037025452E-1,1.166157257E1
9.680345958E0,3.574117584E0,-1.036384827E1,1.094972992E0,1.101737869E1
9.690285958E0,3.178939362E0,-9.732610931E0,1.271755371E0,1.031730259E1
9.700224958E0,2.986289978E0,-8.985963593E0,1.243613892E0,9.550499727E0
9.710164958E0,2.965183868E0,-8.942703552E0,1.327738953E0,9.514575814E0
9.720103958E0,2.945724335E0,-8.605754242E0,1.211430817E0,9.176266264E0
9.730043958E0,3.057691498E0,-8.109386444E0,9.392967224E-1,8.717448258E0
9.739982958E0,3.211870880E0,-7.675289154E0,8.550219727E-1,8.364044519E0
9.749922958E0,3.223097534E0,-7.208859100E0,9.629475403E-1,7.955078580E0
9.759861958E0,2.975362701E0,-6.842570801E0,1.006956024E0,7.529111422E0
9.769801958E0,2.746189270E0,-6.625222778E0,1.100212097E0,7.255728704E0
9.779740958E0,2.605631561E0,-6.532864838E0,1.224753113E0,7.139163747E0
9.789680958E0,2.493215332E0,-6.523883514E0,1.300196228E0,7.104061446E0
9.799619958E0,2.398162994E0,-6.530918884E0,1.331331482E0,7.083539421E0
9.809558958E0,2.264191589E0,-6.623576202E0,1.634002075E0,7.188065668E0
9.819498958E0,2.400558014E0,-6.636000366E0,1.968107300E0,7.326160385E0
9.829437958E0,2.411934357E0,-6.489155731E0,2.285746765E0,7.290487482E0
9.839377958E0,2.402803345E0,-6.586154022E0,2.484982452E0,7.438146712E0
9.849316958E0,2.331401825E0,-6.768624573E0,2.591411133E0,7.613483088E0
9.859256958E0,2.299069061E0,-6.930288391E0,2.737657013E0,7.798037038E0
9.869195958E0,2.260000305E0,-7.312443695E0,2.805615692E0,8.151742978E0
9.879135958E0,2.301763458E0,-7.683671722E0,2.724185028E0,8.471015891E0
9.889074958E0,2.322869568E0,-7.903414764E0,2.699785767E0,8.668825246E0
9.899014958E0,2.314936066E0,-8.126001892E0,2.601589966E0,8.840763886E0
9.908953958E0,2.265538788E0,-8.330776062E0,2.574047241E0,9.008896436E0
9.918892958E0,2.224374390E0,-8.450377350E0,2.472408600E0,9.081273207E0
9.928832958E0,2.206262054E0,-8.662037201E0,2.304158478E0,9.230797745E0
9.938771958E0,2.254611511E0,-9.022936707E0,2.251917114E0,9.569106048E0
9.948712375E0,2.517165527E0,-9.438472595E0,2.300715637E0,1.003564545E1
9.958651375E0,2.794389038E0,-9.699978790E0,2.498155060E0,1.039898925E1
9.968591375E0,3.256178741E0,-9.635013885E0,2.760858765E0,1.053843127E1
9.978530375E0,3.638483734E0,-9.497000885E0,3.256328430E0,1.067872954E1
9.988470375E0,4.092489624E0,-9.306447144E0,3.807781677E0,1.085622545E1
9.998409375E0,4.070934448E0,-9.247619476E0,4.090693359E0,1.090067637E1
1.000834937E1,3.640429688E0,-9.722581787E0,4.161945190E0,1.118495028E1
1.001828837E1,3.020568695E0,-1.039049286E1,3.932622070E0,1.151310963E1
1.002822837E1,2.796634369E0,-1.124102417E1,3.271297302E0,1.203674267E1
1.003816737E1,3.187471619E0,-1.207179657E1,2.437830505E0,1.272129181E1
1.004810738E1,4.008663940E0,-1.253987320E1,1.748663635E0,1.328064874E1
1.005804637E1,5.358556824E0,-1.243030106E1,1.385518799E0,1.360684305E1
1.006798538E1,6.203549652E0,-1.153665939E1,1.096469879E0,1.314461047E1
1.007792537E1,6.431375885E0,-1.065648972E1,7.511380005E-1,1.246946579E1
1.008786438E1,6.707252197E0,-1.017464172E1,4.061054993E-1,1.219325584E1
1.009780437E1,6.936575317E0,-9.917326813E0,4.213737488E-1,1.210978960E1
1.010774338E1,6.693331146E0,-9.819430389E0,9.391470337E-1,1.192073371E1
1.011768337E1,6.213728485E0,-9.670041046E0,2.107617188E-1,1.149628357E1
1.012762238E1,5.806724854E0,-9.981692963E0,-1.007854156E0,1.159172196E1
1.013756237E1,5.085524597E0,-1.061697189E1,-6.689588928E-1,1.179110506E1
1.014750138E1,5.102289734E0,-1.021984772E1,-9.298663330E-1,1.146051043E1
1.015744137E1,5.804778900E0,-9.933942261E0,-1.545386353E0,1.160891407E1
1.016738038E1,5.879922638E0,-1.008737320E1,-8.972341919E-1,1.171040638E1
1.017731938E1,5.759572906E0,-1.030517029E1,-3.963757324E-1,1.181212633E1
1.018725938E1,5.539530487E0,-1.009575577E1,4.442761230E-1,1.152423810E1
1.019719838E1,5.185666351E0,-9.492061157E0,1.321302338E0,1.089661417E1
1.020713838E1,4.832101593E0,-8.754095764E0,1.731000366E0,1.014789440E1
1.021707738E1,4.659809875E0,-8.229287109E0,1.452878723E0,9.567959604E0
1.022701738E1,4.272265778E0,-7.870782623E0,1.241069183E0,9.041113134E0
1.023695638E1,3.928131409E0,-7.559280396E0,1.377585297E0,8.629639489E0
1.024689637E1,3.677103424E0,-7.317383423E0,1.376238098E0,8.304168896E0
1.025683538E1,3.543132019E0,-7.006180573E0,1.159937897E0,7.936359785E0
1.026677537E1,3.460653534E0,-6.641838226E0,8.093669128E-1,7.532941836E0
1.027671438E1,3.298241272E0,-6.301446075E0,4.667294312E-1,7.127724356E0
1.028665437E1,3.162473602E0,-6.221661987E0,5.405259705E-1,7.000177533E0
1.029659338E1,3.483855286E0,-6.007756805E0,5.599855042E-1,6.967350519E0
1.030653237E1,3.621868286E0,-5.902375946E0,7.801776123E-1,6.968834106E0
1.031647238E1,3.621269531E0,-5.816454620E0,9.776170349E-1,6.921016720E0
1.032641137E1,3.594325562E0,-6.047873383E0,1.322499847E0,7.158558133E0
1.033635138E1,3.545077972E0,-6.233038330E0,1.647324371E0,7.357446720E0
1.034629037E1,3.360062714E0,-6.569388885E0,2.065704346E0,7.662507828E0
1.035623038E1,3.228037262E0,-6.834188232E0,2.445314941E0,7.943923371E0
1.036616937E1,3.245251465E0,-6.965465240E0,2.613415375E0,8.116606619E0
1.037610938E1,3.245999908E0,-6.977739716E0,2.695594482E0,8.154237951E0
1.038604837E1,3.414250031E0,-7.038363647E0,2.744692383E0,8.290295675E0
1.039598838E1,3.674109650E0,-7.025789795E0,2.710563354E0,8.379018896E0
1.040592737E1,3.781586151E0,-7.016958160E0,2.635419617E0,8.395447111E0
1.041586738E1,3.786376190E0,-7.103178864E0,2.734663239E0,8.501186838E0
1.042580637E1,3.971241760E0,-7.181915131E0,2.804717560E0,8.672779638E0
1.043574537E1,4.110901337E0,-7.428153076E0,2.741399231E0,8.921448182E0
1.044568537E1,4.292473755E0,-7.891888733E0,2.797382812E0,9.409175804E0
1.045562437E1,4.453688507E0,-8.371940460E0,2.820734253E0,9.893496354E0
1.046556437E1,4.534071350E0,-8.731193390E0,2.855462036E0,1.024427667E1
1.047550337E1,4.602628784E0,-8.938961334E0,2.893482971E0,1.046238334E1
1.048544337E1,4.720733185E0,-9.175918579E0,3.074157257E0,1.076723021E1
1.049538237E1,4.814138947E0,-9.451495514E0,3.293750610E0,1.110655186E1
1.050532237E1,4.724625092E0,-9.654323730E0,3.444187775E0,1.128673905E1
1.051526137E1,4.572092285E0,-9.634864197E0,3.582051086E0,1.125014337E1
1.052520137E1,4.856500854E0,-9.543404388E0,3.628604279E0,1.130614598E1
1.053514037E1,5.713169403E0,-9.841135254E0,3.408861237E0,1.187891336E1
1.054508037E1,6.341412964E0,-1.055110886E1,2.935246124E0,1.265523948E1
1.055501937E1,6.480174408E0,-1.175266022E1,2.369273071E0,1.362832115E1
1.056495838E1,6.317612457E0,-1.278266830E1,1.666035461E0,1.435564385E1
1.057489837E1,6.024671631E0,-1.312560516E1,1.208586731E0,1.449271752E1
1.058483738E1,5.621559906E0,-1.315943481E1,5.908213806E-1,1.432207144E1
1.059477737E1,5.208119659E0,-1.258642639E1,-1.747166748E0,1.373299790E1
1.060471638E1,4.411925354E0,-1.196611633E1,-1.548230438E0,1.284718035E1
1.061465637E1,4.163442078E0,-1.124446701E1,3.839515686E-1,1.199665400E1
1.062459538E1,4.783003693E0,-1.034813095E1,9.616003418E-1,1.144052506E1
1.063453537E1,4.446653137E0,-8.945697327E0,1.128652954E-1,9.990543697E0
1.064447438E1,4.709656219E0,-8.034991150E0,-2.879112854E0,9.748396551E0
1.065441437E1,5.212760010E0,-8.134534149E0,-2.703677673E0,1.003261609E1
1.066435338E1,5.262306976E0,-8.626560974E0,-1.235081635E0,1.018012061E1
1.067429337E1,5.103786621E0,-9.295819244E0,-1.182241516E0,1.067045399E1
1.068423238E1,4.592300262E0,-9.990973663E0,-4.343966675E-1,1.100442988E1
1.069417137E1,3.776347046E0,-1.045740372E1,5.707630920E-1,1.113300768E1
1.070411138E1,3.168161774E0,-1.029648834E1,1.006506958E0,1.081979563E1
1.071405038E1,2.809058533E0,-9.567803650E0,1.128353577E0,1.003528068E1
1.072399038E1,2.470612335E0,-9.517957306E0,1.250349884E0,9.912558268E0
1.073392938E1,2.325713654E0,-9.271719360E0,1.323697357E0,9.650176091E0
1.074386938E1,2.374362488E0,-8.735234985E0,1.326092377E0,9.148794919E0
1.075380838E1,2.480342102E0,-8.218808899E0,1.175206146E0,8.664988525E0
1.076374838E1,2.557132416E0,-7.704628143E0,1.032253418E0,8.183261461E0
1.077368738E1,2.590962067E0,-7.326664124E0,9.797126770E-1,7.832811024E0
1.078362737E1,2.567460938E0,-7.044500885E0,8.746311951E-1,7.548630877E0
1.079356638E1,2.572400665E0,-6.759493561E0,9.142987061E-1,7.289989061E0
1.080350537E1,2.363135834E0,-6.566095734E0,1.106049957E0,7.065505690E0
1.081344538E1,2.012714539E0,-6.665189667E0,1.261875916E0,7.075881848E0
1.082338437E1,1.885928192E0,-6.772516479E0,1.669029236E0,7.225604694E0
1.083332438E1,1.794318695E0,-6.728358307E0,1.957030334E0,7.233280916E0
1.084326337E1,1.800904999E0,-6.710695038E0,2.139351196E0,7.270041970E0
1.085320338E1,1.777703247E0,-6.786138153E0,2.335443420E0,7.393659164E0
1.086314237E1,1.685794373E0,-6.931336212E0,2.488425293E0,7.554970866E0
1.087308238E1,1.748663635E0,-7.088509369E0,2.657573547E0,7.769651649E0
1.088302137E1,1.754651184E0,-7.335046692E0,2.708018646E0,8.013430959E0
1.089296138E1,1.912722473E0,-7.564669189E0,2.759212189E0,8.276229764E0
1.090290037E1,2.091301117E0,-7.886799316E0,2.719844055E0,8.600738079E0
1.091284038E1,2.290536804E0,-8.140521698E0,2.620001678E0,8.853194969E0
1.092277937E1,2.220632172E0,-8.182883606E0,2.581531677E0,8.863131340E0
1.093271938E1,2.237546997E0,-8.274193726E0,2.619552612E0,8.962753721E0
1.094265837E1,2.101929016E0,-8.452323303E0,2.701282654E0,9.119035189E0
1.095259683E1,1.993404694E0,-8.706345062E0,2.734663239E0,9.340904113E0
1.096253683E1,2.012564850E0,-8.950487366E0,2.692151642E0,9.560822236E0
1.097247583E1,2.158361664E0,-9.405840454E0,2.519710236E0,9.973830728E0
1.098241583E1,2.739902344E0,-9.720785522E0,2.340383148E0,1.036716592E1
1.099235483E1,3.384012909E0,-9.626631317E0,2.264790344E0,1.045240877E1
1.100229483E1,4.066892853E0,-9.363328857E0,2.343227234E0,1.047388460E1
1.101223383E1,4.818779297E0,-9.100026398E0,2.842738495E0,1.068233479E1
1.102217383E1,5.173990631E0,-8.873697052E0,3.599115601E0,1.088422306E1
1.103211283E1,4.681365051E0,-9.111402740E0,4.148024139E0,1.105164888E1
1.104205283E1,3.491040344E0,-9.807455292E0,4.350253601E0,1.128265254E1
1.105199183E1,2.239492950E0,-1.056368271E1,4.203109589E0,1.158761629E1
1.106193183E1,1.719474335E0,-1.120225479E1,3.685485992E0,1.191763028E1
1.107187083E1,2.284399567E0,-1.187196213E1,2.969674530E0,1.244913382E1
1.108180983E1,3.062930603E0,-1.245709534E1,2.055525513E0,1.299176482E1
1.109174983E1,4.123624878E0,-1.271605682E1,1.354383545E0,1.343639602E1
1.110168883E1,5.361849976E0,-1.239512421E1,8.759783936E-1,1.353350943E1
1.111162883E1,6.534212036E0,-1.154159912E1,3.168910217E-1,1.326668222E1
1.112156783E1,7.388036499E0,-1.097712296E1,-2.222877502E-1,1.323365874E1
1.113150783E1,8.208480377E0,-1.078192886E1,-4.334985352E-1,1.355791507E1
1.114144683E1,8.180189209E0,-1.009156448E1,5.493576050E-2,1.299069618E1
1.115138683E1,7.317383423E0,-9.912836151E0,9.904902649E-1,1.236080465E1
1.116132583E1,6.969207458E0,-9.596244507E0,7.656578064E-1,1.188461161E1
1.117126583E1,7.262896729E0,-8.665629730E0,-1.334624634E0,1.138525496E1
1.118120483E1,5.905369720E0,-9.027127991E0,-1.988914032E0,1.096896578E1
1.119114483E1,4.785997467E0,-9.322164459E0,-2.600093079E0,1.079671274E1
1.120108383E1,5.070106659E0,-9.476343842E0,-2.772384796E0,1.109924284E1
1.121102383E1,5.387895813E0,-9.759704590E0,-1.568588104E0,1.125796268E1
1.122096283E1,5.595514069E0,-9.345515900E0,-4.561015320E-1,1.090213161E1
1.123090183E1,5.321883087E0,-9.007219391E0,7.568261719E-1,1.048929104E1
1.124084183E1,5.042563934E0,-8.681646423E0,1.810485077E0,1.020177886E1
1.125078083E1,4.798271942E0,-8.273744659E0,2.169288940E0,9.807348206E0
1.126072083E1,4.581672363E0,-8.214018860E0,1.537602539E0,9.530270145E0
1.127065983E1,4.180057526E0,-8.093669128E0,1.422791290E0,9.219799127E0
1.128059983E1,4.009412384E0,-7.845934296E0,1.549427948E0,8.946217055E0
1.129053883E1,3.798800354E0,-7.583080902E0,1.356778564E0,8.589228613E0
1.130047883E1,3.503314819E0,-7.282955017E0,1.039438477E0,8.148317670E0
1.131041783E1,3.387156372E0,-7.082821198E0,7.448510742E-1,7.886316474E0
1.132035783E1,3.552412720E0,-6.860982513E0,7.637118530E-1,7.763760234E0
1.133029683E1,3.635040894E0,-6.712491302E0,8.400531006E-1,7.679632217E0
1.134023683E1,3.733236694E0,-6.555318146E0,1.024768982E0,7.613107360E0
1.135017583E1,3.828289032E0,-6.370602264E0,1.216819611E0,7.531335877E0
1.136011483E1,3.736230469E0,-6.445596313E0,1.576222229E0,7.615090706E0
1.137005483E1,3.618724823E0,-6.578968964E0,1.778601379E0,7.716309016E0
1.137999383E1,3.543281708E0,-6.756948853E0,1.973945160E0,7.880841487E0
1.138993383E1,3.620221710E0,-6.743327179E0,2.145937500E0,7.948805849E0
1.139987283E1,3.544778595E0,-6.787036285E0,2.353406067E0,8.010482941E0
1.140981283E1,3.448528748E0,-6.925797729E0,2.433190155E0,8.110452456E0
1.141975183E1,3.359164581E0,-6.874903564E0,2.547851715E0,8.064727774E0
1.142969183E1,3.388802948E0,-6.858288116E0,2.698288879E0,8.111773184E0
1.143963083E1,3.465144196E0,-6.853198700E0,2.575394440E0,8.099766246E0
1.144957083E1,3.497476959E0,-6.858288116E0,2.410736847E0,8.067224623E0
1.145950983E1,3.603606262E0,-6.829847260E0,2.289339294E0,8.054431456E0
1.146944983E1,3.782334595E0,-6.910379791E0,2.102976837E0,8.153644303E0
1.147938883E1,4.186045074E0,-7.103927307E0,1.899250488E0,8.461436578E0
1.148932883E1,4.709506531E0,-7.437583466E0,1.841320953E0,8.993751299E0
1.149926783E1,5.007985840E0,-7.955057373E0,1.972148895E0,9.604802509E0
1.150920683E1,5.205425262E0,-8.272247772E0,2.253414001E0,1.003017498E1
1.151914683E1,5.013075256E0,-8.725056152E0,2.673440552E0,1.041176319E1
1.152908583E1,4.954247589E0,-9.139244843E0,3.110381927E0,1.085102950E1
1.153902583E1,4.833598480E0,-9.442663879E0,3.547173615E0,1.118525887E1
1.154896483E1,4.589456177E0,-9.545799408E0,3.765868835E0,1.124131498E1
1.155890483E1,4.574636993E0,-9.456285553E0,3.604055328E0,1.110575774E1
1.156884383E1,4.808151398E0,-9.671837311E0,3.112327881E0,1.124052230E1
1.157878383E1,5.250780945E0,-1.012015503E1,2.585273895E0,1.169067489E1
1.158872283E1,5.597310333E0,-1.071816147E1,1.864822083E0,1.223464056E1
1.159866283E1,5.843697968E0,-1.158545792E1,1.307231598E0,1.304149131E1
1.160860183E1,6.000272369E0,-1.233719467E1,9.842033386E-1,1.375421016E1
1.161854183E1,6.083648987E0,-1.238329880E1,8.822653198E-1,1.382516785E1
1.162848083E1,6.055956573E0,-1.208960953E1,6.015989685E-1,1.353496176E1
1.163842083E1,5.410199432E0,-1.156749527E1,3.423381042E-1,1.277475636E1
1.164835983E1,4.372108154E0,-1.110675339E1,1.296304321E-1,1.193700568E1
1.165829883E1,4.508324890E0,-1.047611481E1,1.913021851E-1,1.140660209E1
1.166823883E1,5.245242462E0,-9.458231506E0,-5.879772949E-1,1.083127089E1
1.167817783E1,5.550607452E0,-8.569230194E0,-1.998943176E0,1.040368795E1
1.168811783E1,5.250780945E0,-8.701854401E0,-2.297871552E0,1.041984569E1
1.169805683E1,5.191803589E0,-8.653504944E0,-1.167272644E0,1.015876458E1
1.170799683E1,5.832770691E0,-8.772507477E0,-1.233734436E0,1.060661124E1
1.171793583E1,5.601052551E0,-9.605525208E0,-7.418572998E-1,1.114397848E1
1.172787583E1,5.101990356E0,-1.017104919E1,-1.722917175E-1,1.138025623E1
1.173781483E1,4.400848389E0,-1.030517029E1,4.146377563E-1,1.121320319E1
1.174775483E1,3.835923157E0,-1.015712814E1,8.210426331E-1,1.088832722E1
1.175769383E1,3.562441864E0,-9.794132996E0,9.457333374E-1,1.046472382E1
1.176763383E1,3.468137970E0,-9.313183136E0,9.449848938E-1,9.982803091E0
1.177757283E1,3.281625824E0,-9.097781067E0,1.247954865E0,9.751721886E0
1.178751283E1,3.235222321E0,-8.581504669E0,1.289718018E0,9.261331352E0
1.179745183E1,3.248245239E0,-8.127498779E0,1.148711243E0,8.827619785E0
1.180739083E1,3.189716949E0,-7.741601257E0,1.062041473E0,8.440060209E0
1.181733083E1,3.069067841E0,-7.441774750E0,1.022673340E0,8.114496263E0
1.182726983E1,2.855761414E0,-7.200027466E0,1.100661163E0,7.823504570E0
1.183720983E1,2.766696625E0,-7.009473724E0,1.085392914E0,7.613501815E0
1.184714883E1,2.717748413E0,-6.976841583E0,1.136137390E0,7.573195038E0
1.185708883E1,2.686762848E0,-6.933731232E0,1.321152649E0,7.552533861E0
1.186702783E1,2.609523468E0,-6.906038818E0,1.521735535E0,7.537815594E0
1.187696783E1,2.654130707E0,-6.921456757E0,1.719474335E0,7.609702059E0
1.188690683E1,2.657423859E0,-6.851402435E0,2.017504578E0,7.620626065E0
1.189684683E1,2.693349152E0,-6.833589478E0,2.232307892E0,7.676931244E0
1.190678583E1,2.695744171E0,-6.831344147E0,2.372266846E0,7.717638854E0
1.191672583E1,2.634671173E0,-6.874604187E0,2.555036774E0,7.792938331E0
1.192666483E1,2.664309540E0,-7.120542755E0,2.517165527E0,8.008545233E0
1.193660483E1,2.750829620E0,-7.413932648E0,2.399210815E0,8.263756618E0
1.194654400E1,2.720592499E0,-7.626640320E0,2.259401550E0,8.406673627E0
1.195648400E1,2.753673706E0,-7.830965424E0,2.174977112E0,8.581215752E0
1.196642300E1,2.731819153E0,-7.942034454E0,2.152374115E0,8.670147720E0
1.197636200E1,2.611469421E0,-8.067922668E0,2.157313843E0,8.750151527E0
1.198630200E1,2.603386230E0,-8.216563568E0,2.164049835E0,8.886655638E0
1.199624100E1,2.524949341E0,-8.431516571E0,2.105671234E0,9.049844872E0
1.200618100E1,2.601739655E0,-8.703950043E0,2.016157379E0,9.305519123E0
1.201612000E1,2.852168884E0,-8.988657990E0,2.045196991E0,9.649542504E0
1.202606000E1,3.421135712E0,-9.084159393E0,2.192790070E0,9.951605385E0
1.203599900E1,3.722309418E0,-9.198970642E0,2.499951324E0,1.023359198E1
1.204593900E1,3.927832031E0,-9.525142365E0,2.867137756E0,1.069470338E1
1.205587800E1,4.186494141E0,-9.750723267E0,3.345991974E0,1.112649989E1
1.206581800E1,4.454137573E0,-9.764794006E0,3.824546814E0,1.139375714E1
1.207575700E1,4.126019897E0,-1.003543121E1,3.901636505E0,1.153068460E1
1.208569700E1,3.571273499E0,-1.071950867E1,3.594175873E0,1.185664205E1
1.209563600E1,3.603755951E0,-1.145882126E1,2.976410522E0,1.237540550E1
1.210557600E1,4.399052124E0,-1.228001358E1,2.204615479E0,1.322916182E1
1.211551500E1,5.405409393E0,-1.278072235E1,1.342258759E0,1.394155562E1
1.212545500E1,5.960155792E0,-1.299043625E1,7.225474548E-1,1.431072905E1
1.213539400E1,5.928571472E0,-1.229842529E1,1.501377869E-1,1.365363562E1
1.214533400E1,5.608237610E0,-1.137843842E1,2.752775574E-1,1.268845805E1
1.215527300E1,5.567073212E0,-1.060918808E1,4.975653076E-1,1.199144475E1
1.216521200E1,5.385650482E0,-9.849966888E0,2.779719543E-1,1.122961919E1
1.217515200E1,5.184019775E0,-9.073381805E0,-5.418731689E-2,1.045003611E1
1.218509100E1,4.478686523E0,-8.882229309E0,-8.155041504E-1,9.980865568E0
1.219503100E1,4.151317291E0,-8.681197357E0,-1.149010620E0,9.691070540E0
1.220497000E1,4.681514740E0,-8.680299225E0,-1.615141296E0,9.993640793E0
1.221491000E1,5.447621613E0,-8.764723663E0,-1.669328613E0,1.045388063E1
1.222484900E1,5.833818512E0,-9.089398499E0,-1.118025055E0,1.085820351E1
1.223478900E1,5.976022797E0,-9.287885742E0,-4.649331665E-1,1.105413194E1
1.224472800E1,5.853876801E0,-9.360035706E0,2.957849121E-1,1.104380508E1
1.225466800E1,5.522465973E0,-9.359736328E0,9.530680847E-1,1.090919948E1
1.226460700E1,5.380860443E0,-9.318871307E0,1.423240356E0,1.085452139E1
1.227454700E1,5.303471375E0,-9.227710876E0,1.583257599E0,1.076030489E1
1.228448600E1,5.130730591E0,-8.804241486E0,1.668131104E0,1.032577968E1
1.229442600E1,4.928351440E0,-8.404273224E0,1.656904449E0,9.882600300E0
1.230436500E1,4.699028320E0,-8.104147339E0,1.591640167E0,9.502178154E0
1.231430500E1,4.313879242E0,-7.880063324E0,1.445394287E0,9.099127252E0
1.232424400E1,3.987258453E0,-7.573351135E0,1.182989960E0,8.640216585E0
1.233418300E1,3.679498444E0,-7.139104156E0,1.050964508E0,8.100002676E0
1.234412300E1,3.305276642E0,-6.925648041E0,1.002315674E0,7.739127288E0
1.235406200E1,3.140020294E0,-6.813830566E0,8.078700256E-1,7.545904082E0
1.236400200E1,3.205583954E0,-6.641389160E0,8.327183533E-1,7.421404066E0
1.237394100E1,3.338507538E0,-6.416107635E0,9.160949707E-1,7.290493794E0
1.238388100E1,3.283122711E0,-6.248905334E0,1.140478363E0,7.150412821E0
1.239382000E1,3.425326996E0,-6.088888092E0,1.327589264E0,7.111252807E0
1.240376000E1,3.479514313E0,-6.001320190E0,1.609602814E0,7.121354162E0
1.241369900E1,3.492686920E0,-6.088738403E0,1.927541656E0,7.279217960E0
1.242363900E1,3.410956879E0,-6.118376770E0,2.122436371E0,7.319419190E0
1.243357800E1,3.339255981E0,-6.184539185E0,2.470312958E0,7.449939701E0
1.244351800E1,3.364553375E0,-6.358327789E0,2.740800476E0,7.698086706E0
1.245345700E1,3.638633423E0,-6.481970673E0,2.959495697E0,8.000888186E0
1.246339700E1,3.811374207E0,-6.643484802E0,3.044818268E0,8.242170948E0
1.247333600E1,4.044888611E0,-6.711593170E0,2.898871765E0,8.355241724E0
1.248327600E1,4.302353210E0,-6.794071655E0,2.620600433E0,8.457966625E0
1.249321500E1,4.391268311E0,-6.907685394E0,2.138003998E0,8.459930022E0
1.250315400E1,4.518054657E0,-7.159761200E0,1.692979431E0,8.633723280E0
1.251309400E1,4.721930695E0,-7.455995178E0,1.347198486E0,8.927678161E0
1.252303300E1,4.900958405E0,-7.920479279E0,1.449286194E0,9.426230199E0
1.253297300E1,5.150639191E0,-8.531808014E0,1.744322662E0,1.011748455E1
1.254291200E1,5.153183899E0,-9.137149200E0,2.082319794E0,1.069480507E1
1.255285200E1,4.986280975E0,-9.561217346E0,2.771786041E0,1.113385257E1
1.256279100E1,4.634063416E0,-1.004486160E1,3.579805756E0,1.162707176E1
1.257273100E1,4.362827454E0,-1.027657974E1,4.108805695E0,1.189641286E1
1.258267000E1,4.121828613E0,-1.036280045E1,4.358785858E0,1.197397671E1
1.259261000E1,4.157155151E0,-1.019634659E1,4.564907227E0,1.191997486E1
1.260254900E1,4.489763489E0,-9.966424713E0,4.300856323E0,1.174670008E1
1.261248900E1,5.132227478E0,-9.924661560E0,3.863765259E0,1.182232413E1
1.262242800E1,5.918392639E0,-1.014275803E1,3.389701080E0,1.222264232E1
1.263236800E1,6.334527283E0,-1.053883438E1,2.816393280E0,1.261448917E1
1.264230700E1,6.394702148E0,-1.107621689E1,2.029180298E0,1.294960883E1
1.265224700E1,6.205495605E0,-1.142858414E1,1.325942688E0,1.307206315E1
1.266218600E1,6.211932220E0,-1.143292511E1,8.726852417E-1,1.304076140E1
1.267212600E1,5.560636597E0,-1.162497574E1,1.695973206E-1,1.288757167E1
1.268206500E1,4.443359985E0,-1.151046387E1,-4.813989258E-1,1.234771118E1
1.269200400E1,3.632196808E0,-1.137289993E1,-9.075627136E-1,1.197327761E1
1.270194400E1,3.879781952E0,-1.063194077E1,-8.614585876E-1,1.135046181E1
1.271188300E1,4.703668671E0,-9.593101044E0,-5.812413025E-1,1.069999664E1
1.272182300E1,5.082979889E0,-9.136999512E0,-6.116281128E-1,1.047356356E1
1.273176200E1,4.935386810E0,-9.054670715E0,-1.408121796E0,1.040806955E1
1.274170200E1,5.502257996E0,-8.905431061E0,-1.223854980E0,1.053941964E1
1.275164100E1,5.635031891E0,-9.076674957E0,-5.186714172E-1,1.069619712E1
1.276158100E1,5.460045776E0,-9.622739410E0,-7.255412292E-1,1.108763382E1
1.277152000E1,5.024601288E0,-1.003722748E1,-7.934999084E-1,1.125265283E1
1.278146000E1,4.378395081E0,-1.033750305E1,1.210981750E-1,1.122715358E1
1.279139900E1,3.883524170E0,-1.002884491E1,7.933502197E-1,1.078373288E1
1.280133900E1,3.749103699E0,-9.410780182E0,1.022373962E0,1.018154265E1
1.281127800E1,3.588487701E0,-8.812923431E0,1.049317932E0,9.573188158E0
1.282121800E1,3.355272675E0,-8.549770660E0,1.202000427E0,9.262895773E0
1.283115700E1,3.323388977E0,-8.107141113E0,1.327439575E0,8.861870409E0
1.284109700E1,3.246898041E0,-7.549850006E0,1.322799225E0,8.324204454E0
1.285103600E1,3.164419556E0,-7.144043884E0,1.302291870E0,7.921292714E0
1.286097600E1,3.061284027E0,-6.830595703E0,1.346599731E0,7.605381541E0
1.287091500E1,2.912044373E0,-6.705006866E0,1.360071716E0,7.435517102E0
1.288085400E1,2.629132690E0,-6.647975464E0,1.333427124E0,7.272272297E0
1.289079400E1,2.415676575E0,-6.649622040E0,1.475781097E0,7.227094605E0
1.290073300E1,2.294428711E0,-6.706653442E0,1.661694489E0,7.280441750E0
1.291067300E1,2.242935791E0,-6.870861969E0,1.851499786E0,7.461069402E0
1.292061200E1,2.225122833E0,-7.047943726E0,2.064057770E0,7.673657333E0
1.293055200E1,2.130818939E0,-7.236102448E0,2.261646881E0,7.875062831E0
1.294049100E1,2.151775360E0,-7.360942841E0,2.316732330E0,8.011296112E0
1.295043108E1,2.219734039E0,-7.422015839E0,2.468217316E0,8.130537192E0
1.296037008E1,2.274819489E0,-7.551197205E0,2.539169769E0,8.285093002E0
1.297031008E1,2.281854858E0,-7.846383362E0,2.426753540E0,8.524184782E0
1.298024908E1,2.416724396E0,-8.131240997E0,2.458337860E0,8.831820990E0
1.299018908E1,2.424208832E0,-8.195756836E0,2.388133850E0,8.874142317E0
1.300012808E1,2.413730621E0,-8.099806366E0,2.381098480E0,8.780807973E0
1.301006808E1,2.432741089E0,-8.046666870E0,2.429597626E0,8.750429792E0
1.302000708E1,2.316582642E0,-8.100105743E0,2.417622528E0,8.764882594E0
1.302994708E1,2.167342987E0,-8.284073181E0,2.436932373E0,8.902914325E0
1.303988608E1,2.199226685E0,-8.477770386E0,2.594404907E0,9.134556669E0
1.304982608E1,2.216291199E0,-8.684041443E0,2.779420166E0,9.383480107E0
1.305976508E1,2.370620270E0,-8.913663940E0,2.913990326E0,9.672878833E0
1.306970508E1,2.712509308E0,-9.102720795E0,3.097658386E0,9.990631616E0
1.307964408E1,2.942580872E0,-9.348809052E0,3.229683838E0,1.031939294E1
1.308958308E1,3.233276367E0,-9.611662445E0,3.348836060E0,1.067955214E1
1.309952308E1,3.840563507E0,-9.600435791E0,3.431314545E0,1.089459568E1
1.310946208E1,4.436623993E0,-9.367819519E0,3.568878479E0,1.096250740E1
1.311940208E1,4.297114105E0,-9.704020386E0,3.488795013E0,1.117161098E1
1.312934108E1,4.164340210E0,-1.063837738E1,3.166365509E0,1.185506952E1
1.313928108E1,4.613705750E0,-1.157033936E1,2.738255768E0,1.275370841E1
1.314922008E1,5.856571198E0,-1.237162308E1,2.345023499E0,1.388724663E1
1.315916008E1,6.965165863E0,-1.238539444E1,1.892065430E0,1.433497271E1
1.316909908E1,7.549850006E0,-1.174367889E1,1.608405304E0,1.405351190E1
1.317903908E1,7.256160736E0,-1.066277664E1,1.504072266E0,1.298494928E1
1.318897808E1,7.085216217E0,-9.999954987E0,1.111289062E0,1.230586657E1
1.319891808E1,7.075336761E0,-1.003812561E1,6.722520447E-1,1.229944222E1
1.320885708E1,6.756948853E0,-9.724228363E0,3.743714905E-1,1.184724141E1
1.321879708E1,6.274801483E0,-9.751322021E0,-1.175206146E0,1.165515012E1
1.322873608E1,5.432203674E0,-9.859397278E0,-7.788304138E-1,1.128375506E1
1.323867608E1,5.441484375E0,-9.331145782E0,-1.952090607E0,1.097682520E1
1.324861508E1,5.686824188E0,-9.390572205E0,-2.676284637E0,1.129979270E1
1.325855508E1,5.638774109E0,-9.704319763E0,-2.667752380E0,1.153631216E1
1.326849408E1,5.631439362E0,-9.982142029E0,-1.863923950E0,1.161165282E1
1.327843408E1,6.108048248E0,-1.014156052E1,-1.228794708E0,1.190249720E1
1.328837308E1,5.983956299E0,-9.943522339E0,1.079255676E-1,1.160573209E1
1.329831208E1,5.428760834E0,-9.481133881E0,8.967851257E-1,1.096209685E1
1.330825208E1,5.002896423E0,-8.951834564E0,1.690734100E0,1.039340639E1
1.331819108E1,4.822521515E0,-8.255782013E0,1.854194183E0,9.739234389E0
1.332813108E1,4.379143524E0,-8.076454926E0,1.492097168E0,9.307651483E0
1.333807008E1,4.029919739E0,-7.899522858E0,1.663640442E0,9.022771969E0
1.334801008E1,3.829336853E0,-7.497309265E0,1.846410370E0,8.618741103E0
1.335794908E1,3.717968445E0,-7.136260071E0,1.610650635E0,8.206320285E0
1.336788908E1,3.606300659E0,-6.869514771E0,1.265618134E0,7.861133944E0
1.337782808E1,3.532204742E0,-6.630461884E0,1.051862640E0,7.585902065E0
1.338776808E1,3.575764160E0,-6.432124329E0,1.011446686E0,7.428414172E0
1.339770708E1,3.643423462E0,-6.376889191E0,9.791139221E-1,7.409312677E0
1.340764708E1,3.648512878E0,-6.274951172E0,1.202898560E0,7.357555530E0
1.341758608E1,3.697910156E0,-6.271658020E0,1.468895416E0,7.427374205E0
1.342752608E1,3.832480316E0,-6.271658020E0,1.553768921E0,7.512376292E0
1.343746508E1,3.803141327E0,-6.403533783E0,1.695673828E0,7.638353134E0
1.344740508E1,3.756288757E0,-6.518943787E0,1.864373016E0,7.751272158E0
1.345734408E1,3.655398560E0,-6.643784180E0,2.138602753E0,7.878796138E0
1.346728408E1,3.460503845E0,-6.815477142E0,2.274370422E0,7.974871557E0
1.347722308E1,3.230581970E0,-6.969806213E0,2.467169495E0,8.068567644E0
1.348716308E1,3.236868896E0,-6.847360840E0,2.621348877E0,8.014682817E0
1.349710208E1,3.373684387E0,-6.845564575E0,2.737657013E0,8.107913827E0
1.350704108E1,3.515140228E0,-6.824009399E0,2.857407990E0,8.190732295E0
1.351698108E1,3.620521088E0,-6.671326904E0,2.796484680E0,8.089196634E0
1.352692008E1,3.680695953E0,-6.570436707E0,2.621498566E0,7.974359908E0
1.353686008E1,3.798650665E0,-6.623576202E0,2.562670898E0,8.054116384E0
1.354679908E1,4.088148651E0,-6.779252472E0,2.351011047E0,8.258236883E0
1.355673908E1,4.490811310E0,-7.102430420E0,1.960772552E0,8.628819913E0
1.356667808E1,4.734803925E0,-7.680677948E0,1.801503754E0,9.200902006E0
1.357661808E1,4.859045563E0,-8.295000458E0,1.961670685E0,9.811498777E0
1.358655708E1,5.021008759E0,-8.872948608E0,2.200573883E0,1.042987399E1
1.359649708E1,5.100343781E0,-9.428892517E0,2.518662415E0,1.101186547E1
1.360643608E1,4.758305054E0,-1.007090744E1,2.857707367E0,1.149917976E1
1.361637608E1,4.283642120E0,-1.029080017E1,3.340902557E0,1.163665707E1
1.362631508E1,4.243226166E0,-9.950258331E0,3.843257904E0,1.147968817E1
1.363625508E1,4.785099335E0,-9.500743103E0,4.165388031E0,1.142417404E1
1.364619408E1,5.549709320E0,-9.567953339E0,4.028572540E0,1.177176288E1
1.365613408E1,6.133495331E0,-1.014335678E1,3.706143036E0,1.241945844E1
1.366607308E1,6.260281677E0,-1.087698120E1,3.372935944E0,1.299525081E1
1.367601308E1,6.146518250E0,-1.163156204E1,3.018173676E0,1.349749215E1
1.368595208E1,5.959557037E0,-1.225321930E1,2.123783569E0,1.379014720E1
1.369589208E1,5.847589874E0,-1.238928635E1,1.476978607E0,1.377933922E1
1.370583108E1,5.928571472E0,-1.203302719E1,1.460961914E0,1.349355820E1
1.371577108E1,5.874533844E0,-1.137544464E1,6.938072205E-1,1.282155440E1
1.372571008E1,5.297783203E0,-1.088701035E1,-8.463400269E-1,1.213712456E1
1.373564908E1,4.353546753E0,-1.087593338E1,-1.808688812E0,1.185371889E1
1.374558908E1,4.290527802E0,-1.007435028E1,-1.229094086E0,1.101870386E1
1.375552808E1,4.751269684E0,-9.254654846E0,-4.432283020E-1,1.041247575E1
1.376546808E1,4.876259766E0,-8.893156586E0,-1.127754822E0,1.020480153E1
1.377540708E1,5.060676270E0,-8.522976379E0,-1.800306244E0,1.007435721E1
1.378534708E1,5.857768707E0,-8.337062988E0,-1.309327240E0,1.027299427E1
1.379528608E1,6.034401398E0,-8.469238129E0,-9.211843872E-1,1.043985514E1
1.380522608E1,5.813011780E0,-8.904233551E0,-1.111887817E0,1.069171528E1
1.381516508E1,5.471571808E0,-9.438771973E0,-6.626719666E-1,1.093012573E1
1.382510508E1,4.553979950E0,-9.809850311E0,3.409909058E-1,1.082072878E1
1.383504408E1,3.957320709E0,-9.742789764E0,8.610095215E-1,1.055100360E1
1.384498408E1,3.822301483E0,-9.301507416E0,1.048120422E0,1.011071636E1
1.385492308E1,3.655997314E0,-9.117689667E0,1.032253418E0,9.877455560E0
1.386486308E1,3.346740417E0,-8.961714020E0,1.006207581E0,9.619014674E0
1.387480208E1,3.318299561E0,-8.422086182E0,1.115929413E0,9.120742628E0
1.388474208E1,3.442840576E0,-7.914342041E0,1.083446960E0,8.698495185E0
1.389468108E1,3.510050812E0,-7.556136932E0,1.150058441E0,8.410606189E0
1.390462108E1,3.390000458E0,-7.204069061E0,1.195414124E0,8.051070057E0
1.391456008E1,3.190615082E0,-6.979685669E0,1.315913544E0,7.786376891E0
1.392450008E1,2.831511841E0,-6.925648041E0,1.436562653E0,7.618777615E0
1.393443908E1,2.587070160E0,-6.960974579E0,1.519041138E0,7.579946245E0
1.394437908E1,2.501448212E0,-7.002887421E0,1.600621490E0,7.606554051E0
1.395431850E1,2.479893036E0,-7.116201782E0,1.749561768E0,7.736353382E0
1.396425750E1,2.610271912E0,-7.167694702E0,1.882635040E0,7.857078432E0
1.397419750E1,2.745141449E0,-7.114555206E0,1.995200958E0,7.882482110E0
1.398413650E1,2.807112579E0,-7.039561157E0,2.115251312E0,7.868264766E0
1.399407650E1,2.773582306E0,-7.042105865E0,2.228266296E0,7.889815240E0
1.400401550E1,2.686613159E0,-7.235204315E0,2.431244202E0,8.091787202E0
1.401395550E1,2.567910004E0,-7.470964050E0,2.546803894E0,8.300341903E0
1.402389450E1,2.607278137E0,-7.623945923E0,2.485132141E0,8.431982713E0
1.403383450E1,2.549647980E0,-7.646249542E0,2.454445953E0,8.425564778E0
1.404377350E1,2.526446228E0,-7.617658997E0,2.490071869E0,8.403101632E0
1.405371350E1,2.543510742E0,-7.613018646E0,2.664159851E0,8.457260048E0
1.406365250E1,2.411485291E0,-7.596403198E0,2.727627869E0,8.423808916E0
1.407359250E1,2.402054901E0,-7.697742462E0,2.757266235E0,8.522184219E0
1.408353150E1,2.392325134E0,-7.875722351E0,2.700683899E0,8.662789136E0
1.409347150E1,2.650687866E0,-8.111182709E0,2.516417084E0,8.896616550E0
1.410341050E1,2.984793091E0,-8.418643341E0,2.115550690E0,9.179221112E0
1.411335050E1,3.298989716E0,-8.855285339E0,1.903292084E0,9.639602292E0
1.412328950E1,3.549119568E0,-9.376351776E0,1.940863953E0,1.021171755E1
1.413322950E1,3.584146729E0,-9.750423889E0,2.105521545E0,1.059953276E1
1.414316850E1,3.634142761E0,-9.906698914E0,2.427801361E0,1.082792207E1
1.415310850E1,3.635190582E0,-1.000669098E1,2.962788849E0,1.105109011E1
1.416304750E1,3.429069214E0,-1.008408005E1,3.362308044E0,1.116925698E1
1.417298750E1,3.201093292E0,-1.037103333E1,3.507356415E0,1.140644026E1
1.418292650E1,3.451821899E0,-1.104597977E1,3.188070374E0,1.200385505E1
1.419286550E1,4.319567413E0,-1.208706482E1,2.435136108E0,1.306467322E1
1.420280550E1,5.655838623E0,-1.296498917E1,1.663939819E0,1.424247697E1
1.421274450E1,6.872658234E0,-1.316422485E1,1.367406464E0,1.491308310E1
1.422268450E1,7.503596191E0,-1.245754440E1,1.212179260E0,1.459327746E1
1.423262350E1,7.367379456E0,-1.123877884E1,7.424560547E-1,1.345881387E1
1.424256350E1,7.119345245E0,-1.040710831E1,4.562512207E-1,1.261749362E1
1.425250250E1,7.051087189E0,-1.025143204E1,5.508544922E-2,1.244237613E1
1.426244250E1,5.953868866E0,-1.029394363E1,-5.114863586E-1,1.190274961E1
1.427238150E1,4.306544495E0,-9.718689880E0,-9.238787842E-1,1.067018325E1
1.428232150E1,3.956123199E0,-9.277257843E0,-2.198927307E0,1.032248542E1
1.429226050E1,4.319268036E0,-9.185648346E0,-2.683918762E0,1.049931578E1
1.430220050E1,4.591102753E0,-9.396260376E0,-1.877395935E0,1.062509054E1
1.431213950E1,5.178481293E0,-9.580976257E0,-1.322799225E0,1.097094218E1
1.432207950E1,5.347330170E0,-9.350006561E0,-5.159770203E-1,1.078345005E1
1.433201850E1,5.059329071E0,-9.104367371E0,3.112028503E-1,1.042032452E1
1.434195850E1,4.879702606E0,-9.099876709E0,1.099463654E0,1.038402976E1
1.435189750E1,4.755610657E0,-9.210496674E0,1.483864288E0,1.047143423E1
1.436183750E1,4.688550110E0,-9.170230408E0,1.588197327E0,1.042103635E1
1.437177650E1,4.614304504E0,-8.781488800E0,1.634600830E0,1.005376902E1
1.438171650E1,4.396657104E0,-8.354277191E0,1.649420013E0,9.583586357E0
1.439165550E1,4.409230957E0,-8.001610565E0,1.749112701E0,9.301961326E0
1.440159550E1,4.362677765E0,-7.696245575E0,1.584455109E0,8.987527537E0
1.441153450E1,4.159101105E0,-7.552843781E0,1.306034088E0,8.720624760E0
1.442147350E1,4.077071686E0,-7.285799103E0,1.022673340E0,8.411375800E0
1.443141350E1,3.929628296E0,-6.981332245E0,9.015751648E-1,8.061874238E0
1.444135250E1,3.623814240E0,-6.948251038E0,8.770262146E-1,7.885391373E0
1.445129250E1,3.547622681E0,-6.860084381E0,9.298663330E-1,7.778883969E0
1.446123150E1,3.560495911E0,-6.646179199E0,1.099912720E0,7.619621846E0
1.447117150E1,3.508254547E0,-6.638844452E0,1.152902527E0,7.596794710E0
1.448111050E1,3.604803772E0,-6.519692230E0,1.310075684E0,7.564211480E0
1.449105050E1,3.632346497E0,-6.490203552E0,1.585652618E0,7.604668135E0
1.450098950E1,3.543431396E0,-6.312822418E0,1.602268066E0,7.414505776E0
1.451092950E1,3.551664276E0,-6.426885223E0,1.733245697E0,7.544754035E0
1.452086850E1,3.360511780E0,-6.504573669E0,2.149679718E0,7.630441726E0
1.453080850E1,3.313808899E0,-6.597081299E0,2.526146851E0,7.802834677E0
1.454074750E1,3.254981232E0,-6.752458191E0,2.580783234E0,7.927864564E0
1.455068750E1,3.418740692E0,-6.638994141E0,2.471211090E0,7.865806721E0
1.456062650E1,3.603606262E0,-6.544241180E0,2.445015564E0,7.860736087E0
1.457056650E1,3.701652374E0,-6.533313904E0,2.431543579E0,7.892960474E0
1.458050550E1,3.872447205E0,-6.489006042E0,2.342179413E0,7.911311596E0
1.459044550E1,4.045187988E0,-6.522386627E0,2.237397308E0,7.994436809E0
1.460038450E1,4.087998962E0,-6.732699280E0,2.194436646E0,8.176584085E0
1.461032450E1,4.252207489E0,-7.093898163E0,2.032922516E0,8.516891078E0
1.462026350E1,4.375251617E0,-7.699688416E0,1.819167023E0,9.040873689E0
1.463020350E1,4.578079834E0,-8.279283142E0,1.762584686E0,9.623515423E0
1.464014250E1,4.609065399E0,-8.917855225E0,1.925446014E0,1.022149539E1
1.465008250E1,4.439318390E0,-9.430389404E0,2.246977386E0,1.066249030E1
1.466002150E1,4.198020172E0,-9.916728058E0,2.795586548E0,1.112565382E1
1.466996050E1,3.703448639E0,-1.018646713E1,3.252885590E0,1.131640001E1
1.467990050E1,3.548969879E0,-1.010383896E1,3.668571167E0,1.131994538E1
1.468983950E1,3.936663666E0,-9.779912567E0,4.008214874E0,1.127873207E1
1.469977950E1,4.680466919E0,-9.465416565E0,3.981869659E0,1.128521897E1
1.470971850E1,5.449118500E0,-9.501940613E0,3.672912140E0,1.155292393E1
1.471965850E1,5.997128906E0,-1.012599289E1,3.448229370E0,1.226342419E1
1.472959750E1,6.137087860E0,-1.106828339E1,3.131937103E0,1.303762918E1
1.473953750E1,6.080655212E0,-1.210622498E1,2.390379181E0,1.375677882E1
1.474947650E1,5.912554779E0,-1.263417709E1,1.586550751E0,1.403915518E1
1.475941650E1,5.701194305E0,-1.250484604E1,1.092128906E0,1.378649834E1
1.476935550E1,5.967490540E0,-1.218406311E1,-2.062710571E-1,1.356852553E1
1.477929550E1,5.912704468E0,-1.191237808E1,-7.737409973E-1,1.332154273E1
1.478923450E1,5.265001373E0,-1.158635605E1,-8.759783936E-1,1.275661492E1
1.479917450E1,4.399800568E0,-1.120824234E1,-8.345146179E-1,1.206977034E1
1.480911350E1,4.453239441E0,-1.054362442E1,-2.336640930E-1,1.144787999E1
1.481905350E1,4.722978516E0,-1.003049149E1,-7.158114624E-1,1.110989071E1
1.482899250E1,4.853058014E0,-9.411229248E0,-1.716330872E0,1.072703126E1
1.483893250E1,5.817951508E0,-8.822204132E0,-1.724264374E0,1.070761099E1
1.484887150E1,6.305337982E0,-8.706943817E0,-9.952803040E-1,1.079623733E1
1.485881150E1,6.182293854E0,-9.019493866E0,-1.124910736E0,1.099260893E1
1.486875050E1,5.899980927E0,-9.418114929E0,-6.631210327E-1,1.113330109E1
1.487868950E1,4.895270233E0,-9.410181427E0,4.956193542E-1,1.061888995E1
1.488862950E1,4.136947174E0,-9.237440643E0,1.076561279E0,1.017858663E1
1.489856850E1,3.877686310E0,-8.903634796E0,9.157955933E-1,9.754478216E0
1.490850850E1,3.677552490E0,-8.578959961E0,9.467811584E-1,9.381862336E0
1.491844750E1,3.426823883E0,-8.647068329E0,1.099763031E0,9.366130008E0
1.492838750E1,3.273842010E0,-8.333769836E0,1.113534393E0,9.022733513E0
1.493832650E1,3.260370026E0,-7.954009552E0,1.207838287E0,8.680734646E0
1.494826637E1,3.202590179E0,-7.583230591E0,1.307980042E0,8.335033404E0
1.495820538E1,3.167862396E0,-7.338489532E0,1.345551910E0,8.105509899E0
1.496814537E1,3.070864105E0,-6.998097382E0,1.216370544E0,7.738419129E0
1.497808438E1,2.837649078E0,-6.866520996E0,1.100661163E0,7.510846682E0
1.498802437E1,2.640059967E0,-6.879094849E0,1.269809418E0,7.476916378E0
1.499796338E1,2.490820312E0,-6.881938934E0,1.455273743E0,7.462110358E0
1.500790337E1,2.338886261E0,-6.834188232E0,1.630559235E0,7.405082117E0
1.501784238E1,2.343376923E0,-6.847959595E0,1.866768036E0,7.474676509E0
1.502778237E1,2.410886536E0,-6.788982239E0,2.083816681E0,7.499663038E0
1.503772138E1,2.392624512E0,-6.746919708E0,2.191442871E0,7.486521186E0
1.504766137E1,2.314037933E0,-6.778504028E0,2.155218201E0,7.479829805E0
1.505760038E1,2.226470032E0,-7.014114075E0,2.136656799E0,7.662915068E0
1.506754037E1,2.307152252E0,-7.246281281E0,2.291584625E0,7.942474678E0
1.507747938E1,2.303410034E0,-7.562423859E0,2.396965485E0,8.260835063E0
1.508741937E1,2.440225525E0,-7.699389038E0,2.330054626E0,8.406214769E0
1.509735838E1,2.634072418E0,-7.824229431E0,2.332749023E0,8.578963906E0
1.510729837E1,2.785856781E0,-7.896828461E0,2.473606110E0,8.731530503E0
1.511723738E1,2.715652771E0,-7.885901184E0,2.611020355E0,8.739544310E0
1.512717638E1,2.632425842E0,-8.019872589E0,2.757565613E0,8.879875577E0
1.513711638E1,2.766696625E0,-8.158035278E0,2.796334991E0,9.056911129E0
1.514705538E1,2.996019745E0,-8.269703064E0,2.663860474E0,9.190227184E0
1.515699538E1,3.264860687E0,-8.461604004E0,2.643802185E0,9.447102604E0
1.516693438E1,3.468137970E0,-8.730894012E0,2.848127289E0,9.816736743E0
1.517687437E1,3.543431396E0,-9.145232391E0,3.008294220E0,1.025870439E1
1.518681338E1,3.570824432E0,-9.572444000E0,3.169059906E0,1.069698144E1
1.519675337E1,3.800596619E0,-9.976453857E0,3.315006409E0,1.117870447E1
1.520669238E1,3.869004364E0,-1.023107437E1,3.358565826E0,1.144220442E1
1.521663237E1,3.502117310E0,-1.037432648E1,3.305126953E0,1.143745337E1
1.522657138E1,3.144061890E0,-1.073178314E1,2.985990601E0,1.157464619E1
1.523651137E1,3.610192566E0,-1.171508835E1,2.541265411E0,1.251937759E1
1.524645038E1,4.523742828E0,-1.326751007E1,1.861528931E0,1.414059273E1
1.525639037E1,5.336253204E0,-1.449271225E1,9.520202637E-1,1.547322362E1
1.526632938E1,6.004313965E0,-1.397703461E1,5.948629761E-1,1.522376907E1
1.527626937E1,6.277645569E0,-1.179127991E1,1.126257935E0,1.340565450E1
1.528620838E1,5.896388397E0,-1.030517029E1,1.640289001E0,1.198559464E1
1.529614837E1,6.182144165E0,-9.709409180E0,1.290316772E0,1.158259256E1
1.530608738E1,6.071673889E0,-8.928932190E0,1.067280579E-1,1.079826119E1
1.531602737E1,4.841981049E0,-8.509803772E0,-8.616082764E-1,9.828728785E0
1.532596638E1,3.581751709E0,-8.614735565E0,-2.032623138E0,9.548516690E0
1.533590637E1,3.662733307E0,-8.574469299E0,-1.804946594E0,9.497103308E0
1.534584538E1,4.690945129E0,-8.983718262E0,-2.169588318E0,1.036432697E1
1.535578437E1,5.535039825E0,-9.595645752E0,-1.397942963E0,1.116545242E1
1.536572438E1,6.273603973E0,-9.950557709E0,-4.294569397E-1,1.177098716E1
1.537566337E1,6.393804016E0,-9.922416229E0,6.036946106E-1,1.181945518E1
1.538560338E1,6.279292145E0,-9.755363617E0,1.505269775E0,1.169882328E1
1.539554237E1,6.077062683E0,-9.614356842E0,2.116149445E0,1.156912429E1
1.540548238E1,5.623206482E0,-9.443562012E0,1.929487610E0,1.115904284E1
1.541542137E1,4.962929535E0,-8.971593475E0,1.614841919E0,1.037920389E1
1.542536138E1,4.668192444E0,-8.566984863E0,1.416055298E0,9.858522351E0
1.543530037E1,4.499493256E0,-8.354426880E0,1.254391479E0,9.571592659E0
1.544524038E1,4.229754181E0,-7.984845428E0,1.253044281E0,9.122428236E0
1.545517937E1,3.972439270E0,-7.650590515E0,1.139729919E0,8.695446698E0
1.546511938E1,3.719315643E0,-7.364235992E0,7.896080017E-1,8.287868327E0
1.547505837E1,3.379821625E0,-7.097341003E0,8.080197144E-1,7.902426171E0
1.548499838E1,3.304677887E0,-6.810387726E0,7.370672607E-1,7.605625882E0
1.549493737E1,3.253933411E0,-6.534062347E0,6.393205261E-1,7.327399548E0
1.550487738E1,3.216960297E0,-6.371500397E0,6.355783081E-1,7.165808443E0
1.551481637E1,3.282823334E0,-6.284680939E0,9.050180054E-1,7.147950834E0
1.552475638E1,3.406466217E0,-6.254593506E0,1.126856689E0,7.210669734E0
1.553469538E1,3.487148438E0,-6.243965607E0,1.382824402E0,7.284196184E0
1.554463538E1,3.447480927E0,-6.190377045E0,1.589544525E0,7.261717737E0
1.555457438E1,3.601510620E0,-6.261928253E0,2.051034851E0,7.509285462E0
1.556451337E1,3.667373657E0,-6.190377045E0,2.390528870E0,7.581888009E0
1.557445338E1,3.600462799E0,-6.094576263E0,2.618355103E0,7.547382039E0
1.558439237E1,3.686384125E0,-6.180647278E0,2.906356201E0,7.761232831E0
1.559433238E1,3.781885529E0,-6.207441559E0,3.113226013E0,7.907412033E0
1.560427137E1,3.605103149E0,-6.234834595E0,3.197800140E0,7.880092441E0
1.561421138E1,3.349285126E0,-6.536157990E0,3.234623566E0,8.025077054E0
1.562415037E1,3.372935944E0,-6.684349823E0,3.027304688E0,8.076001678E0
1.563409038E1,3.576362915E0,-6.743177490E0,2.804418182E0,8.131763382E0
1.564402937E1,3.919748840E0,-6.938670959E0,2.589614868E0,8.379480343E0
1.565396938E1,4.377197571E0,-7.300468597E0,2.329605560E0,8.825177754E0
1.566390837E1,4.866080933E0,-7.813302155E0,2.169738007E0,9.456965540E0
1.567384838E1,5.135670319E0,-8.522976379E0,2.096390533E0,1.016912431E1
1.568378737E1,5.287155304E0,-9.228159943E0,2.067201233E0,1.083449436E1
1.569372738E1,5.286556549E0,-9.702822876E0,2.320624237E0,1.129060445E1
1.570366637E1,5.085823975E0,-1.004156845E1,2.708617401E0,1.157736199E1
1.571360638E1,4.693190460E0,-1.026565247E1,3.053200836E0,1.169323277E1
1.572354537E1,4.707560577E0,-1.025218048E1,3.504512329E0,1.181312566E1
1.573348538E1,4.992268524E0,-1.011476624E1,3.996090088E0,1.196661928E1
1.574342437E1,5.364244995E0,-1.010922775E1,4.010160828E0,1.212654114E1
1.575336438E1,5.698499908E0,-1.059391983E1,3.989204407E0,1.267350742E1
1.576330337E1,5.627397766E0,-1.158530823E1,4.065845032E0,1.350622331E1
1.577324338E1,5.216801605E0,-1.239168137E1,3.541335754E0,1.390359108E1
1.578318237E1,5.158722382E0,-1.289538391E1,2.776127014E0,1.416369387E1
1.579312238E1,5.267396393E0,-1.289822800E1,1.823208618E0,1.405111525E1
1.580306137E1,5.554649048E0,-1.239422607E1,7.798782349E-1,1.360438077E1
1.581300037E1,5.151237946E0,-1.152348679E1,-2.378553772E-1,1.262468119E1
1.582294037E1,4.404590607E0,-1.036160294E1,-2.157762909E0,1.146382024E1
1.583287937E1,4.755610657E0,-9.837093658E0,-1.927990723E0,1.109510670E1
1.584281937E1,4.898563385E0,-9.552086334E0,-3.496728516E-1,1.074060276E1
1.585275837E1,4.619693298E0,-9.022487640E0,5.837860107E-3,1.013641374E1
1.586269837E1,4.712500305E0,-8.829987946E0,-7.406597900E-1,1.003618071E1
1.587263737E1,4.919519806E0,-8.834927673E0,-1.768871613E0,1.026579412E1
1.588257737E1,4.929998016E0,-9.301956482E0,-1.017434235E0,1.057669359E1
1.589251637E1,4.847669220E0,-9.965227203E0,-6.283932495E-1,1.109957333E1
1.590245637E1,4.883744202E0,-1.044887146E1,-1.273851013E-1,1.153456107E1
1.591239537E1,4.299209747E0,-1.081530945E1,8.610095215E-1,1.167028107E1
1.592233537E1,3.626508636E0,-1.058029816E1,1.374441833E0,1.126868956E1
1.593227437E1,3.192561035E0,-1.000773880E1,1.400188293E0,1.059753788E1
1.594221438E1,3.126248932E0,-9.344767456E0,1.387315063E0,9.951017751E0
1.595215362E1,3.043321381E0,-9.195078735E0,1.338366852E0,9.777653287E0
1.596209362E1,2.936743011E0,-8.628955994E0,1.232087860E0,9.197900932E0
1.597203262E1,2.914289703E0,-7.959098969E0,1.062191162E0,8.542165471E0
1.598197262E1,3.081641693E0,-7.418123932E0,9.657916260E-1,8.090601440E0
1.599191162E1,3.028053131E0,-6.972799988E0,1.007704468E0,7.668410117E0
1.600185162E1,2.809208221E0,-6.742279358E0,1.129401398E0,7.390908556E0
1.601179062E1,2.597847748E0,-6.652316437E0,1.193019104E0,7.240540137E0
1.602173063E1,2.384092255E0,-6.694977722E0,1.326691132E0,7.229573427E0
1.603166962E1,2.203567657E0,-6.872209167E0,1.542991333E0,7.379958775E0
1.604160863E1,2.004032593E0,-6.905739441E0,1.775308228E0,7.406558118E0
1.605154862E1,1.925146637E0,-6.985972595E0,2.006577301E0,7.519066108E0
1.606148763E1,2.012415161E0,-7.071594543E0,2.240241394E0,7.686087800E0
1.607142762E1,2.161804504E0,-7.051236877E0,2.428998871E0,7.764880922E0
1.608136663E1,2.233056335E0,-6.976691895E0,2.452649689E0,7.725041157E0
1.609130662E1,2.236349487E0,-7.031178589E0,2.420466614E0,7.765139407E0
1.610124563E1,2.294728088E0,-7.140750732E0,2.457140350E0,7.892631800E0
1.611118562E1,2.325563965E0,-7.360793152E0,2.572999420E0,8.136943504E0
1.612112463E1,2.343227234E0,-7.477550354E0,2.643802185E0,8.270076370E0
1.613106462E1,2.271376648E0,-7.452851715E0,2.656525726E0,8.231723969E0
1.614100363E1,2.211950226E0,-7.515271912E0,2.721340942E0,8.293234124E0
1.615094362E1,2.286944275E0,-7.531138916E0,2.846929779E0,8.369777575E0
1.616088263E1,2.247426453E0,-7.732919312E0,2.821333008E0,8.532812355E0
1.617082262E1,2.417772217E0,-8.069569244E0,2.745141449E0,8.859987125E0
1.618076163E1,2.672093353E0,-8.510552216E0,2.672991486E0,9.312060212E0
1.619070162E1,2.849175110E0,-9.045988770E0,2.632725220E0,9.842710689E0
1.620064063E1,3.090323639E0,-9.483229523E0,2.690505066E0,1.033056435E1
1.621058062E1,3.231929169E0,-9.968969421E0,2.761756897E0,1.083757439E1
1.622051962E1,3.344794464E0,-1.035396881E1,2.970572662E0,1.127903463E1
1.623045962E1,3.469634857E0,-1.038540344E1,3.352129211E0,1.145127683E1
1.624039862E1,3.340154114E0,-1.039258850E1,3.611539764E0,1.149807570E1
1.625033763E1,3.011437683E0,-1.052057236E1,3.703448639E0,1.155278025E1
1.626027762E1,2.980751495E0,-1.102906494E1,3.647015991E0,1.199274275E1
1.627021663E1,3.421435089E0,-1.177556259E1,3.089724884E0,1.264580928E1
1.628015662E1,4.238585815E0,-1.270887177E1,2.163750458E0,1.357066127E1
1.629009563E1,4.990921326E0,-1.322634567E1,1.474433899E0,1.421335537E1
1.630003562E1,5.427114258E0,-1.267623962E1,1.211580505E0,1.384227393E1
1.630997463E1,5.413193207E0,-1.163260986E1,1.108594666E0,1.287824736E1
1.631991462E1,5.670059052E0,-1.085093536E1,1.125808868E0,1.229470673E1
1.632985363E1,6.119424591E0,-1.000339783E1,1.152603149E0,1.178320073E1
1.633979362E1,6.753955078E0,-9.384884033E0,3.249742126E-1,1.156708977E1
1.634973263E1,6.329437866E0,-9.082662506E0,6.586303711E-2,1.107072174E1
1.635967262E1,5.756279755E0,-9.030870209E0,-8.035290527E-1,1.073950801E1
1.636961163E1,5.091362457E0,-9.479487305E0,-9.975256348E-1,1.080637352E1
1.637955162E1,5.069956970E0,-9.602980499E0,-1.531165924E0,1.096659324E1
1.638949063E1,5.785768433E0,-9.659562836E0,-2.049537964E0,1.144477507E1
1.639943062E1,6.031108246E0,-1.040156982E1,-1.647324371E0,1.213592185E1
1.640936963E1,6.052962799E0,-1.034588562E1,-9.360035706E-1,1.202297012E1
1.641930962E1,6.034700775E0,-1.009575577E1,-8.577163696E-2,1.176219600E1
1.642924863E1,5.720953217E0,-9.780960388E0,1.045126648E0,1.137931375E1
1.643918862E1,5.463638306E0,-9.528136139E0,2.121538239E0,1.118649392E1
1.644912763E1,5.007237396E0,-8.866511993E0,2.118694153E0,1.040078488E1
1.645906762E1,4.710404663E0,-8.395591278E0,1.867666168E0,9.806224651E0
1.646900663E1,4.390220490E0,-8.045768738E0,1.833088074E0,9.347119472E0
1.647894562E1,3.999981995E0,-7.699688416E0,2.008223877E0,8.906066516E0
1.648888563E1,3.699407043E0,-7.315287781E0,1.757345581E0,8.383752816E0
1.649882462E1,3.299139404E0,-6.910230103E0,1.315913544E0,7.769635084E0
1.650876463E1,3.012934570E0,-6.467600555E0,1.028960266E0,7.208771802E0
1.651870362E1,2.826272736E0,-6.189029846E0,7.500901794E-1,6.845037859E0
1.652864363E1,2.798580322E0,-5.900429993E0,5.774990845E-1,6.555961494E0
1.653858262E1,2.947670288E0,-5.559888153E0,4.903802490E-1,6.312019423E0
1.654852263E1,2.872227173E0,-5.479954376E0,6.454577637E-1,6.220627350E0
1.655846163E1,3.008144531E0,-5.415887604E0,9.012757874E-1,6.260436894E0
1.656840163E1,3.018622742E0,-5.511538696E0,1.101708984E0,6.379882816E0
1.657834063E1,3.078947296E0,-5.584287415E0,1.366508331E0,6.521619998E0
1.658828063E1,3.148702240E0,-5.755980377E0,1.840422821E0,6.814161141E0
1.659821963E1,3.074157257E0,-5.875282288E0,2.225571899E0,6.994466032E0
1.660815963E1,3.052901459E0,-6.176306305E0,2.701282654E0,7.400263162E0
1.661809863E1,3.138373718E0,-6.347999268E0,2.944377136E0,7.669148650E0
1.662803863E1,3.260819092E0,-6.561305695E0,3.169508972E0,7.983073386E0
1.663797763E1,3.488495636E0,-6.785988464E0,3.274141388E0,8.302965920E0
1.664791762E1,3.917503510E0,-6.951843567E0,3.126997375E0,8.570476959E0
1.665785663E1,4.162543945E0,-7.058272247E0,2.954705658E0,8.710698292E0
1.666779662E1,4.334536285E0,-7.175478516E0,2.967878265E0,8.892918426E0
1.667773563E1,4.441713409E0,-7.531887360E0,3.056943054E0,9.262993363E0
1.668767462E1,4.585863647E0,-7.998317413E0,2.950214996E0,9.680237361E0
1.669761463E1,4.809498596E0,-8.492739258E0,2.829865265E0,1.016198968E1
1.670755362E1,5.104834442E0,-9.061107330E0,2.778072968E0,1.076478937E1
1.671749363E1,5.219496002E0,-9.639953613E0,2.659818878E0,1.128035818E1
1.672743262E1,4.963528290E0,-1.020802231E1,2.704426117E0,1.166851546E1
1.673737263E1,4.281097412E0,-1.063538361E1,3.083288269E0,1.187206158E1
1.674731162E1,3.857628021E0,-1.082129700E1,3.462300110E0,1.199872013E1
1.675725163E1,3.945495300E0,-1.083072739E1,3.685935059E0,1.210197117E1
1.676719062E1,4.616849213E0,-1.048030609E1,3.881278839E0,1.209199892E1
1.677713063E1,5.422324219E0,-1.008318192E1,4.001927948E0,1.212796705E1
1.678706962E1,6.080206146E0,-1.045575714E1,3.858077087E0,1.269553161E1
1.679700963E1,6.193819885E0,-1.126796814E1,3.766467590E0,1.339838755E1
1.680694862E1,6.026767273E0,-1.208541824E1,3.467539215E0,1.394285072E1
1.681688863E1,5.928870850E0,-1.240590179E1,2.395019531E0,1.395686309E1
1.682682762E1,6.001619568E0,-1.206071960E1,1.776356049E0,1.358807697E1
1.683676763E1,6.174210663E0,-1.117575989E1,1.684746552E0,1.287854252E1
1.684670662E1,6.630461884E0,-1.052895493E1,2.963836670E-1,1.244627494E1
1.685664663E1,6.155349884E0,-1.003722748E1,5.014572144E-2,1.177441218E1
1.686658562E1,5.260660400E0,-9.388925629E0,-6.697073364E-1,1.078308769E1
1.687652563E1,4.733307037E0,-9.055269470E0,-1.088835754E0,1.027558582E1
1.688646462E1,4.380939789E0,-8.552614746E0,-1.340911560E0,9.702468564E0
1.689640463E1,4.412823486E0,-8.692274323E0,-1.965412903E0,9.944420139E0
1.690634362E1,4.790488129E0,-9.119485931E0,-1.529669037E0,1.041411002E1
1.691628262E1,4.983885956E0,-9.609417114E0,-1.041833496E0,1.087499120E1
1.692622262E1,4.858746185E0,-1.018287460E1,-6.613247681E-1,1.130202195E1
1.693616162E1,4.961133270E0,-1.051608170E1,-4.757107544E-1,1.163731577E1
1.694610162E1,4.506678314E0,-1.054856415E1,4.144880676E-1,1.147842129E1
1.695604021E1,3.927382965E0,-1.040800644E1,1.094673615E0,1.117806984E1
1.696598021E1,3.625011749E0,-9.932295685E0,1.149609375E0,1.063545060E1
1.697591921E1,3.262465668E0,-9.753866730E0,1.268013153E0,1.036288839E1
1.698585921E1,3.177741852E0,-9.565109253E0,1.137933655E0,1.014318743E1
1.699579821E1,3.348686371E0,-9.125024414E0,9.822573853E-1,9.769575249E0
1.700573821E1,3.393293610E0,-8.673712921E0,8.976832581E-1,9.357006604E0
1.701567721E1,3.447630615E0,-8.132588196E0,7.912545776E-1,8.868552950E0
1.702561721E1,3.504512329E0,-7.553143158E0,7.566764832E-1,8.360869424E0
1.703555621E1,3.550017700E0,-6.975344696E0,8.526269531E-1,7.873057349E0
1.704549621E1,3.408861237E0,-6.579567719E0,9.321116638E-1,7.468592802E0
1.705543521E1,3.124452667E0,-6.268963623E0,9.157955933E-1,7.064049189E0
1.706537521E1,2.913092194E0,-6.162984009E0,1.170266418E0,6.916502115E0
1.707531421E1,2.784958649E0,-6.035748596E0,1.499731293E0,6.814356150E0
1.708525421E1,2.502346344E0,-6.142326965E0,1.827848969E0,6.879749242E0
1.709519321E1,2.498604126E0,-6.400689697E0,2.201172638E0,7.215054550E0
1.710513221E1,2.292782135E0,-6.508615265E0,2.455044708E0,7.324354381E0
1.711507221E1,2.077080688E0,-6.662345581E0,2.623594208E0,7.455491895E0
1.712501121E1,1.836680603E0,-6.857539673E0,2.664908295E0,7.582940210E0
1.713495121E1,1.724713440E0,-6.997498627E0,2.664608917E0,7.683733738E0
1.714489021E1,1.678010559E0,-7.208110657E0,2.678679657E0,7.870699040E0
1.715483021E1,1.745370483E0,-7.386240234E0,2.721340942E0,8.062788565E0
1.716476921E1,1.893861694E0,-7.580087128E0,2.724933472E0,8.274641709E0
1.717470921E1,1.807341614E0,-7.723638611E0,2.777623901E0,8.404538752E0
1.718464821E1,1.796564026E0,-7.756719818E0,2.874921570E0,8.465194544E0
1.719458821E1,1.950893097E0,-7.811206512E0,2.922372894E0,8.565114966E0
1.720452721E1,1.909279633E0,-8.127498779E0,2.859803009E0,8.824967896E0
1.721446721E1,2.039658508E0,-8.476572876E0,2.801274719E0,9.157490628E0
1.722440621E1,2.318378906E0,-8.856183472E0,2.686463470E0,9.540647379E0
1.723434621E1,2.731370087E0,-9.423952789E0,2.534978485E0,1.013397181E1
1.724428521E1,3.153791656E0,-9.895322571E0,2.638114014E0,1.071557073E1
1.725422521E1,3.778442688E0,-9.832153931E0,2.789149933E0,1.089620289E1
1.726416421E1,4.512665863E0,-9.796228638E0,2.959046631E0,1.118419446E1
1.727410421E1,4.836741943E0,-9.692644043E0,3.407064972E0,1.135559390E1
1.728404321E1,4.471950531E0,-9.784103851E0,4.105213165E0,1.151433041E1
1.729398321E1,3.616629181E0,-1.000489471E1,4.530628510E0,1.156306705E1
1.730392221E1,2.710413666E0,-1.050739975E1,4.453389130E0,1.172964051E1
1.731386121E1,2.360142059E0,-1.110256210E1,3.954925690E0,1.201992483E1
1.732380121E1,2.705174561E0,-1.202090240E1,3.194357300E0,1.272886415E1
1.733374021E1,3.241359558E0,-1.266022293E1,2.512375488E0,1.330788064E1
1.734368021E1,3.855532379E0,-1.271545807E1,1.998793488E0,1.343663571E1
1.735361921E1,4.480183411E0,-1.226773911E1,1.591191101E0,1.315679882E1
1.736355921E1,5.064867554E0,-1.149489624E1,1.168470154E0,1.261550020E1
1.737349821E1,5.952821045E0,-1.062236069E1,8.803193665E-1,1.220842280E1
1.738343821E1,6.673123169E0,-1.009276199E1,7.113208008E-1,1.212024731E1
1.739337721E1,7.226073303E0,-9.712253265E0,5.819897461E-1,1.211951777E1
1.740331721E1,7.205266571E0,-9.305848389E0,1.254391479E0,1.183588520E1
1.741325621E1,6.823859711E0,-9.472451935E0,1.429078217E0,1.176157607E1
1.742319621E1,6.582860870E0,-9.295819244E0,1.018182678E0,1.143603990E1
1.743313521E1,6.843169556E0,-8.339458008E0,-1.740879822E0,1.092731403E1
1.744307521E1,6.348897400E0,-9.061556396E0,-2.068099365E0,1.125599118E1
1.745301421E1,5.916746063E0,-9.502539368E0,-2.001637573E0,1.137157383E1
1.746295421E1,6.215075684E0,-9.538165283E0,-2.208058319E0,1.159652035E1
1.747289321E1,6.437363434E0,-9.948462067E0,-1.303489380E0,1.192101632E1
1.748283321E1,6.315666504E0,-9.892628174E0,-2.357597351E-1,1.173913618E1
1.749277221E1,5.760770416E0,-9.362580414E0,8.318202209E-1,1.102435090E1
1.750271221E1,5.065765686E0,-8.915160828E0,1.607656860E0,1.037914424E1
1.751265121E1,4.512965240E0,-8.612041168E0,1.748813324E0,9.878889431E0
1.752259021E1,4.117637329E0,-8.400081940E0,1.319206696E0,9.447572179E0
1.753253021E1,3.782184906E0,-8.288114777E0,1.282832336E0,9.200186303E0
1.754246921E1,3.485950928E0,-7.828271027E0,1.442699890E0,8.689940397E0
1.755240921E1,3.208877106E0,-7.434589691E0,1.111588440E0,8.173472029E0
1.756234821E1,3.041076050E0,-7.002588043E0,9.072633362E-1,7.688140842E0
1.757228821E1,3.088826752E0,-6.604266357E0,8.144563293E-1,7.336247265E0
1.758222721E1,3.207529907E0,-6.327342224E0,8.274792480E-1,7.142004595E0
1.759216721E1,3.315754852E0,-6.091283112E0,9.798623657E-1,7.004148088E0
1.760210621E1,3.400927734E0,-6.025719452E0,1.049766998E0,6.998400897E0
1.761204621E1,3.399879913E0,-6.025270386E0,1.254541168E0,7.031140746E0
1.762198521E1,3.514691162E0,-5.975573730E0,1.698817291E0,7.137682787E0
1.763192521E1,3.541485443E0,-6.025120697E0,1.809137878E0,7.219222840E0
1.764186421E1,3.432811432E0,-6.139482880E0,2.025438080E0,7.319825392E0
1.765180421E1,3.617227936E0,-6.085894318E0,2.390379181E0,7.472373131E0
1.766174321E1,3.828289032E0,-5.996230774E0,2.457439728E0,7.526592218E0
1.767168321E1,3.705544281E0,-6.184539185E0,2.549797668E0,7.647290467E0
1.768162221E1,3.736230469E0,-6.306834869E0,2.698288879E0,7.811296119E0
1.769156221E1,3.586541748E0,-6.469845886E0,2.702480164E0,7.875632453E0
1.770150121E1,3.411555634E0,-6.770720215E0,2.689008179E0,8.044384939E0
1.771144121E1,3.413351898E0,-6.874454498E0,2.493814087E0,8.070204739E0
1.772138021E1,3.472179565E0,-6.905290375E0,2.309846649E0,8.066874093E0
1.773131921E1,3.546874237E0,-7.009473724E0,2.384391632E0,8.209650553E0
1.774125921E1,3.756737823E0,-7.233707428E0,2.495011597E0,8.524358339E0
1.775119821E1,3.991449738E0,-7.629783783E0,2.687062225E0,9.020286857E0
1.776113821E1,4.182153168E0,-8.169261932E0,2.942730560E0,9.637785471E0
1.777107721E1,4.362079010E0,-8.728498993E0,3.173251190E0,1.026079681E1
1.778101721E1,4.576283569E0,-9.274413757E0,3.309767303E0,1.085871454E1
1.779095621E1,4.779411163E0,-9.689350891E0,3.466641083E0,1.134653657E1
1.780089621E1,4.818629608E0,-9.994566193E0,3.650758209E0,1.168069262E1
1.781083521E1,4.652175751E0,-1.019350250E1,3.851939850E0,1.184853042E1
1.782077521E1,4.451443176E0,-1.027463379E1,4.011208649E0,1.189425242E1
1.783071421E1,4.751269684E0,-9.979148254E0,4.150718536E0,1.180620294E1
1.784065421E1,5.682183838E0,-9.760752411E0,4.180955658E0,1.204325085E1
1.785059321E1,6.632707214E0,-1.018197647E1,3.873794403E0,1.275428292E1
1.786053321E1,6.928492126E0,-1.101903580E1,3.410058746E0,1.345554360E1
1.787047221E1,6.786138153E0,-1.187016586E1,3.095263367E0,1.401902864E1
1.788041221E1,6.165379028E0,-1.247415985E1,2.310146027E0,1.410508196E1
1.789035121E1,5.536686401E0,-1.225471619E1,1.723815308E0,1.355745199E1
1.790029021E1,5.533393250E0,-1.154384445E1,5.535488892E-1,1.281347736E1
1.791023021E1,5.963149567E0,-1.138517441E1,1.496887207E-3,1.285228973E1
1.792016921E1,5.753735046E0,-1.080513062E1,-5.468128967E-1,1.225378794E1
1.793010921E1,4.958738251E0,-9.962682495E0,-9.577084351E-1,1.116966127E1
1.794004821E1,4.874463501E0,-9.385183411E0,-7.854167175E-1,1.060466602E1
1.794998821E1,4.916376343E0,-8.957073669E0,-5.057981873E-1,1.023013963E1
1.795992700E1,5.066963196E0,-8.268804932E0,-8.349636841E-1,9.733674300E0
1.796986700E1,6.001020813E0,-7.917934570E0,-1.700463867E0,1.007955932E1
1.797980600E1,6.591692505E0,-7.872279510E0,-1.432521057E0,1.036703002E1
1.798974600E1,6.498735809E0,-8.360863495E0,-9.674382019E-1,1.063360438E1
1.799968500E1,6.169570312E0,-9.075627136E0,-9.334588623E-1,1.101371650E1
1.800962500E1,5.507497101E0,-9.740544434E0,-2.158511353E-1,1.119184176E1
1.801956400E1,4.493505707E0,-9.979747009E0,9.126521301E-1,1.098270813E1
1.802950400E1,3.829486542E0,-9.856702881E0,1.565145264E0,1.068967907E1
1.803944300E1,3.589535522E0,-9.314081268E0,1.799408112E0,1.014271880E1
1.804938300E1,3.212020569E0,-9.278605042E0,2.037712555E0,1.002805365E1
1.805932200E1,3.199147339E0,-9.238189087E0,1.874851227E0,9.954584292E0
1.806926200E1,3.221301270E0,-8.929980011E0,1.644629974E0,9.634631940E0
1.807920100E1,3.399430847E0,-8.556806030E0,1.358425140E0,9.307006951E0
1.808914100E1,3.450474701E0,-8.057743835E0,1.022823029E0,8.824918035E0
1.809908000E1,3.490740967E0,-7.764952698E0,9.554631042E-1,8.566952354E0
1.810902000E1,3.492088165E0,-7.549700317E0,9.617500305E-1,8.373626321E0
1.811895900E1,3.244802399E0,-7.229366455E0,1.286724243E0,8.027959967E0
1.812889800E1,2.960992584E0,-7.057224426E0,1.504820709E0,7.799767885E0
1.813883800E1,2.858755188E0,-6.995702362E0,1.672921143E0,7.740219500E0
1.814877700E1,2.604883118E0,-6.875652008E0,1.887275391E0,7.590903437E0
1.815871700E1,2.589614868E0,-6.713539124E0,2.245630188E0,7.537941872E0
1.816865600E1,2.568957825E0,-6.536157990E0,2.565664673E0,7.476867043E0
1.817859600E1,2.336640930E0,-6.374045105E0,2.741997986E0,7.321672950E0
1.818853500E1,2.332299957E0,-6.206693115E0,2.865940247E0,7.223314753E0
1.819847500E1,2.122735748E0,-6.267766113E0,2.854863281E0,7.207020429E0
1.820841400E1,1.993554382E0,-6.471791840E0,2.673440552E0,7.280496760E0
1.821835400E1,1.954785004E0,-6.770570526E0,2.577939148E0,7.503837679E0
1.822829300E1,2.036814423E0,-7.015461273E0,2.582878876E0,7.748327120E0
1.823823300E1,1.953587494E0,-7.229516144E0,2.349514160E0,7.848733946E0
1.824817200E1,1.874851227E0,-7.483837280E0,2.137554932E0,8.005749724E0
1.825811200E1,2.028731232E0,-7.756420441E0,1.950743408E0,8.251254953E0
1.826805100E1,2.027833099E0,-8.095914459E0,1.929936676E0,8.566247345E0
1.827799100E1,2.068099365E0,-8.574469299E0,2.094893646E0,9.065712225E0
1.828793000E1,2.260599060E0,-9.048832855E0,2.366279297E0,9.622419751E0
1.829786900E1,2.380799103E0,-9.566306763E0,2.664309540E0,1.021180566E1
1.830780900E1,2.617456970E0,-9.856553192E0,3.017125854E0,1.063511966E1
1.831774800E1,2.819387054E0,-1.024604324E1,3.392096100E0,1.115511817E1
1.832768800E1,3.053949280E0,-1.032133667E1,3.906426544E0,1.145062292E1
1.833762700E1,3.429218903E0,-1.033211426E1,4.431833954E0,1.175386232E1
1.834756700E1,3.942202148E0,-1.036594391E1,4.699926453E0,1.204504295E1
1.835750600E1,4.286785583E0,-1.026430527E1,4.718338165E0,1.208284769E1
1.836744600E1,4.109404449E0,-1.090706863E1,4.261039124E0,1.240998814E1
1.837738500E1,4.502786407E0,-1.212209198E1,3.686533813E0,1.344658808E1
1.838732500E1,5.430856476E0,-1.290466461E1,3.081492004E0,1.433597446E1
1.839726400E1,6.367309113E0,-1.346973953E1,2.223027191E0,1.506380955E1
1.840720400E1,6.659351807E0,-1.351778961E1,1.223405914E0,1.511867469E1
1.841714300E1,6.366860046E0,-1.297561707E1,4.507127380E-1,1.446052167E1
1.842708300E1,5.538931732E0,-1.211026657E1,3.782633972E-1,1.332221469E1
1.843702200E1,5.069208527E0,-1.091425369E1,4.903802490E-1,1.204401434E1
1.844696200E1,5.145549774E0,-1.000684067E1,4.673281860E-1,1.126196867E1
1.845690100E1,4.651876373E0,-9.030570831E0,3.626957703E-1,1.016477799E1
1.846684100E1,3.811823273E0,-8.268355865E0,-3.050656128E-1,9.109817254E0
1.847678000E1,3.798051910E0,-7.667655029E0,-6.140231323E-1,8.578761937E0
1.848671900E1,4.748724976E0,-7.383695526E0,-1.321002960E0,8.877747312E0
1.849665900E1,5.715115356E0,-7.653883667E0,-1.427132263E0,9.658218533E0
1.850659800E1,6.229146423E0,-8.117918701E0,-8.387059021E-1,1.026675688E1
1.851653800E1,6.258784790E0,-8.528963928E0,-2.597099304E-1,1.058220497E1
1.852647700E1,6.020180969E0,-8.743318176E0,5.568420410E-1,1.063006419E1
1.853641700E1,5.742508392E0,-9.028774567E0,1.177152100E0,1.076479725E1
1.854635600E1,5.474715271E0,-9.462422791E0,1.594035187E0,1.104766494E1
1.855629600E1,5.240153046E0,-9.545500031E0,1.664837952E0,1.101578232E1
1.856623500E1,5.156177673E0,-9.242080994E0,1.745819550E0,1.072614167E1
1.857617500E1,4.931494904E0,-8.758885803E0,1.646276550E0,1.018567371E1
1.858611400E1,4.756508789E0,-8.283624115E0,1.496587830E0,9.668638967E0
1.859605400E1,4.347858582E0,-7.941884766E0,1.460063782E0,9.171106483E0
1.860599300E1,3.953279114E0,-7.699389038E0,1.335223389E0,8.757387099E0
1.861593300E1,3.788920898E0,-7.273674316E0,1.266216888E0,8.298527872E0
1.862587200E1,3.577859802E0,-6.998696136E0,1.280287628E0,7.963790855E0
1.863581200E1,3.376229095E0,-6.729855194E0,1.307830353E0,7.642008510E0
1.864575100E1,3.138523407E0,-6.563251648E0,1.466350708E0,7.421373577E0
1.865569100E1,3.253184967E0,-6.175108795E0,1.401385803E0,7.118922898E0
1.866563000E1,3.269800415E0,-6.119274902E0,1.519041138E0,7.102436629E0
1.867556900E1,3.252436523E0,-6.144123230E0,1.684147797E0,7.152967734E0
1.868550900E1,3.449426880E0,-5.925877075E0,1.866768036E0,7.106292128E0
1.869544800E1,3.549568634E0,-5.822292480E0,2.004930725E0,7.107620870E0
1.870538800E1,3.603157196E0,-5.849685516E0,2.341281281E0,7.258316641E0
1.871532700E1,3.441493378E0,-5.797294464E0,2.586172028E0,7.220857673E0
1.872526700E1,3.378923492E0,-6.158792725E0,2.751578064E0,7.544470401E0
1.873520600E1,3.566782837E0,-6.126609650E0,2.613714752E0,7.555712436E0
1.874514600E1,3.908073120E0,-6.125412140E0,2.602937164E0,7.718095055E0
1.875508500E1,4.223616943E0,-6.265820160E0,2.434537354E0,7.938917715E0
1.876502500E1,4.330943756E0,-6.443350983E0,2.394121399E0,8.124386929E0
1.877496400E1,4.477638702E0,-6.556665344E0,2.334844666E0,8.275905292E0
1.878490400E1,4.320465546E0,-6.815327454E0,2.486030273E0,8.443663740E0
1.879484300E1,4.207300873E0,-7.290289764E0,2.766996002E0,8.860359607E0
1.880478300E1,4.245022430E0,-7.843389587E0,2.976709900E0,9.402115585E0
1.881472200E1,4.330345001E0,-8.462951202E0,3.187022552E0,1.002649209E1
1.882466200E1,4.437372437E0,-9.115594025E0,3.295397186E0,1.066039264E1
1.883460100E1,4.566254425E0,-9.632020111E0,3.428320770E0,1.119731549E1
1.884454100E1,4.255650330E0,-1.022643402E1,3.758833466E0,1.169698002E1
1.885448000E1,3.626508636E0,-1.075049423E1,4.044738922E0,1.204510706E1
1.886441900E1,3.664080505E0,-1.079480209E1,4.401746521E0,1.222000862E1
1.887435900E1,4.161346436E0,-1.035486694E1,4.639751587E0,1.208583337E1
1.888429800E1,4.833598480E0,-9.913584595E0,4.704417114E0,1.199059524E1
1.889423800E1,5.955814819E0,-9.705966339E0,4.262536011E0,1.215922391E1
1.890417700E1,6.614894257E0,-1.028720764E1,3.707789612E0,1.278010841E1
1.891411700E1,6.475683746E0,-1.133068771E1,2.850821686E0,1.335837372E1
1.892405600E1,5.857768707E0,-1.204515198E1,1.948049011E0,1.353491911E1
1.893399600E1,5.546116791E0,-1.205113953E1,1.293310547E0,1.332899199E1
1.894393500E1,5.731281738E0,-1.134924911E1,1.557361450E0,1.280930992E1
1.895387513E1,5.909710693E0,-1.075498489E1,1.463806000E0,1.235868555E1
1.896381412E1,5.634433136E0,-1.039663010E1,2.725831604E-1,1.182840039E1
1.897375413E1,4.283193054E0,-1.037836807E1,-4.225712585E-1,1.123542759E1
1.898369312E1,3.724405060E0,-1.000145187E1,-4.279600525E-1,1.068098228E1
1.899363313E1,4.077969818E0,-9.425000610E0,-4.174818420E-1,1.027787748E1
1.900357212E1,4.335733795E0,-9.131910095E0,-7.644602966E-1,1.013778916E1
1.901351213E1,4.327051849E0,-9.410630493E0,-7.894583130E-1,1.038780961E1
1.902345112E1,4.712350616E0,-9.978848877E0,-4.309538269E-1,1.104397548E1
1.903339012E1,5.215753784E0,-1.042626846E1,-4.216731262E-1,1.166571772E1
1.904333012E1,5.409301300E0,-1.095437027E1,2.330653381E-1,1.221937347E1
1.905326912E1,5.073250122E0,-1.123084534E1,1.133293304E0,1.237554474E1
1.906320912E1,4.216431885E0,-1.088012466E1,1.791025543E0,1.180521847E1
1.907314812E1,3.817960510E0,-1.031819321E1,2.076332245E0,1.119611938E1
1.908308812E1,3.666026459E0,-9.878707123E0,2.228865051E0,1.077016452E1
1.909302712E1,3.607947235E0,-9.390422516E0,2.283501434E0,1.031560454E1
1.910296712E1,3.731440430E0,-8.810977478E0,2.144440613E0,9.805896050E0
1.911290612E1,3.494034119E0,-8.438551941E0,1.696422272E0,9.289525381E0
1.912284612E1,3.428021393E0,-7.893535309E0,1.381177826E0,8.715898263E0
1.913278512E1,3.424877930E0,-7.472460938E0,1.168769531E0,8.302619076E0
1.914272512E1,3.300785980E0,-7.102729797E0,1.184786224E0,7.921343135E0
1.915266412E1,3.068020020E0,-6.938072205E0,1.109043732E0,7.666783599E0
1.916260412E1,2.840044098E0,-6.693780212E0,1.136885834E0,7.359691122E0
1.917254312E1,2.446961517E0,-6.591991882E0,1.264869690E0,7.144359522E0
1.918248313E1,2.284249878E0,-6.531817017E0,1.454525299E0,7.070931685E0
1.919242212E1,2.224224701E0,-6.443201294E0,1.529519348E0,6.985803309E0
1.920236213E1,2.155218201E0,-6.445296936E0,1.704355774E0,7.006543134E0
1.921230112E1,2.077829132E0,-6.649921417E0,1.883982239E0,7.217216765E0
1.922224013E1,2.177521820E0,-6.637048187E0,1.906884613E0,7.240733308E0
1.923218012E1,2.212698669E0,-6.634204102E0,1.938618622E0,7.257199296E0
1.924211913E1,2.140698395E0,-6.873556366E0,1.960922241E0,7.461473231E0
1.925205912E1,2.253264313E0,-7.038663025E0,1.875150604E0,7.624707668E0
1.926199813E1,2.379451904E0,-7.279212799E0,1.931433563E0,7.898048237E0
1.927193812E1,2.524500275E0,-7.536527710E0,1.956581268E0,8.185387090E0
1.928187713E1,2.683619385E0,-7.673492889E0,2.035467224E0,8.380180961E0
1.929181712E1,2.806214447E0,-7.780220947E0,2.139201508E0,8.543000679E0
1.930175613E1,2.738704834E0,-7.775131531E0,2.561473389E0,8.632167770E0
1.931169612E1,2.606080627E0,-7.957602081E0,3.108585663E0,8.931875052E0
1.932163513E1,2.503992920E0,-8.027506714E0,3.406615906E0,9.072809736E0
1.933157512E1,2.558928680E0,-8.137228546E0,3.383264465E0,9.176550705E0
1.934151413E1,2.596500549E0,-8.358618164E0,3.276386719E0,9.345748908E0
1.935145412E1,2.639311523E0,-8.635392609E0,3.314407654E0,9.618797686E0
1.936139313E1,2.732866974E0,-8.944649506E0,3.408412170E0,9.954526116E0
1.937133312E1,2.851719818E0,-9.210496674E0,3.397784271E0,1.022303736E1
1.938127212E1,2.935695190E0,-9.599238281E0,3.248394928E0,1.055062801E1
1.939121113E1,3.007096710E0,-9.939630432E0,3.151246948E0,1.085215375E1
1.940115112E1,3.059787140E0,-1.007569748E1,3.404370575E0,1.106669400E1
1.941109013E1,3.235671387E0,-1.006761429E1,3.804638214E0,1.123840285E1
1.942103012E1,3.392096100E0,-1.073762100E1,3.347638550E0,1.174774466E1
1.943096913E1,4.222120056E0,-1.176029434E1,2.111808472E0,1.267243291E1
1.944090912E1,5.649102631E0,-1.252340744E1,9.684860229E-1,1.377265623E1
1.945084813E1,6.793772278E0,-1.323817108E1,4.406835938E-1,1.488619217E1
1.946078812E1,7.180717621E0,-1.277997391E1,6.092330933E-2,1.465926841E1
1.947072713E1,6.813381500E0,-1.146585663E1,5.625302124E-1,1.334932492E1
1.948066712E1,6.356531525E0,-1.068478088E1,1.207389221E0,1.249110981E1
1.949060613E1,5.703888702E0,-1.048060547E1,2.055525513E0,1.210795699E1
1.950054612E1,4.407135315E0,-1.025906616E1,2.318229218E0,1.140374793E1
1.951048513E1,3.754492493E0,-9.760453033E0,7.426057434E-1,1.048399354E1
1.952042512E1,4.063000946E0,-9.361831970E0,-1.132544861E0,1.026813188E1
1.953036413E1,4.469854889E0,-9.311985626E0,-1.202299805E0,1.039895206E1
1.954030412E1,5.069807281E0,-9.606423340E0,-6.432124329E-1,1.088117813E1
1.955024313E1,5.849984894E0,-9.750573578E0,-7.170089722E-2,1.137106633E1
1.956018312E1,5.954916687E0,-9.739795990E0,8.508306885E-1,1.144764480E1
1.957012213E1,5.504353638E0,-9.588311005E0,1.529219971E0,1.116118858E1
1.958006112E1,5.126239929E0,-9.513766022E0,1.732796631E0,1.094498350E1
1.959000113E1,4.874912567E0,-9.441765747E0,1.835333405E0,1.078332795E1
1.959994012E1,4.496948547E0,-9.310788116E0,2.096091156E0,1.055020946E1
1.960988013E1,4.403243408E0,-8.882229309E0,2.236948242E0,1.016299599E1
1.961981912E1,4.390519867E0,-8.381520538E0,2.198777618E0,9.713967997E0
1.962975913E1,4.252955933E0,-7.959248657E0,1.941762085E0,9.230802422E0
1.963969812E1,3.944148102E0,-7.639363861E0,1.533560944E0,8.733154849E0
1.964963813E1,3.594475250E0,-7.267686768E0,1.271905060E0,8.207147236E0
1.965957712E1,3.354973297E0,-6.886279907E0,1.160386963E0,7.747463758E0
1.966951713E1,3.263962555E0,-6.471941528E0,1.190324707E0,7.345498731E0
1.967945612E1,3.131038971E0,-6.077960815E0,1.219663696E0,6.944968844E0
1.968939613E1,2.959196320E0,-5.776487732E0,1.251996460E0,6.610003669E0
1.969933512E1,3.043920135E0,-5.546565857E0,1.509610748E0,6.504518984E0
1.970927513E1,3.197650452E0,-5.435197449E0,1.645977173E0,6.517329251E0
1.971921413E1,3.164120178E0,-5.537883911E0,1.884880371E0,6.650758508E0
1.972915312E1,3.114573212E0,-5.345683594E0,2.108515320E0,6.536263170E0
1.973909313E1,3.237617340E0,-5.444029083E0,2.273921356E0,6.729809584E0
1.974903212E1,3.245251465E0,-5.717061310E0,2.400258636E0,6.998406148E0
1.975897213E1,3.041525116E0,-5.808670807E0,2.769391022E0,7.117658197E0
1.976891112E1,3.203937378E0,-5.794749756E0,2.921624451E0,7.237418662E0
1.977885113E1,3.364703064E0,-5.972579956E0,3.046015778E0,7.501409878E0
1.978879012E1,3.464844818E0,-6.229146423E0,3.098556519E0,7.772288419E0
1.979873013E1,3.582949219E0,-6.361920319E0,3.028053131E0,7.904470951E0
1.980866912E1,3.883973236E0,-6.609056396E0,2.854863281E0,8.180166191E0
1.981860913E1,4.042044525E0,-6.865772552E0,2.683469696E0,8.407018871E0
1.982854812E1,3.995790710E0,-7.193890228E0,2.785707092E0,8.687840009E0
1.983848813E1,4.157604218E0,-7.676037598E0,2.972368927E0,9.221832956E0
1.984842712E1,4.498445435E0,-8.302035828E0,2.976709900E0,9.900535947E0
1.985836713E1,4.649181976E0,-9.049581299E0,3.131038971E0,1.064486824E1
1.986830612E1,4.838837585E0,-9.694589996E0,3.338657227E0,1.133781533E1
1.987824613E1,4.864733734E0,-1.012464569E1,3.616329803E0,1.180050532E1
1.988818512E1,4.412374420E0,-1.048614395E1,4.136498108E0,1.210532443E1
1.989812513E1,4.064497833E0,-1.065798660E1,4.656367035E0,1.232049411E1
1.990806412E1,3.976630554E0,-1.063224014E1,4.915478210E0,1.237012720E1
1.991800312E1,4.271966400E0,-1.043854294E1,4.862338715E0,1.228231303E1
1.992794312E1,4.960684204E0,-1.052955368E1,4.505780182E0,1.248126370E1
1.993788212E1,5.622158661E0,-1.128233826E1,3.936064911E0,1.320577266E1
1.994782212E1,5.783672791E0,-1.209529770E1,3.390898590E0,1.382914642E1
1.995776058E1,5.606740723E0,-1.271905060E1,2.459535370E0,1.411591669E1
1.996770058E1,5.566474457E0,-1.275153305E1,1.337019653E0,1.397765555E1
1.997763958E1,5.646108856E0,-1.194965057E1,1.245859222E0,1.327497116E1
1.998757958E1,5.899382172E0,-1.124207199E1,1.665436707E0,1.280470898E1
1.999751858E1,6.118825836E0,-1.059796143E1,1.458417206E0,1.232411444E1
2.000745858E1,5.529052277E0,-9.889484711E0,9.011260986E-1,1.136592958E1
2.001739758E1,4.764891357E0,-9.335037689E0,5.069956970E-1,1.049305308E1
2.002733758E1,4.263733521E0,-9.310638428E0,9.318122864E-1,1.028278589E1
2.003727658E1,4.143234100E0,-8.834478607E0,1.175056458E-1,9.758494179E0
2.004721658E1,4.852309570E0,-8.648565216E0,-8.162525940E-1,9.950319430E0
2.005715558E1,4.882846069E0,-9.352850647E0,-7.560777283E-1,1.057779062E1
2.006709558E1,4.950505371E0,-9.757010193E0,-4.595443726E-1,1.095070465E1
2.007703458E1,5.209317169E0,-1.015757721E1,-9.220825195E-2,1.141586013E1
2.008697458E1,4.916526031E0,-1.055095917E1,7.966433716E-1,1.166745937E1
2.009691358E1,4.180656281E0,-1.054616913E1,1.662742310E0,1.146578747E1
2.010685258E1,3.700754242E0,-1.029439270E1,2.086211700E0,1.113653367E1
2.011679258E1,3.732338562E0,-9.802665253E0,2.177372131E0,1.071277493E1
2.012673158E1,3.643722839E0,-9.337432709E0,2.399210815E0,1.030633680E1
2.013667158E1,3.419638824E0,-8.964558105E0,2.562970276E0,9.931064815E0
2.014661058E1,3.492387543E0,-8.513695679E0,2.220781860E0,9.466343377E0
2.015655058E1,3.456611938E0,-8.082592163E0,1.723366241E0,8.958038478E0
2.016648958E1,3.241658936E0,-7.655081177E0,1.545835419E0,8.455662459E0
2.017642958E1,3.108585663E0,-7.246880035E0,1.423689423E0,8.012956174E0
2.018636858E1,3.049308929E0,-6.905739441E0,1.468446350E0,7.690504330E0
2.019630858E1,2.978206787E0,-6.699917450E0,1.591041412E0,7.502667677E0
2.020624758E1,2.763403473E0,-6.600224762E0,1.819316711E0,7.383039954E0
2.021618758E1,2.275418243E0,-6.534361725E0,1.882485352E0,7.170715615E0
2.022612658E1,2.093247070E0,-6.618486786E0,1.981728973E0,7.218954243E0
2.023606658E1,2.013313293E0,-6.780150604E0,2.221829681E0,7.413528159E0
2.024600558E1,1.973645782E0,-6.696773987E0,2.366578674E0,7.371753803E0
2.025594558E1,1.872456207E0,-6.634204102E0,2.405647430E0,7.301088677E0
2.026588458E1,1.797761536E0,-6.744075623E0,2.519261169E0,7.420322054E0
2.027582358E1,1.702709198E0,-6.857988739E0,2.573747864E0,7.520332853E0
2.028576358E1,1.678160248E0,-6.994205475E0,2.538870392E0,7.627646748E0
2.029570258E1,1.686542816E0,-7.167844391E0,2.434687042E0,7.755650900E0
2.030564258E1,1.844763794E0,-7.423662415E0,2.251468048E0,7.973896505E0
2.031558158E1,1.960024109E0,-7.652835846E0,2.105820923E0,8.175700138E0
2.032552158E1,2.145189056E0,-7.656877441E0,1.982926483E0,8.195218464E0
2.033546058E1,2.208058319E0,-7.730823669E0,1.964215393E0,8.276430285E0
2.034540058E1,2.250719604E0,-7.819589081E0,2.298170929E0,8.455371178E0
2.035533958E1,2.192341003E0,-8.024662628E0,2.594255219E0,8.713881426E0
2.036527958E1,2.113305359E0,-8.362360382E0,2.798280945E0,9.067828127E0
2.037521858E1,2.279459839E0,-8.722361755E0,3.069666595E0,9.523569959E0
2.038515858E1,2.567460938E0,-8.974736938E0,3.341351624E0,9.914756147E0
2.039509758E1,2.877466278E0,-9.198671265E0,3.564687195E0,1.027630089E1
2.040503758E1,3.251239014E0,-9.434880066E0,3.689527588E0,1.063955501E1
2.041497658E1,3.511398010E0,-9.716594238E0,3.769311676E0,1.099771931E1
2.042491658E1,3.640878754E0,-1.005683670E1,3.880380707E0,1.137775536E1
2.043485558E1,3.794160004E0,-1.022358994E1,4.090843048E0,1.164699267E1
2.044479558E1,3.878434753E0,-1.000264938E1,4.249812469E0,1.153933087E1
2.045473458E1,3.593876495E0,-1.035426819E1,4.027225342E0,1.167670167E1
2.046467358E1,3.706592102E0,-1.139071289E1,3.565585327E0,1.249802240E1
2.047461358E1,4.318369904E0,-1.258043884E1,2.903961182E0,1.361428480E1
2.048455258E1,5.069956970E0,-1.327723984E1,2.014061737E0,1.435430270E1
2.049449258E1,5.601351929E0,-1.333352280E1,1.063388672E0,1.450133680E1
2.050443158E1,5.902675323E0,-1.259241394E1,3.329077148E-1,1.391119306E1
2.051437158E1,6.011648712E0,-1.162961609E1,4.119433594E-1,1.309799939E1
2.052431058E1,5.942342834E0,-1.059721298E1,1.413061523E0,1.223148005E1
2.053425058E1,5.726342010E0,-9.281449127E0,1.984573059E0,1.108489156E1
2.054418958E1,5.746699677E0,-8.737180939E0,1.074465637E0,1.051272393E1
2.055412958E1,5.387746124E0,-9.161997528E0,-8.382568359E-3,1.062873827E1
2.056406858E1,4.274062042E0,-9.323062592E0,5.168751526E-1,1.026909258E1
2.057400858E1,4.557572479E0,-9.526040497E0,-1.026864624E-1,1.056065618E1
2.058394758E1,5.589526520E0,-9.472601624E0,-1.572929077E0,1.111067478E1
2.059388758E1,6.126609650E0,-9.720186768E0,-1.482068024E0,1.158507239E1
2.060382658E1,6.108497314E0,-9.958491211E0,-1.151705017E0,1.173932328E1
2.061376658E1,6.293512573E0,-9.893675995E0,-6.884184265E-1,1.174593739E1
2.062370558E1,6.227948914E0,-9.865983582E0,4.951702881E-1,1.167776405E1
2.063364458E1,5.929319916E0,-9.535321198E0,1.514700165E0,1.133020307E1
2.064358458E1,5.319188690E0,-8.859476624E0,2.288890228E0,1.058409717E1
2.065352358E1,4.831652527E0,-8.424181824E0,2.550845490E0,1.004084251E1
2.066346358E1,4.348906403E0,-8.082292786E0,2.480641479E0,9.507366918E0
2.067340258E1,4.066294098E0,-7.770191803E0,2.037413177E0,9.003426059E0
2.068334258E1,3.712280273E0,-7.660020905E0,2.333946533E0,8.826338511E0
2.069328158E1,3.306773529E0,-7.458988953E0,2.393372955E0,8.502911353E0
2.070322158E1,3.056194611E0,-7.104376373E0,1.948498077E0,7.975533456E0
2.071316058E1,2.880460052E0,-6.829098816E0,1.496288452E0,7.561251212E0
2.072310058E1,2.705623627E0,-6.619085541E0,1.139280853E0,7.240901426E0
2.073303958E1,2.564616852E0,-6.388415222E0,9.448352051E-1,6.948512230E0
2.074297958E1,2.716850281E0,-6.009702759E0,9.957293701E-1,6.670028461E0
2.075291858E1,2.961890717E0,-5.930068359E0,1.184486847E0,6.733610952E0
2.076285858E1,2.969824219E0,-5.797893219E0,1.371448059E0,6.657048253E0
2.077279758E1,2.947819977E0,-5.757776642E0,1.659299469E0,6.677941988E0
2.078273758E1,3.099903717E0,-5.668861542E0,2.093546448E0,6.791784078E0
2.079267658E1,3.117716675E0,-5.655389557E0,2.272873535E0,6.846133391E0
2.080261658E1,3.298091583E0,-5.577701111E0,2.576292572E0,6.973194475E0
2.081255558E1,3.327729950E0,-5.858517151E0,2.718496857E0,7.265413614E0
2.082249458E1,3.486549683E0,-6.127358093E0,2.728076935E0,7.559295579E0
2.083243458E1,3.577410736E0,-6.443350983E0,2.735711060E0,7.861218383E0
2.084237358E1,3.753744049E0,-6.754104767E0,2.789000244E0,8.215050088E0
2.085231358E1,4.092190247E0,-6.917714539E0,2.683769073E0,8.473689391E0
2.086225258E1,4.229604492E0,-7.123386841E0,2.674488373E0,8.705462785E0
2.087219258E1,4.264781342E0,-7.540120239E0,2.705324249E0,9.075271478E0
2.088213158E1,4.433330841E0,-7.922275543E0,2.720143433E0,9.477133133E0
2.089207158E1,4.611460419E0,-8.392896881E0,2.656525726E0,9.937978375E0
2.090201058E1,4.640050964E0,-8.924740906E0,2.980601807E0,1.049118965E1
2.091195058E1,4.634961548E0,-9.317374420E0,3.406765594E0,1.094999482E1
2.092188958E1,4.647984467E0,-9.629625092E0,3.711980896E0,1.131866782E1
2.093182958E1,4.494403839E0,-9.866133270E0,4.097279663E0,1.158999362E1
2.094176858E1,4.165238342E0,-1.001193008E1,4.506378937E0,1.174288745E1
2.095170858E1,3.880380707E0,-9.968220978E0,4.636907501E0,1.165863178E1
2.096164783E1,3.854783936E0,-9.713750153E0,4.835095367E0,1.151496628E1
2.097158783E1,4.237238617E0,-9.518406372E0,4.912484436E0,1.151897367E1
2.098152683E1,4.932243347E0,-9.662107544E0,4.557572479E0,1.176668235E1
2.099146683E1,5.410049744E0,-1.023706192E1,4.008663940E0,1.225297766E1
2.100140583E1,5.426964569E0,-1.098340988E1,3.333118744E0,1.269633481E1
2.101134483E1,5.334307251E0,-1.185549637E1,2.275118866E0,1.319787081E1
2.102128483E1,5.355263672E0,-1.209574677E1,1.398392029E0,1.330193366E1
2.103122383E1,5.317242737E0,-1.166030228E1,1.137185211E0,1.286580389E1
2.104116383E1,5.475314026E0,-1.149295029E1,-1.724414062E-1,1.273172047E1
2.105110283E1,5.011129303E0,-1.157602753E1,-4.303550720E-1,1.262145141E1
2.106104283E1,4.493954773E0,-1.106963058E1,-6.129753113E-1,1.196277934E1
2.107098183E1,4.872816925E0,-1.027463379E1,-1.291813660E-1,1.137229669E1
2.108092183E1,5.266947327E0,-9.837093658E0,1.917512512E-1,1.116001408E1
2.109086083E1,5.217550049E0,-9.583071899E0,-4.062551880E-1,1.091893488E1
2.110080083E1,5.066514130E0,-9.630672913E0,-9.440867615E-1,1.092294493E1
2.111073983E1,5.221891022E0,-9.911938019E0,-1.227447510E0,1.127037216E1
2.112067983E1,5.561534729E0,-1.001148102E1,-1.395398254E0,1.153722484E1
2.113061883E1,5.514682159E0,-1.047596512E1,-9.006770325E-1,1.187302757E1
2.114055883E1,5.533842316E0,-1.085767136E1,-3.906875610E-1,1.219282883E1
2.115049783E1,5.105582886E0,-1.109537704E1,4.662803650E-1,1.222259325E1
2.116043783E1,4.072581024E0,-1.062221100E1,1.500629425E0,1.147471879E1
2.117037683E1,3.506607971E0,-9.843530273E0,1.792522430E0,1.060210000E1
2.118031683E1,3.562292175E0,-9.117539978E0,1.604214020E0,9.919322730E0
2.119025583E1,3.441044312E0,-8.823401642E0,1.423689423E0,9.577060826E0
2.120019583E1,3.228486328E0,-8.492888947E0,1.296004944E0,9.177794694E0
2.121013483E1,3.206781464E0,-8.061186676E0,1.252744904E0,8.765588844E0
2.122007383E1,3.261118469E0,-7.806117096E0,1.110091553E0,8.532447541E0
2.123001383E1,3.206781464E0,-7.475454712E0,1.001118164E0,8.195615174E0
2.123995283E1,3.221151581E0,-7.057823181E0,9.020242310E-1,7.810399047E0
2.124989283E1,3.109932861E0,-6.873855743E0,9.247769165E-1,7.601104362E0
2.125983183E1,2.968626709E0,-6.824608154E0,1.111289062E0,7.524824541E0
2.126977183E1,2.819237366E0,-6.663393402E0,1.347946930E0,7.359746727E0
2.127971083E1,2.730621643E0,-6.427933044E0,1.632804565E0,7.172215037E0
2.128965083E1,2.698887634E0,-6.437962189E0,1.885928192E0,7.231049492E0
2.129958983E1,2.627336426E0,-6.457421722E0,2.100432129E0,7.281003167E0
2.130952983E1,2.541714478E0,-6.277944946E0,2.147883453E0,7.105371810E0
2.131946883E1,2.375260620E0,-6.068530426E0,2.311044159E0,6.914466693E0
2.132940883E1,2.282603302E0,-6.124514008E0,2.587369537E0,7.029539870E0
2.133934783E1,2.169738007E0,-6.313121796E0,2.880310364E0,7.270450991E0
2.134928783E1,2.117796021E0,-6.676566010E0,3.176993408E0,7.691221020E0
2.135922683E1,2.104324036E0,-6.932683411E0,3.235372009E0,7.934602130E0
2.136916683E1,2.105371857E0,-7.113806763E0,3.251987457E0,8.100262942E0
2.137910583E1,2.017803955E0,-7.288493500E0,3.161126404E0,8.196730472E0
2.138904583E1,1.949096832E0,-7.524552612E0,2.891537018E0,8.293301924E0
2.139898483E1,2.004182281E0,-7.873626709E0,2.695295105E0,8.560102796E0
2.140892383E1,2.115401001E0,-8.338260498E0,2.520907745E0,8.964177898E0
2.141886383E1,2.409539337E0,-8.699309692E0,2.290237427E0,9.312843627E0
2.142880383E1,2.681523743E0,-9.116941223E0,2.124232635E0,9.737635808E0
2.143874283E1,2.944077759E0,-9.414073334E0,2.174078979E0,1.010044504E1
2.144868183E1,3.185525665E0,-9.692045288E0,2.482587433E0,1.049983600E1
2.145862183E1,3.264112244E0,-1.002525238E1,2.874771881E0,1.092814840E1
2.146856083E1,3.328029327E0,-1.029484177E1,3.416794739E0,1.134610208E1
2.147850083E1,3.453318787E0,-1.028496231E1,3.871549072E0,1.151932084E1
2.148843983E1,3.721710663E0,-1.013976425E1,4.177512817E0,1.158091372E1
2.149837983E1,3.911815338E0,-1.036339920E1,4.043691101E0,1.179210668E1
2.150831883E1,4.121080170E0,-1.147304169E1,3.503314819E0,1.268413190E1
2.151825883E1,4.702171783E0,-1.273132507E1,2.913690948E0,1.388116179E1
2.152819783E1,5.347479858E0,-1.338681198E1,2.100132751E0,1.456752668E1
2.153813783E1,5.948330383E0,-1.301423676E1,1.400038605E0,1.437752068E1
2.154807683E1,6.180946655E0,-1.201850739E1,1.270557861E0,1.357434855E1
2.155801683E1,5.938151550E0,-1.113998428E1,1.165925446E0,1.267755007E1
2.156795583E1,5.489085388E0,-1.036474640E1,1.166374512E0,1.178636737E1
2.157789583E1,5.146447906E0,-1.012030472E1,7.888595581E-1,1.138107170E1
2.158783483E1,4.531077576E0,-1.000175125E1,-8.126600647E-1,1.101027286E1
2.159777483E1,4.035158844E0,-1.003872437E1,-1.811981964E0,1.097003976E1
2.160771383E1,4.195774841E0,-1.021969803E1,-7.217990112E-1,1.107103194E1
2.161765383E1,5.555696869E0,-9.723330231E0,-1.341061249E0,1.127862420E1
2.162759283E1,6.611152039E0,-9.515562286E0,-1.532064056E0,1.168762068E1
2.163753183E1,6.662644958E0,-9.724976807E0,-7.761360168E-1,1.181390701E1
2.164747183E1,6.628964996E0,-1.001282822E1,-4.312532043E-1,1.201606779E1
2.165741083E1,6.279292145E0,-9.878407745E0,6.676116943E-1,1.172425498E1
2.166735083E1,5.838758240E0,-9.551487579E0,1.530118103E0,1.129881738E1
2.167728983E1,5.275629272E0,-9.097332001E0,2.099533997E0,1.072388720E1
2.168722983E1,4.587659912E0,-8.575217743E0,2.173180847E0,9.965124074E0
2.169716883E1,4.384532318E0,-8.469687195E0,1.721569977E0,9.691415171E0
2.170710883E1,4.132157135E0,-8.262967072E0,1.870360565E0,9.426006368E0
2.171704783E1,3.810625763E0,-7.896229706E0,1.962419128E0,8.984564603E0
2.172698783E1,3.514990540E0,-7.652087402E0,1.831591187E0,8.617675231E0
2.173692683E1,3.317551117E0,-7.225474548E0,1.318458252E0,8.059277885E0
2.174686683E1,3.118465118E0,-6.784790955E0,9.122030640E-1,7.522654280E0
2.175680583E1,2.953957214E0,-6.510112152E0,6.265969849E-1,7.176353338E0
2.176674583E1,2.902314606E0,-6.229146423E0,4.748126221E-1,6.888478951E0
2.177668483E1,2.950664062E0,-5.918242950E0,4.808001709E-1,6.630474103E0
2.178662483E1,2.664758606E0,-5.855673065E0,7.482939148E-1,6.476865697E0
2.179656383E1,2.765050049E0,-5.722001038E0,1.116079102E0,6.452319754E0
2.180650383E1,3.012934570E0,-5.614225159E0,1.382375336E0,6.519835920E0
2.181644283E1,3.169508972E0,-5.731581116E0,1.714384918E0,6.770223398E0
2.182638283E1,3.204236755E0,-5.852679291E0,1.958826599E0,6.953990920E0
2.183632183E1,3.357667694E0,-5.788762207E0,2.263293457E0,7.064431860E0
2.184626183E1,3.464994507E0,-6.084397430E0,2.415377197E0,7.406762183E0
2.185620083E1,3.557352448E0,-6.290668488E0,2.493514709E0,7.644925249E0
2.186613983E1,3.706741791E0,-6.569089508E0,2.694696350E0,8.009635453E0
2.187607983E1,3.948489075E0,-6.863826599E0,2.894530792E0,8.430954280E0
2.188601883E1,4.382137299E0,-6.974296875E0,2.917732544E0,8.738255398E0
2.189595883E1,4.567601624E0,-7.115153961E0,2.848875732E0,8.922135026E0
2.190589783E1,4.779860229E0,-7.300318909E0,2.880310364E0,9.189010163E0
2.191583783E1,4.822820892E0,-7.562274170E0,2.926564178E0,9.434636711E0
2.192577683E1,4.881498871E0,-8.041427765E0,2.893782349E0,9.842132290E0
2.193571683E1,4.946912842E0,-8.581953735E0,2.812201996E0,1.029710428E1
2.194565583E1,4.928800507E0,-8.973240051E0,2.643353119E0,1.057352482E1
2.195559671E1,4.675527191E0,-9.476643219E0,2.941533051E0,1.096904453E1
2.196553571E1,4.216880951E0,-9.933642883E0,3.275638275E0,1.127781681E1
2.197547571E1,3.633394318E0,-1.023631348E1,3.501817932E0,1.141255435E1
2.198541471E1,3.549269257E0,-1.032163605E1,3.735182648E0,1.153625036E1
2.199535471E1,3.616928558E0,-1.019634659E1,4.182901611E0,1.159932420E1
2.200529371E1,3.836671600E0,-9.744136963E0,4.338278503E0,1.133529508E1
2.201523371E1,4.562661896E0,-9.239685974E0,4.279301147E0,1.115805085E1
2.202517271E1,5.465135193E0,-9.010961609E0,4.203109589E0,1.134597999E1
2.203511271E1,6.034850464E0,-9.535470886E0,4.124822388E0,1.201494007E1
2.204505171E1,6.035748596E0,-1.051443512E1,3.844006348E0,1.271849015E1
2.205499171E1,5.688770142E0,-1.130015121E1,3.054847412E0,1.301489977E1
2.206493071E1,5.615422668E0,-1.156195679E1,1.948348389E0,1.300030299E1
2.207487071E1,5.848787384E0,-1.130988098E1,1.252595215E0,1.279416728E1
2.208480971E1,6.040538635E0,-1.152258865E1,6.210585022E-1,1.302474069E1
2.209474871E1,5.705684967E0,-1.186597458E1,-1.255888367E0,1.322624093E1
2.210468871E1,4.459526367E0,-1.180714691E1,-3.364703064E0,1.306205651E1
2.211462771E1,4.024231567E0,-1.131541946E1,-2.705473938E0,1.231067612E1
2.212456771E1,4.501139832E0,-1.023616379E1,-5.655239868E-1,1.119638898E1
2.213450671E1,4.772375793E0,-9.474547577E0,6.750961304E-1,1.063006949E1
2.214444671E1,4.775818634E0,-8.857979736E0,-2.920426941E-1,1.006764807E1
2.215438571E1,5.373825073E0,-8.732241211E0,-2.140848083E0,1.047440991E1
2.216432571E1,5.865402832E0,-8.342601471E0,-1.926344147E0,1.037847539E1
2.217426471E1,5.803132324E0,-8.659791870E0,-1.399439850E0,1.051792622E1
2.218420471E1,5.722300415E0,-9.435927887E0,-1.197809143E0,1.110027945E1
2.219414371E1,5.194647675E0,-1.028690826E1,-2.038760376E-1,1.152590177E1
2.220408371E1,4.091142426E0,-1.023317001E1,9.809101868E-1,1.106423968E1
2.221402271E1,3.293750610E0,-9.771829376E0,1.607956238E0,1.043661658E1
2.222396271E1,3.037333832E0,-9.170080719E0,1.345102844E0,9.753208644E0
2.223390171E1,2.748883667E0,-9.199419708E0,1.062789917E0,9.659979648E0
2.224384171E1,2.615660706E0,-9.005273438E0,1.192270660E0,9.452943454E0
2.225378071E1,2.552791443E0,-8.594377899E0,1.428928528E0,9.078651462E0
2.226372071E1,2.754122772E0,-8.220904541E0,1.528022461E0,8.803596785E0
2.227365971E1,2.911894684E0,-7.773484955E0,1.412911835E0,8.420363344E0
2.228359971E1,3.077001343E0,-7.254663849E0,1.233884125E0,7.976249423E0
2.229353871E1,3.126997375E0,-7.029981079E0,1.178798676E0,7.783849490E0
2.230347871E1,2.960543518E0,-6.859335938E0,1.435065765E0,7.607543702E0
2.231341771E1,2.707419891E0,-6.816225586E0,1.817370758E0,7.556049906E0
2.232335771E1,2.522554321E0,-6.765630798E0,2.124681702E0,7.526706633E0
2.233329671E1,2.398911438E0,-6.713239746E0,2.454745331E0,7.539770462E0
2.234323571E1,2.359543304E0,-6.625372467E0,2.842439117E0,7.585674991E0
2.235317571E1,2.307601318E0,-6.523883514E0,2.990930328E0,7.538683186E0
2.236311471E1,2.048340454E0,-6.429878998E0,2.959346008E0,7.368634293E0
2.237305471E1,1.896256714E0,-6.572532349E0,3.056194611E0,7.492282462E0
2.238299371E1,1.803449707E0,-6.895410919E0,2.949616241E0,7.713582732E0
2.239293371E1,1.844464417E0,-7.169191589E0,2.742297363E0,7.894273358E0
2.240287271E1,1.836081848E0,-7.426805878E0,2.626438293E0,8.088684702E0
2.241281271E1,1.827250214E0,-7.548203430E0,2.465373230E0,8.148146018E0
2.242275171E1,1.835183716E0,-7.729027405E0,2.365830231E0,8.288722252E0
2.243269171E1,1.801503754E0,-7.903863831E0,2.398162994E0,8.453855036E0
2.244263071E1,1.912572784E0,-8.057594147E0,2.406246185E0,8.623965375E0
2.245257071E1,1.970352631E0,-8.398435364E0,2.257904663E0,8.917070119E0
2.246250971E1,2.180515594E0,-8.809031525E0,2.237397308E0,9.346637437E0
2.247244971E1,2.312091980E0,-9.230105896E0,2.349364471E0,9.801027374E0
2.248238871E1,2.632575531E0,-9.663005676E0,2.646346893E0,1.035892294E1
2.249232871E1,2.799777832E0,-9.949958954E0,2.800975342E0,1.070915038E1
2.250226771E1,3.277135162E0,-9.998907166E0,2.908601532E0,1.091685496E1
2.251220771E1,4.152814178E0,-9.764943695E0,3.296594696E0,1.111159429E1
2.252214671E1,4.623435516E0,-9.555229797E0,3.847598877E0,1.129081882E1
2.253208671E1,4.641248474E0,-9.789941711E0,3.991449738E0,1.154624688E1
2.254202571E1,4.493954773E0,-1.055709641E1,3.810775452E0,1.209007542E1
2.255196571E1,4.645739136E0,-1.162916702E1,3.448379059E0,1.298890819E1
2.256190471E1,5.519023132E0,-1.259301270E1,2.733316040E0,1.401836658E1
2.257184471E1,6.365363159E0,-1.329520248E1,2.060764618E0,1.488378339E1
2.258178371E1,6.697672119E0,-1.381477203E1,1.359323273E0,1.541280305E1
2.259172271E1,6.541995850E0,-1.344339432E1,7.517367554E-1,1.496955806E1
2.260166271E1,5.795647888E0,-1.274270142E1,1.501078491E0,1.407903443E1
2.261160171E1,5.259762268E0,-1.197913925E1,9.208850098E-1,1.311536906E1
2.262154171E1,4.899611206E0,-1.132664612E1,-5.068460083E-1,1.235135600E1
2.263148071E1,3.979774017E0,-1.053823563E1,4.790039063E-2,1.126478166E1
2.264142071E1,3.586392059E0,-9.706116028E0,-1.061592407E0,1.040182074E1
2.265135971E1,3.995042267E0,-8.419092407E0,-1.545386353E0,9.446147292E0
2.266129971E1,4.860392761E0,-7.710016937E0,-1.733096008E0,9.277467367E0
2.267123871E1,5.871240692E0,-7.442972260E0,-1.772613831E0,9.644245077E0
2.268117871E1,6.257587280E0,-7.815996552E0,-8.708889771E-1,1.005015663E1
2.269111771E1,5.983058167E0,-8.145910492E0,-4.430786133E-2,1.010716607E1
2.270105771E1,5.536686401E0,-8.229885864E0,6.712042236E-1,9.941651410E0
2.271099671E1,5.223986664E0,-8.487649841E0,1.159488831E0,1.003367584E1
2.272093671E1,5.033582611E0,-8.841663666E0,1.445693665E0,1.027628340E1
2.273087571E1,5.006189575E0,-8.882828064E0,1.538650360E0,1.031183851E1
2.274081571E1,5.087320862E0,-8.774004364E0,1.682800598E0,1.028084646E1
2.275075471E1,4.919070740E0,-8.638685760E0,1.805395660E0,1.010364301E1
2.276069471E1,4.763394470E0,-8.529263306E0,1.803449707E0,9.934318812E0
2.277063371E1,4.452940063E0,-8.199648743E0,1.641336823E0,9.474011889E0
2.278057371E1,4.106410675E0,-7.808212738E0,1.411265259E0,8.934341857E0
2.279051271E1,3.798500977E0,-7.516918488E0,1.271755371E0,8.517630829E0
2.280045271E1,3.407514038E0,-7.254813538E0,1.109193420E0,8.091587077E0
2.281039171E1,3.087629242E0,-7.041507111E0,1.095422058E0,7.766352182E0
2.282033171E1,2.966830444E0,-6.879094849E0,9.837542725E-1,7.555911678E0
2.283027071E1,2.894830170E0,-6.713389435E0,9.039701843E-1,7.366600404E0
2.284020971E1,2.715652771E0,-6.568790131E0,1.163081360E0,7.202536498E0
2.285014971E1,2.721939697E0,-6.336922302E0,1.503922577E0,7.058847151E0
2.286008871E1,2.884801025E0,-6.169869690E0,1.825453949E0,7.051358101E0
2.287002871E1,3.365152130E0,-5.952222290E0,2.046693878E0,7.137377311E0
2.287996771E1,3.207829285E0,-6.125112762E0,2.222578125E0,7.262714960E0
2.288990771E1,3.252137146E0,-6.119424591E0,2.537523193E0,7.379890060E0
2.289984671E1,3.431913300E0,-6.202052765E0,2.709066467E0,7.588315262E0
2.290978671E1,3.614683228E0,-6.233786774E0,2.800675964E0,7.731094245E0
2.291972571E1,3.856430511E0,-6.372248840E0,2.853815460E0,7.976332130E0
2.292966571E1,3.984414368E0,-6.599626007E0,2.831062775E0,8.212523225E0
2.293960471E1,4.030817871E0,-6.849306793E0,2.621498566E0,8.368557282E0
2.294954471E1,4.194727020E0,-6.994804230E0,2.315983887E0,8.478608515E0
2.295948283E1,4.158652039E0,-7.285649414E0,2.082619171E0,8.643632152E0
2.296942283E1,4.212090912E0,-7.500003662E0,2.073338470E0,8.848191747E0
2.297936183E1,4.382436676E0,-7.790699158E0,2.246079254E0,9.216594631E0
2.298930183E1,4.737797699E0,-8.090076599E0,2.504142609E0,9.703957781E0
2.299924083E1,4.836143188E0,-8.587941284E0,2.785258026E0,1.024200560E1
2.300918083E1,4.704866180E0,-9.181457062E0,2.913990326E0,1.072036656E1
2.301911983E1,4.673730927E0,-9.588610382E0,3.270548859E0,1.115713671E1
2.302905983E1,4.319417725E0,-9.916877747E0,3.770808563E0,1.145516612E1
2.303899883E1,3.689677277E0,-1.017299515E1,4.126319275E0,1.158145325E1
2.304893883E1,3.301384735E0,-1.015637970E1,4.327201538E0,1.152284092E1
2.305887783E1,3.483256531E0,-9.873617706E0,4.497247925E0,1.139502705E1
2.306881783E1,3.954925690E0,-9.552535400E0,4.582121429E0,1.130876680E1
2.307875683E1,4.537663879E0,-9.611363068E0,4.291126556E0,1.146221884E1
2.308869583E1,5.121599579E0,-1.007060806E1,3.889661407E0,1.194894953E1
2.309863583E1,5.308710480E0,-1.052176987E1,3.520678711E0,1.229980596E1
2.310857483E1,5.254972229E0,-1.129551086E1,2.811453552E0,1.277135740E1
2.311851483E1,5.061724091E0,-1.208916046E1,1.675316162E0,1.321270357E1
2.312845383E1,5.237159271E0,-1.229797623E1,9.496252441E-1,1.340036733E1
2.313839383E1,5.466781769E0,-1.219678665E1,9.369017029E-1,1.339869741E1
2.314833283E1,5.339097290E0,-1.195324310E1,-2.384541321E-1,1.309361833E1
2.315827283E1,4.542004852E0,-1.137275024E1,-1.880389709E0,1.238971838E1
2.316821183E1,4.051175537E0,-1.080797470E1,-1.122066650E0,1.159669668E1
2.317815183E1,4.647535400E0,-1.004216721E1,4.526586914E-1,1.107472832E1
2.318809083E1,4.808450775E0,-9.217532043E0,1.103654938E0,1.045476686E1
2.319803083E1,5.001399536E0,-8.762328644E0,1.197509766E-2,1.008922911E1
2.320796983E1,4.967420197E0,-8.881630554E0,-1.218765564E0,1.024909821E1
2.321790983E1,4.807852020E0,-9.143286438E0,-1.449286194E0,1.043146962E1
2.322784883E1,5.267995148E0,-9.549990692E0,-1.635049896E0,1.102848508E1
2.323778883E1,4.964276733E0,-1.014230896E1,-8.997789001E-1,1.132784519E1
2.324772783E1,4.663552094E0,-1.093311447E1,-5.923182678E-1,1.190094749E1
2.325766783E1,4.123026123E0,-1.118923187E1,3.471281433E-1,1.192974234E1
2.326760683E1,3.415148163E0,-1.055155792E1,1.136137390E0,1.114851648E1
2.327754683E1,3.099903717E0,-9.567953339E0,1.330283661E0,1.014518550E1
2.328748583E1,2.722089386E0,-8.838819580E0,1.495689697E0,9.368649308E0
2.329742583E1,2.676284637E0,-8.581055603E0,1.547631683E0,9.120974649E0
2.330736483E1,2.703527985E0,-8.082891541E0,1.443747711E0,8.644455256E0
2.331730483E1,2.816093903E0,-7.609725494E0,1.228645020E0,8.206575141E0
2.332724383E1,2.914140015E0,-7.275320892E0,1.104852448E0,7.914746050E0
2.333718283E1,2.963836670E0,-6.971602478E0,9.416917419E-1,7.633763964E0
2.334712283E1,2.892884216E0,-6.681655426E0,7.182064819E-1,7.316359673E0
2.335706183E1,2.691552887E0,-6.611601105E0,8.393046570E-1,7.187639280E0
2.336700183E1,2.548151093E0,-6.602470093E0,1.137933655E0,7.168024715E0
2.337694083E1,2.317929840E0,-6.592141571E0,1.423090668E0,7.131221234E0
2.338688083E1,2.217339020E0,-6.692433014E0,1.651815033E0,7.241114892E0
2.339681983E1,2.326911163E0,-6.794071655E0,1.891915741E0,7.426524786E0
2.340675983E1,2.414628754E0,-6.876999207E0,2.070793762E0,7.577053313E0
2.341669883E1,2.413580933E0,-6.962471466E0,2.280956726E0,7.713893013E0
2.342663883E1,2.509531403E0,-6.958729248E0,2.652783508E0,7.858684429E0
2.343657783E1,2.438728638E0,-7.075935516E0,2.815046082E0,7.996295720E0
2.344651783E1,2.516716461E0,-7.308701477E0,2.946622467E0,8.272458098E0
2.345645683E1,2.482138367E0,-7.488777008E0,3.139421539E0,8.491098842E0
2.346639683E1,2.292632446E0,-7.782316589E0,3.025358734E0,8.658718756E0
2.347633583E1,2.262545013E0,-8.077802124E0,2.889141998E0,8.872267950E0
2.348627583E1,2.294428711E0,-8.121062164E0,2.882256317E0,8.917592459E0
2.349621483E1,2.319277039E0,-8.231682129E0,2.722388763E0,8.975022966E0
2.350615483E1,2.404599609E0,-8.336015167E0,2.785258026E0,9.112020107E0
2.351609383E1,2.279908905E0,-8.424630890E0,2.980152740E0,9.222456322E0
2.352603383E1,2.189945984E0,-8.604407043E0,2.861599274E0,9.328474387E0
2.353597283E1,2.349065094E0,-8.882079620E0,2.507435760E0,9.523480419E0
2.354591283E1,2.505639496E0,-9.296567688E0,2.230960693E0,9.883399500E0
2.355585183E1,2.654879150E0,-9.575737152E0,2.346370697E0,1.021021943E1
2.356579183E1,2.997816010E0,-9.651629333E0,2.576591949E0,1.042974955E1
2.357573083E1,3.522924042E0,-9.745933228E0,2.612068176E0,1.068724045E1
2.358566983E1,4.291875000E0,-9.685159607E0,2.781066742E0,1.095248099E1
2.359560983E1,4.714146881E0,-9.718091125E0,3.041375427E0,1.122116039E1
2.360554883E1,4.626429291E0,-1.054976166E1,2.812351685E0,1.185793578E1
2.361548883E1,4.558620300E0,-1.176568314E1,2.318528595E0,1.282918133E1
2.362542783E1,5.036875763E0,-1.270632706E1,1.659299469E0,1.376859250E1
2.363536783E1,6.025869141E0,-1.330747696E1,9.791139221E-1,1.464099402E1
2.364530683E1,6.916217651E0,-1.336346054E1,9.352551270E-1,1.507616816E1
2.365524683E1,6.687792664E0,-1.256008118E1,1.697021027E0,1.433046022E1
2.366518583E1,5.943390656E0,-1.146181503E1,8.256829834E-1,1.293749778E1
2.367512583E1,5.246739349E0,-1.150971542E1,4.775070190E-2,1.264927283E1
2.368506483E1,4.443809052E0,-1.132350266E1,2.293231201E-1,1.216641855E1
2.369500483E1,4.204606476E0,-1.082159637E1,-1.392554169E0,1.169294107E1
2.370494383E1,4.015100555E0,-1.006821304E1,-1.966909790E0,1.101629159E1
2.371488383E1,4.696483612E0,-9.653575287E0,-2.286944275E0,1.097627388E1
2.372482283E1,5.613476715E0,-9.394464111E0,-2.320175171E0,1.118705902E1
2.373476283E1,6.539451141E0,-9.340426483E0,-1.480122070E0,1.149777150E1
2.374470183E1,6.736142120E0,-9.446705475E0,-2.826123047E-1,1.160584873E1
2.375464183E1,6.216722260E0,-9.444759521E0,7.122189331E-1,1.132953547E1
2.376458083E1,5.751639404E0,-9.356443176E0,1.136137390E0,1.104152131E1
2.377452083E1,5.393733673E0,-9.267228699E0,1.427731018E0,1.081722268E1
2.378445983E1,4.978946228E0,-9.347910919E0,1.471440125E0,1.069291729E1
2.379439983E1,4.727319489E0,-8.981921997E0,1.353036346E0,1.023978416E1
2.380433883E1,4.690346375E0,-8.607251129E0,1.445244598E0,9.908221488E0
2.381427883E1,4.577780457E0,-8.227490845E0,1.458566895E0,9.527596596E0
2.382421783E1,4.426145782E0,-7.852520599E0,1.398392029E0,9.121860913E0
2.383415683E1,4.105811920E0,-7.454049225E0,1.320404205E0,8.611852799E0
2.384409683E1,3.839216309E0,-6.866970062E0,1.334774323E0,7.979754520E0
2.385403583E1,3.593277740E0,-6.491251373E0,1.088536377E0,7.498859964E0
2.386397583E1,3.289559326E0,-6.374045105E0,8.173004150E-1,7.219254223E0
2.387391483E1,3.079096985E0,-6.216273193E0,5.204676819E-1,6.956563610E0
2.388385483E1,2.918780365E0,-5.996230774E0,3.020718384E-1,6.675725407E0
2.389379383E1,2.634671173E0,-5.976771240E0,4.504133606E-1,6.547225278E0
2.390373383E1,2.823728027E0,-5.780978394E0,6.743476868E-1,6.468994973E0
2.391367283E1,3.152594147E0,-5.530399475E0,1.008153534E0,6.445195246E0
2.392361283E1,3.105142822E0,-5.501359863E0,1.515598297E0,6.496453686E0
2.393355183E1,3.265160065E0,-5.607339478E0,1.791624298E0,6.731526119E0
2.394349183E1,3.532953186E0,-5.647006989E0,2.085612946E0,6.979987643E0
2.395343083E1,3.507805481E0,-5.906417542E0,2.359543304E0,7.263464192E0
2.396337100E1,3.668122101E0,-6.061495056E0,2.518512726E0,7.519291749E0
2.397331000E1,3.582350464E0,-6.350543976E0,2.678230591E0,7.767596973E0
2.398325000E1,3.627855835E0,-6.521787872E0,2.764750671E0,7.958574074E0
2.399318900E1,3.899690552E0,-6.637197876E0,2.716999969E0,8.163459492E0
2.400312900E1,4.196373596E0,-6.728657684E0,2.509681091E0,8.317624948E0
2.401306800E1,4.286486206E0,-6.819967804E0,2.384092255E0,8.400584546E0
2.402300800E1,4.353097687E0,-6.929090881E0,2.271376648E0,8.492403181E0
2.403294700E1,4.406386871E0,-7.138206024E0,2.317780151E0,8.703007258E0
2.404288700E1,4.492757263E0,-7.513325958E0,2.483186188E0,9.099513637E0
2.405282600E1,4.798870697E0,-7.896678772E0,2.600093079E0,9.599332248E0
2.406276500E1,5.021757202E0,-8.415948944E0,2.777474213E0,1.018629496E1
2.407270500E1,4.998405762E0,-8.990154877E0,3.013233948E0,1.071851313E1
2.408264400E1,4.652026062E0,-9.551188202E0,3.397933960E0,1.115403504E1
2.409258400E1,3.822002106E0,-1.011476624E1,3.669469299E0,1.141845879E1
2.410252300E1,2.851869507E0,-1.074645264E1,3.561693420E0,1.167497597E1
2.411246300E1,3.077899475E0,-1.087937622E1,3.562142487E0,1.185424613E1
2.412240200E1,3.714675293E0,-1.088461533E1,3.505560150E0,1.202341945E1
2.413234200E1,5.236410828E0,-1.084764221E1,3.471431122E0,1.253563616E1
2.414228100E1,6.482120361E0,-1.101768860E1,3.326532440E0,1.320882904E1
2.415222100E1,6.916966095E0,-1.196342194E1,2.878963165E0,1.411581784E1
2.416216000E1,6.821165314E0,-1.289807831E1,2.516866150E0,1.480619247E1
2.417210000E1,6.432573395E0,-1.299477722E1,2.357597351E0,1.469014979E1
2.418203900E1,6.228098602E0,-1.269435196E1,1.688638458E0,1.424034001E1
2.419197900E1,5.842500458E0,-1.233839218E1,6.764433289E-1,1.366851524E1
2.420191800E1,5.391188965E0,-1.162003601E1,-1.024020538E0,1.285063319E1
2.421185800E1,4.881349182E0,-1.147992737E1,-9.711804199E-1,1.251237362E1
2.422179700E1,4.855453033E0,-1.082384171E1,4.858895874E-1,1.187295507E1
2.423173700E1,4.695136414E0,-1.003932312E1,4.704716492E-1,1.109295534E1
2.424167600E1,4.600832520E0,-9.191785583E0,-1.304686890E0,1.036140869E1
2.425161600E1,5.020260315E0,-9.235494690E0,-2.059417419E0,1.071160940E1
2.426155500E1,5.324727173E0,-9.203760681E0,-2.136357422E0,1.084554992E1
2.427149500E1,5.499713287E0,-9.446855164E0,-1.457968140E0,1.102794586E1
2.428143400E1,5.549110565E0,-9.886191559E0,-9.764195251E-1,1.137905122E1
2.429137400E1,5.049898682E0,-1.009590546E1,-4.490661621E-4,1.128843585E1
2.430131300E1,4.274062042E0,-9.598340149E0,1.012494507E0,1.055560918E1
2.431125200E1,3.821103973E0,-9.022038574E0,1.129850464E0,9.862787521E0
2.432119200E1,3.601211243E0,-8.296946411E0,1.211879883E0,9.125606556E0
2.433113100E1,3.334915009E0,-8.045619049E0,1.185684357E0,8.789737845E0
2.434107100E1,3.159330139E0,-8.008346558E0,1.349144440E0,8.714078966E0
2.435101000E1,3.002156982E0,-7.518415375E0,1.388213196E0,8.213808628E0
2.436095000E1,3.000061340E0,-7.290589142E0,1.275198212E0,7.986187361E0
2.437088900E1,2.961591339E0,-6.994205475E0,1.078956299E0,7.671641296E0
2.438082900E1,2.963387604E0,-6.564000092E0,8.581654358E-1,7.252876065E0
2.439076800E1,2.800226898E0,-6.368057556E0,7.728428650E-1,6.999336670E0
2.440070800E1,2.582579498E0,-6.218368835E0,9.104067993E-1,6.794605830E0
2.441064700E1,2.445614319E0,-6.234984283E0,1.119671631E0,6.790414050E0
2.442058700E1,2.459685059E0,-6.368955688E0,1.365011444E0,6.962535701E0
2.443052600E1,2.442021790E0,-6.543941803E0,1.697619781E0,7.188084422E0
2.444046600E1,2.454146576E0,-6.644682312E0,1.956581268E0,7.348663055E0
2.445040500E1,2.447260895E0,-6.658603363E0,2.139650574E0,7.409736109E0
2.446034500E1,2.400707703E0,-6.738088074E0,2.338287506E0,7.525477847E0
2.447028400E1,2.452649689E0,-6.896758118E0,2.567011871E0,7.756952557E0
2.448022400E1,2.403551788E0,-7.156018982E0,2.747536469E0,8.033344603E0
2.449016300E1,2.476749573E0,-7.389982452E0,2.955903168E0,8.335675895E0
2.450010300E1,2.491868134E0,-7.587571564E0,3.101400604E0,8.567341171E0
2.451004200E1,2.424957275E0,-7.864645386E0,3.127596130E0,8.804255925E0
2.451998200E1,2.593057709E0,-8.044720917E0,3.174299011E0,9.028712927E0
2.452992100E1,2.525697784E0,-8.168812866E0,3.207080841E0,9.132032658E0
2.453986100E1,2.528841248E0,-8.298293610E0,3.151546326E0,9.229786516E0
2.454980000E1,2.330653381E0,-8.539292450E0,2.972967682E0,9.337558437E0
2.455973900E1,2.400108948E0,-8.854985962E0,2.745590515E0,9.576511193E0
2.456967900E1,2.463876343E0,-9.152716827E0,2.587070160E0,9.825265593E0
2.457961800E1,2.686463470E0,-9.415121155E0,2.569556580E0,1.012246083E1
2.458955800E1,3.018173676E0,-9.582922211E0,2.653681641E0,1.039152523E1
2.459949700E1,3.303630066E0,-9.697434082E0,2.951262817E0,1.066133911E1
2.460943700E1,3.363206177E0,-9.916129303E0,3.276087341E0,1.097148688E1
2.461937600E1,3.406915283E0,-1.015263748E1,3.551963654E0,1.128271091E1
2.462931600E1,3.649411011E0,-1.034184402E1,3.934418335E0,1.165124827E1
2.463925500E1,3.688330078E0,-1.024379791E1,4.091890869E0,1.163111110E1
2.464919500E1,3.459306335E0,-1.059915894E1,3.877686310E0,1.180446617E1
2.465913400E1,3.654051361E0,-1.148307083E1,3.270548859E0,1.248637245E1
2.466907400E1,4.514611816E0,-1.269120850E1,2.472857666E0,1.369538309E1
2.467901300E1,5.510490875E0,-1.348201401E1,1.584455109E0,1.465062147E1
2.468895300E1,6.222111053E0,-1.371013962E1,9.451345825E-1,1.508561811E1
2.469889200E1,6.522536316E0,-1.310000839E1,1.022224274E0,1.466965038E1
2.470883200E1,6.263724518E0,-1.176673096E1,1.427281952E0,1.340624243E1
2.471877100E1,5.646707611E0,-1.060978683E1,1.632654877E0,1.212923928E1
2.472871100E1,5.534441071E0,-1.004590942E1,1.581760712E0,1.157809574E1
2.473865000E1,5.167554016E0,-9.662406921E0,5.164260864E-1,1.096961339E1
2.474859000E1,4.344565430E0,-8.750054169E0,-1.284927979E0,9.853412436E0
2.475852900E1,4.149221649E0,-8.099357300E0,-2.408341827E0,9.413593327E0
2.476846900E1,4.563709717E0,-7.844587097E0,-1.899250488E0,9.272116561E0
2.477840800E1,5.588179321E0,-8.228987732E0,-2.288141785E0,1.020683987E1
2.478834700E1,5.986051941E0,-9.097182312E0,-1.166075134E0,1.095222695E1
2.479828700E1,5.993985443E0,-9.397906952E0,-4.460723877E-1,1.115560384E1
2.480822600E1,5.813610535E0,-9.333091736E0,4.405339050E-1,1.100448722E1
2.481816600E1,5.605842590E0,-9.227561188E0,1.443747711E0,1.089301446E1
2.482810500E1,5.339097290E0,-9.151818695E0,2.130519562E0,1.080744461E1
2.483804500E1,5.170996857E0,-9.212742004E0,2.060315552E0,1.076376904E1
2.484798400E1,5.110522614E0,-8.807834015E0,2.171534271E0,1.041205755E1
2.485792400E1,4.763843536E0,-8.193960571E0,2.211052094E0,9.732622794E0
2.486786300E1,4.485572205E0,-7.932454376E0,2.093845825E0,9.350314475E0
2.487780300E1,4.084107056E0,-7.617958374E0,1.719923401E0,8.813135466E0
2.488774200E1,3.744014282E0,-7.403304749E0,1.318907318E0,8.400361936E0
2.489768200E1,3.451971588E0,-7.071444855E0,1.066532135E0,7.940965368E0
2.490762100E1,3.196153564E0,-6.732549591E0,9.349557495E-1,7.511109363E0
2.491756100E1,3.073408813E0,-6.443800049E0,7.949967957E-1,7.183343282E0
2.492750000E1,2.945125580E0,-6.298901367E0,7.304809570E-1,6.991675446E0
2.493744000E1,2.982398071E0,-6.194418640E0,8.165519714E-1,6.923314067E0
2.494737900E1,3.118465118E0,-6.123017120E0,8.913963318E-1,6.928979057E0
2.495731900E1,3.242557068E0,-6.080355835E0,1.079105988E0,6.974910261E0
2.496725858E1,2.912194061E0,-6.137686615E0,1.585353241E0,6.976060216E0
2.497719858E1,3.116219788E0,-6.151158600E0,1.923799438E0,7.158811505E0
2.498713758E1,3.395838318E0,-6.106551361E0,2.114353180E0,7.300149093E0
2.499707758E1,3.379971313E0,-6.188580780E0,2.499801636E0,7.481426760E0
2.500701658E1,3.387156372E0,-6.303990784E0,2.850971375E0,7.703321742E0
2.501695558E1,3.591930542E0,-6.296206970E0,3.014132080E0,7.850425430E0
2.502689558E1,3.840862885E0,-6.336173859E0,3.046614532E0,8.011316182E0
2.503683458E1,3.963907013E0,-6.476432190E0,2.982398071E0,8.157906041E0
2.504677458E1,3.996090088E0,-6.730304260E0,2.956501923E0,8.366996776E0
2.505671358E1,4.190236359E0,-6.915618896E0,2.803370361E0,8.558197874E0
2.506665358E1,4.438270569E0,-7.126679993E0,2.528541870E0,8.768200348E0
2.507659258E1,4.387975159E0,-7.566914520E0,2.353256378E0,9.058164104E0
2.508653258E1,4.471052399E0,-8.093669128E0,2.339035950E0,9.537760675E0
2.509647158E1,4.724176025E0,-8.547675018E0,2.527044983E0,1.008794051E1
2.510641158E1,4.914729767E0,-9.070238342E0,2.673141174E0,1.065689805E1
2.511635058E1,4.910089417E0,-9.613009644E0,2.893632660E0,1.117551084E1
2.512629058E1,4.775070190E0,-9.947114868E0,3.175346832E0,1.148169051E1
2.513622958E1,4.403542786E0,-1.017164795E1,3.670517120E0,1.167588571E1
2.514616958E1,3.946543121E0,-1.024679169E1,3.939807129E0,1.166593428E1
2.515610858E1,3.946243744E0,-1.018601807E1,4.155957642E0,1.168759118E1
2.516604858E1,4.380490723E0,-9.922565918E0,4.120780792E0,1.160288101E1
2.517598758E1,5.234614563E0,-9.863887939E0,3.561094666E0,1.172087327E1
2.518592758E1,6.069578247E0,-1.022508682E1,3.341950378E0,1.235155103E1
2.519586658E1,6.063590698E0,-1.089075256E1,3.199746094E0,1.286911025E1
2.520580658E1,5.881868591E0,-1.193363388E1,2.664010162E0,1.356852777E1
2.521574558E1,5.632636871E0,-1.281619858E1,1.370849304E0,1.406629916E1
2.522568558E1,5.677543488E0,-1.281021103E1,6.291416931E-1,1.402611229E1
2.523562458E1,5.996679840E0,-1.215367630E1,7.424560547E-1,1.357288686E1
2.524556358E1,5.710025940E0,-1.155926239E1,-7.155120850E-2,1.289286868E1
2.525550358E1,5.210065613E0,-1.090347610E1,-6.417155457E-1,1.210133768E1
2.526544258E1,5.557792511E0,-1.059197388E1,1.311273193E-1,1.196228083E1
2.527538258E1,5.835465088E0,-9.727820892E0,-4.824467468E-1,1.135411410E1
2.528532158E1,5.823639679E0,-9.401200104E0,-1.862576752E0,1.121456797E1
2.529526158E1,5.366640015E0,-9.682764587E0,-2.031874695E0,1.125545512E1
2.530520058E1,4.994813232E0,-1.025382706E1,-1.541494446E0,1.150935853E1
2.531514058E1,4.499044189E0,-1.086306015E1,-1.656305695E0,1.187395566E1
2.532507958E1,4.375850372E0,-1.126856689E1,-1.755399628E0,1.221515838E1
2.533501958E1,4.064497833E0,-1.118399277E1,-7.189549255E-1,1.192135617E1
2.534495858E1,3.548520813E0,-1.046863037E1,3.276686096E-1,1.105855273E1
2.535489858E1,3.409010925E0,-9.674382019E0,6.954537964E-1,1.028098628E1
2.536483758E1,3.654650116E0,-8.739575958E0,7.502398682E-1,9.502605709E0
2.537477758E1,3.786525879E0,-8.227041779E0,6.285429382E-1,9.078384266E0
2.538471658E1,3.709286499E0,-7.855963440E0,8.708889771E-1,8.731174922E0
2.539465658E1,3.649411011E0,-7.601941681E0,1.155596924E0,8.511352554E0
2.540459558E1,3.629053345E0,-7.190297699E0,1.264720001E0,8.152909043E0
2.541453558E1,3.491788788E0,-6.696624298E0,1.419198761E0,7.684496799E0
2.542447458E1,3.232677612E0,-6.320157166E0,1.548230438E0,7.265783415E0
2.543441458E1,3.038381653E0,-6.164031830E0,1.783990173E0,7.099976930E0
2.544435358E1,2.844834137E0,-6.138884125E0,1.827549591E0,7.008488929E0
2.545429258E1,2.659369812E0,-6.137087860E0,1.900747375E0,6.953339901E0
2.546423258E1,2.439327393E0,-6.274053040E0,2.126627655E0,7.059504576E0
2.547417158E1,2.230212250E0,-6.557563477E0,2.233954468E0,7.277776995E0
2.548411158E1,2.138752441E0,-6.820267181E0,2.191592560E0,7.476187824E0
2.549405058E1,2.030527496E0,-6.941215668E0,2.156715088E0,7.546849464E0
2.550399058E1,1.944606171E0,-7.176526337E0,2.202370148E0,7.754641042E0
2.551392958E1,2.074086914E0,-7.459887085E0,2.270478516E0,8.068880005E0
2.552386958E1,2.074985046E0,-7.648943939E0,2.233954468E0,8.234224851E0
2.553380858E1,2.031425629E0,-7.980504456E0,2.069745941E0,8.491112395E0
2.554374858E1,2.114502869E0,-8.205935669E0,2.003433838E0,8.707597242E0
2.555368758E1,2.095791779E0,-8.245902557E0,2.127525787E0,8.770040943E0
2.556362758E1,2.017803955E0,-8.261170807E0,2.406994629E0,8.838104946E0
2.557356658E1,1.939516754E0,-8.339607697E0,2.480192413E0,8.914153700E0
2.558350658E1,1.988614655E0,-8.445886688E0,2.526895294E0,9.037299930E0
2.559344558E1,1.889820099E0,-8.612639923E0,2.515369263E0,9.169300354E0
2.560338558E1,2.076032867E0,-8.701854401E0,2.556683350E0,9.304236252E0
2.561332458E1,2.359393616E0,-8.766819305E0,2.658022614E0,9.459859575E0
2.562326458E1,2.602039032E0,-8.841513977E0,2.847229156E0,9.646226744E0
2.563320358E1,3.048560486E0,-8.590635681E0,3.179687805E0,9.654178214E0
2.564314358E1,3.523522797E0,-8.461005249E0,3.416794739E0,9.781528971E0
2.565308258E1,3.705394592E0,-8.630901947E0,3.490142212E0,1.002015520E1
2.566302158E1,3.793561249E0,-8.969647522E0,3.492088165E0,1.034603129E1
2.567296158E1,3.924239502E0,-9.373358002E0,3.481460266E0,1.074151114E1
2.568290058E1,4.002077637E0,-9.780511322E0,3.297343140E0,1.107011738E1
2.569284058E1,3.902085571E0,-1.042686722E1,2.872376862E0,1.149766849E1
2.570277958E1,4.076173553E0,-1.133966904E1,2.077679443E0,1.222783859E1
2.571271958E1,4.724026337E0,-1.209410019E1,1.456471252E0,1.306541208E1
2.572265858E1,5.503754883E0,-1.271725433E1,1.094074860E0,1.390024731E1
2.573259858E1,6.179150391E0,-1.255080048E1,8.030799866E-1,1.401247407E1
2.574253758E1,6.411467285E0,-1.173469757E1,7.827223206E-1,1.339487566E1
2.575247758E1,6.211932220E0,-1.085123474E1,9.377998352E-1,1.253861499E1
2.576241658E1,5.939798126E0,-1.010937744E1,1.091530151E0,1.177591407E1
2.577235658E1,5.524860992E0,-9.999655609E0,2.835104370E-1,1.142792980E1
2.578229558E1,4.547992401E0,-9.997110901E0,1.466949463E-2,1.098301764E1
2.579223558E1,4.248165894E0,-9.571096802E0,-4.218228149E-1,1.048001631E1
2.580217458E1,4.817581787E0,-9.116791534E0,-1.366807709E0,1.040159341E1
2.581211458E1,5.488336945E0,-9.135802002E0,-1.747017059E0,1.079985135E1
2.582205358E1,5.759423218E0,-9.511520691E0,-1.282233582E0,1.119303822E1
2.583199358E1,6.047274628E0,-9.711504822E0,-6.381230164E-1,1.145818735E1
2.584193258E1,5.967490540E0,-9.847871246E0,3.505709839E-1,1.152017411E1
2.585187258E1,5.591472473E0,-9.681716766E0,1.185834045E0,1.124306036E1
2.586181158E1,5.369933167E0,-9.500144348E0,1.944905548E0,1.108474548E1
2.587175158E1,5.232069855E0,-9.079818420E0,2.295177155E0,1.072779081E1
2.588169058E1,5.058430939E0,-8.548573151E0,2.078128510E0,1.014812518E1
2.589162958E1,4.844376068E0,-8.239166565E0,1.968855743E0,9.758495689E0
2.590156958E1,4.463118896E0,-8.049510956E0,2.004481659E0,9.419766644E0
2.591150858E1,4.115541687E0,-7.778574371E0,1.853595428E0,8.993315220E0
2.592144858E1,3.846850433E0,-7.458689575E0,1.588347015E0,8.541261890E0
2.593138758E1,3.643573151E0,-7.217241669E0,1.311123505E0,8.190436341E0
2.594132758E1,3.322939911E0,-6.942862244E0,1.183139648E0,7.787495439E0
2.595126658E1,3.250789948E0,-6.792724457E0,1.106349335E0,7.611356625E0
2.596120638E1,3.235970764E0,-6.657106476E0,1.024020538E0,7.472428754E0
2.597114537E1,3.288810883E0,-6.462660828E0,1.147962799E0,7.341667425E0
2.598108538E1,3.240910492E0,-6.400090942E0,1.381028137E0,7.305607682E0
2.599102437E1,3.231031036E0,-6.351142731E0,1.727258148E0,7.332120857E0
2.600096438E1,3.464695129E0,-6.144721985E0,1.915416870E0,7.309619853E0
2.601090337E1,3.554957428E0,-6.030210114E0,2.013462982E0,7.283899334E0
2.602084338E1,3.683540039E0,-6.157295837E0,2.425705719E0,7.573955868E0
2.603078237E1,3.854334869E0,-6.279741211E0,2.410138092E0,7.752406890E0
2.604072238E1,3.860472107E0,-6.325545959E0,2.684816895E0,7.881879112E0
2.605066137E1,3.880231018E0,-6.440357208E0,2.609373779E0,7.958845723E0
2.606060037E1,3.892804871E0,-6.583010559E0,2.617157593E0,8.083283469E0
2.607054037E1,4.079766083E0,-6.711742859E0,2.586022339E0,8.269189503E0
2.608047937E1,4.112248535E0,-6.837481384E0,2.417622528E0,8.337064135E0
2.609041937E1,4.042343903E0,-6.916816406E0,2.480192413E0,8.386551605E0
2.610035837E1,4.021088104E0,-6.968908081E0,2.505489807E0,8.426880120E0
2.611029837E1,4.037703552E0,-7.296876068E0,2.537972260E0,8.717152833E0
2.612023737E1,4.214934998E0,-7.644453278E0,2.639161835E0,9.119677524E0
2.613017737E1,4.315675507E0,-8.059091034E0,2.877166901E0,9.583949747E0
2.614011637E1,4.368515625E0,-8.403524780E0,2.955603790E0,9.921630474E0
2.615005637E1,4.250560913E0,-8.800499268E0,3.102598114E0,1.025388563E1
2.615999537E1,4.243974609E0,-9.137897644E0,3.357068939E0,1.061990611E1
2.616993537E1,4.413721619E0,-9.376202087E0,3.550167389E0,1.095435040E1
2.617987437E1,4.283791809E0,-9.592651978E0,3.796405334E0,1.117061044E1
2.618981437E1,4.435276794E0,-9.574240265E0,4.021237793E0,1.129194891E1
2.619975337E1,5.062771912E0,-9.499246216E0,3.745211792E0,1.139710268E1
2.620969337E1,6.042185211E0,-9.722282410E0,3.183879089E0,1.188140831E1
2.621963237E1,6.602320404E0,-1.062295944E1,2.797083435E0,1.281645730E1
2.622957237E1,6.684798889E0,-1.201611237E1,2.375709686E0,1.395412086E1
2.623951137E1,6.397995300E0,-1.321556808E1,1.977388000E0,1.481538548E1
2.624945137E1,5.838907928E0,-1.364652191E1,9.169931030E-1,1.487149227E1
2.625939037E1,5.084177399E0,-1.301872742E1,1.709445190E-1,1.397731539E1
2.626932938E1,4.866829376E0,-1.203661972E1,-1.353186035E-1,1.298401146E1
2.627926937E1,5.318889313E0,-1.144280457E1,1.231938171E-1,1.261917337E1
2.628920838E1,5.893095245E0,-1.077384567E1,5.640270996E-1,1.229318709E1
2.629914837E1,5.728287964E0,-1.011835876E1,5.448669434E-1,1.164007505E1
2.630908738E1,5.649551697E0,-9.161398773E0,-1.157393188E0,1.082535084E1
2.631902737E1,5.756279755E0,-8.811725922E0,-2.149979095E0,1.074261050E1
2.632896638E1,5.769302673E0,-9.064250793E0,-1.273102570E0,1.081971746E1
2.633890637E1,6.105204163E0,-9.425000610E0,-1.289418640E0,1.130339572E1
2.634884538E1,5.974974976E0,-1.016401382E1,-8.836125183E-1,1.182320913E1
2.635878537E1,5.401367798E0,-1.062700104E1,6.436614990E-2,1.192107664E1
2.636872438E1,4.583618317E0,-1.014185989E1,9.491761780E-1,1.116995141E1
2.637866437E1,3.913162537E0,-9.602381744E0,1.537602539E0,1.048249960E1
2.638860338E1,3.369493103E0,-8.776848450E0,1.461710358E0,9.514365436E0
2.639854337E1,3.110980682E0,-8.585246887E0,1.392105103E0,9.237024496E0
2.640848238E1,3.039130096E0,-8.304580536E0,1.459614716E0,8.962859183E0
2.641842237E1,3.171454926E0,-7.841293945E0,1.465153198E0,8.584328219E0
2.642836138E1,3.200793915E0,-7.311246185E0,1.324296112E0,8.090312890E0
2.643830137E1,3.178789673E0,-7.007228394E0,1.125210114E0,7.776377778E0
2.644824038E1,3.213667145E0,-6.791377258E0,8.123606873E-1,7.557141753E0
2.645817938E1,3.072510681E0,-6.584806824E0,6.638694763E-1,7.296624252E0
2.646811938E1,2.823278961E0,-6.427483978E0,6.758445740E-1,7.052674689E0
2.647805838E1,2.680176544E0,-6.414760437E0,8.189469910E-1,7.000226564E0
2.648799837E1,2.738106079E0,-6.519991608E0,1.080453186E0,7.153663016E0
2.649793738E1,2.711012421E0,-6.604116669E0,1.217568054E0,7.241989871E0
2.650787737E1,2.715802460E0,-6.575825500E0,1.531165924E0,7.277467492E0
2.651781638E1,2.650687866E0,-6.563850403E0,1.924098816E0,7.335695913E0
2.652775637E1,2.588117981E0,-6.582860870E0,2.222578125E0,7.414328388E0
2.653769538E1,2.562521210E0,-6.607409821E0,2.261048126E0,7.438865378E0
2.654763537E1,2.546803894E0,-6.758894806E0,2.530936890E0,7.653398631E0
2.655757438E1,2.328108673E0,-7.040159912E0,2.821782074E0,7.933876458E0
2.656751437E1,2.242037659E0,-7.473808136E0,2.578837280E0,8.217964628E0
2.657745338E1,2.316732330E0,-7.810458069E0,2.338886261E0,8.475900712E0
2.658739337E1,2.306852875E0,-7.970026245E0,2.516566772E0,8.670409267E0
2.659733238E1,2.384391632E0,-8.062982941E0,2.549947357E0,8.786310311E0
2.660727237E1,2.577190704E0,-8.178692322E0,2.383194122E0,8.900142372E0
2.661721138E1,2.645748138E0,-8.238118744E0,2.300416260E0,8.953127868E0
2.662715137E1,2.564018097E0,-8.525970154E0,2.400857391E0,9.221196890E0
2.663709038E1,2.740201721E0,-8.826844482E0,2.535876617E0,9.583974082E0
2.664703037E1,2.766996002E0,-9.129515076E0,2.681523743E0,9.909333074E0
2.665696938E1,3.008443909E0,-9.413923645E0,2.808908844E0,1.027436918E1
2.666690837E1,3.301534424E0,-9.664951630E0,3.006647644E0,1.064665908E1
2.667684838E1,3.595672760E0,-9.987231445E0,3.263812866E0,1.110522980E1
2.668678737E1,3.983815613E0,-1.009695328E1,3.609144745E0,1.143875772E1
2.669672738E1,4.405339050E0,-9.959838409E0,3.921395416E0,1.157509116E1
2.670666637E1,4.592899017E0,-9.869127045E0,4.125870209E0,1.164118529E1
2.671660638E1,4.242328033E0,-1.037387741E1,3.824247437E0,1.184227800E1
2.672654537E1,4.340972900E0,-1.141720779E1,3.178041229E0,1.262127670E1
2.673648538E1,5.192102966E0,-1.247415985E1,2.613565063E0,1.376202454E1
2.674642437E1,6.274202728E0,-1.311557602E1,2.028880920E0,1.467992888E1
2.675636438E1,7.091652832E0,-1.363514557E1,1.263372803E0,1.542092233E1
2.676630337E1,7.447612610E0,-1.330238754E1,1.049168243E0,1.528140052E1
2.677624338E1,6.680457916E0,-1.198916840E1,1.347048798E0,1.379069314E1
2.678618237E1,5.800886993E0,-1.070543793E1,1.486109619E0,1.226642625E1
2.679612238E1,5.594316559E0,-1.019080811E1,2.430944824E-1,1.162789932E1
2.680606137E1,4.879253540E0,-9.593999176E0,-9.306147766E-1,1.080360954E1
2.681600138E1,4.095483398E0,-8.808432770E0,-1.187480621E0,9.786295640E0
2.682594038E1,4.264182587E0,-8.158634033E0,-1.016536102E0,9.261744332E0
2.683588038E1,5.257966003E0,-7.423662415E0,-1.673070831E0,9.249656001E0
2.684581938E1,6.064788208E0,-7.677384796E0,-1.393152924E0,9.882548679E0
2.685575837E1,6.465504913E0,-8.358917542E0,-8.472381592E-1,1.060151257E1
2.686569838E1,6.293063507E0,-8.877588959E0,-4.716691589E-1,1.089204782E1
2.687563737E1,5.976621552E0,-9.209149475E0,1.086740112E-1,1.097908235E1
2.688557738E1,5.832621002E0,-9.396260376E0,7.008425903E-1,1.108153226E1
2.689551637E1,5.519172821E0,-9.534423065E0,1.187480621E0,1.108046037E1
2.690545638E1,5.056934052E0,-9.453142090E0,1.387913818E0,1.081021656E1
2.691539537E1,4.811594238E0,-8.919501801E0,1.372346191E0,1.022703699E1
2.692533538E1,4.558620300E0,-8.398884430E0,1.425335999E0,9.661980202E0
2.693527437E1,4.261637878E0,-8.091723175E0,1.354832611E0,9.245166994E0
2.694521438E1,3.964505768E0,-7.745193787E0,1.181942139E0,8.780792675E0
2.695515337E1,3.721261597E0,-7.426955566E0,1.125808868E0,8.383012732E0
2.696509321E1,3.588787079E0,-7.112758942E0,1.050066376E0,8.035755836E0
2.697503221E1,3.440894623E0,-6.733597412E0,9.587562561E-1,7.622355507E0
2.698497221E1,3.452570343E0,-6.502028961E0,9.702822876E-1,7.425501350E0
2.699491121E1,3.369193726E0,-6.433621216E0,9.166937256E-1,7.320059815E0
2.700485121E1,3.372935944E0,-6.352040863E0,9.184899902E-1,7.250430599E0
2.701479021E1,3.299588470E0,-6.344257050E0,1.183588715E0,7.248293857E0
2.702472921E1,3.362757111E0,-6.218518524E0,1.486708374E0,7.224154609E0
2.703466921E1,3.583847351E0,-5.948180695E0,1.699865112E0,7.149430524E0
2.704460821E1,3.797453156E0,-5.877078552E0,1.862427063E0,7.240810545E0
2.705454821E1,3.713028717E0,-6.017636261E0,2.102228394E0,7.376848422E0
2.706448721E1,3.470982056E0,-6.219416656E0,2.414329376E0,7.520495084E0
2.707442721E1,3.454516296E0,-6.221661987E0,2.594704285E0,7.574645276E0
2.708436621E1,3.591930542E0,-6.301446075E0,2.840792542E0,7.789755447E0
2.709430621E1,3.513044586E0,-6.466253357E0,3.015030212E0,7.952629875E0
2.710424521E1,3.507356415E0,-6.545588379E0,3.143313446E0,8.063913173E0
2.711418521E1,3.510649567E0,-6.550079041E0,3.059637451E0,8.036764097E0
2.712412421E1,3.608096924E0,-6.665489044E0,3.108585663E0,8.192094508E0
2.713406421E1,3.690575409E0,-6.781946869E0,2.867586823E0,8.236395107E0
2.714400321E1,3.733386383E0,-6.995702362E0,2.812052307E0,8.413421635E0
2.715394321E1,3.930975494E0,-7.404651947E0,2.749033356E0,8.822619973E0
2.716388221E1,4.230802002E0,-7.876919861E0,2.578986969E0,9.305736180E0
2.717382221E1,4.524191895E0,-8.544980621E0,2.507884827E0,9.988718257E0
2.718376121E1,4.806205444E0,-9.223818970E0,2.518512726E0,1.070146502E1
2.719370121E1,5.064119110E0,-9.855205994E0,2.718945923E0,1.140890242E1
2.720364021E1,4.871769104E0,-1.034408936E1,3.238365784E0,1.188365818E1
2.721357921E1,4.465364227E0,-1.061682220E1,3.850293274E0,1.214418172E1
2.722351921E1,4.175417175E0,-1.068163742E1,4.428989868E0,1.229420342E1
2.723345821E1,4.242477722E0,-1.049961594E1,4.766537933E0,1.228659578E1
2.724339821E1,4.688550110E0,-1.032597702E1,4.832550659E0,1.232728070E1
2.725333721E1,5.475164337E0,-1.036339920E1,4.754263458E0,1.264833936E1
2.726327721E1,6.221961365E0,-1.064601151E1,4.584366760E0,1.315548489E1
2.727321621E1,6.351891174E0,-1.113459549E1,4.246070251E0,1.350388280E1
2.728315621E1,5.882317657E0,-1.164129181E1,3.496429138E0,1.350356815E1
2.729309521E1,5.394631805E0,-1.160222305E1,2.796933746E0,1.309719323E1
2.730303521E1,4.975353699E0,-1.115510284E1,2.138602753E0,1.240016474E1
2.731297421E1,5.325774994E0,-1.043390259E1,1.268462219E0,1.178300466E1
2.732291421E1,5.295837250E0,-9.740394745E0,-1.309327240E0,1.116402794E1
2.733285321E1,4.538711700E0,-9.385632477E0,-3.125799866E0,1.088396186E1
2.734279321E1,3.676055603E0,-9.367669830E0,-2.087558899E0,1.027737929E1
2.735273221E1,3.741768951E0,-9.117989044E0,6.706054688E-2,9.856117705E0
2.736267221E1,4.243525543E0,-9.354347534E0,9.406439209E-1,1.031485035E1
2.737261121E1,4.276906128E0,-9.257199554E0,1.529818726E-1,1.019858191E1
2.738255121E1,5.159470825E0,-9.623936920E0,-7.529342651E-1,1.094564804E1
2.739249021E1,5.642067261E0,-1.010788055E1,-9.827064514E-1,1.161756791E1
2.740242921E1,5.778433685E0,-1.049467621E1,-8.083190918E-1,1.200757696E1
2.741236921E1,5.313201141E0,-1.109792175E1,-2.186952209E-1,1.230616923E1
2.742230821E1,5.047353973E0,-1.151151169E1,1.055305481E-1,1.256987749E1
2.743224821E1,4.232298889E0,-1.112531479E1,1.275048523E0,1.197124604E1
2.744218721E1,3.746708679E0,-1.033181488E1,1.575473785E0,1.110253765E1
2.745212721E1,3.562591553E0,-9.347461853E0,1.576222229E0,1.012677531E1
2.746206621E1,3.432062988E0,-9.019493866E0,1.692829742E0,9.797754768E0
2.747200621E1,3.333268433E0,-8.575367432E0,1.636546783E0,9.344832283E0
2.748194521E1,3.357967072E0,-8.129893799E0,1.458866272E0,8.916243987E0
2.749188521E1,3.504063263E0,-7.771539001E0,1.351389771E0,8.631427003E0
2.750182421E1,3.443738708E0,-7.260501709E0,1.356928253E0,8.149569046E0
2.751176421E1,3.327280884E0,-6.843019867E0,1.241667938E0,7.709698973E0
2.752170321E1,3.199297028E0,-6.765481110E0,1.245260468E0,7.586692939E0
2.753164321E1,2.867437134E0,-6.629713440E0,1.547032928E0,7.387056714E0
2.754158221E1,2.558778992E0,-6.524332581E0,1.800605621E0,7.235775436E0
2.755152221E1,2.488574982E0,-6.458619232E0,2.067201233E0,7.223578667E0
2.756146121E1,2.335742798E0,-6.381080475E0,2.300116882E0,7.173870651E0
2.757140021E1,2.290985870E0,-6.331533508E0,2.396815796E0,7.147143400E0
2.758134021E1,2.195035400E0,-6.399492188E0,2.275118866E0,7.137776021E0
2.759127921E1,2.107467499E0,-6.532116394E0,2.413880310E0,7.275766763E0
2.760121921E1,2.193239136E0,-6.698420563E0,2.436034241E0,7.457439156E0
2.761115821E1,2.168241119E0,-6.931934967E0,2.135908356E0,7.570673447E0
2.762109821E1,2.240391083E0,-7.328909454E0,2.230811005E0,7.981778231E0
2.763103721E1,2.348466339E0,-7.463629303E0,2.525548096E0,8.221888451E0
2.764097721E1,2.456541595E0,-7.615563354E0,2.530936890E0,8.392677961E0
2.765091621E1,2.506088562E0,-7.844736786E0,2.419867859E0,8.583480388E0
2.766085621E1,2.543959808E0,-8.068521423E0,2.505190430E0,8.823193784E0
2.767079521E1,2.522404633E0,-8.250243530E0,2.635868683E0,9.020911659E0
2.768073521E1,2.553689575E0,-8.501121826E0,2.697091370E0,9.277106478E0
2.769067421E1,2.575693817E0,-8.744365997E0,2.798580322E0,9.535732125E0
2.770061421E1,2.756966858E0,-8.920549622E0,2.907104645E0,9.778973833E0
2.771055321E1,2.949167175E0,-9.161847839E0,3.155138855E0,1.012876814E1
2.772049321E1,3.294648743E0,-9.234746246E0,3.437002716E0,1.038981406E1
2.773043221E1,3.494333496E0,-9.233099670E0,3.777993622E0,1.057041777E1
2.774037121E1,3.676354980E0,-9.319320374E0,4.020938416E0,1.079505738E1
2.775031121E1,3.521576843E0,-9.558522949E0,4.085903320E0,1.097549408E1
2.776025021E1,3.291355591E0,-1.002165985E1,3.996090088E0,1.127986807E1
2.777019021E1,3.184178467E0,-1.059766205E1,3.655697937E0,1.165390753E1
2.778012921E1,3.471431122E0,-1.146585663E1,2.889740753E0,1.232344529E1
2.779006921E1,4.333039398E0,-1.238539444E1,2.190694427E0,1.330309618E1
2.780000821E1,5.327421570E0,-1.338800949E1,1.801054688E0,1.452115755E1
2.780994821E1,6.008804626E0,-1.345596817E1,1.541494446E0,1.481705158E1
2.781988721E1,6.105952606E0,-1.205892334E1,1.331032104E0,1.358204461E1
2.782982721E1,6.081104279E0,-1.092832443E1,1.271006927E0,1.257074233E1
2.783976621E1,6.088588715E0,-1.086814957E1,1.394350433E0,1.253522240E1
2.784970621E1,6.127956848E0,-1.061996567E1,1.811233521E0,1.239419593E1
2.785964521E1,5.608836365E0,-1.014844620E1,1.322799225E0,1.167046714E1
2.786958521E1,4.854105835E0,-9.873917084E0,1.386117554E-1,1.100344470E1
2.787952421E1,4.654421082E0,-9.722581787E0,-1.124311981E0,1.083772622E1
2.788946421E1,5.340444489E0,-9.453441467E0,-1.407672729E0,1.094849055E1
2.789940321E1,6.367458801E0,-9.278455353E0,-1.359023895E0,1.133495528E1
2.790934221E1,6.671027527E0,-9.358389130E0,-8.213420105E-1,1.152200755E1
2.791928221E1,6.673572235E0,-9.542955322E0,-3.158432007E-1,1.164921970E1
2.792922121E1,6.421197052E0,-9.472601624E0,2.880010986E-1,1.144748434E1
2.793916121E1,5.959856415E0,-9.120084686E0,1.143322449E0,1.095458896E1
2.794910021E1,5.543572083E0,-8.700656891E0,1.722318420E0,1.045939781E1
2.795904021E1,4.964276733E0,-8.350385284E0,2.049537964E0,9.928423024E0
2.796897883E1,4.538562012E0,-8.075556793E0,1.613644409E0,9.403032007E0
2.797891883E1,4.359833679E0,-7.662266235E0,1.240021362E0,8.902591002E0
2.798885783E1,4.067641296E0,-7.386988678E0,1.394500122E0,8.547393640E0
2.799879783E1,3.659440155E0,-7.125781860E0,1.183439026E0,8.097456224E0
2.800873683E1,3.322939911E0,-6.730004883E0,8.830137634E-1,7.557420769E0
2.801867683E1,3.063080292E0,-6.455775146E0,7.713459778E-1,7.187104301E0
2.802861583E1,3.078797607E0,-6.092929688E0,5.493576050E-1,6.848691894E0
2.803855583E1,3.183130646E0,-6.002068634E0,5.586383057E-1,6.816833968E0
2.804849483E1,3.267555084E0,-5.964945831E0,6.276448059E-1,6.830185429E0
2.805843483E1,3.197650452E0,-5.894292755E0,7.574249268E-1,6.748433004E0
2.806837383E1,2.918480988E0,-6.057902527E0,1.118025055E0,6.816574970E0
2.807831283E1,3.227288818E0,-6.080355835E0,1.395847321E0,7.023852927E0
2.808825283E1,3.290756836E0,-6.381679230E0,1.650168457E0,7.367358162E0
2.809819183E1,3.113974457E0,-6.421197052E0,2.087409210E0,7.435447916E0
2.810813183E1,3.318598938E0,-6.650520172E0,2.653531952E0,7.892005404E0
2.811807083E1,3.487597504E0,-6.716383209E0,2.799927521E0,8.069246178E0
2.812801083E1,3.644471283E0,-6.695576477E0,3.081641693E0,8.222495413E0
2.813794983E1,3.698359222E0,-6.751709747E0,3.319347382E0,8.383406974E0
2.814788983E1,3.655398560E0,-6.914271698E0,3.454815674E0,8.550137021E0
2.815782883E1,3.786525879E0,-6.960076447E0,3.371139679E0,8.610750554E0
2.816776883E1,3.970643005E0,-6.901548157E0,3.176394653E0,8.572447482E0
2.817770783E1,3.976480865E0,-6.952142944E0,2.998714142E0,8.552016025E0
2.818764783E1,3.852987671E0,-7.092101898E0,3.062631226E0,8.632678226E0
2.819758683E1,3.843557281E0,-7.231611786E0,3.110381927E0,8.760343448E0
2.820752683E1,3.942950592E0,-7.492219849E0,3.093317413E0,9.013813302E0
2.821746583E1,4.078867950E0,-7.849227448E0,3.164718933E0,9.394838008E0
2.822740583E1,4.214635620E0,-8.255931702E0,3.158282318E0,9.792768193E0
2.823734483E1,4.259542236E0,-8.723858643E0,3.205134888E0,1.022361479E1
2.824728383E1,4.157304840E0,-9.197473755E0,3.422333221E0,1.065781740E1
2.825722383E1,4.035458221E0,-9.594148865E0,3.790268097E0,1.107694668E1
2.826716283E1,3.849395142E0,-9.876611481E0,3.906127167E0,1.129704062E1
2.827710283E1,3.923640747E0,-9.779164124E0,3.927532654E0,1.124511096E1
2.828704183E1,4.399351501E0,-9.642348633E0,4.086951141E0,1.135924075E1
2.829698183E1,5.154231720E0,-9.728269958E0,3.738475800E0,1.162675975E1
2.830692083E1,6.021677856E0,-1.038974442E1,3.221301270E0,1.243318845E1
2.831686083E1,6.517895966E0,-1.121348145E1,2.895129547E0,1.328935322E1
2.832679983E1,6.253994751E0,-1.195758408E1,2.137704620E0,1.366257839E1
2.833673983E1,5.471422119E0,-1.233330276E1,1.880539398E0,1.362289417E1
2.834667883E1,5.162165222E0,-1.179412399E1,6.735992432E-1,1.289197605E1
2.835661883E1,5.310357056E0,-1.154683823E1,-4.026626587E-2,1.270948411E1
2.836655783E1,5.419031067E0,-1.142828476E1,-1.344204712E-1,1.264870187E1
2.837649783E1,5.046306152E0,-1.112157257E1,-3.378474426E-1,1.221755799E1
2.838643683E1,5.145250397E0,-1.088087311E1,1.987866211E-1,1.203771230E1
2.839637583E1,5.158572693E0,-1.067490143E1,4.031117249E-1,1.186283658E1
2.840631583E1,5.257816315E0,-1.059601547E1,-5.420228577E-1,1.184119779E1
2.841625483E1,5.689069519E0,-1.060394897E1,-1.492546234E0,1.212587894E1
2.842619483E1,6.051166534E0,-1.067909271E1,-1.347348175E0,1.234807615E1
2.843613383E1,5.574557648E0,-1.113968491E1,-6.833290100E-1,1.247538421E1
2.844607383E1,5.565276947E0,-1.138622223E1,-5.096900940E-1,1.268377500E1
2.845601283E1,5.006189575E0,-1.132589767E1,5.215155029E-1,1.239394492E1
2.846595283E1,4.064048767E0,-1.090123077E1,1.482217712E0,1.172818375E1
2.847589183E1,3.515439606E0,-1.018497025E1,1.798210602E0,1.092362101E1
2.848583183E1,3.304528198E0,-9.187294922E0,1.665436707E0,9.904543100E0
2.849577083E1,3.214415588E0,-9.063053284E0,1.888921967E0,9.799970847E0
2.850571083E1,3.136727142E0,-8.675808563E0,1.630559235E0,9.368427553E0
2.851564983E1,3.246149597E0,-8.208929443E0,1.146465912E0,8.901595020E0
2.852558983E1,3.223696289E0,-7.636968842E0,1.112037506E0,8.363739491E0
2.853552883E1,3.252586212E0,-6.994205475E0,1.053359528E0,7.785100743E0
2.854546883E1,3.128793640E0,-6.548582153E0,8.467890930E-1,7.306868661E0
2.855540783E1,2.930905151E0,-6.291865997E0,9.699829102E-1,7.008469846E0
2.856534683E1,2.698438568E0,-6.054609375E0,1.251697083E0,6.745858802E0
2.857528683E1,2.650388489E0,-5.897136841E0,1.557211761E0,6.650239885E0
2.858522583E1,2.516716461E0,-5.789660339E0,1.846709747E0,6.577565316E0
2.859516583E1,2.208657074E0,-5.664819946E0,1.969604187E0,6.391219895E0
2.860510483E1,2.021097107E0,-5.895340576E0,2.268233185E0,6.632100407E0
2.861504483E1,1.861678619E0,-5.906866608E0,2.330354004E0,6.617210151E0
2.862498383E1,1.689087524E0,-5.897585907E0,2.560126190E0,6.647464352E0
2.863492383E1,1.608405304E0,-6.197562103E0,2.733166351E0,6.961820304E0
2.864486283E1,1.510059814E0,-6.553222504E0,2.776426392E0,7.275544607E0
2.865480283E1,1.505718842E0,-6.819518738E0,2.669398956E0,7.476544378E0
2.866474183E1,1.672472076E0,-7.231462097E0,2.661166077E0,7.884986480E0
2.867468183E1,1.876497803E0,-7.690108337E0,2.634671173E0,8.342691558E0
2.868462083E1,1.778900757E0,-7.963589630E0,2.527194672E0,8.542245642E0
2.869456083E1,1.805245972E0,-8.150101776E0,2.532433777E0,8.723318910E0
2.870449983E1,2.044149170E0,-8.240364075E0,2.539618835E0,8.861817519E0
2.871443883E1,2.269730072E0,-8.494685211E0,2.692451019E0,9.195686159E0
2.872437883E1,2.274071045E0,-8.862470398E0,2.657723236E0,9.527763298E0
2.873431783E1,2.433639221E0,-9.203161926E0,2.533182220E0,9.850776693E0
2.874425783E1,2.686762848E0,-9.421707458E0,2.684816895E0,1.015851898E1
2.875419683E1,2.934946747E0,-9.536668396E0,3.141217804E0,1.046084154E1
2.876413683E1,3.115171967E0,-9.560019836E0,3.538641357E0,1.065928038E1
2.877407583E1,3.212619324E0,-9.640552368E0,3.879931641E0,1.087727183E1
2.878401583E1,3.382066956E0,-9.664203186E0,4.200415192E0,1.106700899E1
2.879395483E1,3.468886414E0,-9.783954163E0,4.417463837E0,1.128152998E1
2.880389483E1,3.525618439E0,-1.002719833E1,4.353546753E0,1.148599413E1
2.881383383E1,3.582949219E0,-1.069241501E1,3.884122925E0,1.192693065E1
2.882377383E1,4.112697601E0,-1.171553741E1,3.342998199E0,1.285860550E1
2.883371283E1,4.786147156E0,-1.261905853E1,2.665656738E0,1.375694620E1
2.884365283E1,5.615123291E0,-1.333756439E1,2.045047302E0,1.461514461E1
2.885359183E1,6.379733276E0,-1.298055679E1,1.480122070E0,1.453914071E1
2.886353083E1,6.808441772E0,-1.177825699E1,1.019380188E0,1.364262999E1
2.887347083E1,6.784790955E0,-1.103175934E1,8.674461365E-1,1.298019897E1
2.888340983E1,6.790479126E0,-1.077743820E1,1.191372528E0,1.279387156E1
2.889334983E1,6.520889740E0,-1.027598099E1,1.628164215E0,1.227879094E1
2.890328883E1,6.067033539E0,-1.026640091E1,8.342152405E-1,1.195423769E1
2.891322883E1,5.613177338E0,-1.032028885E1,-9.092092896E-1,1.178315676E1
2.892316783E1,4.741240540E0,-1.036055511E1,-7.614665222E-1,1.141929487E1
2.893310783E1,5.299729156E0,-9.955796814E0,-1.390009460E0,1.136385259E1
2.894304683E1,6.345604248E0,-9.702673187E0,-1.929487610E0,1.175293507E1
2.895298683E1,6.746470642E0,-9.942624207E0,-1.325194244E0,1.208829111E1
2.896292571E1,7.021149445E0,-1.008542725E1,-4.601431274E-1,1.229732141E1
2.897286571E1,6.760840759E0,-9.825567627E0,7.110214233E-1,1.194806672E1
2.898280471E1,6.293362885E0,-9.274114380E0,1.981130219E0,1.138158560E1
2.899274471E1,5.657485199E0,-8.880283356E0,2.439926147E0,1.080832137E1
2.900268371E1,4.900060272E0,-8.601113892E0,2.332150269E0,1.016998897E1
2.901262271E1,4.483925629E0,-8.246651001E0,2.160606995E0,9.632292788E0
2.902256271E1,4.008813629E0,-7.982151031E0,2.177072754E0,9.193746112E0
2.903250171E1,3.601360931E0,-7.805218964E0,1.975591736E0,8.820102399E0
2.904244171E1,3.252436523E0,-7.605983276E0,1.539997559E0,8.414328103E0
2.905238071E1,2.980601807E0,-7.160359955E0,1.149759064E0,7.840707093E0
2.906232071E1,2.778072968E0,-6.765181732E0,7.429051208E-1,7.351005462E0
2.907225971E1,2.811154175E0,-6.289620667E0,5.935157776E-1,6.914779599E0
2.908219971E1,2.705473938E0,-5.970334625E0,7.258406067E-1,6.594795626E0
2.909213871E1,2.754272461E0,-5.862558746E0,9.900411987E-1,6.552540989E0
2.910207871E1,2.945874023E0,-5.715115356E0,1.219514008E0,6.544305289E0
2.911201771E1,3.050955505E0,-5.627846832E0,1.359622650E0,6.544429938E0
2.912195771E1,3.106939087E0,-5.600453796E0,1.900148621E0,6.680472887E0
2.913189671E1,3.089724884E0,-5.610932007E0,2.209405518E0,6.775723621E0
2.914183671E1,3.408412170E0,-5.460045776E0,2.483036499E0,6.898901627E0
2.915177571E1,3.703448639E0,-5.648204498E0,2.552342377E0,7.220262979E0
2.916171471E1,3.646417236E0,-5.779780884E0,2.801873474E0,7.385981363E0
2.917165471E1,3.666176147E0,-5.992638245E0,2.966680756E0,7.625860960E0
2.918159371E1,3.700155487E0,-6.095923462E0,3.097808075E0,7.774821435E0
2.919153371E1,3.651356964E0,-6.318211212E0,3.038980408E0,7.904910026E0
2.920147271E1,3.802692261E0,-6.396199036E0,2.904709625E0,7.988064130E0
2.921141271E1,3.700005798E0,-6.615193634E0,2.822231140E0,8.088004595E0
2.922135171E1,3.625011749E0,-6.936126251E0,2.651436310E0,8.263211970E0
2.923129171E1,3.541186066E0,-7.241491241E0,2.515369263E0,8.444304393E0
2.924123071E1,3.689377899E0,-7.561376038E0,2.603236542E0,8.806972088E0
2.925117071E1,3.884122925E0,-8.064928894E0,2.915936279E0,9.414466174E0
2.926110971E1,4.146826630E0,-8.588839417E0,3.095862122E0,1.002739726E1
2.927104971E1,4.442162476E0,-9.163644104E0,3.260370026E0,1.069276360E1
2.928098871E1,4.612508240E0,-9.743089142E0,3.526666260E0,1.134197484E1
2.929092871E1,4.268074493E0,-1.025771896E1,3.906276855E0,1.177693751E1
2.930086771E1,3.858825531E0,-1.054227722E1,4.230951691E0,1.199712864E1
2.931080671E1,3.745660858E0,-1.052551208E1,4.463418274E0,1.203073076E1
2.932074671E1,3.961212616E0,-1.040650955E1,4.704117737E0,1.208781908E1
2.933068571E1,4.674629059E0,-1.030382309E1,4.541256409E0,1.219196198E1
2.934062571E1,5.718857574E0,-1.052880524E1,4.178111572E0,1.268927453E1
2.935056471E1,6.422544250E0,-1.117965179E1,4.079766083E0,1.352324592E1
2.936050471E1,6.221512299E0,-1.198946777E1,3.781286774E0,1.402685576E1
2.937044371E1,5.613925781E0,-1.285841080E1,2.558479614E0,1.426186204E1
2.938038371E1,5.423372040E0,-1.295316376E1,1.750759277E0,1.415141596E1
2.939032271E1,5.610033875E0,-1.223869949E1,1.139879608E0,1.351138671E1
2.940026271E1,5.948629761E0,-1.117890335E1,-7.220983887E-1,1.268367069E1
2.941020171E1,5.883964233E0,-1.057655594E1,-6.662644958E-1,1.212140582E1
2.942014171E1,5.817951508E0,-9.854457550E0,-7.854167175E-1,1.147064832E1
2.943008071E1,5.470224609E0,-9.438472595E0,-2.899470520E-1,1.091293689E1
2.944001971E1,5.109774170E0,-9.054371338E0,-2.891986084E-1,1.040072441E1
2.944995971E1,4.931494904E0,-8.754544830E0,-8.014334106E-1,1.007988059E1
2.945989871E1,5.496719513E0,-8.828341370E0,-1.374890900E0,1.049017930E1
2.946983871E1,5.793552246E0,-9.231004028E0,-1.976340179E0,1.107621792E1
2.947977771E1,5.580395508E0,-9.983339539E0,-1.145567780E0,1.149435548E1
2.948971771E1,5.578599243E0,-1.070992859E1,-6.697073364E-1,1.209428988E1
2.949965671E1,5.226681061E0,-1.097083603E1,3.921844482E-1,1.215858737E1
2.950959671E1,4.346062317E0,-1.048509613E1,1.411864014E0,1.143760720E1
2.951953571E1,3.864813080E0,-9.902507629E0,2.092348938E0,1.083394488E1
2.952947571E1,3.380420380E0,-9.156009979E0,2.443368988E0,1.006130273E1
2.953941471E1,3.118165741E0,-9.231004028E0,2.216740265E0,9.992413640E0
2.954935471E1,3.216211853E0,-9.113947449E0,1.763033752E0,9.824273245E0
2.955929371E1,3.288511505E0,-8.793912964E0,1.598675537E0,9.523811034E0
2.956923371E1,3.396886139E0,-8.260721741E0,1.334474945E0,9.031012263E0
2.957917271E1,3.607947235E0,-7.728129272E0,1.188678131E0,8.611284515E0
2.958911171E1,3.709585876E0,-7.178771667E0,9.364526367E-1,8.134662474E0
2.959905171E1,3.695066071E0,-6.732549591E0,9.440867615E-1,7.737702312E0
2.960899071E1,3.503314819E0,-6.508914642E0,1.167572021E0,7.483475728E0
2.961893071E1,3.186573486E0,-6.457122345E0,1.348994751E0,7.325876494E0
2.962886971E1,3.033292236E0,-6.244414673E0,1.846260681E0,7.183470951E0
2.963880971E1,2.962040405E0,-5.935157776E0,2.276166687E0,7.012896404E0
2.964874871E1,2.682721252E0,-5.827830963E0,2.589764557E0,6.918633356E0
2.965868871E1,2.430944824E0,-5.671555939E0,2.681972809E0,6.728225446E0
2.966862771E1,2.131118317E0,-5.662275238E0,2.777174835E0,6.657005800E0
2.967856771E1,1.974843292E0,-5.862109680E0,2.842289429E0,6.807565286E0
2.968850671E1,1.857637024E0,-6.065985718E0,2.733765106E0,6.908000412E0
2.969844671E1,1.775607605E0,-6.340814209E0,2.590363312E0,7.075923211E0
2.970838571E1,1.629062347E0,-6.718778229E0,2.324366455E0,7.293730488E0
2.971832571E1,1.788780212E0,-7.094047852E0,2.321522369E0,7.675592204E0
2.972826471E1,1.710642700E0,-7.450905762E0,2.386487274E0,8.008596421E0
2.973820371E1,1.830543365E0,-7.722441101E0,2.425406342E0,8.298769878E0
2.974814371E1,1.989512787E0,-7.905360718E0,2.531835022E0,8.535987218E0
2.975808271E1,2.059567108E0,-8.150850220E0,2.532882843E0,8.780300193E0
2.976802271E1,2.372266846E0,-8.444090424E0,2.581531677E0,9.143009290E0
2.977796171E1,2.590962067E0,-8.831185455E0,2.813848572E0,9.623963049E0
2.978790171E1,2.902464294E0,-9.224268036E0,2.934647369E0,1.010562096E1
2.979784071E1,3.393742676E0,-9.622440033E0,3.016826477E0,1.064002272E1
2.980778071E1,3.827390900E0,-9.923314362E0,3.366798706E0,1.115600388E1
2.981771971E1,4.057163086E0,-1.014709900E1,3.761228485E0,1.155729337E1
2.982765971E1,4.254303131E0,-1.029768585E1,4.046684875E0,1.185399036E1
2.983759871E1,4.702770538E0,-1.034094589E1,4.486320648E0,1.221385630E1
2.984753871E1,5.064418488E0,-1.011521530E1,4.816833344E0,1.229503146E1
2.985747771E1,4.860841827E0,-1.034214340E1,4.559368744E0,1.230347743E1
2.986741671E1,4.641098785E0,-1.139774826E1,3.724105682E0,1.285758245E1
2.987735671E1,5.041516113E0,-1.246981888E1,2.881956940E0,1.375568767E1
2.988729571E1,5.713019714E0,-1.283685562E1,2.270179138E0,1.423296068E1
2.989723571E1,6.328988800E0,-1.280093033E1,1.640588379E0,1.437398507E1
2.990717471E1,6.367159424E0,-1.220786362E1,1.184935913E0,1.381943292E1
2.991711471E1,5.716312866E0,-1.141122025E1,1.062191162E0,1.280704612E1
2.992705371E1,5.211412811E0,-1.099837875E1,1.218466187E0,1.223142749E1
2.993699371E1,4.872218170E0,-1.067100952E1,9.496252441E-1,1.176905868E1
2.994693271E1,4.259242859E0,-1.009635452E1,-7.080276489E-2,1.095821780E1
2.995687271E1,3.927682343E0,-9.754166107E0,-9.547146606E-1,1.055850014E1
2.996681250E1,4.147575073E0,-9.400900726E0,-1.072070618E0,1.033095585E1
2.997675250E1,4.794529724E0,-9.058113556E0,-1.711241455E0,1.039063443E1
2.998669150E1,5.641019440E0,-9.040450287E0,-1.496587830E0,1.076060485E1
2.999663050E1,6.386618958E0,-9.141939240E0,-1.091679840E0,1.120516486E1
3.000657050E1,6.729555817E0,-9.430988159E0,-3.486250305E-1,1.159103095E1
3.001650950E1,6.576424255E0,-9.528435516E0,6.373745728E-1,1.159511474E1
3.002644950E1,6.226452026E0,-9.244476013E0,1.210981750E0,1.121140127E1
3.003638850E1,5.926326141E0,-9.125323792E0,1.935325470E0,1.105162253E1
3.004632850E1,5.626948700E0,-8.911268921E0,2.158810730E0,1.075796120E1
3.005626750E1,5.319188690E0,-8.471184082E0,1.877395935E0,1.017739375E1
3.006620750E1,5.117557983E0,-8.185578003E0,1.886676636E0,9.836291765E0
3.007614650E1,4.824467468E0,-7.998167725E0,1.856439514E0,9.523263147E0
3.008608650E1,4.464915161E0,-7.768245850E0,1.624871063E0,9.106114262E0
3.009602550E1,3.997886353E0,-7.408693542E0,1.217268677E0,8.506090661E0
3.010596550E1,3.559448090E0,-6.902595978E0,8.669970703E-1,7.814549626E0
3.011590450E1,3.156935120E0,-6.706803131E0,8.015830994E-1,7.455869034E0
3.012584350E1,2.843936005E0,-6.625372467E0,6.177653503E-1,7.236377986E0
3.013578350E1,2.696941681E0,-6.274651794E0,5.177732849E-1,6.849294763E0
3.014572250E1,2.565514984E0,-6.116580505E0,7.090754700E-1,6.670623077E0
3.015566250E1,2.697540436E0,-5.947282562E0,8.647517395E-1,6.587464599E0
3.016560150E1,2.924767914E0,-5.746549988E0,9.879455566E-1,6.523276825E0
3.017554150E1,3.045566711E0,-5.769152985E0,1.217568054E0,6.636344982E0
3.018548050E1,3.329975281E0,-5.683830414E0,1.814826050E0,6.832880588E0
3.019542050E1,3.252436523E0,-5.792504425E0,2.481240234E0,7.091403525E0
3.020535950E1,3.507805481E0,-5.576653290E0,2.740201721E0,7.135297238E0
3.021529950E1,3.836521912E0,-5.635930023E0,2.927761688E0,7.419864966E0
3.022523850E1,4.177512817E0,-5.736820221E0,3.040327606E0,7.720512388E0
3.023517850E1,4.216731262E0,-5.874084778E0,3.191962280E0,7.904069693E0
3.024511750E1,4.176165619E0,-6.154900818E0,3.350632324E0,8.157812227E0
3.025505650E1,4.297862549E0,-6.389463043E0,3.364852753E0,8.403516795E0
3.026499650E1,4.288731537E0,-6.619384918E0,3.149001617E0,8.492684268E0
3.027493550E1,4.144281921E0,-6.920858002E0,2.829715576E0,8.548721446E0
3.028487550E1,4.205953674E0,-7.223678284E0,2.705324249E0,8.785804092E0
3.029481450E1,4.361180878E0,-7.590116272E0,2.530338135E0,9.112210201E0
3.030475450E1,4.756808167E0,-8.067623291E0,2.279459839E0,9.638968132E0
3.031469350E1,5.004692688E0,-8.572223969E0,2.222877502E0,1.017207732E1
3.032463350E1,5.212011566E0,-9.110055542E0,2.350112915E0,1.075551985E1
3.033457250E1,4.991819458E0,-9.625733185E0,2.681224365E0,1.116968956E1
3.034451250E1,4.443958740E0,-1.010728180E1,3.258124695E0,1.151178923E1
3.035445150E1,3.940256195E0,-1.034094589E1,3.833827515E0,1.171149069E1
3.036439150E1,3.859573975E0,-1.018886215E1,4.109254761E0,1.164453511E1
3.037433050E1,4.124223633E0,-9.851014709E0,4.348457336E0,1.153086261E1
3.038427050E1,4.590653687E0,-9.676178284E0,4.476590881E0,1.160785912E1
3.039420950E1,5.323230286E0,-9.777218170E0,4.437971191E0,1.198442173E1
3.040414850E1,6.057154083E0,-1.031280441E1,4.394711151E0,1.274192044E1
3.041408850E1,6.321354675E0,-1.110720245E1,3.835773468E0,1.334326157E1
3.042402750E1,5.893694000E0,-1.205368423E1,2.755619659E0,1.369745861E1
3.043396750E1,5.261558533E0,-1.249287094E1,1.917961578E0,1.369066832E1
3.044390650E1,5.401367798E0,-1.217313583E1,1.425934753E0,1.339377841E1
3.045384650E1,5.863307190E0,-1.152902527E1,-3.450325012E-1,1.293892740E1
3.046378550E1,5.476062469E0,-1.113339798E1,-2.320474548E0,1.262237747E1
3.047372550E1,4.819078674E0,-1.108714417E1,-1.567689972E0,1.219040347E1
3.048366450E1,4.720583496E0,-1.043405228E1,-6.499484253E-1,1.147064900E1
3.049360450E1,4.799918518E0,-9.974507904E0,-1.526824951E-1,1.107038110E1
3.050354350E1,4.524042206E0,-9.479487305E0,-1.107546844E0,1.056192679E1
3.051348350E1,5.340893555E0,-9.135951691E0,-1.868564301E0,1.074626865E1
3.052342250E1,5.937702484E0,-8.970695343E0,-2.101629639E0,1.096113739E1
3.053336150E1,6.350993042E0,-9.175469513E0,-1.026864624E0,1.120619491E1
3.054330150E1,6.250551910E0,-9.907297668E0,-6.984475708E-1,1.173506605E1
3.055324050E1,5.716462555E0,-1.076695999E1,-1.616638184E-2,1.219039101E1
3.056318050E1,4.514162750E0,-1.089239914E1,1.172212372E0,1.184888628E1
3.057311950E1,3.609444122E0,-1.026999344E1,1.570084991E0,1.099845530E1
3.058305950E1,3.317251740E0,-9.534572754E0,1.442999268E0,1.019776856E1
3.059299850E1,2.841540985E0,-9.479187927E0,1.495240631E0,1.000825177E1
3.060293850E1,2.779569855E0,-9.236243134E0,1.467548218E0,9.756428320E0
3.061287750E1,2.850073242E0,-8.695567474E0,1.523980865E0,9.276762844E0
3.062281750E1,2.975961456E0,-8.175997925E0,1.544637909E0,8.836809092E0
3.063275650E1,3.201392670E0,-7.649842072E0,1.299148407E0,8.393854021E0
3.064269650E1,3.179987183E0,-7.100933533E0,9.436376953E-1,7.837475845E0
3.065263550E1,3.177592163E0,-6.646029510E0,8.783734131E-1,7.418782923E0
3.066257450E1,2.911295929E0,-6.228847046E0,1.248104553E0,6.987985724E0
3.067251450E1,2.803669739E0,-6.062991943E0,1.770817566E0,6.910588264E0
3.068245350E1,2.621797943E0,-5.953270111E0,1.965263214E0,6.795403518E0
3.069239350E1,2.273322601E0,-5.960006104E0,2.011666718E0,6.688532828E0
3.070233250E1,2.177372131E0,-6.084547119E0,2.218985596E0,6.832756407E0
3.071227250E1,2.053729248E0,-6.145021362E0,2.415227509E0,6.914652217E0
3.072221150E1,1.929786987E0,-6.329737244E0,2.604583740E0,7.111505315E0
3.073215150E1,2.014959869E0,-6.432124329E0,2.815944214E0,7.304918101E0
3.074209050E1,1.918710022E0,-6.693929901E0,2.907254333E0,7.546010431E0
3.075203050E1,1.614991608E0,-7.020401001E0,2.934497681E0,7.778528443E0
3.076196950E1,1.585353241E0,-7.285499725E0,3.034789124E0,8.049956284E0
3.077190950E1,1.686393127E0,-7.457641754E0,3.088677063E0,8.246227520E0
3.078184850E1,1.818867645E0,-7.581584015E0,3.028202820E0,8.364132233E0
3.079178750E1,1.992955627E0,-7.661218414E0,2.925815735E0,8.439581591E0
3.080172750E1,2.147584076E0,-7.622898102E0,2.701881409E0,8.367846556E0
3.081166650E1,2.347717896E0,-7.755821686E0,2.603835297E0,8.511433933E0
3.082160650E1,2.461181946E0,-7.977660370E0,2.554138641E0,8.730641772E0
3.083154550E1,2.463876343E0,-8.411158905E0,2.515518951E0,9.118449230E0
3.084148550E1,2.751128998E0,-8.856033783E0,2.462080078E0,9.594784179E0
3.085142450E1,3.384461975E0,-9.321266327E0,2.493664398E0,1.022540713E1
3.086136450E1,4.158951416E0,-9.502539368E0,2.666554871E0,1.071007218E1
3.087130350E1,4.674629059E0,-9.655670929E0,2.824476471E0,1.109332255E1
3.088124350E1,5.131928101E0,-9.838590546E0,3.024460602E0,1.150138739E1
3.089118250E1,5.394482117E0,-9.894873505E0,3.626658325E0,1.183898685E1
3.090112250E1,5.260361023E0,-1.014829651E1,4.160897369E0,1.216439012E1
3.091106150E1,4.611759796E0,-1.057176590E1,4.400399323E0,1.234479959E1
3.092100050E1,3.900888062E0,-1.122560623E1,4.286037140E0,1.263333991E1
3.093094050E1,3.793860626E0,-1.221998840E1,3.469934235E0,1.325752385E1
3.094087950E1,4.313879242E0,-1.310659470E1,2.457439728E0,1.401539827E1
3.095081950E1,5.250631256E0,-1.329699875E1,1.671873322E0,1.439355636E1
3.096075850E1,6.027216339E0,-1.273506729E1,1.147813110E0,1.413600901E1
3.097069808E1,6.044131165E0,-1.219289474E1,1.093925171E0,1.365265088E1
3.098063708E1,5.722001038E0,-1.169697601E1,1.703457642E0,1.313249069E1
3.099057708E1,5.768105164E0,-1.088042404E1,9.199868774E-1,1.234913116E1
3.100051608E1,5.913003845E0,-9.786947937E0,2.594105530E-1,1.143744981E1
3.101045608E1,5.507497101E0,-8.704099731E0,-8.678952026E-1,1.033668799E1
3.102039508E1,4.672683105E0,-8.901838531E0,-1.121617584E0,1.011606261E1
3.103033508E1,4.562362518E0,-8.895551605E0,-1.641486511E0,1.013116321E1
3.104027408E1,4.844076691E0,-8.975635071E0,-2.340682526E0,1.046450661E1
3.105021308E1,5.421276398E0,-9.399703217E0,-2.066752167E0,1.104609084E1
3.106015308E1,6.284830627E0,-9.759405212E0,-7.828720093E-1,1.163434462E1
3.107009208E1,6.469546509E0,-9.739346924E0,9.145980835E-2,1.169265904E1
3.108003208E1,6.192023621E0,-9.558822327E0,8.421487427E-1,1.142022133E1
3.108997108E1,5.842799835E0,-9.614805908E0,1.601220245E0,1.136427335E1
3.109991108E1,5.616470490E0,-9.597891083E0,2.083666992E0,1.131397022E1
3.110985008E1,5.490133209E0,-9.126521301E0,2.192041626E0,1.087382178E1
3.111979008E1,5.304519196E0,-8.613088989E0,2.057022400E0,1.032252716E1
3.112972908E1,5.009183350E0,-8.255482635E0,2.112856293E0,9.884789987E0
3.113966908E1,4.732259216E0,-8.054001617E0,1.845661926E0,9.521958165E0
3.114960808E1,4.285139008E0,-7.846832428E0,1.356628876E0,9.042988299E0
3.115954708E1,3.703298950E0,-7.574848022E0,1.111289062E0,8.504569893E0
3.116948708E1,3.035687256E0,-7.233408051E0,8.409512329E-1,7.889536622E0
3.117942608E1,2.526146851E0,-7.028184814E0,8.189469910E-1,7.513153391E0
3.118936608E1,2.239193573E0,-6.841822357E0,7.068301392E-1,7.233542000E0
3.119930508E1,2.244282990E0,-6.539750519E0,6.225553894E-1,6.942097536E0
3.120924508E1,2.277064819E0,-6.242768097E0,8.205935669E-1,6.695562075E0
3.121918408E1,2.229613495E0,-6.092630310E0,9.163943481E-1,6.552182769E0
3.122912408E1,2.181862793E0,-5.962101746E0,1.345252533E0,6.489752449E0
3.123906308E1,2.571801910E0,-5.724545746E0,1.808838501E0,6.531193290E0
3.124900308E1,3.082390137E0,-5.592220917E0,1.965412903E0,6.681086110E0
3.125894208E1,3.370690613E0,-5.517077179E0,2.157613220E0,6.815789801E0
3.126888208E1,3.579805756E0,-5.456902313E0,2.545157318E0,7.005042318E0
3.127882108E1,3.843257904E0,-5.458099823E0,2.756667480E0,7.222236537E0
3.128876108E1,3.998634796E0,-5.576204224E0,2.880759430E0,7.441902221E0
3.129870008E1,4.233945465E0,-5.736071777E0,3.046315155E0,7.752989724E0
3.130863908E1,4.391417999E0,-5.926326141E0,2.979104919E0,7.954933042E0
3.131857908E1,4.523593140E0,-6.144721985E0,2.942580872E0,8.177975627E0
3.132851808E1,4.710254974E0,-6.280339966E0,2.755769348E0,8.320062302E0
3.133845808E1,4.653972015E0,-6.546187134E0,2.659519501E0,8.460795795E0
3.134839708E1,4.558919678E0,-7.004683685E0,2.621348877E0,8.759041734E0
3.135833708E1,4.884941711E0,-7.420968018E0,2.556084595E0,9.244835872E0
3.136827608E1,4.996459808E0,-7.977959747E0,2.551444244E0,9.753067214E0
3.137821608E1,4.951104126E0,-8.687334595E0,2.502795410E0,1.030762821E1
3.138815508E1,4.595892792E0,-9.314081268E0,2.552641754E0,1.069534106E1
3.139809508E1,4.010460205E0,-9.774074707E0,2.920576630E0,1.096111743E1
3.140803408E1,3.534300385E0,-1.015578094E1,3.426973572E0,1.128606724E1
3.141797308E1,3.392096100E0,-1.012434631E1,3.967798920E0,1.139087936E1
3.142791308E1,3.515439606E0,-9.858648834E0,4.394411774E0,1.135174556E1
3.143785208E1,4.206402740E0,-9.284442902E0,4.447850647E0,1.112106467E1
3.144779208E1,5.151687012E0,-8.907077637E0,4.198918304E0,1.111336250E1
3.145773108E1,5.830824738E0,-9.270372162E0,3.939657440E0,1.163869485E1
3.146767108E1,6.032156067E0,-1.027283752E1,3.714226227E0,1.247852452E1
3.147761008E1,5.909710693E0,-1.155941208E1,2.790497131E0,1.327898951E1
3.148755008E1,5.607339478E0,-1.224289078E1,1.807191925E0,1.358663215E1
3.149748908E1,5.459147644E0,-1.210862000E1,6.390211487E-1,1.329771857E1
3.150742908E1,5.379962311E0,-1.185953796E1,-6.625222778E-1,1.303961544E1
3.151736808E1,4.514761505E0,-1.210966782E1,-1.532064056E0,1.301438997E1
3.152730708E1,3.943998413E0,-1.218047058E1,-2.173330536E0,1.298623705E1
3.153724708E1,4.664300537E0,-1.159698395E1,-1.460662537E0,1.258488265E1
3.154718608E1,5.763913879E0,-1.111738129E1,-5.725593567E-1,1.253581645E1
3.155712608E1,5.589825897E0,-1.149878815E1,-2.921923828E-1,1.278880991E1
3.156706508E1,5.015769653E0,-1.156659714E1,-1.207538910E0,1.266500157E1
3.157700508E1,5.594615936E0,-1.114612152E1,-2.620600433E0,1.274375530E1
3.158694408E1,5.937552795E0,-1.161075531E1,-1.785786438E0,1.316256834E1
3.159688408E1,6.162235565E0,-1.201207077E1,-9.204359436E-1,1.353182152E1
3.160682308E1,5.817951508E0,-1.218645813E1,4.776567078E-1,1.351245638E1
3.161676308E1,4.766537933E0,-1.149714157E1,1.511706390E0,1.253751987E1
3.162670208E1,3.986060944E0,-1.039842636E1,1.790726166E0,1.127930197E1
3.163664208E1,3.502865753E0,-9.506131897E0,2.039209442E0,1.033416602E1
3.164658108E1,3.009042664E0,-8.839418335E0,1.837578735E0,9.516635428E0
3.165652008E1,2.902464294E0,-8.739426270E0,1.757195892E0,9.374945755E0
3.166646008E1,3.034340057E0,-8.067323914E0,1.551074524E0,8.757554846E0
3.167639908E1,3.199446716E0,-7.464228058E0,1.538800049E0,8.265534791E0
3.168633908E1,3.136427765E0,-6.851552124E0,1.414708099E0,7.666964500E0
3.169627808E1,3.077001343E0,-6.434968414E0,1.174757080E0,7.228887186E0
3.170621808E1,2.934347992E0,-6.219566345E0,1.008303223E0,6.950545234E0
3.171615708E1,2.526146851E0,-6.071673889E0,1.096020813E0,6.666926080E0
3.172609708E1,2.214195557E0,-6.045478363E0,1.260379028E0,6.560413546E0
3.173603608E1,2.259700928E0,-6.143973541E0,1.387913818E0,6.691858032E0
3.174597608E1,2.279908905E0,-6.182892609E0,1.499731293E0,6.758353318E0
3.175591508E1,2.184407501E0,-6.193221130E0,1.582359467E0,6.755108110E0
3.176585508E1,2.374362488E0,-6.189329224E0,1.992356873E0,6.922057452E0
3.177579408E1,2.272424469E0,-6.160738678E0,2.323917389E0,6.965572917E0
3.178573308E1,2.171534271E0,-6.261928253E0,2.504292297E0,7.085110193E0
3.179567308E1,1.963017883E0,-6.561605072E0,2.756667480E0,7.382907011E0
3.180561208E1,1.884730682E0,-6.840475159E0,2.955304413E0,7.686230176E0
3.181555208E1,1.970502319E0,-7.106472015E0,2.917882233E0,7.930880192E0
3.182549108E1,2.197729797E0,-7.350464630E0,2.937641144E0,8.215173889E0
3.183543108E1,2.229014740E0,-7.608078918E0,2.980901184E0,8.469778239E0
3.184537008E1,2.165696411E0,-7.747588806E0,3.003354492E0,8.586938422E0
3.185531008E1,2.142794037E0,-7.835007019E0,3.026705933E0,8.668324525E0
3.186524908E1,2.258802795E0,-7.928562469E0,2.930007019E0,8.749241912E0
3.187518908E1,2.538720703E0,-8.109835510E0,2.652334442E0,8.902213927E0
3.188512808E1,3.061583405E0,-8.402926025E0,2.333048401E0,9.242595608E0
3.189506708E1,3.585793304E0,-8.809779968E0,2.156266022E0,9.752928784E0
3.190500708E1,3.753594360E0,-9.307045898E0,2.114053802E0,1.025572023E1
3.191494608E1,3.666774902E0,-9.832004242E0,2.326013031E0,1.074820367E1
3.192488608E1,3.520828400E0,-1.032897079E1,2.720592499E0,1.124657698E1
3.193482508E1,3.528761902E0,-1.079165863E1,2.815944214E0,1.169793137E1
3.194476508E1,3.614084473E0,-1.105660767E1,3.180585938E0,1.205928300E1
3.195470408E1,3.559597778E0,-1.095047836E1,3.633094940E0,1.207406690E1
3.196464471E1,3.225642242E0,-1.087787933E1,3.687731323E0,1.193031387E1
3.197458371E1,3.021466827E0,-1.128398483E1,3.589834900E0,1.222065833E1
3.198452371E1,3.299738159E0,-1.194306427E1,3.066373444E0,1.276431362E1
3.199446271E1,3.749852142E0,-1.238614288E1,2.331102448E0,1.314959943E1
3.200440271E1,4.273463287E0,-1.197285233E1,2.001188507E0,1.286920498E1
3.201434171E1,4.673281860E0,-1.106948090E1,1.725611572E0,1.213880991E1
3.202428071E1,5.347928925E0,-1.049482590E1,8.238867188E-1,1.180764599E1
3.203422071E1,5.968837738E0,-1.012015503E1,3.248245239E-2,1.174928155E1
3.204415971E1,6.482419739E0,-9.314380646E0,-2.140548706E-1,1.135012211E1
3.205409971E1,6.693780212E0,-8.526868286E0,-6.623725891E-1,1.086061295E1
3.206403871E1,6.171067200E0,-8.965156860E0,-1.927990723E-1,1.088546184E1
3.207397871E1,5.415588226E0,-9.594298553E0,-3.363505554E-1,1.102235421E1
3.208391771E1,5.120701447E0,-9.874515839E0,-7.460485840E-1,1.114828394E1
3.209385771E1,5.286706238E0,-1.009740234E1,-7.134164429E-1,1.141997198E1
3.210379671E1,5.488935699E0,-1.030337402E1,-3.385958862E-1,1.167915145E1
3.211373671E1,5.610333252E0,-9.931098175E0,1.630110168E-1,1.140741525E1
3.212367571E1,5.569019165E0,-9.630972290E0,1.175505524E0,1.118710932E1
3.213361571E1,5.377567291E0,-9.498797150E0,2.019151154E0,1.110055623E1
3.214355471E1,5.179978180E0,-9.309889984E0,2.241139526E0,1.088709933E1
3.215349371E1,5.128784637E0,-9.218729553E0,2.257754974E0,1.078827437E1
3.216343371E1,4.767436066E0,-8.676407318E0,2.225122833E0,1.014690407E1
3.217337271E1,4.331991577E0,-8.214916992E0,2.101779327E0,9.522000239E0
3.218331271E1,4.150419159E0,-7.992778931E0,1.751657410E0,9.174900431E0
3.219325171E1,3.950285339E0,-7.644303589E0,1.446142731E0,8.725334402E0
3.220319171E1,3.728746033E0,-7.325765991E0,1.243015137E0,8.313572094E0
3.221313071E1,3.511697388E0,-7.028484192E0,8.982820129E-1,7.908129940E0
3.222307071E1,3.341950378E0,-6.721921692E0,7.649093628E-1,7.545723948E0
3.223300971E1,3.284170532E0,-6.564449158E0,8.098159790E-1,7.384684878E0
3.224294871E1,3.280278625E0,-6.390061798E0,8.478369141E-1,7.232699709E0
3.225288871E1,3.228636017E0,-6.195167084E0,1.064286804E0,7.066604002E0
3.226282771E1,3.170407104E0,-5.909561005E0,1.378633118E0,6.846533557E0
3.227276771E1,3.049009552E0,-5.850284271E0,1.806144104E0,6.839915338E0
3.228270671E1,3.250490570E0,-5.997877350E0,2.082020416E0,7.132673458E0
3.229264671E1,3.344944153E0,-6.055657196E0,2.374661865E0,7.314277438E0
3.230258571E1,3.167113953E0,-6.070476379E0,2.648592224E0,7.341412332E0
3.231252571E1,3.229983215E0,-6.191724243E0,2.818039856E0,7.530709748E0
3.232246471E1,3.332519989E0,-6.274951172E0,2.926414490E0,7.684048637E0
3.233240471E1,3.399131470E0,-6.387816467E0,2.863694916E0,7.781969066E0
3.234234371E1,3.584595795E0,-6.471043396E0,2.832709351E0,7.921361746E0
3.235228371E1,3.640429688E0,-6.589297485E0,2.741399231E0,8.011668952E0
3.236222271E1,3.467090149E0,-6.709647217E0,2.763702850E0,8.042271652E0
3.237216171E1,3.288062439E0,-6.781497803E0,2.771336975E0,8.029967352E0
3.238210171E1,3.418291626E0,-6.917564850E0,2.719694366E0,8.181329876E0
3.239204071E1,3.696413269E0,-7.236401825E0,2.723436584E0,8.570069385E0
3.240198071E1,3.946243744E0,-7.560926971E0,2.767894135E0,8.966699186E0
3.241191971E1,4.223616943E0,-8.048463135E0,2.657573547E0,9.469920595E0
3.242185971E1,4.484374695E0,-8.740474091E0,2.661166077E0,1.017778505E1
3.243179871E1,4.425097961E0,-9.549841003E0,2.778372345E0,1.088578468E1
3.244173871E1,4.071682892E0,-1.010264145E1,2.967279510E0,1.128922998E1
3.245167771E1,3.799099731E0,-1.032298325E1,3.439098358E0,1.152495290E1
3.246161771E1,3.936214600E0,-1.024200165E1,4.080963593E0,1.170669240E1
3.247155671E1,4.230203247E0,-9.986632690E0,4.595144348E0,1.177891351E1
3.248149571E1,4.795128479E0,-9.591903534E0,4.753515015E0,1.173003732E1
3.249143571E1,5.710624695E0,-9.544452209E0,4.569697266E0,1.202455552E1
3.250137471E1,6.171366577E0,-1.031490005E1,4.605772247E0,1.287229842E1
3.251131471E1,6.051016846E0,-1.157497971E1,4.526886292E0,1.382344601E1
3.252125371E1,5.807772675E0,-1.284134628E1,3.626658325E0,1.455276772E1
3.253119371E1,5.628445587E0,-1.366343674E1,2.526595917E0,1.499175074E1
3.254113271E1,5.677693176E0,-1.339848770E1,1.696721649E0,1.465041081E1
3.255107271E1,6.166127472E0,-1.259810211E1,5.809419250E-1,1.403819071E1
3.256101171E1,6.189179535E0,-1.148082550E1,-1.229992218E0,1.310069381E1
3.257095171E1,6.062542877E0,-1.105047043E1,-1.277593231E0,1.266884238E1
3.258089071E1,5.912854156E0,-1.047431854E1,-9.219328308E-1,1.206329778E1
3.259082971E1,5.597460022E0,-1.001193008E1,3.739224243E-1,1.147650298E1
3.260076971E1,4.831652527E0,-9.710007935E0,1.023870850E-1,1.084617920E1
3.261070871E1,4.917274475E0,-9.292376404E0,-1.154249725E0,1.057639541E1
3.262064871E1,5.714815979E0,-8.996292114E0,-2.059866486E0,1.085520352E1
3.263058771E1,5.941295013E0,-9.291777649E0,-1.779050446E0,1.117144300E1
3.264052771E1,5.731880493E0,-9.989177399E0,-1.172212372E0,1.157636389E1
3.265046671E1,5.602399750E0,-1.039677979E1,-5.083428955E-1,1.182109662E1
3.266040671E1,4.827610931E0,-1.008797195E1,9.451345825E-1,1.122347027E1
3.267034571E1,4.036955109E0,-9.340576172E0,1.909279633E0,1.035319847E1
3.268028571E1,3.683839417E0,-8.826545105E0,2.332449646E0,9.844739341E0
3.269022471E1,3.392994232E0,-8.616831207E0,2.314487000E0,9.545629366E0
3.270016371E1,3.168012085E0,-8.863667908E0,1.931134186E0,9.608859901E0
3.271010371E1,3.051254883E0,-8.742420044E0,1.722468109E0,9.418437289E0
3.272004271E1,3.240162048E0,-8.347241821E0,1.478774872E0,9.075344139E0
3.272998271E1,3.432661743E0,-7.960296478E0,1.200054474E0,8.751549429E0
3.273992171E1,3.641776886E0,-7.400760040E0,9.508227539E-1,8.302882148E0
3.274986171E1,3.672014008E0,-6.943311310E0,8.845106506E-1,7.904151941E0
3.275980071E1,3.403322754E0,-6.578968964E0,1.172511749E0,7.499348118E0
3.276974071E1,3.087778931E0,-6.363267517E0,1.517095184E0,7.233749375E0
3.277967971E1,2.781216431E0,-6.174060974E0,1.614542542E0,6.961389327E0
3.278961971E1,2.702330475E0,-5.986950073E0,1.777104492E0,6.804723474E0
3.279955871E1,2.585573273E0,-5.954018555E0,2.227068787E0,6.862606027E0
3.280949771E1,2.255060577E0,-5.934858398E0,2.411335602E0,6.791346096E0
3.281943771E1,2.038460999E0,-6.037544861E0,2.482288055E0,6.838788283E0
3.282937671E1,1.834435272E0,-6.141279144E0,2.583178253E0,6.910374243E0
3.283931671E1,1.692829742E0,-6.336173859E0,2.661315765E0,7.077808510E0
3.284925571E1,1.681154022E0,-6.676865387E0,2.797532501E0,7.431890630E0
3.285919571E1,1.556463318E0,-7.107370148E0,2.712958374E0,7.765142086E0
3.286913471E1,1.595532074E0,-7.414531403E0,2.605481873E0,8.019322559E0
3.287907471E1,1.763931885E0,-7.684420166E0,2.566413116E0,8.291456161E0
3.288901371E1,2.023192749E0,-7.789052582E0,2.570005646E0,8.447933359E0
3.289895371E1,2.276615753E0,-7.816894684E0,2.747835846E0,8.592870511E0
3.290889271E1,2.301613770E0,-7.855664063E0,2.870131531E0,8.674476285E0
3.291883271E1,2.313588867E0,-8.051606598E0,2.924618225E0,8.873243714E0
3.292877171E1,2.250719604E0,-8.438701630E0,2.864443359E0,9.191434039E0
3.293871071E1,2.427651672E0,-8.918154602E0,2.730771332E0,9.637639037E0
3.294865071E1,2.804717560E0,-9.418563995E0,2.791544952E0,1.021609082E1
3.295858971E1,3.258274384E0,-9.786498871E0,2.779869232E0,1.068267687E1
3.296852958E1,3.786974945E0,-9.987830200E0,2.899171143E0,1.106811297E1
3.297846858E1,4.082460480E0,-1.009560608E1,3.138074341E0,1.133292796E1
3.298840858E1,4.268224182E0,-1.010907806E1,3.742367706E0,1.159381357E1
3.299834758E1,4.555177460E0,-1.010084518E1,4.329596558E0,1.189630705E1
3.300828758E1,4.531077576E0,-1.003483246E1,4.619094543E0,1.194004024E1
3.301822658E1,4.133803711E0,-1.050844757E1,4.267326050E0,1.207169727E1
3.302816558E1,4.072281647E0,-1.161943726E1,3.672463074E0,1.284841566E1
3.303810558E1,4.648732910E0,-1.255978180E1,3.036884766E0,1.373249816E1
3.304804458E1,5.694009247E0,-1.279329620E1,2.161355438E0,1.416903760E1
3.305798458E1,6.572232971E0,-1.265797760E1,1.179098053E0,1.431114654E1
3.306792358E1,6.603817291E0,-1.236458771E1,7.658074951E-1,1.403851463E1
3.307786358E1,5.949378204E0,-1.195698532E1,4.396357727E-1,1.336255509E1
3.308780258E1,5.744304657E0,-1.126153152E1,7.646099854E-1,1.266506047E1
3.309774258E1,5.742059326E0,-1.022059616E1,6.098318481E-1,1.173898318E1
3.310768158E1,5.387895813E0,-9.518705750E0,-3.134481812E-1,1.094227719E1
3.311762158E1,4.762795715E0,-9.083261261E0,-1.118174744E-1,1.025682023E1
3.312756058E1,4.569098511E0,-8.548423462E0,-7.191046143E-1,9.719532722E0
3.313749958E1,5.172194366E0,-8.139174500E0,-1.825903015E0,9.814870245E0
3.314743958E1,5.862109680E0,-7.994874573E0,-1.553619232E0,1.003474375E1
3.315737858E1,6.558461609E0,-8.615334320E0,-1.319805450E0,1.090776286E1
3.316731858E1,6.877897339E0,-9.056466980E0,-4.960684204E-1,1.138293239E1
3.317725758E1,6.739884338E0,-8.952732697E0,3.577560425E-1,1.121184432E1
3.318719758E1,6.408174133E0,-8.880582733E0,1.237177277E0,1.102089166E1
3.319713658E1,6.092779999E0,-8.993148651E0,2.012115784E0,1.104750201E1
3.320707658E1,5.770649872E0,-8.979377289E0,2.107168121E0,1.087978740E1
3.321701558E1,5.555846558E0,-8.788075104E0,2.042053528E0,1.059564428E1
3.322695558E1,5.251679077E0,-8.367449799E0,2.136656799E0,1.010740578E1
3.323689458E1,4.711003418E0,-8.146209869E0,1.938468933E0,9.607910816E0
3.324683458E1,4.199966125E0,-7.973618774E0,1.742376709E0,9.179008030E0
3.325677358E1,3.830534363E0,-7.622898102E0,1.198557587E0,8.614993283E0
3.326671258E1,3.492088165E0,-7.153174896E0,8.469387817E-1,8.004991952E0
3.327665258E1,3.198698273E0,-6.765481110E0,6.523434448E-1,7.511921010E0
3.328659158E1,2.939587097E0,-6.475833435E0,4.757107544E-1,7.127684877E0
3.329653158E1,2.695145416E0,-6.193370819E0,4.722679138E-1,6.770870542E0
3.330647058E1,2.462379456E0,-5.994434509E0,6.080355835E-1,6.508937313E0
3.331641058E1,2.562670898E0,-5.769452362E0,8.566685486E-1,6.370851097E0
3.332634958E1,2.628983002E0,-5.764362946E0,1.428928528E0,6.494710812E0
3.333628958E1,2.604583740E0,-5.646108856E0,1.793719940E0,6.471462964E0
3.334622858E1,2.788401489E0,-5.689668274E0,2.206860809E0,6.709526255E0
3.335616758E1,3.183280334E0,-5.782924347E0,2.335593109E0,7.002177009E0
3.336610758E1,3.339705048E0,-5.696553955E0,2.476450195E0,7.052457893E0
3.337604658E1,3.564238129E0,-6.032305756E0,2.569855957E0,7.463019885E0
3.338598658E1,3.927532654E0,-6.415209503E0,2.845133514E0,8.042089929E0
3.339592558E1,4.252057800E0,-6.689139862E0,2.895279236E0,8.438437621E0
3.340586558E1,4.506528625E0,-7.051087189E0,2.844085693E0,8.838294758E0
3.341580458E1,4.671036530E0,-7.368427277E0,2.715952148E0,9.137215050E0
3.342574458E1,4.715045013E0,-7.705526276E0,2.595602417E0,9.399145523E0
3.343568358E1,4.697082367E0,-7.888595581E0,2.423161011E0,9.495484837E0
3.344562358E1,4.645739136E0,-8.011040955E0,2.302212524E0,9.542528585E0
3.345556258E1,4.693190460E0,-8.252638550E0,2.761906586E0,9.887376180E0
3.346550258E1,4.865781555E0,-8.450077972E0,3.243904266E0,1.027631076E1
3.347544158E1,5.009333038E0,-8.645571442E0,3.446433105E0,1.056963690E1
3.348538058E1,4.949607239E0,-8.905281372E0,3.592678986E0,1.080323981E1
3.349532058E1,4.655917969E0,-9.203610992E0,3.676804047E0,1.095001897E1
3.350525958E1,4.345613251E0,-9.465117188E0,3.809877319E0,1.108999383E1
3.351519958E1,4.086801453E0,-9.683063965E0,3.952231293E0,1.122870456E1
3.352513858E1,4.117487640E0,-9.726473694E0,4.248315582E0,1.138447101E1
3.353507858E1,4.388424225E0,-9.532477112E0,4.700375519E0,1.149869197E1
3.354501758E1,4.734953613E0,-9.240284729E0,4.911137238E0,1.148572664E1
3.355495758E1,5.161416779E0,-9.265881500E0,4.439318390E0,1.149801422E1
3.356489658E1,5.649402008E0,-9.822424164E0,3.844156036E0,1.196550438E1
3.357483558E1,5.902375946E0,-1.084030746E1,3.377426605E0,1.279676983E1
3.358477558E1,5.785918121E0,-1.196925980E1,2.082768860E0,1.345652090E1
3.359471458E1,5.453758850E0,-1.263073425E1,1.090332642E0,1.380100571E1
3.360465458E1,5.432652740E0,-1.206700653E1,1.104403381E0,1.327953573E1
3.361459358E1,6.059549103E0,-1.122934845E1,9.044192505E-1,1.279196530E1
3.362453358E1,6.314319305E0,-1.076067307E1,-4.501139832E-1,1.248460315E1
3.363447258E1,5.768254852E0,-1.058898010E1,-1.639989624E0,1.216917539E1
3.364441258E1,5.270240479E0,-1.019484970E1,-1.096320190E0,1.152876026E1
3.365435158E1,4.943769379E0,-9.662107544E0,9.066645813E-1,1.089124504E1
3.366429158E1,4.686753845E0,-9.491163025E0,1.568588104E0,1.070085538E1
3.367423058E1,4.038901062E0,-9.638007660E0,3.474275208E-1,1.045584140E1
3.368416958E1,5.040617981E0,-9.235345001E0,-2.392175446E0,1.078989946E1
3.369410958E1,5.613027649E0,-9.292675781E0,-1.803898773E0,1.100517848E1
3.370404858E1,5.658682709E0,-9.936636658E0,-1.022673340E0,1.148056178E1
3.371398858E1,5.813161469E0,-1.038764877E1,-7.078779602E-1,1.192464610E1
3.372392758E1,5.845943298E0,-1.047132477E1,3.206332397E-1,1.199693716E1
3.373386758E1,5.026547241E0,-9.959838409E0,1.295406189E0,1.123132385E1
3.374380658E1,4.355941772E0,-9.289382629E0,1.642534332E0,1.039061006E1
3.375374658E1,4.096381531E0,-8.542884979E0,1.777703247E0,9.639577493E0
3.376368558E1,3.829037476E0,-8.181835785E0,1.904938660E0,9.232158799E0
3.377362558E1,3.587589569E0,-8.149652710E0,2.141746216E0,9.158313986E0
3.378356458E1,3.429967346E0,-7.636070709E0,1.868264923E0,8.576984651E0
3.379350358E1,3.416794739E0,-7.208559723E0,1.536255341E0,8.123909160E0
3.380344358E1,3.254532166E0,-6.914720764E0,1.416504364E0,7.772504582E0
3.381338258E1,2.999761963E0,-6.652915192E0,1.226998444E0,7.400363340E0
3.382332258E1,2.761457520E0,-6.610403595E0,1.044527893E0,7.239759792E0
3.383326158E1,2.376308441E0,-6.612648926E0,1.018931122E0,7.100154101E0
3.384320158E1,2.076631622E0,-6.613097992E0,1.090182953E0,7.016691729E0
3.385314058E1,2.077230377E0,-6.650520172E0,1.349743195E0,7.096908573E0
3.386308058E1,2.203567657E0,-6.701863403E0,1.569635925E0,7.227339790E0
3.387301958E1,2.212249603E0,-6.700516205E0,1.673669586E0,7.252043547E0
3.388295858E1,2.181413727E0,-6.693480835E0,1.714384918E0,7.245713711E0
3.389289858E1,2.177372131E0,-6.694378967E0,1.863923950E0,7.282161193E0
3.390283758E1,2.245630188E0,-6.725214844E0,2.040556641E0,7.378024196E0
3.391277758E1,2.364932098E0,-6.784042511E0,2.222129059E0,7.520238971E0
3.392271658E1,2.381846924E0,-6.919660492E0,2.486928406E0,7.729146718E0
3.393265658E1,2.493215332E0,-7.004983063E0,2.780318298E0,7.938266829E0
3.394259558E1,2.510429535E0,-7.126679993E0,3.027753754E0,8.139970329E0
3.395253558E1,2.426154785E0,-7.330855408E0,3.230881348E0,8.370559260E0
3.396247458E1,2.387235718E0,-7.593858490E0,3.395688629E0,8.654263828E0
3.397241371E1,2.437980194E0,-7.694748688E0,3.544628906E0,8.815741539E0
3.398235271E1,2.388582916E0,-7.850874023E0,3.570674744E0,8.949372570E0
3.399229171E1,2.494113464E0,-8.145461426E0,3.486549683E0,9.204627776E0
3.400223171E1,2.865491180E0,-8.682394867E0,3.188818817E0,9.683159907E0
3.401217071E1,3.339106293E0,-9.244925079E0,2.834655304E0,1.023003134E1
3.402211071E1,3.547023926E0,-9.647887115E0,2.650238800E0,1.061540721E1
3.403204971E1,3.643423462E0,-1.000205063E1,2.630629578E0,1.096520694E1
3.404198971E1,3.789669342E0,-1.027358597E1,2.486629028E0,1.122904654E1
3.405192871E1,3.988156586E0,-1.058374100E1,2.742596741E0,1.163798966E1
3.406186871E1,4.019291840E0,-1.060379929E1,3.233276367E0,1.179191851E1
3.407180771E1,4.120481415E0,-1.056937088E1,3.329526215E0,1.182267790E1
3.408174771E1,4.144581299E0,-1.103759720E1,3.010389862E0,1.216834225E1
3.409168671E1,4.695585480E0,-1.218286560E1,2.407443695E0,1.327654030E1
3.410162571E1,5.715115356E0,-1.323966797E1,1.601070557E0,1.450912742E1
3.411156571E1,6.464457092E0,-1.358619736E1,1.190474396E0,1.509275301E1
3.412150471E1,6.659800873E0,-1.258582764E1,1.669328613E0,1.433675915E1
3.413144471E1,6.050567780E0,-1.106379272E1,2.396815796E0,1.283594975E1
3.414138371E1,5.392835541E0,-1.015772690E1,2.637066193E0,1.179899186E1
3.415132371E1,5.332361298E0,-1.039677979E1,1.357826385E0,1.176311181E1
3.416126271E1,4.848717041E0,-9.792187042E0,-7.906558228E-1,1.095546077E1
3.417120271E1,4.284689941E0,-9.091793518E0,-1.970652008E0,1.024220419E1
3.418114171E1,4.712649994E0,-8.955726471E0,-2.379751282E0,1.039602437E1
3.419108071E1,6.369255066E0,-8.512049103E0,-2.763403473E0,1.098447945E1
3.420102071E1,7.148983612E0,-8.745413818E0,-2.189646606E0,1.150585859E1
3.421095971E1,7.637268219E0,-9.244326324E0,-1.166075134E0,1.204762077E1
3.422089971E1,7.695796509E0,-9.497300262E0,-3.629951477E-1,1.222929931E1
3.423083871E1,7.248376923E0,-9.656569061E0,4.252656555E-1,1.208176911E1
3.424077871E1,6.636449432E0,-9.559421082E0,1.202299805E0,1.169916738E1
3.425071771E1,5.896538086E0,-9.457782440E0,1.322200470E0,1.122350320E1
3.426065771E1,5.055886230E0,-9.417665863E0,1.437161407E0,1.078516800E1
3.427059671E1,4.276756439E0,-9.053622894E0,1.547781372E0,1.013184881E1
3.428053671E1,3.941753082E0,-8.450676727E0,1.202898560E0,9.402038048E0
3.429047571E1,3.767216034E0,-8.068222046E0,1.050814819E0,8.966177302E0
3.430041471E1,3.658691711E0,-7.756121063E0,1.341660004E0,8.680062820E0
3.431035471E1,3.509452057E0,-7.321724396E0,1.333576813E0,8.228142499E0
3.432029371E1,3.379522247E0,-6.876699829E0,1.265019379E0,7.765979989E0
3.433023371E1,3.454965363E0,-6.449937286E0,1.144819336E0,7.406017011E0
3.434017271E1,3.606600037E0,-6.193370819E0,1.099763031E0,7.250854064E0
3.435011271E1,3.715872803E0,-6.069727936E0,1.124012604E0,7.205047691E0
3.436005171E1,3.815266113E0,-6.070027313E0,1.131047974E0,7.258151047E0
3.436999171E1,3.932023315E0,-5.976471863E0,1.334624634E0,7.277379074E0
3.437993071E1,4.192930756E0,-5.699847107E0,1.412163391E0,7.215478557E0
3.438987071E1,4.278852081E0,-5.631139984E0,1.713786163E0,7.277044432E0
3.439980971E1,4.196672974E0,-5.667664032E0,1.929337921E0,7.311417403E0
3.440974871E1,4.041445770E0,-5.680387573E0,2.013762360E0,7.256398951E0
3.441968871E1,3.889661407E0,-5.955515442E0,2.417173462E0,7.512679787E0
3.442962771E1,3.626658325E0,-6.163433075E0,2.731370087E0,7.655125109E0
3.443956771E1,3.335064697E0,-6.208489380E0,2.816542969E0,7.589526415E0
3.444950671E1,3.113974457E0,-6.411167908E0,2.889141998E0,7.690712083E0
3.445944671E1,3.096011810E0,-6.728507996E0,3.007396088E0,7.993906442E0
3.446938571E1,3.171754303E0,-6.833140411E0,2.951861572E0,8.091064206E0
3.447932571E1,3.331921234E0,-6.902296600E0,2.680775299E0,8.119726207E0
3.448926471E1,3.608545990E0,-6.947053528E0,2.501897278E0,8.218433359E0
3.449920371E1,3.877835999E0,-7.149732056E0,2.409090271E0,8.482923814E0
3.450914371E1,4.199816437E0,-7.421866150E0,2.286195831E0,8.828887055E0
3.451908271E1,4.586462402E0,-7.700586548E0,1.859133911E0,9.153745105E0
3.452902271E1,4.868925018E0,-8.217910767E0,2.218386841E0,9.806208665E0
3.453896171E1,4.971162415E0,-8.816366272E0,2.816842346E0,1.050596834E1
3.454890171E1,5.098996582E0,-9.294322357E0,3.320095825E0,1.110888070E1
3.455884071E1,4.912334747E0,-9.672436066E0,3.868255920E0,1.151739797E1
3.456878071E1,4.473447418E0,-9.912536774E0,4.302053833E0,1.169520347E1
3.457871971E1,4.050127716E0,-9.870174866E0,4.411476288E0,1.154491271E1
3.458865971E1,4.177213440E0,-9.779762878E0,4.458777924E0,1.153141685E1
3.459859871E1,4.781057739E0,-9.769134979E0,4.408781891E0,1.173592217E1
3.460853771E1,5.502257996E0,-1.003722748E1,4.029470673E0,1.213496652E1
3.461847771E1,5.861211548E0,-1.079764618E1,3.422033844E0,1.275355948E1
3.462841671E1,5.997877350E0,-1.190504333E1,2.663710785E0,1.359411434E1
3.463835671E1,5.775290222E0,-1.261606476E1,2.149979095E0,1.404070786E1
3.464829571E1,5.075196075E0,-1.254765701E1,1.427880707E0,1.361029592E1
3.465823571E1,4.597539368E0,-1.219678665E1,9.815089417E-1,1.307143193E1
3.466817471E1,4.464915161E0,-1.187196213E1,9.370513916E-2,1.268415282E1
3.467811471E1,4.366719360E0,-1.147558640E1,-5.427713013E-1,1.229031821E1
3.468805371E1,4.383933563E0,-1.079674805E1,-9.141490173E-1,1.168864022E1
3.469799271E1,4.836143188E0,-1.045021866E1,-9.536668396E-1,1.155442908E1
3.470793271E1,4.866230621E0,-1.017179764E1,-1.118474121E0,1.133122465E1
3.471787171E1,4.698728943E0,-1.042537033E1,-1.722168732E0,1.156426675E1
3.472781171E1,4.893024902E0,-1.031265472E1,-1.104253693E0,1.146786451E1
3.473775071E1,5.898034973E0,-1.016670822E1,-1.178050232E0,1.181256005E1
3.474769071E1,6.008804626E0,-1.061622345E1,-5.438191223E-1,1.221088337E1
3.475762971E1,5.836063843E0,-1.096799194E1,-1.639091492E-1,1.242510984E1
3.476756971E1,4.953199768E0,-1.087234085E1,7.949967957E-1,1.197388840E1
3.477750871E1,4.152664490E0,-1.024275009E1,1.383423157E0,1.113877962E1
3.478744771E1,3.850892029E0,-9.666149139E0,1.663341064E0,1.053710169E1
3.479738771E1,3.380719757E0,-9.008716278E0,1.975292358E0,9.822831311E0
3.480732671E1,3.378923492E0,-8.684490509E0,1.870959320E0,9.504629827E0
3.481726671E1,3.341351624E0,-8.330476685E0,1.765728149E0,9.147637310E0
3.482720571E1,3.303031311E0,-7.790998535E0,1.771416321E0,8.645668846E0
3.483714571E1,3.320993958E0,-7.235653381E0,1.696122894E0,8.140056117E0
3.484708471E1,3.230731659E0,-6.857839050E0,1.639540558E0,7.756009072E0
3.485702471E1,3.065475311E0,-6.537056122E0,1.481618958E0,7.370579106E0
3.486696371E1,2.852168884E0,-6.432573395E0,1.558858337E0,7.207142786E0
3.487690371E1,2.605032806E0,-6.395899658E0,1.609004059E0,7.091024074E0
3.488684271E1,2.483036499E0,-6.281238098E0,1.741179199E0,6.975036007E0
3.489678171E1,2.236050110E0,-6.371350708E0,2.001637573E0,7.042768129E0
3.490672171E1,2.115550690E0,-6.508615265E0,2.179168396E0,7.182367457E0
3.491666071E1,2.279459839E0,-6.539151764E0,2.390528870E0,7.326054274E0
3.492660071E1,2.208806763E0,-6.613397369E0,2.539169769E0,7.420460579E0
3.493653971E1,2.235601044E0,-6.627617798E0,2.656525726E0,7.482002315E0
3.494647971E1,2.201022949E0,-6.671626282E0,2.756068726E0,7.546589567E0
3.495641871E1,2.182760925E0,-6.709198151E0,2.726879425E0,7.563970947E0
3.496635871E1,2.392624512E0,-6.830296326E0,2.629432068E0,7.700098243E0
3.497629871E1,2.634072418E0,-6.924450531E0,2.620450745E0,7.858315008E0
3.498623871E1,2.816243591E0,-7.076384583E0,2.591710510E0,8.045086084E0
3.499617771E1,2.898273010E0,-7.186854858E0,2.530487823E0,8.151946873E0
3.500611671E1,2.897075500E0,-7.370223541E0,2.548300781E0,8.319079178E0