"Time (s)","Acceleration x (m/s^2)","Acceleration y (m/s^2)","Acceleration z (m/s^2)","Absolute acceleration (m/s^2)"
5.286999978E-3,-1.601669312E0,-9.353000336E0,1.494641876E0,9.606139402E0
1.522599999E-2,-1.372645569E0,-9.246272278E0,1.888772278E0,9.536517583E0
2.516399999E-2,-1.541793823E0,-9.383237457E0,2.335443420E0,9.791658151E0
3.510299997E-2,-2.228565674E0,-9.736353149E0,2.582878876E0,1.031670204E1
4.504199998E-2,-3.938459930E0,-1.010368927E1,1.607806549E0,1.096271159E1
5.498099999E-2,-5.377866669E0,-1.012359787E1,2.862048340E-1,1.146693494E1
6.491999998E-2,-6.265520782E0,-9.831106110E0,-1.553768921E-1,1.165896822E1
7.485799998E-2,-6.948849792E0,-9.469009094E0,9.400451660E-2,1.174553036E1
8.479699999E-2,-7.522157593E0,-9.245074768E0,5.243595886E-1,1.193018086E1
9.473600000E-2,-7.979306946E0,-9.081315308E0,8.937913513E-1,1.212181876E1
1.046750000E-1,-8.117469635E0,-8.923693085E0,1.490450592E0,1.215512462E1
1.146140000E-1,-7.841892700E0,-8.936716003E0,2.428250427E0,1.213493198E1
1.245520000E-1,-6.905290375E0,-9.336983643E0,3.194506989E0,1.204438349E1
1.344910000E-1,-5.852080536E0,-1.007569748E1,3.619024200E0,1.220097793E1
1.444300000E-1,-5.197192383E0,-1.108055786E1,3.387455750E0,1.269899317E1
1.543690000E-1,-5.264402618E0,-1.206805435E1,2.767145691E0,1.345395726E1
1.643080000E-1,-5.720803528E0,-1.274195297E1,2.888543243E0,1.426284125E1
1.742470000E-1,-5.934858398E0,-1.275288025E1,3.718716888E0,1.454947951E1
1.841850000E-1,-6.020031281E0,-1.190698929E1,4.035607910E0,1.393927192E1
1.941240000E-1,-6.108647003E0,-1.083297272E1,1.769320679E0,1.256182159E1
2.040630000E-1,-5.875881042E0,-9.836644592E0,-4.466711426E-1,1.146669394E1
2.140020000E-1,-5.552104340E0,-9.303902435E0,5.619314575E-1,1.084915804E1
2.239410000E-1,-4.800666962E0,-9.556127930E0,2.872825928E0,1.107335148E1
2.338790000E-1,-3.610941010E0,-1.018257523E1,2.598296814E0,1.111192510E1
2.438180000E-1,-2.703378296E0,-1.083551743E1,4.209246826E-1,1.117559259E1
2.537570000E-1,-2.065105591E0,-1.115824631E1,-1.825753326E0,1.149367204E1
2.636960000E-1,-2.010169830E0,-1.124042542E1,-3.376528473E0,1.190751405E1
2.736350000E-1,-2.496059418E0,-1.157198593E1,-3.996539154E0,1.249453866E1
2.835740000E-1,-3.313210144E0,-1.231833389E1,-3.683240662E0,1.327723515E1
2.935120000E-1,-3.991898804E0,-1.281230667E1,-2.932402039E0,1.373642748E1
3.034510000E-1,-4.372706909E0,-1.290571243E1,-2.062860260E0,1.378163167E1
3.133900000E-1,-4.443359985E0,-1.265513351E1,-1.057251434E0,1.345413070E1
3.233290000E-1,-4.393962708E0,-1.197689392E1,-1.197509766E-1,1.275802636E1
3.332680000E-1,-4.596790924E0,-1.102936432E1,9.503736877E-1,1.198668320E1
3.432060000E-1,-4.175866241E0,-1.025068359E1,1.060993652E0,1.111935612E1
3.531450000E-1,-3.777694244E0,-9.852960663E0,-1.981878662E-1,1.055419756E1
3.630847083E-1,-3.707340546E0,-9.625882874E0,-1.109792175E0,1.037466306E1
3.730237083E-1,-3.751798096E0,-9.510622559E0,-1.355880432E0,1.031340594E1
3.829627083E-1,-3.714076538E0,-9.216933289E0,-8.527766418E-1,9.973637841E0
3.929017083E-1,-3.695664825E0,-8.603658600E0,-3.752696228E-1,9.371323658E0
4.028397083E-1,-3.762875061E0,-8.066126404E0,1.636097717E-1,8.902156595E0
4.127787083E-1,-3.411106567E0,-7.697443085E0,5.233117676E-1,8.435646582E0
4.227177083E-1,-2.736609192E0,-7.329957275E0,2.742297363E-1,7.828953026E0
4.326567083E-1,-1.945055237E0,-7.085216217E0,-3.727249146E-2,7.347442954E0
4.425957083E-1,-1.369951172E0,-6.996899872E0,-2.273771667E-1,7.133377489E0
4.525337083E-1,-1.132544861E0,-7.030579834E0,-1.913021851E-1,7.123784611E0
4.624727083E-1,-1.115630035E0,-7.055577850E0,-1.766326904E-2,7.143257042E0
4.724117083E-1,-1.178050232E0,-7.040758667E0,1.094224548E-1,7.139471845E0
4.823507083E-1,-1.251996460E0,-7.029981079E0,-7.259902954E-2,7.140966302E0
4.922897083E-1,-1.091829529E0,-7.059619446E0,-3.109034729E-1,7.150313239E0
5.022277083E-1,-5.712121582E-1,-7.093898163E0,-3.254232788E-1,7.124294687E0
5.121667083E-1,2.415975952E-1,-7.118447113E0,-2.237846375E-1,7.126060501E0
5.221057083E-1,9.398954773E-1,-7.151827698E0,-1.041833496E-1,7.214076316E0
5.320447083E-1,1.445094910E0,-7.176825714E0,1.821711731E-1,7.323135460E0
5.419837083E-1,1.850751343E0,-7.220085754E0,7.499404907E-1,7.491150083E0
5.519227083E-1,1.953587494E0,-7.281757507E0,1.536554718E0,7.694250899E0
5.618607083E-1,1.303339691E0,-7.235803070E0,2.211950226E0,7.677777297E0
5.717997083E-1,4.340972900E-2,-7.041207733E0,2.539469147E0,7.485278505E0
5.817387083E-1,-1.309177551E0,-6.872209167E0,2.978506165E0,7.603466556E0
5.916777083E-1,-2.591261444E0,-6.927294617E0,3.370540924E0,8.127889806E0
6.016167083E-1,-3.931125183E0,-7.165299683E0,3.448229370E0,8.870487615E0
6.115547083E-1,-5.605393524E0,-7.391329651E0,3.450474701E0,9.897371683E0
6.214937083E-1,-7.414531403E0,-7.588619385E0,3.998634796E0,1.133805540E1
6.314327083E-1,-8.902586975E0,-7.884853363E0,4.939578094E0,1.287735995E1
6.413717083E-1,-9.779912567E0,-8.075856171E0,5.458698578E0,1.380809664E1
6.513107083E-1,-1.082009949E1,-8.179740143E0,6.021528168E0,1.484053581E1
6.612497083E-1,-1.216190918E1,-8.333320770E0,6.674769745E0,1.618359729E1
6.711877083E-1,-1.363095428E1,-8.685837708E0,6.820716248E0,1.754334237E1
6.811267083E-1,-1.426668228E1,-8.981023865E0,5.267546082E0,1.766193802E1
6.910657083E-1,-1.369576950E1,-8.866212616E0,2.691403198E0,1.653564270E1
7.010047083E-1,-1.202030365E1,-8.231532440E0,6.798861694E-1,1.458451478E1
7.109437083E-1,-9.579329681E0,-7.290439453E0,2.022294617E-1,1.203972430E1
7.208817083E-1,-8.126600647E0,-6.531667328E0,7.979905701E-1,1.045662972E1
7.308207083E-1,-7.676187286E0,-6.443949738E0,1.369352417E0,1.011550619E1
7.407597083E-1,-7.241640930E0,-7.567363586E0,1.734293518E0,1.061669106E1
7.506987083E-1,-6.454877014E0,-9.400002594E0,1.591789856E0,1.151343915E1
7.606377083E-1,-5.124144287E0,-1.095901062E1,9.044192505E-1,1.213155978E1
7.705767083E-1,-3.363804932E0,-1.140208923E1,8.707392883E-1,1.191977388E1
7.805147083E-1,-1.560953979E0,-1.042566971E1,2.712359619E-1,1.054536558E1
7.904537083E-1,-1.582209778E-1,-9.197324066E0,3.598516846E-1,9.205720889E0
8.003927083E-1,7.484436035E-2,-8.852890320E0,1.435514832E-1,8.854370431E0
8.103317083E-1,-2.406994629E-1,-9.775122528E0,2.878514099E-1,9.782321560E0
8.202707083E-1,-5.686674500E-1,-1.113115265E1,1.105151825E0,1.120032600E1
8.302087083E-1,-1.310225372E0,-1.193707672E1,1.077309723E0,1.205699330E1
8.401477083E-1,-1.900148621E0,-1.162722107E1,5.688171387E-2,1.178159879E1
8.500867083E-1,-2.090253296E0,-1.045650558E1,-8.970845032E-1,1.070104801E1
8.600257083E-1,-2.147883453E0,-9.331744537E0,-1.165027313E0,9.646354134E0
8.699647083E-1,-2.073488159E0,-8.495134277E0,-1.128203888E0,8.817000825E0
8.799037083E-1,-1.940414886E0,-7.962691498E0,-1.151106262E0,8.276153179E0
8.898417083E-1,-1.848805389E0,-7.786208496E0,-1.369801483E0,8.119081242E0
8.997807083E-1,-1.929038544E0,-7.989485779E0,-1.686393127E0,8.390291681E0
9.097197083E-1,-2.098336487E0,-8.422235870E0,-2.119891663E0,8.934820296E0
9.196587083E-1,-2.378703461E0,-8.961564331E0,-2.433639221E0,9.585951454E0
9.295977083E-1,-2.937192078E0,-9.455387421E0,-2.545007629E0,1.022294050E1
9.395367083E-1,-3.585344238E0,-9.714049530E0,-2.446213074E0,1.063961512E1
9.494747083E-1,-4.021088104E0,-9.711504822E0,-2.216291199E0,1.074217958E1
9.594137083E-1,-4.187092896E0,-9.455836487E0,-1.785936127E0,1.049448228E1
9.693527083E-1,-4.446503448E0,-8.829089813E0,-1.285826111E-1,9.886392332E0
9.792917083E-1,-4.692891083E0,-8.283474426E0,1.230291595E0,9.599624612E0
9.892307083E-1,-4.626279602E0,-8.318052521E0,9.258247375E-1,9.562929056E0
9.991687083E-1,-4.454137573E0,-8.588989105E0,4.128414917E-1,9.684033946E0
1.009107708E0,-4.185146942E0,-8.817114716E0,7.708969116E-2,9.760272007E0
1.019046708E0,-3.839066620E0,-8.990304565E0,-2.559677124E-2,9.775718075E0
1.028985708E0,-3.465892639E0,-9.027277679E0,9.610015869E-2,9.670232124E0
1.038924708E0,-3.088527374E0,-8.934919739E0,2.794688416E-1,9.457795457E0
1.048863708E0,-2.716550903E0,-8.758287048E0,5.180726624E-1,9.184532656E0
1.058801708E0,-2.489024048E0,-8.538843384E0,6.580316162E-1,8.918525251E0
1.068740708E0,-2.502645721E0,-8.350984039E0,5.077441406E-1,8.732695697E0
1.078679708E0,-2.661465454E0,-8.168513489E0,2.139051819E-1,8.593821409E0
1.088618708E0,-2.755320282E0,-8.104596405E0,4.445755005E-2,8.560271562E0
1.098557708E0,-2.683769073E0,-8.180338898E0,2.245330811E-2,8.609359156E0
1.108495708E0,-2.451452179E0,-8.588839417E0,1.441502380E-1,8.933003952E0
1.118434708E0,-2.437082062E0,-9.265282745E0,3.571572876E-1,9.587095215E0
1.128373708E0,-2.828069000E0,-9.780960388E0,6.457571411E-1,1.020206659E1
1.138312708E0,-3.532055054E0,-9.960736542E0,9.624984741E-1,1.061216701E1
1.148251708E0,-3.889960785E0,-9.908195801E0,1.194366302E0,1.071123941E1
1.158190708E0,-3.850892029E0,-9.448352051E0,9.782157898E-1,1.024976254E1
1.168128708E0,-3.939208374E0,-9.055568848E0,3.773652649E-1,9.882463980E0
1.178067708E0,-4.019740906E0,-8.716074829E0,-3.100053406E-1,9.603352575E0
1.188006708E0,-3.948489075E0,-8.557554474E0,-9.574090576E-1,9.473063741E0
1.197945708E0,-4.015699310E0,-8.786877594E0,-1.034798126E0,9.716268109E0
1.207884708E0,-4.120481415E0,-9.108408966E0,-7.072792053E-1,1.002206191E1
1.217823708E0,-4.111051025E0,-9.250613251E0,-5.131329346E-1,1.013597018E1
1.227761708E0,-4.018094330E0,-9.079069977E0,-4.550537109E-1,9.938896698E0
1.237700708E0,-3.982169037E0,-8.745862885E0,-4.331991577E-1,9.619534778E0
1.247639708E0,-4.199666748E0,-8.539142761E0,-5.590873718E-1,9.532404659E0
1.257578708E0,-4.687651978E0,-8.536448364E0,-7.846682739E-1,9.770401017E0
1.267517708E0,-5.287454681E0,-8.647218018E0,-1.024020538E0,1.018725549E1
1.277455708E0,-5.684279480E0,-8.794212341E0,-1.209335175E0,1.054095325E1
1.287394708E0,-6.069578247E0,-8.911119232E0,-1.206491089E0,1.084912194E1
1.297333708E0,-6.442153473E0,-8.964109039E0,-1.041534119E0,1.108789365E1
1.307272708E0,-6.698570251E0,-8.878936157E0,-7.843688965E-1,1.114995898E1
1.317211708E0,-6.762487335E0,-8.772956543E0,-4.411326599E-1,1.108560325E1
1.327150708E0,-6.468648376E0,-8.872050476E0,-3.532653809E-2,1.097988795E1
1.337088708E0,-5.846691742E0,-9.248667297E0,4.020639038E-1,1.094912355E1
1.347027708E0,-5.039869537E0,-9.649683380E0,9.017248535E-1,1.092381719E1
1.356966333E0,-4.269721069E0,-1.009156448E1,1.475631409E0,1.105656727E1
1.366905333E0,-3.787274323E0,-1.066666855E1,2.059567108E0,1.150491553E1
1.376844333E0,-3.713477783E0,-1.136107452E1,2.354304199E0,1.218222803E1
1.386783333E0,-4.171375580E0,-1.199395844E1,2.185455322E0,1.288532608E1
1.396721333E0,-4.864284668E0,-1.239901611E1,1.877695312E0,1.345074740E1
1.406660333E0,-5.695655823E0,-1.239602234E1,1.885179749E0,1.377155648E1
1.416599333E0,-6.735094299E0,-1.194980026E1,1.923200684E0,1.385127873E1
1.426538333E0,-7.680528259E0,-1.134625534E1,1.983674927E0,1.384424035E1
1.436477333E0,-8.313112793E0,-1.061607376E1,2.323318634E0,1.368234906E1
1.446415333E0,-8.329428864E0,-9.621242523E0,2.040257263E0,1.288838014E1
1.456354333E0,-7.822582855E0,-8.621022491E0,1.791474609E0,1.177812432E1
1.466293333E0,-7.213349762E0,-8.231682129E0,3.143313446E0,1.138742398E1
1.476232333E0,-6.102210388E0,-8.452323303E0,4.667294312E0,1.142201283E1
1.486171333E0,-4.451293488E0,-8.900191956E0,3.780538330E0,1.064518204E1
1.496110333E0,-2.965932312E0,-9.608818359E0,8.608598328E-1,1.009292943E1
1.506048333E0,-2.109413452E0,-1.028062134E1,-2.432591400E0,1.077303584E1
1.515987333E0,-2.072440338E0,-1.072474777E1,-4.303700409E0,1.174040293E1
1.525926333E0,-2.449805603E0,-1.105121887E1,-4.248465271E0,1.209051046E1
1.535865333E0,-2.939886475E0,-1.161464722E1,-2.586172028E0,1.225688575E1
1.545804333E0,-3.745361481E0,-1.209559708E1,-7.140151978E-1,1.268231126E1
1.555743333E0,-4.249213715E0,-1.209095673E1,2.775228882E-1,1.281889507E1
1.565681333E0,-4.404291229E0,-1.190399551E1,2.951861572E-1,1.269606338E1
1.575620333E0,-4.017794952E0,-1.174293045E1,-6.480024719E-1,1.242815349E1
1.585559333E0,-3.497626648E0,-1.183947968E1,-1.895358582E0,1.248995818E1
1.595498333E0,-3.207829285E0,-1.199201248E1,-2.578088837E0,1.267852807E1
1.605437333E0,-3.001258850E0,-1.193288544E1,-2.374961243E0,1.253163000E1
1.615375333E0,-2.944227448E0,-1.155671768E1,-1.438358917E0,1.201228851E1
1.625314333E0,-2.807711334E0,-1.089180038E1,-8.328680420E-1,1.127866250E1
1.635253333E0,-2.563868408E0,-9.960287476E0,-9.824070740E-1,1.033178936E1
1.645192333E0,-2.246228943E0,-8.985215149E0,-1.373693390E0,9.363048076E0
1.655131333E0,-1.907034302E0,-8.170309753E0,-1.506616974E0,8.524120834E0
1.665070333E0,-1.829794922E0,-7.716752930E0,-7.997868347E-1,7.970952529E0
1.675008333E0,-1.625320129E0,-7.558681641E0,2.525248718E-1,7.735573830E0
1.684947333E0,-1.169667664E0,-7.558232574E0,4.032614136E-1,7.658826402E0
1.694886333E0,-9.033714294E-1,-7.604187012E0,4.700225830E-2,7.657803162E0
1.704825333E0,-9.925859070E-1,-7.644453278E0,2.068698120E-1,7.711399861E0
1.714764333E0,-1.106499023E0,-7.604037323E0,4.146377563E-1,7.695300395E0
1.724703333E0,-1.068328400E0,-7.478897552E0,4.734654236E-1,7.569636958E0
1.734641333E0,-9.171427917E-1,-7.368876343E0,3.314108276E-1,7.433123340E0
1.744580333E0,-3.915856934E-1,-7.349716187E0,1.707948303E-1,7.362121858E0
1.754519333E0,5.921685791E-1,-7.357949066E0,1.101708984E-1,7.382561596E0
1.764458333E0,1.748364258E0,-7.182813263E0,3.773652649E-1,7.402161069E0
1.774397333E0,2.571951599E0,-6.948849792E0,5.493576050E-1,7.429888441E0
1.784336333E0,3.025957489E0,-6.754553833E0,8.393046570E-1,7.448815242E0
1.794274333E0,3.159030762E0,-6.583309937E0,1.202150116E0,7.400311478E0
1.804213333E0,2.967279510E0,-6.433471527E0,1.603764954E0,7.264046091E0
1.814152333E0,2.098635864E0,-6.175108795E0,2.111958160E0,6.855407238E0
1.824091333E0,2.564167786E-1,-5.923332367E0,2.579585724E0,6.465746546E0
1.834030333E0,-2.308948517E0,-5.982609100E0,3.139870605E0,7.140143018E0
1.843968333E0,-5.022206268E0,-6.399043121E0,3.814367981E0,8.984414937E0
1.853907333E0,-7.584128723E0,-6.944209442E0,4.664899292E0,1.129169335E1
1.863846333E0,-9.455237732E0,-7.746091919E0,5.248834991E0,1.330239562E1
1.873785333E0,-1.080108902E1,-8.419840851E0,5.416486359E0,1.472737480E1
1.883724333E0,-1.182436111E1,-8.730295258E0,4.876409454E0,1.548589488E1
1.893663333E0,-1.263402740E1,-8.647517395E0,3.827390900E0,1.578122703E1
1.903601333E0,-1.367062180E1,-8.368796997E0,4.051325226E0,1.653287330E1
1.913540333E0,-1.483654724E1,-8.010741577E0,4.716990967E0,1.750842992E1
1.923479333E0,-1.527723083E1,-7.519463196E0,4.086801453E0,1.751108377E1
1.933418333E0,-1.469583984E1,-6.615193634E0,2.757565613E0,1.635031081E1
1.943357333E0,-1.258208542E1,-5.645959167E0,1.968556366E0,1.393057582E1
1.953296333E0,-9.507030029E0,-5.538782043E0,1.076561279E0,1.105534761E1
1.963234333E0,-6.938371582E0,-6.942113800E0,-4.984634399E-1,9.827635017E0
1.973173333E0,-4.524042206E0,-9.738748169E0,-9.452842712E-1,1.077978368E1
1.983112333E0,-2.513872375E0,-1.266636017E1,7.141648865E-1,1.293314601E1
1.993051333E0,-1.252146149E0,-1.412522644E1,1.763033752E0,1.428979286E1
2.002990333E0,-5.173242188E-1,-1.491513382E1,3.795806580E0,1.539925286E1
2.012928333E0,-1.521885223E0,-1.538440796E1,3.719016266E0,1.590054165E1
2.022867333E0,-3.037633209E0,-1.399858978E1,-1.416055298E0,1.439419828E1
2.032806333E0,-2.917283478E0,-1.150253036E1,-4.408033447E0,1.265896941E1
2.042745333E0,-1.874102783E0,-9.524992676E0,-3.248993683E0,1.023687973E1
2.052684333E0,-3.960763550E-1,-8.204139404E0,-4.385879517E-1,8.225395993E0
2.062623333E0,1.793121185E0,-7.247778168E0,2.606230316E0,7.908097648E0
2.072561333E0,1.619033203E0,-7.108118591E0,1.678309937E0,7.480865101E0
2.082500333E0,-5.114863586E-1,-7.653434601E0,-1.512604523E0,7.818225625E0
2.092439333E0,-1.673220520E0,-8.226742401E0,-2.949765930E0,8.898318745E0
2.102378333E0,-2.133213959E0,-8.921298065E0,-3.645818481E0,9.870772683E0
2.112317333E0,-2.438279572E0,-9.601333923E0,-3.946992188E0,1.066346884E1
2.122256333E0,-3.068020020E0,-9.535171509E0,-3.530558167E0,1.062059714E1
2.132194333E0,-3.728596344E0,-1.019499939E1,-3.814667358E0,1.150617792E1
2.142133333E0,-3.909420319E0,-1.029499146E1,-3.533551941E0,1.156531044E1
2.152072333E0,-3.857777710E0,-9.882898407E0,-3.169808350E0,1.107257038E1
2.162011333E0,-3.713178406E0,-9.370064850E0,-2.779420166E0,1.045518941E1
2.171950333E0,-3.712429962E0,-8.982670441E0,-2.243983612E0,9.975267762E0
2.181889333E0,-3.826642456E0,-8.633746033E0,-5.463638306E-1,9.459560057E0
2.191827333E0,-4.082610168E0,-8.232580261E0,5.473368073E0,1.069583291E1
2.201766333E0,-3.799099731E0,-8.783584442E0,4.117787018E0,1.041828606E1
2.211705333E0,-3.393143921E0,-9.438622284E0,1.387913818E0,1.012557757E1
2.221644333E0,-2.978206787E0,-9.696685638E0,5.394781494E-1,1.015807387E1
2.231583333E0,-2.853815460E0,-9.629625092E0,4.912783813E-1,1.005561020E1
2.241522333E0,-2.507286072E0,-9.217082977E0,5.725593567E-1,9.569165391E0
2.251460333E0,-2.175575867E0,-8.673563232E0,4.540058899E-1,8.953767411E0
2.261399333E0,-2.116897888E0,-8.272547150E0,4.400848389E-2,8.539217163E0
2.271338333E0,-2.181713104E0,-8.018525391E0,-4.544549561E-1,8.322448607E0
2.281277333E0,-2.394720154E0,-7.986042938E0,-8.794212341E-1,8.383611879E0
2.291216333E0,-2.757864990E0,-8.229885864E0,-1.163979492E0,8.757379111E0
2.301154333E0,-3.136427765E0,-8.509354706E0,-1.149160309E0,9.141491456E0
2.311093333E0,-3.424129486E0,-8.570278015E0,-9.175918579E-1,9.274497443E0
2.321032333E0,-3.629352722E0,-8.492290192E0,-6.728507996E-1,9.259801406E0
2.330971333E0,-3.758384399E0,-8.434061279E0,-5.066963196E-1,9.247463659E0
2.340910333E0,-3.808380432E0,-8.412057037E0,-4.331991577E-1,9.244140124E0
2.350849333E0,-3.902235260E0,-8.458460541E0,-4.625381470E-1,9.326678738E0
2.360787708E0,-3.847898254E0,-8.458011475E0,-6.301895142E-1,9.313507283E0
2.370726708E0,-3.563938751E0,-8.419242096E0,-5.559439087E-1,9.159387017E0
2.380665708E0,-3.173550568E0,-8.416248322E0,-1.972897339E-1,8.996865135E0
2.390604708E0,-2.794987793E0,-8.463100891E0,2.915936279E-1,8.917458175E0
2.400543708E0,-2.512674866E0,-8.556656342E0,8.502319336E-1,8.958392549E0
2.410482708E0,-2.221679993E0,-8.632099457E0,1.367107086E0,9.017648519E0
2.420420708E0,-2.096091156E0,-8.756041718E0,1.492396545E0,9.126286876E0
2.430359708E0,-2.375110931E0,-9.032816162E0,1.065634003E0,9.400451882E0
2.440298708E0,-2.900668030E0,-9.270072784E0,2.591111755E-1,9.716751672E0
2.450237708E0,-3.472778320E0,-9.545649719E0,-5.801934814E-1,1.017429321E1
2.460176708E0,-4.164340210E0,-9.823322296E0,-1.382824402E0,1.075879146E1
2.470115708E0,-5.143005066E0,-1.001971390E1,-1.764231262E0,1.139989823E1
2.480053708E0,-6.032006378E0,-1.005818390E1,-1.489702148E0,1.182249452E1
2.489992708E0,-6.652316437E0,-9.908644867E0,-6.042933655E-1,1.194988400E1
2.499931708E0,-7.062164154E0,-9.707762604E0,4.453239441E-1,1.201304003E1
2.509870708E0,-6.960525513E0,-9.525441742E0,1.247505798E0,1.186335646E1
2.519809708E0,-6.297853546E0,-9.498348083E0,1.972897339E0,1.156606673E1
2.529748708E0,-5.467380524E0,-9.692644043E0,2.693798218E0,1.144972258E1
2.539686708E0,-4.688250732E0,-1.027298721E1,4.119732971E0,1.202023964E1
2.549625708E0,-4.147275696E0,-1.124326950E1,5.534291382E0,1.319997674E1
2.559564708E0,-4.456981659E0,-1.229827560E1,5.602100372E0,1.423010179E1
2.569503708E0,-5.344037018E0,-1.291155029E1,5.193599854E0,1.490772760E1
2.579442708E0,-6.537505188E0,-1.252729935E1,3.782783661E0,1.462811181E1
2.589381708E0,-7.385042725E0,-1.123518631E1,1.608405304E0,1.354087276E1
2.599319708E0,-7.627837830E0,-9.785301361E0,1.228944397E-1,1.240770469E1
2.609258708E0,-7.984546051E0,-8.851543121E0,-3.962260437E-1,1.192727070E1
2.619197708E0,-8.498577118E0,-8.568930817E0,-2.038760376E-1,1.207037505E1
2.629136708E0,-8.902736664E0,-8.617280273E0,5.080435181E-1,1.240057852E1
2.639075708E0,-8.652008057E0,-8.825497284E0,5.854325867E-1,1.237292920E1
2.649013708E0,-7.843090210E0,-9.198072510E0,-2.489323425E-1,1.209051567E1
2.658952708E0,-6.971752167E0,-9.807904358E0,-1.127156067E0,1.208597522E1
2.668891708E0,-5.874384155E0,-1.058224411E1,-1.468745728E0,1.219218986E1
2.678830708E0,-4.834047546E0,-1.150372787E1,-1.392404480E0,1.255557888E1
2.688769708E0,-4.031566315E0,-1.238868759E1,-1.380130005E0,1.310106355E1
2.698708708E0,-3.280578003E0,-1.301169205E1,-1.228944397E0,1.347503715E1
2.708647708E0,-2.637066193E0,-1.332499054E1,-5.890251160E-1,1.359619217E1
2.718585708E0,-2.479743347E0,-1.333367249E1,3.519181824E-1,1.356686388E1
2.728524708E0,-2.929408264E0,-1.304282730E1,5.595364380E-1,1.337945656E1
2.738463708E0,-3.193608856E0,-1.261681320E1,-9.789642334E-2,1.301509495E1
2.748402708E0,-3.293900299E0,-1.205293579E1,-7.481442261E-1,1.251729844E1
2.758341708E0,-3.130140839E0,-1.139250916E1,-9.077124023E-1,1.184951427E1
2.768280708E0,-2.860701141E0,-1.062011536E1,-1.215622101E0,1.106563140E1
2.778218708E0,-2.592458954E0,-1.003602997E1,-1.402583313E0,1.045992260E1
2.788157708E0,-2.565814362E0,-9.601633301E0,-1.321152649E0,1.002597675E1
2.798096708E0,-2.496658173E0,-9.098230133E0,-9.580078125E-1,9.483083494E0
2.808035708E0,-2.186203766E0,-8.540040894E0,-6.559359741E-1,8.839798492E0
2.817974708E0,-1.920805664E0,-8.014184418E0,-6.146218872E-1,8.264042978E0
2.827912708E0,-1.747915192E0,-7.674241333E0,-5.968089294E-1,7.893374972E0
2.837851708E0,-1.736389160E0,-7.434889069E0,-6.231541443E-1,7.660348808E0
2.847790708E0,-1.611249390E0,-7.383545837E0,-3.770658875E-1,7.566706841E0
2.857729708E0,-1.387315063E0,-7.410340118E0,-3.951782227E-2,7.539187318E0
2.867668708E0,-1.149309998E0,-7.369175720E0,1.112187195E-1,7.459090687E0
2.877607708E0,-9.918374634E-1,-7.353757782E0,-2.589614868E-2,7.420388513E0
2.887545708E0,-9.743238831E-1,-7.383994904E0,-2.421963501E-1,7.451935778E0
2.897484708E0,-1.059197388E0,-7.347021790E0,-4.538562012E-1,7.436841650E0
2.907423708E0,-9.608518982E-1,-7.214996338E0,-5.231620789E-1,7.297472651E0
2.917362708E0,-5.486091614E-1,-6.997049561E0,-4.589456177E-1,7.033513037E0
2.927301708E0,-1.392105103E-2,-6.737489319E0,-4.382885742E-1,6.751744441E0
2.937240708E0,5.689668274E-1,-6.518045654E0,-4.846920776E-1,6.560759774E0
2.947178708E0,1.046324158E0,-6.300547943E0,-4.767585754E-1,6.404607511E0
2.957117708E0,1.563798065E0,-6.114784241E0,-2.041754150E-1,6.314882287E0
2.967056708E0,2.036664734E0,-6.042933655E0,4.447251892E-1,6.392404156E0
2.976995708E0,2.061662750E0,-6.155649261E0,1.206491089E0,6.602885117E0
2.986934708E0,1.526974640E0,-6.233637085E0,2.111509094E0,6.756356526E0
2.996873708E0,2.805166626E-1,-6.154302063E0,3.046015778E0,6.872578526E0
3.006811708E0,-1.202150116E0,-6.247707825E0,3.625760193E0,7.322919837E0
3.016750708E0,-3.142265625E0,-6.709796906E0,4.228856049E0,8.531027561E0
3.026689708E0,-5.730533295E0,-7.342381439E0,4.939877472E0,1.054286330E1
3.036628708E0,-8.488697662E0,-8.114176483E0,6.309978333E0,1.333092925E1
3.046567708E0,-1.116288666E1,-8.876840515E0,7.788004761E0,1.624996475E1
3.056506708E0,-1.270288422E1,-9.522148590E0,7.341483307E0,1.749091073E1
3.066444708E0,-1.358425140E1,-9.870174866E0,6.632856903E0,1.805400312E1
3.076383708E0,-1.453866669E1,-9.523495789E0,6.723418579E0,1.863529336E1
3.086322708E0,-1.497515900E1,-8.530909882E0,5.901178436E0,1.821690746E1
3.096261708E0,-1.437370972E1,-7.494764557E0,3.337160339E0,1.655027691E1
3.106200708E0,-1.333966003E1,-6.526727600E0,3.739224243E-1,1.485545425E1
3.116139708E0,-1.205009171E1,-5.503754883E0,-1.441951447E0,1.332573645E1
3.126077708E0,-1.049093399E1,-4.630620575E0,-7.179071045E-1,1.148989702E1
3.136016708E0,-9.245374146E0,-5.338797913E0,-4.505630493E-2,1.067622294E1
3.145955708E0,-8.313262482E0,-7.846083984E0,-1.450184326E0,1.152277751E1
3.155894708E0,-7.252717896E0,-1.056697586E1,-2.434836731E0,1.304573975E1
3.165833708E0,-6.008804626E0,-1.265273849E1,-1.296004944E0,1.406688143E1
3.175772708E0,-4.681365051E0,-1.436008804E1,4.631518707E0,1.579804649E1
3.185710708E0,-4.436923370E0,-1.611294296E1,9.357191620E0,1.915385744E1
3.195649708E0,-3.887865143E0,-1.699011887E1,4.542004852E0,1.801136981E1
3.205588708E0,-2.051184540E0,-1.449211349E1,-2.390379181E0,1.483046271E1
3.215527708E0,-9.024732971E-1,-1.121093674E1,-4.653522949E0,1.217188713E1
3.225466708E0,-2.221380615E-1,-9.502090302E0,-3.009940796E0,9.969895135E0
3.235405708E0,2.604583740E-1,-8.383915558E0,-1.409468994E0,8.505555919E0
3.245343708E0,7.635621643E-1,-7.534132690E0,-9.406439209E-1,7.630923506E0
3.255282708E0,1.239123230E0,-6.947053528E0,-1.203048248E0,7.158512708E0
3.265221708E0,1.540895691E0,-6.684050446E0,-2.019300842E0,7.150417175E0
3.275160708E0,1.870360565E0,-6.885980530E0,-3.243305511E0,7.837984890E0
3.285099708E0,1.710043945E0,-7.604636078E0,-3.992048492E0,8.757350703E0
3.295038708E0,9.047186279E-1,-8.761580200E0,-4.063450012E0,9.700279862E0
3.304976708E0,9.355545044E-2,-9.780810699E0,-4.062851257E0,1.059149522E1
3.314915708E0,-6.387217712E-1,-1.023002655E1,-3.741918640E0,1.091161600E1
3.324854708E0,-8.201445007E-1,-9.948162689E0,-3.586392059E0,1.060663877E1
3.334793708E0,-4.830455017E-1,-9.409133606E0,-3.742068329E0,1.013746534E1
3.344732708E0,-2.192939758E-1,-9.002129974E0,-3.859424286E0,9.797019432E0
3.354671708E0,-3.863465881E-1,-8.879235535E0,-3.669020233E0,9.615185741E0
3.364609958E0,-9.473799133E-1,-9.095236359E0,-3.338956604E0,9.734961958E0
3.374548958E0,-1.578317871E0,-9.397158508E0,-3.000809784E0,9.990121856E0
3.384487958E0,-2.092498627E0,-9.573641510E0,-2.470013580E0,1.010614315E1
3.394426958E0,-2.561174011E0,-9.669591980E0,-1.862726440E0,1.017498753E1
3.404365958E0,-3.303181000E0,-9.735005951E0,9.080117798E-1,1.032016623E1
3.414304958E0,-5.138065338E0,-9.468560028E0,9.390272827E0,1.429092608E1
3.424242958E0,-5.285957794E0,-9.223818970E0,5.162763977E0,1.181838898E1
3.434181958E0,-5.021158447E0,-9.175319824E0,1.587598572E0,1.057917744E1
3.444120958E0,-4.411625977E0,-9.014404449E0,1.930984497E-1,1.003788914E1
3.454059958E0,-3.697461090E0,-8.641529846E0,3.278182983E-1,9.405037024E0
3.463998958E0,-3.278482361E0,-8.363108826E0,5.487588501E-1,8.999509548E0
3.473937958E0,-3.462749176E0,-8.231981506E0,9.804611206E-2,8.931168144E0
3.483875958E0,-4.087400208E0,-8.092022552E0,8.681945801E-2,9.066157238E0
3.493814958E0,-4.711153107E0,-7.932753754E0,2.436932373E-1,9.229460012E0
3.503753958E0,-5.066813507E0,-7.932005310E0,5.658233643E-2,9.412359370E0
3.513692958E0,-5.077142029E0,-8.126151581E0,-4.409829712E-1,9.591985023E0
3.523631958E0,-5.164111176E0,-8.226742401E0,-5.258564758E-1,9.727479622E0
3.533570958E0,-5.246589661E0,-8.176896057E0,1.197509766E-3,9.715365852E0
3.543508958E0,-4.927004242E0,-8.352780304E0,3.112028503E-1,9.702636591E0
3.553447958E0,-4.562362518E0,-8.724457397E0,1.877096558E-1,9.847159161E0
3.563386958E0,-4.257446594E0,-9.049581299E0,-1.333726501E-1,1.000192789E1
3.573325958E0,-3.889960785E0,-9.383686523E0,-3.474275208E-1,1.016395954E1
3.583264958E0,-3.585044861E0,-9.629924469E0,-1.899549866E-1,1.027735739E1
3.593203958E0,-3.292702789E0,-9.656569061E0,2.642005920E-1,1.020593061E1
3.603141958E0,-3.121458893E0,-9.475894775E0,8.822653198E-1,1.001571163E1
3.613080958E0,-3.196752319E0,-9.321715393E0,1.333427124E0,9.944427141E0
3.623019958E0,-3.645519104E0,-9.395511932E0,1.118025055E0,1.013979458E1
3.632958958E0,-4.140390015E0,-9.586215363E0,6.471043396E-1,1.046217465E1
3.642897958E0,-4.531526642E0,-9.695637817E0,3.802093506E-1,1.070909359E1
3.652836958E0,-5.103786621E0,-9.714049530E0,1.523831177E-1,1.097427067E1
3.662774958E0,-5.875132599E0,-9.716743927E0,-2.260299683E-1,1.135708524E1
3.672713958E0,-6.596482544E0,-9.696835327E0,-4.806504822E-1,1.173768385E1
3.682652958E0,-7.169191589E0,-9.592202911E0,-2.151026917E-1,1.197722563E1
3.692591958E0,-7.484735413E0,-9.475894775E0,3.240760803E-1,1.207968838E1
3.702530958E0,-7.375163269E0,-9.544901276E0,6.358776855E-1,1.207901130E1
3.712469958E0,-6.954238586E0,-9.774523773E0,9.020242310E-1,1.202981284E1
3.722407958E0,-6.495742035E0,-1.010443771E1,1.129102020E0,1.206520607E1
3.732346958E0,-6.129453735E0,-1.049452652E1,1.670825500E0,1.226771975E1
3.742285958E0,-5.830525360E0,-1.077085190E1,2.919379120E0,1.259083202E1
3.752224958E0,-5.814209290E0,-1.096035782E1,4.080514526E0,1.306082203E1
3.762163958E0,-6.166576538E0,-1.109941864E1,4.323010254E0,1.341313453E1
3.772102958E0,-6.316265259E0,-1.087443649E1,3.884422302E0,1.316196461E1
3.782040958E0,-6.225553894E0,-1.028855484E1,2.915786591E0,1.237391181E1
3.791979958E0,-5.931265869E0,-9.623637543E0,1.978136444E0,1.147638175E1
3.801918958E0,-5.376818848E0,-9.243577881E0,1.653012543E0,1.082064524E1
3.811857958E0,-4.643044739E0,-9.412726135E0,1.839075623E0,1.065549046E1
3.821796958E0,-3.949836273E0,-1.009246262E1,1.820514221E0,1.098968973E1
3.831735958E0,-3.476221161E0,-1.089838669E1,8.729846191E-1,1.147262168E1
3.841674958E0,-3.423530731E0,-1.140598114E1,-1.097218323E0,1.195913276E1
3.851612958E0,-3.582051086E0,-1.147588577E1,-2.560126190E0,1.229151294E1
3.861551958E0,-3.518134003E0,-1.173709259E1,-2.803819427E0,1.256972604E1
3.871490958E0,-3.652105408E0,-1.250664230E1,-2.203567657E0,1.321399584E1
3.881429958E0,-4.089046783E0,-1.344354401E1,-1.140478363E0,1.409786757E1
3.891368958E0,-4.508923645E0,-1.413510590E1,-2.023791504E-1,1.483821312E1
3.901307958E0,-4.729564819E0,-1.421608749E1,1.178050232E-1,1.498265013E1
3.911245958E0,-4.922064514E0,-1.371463028E1,3.061134338E-1,1.457434418E1
3.921184958E0,-4.839885406E0,-1.263327896E1,6.560856628E-1,1.354454416E1
3.931123958E0,-4.608167267E0,-1.134610565E1,1.164129181E0,1.230140300E1
3.941062958E0,-4.071682892E0,-1.007599686E1,1.289568329E0,1.094382477E1
3.951001958E0,-3.394790497E0,-9.033414917E0,6.227050781E-1,9.670312776E0
3.960940958E0,-3.008743286E0,-8.453820190E0,-3.194357300E-1,8.978956017E0
3.970878958E0,-2.723885651E0,-8.349487152E0,-6.614744568E-1,8.807442148E0
3.980817958E0,-2.696941681E0,-8.412356415E0,-3.861968994E-1,8.842532608E0
3.990756958E0,-2.669997711E0,-8.417745209E0,-1.155596924E-1,8.831799150E0
4.000695958E0,-2.422861633E0,-8.366252289E0,-1.784289551E-1,8.711846690E0
4.010634958E0,-2.216141510E0,-8.328081665E0,-2.655477905E-1,8.621991826E0
4.020573958E0,-2.369422760E0,-8.208031311E0,-8.023315430E-2,8.543557782E0
4.030511958E0,-2.317331085E0,-8.051007843E0,2.227368164E-1,8.380833034E0
4.040450958E0,-2.057471466E0,-7.922125854E0,4.749623108E-1,8.198710636E0
4.050389958E0,-1.685195618E0,-7.788304138E0,5.161267090E-1,7.985233397E0
4.060328958E0,-1.067430267E0,-7.500303040E0,3.743714905E-1,7.585124064E0
4.070267958E0,-4.848417664E-1,-7.235803070E0,1.646575928E-3,7.252028704E0
4.080206958E0,-1.942959595E-1,-7.070097656E0,-3.838018799E-1,7.083172712E0
4.090144958E0,9.340576172E-2,-6.917714539E0,-6.014492798E-1,6.944439525E0
4.100083958E0,5.384303284E-1,-6.699169006E0,-7.490423584E-1,6.762383977E0
4.110022958E0,1.120120697E0,-6.439758453E0,-6.435118103E-1,6.568048931E0
4.119961958E0,1.688788147E0,-6.174659729E0,-3.430865479E-1,6.410626846E0
4.129900958E0,2.150727539E0,-5.941444702E0,1.182540894E-2,6.318744649E0
4.139839958E0,2.666255493E0,-5.688171387E0,3.927832031E-1,6.294322102E0
4.149777958E0,3.195554810E0,-5.434748383E0,9.047186279E-1,6.369189612E0
4.159716958E0,3.452121277E0,-5.301226044E0,1.579216003E0,6.520280827E0
4.169655958E0,2.987487488E0,-5.378764801E0,2.690205688E0,6.715161869E0
4.179594958E0,1.065783691E0,-5.500461731E0,3.902534637E0,6.827938981E0
4.189533958E0,-1.807640991E0,-5.719007263E0,5.264402618E0,7.980510319E0
4.199472958E0,-5.173092499E0,-6.366860046E0,7.325915680E0,1.099849232E1
4.209410958E0,-8.991801453E0,-7.556735687E0,9.739047546E0,1.525797479E1
4.219349958E0,-1.264315842E1,-9.107810211E0,1.073702225E1,1.892314214E1
4.229288958E0,-1.479673004E1,-1.037687119E1,9.844278717E0,2.057990522E1
4.239227958E0,-1.553574326E1,-1.079465240E1,9.104217682E0,2.099453783E1
4.249166958E0,-1.584095856E1,-1.032088760E1,8.915759583E0,2.090328821E1
4.259105958E0,-1.591924576E1,-9.320068817E0,8.728648682E0,2.040772834E1
4.269043958E0,-1.475167374E1,-8.111033020E0,6.295308838E0,1.797308121E1
4.278982958E0,-1.151675079E1,-6.499933319E0,2.915187836E0,1.354189802E1
4.288921958E0,-7.942782898E0,-5.076692963E0,1.857637024E-1,9.428420852E0
4.298860958E0,-6.085744629E0,-4.570296021E0,-1.207538910E0,7.705974541E0
4.308799958E0,-4.877307587E0,-5.373376007E0,-2.222877502E0,7.589629991E0
4.318738958E0,-4.055067444E0,-7.771239624E0,-3.037034454E0,9.276816024E0
4.328677958E0,-2.832260284E0,-1.031490005E1,-3.045267334E0,1.112171365E1
4.338615958E0,-9.563612366E-1,-1.174547516E1,6.664141846E-1,1.180317421E1
4.348554958E0,-1.047821045E-2,-1.181328415E1,6.040838013E0,1.326821450E1
4.358493958E0,-2.280208282E0,-1.160656403E1,6.011948090E0,1.326857936E1
4.368432250E0,-5.633085938E0,-1.267040176E1,1.270108795E0,1.392422042E1
4.378371250E0,-7.672594757E0,-1.430889450E1,8.023315430E-2,1.623636688E1
4.388310250E0,-7.471263428E0,-1.452369781E1,4.757107544E-1,1.633964125E1
4.398248250E0,-4.211641846E0,-1.270602768E1,-1.692979431E0,1.349248849E1
4.408187250E0,-1.114731903E0,-1.013796799E1,-2.594105530E0,1.052380186E1
4.418126250E0,-3.382965088E-2,-7.934400330E0,-1.429976349E0,8.062300255E0
4.428065250E0,4.742138672E-1,-6.849905548E0,-1.895059204E-1,6.868915293E0
4.438004250E0,1.233584747E0,-6.439608765E0,9.566606140E-1,6.626121935E0
4.447943250E0,3.037184143E-1,-6.804100800E0,-5.545967102E-1,6.833418623E0
4.457881250E0,-1.096769257E0,-7.546257477E0,-2.513872375E0,8.029225307E0
4.467820250E0,-1.735341339E0,-8.427774353E0,-2.909499664E0,9.083170064E0
4.477759250E0,-2.328557739E0,-9.421408081E0,-3.204236755E0,1.022018809E1
4.487698250E0,-2.561323700E0,-1.012883698E1,-3.422183533E0,1.099386455E1
4.497637250E0,-2.616858215E0,-1.032328262E1,-3.267106018E0,1.113966305E1
4.507576250E0,-2.596051483E0,-9.928553467E0,-2.847528534E0,1.065007399E1
4.517514250E0,-2.672093353E0,-9.465416565E0,-2.514620819E0,1.015172456E1
4.527453250E0,-2.784359894E0,-9.242829437E0,-2.262994080E0,9.914822148E0
4.537392250E0,-2.951113129E0,-9.259145508E0,-1.909429321E0,9.903876239E0
4.547331250E0,-3.245700531E0,-9.356892242E0,-1.301693115E0,9.989014433E0
4.557270250E0,-3.557801514E0,-9.384285278E0,3.671415253E0,1.068653600E1
4.567209250E0,-3.463198242E0,-9.521849213E0,5.187312927E0,1.138277514E1
4.577148250E0,-3.235222321E0,-9.595496063E0,2.824626160E-1,1.013015268E1
4.587086250E0,-3.014581146E0,-9.541458435E0,-8.419990540E-1,1.004171753E1
4.597025250E0,-2.878963165E0,-9.248068542E0,-7.191046143E-1,9.712482284E0
4.606964250E0,-2.708916779E0,-8.862171021E0,-3.155438232E-1,9.272317575E0
4.616903250E0,-2.544408875E0,-8.620872803E0,2.128573608E-1,8.991038464E0
4.626842250E0,-2.684218140E0,-8.532855835E0,2.399510193E-1,8.948308902E0
4.636781250E0,-3.094963989E0,-8.537496185E0,-2.418969727E-1,9.084390863E0
4.646719250E0,-3.463647308E0,-8.494685211E0,-7.081773376E-1,9.200980636E0
4.656658250E0,-3.679797821E0,-8.355474701E0,-9.292675781E-1,9.177058772E0
4.666597250E0,-3.883374481E0,-8.237220612E0,-9.779164124E-1,9.159078626E0
4.676536250E0,-4.112398224E0,-8.274193726E0,-7.258406067E-1,9.268276299E0
4.686475250E0,-4.356390839E0,-8.235574036E0,2.065704346E-2,9.316826045E0
4.696414250E0,-4.738097076E0,-8.161777496E0,5.385800171E-1,9.452737394E0
4.706352250E0,-5.031636658E0,-8.223000183E0,5.366340637E-1,9.655209764E0
4.716291250E0,-4.908742218E0,-8.165819092E0,-1.451980591E-2,9.527673506E0
4.726230250E0,-4.556973724E0,-8.181386719E0,3.921844482E-2,9.364968567E0
4.736169250E0,-4.226461029E0,-8.443641357E0,8.970845032E-1,9.484872841E0
4.746108250E0,-3.854783936E0,-8.753946075E0,1.351689148E0,9.660123945E0
4.756047250E0,-3.488944702E0,-9.054670715E0,1.493444366E0,9.817849712E0
4.765985250E0,-3.161575470E0,-9.176966400E0,1.758543091E0,9.864316781E0
4.775924250E0,-3.190764771E0,-9.120084686E0,1.894161072E0,9.846053558E0
4.785863250E0,-3.634591827E0,-9.192384338E0,1.487307129E0,9.996112748E0
4.795802250E0,-4.220623169E0,-9.395511932E0,4.376898193E-1,1.030926170E1
4.805741250E0,-4.830904083E0,-9.613009644E0,-6.846762085E-1,1.078036967E1
4.815680250E0,-5.443130951E0,-9.732161865E0,-1.342857513E0,1.123146987E1
4.825619250E0,-6.072272644E0,-9.760003967E0,-1.510808258E0,1.159364973E1
4.835557250E0,-6.572232971E0,-9.713750153E0,-1.444196777E0,1.181680552E1
4.845496250E0,-6.842421112E0,-9.526190186E0,-1.331032104E0,1.180418030E1
4.855435250E0,-6.867269440E0,-9.211394806E0,-1.024020538E0,1.153506835E1
4.865374250E0,-6.537954254E0,-8.892707520E0,-3.936813354E-1,1.104445915E1
4.875313250E0,-5.913752289E0,-8.898395691E0,2.517764282E-1,1.068724957E1
4.885252250E0,-5.249134369E0,-9.191486206E0,9.484277344E-1,1.062715133E1
4.895190250E0,-4.678071899E0,-9.692344666E0,1.788331146E0,1.090981348E1
4.905129250E0,-4.320315857E0,-1.040261765E1,2.730172577E0,1.159022973E1
4.915068250E0,-4.187541962E0,-1.121018829E1,3.623365173E0,1.250330374E1
4.925007250E0,-4.217779083E0,-1.187031555E1,4.698429565E0,1.344504712E1
4.934946250E0,-4.433181152E0,-1.209335175E1,5.801934814E0,1.412673703E1
4.944885250E0,-5.400319977E0,-1.175355835E1,4.270020447E0,1.362140464E1
4.954823250E0,-6.319109344E0,-1.087129303E1,1.336869965E0,1.264529068E1
4.964762250E0,-6.907685394E0,-9.887688446E0,2.975811768E-1,1.206528304E1
4.974701250E0,-7.450606384E0,-9.210197296E0,1.152154083E0,1.190238332E1
4.984640250E0,-7.770341492E0,-9.020391998E0,1.745220795E0,1.203293291E1
4.994579250E0,-7.398365021E0,-9.069489899E0,1.209335175E0,1.176664538E1
5.004518250E0,-6.516099701E0,-9.378297729E0,4.029620361E-1,1.142691568E1
5.014457250E0,-5.484744415E0,-1.011356873E1,-4.468208313E-1,1.151374581E1
5.024395250E0,-4.631518707E0,-1.107756409E1,-1.398392029E0,1.208796475E1
5.034334250E0,-3.971241760E0,-1.193123886E1,-2.066602478E0,1.274347157E1
5.044273250E0,-3.618126068E0,-1.251831802E1,-2.101330261E0,1.319904206E1
5.054212250E0,-3.673211517E0,-1.298863998E1,-1.586999817E0,1.359101983E1
5.064151250E0,-4.163442078E0,-1.341495346E1,-6.855743408E-1,1.406290292E1
5.074090250E0,-4.653223572E0,-1.337857910E1,-1.002914429E-2,1.416470857E1
5.084028250E0,-4.896467743E0,-1.281245636E1,4.149371338E-1,1.372248546E1
5.093967250E0,-5.256618805E0,-1.199485657E1,6.030958557E-1,1.311000953E1
5.103906250E0,-5.347479858E0,-1.105376358E1,4.367916870E-1,1.228706707E1
5.113845250E0,-5.117557983E0,-1.013856674E1,4.758604431E-1,1.136689837E1
5.123784250E0,-4.503085785E0,-9.466614075E0,5.155279541E-1,1.049572926E1
5.133723250E0,-3.835174713E0,-8.898545380E0,-4.610412598E-2,9.689932948E0
5.143662250E0,-3.368744659E0,-8.674012299E0,-6.634204102E-1,9.328829325E0
5.153600250E0,-3.004102936E0,-8.568332062E0,-7.773335266E-1,9.112913704E0
5.163539250E0,-2.718945923E0,-8.281678162E0,-5.749543762E-1,8.735527038E0
5.173478250E0,-2.587818604E0,-7.909701691E0,-6.813830566E-1,8.350117893E0
5.183417250E0,-2.422711945E0,-7.521409149E0,-6.497987366E-1,7.928642201E0
5.193356250E0,-2.455793152E0,-7.129524078E0,-4.902305603E-1,7.556544157E0
5.203295250E0,-2.192640381E0,-6.881639557E0,-3.225791931E-1,7.229708996E0
5.213233250E0,-1.767973480E0,-6.804250488E0,-3.137475586E-1,7.037186403E0
5.223172250E0,-1.409918060E0,-6.823710022E0,-3.616479492E-1,6.977225569E0
5.233111250E0,-1.085991669E0,-6.958280182E0,-5.275030518E-1,7.062244718E0
5.243050250E0,-9.382489014E-1,-7.117399292E0,-9.183403015E-1,7.237474186E0
5.252989250E0,-9.726773071E-1,-7.249574432E0,-1.371448059E0,7.441995725E0
5.262928250E0,-7.714956665E-1,-7.227420502E0,-1.497635651E0,7.421167375E0
5.272866250E0,-2.347119141E-1,-7.102729797E0,-1.355431366E0,7.234711773E0
5.282805250E0,4.867877197E-1,-6.986571350E0,-1.136287079E0,7.095089135E0
5.292744250E0,1.185983734E0,-6.916517029E0,-8.220904541E-1,7.065451008E0
5.302683250E0,1.887425079E0,-6.809788971E0,-3.415896606E-1,7.074763795E0
5.312622250E0,2.575544128E0,-6.662794647E0,2.887495422E-1,7.149100389E0
5.322561250E0,3.037483521E0,-6.553222504E0,8.080197144E-1,7.268007098E0
5.332499250E0,3.221301270E0,-6.526577911E0,1.294657745E0,7.392505650E0
5.342438250E0,2.993175659E0,-6.549480286E0,1.932631073E0,7.455860474E0
5.352377250E0,1.896406403E0,-6.606811066E0,2.657124481E0,7.369302559E0
5.362316583E0,-2.031275940E-1,-6.759493561E0,3.539389801E0,7.632777619E0
5.372255583E0,-2.780767365E0,-7.280260620E0,4.245621185E0,8.874692168E0
5.382194583E0,-5.813909912E0,-8.327782288E0,5.594466248E0,1.159532487E1
5.392133583E0,-9.744735718E0,-9.757159882E0,9.091045074E0,1.651693506E1
5.402071583E0,-1.375414810E1,-1.095945969E1,1.173769135E1,2.114378738E1
5.412010583E0,-1.540326874E1,-1.129131958E1,1.041399399E1,2.175329530E1
5.421949583E0,-1.545161819E1,-1.093476105E1,7.656428375E0,2.041916745E1
5.431888583E0,-1.576476700E1,-9.661957855E0,5.882766724E0,1.940330519E1
5.441827583E0,-1.563363968E1,-7.717950439E0,5.168901215E0,1.818502099E1
5.451766583E0,-1.411325134E1,-5.753136292E0,3.210224304E0,1.557523614E1
5.461704583E0,-1.211041626E1,-4.280798035E0,1.048719177E0,1.288748330E1
5.471643583E0,-1.049737061E1,-3.314856720E0,4.086502075E-2,1.100839383E1
5.481582583E0,-9.157207489E0,-3.805087280E0,-4.201762390E-1,9.925204596E0
5.491521583E0,-7.994126129E0,-6.232888641E0,-1.750759277E0,1.028689027E1
5.501460583E0,-6.913074188E0,-9.571545868E0,-3.367547150E0,1.227784423E1
5.511399583E0,-5.915398865E0,-1.220501953E1,-3.512595520E0,1.401045227E1
5.521338583E0,-4.517455902E0,-1.322963882E1,-4.200265503E-1,1.398596345E1
5.531276583E0,-3.320844269E0,-1.282293457E1,6.531817017E0,1.476889607E1
5.541215583E0,-3.285068665E0,-1.288535477E1,8.207731934E0,1.562660894E1
5.551154583E0,-2.940036163E0,-1.373618546E1,2.569406891E0,1.428035207E1
5.561093583E0,-1.887724457E0,-1.331017136E1,-2.399659882E0,1.365586075E1
5.571032583E0,-1.073717194E0,-1.118758530E1,-3.670068054E0,1.182304246E1
5.580971583E0,-3.432362366E-1,-9.402996368E0,-2.162552948E0,9.654573376E0
5.590909583E0,8.232879639E-2,-8.412057037E0,-7.158114624E-1,8.442858975E0
5.600848583E0,5.297483826E-1,-7.639663239E0,-1.950444031E-1,7.660491503E0
5.610787583E0,8.608598328E-1,-7.207362213E0,-4.903802490E-1,7.275137285E0
5.620726583E0,5.803431702E-1,-7.333549805E0,-1.227148132E0,7.458126003E0
5.630665583E0,3.709286499E-1,-7.806865540E0,-2.112856293E0,8.096227475E0
5.640604583E0,4.370910645E-1,-8.551866302E0,-2.719993744E0,8.984644223E0
5.650542583E0,3.475772095E-1,-9.486822052E0,-2.985541534E0,9.951585844E0
5.660481583E0,-3.318598938E-1,-1.023975632E1,-3.287313995E0,1.075960844E1
5.670420583E0,-1.408421173E0,-1.069166656E1,-3.588637390E0,1.136546094E1
5.680359583E0,-1.882335663E0,-1.062295944E1,-3.615731049E0,1.137822332E1
5.690298583E0,-1.556014252E0,-9.960287476E0,-3.370091858E0,1.062948851E1
5.700237583E0,-1.059347076E0,-9.320667572E0,-3.236868896E0,9.923425843E0
5.710176583E0,-9.376501465E-1,-9.044940948E0,-2.938389587E0,9.556373681E0
5.720114583E0,-1.169967041E0,-9.144933014E0,-2.580932922E0,9.573914427E0
5.730053583E0,-1.616039429E0,-9.403445435E0,-2.193239136E0,9.790131122E0
5.739992583E0,-2.109563141E0,-9.620494080E0,-1.785337372E0,1.000957504E1
5.749931583E0,-2.592159576E0,-9.770482178E0,-7.141648865E-1,1.013368860E1
5.759870583E0,-3.825894012E0,-9.860445099E0,6.219266968E0,1.226968313E1
5.769809583E0,-4.274361420E0,-9.535021820E0,6.049819336E0,1.207423375E1
5.779747583E0,-3.785178680E0,-8.930728455E0,2.076332245E0,9.919508252E0
5.789686583E0,-3.248843994E0,-8.646918640E0,-4.337979126E-1,9.247289868E0
5.799625583E0,-2.902164917E0,-8.510402527E0,-1.722168732E0,9.155073867E0
5.809564583E0,-2.840642853E0,-8.290360107E0,-1.780098267E0,8.942486923E0
5.819503583E0,-3.172652435E0,-8.115224304E0,-1.192719727E0,8.794610243E0
5.829442583E0,-3.709436188E0,-7.776329041E0,-4.975653076E-1,8.630109004E0
5.839381583E0,-4.295018463E0,-7.613018646E0,1.633103943E-1,8.742534346E0
5.849319583E0,-4.783752136E0,-7.820337524E0,3.189866638E-1,9.172988389E0
5.859258583E0,-5.163063354E0,-8.254734192E0,-1.975891113E-2,9.736439298E0
5.869197583E0,-5.404660950E0,-8.698411560E0,-3.022215271E-1,1.024519700E1
5.879136583E0,-5.502856750E0,-8.952433319E0,-2.646496582E-1,1.051178073E1
5.889075583E0,-5.365891571E0,-8.789721680E0,1.272354126E-2,1.029816301E1
5.899014583E0,-4.869224396E0,-8.403674469E0,2.839595032E-1,9.716569549E0
5.908952583E0,-4.371958466E0,-8.297395477E0,3.927832031E-1,9.386962830E0
5.918891583E0,-4.041445770E0,-8.660690002E0,5.424719238E-1,9.572622996E0
5.928830583E0,-3.721560974E0,-9.152417450E0,8.325686646E-1,9.915136502E0
5.938769583E0,-3.284320221E0,-9.426946564E0,1.448986816E0,1.008730111E1
5.948708583E0,-2.776875458E0,-9.467212830E0,2.219734039E0,1.011268388E1
5.958647583E0,-2.398162994E0,-9.528285828E0,2.573298798E0,1.015683431E1
5.968586583E0,-2.342179413E0,-9.593101044E0,2.181264038E0,1.011292761E1
5.978524583E0,-2.915038147E0,-9.547146606E0,8.544232178E-1,1.001875715E1
5.988463583E0,-3.948638763E0,-9.447154541E0,-6.942562866E-1,1.026267357E1
5.998402583E0,-5.046605530E0,-9.244925079E0,-1.601070557E0,1.065365168E1
6.008341583E0,-6.072572021E0,-9.114845581E0,-1.875300293E0,1.111185368E1
6.018280583E0,-6.780899048E0,-8.980874176E0,-1.400787048E0,1.134014538E1
6.028219583E0,-7.383695526E0,-8.892707520E0,-2.883004761E-1,1.156210724E1
6.038157583E0,-7.735014954E0,-8.942553864E0,3.814068604E-1,1.182984350E1
6.048096583E0,-7.649692383E0,-9.038204956E0,1.992356873E-1,1.184257731E1
6.058035583E0,-7.204817505E0,-9.247918854E0,5.867797852E-2,1.172334600E1
6.067974583E0,-6.701114960E0,-9.785600739E0,5.249583435E-1,1.187175239E1
6.077913583E0,-6.401288452E0,-1.054107971E1,1.495090942E0,1.242280774E1
6.087852583E0,-6.332880707E0,-1.126766876E1,2.806214447E0,1.322651038E1
6.097791583E0,-6.305787048E0,-1.188483536E1,4.511318665E0,1.419028745E1
6.107729583E0,-6.601422272E0,-1.223705292E1,5.772146759E0,1.505463113E1
6.117668583E0,-7.448959808E0,-1.219528976E1,5.953868866E0,1.548097701E1
6.127607583E0,-8.139174500E0,-1.170475983E1,5.746400299E0,1.537103381E1
6.137546583E0,-8.227341156E0,-1.048764084E1,2.883902893E0,1.363805883E1
6.147485583E0,-7.955506439E0,-8.882079620E0,6.047424316E-2,1.192413847E1
6.157424583E0,-7.815996552E0,-7.991880798E0,-5.538482666E-2,1.117868634E1
6.167362583E0,-7.405999146E0,-8.130642242E0,1.298699341E0,1.107442037E1
6.177301583E0,-6.258784790E0,-9.064101105E0,1.980980530E0,1.119172014E1
6.187240583E0,-5.098846893E0,-1.049273026E1,3.037184143E-1,1.166995599E1
6.197179583E0,-4.057761841E0,-1.171269333E1,-2.091151428E0,1.257082060E1
6.207118583E0,-3.344345398E0,-1.220995926E1,-3.560645599E0,1.315089154E1
6.217057583E0,-3.060984650E0,-1.263447647E1,-3.525019684E0,1.346942413E1
6.226995583E0,-3.092419281E0,-1.337453751E1,-2.295775909E0,1.391804216E1
6.236934583E0,-3.596421204E0,-1.412283142E1,-7.854167175E-1,1.459470768E1
6.246873583E0,-4.272565155E0,-1.452818848E1,6.273454285E-1,1.515640576E1
6.256812583E0,-4.531376953E0,-1.429392563E1,1.336420898E0,1.505442486E1
6.266751583E0,-4.496649170E0,-1.366179016E1,8.208929443E-1,1.440618719E1
6.276690583E0,-4.669090576E0,-1.263462616E1,3.457809448E-2,1.346979512E1
6.286629583E0,-4.434528351E0,-1.133023865E1,-8.479866028E-1,1.219665654E1
6.296567583E0,-4.001329193E0,-1.015742752E1,-1.169967041E0,1.097965355E1
6.306506583E0,-3.759282532E0,-9.371711426E0,-6.730004883E-1,1.011998566E1
6.316445583E0,-3.255430298E0,-8.591384125E0,-1.282832336E-1,9.188371139E0
6.326384583E0,-2.745141449E0,-8.051905975E0,-9.205856323E-2,8.507494707E0
6.336323583E0,-2.143692169E0,-7.635022888E0,-2.043251038E-1,7.932889724E0
6.346262583E0,-1.691781921E0,-7.369475098E0,-4.321513367E-1,7.573509362E0
6.356200583E0,-1.703906708E0,-7.265591125E0,-1.165476379E0,7.553174674E0
6.366139083E0,-1.816023560E0,-7.207661591E0,-1.430275726E0,7.569281064E0
6.376078083E0,-1.711989899E0,-7.077432404E0,-6.894662476E-1,7.314118029E0
6.386017083E0,-1.647474060E0,-6.949897614E0,-1.080752563E-1,7.143313508E0
6.395956083E0,-1.522783356E0,-6.803801422E0,1.535806274E-1,6.973820327E0
6.405895083E0,-1.294807434E0,-6.653663635E0,4.505630493E-2,6.778627895E0
6.415834083E0,-9.855505371E-1,-6.499633942E0,-4.107458496E-1,6.586749076E0
6.425772083E0,-4.120930481E-1,-6.436614990E0,-9.704319763E-1,6.522390009E0
6.435711083E0,2.106120300E-1,-6.413712616E0,-1.441352692E0,6.577048314E0
6.445650083E0,7.674540710E-1,-6.273454285E0,-1.491648102E0,6.493860829E0
6.455589083E0,1.535806274E0,-6.108647003E0,-1.273701324E0,6.426241840E0
6.465528083E0,2.444416809E0,-5.951623535E0,-8.488847351E-1,6.489807511E0
6.475467083E0,3.331621857E0,-5.819448395E0,-5.318440247E-1,6.726703642E0
6.485406083E0,3.913910980E0,-5.704337769E0,-1.721420288E-2,6.917981271E0
6.495344083E0,4.023183746E0,-5.661526794E0,7.402107239E-1,6.984755187E0
6.505283083E0,3.961961060E0,-5.731281738E0,1.545835419E0,7.136829334E0
6.515222083E0,3.726201324E0,-5.870641937E0,2.489772491E0,7.385660439E0
6.525161083E0,2.063309326E0,-6.021228790E0,3.760330353E0,7.392734669E0
6.535100083E0,-1.379231873E0,-6.180796967E0,4.947810974E0,8.036502046E0
6.545039083E0,-5.002297668E0,-7.117848358E0,6.135590973E0,1.064576084E1
6.554977083E0,-9.120234375E0,-8.833879852E0,8.552614746E0,1.530892966E1
6.564916083E0,-1.447983902E1,-1.086410797E1,1.299792068E1,2.228543296E1
6.574855083E0,-1.864567612E1,-1.267638931E1,1.619751709E1,2.776169382E1
6.584794083E0,-1.849449051E1,-1.354323669E1,1.244197678E1,2.608195210E1
6.594733083E0,-1.691392731E1,-1.298310150E1,7.263944550E0,2.252569093E1
6.604672083E0,-1.618688919E1,-1.167796555E1,6.334676971E0,2.094083077E1
6.614611083E0,-1.389111328E1,-9.776170349E0,4.155658264E0,1.748731056E1
6.624549083E0,-1.045755341E1,-7.032974854E0,1.653162231E0,1.271047221E1
6.634488083E0,-7.767647095E0,-5.044659576E0,2.639012146E-1,9.265774413E0
6.644427083E0,-6.765331421E0,-5.124743042E0,1.648072815E-1,8.488808039E0
6.654366083E0,-6.367458801E0,-7.368427277E0,1.121168518E-1,9.739138684E0
6.664305083E0,-5.709726562E0,-1.055859329E1,-3.626957703E-1,1.200901403E1
6.674244083E0,-5.259313202E0,-1.243554016E1,-7.756869507E-1,1.352422732E1
6.684182083E0,-4.603526917E0,-1.210951813E1,-2.436483307E0,1.318215992E1
6.694121083E0,-3.534899139E0,-1.090617050E1,-1.971250763E0,1.163296594E1
6.704060083E0,-2.404150543E0,-1.053314621E1,-7.063810730E-1,1.082709948E1
6.713999083E0,-9.749226379E-1,-1.060769119E1,5.601351929E-1,1.066711479E1
6.723938083E0,4.704716492E-1,-9.838141479E0,1.649569702E-1,9.850765561E0
6.733877083E0,1.359622650E0,-8.693771210E0,-4.138893127E-1,8.809173398E0
6.743816083E0,1.269659729E0,-8.059091034E0,-3.173400879E-1,8.164660976E0
6.753754083E0,9.807604980E-1,-7.959098969E0,9.774673462E-2,8.019894137E0
6.763693083E0,8.616082764E-1,-8.272397461E0,-1.480421448E-1,8.318464104E0
6.773632083E0,1.287322998E-1,-8.994346161E0,-1.685644684E0,9.151843140E0
6.783571083E0,-3.059637451E-1,-9.934990082E0,-2.565215607E0,1.026537738E1
6.793510083E0,-3.559597778E-1,-1.089823700E1,-2.720592499E0,1.123832286E1
6.803449083E0,-5.420228577E-1,-1.145777344E1,-2.799328766E0,1.180722670E1
6.813388083E0,-8.216413879E-1,-1.135718262E1,-2.908601532E0,1.175247440E1
6.823326083E0,-1.541494446E0,-1.066921326E1,-2.795436859E0,1.113655171E1
6.833265083E0,-2.101030884E0,-9.836345215E0,-2.595003662E0,1.038759173E1
6.843204083E0,-2.032623138E0,-8.888815613E0,-2.308499451E0,9.405943309E0
6.853143083E0,-1.980531464E0,-8.138725433E0,-2.021546173E0,8.616728236E0
6.863082083E0,-2.018702087E0,-7.881560211E0,-1.857786713E0,8.345389203E0
6.873021083E0,-2.090702362E0,-8.053552551E0,-1.768272858E0,8.506323175E0
6.882959083E0,-2.418221283E0,-8.635392609E0,-1.663640442E0,9.120608488E0
6.892898083E0,-3.171454926E0,-9.397457886E0,-1.158441010E0,9.985605972E0
6.902837083E0,-5.105433197E0,-9.995913391E0,4.290078735E0,1.201617694E1
6.912776083E0,-6.249504089E0,-9.974807281E0,5.462291107E0,1.297650592E1
6.922715083E0,-5.337001648E0,-9.436975708E0,4.116439819E-1,1.084940311E1
6.932654083E0,-4.245770874E0,-9.023535461E0,-1.495090942E0,1.008395059E1
6.942593083E0,-3.491788788E0,-8.544980621E0,-1.631157990E0,9.373897756E0
6.952531083E0,-3.098257141E0,-7.942782898E0,-9.752220154E-1,8.581261880E0
6.962470083E0,-2.969375153E0,-7.629783783E0,1.407073975E-1,8.188442339E0
6.972409083E0,-3.143912201E0,-7.731572113E0,7.688012695E-1,8.381673261E0
6.982348083E0,-3.419638824E0,-7.999963989E0,3.035687256E-1,8.705487206E0
6.992287083E0,-3.472928009E0,-8.217312012E0,-5.535488892E-1,8.938224769E0
7.002226083E0,-3.607498169E0,-8.510552216E0,-1.085841980E0,9.307126026E0
7.012164083E0,-3.877386932E0,-8.697214050E0,-1.119072876E0,9.587908310E0
7.022103083E0,-4.077371063E0,-8.547225952E0,-6.176156616E-1,9.490072464E0
7.032042083E0,-4.296066284E0,-8.408464508E0,1.592687988E-1,9.443718942E0
7.041981083E0,-4.293521576E0,-8.320746918E0,6.149212646E-1,9.383351478E0
7.051920083E0,-4.094585266E0,-8.588989105E0,5.316943359E-1,9.529903526E0
7.061859083E0,-3.763922882E0,-9.168583832E0,4.656816101E-1,9.922041338E0
7.071798083E0,-3.471580811E0,-9.721084900E0,5.066963196E-1,1.033480073E1
7.081736083E0,-3.256927185E0,-9.846673737E0,7.758366394E-1,1.040031157E1
7.091675083E0,-3.064726868E0,-9.410480804E0,1.338965607E0,9.987118135E0
7.101614083E0,-3.127147064E0,-8.823701019E0,2.011067963E0,9.575027039E0
7.111553083E0,-3.665427704E0,-8.487051086E0,2.290836182E0,9.524354404E0
7.121492083E0,-4.616100769E0,-8.476123810E0,1.795067139E0,9.817093622E0
7.131431083E0,-5.828579407E0,-8.892557831E0,5.216651917E-1,1.064528333E1
7.141370083E0,-6.851552124E0,-9.555678864E0,-9.074130249E-1,1.179314053E1
7.151308083E0,-7.353159027E0,-9.946216736E0,-1.574276276E0,1.246894225E1
7.161247083E0,-7.753576355E0,-9.784852295E0,-9.228309631E-1,1.251850222E1
7.171186083E0,-8.150700531E0,-9.419761505E0,3.534150696E-1,1.246157005E1
7.181125083E0,-8.265511780E0,-9.031169586E0,1.402733002E0,1.232267702E1
7.191064083E0,-8.053702240E0,-8.903784485E0,1.800904999E0,1.214013001E1
7.201003083E0,-7.594008179E0,-9.106013947E0,1.963766327E0,1.201852023E1
7.210941083E0,-7.089557190E0,-9.492959290E0,2.514022064E0,1.211191166E1
7.220880083E0,-6.743177490E0,-1.011790970E1,3.439547424E0,1.263617924E1
7.230819083E0,-6.733148346E0,-1.084195404E1,4.076023865E0,1.339765743E1
7.240758083E0,-7.091353455E0,-1.148247208E1,4.502187653E0,1.422688133E1
7.250697083E0,-7.750582581E0,-1.154204819E1,5.327421570E0,1.488864760E1
7.260636083E0,-8.196205902E0,-1.062460602E1,5.516927490E0,1.450849865E1
7.270575083E0,-8.269852753E0,-9.004524994E0,2.508333893E0,1.248053179E1
7.280513083E0,-8.210276642E0,-7.855514374E0,-2.986289978E-1,1.136692253E1
7.290452083E0,-8.405620422E0,-7.349566498E0,1.736089783E0,1.129976062E1
7.300391083E0,-8.612639923E0,-8.166268158E0,3.698658600E0,1.243163616E1
7.310330083E0,-8.047265625E0,-1.016146912E1,1.339414673E0,1.303103873E1
7.320269083E0,-6.731950836E0,-1.170371201E1,-2.247875519E0,1.368754840E1
7.330208083E0,-5.465135193E0,-1.292756699E1,-4.311184845E0,1.468250679E1
7.340147083E0,-4.634961548E0,-1.395637756E1,-4.479434967E0,1.537298542E1
7.350085083E0,-4.215533752E0,-1.508877274E1,-3.135230255E0,1.597721679E1
7.360024083E0,-4.202061768E0,-1.623254425E1,-1.260678406E0,1.681493758E1
7.369963458E0,-4.253854065E0,-1.696422272E1,3.427871704E-1,1.749278794E1
7.379902458E0,-4.027075653E0,-1.701915848E1,1.290017395E0,1.753662563E1
7.389841458E0,-3.387605438E0,-1.635528900E1,1.406325531E0,1.676153634E1
7.399780458E0,-2.733465729E0,-1.481424362E1,6.782395935E-1,1.507957751E1
7.409719458E0,-2.814447327E0,-1.288176224E1,-2.395019531E-2,1.318565454E1
7.419657458E0,-2.715952148E0,-1.114432526E1,-5.689668274E-1,1.148460294E1
7.429596458E0,-2.375410309E0,-9.456135864E0,-7.713459778E-1,9.780391313E0
7.439535458E0,-2.427202606E0,-8.279133453E0,-2.278262329E-1,8.630600676E0
7.449474458E0,-2.316432953E0,-7.585026855E0,-2.658471680E-1,7.935311509E0
7.459413458E0,-2.072440338E0,-7.235653381E0,-3.396437073E-1,7.534258202E0
7.469352458E0,-1.761686554E0,-7.098089447E0,-4.261637878E-1,7.325846633E0
7.479290458E0,-1.795067139E0,-7.042255554E0,-6.997947693E-1,7.301050749E0
7.489229458E0,-2.025887146E0,-6.941515045E0,-9.795629883E-1,7.297149683E0
7.499168458E0,-2.061213684E0,-6.812633057E0,-7.592211914E-1,7.158001665E0
7.509107458E0,-2.013912048E0,-6.546636200E0,-5.525010681E-1,6.871647888E0
7.519046458E0,-1.850901031E0,-6.104605408E0,-3.100053406E-1,6.386559725E0
7.528985458E0,-1.760788422E0,-5.638325043E0,-1.351689148E-1,5.908413983E0
7.538924458E0,-1.505419464E0,-5.204377441E0,-1.945953369E-1,5.421226767E0
7.548862458E0,-1.046922913E0,-5.187761993E0,-5.839356995E-1,5.324462695E0
7.558801458E0,-5.734574890E-1,-5.472769318E0,-1.287622375E0,5.651374070E0
7.568740458E0,-1.076261902E-1,-5.677094421E0,-1.920805664E0,5.994203772E0
7.578679458E0,5.870791626E-1,-5.843248901E0,-2.068698120E0,6.226373871E0
7.588618458E0,1.374292145E0,-6.065836029E0,-1.703307953E0,6.448589273E0
7.598557458E0,2.447410583E0,-6.119873657E0,-1.312620392E0,6.720538999E0
7.608496458E0,3.485202484E0,-6.025569763E0,-8.572673035E-1,7.013489471E0
7.618434458E0,3.814068604E0,-5.988896027E0,-4.212240601E-1,7.112764908E0
7.628373458E0,3.986659698E0,-5.981261902E0,1.600172424E-1,7.189892559E0
7.638312458E0,4.028123474E0,-6.114185486E0,1.255888367E0,7.428748109E0
7.648251458E0,3.616180115E0,-6.470145264E0,2.808759155E0,7.926453579E0
7.658190458E0,9.395960999E-1,-6.632108459E0,4.224814453E0,7.919391429E0
7.668129458E0,-2.806214447E0,-6.777905273E0,4.858895874E0,8.799074300E0
7.678068458E0,-6.697073364E0,-7.631580048E0,6.222260742E0,1.190833046E1
7.688006458E0,-1.152363647E1,-9.269773407E0,1.042851379E1,1.809631997E1
7.697945458E0,-1.760953079E1,-1.150193161E1,1.674956909E1,2.688750770E1
7.707884458E0,-2.017998550E1,-1.345881226E1,1.693548248E1,2.958347527E1
7.717823458E0,-1.821142914E1,-1.372316254E1,9.450896759E0,2.468401894E1
7.727762458E0,-1.710253510E1,-1.231743576E1,6.187682648E0,2.196595882E1
7.737701458E0,-1.569441330E1,-9.901759186E0,5.066514130E0,1.923613811E1
7.747639458E0,-1.304941360E1,-7.023694153E0,2.220482483E0,1.498499307E1
7.757578458E0,-1.044917084E1,-4.157753906E0,6.969506836E-1,1.126755648E1
7.767517458E0,-7.555238800E0,-2.209555206E0,4.626878357E-1,7.885293119E0
7.777456458E0,-5.314997406E0,-1.910177765E0,-1.362167358E-1,5.649471791E0
7.787395458E0,-3.666176147E0,-3.492237854E0,-2.157313843E0,5.503687472E0
7.797334458E0,-2.513123932E0,-6.889722748E0,-4.681514740E0,8.700612145E0
7.807273458E0,-2.051034851E0,-1.068657715E1,-5.092410278E0,1.201425476E1
7.817211458E0,-2.049388275E0,-1.361853012E1,-2.380200348E0,1.397604052E1
7.827150458E0,-3.139870605E0,-1.602088440E1,5.933810577E0,1.737059678E1
7.837089458E0,-6.259682922E0,-1.853325989E1,1.206116867E1,2.298123456E1
7.847028458E0,-6.967560883E0,-1.917063446E1,6.993906097E0,2.156327556E1
7.856967458E0,-4.384382629E0,-1.532827469E1,-1.206341400E0,1.598856077E1
7.866906458E0,-1.511706390E0,-1.048883835E1,-5.068160706E0,1.174679697E1
7.876845458E0,3.875440979E-1,-7.866890717E0,-3.180436249E0,8.494311903E0
7.886783458E0,1.689087524E0,-6.498735809E0,-5.876779175E-1,6.740322627E0
7.896722458E0,2.232008514E0,-5.924380188E0,-4.715194702E-2,6.331063570E0
7.906661458E0,1.186881866E0,-6.159391479E0,-1.438508606E0,6.435534086E0
7.916600458E0,-1.954934692E-1,-6.852450256E0,-2.418520660E0,7.269355845E0
7.926539458E0,-7.714956665E-1,-7.675289154E0,-2.731968842E0,8.183454216E0
7.936478458E0,-1.240171051E0,-8.711584167E0,-3.197949829E0,9.362510670E0
7.946417458E0,-1.756896515E0,-9.792636108E0,-3.594175873E0,1.057830362E1
7.956355458E0,-2.086960144E0,-1.047955765E1,-3.681594086E0,1.130179924E1
7.966294458E0,-2.308798828E0,-1.062565384E1,-3.529809723E0,1.143217513E1
7.976233458E0,-2.569257202E0,-1.035172348E1,-3.322939911E0,1.117144535E1
7.986172458E0,-2.484383698E0,-9.833650818E0,-3.113824768E0,1.060984239E1
7.996111458E0,-2.324216766E0,-9.488019562E0,-3.083737335E0,1.024372660E1
8.006050458E0,-2.235151978E0,-9.371861115E0,-2.972817993E0,1.008292279E1
8.015988458E0,-2.241438904E0,-9.436376953E0,-2.740650787E0,1.007871148E1
8.025927458E0,-2.506387939E0,-9.520502014E0,-2.383493500E0,1.012931293E1
8.035866458E0,-2.808908844E0,-9.560917969E0,-1.865271149E0,1.013806479E1
8.045805458E0,-3.052751770E0,-9.539811859E0,-8.969348145E-1,1.005643057E1
8.055744458E0,-3.062331848E0,-9.215286713E0,5.486690369E0,1.115361631E1
8.065683458E0,-2.579885101E0,-8.882528687E0,5.297184448E0,1.065904715E1
8.075622458E0,-2.441273346E0,-8.762178955E0,2.044298859E0,9.322808236E0
8.085560458E0,-2.581082611E0,-8.777596893E0,5.468128967E-1,9.165544120E0
8.095499458E0,-2.455194397E0,-8.476273499E0,2.492317200E-1,8.828210940E0
8.105438458E0,-2.277513885E0,-7.955356750E0,2.148033142E-1,8.277735861E0
8.115377458E0,-2.491419067E0,-7.647596741E0,5.703140259E-2,8.043392161E0
8.125316458E0,-3.099604340E0,-7.753875732E0,-1.724414062E-1,8.352237543E0
8.135255458E0,-3.725003815E0,-8.046966248E0,-2.339634705E-1,8.870403492E0
8.145194458E0,-4.356241150E0,-8.254883881E0,-2.495310974E-1,9.337141458E0
8.155132458E0,-4.867128754E0,-8.337062988E0,-3.242257690E-1,9.659227916E0
8.165071458E0,-5.280119934E0,-8.421038361E0,-3.050656128E-1,9.944175110E0
8.175010458E0,-5.723497925E0,-8.379424896E0,2.395019531E-3,1.014757093E1
8.184949458E0,-5.908812561E0,-8.324788513E0,4.402345276E-1,1.021811999E1
8.194888458E0,-5.965993652E0,-8.395142212E0,9.467811584E-1,1.034252810E1
8.204827458E0,-5.840704193E0,-8.526269531E0,1.367256775E0,1.042499346E1
8.214766458E0,-5.475463715E0,-8.637488251E0,1.582958221E0,1.034855849E1
8.224704458E0,-5.066364441E0,-8.718170471E0,2.005080414E0,1.028080213E1
8.234643458E0,-4.809199219E0,-8.671317902E0,2.668500824E0,1.026844915E1
8.244582458E0,-4.822820892E0,-8.569529572E0,2.819237366E0,1.022959128E1
8.254521458E0,-4.953499146E0,-8.656349030E0,1.958527222E0,1.016392450E1
8.264460458E0,-5.132227478E0,-9.040599976E0,4.685256958E-1,1.040633092E1
8.274399458E0,-5.428611145E0,-9.632618866E0,-8.927435303E-1,1.109297779E1
8.284338458E0,-5.734874268E0,-9.975106659E0,-1.270557861E0,1.157608971E1
8.294276458E0,-5.831872559E0,-9.844278717E0,-5.089416504E-1,1.145336556E1
8.304215458E0,-5.763913879E0,-9.571096802E0,6.692582703E-1,1.119269868E1
8.314154458E0,-5.683081970E0,-9.447304230E0,9.907896423E-1,1.106935599E1
8.324093458E0,-5.498066711E0,-9.488019562E0,6.551875305E-1,1.098546874E1
8.334032458E0,-5.223238220E0,-9.642348633E0,4.128414917E-1,1.097394837E1
8.343971458E0,-5.141059113E0,-9.945318604E0,3.849993896E-1,1.120214602E1
8.353910458E0,-5.467380524E0,-1.035756134E1,7.333250427E-1,1.173495174E1
8.363848958E0,-6.448739777E0,-1.086440735E1,1.508712616E0,1.272390685E1
8.373787958E0,-7.732170868E0,-1.132065857E1,2.648143158E0,1.396268022E1
8.383726958E0,-8.837472382E0,-1.145732437E1,4.264631653E0,1.508503507E1
8.393665958E0,-9.496701508E0,-1.115390533E1,6.715335388E0,1.611498288E1
8.403604958E0,-9.515562286E0,-1.006222549E1,7.693551178E0,1.584250729E1
8.413543958E0,-9.147477722E0,-8.437354431E0,3.819307709E0,1.301738875E1
8.423482958E0,-8.349187775E0,-7.634873199E0,3.731739807E-1,1.131987120E1
8.433420958E0,-7.559130707E0,-7.999664612E0,9.102571106E-1,1.104371581E1
8.443359958E0,-6.449488220E0,-9.385632477E0,2.412084045E0,1.164062476E1
8.453298958E0,-5.210514679E0,-1.097008759E1,1.944007416E0,1.229924590E1
8.463237958E0,-4.527335358E0,-1.246787292E1,-6.077362061E-1,1.327832685E1
8.473176958E0,-4.362228699E0,-1.356524094E1,-3.529210968E0,1.467992272E1
8.483115958E0,-4.609963531E0,-1.399844009E1,-4.858446808E0,1.551813759E1
8.493053958E0,-4.729115753E0,-1.459375214E1,-4.086202698E0,1.587574218E1
8.502992958E0,-4.820276184E0,-1.543844559E1,-2.243235168E0,1.632828125E1
8.512931958E0,-5.135820007E0,-1.594214813E1,-4.800517273E-1,1.675587013E1
8.522870958E0,-5.113815765E0,-1.552616318E1,6.433621216E-1,1.635930223E1
8.532809958E0,-4.594844971E0,-1.426892761E1,6.709048462E-1,1.500549929E1
8.542748958E0,-4.375850372E0,-1.267698807E1,-2.326162720E-1,1.341298637E1
8.552687958E0,-4.349654846E0,-1.117052078E1,-7.399113464E-1,1.201030810E1
8.562625958E0,-4.320016479E0,-9.893675995E0,-6.319857788E-1,1.081419313E1
8.572564958E0,-3.965553589E0,-8.909772034E0,-5.001100159E-1,9.765232357E0
8.582503958E0,-3.679498444E0,-8.258027344E0,-2.311193848E-1,9.043624305E0
8.592442958E0,-3.329825592E0,-7.883356476E0,3.622467041E-2,8.557824491E0
8.602381958E0,-2.611768799E0,-7.576793976E0,-1.504371643E-1,8.015720464E0
8.612320958E0,-2.186054077E0,-7.249125366E0,-4.662803650E-1,7.585912495E0
8.622259958E0,-1.803000641E0,-6.874454498E0,-5.043013000E-1,7.124833736E0
8.632197958E0,-1.595532074E0,-6.465504913E0,-6.926097107E-1,6.695385321E0
8.642136958E0,-1.560504913E0,-6.304739227E0,-9.581575012E-1,6.565285836E0
8.652075958E0,-1.665736084E0,-6.206543427E0,-9.418414307E-1,6.494838203E0
8.662014958E0,-1.675166473E0,-5.948180695E0,-7.515870667E-1,6.225103968E0
8.671953958E0,-1.634301453E0,-5.671705627E0,-4.953199768E-1,5.923219382E0
8.681892958E0,-1.511706390E0,-5.395829315E0,-2.058219910E-1,5.607369517E0
8.691831958E0,-1.182989960E0,-5.422623596E0,-2.624043274E-1,5.556362834E0
8.701769958E0,-6.486012268E-1,-5.779481506E0,-8.948391724E-1,5.884201490E0
8.711708958E0,5.014572144E-2,-6.071524200E0,-1.668131104E0,6.296712006E0
8.721647958E0,1.015188904E0,-6.220314789E0,-1.882784729E0,6.577826611E0
8.731586958E0,2.035616913E0,-6.337670746E0,-1.524729309E0,6.828953519E0
8.741525958E0,2.883004761E0,-6.424340515E0,-1.042731628E0,7.118367562E0
8.751464958E0,3.545377350E0,-6.501879272E0,-5.150788879E-1,7.423573323E0
8.761403958E0,3.893553314E0,-6.535858612E0,1.202000427E-1,7.608656469E0
8.771341958E0,3.951931915E0,-6.636299744E0,8.779243469E-1,7.773608641E0
8.781280958E0,3.791615295E0,-6.799310760E0,1.730850677E0,7.975137455E0
8.791219958E0,3.613485718E0,-7.037914581E0,2.752326508E0,8.376444466E0
8.801158958E0,2.447560272E0,-7.383845215E0,4.020938416E0,8.756692708E0
8.811097958E0,-1.164578247E0,-7.428751831E0,5.330565033E0,9.217240359E0
8.821036958E0,-5.191504211E0,-7.855963440E0,7.024891663E0,1.174806284E1
8.830975958E0,-1.011641281E1,-8.812324677E0,9.950707397E0,1.670375563E1
8.840913958E0,-1.569591019E1,-1.029529083E1,1.446966019E1,2.370075264E1
8.850852958E0,-1.835198685E1,-1.195893127E1,1.569186859E1,2.694524445E1
8.860791958E0,-1.715702179E1,-1.239856705E1,1.124431732E1,2.396919969E1
8.870730958E0,-1.569231766E1,-1.138741974E1,6.993307343E0,2.061136845E1
8.880669958E0,-1.458806396E1,-9.905950470E0,5.154980164E0,1.837153465E1
8.890608958E0,-1.279389496E1,-8.172704773E0,2.698288879E0,1.541939086E1
8.900547958E0,-1.124207199E1,-6.164480896E0,1.224753113E0,1.287963616E1
8.910485958E0,-9.708960114E0,-3.823199615E0,1.017583923E0,1.048409456E1
8.920424958E0,-8.330027618E0,-2.877017212E0,7.661068726E-1,8.846101283E0
8.930363958E0,-8.025261383E0,-3.770359497E0,4.602928162E-1,8.878755570E0
8.940302958E0,-7.356452179E0,-6.793772278E0,-8.063731384E-1,1.004604241E1
8.950241958E0,-6.409371643E0,-1.072355026E1,-2.980302429E0,1.284355004E1
8.960180958E0,-5.504952393E0,-1.379022308E1,-4.196972351E0,1.543014357E1
8.970119958E0,-4.740941162E0,-1.507649826E1,-2.712808685E0,1.603548109E1
8.980057958E0,-4.912334747E0,-1.532333496E1,3.235970764E0,1.641362647E1
8.989996958E0,-4.683011627E0,-1.527782959E1,5.761219482E0,1.698629815E1
8.999935958E0,-2.205812988E0,-1.374531647E1,1.951192474E0,1.405725748E1
9.009874958E0,7.361691284E-1,-1.044123734E1,-2.376757507E0,1.073360882E1
9.019813958E0,2.629432068E0,-7.589068451E0,-1.805695038E0,8.232156918E0
9.029752958E0,3.927832031E0,-6.250701599E0,1.465901642E0,7.526486735E0
9.039691958E0,4.235442352E0,-5.799839172E0,2.018103333E0,7.459882533E0
9.049629958E0,2.494712219E0,-6.234086151E0,-1.483714600E0,6.876687299E0
9.059568958E0,8.384065247E-1,-7.277266846E0,-3.313808899E0,8.040078834E0
9.069507958E0,3.372486877E-1,-8.585695953E0,-3.142565002E0,9.148968602E0
9.079446958E0,-3.158432007E-2,-9.976603546E0,-3.129991150E0,1.045612072E1
9.089385958E0,-5.204676819E-1,-1.119312378E1,-3.202590179E0,1.165390451E1
9.099324958E0,-1.124910736E0,-1.194905182E1,-3.163671112E0,1.241185234E1
9.109263958E0,-1.982776794E0,-1.197869019E1,-2.910397797E0,1.248562524E1
9.119201958E0,-2.490221558E0,-1.148920807E1,-2.820135498E0,1.208951073E1
9.129140958E0,-2.319127350E0,-1.065214874E1,-2.928809509E0,1.128824830E1
9.139079958E0,-2.094594269E0,-9.757010193E0,-3.139870605E0,1.046161366E1
9.149018958E0,-2.160008240E0,-9.250463562E0,-3.607049103E0,1.016107843E1
9.158957958E0,-2.546055450E0,-9.139095154E0,-4.035607910E0,1.030978127E1
9.168896958E0,-2.834355927E0,-9.148974609E0,-3.430715790E0,1.017384493E1
9.178835958E0,-3.486549683E0,-8.987310791E0,1.103056183E0,9.702809742E0
9.188773958E0,-4.341122589E0,-7.915689240E0,1.101259918E1,1.424011314E1
9.198712958E0,-4.362977142E0,-8.443341980E0,4.167333984E0,1.037748842E1
9.208651958E0,-4.929399261E0,-9.656119995E0,3.353027344E-2,1.084162141E1
9.218590958E0,-5.566624146E0,-1.093086914E1,-5.390290833E-1,1.227850793E1
9.228529958E0,-5.790259094E0,-1.149848877E1,5.424719238E-1,1.288551979E1
9.238468958E0,-6.029311981E0,-1.050605255E1,1.312470703E0,1.218410122E1
9.248407958E0,-5.977819061E0,-9.005273438E0,2.134112091E0,1.101742732E1
9.258345958E0,-5.783373413E0,-8.257278900E0,1.050515442E0,1.013576073E1
9.268284958E0,-5.851182404E0,-7.913294220E0,-3.385958862E-1,9.847396006E0
9.278223958E0,-5.286257172E0,-7.058721313E0,-7.472460938E-1,8.850335485E0
9.288162958E0,-3.836222534E0,-5.763913879E0,-8.325686646E-1,6.973698956E0
9.298101958E0,-2.337838440E0,-4.416865082E0,-9.280700684E-1,5.082863344E0
9.308040958E0,-1.555565186E0,-3.848796387E0,-6.852749634E-1,4.207447973E0
9.317979958E0,-1.354982300E0,-3.890709229E0,-3.342549133E-1,4.133439449E0
9.327917958E0,-1.476828918E0,-4.525838470E0,-1.104702759E-1,4.761978706E0
9.337856958E0,-1.469943237E0,-5.700296173E0,-1.246907043E-1,5.888094544E0
9.347795958E0,-1.858834534E0,-7.086563416E0,-2.760260010E-1,7.331496247E0
9.357734958E0,-2.254461823E0,-8.212372284E0,-3.668870544E-1,8.524098941E0
9.367672875E0,-2.486030273E0,-9.221873016E0,-2.927911377E-1,9.555575080E0
9.377611875E0,-2.738405457E0,-1.035531601E1,2.935395813E-1,1.071529746E1
9.387550875E0,-3.195255432E0,-1.148636398E1,1.581012268E0,1.202687884E1
9.397488875E0,-3.917353821E0,-1.219858292E1,3.090024261E0,1.317950439E1
9.407427875E0,-4.723726959E0,-1.169203629E1,3.862717438E0,1.318855166E1
9.417366875E0,-5.379064178E0,-1.035606445E1,2.941982117E0,1.203485194E1
9.427305875E0,-5.851781158E0,-9.246871033E0,7.770341492E-1,1.097049446E1
9.437244875E0,-6.145021362E0,-8.858279114E0,-9.904902649E-1,1.082642450E1
9.447183875E0,-7.007677460E0,-9.180109863E0,-1.131946106E0,1.160445011E1
9.457122875E0,-8.026458893E0,-9.519304504E0,-4.790039063E-2,1.245164628E1
9.467060875E0,-8.757688293E0,-9.628726959E0,1.043629761E0,1.305751317E1
9.476999875E0,-9.045539703E0,-9.574839020E0,1.402134247E0,1.324633199E1
9.486938875E0,-8.976233826E0,-9.621990967E0,1.639989624E0,1.326065797E1
9.496877875E0,-8.554111633E0,-9.949958954E0,2.388283539E0,1.333710641E1
9.506816875E0,-7.928113403E0,-1.044168640E1,3.363355865E0,1.353499020E1
9.516755875E0,-7.651937714E0,-1.112726074E1,3.553909607E0,1.396418118E1
9.526694875E0,-7.992329865E0,-1.180879349E1,3.310066681E0,1.463835652E1
9.536632875E0,-8.494236145E0,-1.197345108E1,3.445235596E0,1.507929795E1
9.546571875E0,-8.722212067E0,-1.148845963E1,3.396586761E0,1.481885588E1
9.556510875E0,-9.051078186E0,-1.076740906E1,3.355422363E0,1.446091191E1
9.566449875E0,-9.029972076E0,-9.786947937E0,2.449805603E0,1.353980403E1
9.576388875E0,-8.568930817E0,-8.895401917E0,1.385069733E0,1.242872354E1
9.586327875E0,-7.539371796E0,-8.842561798E0,2.311942291E0,1.184812658E1
9.596266875E0,-5.679788818E0,-9.896520081E0,3.678450623E0,1.198883271E1
9.606204875E0,-4.267326050E0,-1.164084274E1,3.222199402E0,1.281022484E1
9.616143875E0,-3.154240723E0,-1.307037003E1,1.951940918E-1,1.344700368E1
9.626082875E0,-2.880310364E0,-1.293624893E1,-3.676205292E0,1.375344355E1
9.636021875E0,-3.299887848E0,-1.283251465E1,-5.106031952E0,1.419979769E1
9.645960875E0,-3.371289368E0,-1.346405136E1,-4.424349518E0,1.456781177E1
9.655899875E0,-3.111878815E0,-1.424572586E1,-3.607198792E0,1.502119763E1
9.665838875E0,-2.965782623E0,-1.502755005E1,-1.988764343E0,1.544598040E1
9.675776875E0,-3.676654358E0,-1.571462128E1,2.408790894E0,1.631776280E1
9.685715875E0,-3.799099731E0,-1.469239700E1,5.461692352E0,1.612853905E1
9.695654875E0,-3.156336365E0,-1.277862671E1,4.422403564E0,1.388572696E1
9.705593875E0,-2.665806427E0,-1.099643280E1,1.425485687E0,1.140438809E1
9.715532875E0,-1.728755035E0,-9.580527191E0,-1.619482269E0,9.869033289E0
9.725471875E0,-9.889933777E-1,-9.191935272E0,-3.104095001E0,9.752188868E0
9.735410875E0,-1.118773499E0,-8.995843048E0,-3.876339111E0,9.859150632E0
9.745349875E0,-1.395248566E0,-8.528814240E0,-3.834725647E0,9.454761323E0
9.755287875E0,-1.597328339E0,-8.043074341E0,-2.671045532E0,8.624209350E0
9.765226875E0,-1.979034576E0,-7.441325684E0,-1.279988251E0,7.805656648E0
9.775165875E0,-2.290686493E0,-6.872059479E0,-5.408253479E-1,7.263947835E0
9.785104875E0,-2.368824005E0,-6.352040863E0,-4.805007935E-1,6.796368979E0
9.795043875E0,-2.413431244E0,-5.955665131E0,-4.833448792E-1,6.444239272E0
9.804982875E0,-2.636018372E0,-5.811963959E0,-4.819976807E-1,6.399987475E0
9.814921875E0,-2.797233124E0,-5.784870300E0,-3.035687256E-1,6.432836972E0
9.824859875E0,-2.698737946E0,-5.875282288E0,-2.911445618E-1,6.472008468E0
9.834798875E0,-2.655926971E0,-6.008355560E0,-4.179309082E-1,6.582473005E0
9.844737875E0,-2.643951874E0,-6.222560120E0,-7.104226685E-1,6.798193607E0
9.854676875E0,-2.587070160E0,-6.348897400E0,-1.182391205E0,6.956973420E0
9.864615875E0,-2.149679718E0,-6.310577087E0,-1.596130829E0,6.855081304E0
9.874554875E0,-8.264314270E-1,-6.093528442E0,-1.635049896E0,6.362976186E0
9.884493875E0,6.051914978E-1,-5.871689758E0,-1.352886658E0,6.055848386E0
9.894431875E0,1.807341614E0,-5.813610535E0,-9.307644653E-1,6.158804563E0
9.904370875E0,2.704875183E0,-5.975573730E0,-3.845503235E-1,6.570518253E0
9.914309875E0,3.051404572E0,-6.206244049E0,2.760260010E-1,6.921323964E0
9.924248875E0,3.109034729E0,-6.385870514E0,9.392967224E-1,7.164336501E0
9.934187875E0,3.029699707E0,-6.585555267E0,1.629062347E0,7.429835976E0
9.944126875E0,2.440524902E0,-6.885381775E0,2.170037384E0,7.620610621E0
9.954065875E0,6.655160522E-1,-7.310198364E0,2.794239349E0,7.854278152E0
9.964003875E0,-2.195933533E0,-7.924969940E0,3.581302643E0,8.969559702E0
9.973942875E0,-5.484295349E0,-8.864715729E0,5.440286865E0,1.175829076E1
9.983881875E0,-9.935588837E0,-9.840386810E0,9.904004517E0,1.713588176E1
9.993820875E0,-1.574560684E1,-1.109971802E1,1.747915192E1,2.601247060E1
1.000375987E1,-1.859298569E1,-1.250769012E1,1.797956131E1,2.872988085E1
1.001369887E1,-1.657188858E1,-1.281889297E1,1.153576126E1,2.391705032E1
1.002363787E1,-1.505509277E1,-1.172002808E1,8.050708466E0,2.070818156E1
1.003357587E1,-1.412283142E1,-1.002959335E1,7.014263763E0,1.868815150E1
1.004351487E1,-1.259450958E1,-7.916886749E0,5.015470276E0,1.569884421E1
1.005345387E1,-1.080438217E1,-5.447022858E0,2.222278748E0,1.230216465E1
1.006339287E1,-8.850944366E0,-3.316203918E0,-8.382568359E-2,9.452166490E0
1.007333187E1,-7.242988129E0,-2.194586334E0,-8.861572266E-1,7.619866196E0
1.008327087E1,-6.334976349E0,-2.669698334E0,-8.202941895E-1,6.923301026E0
1.009320987E1,-5.853278046E0,-5.088668060E0,-1.913620605E0,7.988576239E0
1.010314787E1,-5.507497101E0,-8.494236145E0,-4.450844421E0,1.105868835E1
1.011308687E1,-5.451363831E0,-1.146241379E1,-6.474037170E0,1.424841938E1
1.012302587E1,-5.752387848E0,-1.321407120E1,-6.123166809E0,1.565869775E1
1.013296487E1,-6.709647217E0,-1.406265656E1,-1.062640228E0,1.561751835E1
1.014290387E1,-7.583679657E0,-1.528441589E1,7.516319733E0,1.864458711E1
1.015284287E1,-4.838538208E0,-1.610471008E1,8.513396301E0,1.884810482E1
1.016278187E1,-6.605763245E-1,-1.351734055E1,2.067201233E-1,1.353505041E1
1.017271987E1,1.401086426E0,-9.636211395E0,-5.083728333E0,1.098471242E1
1.018265887E1,2.496358795E0,-7.820187836E0,-2.185155945E0,8.494824985E0
1.019259787E1,4.758155365E0,-6.888525238E0,2.275717621E0,8.675869589E0
1.020253687E1,4.110452271E0,-6.555318146E0,8.261320496E-1,7.781420694E0
1.021247587E1,2.251617737E0,-7.194189606E0,-2.489772491E0,7.938835782E0
1.022241487E1,1.586700439E0,-7.953859863E0,-3.142864380E0,8.698224044E0
1.023235387E1,1.604962463E0,-8.908574524E0,-3.002156982E0,9.536852264E0
1.024229187E1,1.347048798E0,-1.016745667E1,-3.009342041E0,1.068867882E1
1.025223087E1,3.203338623E-1,-1.107322311E1,-2.932402039E0,1.145940075E1
1.026216988E1,-1.006806335E0,-1.117411331E1,-2.714604950E0,1.154311688E1
1.027210887E1,-1.767225037E0,-1.074630295E1,-2.692900085E0,1.121863727E1
1.028204787E1,-1.745969238E0,-1.020577698E1,-2.922223206E0,1.075851666E1
1.029198687E1,-8.767268372E-1,-9.439370728E0,-3.138822784E0,9.986119274E0
1.030192587E1,-2.676434326E-1,-8.794960785E0,-3.556454315E0,9.490591947E0
1.031186487E1,-4.577481079E-1,-8.782985687E0,-3.980223083E0,9.653628681E0
1.032180287E1,-1.393601990E0,-9.215436401E0,-3.779490509E0,1.005738252E1
1.033174187E1,-2.500999146E0,-9.595346375E0,-3.185375977E0,1.041500307E1
1.034168087E1,-3.383713531E0,-9.833501129E0,-2.694546661E0,1.074280426E1
1.035161988E1,-3.892355804E0,-9.940378876E0,-2.146685944E0,1.088897729E1
1.036155887E1,-5.020260315E0,-9.544751587E0,2.529889069E0,1.107725757E1
1.037149883E1,-6.215225372E0,-8.771759033E0,5.488037567E0,1.207026675E1
1.038143783E1,-6.171067200E0,-9.040749664E0,2.671494598E0,1.126739137E1
1.039137583E1,-5.794151001E0,-9.069040833E0,9.807604980E-1,1.080655258E1
1.040131483E1,-4.776417389E0,-8.696465607E0,4.323010254E-1,9.931241680E0
1.041125383E1,-3.385659485E0,-8.074359283E0,1.363963623E0,8.861058896E0
1.042119283E1,-2.244432678E0,-7.695048065E0,1.591939545E0,8.172240469E0
1.043113183E1,-2.435585175E0,-7.632328491E0,1.084345093E0,8.084572816E0
1.044107083E1,-3.404370575E0,-7.797135773E0,8.336164856E-1,8.548683040E0
1.045100983E1,-4.427492981E0,-7.973618774E0,7.496411133E-1,9.151133933E0
1.046094783E1,-5.148693237E0,-8.028554535E0,7.993377686E-1,9.571085144E0
1.047088683E1,-5.012476501E0,-8.097411346E0,5.463638306E-1,9.538946725E0
1.048082583E1,-4.348157959E0,-8.183632050E0,1.996847534E-1,9.269206285E0
1.049076483E1,-3.757785645E0,-8.386310577E0,3.936813354E-2,9.189815444E0
1.050070383E1,-3.711082764E0,-8.624914398E0,-3.502716064E-2,9.389489366E0
1.051064283E1,-3.949237518E0,-8.941955109E0,-1.077758789E-1,9.775819852E0
1.052058183E1,-3.991300049E0,-9.194330292E0,1.499880981E-1,1.002440432E1
1.053051983E1,-3.989204407E0,-9.101523285E0,8.915460205E-1,9.977290825E0
1.054045883E1,-4.078867950E0,-8.695866852E0,1.920506287E0,9.795080830E0
1.055039783E1,-4.273612976E0,-8.294701080E0,2.798580322E0,9.741554583E0
1.056033683E1,-4.405788116E0,-8.267008667E0,3.100652161E0,9.867545037E0
1.057027583E1,-4.551285553E0,-8.757388916E0,2.575993195E0,1.020008832E1
1.058021483E1,-4.790488129E0,-9.524842987E0,1.416204987E0,1.075532645E1
1.059015383E1,-5.259462891E0,-1.021445892E1,4.793032837E-1,1.149899355E1
1.060009283E1,-5.945785675E0,-1.052057236E1,3.216810608E-1,1.208876705E1
1.061003083E1,-6.721472626E0,-1.047671356E1,6.918612671E-1,1.246669135E1
1.061996983E1,-7.456144867E0,-1.028780640E1,8.011340332E-1,1.273086299E1
1.062990883E1,-8.079299011E0,-1.017164795E1,4.137396240E-1,1.299648703E1
1.063984783E1,-8.638386383E0,-1.020637573E1,2.365081787E-2,1.337132694E1
1.064978683E1,-9.182804260E0,-1.025502457E1,8.292755127E-2,1.376576550E1
1.065972583E1,-9.582173767E0,-1.030576904E1,7.107220459E-1,1.409014036E1
1.066966483E1,-9.704170074E0,-1.034408936E1,1.512604523E0,1.426390809E1
1.067960283E1,-9.447304230E0,-1.032448013E1,2.406695251E0,1.419995173E1
1.068954183E1,-8.806037750E0,-1.034304153E1,3.764371948E0,1.409593222E1
1.069948083E1,-8.129594421E0,-1.035351974E1,5.507946167E0,1.426965828E1
1.070941983E1,-7.745792542E0,-1.016057098E1,4.905898132E0,1.368584456E1
1.071935883E1,-7.360493774E0,-9.875563660E0,2.408042450E0,1.254999182E1
1.072929783E1,-6.410419464E0,-1.009246262E1,1.492097168E0,1.204896814E1
1.073923683E1,-4.858746185E0,-1.110525650E1,2.452649689E0,1.236728050E1
1.074917483E1,-2.980452118E0,-1.241772720E1,3.353027344E0,1.320325097E1
1.075911383E1,-2.225422211E0,-1.367601059E1,2.375110931E0,1.405798427E1
1.076905283E1,-2.767445068E0,-1.414378784E1,-9.759704590E-1,1.444499931E1
1.077899183E1,-3.478915558E0,-1.395413223E1,-3.608096924E0,1.482696946E1
1.078893083E1,-3.594475250E0,-1.401745056E1,-3.927981720E0,1.499460613E1
1.079886983E1,-3.113974457E0,-1.459405151E1,-2.606529694E0,1.514850400E1
1.080880883E1,-2.605332184E0,-1.560789322E1,-7.334747314E-3,1.582384720E1
1.081874783E1,-2.211800537E0,-1.611518829E1,3.078947296E0,1.655509806E1
1.082868583E1,-1.888023834E0,-1.520882309E1,4.519102478E0,1.597796048E1
1.083862483E1,-1.706900482E0,-1.359682526E1,3.399879913E0,1.411900668E1
1.084856383E1,-1.466201019E0,-1.187390808E1,8.306227112E-1,1.199288842E1
1.085850283E1,-1.512305145E0,-1.043435165E1,-9.380992126E-1,1.058502676E1
1.086844183E1,-1.689686279E0,-9.347761230E0,-2.033221893E0,9.714405335E0
1.087838083E1,-2.071242828E0,-8.674461365E0,-2.904709625E0,9.379427745E0
1.088831983E1,-2.201472015E0,-8.116870880E0,-2.880160675E0,8.889623020E0
1.089825783E1,-2.316432953E0,-7.599396973E0,-1.906585236E0,8.170175227E0
1.090819683E1,-2.568359070E0,-7.140900421E0,-8.969348145E-1,7.641558689E0
1.091813583E1,-2.664908295E0,-6.868616638E0,-3.128494263E-1,7.374110489E0
1.092807483E1,-2.469714203E0,-6.704857178E0,-1.321751404E-1,7.146472436E0
1.093801383E1,-2.375410309E0,-6.430777130E0,-1.722917175E-1,6.857634656E0
1.094795283E1,-2.415377197E0,-6.159690857E0,-1.797761536E-1,6.618773143E0
1.095789183E1,-2.581082611E0,-5.868995361E0,-1.538800049E-1,6.413327767E0
1.096782983E1,-2.628234558E0,-5.587131500E0,-3.697311401E-2,6.174546324E0
1.097776883E1,-2.508633270E0,-5.494923248E0,3.562591553E-2,6.040587024E0
1.098770783E1,-2.219734039E0,-5.597609711E0,-2.016307068E-1,6.025040134E0
1.099764683E1,-1.843117218E0,-5.714666290E0,-7.466473389E-1,6.050782936E0
1.100758583E1,-1.444047089E0,-5.725743256E0,-1.456471252E0,6.081999370E0
1.101752483E1,-8.397537231E-1,-5.544769592E0,-2.039059753E0,5.967195390E0
1.102746383E1,6.750961304E-2,-5.301824799E0,-2.241438904E0,5.756557313E0
1.103740183E1,9.624984741E-1,-5.084027710E0,-1.939067688E0,5.525732944E0
1.104734083E1,1.900298309E0,-4.860392761E0,-1.390907593E0,5.400849506E0
1.105727983E1,2.772534485E0,-4.767436066E0,-1.030756531E0,5.610512734E0
1.106721883E1,3.233725433E0,-4.883893890E0,-7.894583130E-1,5.910384432E0
1.107715783E1,3.242856445E0,-5.200635223E0,-5.718109131E-2,6.129110403E0
1.108709683E1,3.035836945E0,-5.596112823E0,1.496737518E0,6.540107636E0
1.109703583E1,1.760489044E0,-6.014193420E0,3.170257416E0,7.022846734E0
1.110697483E1,-8.330177307E-1,-6.482868805E0,4.687651978E0,8.043356734E0
1.111691283E1,-4.092639313E0,-7.464228058E0,7.359445953E0,1.125281484E1
1.112685183E1,-9.367819519E0,-9.198222198E0,1.377839767E1,1.903175180E1
1.113679083E1,-1.790606415E1,-1.199081497E1,2.290791275E1,3.145122006E1
1.114672983E1,-2.194601303E1,-1.515837799E1,1.978884888E1,3.321148071E1
1.115666883E1,-1.878458725E1,-1.595068039E1,1.060140427E1,2.682675335E1
1.116660783E1,-1.689267151E1,-1.420695648E1,8.603508911E0,2.369008925E1
1.117654683E1,-1.461860046E1,-1.152932465E1,7.982899475E0,2.025723304E1
1.118648483E1,-1.087323898E1,-8.037535858E0,4.431833954E0,1.422921153E1
1.119642383E1,-6.897356873E0,-4.390968933E0,1.509161682E0,8.314548032E0
1.120636283E1,-3.817960510E0,-2.253713379E0,1.244661713E0,4.604913596E0
1.121630183E1,-2.621498566E0,-1.349144440E0,1.298399963E0,3.221535024E0
1.122624083E1,-2.590513000E0,-2.628533936E0,-1.447489929E0,3.964237045E0
1.123617983E1,-2.532583466E0,-6.065836029E0,-3.933220825E0,7.660193979E0
1.124611883E1,-2.241438904E0,-9.971813507E0,-5.195994873E0,1.146557786E1
1.125605783E1,-2.719844055E0,-1.303279816E1,-5.372926941E0,1.435687025E1
1.126599583E1,-5.196893005E0,-1.512544647E1,2.451751556E0,1.618017038E1
1.127593483E1,-9.521998901E0,-1.805156158E1,1.083955902E1,2.310894585E1
1.128587383E1,-9.178463287E0,-1.915102524E1,5.810766449E0,2.201751491E1
1.129581283E1,-4.591701508E0,-1.566432587E1,-2.157613220E0,1.646542202E1
1.130575183E1,-1.245559845E0,-1.128937363E1,-6.678062897E0,1.317565559E1
1.131569083E1,1.193019104E-1,-8.682544556E0,-4.790039062E0,9.916919236E0
1.132562983E1,1.305585022E0,-7.263345795E0,-1.316063232E0,7.496183483E0
1.133556783E1,3.165018311E0,-6.097420349E0,1.893262939E0,7.126031180E0
1.134550683E1,2.097438354E0,-5.989045715E0,-1.704954529E-1,6.347990622E0
1.135544583E1,5.108876038E-1,-6.866670685E0,-2.768492889E0,7.421369504E0
1.136538483E1,3.486250305E-1,-7.726183319E0,-3.128793640E0,8.342948983E0
1.137532383E1,4.625381470E-2,-8.938212891E0,-3.307971039E0,9.530816412E0
1.138526283E1,-8.520281982E-1,-1.018347336E1,-3.126997375E0,1.068677661E1
1.139520183E1,-2.106269989E0,-1.066038162E1,-2.654130707E0,1.118590718E1
1.140514083E1,-2.769989777E0,-1.045545776E1,-2.477647705E0,1.109631374E1
1.141507883E1,-2.520159302E0,-9.999356232E0,-2.568808136E0,1.062718698E1
1.142501783E1,-1.912722473E0,-9.578431549E0,-2.761008453E0,1.015027221E1
1.143495683E1,-1.358425140E0,-9.257349243E0,-3.087180176E0,9.852640017E0
1.144489583E1,-1.258582764E0,-9.205706635E0,-3.235970764E0,9.838728170E0
1.145483483E1,-1.834435272E0,-9.488169250E0,-2.799179077E0,1.006110889E1
1.146477383E1,-2.606380005E0,-9.723629608E0,-2.225721588E0,1.030999641E1
1.147471283E1,-3.029999084E0,-9.749525757E0,-1.544338531E0,1.032565390E1
1.148465083E1,-3.859424286E0,-9.233249359E0,5.142406311E0,1.125132846E1
1.149458983E1,-4.310735779E0,-8.610843658E0,6.471492462E0,1.160212421E1
1.150452883E1,-4.256099396E0,-8.484506378E0,1.553619232E0,9.618469903E0
1.151446783E1,-3.878434753E0,-8.554560699E0,-1.005908203E0,9.446407582E0
1.152440683E1,-3.321892090E0,-8.393345947E0,-1.614392853E0,9.170032035E0
1.153434583E1,-2.908302155E0,-8.050858154E0,-3.553610229E-1,8.567427846E0
1.154428483E1,-2.876867523E0,-7.926466827E0,8.265811157E-1,8.472808239E0
1.155422283E1,-3.269351349E0,-8.008645935E0,7.448510742E-1,8.682273382E0
1.156416183E1,-3.953428802E0,-8.015980682E0,6.750961304E-2,8.938126378E0
1.157410083E1,-4.396208038E0,-7.968229980E0,-3.391946411E-1,9.106831894E0
1.158403983E1,-4.623285828E0,-7.969577179E0,-4.029620361E-1,9.222326749E0
1.159397883E1,-4.913532257E0,-7.909102936E0,-3.848497009E-1,9.319056700E0
1.160391783E1,-5.327122192E0,-7.776029663E0,-1.309776306E-1,9.426665546E0
1.161385683E1,-5.573210449E0,-7.785759430E0,1.992356873E-1,9.576973398E0
1.162379583E1,-5.482050018E0,-8.059839478E0,3.623963928E-1,9.754240921E0
1.163373383E1,-5.102589111E0,-8.618328094E0,4.665797424E-1,1.002644959E1
1.164367283E1,-4.649181976E0,-9.035660248E0,4.352947998E-1,1.017091592E1
1.165361183E1,-4.258195038E0,-9.197623444E0,4.831951904E-1,1.014701826E1
1.166355083E1,-4.017944641E0,-9.175319824E0,1.003812561E0,1.006667833E1
1.167348983E1,-4.042792969E0,-8.987460480E0,1.845811615E0,1.002624762E1
1.168342883E1,-4.432732086E0,-8.688981171E0,2.296075287E0,1.002095151E1
1.169336783E1,-5.121300201E0,-8.638835449E0,1.808988190E0,1.020439278E1
1.170330683E1,-6.027815094E0,-9.105864258E0,6.197113037E-1,1.093779506E1
1.171324483E1,-6.739584961E0,-9.709708557E0,-4.878355408E-1,1.182955744E1
1.172318383E1,-7.076983337E0,-9.952952728E0,-6.872209167E-1,1.223181237E1
1.173312283E1,-7.073241119E0,-9.761351166E0,3.727249146E-2,1.205471301E1
1.174306183E1,-6.877148895E0,-9.474846954E0,1.013392639E0,1.175137721E1
1.175300083E1,-6.699169006E0,-9.485624542E0,1.366059265E0,1.169282071E1
1.176293983E1,-6.694528656E0,-9.834548950E0,1.168919220E0,1.195413900E1
1.177287883E1,-6.767127686E0,-1.021415955E1,1.134341125E0,1.230486904E1
1.178281683E1,-6.829398193E0,-1.053464310E1,1.514101410E0,1.264562723E1
1.179275583E1,-6.974446564E0,-1.080123871E1,2.255509644E0,1.305361966E1
1.180269483E1,-7.276817780E0,-1.104777603E1,2.961142273E0,1.355631940E1
1.181263383E1,-7.653584290E0,-1.118144806E1,3.587888947E0,1.401695688E1
1.182257283E1,-8.014783173E0,-1.099852844E1,4.374952240E0,1.429491463E1
1.183251183E1,-8.434061279E0,-1.059556641E1,5.203030243E0,1.450761665E1
1.184245083E1,-8.896449738E0,-1.014425491E1,5.466482391E0,1.455799284E1
1.185238983E1,-9.058263245E0,-9.115893402E0,3.682492218E0,1.336833552E1
1.186232783E1,-8.820258179E0,-8.001909943E0,1.345851288E0,1.198494192E1
1.187226683E1,-7.819589081E0,-7.806266785E0,-2.032772827E-1,1.105102240E1
1.188220583E1,-6.435417480E0,-8.805888062E0,-1.248403931E-1,1.090751337E1
1.189214483E1,-5.529800720E0,-1.070618637E1,8.089178467E-1,1.207706383E1
1.190208383E1,-4.489913177E0,-1.271261398E1,5.014572144E-2,1.348229911E1
1.191202283E1,-4.179758148E0,-1.377690079E1,-2.710862732E0,1.464998806E1
1.192196183E1,-4.378844147E0,-1.395547943E1,-4.066743164E0,1.518117526E1
1.193189983E1,-4.257596283E0,-1.449211349E1,-3.075354767E0,1.541448301E1
1.194183883E1,-4.006568298E0,-1.548664536E1,-1.121018829E0,1.603575558E1
1.195177783E1,-3.993395691E0,-1.639271118E1,1.074016571E0,1.690626217E1
1.196171683E1,-3.819008331E0,-1.602058502E1,2.749033356E0,1.669733971E1
1.197165583E1,-3.732937317E0,-1.453657104E1,2.838098145E0,1.527421094E1
1.198159483E1,-3.482358398E0,-1.277757889E1,1.288969574E0,1.330619348E1
1.199153383E1,-2.948119354E0,-1.115540222E1,-1.594184875E-1,1.153948962E1
1.200147183E1,-2.669997711E0,-9.944121094E0,-7.719447327E-1,1.032522788E1
1.201141083E1,-2.394420776E0,-8.954379272E0,-1.232536926E0,9.350577858E0
1.202134983E1,-2.140548706E0,-8.213270416E0,-1.460213470E0,8.612315779E0
1.203128883E1,-2.002984772E0,-7.875123596E0,-1.319356384E0,8.232267058E0
1.204122783E1,-1.961670685E0,-7.545059967E0,-6.054908752E-1,7.819379834E0
1.205116683E1,-1.854194183E0,-7.248676300E0,-4.017645264E-1,7.492847183E0
1.206110583E1,-1.658251648E0,-7.016958160E0,-3.350033569E-1,7.218014104E0
1.207104483E1,-1.595382385E0,-6.776707764E0,-6.342311096E-1,6.990798393E0
1.208098283E1,-1.723964996E0,-6.498137054E0,-1.112336884E0,6.814332970E0
1.209092183E1,-2.069895630E0,-6.229745178E0,-1.050814819E0,6.648188076E0
1.210086083E1,-2.552342377E0,-5.974525909E0,-4.752616882E-1,6.514237110E0
1.211079983E1,-2.972668304E0,-5.730084229E0,-4.834945679E-2,6.455459688E0
1.212073883E1,-2.872676239E0,-5.607040100E0,-8.113128662E-2,6.300615029E0
1.213067783E1,-2.270179138E0,-5.660928040E0,-5.213658142E-1,6.121408490E0
1.214061683E1,-1.441502380E0,-5.818849640E0,-1.158890076E0,6.105732262E0
1.215055583E1,-6.336323547E-1,-6.001170502E0,-1.627565460E0,6.250160532E0
1.216049383E1,2.106120300E-1,-6.034551086E0,-1.765728149E0,6.291101663E0
1.217043283E1,1.153800659E0,-5.925128632E0,-1.536854095E0,6.228990751E0
1.218037183E1,2.067201233E0,-5.826783142E0,-1.199605408E0,6.297918375E0
1.219031083E1,2.920576630E0,-5.736670532E0,-5.769003296E-1,6.463123907E0
1.220024983E1,3.452121277E0,-5.776038666E0,3.817062378E-2,6.729132260E0
1.221018883E1,3.477119293E0,-5.894442444E0,5.442681885E-1,6.865204889E0
1.222012783E1,3.390599213E0,-6.079607391E0,1.156195679E0,7.056527298E0
1.223006683E1,3.359463959E0,-6.454877014E0,2.365979919E0,7.651751194E0
1.224000483E1,2.078876953E0,-6.994654541E0,4.356091461E0,8.498379513E0
1.224994383E1,-1.155746613E0,-7.310198364E0,6.261628876E0,9.694469894E0
1.225988283E1,-4.902754669E0,-8.052355042E0,8.722361755E0,1.284355946E1
1.226982183E1,-9.874665527E0,-9.527836761E0,1.339594299E1,1.917654769E1
1.227976083E1,-1.585562805E1,-1.146016846E1,1.746702713E1,2.622657886E1
1.228969983E1,-1.882694916E1,-1.344534027E1,1.631741776E1,2.831058657E1
1.229963883E1,-1.714025665E1,-1.364188156E1,1.167152893E1,2.482164213E1
1.230957683E1,-1.544742691E1,-1.200204163E1,7.982151031E0,2.112786635E1
1.231951583E1,-1.355446335E1,-9.852810974E0,6.905140686E0,1.812408146E1
1.232945483E1,-1.105915237E1,-7.521409149E0,4.394561462E0,1.407794791E1
1.233939383E1,-8.879534912E0,-4.953349457E0,2.230361938E0,1.040943445E1
1.234933283E1,-7.257208557E0,-3.019820251E0,2.529140625E0,8.257296331E0
1.235927183E1,-7.171287231E0,-3.036585388E0,3.422782288E0,8.506682665E0
1.236921087E1,-8.103099518E0,-5.340743866E0,2.039808197E0,9.916883801E0
1.237914987E1,-8.675808563E0,-8.796607361E0,-2.340233459E0,1.257484187E1
1.238908787E1,-6.740034027E0,-1.193513077E1,-7.737859039E0,1.574007203E1
1.239902687E1,-4.073778534E0,-1.326885727E1,-7.633675690E0,1.584080962E1
1.240896587E1,-2.462229767E0,-1.356179810E1,3.598965912E0,1.424561331E1
1.241890487E1,-2.881507874E0,-1.330568069E1,8.975934448E0,1.630679691E1
1.242884387E1,-3.042722626E0,-1.295376251E1,-8.318202209E-1,1.333229347E1
1.243878287E1,-1.322948914E0,-1.188034470E1,-3.392245789E0,1.242578430E1
1.244872188E1,-2.198927307E-1,-9.900411987E0,-3.693269806E0,1.056914151E1
1.245866087E1,2.683918762E-1,-8.642577667E0,-3.049907684E0,9.168866877E0
1.246859887E1,1.125509491E0,-8.291407928E0,-1.534758453E0,8.507038295E0
1.247853787E1,1.154998169E0,-8.513096924E0,-1.704804840E0,8.758607169E0
1.248847687E1,8.443940735E-1,-9.138047333E0,-1.874701538E0,9.366505019E0
1.249841587E1,7.689509583E-1,-9.703122253E0,-2.017654266E0,9.940462554E0
1.250835487E1,9.773176575E-1,-1.016955231E1,-2.329755249E0,1.047867852E1
1.251829387E1,1.003962250E0,-1.070603668E1,-2.421514435E0,1.102229077E1
1.252823287E1,1.520837402E-1,-1.113848740E1,-2.426903229E0,1.140082849E1
1.253817087E1,-1.422940979E0,-1.093895233E1,-2.273472290E0,1.126295323E1
1.254810987E1,-1.930535431E0,-1.017269577E1,-2.168390808E0,1.057887636E1
1.255804887E1,-1.851649475E0,-9.241182861E0,-2.008822632E0,9.636567585E0
1.256798787E1,-1.578916626E0,-8.569978638E0,-1.859133911E0,8.910324936E0
1.257792687E1,-1.156045990E0,-8.186027069E0,-1.950893097E0,8.494319595E0
1.258786587E1,-9.214837646E-1,-8.105344849E0,-2.297721863E0,8.474979245E0
1.259780487E1,-1.282832336E0,-8.490344238E0,-2.360740814E0,8.905318707E0
1.260774387E1,-2.106569366E0,-9.090146942E0,-1.720372467E0,9.488313198E0
1.261768187E1,-2.883753204E0,-9.536219330E0,-1.065484314E0,1.001951937E1
1.262762087E1,-4.910538483E0,-9.662406921E0,6.514752502E0,1.264584896E1
1.263755987E1,-6.366560669E0,-9.343120880E0,9.115594025E0,1.452312146E1
1.264749887E1,-5.400918732E0,-9.068142700E0,2.655477905E-1,1.055801358E1
1.265743787E1,-4.290827179E0,-9.093739471E0,-2.665357361E0,1.040247208E1
1.266737687E1,-3.800297241E0,-8.958570557E0,-2.872077484E0,1.014628378E1
1.267731587E1,-3.785328369E0,-8.546178131E0,-1.906734924E0,9.539471137E0
1.268725487E1,-3.990850983E0,-7.908204803E0,-3.685336304E-1,8.865800123E0
1.269719287E1,-4.341122589E0,-7.405550079E0,8.108638000E-1,8.622355677E0
1.270713187E1,-4.639152832E0,-7.299271088E0,9.633966064E-1,8.702254330E0
1.271707087E1,-4.737498322E0,-7.526797943E0,2.219883728E-1,8.896395701E0
1.272700987E1,-4.859644318E0,-7.787256317E0,-4.026626587E-1,9.188016166E0
1.273694887E1,-5.092410278E0,-7.831264801E0,-6.503974915E-1,9.363993151E0
1.274688787E1,-5.468128967E0,-7.798033905E0,-2.183958435E-1,9.526671188E0
1.275682687E1,-5.861810303E0,-7.752528534E0,4.450245667E-1,9.729366144E0
1.276676587E1,-5.843248901E0,-7.876321106E0,5.047503662E-1,9.820120408E0
1.277670387E1,-5.436544647E0,-8.319399719E0,4.231700134E-1,9.947235910E0
1.278664287E1,-4.813689880E0,-8.773106232E0,3.737727356E-1,1.001392577E1
1.279658187E1,-4.124073944E0,-8.926836548E0,5.349874878E-1,9.847974830E0
1.280652087E1,-3.462150421E0,-8.791517944E0,9.538165283E-1,9.496685699E0
1.281645988E1,-3.063828735E0,-8.522976379E0,1.585353241E0,9.194646148E0
1.282639887E1,-3.228486328E0,-8.430319061E0,1.970053253E0,9.239832967E0
1.283633787E1,-3.822151794E0,-8.570876770E0,1.839524689E0,9.563086532E0
1.284627587E1,-4.753515015E0,-8.899742889E0,1.058898010E0,1.014507730E1
1.285621487E1,-5.866600342E0,-9.297615509E0,-3.254232788E-1,1.099857055E1
1.286615387E1,-6.990762634E0,-9.752220154E0,-1.425934753E0,1.208345357E1
1.287609287E1,-7.773634644E0,-1.009889923E1,-1.532363434E0,1.283609360E1
1.288603187E1,-8.146958313E0,-9.962383118E0,-5.267546082E-1,1.288019711E1
1.289597087E1,-8.198002167E0,-9.436676331E0,7.068301392E-1,1.252029187E1
1.290590988E1,-7.817044373E0,-9.106463013E0,1.307830353E0,1.207245922E1
1.291584887E1,-7.396718445E0,-9.204209747E0,1.470841370E0,1.189925608E1
1.292578687E1,-6.992558899E0,-9.574090576E0,1.723665619E0,1.198040540E1
1.293572587E1,-6.659800873E0,-9.984237671E0,2.169438629E0,1.219608189E1
1.294566487E1,-6.682403870E0,-1.045560745E1,2.786305847E0,1.271761569E1
1.295560387E1,-7.106921082E0,-1.090721832E1,3.044219513E0,1.336948059E1
1.296554287E1,-7.612270203E0,-1.117306549E1,3.099155273E0,1.387042946E1
1.297548187E1,-7.911947021E0,-1.101125198E1,3.531007233E0,1.401123078E1
1.298542087E1,-8.212821350E0,-1.058254349E1,3.857178955E0,1.393981674E1
1.299535987E1,-8.829239502E0,-1.019649628E1,4.043092346E0,1.408085943E1
1.300529787E1,-9.302255859E0,-9.480984192E0,3.051554260E0,1.362838981E1
1.301523687E1,-9.344318390E0,-8.597371674E0,7.099736023E-1,1.271751345E1
1.302517587E1,-8.440797272E0,-8.178991699E0,1.068777466E-1,1.175390942E1
1.303511487E1,-6.831194458E0,-8.840615845E0,1.238823853E0,1.124083586E1
1.304505387E1,-5.296286316E0,-1.056009018E1,1.611399078E0,1.192320260E1
1.305499287E1,-4.655917969E0,-1.230561035E1,-1.701960754E-1,1.315806160E1
1.306493187E1,-4.898413696E0,-1.321317307E1,-2.872077484E0,1.438162815E1
1.307487087E1,-4.616250458E0,-1.341944412E1,-3.869453430E0,1.470931401E1
1.308480887E1,-4.070036316E0,-1.392015289E1,-3.150648193E0,1.484124106E1
1.309474787E1,-3.501967621E0,-1.494327530E1,-1.647474060E0,1.543630217E1
1.310468687E1,-2.935395813E0,-1.587942856E1,1.523831177E-1,1.614918018E1
1.311462587E1,-2.524500275E0,-1.623793304E1,1.581461334E0,1.650892459E1
1.312456487E1,-2.606230316E0,-1.553604263E1,2.334994354E0,1.592523958E1
1.313450387E1,-2.981200562E0,-1.397703461E1,1.964514771E0,1.442582308E1
1.314444287E1,-2.932851105E0,-1.231788483E1,7.560777283E-1,1.268477653E1
1.315438187E1,-2.843486938E0,-1.075229050E1,-3.948788452E-1,1.112893069E1
1.316431987E1,-2.847229156E0,-9.441765747E0,-1.126557312E0,9.925864480E0
1.317425887E1,-2.596051483E0,-8.351133728E0,-1.482217712E0,8.870055648E0
1.318419787E1,-2.352208557E0,-7.791447601E0,-1.748064880E0,8.324378154E0
1.319413687E1,-2.093247070E0,-7.555837555E0,-1.354982300E0,7.956653913E0
1.320407587E1,-2.117346954E0,-7.259304199E0,-7.391629028E-1,7.597829781E0
1.321401487E1,-2.170785828E0,-6.975644073E0,-5.191204834E-1,7.324029453E0
1.322395387E1,-2.134561157E0,-6.892566833E0,-4.236190796E-1,7.227951440E0
1.323389287E1,-2.104773102E0,-6.770869904E0,-5.520520020E-1,7.111927339E0
1.324383087E1,-2.197430420E0,-6.528972931E0,-7.343728638E-1,6.927877849E0
1.325376987E1,-2.515069885E0,-6.258934479E0,-6.047424316E-1,6.772410999E0
1.326370887E1,-2.911744995E0,-6.099066925E0,-3.540138245E-1,6.767732416E0
1.327364787E1,-3.085383911E0,-6.095025330E0,-4.079017639E-1,6.843632917E0
1.328358687E1,-2.769840088E0,-6.213728485E0,-7.909552002E-1,6.848944877E0
1.329352587E1,-1.992506561E0,-6.398743744E0,-1.127904510E0,6.796040942E0
1.330346487E1,-8.568182373E-1,-6.519243164E0,-1.301393738E0,6.702857196E0
1.331340387E1,3.290158081E-1,-6.580615540E0,-1.356179810E0,6.726958894E0
1.332334187E1,1.153501282E0,-6.675667877E0,-1.284628601E0,6.895315617E0
1.333328087E1,1.933828583E0,-6.741830292E0,-1.232237549E0,7.121121965E0
1.334321987E1,2.604883118E0,-6.645131378E0,-1.059646454E0,7.215679989E0
1.335315887E1,3.040327606E0,-6.364015961E0,-7.146139526E-1,7.089073579E0
1.336309788E1,3.094065857E0,-6.057752838E0,-2.371069336E-1,6.806308300E0
1.337303646E1,3.074157257E0,-5.786516876E0,2.727328491E-1,6.558094510E0
1.338297546E1,3.192261658E0,-5.714666290E0,1.256187744E0,6.665279660E0
1.339291446E1,2.627935181E0,-5.884862366E0,2.892584839E0,7.064325547E0
1.340285246E1,-2.483335876E-1,-6.031557312E0,5.044509888E0,7.866920184E0
1.341279146E1,-4.145329742E0,-6.530020752E0,7.241940308E0,1.059578355E1
1.342273046E1,-8.855135651E0,-7.502997437E0,1.072908875E1,1.580575032E1
1.343266946E1,-1.548245407E1,-9.249266052E0,1.657533142E1,2.449483452E1
1.344260846E1,-2.109578110E1,-1.181088913E1,1.921075104E1,3.088012367E1
1.345254746E1,-1.964365082E1,-1.314850754E1,1.191896439E1,2.647296697E1
1.346248646E1,-1.728276031E1,-1.225381805E1,6.511459351E0,2.216413689E1
1.347242546E1,-1.534414169E1,-1.050171158E1,5.786217499E0,1.947328794E1
1.348236346E1,-1.170446045E1,-8.152646484E0,3.030298462E0,1.458227513E1
1.349230246E1,-7.922874298E0,-5.682333527E0,9.243278503E-1,9.793632290E0
1.350224146E1,-4.939877472E0,-3.802392883E0,1.525627441E0,6.417797143E0
1.351218046E1,-3.972439270E0,-3.145858154E0,3.166365509E0,5.975162577E0
1.352211946E1,-3.809128876E0,-4.401596832E0,3.189716949E0,6.637605870E0
1.353205846E1,-3.980971527E0,-7.977810059E0,1.254391479E0,9.003726207E0
1.354199746E1,-4.044439545E0,-1.197539703E1,-7.738906860E-2,1.264015880E1
1.355193646E1,-3.804787903E0,-1.478580276E1,-1.472338257E0,1.533832306E1
1.356187446E1,-4.321213989E0,-1.567076248E1,3.300636292E-1,1.625898610E1
1.357181346E1,-5.856870575E0,-1.567001404E1,4.552932129E0,1.733728537E1
1.358175246E1,-6.337670746E0,-1.510209503E1,3.134930878E0,1.667534517E1
1.359169146E1,-4.622238007E0,-1.283356247E1,-1.391506348E0,1.371137118E1
1.360163046E1,-1.916764069E0,-9.950108643E0,-4.073778534E0,1.092127822E1
1.361156946E1,2.404000854E-1,-7.465575256E0,-3.895199890E0,8.424083825E0
1.362150846E1,1.209784241E0,-6.125112762E0,-2.116448822E0,6.592415330E0
1.363144746E1,1.750010834E0,-5.858517151E0,-7.921527100E-1,6.165408911E0
1.364138546E1,1.093625793E0,-6.195616150E0,-1.105151825E0,6.387725527E0
1.365132446E1,7.694000244E-2,-6.988367615E0,-1.956730957E0,7.257547638E0
1.366126346E1,-4.358935547E-1,-8.019722900E0,-2.282752991E0,8.349665850E0
1.367120246E1,-8.747808838E-1,-9.217382355E0,-2.745291138E0,9.657225404E0
1.368114146E1,-1.378034363E0,-1.046069687E1,-2.972668304E0,1.096183901E1
1.369108046E1,-2.051184540E0,-1.128428421E1,-2.786156158E0,1.180275791E1
1.370101946E1,-3.106190643E0,-1.144519958E1,-2.632874908E0,1.214796461E1
1.371095846E1,-3.351380768E0,-1.090826614E1,-2.442770233E0,1.167001070E1
1.372089646E1,-2.940185852E0,-9.944270782E0,-2.202519836E0,1.060114654E1
1.373083546E1,-2.496658173E0,-9.260941772E0,-2.058219910E0,9.809924247E0
1.374077446E1,-1.969005432E0,-8.899742889E0,-2.137405243E0,9.362206314E0
1.375071346E1,-1.742825775E0,-8.745264130E0,-2.227368164E0,9.191205325E0
1.376065246E1,-2.117945709E0,-8.890462189E0,-1.979633331E0,9.351200997E0
1.377059146E1,-2.716850281E0,-9.114995270E0,-1.522184601E0,9.632313335E0
1.378053046E1,-3.304528198E0,-9.386829987E0,2.446961517E0,1.024793172E1
1.379046946E1,-3.779939575E0,-9.520651703E0,8.414901123E0,1.325674594E1
1.380040746E1,-3.847000122E0,-9.316176910E0,3.107388153E0,1.054734200E1
1.381034646E1,-3.642375641E0,-9.021888885E0,-4.797523499E-1,9.741228962E0
1.382028546E1,-3.280428314E0,-8.752598877E0,-1.731150055E0,9.506107381E0
1.383022446E1,-3.179987183E0,-8.403225403E0,-2.114951935E0,9.230359545E0
1.384016346E1,-3.148103485E0,-7.940986633E0,-1.465751953E0,8.667078692E0
1.385010246E1,-3.416495361E0,-7.642207947E0,-1.914518738E-1,8.373316946E0
1.386004146E1,-3.875890045E0,-7.733967133E0,1.933978271E-1,8.652986419E0
1.386998046E1,-4.310586090E0,-8.011789398E0,1.481918335E-2,9.097809704E0
1.387991846E1,-4.688550110E0,-8.211025085E0,-4.058061218E-1,9.464043200E0
1.388985746E1,-4.976102142E0,-8.310867462E0,-6.623725891E-1,9.709317584E0
1.389979646E1,-5.430856476E0,-8.351283417E0,-3.427871704E-1,9.967729923E0
1.390973546E1,-5.834117889E0,-8.201744385E0,3.088078308E-1,1.006980163E1
1.391967446E1,-6.013295288E0,-8.033494263E0,8.457412720E-1,1.007035395E1
1.392961346E1,-5.859864349E0,-7.961793365E0,8.933422852E-1,9.926037690E0
1.393955246E1,-5.445675659E0,-7.987240448E0,6.262976074E-1,9.687292813E0
1.394949146E1,-4.923262024E0,-8.152496796E0,4.555027771E-1,9.534631390E0
1.395942946E1,-4.328698425E0,-8.362360382E0,7.354206848E-1,9.444974579E0
1.396936846E1,-3.897894287E0,-8.452472992E0,1.287921753E0,9.396628225E0
1.397930746E1,-3.848047943E0,-8.546178131E0,1.860181732E0,9.555360260E0
1.398924646E1,-4.018244019E0,-8.369246063E0,2.132615204E0,9.525681722E0
1.399918546E1,-4.518803101E0,-8.179740143E0,1.740879822E0,9.505703173E0
1.400912446E1,-5.434449005E0,-8.463699646E0,6.310876465E-1,1.007798191E1
1.401906346E1,-6.425837402E0,-9.105714569E0,-8.629554749E-1,1.117810880E1
1.402900246E1,-6.959926758E0,-9.444909210E0,-1.575922852E0,1.183766967E1
1.403894046E1,-7.193590851E0,-9.391470337E0,-9.410929871E-1,1.186731311E1
1.404887946E1,-7.222331085E0,-9.090895386E0,3.432362366E-1,1.161569009E1
1.405881846E1,-7.134912872E0,-9.161997528E0,8.949888611E-1,1.164689596E1
1.406875746E1,-6.954987030E0,-9.585466919E0,6.906637573E-1,1.186296915E1
1.407869646E1,-6.657405853E0,-1.002839584E1,7.708969116E-1,1.206167724E1
1.408863546E1,-6.444099426E0,-1.048479675E1,1.268312531E0,1.237198436E1
1.409857446E1,-6.649023285E0,-1.105136856E1,1.800755310E0,1.302247969E1
1.410851346E1,-6.903643799E0,-1.153171967E1,2.399659882E0,1.365281010E1
1.411845146E1,-7.094496918E0,-1.168739594E1,3.341501312E0,1.407454231E1
1.412839046E1,-7.070397034E0,-1.133712433E1,4.388424225E0,1.406339822E1
1.413832946E1,-7.305108948E0,-1.076621155E1,4.528233490E0,1.377609619E1
1.414826846E1,-8.177644501E0,-1.038270905E1,3.902235260E0,1.378049189E1
1.415820746E1,-8.939111023E0,-9.967622223E0,2.955454102E0,1.371115997E1
1.416814646E1,-9.268426208E0,-9.231602783E0,1.429826660E0,1.315943079E1
1.417808546E1,-8.896599426E0,-8.625812531E0,7.515870667E-1,1.241446762E1
1.418802446E1,-7.536827087E0,-9.078321533E0,1.050814819E0,1.184583877E1
1.419796346E1,-6.035299530E0,-1.076276871E1,1.988315277E0,1.249861706E1
1.420790146E1,-4.994962921E0,-1.299687286E1,2.180964661E0,1.409343697E1
1.421784046E1,-4.170327759E0,-1.460168564E1,-7.322772217E-1,1.520319332E1
1.422777946E1,-4.002975769E0,-1.492471390E1,-3.519780579E0,1.584802055E1
1.423771846E1,-3.639082489E0,-1.521226593E1,-3.573069763E0,1.604440038E1
1.424765746E1,-3.428320770E0,-1.579724945E1,-2.054328003E0,1.629499116E1
1.425759646E1,-3.241958313E0,-1.627775024E1,6.366261292E-1,1.660965802E1
1.426753546E1,-2.911295929E0,-1.611159576E1,3.128194885E0,1.666867617E1
1.427747446E1,-2.753074951E0,-1.468625977E1,3.545077972E0,1.535686249E1
1.428741246E1,-2.950065308E0,-1.288864792E1,1.878593445E0,1.335474612E1
1.429735146E1,-3.328927460E0,-1.124746078E1,1.960922241E-2,1.172977053E1
1.430729046E1,-3.412154388E0,-9.839488678E0,-1.859433289E0,1.057902770E1
1.431722946E1,-3.322790222E0,-8.655450897E0,-2.879112854E0,9.708092290E0
1.432716846E1,-3.124752045E0,-8.007747803E0,-2.831212463E0,9.050075371E0
1.433710746E1,-2.974165192E0,-7.649393005E0,-1.916315002E0,8.427997101E0
1.434704646E1,-2.822680206E0,-7.104675751E0,-9.398954773E-1,7.702424591E0
1.435698546E1,-2.779869232E0,-6.608906708E0,-8.382568359E-1,7.218586797E0
1.436692346E1,-2.971770172E0,-6.218219147E0,-1.064735870E0,6.973616693E0
1.437686296E1,-3.052153015E0,-6.052064667E0,-1.325044556E0,6.906436696E0
1.438680196E1,-3.084186401E0,-5.908662872E0,-1.293310547E0,6.789488557E0
1.439674096E1,-3.198548584E0,-5.792803802E0,-1.081650696E0,6.705017313E0
1.440667996E1,-3.280278625E0,-5.712121582E0,-8.262817383E-1,6.638622021E0
1.441661896E1,-3.288960571E0,-5.701793060E0,-6.962022400E-1,6.619093843E0
1.442655796E1,-3.071462860E0,-5.911506958E0,-7.985893250E-1,6.709511422E0
1.443649696E1,-2.394121399E0,-6.159391479E0,-1.205592957E0,6.717393471E0
1.444643496E1,-1.652563477E0,-6.369105377E0,-1.548230438E0,6.759695765E0
1.445637396E1,-9.358538818E-1,-6.413413239E0,-1.881736908E0,6.748972192E0
1.446631296E1,-7.050338745E-2,-6.239924011E0,-2.180365906E0,6.610266097E0
1.447625196E1,1.091230774E0,-6.092779999E0,-2.190095673E0,6.565765132E0
1.448619096E1,2.385439453E0,-5.929170227E0,-1.815724182E0,6.643962317E0
1.449612996E1,3.462449799E0,-5.688470764E0,-1.198856964E0,6.766425664E0
1.450606896E1,3.722309418E0,-5.443879395E0,-7.053332520E-1,6.632413230E0
1.451600796E1,3.523971863E0,-5.266198883E0,-1.562750244E-1,6.338426481E0
1.452594696E1,3.378175049E0,-5.214256897E0,5.466632080E-1,6.236936933E0
1.453588496E1,3.527564392E0,-5.346282349E0,1.849853210E0,6.666963506E0
1.454582396E1,3.606150970E0,-6.035748596E0,4.045187988E0,8.111604761E0
1.455576296E1,9.430389404E-1,-6.960226135E0,6.480773163E0,9.556908030E0
1.456570196E1,-3.382516022E0,-8.261021118E0,9.353898468E0,1.292986083E1
1.457564096E1,-9.005123749E0,-1.029843430E1,1.673669586E1,2.161635934E1
1.458557996E1,-1.717139191E1,-1.272893005E1,2.221200989E1,3.082621844E1
1.459551896E1,-2.060659836E1,-1.491902573E1,1.608135864E1,3.009683240E1
1.460545796E1,-1.835872284E1,-1.512080612E1,1.017479141E1,2.586905221E1
1.461539596E1,-1.653371796E1,-1.305974213E1,8.366701355E0,2.266985632E1
1.462533496E1,-1.372705444E1,-1.018347336E1,7.533084869E0,1.867839717E1
1.463527396E1,-9.579030304E0,-7.254663849E0,3.714974670E0,1.257732109E1
1.464521296E1,-5.998625793E0,-4.489613800E0,5.864804077E-1,7.515590646E0
1.465515196E1,-3.414399719E0,-2.477947083E0,1.009051666E0,4.337802722E0
1.466509096E1,-2.216291199E0,-1.426383820E0,2.908302155E0,3.924887119E0
1.467502996E1,-2.886896667E0,-2.492017822E0,3.670367432E0,5.293006922E0
1.468496896E1,-5.230572968E0,-6.109395447E0,6.270460510E-1,8.067018845E0
1.469490796E1,-7.214996338E0,-1.010473709E1,-3.989503784E0,1.304139656E1
1.470484596E1,-8.524922333E0,-1.344743591E1,-5.773943024E0,1.693653599E1
1.471478496E1,-1.120719452E1,-1.563034653E1,1.616189117E0,1.930080332E1
1.472472396E1,-1.273461823E1,-1.696182770E1,5.962550812E0,2.203238780E1
1.473466296E1,-8.339308319E0,-1.586700439E1,-5.948629761E-1,1.793487535E1
1.474460196E1,-3.366199951E0,-1.199590439E1,-4.803061981E0,1.335299325E1
1.475454096E1,-2.664459229E-2,-8.783135376E0,-3.132236481E0,9.324970903E0
1.476447996E1,2.646047516E0,-6.381679230E0,-4.252656555E-1,6.921578442E0
1.477441896E1,2.610571289E0,-5.213508453E0,-3.662882996E-1,5.842081818E0
1.478435696E1,1.225202179E0,-5.406457214E0,-2.173779602E0,5.954512385E0
1.479429596E1,1.237925720E-1,-6.294410706E0,-2.852168884E0,6.911569871E0
1.480423496E1,-7.155120850E-2,-7.577692108E0,-2.463876343E0,7.968514535E0
1.481417396E1,-2.782713318E-1,-9.202712860E0,-2.708018646E0,9.596912207E0
1.482411296E1,-2.850073242E-1,-1.087653214E1,-3.213517456E0,1.134490524E1
1.483405196E1,-4.393363953E-1,-1.222837097E1,-3.380270691E0,1.269457770E1
1.484399096E1,-1.245260468E0,-1.275332932E1,-3.162024536E0,1.319835147E1
1.485392996E1,-2.069895630E0,-1.233809280E1,-2.934946747E0,1.285017176E1
1.486386796E1,-2.033521271E0,-1.136766083E1,-2.605182495E0,1.183832325E1
1.487380696E1,-1.606609039E0,-1.023047562E1,-2.270029449E0,1.060173843E1
1.488374596E1,-9.562115479E-1,-9.419312439E0,-2.045795746E0,9.686230824E0
1.489368496E1,-1.469943237E-1,-8.936865692E0,-2.146985321E0,9.192318625E0
1.490362396E1,3.284170532E-1,-8.752299500E0,-2.460583191E0,9.097531200E0
1.491356296E1,-2.233355713E-1,-8.955876160E0,-2.287543030E0,9.246104568E0
1.492350196E1,-1.124311981E0,-9.265282745E0,-1.893113251E0,9.523309276E0
1.493344096E1,-1.938468933E0,-9.485474854E0,-7.683522034E-1,9.711964791E0
1.494337996E1,-3.437900848E0,-9.312285004E0,7.354655914E0,1.235430200E1
1.495331796E1,-3.948638763E0,-8.875343628E0,6.774013367E0,1.184275009E1
1.496325696E1,-3.851939850E0,-8.482560425E0,3.038681030E-2,9.316232893E0
1.497319596E1,-3.506907349E0,-8.605754242E0,-2.113904114E0,9.530267353E0
1.498313496E1,-3.072660370E0,-8.696914673E0,-2.048639832E0,9.448517965E0
1.499307396E1,-3.022814026E0,-8.580606537E0,-1.571282501E0,9.232179692E0
1.500301296E1,-3.173400879E0,-8.322094116E0,-7.394622803E-1,8.937255064E0
1.501295196E1,-3.229534149E0,-7.952662354E0,1.215472412E-1,8.584259028E0
1.502289096E1,-3.329077148E0,-7.608827362E0,5.598358154E-1,8.324087015E0
1.503282896E1,-3.551215210E0,-7.314539337E0,7.702981567E-1,8.167433773E0
1.504276796E1,-3.974983978E0,-7.149282990E0,9.412426758E-1,8.233995547E0
1.505270696E1,-4.696633301E0,-7.291936340E0,8.753796387E-1,8.717625219E0
1.506264596E1,-5.263953552E0,-7.589367828E0,5.818400574E-1,9.254525860E0
1.507258496E1,-5.627098389E0,-8.096363525E0,2.466870117E-1,9.862869415E0
1.508252396E1,-5.881569214E0,-8.614286499E0,1.766326904E-2,1.043068072E1
1.509246296E1,-6.000122681E0,-9.064250793E0,-1.392105103E-2,1.087024877E1
1.510240196E1,-5.863307190E0,-9.316476288E0,6.855743408E-2,1.100816977E1
1.511234096E1,-5.746549988E0,-9.491163025E0,3.329077148E-1,1.110026305E1
1.512227896E1,-5.921985168E0,-9.638606415E0,7.378157043E-1,1.133653448E1
1.513221796E1,-6.253246307E0,-9.451645203E0,1.125509491E0,1.138874260E1
1.514215696E1,-6.451583862E0,-8.852141876E0,1.234632568E0,1.102305165E1
1.515209596E1,-6.485263824E0,-8.353528748E0,8.533753967E-1,1.060982276E1
1.516203496E1,-6.616690521E0,-8.265661469E0,2.145039368E-1,1.058998418E1
1.517197396E1,-7.000791779E0,-8.539142761E0,-1.312770081E-1,1.104288360E1
1.518191296E1,-7.403005371E0,-8.884774017E0,3.715274048E-1,1.157072731E1
1.519185196E1,-7.558232574E0,-9.402547302E0,1.290466461E0,1.213260397E1
1.520179096E1,-7.290140076E0,-1.016072067E1,1.616039429E0,1.260943973E1
1.521172896E1,-6.875801697E0,-1.071217392E1,1.448088684E0,1.281109987E1
1.522166796E1,-6.451134796E0,-1.099478622E1,1.606758728E0,1.284850722E1
1.523160696E1,-6.165079651E0,-1.113294891E1,2.192790070E0,1.291352341E1
1.524154596E1,-6.557114410E0,-1.134894974E1,2.952909393E0,1.343555296E1
1.525148496E1,-7.624544678E0,-1.164473465E1,3.460054779E0,1.434243723E1
1.526142396E1,-8.922794952E0,-1.180130905E1,4.042194214E0,1.533709553E1
1.527136296E1,-1.000130219E1,-1.142005188E1,5.440286865E0,1.612576670E1
1.528130196E1,-1.078237793E1,-1.039423508E1,6.974446564E0,1.652097762E1
1.529123996E1,-1.113220047E1,-9.135951691E0,3.793710938E0,1.489240556E1
1.530117896E1,-1.021700363E1,-8.122858429E0,-1.526824951E0,1.314150626E1
1.531111796E1,-9.503886566E0,-7.640261993E0,-8.869056702E-1,1.222636761E1
1.532105696E1,-8.752149811E0,-8.137378235E0,2.199226685E0,1.215128178E1
1.533099596E1,-7.299720154E0,-1.038390656E1,2.475552063E0,1.293212232E1
1.534093496E1,-5.946683807E0,-1.218960159E1,-1.261726227E0,1.362135780E1
1.535087396E1,-5.015919342E0,-1.302022430E1,-4.604874115E0,1.469321454E1
1.536081296E1,-4.876409454E0,-1.330642914E1,-4.934788055E0,1.500641725E1
1.537075196E1,-4.527035980E0,-1.391296783E1,-3.695664825E0,1.509048267E1
1.538068996E1,-4.052522736E0,-1.489941650E1,-2.025138702E0,1.557294896E1
1.539062896E1,-3.651806030E0,-1.586535782E1,-3.472778320E-1,1.628391439E1
1.540056796E1,-3.091521149E0,-1.604962463E1,4.034111023E-1,1.634963897E1
1.541050696E1,-2.911744995E0,-1.546329391E1,2.195933533E-1,1.573657964E1
1.542044596E1,-2.968327332E0,-1.445588882E1,-4.252656555E-1,1.476362218E1
1.543038496E1,-2.898123322E0,-1.333501968E1,-9.116043091E-1,1.367672809E1
1.544032396E1,-2.839145966E0,-1.201102295E1,-1.053060150E0,1.238686231E1
1.545026296E1,-3.011138306E0,-1.061936691E1,-1.247805176E0,1.110832684E1
1.546020096E1,-2.708168335E0,-9.339827728E0,-1.210083618E0,9.799533667E0
1.547013996E1,-2.198178864E0,-8.657845917E0,-1.158590698E0,9.007364689E0
1.548007896E1,-1.618135071E0,-8.209378510E0,-1.674567719E0,8.533254576E0
1.549001796E1,-1.357377319E0,-7.760611725E0,-1.878593445E0,8.099301258E0
1.549995696E1,-1.431173859E0,-7.447911987E0,-1.723815308E0,7.777608296E0
1.550989596E1,-1.466500397E0,-7.206164703E0,-1.082698517E0,7.433146657E0
1.551983496E1,-1.525627441E0,-6.967860260E0,-6.613247681E-1,7.163516325E0
1.552977396E1,-1.878892822E0,-6.662345581E0,-6.294410706E-1,6.950775708E0
1.553971296E1,-2.147883453E0,-6.345454559E0,-2.345622253E-1,6.703224324E0
1.554965096E1,-2.336491241E0,-6.065237274E0,1.640588379E-1,6.501785125E0
1.555958996E1,-2.610720978E0,-6.004613342E0,8.936416626E-2,6.548223528E0
1.556952896E1,-2.433489532E0,-6.130501556E0,-2.793191528E-1,6.601737637E0
1.557946796E1,-1.779798889E0,-6.193670197E0,-9.568103027E-1,6.514961285E0
1.558940696E1,-7.217990112E-1,-6.177503815E0,-1.439706116E0,6.383987852E0
1.559934596E1,6.180647278E-1,-6.112688599E0,-1.492396545E0,6.322516379E0
1.560928496E1,1.754351807E0,-5.992189178E0,-1.286424866E0,6.374870222E0
1.561922396E1,2.730621643E0,-5.858367462E0,-9.954299927E-1,6.539697604E0
1.562916296E1,3.620820465E0,-5.677992554E0,-7.586224365E-1,6.776831729E0
1.563910096E1,4.073329468E0,-5.447471924E0,-3.981719971E-1,6.813626366E0
1.564903996E1,4.124523010E0,-5.212161255E0,3.128494263E-1,6.654035600E0
1.565897896E1,4.247118073E0,-5.027595062E0,1.386117554E0,6.725774744E0
1.566891796E1,4.293820953E0,-4.995262299E0,2.617606659E0,7.088117411E0
1.567885696E1,2.763104095E0,-5.315296783E0,4.030518494E0,7.220263393E0
1.568879596E1,-1.151705017E0,-5.918991394E0,5.792654114E0,8.361562369E0
1.569873496E1,-5.007237396E0,-7.012018433E0,8.230933685E0,1.191591785E1
1.570867396E1,-9.091045074E0,-8.426576843E0,1.181328415E1,1.712331686E1
1.571861196E1,-1.386192398E1,-9.979747009E0,1.458986023E1,2.246357737E1
1.572855096E1,-1.713262253E1,-1.211999634E1,1.462129486E1,2.557739880E1
1.573848996E1,-1.643537247E1,-1.387689285E1,1.295106812E1,2.510816179E1
1.574842896E1,-1.559681625E1,-1.368035156E1,1.134805161E1,2.364721910E1
1.575836796E1,-1.461425949E1,-1.223361008E1,9.518256683E0,2.130340363E1
1.576830696E1,-1.242760666E1,-9.844428406E0,5.114115143E0,1.665870198E1
1.577824596E1,-1.040097107E1,-6.889123993E0,1.320404205E0,1.254526587E1
1.578818496E1,-8.569080505E0,-3.818110199E0,4.998106384E-1,9.394515255E0
1.579812396E1,-6.747069397E0,-1.254840546E0,1.444196777E0,7.013078823E0
1.580806196E1,-5.632337494E0,4.017645264E-1,2.415227509E0,6.141495282E0
1.581800096E1,-5.846991119E0,1.398092651E-1,1.042282562E0,5.940808423E0
1.582793996E1,-6.555018768E0,-2.972518616E0,-4.765340424E0,8.632068543E0
1.583787896E1,-5.983357544E0,-7.353009338E0,-1.008198441E1,1.383884834E1
1.584781796E1,-5.715115356E0,-1.160087585E1,-1.055739578E1,1.669435443E1
1.585775696E1,-7.978857880E0,-1.510957947E1,-4.511468353E0,1.767243366E1
1.586769596E1,-1.422581726E1,-1.952839050E1,1.562061676E1,2.877039416E1
1.587763496E1,-1.179741714E1,-2.340652588E1,1.849254456E1,3.207832148E1
1.588757396E1,-2.910996552E0,-2.022040146E1,1.829645233E0,2.051063475E1
1.589751196E1,2.026635590E0,-1.318203781E1,-8.256829834E0,1.568593675E1
1.590745096E1,4.286785583E0,-8.946894836E0,-3.963907013E0,1.068344592E1
1.591738996E1,6.484066315E0,-6.458469543E0,2.115401001E0,9.393075439E0
1.592732896E1,5.911057892E0,-5.153483276E0,7.957452393E-1,7.882398478E0
1.593726796E1,3.376827850E0,-5.618266754E0,-3.321443024E0,7.348460479E0
1.594720696E1,2.065404968E0,-6.445746002E0,-4.124073944E0,7.926003098E0
1.595714596E1,1.867366791E0,-7.263196106E0,-3.961362305E0,8.481360016E0
1.596708496E1,1.594035187E0,-8.333021393E0,-4.053420868E0,9.402681237E0
1.597702396E1,7.911048889E-1,-9.562265167E0,-3.850442963E0,1.033869784E1
1.598696196E1,-8.246351624E-1,-1.045455963E1,-3.225642242E0,1.097190084E1
1.599690096E1,-1.515598297E0,-1.087219116E1,-2.716251526E0,1.130838632E1
1.600683996E1,-1.178648987E0,-1.087892715E1,-2.545756073E0,1.123481835E1
1.601677896E1,-5.260061646E-1,-1.050829788E1,-2.631527710E0,1.084554955E1
1.602671796E1,1.823208618E-1,-9.936337280E0,-3.107537842E0,1.041253240E1
1.603665696E1,5.363346863E-1,-9.583371277E0,-3.977378998E0,1.038981249E1
1.604659596E1,-9.759704590E-2,-9.758507080E0,-4.140090637E0,1.060086488E1
1.605653496E1,-1.168320465E0,-1.005099884E1,-3.718417511E0,1.078026805E1
1.606647396E1,-1.952240295E0,-1.020368134E1,-3.152893524E0,1.085666121E1
1.607641196E1,-2.492915955E0,-1.019005966E1,-2.499202881E0,1.078415323E1
1.608635096E1,-3.040327606E0,-1.011491592E1,-1.789678345E0,1.071251906E1
1.609628996E1,-3.831731873E0,-9.828262024E0,3.502716064E-1,1.055460060E1
1.610622896E1,-5.825286255E0,-8.339757385E0,7.242389374E0,1.248750243E1
1.611616796E1,-6.236481171E0,-8.493487701E0,3.578009491E0,1.112812575E1
1.612610696E1,-5.885012054E0,-9.207652588E0,-4.761598206E-1,1.093805107E1
1.613604596E1,-5.440885620E0,-9.089248810E0,-1.649120636E0,1.072088052E1
1.614598496E1,-4.930147705E0,-8.476123810E0,-8.416996765E-1,9.841721881E0
1.615592396E1,-4.448000336E0,-7.605085144E0,1.097667389E0,8.878451483E0
1.616586196E1,-3.822301483E0,-6.992708588E0,2.589165802E0,8.379244690E0
1.617580096E1,-3.684737549E0,-7.033274231E0,2.360441437E0,8.283472761E0
1.618573996E1,-4.256099396E0,-7.267986145E0,1.603016510E0,8.573661213E0
1.619567896E1,-5.112468567E0,-7.311395874E0,1.468596039E0,9.041604880E0
1.620561796E1,-5.393284607E0,-7.501650238E0,1.328936462E0,9.334256653E0
1.621555696E1,-5.184618530E0,-7.967631226E0,5.927673340E-1,9.524431204E0
1.622549596E1,-4.774770813E0,-8.525820465E0,1.329235840E-1,9.772702779E0
1.623543496E1,-4.498445435E0,-9.096882935E0,-1.911524963E-1,1.015016402E1
1.624537296E1,-4.455335083E0,-9.463620300E0,-4.870870972E-1,1.047126419E1
1.625531196E1,-4.462969208E0,-9.479636993E0,-3.878434753E-1,1.048484784E1
1.626525096E1,-4.428690491E0,-8.993148651E0,3.802093506E-1,1.003167889E1
1.627518996E1,-4.516707458E0,-8.229287109E0,1.414408722E0,9.493279972E0
1.628512896E1,-4.912334747E0,-7.973918152E0,1.529818726E0,9.489718051E0
1.629506796E1,-5.357658691E0,-8.432414703E0,7.610174561E-1,1.001944469E1
1.630500696E1,-5.599405975E0,-9.131910095E0,5.328918457E-2,1.071204784E1
1.631494596E1,-5.672304382E0,-9.712402954E0,5.927673340E-2,1.124763628E1
1.632488496E1,-5.889652405E0,-1.001372635E1,5.767506409E-1,1.163165346E1
1.633482396E1,-6.250252533E0,-9.967472534E0,9.928852844E-1,1.180686185E1
1.634476196E1,-6.751859436E0,-9.846823425E0,8.355624390E-1,1.196852965E1
1.635470096E1,-7.274572449E0,-9.854008484E0,4.532574463E-1,1.225668511E1
1.636463996E1,-7.723937988E0,-9.806108093E0,3.769161987E-1,1.248843624E1
1.637457871E1,-8.222700806E0,-9.897118835E0,4.549040222E-1,1.287527504E1
1.638451771E1,-8.645571442E0,-1.020487885E1,4.930746460E-1,1.338389257E1
1.639445671E1,-8.984017639E0,-1.042177780E1,6.584806824E-1,1.377532658E1
1.640439571E1,-9.196276245E0,-1.053628967E1,1.387015686E0,1.405377918E1
1.641433471E1,-9.134454803E0,-1.055290512E1,2.946772156E0,1.426483569E1
1.642427271E1,-8.761580200E0,-1.041638901E1,5.954617310E0,1.485678010E1
1.643421171E1,-8.267008667E0,-9.947114868E0,8.715176697E0,1.559624414E1
1.644415071E1,-8.152197418E0,-9.021888885E0,5.537883911E0,1.336117360E1
1.645408971E1,-7.694449310E0,-8.118667145E0,-6.060896301E-1,1.120199317E1
1.646402871E1,-6.649921417E0,-8.089777222E0,-7.679031372E-1,1.050026788E1
1.647396771E1,-5.557343445E0,-9.267977142E0,1.787283325E0,1.095325742E1
1.648390671E1,-4.286785583E0,-1.144265488E1,2.411185913E0,1.245490661E1
1.649384571E1,-3.790268097E0,-1.341285782E1,1.189875641E0,1.398880592E1
1.650378471E1,-3.942052460E0,-1.411325134E1,-1.784139862E0,1.476166644E1
1.651372371E1,-4.309089203E0,-1.425665314E1,-3.568130035E0,1.531508930E1
1.652366171E1,-4.443509674E0,-1.489881775E1,-2.591710510E0,1.576186892E1
1.653360071E1,-4.477039948E0,-1.614482666E1,-3.152444458E-1,1.675704907E1
1.654353971E1,-4.171375580E0,-1.715732117E1,1.312620392E0,1.770584695E1
1.655347871E1,-3.186723175E0,-1.729772919E1,1.926793213E0,1.769404340E1
1.656341771E1,-2.793191528E0,-1.662098648E1,1.671124878E0,1.693669888E1
1.657335671E1,-3.076252899E0,-1.501347931E1,8.298742676E-1,1.534785275E1
1.658329571E1,-3.007845154E0,-1.341600128E1,6.617738342E-1,1.376496159E1
1.659323471E1,-2.339035950E0,-1.155102951E1,3.855981445E-1,1.179177925E1
1.660317371E1,-1.881587219E0,-9.424102478E0,-3.667373657E-1,9.617098017E0
1.661311171E1,-2.002386017E0,-7.904612274E0,-1.241667938E0,8.248283714E0
1.662305071E1,-2.025438080E0,-7.028334503E0,-1.656006317E0,7.499482797E0
1.663298971E1,-2.201621704E0,-6.460714874E0,-1.389111328E0,6.965457996E0
1.664292871E1,-2.406695251E0,-6.086193695E0,-9.849517822E-1,6.618464002E0
1.665286771E1,-2.328258362E0,-6.065237274E0,-4.846920776E-1,6.514815162E0
1.666280671E1,-2.109413452E0,-6.221212921E0,-3.041674805E-1,6.576141207E0
1.667274571E1,-2.032024384E0,-6.236032104E0,-2.103126526E-1,6.562122440E0
1.668268471E1,-2.196232910E0,-6.195616150E0,-6.990463257E-2,6.573734489E0
1.669262371E1,-2.327809296E0,-5.998775482E0,-1.187031555E-1,6.435689073E0
1.670256171E1,-2.331551514E0,-5.776936798E0,-2.140548706E-1,6.233373943E0
1.671250071E1,-2.182461548E0,-5.631589050E0,-4.532574463E-1,6.056680275E0
1.672243971E1,-1.857038269E0,-5.601052551E0,-7.753875732E-1,5.951605389E0
1.673237871E1,-1.396745453E0,-5.701343994E0,-1.176703033E0,5.986722912E0
1.674231771E1,-9.276210022E-1,-5.786816254E0,-1.737137604E0,6.112721990E0
1.675225671E1,-4.207749939E-1,-5.776936798E0,-2.066452789E0,6.149819306E0
1.676219571E1,4.147874451E-1,-5.685626678E0,-2.012415161E0,6.045511900E0
1.677213471E1,1.419348450E0,-5.536087646E0,-1.514999542E0,5.912532458E0
1.678207371E1,2.301464081E0,-5.297184448E0,-9.092092896E-1,5.846670978E0
1.679201171E1,3.100951538E0,-5.044958954E0,-6.215075684E-1,5.954307932E0
1.680195071E1,3.654500427E0,-5.010380859E0,-3.312611389E-1,6.210396418E0
1.681188971E1,3.731739807E0,-5.203778687E0,3.430865479E-1,6.412714167E0
1.682182871E1,3.709436188E0,-5.563780060E0,1.574126587E0,6.869748168E0
1.683176771E1,2.839145966E0,-6.060896301E0,3.704945526E0,7.649956545E0
1.684170671E1,9.834548950E-2,-6.597081299E0,6.214925995E0,9.064020003E0
1.685164571E1,-3.605252838E0,-7.748337250E0,8.803343353E0,1.226920667E1
1.686158471E1,-9.138795776E0,-9.841883698E0,1.481214798E1,1.999449901E1
1.687152371E1,-1.861588806E1,-1.306453217E1,2.441063782E1,3.336334107E1
1.688146171E1,-2.296195038E1,-1.624661499E1,2.012834290E1,3.458834849E1
1.689140071E1,-1.965966751E1,-1.620979156E1,9.842183075E0,2.731535167E1
1.690133971E1,-1.739188339E1,-1.350267105E1,7.815098419E0,2.336397862E1
1.691127871E1,-1.411759232E1,-1.012359787E1,7.537874908E0,1.893708543E1
1.692121771E1,-9.591304779E0,-6.495442657E0,2.818039856E0,1.192162956E1
1.693115671E1,-5.684728546E0,-3.235072632E0,3.109034729E-1,6.548167266E0
1.694109571E1,-3.099005585E0,-1.378333740E0,1.825903015E0,3.851955521E0
1.695103471E1,-2.154320068E0,-1.722468109E0,1.699865112E0,3.239989621E0
1.696097371E1,-2.323618011E0,-5.481151886E0,-3.757186890E0,7.039792609E0
1.697091171E1,-2.374961243E0,-1.041818527E1,-7.342830505E0,1.296519129E1
1.698085071E1,-3.373085632E0,-1.384066818E1,-7.520211639E0,1.610886047E1
1.699078971E1,-5.875282288E0,-1.717258942E1,9.072633362E-1,1.817250384E1
1.700072871E1,-1.130045059E1,-1.985096970E1,9.965676270E0,2.492139412E1
1.701066771E1,-1.022957748E1,-1.814885925E1,5.864804077E-1,2.084152842E1
1.702060671E1,-3.939058685E0,-1.324894867E1,-7.131320343E0,1.555334543E1
1.703054571E1,-3.947291565E-1,-9.556277618E0,-5.372328186E0,1.096996642E1
1.704048471E1,2.896177368E0,-6.844965820E0,-8.074209595E-1,7.476184123E0
1.705042371E1,3.899391174E0,-5.434449005E0,1.332079926E0,6.820038449E0
1.706036271E1,1.750759277E0,-5.785319366E0,-1.337768097E0,6.190694767E0
1.707030071E1,1.354682922E-1,-6.840624847E0,-2.669398956E0,7.344262437E0
1.708023971E1,9.520202637E-2,-8.046217804E0,-2.220033417E0,8.347408744E0
1.709017871E1,2.218386841E-1,-9.505982208E0,-2.172432404E0,9.753582557E0
1.710011771E1,-5.388793945E-2,-1.100496506E1,-2.117197266E0,1.120690341E1
1.711005671E1,-8.807684326E-1,-1.191507248E1,-2.163750458E0,1.214193235E1
1.711999571E1,-1.768422546E0,-1.189920547E1,-2.122436371E0,1.221569259E1
1.712993471E1,-1.909279633E0,-1.126617188E1,-1.965562592E0,1.159462866E1
1.713987371E1,-1.818268890E0,-1.050769913E1,-1.705104218E0,1.079931586E1
1.714981271E1,-1.645378418E0,-9.848769379E0,-1.385518799E0,1.008093204E1
1.715975071E1,-1.301693115E0,-9.234446869E0,-9.325607300E-1,9.372250715E0
1.716968971E1,-1.649120636E0,-8.543184357E0,6.878196716E-1,8.728040658E0
1.717962871E1,-2.458936615E0,-8.229736176E0,2.566862183E0,8.964580763E0
1.718956771E1,-2.927312622E0,-8.326734467E0,2.972069550E0,9.313262773E0
1.719950671E1,-3.555256805E0,-8.226293335E0,2.453996887E0,9.291601246E0
1.720944571E1,-3.920497284E0,-8.291258240E0,-2.276765442E-1,9.174262846E0
1.721938471E1,-3.795806580E0,-8.661588135E0,-2.155966644E0,9.699456107E0
1.722932371E1,-3.688629456E0,-8.831335144E0,-2.484234009E0,9.887865609E0
1.723926271E1,-3.741020508E0,-8.838520203E0,-2.222727814E0,9.851659390E0
1.724920071E1,-3.933969269E0,-8.531808014E0,-1.663640442E0,9.541255772E0
1.725913971E1,-4.176015930E0,-8.062384186E0,-6.343807983E-1,9.101845242E0
1.726907871E1,-4.455484772E0,-7.739206238E0,6.614744568E-1,8.954563429E0
1.727901771E1,-4.525688782E0,-7.599696350E0,1.182989960E0,8.923940206E0
1.728895671E1,-4.465214539E0,-7.658374329E0,4.276606750E-1,8.875344043E0
1.729889571E1,-4.511767731E0,-7.809859314E0,-7.090754700E-1,9.047250333E0
1.730883471E1,-4.635709991E0,-7.924670563E0,-1.203197937E0,9.259476007E0
1.731877371E1,-4.901557159E0,-7.771838379E0,-9.312135315E-1,9.235469291E0
1.732871271E1,-5.281317444E0,-7.622748413E0,-2.171983337E-1,9.276086590E0
1.733865171E1,-5.477259979E0,-7.669151917E0,2.285746765E-1,9.427009832E0
1.734858971E1,-5.322481842E0,-7.893385620E0,-1.034349060E-1,9.520769312E0
1.735852871E1,-4.967869263E0,-8.489595795E0,-2.749781799E-1,9.840151156E0
1.736846771E1,-4.589605865E0,-9.131311340E0,1.971400452E-1,1.022175097E1
1.737840708E1,-4.187991028E0,-9.338181152E0,1.143172760E0,1.029794834E1
1.738834608E1,-3.923940125E0,-9.230704651E0,2.306852875E0,1.029197671E1
1.739828508E1,-4.072281647E0,-9.199868774E0,3.142415314E0,1.054020101E1
1.740822408E1,-4.561464386E0,-9.084907837E0,3.097209320E0,1.062709807E1
1.741816308E1,-5.319787445E0,-9.018745422E0,1.902244263E0,1.064220093E1
1.742810208E1,-6.212830353E0,-9.302405548E0,2.498304749E-1,1.118912084E1
1.743804008E1,-7.018904114E0,-9.774673462E0,-1.154549103E0,1.208893047E1
1.744797908E1,-7.414531403E0,-1.009006760E1,-1.538800049E0,1.261557155E1
1.745791808E1,-7.937394104E0,-9.996661835E0,-5.388793945E-1,1.277598779E1
1.746785708E1,-8.206684113E0,-9.535620575E0,1.231040039E0,1.264093286E1
1.747779608E1,-7.627987518E0,-8.998387756E0,2.234253845E0,1.200620948E1
1.748773508E1,-6.683152313E0,-8.819360046E0,2.283351746E0,1.129864291E1
1.749767408E1,-5.881120148E0,-8.992849274E0,2.990630951E0,1.115359968E1
1.750761308E1,-5.386847992E0,-9.479487305E0,4.729265442E0,1.188464398E1
1.751755208E1,-5.749693451E0,-1.023317001E1,5.266049194E0,1.286499193E1
1.752749008E1,-6.917864227E0,-1.104807541E1,3.968846741E0,1.362602510E1
1.753742908E1,-8.116721191E0,-1.143067978E1,2.747835846E0,1.428608431E1
1.754736808E1,-8.685238953E0,-1.088356750E1,2.012714539E0,1.406898849E1
1.755730708E1,-8.552764435E0,-9.746981049E0,9.909393311E-1,1.300520587E1
1.756724608E1,-8.737630005E0,-9.204060059E0,1.402583313E-1,1.269175213E1
1.757718508E1,-8.945098572E0,-9.423803101E0,5.225633240E-1,1.300368893E1
1.758712408E1,-8.083939362E0,-1.008078690E1,4.754113770E-1,1.293052033E1
1.759706308E1,-6.673572235E0,-1.079120956E1,-7.095245361E-2,1.268825459E1
1.760700208E1,-5.599855042E0,-1.159623550E1,-9.151968384E-1,1.291002090E1
1.761694108E1,-4.732708282E0,-1.236458771E1,-1.993853760E0,1.338868962E1
1.762687908E1,-4.189637604E0,-1.290122177E1,-2.856659546E0,1.386200167E1
1.763681808E1,-3.968846741E0,-1.338980576E1,-2.754122772E0,1.423459992E1
1.764675708E1,-3.828438721E0,-1.393452301E1,-1.826651459E0,1.456586867E1
1.765669608E1,-3.850592651E0,-1.434197571E1,-6.848258972E-1,1.486567582E1
1.766663508E1,-3.900888062E0,-1.425470718E1,2.856060791E-1,1.478158230E1
1.767657408E1,-3.484903107E0,-1.383857254E1,7.411088562E-1,1.428985241E1
1.768651308E1,-3.180136871E0,-1.331481171E1,5.945635986E-1,1.370222563E1
1.769645208E1,-3.251538391E0,-1.260887970E1,-1.131646729E-1,1.302187219E1
1.770639108E1,-3.189716949E0,-1.155073013E1,-7.006929016E-1,1.200352579E1
1.771632908E1,-2.968626709E0,-1.038525375E1,-5.292993164E-1,1.081417578E1
1.772626808E1,-2.814896393E0,-9.474846954E0,-5.990542603E-1,9.902284207E0
1.773620708E1,-2.631228333E0,-8.742869110E0,-1.069525909E0,9.192660577E0
1.774614608E1,-2.107467499E0,-8.209528198E0,-1.035845947E0,8.538779147E0
1.775608508E1,-1.885628815E0,-7.760611725E0,-6.131250000E-1,8.009907155E0
1.776602408E1,-1.791474609E0,-7.262148285E0,-1.088237000E-1,7.480643126E0
1.777596308E1,-1.779050446E0,-6.781797180E0,-2.372566223E-1,7.015275061E0
1.778590208E1,-2.025138702E0,-6.423143005E0,-3.270698547E-1,6.742768535E0
1.779584108E1,-2.349813538E0,-6.136938171E0,-2.956352234E-1,6.578072207E0
1.780578008E1,-2.593506775E0,-5.787564697E0,4.011657715E-2,6.342222943E0
1.781571808E1,-2.653531952E0,-5.509443054E0,1.224453735E-1,6.116386798E0
1.782565708E1,-2.386636963E0,-5.406906281E0,-4.035607910E-1,5.923979476E0
1.783559608E1,-1.713636475E0,-5.523962860E0,-1.055904236E0,5.879255854E0
1.784553508E1,-8.352630615E-1,-5.688620453E0,-1.487007751E0,5.938792730E0
1.785547408E1,1.204994202E-1,-5.837860107E0,-1.519340515E0,6.033533488E0
1.786541308E1,1.108594666E0,-5.922733612E0,-1.207688599E0,6.145426537E0
1.787535208E1,2.258353729E0,-6.016738129E0,-7.843688965E-1,6.474297942E0
1.788529108E1,3.372636566E0,-6.138584747E0,-1.414558411E-1,7.005491408E0
1.789523008E1,3.687731323E0,-6.252348175E0,5.743556213E-1,7.281559201E0
1.790516808E1,3.529360657E0,-6.265820160E0,1.153201904E0,7.283320915E0
1.791510708E1,3.200045471E0,-6.241121521E0,1.529369659E0,7.178499872E0
1.792504608E1,2.104773102E0,-6.359076233E0,2.178869019E0,7.043819315E0
1.793498508E1,-8.592132568E-1,-6.409970398E0,3.299139404E0,7.260185172E0
1.794492408E1,-4.190535736E0,-6.791227570E0,4.490212555E0,9.156602560E0
1.795486308E1,-7.917934570E0,-7.887996826E0,6.430477753E0,1.289438738E1
1.796480208E1,-1.224723175E1,-9.395212555E0,9.499395905E0,1.812465798E1
1.797474108E1,-1.599783234E1,-1.077474380E1,1.213227081E1,2.278634983E1
1.798468008E1,-1.658910278E1,-1.145612686E1,1.169263504E1,2.330576941E1
1.799461908E1,-1.611488892E1,-1.103789658E1,8.645721130E0,2.136055476E1
1.800455708E1,-1.596609833E1,-9.675130463E0,6.521039429E0,1.977494375E1
1.801449608E1,-1.399409912E1,-7.699538727E0,3.451821899E0,1.634113770E1
1.802443508E1,-1.140807678E1,-5.621410217E0,7.117698669E-1,1.273778179E1
1.803437408E1,-9.536668396E0,-3.814517670E0,-7.304809570E-2,1.027151036E1
1.804431308E1,-8.103847961E0,-3.020868073E0,4.270619202E-1,8.659121063E0
1.805425208E1,-6.880292358E0,-3.016826477E0,1.296753387E0,7.623728371E0
1.806419108E1,-5.711373138E0,-3.779490509E0,7.376660156E-1,6.888285911E0
1.807413008E1,-4.590354309E0,-5.663921814E0,-2.934497681E0,7.858921022E0
1.808406908E1,-3.332220612E0,-8.230334930E0,-5.829627228E0,1.062198950E1
1.809400808E1,-2.017953644E0,-1.077683945E1,-5.840554504E0,1.242274053E1
1.810394608E1,-1.174906769E0,-1.281275574E1,-7.153623962E-1,1.288638269E1
1.811388508E1,-2.024240570E0,-1.466470459E1,1.121842117E1,1.857428556E1
1.812382408E1,-5.552104340E0,-1.724189529E1,1.262983612E1,2.208215516E1
1.813376308E1,-7.515421600E0,-2.001832169E1,5.418881378E0,2.205853668E1
1.814370208E1,-5.914051666E0,-1.879536484E1,4.114942932E-1,1.970814740E1
1.815364108E1,-3.101849670E0,-1.439092392E1,-3.544928284E0,1.514221513E1
1.816358008E1,-7.583230591E-1,-1.083237396E1,-4.204307098E0,1.164437966E1
1.817351908E1,4.417314148E-1,-8.467591553E0,-2.020648041E0,8.716550456E0
1.818345808E1,1.561852112E0,-6.937772827E0,-8.681945801E-3,7.111409790E0
1.819339608E1,2.309547272E0,-6.093678131E0,6.477030945E-1,6.548774012E0
1.820333508E1,1.575623474E0,-5.982908478E0,-1.291364594E0,6.320237788E0
1.821327408E1,6.975494385E-1,-6.287824402E0,-2.557880859E0,6.823933281E0
1.822321308E1,-3.502716064E-2,-6.693031769E0,-3.055895233E0,7.357744005E0
1.823315208E1,-1.051413574E0,-7.566315765E0,-3.618425446E0,8.452668660E0
1.824309108E1,-1.822011108E0,-8.628057861E0,-3.707639923E0,9.566070287E0
1.825303008E1,-2.201771393E0,-9.531578979E0,-3.416794739E0,1.036210796E1
1.826296908E1,-2.136058044E0,-1.006926086E1,-3.141517181E0,1.076205782E1
1.827290808E1,-1.826501770E0,-1.023721161E1,-3.152594147E0,1.086625327E1
1.828284708E1,-1.652114410E0,-1.028496231E1,-3.081941071E0,1.086316218E1
1.829278508E1,-1.861678619E0,-1.026879593E1,-2.889890442E0,1.082891887E1
1.830272408E1,-2.300865326E0,-1.013931519E1,-2.636916504E0,1.072627719E1
1.831266308E1,-2.729723511E0,-9.978250122E0,-2.286944275E0,1.059466753E1
1.832260208E1,-3.068918152E0,-9.795480194E0,-1.911075897E0,1.044135537E1
1.833254108E1,-3.363505554E0,-9.518855438E0,-1.424737244E0,1.019566843E1
1.834248008E1,-3.955374756E0,-8.999285889E0,2.954106903E0,1.026444755E1
1.835241908E1,-4.180506592E0,-8.209677887E0,4.891078949E0,1.043063275E1
1.836235808E1,-4.086502075E0,-8.257129211E0,1.250798950E0,9.297536235E0
1.837229708E1,-4.077520752E0,-8.474327545E0,-2.883004761E-1,9.408693851E0
1.838223525E1,-3.788471832E0,-8.353678436E0,-5.435197449E-1,9.188681949E0
1.839217325E1,-3.469036102E0,-8.032147064E0,3.318598938E-1,8.755554176E0
1.840211225E1,-3.364553375E0,-7.993377686E0,1.449136505E0,8.792855216E0
1.841205125E1,-3.651356964E0,-8.212821350E0,1.312470703E0,9.083249504E0
1.842199025E1,-4.111649780E0,-8.325387268E0,6.221063232E-1,9.306167490E0
1.843192925E1,-4.490811310E0,-8.400381317E0,9.505233765E-2,9.525902972E0
1.844186825E1,-4.730612640E0,-8.457412720E0,-3.176394653E-1,9.695742400E0
1.845180725E1,-4.888534241E0,-8.469088440E0,-6.905140686E-1,9.803062568E0
1.846174625E1,-5.043162689E0,-8.369545441E0,-8.111631775E-1,9.805139800E0
1.847168525E1,-5.153632965E0,-8.195158081E0,-6.155200195E-1,9.700485225E0
1.848162425E1,-5.151088257E0,-8.042026520E0,-4.685256958E-1,9.561768513E0
1.849156225E1,-4.994962921E0,-8.214168549E0,-4.974156189E-1,9.626507250E0
1.850150125E1,-4.793332214E0,-8.635392609E0,-4.275109863E-1,9.885788025E0
1.851144025E1,-4.467759247E0,-9.004974060E0,-5.119354248E-2,1.005251467E1
1.852137925E1,-4.001029816E0,-9.247320099E0,6.758445740E-1,1.009841247E1
1.853131825E1,-3.489693146E0,-9.320368195E0,1.494641876E0,1.006385492E1
1.854125725E1,-3.063080292E0,-9.170679474E0,2.151775360E0,9.905249118E0
1.855119625E1,-3.052602081E0,-9.021439819E0,2.455643463E0,9.835392249E0
1.856113525E1,-3.514541473E0,-9.125473480E0,1.962269440E0,9.973804157E0
1.857107425E1,-4.272714844E0,-9.523046722E0,8.782237244E-1,1.047453044E1
1.858101325E1,-5.130730591E0,-9.868977356E0,8.816665649E-2,1.112334859E1
1.859095125E1,-6.105204163E0,-1.003288651E1,-8.771759033E-2,1.174478709E1
1.860089025E1,-6.877897339E0,-9.997859344E0,7.858657837E-2,1.213543733E1
1.861082925E1,-7.187303925E0,-9.772278442E0,4.460723877E-1,1.213893505E1
1.862076825E1,-7.140601044E0,-9.457033997E0,8.334667969E-1,1.187932415E1
1.863070725E1,-6.918013916E0,-9.265282745E0,9.973759460E-1,1.160599585E1
1.864064625E1,-6.790179749E0,-9.423204346E0,9.957293701E-1,1.165739242E1
1.865058525E1,-6.855743408E0,-9.869576111E0,1.175655212E0,1.207443230E1
1.866052425E1,-7.088659058E0,-1.052311707E1,1.934127960E0,1.283456002E1
1.867046325E1,-7.352709961E0,-1.110944778E1,3.207529907E0,1.370293479E1
1.868040225E1,-7.635172577E0,-1.128039230E1,4.152514801E0,1.424031214E1
1.869034025E1,-7.983647919E0,-1.084419937E1,3.495381317E0,1.391233211E1
1.870027925E1,-8.125702515E0,-9.879305878E0,2.076631622E0,1.295917146E1
1.871021825E1,-8.155490570E0,-8.729846191E0,1.726958771E0,1.207081719E1
1.872015725E1,-8.234077148E0,-7.971223755E0,2.124981079E0,1.165572731E1
1.873009625E1,-8.143066406E0,-8.192164307E0,1.946851501E0,1.171372346E1
1.874003525E1,-7.336693268E0,-8.985664215E0,9.144483948E-1,1.163638455E1
1.874997425E1,-6.233786774E0,-9.919721832E0,-4.281097412E-1,1.172366226E1
1.875991325E1,-5.181175690E0,-1.090063202E1,-1.432670746E0,1.215404893E1
1.876985225E1,-4.301754456E0,-1.175999496E1,-2.267933807E0,1.272580436E1
1.877979125E1,-3.732488251E0,-1.257984009E1,-2.275567932E0,1.331773459E1
1.878972925E1,-3.648812256E0,-1.338456665E1,-1.102008362E0,1.391671217E1
1.879966825E1,-3.902085571E0,-1.402987473E1,2.782713318E-1,1.456506408E1
1.880960725E1,-4.145479431E0,-1.419737640E1,1.007105713E0,1.482446486E1
1.881954625E1,-4.221970367E0,-1.373633514E1,1.154399414E0,1.441681570E1
1.882948525E1,-4.203858032E0,-1.316272797E1,5.011578369E-1,1.382682136E1
1.883942425E1,-4.096680908E0,-1.286095551E1,-6.491999817E-1,1.351326872E1
1.884936325E1,-4.174219666E0,-1.283865189E1,-6.804849243E-1,1.351732783E1
1.885930225E1,-4.250111847E0,-1.233345245E1,-5.029541016E-2,1.304530681E1
1.886924125E1,-3.842210083E0,-1.115959351E1,3.951782227E-1,1.180911815E1
1.887918025E1,-3.490591278E0,-1.012299911E1,5.360353088E-1,1.072131859E1
1.888911825E1,-3.100352783E0,-9.350156250E0,3.415896606E-1,9.856687718E0
1.889905725E1,-2.497705994E0,-8.770561523E0,2.080673218E-2,9.119304666E0
1.890899625E1,-2.192939758E0,-8.252189484E0,-3.475772095E-1,8.545667088E0
1.891893525E1,-1.851200409E0,-7.761060791E0,-7.765850830E-1,8.016488754E0
1.892887425E1,-1.763033752E0,-7.306007080E0,-9.797126770E-1,7.579305007E0
1.893881325E1,-1.724414063E0,-6.831793213E0,-1.016236725E0,7.118970392E0
1.894875225E1,-1.744023285E0,-6.452332306E0,-8.904981995E-1,6.742936782E0
1.895869125E1,-1.831591187E0,-6.119723969E0,-5.319937134E-1,6.410051875E0
1.896863025E1,-1.768871613E0,-5.722599792E0,-4.671784973E-1,6.007937326E0
1.897856925E1,-1.527124329E0,-5.458099823E0,-7.779322815E-1,5.720851425E0
1.898850725E1,-1.126856689E0,-5.433999939E0,-1.145118713E0,5.666520820E0
1.899844625E1,-7.204518127E-1,-5.613177338E0,-1.304088135E0,5.807534460E0
1.900838525E1,-3.802093506E-2,-5.759423218E0,-1.095571747E0,5.862821748E0
1.901832425E1,7.331753540E-1,-5.807473297E0,-7.557783508E-1,5.902160038E0
1.902826325E1,1.441203003E0,-5.941295013E0,-3.279679871E-1,6.122386425E0
1.903820225E1,2.199376373E0,-6.119574280E0,5.463638306E-2,6.503032441E0
1.904814125E1,2.926414490E0,-6.353986816E0,5.583389282E-1,7.017748399E0
1.905808025E1,3.302432556E0,-6.620432739E0,1.166374512E0,7.489767683E0
1.906801925E1,3.164718933E0,-6.816375275E0,1.774410095E0,7.721848807E0
1.907795825E1,2.346670074E0,-6.837032318E0,2.193688202E0,7.554080969E0
1.908789725E1,5.339396667E-1,-6.702462158E0,2.704276428E0,7.247151271E0
1.909783525E1,-1.873354340E0,-6.665788422E0,3.456013184E0,7.738618668E0
1.910777425E1,-4.646038513E0,-6.924300842E0,4.426445160E0,9.440605530E0
1.911771325E1,-7.925568695E0,-7.548502808E0,6.398594055E0,1.267819150E1
1.912765225E1,-1.171748337E1,-8.536598053E0,9.809401245E0,1.750420737E1
1.913759125E1,-1.438703201E1,-9.480235748E0,1.154414383E1,2.073954717E1
1.914753025E1,-1.532932251E1,-1.008393036E1,1.049033524E1,2.113577331E1
1.915746925E1,-1.573797272E1,-1.016386414E1,8.562943268E0,2.059883290E1
1.916740825E1,-1.627041550E1,-9.469308472E0,7.974965973E0,2.044490904E1
1.917734725E1,-1.582703751E1,-8.216114502E0,6.731202393E0,1.906065947E1
1.918728625E1,-1.359667557E1,-6.566993866E0,3.750001831E0,1.555819747E1
1.919722425E1,-1.053060150E1,-5.112618256E0,1.298399963E0,1.177787230E1
1.920716325E1,-8.627010040E0,-4.170028381E0,-3.442840576E-2,9.582046976E0
1.921710225E1,-7.358398132E0,-3.745810547E0,-3.019221497E-1,8.262461904E0
1.922704125E1,-6.706204376E0,-4.371509399E0,-3.879931641E-1,8.014599819E0
1.923698025E1,-6.227948914E0,-6.275699615E0,-1.613195343E0,8.987444161E0
1.924691925E1,-5.383405151E0,-8.909023590E0,-3.251538391E0,1.090523976E1
1.925685825E1,-4.232598267E0,-1.107172623E1,-4.584666138E0,1.270894068E1
1.926679725E1,-3.167263641E0,-1.218166809E1,-3.212020569E0,1.299006053E1
1.927673625E1,-2.846780090E0,-1.270168671E1,2.949017487E0,1.334667398E1
1.928667525E1,-3.989204407E0,-1.405756714E1,8.287965088E0,1.679938424E1
1.929661325E1,-4.529281311E0,-1.639301056E1,6.082002411E0,1.806200259E1
1.930655225E1,-2.878514099E0,-1.720237747E1,2.438578949E0,1.761119818E1
1.931649125E1,-6.125262451E-1,-1.412298111E1,-8.494834900E-1,1.416175858E1
1.932643025E1,5.857319641E-1,-1.012225067E1,-2.937491455E0,1.055613076E1
1.933636925E1,7.479945374E-1,-8.071814575E0,-2.437830505E0,8.465028289E0
1.934630825E1,9.252259827E-1,-7.132817230E0,-1.269360352E0,7.303725109E0
1.935624725E1,1.114881592E0,-6.707102509E0,-1.095721436E0,6.886856357E0
1.936618625E1,9.707313538E-1,-6.808591461E0,-1.509610748E0,7.041176156E0
1.937612596E1,6.209088135E-1,-7.262447662E0,-1.884281616E0,7.528558362E0
1.938606496E1,6.765930176E-2,-7.829767914E0,-2.367177429E0,8.180059434E0
1.939600396E1,-8.861572266E-1,-8.647367706E0,-3.052602081E0,9.213068020E0
1.940594196E1,-1.731748810E0,-9.418563995E0,-3.247646484E0,1.011214662E1
1.941588096E1,-2.225871277E0,-9.959089966E0,-3.216511230E0,1.069971590E1
1.942581996E1,-2.359842682E0,-1.018137772E1,-3.110232239E0,1.090425854E1
1.943575896E1,-2.185155945E0,-1.012479538E1,-3.126548309E0,1.081950518E1
1.944569796E1,-2.065854034E0,-9.931397552E0,-3.143014069E0,1.061974330E1
1.945563696E1,-2.149080963E0,-9.740394745E0,-3.018473053E0,1.042137315E1
1.946557596E1,-2.494562531E0,-9.566007385E0,-2.726130981E0,1.025490759E1
1.947551496E1,-2.957400055E0,-9.530381470E0,-2.409389648E0,1.026545394E1
1.948545396E1,-3.414998474E0,-9.509275360E0,-1.937271423E0,1.028793240E1
1.949539296E1,-3.936813354E0,-9.494007111E0,-4.328997803E-1,1.028698559E1
1.950533096E1,-4.799619141E0,-8.927584991E0,5.116659851E0,1.135422061E1
1.951526996E1,-4.684957581E0,-8.720415802E0,2.883154449E0,1.031053145E1
1.952520896E1,-4.535418549E0,-8.766669617E0,7.740403748E-1,9.900689677E0
1.953514796E1,-4.316124573E0,-8.665779419E0,5.209167480E-1,9.695154384E0
1.954508696E1,-3.865561523E0,-8.334518280E0,8.937913513E-1,9.230689239E0
1.955502596E1,-3.324736176E0,-7.963439941E0,1.193917236E0,8.711812940E0
1.956496496E1,-3.227887573E0,-7.764204254E0,8.205935669E-1,8.448402197E0
1.957490396E1,-3.474873962E0,-7.798183594E0,3.508703613E-1,8.544561219E0
1.958484296E1,-3.680396576E0,-7.822732544E0,-2.694396973E-3,8.645257120E0
1.959478196E1,-4.062102814E0,-7.805368652E0,-5.575904846E-1,8.816766200E0
1.960472096E1,-4.556524658E0,-7.958949280E0,-1.085542603E0,9.234998286E0
1.961465896E1,-4.964875488E0,-8.218509521E0,-1.074765015E0,9.661728997E0
1.962459796E1,-5.212310944E0,-8.222401428E0,-6.253994751E-1,9.755367503E0
1.963453696E1,-5.593568115E0,-8.122708740E0,1.609153748E-1,9.863685685E0
1.964447596E1,-5.784121857E0,-8.305478668E0,6.586303711E-1,1.014252609E1
1.965441496E1,-5.513185272E0,-8.716823273E0,7.315287781E-1,1.033989140E1
1.966435396E1,-4.944218445E0,-9.070687408E0,8.650511169E-1,1.036682109E1
1.967429296E1,-4.345014496E0,-9.302704926E0,1.343755646E0,1.035495771E1
1.968423196E1,-3.925886078E0,-9.481732635E0,1.889820099E0,1.043490562E1
1.969417096E1,-3.777394867E0,-9.615704041E0,2.178120575E0,1.055815729E1
1.970410996E1,-3.803889771E0,-9.479187927E0,2.197280731E0,1.044761330E1
1.971404796E1,-4.147874451E0,-9.245523834E0,1.808539124E0,1.029346332E1
1.972398696E1,-4.823269958E0,-9.167086945E0,1.084345093E0,1.041514380E1
1.973392596E1,-5.599855042E0,-9.159901886E0,4.288581848E-1,1.074458461E1
1.974386496E1,-6.459667053E0,-9.235794067E0,-2.842588806E-1,1.127421809E1
1.975380396E1,-7.239545288E0,-9.299711151E0,-7.713459778E-1,1.181061464E1
1.976374296E1,-7.750432892E0,-9.207053833E0,-6.164181519E-1,1.205068553E1
1.977368196E1,-8.056696014E0,-8.954828339E0,5.598358154E-2,1.204584723E1
1.978362096E1,-8.398135986E0,-8.776549072E0,4.631369019E-1,1.215610947E1
1.979355996E1,-8.684191132E0,-8.788224792E0,2.854563904E-1,1.235837999E1
1.980349896E1,-8.895252228E0,-8.907826080E0,4.270619202E-1,1.259592234E1
1.981343796E1,-9.030121765E0,-9.261989594E0,1.273252258E0,1.299802761E1
1.982337596E1,-9.114546204E0,-9.829609222E0,2.578837280E0,1.365088172E1
1.983331496E1,-8.936416626E0,-1.031250504E1,4.112248535E0,1.425194338E1
1.984325396E1,-8.407117310E0,-1.063209045E1,5.338199158E0,1.456768132E1
1.985319296E1,-8.095615082E0,-1.085078568E1,4.664150848E0,1.431896772E1
1.986313196E1,-8.043822784E0,-1.048030609E1,2.023342438E0,1.336539619E1
1.987307096E1,-7.720794525E0,-9.645941162E0,2.935395813E-1,1.235884357E1
1.988300996E1,-7.074288940E0,-9.040599976E0,3.363505554E-1,1.148438695E1
1.989294896E1,-6.552024994E0,-9.032965851E0,8.717871094E-1,1.119301194E1
1.990288796E1,-6.253545685E0,-9.710457001E0,7.405101013E-1,1.157359771E1
1.991282696E1,-5.848488007E0,-1.071876022E1,-1.751358032E-1,1.221176913E1
1.992276596E1,-5.208419037E0,-1.159084671E1,-1.572929077E0,1.280427515E1
1.993270396E1,-4.667294312E0,-1.218975128E1,-2.396666107E0,1.327093369E1
1.994264296E1,-4.087250519E0,-1.274135422E1,-2.038460999E0,1.353525202E1
1.995258196E1,-3.269950104E0,-1.336735245E1,-9.895921326E-1,1.379702786E1
1.996252096E1,-2.631976776E0,-1.412088547E1,5.014572144E-2,1.436416453E1
1.997245996E1,-2.309846649E0,-1.451202209E1,3.634442139E-1,1.469919278E1
1.998239896E1,-2.304457855E0,-1.442086166E1,4.962181091E-1,1.461225546E1
1.999233796E1,-2.423011322E0,-1.419049072E1,6.554869080E-1,1.441078325E1
2.000227696E1,-2.606380005E0,-1.374471771E1,3.417393494E-1,1.399382962E1
2.001221596E1,-2.451601868E0,-1.309506866E1,3.382965088E-2,1.332262435E1
2.002215496E1,-2.098186798E0,-1.204066132E1,1.261875916E-1,1.222275894E1
2.003209396E1,-1.813927917E0,-1.079959213E1,5.318440247E-1,1.096377594E1
2.004203196E1,-1.869911499E0,-9.470356293E0,2.803669739E-1,9.657267883E0
2.005197096E1,-2.198777618E0,-8.484057312E0,-4.035607910E-1,8.773637376E0
2.006190996E1,-1.971101074E0,-7.865094452E0,-9.084608459E-1,8.159059461E0
2.007184896E1,-1.709295502E0,-7.526348877E0,-1.405726776E0,7.844978413E0
2.008178796E1,-1.692530365E0,-7.398065643E0,-1.397643585E0,7.716828487E0
2.009172696E1,-1.764081573E0,-7.235054626E0,-7.946974182E-1,7.489295243E0
2.010166596E1,-1.923649750E0,-7.051835632E0,-5.860313416E-1,7.332956217E0
2.011160496E1,-2.174528046E0,-6.690786438E0,-3.769161987E-1,7.045371616E0
2.012154396E1,-2.480491791E0,-6.344107361E0,-1.432521057E-1,6.813300147E0
2.013148296E1,-2.827170868E0,-5.892945557E0,-2.290237427E-1,6.540042379E0
2.014142196E1,-2.813100128E0,-5.686524811E0,-7.116201782E-1,6.384081769E0
2.015135996E1,-2.502496033E0,-5.711223450E0,-1.206341400E0,6.351048674E0
2.016129896E1,-1.956880646E0,-5.777834930E0,-1.368903351E0,6.251932080E0
2.017123796E1,-9.060658264E-1,-5.853427734E0,-1.259780273E0,6.055626959E0
2.018117696E1,5.718109131E-2,-5.953719177E0,-1.095272369E0,6.053896537E0
2.019111596E1,8.560697937E-1,-6.141877899E0,-9.809101868E-1,6.278352046E0
2.020105496E1,1.759291534E0,-6.335874481E0,-7.792794800E-1,6.621607709E0
2.021099396E1,2.758763123E0,-6.437213745E0,-3.287164307E-1,7.011173173E0
2.022093296E1,3.399131470E0,-6.483467560E0,1.892065430E-1,7.322926018E0
2.023087196E1,3.285817108E0,-6.508166199E0,5.022056580E-1,7.307874647E0
2.024081096E1,2.843337250E0,-6.597829742E0,9.645941162E-1,7.248887214E0
2.025074896E1,1.870959320E0,-6.868466949E0,1.835932159E0,7.351664703E0
2.026068796E1,-4.477189636E-1,-7.045099640E0,2.892435150E0,7.628896533E0
2.027062696E1,-3.368594971E0,-7.533833313E0,3.962260437E0,9.154538996E0
2.028056596E1,-6.862329712E0,-8.600814514E0,6.353537750E0,1.270562951E1
2.029050496E1,-1.164548309E1,-9.989327087E0,1.067774551E1,1.869273071E1
2.030044396E1,-1.673639648E1,-1.133787277E1,1.429257843E1,2.475746603E1
2.031038296E1,-1.763288223E1,-1.201117264E1,1.206565933E1,2.451054751E1
2.032032196E1,-1.706421478E1,-1.135359009E1,8.419691162E0,2.215812793E1
2.033026096E1,-1.641696075E1,-9.425000610E0,5.815855865E0,1.980331832E1
2.034019996E1,-1.411923889E1,-6.951394501E0,3.004552002E0,1.602192639E1
2.035013896E1,-1.157962006E1,-4.567002869E0,1.315015411E0,1.251696374E1
2.036007796E1,-1.030008087E1,-2.895279236E0,1.103056183E0,1.075597698E1
2.037001596E1,-9.410331116E0,-3.141517181E0,-3.990701294E-1,9.928883063E0
2.037995446E1,-8.098758545E0,-5.851781158E0,-2.570903778E0,1.031711098E1
2.038989346E1,-6.356681213E0,-9.862241364E0,-2.044298859E0,1.191009482E1
2.039983246E1,-4.196672974E0,-1.381716705E1,-7.978408813E-2,1.444065563E1
2.040977146E1,-2.317929840E0,-1.647144745E1,5.688620453E0,1.757958425E1
2.041971046E1,-2.097138977E0,-1.722872269E1,7.961943054E0,1.909501020E1
2.042964946E1,-3.321592712E0,-1.618569168E1,1.858086090E0,1.662714880E1
2.043958846E1,-3.789968719E0,-1.376986542E1,-5.117857361E0,1.517120696E1
2.044952746E1,-2.875969391E0,-1.129595993E1,-6.332880707E0,1.326556779E1
2.045946646E1,-1.392554169E0,-9.379944305E0,-3.894301758E0,1.025125107E1
2.046940546E1,3.757186890E-2,-7.798932037E0,-1.997146912E0,8.050673783E0
2.047934346E1,8.897497559E-1,-6.743177490E0,-9.674382019E-1,6.870082530E0
2.048928246E1,1.246158600E0,-6.242169342E0,-6.116281128E-1,6.394660139E0
2.049922146E1,1.403930511E0,-6.357878723E0,-9.930349731E-1,6.586331391E0
2.050916046E1,1.420246582E0,-7.000791779E0,-1.567540283E0,7.313369157E0
2.051909946E1,1.133892059E0,-8.104147339E0,-1.940115509E0,8.409932430E0
2.052903846E1,1.252894592E-1,-9.404343567E0,-2.496059418E0,9.730759888E0
2.053897746E1,-9.253756714E-1,-1.038330780E1,-2.976260834E0,1.084101146E1
2.054891646E1,-1.473984833E0,-1.086425766E1,-3.203338623E0,1.142217598E1
2.055885546E1,-1.592687988E0,-1.058059753E1,-3.148253174E0,1.115334915E1
2.056879446E1,-1.283730469E0,-9.793983307E0,-2.985242157E0,1.031899916E1
2.057873346E1,-8.951385498E-1,-9.014254761E0,-3.033292236E0,9.552953664E0
2.058867146E1,-8.602610779E-1,-8.667725372E0,-2.939886475E0,9.193065035E0
2.059861046E1,-1.287921753E0,-8.719517670E0,-2.719993744E0,9.224266735E0
2.060854946E1,-1.925595703E0,-8.912017365E0,-2.511926422E0,9.457364679E0
2.061848846E1,-2.540217590E0,-9.103768616E0,-2.198627930E0,9.703879286E0
2.062842746E1,-3.089275818E0,-9.277257843E0,-1.801204376E0,9.942609083E0
2.063836646E1,-3.668421478E0,-9.299411774E0,-3.116519165E-1,1.000167498E1
2.064830546E1,-5.267845459E0,-8.698261871E0,6.137836304E0,1.187783608E1
2.065824446E1,-5.491480408E0,-8.214318237E0,4.997807007E0,1.107291543E1
2.066818346E1,-4.982538757E0,-8.406668243E0,1.316063232E0,9.860516511E0
2.067812246E1,-4.277504883E0,-8.661887512E0,-8.190966797E-1,9.695166975E0
2.068806146E1,-3.702101440E0,-8.566535797E0,-1.623972931E0,9.472506464E0
2.069799946E1,-3.511098633E0,-8.281528473E0,-1.394649811E0,9.102558737E0
2.070793846E1,-3.597169647E0,-7.997868347E0,-7.451504517E-1,8.801180419E0
2.071787746E1,-3.977678375E0,-7.824379120E0,1.255888367E-1,8.778303163E0
2.072781646E1,-4.600832520E0,-7.960446167E0,7.852670288E-1,9.227838715E0
2.073775546E1,-5.328768768E0,-8.269403687E0,7.720944214E-1,9.867874326E0
2.074769446E1,-5.852379913E0,-8.566236420E0,6.361770630E-2,1.037471948E1
2.075763346E1,-5.840255127E0,-8.637039185E0,-6.258485413E-1,1.044503290E1
2.076757246E1,-5.429958344E0,-8.619076538E0,-8.813671875E-1,1.022495653E1
2.077751146E1,-5.199737091E0,-8.650062103E0,-8.482859802E-1,1.012819971E1
2.078745046E1,-4.883744202E0,-8.846603394E0,-4.486170959E-1,1.011506828E1
2.079738946E1,-4.510270844E0,-9.100475464E0,3.525169373E-1,1.016294568E1
2.080732746E1,-4.002826080E0,-9.182205505E0,1.375339966E0,1.011074056E1
2.081726646E1,-3.556005249E0,-9.079818420E0,2.273921356E0,1.001294134E1
2.082720546E1,-3.241060181E0,-8.952433319E0,2.667602692E0,9.887701328E0
2.083714446E1,-3.296894073E0,-8.951834564E0,2.252815247E0,9.802042090E0
2.084708346E1,-3.917503510E0,-9.133406982E0,1.273401947E0,1.001935673E1
2.085702246E1,-4.902604980E0,-9.435329132E0,4.099974060E-1,1.064091487E1
2.086696146E1,-6.037993927E0,-9.687554626E0,1.137634277E-2,1.141517476E1
2.087690046E1,-7.028184814E0,-9.730964355E0,2.694396973E-2,1.200365674E1
2.088683946E1,-7.769892426E0,-9.646839294E0,2.990780640E-1,1.239040695E1
2.089677846E1,-8.128696289E0,-9.419462128E0,5.995033264E-1,1.245637886E1
2.090671746E1,-8.050409088E0,-9.084458771E0,8.387059021E-1,1.216716505E1
2.091665646E1,-7.612569580E0,-8.888665924E0,1.160237274E0,1.176034643E1
2.092659546E1,-7.240742798E0,-9.152866516E0,1.661993866E0,1.178836483E1
2.093653346E1,-7.195387115E0,-9.815388794E0,2.559377747E0,1.243647327E1
2.094647246E1,-7.565118256E0,-1.073298065E1,4.485123138E0,1.387603032E1
2.095641146E1,-8.204438782E0,-1.153650970E1,6.614145813E0,1.562532549E1
2.096635046E1,-8.587192841E0,-1.143891266E1,5.604345703E0,1.536220344E1
2.097628946E1,-8.272696838E0,-1.020158569E1,1.630259857E0,1.323509013E1
2.098622846E1,-7.748936005E0,-8.791967010E0,1.736389160E-2,1.171942808E1
2.099616746E1,-7.941884766E0,-8.202193451E0,1.878743134E0,1.157061739E1
2.100610646E1,-7.955356750E0,-8.754095764E0,2.306403809E0,1.205161368E1
2.101604546E1,-7.248676300E0,-9.772877197E0,2.059716797E-1,1.216942321E1
2.102598446E1,-6.351741486E0,-1.086964645E1,-1.575473785E0,1.268762986E1
2.103592346E1,-5.521268463E0,-1.208002945E1,-2.737956390E0,1.356126551E1
2.104586146E1,-4.821922760E0,-1.326212128E1,-3.361409912E0,1.450633918E1
2.105580046E1,-4.518204346E0,-1.439077423E1,-3.199147339E0,1.541892010E1
2.106573946E1,-4.687502289E0,-1.554367676E1,-2.311493225E0,1.639882818E1
2.107567846E1,-5.078788605E0,-1.622790390E1,-1.446442108E0,1.706549599E1
2.108561746E1,-5.310357056E0,-1.597418152E1,-6.755451965E-1,1.684727659E1
2.109555646E1,-5.152136078E0,-1.508488083E1,4.375401306E-1,1.594645971E1
2.110549546E1,-5.117857361E0,-1.384381165E1,1.194665680E0,1.480779561E1
2.111543446E1,-4.819378052E0,-1.260154495E1,1.270557861E0,1.355137105E1
2.112537346E1,-3.971690826E0,-1.137140305E1,1.029858398E0,1.208899266E1
2.113531246E1,-3.262166290E0,-1.020877075E1,3.942800903E-1,1.072455994E1
2.114525146E1,-2.376158752E0,-9.555080109E0,4.414320374E-1,9.855990490E0
2.115518946E1,-1.748963013E0,-9.254654846E0,2.978805542E-1,9.423175726E0
2.116512846E1,-1.253942413E0,-8.911867676E0,-3.854484558E-1,9.007903616E0
2.117506746E1,-7.616162109E-1,-8.462801514E0,-4.882846069E-1,8.511021711E0
2.118500646E1,-5.298980713E-1,-8.092770996E0,5.942642212E-2,8.110318481E0
2.119494546E1,-5.957611084E-1,-7.674391022E0,3.143463135E-3,7.697481324E0
2.120488446E1,-7.354206848E-1,-7.187453613E0,-4.568499756E-1,7.239409156E0
2.121482346E1,-9.385482788E-1,-6.766379242E0,-1.006806335E0,6.904956185E0
2.122476246E1,-1.063837738E0,-6.412365417E0,-1.131497040E0,6.597762237E0
2.123470146E1,-1.273401947E0,-5.997278595E0,-7.214996338E-1,6.173286385E0
2.124464046E1,-1.405128021E0,-5.846392365E0,-3.433859253E-1,6.022674018E0
2.125457946E1,-1.274300079E0,-5.961652679E0,-5.590873718E-1,6.121905100E0
2.126451846E1,-8.762777710E-1,-6.127358093E0,-1.120869141E0,6.290367840E0
2.127445646E1,-3.321592712E-1,-6.259982300E0,-1.754351807E0,6.509643495E0
2.128439546E1,3.061134338E-1,-6.273154907E0,-2.100881195E0,6.622679195E0
2.129433446E1,1.071471863E0,-6.215524750E0,-1.854044495E0,6.574061215E0
2.130427346E1,1.897454224E0,-6.105353851E0,-1.282532959E0,6.520779782E0
2.131421246E1,2.707270203E0,-6.014343109E0,-6.554869080E-1,6.628068955E0
2.132415146E1,3.376378784E0,-6.013744354E0,-1.721420288E-1,6.898890326E0
2.133409046E1,3.548820190E0,-6.149661713E0,5.541476440E-1,7.121765479E0
2.134402946E1,3.418291626E0,-6.308032379E0,1.541644135E0,7.338436944E0
2.135396846E1,2.678080902E0,-6.443800049E0,2.505040741E0,7.414169239E0
2.136390746E1,3.367996216E-2,-6.222859497E0,3.284170532E0,7.036397569E0
2.137384646E1,-3.415148163E0,-5.850583649E0,4.117487640E0,7.927563968E0
2.138378596E1,-6.646927643E0,-6.027815094E0,4.765490112E0,1.016002450E1
2.139372396E1,-9.422605591E0,-6.861132202E0,4.949307861E0,1.266318599E1
2.140366296E1,-1.200817886E1,-8.243806915E0,5.805527344E0,1.567995089E1
2.141360196E1,-1.493938339E1,-9.651329956E0,9.774972839E0,2.029491168E1
2.142354096E1,-1.716555405E1,-1.056488022E1,1.378707962E1,2.442041163E1
2.143347996E1,-1.789468781E1,-1.114582214E1,1.300001633E1,2.476791528E1
2.144341896E1,-1.836216568E1,-1.086725143E1,9.603429565E0,2.339854999E1
2.145335796E1,-1.739352997E1,-9.543554077E0,5.155429230E0,2.049860385E1
2.146329696E1,-1.543934372E1,-7.112010498E0,2.015858002E0,1.711776011E1
2.147323596E1,-1.182226547E1,-4.649631042E0,9.518705750E-1,1.273935192E1
2.148317496E1,-7.749235382E0,-3.691473541E0,8.430468750E-1,8.624868344E0
2.149311396E1,-5.170996857E0,-4.411326599E0,9.445358276E-2,6.797641675E0
2.150305196E1,-3.186573486E0,-6.884333954E0,-2.484234009E0,7.982463478E0
2.151299096E1,-2.087708588E0,-9.923314362E0,-4.889731750E0,1.125789375E1
2.152292996E1,-1.547631683E0,-1.204664886E1,-3.835773468E0,1.273695689E1
2.153286896E1,-9.785151672E-1,-1.300600388E1,1.197509766E-3,1.304276160E1
2.154280796E1,-1.136885834E0,-1.419064041E1,6.985972595E0,1.585782450E1
2.155274696E1,-3.532803497E0,-1.555520279E1,9.166488190E0,1.839754169E1
2.156268596E1,-5.448220367E0,-1.650363052E1,3.991449738E0,1.783212261E1
2.157262496E1,-4.652175751E0,-1.500764145E1,-3.888912964E-1,1.571697418E1
2.158256396E1,-1.779798889E0,-1.127021347E1,-3.175795898E0,1.184360905E1
2.159250296E1,-1.308279419E-1,-8.296647034E0,-3.481160889E0,8.998330350E0
2.160244196E1,3.632945251E-1,-6.853348389E0,-2.358794861E0,7.257015932E0
2.161238096E1,7.479945374E-1,-6.143674164E0,-1.876348114E0,6.467218127E0
2.162231896E1,7.535330200E-1,-5.932463379E0,-1.804647217E0,6.246493843E0
2.163225796E1,2.406994629E-1,-6.290818176E0,-1.882036285E0,6.570722193E0
2.164219696E1,-4.575984192E-1,-7.022496643E0,-2.192191315E0,7.370926548E0
2.165213596E1,-1.342109070E0,-7.972570953E0,-2.649640045E0,8.507863229E0
2.166207496E1,-2.288590851E0,-9.034013672E0,-3.088078308E0,9.817702315E0
2.167201396E1,-2.574795685E0,-9.845027161E0,-3.386856995E0,1.072496773E1
2.168195296E1,-2.544857941E0,-1.030636780E1,-3.407064972E0,1.114924261E1
2.169189196E1,-2.452649689E0,-1.047641418E1,-3.161425781E0,1.121451549E1
2.170183096E1,-2.382445679E0,-1.036295013E1,-2.952460327E0,1.103556998E1
2.171176996E1,-2.432292023E0,-1.013512390E1,-2.742896118E0,1.077776693E1
2.172170896E1,-2.628084869E0,-9.927206268E0,-2.446362762E0,1.055655934E1
2.173164796E1,-2.927911377E0,-9.806557159E0,-1.930535431E0,1.041480655E1
2.174158596E1,-3.266956329E0,-9.743538208E0,-7.622149658E-1,1.030487807E1
2.175152496E1,-3.524271240E0,-9.501940613E0,6.020630035E0,1.178793236E1
2.176146396E1,-3.268153839E0,-9.225615234E0,4.299808502E0,1.069023663E1
2.177140296E1,-3.435356140E0,-9.041498108E0,-3.707789612E-1,9.679247744E0
2.178134196E1,-3.571273499E0,-8.901539154E0,-1.380279694E0,9.690024032E0
2.179128096E1,-3.621568909E0,-8.586594086E0,-1.188977509E0,9.394627553E0
2.180121996E1,-3.799548798E0,-8.184530182E0,-5.938151550E-1,9.042992967E0
2.181115896E1,-4.224664764E0,-7.947872314E0,9.190887451E-2,9.001384001E0
2.182109796E1,-4.674778748E0,-7.916287994E0,2.444416809E-1,9.196788770E0
2.183103696E1,-4.927453308E0,-7.895481262E0,-1.442999268E-1,9.308020355E0
2.184097596E1,-4.919968872E0,-7.857610016E0,-6.116281128E-1,9.290975073E0
2.185091496E1,-4.738695831E0,-7.898624725E0,-7.942483521E-1,9.245233430E0
2.186085296E1,-4.456382904E0,-7.842491455E0,-7.003935242E-1,9.047351651E0
2.187079196E1,-4.150419159E0,-7.683522034E0,-5.384303284E-1,8.749422681E0
2.188073096E1,-4.175417175E0,-7.540569305E0,-3.824546814E-1,8.627894623E0
2.189066996E1,-4.565206604E0,-7.463030548E0,-2.579136658E-1,8.752397144E0
2.190060896E1,-4.627177734E0,-7.602540436E0,9.145980835E-2,8.900435931E0
2.191054796E1,-4.508324890E0,-8.035889282E0,5.574407959E-1,9.230993994E0
2.192048696E1,-4.464316406E0,-8.656947784E0,9.370513916E-1,9.785240479E0
2.193042596E1,-4.252806244E0,-8.913514252E0,1.258882141E0,9.955997263E0
2.194036496E1,-4.084556122E0,-8.817264404E0,1.576671295E0,9.844472696E0
2.195030396E1,-4.362977142E0,-8.705746307E0,1.744172974E0,9.892811920E0
2.196024296E1,-5.107229462E0,-8.663234711E0,1.387464752E0,1.015187110E1
2.197018196E1,-5.992039490E0,-8.762927399E0,6.526428223E-1,1.063575933E1
2.198012096E1,-6.691684570E0,-8.941506042E0,-8.158035278E-2,1.116851951E1
2.199005896E1,-7.069049835E0,-9.136251068E0,-5.117857361E-1,1.156306507E1
2.199999796E1,-7.203320618E0,-9.203760681E0,-4.400848389E-1,1.169575621E1
2.200993696E1,-7.168443146E0,-9.264983368E0,-1.062789917E-2,1.171437608E1
2.201987596E1,-6.790628815E0,-9.428892517E0,5.469625854E-1,1.163253291E1
2.202981496E1,-6.181994476E0,-9.847871246E0,1.058898010E0,1.167556803E1
2.203975396E1,-5.486091614E0,-1.031235535E1,1.338516541E0,1.175727437E1
2.204969296E1,-4.847519531E0,-1.071202423E1,1.532662811E0,1.185727473E1
2.205963196E1,-4.522844696E0,-1.095841187E1,1.809586945E0,1.199239424E1
2.206957096E1,-4.407135315E0,-1.103744751E1,2.047592010E0,1.205988069E1
2.207950996E1,-4.798122253E0,-1.103175934E1,2.095941467E0,1.221125145E1
2.208944896E1,-5.563780060E0,-1.109867020E1,2.159409485E0,1.260155459E1
2.209938796E1,-7.051236877E0,-1.136242172E1,2.182162170E0,1.354940591E1
2.210932596E1,-8.849297791E0,-1.161719193E1,2.533331909E0,1.482184166E1
2.211926496E1,-1.006282425E1,-1.120494919E1,3.892056427E0,1.555504489E1
2.212920396E1,-1.082503922E1,-9.727222137E0,4.515659637E0,1.523783142E1
2.213914296E1,-1.052147049E1,-8.439599762E0,2.710862732E-1,1.349079957E1
2.214908196E1,-9.564360809E0,-7.699239349E0,-7.815248108E-1,1.230309170E1
2.215902096E1,-9.371561737E0,-6.752308502E0,2.810405731E0,1.188773401E1
2.216895996E1,-8.391100616E0,-7.635471954E0,3.124302979E0,1.176742413E1
2.217889896E1,-6.619833984E0,-9.246272278E0,5.387297058E-1,1.138446234E1
2.218883796E1,-5.146747284E0,-1.035666321E1,-1.787732391E0,1.170237017E1
2.219877696E1,-4.341721344E0,-1.135059631E1,-3.380270691E0,1.261399266E1
2.220871596E1,-4.192332001E0,-1.222837097E1,-3.797153778E0,1.347319862E1
2.221865496E1,-4.280498657E0,-1.316018326E1,-3.157982941E0,1.419457461E1
2.222859396E1,-4.504732361E0,-1.437251221E1,-2.039059753E0,1.519932516E1
2.223853196E1,-5.009333038E0,-1.521990005E1,-9.993218994E-1,1.605420255E1
2.224847096E1,-5.056634674E0,-1.502216125E1,-6.673123169E-1,1.586443156E1
2.225840996E1,-4.642895050E0,-1.432191742E1,-9.404942322E-1,1.508503637E1
2.226834896E1,-4.205055542E0,-1.357077942E1,-1.491348724E0,1.428540049E1
2.227828796E1,-3.812422028E0,-1.270258484E1,-1.921703796E0,1.340086448E1
2.228822696E1,-3.880680084E0,-1.154908356E1,-1.363963623E0,1.225974737E1
2.229816596E1,-3.954476624E0,-1.025262955E1,-6.601272583E-2,1.098902433E1
2.230810496E1,-3.492237854E0,-9.086255035E0,6.423143005E-1,9.755425335E0
2.231804396E1,-2.766846313E0,-8.384963379E0,9.246272278E-1,8.877949363E0
2.232798296E1,-1.753303986E0,-8.155939636E0,3.787124634E-1,8.350859198E0
2.233792196E1,-1.174308014E0,-8.047864380E0,-4.658312988E-1,8.146417568E0
2.234786096E1,-7.488926697E-1,-8.012986908E0,-8.521778870E-1,8.092898527E0
2.235779896E1,-6.515950012E-1,-7.847880249E0,-6.138734436E-1,7.898774655E0
2.236773796E1,-9.255253601E-1,-7.536078644E0,-3.191363525E-1,7.599403038E0
2.237767708E1,-1.336869965E0,-7.212301941E0,-3.204835510E-1,7.342154336E0
2.238761608E1,-2.127825165E0,-6.988217926E0,-8.297245789E-1,7.351957059E0
2.239755508E1,-2.687211914E0,-6.783144379E0,-9.141490173E-1,7.353082616E0
2.240749408E1,-2.630330200E0,-6.562952271E0,-1.016386414E0,7.143110024E0
2.241743308E1,-1.859433289E0,-6.424190826E0,-1.295256500E0,6.812151593E0
2.242737208E1,-6.999444580E-1,-6.368207245E0,-1.401385803E0,6.558038421E0
2.243731108E1,2.640509033E-1,-6.351442108E0,-1.439556427E0,6.517887882E0
2.244725008E1,9.922865295E-1,-6.271208954E0,-1.384470978E0,6.498419361E0
2.245718908E1,1.531165924E0,-6.155798950E0,-9.858499146E-1,6.419519441E0
2.246712808E1,1.961071930E0,-6.074967041E0,-4.391867065E-1,6.398743051E0
2.247706708E1,2.515668640E0,-6.081703033E0,1.008901978E-1,6.582239689E0
2.248700508E1,2.934048615E0,-6.165379028E0,3.591032410E-1,6.837360234E0
2.249694408E1,3.016227722E0,-6.258934479E0,8.003855896E-1,6.993747749E0
2.250688308E1,2.709216156E0,-6.292913818E0,1.550625458E0,7.024603606E0
2.251682208E1,1.918410645E0,-6.252946930E0,2.371668091E0,6.957330971E0
2.252676108E1,5.342390442E-1,-6.283333740E0,3.225043488E0,7.082838396E0
2.253670008E1,-1.556163940E0,-6.524781647E0,3.955075378E0,7.786979067E0
2.254663908E1,-4.354744263E0,-7.091802521E0,4.801265717E0,9.607789187E0
2.255657808E1,-7.932454376E0,-8.065377960E0,7.359745331E0,1.349592551E1
2.256651708E1,-1.238015533E1,-9.204060059E0,1.190100174E1,1.948375760E1
2.257645608E1,-1.550700302E1,-1.021490799E1,1.311707291E1,2.273475510E1
2.258639508E1,-1.610830261E1,-1.101125198E1,9.886041870E0,2.187370355E1
2.259633408E1,-1.625469818E1,-1.112172226E1,6.644832001E0,2.078609418E1
2.260627308E1,-1.611698456E1,-1.012195129E1,5.597310333E0,1.983786713E1
2.261621208E1,-1.518307663E1,-8.243058472E0,4.533472595E0,1.786130462E1
2.262615008E1,-1.303878571E1,-5.824687500E0,2.418520660E0,1.448399666E1
2.263608908E1,-1.070858139E1,-3.498225403E0,8.168513489E-1,1.129506718E1
2.264602808E1,-9.261241150E0,-2.234104156E0,5.131329346E-1,9.540708277E0
2.265596708E1,-8.455915833E0,-3.302582245E0,7.095245361E-2,9.078248526E0
2.266590608E1,-7.688611450E0,-6.827452240E0,-2.044298859E0,1.048370202E1
2.267584508E1,-6.641987915E0,-1.064750839E1,-5.124443665E0,1.355527061E1
2.268578408E1,-4.959935760E0,-1.360371094E1,-4.461771698E0,1.515154516E1
2.269572308E1,-2.929108887E0,-1.496947083E1,7.286248169E0,1.690426420E1
2.270566208E1,-3.226540375E0,-1.465692078E1,1.552990540E1,2.159661666E1
2.271560108E1,-6.095324707E0,-1.359517868E1,5.557642822E0,1.590186342E1
2.272554008E1,-5.660778351E0,-1.175086395E1,-6.129902802E0,1.441190215E1
2.273547908E1,-2.821482697E0,-9.481433258E0,-5.904022522E0,1.152023538E1
2.274541808E1,-3.146456909E-1,-7.685617676E0,-2.684816895E0,8.147144452E0
2.275535608E1,8.349636841E-1,-6.325396271E0,-1.157991943E0,6.484500573E0
2.276529508E1,9.636959839E-1,-5.905519409E0,-6.017486572E-1,6.013815003E0
2.277523408E1,3.140469360E-1,-6.433172150E0,-1.046773224E0,6.525340111E0
2.278517308E1,-6.765930176E-1,-7.623945923E0,-1.538800049E0,7.807063157E0
2.279511208E1,-1.234183502E0,-9.105714569E0,-1.754351807E0,9.354945056E0
2.280505108E1,-1.811682587E0,-1.067160828E1,-2.226619720E0,1.105093898E1
2.281499008E1,-2.608325958E0,-1.202569244E1,-2.869233398E0,1.263539249E1
2.282492908E1,-3.041525116E0,-1.251457581E1,-3.249442749E0,1.328248323E1
2.283486808E1,-2.881956940E0,-1.201147202E1,-3.365601196E0,1.280267188E1
2.284480708E1,-2.471809845E0,-1.075887680E1,-3.259920959E0,1.151044563E1
2.285474608E1,-1.845362549E0,-9.353299713E0,-3.068020020E0,1.001510486E1
2.286468508E1,-1.437161407E0,-8.472082214E0,-2.603086853E0,8.978734383E0
2.287462408E1,-1.456770630E0,-8.325237579E0,-2.042801971E0,8.695102145E0
2.288456208E1,-1.630708923E0,-8.660540314E0,7.387138367E-1,8.843634335E0
2.289450108E1,-1.708547058E0,-9.507030029E0,8.660540314E0,1.297334620E1
2.290444008E1,-2.306553497E0,-1.015637970E1,3.498524780E0,1.098689735E1
2.291437908E1,-2.450404358E0,-9.921667786E0,-2.250270538E0,1.046459224E1
2.292431808E1,-2.339934082E0,-9.578281860E0,-2.244582367E0,1.011221662E1
2.293425708E1,-2.445314941E0,-9.278754730E0,-1.706002350E0,9.746040146E0
2.294419608E1,-2.692900085E0,-8.986562347E0,-9.195378113E-1,9.426322903E0
2.295413508E1,-2.937042389E0,-8.694369965E0,-7.559280396E-2,9.177363529E0
2.296407408E1,-3.320395203E0,-8.531209259E0,3.727249146E-2,9.154667933E0
2.297401308E1,-3.821852417E0,-8.570876770E0,-6.474037170E-1,9.406679333E0
2.298395208E1,-4.129462738E0,-8.426427155E0,-9.638456726E-1,9.433246290E0
2.299389108E1,-4.281845856E0,-8.193960571E0,-1.027463379E0,9.302197309E0
2.300383008E1,-4.464316406E0,-7.879165192E0,-9.539662170E-1,9.106119735E0
2.301376808E1,-4.620441742E0,-7.566764832E0,-4.590953064E-1,8.877791415E0
2.302370708E1,-4.810097351E0,-7.367229767E0,-1.236428833E-1,8.799340801E0
2.303364608E1,-5.005441132E0,-7.259902954E0,-1.317260742E-2,8.818208738E0
2.304358508E1,-5.168751526E0,-7.311844940E0,-9.654922485E-2,8.954797067E0
2.305352408E1,-5.467829590E0,-7.565118256E0,-2.231858826E-1,9.336915261E0
2.306346308E1,-5.872887268E0,-7.971373444E0,-1.007405090E-1,9.901704302E0
2.307340208E1,-6.103557587E0,-8.531209259E0,3.035687256E-1,1.049414602E1
2.308334108E1,-5.787115631E0,-9.061556396E0,8.851094055E-1,1.078823110E1
2.309328008E1,-5.009482727E0,-9.163943481E0,1.568288727E0,1.056088570E1
2.310321908E1,-4.198618927E0,-8.807085571E0,2.299218750E0,1.002394952E1
2.311315808E1,-3.805087280E0,-8.380023651E0,2.856210480E0,9.636463247E0
2.312309708E1,-4.137695618E0,-8.208929443E0,2.605032806E0,9.554749790E0
2.313303608E1,-4.924908600E0,-8.484805756E0,1.360371094E0,9.904406239E0
2.314297508E1,-5.989644470E0,-9.063053284E0,-6.721023560E-2,1.086366848E1
2.315291308E1,-7.010970612E0,-9.519005127E0,-9.136999512E-1,1.185748772E1
2.316285208E1,-7.744595032E0,-9.763297119E0,-1.052910461E0,1.250637211E1
2.317279108E1,-7.852969666E0,-9.687105560E0,-5.189707947E-1,1.248112484E1
2.318273008E1,-7.584128723E0,-9.455986176E0,3.429368591E-1,1.212651181E1
2.319266908E1,-7.276817780E0,-9.332193604E0,8.412506104E-1,1.186379438E1
2.320260808E1,-6.947502594E0,-9.346713409E0,1.416654053E0,1.173182648E1
2.321254708E1,-6.752158813E0,-9.550589447E0,2.156565399E0,1.189353529E1
2.322248608E1,-6.855444031E0,-1.006761429E1,3.064427490E0,1.255964514E1
2.323242508E1,-7.441325684E0,-1.079570023E1,5.172793121E0,1.409532759E1
2.324236408E1,-8.571924591E0,-1.154324570E1,7.348368988E0,1.614691733E1
2.325230308E1,-9.732311554E0,-1.191103088E1,4.725672913E0,1.609106986E1
2.326224208E1,-9.839189301E0,-1.122695343E1,1.543739777E0,1.500790665E1
2.327218108E1,-9.690997467E0,-1.001686981E1,1.617087250E0,1.403096874E1
2.328212008E1,-9.652826843E0,-9.202862549E0,9.056167603E-1,1.336749366E1
2.329205808E1,-9.094487915E0,-8.801247711E0,-4.056564331E-1,1.266239428E1
2.330199708E1,-8.004155273E0,-8.656798096E0,-2.106120300E-1,1.179198933E1
2.331193608E1,-6.929090881E0,-9.157506866E0,2.668949890E-1,1.148666468E1
2.332187508E1,-6.090684357E0,-1.016491196E1,-7.042854309E-1,1.187088409E1
2.333181408E1,-5.600753174E0,-1.138143219E1,-2.444117432E0,1.291817111E1
2.334175308E1,-5.391937408E0,-1.232701584E1,-3.596121826E0,1.392696667E1
2.335169208E1,-5.309009857E0,-1.302366714E1,-3.376977539E0,1.446393684E1
2.336163108E1,-5.430108032E0,-1.371133713E1,-1.812131653E0,1.485835321E1
2.337157008E1,-5.440586243E0,-1.410920975E1,-1.493893433E-1,1.512256908E1
2.338150796E1,-5.175337830E0,-1.395263535E1,6.800358582E-1,1.489706694E1
2.339144696E1,-4.618046722E0,-1.347078735E1,6.908134460E-1,1.425712771E1
2.340138596E1,-4.016747131E0,-1.294208679E1,3.650907898E-1,1.355600086E1
2.341132496E1,-3.662733307E0,-1.271770340E1,-5.962101746E-1,1.324805879E1
2.342126396E1,-3.526217194E0,-1.248583557E1,-1.255888367E0,1.303485916E1
2.343120196E1,-3.358266449E0,-1.186792053E1,-9.217831421E-1,1.236831336E1
2.344114096E1,-2.959795074E0,-1.109328140E1,-1.327738953E-1,1.148211253E1
2.345107996E1,-2.346071320E0,-1.026056305E1,2.186952209E-1,1.052763185E1
2.346101896E1,-1.751507721E0,-9.485175476E0,-8.232879639E-2,9.645885710E0
2.347095796E1,-1.178648987E0,-8.782835999E0,-1.920506287E-1,8.863650775E0
2.348089696E1,-7.905061340E-1,-8.262518005E0,7.140151978E-2,8.300554314E0
2.349083596E1,-5.185217285E-1,-7.893984375E0,-1.016386414E-1,7.911648659E0
2.350077496E1,-4.218228149E-1,-7.551047516E0,-3.284170532E-1,7.569947875E0
2.351071396E1,-6.399192810E-1,-7.222031708E0,-3.546125793E-1,7.258993646E0
2.352065296E1,-1.201102295E0,-6.838978271E0,-3.225791931E-1,6.951138601E0
2.353059196E1,-1.807042236E0,-6.519542542E0,-6.361770630E-2,6.765639941E0
2.354053096E1,-2.067201233E0,-6.153703308E0,1.496887207E-3,6.491639822E0
2.355046996E1,-2.034569092E0,-6.044280853E0,-3.498225403E-1,6.387110319E0
2.356040796E1,-1.485211487E0,-5.986650696E0,-9.557624817E-1,6.241740273E0
2.357034696E1,-6.212081909E-1,-5.880521393E0,-1.384171600E0,6.073085088E0
2.358028596E1,2.637515259E-1,-5.735173645E0,-1.485810242E0,5.930380568E0
2.359022496E1,1.011746063E0,-5.581742706E0,-1.275796967E0,5.814390736E0
2.360016396E1,1.629661102E0,-5.457950134E0,-8.502319336E-1,5.759158733E0
2.361010296E1,2.257605286E0,-5.415588226E0,-3.601510620E-1,5.878357445E0
2.362004196E1,2.860850830E0,-5.504802704E0,3.598516846E-1,6.214242795E0
2.362998096E1,3.094514923E0,-5.691913605E0,1.028511200E0,6.559858107E0
2.363991996E1,2.878364410E0,-5.854774933E0,1.611698456E0,6.720189217E0
2.364985896E1,1.774410095E0,-5.838009796E0,2.341281281E0,6.535479141E0
2.365979796E1,-4.567002869E-1,-5.482349396E0,2.998414764E0,6.265398722E0
2.366973696E1,-3.031196594E0,-5.295837250E0,3.673061829E0,7.122178611E0
2.367967596E1,-5.796546021E0,-5.781577148E0,5.011278992E0,9.598932088E0
2.368961496E1,-9.078620911E0,-6.982529755E0,7.431895294E0,1.365321014E1
2.369955396E1,-1.334879105E1,-8.719966736E0,1.164473465E1,1.974405955E1
2.370949196E1,-1.667517380E1,-1.050216064E1,1.403331757E1,2.419278407E1
2.371943096E1,-1.785082901E1,-1.177885574E1,1.157917099E1,2.432017146E1
2.372936996E1,-1.760189667E1,-1.199395844E1,7.542814636E0,2.259592569E1
2.373930896E1,-1.697500031E1,-1.081186661E1,5.691614227E0,2.091510381E1
2.374924796E1,-1.440244995E1,-8.813222809E0,4.194577332E0,1.739821657E1
2.375918696E1,-1.062894699E1,-6.259233856E0,2.746189270E0,1.263701223E1
2.376912596E1,-7.403155060E0,-3.647165680E0,2.001038818E0,8.491918434E0
2.377906496E1,-5.395529938E0,-2.541265411E0,2.209704895E0,6.360233402E0
2.378900396E1,-4.281097412E0,-2.916684723E0,5.364843750E-1,5.207942042E0
2.379894296E1,-3.034639435E0,-5.397924957E0,-3.365900574E0,7.048114430E0
2.380888196E1,-1.527872772E0,-9.488318939E0,-5.052742767E0,1.085784513E1
2.381882096E1,8.352630615E-2,-1.274764114E1,-2.218087463E0,1.293944525E1
2.382875996E1,2.254162445E0,-1.517409531E1,9.007219391E0,1.778944681E1
2.383869896E1,-1.996398468E0,-1.575818069E1,9.051676941E0,1.828219683E1
2.384863796E1,-8.303682404E0,-1.525941788E1,-1.659149780E0,1.745146852E1
2.385857596E1,-1.045785278E1,-1.464928665E1,-3.045866089E0,1.825501532E1
2.386851496E1,-7.862998810E0,-1.383048935E1,2.844085693E-2,1.590943100E1
2.387845396E1,-3.113974457E0,-1.144983994E1,-3.058290253E0,1.225352238E1
2.388839296E1,-8.797206116E-1,-8.769364014E0,-3.221301270E0,9.383625921E0
2.389833196E1,-2.023791504E-1,-7.192243652E0,-1.735491028E0,7.401436022E0
2.390827096E1,1.187031555E-1,-6.771169281E0,-1.321302338E0,6.899903169E0
2.391820996E1,-3.327580261E-1,-7.024891663E0,-1.449136505E0,7.180517209E0
2.392814896E1,-1.189276886E0,-7.564070435E0,-1.834734650E0,7.873740679E0
2.393808796E1,-1.903441772E0,-8.283025360E0,-2.314337311E0,8.808391277E0
2.394802696E1,-2.774031372E0,-9.329050140E0,-2.942131805E0,1.016772178E1
2.395796596E1,-3.437451782E0,-1.000264938E1,-3.360661469E0,1.109788786E1
2.396790496E1,-3.602857819E0,-9.885892181E0,-3.342249756E0,1.104002183E1
2.397784396E1,-3.209625549E0,-9.261989594E0,-3.000360718E0,1.025125904E1
2.398778296E1,-2.803370361E0,-8.653654633E0,-2.755170593E0,9.504503610E0
2.399772196E1,-2.717598724E0,-8.383167114E0,-2.606080627E0,9.189912401E0
2.400765996E1,-3.006497955E0,-8.557554474E0,-2.260000305E0,9.347639804E0
2.401759896E1,-3.482208710E0,-9.003926239E0,-1.651665344E0,9.794103513E0
2.402753796E1,-3.854334869E0,-9.470356293E0,-1.368154907E-1,1.022556913E1
2.403747696E1,-3.312012634E0,-9.855056305E0,7.353458405E0,1.273439881E1
2.404741596E1,-2.749033356E0,-9.794432373E0,3.429218903E0,1.073534500E1
2.405735496E1,-2.813698883E0,-9.343869324E0,-9.919871521E-1,9.808610190E0
2.406729396E1,-2.627186737E0,-8.844208374E0,-7.732919312E-1,9.258515665E0
2.407723296E1,-2.247576141E0,-8.278235321E0,-3.776646423E-1,8.586233698E0
2.408717196E1,-2.040107574E0,-7.737559662E0,-3.772155762E-2,8.002080439E0
2.409711096E1,-2.175575867E0,-7.411687317E0,1.444496155E-1,7.725743002E0
2.410704996E1,-2.739004211E0,-7.605234833E0,3.381468201E-1,8.090493446E0
2.411698896E1,-3.521427155E0,-8.220006409E0,2.016307068E-1,8.944809082E0
2.412692796E1,-4.028422852E0,-8.539891205E0,-3.826043701E-1,9.450096220E0
2.413686696E1,-4.471950531E0,-8.597072296E0,-7.214996338E-1,9.717435636E0
2.414680596E1,-4.840633850E0,-8.462951202E0,-6.629713440E-1,9.772042270E0
2.415674396E1,-5.128934326E0,-8.144263916E0,-3.138972473E-1,9.629825208E0
2.416668296E1,-5.532944183E0,-7.880362701E0,3.281176758E-1,9.634378488E0
2.417662196E1,-5.848038940E0,-7.710316315E0,3.541635132E-1,9.683696036E0
2.418656096E1,-5.863905945E0,-7.808661804E0,-1.953437805E-1,9.767228435E0
2.419649996E1,-5.732928314E0,-8.033194885E0,-3.617976379E-1,9.875706792E0
2.420643896E1,-5.566773834E0,-8.412506104E0,-2.432441711E-1,1.009051027E1
2.421637796E1,-5.284011841E0,-8.926686859E0,5.763015747E-2,1.037351631E1
2.422631696E1,-4.826862488E0,-9.259744263E0,9.274713135E-1,1.048339965E1
2.423625596E1,-4.291126556E0,-9.265133057E0,2.256707153E0,1.045701606E1
2.424619496E1,-3.879632263E0,-8.922794952E0,3.312611389E0,1.027819101E1
2.425613396E1,-3.977678375E0,-8.742420044E0,3.110681305E0,1.009594828E1
2.426607296E1,-4.888833618E0,-9.025631104E0,1.480720825E0,1.037088449E1
2.427601196E1,-6.064339142E0,-9.464368744E0,-2.932402039E-1,1.124439748E1
2.428595096E1,-7.161557465E0,-9.609566803E0,-9.481283569E-1,1.202208912E1
2.429588996E1,-8.199349365E0,-9.554331665E0,-6.047424316E-1,1.260477279E1
2.430582796E1,-8.913813629E0,-9.436676331E0,-8.217910767E-2,1.298128218E1
2.431576696E1,-9.289532318E0,-9.307195587E0,3.876937866E-2,1.314993549E1
2.432570596E1,-9.377399597E0,-9.051227875E0,-7.439529419E-2,1.303326068E1
2.433564496E1,-9.225315857E0,-8.743318176E0,2.164498901E-1,1.271215623E1
2.434558396E1,-8.944050751E0,-8.799002380E0,1.041534119E0,1.258980858E1
2.435552296E1,-8.742869110E0,-9.217981110E0,2.336042175E0,1.291766345E1
2.436546196E1,-8.740025024E0,-1.003333557E1,3.939058685E0,1.387703295E1
2.437540096E1,-8.636889496E0,-1.122755219E1,5.696853333E0,1.526787235E1
2.438534071E1,-8.003406830E0,-1.195923065E1,6.148913269E0,1.564886108E1
2.439527971E1,-7.017856293E0,-1.157557846E1,4.041894836E0,1.412732238E1
2.440521871E1,-6.499184875E0,-1.069421127E1,1.900897064E0,1.265776317E1
2.441515771E1,-6.361620941E0,-9.940229187E0,1.165626068E0,1.185904977E1
2.442509671E1,-6.408024445E0,-9.632918243E0,7.381150818E-1,1.159313180E1
2.443503571E1,-6.461014252E0,-9.658664703E0,1.167572021E-1,1.162102152E1
2.444497471E1,-6.308631134E0,-1.002225861E1,-5.831872559E-1,1.185683776E1
2.445491371E1,-5.869743805E0,-1.053344559E1,-1.235830078E0,1.212166013E1
2.446485171E1,-5.397475891E0,-1.100361786E1,-2.347119141E0,1.247883489E1
2.447479071E1,-4.809797974E0,-1.158755356E1,-2.617606659E0,1.281629504E1
2.448472971E1,-4.266577606E0,-1.233988907E1,-1.974543915E0,1.320512667E1
2.449466871E1,-4.025878143E0,-1.325553497E1,-1.138382721E0,1.390010135E1
2.450460771E1,-3.987408142E0,-1.397104706E1,-4.171824646E-1,1.453491042E1
2.451454671E1,-4.136049042E0,-1.422297318E1,2.841091919E-1,1.481487717E1
2.452448571E1,-4.710404663E0,-1.416279831E1,1.107097778E0,1.496657721E1
2.453442471E1,-5.204078064E0,-1.369666763E1,1.543290710E0,1.473305396E1
2.454436371E1,-5.189558258E0,-1.293026138E1,1.080153809E0,1.397461651E1
2.455430271E1,-4.522844696E0,-1.179068115E1,4.113446045E-1,1.263508965E1
2.456424171E1,-3.602109375E0,-1.053149963E1,-6.990463257E-2,1.113070362E1
2.457418071E1,-3.026556244E0,-9.501641235E0,-7.138655090E-1,9.997541339E0
2.458411971E1,-3.046614532E0,-8.727151794E0,-1.523681488E0,9.368385337E0
2.459405871E1,-2.983894958E0,-8.295449524E0,-1.410217438E0,8.927867895E0
2.460399771E1,-2.787802734E0,-8.065677338E0,-1.006956024E0,8.593076017E0
2.461393671E1,-2.536325684E0,-7.796237640E0,-5.322930908E-1,8.215692622E0
2.462387571E1,-2.515518951E0,-7.504793701E0,-6.004014587E-1,7.937899345E0
2.463381371E1,-2.385289764E0,-7.146139526E0,-1.056502991E0,7.607438200E0
2.464375271E1,-2.384092255E0,-6.672674103E0,-1.003662872E0,7.156522530E0
2.465369171E1,-2.461181946E0,-6.364015961E0,-7.334747314E-1,6.862659900E0
2.466363071E1,-2.541714478E0,-6.120472412E0,-7.833210754E-1,6.673386467E0
2.467356971E1,-2.477198639E0,-5.916296997E0,-8.714877319E-1,6.472910792E0
2.468350871E1,-2.021995239E0,-5.863756256E0,-1.033450928E0,6.288093749E0
2.469344771E1,-1.271156616E0,-5.964496765E0,-1.306333466E0,6.236791477E0
2.470338671E1,-4.439767456E-1,-6.022875366E0,-1.634151764E0,6.256404320E0
2.471332571E1,3.662882996E-1,-6.031257935E0,-1.936672668E0,6.345150937E0
2.472326471E1,1.144220581E0,-6.063890076E0,-2.097288666E0,6.517562684E0
2.473320371E1,1.824705505E0,-6.020779724E0,-2.094594269E0,6.630736295E0
2.474314271E1,2.501448212E0,-5.876479797E0,-1.619332581E0,6.588815976E0
2.475308171E1,3.213068390E0,-5.665867767E0,-6.956034851E-1,6.550551904E0
2.476302071E1,3.631747742E0,-5.448370056E0,1.761836243E-1,6.550218973E0
2.477295971E1,4.004173279E0,-5.441035309E0,1.196611633E0,6.860768782E0
2.478289871E1,4.152963867E0,-5.603447571E0,2.433639221E0,7.387038203E0
2.479283671E1,3.425177307E0,-5.894143066E0,3.381019135E0,7.609471234E0
2.480277571E1,8.343649292E-1,-6.289920044E0,4.554878082E0,7.810644873E0
2.481271471E1,-2.933749237E0,-7.166048126E0,6.732399902E0,1.026081570E1
2.482265371E1,-7.647896118E0,-8.713380432E0,1.115869537E1,1.609129566E1
2.483259271E1,-1.526750107E1,-1.090003326E1,1.812925003E1,2.608787114E1
2.484253171E1,-2.264131714E1,-1.384590729E1,2.088771378E1,3.377328792E1
2.485247071E1,-2.149754562E1,-1.570803497E1,1.219708603E1,2.928575999E1
2.486240971E1,-1.892155243E1,-1.453387665E1,6.253395996E0,2.466502946E1
2.487234871E1,-1.678279999E1,-1.187750061E1,5.470224609E0,2.127582556E1
2.488228771E1,-1.252295837E1,-8.004754028E0,2.992427216E0,1.516097603E1
2.489222671E1,-8.303083649E0,-3.742816772E0,8.181985474E-1,9.144360247E0
2.490216571E1,-6.784641266E0,-4.824467468E-1,1.667232971E0,7.003126284E0
2.491210471E1,-7.403304749E0,9.879455566E-2,3.256178741E0,8.088348506E0
2.492204371E1,-8.533604279E0,-3.051105194E0,-2.059417419E0,9.293699209E0
2.493198271E1,-7.870034180E0,-7.825576630E0,-9.013057251E0,1.429728256E1
2.494192171E1,-5.955066376E0,-1.210547653E1,-1.040740768E1,1.703876499E1
2.495186071E1,-4.488416290E0,-1.420351364E1,-1.627715149E0,1.498449656E1
2.496179871E1,-5.509592743E0,-1.409349243E1,1.291933411E1,1.989701824E1
2.497173771E1,-7.932154999E0,-1.426758041E1,9.254804535E0,1.876524289E1
2.498167671E1,-5.398074646E0,-1.422896072E1,-1.739832001E0,1.531762216E1
2.499161571E1,-1.376088409E0,-1.195204559E1,-5.496270447E0,1.322701788E1
2.500155471E1,1.608854370E0,-9.061706085E0,-1.768721924E0,9.371835829E0
2.501149371E1,2.355052643E0,-7.250173187E0,-6.161187744E-1,7.647933482E0
2.502143271E1,1.563199310E0,-6.683152313E0,-1.173858948E0,6.963193359E0
2.503137171E1,1.213825836E0,-6.858138428E0,-1.582509155E0,7.142252522E0
2.504131071E1,6.090834045E-1,-7.657775574E0,-1.972148895E0,7.931070583E0
2.505124971E1,2.053729248E-1,-8.804690552E0,-2.057172089E0,9.044153402E0
2.506118871E1,3.017724609E-1,-1.019095779E1,-2.513722687E0,1.050073755E1
2.507112771E1,4.055067444E-1,-1.163934586E1,-3.061284027E0,1.204202091E1
2.508106671E1,2.151026917E-1,-1.266381546E1,-3.225043488E0,1.306978947E1
2.509100571E1,-4.311035156E-1,-1.263088394E1,-3.084934845E0,1.300930061E1
2.510094471E1,-1.139131165E0,-1.156090897E1,-2.783910828E0,1.194581079E1
2.511088371E1,-1.187031555E0,-1.012763947E1,-2.439028015E0,1.048460694E1
2.512082271E1,-1.016386414E0,-9.067094879E0,-2.190544739E0,9.383162428E0
2.513076171E1,-6.665638733E-1,-8.444090424E0,-2.274969177E0,8.770544751E0
2.514069971E1,-5.174739075E-1,-8.341104584E0,-2.568808136E0,8.743030376E0
2.515063871E1,-9.695338440E-1,-8.896150360E0,-2.508932648E0,9.293881328E0
2.516057771E1,-1.753753052E0,-9.491462402E0,-2.135309601E0,9.885497225E0
2.517051671E1,-2.564018097E0,-9.831704865E0,-1.728305969E0,1.030648586E1
2.518045571E1,-3.404969330E0,-9.921667786E0,-5.550457764E-1,1.050435070E1
2.519039471E1,-5.606890411E0,-9.337582397E0,8.356073456E0,1.372776853E1
2.520033371E1,-5.731431427E0,-8.446784821E0,6.979835358E0,1.236590400E1
2.521027271E1,-4.554279327E0,-8.459059296E0,-7.631130981E-1,9.637400374E0
2.522021171E1,-3.939657440E0,-8.788823547E0,-2.808609467E0,1.003257730E1
2.523015071E1,-3.790118408E0,-8.675060120E0,-2.833607483E0,9.881851901E0
2.524008971E1,-3.744613037E0,-8.317603455E0,-2.005978546E0,9.339625472E0
2.525002871E1,-3.840114441E0,-7.920928345E0,-6.072871399E-1,8.823626376E0
2.525996771E1,-4.098926239E0,-7.648943939E0,4.378395081E-1,8.689030046E0
2.526990671E1,-4.291126556E0,-7.463629303E0,5.751040649E-1,8.628457231E0
2.527984571E1,-4.480632477E0,-7.294481049E0,2.844085693E-1,8.565419394E0
2.528978471E1,-4.870272217E0,-7.118447113E0,2.061213684E-1,8.627533065E0
2.529972271E1,-5.427563324E0,-6.983577576E0,5.560935974E-1,8.862169005E0
2.530966171E1,-5.919141083E0,-7.118147736E0,8.614585876E-1,9.297653964E0
2.531960071E1,-6.251300354E0,-7.717501373E0,8.421487427E-1,9.967336558E0
2.532953971E1,-6.235133972E0,-8.670120392E0,5.846841431E-1,1.069531387E1
2.533947871E1,-5.769302673E0,-9.458081818E0,2.906954956E-1,1.108262915E1
2.534941771E1,-5.097050629E0,-9.521250458E0,2.782713318E-1,1.080331293E1
2.535935671E1,-4.507127380E0,-8.955427094E0,8.430468750E-1,1.006104367E1
2.536929571E1,-4.338577881E0,-8.185877380E0,1.801054688E0,9.437989431E0
2.537923483E1,-4.806205444E0,-7.740104370E0,2.107766876E0,9.351551082E0
2.538917383E1,-5.520520020E0,-7.870932312E0,1.526226196E0,9.734324997E0
2.539911283E1,-6.205046539E0,-8.460705872E0,6.444099426E-1,1.051196511E1
2.540905183E1,-6.692283325E0,-9.267228699E0,1.987866211E-1,1.143274683E1
2.541899083E1,-7.005881195E0,-9.944270782E0,3.857478333E-1,1.217044346E1
2.542892983E1,-7.218738556E0,-1.023047562E1,6.141728210E-1,1.253594934E1
2.543886883E1,-7.358847198E0,-1.022418869E1,6.605763245E-1,1.261439763E1
2.544880783E1,-7.543413391E0,-1.018047958E1,8.107141113E-1,1.269655495E1
2.545874683E1,-7.764952698E0,-1.018616776E1,1.394051056E0,1.288393893E1
2.546868583E1,-8.043373718E0,-1.025352768E1,2.116897888E0,1.320272500E1
2.547862483E1,-8.507408752E0,-1.046593597E1,2.510878601E0,1.371919571E1
2.548856283E1,-9.172475739E0,-1.069481003E1,3.259920959E0,1.446168584E1
2.549850183E1,-9.995464325E0,-1.061861847E1,5.096751251E0,1.544801730E1
2.550844083E1,-1.089374634E1,-1.018661682E1,6.520141296E0,1.627738044E1
2.551837983E1,-1.090108109E1,-9.447154541E0,3.441044312E0,1.482980390E1
2.552831883E1,-9.608219604E0,-8.378676453E0,-9.729766846E-3,1.274834098E1
2.553825783E1,-8.564589844E0,-7.562573547E0,7.872129822E-1,1.145270370E1
2.554819683E1,-7.616162109E0,-7.906408539E0,2.856360168E0,1.134354507E1
2.555813583E1,-6.711144104E0,-9.350755005E0,2.898123322E0,1.186908561E1
2.556807483E1,-6.267766113E0,-1.093071945E1,-5.493576050E-2,1.260033879E1
2.557801383E1,-6.176905060E0,-1.221564743E1,-2.834056549E0,1.397884383E1
2.558795283E1,-6.239325256E0,-1.308623703E1,-3.403173065E0,1.489162067E1
2.559789183E1,-5.730682983E0,-1.399215317E1,-2.506687317E0,1.532659646E1
2.560783083E1,-5.313650208E0,-1.508622803E1,-1.065933380E0,1.603013938E1
2.561776983E1,-4.835095367E0,-1.586490875E1,-3.754193115E-1,1.658958760E1
2.562770883E1,-4.211342468E0,-1.588257202E1,-5.517526245E-1,1.644067913E1
2.563764783E1,-4.001329193E0,-1.545221695E1,-2.225871277E-1,1.596343287E1
2.564758683E1,-4.486470337E0,-1.484642670E1,1.061891785E0,1.554581667E1
2.565752583E1,-4.928052063E0,-1.376851822E1,1.819017334E0,1.473657406E1
2.566746483E1,-4.791236572E0,-1.253193970E1,1.519939270E0,1.350243222E1
2.567740283E1,-3.916904755E0,-1.107651627E1,2.749781799E-1,1.175189212E1
2.568734183E1,-3.001558228E0,-9.854008484E0,-9.942324829E-1,1.034888077E1
2.569728083E1,-2.847229156E0,-9.058562622E0,-1.928739166E0,9.689391385E0
2.570721983E1,-2.686762848E0,-8.494984589E0,-1.742676086E0,9.078566941E0
2.571715883E1,-2.568957825E0,-7.913144531E0,-7.937992859E-1,8.357482754E0
2.572709783E1,-2.458936615E0,-7.530091095E0,-4.572990417E-1,7.934592843E0
2.573703683E1,-2.381098480E0,-7.349117432E0,-4.135899353E-1,7.736291982E0
2.574697583E1,-2.279908905E0,-7.080575867E0,-2.649490356E-2,7.438631675E0
2.575691483E1,-2.374661865E0,-6.880292358E0,5.014572144E-2,7.278733166E0
2.576685383E1,-2.449655914E0,-6.697223053E0,9.984237671E-2,7.131870668E0
2.577679283E1,-2.594704285E0,-6.405479736E0,2.183958435E-1,6.914503433E0
2.578673183E1,-2.672991486E0,-6.114484863E0,1.320254517E-1,6.674521657E0
2.579667083E1,-2.587668915E0,-5.892346802E0,-6.227050781E-2,6.435810661E0
2.580660983E1,-2.333347778E0,-5.832321625E0,-4.899311829E-1,6.300834862E0
2.581654883E1,-1.813179474E0,-5.902675323E0,-1.108295288E0,6.273556744E0
2.582648783E1,-9.978250122E-1,-6.041436768E0,-1.682201843E0,6.350150865E0
2.583642683E1,1.182540894E-2,-6.167324982E0,-1.877845001E0,6.446886002E0
2.584636583E1,1.088237000E0,-6.187233582E0,-1.795516205E0,6.533758306E0
2.585630483E1,2.207309875E0,-6.107299805E0,-1.513053589E0,6.667882644E0
2.586624383E1,3.135829010E0,-5.936504974E0,-1.244661713E0,6.828228004E0
2.587618183E1,3.594475250E0,-5.725593567E0,-8.910969543E-1,6.818850915E0
2.588612083E1,3.713477783E0,-5.508544922E0,-2.029779053E-1,6.646441486E0
2.589605983E1,3.774251404E0,-5.379662933E0,7.685018921E-1,6.616369253E0
2.590599883E1,3.789819031E0,-5.398673401E0,2.048340454E0,6.906815575E0
2.591593783E1,3.237168274E0,-5.547314301E0,3.465742950E0,7.298172962E0
2.592587683E1,-4.352947998E-1,-5.704786835E0,5.535788269E0,7.961094532E0
2.593581583E1,-5.375771027E0,-6.340514832E0,8.707991638E0,1.203869432E1
2.594575483E1,-1.063403641E1,-7.756121063E0,1.232492020E1,1.803174429E1
2.595569383E1,-1.657114014E1,-9.978699188E0,1.577464645E1,2.496030035E1
2.596563283E1,-1.953362961E1,-1.198512680E1,1.460737381E1,2.717685265E1
2.597557183E1,-1.823972031E1,-1.206970093E1,9.317224731E0,2.377342537E1
2.598551083E1,-1.764710266E1,-1.092024124E1,7.468419342E0,2.205559314E1
2.599544983E1,-1.666544403E1,-8.741072845E0,6.983278198E0,2.007260705E1
2.600538883E1,-1.369741608E1,-5.838907928E0,3.990102539E0,1.541534856E1
2.601532783E1,-1.041055115E1,-3.136427765E0,1.787882080E0,1.101876929E1
2.602526683E1,-8.965306549E0,-1.673819275E0,1.573228455E0,9.254914384E0
2.603520583E1,-9.388326874E0,-1.860780487E0,-3.420387268E-1,9.577065104E0
2.604514483E1,-8.256231079E0,-4.257296906E0,-6.072272644E0,1.109785671E1
2.605508383E1,-5.469176788E0,-8.108039246E0,-8.395740967E0,1.288955630E1
2.606502183E1,-3.422782288E0,-1.169338348E1,-5.009333038E0,1.317361277E1
2.607496083E1,-1.399140472E0,-1.418001251E1,1.090587112E1,1.794347720E1
2.608489983E1,-2.754571838E0,-1.487696320E1,1.908441376E1,2.435418955E1
2.609483883E1,-6.526428223E0,-1.548859131E1,3.969146118E0,1.726976685E1
2.610477783E1,-5.996679840E0,-1.657128983E1,-4.128863983E0,1.810014733E1
2.611471683E1,-2.355352020E0,-1.534578827E1,-2.517764282E-1,1.552753336E1
2.612465583E1,9.195378113E-1,-1.160985718E1,-2.329306183E0,1.187686831E1
2.613459483E1,1.067729645E0,-8.675359497E0,-4.706812134E0,9.927536928E0
2.614453383E1,1.051563263E0,-7.677534485E0,-3.158581696E0,8.368211242E0
2.615447283E1,1.115480347E0,-7.244485016E0,-2.492466888E0,7.742044351E0
2.616441183E1,6.923103333E-1,-7.410639496E0,-2.342179413E0,7.802735145E0
2.617435083E1,1.663041687E-1,-8.009693756E0,-2.705773315E0,8.456007354E0
2.618428983E1,-4.849914551E-2,-8.856333160E0,-3.744613037E0,9.615566339E0
2.619422883E1,-2.894979858E-1,-9.922116852E0,-4.465663605E0,1.088459293E1
2.620416783E1,-5.969586182E-1,-1.078147980E1,-4.374652863E0,1.165050445E1
2.621410683E1,-1.198407898E0,-1.100646194E1,-4.167333984E0,1.182983764E1
2.622404583E1,-1.823358307E0,-1.061607376E1,-3.860172729E0,1.144231581E1
2.623398483E1,-1.631157990E0,-9.705816650E0,-3.425326996E0,1.042096053E1
2.624392383E1,-1.295555878E0,-8.938961334E0,-3.146007843E0,9.564562725E0
2.625386283E1,-1.314865723E0,-8.716972961E0,-3.144510956E0,9.359617440E0
2.626380183E1,-1.530118103E0,-9.020242310E0,-2.983894958E0,9.623391391E0
2.627373983E1,-1.977687378E0,-9.422006836E0,-2.559826813E0,9.961835850E0
2.628367883E1,-2.581980743E0,-9.687854004E0,-1.944157104E0,1.021278055E1
2.629361783E1,-3.039429474E0,-9.938732300E0,-9.943821716E-1,1.044056163E1
2.630355683E1,-3.818259888E0,-1.007195526E1,8.142617340E0,1.350280002E1
2.631349583E1,-3.726800079E0,-9.801168365E0,1.096589630E1,1.517243625E1
2.632343483E1,-3.371588745E0,-9.297016754E0,8.966354370E-2,9.889902464E0
2.633337383E1,-3.238216095E0,-8.878636780E0,-2.132465515E0,9.688325125E0
2.634331283E1,-3.212469635E0,-8.573122101E0,-1.847009125E0,9.339690917E0
2.635325183E1,-3.425177307E0,-8.148155823E0,-1.290616150E0,8.932523325E0
2.636319083E1,-3.857777710E0,-7.668104095E0,-3.896397400E-1,8.592676440E0
2.637312983E1,-4.484674072E0,-7.501949615E0,5.763015747E-1,8.759205048E0
2.638306833E1,-5.014123077E0,-7.578141174E0,7.562274170E-1,9.118197947E0
2.639300733E1,-5.200934601E0,-7.788154449E0,1.035845947E-1,9.365671370E0
2.640294633E1,-5.016817474E0,-7.903265076E0,-6.298901367E-1,9.382260816E0
2.641288533E1,-4.597389679E0,-7.916886749E0,-1.133442993E0,9.224845835E0
2.642282433E1,-4.466412048E0,-7.940537567E0,-1.132544861E0,9.180611706E0
2.643276333E1,-5.541476440E0,-7.826923828E0,-5.703140259E-1,9.606974333E0
2.644270233E1,-6.630461884E0,-7.766898651E0,1.889071655E-1,1.021388395E1
2.645264133E1,-6.950795746E0,-7.916437683E0,6.177653503E-1,1.055297025E1
2.646258033E1,-6.725813599E0,-8.111931152E0,8.812174988E-1,1.057433402E1
2.647251933E1,-6.095175018E0,-8.261021118E0,1.110540619E0,1.032612846E1
2.648245833E1,-5.327271881E0,-8.199798431E0,1.634301453E0,9.914003291E0
2.649239633E1,-4.869224396E0,-8.092621307E0,2.437082062E0,9.753934325E0
2.650233533E1,-5.050497437E0,-8.275091858E0,2.750380554E0,1.007716542E1
2.651227433E1,-5.741161194E0,-8.956624603E0,1.965562592E0,1.081875651E1
2.652221333E1,-6.352190552E0,-9.772428131E0,9.318122864E-1,1.169268791E1
2.653215233E1,-6.702312469E0,-1.029559021E1,5.035528564E-1,1.229527290E1
2.654209133E1,-6.913822632E0,-1.037477554E1,6.484515381E-1,1.248428614E1
2.655203033E1,-7.176526337E0,-1.016311569E1,8.702902222E-1,1.247192270E1
2.656196933E1,-7.654183044E0,-9.934840393E0,7.520361328E-1,1.256396156E1
2.657190833E1,-8.286917267E0,-9.832602997E0,5.577401733E-1,1.287105876E1
2.658184733E1,-8.794661407E0,-9.811347198E0,6.644682312E-1,1.319280566E1
2.659178633E1,-9.094188538E0,-9.853260040E0,9.011260986E-1,1.343886256E1
2.660172533E1,-9.303303680E0,-9.936936035E0,1.042881317E0,1.365217047E1
2.661166433E1,-9.520801392E0,-1.004171814E1,1.378184052E0,1.390615524E1
2.662160333E1,-9.571096802E0,-1.004590942E1,2.540816345E0,1.410609577E1
2.663154233E1,-9.364077301E0,-1.002435425E1,6.038293304E0,1.498781531E1
2.664148133E1,-9.025930481E0,-9.878407745E0,1.081051941E1,1.720225830E1
2.665142033E1,-8.426876221E0,-9.065298615E0,6.741381226E0,1.409390303E1
2.666135933E1,-6.979086914E0,-8.543334045E0,-1.450483704E-1,1.103255409E1
2.667129833E1,-5.647306366E0,-8.775650940E0,6.018983459E-1,1.045305698E1
2.668123733E1,-4.673132172E0,-9.621541901E0,2.752326508E0,1.104479670E1
2.669117633E1,-3.650309143E0,-1.100391724E1,2.466570740E0,1.185305541E1
2.670111433E1,-3.955225067E0,-1.213616272E1,2.576142883E-1,1.276701281E1
2.671105333E1,-4.530778198E0,-1.262519577E1,-2.508483582E0,1.364609868E1
2.672099233E1,-4.295617218E0,-1.298489777E1,-3.742367706E0,1.417974659E1
2.673093133E1,-4.107009430E0,-1.377255981E1,-2.782713318E0,1.463879857E1
2.674087033E1,-4.386478271E0,-1.500255203E1,-6.794371033E-1,1.564542725E1
2.675080933E1,-4.775818634E0,-1.602357880E1,7.376660156E-1,1.673641754E1
2.676074833E1,-4.596341858E0,-1.585083801E1,7.279362488E-1,1.651984611E1
2.677068733E1,-4.445156250E0,-1.501976624E1,4.556524658E-1,1.567036729E1
2.678062633E1,-4.110003204E0,-1.393242737E1,5.489085388E-1,1.453636678E1
2.679056533E1,-3.326981506E0,-1.288999512E1,1.058598633E0,1.335445286E1
2.680050433E1,-2.628983002E0,-1.186298080E1,1.310973816E0,1.222131407E1
2.681044333E1,-2.332898712E0,-1.076231964E1,6.119274902E-1,1.102925182E1
2.682038233E1,-2.402054901E0,-9.455387421E0,-8.819659424E-1,9.795513409E0
2.683032133E1,-2.496658173E0,-8.361911316E0,-2.036814423E0,8.961220669E0
2.684026033E1,-2.687660980E0,-7.870333557E0,-1.898352356E0,8.530499019E0
2.685019933E1,-2.951412506E0,-7.500901794E0,-6.352789307E-1,8.085662795E0
2.686013833E1,-3.069816284E0,-7.055428162E0,5.616320801E-1,7.714808433E0
2.687007733E1,-2.831960907E0,-6.812333679E0,6.770420837E-1,7.408527433E0
2.688001633E1,-2.687960358E0,-6.646029510E0,5.340893555E-1,7.188886602E0
2.688995533E1,-2.596201172E0,-6.330934753E0,6.011499023E-1,6.868942901E0
2.689989433E1,-2.455044708E0,-5.907016296E0,6.938072205E-1,6.434396204E0
2.690983333E1,-2.175126801E0,-5.511389008E0,8.190966797E-1,5.981429993E0
2.691977233E1,-1.773362274E0,-5.192701721E0,6.174659729E-1,5.521795826E0
2.692971133E1,-1.490001526E0,-5.003345490E0,1.366658020E-1,5.222283808E0
2.693964933E1,-1.338366852E0,-4.965174866E0,-4.935237122E-1,5.166019060E0
2.694958833E1,-1.061592407E0,-5.080734558E0,-1.083746338E0,5.302390802E0
2.695952733E1,-4.980143738E-1,-5.134921875E0,-1.363664246E0,5.336199130E0
2.696946633E1,3.579057312E-1,-5.144202576E0,-1.340312805E0,5.327978516E0
2.697940533E1,1.240320740E0,-5.132227478E0,-1.154249725E0,5.404668986E0
2.698934433E1,2.191293182E0,-5.093158722E0,-8.059240723E-1,5.602815827E0
2.699928333E1,3.121608582E0,-5.101391602E0,-3.465293884E-1,5.990719408E0
2.700922233E1,3.457061005E0,-5.255570984E0,2.507286072E-1,6.295646273E0
2.701916133E1,3.514691162E0,-5.514682159E0,1.550775146E0,6.720838998E0
2.702910033E1,3.005300446E0,-5.827830963E0,2.863245850E0,7.154971789E0
2.703903933E1,6.303392029E-1,-6.027216339E0,3.473377075E0,6.984913215E0
2.704897833E1,-2.492317200E0,-6.410419464E0,4.764292603E0,8.366815806E0
2.705891733E1,-6.296057281E0,-7.430248718E0,7.770191803E0,1.245892507E1
2.706885633E1,-1.160596527E1,-9.159602509E0,1.392224854E1,2.030826808E1
2.707879533E1,-1.853415802E1,-1.148307083E1,1.942435684E1,2.920071177E1
2.708873433E1,-2.079011673E1,-1.290930496E1,1.373723328E1,2.806404615E1
2.709867333E1,-1.857187958E1,-1.251771927E1,6.780449982E0,2.340048095E1
2.710861233E1,-1.775457916E1,-1.067026108E1,6.688840485E0,2.176741004E1
2.711855133E1,-1.592403580E1,-8.532556458E0,7.242239685E0,1.946354211E1
2.712849033E1,-1.135508698E1,-6.187383270E0,4.554429016E0,1.371001589E1
2.713842933E1,-6.906038818E0,-4.204157410E0,2.331551514E0,8.414537667E0
2.714836833E1,-5.643115082E0,-3.564836884E0,3.282673645E0,7.438330195E0
2.715830733E1,-6.659351807E0,-4.217330017E0,2.032024384E0,8.140145088E0
2.716824633E1,-7.059170380E0,-6.952741699E0,-2.603535919E0,1.024455479E1
2.717818433E1,-5.131479034E0,-1.084958817E1,-5.554649048E0,1.322496754E1
2.718812333E1,-1.950593719E0,-1.288670197E1,-1.922901306E0,1.317457600E1
2.719806233E1,6.584806824E-1,-1.172900940E1,1.032627640E1,1.564081975E1
2.720800133E1,-2.704725494E0,-9.918823700E0,7.990533600E0,1.302103033E1
2.721794033E1,-7.032974854E0,-1.063867676E1,-5.033881989E0,1.371073106E1
2.722787933E1,-7.580536194E0,-1.347378113E1,-3.314257965E0,1.581112307E1
2.723781833E1,-5.289400635E0,-1.401236115E1,1.627116394E-1,1.497833432E1
2.724775733E1,-2.155367889E0,-1.179098053E1,-3.519780579E0,1.249246525E1
2.725769633E1,-9.244775391E-1,-9.546697540E0,-3.477718048E0,1.020238283E1
2.726763533E1,-3.944297791E-1,-8.544082489E0,-2.032473450E0,8.791351930E0
2.727757433E1,-1.155596924E-1,-8.229287109E0,-1.212628326E0,8.318953530E0
2.728751333E1,-3.450325012E-1,-8.412805481E0,-1.067579956E0,8.487288757E0
2.729745233E1,-6.505471802E-1,-9.063502350E0,-1.239422607E0,9.170957141E0
2.730739133E1,-9.774673462E-1,-9.962233429E0,-1.675166473E0,1.014927190E1
2.731733033E1,-1.059047699E0,-1.072684341E1,-2.349963226E0,1.103218377E1
2.732726933E1,-1.180894318E0,-1.089329727E1,-3.066972198E0,1.137825801E1
2.733720833E1,-1.830094299E0,-1.032971924E1,-3.553011475E0,1.107593045E1
2.734714733E1,-2.046693878E0,-9.498647461E0,-3.296145630E0,1.026049879E1
2.735708633E1,-1.885479126E0,-8.572673035E0,-2.884950714E0,9.239518121E0
2.736702533E1,-1.706152039E0,-8.029752045E0,-2.640509033E0,8.623233769E0
2.737696433E1,-1.632654877E0,-7.995173950E0,-2.575843506E0,8.557063644E0
2.738690383E1,-1.887275391E0,-8.476722565E0,-2.250270538E0,8.971084178E0
2.739684283E1,-2.302062836E0,-9.083261261E0,-1.876647491E0,9.556512661E0
2.740678183E1,-2.839595032E0,-9.546547852E0,-1.418300629E0,1.006039028E1
2.741672083E1,-3.508404236E0,-9.910141754E0,1.190025330E-1,1.051351375E1
2.742665983E1,-4.698579254E0,-9.858648834E0,6.810836792E0,1.287078481E1
2.743659783E1,-4.495601349E0,-9.347461853E0,3.553610229E0,1.096419720E1
2.744653683E1,-4.114793243E0,-9.022188263E0,-8.481362915E-1,9.952423808E0
2.745647583E1,-3.568279724E0,-8.663534088E0,-1.545386353E0,9.496191977E0
2.746641483E1,-2.989433441E0,-7.953710175E0,-1.304986267E0,8.596581123E0
2.747635383E1,-2.753673706E0,-7.285350037E0,-3.963757324E-1,7.798471501E0
2.748629283E1,-3.028202820E0,-7.134763184E0,7.089257812E-1,7.783150632E0
2.749623183E1,-3.676654358E0,-7.475005646E0,1.085991669E0,8.400766309E0
2.750617083E1,-4.198020172E0,-7.702382813E0,5.556445312E-1,8.789699381E0
2.751610983E1,-4.625531158E0,-7.871531067E0,-2.534230042E-1,9.133496759E0
2.752604883E1,-4.887785797E0,-8.153843994E0,-8.523275757E-1,9.544741179E0
2.753598783E1,-4.967270508E0,-8.213420105E0,-1.003363495E0,9.650947333E0
2.754592683E1,-5.253475342E0,-8.067174225E0,-5.313949585E-1,9.641612093E0
2.755586583E1,-5.828878784E0,-8.077203369E0,2.435435486E-1,9.963752085E0
2.756580483E1,-6.309828644E0,-8.290659485E0,6.845265198E-1,1.044114691E1
2.757574383E1,-6.485712891E0,-8.534652100E0,6.002517700E-1,1.073615668E1
2.758568283E1,-6.375092926E0,-8.658594360E0,2.715353394E-1,1.075577973E1
2.759562183E1,-6.175707550E0,-8.490493927E0,3.603007507E-1,1.050512577E1
2.760556083E1,-6.027066650E0,-8.041876831E0,1.165326691E0,1.011707970E1
2.761549983E1,-5.929918671E0,-7.614515533E0,2.110161896E0,9.879148014E0
2.762543883E1,-5.874982910E0,-7.622149658E0,2.271077271E0,9.887890653E0
2.763537783E1,-5.825885010E0,-8.158484344E0,1.514550476E0,1.013881976E1
2.764531683E1,-5.842201080E0,-8.938811646E0,6.051914978E-1,1.069579001E1
2.765525583E1,-5.959557037E0,-9.589059448E0,2.098635864E-1,1.129205136E1
2.766519483E1,-6.259682922E0,-9.971514130E0,1.407073975E-1,1.177431624E1
2.767513383E1,-6.637347565E0,-1.009425888E1,1.541793823E-2,1.208092226E1
2.768507283E1,-7.108268280E0,-1.002600082E1,-8.158035278E-2,1.229043636E1
2.769501183E1,-7.629933472E0,-9.938283234E0,6.885681152E-3,1.252938170E1
2.770495083E1,-8.078999634E0,-9.905651093E0,2.022294617E-1,1.278409384E1
2.771488883E1,-8.475974121E0,-9.922715607E0,4.623884583E-1,1.305818615E1
2.772482783E1,-8.810079346E0,-1.006222549E1,8.014334106E-1,1.339806611E1
2.773476683E1,-9.068591766E0,-1.030427216E1,1.311123505E0,1.378899656E1
2.774470583E1,-9.295220490E0,-1.046743286E1,2.351909180E0,1.419506081E1
2.775464483E1,-9.348210297E0,-1.045096710E1,4.473297729E0,1.471808893E1
2.776458383E1,-9.215885468E0,-1.046054718E1,8.164022827E0,1.615570676E1
2.777452283E1,-9.118138733E0,-1.039094193E1,1.065095123E1,1.745150109E1
2.778446183E1,-9.003626862E0,-9.334289246E0,6.037544861E0,1.430546051E1
2.779440083E1,-8.132139130E0,-8.176297302E0,-4.767585754E-1,1.154169932E1
2.780433983E1,-6.931036835E0,-7.931107178E0,-9.252259827E-1,1.057344673E1
2.781427883E1,-5.719905396E0,-8.436007233E0,1.636397095E0,1.032285480E1
2.782421783E1,-4.767286377E0,-9.983938293E0,2.132166138E0,1.126730561E1
2.783415683E1,-5.095404053E0,-1.168859344E1,-9.449848938E-1,1.278590457E1
2.784409583E1,-5.472619629E0,-1.254930359E1,-3.965403900E0,1.425338606E1
2.785403483E1,-5.135221252E0,-1.312261139E1,-4.636308746E0,1.483471556E1
2.786397383E1,-5.131778412E0,-1.393557083E1,-3.505709839E0,1.525861349E1
2.787391283E1,-5.355413361E0,-1.504416550E1,-1.409169617E0,1.603100517E1
2.788385183E1,-5.585335236E0,-1.550236267E1,1.378633118E-1,1.647841693E1
2.789379083E1,-5.440286865E0,-1.486139557E1,6.659651184E-1,1.583986455E1
2.790372983E1,-5.105732574E0,-1.382016083E1,6.991960144E-1,1.474971951E1
2.791366883E1,-4.700674896E0,-1.271366180E1,5.872288513E-1,1.356754873E1
2.792360783E1,-4.290976868E0,-1.173215286E1,4.638853455E-1,1.250084329E1
2.793354683E1,-3.714226227E0,-1.057745407E1,6.559359741E-1,1.122979355E1
2.794348583E1,-3.192411346E0,-9.586963806E0,1.772314453E-1,1.010607620E1
2.795342483E1,-2.893782349E0,-8.804241486E0,-5.851332092E-1,9.286066190E0
2.796336383E1,-2.772534485E0,-8.519982605E0,-7.927514648E-1,8.994748798E0
2.797330283E1,-2.585722961E0,-8.255782013E0,-5.622308350E-1,8.669486916E0
2.798324183E1,-2.413730621E0,-7.953261108E0,-4.251159668E-1,8.322330284E0
2.799318083E1,-2.250869293E0,-7.506140900E0,-3.495231628E-1,7.844152613E0
2.800311883E1,-2.087109833E0,-7.021748199E0,-5.227130127E-1,7.343991022E0
2.801305783E1,-2.029629364E0,-6.644233246E0,-7.399113464E-1,6.986608589E0
2.802299683E1,-2.005679169E0,-6.241720276E0,-7.565267944E-1,6.599557085E0
2.803293583E1,-1.999841309E0,-5.901777191E0,-6.599775696E-1,6.266251644E0
2.804287483E1,-1.870659943E0,-5.623356171E0,-5.258564758E-1,5.949624213E0
2.805281383E1,-1.692530365E0,-5.351820831E0,-2.935395813E-1,5.620748236E0
2.806275283E1,-1.426084442E0,-5.327870636E0,-2.263293457E-1,5.520067692E0
2.807269183E1,-9.574090576E-1,-5.612578583E0,-6.177653503E-1,5.727067703E0
2.808263083E1,-2.764750671E-1,-5.964047699E0,-1.440604248E0,6.141794853E0
2.809256983E1,6.716532898E-1,-6.218817902E0,-2.031575317E0,6.576633828E0
2.810250883E1,1.710792389E0,-6.390660553E0,-1.844913483E0,6.868119004E0
2.811244783E1,2.727478180E0,-6.434818726E0,-1.382375336E0,7.124394067E0
2.812238683E1,3.380121002E0,-6.300398254E0,-1.015937347E0,7.221659425E0
2.813232583E1,3.494183807E0,-6.089486847E0,-5.963598633E-1,7.046049647E0
2.814226483E1,3.498824158E0,-6.080056458E0,2.061213684E-1,7.017930110E0
2.815220383E1,3.865262146E0,-6.232289886E0,1.935325470E0,7.584666991E0
2.816214283E1,4.201013947E0,-6.462960205E0,3.923790436E0,8.649537801E0
2.817208183E1,3.020419006E0,-6.883136444E0,5.490582275E0,9.308436604E0
2.818202083E1,-1.454375610E0,-7.279811554E0,7.298971710E0,1.041085264E1
2.819195983E1,-6.287674713E0,-8.179740143E0,9.521400146E0,1.403923299E1
2.820189883E1,-1.243404327E1,-9.864636383E0,1.353320755E1,2.085819239E1
2.821183783E1,-1.883862488E1,-1.201102295E1,1.701332062E1,2.808222815E1
2.822177683E1,-1.923784470E1,-1.310464874E1,1.291319687E1,2.661911232E1
2.823171583E1,-1.687276291E1,-1.220097794E1,7.559879150E0,2.215187946E1
2.824165483E1,-1.605231903E1,-1.034917877E1,7.601342926E0,2.055633386E1
2.825159383E1,-1.346465012E1,-8.175249481E0,6.297554169E0,1.696439493E1
2.826153283E1,-9.703571320E0,-5.935906219E0,2.947819977E0,1.175091152E1
2.827147183E1,-7.414980469E0,-3.907923431E0,1.305135956E0,8.482757851E0
2.828141083E1,-7.403753815E0,-3.387455750E0,1.361119537E0,8.254881792E0
2.829134983E1,-8.448880463E0,-4.944068756E0,1.200503540E0,9.862484762E0
2.830128883E1,-9.197024689E0,-8.230035553E0,-1.855840759E0,1.248050052E1
2.831122783E1,-8.601263580E0,-1.130509094E1,-3.740421753E0,1.468936933E1
2.832116683E1,-6.860683136E0,-1.307501038E1,-1.885928192E0,1.488561704E1
2.833110483E1,-4.802163849E0,-1.256906250E1,3.709136810E0,1.395707010E1
2.834104383E1,-4.229454803E0,-1.112726074E1,6.441105652E0,1.353484620E1
2.835098283E1,-4.417912903E0,-1.130554001E1,-4.767585754E-1,1.214744780E1
2.836092183E1,-3.198847961E0,-1.156405243E1,-3.723057861E0,1.256268668E1
2.837086083E1,-1.222358093E0,-1.077833633E1,-3.246898041E0,1.132294309E1
2.838079983E1,5.638774109E-1,-9.384434967E0,-2.328557739E0,9.685440544E0
2.839073896E1,5.315446472E-1,-8.356821899E0,-1.746717682E0,8.553948482E0
2.840067796E1,4.932243347E-1,-8.013735352E0,-8.734336853E-1,8.076268379E0
2.841061696E1,3.388952637E-1,-8.182135162E0,-9.610015869E-1,8.245344739E0
2.842055596E1,4.176315308E-2,-8.824599152E0,-1.449136505E0,8.942890526E0
2.843049496E1,2.507286072E-1,-9.773475952E0,-2.049837341E0,9.989270752E0
2.844043396E1,2.697390747E-1,-1.077145065E1,-2.705623627E0,1.110933425E1
2.845037296E1,-2.279759216E-1,-1.163111298E1,-3.160377960E0,1.205498863E1
2.846031196E1,-1.227148132E0,-1.162138321E1,-3.623963928E0,1.223501348E1
2.847025096E1,-1.607806549E0,-1.085647385E1,-3.682492218E0,1.157621766E1
2.848018996E1,-1.316811676E0,-9.568103027E0,-3.186274109E0,1.017029652E1
2.849012896E1,-1.062041473E0,-8.464897156E0,-2.670596466E0,8.939491117E0
2.850006796E1,-9.313632202E-1,-7.899223480E0,-2.533182220E0,8.347585351E0
2.851000696E1,-9.057664490E-1,-7.885601807E0,-2.595602417E0,8.351064640E0
2.851994596E1,-1.338666229E0,-8.323141937E0,-2.276316376E0,8.732029273E0
2.852988496E1,-2.128274231E0,-8.989705811E0,-1.825603638E0,9.416856716E0
2.853982396E1,-2.890339508E0,-9.607022095E0,-1.190923462E0,1.010283300E1
2.854976296E1,-4.583468628E0,-1.002480331E1,5.409450989E0,1.227872250E1
2.855970196E1,-5.601351929E0,-9.808054047E0,7.557484131E0,1.359001965E1
2.856964096E1,-4.931494904E0,-9.032516785E0,1.439556427E0,1.039126191E1
2.857957996E1,-4.120032349E0,-8.643924866E0,-1.766775970E0,9.737227581E0
2.858951896E1,-3.313808899E0,-8.277786255E0,-2.924917603E0,9.383934019E0
2.859945796E1,-2.962339783E0,-7.720195770E0,-2.527643738E0,8.646725541E0
2.860939696E1,-3.131038971E0,-7.382048950E0,-9.434880066E-1,8.073922303E0
2.861933596E1,-3.736829224E0,-7.344477081E0,4.117936707E-1,8.250746043E0
2.862927496E1,-4.199816437E0,-7.485184479E0,6.063890076E-1,8.604310107E0
2.863921396E1,-4.434528351E0,-7.591762848E0,6.256988525E-2,8.792259085E0
2.864915296E1,-4.680017853E0,-7.709717560E0,-6.081852722E-1,9.039480144E0
2.865909096E1,-4.926854553E0,-7.807763672E0,-8.484356689E-1,9.271187218E0
2.866902996E1,-5.229674835E0,-7.776778107E0,-4.462220764E-1,9.382264692E0
2.867896896E1,-5.551954651E0,-7.837102661E0,3.074606323E-1,9.609313743E0
2.868890796E1,-5.736820221E0,-8.262817383E0,8.949888611E-1,1.009882480E1
2.869884696E1,-5.616769867E0,-8.859925690E0,1.022523651E0,1.054001620E1
2.870878596E1,-5.340743866E0,-9.261091461E0,8.530760193E-1,1.072469574E1
2.871872496E1,-4.977748718E0,-9.502539368E0,7.132667542E-1,1.075104582E1
2.872866396E1,-4.769531708E0,-9.575737152E0,9.108558655E-1,1.073651867E1
2.873860296E1,-4.783303070E0,-9.439370728E0,1.445993042E0,1.068047770E1
2.874854196E1,-4.917573853E0,-9.227112122E0,1.961371307E0,1.063809702E1
2.875848096E1,-5.088368683E0,-9.106762390E0,1.945953369E0,1.061184958E1
2.876841996E1,-5.303920441E0,-9.148974609E0,1.387614441E0,1.066586997E1
2.877835896E1,-5.688770142E0,-9.430988159E0,8.027806091E-1,1.104310192E1
2.878829796E1,-6.190676422E0,-9.697733459E0,4.903802490E-1,1.151568416E1
2.879823696E1,-6.947352905E0,-9.764195251E0,3.863465881E-1,1.198976584E1
2.880817596E1,-7.838898926E0,-9.739945679E0,1.460961914E-1,1.250344842E1
2.881811496E1,-8.546178131E0,-9.720336456E0,-2.782713318E-1,1.294602396E1
2.882805396E1,-8.847651215E0,-9.625583496E0,-5.068460083E-1,1.308394751E1
2.883799296E1,-9.033564606E0,-9.382489014E0,-2.013313293E-1,1.302600951E1
2.884793196E1,-9.388626251E0,-9.318272552E0,3.074606323E-1,1.323144128E1
2.885787096E1,-9.741292877E0,-9.504934387E0,9.105564880E-1,1.364058935E1
2.886780996E1,-9.877659302E0,-9.973609772E0,1.703607330E0,1.414013165E1
2.887774896E1,-9.640851746E0,-1.033660492E1,4.139192505E0,1.472835151E1
2.888768796E1,-8.723559265E0,-1.032567764E1,9.543554077E0,1.654688882E1
2.889762696E1,-7.955057373E0,-1.001432510E1,9.226513367E0,1.577016785E1
2.890756596E1,-7.327412567E0,-9.405092010E0,1.259480896E0,1.198887079E1
2.891750496E1,-6.326294403E0,-8.849597168E0,-2.357597351E-1,1.088085261E1
2.892744396E1,-5.497767334E0,-8.818012848E0,2.067949677E0,1.059524479E1
2.893738296E1,-4.493056641E0,-9.587861938E0,2.820883942E0,1.095773885E1
2.894732196E1,-4.399501190E0,-1.089614136E1,9.086105347E-1,1.178588479E1
2.895726096E1,-5.481151886E0,-1.184037781E1,-2.057621155E0,1.320876139E1
2.896719996E1,-5.832022247E0,-1.216071167E1,-3.676354980E0,1.397894766E1
2.897713896E1,-5.529950409E0,-1.239677078E1,-3.698059845E0,1.406897025E1
2.898707796E1,-5.079537048E0,-1.299971695E1,-2.669848022E0,1.420994109E1
2.899701696E1,-4.660558319E0,-1.392209885E1,-1.228794708E0,1.473280613E1
2.900695596E1,-4.310735779E0,-1.460318253E1,-6.300398254E-1,1.523917101E1
2.901689496E1,-3.945944366E0,-1.475990662E1,-6.271957397E-1,1.529113125E1
2.902683296E1,-4.055217133E0,-1.466275864E1,-2.704875183E-1,1.521559859E1
2.903677196E1,-4.370012512E0,-1.425261154E1,5.950126648E-1,1.491938287E1
2.904671096E1,-4.443359985E0,-1.340372681E1,1.430575104E0,1.419330425E1
2.905664996E1,-3.959416351E0,-1.221879089E1,1.925296326E0,1.298778637E1
2.906658896E1,-3.064577179E0,-1.079240707E1,1.546434174E0,1.132515529E1
2.907652796E1,-2.442470856E0,-9.484277344E0,4.200265503E-1,9.802734461E0
2.908646696E1,-2.089355164E0,-8.886719971E0,-6.556365967E-1,9.152543700E0
2.909640596E1,-2.040107574E0,-8.280330963E0,-1.805844727E0,8.717051964E0
2.910634496E1,-2.337838440E0,-7.851173401E0,-2.093247070E0,8.455063314E0
2.911628396E1,-2.477647705E0,-7.695646820E0,-1.279838562E0,8.185334744E0
2.912622296E1,-2.523003387E0,-7.343129883E0,-4.035607910E-1,7.774957484E0
2.913616196E1,-2.498005371E0,-7.038213959E0,4.041595459E-2,7.468475079E0
2.914610096E1,-2.395767975E0,-6.641389160E0,-4.430786133E-2,7.060433227E0
2.915603996E1,-2.308349762E0,-6.127807159E0,-3.597019958E-1,6.558039702E0
2.916597896E1,-2.391427002E0,-5.687422943E0,-5.016069031E-1,6.190097925E0
2.917591796E1,-2.590662689E0,-5.403463440E0,-6.081852722E-1,6.023191815E0
2.918585696E1,-2.713856506E0,-5.403313751E0,-8.406518555E-1,6.104712292E0
2.919579596E1,-2.274370422E0,-5.778733063E0,-1.047970734E0,6.297996450E0
2.920573496E1,-1.382824402E0,-6.054459686E0,-1.500479736E0,6.389062909E0
2.921567396E1,-3.456312561E-1,-6.094276886E0,-1.884580994E0,6.388373600E0
2.922561296E1,6.315367126E-1,-6.184239807E0,-1.839524689E0,6.482862924E0
2.923555196E1,1.554667053E0,-6.278543701E0,-1.514849854E0,6.643182275E0
2.924549096E1,2.603236542E0,-6.216422882E0,-1.163231049E0,6.839141789E0
2.925542996E1,3.571123810E0,-6.037544861E0,-5.864804077E-1,7.039093158E0
2.926536896E1,3.940405884E0,-5.849086761E0,1.392105103E-2,7.052574584E0
2.927530796E1,3.935017090E0,-5.715115356E0,7.330256653E-1,6.977408520E0
2.928524696E1,4.182302856E0,-5.764362946E0,2.103575592E0,7.425938838E0
2.929518596E1,3.885919189E0,-6.105054474E0,3.526217194E0,8.050233896E0
2.930512496E1,1.101708984E0,-6.629863129E0,4.895569611E0,8.314772974E0
2.931506396E1,-3.005450134E0,-7.421117706E0,6.713988190E0,1.044908398E1
2.932500296E1,-7.528145142E0,-8.763675842E0,1.040022263E1,1.554476163E1
2.933494196E1,-1.294747559E1,-1.059661423E1,1.506901382E1,2.251667237E1
2.934488096E1,-1.709729599E1,-1.192106003E1,1.410891037E1,2.516923825E1
2.935481996E1,-1.647144745E1,-1.194530960E1,9.319470062E0,2.237971235E1
2.936475896E1,-1.564351913E1,-1.100107315E1,7.922125854E0,2.070032317E1
2.937469796E1,-1.591610229E1,-9.310937805E0,8.295299835E0,2.021949244E1
2.938463696E1,-1.442340637E1,-7.465724945E0,4.968767395E0,1.698412052E1
2.939457596E1,-1.201626205E1,-5.760021973E0,1.795965271E0,1.344596215E1
2.940451496E1,-1.053269714E1,-4.067341919E0,7.535330200E-1,1.131586459E1
2.941445396E1,-1.058448944E1,-4.015250244E0,4.028123474E-1,1.132766123E1
2.942439296E1,-1.095826218E1,-6.875202942E0,-1.529818726E0,1.302659859E1
2.943433096E1,-9.946815491E0,-1.038839722E1,-3.250789948E0,1.474535759E1
2.944427096E1,-8.133186951E0,-1.330538132E1,-3.805536346E0,1.605191605E1
2.945420896E1,-6.647077332E0,-1.491812759E1,2.162852325E0,1.647458947E1
2.946414796E1,-4.002077637E0,-1.474808121E1,1.071651489E1,1.866457115E1
2.947408696E1,-2.255958710E0,-1.311946793E1,4.085603943E0,1.392486797E1
2.948402596E1,-9.738748169E-1,-1.106064926E1,-5.401966553E0,1.234777862E1
2.949396496E1,-3.397933960E-2,-9.273365936E0,-6.493646393E0,1.132095022E1
2.950390396E1,1.571731567E-2,-8.119714966E0,-4.251459045E0,9.165419913E0
2.951384296E1,2.354603577E-1,-7.316784668E0,-2.292632446E0,7.671176115E0
2.952378196E1,4.143383789E-1,-6.908134460E0,-1.324146423E0,7.046088402E0
2.953372096E1,6.432124329E-1,-7.114854584E0,-1.210233307E0,7.245656812E0
2.954365996E1,7.406597900E-1,-7.952512665E0,-1.671124878E0,8.159883147E0
2.955359896E1,8.593629456E-1,-9.253307648E0,-2.374661865E0,9.591726960E0
2.956353796E1,7.619155884E-1,-1.066831512E1,-2.930755463E0,1.108976062E1
2.957347696E1,-4.745132446E-2,-1.166853516E1,-3.342549133E0,1.213794048E1
2.958341596E1,-1.000669098E0,-1.170535858E1,-3.450774078E0,1.224437013E1
2.959335496E1,-1.303040314E0,-1.089060287E1,-3.179238739E0,1.141975061E1
2.960329396E1,-1.154549103E0,-9.410929871E0,-2.732567596E0,9.867396330E0
2.961323296E1,-8.909472656E-1,-8.179291077E0,-2.433339844E0,8.579961092E0
2.962317196E1,-7.905061340E-1,-7.611222382E0,-2.341730347E0,8.002456317E0
2.963311096E1,-8.454418945E-1,-7.634424133E0,-2.534978485E0,8.088591952E0
2.964304996E1,-1.227896576E0,-8.209827576E0,-2.373614044E0,8.633831273E0
2.965298896E1,-1.969753876E0,-8.989705811E0,-1.811233521E0,9.379515326E0
2.966292796E1,-2.705923004E0,-9.635013885E0,-1.299597473E0,1.009180189E1
2.967286696E1,-4.553081818E0,-1.012868729E1,5.071603546E0,1.220827681E1
2.968280596E1,-6.280339966E0,-9.973310394E0,1.009440857E1,1.551794686E1
2.969274496E1,-5.094056854E0,-9.218130798E0,2.576442261E0,1.084257374E1
2.970268396E1,-3.914210358E0,-8.954229584E0,-1.332528992E0,9.862804047E0
2.971262296E1,-3.369044037E0,-8.944948883E0,-2.414628754E0,9.858651037E0
2.972256196E1,-3.222798157E0,-8.588540039E0,-2.561473389E0,9.524210932E0
2.973250096E1,-3.308420105E0,-8.116870880E0,-1.976489868E0,8.985307378E0
2.974243996E1,-3.875141602E0,-7.939639435E0,-4.584965515E-1,8.846740410E0
2.975237896E1,-4.369114380E0,-7.829019470E0,7.297325134E-1,8.995288537E0
2.976231796E1,-4.351002045E0,-7.796237640E0,3.956272888E-1,8.936949205E0
2.977225696E1,-4.367168427E0,-7.971972198E0,-7.524851990E-1,9.120895503E0
2.978219596E1,-4.613106995E0,-8.022866364E0,-1.347647552E0,9.352181283E0
2.979213496E1,-4.981341248E0,-7.979007568E0,-1.181792450E0,9.480240282E0
2.980207396E1,-5.485343170E0,-7.882907410E0,-4.767585754E-1,9.615431226E0
2.981201296E1,-5.895789642E0,-7.819738770E0,2.393522644E-1,9.796220671E0
2.982195196E1,-5.935157776E0,-7.972870331E0,4.564009094E-1,9.949927684E0
2.983189096E1,-5.708229675E0,-8.395142212E0,2.689906311E-1,1.015552336E1
2.984182996E1,-5.389841766E0,-8.805139618E0,2.170486450E-1,1.032608290E1
2.985176896E1,-4.957540741E0,-8.955277405E0,4.917274475E-1,1.024773143E1
2.986170796E1,-4.531975708E0,-8.907676392E0,1.242715759E0,1.007123850E1
2.987164696E1,-4.145180054E0,-8.663384399E0,2.287842407E0,9.872738719E0
2.988158596E1,-3.920946350E0,-8.424481201E0,2.913391571E0,9.738252114E0
2.989152496E1,-4.093836823E0,-8.508606262E0,2.544109497E0,9.778976101E0
2.990146396E1,-4.790039062E0,-9.031618652E0,1.292562103E0,1.030462646E1
2.991140196E1,-5.934559021E0,-9.780960388E0,1.284329224E-1,1.144127055E1
2.992134196E1,-7.145840149E0,-1.022927811E1,-1.071771240E-1,1.247848745E1
2.993127996E1,-7.994575195E0,-1.009366013E1,2.007325745E-1,1.287771334E1
2.994121896E1,-8.434959412E0,-9.591155090E0,4.541555786E-1,1.278065153E1
2.995115796E1,-8.615633698E0,-9.154064026E0,6.393205261E-1,1.258708715E1
2.996109696E1,-8.722661133E0,-8.819360046E0,8.794212341E-1,1.243540553E1
2.997103596E1,-8.777297516E0,-8.783883820E0,1.142873383E0,1.247011332E1
2.998097496E1,-8.984915771E0,-9.278155975E0,2.022144928E0,1.307294763E1
2.999091396E1,-9.345964966E0,-9.912237396E0,3.508404236E0,1.406799245E1
3.000085296E1,-9.585915985E0,-1.036399796E1,5.278024292E0,1.507182070E1
3.001079196E1,-9.538015594E0,-1.046758255E1,6.702611847E0,1.566745134E1
3.002073096E1,-9.052874451E0,-9.886341248E0,4.683909760E0,1.419976372E1
3.003066996E1,-8.302634583E0,-8.615334320E0,1.651815033E0,1.207833678E1
3.004060896E1,-7.768245850E0,-8.083190918E0,2.150278473E0,1.141522302E1
3.005054796E1,-7.223528595E0,-8.742120667E0,3.275039520E0,1.180380968E1
3.006048696E1,-6.705755310E0,-1.005069946E1,1.614692230E0,1.218978855E1
3.007042596E1,-5.830824738E0,-1.128338608E1,-8.190966797E-1,1.272730285E1
3.008036496E1,-5.423671417E0,-1.221370148E1,-2.302062836E0,1.356061240E1
3.009030396E1,-5.370831299E0,-1.277638138E1,-3.363206177E0,1.426158847E1
3.010024296E1,-5.199437714E0,-1.324879898E1,-3.611988831E0,1.468370833E1
3.011018196E1,-4.573289795E0,-1.401715118E1,-2.599943390E0,1.497181393E1
3.012012096E1,-4.226161652E0,-1.493204865E1,-1.359173584E0,1.557799319E1
3.013005996E1,-4.361929321E0,-1.547362244E1,-7.009922791E-1,1.609194857E1
3.013999896E1,-4.688400421E0,-1.524265274E1,-4.221221924E-1,1.595298556E1
3.014993796E1,-5.097649384E0,-1.471305405E1,2.415975952E-1,1.557300093E1
3.015987696E1,-5.368286591E0,-1.418824539E1,1.004111938E0,1.520306051E1
3.016981596E1,-5.035977631E0,-1.332993027E1,1.641336823E0,1.434371285E1
3.017975496E1,-4.147425385E0,-1.174143356E1,1.418899384E0,1.253298348E1
3.018969396E1,-3.447480927E0,-1.015129028E1,8.063731384E-1,1.075100259E1
3.019963296E1,-2.587070160E0,-9.030271454E0,4.622387695E-1,9.404913568E0
3.020957196E1,-2.130519562E0,-8.307274933E0,-2.374063110E-1,8.579410945E0
3.021951096E1,-2.128423920E0,-7.734266510E0,-1.527124329E0,8.165854245E0
3.022944996E1,-1.901046753E0,-7.462880859E0,-2.068099365E0,7.974058218E0
3.023938896E1,-1.926044769E0,-7.440277863E0,-1.173709259E0,7.774636747E0
3.024932796E1,-2.032772827E0,-7.267686768E0,3.116519165E-1,7.553049929E0
3.025926696E1,-1.940564575E0,-6.899452515E0,7.500901794E-1,7.206307733E0
3.026920596E1,-1.789828033E0,-6.463409271E0,2.885998535E-1,6.712855851E0
3.027914496E1,-1.953587494E0,-6.025869141E0,1.730401611E-1,6.336998177E0
3.028908396E1,-2.538271637E0,-5.606740723E0,5.387297058E-1,6.178073659E0
3.029902296E1,-2.906505890E0,-5.426365814E0,5.225633240E-1,6.177887573E0
3.030896196E1,-2.813698883E0,-5.625451813E0,-2.342628479E-1,6.294242495E0
3.031890096E1,-2.267634430E0,-5.893394623E0,-1.200353851E0,6.427683522E0
3.032883996E1,-1.251547394E0,-5.952671356E0,-1.844913483E0,6.356443417E0
3.033877896E1,-9.729766846E-3,-5.898484039E0,-1.847308502E0,6.180999703E0
3.034871796E1,1.150357819E0,-5.851631470E0,-1.617536316E0,6.179104927E0
3.035865696E1,2.191293182E0,-5.822292480E0,-1.326840820E0,6.360924626E0
3.036859596E1,3.045566711E0,-5.790558472E0,-9.792636108E-1,6.615512167E0
3.037853496E1,3.548820190E0,-5.724246368E0,-2.767744446E-1,6.740751095E0
3.038847346E1,3.692671051E0,-5.698200531E0,6.044430542E-1,6.816939210E0
3.039841246E1,3.848946075E0,-5.775888977E0,1.649270325E0,7.134099240E0
3.040835146E1,3.828438721E0,-6.036047974E0,2.838547211E0,7.690784644E0
3.041829046E1,2.487377472E0,-6.380781097E0,3.632945251E0,7.752399970E0
3.042822946E1,-1.019829254E0,-6.494993591E0,4.610412598E0,8.029999862E0
3.043816846E1,-4.809947662E0,-7.106172638E0,6.086044006E0,1.052013392E1
3.044810746E1,-9.047485657E0,-8.472830658E0,8.588390350E0,1.507999685E1
3.045804646E1,-1.429946411E1,-1.014739838E1,1.325523560E1,2.198057411E1
3.046798546E1,-1.778137344E1,-1.146480881E1,1.567136124E1,2.632889374E1
3.047792446E1,-1.749741394E1,-1.177541290E1,1.131392258E1,2.393375624E1
3.048786346E1,-1.734562958E1,-1.100361786E1,7.698490906E0,2.193666414E1
3.049780246E1,-1.754157211E1,-9.464518433E0,6.907086639E0,2.109482655E1
3.050774146E1,-1.602941666E1,-7.263794861E0,3.577560425E0,1.795839226E1
3.051767946E1,-1.387479721E1,-4.647984467E0,8.048762512E-1,1.465474609E1
3.052761846E1,-1.156659714E1,-2.649490356E0,4.207749939E-1,1.187362708E1
3.053755746E1,-1.030067963E1,-2.469115448E0,1.120719452E0,1.065159819E1
3.054749646E1,-9.343719635E0,-4.260290680E0,-2.814746704E0,1.064790929E1
3.055743546E1,-6.789431305E0,-7.941735077E0,-7.754474487E0,1.301151060E1
3.056737446E1,-4.212689667E0,-1.109792175E1,-8.073610840E0,1.435596787E1
3.057731346E1,-2.341131592E0,-1.234183502E1,-2.380649414E0,1.278551057E1
3.058725246E1,-1.405577087E-1,-1.250619324E1,1.307905197E1,1.809658051E1
3.059719146E1,-1.672472076E0,-1.243045074E1,1.095975906E1,1.665621768E1
3.060713046E1,-3.182681580E0,-1.344279556E1,-8.357121277E-1,1.383967591E1
3.061706946E1,-2.061812439E0,-1.419258636E1,-1.995200958E0,1.447968940E1
3.062700846E1,1.974394226E-1,-1.304357574E1,8.726852417E-1,1.307422770E1
3.063694746E1,8.896000671E-1,-1.085632416E1,-3.519181824E-1,1.089839479E1
3.064688646E1,-5.448669434E-2,-9.381740570E0,-1.815724182E0,9.555986565E0
3.065682546E1,7.185058594E-2,-8.684041443E0,-1.347198486E0,8.788212677E0
3.066676446E1,-4.400848389E-2,-8.545279999E0,-1.499282227E0,8.675920366E0
3.067670346E1,-4.260140991E-1,-8.897048492E0,-1.947599945E0,9.117680924E0
3.068664246E1,-7.860154724E-1,-9.477391663E0,-2.717299347E0,9.890525203E0
3.069658146E1,-1.207389221E0,-1.007704468E1,-3.636088715E0,1.078080513E1
3.070652046E1,-1.517095184E0,-1.032193542E1,-4.132007446E0,1.122129290E1
3.071645946E1,-1.671124878E0,-9.996512146E0,-4.186045074E0,1.096566855E1
3.072639846E1,-1.873953094E0,-9.362879791E0,-3.863615570E0,1.030061860E1
3.073633746E1,-1.820813599E0,-8.552764435E0,-3.503913574E0,9.420326532E0
3.074627646E1,-1.799258423E0,-7.931855621E0,-3.111130371E0,8.708088002E0
3.075621546E1,-2.093396759E0,-7.886499939E0,-2.810106354E0,8.629941425E0
3.076615446E1,-2.527344360E0,-8.432564392E0,-2.412982178E0,9.127874601E0
3.077609346E1,-3.039429474E0,-9.198820953E0,-1.971101074E0,9.886439091E0
3.078603246E1,-3.430715790E0,-9.651928711E0,-1.452429657E0,1.034596977E1
3.079597146E1,-3.746558990E0,-9.794582062E0,-8.584648132E-1,1.052176334E1
3.080591046E1,-4.117337952E0,-9.735155640E0,3.430566101E0,1.111280842E1
3.081584946E1,-3.772754517E0,-8.990154877E0,7.324418793E0,1.219441151E1
3.082578846E1,-3.678899689E0,-8.600964203E0,1.165177002E0,9.427010427E0
3.083572746E1,-4.074976044E0,-8.649313660E0,-1.041534119E0,9.617736213E0
3.084566646E1,-3.868106232E0,-8.333320770E0,-7.934999084E-1,9.221503293E0
3.085560546E1,-3.644920349E0,-7.749534760E0,7.798782349E-2,8.564275535E0
3.086554446E1,-3.890260162E0,-7.457042999E0,1.093326416E0,8.481566900E0
3.087548346E1,-4.545447693E0,-7.597750397E0,9.136999512E-1,8.900660280E0
3.088542246E1,-5.002746735E0,-7.787406006E0,1.005908203E-1,9.256418622E0
3.089536146E1,-4.899311829E0,-7.939489746E0,-5.260061646E-1,9.344272915E0
3.090530046E1,-4.928501129E0,-7.886799316E0,-8.527766418E-1,9.339108889E0
3.091523946E1,-5.136119385E0,-7.787855072E0,-9.219328308E-1,9.374453003E0
3.092517846E1,-5.398074646E0,-7.881260834E0,-5.968089294E-1,9.571293701E0
3.093511746E1,-6.130501556E0,-7.928113403E0,2.044747925E-1,1.002396336E1
3.094505646E1,-6.540798340E0,-7.872728577E0,9.943821716E-1,1.028351565E1
3.095499546E1,-6.232289886E0,-8.051905975E0,1.270258484E0,1.026100305E1
3.096493446E1,-5.566025391E0,-8.449329529E0,1.057251434E0,1.017298328E1
3.097487346E1,-4.773872681E0,-8.862620087E0,7.795788574E-1,1.009671424E1
3.098481246E1,-4.144581299E0,-8.933871918E0,8.349636841E-1,9.883763754E0
3.099475146E1,-3.830833740E0,-8.687184906E0,1.263821869E0,9.578085114E0
3.100469046E1,-4.041595459E0,-8.507259064E0,1.541793823E0,9.543850314E0
3.101462946E1,-4.604125671E0,-8.612340546E0,1.252744904E0,9.845798732E0
3.102456846E1,-5.171595612E0,-8.980574799E0,5.153782654E-1,1.037601752E1
3.103450746E1,-5.434449005E0,-9.298363953E0,-9.280700684E-2,1.077039560E1
3.104444646E1,-5.579796753E0,-9.401349792E0,-1.193019104E-1,1.093314880E1
3.105438546E1,-5.834716644E0,-9.454938354E0,1.026864624E-1,1.111082005E1
3.106432446E1,-6.337970123E0,-9.553134155E0,1.369651794E-1,1.146520811E1
3.107426346E1,-6.928941193E0,-9.599837036E0,7.738906860E-2,1.183947154E1
3.108420246E1,-7.504045258E0,-9.583670654E0,2.294728088E-1,1.217415690E1
3.109414146E1,-8.057294769E0,-9.583221588E0,5.119354248E-1,1.253077064E1
3.110408046E1,-8.539891205E0,-9.671687622E0,6.897656250E-1,1.292079951E1
3.111401946E1,-9.111402740E0,-1.001432510E1,8.616082764E-1,1.356638257E1
3.112395846E1,-9.838590546E0,-1.049647247E1,1.384171600E0,1.445301800E1
3.113389746E1,-1.026310776E1,-1.065364563E1,2.931054840E0,1.508053807E1
3.114383646E1,-1.003049149E1,-1.009635452E1,6.462810516E0,1.563058073E1
3.115377546E1,-9.543703766E0,-9.128167877E0,1.001866608E1,1.657647129E1
3.116371446E1,-8.738528137E0,-8.413853302E0,5.600453796E0,1.336113334E1
3.117365346E1,-6.917265472E0,-8.144413605E0,1.209335175E0,1.075372150E1
3.118359246E1,-5.467679901E0,-8.339907074E0,3.047662354E0,1.042774277E1
3.119353146E1,-4.766537933E0,-9.161099396E0,4.025279388E0,1.108370426E1
3.120347046E1,-4.482279053E0,-1.049512527E1,1.929487610E0,1.157416962E1
3.121340946E1,-5.268144836E0,-1.161374908E1,-1.528920593E0,1.284406929E1
3.122334846E1,-5.965245209E0,-1.206550964E1,-4.237987061E0,1.411103142E1
3.123328746E1,-5.818849640E0,-1.235530701E1,-4.734055481E0,1.445420021E1
3.124322646E1,-5.482948151E0,-1.320748489E1,-3.228336639E0,1.466023653E1
3.125316546E1,-5.559439087E0,-1.461710358E1,-9.053173828E-1,1.566482300E1
3.126310446E1,-5.849535828E0,-1.549263290E1,2.109114075E-1,1.656149834E1
3.127304346E1,-5.433101807E0,-1.529010406E1,-7.229965210E-2,1.622686368E1
3.128298246E1,-4.559219055E0,-1.473700424E1,-3.667373657E-2,1.542618285E1
3.129292146E1,-3.935466156E0,-1.419887329E1,3.751199341E-1,1.473894879E1
3.130286046E1,-3.833827515E0,-1.337049591E1,8.514294434E-1,1.393532656E1
3.131279846E1,-3.772155762E0,-1.225007584E1,1.339714050E0,1.288752695E1
3.132273746E1,-3.015778656E0,-1.080752563E1,1.692380676E0,1.134732055E1
3.133267646E1,-2.647095337E0,-9.525890808E0,7.969427490E-1,9.918912599E0
3.134261546E1,-2.572550354E0,-8.554411011E0,-1.919009399E-1,8.934919643E0
3.135255446E1,-2.354902954E0,-7.794291687E0,-9.220825195E-1,8.194314309E0
3.136249346E1,-2.168091431E0,-7.528594208E0,-1.168619843E0,7.921238763E0
3.137243246E1,-1.988464966E0,-7.426506500E0,-9.819580078E-1,7.750563415E0
3.138237146E1,-1.944456482E0,-7.281009064E0,-5.941145325E-1,7.559561897E0
3.139231108E1,-1.820813599E0,-7.040908356E0,1.246907043E-1,7.273602987E0
3.140225008E1,-1.809886322E0,-6.634952545E0,7.372169495E-1,6.916774726E0
3.141218908E1,-2.036065979E0,-6.304739227E0,1.024469604E0,6.704091241E0
3.142212808E1,-2.527793427E0,-6.062243500E0,1.088087311E0,6.657662492E0
3.143206708E1,-3.019520874E0,-5.915249176E0,6.629713440E-1,6.674369643E0
3.144200608E1,-3.246748352E0,-5.870342560E0,-3.427871704E-2,6.708462690E0
3.145194508E1,-3.054847412E0,-5.939049683E0,-6.334826660E-1,6.708629080E0
3.146188408E1,-1.855990448E0,-6.154900818E0,-7.890092468E-1,6.476885070E0
3.147182308E1,2.005828857E-2,-6.290369110E0,-6.315367126E-1,6.322023766E0
3.148176208E1,1.441502380E0,-6.438860321E0,-5.313949585E-1,6.619609652E0
3.149170108E1,2.545905762E0,-6.605314178E0,-4.388873291E-1,7.092561852E0
3.150164008E1,3.326831818E0,-6.625073090E0,-2.507286072E-1,7.417699658E0
3.151157908E1,3.491190033E0,-6.580765228E0,1.401086426E-1,7.450805948E0
3.152151808E1,3.235521698E0,-6.511010284E0,4.589456177E-1,7.285086593E0
3.153145708E1,2.831362152E0,-6.465205536E0,8.464897156E-1,7.108589107E0
3.154139608E1,2.058369598E0,-6.426735535E0,1.799857178E0,6.984217987E0
3.155133508E1,-9.490264893E-2,-6.241271210E0,2.728526001E0,6.812292343E0
3.156127408E1,-2.916235657E0,-6.129753113E0,4.039948883E0,7.899334821E0
3.157121308E1,-5.730682983E0,-6.575825500E0,5.854475555E0,1.050509840E1
3.158115208E1,-8.839118958E0,-7.426955566E0,7.684569855E0,1.386875289E1
3.159109108E1,-1.271860153E1,-8.458759918E0,1.084599564E1,1.873363461E1
3.160103008E1,-1.578243027E1,-9.092541962E0,1.306662781E1,2.241642672E1
3.161096908E1,-1.671334442E1,-9.072184296E0,1.217642899E1,2.258109458E1
3.162090808E1,-1.797581909E1,-8.736432495E0,1.047506699E1,2.256506931E1
3.163084708E1,-1.908561127E1,-8.118218079E0,7.809559937E0,2.216202267E1
3.164078608E1,-1.825483887E1,-7.013515320E0,2.683020630E0,1.973897512E1
3.165072508E1,-1.480137039E1,-5.876479797E0,-1.615889740E0,1.600701971E1
3.166066408E1,-1.050021469E1,-5.014871521E0,-2.145937500E0,1.183251844E1
3.167060308E1,-8.500074005E0,-4.450844421E0,-1.437610474E0,9.701958464E0
3.168054208E1,-7.425308990E0,-5.240901489E0,-2.884052582E0,9.535199071E0
3.169048108E1,-5.770051117E0,-7.703879700E0,-5.739664307E0,1.120656052E1
3.170042008E1,-4.195325775E0,-1.018990997E1,-6.155200195E0,1.262226260E1
3.171035908E1,-3.124302979E0,-1.198871933E1,-1.484762421E0,1.247778745E1
3.172029808E1,-8.713380432E-1,-1.356299561E1,1.400308044E1,1.951410622E1
3.173023708E1,-7.300318909E-1,-1.394440247E1,1.340492432E1,1.935642794E1
3.174017608E1,-1.562600555E0,-1.378663055E1,-1.555265808E-1,1.387577353E1
3.175011508E1,-2.360591125E-1,-1.245440094E1,-3.141666870E0,1.284670765E1
3.176005408E1,1.350491638E0,-1.025771896E1,-5.792953491E-1,1.036244224E1
3.176999308E1,1.301393738E0,-8.607849884E0,-2.963836670E-1,8.710714584E0
3.177993208E1,-2.412982178E-1,-7.931406555E0,-1.814376984E0,8.139864778E0
3.178987108E1,-7.635621643E-1,-7.773185577E0,-2.193089447E0,8.112649538E0
3.179981008E1,-1.093176727E0,-8.010591888E0,-2.118394775E0,8.357763707E0
3.180974908E1,-1.581311646E0,-8.606652374E0,-2.175725555E0,9.017138865E0
3.181968808E1,-1.970801697E0,-9.410929871E0,-2.674188995E0,9.980027412E0
3.182962708E1,-2.116897888E0,-1.022882904E1,-3.470532990E0,1.100703409E1
3.183956608E1,-2.105970612E0,-1.063598236E1,-3.944297791E0,1.153762185E1
3.184950508E1,-2.391127625E0,-1.064735870E1,-3.945495300E0,1.160390761E1
3.185944408E1,-2.867287445E0,-1.028256729E1,-3.781286774E0,1.132478066E1
3.186938308E1,-2.808010712E0,-9.553134155E0,-3.403622131E0,1.052292450E1
3.187932208E1,-2.640808411E0,-8.925639038E0,-3.054548035E0,9.796487380E0
3.188926108E1,-2.752326508E0,-8.804391174E0,-2.750081177E0,9.625775378E0
3.189920008E1,-3.057841187E0,-9.132658539E0,-2.276765442E0,9.896439036E0
3.190913908E1,-3.398832092E0,-9.509724426E0,-1.601669312E0,1.022508009E1
3.191907808E1,-3.707190857E0,-9.740544434E0,-3.478765869E-1,1.042796663E1
3.192901708E1,-3.729195099E0,-9.672735443E0,5.530549164E0,1.174970983E1
3.193895608E1,-3.049608307E0,-9.358538818E0,3.954177246E0,1.060744443E1
3.194889508E1,-3.248394928E0,-9.220376129E0,-4.578977966E-1,9.786576315E0
3.195883408E1,-3.548670502E0,-8.956025848E0,-9.406439209E-1,9.679270237E0
3.196877308E1,-3.469485168E0,-8.436306610E0,-7.403604126E-1,9.151870306E0
3.197871208E1,-3.285817108E0,-7.842042389E0,-3.423381042E-1,8.509489895E0
3.198865108E1,-3.410507812E0,-7.507039032E0,7.244934082E-2,8.245753299E0
3.199859008E1,-3.750899963E0,-7.555538177E0,1.960922241E-1,8.437645397E0
3.200852908E1,-4.118086395E0,-7.816894684E0,-2.146536255E-1,8.837904403E0
3.201846808E1,-4.369563446E0,-8.066874847E0,-9.078620911E-1,9.219098008E0
3.202840708E1,-4.626129913E0,-8.291557617E0,-1.437460785E0,9.602983870E0
3.203834608E1,-4.748874664E0,-8.469986572E0,-1.568887482E0,9.836355577E0
3.204828508E1,-4.755011902E0,-8.324040070E0,-1.179696808E0,9.658750738E0
3.205822408E1,-4.945715332E0,-7.894134064E0,-2.963836670E-1,9.320155366E0
3.206816308E1,-5.135670319E0,-7.676636353E0,6.801855469E-1,9.261128856E0
3.207810208E1,-5.121749268E0,-7.900570679E0,1.026116180E0,9.471232603E0
3.208804108E1,-4.871320038E0,-8.465196533E0,1.090482330E0,9.827434201E0
3.209798008E1,-4.440066833E0,-9.043743439E0,1.340312805E0,1.016365718E1
3.210791908E1,-3.909570007E0,-9.415719910E0,1.635199585E0,1.032542477E1
3.211785808E1,-3.617377625E0,-9.565408630E0,1.821861420E0,1.038757152E1
3.212779708E1,-3.855981445E0,-9.376651154E0,1.879042511E0,1.031120655E1
3.213773608E1,-4.533173218E0,-8.991202698E0,1.724264374E0,1.021589316E1
3.214767508E1,-5.708379364E0,-8.759634247E0,1.144220581E0,1.051789085E1
3.215761408E1,-7.069648590E0,-8.805438995E0,1.448986816E-1,1.129321401E1
3.216755308E1,-8.029302979E0,-9.017697601E0,-7.237449646E-1,1.209596557E1
3.217749208E1,-8.411607971E0,-9.072633362E0,-9.565109253E-1,1.240897812E1
3.218743108E1,-8.555758209E0,-8.824150085E0,-5.171745300E-1,1.230179226E1
3.219737008E1,-8.656349030E0,-8.487949219E0,1.151106262E-1,1.212398082E1
3.220730908E1,-8.652008057E0,-8.176746368E0,6.679110718E-1,1.192319294E1
3.221724808E1,-8.526119843E0,-7.969128113E0,1.228944397E0,1.173507677E1
3.222718708E1,-8.357420654E0,-8.198600922E0,1.588646393E0,1.181470839E1
3.223712608E1,-8.236921234E0,-8.962761841E0,1.765129395E0,1.230014850E1
3.224706508E1,-8.105494537E0,-9.927206268E0,2.058668976E0,1.298023821E1
3.225700408E1,-8.116721191E0,-1.086335953E1,2.618654480E0,1.381126694E1
3.226694308E1,-8.388406219E0,-1.153501282E1,3.516936493E0,1.468981695E1
3.227688208E1,-8.686586151E0,-1.153022278E1,5.406157837E0,1.541523139E1
3.228682108E1,-8.959768066E0,-1.052910461E1,7.283254395E0,1.562642897E1
3.229676008E1,-9.332792358E0,-9.062304840E0,4.644391937E0,1.381291999E1
3.230669908E1,-8.726103973E0,-8.300089874E0,-1.146316223E0,1.209753790E1
3.231663808E1,-7.540120239E0,-7.911947021E0,-5.719606018E-1,1.094438019E1
3.232657708E1,-6.375541992E0,-8.350684662E0,2.231260071E0,1.074057687E1
3.233651608E1,-5.684429169E0,-9.886940002E0,2.403701477E0,1.165513185E1
3.234645508E1,-5.689967651E0,-1.107067841E1,-3.023712158E-1,1.245098713E1
3.235639408E1,-5.798641663E0,-1.161719193E1,-2.679278412E0,1.325752338E1
3.236633308E1,-5.264552307E0,-1.222193436E1,-3.182681580E0,1.368285981E1
3.237627208E1,-4.860542450E0,-1.313937653E1,-2.581082611E0,1.424535278E1
3.238621062E1,-4.648882599E0,-1.427835800E1,-1.534309387E0,1.509429435E1
3.239614962E1,-4.457131348E0,-1.556867477E1,-3.939807129E-1,1.619891585E1
3.240608862E1,-4.115092621E0,-1.652548508E1,5.450166321E-1,1.703885816E1
3.241602762E1,-3.873195648E0,-1.682935318E1,9.449848938E-1,1.729513716E1
3.242596662E1,-3.899989929E0,-1.649195480E1,1.088835754E0,1.698175662E1
3.243590562E1,-3.713028717E0,-1.553304886E1,6.979985046E-1,1.598591227E1
3.244584462E1,-3.236868896E0,-1.399903885E1,7.150630188E-1,1.438616433E1
3.245578362E1,-2.659519501E0,-1.188079376E1,8.759783936E-1,1.220629520E1
3.246572262E1,-2.282004547E0,-9.786798248E0,5.551954651E-1,1.006465135E1
3.247566162E1,-1.908381500E0,-8.450527039E0,3.832031250E-2,8.663417087E0
3.248560062E1,-1.861977997E0,-7.745193787E0,-9.017248535E-1,8.016738524E0
3.249553963E1,-1.903890839E0,-7.521558838E0,-1.516646118E0,7.905622248E0
3.250547862E1,-2.232158203E0,-7.424410858E0,-1.053060150E0,7.823895610E0
3.251541762E1,-2.589165802E0,-7.292535095E0,-5.116360474E-1,7.755425141E0
3.252535662E1,-2.724484406E0,-7.039561157E0,-5.358856201E-2,7.548583198E0
3.253529562E1,-2.624941406E0,-6.829847260E0,1.577719116E-1,7.318607993E0
3.254523462E1,-2.500699768E0,-6.656507721E0,1.380130005E-1,7.112077190E0
3.255517362E1,-2.584974518E0,-6.483018494E0,-1.053808594E-1,6.980166701E0
3.256511262E1,-2.673590240E0,-6.275400238E0,-5.037025452E-1,6.839769673E0
3.257505162E1,-2.564616852E0,-6.073320465E0,-1.034498749E0,6.673280208E0
3.258499062E1,-2.509830780E0,-5.891897736E0,-1.597478027E0,6.600427677E0
3.259492962E1,-2.165696411E0,-5.937253418E0,-1.691183167E0,6.542271746E0
3.260486862E1,-8.878038025E-1,-6.089935913E0,-1.352138214E0,6.301094569E0
3.261480762E1,3.433859253E-1,-6.181545410E0,-9.511221313E-1,6.263709034E0
3.262474662E1,1.184786224E0,-6.311475220E0,-7.607180786E-1,6.466616568E0
3.263468562E1,1.992057495E0,-6.356980591E0,-6.051914978E-1,6.689226566E0
3.264462462E1,2.773731995E0,-6.180796967E0,-3.767665100E-1,6.785115572E0
3.265456362E1,3.253634033E0,-5.945486298E0,1.356179810E-1,6.778888845E0
3.266450262E1,3.400328979E0,-5.748645630E0,9.126521301E-1,6.741075408E0
3.267444162E1,3.217259674E0,-5.690117340E0,1.922003174E0,6.813390592E0
3.268438062E1,1.615740051E0,-5.580694885E0,2.759361877E0,6.431862039E0
3.269431962E1,-1.255888367E0,-5.405858459E0,3.539689178E0,6.582549715E0
3.270425862E1,-4.162993011E0,-5.748495941E0,4.731959839E0,8.530366951E0
3.271419762E1,-7.492369537E0,-6.892866211E0,7.166048126E0,1.244987758E1
3.272413662E1,-1.159458893E1,-8.588390350E0,1.187196213E1,1.868524621E1
3.273407562E1,-1.604932526E1,-1.011296997E1,1.525088562E1,2.434014205E1
3.274401462E1,-1.668699921E1,-1.055709641E1,1.192195816E1,2.306602075E1
3.275395362E1,-1.588556580E1,-1.007045837E1,8.728199615E0,2.073515857E1
3.276389262E1,-1.588526642E1,-9.104367371E0,8.415200500E0,2.015060282E1
3.277383162E1,-1.475466751E1,-7.781867523E0,6.609655151E0,1.794283190E1
3.278377062E1,-1.183199524E1,-6.168522491E0,2.834355927E0,1.364112732E1
3.279370962E1,-8.448431396E0,-4.515060883E0,7.773335266E-1,9.610723971E0
3.280364862E1,-6.644532623E0,-3.303779755E0,8.848100281E-1,7.473129414E0
3.281358762E1,-5.711672516E0,-2.744542694E0,7.012916565E-1,6.375541351E0
3.282352662E1,-5.050347748E0,-4.058360596E0,-2.377655640E0,6.901416481E0
3.283346562E1,-3.776197357E0,-6.963219910E0,-5.335654449E0,9.550670468E0
3.284340462E1,-2.253264313E0,-1.005848328E1,-6.705006866E0,1.229664194E1
3.285334362E1,-1.640887756E0,-1.244676682E1,-2.584675140E0,1.281776355E1
3.286328262E1,-3.075953522E0,-1.393137955E1,9.946216736E0,1.739172371E1
3.287322162E1,-7.802823944E0,-1.526839920E1,1.090781708E1,2.032211970E1
3.288316062E1,-1.039258850E1,-1.785247559E1,4.216731262E0,2.108311179E1
3.289309962E1,-8.505612488E0,-1.820708817E1,1.305734711E0,2.013823345E1
3.290303862E1,-4.229604492E0,-1.453672073E1,-1.945204926E0,1.526399771E1
3.291297762E1,-4.918771362E-1,-1.056877213E1,-4.593048706E0,1.153416593E1
3.292291662E1,8.967851257E-1,-7.996970215E0,-2.914738770E0,8.558706577E0
3.293285562E1,1.726659393E0,-6.578819275E0,-6.816824341E-1,6.835708204E0
3.294279462E1,2.381547546E0,-5.910608826E0,1.983375549E-1,6.375453175E0
3.295273362E1,1.542691956E0,-6.090384979E0,-1.153501282E0,6.387742392E0
3.296267262E1,4.998106384E-1,-6.864275665E0,-2.243534546E0,7.238890684E0
3.297261162E1,-1.709445190E-1,-7.809110870E0,-2.414179688E0,8.175554916E0
3.298255062E1,-1.108894043E0,-8.889264679E0,-3.189417572E0,9.508998737E0
3.299248962E1,-1.990710297E0,-9.934541016E0,-3.897894287E0,1.085594826E1
3.300242862E1,-2.576442261E0,-1.049692154E1,-3.962559814E0,1.151196320E1
3.301236762E1,-2.498604126E0,-1.036295013E1,-3.873345337E0,1.134180595E1
3.302230662E1,-1.952988739E0,-9.811047821E0,-3.469934235E0,1.058826086E1
3.303224562E1,-1.462309113E0,-9.297615509E0,-2.888692932E0,9.845229756E0
3.304218462E1,-1.376387787E0,-9.087302856E0,-2.517015839E0,9.529369616E0
3.305212362E1,-1.800306244E0,-9.248068542E0,-2.279310150E0,9.693458057E0
3.306206262E1,-2.474953308E0,-9.620643768E0,-2.083666992E0,1.015006643E1
3.307200162E1,-3.071762238E0,-9.927505646E0,-1.908082123E0,1.056559837E1
3.308194062E1,-3.461252289E0,-9.959389343E0,-1.511856079E0,1.065154507E1
3.309187962E1,-3.686084747E0,-9.614057465E0,-5.763015747E-2,1.029663260E1
3.310181863E1,-4.465663605E0,-9.019344177E0,5.545218658E0,1.149087337E1
3.311175762E1,-4.471202087E0,-8.528215485E0,3.336262207E0,1.019081709E1
3.312169662E1,-4.377047882E0,-8.496032410E0,-1.088237000E-1,9.557874108E0
3.313163562E1,-4.212689667E0,-8.595874786E0,-1.193168793E0,9.646733610E0
3.314157462E1,-3.963907013E0,-8.414601746E0,-1.469045105E0,9.416802794E0
3.315151362E1,-3.951632538E0,-8.107440491E0,-1.500330048E0,9.143138481E0
3.316145262E1,-4.216282196E0,-7.746091919E0,-9.258247375E-1,8.867701338E0
3.317139162E1,-4.527335358E0,-7.482190704E0,3.209326172E-1,8.751167975E0
3.318133062E1,-4.750072174E0,-7.430697784E0,8.966354370E-1,8.864672037E0
3.319126962E1,-4.977149963E0,-7.631729736E0,6.993457031E-1,9.138074466E0
3.320120862E1,-5.209317169E0,-7.821535034E0,3.516188049E-1,9.404096525E0
3.321114762E1,-5.522465973E0,-8.055648193E0,1.152603149E-2,9.766843456E0
3.322108662E1,-6.143524475E0,-8.254734192E0,-4.805007935E-2,1.029008447E1
3.323102562E1,-6.495292969E0,-8.388855286E0,-1.257385254E-2,1.060951846E1
3.324096462E1,-6.307433624E0,-8.484506378E0,1.272354126E-1,1.057292562E1
3.325090362E1,-5.759572906E0,-8.535250854E0,4.180805969E-1,1.030524035E1
3.326084262E1,-5.200485535E0,-8.581804047E0,8.792715454E-1,1.007300992E1
3.327078162E1,-4.711003418E0,-8.591234436E0,1.435963898E0,9.902770050E0
3.328072062E1,-4.341122589E0,-8.436007233E0,1.897454224E0,9.675324072E0
3.329065962E1,-4.296964417E0,-8.235574036E0,1.897753601E0,9.481036421E0
3.330059862E1,-4.558320923E0,-8.279881897E0,1.310524750E0,9.542128116E0
3.331053762E1,-5.032534790E0,-8.617879028E0,4.315525818E-1,9.989018119E0
3.332047662E1,-5.549709320E0,-9.028624878E0,-1.489402771E-1,1.059893975E1
3.333041562E1,-6.176156616E0,-9.286089478E0,-2.185455322E-1,1.115455649E1
3.334035462E1,-6.950646057E0,-9.405690765E0,-4.924758911E-2,1.169533773E1
3.335029363E1,-7.653883667E0,-9.480235748E0,2.993774414E-4,1.218428517E1
3.336023262E1,-8.048762512E0,-9.452842712E0,1.645079041E-1,1.241635519E1
3.337017162E1,-8.137677612E0,-9.394314423E0,3.707789612E-1,1.243432416E1
3.338011062E1,-7.945327606E0,-9.478738861E0,6.653663635E-1,1.238617913E1
3.339004896E1,-7.747888184E0,-9.818083191E0,1.181193695E0,1.256263298E1
3.339998796E1,-7.841593323E0,-1.028376480E1,1.852248230E0,1.306434950E1
3.340992696E1,-8.219707031E0,-1.073762100E1,3.529660034E0,1.397564268E1
3.341986596E1,-8.801098022E0,-1.085632416E1,6.487209778E0,1.540788731E1
3.342980496E1,-9.444460144E0,-1.051862640E1,7.609276428E0,1.605429589E1
3.343974396E1,-9.208251343E0,-9.464069366E0,3.100203094E0,1.356361902E1
3.344968296E1,-7.882907410E0,-8.328381042E0,-3.637435913E-2,1.146749681E1
3.345962196E1,-7.871231689E0,-7.700287170E0,2.161804504E0,1.122159122E1
3.346956096E1,-7.944429474E0,-8.063282318E0,2.546654205E0,1.160241048E1
3.347949996E1,-7.202123108E0,-9.041498108E0,-2.642005920E-1,1.156239885E1
3.348943896E1,-6.336473236E0,-9.929002533E0,-2.014361115E0,1.194962908E1
3.349937796E1,-5.468877411E0,-1.065065186E1,-2.856659546E0,1.230875740E1
3.350931696E1,-4.864584045E0,-1.131033005E1,-3.320544891E0,1.275201012E1
3.351925596E1,-4.554728394E0,-1.219963074E1,-3.021766205E0,1.336815664E1
3.352919496E1,-4.797074432E0,-1.344563965E1,-1.783990173E0,1.438679150E1
3.353913396E1,-5.139562225E0,-1.455183929E1,-5.298980713E-1,1.544188844E1
3.354907296E1,-4.833598480E0,-1.479029343E1,-3.308120728E-1,1.556360789E1
3.355901196E1,-4.295317841E0,-1.443388458E1,-3.713777161E-1,1.506402008E1
3.356895096E1,-4.105662231E0,-1.418046158E1,8.472381592E-2,1.476310032E1
3.357888996E1,-3.943100281E0,-1.394305527E1,5.905220032E-1,1.450191526E1
3.358882896E1,-3.564687195E0,-1.345956070E1,6.146218872E-1,1.393716360E1
3.359876796E1,-3.133134613E0,-1.256831406E1,3.225791931E-1,1.295697141E1
3.360870696E1,-2.813399506E0,-1.160955780E1,1.924996948E-1,1.194713795E1
3.361864596E1,-2.602039032E0,-1.070139633E1,-2.395019531E-3,1.101319646E1
3.362858496E1,-2.552641754E0,-9.979597321E0,2.564167786E-1,1.030408134E1
3.363852396E1,-2.195334778E0,-9.308093719E0,2.559677124E-1,9.566902474E0
3.364846296E1,-1.842518463E0,-8.823850708E0,-3.532653809E-1,9.021087076E0
3.365840196E1,-1.703307953E0,-8.339607697E0,-5.310955811E-1,8.528327915E0
3.366834096E1,-1.715133362E0,-7.949818268E0,3.457809448E-2,8.132803243E0
3.367827996E1,-1.911824341E0,-7.608827362E0,3.634442139E-1,7.853751832E0
3.368821896E1,-2.053280182E0,-7.317682800E0,9.864486694E-2,7.600932303E0
3.369815796E1,-2.088157654E0,-7.122189331E0,-3.462300110E-1,7.430064500E0
3.370809696E1,-2.206112366E0,-6.800807648E0,-8.598120117E-1,7.201193868E0
3.371803596E1,-2.313139801E0,-6.356082458E0,-1.350791016E0,6.897465935E0
3.372797496E1,-2.209704895E0,-6.025569763E0,-1.612895966E0,6.617531269E0
3.373791396E1,-1.569037170E0,-5.705086212E0,-1.553020477E0,6.117332665E0
3.374785296E1,-2.887495422E-1,-5.583389282E0,-1.163979492E0,5.710732040E0
3.375779196E1,7.351213074E-1,-5.611381073E0,-8.443940735E-1,5.721975379E0
3.376773096E1,1.424288177E0,-5.673950958E0,-5.008584595E-1,5.871386164E0
3.377766996E1,2.076631622E0,-5.619913330E0,-4.640350342E-2,5.991492136E0
3.378760896E1,2.629282379E0,-5.559439087E0,3.766168213E-1,6.161357725E0
3.379754796E1,2.769840088E0,-5.467380524E0,6.882687378E-1,6.167493637E0
3.380748696E1,2.479893036E0,-5.342240753E0,1.012344818E0,5.976139872E0
3.381742596E1,1.490450592E0,-5.219046936E0,1.672921143E0,5.679661877E0
3.382736496E1,-4.309538269E-1,-5.147495728E0,2.578837280E0,5.773459551E0
3.383730396E1,-2.748135223E0,-5.209616547E0,3.260220337E0,6.732116191E0
3.384724296E1,-5.051545258E0,-5.662574615E0,3.943699036E0,8.551936789E0
3.385718196E1,-7.453300781E0,-6.572981415E0,5.349276123E0,1.128585541E1
3.386712096E1,-1.055365356E1,-7.744145966E0,8.525970154E0,1.562189385E1
3.387705996E1,-1.389081390E1,-8.988957367E0,1.223211319E1,2.057621585E1
3.388699896E1,-1.576087509E1,-9.832602997E0,1.120015915E1,2.169167652E1
3.389693796E1,-1.630229919E1,-1.025143204E1,7.936346283E0,2.082888404E1
3.390687696E1,-1.705643097E1,-9.917326813E0,6.902595978E0,2.090265628E1
3.391681596E1,-1.678818878E1,-8.611592102E0,5.507048035E0,1.965528883E1
3.392675496E1,-1.536105652E1,-6.834188232E0,3.543730774E0,1.718214812E1
3.393669396E1,-1.234123627E1,-4.828359375E0,2.538271637E0,1.349303486E1
3.394663296E1,-8.514144745E0,-3.584446106E0,1.782792664E0,9.408361404E0
3.395657196E1,-6.092779999E0,-3.315006409E0,1.002914429E0,7.008357365E0
3.396651096E1,-4.419709167E0,-4.335584106E0,-2.478246460E0,6.668794808E0
3.397644996E1,-3.377576294E0,-7.249125366E0,-4.702920227E0,9.277677450E0
3.398638896E1,-2.363734589E0,-1.076022400E1,-3.541186066E0,1.157193417E1
3.399632796E1,-8.309220886E-1,-1.374337051E1,2.270628204E0,1.395444076E1
3.400626696E1,-1.383123779E0,-1.538126450E1,1.158964920E1,1.930845145E1
3.401620596E1,-5.610033875E0,-1.566836746E1,9.590406647E0,1.920797019E1
3.402614496E1,-8.805438995E0,-1.571162750E1,-2.636018372E-1,1.801278659E1
3.403608396E1,-7.628885651E0,-1.458402237E1,-3.414998474E0,1.680939676E1
3.404602296E1,-3.673810272E0,-1.213122299E1,-2.567011871E0,1.293263326E1
3.405596196E1,-8.896000671E-1,-9.569001160E0,-3.053949280E0,1.008383745E1
3.406590096E1,-2.680924988E-1,-7.794291687E0,-2.559377747E0,8.208122254E0
3.407583996E1,2.368075562E-1,-7.013066254E0,-1.663341064E0,7.211510216E0
3.408577896E1,3.776646423E-1,-6.853049011E0,-1.597927094E0,7.047005203E0
3.409571796E1,-1.540296936E-1,-7.233557739E0,-1.828298035E0,7.462623963E0
3.410565696E1,-8.192463684E-1,-7.913443909E0,-2.147584076E0,8.240502198E0
3.411559596E1,-1.269210663E0,-8.678203583E0,-2.574496307E0,9.140576807E0
3.412553496E1,-1.903591461E0,-9.553882599E0,-3.178490295E0,1.024710367E1
3.413547396E1,-2.529290314E0,-1.022628433E1,-3.555406494E0,1.111823350E1
3.414541296E1,-2.719694366E0,-1.047327072E1,-3.753594360E0,1.145319203E1
3.415535196E1,-2.530038757E0,-1.007075775E1,-3.784130859E0,1.105173761E1
3.416529096E1,-2.196681976E0,-9.203760681E0,-3.496129761E0,1.008749452E1
3.417522996E1,-1.923649750E0,-8.525970154E0,-3.018622742E0,9.246873995E0
3.418516896E1,-1.934726715E0,-8.373587036E0,-2.633024597E0,8.988489631E0
3.419510796E1,-2.304008789E0,-8.702752533E0,-2.323917389E0,9.297685205E0
3.420504696E1,-2.825524292E0,-9.205706635E0,-1.952539673E0,9.825529672E0
3.421498596E1,-3.165617065E0,-9.551936646E0,-1.513502655E0,1.017601668E1
3.422492496E1,-3.418591003E0,-9.696835327E0,-3.953279114E-1,1.028939570E1
3.423486396E1,-3.605402527E0,-9.604178009E0,6.307433624E0,1.204254465E1
3.424480296E1,-3.218606873E0,-9.131011963E0,4.538112946E0,1.069248702E1
3.425474196E1,-3.071313171E0,-8.788673859E0,-2.409988403E-2,9.309905133E0
3.426468096E1,-3.075055389E0,-8.666827240E0,-9.918374634E-1,9.249518993E0
3.427461996E1,-2.955903168E0,-8.308622131E0,-7.625143433E-1,8.851666136E0
3.428455896E1,-2.981350250E0,-7.897726593E0,-1.730401611E-1,8.443487286E0
3.429449796E1,-3.546574860E0,-7.827672272E0,2.842588806E-1,8.598339929E0
3.430443696E1,-4.276906128E0,-7.905809784E0,2.091151428E-1,8.990966773E0
3.431437596E1,-4.649930420E0,-7.885601807E0,-5.688171387E-2,9.154660250E0
3.432431496E1,-4.829856262E0,-8.000263367E0,-3.673361206E-1,9.352361267E0
3.433425396E1,-4.942122803E0,-8.089028778E0,-5.999523926E-1,9.498258116E0
3.434419296E1,-5.085674286E0,-8.036488037E0,-6.084846497E-1,9.529925314E0
3.435413196E1,-5.344635773E0,-8.028255157E0,-1.410067749E-1,9.645615342E0
3.436407096E1,-5.589825897E0,-8.138575745E0,3.591032410E-1,9.879854445E0
3.437400996E1,-5.501958618E0,-8.260122986E0,5.463638306E-1,9.939803510E0
3.438394896E1,-5.150489502E0,-8.463100891E0,3.848497009E-1,9.914621934E0
3.439389137E1,-4.770579529E0,-8.698860626E0,1.010398865E-1,9.921633650E0
3.440383037E1,-4.482728119E0,-8.919950867E0,-3.532653809E-2,9.983066804E0
3.441376937E1,-4.263134766E0,-8.925938416E0,1.345701599E-1,9.892664138E0
3.442370837E1,-4.137695618E0,-8.677155762E0,6.688092041E-1,9.636434138E0
3.443364738E1,-4.185296631E0,-8.318501587E0,1.434017944E0,9.421814263E0
3.444358637E1,-4.514462128E0,-8.178392944E0,1.847308502E0,9.522553657E0
3.445352537E1,-4.981490936E0,-8.478668518E0,1.519639893E0,9.950496329E0
3.446346437E1,-5.479505310E0,-9.028924255E0,7.747888184E-1,1.058993623E1
3.447340337E1,-5.956563263E0,-9.474547577E0,3.092568970E-1,1.119568388E1
3.448334337E1,-6.498735809E0,-9.710007935E0,2.679428101E-1,1.168715597E1
3.449328137E1,-7.070546722E0,-9.819430389E0,2.221380615E-1,1.210219771E1
3.450322037E1,-7.568561096E0,-9.879305878E0,1.122665405E-1,1.244573845E1
3.451316037E1,-7.971523132E0,-9.870773621E0,2.107617188E-1,1.268943550E1
3.452309937E1,-8.351582794E0,-9.777517548E0,5.516029358E-1,1.287062743E1
3.453303837E1,-8.698112183E0,-9.708211670E0,7.822732544E-1,1.305827250E1
3.454297737E1,-9.010961609E0,-9.808952179E0,7.827223206E-1,1.334262441E1
3.455291637E1,-9.352700958E0,-9.991572418E0,1.016985168E0,1.372365817E1
3.456285537E1,-9.583371277E0,-1.000220032E1,1.886377258E0,1.398010856E1
3.457279437E1,-9.563762054E0,-9.827214203E0,3.704346771E0,1.420429050E1
3.458273337E1,-9.353748779E0,-9.519304504E0,6.971602478E0,1.505699225E1
3.459267237E1,-9.324559479E0,-8.862620087E0,7.795638885E0,1.504212186E1
3.460261137E1,-9.063652039E0,-8.063731384E0,2.828218689E0,1.245682034E1
3.461255037E1,-7.953859863E0,-7.630083160E0,9.857002258E-1,1.106587822E1
3.462248937E1,-6.768175507E0,-7.895630951E0,2.566113739E0,1.071140175E1
3.463242837E1,-5.510041809E0,-9.075477448E0,3.212918701E0,1.109268670E1
3.464236737E1,-4.471052399E0,-1.058553726E1,2.112556915E0,1.168361269E1
3.465230637E1,-4.369114380E0,-1.192106003E1,-5.316943359E-1,1.270761707E1
3.466224537E1,-4.584366760E0,-1.233464996E1,-3.291355591E0,1.356440304E1
3.467218437E1,-4.412374420E0,-1.242446320E1,-4.482129364E0,1.392572502E1
3.468212337E1,-4.211941223E0,-1.304522232E1,-3.755091248E0,1.421333826E1
3.469206237E1,-4.264781342E0,-1.411669418E1,-1.830842743E0,1.486006056E1
3.470200138E1,-4.648134155E0,-1.501332962E1,-1.236428833E-1,1.571688598E1
3.471194037E1,-4.803960114E0,-1.519265671E1,4.719685364E-1,1.594106662E1
3.472187937E1,-4.697082367E0,-1.480376541E1,6.307882690E-1,1.554387168E1
3.473181837E1,-4.079167328E0,-1.419587952E1,4.442761230E-1,1.477700858E1
3.474175737E1,-3.622616730E0,-1.341764786E1,3.965254211E-1,1.390373541E1
3.475169637E1,-3.432961121E0,-1.221430023E1,5.617817688E-1,1.269999807E1
3.476163537E1,-3.382366333E0,-1.070962921E1,7.908055115E-1,1.125886021E1
3.477157437E1,-3.062631226E0,-9.499545593E0,-2.454895020E-2,9.981066033E0
3.478151337E1,-2.554288330E0,-8.660690002E0,-1.150058441E0,9.102448825E0
3.479145237E1,-2.391876068E0,-8.030500488E0,-1.409768372E0,8.496908619E0
3.480139137E1,-2.298769684E0,-7.831564178E0,-6.487509155E-1,8.187711359E0
3.481133037E1,-2.366578674E0,-7.673642578E0,-1.543290710E-1,8.031768330E0
3.482126937E1,-2.505190430E0,-7.393724670E0,4.415817261E-2,7.806733858E0
3.483120837E1,-2.621947632E0,-6.937024384E0,-3.757186890E-2,7.416085782E0
3.484114737E1,-2.574645996E0,-6.530170441E0,-1.489402771E-1,7.020976513E0
3.485108637E1,-2.720143433E0,-6.179898834E0,8.846603394E-2,6.752640679E0
3.486102537E1,-3.155887299E0,-5.970334625E0,5.304968262E-1,6.773916671E0
3.487096437E1,-3.527265015E0,-5.843847656E0,5.569917297E-1,6.848532230E0
3.488090337E1,-3.233575745E0,-5.852080536E0,2.559677124E-2,6.686068642E0
3.489084237E1,-2.515518951E0,-5.776338043E0,-7.309300232E-1,6.342568524E0
3.490078137E1,-1.409019928E0,-5.676196289E0,-1.054407349E0,5.942753261E0
3.491072037E1,-1.365161133E-1,-5.699098663E0,-9.181906128E-1,5.774204380E0
3.492065937E1,9.455836487E-1,-5.819149017E0,-4.903802490E-1,5.915834388E0
3.493059837E1,1.973645782E0,-6.009852448E0,-2.829116821E-2,6.325693994E0
3.494053737E1,2.869383087E0,-6.242768097E0,5.596861267E-1,6.893385335E0
3.495047637E1,3.334915009E0,-6.435866547E0,1.212328949E0,7.349270562E0
3.496041537E1,3.369343414E0,-6.658753052E0,1.595681763E0,7.631360792E0
3.497035437E1,3.216960297E0,-6.806645508E0,2.268382874E0,7.862875904E0
3.498029337E1,2.531535645E0,-6.857839050E0,3.228636017E0,7.991415375E0
3.499023237E1,-1.511856079E-2,-6.359674988E0,3.696113892E0,7.355742819E0
3.500017137E1,-3.026406555E0,-5.952072601E0,4.329297180E0,7.957959472E0