"Time (s)","Acceleration x (m/s^2)","Acceleration y (m/s^2)","Acceleration z (m/s^2)","Absolute acceleration (m/s^2)"
4.402916529E-4,-8.988957367E0,1.134790192E0,-2.331551514E0,9.355492279E0
1.038029164E-2,-9.030720520E0,1.935624847E0,-2.474504242E0,9.561575597E0
2.032029166E-2,-9.450597382E0,2.318678284E0,-2.600542145E0,1.007238201E1
3.025929167E-2,-1.012344818E1,2.327060852E0,-2.478695526E0,1.067910796E1
4.019929166E-2,-1.074839859E1,1.803300018E0,-2.234403534E0,1.112530999E1
5.013929165E-2,-1.099658249E1,9.280700684E-1,-1.701362000E0,1.116605450E1
6.007829166E-2,-1.069675598E1,2.212399292E-1,-1.038839722E0,1.074935922E1
7.001829165E-2,-1.003842499E1,-5.149291992E-1,-3.956272888E-1,1.005940601E1
7.995829167E-2,-9.468709717E0,-1.104702759E0,8.801696777E-2,9.533340384E0
8.989729165E-2,-8.846603394E0,-1.553768921E0,3.983216858E-1,8.990842543E0
9.983729167E-2,-8.198151855E0,-2.026635590E0,6.505471802E-1,8.469956156E0
1.097772917E-1,-7.705077209E0,-2.392474823E0,8.285270691E-1,8.110401204E0
1.197162917E-1,-7.287894745E0,-2.559377747E0,1.004261627E0,7.789246798E0
1.296562917E-1,-6.851252747E0,-2.509232025E0,1.285077667E0,7.408598664E0
1.395962916E-1,-6.525979156E0,-2.012864227E0,1.623224487E0,7.019607118E0
1.495362917E-1,-6.126459961E0,-1.120719452E0,2.061662750E0,6.560486037E0
1.594752916E-1,-5.781277771E0,-2.035766602E-1,2.420915680E0,6.271000626E0
1.694152917E-1,-5.696703644E0,5.370831299E-1,2.651885376E0,6.306614523E0
1.793552916E-1,-5.871091003E0,1.075663147E0,2.750829620E0,6.572200878E0
1.892942917E-1,-6.219566345E0,1.477277985E0,2.752176819E0,6.959873060E0
1.992342916E-1,-6.703809357E0,1.641785889E0,2.663411407E0,7.397991695E0
2.091742917E-1,-7.225324860E0,1.662143555E0,2.614612885E0,7.861567341E0
2.191132916E-1,-7.604935455E0,1.442400513E0,2.662363586E0,8.185581371E0
2.290532917E-1,-7.748037872E0,9.559121704E-1,2.847229156E0,8.309787772E0
2.389932917E-1,-7.742200012E0,3.912863159E-1,3.271147614E0,8.413986732E0
2.489332916E-1,-7.768395538E0,-1.431024170E-1,4.067192230E0,8.769863179E0
2.588722917E-1,-7.884703674E0,-5.541476440E-1,5.055137787E0,9.382433037E0
2.688122916E-1,-7.945477295E0,-7.442523193E-1,5.952821045E0,9.955932872E0
2.787522917E-1,-7.879015503E0,-6.014492798E-1,6.346352692E0,1.013493064E1
2.886912916E-1,-8.003257141E0,-4.273612976E-1,6.134992218E0,1.009321020E1
2.986312917E-1,-8.290809174E0,-9.325607300E-2,5.753884735E0,1.009224470E1
3.085712917E-1,-8.690927124E0,5.116360474E-1,5.424419861E0,1.025759799E1
3.185102917E-1,-9.082213440E0,1.307381287E0,4.939428406E0,1.042083489E1
3.284502917E-1,-9.220675507E0,2.010768585E0,4.214186554E0,1.033554137E1
3.383902917E-1,-9.333241425E0,2.442770233E0,3.378923492E0,1.022221335E1
3.483292916E-1,-9.332193604E0,2.525398407E0,2.709365845E0,1.004032558E1
3.582692917E-1,-9.577234039E0,1.977088623E0,2.522254944E0,1.009921092E1
3.682092917E-1,-9.966424713E0,9.228309631E-1,2.950664062E0,1.043492487E1
3.781492916E-1,-1.041519150E1,2.327659607E-1,3.916605377E0,1.112969863E1
3.880882917E-1,-1.087174210E1,-4.026626587E-2,5.158273315E0,1.203346090E1
3.980282916E-1,-1.104612946E1,-1.245410156E-1,6.673422546E0,1.290608596E1
4.079682917E-1,-1.101843704E1,1.586700439E-2,8.140222321E0,1.369924911E1
4.179072916E-1,-1.086111420E1,4.887336731E-1,8.796757050E0,1.398519205E1
4.278466667E-1,-1.123578506E1,5.978567505E-1,8.704099731E0,1.422538755E1
4.377866666E-1,-1.215382599E1,-1.591191101E-1,7.776029663E0,1.442939508E1
4.477256667E-1,-1.299836975E1,-1.250349884E0,6.444997559E0,1.456224518E1
4.576656666E-1,-1.385339172E1,-2.107766876E0,4.955744476E0,1.486332893E1
4.676056667E-1,-1.484358261E1,-2.501148834E0,3.313060455E0,1.541311324E1
4.775456667E-1,-1.574111618E1,-2.324366455E0,1.805395660E0,1.601389620E1
4.874846667E-1,-1.534758453E1,-1.325942688E0,3.526666260E-1,1.540879128E1
4.974246667E-1,-1.312365921E1,-6.316864014E-2,-8.018824768E-1,1.314828646E1
5.073646666E-1,-1.100915634E1,7.870632935E-1,-1.389710083E0,1.112440048E1
5.173036667E-1,-9.325008545E0,1.040785675E0,-1.434167633E0,9.491883690E0
5.272436666E-1,-7.830666046E0,4.828958130E-1,-1.028810577E0,7.912709416E0
5.371836667E-1,-7.082671509E0,-9.984237671E-1,-3.730242920E-1,7.162418086E0
5.471226667E-1,-7.499704285E0,-2.723436584E0,2.080673218E-2,7.978916224E0
5.570626667E-1,-8.581953735E0,-4.065395966E0,5.777984619E-2,9.496352604E0
5.670026666E-1,-9.805958405E0,-4.864434357E0,-1.935475159E-1,1.094792229E1
5.769426667E-1,-1.097323105E1,-4.965324554E0,-7.438032532E-1,1.206729012E1
5.868816666E-1,-1.120779327E1,-3.632496185E0,-1.239721985E0,1.184679574E1
5.968216667E-1,-1.049871780E1,-1.686842194E0,-1.274000702E0,1.070941595E1
6.067616667E-1,-1.016296600E1,-1.363664246E-1,-9.470805359E-1,1.020791043E1
6.167006667E-1,-1.013991394E1,9.512718201E-1,-2.776725769E-1,1.018822236E1
6.266406667E-1,-1.024349854E1,1.656156006E0,7.042854309E-1,1.040039100E1
6.365806666E-1,-1.023945694E1,2.049687653E0,1.667232971E0,1.057484580E1
6.465196667E-1,-9.903854828E0,2.287842407E0,2.576142883E0,1.048604194E1
6.564596666E-1,-9.313033447E0,2.340832214E0,3.274889832E0,1.014578685E1
6.663996667E-1,-8.480913849E0,2.087708588E0,3.315305786E0,9.342145327E0
6.763396667E-1,-7.625293121E0,1.428778839E0,2.940036163E0,8.296403847E0
6.862786667E-1,-7.054230652E0,6.933581543E-1,2.292931824E0,7.449862547E0
6.962186666E-1,-6.820865936E0,3.876937866E-2,1.690584412E0,7.027360161E0
7.061586667E-1,-6.853647766E0,-3.767665100E-1,1.233435059E0,6.973937392E0
7.160976666E-1,-6.734046478E0,-5.560935974E-1,8.852590942E-1,6.814712446E0
7.260376667E-1,-6.559808807E0,-6.221063232E-1,7.033872986E-1,6.626678018E0
7.359776667E-1,-6.390959930E0,-5.791456604E-1,7.229965210E-1,6.457747479E0
7.459166667E-1,-6.242768097E0,-6.038442993E-1,8.026309204E-1,6.323052890E0
7.558566667E-1,-6.221063232E0,-6.845265198E-1,8.861572266E-1,6.321034641E0
7.657966666E-1,-6.374045105E0,-9.771679688E-1,1.222507782E0,6.563370591E0
7.757356667E-1,-6.808591461E0,-1.403930511E0,1.809586945E0,7.183491037E0
7.856756666E-1,-7.256460114E0,-1.787582703E0,2.472558289E0,7.871798383E0
7.956156667E-1,-7.547904053E0,-2.101180573E0,3.112178192E0,8.430389581E0
8.055556667E-1,-7.660320282E0,-2.225422211E0,3.732488251E0,8.807069852E0
8.154946667E-1,-7.702083435E0,-1.995350647E0,4.125570831E0,8.962357286E0
8.254346667E-1,-7.709717560E0,-1.643582153E0,4.405339050E0,9.030399731E0
8.353746667E-1,-7.787106628E0,-1.211131439E0,4.972210236E0,9.318194226E0
8.453136667E-1,-7.783813477E0,-6.285429382E-1,5.720504150E0,9.680236887E0
8.552536667E-1,-8.013885040E0,2.604583740E-2,6.131848755E0,1.009071856E1
8.651936667E-1,-8.563841400E0,4.462220764E-1,5.887556763E0,1.040201030E1
8.751326667E-1,-9.131760406E0,3.686833191E-1,5.484594727E0,1.065860004E1
8.850726667E-1,-9.572593689E0,-9.116043091E-2,5.058281250E0,1.082723738E1
8.950126666E-1,-9.858648834E0,-9.777667236E-1,4.528832245E0,1.089308524E1
9.049516667E-1,-1.003213806E1,-2.075883179E0,4.145030365E0,1.105144162E1
9.148916666E-1,-1.008961853E1,-2.956052856E0,3.962859192E0,1.123578673E1
9.248316667E-1,-1.030038025E1,-3.361260223E0,3.900888062E0,1.151576447E1
9.347716667E-1,-1.037267990E1,-3.218008118E0,4.235592041E0,1.165711390E1
9.447106667E-1,-1.017269577E1,-2.500250702E0,5.154231720E0,1.167480610E1
9.546506667E-1,-1.018841309E1,-1.827399902E0,6.501879272E0,1.222364862E1
9.645906667E-1,-1.022254211E1,-1.359622650E0,7.993377686E0,1.304772117E1
9.745296667E-1,-1.014859589E1,-8.735833740E-1,9.140442352E0,1.368593558E1
9.844696667E-1,-1.054961197E1,-1.475930786E-1,9.320517883E0,1.407793131E1
9.944096667E-1,-1.196521820E1,5.674699402E-1,8.411757660E0,1.463714916E1
1.004348667E0,-1.344818436E1,9.876461792E-1,7.036567383E0,1.520994372E1
1.014288667E0,-1.464270035E1,8.422984314E-1,5.435197449E0,1.564159555E1
1.024228667E0,-1.527303955E1,3.264710999E-1,3.919599152E0,1.577135308E1
1.034168667E0,-1.530567169E1,-4.652325439E-1,2.721490631E0,1.555270197E1
1.044107667E0,-1.484732483E1,-1.306483154E0,1.822909241E0,1.501575675E1
1.054047667E0,-1.374037674E1,-1.838925934E0,9.720785522E-1,1.389692550E1
1.063987667E0,-1.235381012E1,-1.860930176E0,1.763333130E-1,1.249442992E1
1.073926667E0,-1.112890732E1,-1.434916077E0,-5.230123901E-1,1.123321433E1
1.083866667E0,-1.012689102E1,-7.400610352E-1,-1.118773499E0,1.021534465E1
1.093806667E0,-9.302704926E0,5.972579956E-2,-1.557062073E0,9.432302391E0
1.103745667E0,-8.609795837E0,8.527766418E-1,-1.884730682E0,8.854830439E0
1.113685667E0,-8.247100067E0,1.591191101E0,-2.129771118E0,8.665014348E0
1.123625667E0,-8.396040344E0,2.259401550E0,-2.269281006E0,8.985990491E0
1.133564667E0,-9.002429352E0,2.600242767E0,-2.352657623E0,9.661262577E0
1.143504667E0,-9.739646301E0,2.474055176E0,-2.265538788E0,1.030118076E1
1.153444667E0,-1.023421783E1,1.873504028E0,-1.874851227E0,1.057186356E1
1.163384667E0,-1.040890457E1,8.331674194E-1,-1.528770905E0,1.055351140E1
1.173323667E0,-1.043584854E1,-8.008346558E-2,-1.265767822E0,1.051263603E1
1.183263667E0,-1.001477417E1,-8.987310791E-1,-9.671388245E-1,1.010142449E1
1.193203667E0,-9.383087769E0,-1.596280518E0,-6.412664795E-1,9.539479559E0
1.203142667E0,-9.058862000E0,-2.157912598E0,-3.909869385E-1,9.320538519E0
1.213082667E0,-8.750952301E0,-2.632126465E0,-1.199006653E-1,9.139017019E0
1.223022667E0,-8.394094391E0,-2.900518341E0,1.311273193E-1,8.882061791E0
1.232961667E0,-7.930059357E0,-2.953957214E0,3.489244080E-1,8.469560370E0
1.242901667E0,-7.499704285E0,-2.800975342E0,6.065386963E-1,8.028631042E0
1.252841667E0,-7.154971161E0,-2.362237701E0,9.982740784E-1,7.600679602E0
1.262781667E0,-6.766229553E0,-1.866019592E0,1.667532349E0,7.214191266E0
1.272720667E0,-6.516249390E0,-1.297501831E0,2.576442261E0,7.126224234E0
1.282660667E0,-6.432573395E0,-8.675958252E-1,3.260070648E0,7.263524188E0
1.292600667E0,-6.454427948E0,-4.595443726E-1,3.739373932E0,7.473535881E0
1.302539667E0,-6.518494720E0,-4.984634399E-2,4.123924255E0,7.713624916E0
1.312479667E0,-6.576873322E0,4.508624268E-1,4.421206055E0,7.937606856E0
1.322419667E0,-6.562802582E0,1.014440460E0,5.001249847E0,8.313360765E0
1.332358667E0,-6.386918335E0,1.407223663E0,5.328319702E0,8.435875479E0
1.342298667E0,-6.895261230E0,1.525477753E0,4.576732635E0,8.415354504E0
1.352238667E0,-7.571405182E0,1.458716583E0,3.805536346E0,8.598612527E0
1.362177667E0,-7.859106903E0,1.143921204E0,3.390299835E0,8.635290962E0
1.372117667E0,-8.023016052E0,7.827223206E-1,3.259771271E0,8.695260177E0
1.382057667E0,-7.949967957E0,4.977149963E-1,3.639232178E0,8.757495165E0
1.391997667E0,-7.709268494E0,9.819580078E-2,4.142785034E0,8.752435716E0
1.401936667E0,-7.546257477E0,-2.917433167E-1,4.679868164E0,8.884384171E0
1.411876667E0,-7.526947632E0,-6.203100586E-1,5.225932617E0,9.184230885E0
1.421816667E0,-7.697592773E0,-7.071295166E-1,5.583838348E0,9.535838577E0
1.431756583E0,-8.116421814E0,-2.383044434E-1,5.614823914E0,9.872149698E0
1.441696583E0,-8.728798370E0,7.066804504E-1,5.197491760E0,1.018357692E1
1.451636583E0,-9.360185394E0,1.469643860E0,4.329446869E0,1.041715095E1
1.461575583E0,-9.832453308E0,1.966760101E0,3.289709015E0,1.055307864E1
1.471515583E0,-9.905501404E0,2.304607544E0,2.379601593E0,1.044474402E1
1.481455583E0,-9.846823425E0,2.256557465E0,1.946252747E0,1.028785123E1
1.491395583E0,-1.023466690E1,1.845063171E0,2.200723572E0,1.062995056E1
1.501334583E0,-1.085348007E1,1.333127747E0,3.168461151E0,1.138483225E1
1.511274583E0,-1.100930603E1,9.648934937E-1,4.856351166E0,1.207145332E1
1.521214583E0,-1.116528168E1,5.927673340E-1,7.075336761E0,1.323160150E1
1.531153583E0,-1.135852982E1,3.466790771E-1,8.654702454E0,1.428426619E1
1.541093583E0,-1.156839340E1,3.444337463E-1,8.926387482E0,1.461597598E1
1.551033583E0,-1.230740662E1,-1.523831177E-1,8.262218628E0,1.482429543E1
1.560972583E0,-1.338022568E1,-1.558109894E0,6.923402710E0,1.514568093E1
1.570912583E0,-1.440080338E1,-2.783761139E0,5.091961212E0,1.552612421E1
1.580852583E0,-1.539817932E1,-3.203188934E0,3.037184143E0,1.601839047E1
1.590791583E0,-1.591041412E1,-2.801125031E0,1.273851013E0,1.620525456E1
1.600731583E0,-1.486858063E1,-1.620679779E0,-9.205856323E-2,1.495693042E1
1.610671583E0,-1.289538391E1,-1.321751404E-1,-1.023421783E0,1.293660653E1
1.620611583E0,-1.126527374E1,8.824150085E-1,-1.467398529E0,1.139466135E1
1.630550583E0,-9.849966888E0,1.225651245E0,-1.430724792E0,1.002851146E1
1.640490583E0,-8.666827240E0,8.343649292E-1,-9.348060608E-1,8.756935629E0
1.650430583E0,-7.964188385E0,-5.400769043E-1,-2.457888794E-1,7.986262697E0
1.660369583E0,-8.186625824E0,-2.369572449E0,1.594184875E-1,8.524149824E0
1.670309583E0,-9.105415192E0,-3.900438995E0,1.805245972E-1,9.907300303E0
1.680249583E0,-1.004575974E1,-4.882247314E0,-1.210981750E-1,1.116997280E1
1.690188583E0,-1.065663940E1,-5.195695496E0,-6.948550415E-1,1.187611210E1
1.700128583E0,-1.047057632E1,-4.337380371E0,-1.441801758E0,1.142473761E1
1.710068583E0,-9.941875763E0,-2.580034790E0,-1.800306244E0,1.042777904E1
1.720008583E0,-9.852810974E0,-9.162446594E-1,-1.560355225E0,1.001758937E1
1.729947583E0,-9.921368408E0,3.833528137E-1,-8.470884705E-1,9.964841662E0
1.739887583E0,-1.000953506E1,1.269210663E0,1.339714050E-1,1.009057165E1
1.749827583E0,-9.921518097E0,1.897005157E0,1.295555878E0,1.018398817E1
1.759766583E0,-9.545949097E0,2.326462097E0,2.217039642E0,1.007237980E1
1.769706583E0,-8.791967010E0,2.538121948E0,2.958148499E0,9.617244381E0
1.779646583E0,-7.948770447E0,2.430944824E0,3.373085632E0,8.970515651E0
1.789585583E0,-7.313341827E0,1.862576752E0,3.407064972E0,8.280232639E0
1.799525583E0,-6.916966095E0,1.028511200E0,3.150049438E0,7.669750108E0
1.809465583E0,-6.746171265E0,1.019380188E-1,2.709665222E0,7.270729242E0
1.819404583E0,-6.715185699E0,-5.824388123E-1,2.144141235E0,7.073209709E0
1.829344583E0,-6.698420563E0,-1.107546844E0,1.614692230E0,6.978734058E0
1.839284583E0,-6.735842743E0,-1.441801758E0,1.126108246E0,6.979863147E0
1.849224583E0,-6.669231262E0,-1.634301453E0,8.267308044E-1,6.916145653E0
1.859163583E0,-6.594835968E0,-1.655257874E0,8.505313110E-1,6.852382329E0
1.869103583E0,-6.568790131E0,-1.591939545E0,1.213077393E0,6.866937604E0
1.879043583E0,-6.746919708E0,-1.620979156E0,1.892514496E0,7.192364708E0
1.888982583E0,-6.995702362E0,-1.660946045E0,2.650089111E0,7.662999778E0
1.898922583E0,-7.076833649E0,-1.573527832E0,3.288062439E0,7.960459719E0
1.908862583E0,-7.201973419E0,-1.388063507E0,3.742367706E0,8.234103320E0
1.918801583E0,-7.473658447E0,-1.170266418E0,4.084705811E0,8.597087625E0
1.928741583E0,-7.669900360E0,-1.028361511E0,4.393513641E0,8.898756152E0
1.938681583E0,-7.699538727E0,-9.036708069E-1,4.708159332E0,9.070076176E0
1.948621583E0,-7.716752930E0,-7.334747314E-1,5.046755219E0,9.249648598E0
1.958560583E0,-7.801027679E0,-4.975653076E-1,5.199737091E0,9.388336908E0
1.968500583E0,-8.128247223E0,-1.604663086E-1,5.021906891E0,9.555820277E0
1.978440583E0,-8.640781403E0,1.642085266E-1,4.713697815E0,9.844237643E0
1.988379583E0,-9.110654297E0,3.805087280E-1,4.379891968E0,1.011594100E1
1.998319583E0,-9.475894775E0,3.378474426E-1,4.067341919E0,1.031746059E1
2.008259583E0,-9.727521515E0,-3.412902832E-1,3.749103699E0,1.043057680E1
2.018198583E0,-9.965526581E0,-1.796713715E0,3.474424896E0,1.070567740E1
2.028138583E0,-1.038675064E1,-3.107088776E0,3.204087067E0,1.130507689E1
2.038078583E0,-1.079555054E1,-4.122127991E0,3.110830994E0,1.196716842E1
2.048017583E0,-1.097532669E1,-4.803810425E0,3.460653534E0,1.247038546E1
2.057957583E0,-1.066382446E1,-4.468058624E0,4.521946564E0,1.241485806E1
2.067897583E0,-1.032867142E1,-3.347339172E0,6.611451416E0,1.271209749E1
2.077837583E0,-1.034423904E1,-2.059118042E0,9.058562622E0,1.390326599E1
2.087776583E0,-1.058344162E1,-6.274951172E-1,1.032567764E1,1.479941233E1
2.097716583E0,-1.187121368E1,4.420307922E-1,9.964478760E0,1.550522307E1
2.107656583E0,-1.309237427E1,1.091530151E0,8.330776062E0,1.555646270E1
2.117595583E0,-1.389231079E1,1.349593506E0,6.444249115E0,1.537355029E1
2.127535583E0,-1.459764404E1,1.091380463E0,4.566853180E0,1.533422547E1
2.137475583E0,-1.489821899E1,1.818717957E-1,2.768343201E0,1.515433042E1
2.147414583E0,-1.468551132E1,-9.877958679E-1,1.471140747E0,1.479203294E1
2.157354583E0,-1.356539063E1,-1.794169006E0,6.631210327E-1,1.369958374E1
2.167294583E0,-1.193587921E1,-2.093696136E0,4.400848389E-2,1.211819759E1
2.177233583E0,-1.085692291E1,-1.942211151E0,-6.227050781E-1,1.104684212E1
2.187173583E0,-1.014590149E1,-1.356778564E0,-1.280287628E0,1.031597312E1
2.197113583E0,-9.550439758E0,-3.484753418E-1,-1.775457916E0,9.720318177E0
2.207053583E0,-9.217232666E0,8.490344238E-1,-2.134860535E0,9.499256127E0
2.216992583E0,-9.232051849E0,1.995051270E0,-2.446512451E0,9.756865997E0
2.226932583E0,-9.444909210E0,2.900368652E0,-2.684816895E0,1.023849061E1
2.236872583E0,-9.770931244E0,3.472179565E0,-2.863844604E0,1.075772905E1
2.246811583E0,-1.028511200E1,3.586541748E0,-2.837798767E0,1.125610556E1
2.256751583E0,-1.091889404E1,3.059338074E0,-2.434986420E0,1.159788582E1
2.266691583E0,-1.141107056E1,1.997146912E0,-1.794019318E0,1.172261201E1
2.276630583E0,-1.127305756E1,6.251000977E-1,-1.234482880E0,1.135766370E1
2.286570583E0,-1.053045181E1,-5.869294739E-1,-8.851094055E-1,1.058387076E1
2.296510583E0,-9.469009094E0,-1.437760162E0,-6.722520447E-1,9.601104641E0
2.306449583E0,-8.650361481E0,-1.987117767E0,-5.096900940E-1,8.890285415E0
2.316389583E0,-8.097710724E0,-2.360591125E0,-3.604504395E-1,8.442466106E0
2.326329583E0,-7.680977325E0,-2.515818329E0,-1.904040527E-1,8.084739219E0
2.336269583E0,-7.358248444E0,-2.420017548E0,1.496887207E-4,7.745986387E0
2.346208583E0,-7.019053802E0,-2.088007965E0,3.329077148E-1,7.330601687E0
2.356148583E0,-6.755601654E0,-1.568438416E0,9.153465271E-1,6.995427938E0
2.366088583E0,-6.580016785E0,-8.734336853E-1,1.602567444E0,6.828450022E0
2.376027583E0,-6.352340240E0,-1.936972046E-1,2.348017273E0,6.775170127E0
2.385967583E0,-6.076912994E0,2.890489197E-1,2.876268768E0,6.729438524E0
2.395907583E0,-5.931415558E0,6.045927429E-1,3.290307770E0,6.809797950E0
2.405846583E0,-6.034850464E0,7.734416199E-1,3.640878754E0,7.090389986E0
2.415786583E0,-6.324348450E0,8.833131409E-1,3.990102539E0,7.529843537E0
2.425726583E0,-6.658902740E0,9.903405762E-1,4.265978851E0,7.969964600E0
2.435664417E0,-6.871610413E0,1.085841980E0,4.274211731E0,8.164984286E0
2.445604417E0,-7.087611237E0,9.888436890E-1,3.762276306E0,8.084971731E0
2.455544417E0,-7.414531403E0,6.361770630E-1,3.262765045E0,8.125615848E0
2.465484417E0,-7.810308380E0,1.854643250E-1,3.263214111E0,8.466633354E0
2.475423417E0,-8.122109985E0,-1.695973206E-1,3.582350464E0,8.878663678E0
2.485363417E0,-8.162825317E0,-3.793112183E-1,3.945046234E0,9.074083092E0
2.495303417E0,-7.972121887E0,-5.201683044E-1,4.368515625E0,9.105450632E0
2.505242417E0,-7.722890167E0,-7.111711121E-1,4.919519806E0,9.184251304E0
2.515182417E0,-7.600295105E0,-9.560618591E-1,5.610932007E0,9.495319792E0
2.525122417E0,-7.841892700E0,-1.158141632E0,6.205196228E0,1.006682837E1
2.535061417E0,-8.427175598E0,-9.336085510E-1,6.456074524E0,1.065691380E1
2.545001417E0,-9.363777924E0,-2.402503967E-1,5.912255402E0,1.107667916E1
2.554941417E0,-1.033825150E1,5.685177612E-1,4.441114655E0,1.126615089E1
2.564880417E0,-1.061667252E1,1.275647278E0,2.846929779E0,1.106553299E1
2.574820417E0,-1.051353699E1,1.544787598E0,1.733844452E0,1.076694224E1
2.584760417E0,-1.054107971E1,1.424288177E0,1.252744904E0,1.071038412E1
2.594700417E0,-1.077354630E1,1.308279419E0,1.397793274E0,1.094233617E1
2.604639417E0,-1.120554794E1,1.646276550E0,2.276316376E0,1.155232217E1
2.614579417E0,-1.145792313E1,2.124232635E0,4.115092621E0,1.235841227E1
2.624519417E0,-1.145343246E1,2.064207458E0,6.995552673E0,1.357865328E1
2.634458417E0,-1.105915237E1,1.494791565E0,9.037007446E0,1.435990100E1
2.644398417E0,-1.110316086E1,9.392967224E-1,9.834099884E0,1.486176234E1
2.654338417E0,-1.223046661E1,-1.377136230E-1,9.871372375E0,1.571773747E1
2.664277417E0,-1.349818039E1,-1.450633392E0,7.913743286E0,1.571408743E1
2.674217417E0,-1.459075836E1,-1.933529205E0,4.978197784E0,1.553741349E1
2.684157417E0,-1.532079025E1,-1.877395935E0,2.387984161E0,1.561901718E1
2.694096417E0,-1.567510345E1,-1.737137604E0,5.565426636E-1,1.578088258E1
2.704036417E0,-1.491333755E1,-1.370549927E0,-6.512956238E-1,1.499033789E1
2.713976417E0,-1.331181793E1,-6.783892822E-1,-1.531914368E0,1.341683533E1
2.723916417E0,-1.171733368E1,1.315763855E-1,-2.045346680E0,1.189523703E1
2.733855417E0,-1.038465500E1,5.306465149E-1,-2.021995239E0,1.059297455E1
2.743795417E0,-9.363927612E0,2.574645996E-1,-1.514849854E0,9.489162156E0
2.753735417E0,-8.821006622E0,-7.973918152E-1,-9.045689392E-1,8.903046473E0
2.763674417E0,-9.042246552E0,-2.244432678E0,-6.921606445E-1,9.342311657E0
2.773614417E0,-9.805209961E0,-3.527414703E0,-7.366181946E-1,1.044640624E1
2.783554417E0,-1.072609497E1,-4.398153992E0,-8.065228271E-1,1.162081542E1
2.793493417E0,-1.129910339E1,-4.649780731E0,-1.058748322E0,1.226422221E1
2.803433417E0,-1.091859467E1,-3.662134552E0,-1.505269775E0,1.161433494E1
2.813373417E0,-1.003198837E1,-1.939516754E0,-1.596729584E0,1.034176297E1
2.823312417E0,-9.676178284E0,-5.668711853E-1,-1.232686615E0,9.770838521E0
2.833252417E0,-9.538165283E0,4.114942932E-1,-6.879693604E-1,9.571793268E0
2.843192417E0,-9.231752472E0,1.203647003E0,-2.342628479E-1,9.312835169E0
2.853132417E0,-8.674611053E0,1.905687103E0,2.335144043E-1,8.884539900E0
2.863071417E0,-7.961643677E0,2.453547821E0,7.143145752E-1,8.361693145E0
2.873011417E0,-7.269033966E0,2.793490906E0,1.078656921E0,7.861675839E0
2.882951417E0,-6.653064880E0,2.904559937E0,1.268611908E0,7.369471955E0
2.892890417E0,-6.049819336E0,2.781964874E0,1.443747711E0,6.813519649E0
2.902830417E0,-5.809718628E0,2.277813263E0,1.527723083E0,6.424577933E0
2.912770417E0,-6.018684082E0,1.526525574E0,1.527723083E0,6.394433222E0
2.922709417E0,-6.180497589E0,8.943901062E-1,1.533560944E0,6.430419370E0
2.932649417E0,-6.243366852E0,3.626957703E-1,1.597028961E0,6.454585918E0
2.942589417E0,-6.305787048E0,-3.580554199E-1,1.811383209E0,6.570560335E0
2.952529417E0,-6.340963898E0,-1.022373962E0,2.198328552E0,6.788646411E0
2.962468417E0,-6.160139923E0,-1.627565460E0,2.503394165E0,6.845675682E0
2.972408417E0,-6.101312256E0,-2.034569092E0,2.618804169E0,6.944322710E0
2.982348417E0,-6.245013428E0,-2.074985046E0,2.687511292E0,7.108338244E0
2.992287417E0,-6.409970398E0,-1.901346130E0,2.852468262E0,7.269072348E0
3.002227417E0,-6.551126862E0,-1.838626556E0,3.115321655E0,7.483517875E0
3.012167417E0,-6.782695313E0,-1.733994141E0,3.450325012E0,7.804898082E0
3.022106417E0,-7.363936615E0,-1.691332855E0,3.833827515E0,8.472685685E0
3.032046417E0,-8.111781464E0,-2.074535980E0,4.332740021E0,9.427477613E0
3.041986417E0,-8.690028992E0,-2.324965210E0,4.762196960E0,1.017843736E1
3.051925417E0,-8.935817871E0,-2.032922516E0,4.959486694E0,1.042008269E1
3.061865417E0,-8.936716003E0,-1.573677521E0,5.174290009E0,1.044579489E1
3.071805417E0,-9.151219940E0,-1.228345642E0,5.408253479E0,1.070060116E1
3.081745417E0,-9.451944580E0,-9.428892517E-1,5.309758301E0,1.088217946E1
3.091684417E0,-9.752669220E0,-7.932005310E-1,4.734205170E0,1.086997804E1
3.101624417E0,-1.003393433E1,-1.026265869E0,3.945794678E0,1.083062119E1
3.111564417E0,-1.035456757E1,-1.657054138E0,3.331771545E0,1.100289051E1
3.121503417E0,-1.077115128E1,-2.521207123E0,2.980302429E0,1.145671802E1
3.131443417E0,-1.140313705E1,-3.252137146E0,3.049159241E0,1.224358211E1
3.141383417E0,-1.188259003E1,-3.323239288E0,3.839964752E0,1.292227513E1
3.151322417E0,-1.129640900E1,-2.385439453E0,5.203030243E0,1.266375542E1
3.161262417E0,-1.076336746E1,-1.400337982E0,6.914122009E0,1.286919223E1
3.171202417E0,-1.087967560E1,-7.542814636E-1,8.659492493E0,1.392562716E1
3.181141417E0,-1.090437424E1,-2.020797729E-1,9.558522949E0,1.450212311E1
3.191081417E0,-1.125943588E1,1.489402771E-1,9.136251068E0,1.450062630E1
3.201021417E0,-1.228121109E1,3.546125793E-1,7.774981842E0,1.453974685E1
3.210960417E0,-1.348590591E1,4.701722717E-1,6.170169067E0,1.483784710E1
3.220900417E0,-1.466620148E1,1.324745178E-1,4.393813019E0,1.531080037E1
3.230840417E0,-1.531914368E1,-6.559359741E-1,2.886148224E0,1.560244425E1
3.240780417E0,-1.528546371E1,-1.584155731E0,1.899849243E0,1.548432683E1
3.250719417E0,-1.486394028E1,-2.397713928E0,1.217568054E0,1.510523832E1
3.260659417E0,-1.383063904E1,-2.852617950E0,6.185137939E-1,1.413529500E1
3.270599417E0,-1.208212509E1,-2.687810669E0,-1.227447510E-2,1.237748858E1
3.280538417E0,-1.046189438E1,-2.014361115E0,-6.848258972E-1,1.067604193E1
3.290478417E0,-9.429790649E0,-1.030008087E0,-1.289867706E0,9.573172256E0
3.300418417E0,-8.697064362E0,1.754351807E-1,-1.816921692E0,8.886557851E0
3.310357417E0,-8.220305786E0,1.355281677E0,-2.272873535E0,8.635749519E0
3.320297417E0,-8.090525665E0,2.453098755E0,-2.708018646E0,8.877368080E0
3.330237417E0,-8.316705322E0,3.221900024E0,-3.059936829E0,9.429286324E0
3.340176417E0,-9.028624878E0,3.570525055E0,-3.291654968E0,1.025181490E1
3.350116417E0,-1.012329849E1,3.318299561E0,-3.499123535E0,1.121321318E1
3.360056417E0,-1.091634933E1,2.383792877E0,-3.237168274E0,1.163307396E1
3.369996417E0,-1.117650833E1,1.296903076E0,-2.604284363E0,1.154896502E1
3.379935417E0,-1.098805023E1,4.854405212E-1,-2.251468048E0,1.122684322E1
3.389875417E0,-1.004411316E1,-2.249821472E-1,-1.944007416E0,1.023298544E1
3.399815417E0,-9.197024689E0,-7.596702576E-1,-1.624122620E0,9.370172694E0
3.409754417E0,-8.667276306E0,-1.172661438E0,-1.386416931E0,8.855448341E0
3.419694417E0,-8.227790222E0,-1.430275726E0,-1.124761047E0,8.426583412E0
3.429634417E0,-7.811805267E0,-1.523980865E0,-8.355624390E-1,8.002810994E0
3.439573542E0,-7.418123932E0,-1.550475769E0,-3.608995056E-1,7.587014316E0
3.449513542E0,-7.150480499E0,-1.488354950E0,1.547781372E-1,7.305376657E0
3.459453542E0,-6.977140961E0,-1.313967590E0,6.866221619E-1,7.132913627E0
3.469392542E0,-6.801855469E0,-9.421408081E-1,1.296304321E0,6.988080710E0
3.479332542E0,-6.611601105E0,-4.995112610E-1,1.756896515E0,6.859261333E0
3.489272542E0,-6.497538300E0,-1.568737793E-1,2.218686218E0,6.867691160E0
3.499212542E0,-6.533613281E0,3.682342529E-2,2.626737671E0,7.041960612E0
3.509151542E0,-6.687792664E0,1.484912109E-1,3.075354767E0,7.362501429E0
3.519091542E0,-6.854096832E0,2.395019531E-1,3.537144470E0,7.716695898E0
3.529031542E0,-7.010820923E0,3.486250305E-1,3.974235535E0,8.066455077E0
3.538970542E0,-7.126979370E0,5.686674500E-1,4.465513916E0,8.429592644E0
3.548910542E0,-6.712042236E0,7.258406067E-1,5.235662384E0,8.543448728E0
3.558850542E0,-6.393055573E0,6.530918884E-1,5.288053436E0,8.322331267E0
3.568789542E0,-6.953190765E0,6.125262451E-1,4.384232941E0,8.242787678E0
3.578729542E0,-7.638914795E0,3.147953796E-1,3.915108490E0,8.589539561E0
3.588669542E0,-7.959697723E0,-1.495390320E-1,4.000730438E0,8.909825689E0
3.598608542E0,-8.041278076E0,-4.830455017E-1,4.291126556E0,9.127390272E0
3.608548542E0,-8.110583954E0,-4.957690430E-1,4.529281311E0,9.302781746E0
3.618488542E0,-8.137827301E0,-4.412823486E-1,4.751718750E0,9.433864233E0
3.628428542E0,-8.329728241E0,-8.187973022E-2,4.994513855E0,9.712684773E0
3.638367542E0,-8.624764709E0,2.686912537E-1,5.043911133E0,9.994988784E0
3.648307542E0,-8.998238068E0,2.785707092E-1,4.801565094E0,1.020298571E1
3.658247542E0,-9.402547302E0,1.862127686E-1,4.470154266E0,1.041272539E1
3.668186542E0,-9.756710815E0,3.917353821E-1,3.900289307E0,1.051470966E1
3.678126542E0,-1.005474106E1,1.087787933E0,3.158432007E0,1.059513063E1
3.688066542E0,-1.032043854E1,1.836979980E0,2.812651062E0,1.085343047E1
3.698005542E0,-1.069615723E1,2.549647980E0,3.071911926E0,1.141687904E1
3.707945542E0,-1.112950607E1,3.037034454E0,3.976480865E0,1.220253596E1
3.717885542E0,-1.151151169E1,2.959196320E0,5.538332977E0,1.311277531E1
3.727824542E0,-1.161554535E1,2.485431519E0,7.258555756E0,1.392066432E1
3.737764542E0,-1.149145340E1,1.810934143E0,8.406219177E0,1.435261316E1
3.747704542E0,-1.155357422E1,5.435197449E-1,8.622818756E0,1.442683244E1
3.757644542E0,-1.226070374E1,-1.253643036E0,7.921826477E0,1.465100036E1
3.767583542E0,-1.357257568E1,-2.542762299E0,6.253545685E0,1.515873624E1
3.777523542E0,-1.485720428E1,-2.859653320E0,3.659440155E0,1.556616968E1
3.787463542E0,-1.601235214E1,-2.471959534E0,1.130449219E0,1.624142606E1
3.797402542E0,-1.593885498E1,-1.947300568E0,-4.794529724E-1,1.606452467E1
3.807342542E0,-1.392808640E1,-1.249751129E0,-1.463955688E0,1.406046353E1
3.817282542E0,-1.186238205E1,-4.516108704E-1,-1.975142670E0,1.203417005E1
3.827221542E0,-1.039228912E1,1.672023010E-1,-1.871109009E0,1.056071393E1
3.837161542E0,-9.554331665E0,1.676513672E-1,-1.488654327E0,9.671062623E0
3.847101542E0,-9.120234375E0,-7.840695190E-1,-1.216071167E0,9.234298520E0
3.857040542E0,-9.095685425E0,-2.325713654E0,-7.792794800E-1,9.420600504E0
3.866980542E0,-9.789792023E0,-3.749253387E0,-4.592449951E-1,1.049322804E1
3.876920542E0,-1.069316345E1,-4.829107819E0,-3.547622681E-1,1.173839355E1
3.886859542E0,-1.136855896E1,-5.488486633E0,-4.641847229E-1,1.263261991E1
3.896799542E0,-1.165551224E1,-5.254523163E0,-9.973759460E-1,1.282402971E1
3.906739542E0,-1.087398743E1,-3.719764709E0,-1.428928528E0,1.158110913E1
3.916679542E0,-1.013856674E1,-1.947450256E0,-1.350341949E0,1.041184525E1
3.926618542E0,-9.905052338E0,-5.397775269E-1,-9.009764099E-1,9.960581312E0
3.936558542E0,-9.595046997E0,6.161187744E-1,-2.941383362E-1,9.619305930E0
3.946498542E0,-9.075477448E0,1.499431915E0,2.920426941E-1,9.203144892E0
3.956437542E0,-8.445737000E0,2.156116333E0,9.773176575E-1,8.771229156E0
3.966377542E0,-7.839497681E0,2.611768799E0,1.587448883E0,8.414217379E0
3.976317542E0,-7.152725830E0,2.887645111E0,1.988315277E0,7.965762909E0
3.986256542E0,-6.376589813E0,2.824925537E0,2.320175171E0,7.350123452E0
3.996196542E0,-5.861660614E0,2.237397308E0,2.430196381E0,6.728362826E0
4.006136542E0,-5.759872284E0,1.091679840E0,2.314337311E0,6.302701864E0
4.016075542E0,-5.797893219E0,-1.017883301E-2,2.125879211E0,6.175356816E0
4.026015542E0,-5.788163452E0,-8.759783936E-1,1.897603912E0,6.153947912E0
4.035955542E0,-5.816753998E0,-1.441502380E0,1.631307678E0,6.210774583E0
4.045894542E0,-5.882766724E0,-1.773062897E0,1.430724792E0,6.308539434E0
4.055834542E0,-5.857918396E0,-2.043849792E0,1.388811951E0,6.357777013E0
4.065774542E0,-5.984405365E0,-2.217638397E0,1.509610748E0,6.558197332E0
4.075714542E0,-6.372997284E0,-2.247127075E0,1.846110992E0,7.005198089E0
4.085653542E0,-6.780749359E0,-1.932930450E0,2.394570465E0,7.446391724E0
4.095593542E0,-7.168143768E0,-1.506467285E0,2.885848846E0,7.872728392E0
4.105533542E0,-7.479196930E0,-1.099313965E0,3.228636017E0,8.220156230E0
4.115472542E0,-7.658823395E0,-6.855743408E-1,3.491938477E0,8.445189299E0
4.125412542E0,-7.819439392E0,-2.921923828E-1,3.750899963E0,8.677456962E0
4.135352542E0,-8.114326172E0,9.145980835E-2,4.163591766E0,9.120644194E0
4.145291542E0,-8.370742950E0,3.987707520E-1,4.632267151E0,9.575293970E0
4.155231542E0,-8.719367981E0,5.304968262E-1,4.888683929E0,1.001039637E1
4.165171542E0,-9.293124847E0,4.713697815E-1,4.957840118E0,1.054345947E1
4.175110542E0,-9.762099609E0,3.460803223E-1,4.956193542E0,1.095363934E1
4.185050542E0,-1.002974304E1,1.746867371E-1,4.890031128E0,1.115968930E1
4.194990542E0,-1.024319916E1,-3.059637451E-1,4.677622833E0,1.126485234E1
4.204930542E0,-1.034738251E1,-1.081650696E0,4.301155701E0,1.125780766E1
4.214869542E0,-1.038884628E1,-2.040257263E0,3.951033783E0,1.130050639E1
4.224809542E0,-1.067056046E1,-2.899769897E0,3.734733582E0,1.167123647E1
4.234749542E0,-1.093715607E1,-3.641327820E0,3.798800354E0,1.213719635E1
4.244688542E0,-1.082743423E1,-4.070186005E0,4.428690491E0,1.238600201E1
4.254628542E0,-1.018511993E1,-3.596271515E0,5.675447845E0,1.220166157E1
4.264568542E0,-9.794582062E0,-2.691852264E0,7.338938599E0,1.253155721E1
4.274507542E0,-9.775421906E0,-1.734592896E0,8.633446655E0,1.315690264E1
4.284447542E0,-1.056517960E1,-9.249266052E-1,8.988508301E0,1.390222251E1
4.294387542E0,-1.197928894E1,-2.639012146E-1,8.492439880E0,1.468654290E1
4.304326542E0,-1.332618805E1,3.457809448E-1,7.408244476E0,1.525086681E1
4.314266542E0,-1.442385544E1,6.430627441E-1,5.819747772E0,1.556697143E1
4.324206542E0,-1.526345947E1,2.914439392E-1,3.862717438E0,1.574734011E1
4.334146542E0,-1.551388870E1,-4.881349182E-1,2.221380615E0,1.567971780E1
4.344085542E0,-1.501811966E1,-1.165925446E0,1.248403931E0,1.511495328E1
4.354025542E0,-1.368648880E1,-1.633103943E0,5.110372925E-1,1.379304764E1
4.363965542E0,-1.227103226E1,-1.807940369E0,-2.004331970E-1,1.240512211E1
4.373904542E0,-1.127440475E1,-1.481319580E0,-1.008752289E0,1.141595775E1
4.383844542E0,-1.049078430E1,-7.720944214E-1,-1.681154022E0,1.065265056E1
4.393784542E0,-9.775870972E0,1.604663086E-1,-2.147135010E0,1.001017440E1
4.403723542E0,-9.191486206E0,1.127305756E0,-2.557880859E0,9.607132321E0
4.413663542E0,-8.870852966E0,2.024539948E0,-2.998863831E0,9.580395536E0
4.423603542E0,-8.901539154E0,2.649190979E0,-3.273243256E0,9.847321136E0
4.433542833E0,-9.333391113E0,2.905757446E0,-3.322790222E0,1.032456057E1
4.443482833E0,-1.017000137E1,2.783910828E0,-3.229683838E0,1.102768993E1
4.453422833E0,-1.079614929E1,2.154020691E0,-2.893932037E0,1.138294722E1
4.463361833E0,-1.077339661E1,1.177002411E0,-2.345472565E0,1.108840163E1
4.473301833E0,-1.034109558E1,3.296145630E-1,-1.867366791E0,1.051351332E1
4.483241833E0,-9.585167542E0,-2.992277527E-1,-1.529669037E0,9.711069015E0
4.493181833E0,-9.019793243E0,-9.413923645E-1,-1.225950623E0,9.151275576E0
4.503120833E0,-8.607251129E0,-1.656156006E0,-8.952882385E-1,8.810741498E0
4.513060833E0,-8.328530731E0,-2.087409210E0,-5.830375671E-1,8.605906934E0
4.523000833E0,-7.802823944E0,-2.333198090E0,-3.055146790E-1,8.149921107E0
4.532939833E0,-7.286846924E0,-2.579735413E0,-2.469863892E-2,7.730057109E0
4.542879833E0,-7.030729523E0,-2.623594208E0,2.818638611E-1,7.509583971E0
4.552819833E0,-6.883735199E0,-2.446961517E0,5.321434021E-1,7.325067068E0
4.562758833E0,-6.781797180E0,-2.052382050E0,7.683522034E-1,7.127089881E0
4.572698833E0,-6.700216827E0,-1.429227905E0,1.179247742E0,6.951706494E0
4.582638833E0,-6.609056396E0,-8.785231018E-1,1.850002899E0,6.919099654E0
4.592577833E0,-6.639742584E0,-3.610491943E-1,2.570305023E0,7.129025601E0
4.602517833E0,-6.791526947E0,2.168989563E-1,3.287164307E0,7.548333101E0
4.612457833E0,-7.085665283E0,7.557783508E-1,3.942202148E0,8.143636239E0
4.622396833E0,-7.137158203E0,1.254990234E0,4.590354309E0,8.578192140E0
4.632336833E0,-6.812782745E0,1.619182892E0,5.558391266E0,8.940440450E0
4.642276833E0,-6.193819885E0,1.813778229E0,6.479725342E0,9.145492701E0
4.652216833E0,-6.516698456E0,1.644480286E0,5.602399750E0,8.749774690E0
4.662155833E0,-7.262896729E0,1.193767548E0,4.495601349E0,8.624684419E0
4.672095833E0,-7.752678223E0,5.465135193E-1,3.806284790E0,8.653929775E0
4.682035833E0,-7.960595856E0,1.076261902E-1,3.675307159E0,8.768725819E0
4.691974833E0,-7.866890717E0,-1.029858398E-1,3.956721954E0,8.806487623E0
4.701914833E0,-7.787256317E0,-4.469705200E-1,4.438120880E0,8.974300003E0
4.711854833E0,-7.671996002E0,-9.750723267E-1,5.042264557E0,9.232265191E0
4.721793833E0,-7.951464844E0,-1.161285095E0,5.647006989E0,9.821561188E0
4.731733833E0,-8.346044312E0,-8.800199890E-1,5.843398590E0,1.022625043E1
4.741673833E0,-8.954528961E0,-8.277786255E-2,5.638923798E0,1.058243368E1
4.751612833E0,-9.728269958E0,7.433541870E-1,4.742438049E0,1.084815793E1
4.761552833E0,-1.015009277E1,1.322948914E0,3.476370850E0,1.081016796E1
4.771492833E0,-1.018556900E1,1.534459076E0,2.452200623E0,1.058837421E1
4.781431833E0,-1.015099091E1,1.410965881E0,1.942061462E0,1.043096562E1
4.791371833E0,-1.042731628E1,1.306034088E0,2.061662750E0,1.070911309E1
4.801311833E0,-1.112800919E1,1.387015686E0,2.930905151E0,1.159079833E1
4.811251833E0,-1.147034729E1,1.566193085E0,4.565056915E0,1.244433897E1
4.821190833E0,-1.153306686E1,1.558708649E0,6.816674652E0,1.348733692E1
4.831130833E0,-1.155417297E1,1.282383270E0,8.609346771E0,1.446596944E1
4.841070833E0,-1.166239792E1,6.054908752E-1,9.314979401E0,1.493810516E1
4.851009833E0,-1.239242981E1,-9.322613525E-1,8.776399384E0,1.521402688E1
4.860949833E0,-1.357182724E1,-2.338137817E0,6.942413177E0,1.542266137E1
4.870889833E0,-1.443283676E1,-2.887196045E0,4.506229248E0,1.539314068E1
4.880828833E0,-1.521525970E1,-2.886597290E0,2.154320068E0,1.563578162E1
4.890768833E0,-1.539084457E1,-2.658621368E0,3.495231628E-1,1.562269281E1
4.900708833E0,-1.413854874E1,-2.027084656E0,-1.030906219E0,1.432027933E1
4.910647833E0,-1.249975662E1,-9.020242310E-1,-2.110461273E0,1.270872181E1
4.920587833E0,-1.103729782E1,3.730242920E-1,-2.546654205E0,1.133342569E1
4.930527833E0,-9.724378052E0,1.202748871E0,-2.304906921E0,1.006591920E1
4.940466833E0,-8.672216034E0,1.165925446E0,-1.476679230E0,8.873967243E0
4.950406833E0,-8.308921509E0,-2.679428101E-2,-4.861889648E-1,8.323176934E0
4.960346833E0,-8.837173004E0,-2.023043060E0,1.646575928E-3,9.065778105E0
4.970286833E0,-1.010713211E1,-3.707939301E0,7.768844604E-2,1.076610277E1
4.980225833E0,-1.153261780E1,-4.747677155E0,-1.880090332E-1,1.247305332E1
4.990165833E0,-1.222807159E1,-4.787494354E0,-7.509883118E-1,1.315331975E1
5.000105833E0,-1.133428024E1,-3.330873413E0,-1.211131439E0,1.187549854E1
5.010044833E0,-1.041803558E1,-1.566791840E0,-1.159937897E0,1.059885645E1
5.019984833E0,-1.023751099E1,-2.445913696E-1,-7.164102173E-1,1.026546150E1
5.029924833E0,-1.010309052E1,7.894583130E-1,1.197509766E-3,1.013388789E1
5.039863833E0,-9.720635834E0,1.610800323E0,8.683442688E-1,9.891383142E0
5.049803833E0,-9.103169861E0,2.240690460E0,1.673220520E0,9.523027993E0
5.059743833E0,-8.257877655E0,2.675236816E0,2.263892212E0,8.970766040E0
5.069682833E0,-7.375612335E0,2.765050049E0,2.452200623E0,8.249754359E0
5.079622833E0,-6.740333405E0,2.395767975E0,2.434387665E0,7.556324629E0
5.089562833E0,-6.271208954E0,1.732197876E0,2.312541046E0,6.904811172E0
5.099501833E0,-5.811963959E0,9.857002258E-1,2.109712830E0,6.261103594E0
5.109441833E0,-5.635480957E0,1.490899658E-1,1.765428772E0,5.907420095E0
5.119381833E0,-5.721551971E0,-6.099815369E-1,1.359622650E0,5.912428282E0
5.129321833E0,-5.945935364E0,-1.140927429E0,9.668394470E-1,6.131120719E0
5.139260833E0,-6.149512024E0,-1.467847595E0,7.077282715E-1,6.361757147E0
5.149200833E0,-6.195466461E0,-1.643582153E0,7.008425903E-1,6.447972340E0
5.159140833E0,-6.064937897E0,-1.657353516E0,9.434880066E-1,6.357708863E0
5.169079833E0,-6.042185211E0,-1.793420563E0,1.374441833E0,6.450848765E0
5.179019833E0,-6.292015686E0,-1.792223053E0,1.949545898E0,6.826584364E0
5.188959833E0,-6.591991882E0,-1.761536865E0,2.548001404E0,7.283521144E0
5.198898833E0,-6.971303101E0,-1.737137604E0,3.077899475E0,7.816020673E0
5.208838833E0,-7.396119690E0,-1.556762695E0,3.485801239E0,8.323275007E0
5.218778833E0,-7.755073242E0,-1.308728485E0,3.751498718E0,8.713648712E0
5.228717833E0,-7.908354492E0,-1.052162018E0,3.956422577E0,8.905189234E0
5.238657833E0,-8.029452667E0,-8.108638000E-1,4.192032623E0,9.094105110E0
5.248597833E0,-8.318950653E0,-4.317022705E-1,4.530628510E0,9.482505023E0
5.258536833E0,-8.592431946E0,4.475692749E-2,5.017865295E0,9.950420195E0
5.268476833E0,-8.920399933E0,4.649331665E-1,5.434898071E0,1.045599421E1
5.278416833E0,-9.454638977E0,5.349874878E-1,5.598358154E0,1.100081923E1
5.288356833E0,-1.007644592E1,1.339714050E-1,5.366789703E0,1.141731766E1
5.298295833E0,-1.052176987E1,-9.060658264E-1,4.763394470E0,1.158527183E1
5.308235833E0,-1.067699707E1,-2.145787811E0,4.200714569E0,1.167256076E1
5.318175833E0,-1.086320984E1,-3.062930603E0,3.976331177E0,1.196670721E1
5.328114833E0,-1.116408417E1,-3.628604279E0,4.075874176E0,1.242643531E1
5.338054833E0,-1.112351852E1,-3.676055603E0,4.707859955E0,1.262576709E1
5.347994833E0,-1.066801575E1,-2.842888184E0,5.826633453E0,1.248351836E1
5.357933833E0,-1.053464310E1,-1.799557800E0,7.245083771E0,1.291155886E1
5.367873833E0,-1.063074326E1,-9.357041931E-1,8.562344513E0,1.368217775E1
5.377813833E0,-1.066412384E1,-2.136058044E-1,9.077872467E0,1.400631762E1
5.387752833E0,-1.133562744E1,3.576063538E-1,8.537196808E0,1.419535350E1
5.397692833E0,-1.248867966E1,8.879534912E-1,7.638016663E0,1.466611331E1
5.407632833E0,-1.372151596E1,1.113235016E0,6.505471802E0,1.522630802E1
5.417571833E0,-1.488070541E1,6.523434448E-1,4.625680847E0,1.559672622E1
5.427511833E0,-1.551583466E1,-2.047741699E-1,2.604134674E0,1.573418491E1
5.437451583E0,-1.520448212E1,-9.988728333E-1,1.298998718E0,1.529252828E1
5.447391583E0,-1.393766647E1,-1.677711182E0,5.565426636E-1,1.404930608E1
5.457330583E0,-1.253822662E1,-1.982926483E0,-8.577163696E-2,1.269434839E1
5.467270583E0,-1.143816422E1,-1.913470917E0,-6.744973755E-1,1.161670858E1
5.477210583E0,-1.064376617E1,-1.646725616E0,-1.126557312E0,1.082915486E1
5.487149583E0,-1.007749374E1,-1.222956848E0,-1.527872772E0,1.026576343E1
5.497089583E0,-9.687704315E0,-4.397854614E-1,-2.017354889E0,9.905288835E0
5.507029583E0,-9.365574188E0,5.771997070E-1,-2.664459229E0,9.754305837E0
5.516968583E0,-9.158704376E0,1.605561218E0,-3.316054230E0,9.871975908E0
5.526908583E0,-9.177265778E0,2.375559998E0,-3.853436737E0,1.023300870E1
5.536848583E0,-9.458530884E0,2.535128174E0,-3.992347870E0,1.057494789E1
5.546787583E0,-1.047282166E1,2.115101624E0,-3.598516846E0,1.127399538E1
5.556727583E0,-1.102217926E1,1.501677246E0,-2.776426392E0,1.146525245E1
5.566667583E0,-1.061517563E1,7.643106079E-1,-1.838027802E0,1.080020697E1
5.576606583E0,-1.011401779E1,4.490661621E-4,-1.140178986E0,1.017808254E1
5.586546583E0,-9.673184509E0,-7.948471069E-1,-7.032376099E-1,9.731229296E0
5.596486583E0,-9.256900177E0,-1.475781097E0,-4.143383789E-1,9.382953001E0
5.606425583E0,-8.721164246E0,-2.118095398E0,-9.175918579E-2,8.975157584E0
5.616365583E0,-8.165519714E0,-2.582280121E0,2.116598511E-1,8.566719484E0
5.626305583E0,-7.698939972E0,-2.763702850E0,4.171824646E-1,8.190590415E0
5.636244583E0,-7.216942291E0,-2.777324524E0,6.456074524E-1,7.759806475E0
5.646184583E0,-6.858886871E0,-2.501148834E0,9.142987061E-1,7.357718174E0
5.656124583E0,-6.631360016E0,-1.987117767E0,1.235979767E0,7.032156047E0
5.666064583E0,-6.496789856E0,-1.285227356E0,1.868863678E0,6.881332664E0
5.676003583E0,-6.458768921E0,-5.616320801E-1,2.505639496E0,6.950493209E0
5.685943583E0,-6.568041687E0,-7.888595581E-2,3.002306671E0,7.222135414E0
5.695883583E0,-6.758595428E0,3.614982605E-1,3.423381042E0,7.584776260E0
5.705822583E0,-7.039860535E0,9.186396790E-1,3.788322144E0,8.047044170E0
5.715762583E0,-7.236551514E0,1.414259033E0,4.148024139E0,8.460136564E0
5.725702583E0,-7.262597351E0,1.833836517E0,4.579427032E0,8.779489085E0
5.735641583E0,-6.928192749E0,2.186503143E0,4.997058563E0,8.817666644E0
5.745581583E0,-6.980134735E0,2.295925598E0,4.828658752E0,8.792582136E0
5.755521583E0,-7.324867859E0,2.062710571E0,4.173770599E0,8.679217999E0
5.765460583E0,-7.506140900E0,1.601070557E0,3.815565491E0,8.571121172E0
5.775400583E0,-7.557484131E0,1.130748596E0,3.885619812E0,8.572759188E0
5.785340583E0,-7.681426392E0,6.438111877E-1,4.223018188E0,8.789350765E0
5.795279583E0,-7.624544678E0,1.610650635E-1,4.688550110E0,8.952213449E0
5.805219583E0,-7.435188446E0,-2.179467773E-1,5.134772186E0,9.038551512E0
5.815159583E0,-7.251819763E0,-3.574566650E-1,5.529800720E0,9.126629233E0
5.825099583E0,-7.288044434E0,2.484832764E-2,5.711971893E0,9.259742546E0
5.835038583E0,-7.884254608E0,1.044677582E0,5.439089355E0,9.635170730E0
5.844978583E0,-8.903485107E0,2.097288666E0,4.372856598E0,1.013866567E1
5.854918583E0,-9.728269958E0,2.932851105E0,2.860701141E0,1.055577865E1
5.864857583E0,-9.974507904E0,3.361709290E0,1.843416595E0,1.068597595E1
5.874797583E0,-9.760453033E0,3.078348541E0,1.531315613E0,1.034831390E1
5.884737583E0,-1.010159363E1,1.778152313E0,1.933978271E0,1.043763821E1
5.894676583E0,-1.103939346E1,4.159849548E-1,2.875969391E0,1.141544793E1
5.904616583E0,-1.130868347E1,-7.679031372E-2,4.335135040E0,1.211138367E1
5.914556583E0,-1.099733093E1,-1.899549866E-1,6.708000641E0,1.288311465E1
5.924495583E0,-1.024993515E1,-4.168830872E-1,8.684191132E0,1.344061523E1
5.934435583E0,-9.757608948E0,-3.914360046E-1,9.469158783E0,1.360254103E1
5.944375583E0,-1.018541931E1,-3.215313721E-1,9.970915375E0,1.425711410E1
5.954314583E0,-1.125629242E1,-1.120270386E0,1.007689499E1,1.514935436E1
5.964254583E0,-1.272084686E1,-1.611698456E0,8.663085022E0,1.547470707E1
5.974194583E0,-1.394440247E1,-1.364861755E0,6.164780273E0,1.530730948E1
5.984133583E0,-1.465048416E1,-8.809181213E-1,3.580703888E0,1.510742014E1
5.994073583E0,-1.486962845E1,-6.896159363E-1,1.448537750E0,1.495592464E1
6.004013583E0,-1.419947205E1,-6.330335999E-1,-2.492317200E-1,1.421576077E1
6.013953583E0,-1.259301270E1,-3.817062378E-1,-1.682950287E0,1.271070376E1
6.023892583E0,-1.113534393E1,4.153862000E-1,-2.719844055E0,1.147022153E1
6.033832583E0,-1.009845016E1,1.435215454E0,-3.112776947E0,1.066432930E1
6.043772583E0,-9.347910919E0,1.825603638E0,-2.875370636E0,9.949071489E0
6.053711583E0,-9.235494690E0,1.226998444E0,-2.352957001E0,9.609177592E0
6.063651583E0,-1.004456223E1,-8.083190918E-2,-1.975142670E0,1.023723364E1
6.073591583E0,-1.109103607E1,-1.066981201E0,-1.594933319E0,1.125581371E1
6.083530583E0,-1.207793381E1,-1.292113037E0,-1.257385254E0,1.221175904E1
6.093470583E0,-1.239497452E1,-9.618997192E-1,-9.828561401E-1,1.247103246E1
6.103410583E0,-1.182331329E1,-3.586541748E-1,-5.879772949E-1,1.184335625E1
6.113349583E0,-1.127934448E1,2.429447937E-1,-1.204994202E-1,1.128260405E1
6.123289583E0,-1.084913910E1,6.682104492E-1,4.730163574E-1,1.087998478E1
6.133229583E0,-1.029948212E1,1.053509216E0,1.332828369E0,1.043866107E1
6.143168583E0,-9.810898132E0,1.503024445E0,2.258802795E0,1.017914509E1
6.153108583E0,-9.139394531E0,1.907483368E0,3.351081390E0,9.919514690E0
6.163048583E0,-8.410859528E0,2.056573334E0,4.539759521E0,9.776577539E0
6.172987583E0,-7.081324310E0,2.249971161E0,5.902974701E0,9.489606658E0
6.182927583E0,-6.155798950E0,1.675765228E0,4.913232880E0,8.052447277E0
6.192867583E0,-6.126459961E0,8.463400269E-1,3.428021393E0,7.071147981E0
6.202806583E0,-6.353537750E0,2.273771667E-1,2.576891327E0,6.859993530E0
6.212746583E0,-6.500532074E0,-1.246907043E-1,2.100132751E0,6.832497537E0
6.222686583E0,-6.231840820E0,-3.158432007E-1,1.885329437E0,6.518440306E0
6.232626583E0,-5.806575165E0,-4.314028931E-1,1.751058655E0,6.080183386E0
6.242565583E0,-5.485193481E0,-5.632786560E-1,1.619781647E0,5.747027315E0
6.252505583E0,-5.246739349E0,-7.735913086E-1,1.439406738E0,5.495326111E0
6.262445583E0,-5.132826233E0,-1.143322449E0,1.354682922E0,5.430309124E0
6.272384583E0,-5.229674835E0,-1.612895966E0,1.346450043E0,5.635943576E0
6.282324583E0,-5.370531921E0,-2.046244812E0,1.488654327E0,5.936819237E0
6.292264583E0,-5.604345703E0,-2.493814087E0,1.774110718E0,6.385551527E0
6.302203583E0,-5.978866882E0,-2.776875458E0,2.170785828E0,6.940475316E0
6.312143583E0,-6.310128021E0,-2.706372070E0,2.650538177E0,7.359858562E0
6.322083583E0,-6.583160248E0,-2.381248169E0,3.247047729E0,7.716972246E0
6.332022583E0,-6.923702087E0,-2.026635590E0,3.926634521E0,8.213608286E0
6.341962583E0,-7.366032257E0,-1.538800049E0,4.690196686E0,8.867033425E0
6.351902583E0,-7.823780365E0,-7.786807251E-1,5.902825012E0,9.831644115E0
6.361841583E0,-8.057294769E0,3.451821899E-1,7.412735138E0,1.095389392E1
6.371781583E0,-8.367749176E0,1.270108795E0,7.579937439E0,1.136168360E1
6.381721583E0,-9.288933563E0,1.537901917E0,7.112010498E0,1.179958145E1
6.391660583E0,-1.003917343E1,1.192869415E0,6.355633392E0,1.194160862E1
6.401600583E0,-1.048015640E1,2.975811768E-1,5.243446198E0,1.172245541E1
6.411540583E0,-1.085243225E1,-5.812413025E-1,4.318369904E0,1.169450494E1
6.421480583E0,-1.109133545E1,-1.180594940E0,3.724704437E0,1.175946213E1
6.431419583E0,-1.125524460E1,-1.420845337E0,3.463497620E0,1.186149856E1
6.441359708E0,-1.122979752E1,-1.397493896E0,3.720513153E0,1.191232805E1
6.451299708E0,-1.103160965E1,-1.186133423E0,4.638105011E0,1.202561192E1
6.461238708E0,-1.076920532E1,-9.422904968E-1,5.943839722E0,1.233664968E1
6.471178708E0,-1.056577835E1,-8.964857483E-1,7.343129883E0,1.289809735E1
6.481118708E0,-1.084539688E1,-7.509883118E-1,8.337212677E0,1.370020920E1
6.491057708E0,-1.202793777E1,-1.874102783E-1,8.365054779E0,1.465198113E1
6.500997708E0,-1.388497604E1,4.748126221E-1,7.325616302E0,1.570613450E1
6.510937708E0,-1.549457886E1,4.938230896E-1,5.636229401E0,1.649523922E1
6.520876708E0,-1.654883652E1,9.101074219E-2,3.717818756E0,1.696155799E1
6.530816708E0,-1.650392990E1,-3.210823059E-1,2.146685944E0,1.664605228E1
6.540756708E0,-1.505883499E1,-4.707710266E-1,1.103205872E0,1.510652839E1
6.550695708E0,-1.294193710E1,-3.787124634E-1,2.607577515E-1,1.295010246E1
6.560635708E0,-1.131931137E1,-4.790039062E-3,-5.150788879E-1,1.133102551E1
6.570575708E0,-1.009066635E1,5.378315735E-1,-1.082249451E0,1.016277886E1
6.580514708E0,-8.915909271E0,9.743238831E-1,-1.409618683E0,9.079084205E0
6.590454708E0,-8.111931152E0,1.241817627E0,-1.622026978E0,8.365196325E0
6.600394708E0,-8.233029327E0,1.443148956E0,-1.856589203E0,8.562264553E0
6.610333708E0,-9.149872742E0,1.501677246E0,-2.123035126E0,9.512228124E0
6.620273708E0,-1.031879196E1,1.331930237E0,-2.307002563E0,1.065709935E1
6.630213708E0,-1.127305756E1,9.885443115E-1,-2.295476532E0,1.154678566E1
6.640152708E0,-1.182181641E1,6.423143005E-1,-2.047592010E0,1.201501327E1
6.650092708E0,-1.180325500E1,3.727249146E-1,-1.697021027E0,1.193044982E1
6.660032708E0,-1.130359406E1,9.789642334E-2,-1.519340515E0,1.140566604E1
6.669972708E0,-1.066801575E1,-2.649490356E-1,-1.446891174E0,1.076894851E1
6.679911708E0,-1.000893631E1,-7.496411133E-1,-1.387315063E0,1.013239414E1
6.689851708E0,-9.449399872E0,-1.205293579E0,-1.236728210E0,9.605903769E0
6.699791708E0,-8.913963318E0,-1.639540558E0,-9.939331055E-1,9.117825305E0
6.709730708E0,-8.483159180E0,-1.844913483E0,-7.888595581E-1,8.717224032E0
6.719670708E0,-8.056546326E0,-1.800306244E0,-6.376739502E-1,8.279835103E0
6.729610708E0,-7.725285187E0,-1.543889465E0,-3.442840576E-1,7.885566398E0
6.739549708E0,-7.418872375E0,-1.177601166E0,1.224453735E-1,7.512749477E0
6.749489708E0,-7.161707153E0,-8.696914673E-1,7.271878052E-1,7.250876823E0
6.759429708E0,-7.080426178E0,-6.807843018E-1,1.319057007E0,7.234349557E0
6.769368708E0,-6.873107300E0,-5.824388123E-1,1.910327454E0,7.157387086E0
6.779308708E0,-6.672075348E0,-5.679190063E-1,2.506238251E0,7.149849762E0
6.789248708E0,-6.759493561E0,-3.793112183E-1,3.005150757E0,7.407129084E0
6.799187708E0,-6.979535980E0,-2.005828857E-2,3.340453491E0,7.737761586E0
6.809127708E0,-6.924151154E0,3.604504395E-1,3.539689178E0,7.784805277E0
6.819067708E0,-6.723418579E0,6.334826660E-1,3.684138794E0,7.692758694E0
6.829006708E0,-6.672823792E0,8.967851257E-1,3.940106506E0,7.800976874E0
6.838946708E0,-6.598727875E0,1.060095520E0,4.537963257E0,8.078373759E0
6.848886708E0,-6.326743469E0,1.020128632E0,5.285359039E0,8.306826441E0
6.858825708E0,-6.463109894E0,8.246351624E-1,5.091512146E0,8.268936363E0
6.868765708E0,-7.008575592E0,5.751040649E-1,4.521048431E0,8.360069105E0
6.878705708E0,-7.631879425E0,1.939965820E-1,4.396058350E0,8.809571343E0
6.888645708E0,-8.039182434E0,-2.990780640E-1,4.648732910E0,9.291319582E0
6.898584708E0,-7.792794800E0,-7.168592834E-1,5.139562225E0,9.362512371E0
6.908524708E0,-7.097640381E0,-5.769003296E-1,5.295388184E0,8.874144972E0
6.918464708E0,-6.774462433E0,-2.860551453E-1,5.200784912E0,8.545369068E0
6.928403708E0,-6.826254730E0,2.177970886E-1,4.993915100E0,8.460755122E0
6.938343708E0,-7.677684174E0,1.065035248E0,4.481829987E0,8.953654806E0
6.948283708E0,-8.929381256E0,1.936373291E0,3.319197693E0,9.721134937E0
6.958222708E0,-9.555529175E0,2.526895294E0,2.179617462E0,1.012146580E1
6.968162708E0,-9.434431000E0,2.445165253E0,1.577719116E0,9.873019751E0
6.978102708E0,-9.662257233E0,1.646725616E0,1.697470093E0,9.947478314E0
6.988041708E0,-1.068672684E1,6.439608765E-1,2.531685333E0,1.100137477E1
6.997981708E0,-1.157348282E1,4.116439819E-1,4.109554138E0,1.228834369E1
7.007921708E0,-1.208377167E1,5.388793945E-1,6.808142395E0,1.388015604E1
7.017860708E0,-1.208062820E1,3.625460815E-1,9.348359985E0,1.527955667E1
7.027800708E0,-1.153321655E1,7.664062500E-2,1.049332901E1,1.559265569E1
7.037740708E0,-1.128772705E1,-2.826123047E-1,1.099807938E1,1.576230953E1
7.047679708E0,-1.184037781E1,-1.514251099E0,1.029738647E1,1.576463356E1
7.057619708E0,-1.279808624E1,-2.520009613E0,8.538993073E0,1.559024896E1
7.067559708E0,-1.350611389E1,-2.994073792E0,6.107299805E0,1.512212621E1
7.077498708E0,-1.409274399E1,-2.994073792E0,3.434607697E0,1.481102431E1
7.087438708E0,-1.448507813E1,-2.553390198E0,1.115031281E0,1.475061302E1
7.097378708E0,-1.414034500E1,-1.909129944E0,-5.984555054E-1,1.428118633E1
7.107317708E0,-1.291125092E1,-7.776329041E-1,-1.978884888E0,1.308514801E1
7.117257708E0,-1.129221771E1,2.695893860E-1,-2.956202545E0,1.167587225E1
7.127197708E0,-9.688452759E0,1.200653229E0,-3.329675903E0,1.031476741E1
7.137137708E0,-8.545878754E0,1.809736633E0,-3.175047455E0,9.294520789E0
7.147076708E0,-8.048313446E0,1.731898499E0,-2.679577789E0,8.657653196E0
7.157016708E0,-8.309969330E0,6.230044556E-1,-2.084415436E0,8.590024012E0
7.166956708E0,-9.508526917E0,-8.791218567E-1,-1.807940369E0,9.718723565E0
7.176895708E0,-1.113908615E1,-1.926793213E0,-1.802102509E0,1.144724184E1
7.186835708E0,-1.266965332E1,-2.337838440E0,-1.846859436E0,1.301524082E1
7.196775708E0,-1.354518265E1,-2.175575867E0,-1.798360291E0,1.383615565E1
7.206714708E0,-1.325478653E1,-1.618284760E0,-1.425186310E0,1.342904939E1
7.216654708E0,-1.230755630E1,-9.345066833E-1,-6.721023560E-1,1.236126881E1
7.226594708E0,-1.142648849E1,-2.902464294E-1,1.799258423E-1,1.143159025E1
7.236533708E0,-1.054182816E1,3.820056152E-1,7.590715027E-1,1.057602282E1
7.246473708E0,-9.411229248E0,9.415420532E-1,8.322692871E-1,9.494756951E0
7.256413708E0,-8.442892914E0,1.456620941E0,7.478448486E-1,8.600201000E0
7.266352708E0,-7.534881134E0,1.766775970E0,7.867639160E-1,7.779134174E0
7.276292708E0,-6.838678894E0,1.789528656E0,8.433462524E-1,7.119071198E0
7.286232708E0,-6.551426239E0,1.642085266E0,1.173110504E0,6.855203720E0
7.296171708E0,-6.332132263E0,1.373394012E0,1.356329498E0,6.619799077E0
7.306111708E0,-6.018534393E0,8.737330627E-1,1.401984558E0,6.241131821E0
7.316051708E0,-5.944139099E0,2.909948730E-1,1.250649261E0,6.081249150E0
7.325990708E0,-5.903423767E0,-1.481918335E-1,8.909472656E-1,5.972115205E0
7.335930708E0,-5.754782867E0,-5.219645691E-1,6.233038330E-1,5.811925716E0
7.345870708E0,-5.790109406E0,-8.307723999E-1,6.857240295E-1,5.889462382E0
7.355810708E0,-5.977819061E0,-1.057999878E0,9.184899902E-1,6.139813379E0
7.365749708E0,-6.174809418E0,-1.516945496E0,1.408570862E0,6.512562234E0
7.375689708E0,-6.597680054E0,-2.039359131E0,2.001188507E0,7.189792987E0
7.385629708E0,-6.971153412E0,-2.475402374E0,2.590962067E0,7.838219264E0
7.395568708E0,-7.217541046E0,-2.792293396E0,3.178639984E0,8.366214993E0
7.405508708E0,-7.284302216E0,-2.996019745E0,3.696712646E0,8.700740053E0
7.415448708E0,-7.126230927E0,-3.134781189E0,4.239783325E0,8.864862264E0
7.425387708E0,-7.212002563E0,-3.080144806E0,4.774770813E0,9.181432858E0
7.435328208E0,-7.482789459E0,-2.898273010E0,5.240302734E0,9.583991720E0
7.445268208E0,-7.700736237E0,-2.439926147E0,5.576204224E0,9.815733887E0
7.455207208E0,-7.644303589E0,-1.703906708E0,5.891598358E0,9.800490123E0
7.465147208E0,-7.601193237E0,-9.409432983E-1,6.263724518E0,9.894329576E0
7.475087208E0,-8.073161774E0,-2.700384521E-1,6.178701324E0,1.016981867E1
7.485026208E0,-8.882828064E0,-9.924362183E-2,5.464835815E0,1.042971304E1
7.494966208E0,-9.620943146E0,-3.719764709E-1,4.588108978E0,1.066544221E1
7.504906208E0,-1.027882507E1,-6.625222778E-1,3.910917206E0,1.101764285E1
7.514845208E0,-1.089135132E1,-8.077203369E-1,3.344195709E0,1.142180330E1
7.524785208E0,-1.150043472E1,-6.972500610E-1,2.940934296E0,1.189097351E1
7.534725208E0,-1.185145477E1,-4.924758911E-1,2.911595306E0,1.221379957E1
7.544664208E0,-1.176613220E1,-2.885998535E-1,3.467090149E0,1.226971357E1
7.554604208E0,-1.120764359E1,-3.421884155E-1,4.808301086E0,1.220033307E1
7.564544208E0,-1.054811508E1,-7.110214233E-1,6.951244812E0,1.265259213E1
7.574483208E0,-1.015398468E1,-1.089284821E0,9.450447693E0,1.391405433E1
7.584423208E0,-1.050799850E1,-1.148711243E0,1.063732956E1,1.499634456E1
7.594363208E0,-1.251592300E1,-1.276246033E0,9.196725311E0,1.558386631E1
7.604302208E0,-1.503263947E1,-1.802401886E0,6.387068024E0,1.643239300E1
7.614242208E0,-1.623703491E1,-2.240241394E0,4.068539429E0,1.688825027E1
7.624182208E0,-1.610051880E1,-2.429597626E0,2.648292847E0,1.649676045E1
7.634122208E0,-1.533560944E1,-2.296823730E0,1.654659119E0,1.559468540E1
7.644061208E0,-1.449899918E1,-1.917362823E0,7.265890503E-1,1.464326429E1
7.654001208E0,-1.362885864E1,-1.333277435E0,-1.110690308E-1,1.369436939E1
7.663941208E0,-1.247700394E1,-4.165837097E-1,-7.637118530E-1,1.250729487E1
7.673880208E0,-1.104268661E1,5.703140259E-1,-1.262474670E0,1.112924203E1
7.683820208E0,-9.670939178E0,1.215921478E0,-1.734892273E0,9.900271756E0
7.693760208E0,-8.713829498E0,1.566342773E0,-2.179767151E0,9.117874700E0
7.703699208E0,-8.413254547E0,1.741478577E0,-2.547252960E0,8.961255345E0
7.713639208E0,-8.843759308E0,1.672023010E0,-2.723137207E0,9.403361946E0
7.723579208E0,-1.000085312E1,1.325643311E0,-2.673290863E0,1.043651653E1
7.733518208E0,-1.059811111E1,6.869215393E-1,-2.248923340E0,1.085584988E1
7.743458208E0,-1.079734680E1,1.465452576E-1,-1.710642700E0,1.093299922E1
7.753398208E0,-1.072878937E1,-9.759704590E-2,-1.365909576E0,1.081582893E1
7.763337208E0,-1.003752686E1,-2.778222656E-1,-1.093625793E0,1.010074987E1
7.773277208E0,-9.400451660E0,-4.397854614E-1,-9.590556335E-1,9.459476221E0
7.783217208E0,-9.292675781E0,-6.544390869E-1,-9.229806519E-1,9.361303701E0
7.793156208E0,-9.157506866E0,-9.313632202E-1,-8.403524780E-1,9.243027737E0
7.803096208E0,-8.929081879E0,-1.183588715E0,-6.719526672E-1,9.032214891E0
7.813036208E0,-8.584797821E0,-1.359622650E0,-4.447251892E-1,8.703166543E0
7.822975208E0,-8.067323914E0,-1.480122070E0,-2.207908630E-1,8.204951254E0
7.832915208E0,-7.621101837E0,-1.596729584E0,3.847000122E-2,7.786669283E0
7.842855208E0,-7.259603577E0,-1.612446899E0,3.556604004E-1,7.445020041E0
7.852794208E0,-6.915169830E0,-1.497635651E0,5.999523926E-1,7.100875242E0
7.862734208E0,-6.700067139E0,-1.173409882E0,9.416917419E-1,6.866918796E0
7.872674208E0,-6.486311646E0,-6.884184265E-1,1.541344757E0,6.702380350E0
7.882613208E0,-6.212381287E0,-1.535806274E-1,2.120939484E0,6.566251027E0
7.892553208E0,-6.098468170E0,2.664459229E-1,2.878514099E0,6.748937018E0
7.902493208E0,-6.072122955E0,5.131329346E-1,3.822301483E0,7.193328244E0
7.912432208E0,-6.091432800E0,6.258485413E-1,4.572541351E0,7.642340896E0
7.922372208E0,-6.504274292E0,8.023315430E-1,5.111869812E0,8.311469963E0
7.932312208E0,-6.508465576E0,8.385562134E-1,5.644761658E0,8.656017263E0
7.942251208E0,-6.392756195E0,5.840853882E-1,5.444777527E0,8.417487144E0
7.952191208E0,-6.559808807E0,4.210743713E-1,4.431833954E0,7.927770646E0
7.962131208E0,-6.892866211E0,2.986289978E-1,3.664529572E0,7.812141887E0
7.972071208E0,-7.167245636E0,5.942642212E-2,3.497926025E0,7.975489200E0
7.982010208E0,-7.412435760E0,-2.466870117E-1,3.832031250E0,8.348025029E0
7.991950208E0,-7.575596466E0,-4.984634399E-1,4.503085785E0,8.826998879E0
8.001890208E0,-7.588320007E0,-4.837939453E-1,5.288352814E0,9.261929205E0
8.011829208E0,-7.773035889E0,3.138972473E-1,5.637875977E0,9.607510809E0
8.021769208E0,-8.312813416E0,1.479223938E0,5.704038391E0,1.018955467E1
8.031709208E0,-8.886420593E0,1.984573059E0,5.356311493E0,1.056395163E1
8.041648208E0,-9.539362793E0,2.273921356E0,4.308041382E0,1.071118020E1
8.051588208E0,-9.851763153E0,2.415975952E0,3.203338623E0,1.063746001E1
8.061528208E0,-9.818382568E0,2.172432404E0,2.414778442E0,1.034172392E1
8.071467208E0,-9.986333313E0,1.359922028E0,2.088756409E0,1.029267430E1
8.081407208E0,-1.059272232E1,6.489006042E-1,2.548001404E0,1.091417195E1
8.091347208E0,-1.125853775E1,5.568420410E-1,3.701652374E0,1.186452593E1
8.101286208E0,-1.162602356E1,6.861730957E-1,5.433850250E0,1.285153632E1
8.111226208E0,-1.165715881E1,6.604266357E-1,7.392676849E0,1.381944955E1
8.121166208E0,-1.148726212E1,4.905299377E-1,8.855884094E0,1.451290783E1
8.131105208E0,-1.130718658E1,9.295669556E-2,9.213340759E0,1.458584099E1
8.141045208E0,-1.169233566E1,-6.734495544E-1,8.416098633E0,1.442203050E1
8.150985208E0,-1.253598129E1,-1.525028687E0,6.881489868E0,1.438163559E1
8.160924208E0,-1.319655762E1,-2.129920807E0,4.840783539E0,1.421685200E1
8.170864208E0,-1.383902161E1,-2.657124481E0,2.793490906E0,1.436601618E1
8.180804208E0,-1.435918991E1,-3.175945587E0,1.201251984E0,1.475520151E1
8.190743208E0,-1.459539871E1,-3.310216370E0,-1.303788757E-1,1.496663605E1
8.200683208E0,-1.395712601E1,-2.745740204E0,-1.433568878E0,1.429669806E1
8.210623208E0,-1.284613632E1,-1.429976349E0,-2.478545837E0,1.316097414E1
8.220562208E0,-1.139445511E1,-3.088078308E-1,-2.800526276E0,1.173762825E1
8.230502208E0,-9.797875214E0,-2.472857666E-1,-2.236948242E0,1.005303170E1
8.240442208E0,-8.939111023E0,-1.244062958E0,-1.305285645E0,9.119164936E0
8.250382208E0,-9.398356018E0,-2.556683350E0,-9.039701843E-1,9.781763015E0
8.260321208E0,-1.049961594E1,-3.534450073E0,-9.728269958E-1,1.112118089E1
8.270261208E0,-1.172197403E1,-3.846700745E0,-1.244811401E0,1.239965069E1
8.280201208E0,-1.230067062E1,-3.236569519E0,-1.603465576E0,1.282002269E1
8.290140208E0,-1.159982803E1,-1.945653992E0,-1.656904449E0,1.187800119E1
8.300080208E0,-1.103190903E1,-6.566844177E-1,-1.334474945E0,1.113171481E1
8.310020208E0,-1.083417023E1,4.146377563E-1,-7.640112305E-1,1.086898717E1
8.319959208E0,-1.043974045E1,1.248703308E0,-7.768844604E-2,1.051444131E1
8.329899208E0,-9.874964905E0,1.878892822E0,5.507048035E-1,1.006719653E1
8.339839208E0,-9.356443176E0,2.387984161E0,1.075064392E0,9.716031119E0
8.349778208E0,-8.752299500E0,2.718047791E0,1.419049072E0,9.273846591E0
8.359718208E0,-7.905959473E0,2.834804993E0,1.678160248E0,8.564843043E0
8.369658208E0,-6.995103607E0,2.603835297E0,1.841320953E0,7.687775724E0
8.379597208E0,-6.274352417E0,1.876198425E0,2.073338470E0,6.869232213E0
8.389537208E0,-5.908662872E0,1.103954315E0,2.303859100E0,6.437295925E0
8.399477208E0,-5.706134033E0,5.322930908E-1,2.277663574E0,6.166932211E0
8.409416208E0,-5.486840057E0,6.750961304E-2,1.818568268E0,5.780757901E0
8.419356208E0,-5.406756592E0,-4.457730103E-1,1.178050232E0,5.551534272E0
8.429296208E0,-5.561834106E0,-7.665559387E-1,6.310876465E-1,5.649767982E0
8.439234667E0,-5.731431427E0,-9.711804199E-1,3.968247986E-1,5.826660067E0
8.449174667E0,-5.880222015E0,-1.116228790E0,3.183879089E-1,5.993692395E0
8.459114667E0,-6.237379303E0,-1.112785950E0,3.604504395E-1,6.346110435E0
8.469053667E0,-6.533762970E0,-9.301657104E-1,8.220904541E-1,6.650646548E0
8.478993667E0,-6.841972046E0,-7.911048889E-1,1.443897400E0,7.037277039E0
8.488933667E0,-7.256460114E0,-7.547305298E-1,1.997595978E0,7.564140483E0
8.498872667E0,-7.718399506E0,-8.367599487E-1,2.627486115E0,8.196190665E0
8.508812667E0,-8.109835510E0,-1.001118164E0,3.345842285E0,8.829854482E0
8.518752667E0,-8.297545166E0,-1.262175293E0,3.968697052E0,9.284013062E0
8.528691667E0,-8.449329529E0,-1.437460785E0,4.540657654E0,9.699228574E0
8.538631667E0,-8.591234436E0,-1.160087585E0,5.131928101E0,1.007431379E1
8.548571667E0,-8.524622955E0,-4.978646851E-1,5.703888702E0,1.026895380E1
8.558510667E0,-8.508306885E0,2.851570129E-1,6.044580231E0,1.044076390E1
8.568450667E0,-8.856482849E0,7.881111145E-1,5.944588165E0,1.069563163E1
8.578390667E0,-9.450298004E0,6.538403320E-1,5.457650757E0,1.093259307E1
8.588329667E0,-9.869276733E0,-2.871029663E-1,4.737648010E0,1.095127207E1
8.598269667E0,-1.007270370E1,-1.776505737E0,4.185596008E0,1.105144997E1
8.608209667E0,-1.028256729E1,-3.183280334E0,4.118984528E0,1.152521138E1
8.618149667E0,-1.088117249E1,-4.201163635E0,4.253105621E0,1.241525666E1
8.628088667E0,-1.155102951E1,-4.655618591E0,4.924459534E0,1.339221300E1
8.638028667E0,-1.122231308E1,-4.023333435E0,6.185437317E0,1.343082863E1
8.647968667E0,-1.055889267E1,-2.651436310E0,7.671097870E0,1.331788540E1
8.657907667E0,-1.041728714E1,-1.531465302E0,8.812324677E0,1.373034317E1
8.667847667E0,-1.040860519E1,-5.791456604E-1,9.042845306E0,1.380027257E1
8.677787667E0,-1.115016312E1,2.306703186E-1,8.476273499E0,1.400808905E1
8.687726667E0,-1.237671249E1,1.014440460E0,7.715555420E0,1.461991440E1
8.697666667E0,-1.360086685E1,1.394649811E0,6.594237213E0,1.517934754E1
8.707606667E0,-1.459420120E1,1.140029297E0,4.833598480E0,1.541603223E1
8.717545667E0,-1.504611145E1,5.057981873E-1,2.991379395E0,1.534893000E1
8.727485667E0,-1.472173599E1,-1.604663086E-1,1.579066315E0,1.480704935E1
8.737425667E0,-1.360490845E1,-7.026388550E-1,6.387217712E-1,1.363800575E1
8.747364667E0,-1.200249069E1,-1.105900269E0,-9.280700684E-2,1.205368870E1
8.757304667E0,-1.074001602E1,-1.359622650E0,-7.385641479E-1,1.085089835E1
8.767244667E0,-1.000489471E1,-1.518741760E0,-1.229393463E0,1.019391500E1
8.777183667E0,-9.562714233E0,-1.564696198E0,-1.583107910E0,9.818350592E0
8.787123667E0,-9.390272827E0,-1.195414124E0,-1.953886871E0,9.665604616E0
8.797063667E0,-9.225615234E0,-2.532733154E-1,-2.539469147E0,9.572096289E0
8.807002667E0,-9.011260986E0,9.455836487E-1,-3.130589905E0,9.586320783E0
8.816942667E0,-8.936416626E0,1.907183990E0,-3.632196808E0,9.833094454E0
8.826882667E0,-9.340875549E0,2.558778992E0,-4.070934448E0,1.050579903E1
8.836821667E0,-1.012404694E1,2.787353668E0,-4.253554688E0,1.132953637E1
8.846761667E0,-1.106753494E1,2.526745605E0,-3.981570282E0,1.203028158E1
8.856701667E0,-1.162572418E1,1.797611847E0,-3.152893524E0,1.217906436E1
8.866640667E0,-1.130449219E1,1.157243500E0,-2.339485016E0,1.160189408E1
8.876580667E0,-1.011940659E1,3.436853027E-1,-1.754351807E0,1.027610138E1
8.886520667E0,-9.217082977E0,-4.727169800E-1,-1.282982025E0,9.317946277E0
8.896459667E0,-8.678203583E0,-1.230291595E0,-9.379495239E-1,8.815020371E0
8.906399667E0,-8.326135712E0,-1.938019867E0,-6.282435608E-1,8.571764513E0
8.916339667E0,-8.058043213E0,-2.470762024E0,-3.188369751E-1,8.434357262E0
8.926278667E0,-7.746840363E0,-2.819836121E0,-2.095642090E-3,8.244089746E0
8.936218667E0,-7.309749298E0,-2.988086243E0,3.920347595E-1,7.906629209E0
8.946158667E0,-7.098987579E0,-2.852318573E0,7.990383911E-1,7.692191381E0
8.956097667E0,-6.969057770E0,-2.368973694E0,1.216071167E0,7.460471275E0
8.966037667E0,-6.655459900E0,-1.650467834E0,1.658251648E0,7.054713962E0
8.975977667E0,-6.347250824E0,-9.235794067E-1,2.387535095E0,6.844042356E0
8.985916667E0,-6.349645844E0,-2.698887634E-1,3.300636292E0,7.161357568E0
8.995856667E0,-6.574328613E0,3.203338623E-1,3.925137634E0,7.663622900E0
9.005796667E0,-6.704408112E0,8.907975769E-1,4.403243408E0,8.070387907E0
9.015735667E0,-6.506968689E0,1.509311371E0,4.727020111E0,8.183115633E0
9.025675667E0,-6.115981750E0,2.015558624E0,4.946164398E0,8.119867708E0
9.035615667E0,-5.886508942E0,2.081721039E0,5.135221252E0,8.084246861E0
9.045555667E0,-6.186036072E0,1.664837952E0,4.639003143E0,7.909429679E0
9.055494667E0,-6.775210876E0,1.052162018E0,3.930077362E0,7.902913096E0
9.065434667E0,-7.313940582E0,1.857637024E-1,3.653751984E0,8.177905511E0
9.075374667E0,-7.733967133E0,-7.113208008E-1,3.775748291E0,8.635768642E0
9.085313667E0,-7.849377136E0,-1.388063507E0,4.181255035E0,9.001240770E0
9.095253667E0,-7.571255493E0,-1.731299744E0,4.770130463E0,9.114573669E0
9.105193667E0,-7.192393341E0,-1.689386902E0,5.243296509E0,9.059619658E0
9.115132667E0,-7.347770233E0,-1.047671356E0,5.434748383E0,9.199121298E0
9.125072667E0,-8.351283417E0,3.390449524E-1,5.105732574E0,9.794252973E0
9.135012667E0,-9.779313812E0,1.716031494E0,4.027075653E0,1.071433997E1
9.144951667E0,-1.067969147E1,2.560275879E0,2.849324799E0,1.134590121E1
9.154891667E0,-1.096889008E1,3.032693481E0,2.032772827E0,1.156053392E1
9.164831667E0,-1.069885162E1,3.007396088E0,1.831591187E0,1.126341793E1
9.174770667E0,-1.061966629E1,2.148332520E0,2.348616028E0,1.108641700E1
9.184710667E0,-1.134041748E1,1.116079102E0,3.482807465E0,1.191556331E1
9.194650667E0,-1.183004929E1,7.955955505E-1,5.274431763E0,1.297700539E1
9.204589667E0,-1.219573883E1,7.878117371E-1,7.336094513E0,1.425394597E1
9.214529667E0,-1.236877899E1,7.479945374E-1,8.833580475E0,1.521769804E1
9.224469667E0,-1.233899094E1,4.535568237E-1,9.165889435E0,1.537757914E1
9.234408667E0,-1.257879227E1,-2.995271301E-1,8.457263031E0,1.516050888E1
9.244348667E0,-1.332304459E1,-1.373244324E0,7.098388824E0,1.515837857E1
9.254288667E0,-1.432086960E1,-2.208806763E0,4.843477936E0,1.527826600E1
9.264227667E0,-1.534384232E1,-2.687511292E0,2.317031708E0,1.574880471E1
9.274167667E0,-1.595427292E1,-2.784958649E0,3.314108276E-1,1.619890898E1
9.284107667E0,-1.534968018E1,-2.146386566E0,-1.084943848E0,1.553694822E1
9.294046667E0,-1.344923218E1,-6.960525513E-1,-1.945354614E0,1.360701069E1
9.303986667E0,-1.164114212E1,6.571334839E-1,-2.137854309E0,1.185404721E1
9.313926667E0,-9.851164398E0,1.440005493E0,-1.705403595E0,1.010086418E1
9.323865667E0,-8.422834625E0,1.448837128E0,-9.806108093E-1,8.602608308E0
9.333805667E0,-7.775131531E0,3.415896606E-1,-2.580633545E-1,7.786908919E0
9.343745667E0,-8.103398895E0,-1.503922577E0,2.185455322E-2,8.241804074E0
9.353684667E0,-9.332492981E0,-3.052153015E0,-2.221380615E-1,9.821425996E0
9.363624667E0,-1.075303894E1,-4.032614136E0,-7.200027466E-1,1.150687739E1
9.373564667E0,-1.152752838E1,-4.415667572E0,-1.228046265E0,1.240524600E1
9.383503667E0,-1.117635864E1,-3.965254211E0,-1.564995575E0,1.196174923E1
9.393443667E0,-1.042447220E1,-2.801574097E0,-1.539398804E0,1.090358596E1
9.403383667E0,-1.018661682E1,-1.559606781E0,-1.136436768E0,1.036778781E1
9.413322667E0,-1.006417145E1,-6.255491638E-1,-3.875440979E-1,1.009103806E1
9.423262667E0,-9.833201752E0,2.547702026E-1,4.236190796E-1,9.845619212E0
9.433202667E0,-9.479038239E0,1.089284821E0,1.087189178E0,9.603160295E0
9.443141917E0,-8.953481140E0,1.760339355E0,1.534010010E0,9.252934988E0
9.453081917E0,-8.155490570E0,2.229763184E0,1.799258423E0,8.644142593E0
9.463021917E0,-7.398664398E0,2.352208557E0,1.899998932E0,7.992691406E0
9.472960917E0,-6.814279633E0,2.168091431E0,2.008822632E0,7.427677681E0
9.482900917E0,-6.298003235E0,1.591041412E0,2.108964386E0,6.829640423E0
9.492840917E0,-6.031108246E0,7.132667542E-1,2.121987305E0,6.433183213E0
9.502779917E0,-5.992937622E0,-1.468446350E-1,1.942959595E0,6.301742352E0
9.512719917E0,-5.987997894E0,-8.610095215E-1,1.605112152E0,6.258900958E0
9.522659917E0,-5.966742096E0,-1.451531525E0,1.295106812E0,6.275847087E0
9.532598917E0,-6.072122955E0,-1.869761810E0,1.111738129E0,6.450011479E0
9.542538917E0,-6.389313354E0,-1.989063721E0,1.100661163E0,6.781677862E0
9.552478917E0,-6.656058655E0,-1.838925934E0,1.218017120E0,7.012013342E0
9.562417917E0,-6.647825775E0,-1.682501221E0,1.435664520E0,7.006106658E0
9.572357917E0,-6.688840485E0,-1.527723083E0,1.668580170E0,7.061068236E0
9.582297917E0,-6.743776245E0,-1.340312805E0,1.924098816E0,7.139825818E0
9.592236917E0,-6.885830841E0,-1.217717743E0,2.162403259E0,7.319391418E0
9.602176917E0,-7.098688202E0,-1.182091827E0,2.428549805E0,7.595167505E0
9.612116917E0,-7.513176270E0,-1.175954590E0,2.750829620E0,8.086887563E0
9.622055917E0,-7.922874298E0,-1.159189453E0,3.133134613E0,8.598382978E0
9.631995917E0,-8.151598663E0,-1.073417816E0,3.607797546E0,8.978696437E0
9.641935917E0,-8.276289368E0,-6.324348450E-1,4.158502350E0,9.283861337E0
9.651875917E0,-8.192313995E0,1.416055298E-1,5.073549500E0,9.637165831E0
9.661814917E0,-8.179889832E0,1.062041473E0,6.322851562E0,1.039312184E1
9.671754917E0,-8.680149536E0,1.653611298E0,6.822512512E0,1.116360619E1
9.681694917E0,-9.696835327E0,1.249900818E0,5.954916687E0,1.144779019E1
9.691633917E0,-1.047806076E1,-2.450404358E-1,4.557871857E0,1.142908561E1
9.701573917E0,-1.089165070E1,-1.726060638E0,3.469335480E0,1.156043377E1
9.711513917E0,-1.101319794E1,-2.483186188E0,2.829266510E0,1.163879252E1
9.721452917E0,-1.095167587E1,-2.811004486E0,2.646945648E0,1.161237581E1
9.731392917E0,-1.078731766E1,-2.779270477E0,3.212918701E0,1.159367988E1
9.741332917E0,-1.057535843E1,-2.313738556E0,4.690046997E0,1.179780203E1
9.751271917E0,-1.062999481E1,-1.795815582E0,7.095993805E0,1.290638878E1
9.761211917E0,-1.071531738E1,-1.321002960E0,1.010039612E1,1.478448772E1
9.771151917E0,-1.125030487E1,-8.657995605E-1,1.157602753E1,1.616549974E1
9.781090917E0,-1.301767960E1,-5.062472534E-1,9.994266815E0,1.641955047E1
9.791030917E0,-1.467488342E1,-3.162922668E-1,7.193441162E0,1.634618732E1
9.800970917E0,-1.559472061E1,-3.592529297E-1,4.974156189E0,1.637273964E1
9.810909917E0,-1.592747864E1,-6.497987366E-1,3.419489136E0,1.630336530E1
9.820849917E0,-1.550670364E1,-1.202449493E0,2.255210266E0,1.571590647E1
9.830789917E0,-1.455363556E1,-1.839973755E0,1.226848755E0,1.472069867E1
9.840728917E0,-1.348635498E1,-2.236050110E0,3.074606323E-1,1.367392492E1
9.850668917E0,-1.246233444E1,-2.126028900E0,-4.799020386E-1,1.265148547E1
9.860608917E0,-1.145807281E1,-1.325044556E0,-1.105750580E0,1.158731462E1
9.870547917E0,-1.035995636E1,-2.656974792E-1,-1.661395111E0,1.049569077E1
9.880487917E0,-9.457782440E0,6.881190491E-1,-2.245929565E0,9.745119605E0
9.890427917E0,-9.001082153E0,1.570384369E0,-2.832409973E0,9.565988357E0
9.900366917E0,-8.892108765E0,2.343975677E0,-3.364852753E0,9.792142478E0
9.910306917E0,-9.204060059E0,2.811902618E0,-3.743415527E0,1.032640681E1
9.920246917E0,-9.971963196E0,2.665507050E0,-3.943848724E0,1.104983803E1
9.930185917E0,-1.092682755E1,1.804347839E0,-3.717220001E0,1.168199280E1
9.940125917E0,-1.124940674E1,8.075706482E-1,-3.020718384E0,1.167587521E1
9.950065917E0,-1.071037766E1,3.353027344E-2,-2.115101624E0,1.091727845E1
9.960004917E0,-9.839788055E0,-5.674699402E-1,-1.355880432E0,9.948962903E0
9.969944917E0,-9.001531219E0,-1.056502991E0,-9.261241150E-1,9.110514186E0
9.979884917E0,-8.340206451E0,-1.346899109E0,-7.515870667E-1,8.481630974E0
9.989823917E0,-7.860154724E0,-1.499132538E0,-7.241940308E-1,8.034543400E0
9.999763917E0,-7.472760315E0,-1.601968689E0,-6.753955078E-1,7.672327515E0
1.000970392E1,-7.028633881E0,-1.740730133E0,-5.857319641E-1,7.264634716E0
1.001964292E1,-6.707701263E0,-1.772763519E0,-4.728666687E-1,6.954103078E0
1.002958292E1,-6.435417480E0,-1.575174408E0,-2.062710571E-1,6.628598669E0
1.003952292E1,-6.058800659E0,-1.345402222E0,2.176473999E-1,6.210196692E0
1.004946192E1,-5.838758240E0,-1.135987701E0,5.884263611E-1,5.977274581E0
1.005940192E1,-5.866600342E0,-6.020480347E-1,9.440867615E-1,5.972500416E0
1.006934192E1,-5.785618744E0,-2.127076721E-1,1.453477478E0,5.969189692E0
1.007928092E1,-5.882916412E0,7.948471069E-2,2.145189056E0,6.262336578E0
1.008922092E1,-6.223607941E0,3.604504395E-1,2.790946198E0,6.830270931E0
1.009916092E1,-6.649472351E0,5.680686951E-1,3.409759369E0,7.494307409E0
1.010909992E1,-6.875053253E0,7.869136047E-1,4.095633087E0,8.041131801E0
1.011903992E1,-6.973249054E0,9.163943481E-1,4.889432373E0,8.565776667E0
1.012897992E1,-6.948999481E0,8.759783936E-1,6.027665405E0,9.240599665E0
1.013891892E1,-7.007976837E0,4.716691589E-1,6.711293793E0,9.714714382E0
1.014885892E1,-7.340136108E0,9.879455566E-3,5.936205597E0,9.440139437E0
1.015879892E1,-7.865992584E0,-3.466790771E-1,5.000351715E0,9.327247343E0
1.016873792E1,-8.209677887E0,-7.899073792E-1,4.762795715E0,9.524021614E0
1.017867792E1,-8.222850494E0,-1.175206146E0,5.063670044E0,9.728161905E0
1.018861792E1,-8.104446716E0,-1.220861206E0,5.483247528E0,9.860961521E0
1.019855692E1,-8.230334930E0,-4.569996643E-1,5.599555664E0,9.965053206E0
1.020849692E1,-8.777746582E0,9.515711975E-1,5.230273590E0,1.026207019E1
1.021843692E1,-9.168733521E0,2.056723022E0,4.402045898E0,1.037659829E1
1.022837592E1,-9.685009918E0,2.724933472E0,3.407064972E0,1.062227712E1
1.023831592E1,-1.021625519E1,3.102598114E0,2.488574982E0,1.096316517E1
1.024825592E1,-1.024095383E1,2.989882507E0,1.961970062E0,1.084738951E1
1.025819492E1,-1.019410126E1,1.958227844E0,2.074236603E0,1.058568912E1
1.026813492E1,-1.076681030E1,6.577322388E-1,2.876867523E0,1.116392326E1
1.027807492E1,-1.119147720E1,1.740879822E-1,4.259392548E0,1.197588800E1
1.028801392E1,-1.136122421E1,3.014730835E-1,6.142476654E0,1.291891331E1
1.029795392E1,-1.139400604E1,5.117857361E-1,7.948321381E0,1.390183841E1
1.030789392E1,-1.137709122E1,5.156776428E-1,8.978628845E0,1.450241028E1
1.031783292E1,-1.152109177E1,1.893562317E-1,8.862171021E0,1.453648811E1
1.032777292E1,-1.218945190E1,-6.460565186E-1,7.800877991E0,1.448633232E1
1.033771292E1,-1.330463287E1,-1.497485962E0,5.866151276E0,1.461736812E1
1.034765192E1,-1.430904419E1,-2.150128784E0,3.514840851E0,1.489046358E1
1.035759192E1,-1.501572464E1,-2.667902069E0,1.574575653E0,1.533195931E1
1.036753192E1,-1.522229507E1,-2.914589081E0,1.059796143E-1,1.549917187E1
1.037747092E1,-1.435963898E1,-2.389930115E0,-1.181193695E0,1.460500654E1
1.038741092E1,-1.264091309E1,-9.406439209E-1,-2.085163879E0,1.284622135E1
1.039735092E1,-1.083491867E1,4.201762390E-1,-2.232008514E0,1.107040526E1
1.040728992E1,-9.077423401E0,1.058448944E0,-1.751507721E0,9.305251693E0
1.041722992E1,-7.792345734E0,7.271878052E-1,-8.650511169E-1,7.873866113E0
1.042716992E1,-8.185428314E0,-9.939331055E-1,-2.646496582E-1,8.249798734E0
1.043710892E1,-9.595945129E0,-2.899320831E0,-3.480262756E-1,1.003042105E1
1.044704883E1,-1.120435043E1,-4.081412659E0,-7.574249268E-1,1.194860203E1
1.045698883E1,-1.241428436E1,-4.504582672E0,-1.205143890E0,1.326114976E1
1.046692783E1,-1.250739075E1,-3.828738098E0,-1.438059540E0,1.315910612E1
1.047686783E1,-1.166179916E1,-2.338287506E0,-1.047671356E0,1.193996497E1
1.048680783E1,-1.112232101E1,-9.202862549E-1,-3.370989990E-1,1.116541926E1
1.049674683E1,-1.086186264E1,1.954934692E-1,3.923341370E-1,1.087070392E1
1.050668683E1,-1.048898804E1,1.160536652E0,1.045126648E0,1.060462187E1
1.051662683E1,-9.971065063E0,1.910477142E0,1.494192810E0,1.026180654E1
1.052656583E1,-9.200766907E0,2.443069611E0,1.913321228E0,9.709969048E0
1.053650583E1,-8.355025635E0,2.650987244E0,2.103276215E0,9.014319584E0
1.054644583E1,-7.544461212E0,2.389031982E0,2.010020142E0,8.164958651E0
1.055638483E1,-6.993906097E0,1.665436707E0,1.904339905E0,7.437399572E0
1.056632483E1,-6.589447174E0,9.933343506E-1,1.807341614E0,6.904636913E0
1.057626483E1,-6.129304047E0,1.954934692E-1,1.562899933E0,6.328447044E0
1.058620383E1,-5.780529327E0,-5.114863586E-1,1.331780548E0,5.953971534E0
1.059614383E1,-5.674100647E0,-1.053359528E0,9.741741943E-1,5.852691672E0
1.060608383E1,-5.664071503E0,-1.516346741E0,5.704637146E-1,5.891217385E0
1.061602283E1,-5.701343994E0,-1.920506287E0,3.700305176E-1,6.027486236E0
1.062596283E1,-5.873336334E0,-1.986818390E0,3.745211792E-1,6.211585395E0
1.063590283E1,-6.108197937E0,-1.532812500E0,5.147795105E-1,6.318591152E0
1.064584183E1,-6.240672455E0,-9.083111572E-1,8.231382751E-1,6.359919690E0
1.065578183E1,-6.292015686E0,-4.513114929E-1,1.277892609E0,6.436315171E0
1.066572183E1,-6.478527832E0,-1.969903564E-1,1.824106750E0,6.733312224E0
1.067566083E1,-6.791826324E0,-9.610015869E-2,2.469115448E0,7.227355751E0
1.068560083E1,-7.095395050E0,-1.800755310E-1,3.222947845E0,7.795155606E0
1.069554083E1,-7.357799377E0,-4.451742554E-1,4.002077637E0,8.387610936E0
1.070548083E1,-7.598049774E0,-7.168592834E-1,4.731660461E0,8.979580075E0
1.071541983E1,-7.709567871E0,-8.952882385E-1,5.480553131E0,9.501338875E0
1.072535983E1,-7.843239899E0,-7.783813477E-1,6.169420624E0,1.000919779E1
1.073529983E1,-8.127648468E0,-2.649490356E-1,5.929170227E0,1.006399161E1
1.074523883E1,-8.797655182E0,1.444496155E-1,4.908592529E0,1.007540982E1
1.075517883E1,-9.526339874E0,3.712280273E-1,4.115242310E0,1.038384230E1
1.076511883E1,-9.967622223E0,4.085005188E-1,3.589834900E0,1.060222996E1
1.077505783E1,-1.024873764E1,-2.799179077E-1,3.279081116E0,1.076416974E1
1.078499783E1,-1.057161621E1,-1.664837952E0,3.219355316E0,1.117564331E1
1.079493683E1,-1.099792969E1,-3.087629242E0,3.560046844E0,1.196502592E1
1.080487683E1,-1.131047974E1,-4.131408691E0,4.518054657E0,1.286111611E1
1.081481683E1,-1.115435440E1,-4.440066833E0,6.240971832E0,1.353083682E1
1.082475583E1,-1.049243088E1,-3.717369690E0,8.339308319E0,1.390877444E1
1.083469583E1,-1.016012192E1,-2.553240509E0,1.018646713E1,1.461202338E1
1.084463583E1,-1.057341248E1,-1.271306305E0,1.023272095E1,1.476894881E1
1.085457483E1,-1.186807022E1,-4.465214539E-1,8.424630890E0,1.456107406E1
1.086451483E1,-1.324924805E1,3.427871704E-2,6.885980530E0,1.493186113E1
1.087445483E1,-1.458716583E1,1.243913269E-1,5.439987488E0,1.556901873E1
1.088439483E1,-1.587418945E1,-2.112107849E-1,3.636388092E0,1.628673752E1
1.089433383E1,-1.651321060E1,-5.601351929E-1,2.170037384E0,1.666460135E1
1.090427383E1,-1.613075592E1,-8.704399109E-1,1.142873383E0,1.619460132E1
1.091421383E1,-1.480556168E1,-1.285377045E0,3.415896606E-1,1.486517858E1
1.092415283E1,-1.307261536E1,-1.380279694E0,-4.336482239E-1,1.315243305E1
1.093409283E1,-1.147528702E1,-7.701484680E-1,-1.082249451E0,1.155190914E1
1.094403183E1,-1.023227188E1,1.411564636E-1,-1.555116119E0,1.035073423E1
1.095397183E1,-9.276958466E0,1.033600616E0,-2.013912048E0,9.549142912E0
1.096391183E1,-8.740923157E0,1.789079590E0,-2.597698059E0,9.292608817E0
1.097385183E1,-8.775650940E0,2.453547821E0,-3.101250916E0,9.625471603E0
1.098379083E1,-9.144034882E0,2.787054291E0,-3.478167114E0,1.017244769E1
1.099373083E1,-9.896370392E0,2.566113739E0,-3.653751984E0,1.085693282E1
1.100367083E1,-1.070259384E1,1.679357758E0,-3.406915283E0,1.135662050E1
1.101360983E1,-1.095841187E1,5.562432861E-1,-2.768193512E0,1.131631974E1
1.102354983E1,-1.064271835E1,-1.487905884E-1,-2.046544189E0,1.083872390E1
1.103348883E1,-9.799970856E0,-6.869215393E-1,-1.446442108E0,9.929928738E0
1.104342883E1,-9.253607025E0,-1.265618134E0,-9.928852844E-1,9.392382734E0
1.105336883E1,-8.936865692E0,-1.699416046E0,-7.101232910E-1,9.124684016E0
1.106330783E1,-8.544980621E0,-1.978585510E0,-4.752616882E-1,8.783926691E0
1.107324783E1,-8.154143372E0,-2.113754425E0,-1.857637024E-1,8.425705908E0
1.108318783E1,-7.682623901E0,-2.191143494E0,1.751358032E-2,7.989000347E0
1.109312683E1,-7.343878326E0,-2.136507111E0,1.574725342E-1,7.649967915E0
1.110306683E1,-7.118596802E0,-1.895208893E0,2.936892700E-1,7.372414161E0
1.111300683E1,-6.889423370E0,-1.566492462E0,5.915698242E-1,7.089993503E0
1.112294583E1,-6.702462158E0,-1.159638519E0,1.219663696E0,6.910523859E0
1.113288583E1,-6.651118927E0,-6.962022400E-1,2.115251312E0,7.014012308E0
1.114282583E1,-6.701863403E0,-2.604583740E-1,2.835104370E0,7.281526518E0
1.115276483E1,-6.655160522E0,9.490264893E-2,3.532803497E0,7.535308132E0
1.116270483E1,-6.527925110E0,5.321434021E-1,4.249812469E0,7.807553321E0
1.117264483E1,-6.236780548E0,9.616003418E-1,5.005291443E0,8.054504904E0
1.118258383E1,-5.841752014E0,1.370400238E0,6.018384705E0,8.498530335E0
1.119252383E1,-5.951473846E0,1.650168457E0,5.778733063E0,8.457946127E0
1.120246383E1,-6.765331421E0,1.560504913E0,4.317920837E0,8.176143662E0
1.121240283E1,-7.197632446E0,1.110390930E0,3.372935944E0,8.025931580E0
1.122234283E1,-7.369475098E0,5.766009521E-1,3.090173950E0,8.011916557E0
1.123228283E1,-7.539222107E0,1.133143616E-1,3.258723450E0,8.214133469E0
1.124222283E1,-7.470664673E0,-2.880010986E-1,3.708687744E0,8.345546122E0
1.125216183E1,-7.273374939E0,-6.990463257E-1,4.353097687E0,8.505298833E0
1.126210183E1,-7.206314392E0,-1.091230774E0,5.015470276E0,8.847411701E0
1.127204083E1,-7.389084320E0,-1.278641052E0,5.513185272E0,9.307454103E0
1.128198083E1,-7.817194061E0,-9.184899902E-1,5.567522278E0,9.641029570E0
1.129192083E1,-8.567583618E0,1.709445190E-1,5.083578644E0,9.963708291E0
1.130185983E1,-9.737999725E0,1.388811951E0,4.078568573E0,1.064857544E1
1.131179983E1,-1.035247192E1,2.150727539E0,2.784359894E0,1.093398207E1
1.132173983E1,-1.016476227E1,2.439477081E0,1.888921967E0,1.062268641E1
1.133167883E1,-1.002959335E1,2.277962952E0,1.557511139E0,1.040229297E1
1.134161883E1,-1.062759979E1,1.847607880E0,1.928589478E0,1.095805592E1
1.135155883E1,-1.149609375E1,1.482966156E0,3.060685272E0,1.198862605E1
1.136149783E1,-1.180295563E1,1.407373352E0,4.928351440E0,1.286775463E1
1.137143783E1,-1.206715622E1,1.284029846E0,7.066355438E0,1.404273375E1
1.138137783E1,-1.216295700E1,1.162632294E0,8.434061279E0,1.484663688E1
1.139131683E1,-1.223435852E1,1.036594391E0,8.657696228E0,1.502364005E1
1.140125683E1,-1.286140457E1,-2.275268555E-2,7.957901459E0,1.512429968E1
1.141119683E1,-1.401595367E1,-1.262175293E0,6.169869690E0,1.536578458E1
1.142113583E1,-1.516376678E1,-1.951641541E0,3.611090698E0,1.570950998E1
1.143107583E1,-1.619152954E1,-2.273322601E0,1.094074860E0,1.638690405E1
1.144101571E1,-1.627325958E1,-2.263293457E0,-7.223977661E-1,1.644576946E1
1.145095471E1,-1.449570602E1,-1.515598297E0,-1.902094574E0,1.469831606E1
1.146089471E1,-1.216684891E1,-3.682342529E-1,-2.443219299E0,1.241519752E1
1.147083471E1,-1.023571472E1,3.507206726E-1,-2.237397308E0,1.048326321E1
1.148077371E1,-8.719218292E0,3.760180664E-1,-1.468296661E0,8.849974706E0
1.149071371E1,-8.002059631E0,-3.933819580E-1,-6.421646118E-1,8.037417688E0
1.150065371E1,-8.354426880E0,-1.937570801E0,-2.671943665E-1,8.580327612E0
1.151059271E1,-9.458979950E0,-3.430117035E0,-3.153941345E-1,1.006665178E1
1.152053271E1,-1.081575851E1,-4.374054108E0,-6.704557800E-1,1.168599557E1
1.153047271E1,-1.175595337E1,-4.479734344E0,-1.312021637E0,1.264878888E1
1.154041171E1,-1.146016846E1,-3.448528748E0,-1.785187683E0,1.210019449E1
1.155035171E1,-1.074211166E1,-2.076631622E0,-1.673819275E0,1.106828952E1
1.156029171E1,-1.052925430E1,-9.225315857E-1,-1.184636536E0,1.063577098E1
1.157023071E1,-1.048659302E1,4.924758911E-2,-4.896318054E-1,1.049813306E1
1.158017071E1,-1.032433044E1,8.937913513E-1,3.074606323E-1,1.036750665E1
1.159011071E1,-1.001447479E1,1.588197327E0,1.141376495E0,1.020366681E1
1.160004971E1,-9.410630493E0,2.155966644E0,1.961970062E0,9.851775727E0
1.160998971E1,-8.456364899E0,2.481838989E0,2.666854248E0,9.207700237E0
1.161992971E1,-7.629933472E0,2.476450195E0,3.087030487E0,8.595257272E0
1.162986871E1,-7.070097656E0,2.075733490E0,3.208577728E0,8.036785516E0
1.163980871E1,-6.568191376E0,1.399888916E0,3.166814575E0,7.424927035E0
1.164974871E1,-6.253695374E0,6.348298645E-1,2.856360168E0,6.904383259E0
1.165968771E1,-6.191275177E0,-2.014810181E-1,2.349963226E0,6.625315848E0
1.166962771E1,-6.275998993E0,-7.680528259E-1,1.800755310E0,6.574251911E0
1.167956771E1,-6.246809692E0,-1.136137390E0,1.281485138E0,6.477317629E0
1.168950671E1,-6.244564362E0,-1.401236115E0,8.806187439E-1,6.460149850E0
1.169944671E1,-6.391408997E0,-1.538800049E0,6.548881531E-1,6.606579527E0
1.170938671E1,-6.430777130E0,-1.666783905E0,6.724017334E-1,6.677214028E0
1.171932571E1,-6.470444641E0,-1.689386902E0,9.439370728E-1,6.753643399E0
1.172926571E1,-6.486461334E0,-1.454974365E0,1.378782806E0,6.789121672E0
1.173920571E1,-6.364614716E0,-1.242865448E0,2.020198975E0,6.792218997E0
1.174914471E1,-6.571185150E0,-1.121168518E0,2.724185028E0,7.201296910E0
1.175908471E1,-6.850354614E0,-1.066831512E0,3.444038086E0,7.741245775E0
1.176902471E1,-6.890022125E0,-1.058598633E0,4.322261810E0,8.202132839E0
1.177896371E1,-6.713090057E0,-1.040486298E0,5.461243286E0,8.716270308E0
1.178890371E1,-6.705306244E0,-8.937913513E-1,5.983207855E0,9.030989483E0
1.179884371E1,-7.257807312E0,-6.155200195E-1,5.445975037E0,9.094683940E0
1.180878271E1,-8.127947845E0,-2.499801636E-1,4.677772522E0,9.381235634E0
1.181872271E1,-8.715625763E0,1.224453735E-1,4.028722229E0,9.602485517E0
1.182866271E1,-9.053323517E0,3.800596619E-1,3.517834625E0,9.720199201E0
1.183860171E1,-9.370214539E0,3.570075989E-1,3.136128387E0,9.887551577E0
1.184854171E1,-9.784253540E0,-1.137634277E-1,2.941533051E0,1.021749363E1
1.185848171E1,-1.040156982E1,-8.619076538E-1,2.838397522E0,1.081628587E1
1.186842071E1,-1.108564728E1,-1.571282501E0,2.868634644E0,1.155809539E1
1.187836071E1,-1.136212234E1,-2.111808472E0,3.356470184E0,1.203426156E1
1.188830071E1,-1.111513596E1,-2.267933807E0,4.561464386E0,1.222688547E1
1.189823971E1,-1.059915894E1,-1.971699829E0,6.754404144E0,1.272209675E1
1.190817971E1,-1.034049683E1,-1.453926544E0,9.365125122E0,1.402659423E1
1.191811971E1,-1.042297531E1,-8.801696777E-1,1.077818665E1,1.501940146E1
1.192805871E1,-1.129102020E1,-6.084846497E-1,1.048300049E1,1.541916632E1
1.193799871E1,-1.278341675E1,-5.749543762E-1,9.119785309E0,1.571358649E1
1.194793871E1,-1.401969589E1,-5.385800171E-1,7.458689575E0,1.588943018E1
1.195787771E1,-1.531135986E1,-6.194119263E-1,5.437891846E0,1.626013775E1
1.196781771E1,-1.646785492E1,-8.523275757E-1,3.165766754E0,1.679103294E1
1.197775771E1,-1.653461609E1,-9.575587463E-1,1.507066040E0,1.663074550E1
1.198769671E1,-1.535581741E1,-9.083111572E-1,5.360353088E-1,1.539199439E1
1.199763671E1,-1.364801880E1,-9.478289795E-1,-1.338217163E-1,1.368154615E1
1.200757671E1,-1.202105209E1,-8.833131409E-1,-7.682025146E-1,1.207791665E1
1.201751571E1,-1.064406555E1,-5.965095520E-1,-1.380728760E0,1.074980777E1
1.202745571E1,-9.553583221E0,-1.306782532E-1,-1.883084106E0,9.738276795E0
1.203739571E1,-8.591533813E0,3.858975220E-1,-2.386038208E0,8.925051736E0
1.204733471E1,-7.909402313E0,9.939331055E-1,-2.967279510E0,8.505956481E0
1.205727471E1,-7.646698608E0,1.693727875E0,-3.606600037E0,8.622544726E0
1.206721471E1,-7.928861847E0,2.192790070E0,-4.118236084E0,9.199730807E0
1.207715371E1,-8.816366272E0,2.231409760E0,-4.467759247E0,1.013254047E1
1.208709371E1,-1.013916550E1,1.618584137E0,-4.413122864E0,1.117578386E1
1.209703371E1,-1.116288666E1,5.623805237E-1,-3.726351013E0,1.178185054E1
1.210697271E1,-1.156420212E1,-2.245330811E-2,-2.766846313E0,1.189061450E1
1.211691271E1,-1.081096848E1,-5.155279541E-1,-1.906884613E0,1.098995074E1
1.212685271E1,-1.004830444E1,-9.861492920E-1,-1.359622650E0,1.018771252E1
1.213679171E1,-9.521100769E0,-1.271306305E0,-1.045276337E0,9.662307291E0
1.214673171E1,-8.937015381E0,-1.563199310E0,-6.962022400E-1,9.099369954E0
1.215667171E1,-8.532706146E0,-1.821711731E0,-3.299139404E-1,8.731239947E0
1.216661071E1,-8.184679871E0,-2.032024384E0,1.052311707E-1,8.433811788E0
1.217655071E1,-7.842790833E0,-2.145937500E0,4.818479919E-1,8.145341815E0
1.218649071E1,-7.456593933E0,-2.070793762E0,8.110134888E-1,7.781177467E0
1.219642971E1,-7.018604736E0,-1.922751617E0,1.170266418E0,7.370706189E0
1.220636971E1,-6.674320679E0,-1.629810791E0,1.705852661E0,7.079037579E0
1.221630971E1,-6.389313354E0,-1.111887817E0,2.783012695E0,7.057250125E0
1.222624871E1,-6.311774597E0,-4.870870972E-1,3.639980621E0,7.302411337E0
1.223618871E1,-6.323450317E0,7.214996338E-2,4.264931030E0,7.627638313E0
1.224612871E1,-6.249055023E0,6.852749634E-1,5.227579193E0,8.176054958E0
1.225606771E1,-5.640420685E0,1.417103119E0,6.758445740E0,8.916227653E0
1.226600771E1,-5.439837799E0,1.795815582E0,6.343209229E0,8.547110167E0
1.227594771E1,-6.583309937E0,1.685045929E0,4.439168701E0,8.116992563E0
1.228588671E1,-7.354655914E0,1.415157166E0,3.217708740E0,8.151520285E0
1.229582671E1,-7.430099030E0,9.279203796E-1,2.679278412E0,7.952731646E0
1.230576671E1,-7.552843781E0,3.793112183E-1,2.736609192E0,8.042285499E0
1.231570571E1,-7.536677399E0,-8.247848511E-2,3.250340881E0,8.208107258E0
1.232564571E1,-7.454348602E0,-2.948867798E-1,4.011957092E0,8.470541365E0
1.233558471E1,-7.467072144E0,-3.725752258E-1,4.837789764E0,8.905065328E0
1.234552471E1,-7.610174561E0,-4.996609497E-1,5.473667450E0,9.387515819E0
1.235546471E1,-7.972870331E0,-5.834866333E-1,5.646557922E0,9.787274101E0
1.236540371E1,-8.444988556E0,-6.044430542E-1,5.304818573E0,9.991210297E0
1.237534371E1,-8.989705811E0,-6.036946106E-1,4.765490112E0,1.019260289E1
1.238528371E1,-9.513316956E0,-2.294728088E-1,3.977977753E0,1.031407603E1
1.239522271E1,-9.986483002E0,6.771917725E-1,3.131637726E0,1.048787806E1
1.240516271E1,-1.046219376E1,1.476978607E0,2.536924438E0,1.086622978E1
1.241510271E1,-1.094733490E1,1.996398468E0,2.395169220E0,1.138273183E1
1.242504171E1,-1.133757339E1,2.584076385E0,2.994373169E0,1.200767637E1
1.243498171E1,-1.183723434E1,2.965483246E0,4.456682281E0,1.299139041E1
1.244492229E1,-1.221744370E1,2.799179077E0,6.444398804E0,1.409367269E1
1.245486129E1,-1.217433334E1,2.311792603E0,8.065827026E0,1.478568034E1
1.246480129E1,-1.204515198E1,1.562899933E0,8.628057861E0,1.489871554E1
1.247474129E1,-1.195638657E1,8.083190918E-2,8.323441315E0,1.456850675E1
1.248468029E1,-1.246547791E1,-1.719474335E0,7.304510193E0,1.454993473E1
1.249462029E1,-1.355655899E1,-2.838996277E0,5.259313202E0,1.481555152E1
1.250456029E1,-1.492007355E1,-2.970273285E0,2.556234283E0,1.542612886E1
1.251449929E1,-1.566836746E1,-2.518812103E0,3.182382202E-1,1.587272594E1
1.252443929E1,-1.446966019E1,-1.774709473E0,-1.022224274E0,1.461388388E1
1.253437929E1,-1.238389755E1,-9.219328308E-1,-1.780697021E0,1.254518874E1
1.254431829E1,-1.072519684E1,-1.594184875E-1,-2.056124268E0,1.092167151E1
1.255425829E1,-9.471553802E0,3.614982605E-1,-1.942061462E0,9.675361241E0
1.256419829E1,-8.647966461E0,3.468287659E-1,-1.512604523E0,8.786101897E0
1.257413729E1,-8.388406219E0,-5.637277222E-1,-9.973759460E-1,8.466280566E0
1.258407729E1,-8.836873627E0,-2.156715088E0,-6.575825500E-1,9.119987405E0
1.259401729E1,-1.004665787E1,-3.553759918E0,-6.689588928E-1,1.067764252E1
1.260395629E1,-1.147828079E1,-4.415966949E0,-9.605525208E-1,1.233589702E1
1.261389629E1,-1.244362335E1,-4.520898743E0,-1.361119537E0,1.330920486E1
1.262383629E1,-1.226324844E1,-3.694916382E0,-1.562001801E0,1.290269426E1
1.263377529E1,-1.151540359E1,-2.395618286E0,-1.300046539E0,1.183358052E1
1.264371529E1,-1.115375565E1,-1.235530701E0,-8.089178467E-1,1.125109547E1
1.265365529E1,-1.072669373E1,-1.920506287E-1,-1.323248291E-1,1.072922884E1
1.266359429E1,-1.011925690E1,7.315287781E-1,5.538482666E-1,1.016076977E1
1.267353429E1,-9.295220490E0,1.499731293E0,9.804611206E-1,9.466341527E0
1.268347429E1,-8.582253113E0,1.999841309E0,1.153052216E0,8.887292229E0
1.269341329E1,-8.003107452E0,2.210453339E0,1.154549103E0,8.382649730E0
1.270335329E1,-7.513924713E0,2.183808746E0,1.144070892E0,7.908032843E0
1.271329329E1,-7.027436371E0,1.839973755E0,1.181942139E0,7.359847321E0
1.272323229E1,-6.570436707E0,1.352287903E0,1.156345367E0,6.807088636E0
1.273317229E1,-6.178551636E0,8.858578491E-1,9.874964905E-1,6.319366563E0
1.274311229E1,-5.837710419E0,2.513273621E-1,8.292755127E-1,5.901671479E0
1.275305129E1,-5.783972168E0,-4.415817261E-1,7.063810730E-1,5.843654908E0
1.276299129E1,-5.919290771E0,-9.702822876E-1,5.460644531E-1,6.023092008E0
1.277293129E1,-5.896837463E0,-1.310973816E0,3.803590393E-1,6.052769400E0
1.278287029E1,-6.019432526E0,-1.391656036E0,2.996768188E-1,6.185473357E0
1.279281029E1,-6.306834869E0,-1.412762146E0,4.830455017E-1,6.481156988E0
1.280275029E1,-6.591842194E0,-1.476828918E0,1.083746338E0,6.841630894E0
1.281268929E1,-6.915169830E0,-1.356179810E0,1.762584686E0,7.263986663E0
1.282262929E1,-7.062912598E0,-1.355880432E0,2.463127899E0,7.601982975E0
1.283256929E1,-7.324718170E0,-1.473984833E0,3.176694031E0,8.118836895E0
1.284250829E1,-7.682623901E0,-1.591789856E0,3.824696503E0,8.728390934E0
1.285244829E1,-7.919281769E0,-1.737736359E0,4.431085510E0,9.239549241E0
1.286238829E1,-7.997119904E0,-1.761087799E0,4.935087433E0,9.560880972E0
1.287232729E1,-7.971074066E0,-1.497336273E0,5.366789703E0,9.725351891E0
1.288226729E1,-7.862100677E0,-8.207432556E-1,5.945037231E0,9.890890467E0
1.289220729E1,-7.973169708E0,1.231938171E-1,6.331383820E0,1.018199553E1
1.290214629E1,-8.727451172E0,7.508386230E-1,5.676196289E0,1.043797715E1
1.291208629E1,-9.565109253E0,7.854167175E-1,4.612059174E0,1.064797090E1
1.292202629E1,-1.008647507E1,2.201921082E-1,3.966900787E0,1.084074562E1
1.293196529E1,-1.076321777E1,-9.367520142E-1,3.562591553E0,1.137613378E1
1.294190529E1,-1.131407227E1,-2.164199524E0,3.321293335E0,1.198845195E1
1.295184429E1,-1.167122955E1,-3.156486053E0,3.400778046E0,1.255970918E1
1.296178429E1,-1.149459686E1,-3.713777161E0,4.056863708E0,1.274268578E1
1.297172429E1,-1.098400864E1,-3.485950928E0,5.301076355E0,1.268470379E1
1.298166329E1,-1.057715469E1,-2.718347168E0,7.001390533E0,1.297247402E1
1.299160329E1,-1.018422180E1,-1.603016510E0,8.952732697E0,1.365428352E1
1.300154329E1,-1.024604324E1,-3.264710999E-1,1.006387207E1,1.436556670E1
1.301148229E1,-1.116902390E1,3.785627747E-1,9.307644653E0,1.454381840E1
1.302142229E1,-1.271725433E1,3.782633972E-1,7.692802734E0,1.486777908E1
1.303136229E1,-1.432042053E1,2.933898926E-2,5.629792786E0,1.538732829E1
1.304130129E1,-1.524429932E1,-5.089416504E-1,3.466341705E0,1.564171372E1
1.305124129E1,-1.512170425E1,-1.132395172E0,1.862277374E0,1.527796896E1
1.306118129E1,-1.418929321E1,-1.933529205E0,8.794212341E-1,1.434740251E1
1.307112029E1,-1.289852737E1,-2.678979034E0,1.423539734E-1,1.317456647E1
1.308106029E1,-1.166883453E1,-2.911295929E0,-5.331912231E-1,1.203834026E1
1.309100029E1,-1.080528030E1,-2.591710510E0,-1.059945831E0,1.116219203E1
1.310093929E1,-1.011805939E1,-1.761087799E0,-1.539398804E0,1.038490754E1
1.311087929E1,-9.679172058E0,-6.271957397E-1,-1.994302826E0,9.902372947E0
1.312081929E1,-9.523645477E0,5.839356995E-1,-2.464624786E0,9.854703416E0
1.313075829E1,-9.536219330E0,1.692081299E0,-2.895129547E0,1.010862965E1
1.314069829E1,-9.779463501E0,2.491269379E0,-3.148253174E0,1.057146289E1
1.315063829E1,-1.052117111E1,2.963237915E0,-3.280727692E0,1.141223005E1
1.316057729E1,-1.131916168E1,2.850073242E0,-3.310066681E0,1.213271940E1
1.317051729E1,-1.143457169E1,2.021695862E0,-3.114124146E0,1.202224825E1
1.318045729E1,-1.104388412E1,1.082548828E0,-2.621348877E0,1.140222603E1
1.319039629E1,-1.047177383E1,3.279679871E-1,-2.093546448E0,1.068403234E1
1.320033629E1,-9.750274200E0,-4.529580688E-1,-1.619332581E0,9.894203151E0
1.321027629E1,-9.235794067E0,-1.208437042E0,-1.162931671E0,9.386832384E0
1.322021529E1,-8.751101990E0,-1.807341614E0,-6.499484253E-1,8.959391871E0
1.323015529E1,-8.187224579E0,-2.268382874E0,-1.594184875E-1,8.497153725E0
1.324009529E1,-7.736062775E0,-2.500400391E0,2.829116821E-1,8.135029710E0
1.325003429E1,-7.322622528E0,-2.597099304E0,6.571334839E-1,7.797278365E0
1.325997429E1,-7.112309875E0,-2.463726654E0,9.247769165E-1,7.583542255E0
1.326991429E1,-7.004384308E0,-2.098935242E0,1.234782257E0,7.415633210E0
1.327985329E1,-6.745722198E0,-1.597478027E0,1.611099701E0,7.117046176E0
1.328979329E1,-6.432573395E0,-9.985734558E-1,2.068698120E0,6.830421754E0
1.329973329E1,-6.296356659E0,-4.186793518E-1,2.716700592E0,6.870215549E0
1.330967229E1,-6.393504639E0,-1.182540894E-2,3.234623566E0,7.165181855E0
1.331961229E1,-6.590195618E0,4.477189636E-1,3.666774902E0,7.554890385E0
1.332955229E1,-6.624624023E0,8.925938416E-1,3.919449463E0,7.748835481E0
1.333949129E1,-6.613547058E0,1.311123505E0,3.964356079E0,7.821391734E0
1.334943129E1,-6.693780212E0,1.602866821E0,4.035308533E0,7.978696042E0
1.335937129E1,-6.654262390E0,1.558259583E0,4.176165619E0,8.009228437E0
1.336931029E1,-6.587650909E0,1.087488556E0,4.061504059E0,7.815087401E0
1.337925029E1,-6.861730957E0,3.951782227E-1,3.801794128E0,7.854499102E0
1.338918929E1,-7.296876068E0,-2.579136658E-1,3.931873627E0,8.292801097E0
1.339912929E1,-7.626939697E0,-7.972421265E-1,4.320465546E0,8.801830871E0
1.340906929E1,-7.774981842E0,-1.119971008E0,4.874463501E0,9.244732128E0
1.341900829E1,-7.675588531E0,-1.110540619E0,5.610333252E0,9.572032123E0
1.342894829E1,-7.651937714E0,-6.849755859E-1,6.264922028E0,9.913152392E0
1.343888829E1,-7.952961731E0,1.487905884E-1,6.216422882E0,1.009532825E1
1.344882667E1,-8.671467590E0,1.073567505E0,5.293891296E0,1.021627047E1
1.345876667E1,-9.666598206E0,1.874402161E0,3.815565491E0,1.056006839E1
1.346870667E1,-1.020008881E1,2.468516693E0,2.316283264E0,1.074711843E1
1.347864567E1,-1.001462448E1,2.842139740E0,1.322050781E0,1.049372575E1
1.348858567E1,-9.888885956E0,2.612517242E0,9.972262573E-1,1.027666152E1
1.349852567E1,-1.065738785E1,1.825154572E0,1.299597473E0,1.089036540E1
1.350846467E1,-1.166494263E1,1.392853546E0,2.224673767E0,1.195659236E1
1.351840467E1,-1.200338882E1,1.465153198E0,3.938459930E0,1.271768390E1
1.352834467E1,-1.193857361E1,1.351539459E0,6.643035736E0,1.372902482E1
1.353828367E1,-1.192150909E1,9.342073059E-1,9.027726746E0,1.498315630E1
1.354822367E1,-1.205727676E1,4.089495850E-1,9.812395020E0,1.555082823E1
1.355816367E1,-1.283999908E1,-4.840933228E-1,8.588989105E0,1.545544101E1
1.356810267E1,-1.406265656E1,-1.609902191E0,5.922434235E0,1.534357591E1
1.357804267E1,-1.498982849E1,-2.212548981E0,3.109034729E0,1.546791609E1
1.358798267E1,-1.556253754E1,-2.272274780E0,9.566606140E-1,1.575661787E1
1.359792167E1,-1.547227524E1,-1.935026093E0,-4.417314148E-1,1.559906259E1
1.360786167E1,-1.399454819E1,-9.614506531E-1,-1.346300354E0,1.409199386E1
1.361780167E1,-1.206850342E1,2.314187622E-1,-1.774859161E0,1.220051042E1
1.362774067E1,-1.034214340E1,1.083446960E0,-1.640289001E0,1.052731378E1
1.363768067E1,-8.811276855E0,1.357676697E0,-1.082698517E0,8.980763994E0
1.364762067E1,-7.595954132E0,5.611830139E-1,-3.376977539E-1,7.624138333E0
1.365755967E1,-7.474406891E0,-1.312171326E0,1.351689148E-1,7.589915849E0
1.366749967E1,-8.530460815E0,-3.144510956E0,9.205856323E-2,9.092039686E0
1.367743967E1,-9.901759186E0,-4.445904694E0,-2.436932373E-1,1.085680846E1
1.368737867E1,-1.088536377E1,-4.969515839E0,-8.779243469E-1,1.199824917E1
1.369731867E1,-1.096739319E1,-4.347559204E0,-1.777852936E0,1.193087362E1
1.370725867E1,-1.089539291E1,-2.844834137E0,-2.417023773E0,1.151714687E1
1.371719767E1,-1.082414108E1,-1.088686066E0,-2.208956451E0,1.110075476E1
1.372713767E1,-1.047746201E1,3.920347595E-1,-1.253643036E0,1.055947547E1
1.373707667E1,-1.024754013E1,1.391955414E0,3.442840576E-2,1.034170218E1
1.374701667E1,-1.006926086E1,2.004781036E0,1.444645844E0,1.036803564E1
1.375695667E1,-9.561516724E0,2.362387390E0,2.688559113E0,1.020939892E1
1.376689567E1,-8.772058411E0,2.489922180E0,3.512894897E0,9.771855084E0
1.377683567E1,-8.033643951E0,2.267634430E0,3.589834900E0,9.086721942E0
1.378677567E1,-7.357949066E0,1.472038879E0,3.132086792E0,8.131191831E0
1.379671467E1,-6.921307068E0,3.974235535E-1,2.387086029E0,7.332163168E0
1.380665467E1,-6.932084656E0,-6.128256226E-1,1.803150330E0,7.188929269E0
1.381659467E1,-7.073690186E0,-1.382674713E0,1.525028687E0,7.367129339E0
1.382653367E1,-7.155270538E0,-1.954934692E0,1.436113586E0,7.555268914E0
1.383647367E1,-7.108567657E0,-2.252815247E0,1.465153198E0,7.599577921E0
1.384641367E1,-7.057074738E0,-2.373913422E0,1.546434174E0,7.604553073E0
1.385635267E1,-6.942712555E0,-2.299069061E0,1.721270599E0,7.513304775E0
1.386629267E1,-6.624324646E0,-2.069895630E0,2.043101349E0,7.234667101E0
1.387623267E1,-6.289770355E0,-1.773661652E0,2.515668640E0,7.002547785E0
1.388617167E1,-6.262676697E0,-1.560355225E0,3.116369476E0,7.167118427E0
1.389611167E1,-6.400989075E0,-1.380878448E0,3.654799805E0,7.499136486E0
1.390605167E1,-6.603817291E0,-1.175056458E0,4.115092621E0,7.869253317E0
1.391599067E1,-6.749165039E0,-9.852511597E-1,4.634961548E0,8.246503327E0
1.392593067E1,-6.691684570E0,-9.392967224E-1,5.145849152E0,8.493567225E0
1.393587067E1,-6.684349823E0,-9.701325989E-1,5.286406860E0,8.577166625E0
1.394580967E1,-6.969506836E0,-7.273374939E-1,4.890929260E0,8.545421838E0
1.395574967E1,-7.543862457E0,-7.948471069E-2,4.271966400E0,8.669825576E0
1.396568967E1,-8.023016052E0,6.312373352E-1,3.829037476E0,8.912282263E0
1.397562867E1,-8.378077698E0,1.275946655E0,3.580703888E0,9.200090549E0
1.398556867E1,-8.813372498E0,1.711690521E0,3.431464233E0,9.611470543E0
1.399550867E1,-9.283694458E0,1.687590637E0,3.348237305E0,1.001227437E1
1.400544767E1,-9.824070740E0,8.393046570E-1,3.317251740E0,1.040293023E1
1.401538767E1,-1.052281769E1,-6.274951172E-1,3.236270142E0,1.102709783E1
1.402532767E1,-1.096634537E1,-1.748663635E0,3.091371460E0,1.152714764E1
1.403526667E1,-1.109238327E1,-2.483186188E0,3.091670837E0,1.177988153E1
1.404520667E1,-1.088850723E1,-2.648592224E0,3.712130585E0,1.180485256E1
1.405514567E1,-1.054332504E1,-2.208657074E0,5.202730865E0,1.196278720E1
1.406508567E1,-1.028331573E1,-2.102228394E0,7.285050659E0,1.277645921E1
1.407502567E1,-1.001731888E1,-2.049837341E0,9.470056915E0,1.393665988E1
1.408496467E1,-1.062221100E1,-1.736987915E0,1.055784485E1,1.507702163E1
1.409490467E1,-1.244721588E1,-1.185983734E0,9.827064514E0,1.590317382E1
1.410484467E1,-1.452639221E1,-9.032217407E-1,7.501500549E0,1.637389357E1
1.411478367E1,-1.582434311E1,-1.068627777E0,4.780758362E0,1.656524828E1
1.412472367E1,-1.627655273E1,-1.265767822E0,2.649490356E0,1.653929068E1
1.413466367E1,-1.575039688E1,-1.603166199E0,1.343306580E0,1.588866314E1
1.414460267E1,-1.434377197E1,-2.159259796E0,4.135899353E-1,1.451128023E1
1.415454267E1,-1.285062698E1,-2.422562256E0,-3.462300110E-1,1.308156325E1
1.416448267E1,-1.149714157E1,-1.919159088E0,-9.116043091E-1,1.169181159E1
1.417442167E1,-1.009859985E1,-8.035290527E-1,-1.274150391E0,1.021032992E1
1.418436167E1,-8.851692810E0,3.255729675E-1,-1.621577911E0,9.004886356E0
1.419430167E1,-8.099506989E0,1.374441833E0,-2.114502869E0,8.483055239E0
1.420424067E1,-7.886649628E0,2.338437195E0,-2.725681915E0,8.665845185E0
1.421418067E1,-8.252788239E0,3.039279785E0,-3.246898041E0,9.374864384E0
1.422412067E1,-9.300160217E0,3.239563293E0,-3.690874786E0,1.051714349E1
1.423405967E1,-1.063313828E1,2.699935455E0,-3.953877869E0,1.166132202E1
1.424399967E1,-1.153396500E1,1.693129120E0,-3.694467316E0,1.222898702E1
1.425393967E1,-1.184591629E1,6.475534058E-1,-3.021317139E0,1.224227983E1
1.426387867E1,-1.163096329E1,-1.856140137E-1,-2.353256378E0,1.186809063E1
1.427381867E1,-1.095945969E1,-8.557704163E-1,-1.651216278E0,1.111614208E1
1.428375867E1,-1.013632141E1,-1.399739227E0,-9.002279663E-1,1.027203446E1
1.429369767E1,-9.555529175E0,-1.772164764E0,-2.670446777E-1,9.722140640E0
1.430363767E1,-9.125473480E0,-1.939367065E0,2.318678284E-1,9.332158032E0
1.431357767E1,-8.807534637E0,-1.834884338E0,6.345304871E-1,9.018985301E0
1.432351667E1,-8.294701080E0,-1.452130280E0,1.104104004E0,8.492926116E0
1.433345667E1,-7.476053467E0,-9.897418213E-1,1.653012543E0,7.720324784E0
1.434339667E1,-6.656956787E0,-5.215155029E-1,2.420915680E0,7.102667444E0
1.435333567E1,-6.166127472E0,-1.930984497E-1,3.681743774E0,7.184264209E0
1.436327567E1,-5.884862366E0,-1.514849854E-1,4.614753571E0,7.480006904E0
1.437321467E1,-5.292095032E0,-2.409988403E-1,5.502557373E0,7.638225442E0
1.438315467E1,-4.383634186E0,-4.381388855E-1,6.291117554E0,7.680258748E0
1.439309467E1,-4.358636169E0,-4.230203247E-1,5.674699402E0,7.167905465E0
1.440303367E1,-5.628295898E0,6.242019653E-2,3.952380981E0,6.877712296E0
1.441297367E1,-6.593189392E0,4.848417664E-1,2.808759155E0,7.182920429E0
1.442291367E1,-7.057374115E0,7.179071045E-1,2.182012482E0,7.421798871E0
1.443285267E1,-7.244185638E0,7.432044983E-1,2.049238586E0,7.565048399E0
1.444279329E1,-7.157665558E0,5.215155029E-1,2.442171478E0,7.580788626E0
1.445273329E1,-7.075187073E0,1.598675537E-1,3.131637726E0,7.738926579E0
1.446267229E1,-7.080276489E0,-1.758842468E-1,3.977828064E0,8.123076175E0
1.447261229E1,-7.066205750E0,-4.908293152E-1,4.986131287E0,8.662198469E0
1.448255229E1,-6.981481934E0,-7.864645386E-1,5.951473846E0,9.207586948E0
1.449249129E1,-6.950047302E0,-1.113983459E0,6.590045929E0,9.642241544E0
1.450243129E1,-7.201374664E0,-1.311422882E0,6.814279633E0,1.000070167E1
1.451237129E1,-7.774832153E0,-1.261576538E0,6.484066315E0,1.020209323E1
1.452231029E1,-8.559051361E0,-7.170089722E-1,5.394781494E0,1.014273777E1
1.453225029E1,-9.235045624E0,2.341131592E-1,4.102369080E0,1.010793296E1
1.454219029E1,-9.568402405E0,1.347946930E0,2.915487213E0,1.009313386E1
1.455212929E1,-9.875713348E0,2.132016449E0,1.892514496E0,1.027895031E1
1.456206929E1,-1.032912048E1,2.433190155E0,1.168170776E0,1.067594339E1
1.457200929E1,-1.088955505E1,2.583178253E0,8.881031799E-1,1.122692952E1
1.458194829E1,-1.160970749E1,2.788401489E0,1.264270935E0,1.200661784E1
1.459188829E1,-1.194650711E1,2.805615692E0,2.742147675E0,1.257417534E1
1.460182829E1,-1.201222046E1,2.489772491E0,5.516328735E0,1.345073567E1
1.461176729E1,-1.186477707E1,1.886377258E0,8.662785645E0,1.481132031E1
1.462170729E1,-1.176762909E1,1.073417816E0,1.017973114E1,1.559667421E1
1.463164729E1,-1.236398895E1,-7.319778442E-2,9.086554413E0,1.534402333E1
1.464158629E1,-1.358829300E1,-1.516496429E0,6.544989624E0,1.515844178E1
1.465152629E1,-1.467293747E1,-2.549498291E0,3.886517944E0,1.539155799E1
1.466146529E1,-1.567270844E1,-3.072510681E0,1.798659668E0,1.607200324E1
1.467140529E1,-1.598331253E1,-2.909200287E0,3.875440979E-1,1.625053587E1
1.468134529E1,-1.467024307E1,-1.581760712E0,-7.140151978E-1,1.477253588E1
1.469128429E1,-1.255933273E1,1.591191101E-1,-1.319655762E0,1.262947540E1
1.470122429E1,-1.055036041E1,1.352437592E0,-1.391805725E0,1.072736293E1
1.471116429E1,-8.519533539E0,1.603465576E0,-8.940907288E-1,8.715099070E0
1.472110329E1,-6.801256714E0,6.337820435E-1,-3.727249146E-2,6.830824387E0
1.473104329E1,-6.954537964E0,-1.271455994E0,5.538482666E-3,7.069811123E0
1.474098329E1,-8.356672211E0,-3.007246399E0,-7.209008789E-1,8.910510615E0
1.475092229E1,-9.874066772E0,-4.289779358E0,-1.423090668E0,1.085930885E1
1.476086229E1,-1.144130768E1,-4.875361633E0,-2.013313293E0,1.259865480E1
1.477080229E1,-1.261756165E1,-4.354594574E0,-2.354603577E0,1.355394827E1
1.478074129E1,-1.260813126E1,-2.956202545E0,-1.904938660E0,1.308941934E1
1.479068129E1,-1.161749130E1,-1.374292145E0,-7.908055115E-1,1.172519324E1
1.480062129E1,-1.096245346E1,-1.501377869E-1,2.116598511E-1,1.096552448E1
1.481056029E1,-1.065723816E1,7.650590515E-1,9.083111572E-1,1.072320240E1
1.482050029E1,-1.020218445E1,1.386267242E0,1.341510315E0,1.038296462E1
1.483044029E1,-9.469458160E0,1.758094025E0,1.571132813E0,9.758585490E0
1.484037929E1,-8.616082764E0,1.861977997E0,1.582808533E0,8.955954840E0
1.485031929E1,-7.804470520E0,1.571432190E0,1.324296112E0,8.070496851E0
1.486025929E1,-7.195836182E0,1.023870850E0,9.997709656E-1,7.336750769E0
1.487019829E1,-6.808741150E0,4.095483398E-1,7.403604126E-1,6.861109198E0
1.488013829E1,-6.529122620E0,-1.555265808E-1,4.908293152E-1,6.549392652E0
1.489007729E1,-6.256090393E0,-5.942642212E-1,2.242337036E-1,6.288250768E0
1.490001729E1,-5.998925171E0,-8.490344238E-1,-9.729766846E-3,6.058717466E0
1.490995729E1,-5.893095245E0,-9.300160217E-1,-1.993853760E-1,5.969359756E0
1.491989629E1,-6.036047974E0,-9.027726746E-1,-2.653981018E-1,6.108953249E0
1.492983629E1,-6.276298370E0,-7.484436035E-1,-1.995350647E-1,6.323915188E0
1.493977629E1,-6.448889465E0,-6.677613831E-1,-7.484436035E-4,6.483369584E0
1.494971529E1,-6.760840759E0,-6.785389709E-1,3.070115662E-1,6.801737940E0
1.495965529E1,-7.222929840E0,-7.330256653E-1,7.117698669E-1,7.294837794E0
1.496959529E1,-7.676935730E0,-7.512876892E-1,1.204694824E0,7.807116306E0
1.497953429E1,-8.101153564E0,-6.605763245E-1,1.856289825E0,8.337317439E0
1.498947429E1,-8.372389526E0,-5.215155029E-1,2.446961517E0,8.738220956E0
1.499941429E1,-8.444539490E0,-3.514691162E-1,3.041974182E0,8.982615691E0
1.500935329E1,-8.441695404E0,-1.883084106E-1,3.608845367E0,9.182670975E0
1.501929329E1,-8.558602295E0,4.505630493E-2,4.197421417E0,9.532578343E0
1.502923329E1,-8.799750824E0,4.459226990E-1,5.123395844E0,1.019233274E1
1.503917229E1,-8.818611603E0,1.002315674E0,6.350993042E0,1.091364558E1
1.504911229E1,-8.718619537E0,1.484013977E0,7.620203705E0,1.167407935E1
1.505905229E1,-8.951984253E0,1.391656036E0,7.488777008E0,1.175399973E1
1.506899129E1,-9.756561127E0,4.915777588E-1,6.118227081E0,1.152670102E1
1.507893129E1,-1.022044647E1,-6.953041077E-1,5.194198608E0,1.148567251E1
1.508887129E1,-1.037642212E1,-1.941911774E0,4.509522400E0,1.147941417E1
1.509881029E1,-1.034124527E1,-2.995420990E0,3.933220825E0,1.146229151E1
1.510875029E1,-1.008647507E1,-3.744014282E0,3.633544006E0,1.135593520E1
1.511869029E1,-9.821526031E0,-4.050427094E0,3.970493317E0,1.134165554E1
1.512862929E1,-9.634864197E0,-3.578757935E0,5.228028259E0,1.153127902E1
1.513856929E1,-9.704918518E0,-1.902693329E0,6.909930725E0,1.206452767E1
1.514850929E1,-9.915081482E0,1.778302002E-1,8.065527649E0,1.278253498E1
1.515844829E1,-1.042716660E1,1.556163940E0,8.093070374E0,1.329079522E1
1.516838829E1,-1.176897629E1,1.823807373E0,7.021748199E0,1.382533992E1
1.517832729E1,-1.353156097E1,1.257834320E0,5.016218719E0,1.448612232E1
1.518826729E1,-1.529474442E1,5.007087708E-1,2.998265076E0,1.559389334E1
1.519820729E1,-1.595127914E1,-6.212081909E-2,1.727856903E0,1.604470800E1
1.520814629E1,-1.495031067E1,-7.298822021E-1,1.008303223E0,1.500203961E1
1.521808629E1,-1.334504883E1,-1.536405029E0,4.610412598E-1,1.344110961E1
1.522802629E1,-1.234078720E1,-1.750609589E0,-1.860630798E-1,1.246572429E1
1.523796529E1,-1.177301788E1,-8.348139954E-1,-8.399034119E-1,1.183242588E1
1.524790529E1,-1.118908218E1,7.580236816E-1,-1.164578247E0,1.127503448E1
1.525784529E1,-1.089659042E1,2.276615753E0,-1.316212921E0,1.120941919E1
1.526778429E1,-1.093042007E1,3.400628357E0,-1.472188568E0,1.154147718E1
1.527772429E1,-1.108100693E1,4.206702118E0,-1.485211487E0,1.194533007E1
1.528766429E1,-1.101274887E1,4.537813568E0,-1.489103394E0,1.200374186E1
1.529760329E1,-1.070798264E1,3.980372772E0,-1.513951721E0,1.152372810E1
1.530754329E1,-1.052416489E1,2.475552063E0,-1.482367401E0,1.091255322E1
1.531748329E1,-1.038540344E1,9.574090576E-1,-1.296304321E0,1.050969275E1
1.532742229E1,-1.018287460E1,-3.674858093E-1,-1.010249176E0,1.023946211E1
1.533736229E1,-1.004156845E1,-1.578916626E0,-6.252497864E-1,1.018415495E1
1.534730229E1,-9.704020386E0,-2.755170593E0,-1.338217163E-1,1.008845305E1
1.535724129E1,-9.270821228E0,-3.727398834E0,3.085084534E-1,9.996839790E0
1.536718129E1,-8.788823547E0,-4.130360870E0,6.712042236E-1,9.734157148E0
1.537712029E1,-8.329877930E0,-3.751648407E0,1.006956024E0,9.191065908E0
1.538706029E1,-7.766449585E0,-2.717748413E0,1.382525024E0,8.343576633E0
1.539700029E1,-6.932683411E0,-1.473086700E0,1.776655426E0,7.306749496E0
1.540693929E1,-6.071075134E0,-4.640350342E-1,2.207010498E0,6.476432439E0
1.541687929E1,-5.256918182E0,2.128573608E-1,2.667153625E0,5.898661331E0
1.542681929E1,-4.607718201E0,7.412585449E-1,3.332070923E0,5.734389931E0
1.543675829E1,-4.178860016E0,1.090182953E0,4.242028656E0,6.053608595E0
1.544669829E1,-3.940405884E0,1.050964508E0,5.572162628E0,6.905093865E0
1.545663829E1,-4.451592865E0,4.237687683E-1,5.921087036E0,7.419941421E0
1.546657729E1,-5.685926056E0,-1.336720276E-1,4.703818359E0,7.380618570E0
1.547651729E1,-6.748416595E0,-2.827619934E-1,3.764970703E0,7.732792852E0
1.548645729E1,-7.364685059E0,-2.197430420E-1,3.254681854E0,8.054801487E0
1.549639629E1,-7.823780365E0,-6.107299805E-2,3.111878815E0,8.420157889E0
1.550633629E1,-7.910150757E0,8.622070312E-2,3.328927460E0,8.582521601E0
1.551627629E1,-7.734116821E0,1.848655701E-1,3.758534088E0,8.601006730E0
1.552621529E1,-7.509284363E0,2.712359619E-1,4.229305115E0,8.622641263E0
1.553615529E1,-7.414232025E0,3.061134338E-1,4.592300262E0,8.726612382E0
1.554609529E1,-7.465275879E0,6.885681152E-3,4.906496887E0,8.933314226E0
1.555603429E1,-7.618108063E0,-5.968089294E-1,5.178481293E0,9.230840690E0
1.556597429E1,-7.947872314E0,-1.145268402E0,5.361999664E0,9.655638479E0
1.557591429E1,-8.213420105E0,-1.473386078E0,5.371579742E0,9.923961169E0
1.558585329E1,-8.435258789E0,-1.397493896E0,5.216801605E0,1.001606704E1
1.559579329E1,-8.904832306E0,-6.813830566E-1,4.784650269E0,1.013179152E1
1.560573229E1,-9.341623993E0,4.408332825E-1,4.180356903E0,1.024381065E1
1.561567229E1,-9.417665863E0,1.375938721E0,3.659440155E0,1.019691816E1
1.562561229E1,-9.482181702E0,1.923500061E0,3.373534698E0,1.024657790E1
1.563555129E1,-9.756860504E0,2.301314392E0,3.415447540E0,1.059045121E1
1.564549129E1,-1.047850983E1,2.357297974E0,4.031266937E0,1.147201530E1
1.565543129E1,-1.126213028E1,1.782044220E0,4.991520081E0,1.244694873E1
1.566537029E1,-1.169667664E1,1.006207581E0,6.016738129E0,1.319188522E1
1.567531029E1,-1.178379547E1,6.551875305E-1,6.890920258E0,1.366645120E1
1.568525029E1,-1.175535461E1,5.831872559E-1,7.580087128E0,1.399950679E1
1.569518929E1,-1.219993011E1,4.312532043E-1,7.842341766E0,1.450953474E1
1.570512929E1,-1.351434677E1,-4.340972900E-3,6.982829132E0,1.521175500E1
1.571506929E1,-1.510508881E1,-4.040098572E-1,4.950056305E0,1.590062858E1
1.572500829E1,-1.649689453E1,-6.225553894E-1,2.831661530E0,1.674972870E1
1.573494829E1,-1.699865112E1,-4.384382629E-1,1.171014862E0,1.704457814E1
1.574488829E1,-1.527977554E1,5.767506409E-1,-2.245330811E-3,1.529065685E1
1.575482729E1,-1.278191986E1,1.825004883E0,-5.701643372E-1,1.292413268E1
1.576476729E1,-1.069960007E1,2.529440002E0,-6.355783081E-1,1.101287738E1
1.577470729E1,-8.715176697E0,2.625390472E0,-4.318519592E-1,9.112270634E0
1.578464629E1,-6.913822632E0,2.160906372E0,-1.767823792E-1,7.245806494E0
1.579458629E1,-6.048921204E0,1.073417816E0,-2.152523804E-1,6.147195061E0
1.580452629E1,-6.796017609E0,-8.951385498E-2,-6.962022400E-1,6.832171370E0
1.581446529E1,-8.297245789E0,-8.183482361E-1,-1.297202454E0,8.437814629E0
1.582440529E1,-9.751621399E0,-9.876461792E-1,-1.734143829E0,9.953733958E0
1.583434429E1,-1.096814163E1,-6.779402161E-1,-1.784738617E0,1.113306003E1
1.584428429E1,-1.175520493E1,-1.318757629E-1,-1.326990509E0,1.183060175E1
1.585422429E1,-1.194471085E1,3.362008667E-1,-3.637435913E-1,1.195497627E1
1.586416329E1,-1.168694687E1,5.818400574E-1,1.048719177E0,1.174832230E1
1.587410329E1,-1.123443787E1,5.999523926E-1,2.933300171E0,1.162655525E1
1.588404329E1,-1.086770050E1,4.062551880E-1,4.463268585E0,1.175554014E1
1.589398229E1,-1.040156982E1,-1.309776306E-1,5.093607788E0,1.158251485E1
1.590392229E1,-9.476044464E0,-1.012195129E0,5.087620239E0,1.080295503E1
1.591386229E1,-8.618328094E0,-1.830992432E0,4.516557770E0,9.900879078E0
1.592380129E1,-8.126001892E0,-2.199076996E0,3.528312836E0,9.127805752E0
1.593374129E1,-7.762108612E0,-2.251468048E0,2.543510742E0,8.472832193E0
1.594368129E1,-7.272327118E0,-2.115550690E0,1.918560333E0,7.813012875E0
1.595362029E1,-6.923253021E0,-1.821262665E0,1.667682037E0,7.350482533E0
1.596356029E1,-6.694229279E0,-1.371897125E0,1.651815033E0,7.030170713E0
1.597350029E1,-6.434968414E0,-8.708889771E-1,1.828896790E0,6.746267825E0
1.598343929E1,-6.143973541E0,-4.535568237E-1,2.188449097E0,6.537846290E0
1.599337929E1,-5.973328400E0,-1.731898499E-1,2.545905762E0,6.495558717E0
1.600331929E1,-6.016438751E0,-8.128097534E-2,2.689157867E0,6.590577507E0
1.601325829E1,-6.125561829E0,-2.398013306E-1,2.646197205E0,6.677003223E0
1.602319829E1,-6.536906433E0,-6.340814209E-1,2.580334167E0,7.056297144E0
1.603313729E1,-6.977739716E0,-1.151255951E0,2.741548920E0,7.584875232E0
1.604307729E1,-7.432793427E0,-1.575473785E0,3.365152130E0,8.309800517E0
1.605301729E1,-7.691904602E0,-1.940115509E0,4.232747955E0,8.991418122E0
1.606295629E1,-7.637417908E0,-2.247276764E0,5.052293701E0,9.429001898E0
1.607289629E1,-7.610623627E0,-2.298919373E0,5.624254303E0,9.738524464E0
1.608283629E1,-7.692653046E0,-2.042053528E0,5.862558746E0,9.885165074E0
1.609277529E1,-7.817044373E0,-1.671873322E0,5.679040375E0,9.805755591E0
1.610271529E1,-8.073012085E0,-1.210233307E0,5.188660126E0,9.672661613E0
1.611265529E1,-8.288563843E0,-7.508386230E-1,4.524191895E0,9.472716691E0
1.612259429E1,-8.372988281E0,-2.763253784E-1,3.702550507E0,9.159266823E0
1.613253429E1,-8.584797821E0,2.508782959E-1,2.946173401E0,9.079737400E0
1.614247429E1,-8.905580750E0,5.471122742E-1,2.381697235E0,9.234781104E0
1.615241329E1,-9.434580688E0,2.591111755E-1,2.114802246E0,9.672168315E0
1.616235329E1,-9.978998566E0,-5.748046875E-1,2.105970612E0,1.021498532E1
1.617229329E1,-1.018751495E1,-1.347497864E0,2.371219025E0,1.054627380E1
1.618223229E1,-1.019365219E1,-2.123633881E0,3.229534149E0,1.090184648E1
1.619217229E1,-1.032507889E1,-2.845881958E0,4.724774780E0,1.170597262E1
1.620211229E1,-1.049138306E1,-3.494632874E0,6.331982574E0,1.274266772E1
1.621205129E1,-1.050231033E1,-4.033212891E0,7.508086853E0,1.352540930E1
1.622199129E1,-1.068987030E1,-3.853736115E0,8.028853912E0,1.391355829E1
1.623193029E1,-1.192570038E1,-2.774779816E0,7.644303589E0,1.443458035E1
1.624187029E1,-1.374711273E1,-1.812730408E0,6.242319031E0,1.520643439E1
1.625181029E1,-1.495300507E1,-1.292562103E0,4.715643768E0,1.573214459E1
1.626174929E1,-1.555146057E1,-1.191222839E0,3.435356140E0,1.597086753E1
1.627168929E1,-1.544533127E1,-1.304836578E0,2.404449921E0,1.568573352E1
1.628162929E1,-1.454570206E1,-1.262474670E0,1.537153473E0,1.468108073E1
1.629156829E1,-1.319281540E1,-4.803511047E-1,8.048762512E-1,1.322607051E1
1.630150829E1,-1.179816559E1,7.235952759E-1,1.576222229E-1,1.182138512E1
1.631144829E1,-1.068358337E1,1.813628540E0,-4.674778748E-1,1.084650809E1
1.632138729E1,-9.710756378E0,2.701432343E0,-9.196875000E-1,1.012138090E1
1.633132729E1,-8.786877594E0,3.395389252E0,-1.052162018E0,9.478656600E0
1.634126729E1,-7.941585388E0,3.919449463E0,-9.801617432E-1,8.910195262E0
1.635120629E1,-7.563771057E0,4.125870209E0,-6.840774536E-1,8.642997139E0
1.636114629E1,-7.759264526E0,4.042194214E0,-1.760339355E-1,8.750800420E0
1.637108629E1,-8.643924866E0,2.997816010E0,4.403842163E-1,9.159600219E0
1.638102529E1,-9.486522675E0,1.403032379E0,8.496331787E-1,9.627278372E0
1.639096529E1,-1.015802628E1,-2.544708252E-2,1.346300354E0,1.024688587E1
1.640090529E1,-1.081051941E1,-1.268911285E0,1.938169556E0,1.105594713E1
1.641084429E1,-1.120479950E1,-2.327060852E0,2.950664062E0,1.181817086E1
1.642078429E1,-1.114297806E1,-3.442092133E0,5.215454407E0,1.277555959E1
1.643072329E1,-1.032492920E1,-3.708538055E0,7.389683075E0,1.322742732E1
1.644066329E1,-9.546697540E0,-1.932481384E0,6.500382385E0,1.171020450E1
1.645060279E1,-9.746831360E0,-4.355941772E-1,4.713847504E0,1.083562745E1
1.646054179E1,-9.428892517E0,3.089575195E-1,3.235072632E0,9.973222337E0
1.647048179E1,-8.500074005E0,6.318360901E-1,2.152673492E0,8.791159088E0
1.648042179E1,-7.589966583E0,6.611750793E-1,1.479822693E0,7.761096599E0
1.649036079E1,-6.783892822E0,5.812413025E-1,1.118923187E0,6.900074809E0
1.650030079E1,-6.257587280E0,4.611909485E-1,1.069974976E0,6.365134885E0
1.651024079E1,-6.042334900E0,3.264710999E-1,1.255888367E0,6.180101133E0
1.652017979E1,-5.926026764E0,1.597178650E-1,1.583856354E0,6.136114728E0
1.653011979E1,-6.094127197E0,5.972579956E-2,1.969604187E0,6.404786813E0
1.654005979E1,-6.573430481E0,2.544708252E-2,2.324366455E0,6.972324954E0
1.654999879E1,-6.942712555E0,1.182540894E-1,2.647843781E0,7.431441202E0
1.655993879E1,-7.207960968E0,3.582051086E-1,2.923869781E0,7.786656967E0
1.656987879E1,-7.502847748E0,5.782475281E-1,3.223097534E0,8.186296614E0
1.657981779E1,-7.581134949E0,7.467970276E-1,3.549119568E0,8.404020622E0
1.658975779E1,-7.541916504E0,8.051756287E-1,3.914958801E0,8.535555914E0
1.659969679E1,-7.359895020E0,7.966433716E-1,4.218377838E0,8.520411196E0
1.660963679E1,-7.284002838E0,8.566685486E-1,4.425547028E0,8.565981838E0
1.661957679E1,-7.249125366E0,8.171507263E-1,4.479285278E0,8.560464385E0
1.662951579E1,-7.169640656E0,6.553372192E-1,4.548441467E0,8.515957596E0
1.663945579E1,-7.153174896E0,3.469784546E-1,4.686005402E0,8.558443303E0
1.664939579E1,-7.309300232E0,-1.601669312E-1,4.841531982E0,8.768805806E0
1.665933479E1,-7.416028290E0,-8.000862122E-1,5.088967438E0,9.029684553E0
1.666927479E1,-7.572453003E0,-1.095122681E0,5.187312927E0,9.243892772E0
1.667921479E1,-7.860753479E0,-8.158035278E-1,4.858895874E0,9.277168198E0
1.668915379E1,-8.461454315E0,-1.216969299E-1,4.082759857E0,9.395740914E0
1.669909379E1,-9.202263794E0,7.421566772E-1,3.164120178E0,9.759308990E0
1.670903379E1,-9.642498322E0,1.386566620E0,2.514321442E0,1.006092208E1
1.671897279E1,-9.703721008E0,1.231638794E0,2.415676575E0,1.007544683E1
1.672891279E1,-9.963580627E0,9.834548950E-2,2.991978149E0,1.040358323E1
1.673885279E1,-1.019769379E1,-1.027613068E0,3.950584717E0,1.098435555E1
1.674879179E1,-1.041893372E1,-1.798509979E0,5.125042419E0,1.174967564E1
1.675873179E1,-1.089614136E1,-2.266436920E0,6.469546509E0,1.287313733E1
1.676867079E1,-1.151405640E1,-2.243384857E0,7.650889893E0,1.400508431E1
1.677861079E1,-1.186432800E1,-1.934127960E0,8.282576294E0,1.459808892E1
1.678855079E1,-1.199964661E1,-1.882185974E0,8.586444397E0,1.487485025E1
1.679848979E1,-1.270228546E1,-1.908531189E0,8.165519714E0,1.522058670E1
1.680842979E1,-1.392988266E1,-1.654060364E0,6.290967865E0,1.537380315E1
1.681836979E1,-1.463446747E1,-1.462458801E0,3.866010590E0,1.520698727E1
1.682830879E1,-1.491393631E1,-1.407672729E0,1.713636475E0,1.507791725E1
1.683824879E1,-1.439676178E1,-8.336164856E-1,1.151106262E-1,1.442133547E1
1.684818879E1,-1.321062836E1,2.833607483E-1,-9.202862549E-1,1.324567558E1
1.685812779E1,-1.161344971E1,1.063837738E0,-1.578766937E0,1.176845231E1
1.686806779E1,-9.914482727E0,1.378633118E0,-1.902543640E0,1.018907598E1
1.687800779E1,-8.422535248E0,1.464404755E0,-1.979932709E0,8.775176056E0
1.688794679E1,-7.256310425E0,1.319057007E0,-1.973795471E0,7.634777071E0
1.689788679E1,-6.839427338E0,1.068927155E0,-1.944157104E0,7.190279439E0
1.690782679E1,-7.287745056E0,9.101074219E-1,-1.947749634E0,7.598240070E0
1.691776579E1,-8.227041779E0,8.524772644E-1,-1.940564575E0,8.495688600E0
1.692770579E1,-9.412576447E0,9.243278503E-1,-1.850451965E0,9.637175406E0
1.693764479E1,-1.061891785E1,1.046623535E0,-1.625918884E0,1.079353738E1
1.694758479E1,-1.171134613E1,1.132844238E0,-1.181493073E0,1.182518034E1
1.695752479E1,-1.234632568E1,9.139993286E-1,-4.525090027E-1,1.238837831E1
1.696746379E1,-1.236458771E1,4.701722717E-1,9.768685913E-1,1.241202495E1
1.697740379E1,-1.208392136E1,8.217910767E-2,2.956052856E0,1.244050470E1
1.698734379E1,-1.162258072E1,-2.299218750E-1,4.558620300E0,1.248672358E1
1.699728279E1,-1.060754150E1,-6.255491638E-1,5.544919281E0,1.198571560E1
1.700722279E1,-9.150321808E0,-9.493258667E-1,5.886059875E0,1.092132362E1
1.701716279E1,-7.972271576E0,-8.655001831E-1,4.873715057E0,9.383991854E0
1.702710179E1,-7.656578064E0,-5.773493958E-1,3.351979523E0,8.378083713E0
1.703704179E1,-7.417225800E0,-3.992198181E-1,2.316582642E0,7.780820661E0
1.704698179E1,-7.109615479E0,-1.442999268E-1,1.515897675E0,7.270859680E0
1.705692079E1,-6.829847260E0,9.954299927E-2,9.777667236E-1,6.900199284E0
1.706686079E1,-6.585255890E0,3.457809448E-1,6.478527832E-1,6.626075220E0
1.707680079E1,-6.440357208E0,4.556524658E-1,5.462141418E-1,6.479519274E0
1.708673979E1,-6.429429932E0,4.364923096E-1,7.749385071E-1,6.490656706E0
1.709667979E1,-6.467899933E0,9.520202637E-2,1.376687164E0,6.613475676E0
1.710661879E1,-6.544839935E0,-3.517684937E-1,2.136507111E0,6.893716957E0
1.711655879E1,-6.703210602E0,-8.481362915E-1,3.011138306E0,7.397250938E0
1.712649879E1,-6.885830841E0,-1.336869965E0,3.958368530E0,8.054226784E0
1.713643779E1,-6.953490143E0,-1.571581879E0,4.740941162E0,8.561391118E0
1.714637779E1,-7.007827148E0,-1.639390869E0,5.229225769E0,8.896181535E0
1.715631779E1,-7.223079529E0,-1.582658844E0,5.299878845E0,9.097604227E0
1.716625679E1,-7.348219299E0,-1.578467560E0,4.985981598E0,9.019307025E0
1.717619679E1,-7.470215607E0,-1.549877014E0,4.523443451E0,8.869485928E0
1.718613679E1,-7.588320007E0,-1.276844788E0,4.087849274E0,8.713406041E0
1.719607579E1,-7.663463745E0,-8.458909607E-1,3.799548798E0,8.595392903E0
1.720601579E1,-7.809559937E0,-6.417155457E-1,3.716321869E0,8.672489462E0
1.721595579E1,-8.160130920E0,-6.900650024E-1,3.797602844E0,9.026943763E0
1.722589479E1,-8.582402802E0,-1.088386688E0,3.936064911E0,9.504463710E0
1.723583479E1,-8.987011414E0,-1.792821808E0,3.883224792E0,9.952889981E0
1.724577479E1,-9.383087769E0,-2.445314941E0,3.509751434E0,1.031214121E1
1.725571379E1,-9.860594788E0,-2.566712494E0,3.048710175E0,1.063550546E1
1.726565379E1,-1.017404297E1,-2.074835358E0,2.904709625E0,1.078208839E1
1.727559279E1,-1.042716660E1,-1.481319580E0,3.379522247E0,1.106079932E1
1.728553279E1,-1.080168777E1,-8.554710388E-1,4.431235199E0,1.170658511E1
1.729547279E1,-1.123114471E1,-2.502795410E-1,5.847290497E0,1.266459860E1
1.730541179E1,-1.151121231E1,2.158511353E-1,7.329807587E0,1.364846804E1
1.731535179E1,-1.133308273E1,7.942483521E-1,8.459807739E0,1.416467231E1
1.732529179E1,-1.094913116E1,1.443148956E0,8.854237518E0,1.415498761E1
1.733523079E1,-1.095571747E1,1.754501495E0,8.533753967E0,1.399753469E1
1.734517079E1,-1.175161240E1,1.453926544E0,7.502248993E0,1.401777572E1
1.735511079E1,-1.329101120E1,6.864724731E-1,5.598358154E0,1.443827681E1
1.736504979E1,-1.507589951E1,-2.137554932E-1,3.276686096E0,1.542935867E1
1.737498979E1,-1.609498032E1,-9.554631042E-1,1.471140747E0,1.619029204E1
1.738492979E1,-1.569426361E1,-1.550475769E0,3.411405945E-1,1.577435458E1
1.739486879E1,-1.415276917E1,-2.148631897E0,-3.927832031E-1,1.432032726E1
1.740480879E1,-1.249676285E1,-2.548151093E0,-9.758207703E-1,1.279118375E1
1.741474879E1,-1.102352646E1,-2.629731445E0,-1.406475220E0,1.141979840E1
1.742468779E1,-9.701924744E0,-2.416574707E0,-1.680106201E0,1.013853707E1
1.743462779E1,-8.977431335E0,-1.762584686E0,-2.074386292E0,9.381047737E0
1.744456754E1,-8.857830048E0,-7.460485840E-1,-2.517464905E0,9.238797064E0
1.745450754E1,-9.214538269E0,3.311114502E-1,-2.853067017E0,9.651805101E0
1.746444754E1,-9.723330231E0,1.116378479E0,-3.067870331E0,1.025676752E1
1.747438654E1,-1.038854691E1,1.563049622E0,-3.108136597E0,1.095561701E1
1.748432654E1,-1.094883179E1,1.572779388E0,-3.111729126E0,1.149057921E1
1.749426654E1,-1.125434647E1,1.226549377E0,-3.105292511E0,1.173914730E1
1.750420554E1,-1.116243759E1,7.761360168E-1,-2.724334717E0,1.151626675E1
1.751414554E1,-1.043075912E1,2.071691895E-1,-2.070943451E0,1.063637447E1
1.752408554E1,-9.661209412E0,-5.182223511E-1,-1.363215179E0,9.770664119E0
1.753402454E1,-9.232051849E0,-1.012195129E0,-8.192463684E-1,9.323437399E0
1.754396454E1,-8.813073120E0,-1.342109070E0,-3.975732422E-1,8.923540724E0
1.755390454E1,-8.252039795E0,-1.724414063E0,1.480421448E-1,8.431588291E0
1.756384354E1,-8.224796448E0,-1.942211151E0,6.221063232E-1,8.473870252E0
1.757378354E1,-8.444240112E0,-1.857038269E0,9.657916260E-1,8.699800898E0
1.758372254E1,-7.907456360E0,-1.648521881E0,1.164428558E0,8.160967121E0
1.759366254E1,-7.236701202E0,-1.509461060E0,1.543590088E0,7.551886343E0
1.760360254E1,-6.812183990E0,-1.450633392E0,1.994602203E0,7.244903444E0
1.761354154E1,-6.511309662E0,-1.379082184E0,2.375859375E0,7.067087728E0
1.762348154E1,-6.363117828E0,-1.144370270E0,2.623743896E0,6.977312079E0
1.763342154E1,-6.353238373E0,-6.960525513E-1,2.779270477E0,6.969395337E0
1.764336054E1,-6.388864288E0,-2.713856506E-1,2.788551178E0,6.976191994E0
1.765330054E1,-6.331234131E0,1.450483704E-1,2.721490631E0,6.892900399E0
1.766324054E1,-6.614594879E0,7.789801025E-1,2.705473938E0,7.188829157E0
1.767317954E1,-6.687044220E0,1.310674438E0,2.728376312E0,7.340195173E0
1.768311954E1,-6.746470642E0,1.670376434E0,2.731819153E0,7.467788122E0
1.769305954E1,-6.992558899E0,1.682950287E0,2.682122498E0,7.676065575E0
1.770299854E1,-7.210954742E0,1.024020538E0,2.805166626E0,7.804834794E0
1.771293854E1,-7.356452179E0,1.332229614E-1,2.974763947E0,7.936268491E0
1.772287854E1,-7.685018921E0,-3.432362366E-1,3.213517456E0,8.336907182E0
1.773281754E1,-7.965385895E0,-4.622387695E-1,3.674109650E0,8.784083268E0
1.774275754E1,-8.230334930E0,-4.927752686E-1,4.310885468E0,9.304029990E0
1.775269654E1,-8.619675293E0,-5.372328186E-1,4.928052063E0,9.943496286E0
1.776263654E1,-9.100924530E0,-5.346881104E-1,5.460794220E0,1.062699356E1
1.777257654E1,-9.631870422E0,-3.951782227E-1,5.550308075E0,1.112362411E1
1.778251554E1,-1.016551071E1,-1.694476318E-1,4.691094818E0,1.119699474E1
1.779245554E1,-1.044048889E1,1.645079041E-1,3.288810883E0,1.094747223E1
1.780239554E1,-1.038315811E1,6.515950012E-1,2.305954742E0,1.065607694E1
1.781233454E1,-1.026220963E1,1.160087585E0,1.735341339E0,1.047235213E1
1.782227454E1,-1.035247192E1,1.715432739E0,1.533111877E0,1.060503731E1
1.783221454E1,-1.085003723E1,2.408042450E0,1.925296326E0,1.127957190E1
1.784215354E1,-1.167631897E1,3.126997375E0,3.092269592E0,1.247704566E1
1.785209354E1,-1.222896973E1,3.610192566E0,4.909640350E0,1.366329972E1
1.786203354E1,-1.238045471E1,3.703897705E0,6.813082123E0,1.460864830E1
1.787197254E1,-1.216625015E1,3.334465942E0,7.813751221E0,1.483883466E1
1.788191254E1,-1.232851273E1,2.272873535E0,6.737938385E0,1.423228702E1
1.789185254E1,-1.297516800E1,6.971003723E-1,4.506079559E0,1.375302463E1
1.790179154E1,-1.374681335E1,-5.375321960E-1,2.791844330E0,1.403774245E1
1.791173154E1,-1.454525299E1,-1.636696472E0,1.695823517E0,1.473495766E1
1.792167054E1,-1.543575119E1,-2.131717072E0,1.128203888E0,1.562304313E1
1.793161054E1,-1.604707993E1,-1.197060699E0,6.557862854E-1,1.610502357E1
1.794155054E1,-1.420022049E1,7.695497131E-1,2.471360779E-1,1.422320445E1
1.795148954E1,-1.181118851E1,1.910327454E0,2.456391907E-1,1.196719949E1
1.796142954E1,-9.537865906E0,1.663790131E0,9.780661011E-1,9.731171406E0
1.797136954E1,-7.001540222E0,-1.571731567E-2,1.886077881E0,7.251144895E0
1.798130854E1,-6.189628601E0,-1.872306519E0,1.908381500E0,6.742325553E0
1.799124854E1,-6.833888855E0,-3.320095825E0,1.150657196E0,7.684340255E0
1.800118854E1,-7.981701965E0,-4.449946289E0,1.920506287E-1,9.140375905E0
1.801112754E1,-9.283095703E0,-5.175188141E0,-6.575825500E-1,1.064851412E1
1.802106754E1,-1.034438873E1,-5.179379425E0,-1.652264099E0,1.168598845E1
1.803100654E1,-1.129730713E1,-4.497547302E0,-2.499053192E0,1.241379664E1
1.804094654E1,-1.184052750E1,-3.235970764E0,-2.633174286E0,1.255401151E1
1.805088654E1,-1.178783707E1,-1.977837067E0,-1.939367065E0,1.210892591E1
1.806082554E1,-1.162183228E1,-1.045276337E0,-7.138655090E-1,1.169055995E1
1.807076554E1,-1.139265884E1,-4.950205994E-1,6.239025879E-1,1.142046301E1
1.808070554E1,-1.080692688E1,-7.619155884E-2,1.779798889E0,1.095276941E1
1.809064454E1,-9.701026611E0,2.862048340E-1,2.552941132E0,1.003540427E1
1.810058454E1,-8.558003540E0,5.056484985E-1,2.785707092E0,9.014170455E0
1.811052454E1,-7.692653046E0,5.643264771E-1,2.572700043E0,8.131061478E0
1.812046354E1,-7.078330536E0,5.203179932E-1,2.110161896E0,7.404476836E0
1.813040354E1,-6.737639008E0,5.090913391E-1,1.601669312E0,6.944083667E0
1.814034354E1,-6.711293793E0,5.189707947E-1,1.154998169E0,6.829701006E0
1.815028254E1,-6.782395935E0,4.492158508E-1,1.028810577E0,6.874673862E0
1.816022254E1,-6.789281616E0,2.285746765E-1,1.158441010E0,6.891195602E0
1.817016254E1,-6.951394501E0,-1.496887207E-3,1.458267517E0,7.102705956E0
1.818010154E1,-7.145690460E0,-2.552192688E-1,1.785786438E0,7.369875320E0
1.819004154E1,-7.282056885E0,-4.857398987E-1,2.134561157E0,7.603988891E0
1.819998054E1,-7.186405792E0,-6.343807983E-1,2.483335876E0,7.629798443E0
1.820992054E1,-6.805148621E0,-8.291258240E-1,2.777773590E0,7.396859029E0
1.821986054E1,-6.500981140E0,-1.062340851E0,3.057691498E0,7.262286222E0
1.822979954E1,-6.511908417E0,-1.242865448E0,3.372187500E0,7.437829945E0
1.823973954E1,-6.471492462E0,-1.352138214E0,3.685485992E0,7.569101627E0
1.824967954E1,-6.355334015E0,-1.302291870E0,3.976630554E0,7.609193461E0
1.825961854E1,-6.591842194E0,-1.000220032E0,4.166136475E0,7.861902870E0
1.826955854E1,-6.958878937E0,-7.048841858E-1,4.294270020E0,8.207533903E0
1.827949854E1,-7.183561707E0,-5.041516113E-1,4.383035431E0,8.430226997E0
1.828943754E1,-7.530390472E0,-3.115022278E-1,4.431833954E0,8.743281220E0
1.829937754E1,-7.969577179E0,-1.338217163E-1,4.446802826E0,9.127218855E0
1.830931754E1,-8.506510620E0,3.652404785E-2,4.418511658E0,9.585682146E0
1.831925654E1,-9.010213165E0,3.101550293E-1,4.385580139E0,1.002563966E1
1.832919654E1,-9.365574188E0,5.279521179E-1,4.316124573E0,1.032577574E1
1.833913554E1,-9.644743652E0,3.046165466E-1,4.124073944E0,1.049389619E1
1.834907554E1,-9.822424164E0,-6.029461670E-1,3.939807129E0,1.060026607E1
1.835901554E1,-1.009036697E1,-1.758543091E0,3.786376190E0,1.091991869E1
1.836895454E1,-1.028885422E1,-2.790197754E0,3.874692535E0,1.134279361E1
1.837889454E1,-1.040950333E1,-3.495830383E0,4.533322906E0,1.187979824E1
1.838883454E1,-1.045126648E1,-3.277883606E0,5.723048859E0,1.235826769E1
1.839877354E1,-1.027792694E1,-2.506687317E0,7.360793152E0,1.288799982E1
1.840871354E1,-1.028645920E1,-1.692829742E0,8.930728455E0,1.372715652E1
1.841865354E1,-1.095586716E1,-9.249266052E-1,9.661808167E0,1.463683885E1
1.842859254E1,-1.261037659E1,-3.712280273E-1,8.750952301E0,1.535378045E1
1.843853254E1,-1.443223801E1,-4.537065125E-1,6.294410706E0,1.575166498E1
1.844847242E1,-1.579201035E1,-7.699987793E-1,3.660038910E0,1.622887469E1
1.845841142E1,-1.640378815E1,-9.382489014E-1,1.759291534E0,1.652451764E1
1.846835142E1,-1.617910538E1,-1.065334625E0,6.753955078E-1,1.622820223E1
1.847829142E1,-1.484373230E1,-1.318458252E0,-9.325607300E-2,1.490246347E1
1.848823042E1,-1.248942810E1,-1.617985382E0,-7.955955505E-1,1.261890103E1
1.849817042E1,-1.050650162E1,-1.530267792E0,-1.406624908E0,1.071013022E1
1.850810942E1,-9.098080444E0,-8.509803772E-1,-1.775906982E0,9.308763666E0
1.851804942E1,-8.116571503E0,1.225950623E-1,-1.972298584E0,8.353665316E0
1.852798942E1,-7.734266510E0,1.145867157E0,-2.054777069E0,8.084182011E0
1.853792842E1,-8.099806366E0,1.968556366E0,-2.136357422E0,8.605004379E0
1.854786842E1,-9.354646912E0,2.329605560E0,-2.224524078E0,9.893684262E0
1.855780842E1,-1.115450409E1,2.043400726E0,-2.172582092E0,1.154636570E1
1.856774742E1,-1.258448044E1,1.488504639E0,-1.953138428E0,1.282183855E1
1.857768742E1,-1.306647812E1,8.467890930E-1,-1.484163666E0,1.317773288E1
1.858762742E1,-1.271815247E1,1.905537415E-1,-9.912387085E-1,1.275814513E1
1.859756642E1,-1.172242310E1,-3.891906738E-1,-4.870870972E-1,1.173899171E1
1.860750642E1,-1.075663147E1,-9.255253601E-1,-1.841171265E-2,1.079639091E1
1.861744542E1,-1.008183472E1,-1.380878448E0,3.767665100E-1,1.018293521E1
1.862738542E1,-9.477691040E0,-1.655856628E0,7.900570679E-1,9.653635522E0
1.863732542E1,-9.036857758E0,-1.622176666E0,1.212029572E0,9.260954106E0
1.864726442E1,-8.448581085E0,-1.396595764E0,1.802551575E0,8.750896769E0
1.865720442E1,-7.542066193E0,-1.027613068E0,2.510130157E0,8.014955052E0
1.866714442E1,-6.875352631E0,-6.251000977E-1,3.068469086E0,7.554914060E0
1.867708342E1,-6.315666504E0,-3.713777161E-1,3.510948944E0,7.235490812E0
1.868702342E1,-5.581593018E0,-2.447410583E-1,3.714824982E0,6.709247606E0
1.869696342E1,-4.940625916E0,-1.502874756E-1,3.825295258E0,6.250220362E0
1.870690242E1,-4.530329132E0,1.145118713E-1,3.693269806E0,5.846130077E0
1.871684242E1,-4.697381744E0,3.403921509E-1,3.233875122E0,5.713073636E0
1.872678242E1,-5.255570984E0,4.626878357E-1,2.634072418E0,5.896901212E0
1.873672142E1,-5.914201355E0,5.507048035E-1,2.123184814E0,6.307849650E0
1.874666142E1,-6.702013092E0,7.140151978E-1,1.799258423E0,6.975967894E0
1.875660042E1,-7.185507660E0,9.134005737E-1,1.631157990E0,7.424722037E0
1.876654042E1,-7.261998596E0,9.614506531E-1,1.820364532E0,7.548161233E0
1.877648042E1,-7.265142059E0,7.265890503E-1,2.419119415E0,7.691707193E0
1.878641942E1,-7.225175171E0,2.935395813E-1,3.251538391E0,7.928544863E0
1.879635942E1,-7.056326294E0,-2.016307068E-1,4.325704651E0,8.279137421E0
1.880629942E1,-6.923103333E0,-7.457492065E-1,5.595663757E0,8.932914111E0
1.881623842E1,-6.807393951E0,-1.351090393E0,6.591542816E0,9.571546080E0
1.882617842E1,-6.826853485E0,-1.786235504E0,6.900500336E0,9.869826273E0
1.883611842E1,-7.399113464E0,-1.559906158E0,6.213878174E0,9.787362732E0
1.884605742E1,-8.497229919E0,-4.213737488E-1,4.552183685E0,9.648981731E0
1.885599742E1,-9.230854340E0,8.683442688E-1,3.052901459E0,9.761296068E0
1.886593742E1,-9.676178284E0,1.885030060E0,2.036365356E0,1.006620824E1
1.887587642E1,-9.938732300E0,2.501298523E0,1.480720825E0,1.035506775E1
1.888581642E1,-1.023032593E1,2.547702026E0,1.528770905E0,1.065305096E1
1.889575542E1,-1.093790451E1,2.147135010E0,2.205214233E0,1.136269834E1
1.890569542E1,-1.170595734E1,1.822609863E0,3.450624390E0,1.233929303E1
1.891563542E1,-1.199306030E1,1.572629700E0,5.387596436E0,1.324133131E1
1.892557442E1,-1.185040695E1,1.232686615E0,7.738607483E0,1.420695981E1
1.893551442E1,-1.137978561E1,1.109343109E0,9.264683990E0,1.471613170E1
1.894545442E1,-1.125120300E1,9.864486694E-1,8.991352386E0,1.443631074E1
1.895539342E1,-1.197674423E1,2.034269714E-1,7.584278412E0,1.417762547E1
1.896533342E1,-1.289703049E1,-8.029302979E-1,6.020480347E0,1.425567522E1
1.897527342E1,-1.387779099E1,-1.553469543E0,4.171525269E0,1.457422291E1
1.898521242E1,-1.498952911E1,-2.241588593E0,2.435585175E0,1.535066049E1
1.899515242E1,-1.591774887E1,-3.028801575E0,1.173260193E0,1.624576584E1
1.900509242E1,-1.544892380E1,-3.016676788E0,1.474433899E-1,1.574138891E1
1.901503142E1,-1.299028656E1,-1.545236664E0,-6.382727051E-1,1.309743079E1
1.902497142E1,-1.071112610E1,-1.890568542E-1,-8.813671875E-1,1.074898939E1
1.903491042E1,-9.324110413E0,4.947212219E-1,-7.767347717E-1,9.369477092E0
1.904485042E1,-8.420289917E0,6.240522766E-1,-5.788462830E-1,8.463201909E0
1.905479042E1,-8.180638275E0,1.243913269E-1,-3.252735901E-1,8.188047307E0
1.906472942E1,-9.002129974E0,-7.268884277E-1,-2.332150269E-1,9.034439668E0
1.907466942E1,-1.042986099E1,-1.347647552E0,-4.029620361E-1,1.052428300E1
1.908460942E1,-1.151240982E1,-1.456620941E0,-6.966513062E-1,1.162508699E1
1.909454842E1,-1.200922668E1,-1.085841980E0,-9.506730652E-1,1.209563383E1
1.910448842E1,-1.200024536E1,-6.548881531E-1,-9.113049316E-1,1.205260320E1
1.911442842E1,-1.170940018E1,-4.147874451E-1,-3.362008667E-1,1.172156697E1
1.912436742E1,-1.130389343E1,-3.567082214E-1,7.414082336E-1,1.133379608E1
1.913430742E1,-1.070813232E1,-2.327659607E-1,1.920057220E0,1.088140145E1
1.914424742E1,-9.820627899E0,4.909790039E-2,2.684667206E0,1.018108938E1
1.915418642E1,-8.959319000E0,4.552033997E-1,2.951711884E0,9.444003925E0
1.916412642E1,-8.212222595E0,8.747808838E-1,2.676134949E0,8.681448025E0
1.917406542E1,-7.387737122E0,1.177451477E0,2.042801971E0,7.754875347E0
1.918400542E1,-6.848109283E0,1.212478638E0,1.449884949E0,7.104144675E0
1.919394542E1,-6.755451965E0,1.023571472E0,1.162332916E0,6.930717685E0
1.920388442E1,-6.865323486E0,6.776408386E-1,1.210233307E0,7.004036574E0
1.921382442E1,-6.933731232E0,3.233276367E-1,1.439257050E0,7.088908972E0
1.922376442E1,-6.937772827E0,-3.547622681E-2,1.552421722E0,7.109427795E0
1.923370342E1,-6.981481934E0,-4.052073669E-1,1.566342773E0,7.166499333E0
1.924364342E1,-6.776109009E0,-7.653584290E-1,1.709445190E0,7.030194143E0
1.925358342E1,-6.151308289E0,-1.017434235E0,1.976639557E0,6.540708679E0
1.926352242E1,-5.597460022E0,-1.222507782E0,2.481689301E0,6.243786172E0
1.927346242E1,-5.442382507E0,-1.188827820E0,2.949765930E0,6.303487763E0
1.928340242E1,-5.263055420E0,-1.478774872E0,3.055895233E0,6.262988356E0
1.929334142E1,-5.657335510E0,-2.067949677E0,3.083737335E0,6.766926695E0
1.930328142E1,-6.673721924E0,-2.465822296E0,3.239712982E0,7.817581731E0
1.931322042E1,-7.593559113E0,-2.565964050E0,3.582949219E0,8.779740122E0
1.932316042E1,-8.053103485E0,-2.108964386E0,4.149521027E0,9.301544564E0
1.933310042E1,-7.607929230E0,-1.531614990E0,4.791386261E0,9.120516101E0
1.934303942E1,-6.951544189E0,-1.027912445E0,5.090164948E0,8.677001199E0
1.935297942E1,-6.864724731E0,-6.233038330E-1,4.955445099E0,8.489369201E0
1.936291942E1,-7.304210815E0,-2.025288391E-1,4.598138123E0,8.633387965E0
1.937285842E1,-7.916886749E0,2.939886475E-1,4.183051300E0,8.958875114E0
1.938279842E1,-8.475375366E0,7.607180786E-1,3.805536346E0,9.321630033E0
1.939273842E1,-9.057814178E0,1.093326416E0,3.558549957E0,9.792989234E0
1.940267742E1,-9.718839569E0,9.701325989E-1,3.432661743E0,1.035278545E1
1.941261742E1,-1.043689636E1,1.154100037E-1,3.160228271E0,1.090546505E1
1.942255642E1,-1.125075394E1,-1.135089569E0,2.647245026E0,1.161360404E1
1.943249642E1,-1.178634018E1,-2.049537964E0,2.535277863E0,1.222890243E1
1.944243642E1,-1.178963333E1,-2.181563416E0,3.440146179E0,1.247354315E1
1.945237521E1,-1.146181503E1,-1.496288452E0,5.172194366E0,1.266347810E1
1.946231521E1,-1.112247070E1,-7.385641479E-1,7.017706604E0,1.317205517E1
1.947225521E1,-1.059841049E1,-1.622625732E-1,8.822653198E0,1.379100589E1
1.948219421E1,-9.930499420E0,2.896476746E-1,1.053404434E1,1.447980679E1
1.949213421E1,-9.501491547E0,7.123686218E-1,1.192390411E1,1.526320084E1
1.950207421E1,-1.049602341E1,6.676116943E-1,1.126976440E1,1.541492142E1
1.951201321E1,-1.349009720E1,-4.370910645E-1,7.823181610E0,1.560051094E1
1.952195321E1,-1.603420670E1,-1.639390869E0,4.509372711E0,1.673672098E1
1.953189321E1,-1.705942474E1,-2.043700104E0,2.500849457E0,1.736245751E1
1.954183221E1,-1.657353516E1,-2.020797729E0,1.269659729E0,1.674448348E1
1.955177221E1,-1.487411911E1,-1.889371033E0,2.336640930E-1,1.499545735E1
1.956171121E1,-1.283610718E1,-1.528770905E0,-6.731501770E-1,1.294433927E1
1.957165121E1,-1.099478622E1,-1.083147583E0,-1.296304321E0,1.112380051E1
1.958159121E1,-9.545949097E0,-7.018904114E-1,-1.648671570E0,9.712667618E0
1.959153021E1,-8.588240662E0,-3.370989990E-1,-1.920955353E0,8.806905408E0
1.960147021E1,-8.195756836E0,2.350112915E-1,-2.198627930E0,8.488794095E0
1.961141021E1,-8.224946136E0,9.839039612E-1,-2.584076385E0,8.677283948E0
1.962134921E1,-8.567433929E0,1.620979156E0,-3.080294495E0,9.247524627E0
1.963128921E1,-9.212592316E0,1.816921692E0,-3.591780853E0,1.005355416E1
1.964122921E1,-1.025876678E1,1.682052155E0,-3.986959076E0,1.113406656E1
1.965116821E1,-1.114537308E1,1.386566620E0,-3.896247711E0,1.188792052E1
1.966110821E1,-1.151615204E1,1.009051666E0,-3.195704498E0,1.199385135E1
1.967104821E1,-1.145103745E1,5.174739075E-1,-2.335293732E0,1.169818937E1
1.968098721E1,-1.094688583E1,-5.942642212E-2,-1.631008301E0,1.106788277E1
1.969092721E1,-1.026385620E1,-6.047424316E-1,-1.114432526E0,1.034187688E1
1.970086621E1,-9.642498322E0,-1.137933655E0,-5.748046875E-1,9.726410813E0
1.971080621E1,-9.080866241E0,-1.668879547E0,-1.257385254E-1,9.233802078E0
1.972074621E1,-8.603808289E0,-2.130369873E0,3.020718384E-1,8.868778961E0
1.973068521E1,-8.214018860E0,-2.411485291E0,8.463400269E-1,8.602421669E0
1.974062521E1,-7.898325348E0,-2.383643188E0,1.415606232E0,8.370737074E0
1.975056521E1,-7.477700043E0,-2.020648041E0,2.105820923E0,8.027047913E0
1.976050421E1,-6.849007416E0,-1.503473511E0,2.933898926E0,7.601124791E0
1.977044421E1,-6.255641327E0,-1.057700500E0,3.633993073E0,7.311476213E0
1.978038421E1,-5.910608826E0,-7.596702576E-1,3.945644989E0,7.147063031E0
1.979032321E1,-5.791456604E0,-3.574566650E-1,4.144730988E0,7.130746092E0
1.980026321E1,-5.541326752E0,2.993774414E-2,4.342170410E0,7.040003005E0
1.981020321E1,-5.199587402E0,4.894821167E-1,4.781506805E0,7.080826875E0
1.982014221E1,-5.006488953E0,9.587562561E-1,4.846471710E0,7.033664282E0
1.983008221E1,-5.609285431E0,1.255888367E0,3.958967285E0,6.979596020E0
1.984002121E1,-6.464307404E0,1.272653503E0,3.127296753E0,7.292935083E0
1.984996121E1,-6.772067413E0,1.243763580E0,2.802921295E0,7.433990361E0
1.985990121E1,-6.728058929E0,1.110540619E0,2.893482971E0,7.407585378E0
1.986984021E1,-6.722071381E0,8.405021667E-1,3.362008667E0,7.562789817E0
1.987978021E1,-6.727609863E0,6.092330933E-1,4.042792969E0,7.872488452E0
1.988972021E1,-6.612798615E0,4.384382629E-1,4.792434082E0,8.178554766E0
1.989965921E1,-6.693031769E0,3.538641357E-1,5.586083679E0,8.725034381E0
1.990959921E1,-7.080575867E0,1.190025330E-1,6.092181244E0,9.341487489E0
1.991953921E1,-7.648794250E0,-1.865121460E-1,6.075116730E0,9.769640912E0
1.992947821E1,-8.218808899E0,-4.547543335E-1,5.660179596E0,9.989657365E0
1.993941821E1,-8.751850433E0,-3.537144470E-1,4.881798248E0,1.002755973E1
1.994935721E1,-9.370513916E0,4.568499756E-1,3.782184906E0,1.011534308E1
1.995929721E1,-1.010159363E1,1.320254517E0,2.575394440E0,1.050799326E1
1.996923721E1,-1.078447357E1,1.793270874E0,1.684447174E0,1.106155744E1
1.997917621E1,-1.123339005E1,2.254162445E0,1.355730743E0,1.153725730E1
1.998911621E1,-1.168110901E1,2.856659546E0,1.821262665E0,1.216247545E1
1.999905621E1,-1.187300995E1,3.254831543E0,3.565585327E0,1.281700793E1
2.000899521E1,-1.163290924E1,2.908002777E0,6.702162781E0,1.373681344E1
2.001893521E1,-1.120539825E1,1.696721649E0,9.723928986E0,1.493300403E1
2.002887521E1,-1.092009155E1,3.309617615E-1,1.112471603E1,1.559221735E1
2.003881421E1,-1.161509628E1,-8.927435303E-1,1.075408676E1,1.585426866E1
2.004875421E1,-1.318548065E1,-1.783990173E0,8.917106781E0,1.601731296E1
2.005869421E1,-1.450259171E1,-2.242187347E0,6.296506348E0,1.596867441E1
2.006863321E1,-1.553828796E1,-2.483335876E0,3.781735840E0,1.618353719E1
2.007857321E1,-1.611833176E1,-2.811603241E0,1.713337097E0,1.645117793E1
2.008851221E1,-1.513038620E1,-2.594554596E0,6.676116943E-2,1.535137639E1
2.009845221E1,-1.299627411E1,-1.565145264E0,-1.214274902E0,1.314637912E1
2.010839221E1,-1.131871262E1,-1.344204712E-1,-1.979034576E0,1.149120977E1
2.011833121E1,-9.951904907E0,9.071136475E-1,-2.165546722E0,1.022510924E1
2.012827121E1,-8.883576508E0,1.420545959E0,-1.837129669E0,9.182098225E0
2.013821121E1,-8.193062439E0,1.259181519E0,-1.243763580E0,8.382049753E0
2.014815021E1,-8.110284576E0,3.540138245E-1,-5.903723145E-1,8.139445999E0
2.015809021E1,-9.095236359E0,-8.499325562E-1,-3.764671326E-1,9.142616544E0
2.016803021E1,-1.061367874E1,-1.803898773E0,-5.203179932E-1,1.077844878E1
2.017796921E1,-1.171643555E1,-2.136956177E0,-7.053332520E-1,1.193058836E1
2.018790921E1,-1.207703568E1,-2.066153412E0,-9.815089417E-1,1.229175091E1
2.019784921E1,-1.197809143E1,-1.768572235E0,-1.080902252E0,1.215610430E1
2.020778821E1,-1.151824768E1,-1.630559235E0,-8.873547363E-1,1.166688268E1
2.021772821E1,-1.085737198E1,-1.559008026E0,-4.748126221E-1,1.097900175E1
2.022766721E1,-1.033690430E1,-1.186881866E0,-7.783813477E-3,1.040482290E1
2.023760721E1,-9.836943970E0,-5.995033264E-1,4.013154602E-1,9.863362763E0
2.024754721E1,-9.242230682E0,1.125659180E-1,7.547305298E-1,9.273678733E0
2.025748621E1,-8.568182373E0,8.643026733E-1,1.082399139E0,8.679421420E0
2.026742621E1,-7.936795349E0,1.399439850E0,1.332678680E0,8.168670931E0
2.027736621E1,-7.441026306E0,1.787882080E0,1.571432190E0,7.812476813E0
2.028730521E1,-6.750512238E0,1.872007141E0,1.686842194E0,7.205502258E0
2.029724521E1,-6.166426849E0,1.753753052E0,1.592388611E0,6.605768036E0
2.030718521E1,-5.766608276E0,1.343456268E0,1.418899384E0,6.088671548E0
2.031712421E1,-5.656587067E0,7.641609192E-1,1.150507507E0,5.822764522E0
2.032706421E1,-5.659281464E0,2.469863892E-1,9.446855164E-1,5.742899937E0
2.033700321E1,-5.714217224E0,-2.107617188E-1,1.050665131E0,5.813828016E0
2.034694321E1,-5.871839447E0,-4.420307922E-1,1.375339966E0,6.046937219E0
2.035688321E1,-6.039341125E0,-6.876699829E-1,1.884730682E0,6.363862112E0
2.036682221E1,-6.353388062E0,-1.086440735E0,2.372865601E0,6.868506715E0
2.037676221E1,-6.696923676E0,-1.526525574E0,2.891087952E0,7.452345710E0
2.038670221E1,-6.904841309E0,-1.851649475E0,3.509002991E0,7.963575909E0
2.039664121E1,-7.069798279E0,-2.027982788E0,4.126019897E0,8.433196434E0
2.040658121E1,-7.142996063E0,-2.045646057E0,4.638703766E0,8.759259853E0
2.041652121E1,-7.003186798E0,-1.967059479E0,5.025948486E0,8.841612212E0
2.042646021E1,-6.919959869E0,-1.715582428E0,5.260211334E0,8.859959985E0
2.043640021E1,-7.115453339E0,-1.318009186E0,5.274731140E0,8.954865327E0
2.044634021E1,-7.629634094E0,-8.652008057E-1,4.862189026E0,9.088496629E0
2.045627904E1,-8.446784821E0,-3.969744873E-1,4.286635895E0,9.480559574E0
2.046621904E1,-8.972790985E0,1.207987976E-1,3.967798920E0,9.811676650E0
2.047615804E1,-9.276509399E0,4.543052673E-1,3.984713745E0,1.010633284E1
2.048609804E1,-9.714498596E0,2.658471680E-1,4.047882385E0,1.052746453E1
2.049603804E1,-1.020757324E1,-5.092410278E-1,3.980672150E0,1.096811874E1
2.050597704E1,-1.073612411E1,-1.569336548E0,3.692221985E0,1.146122513E1
2.051591704E1,-1.116782639E1,-2.494412842E0,3.513343964E0,1.197021418E1
2.052585704E1,-1.147393982E1,-3.047662354E0,3.977079620E0,1.252025172E1
2.053579604E1,-1.101768860E1,-2.994822235E0,5.342839508E0,1.260572712E1
2.054573604E1,-1.015173935E1,-2.433938599E0,7.344028015E0,1.276387936E1
2.055567604E1,-9.858199768E0,-1.676962738E0,9.388476563E0,1.371640619E1
2.056561504E1,-1.036534515E1,-8.487350464E-1,1.034483780E1,1.466889227E1
2.057555504E1,-1.167452271E1,-2.998265076E-1,9.659862213E0,1.515576835E1
2.058549404E1,-1.321092773E1,-2.011816406E-1,8.011490021E0,1.545163609E1
2.059543404E1,-1.445529007E1,-3.056643677E-1,6.484814758E0,1.584618769E1
2.060537404E1,-1.530058228E1,-4.788542175E-1,4.995861053E0,1.610266273E1
2.061531304E1,-1.573842178E1,-8.394543457E-1,3.526815948E0,1.615057382E1
2.062525304E1,-1.538321045E1,-1.296154633E0,2.205214233E0,1.559442690E1
2.063519304E1,-1.399155441E1,-1.749861145E0,1.119971008E0,1.414496179E1
2.064513204E1,-1.224199265E1,-2.014810181E0,2.460882568E-1,1.240912581E1
2.065507204E1,-1.069495972E1,-1.839225311E0,-5.764512634E-1,1.086725398E1
2.066501204E1,-9.549841003E0,-1.199605408E0,-1.303040314E0,9.712694291E0
2.067495104E1,-8.707991638E0,-2.369572449E-1,-1.870210876E0,8.909711321E0
2.068489104E1,-8.200696564E0,7.976911926E-1,-2.313888245E0,8.558143150E0
2.069483104E1,-8.206534424E0,1.794169006E0,-2.778522034E0,8.847962159E0
2.070477004E1,-8.770711212E0,2.657872925E0,-3.246149597E0,9.722507437E0
2.071471004E1,-9.726773071E0,3.207529907E0,-3.666625214E0,1.087853404E1
2.072464904E1,-1.087563400E1,3.275488586E0,-3.881578217E0,1.200312001E1
2.073458904E1,-1.189516388E1,2.887196045E0,-3.708238678E0,1.278991238E1
2.074452904E1,-1.224543549E1,2.048639832E0,-2.966381378E0,1.276507085E1
2.075446804E1,-1.199695221E1,1.197210388E0,-2.060165863E0,1.223129014E1
2.076440804E1,-1.117171829E1,5.369334412E-1,-1.406325531E0,1.127268108E1
2.077434804E1,-1.014185989E1,-3.981719971E-2,-1.113983459E0,1.020293422E1
2.078428704E1,-9.354796600E0,-4.945715332E-1,-8.693920898E-1,9.408116870E0
2.079422704E1,-8.689729614E0,-1.003363495E0,-5.909710693E-1,8.767404740E0
2.080416704E1,-8.329129486E0,-1.552571411E0,-2.377056885E-1,8.475929446E0
2.081410604E1,-8.163573761E0,-1.901645508E0,1.389111328E-1,8.383286258E0
2.082404604E1,-7.736511841E0,-2.226619720E0,6.123765564E-1,8.073812971E0
2.083398504E1,-7.253017273E0,-2.373763733E0,1.238075409E0,7.731354638E0
2.084392504E1,-7.103478241E0,-2.095642090E0,1.980531464E0,7.666395748E0
2.085386504E1,-6.850803680E0,-1.549128571E0,2.923570404E0,7.607928384E0
2.086380404E1,-6.187982025E0,-8.894503784E-1,3.691323853E0,7.260035489E0
2.087374404E1,-5.716761932E0,-2.710862732E-1,4.376149750E0,7.204550048E0
2.088368404E1,-5.443430328E0,1.553768921E-1,5.049449615E0,7.426440408E0
2.089362304E1,-4.894521790E0,6.236032104E-1,6.231391754E0,7.948299674E0
2.090356304E1,-5.016069031E0,1.057700500E0,5.869145050E0,7.792723689E0
2.091350304E1,-6.314468994E0,1.319206696E0,4.077221375E0,7.631288169E0
2.092344204E1,-7.092700653E0,1.468895416E0,2.793790283E0,7.763331788E0
2.093338204E1,-7.090305634E0,1.543739777E0,2.112856293E0,7.557759469E0
2.094332204E1,-6.997199249E0,1.301992493E0,2.130070496E0,7.429211405E0
2.095326104E1,-7.022496643E0,7.673043823E-1,2.737058258E0,7.575995184E0
2.096320104E1,-7.018155670E0,1.907034302E-1,3.640579376E0,7.908520405E0
2.097314004E1,-7.197183380E0,-2.330653381E-1,4.537065125E0,8.511094407E0
2.098308004E1,-7.499704285E0,-4.617897034E-1,5.242248688E0,9.161876740E0
2.099302004E1,-7.933352509E0,-6.300398254E-1,5.605393524E0,9.734242075E0
2.100295904E1,-8.670120392E0,-1.591191101E-1,5.493276672E0,1.026510570E1
2.101289904E1,-9.110654297E0,9.520202637E-2,5.265450439E0,1.052321498E1
2.102283904E1,-9.323960724E0,2.760260010E-1,4.711751862E0,1.045050427E1
2.103277804E1,-9.704469452E0,6.132746887E-1,3.621419220E0,1.037629560E1
2.104271804E1,-1.008527756E1,8.922944641E-1,2.406246185E0,1.040668216E1
2.105265804E1,-1.034423904E1,1.065783691E0,1.525028687E0,1.051022782E1
2.106259704E1,-1.060709244E1,1.434766388E0,1.358724518E0,1.078958279E1
2.107253704E1,-1.120345230E1,2.015408936E0,2.319726105E0,1.161724347E1
2.108247604E1,-1.176912598E1,2.377805328E0,4.364623718E0,1.277561054E1
2.109241604E1,-1.196177536E1,2.281405792E0,6.825655975E0,1.395988759E1
2.110235604E1,-1.170685547E1,1.957928467E0,8.298592987E0,1.448276888E1
2.111229504E1,-1.136451736E1,1.654958496E0,8.510103149E0,1.429380978E1
2.112223504E1,-1.155028107E1,9.072633362E-1,8.321195984E0,1.426444608E1
2.113217504E1,-1.235605545E1,-1.481918335E-1,7.703131256E0,1.456132886E1
2.114211404E1,-1.336555618E1,-7.815248108E-1,6.186634827E0,1.474867193E1
2.115205404E1,-1.409873154E1,-1.200204163E0,4.273313599E0,1.478093130E1
2.116199404E1,-1.467443436E1,-1.594334564E0,2.563718719E0,1.498177493E1
2.117193304E1,-1.503278915E1,-1.735790405E0,1.014141083E0,1.516661466E1
2.118187304E1,-1.402014496E1,-1.075363770E0,-4.324507141E-1,1.406797375E1
2.119181304E1,-1.181927170E1,-1.291813660E-1,-1.483864288E0,1.191275470E1
2.120175204E1,-1.000549347E1,4.435276794E-1,-1.961520996E0,1.020559557E1
2.121169204E1,-8.768914948E0,6.265969849E-1,-2.017953644E0,9.019901887E0
2.122163104E1,-7.921976166E0,3.956272888E-1,-1.693129120E0,8.110543357E0
2.123157104E1,-7.753726044E0,-4.604425049E-1,-1.256936188E0,7.868428270E0
2.124151104E1,-8.331374817E0,-1.729054413E0,-1.006057892E0,8.568172967E0
2.125145004E1,-9.545050964E0,-2.749482422E0,-1.045426025E0,9.988021179E0
2.126139004E1,-1.095706467E1,-3.226390686E0,-1.300196228E0,1.149597204E1
2.127133004E1,-1.199859879E1,-3.039728851E0,-1.540746002E0,1.247318013E1
2.128126904E1,-1.234467911E1,-2.278112640E0,-1.496737518E0,1.264203792E1
2.129120904E1,-1.224423798E1,-1.283580780E0,-1.119072876E0,1.236208993E1
2.130114904E1,-1.199470688E1,-4.251159668E-1,-5.159770203E-1,1.201332381E1
2.131108804E1,-1.155896301E1,1.724414062E-1,3.559597778E-1,1.156572822E1
2.132102804E1,-1.081965042E1,5.745053101E-1,1.453627167E0,1.093196796E1
2.133096704E1,-9.867630157E0,9.370513916E-1,2.391726379E0,1.019649672E1
2.134090704E1,-8.959468689E0,1.270258484E0,2.897674255E0,9.501692054E0
2.135084704E1,-8.232131195E0,1.461111603E0,3.152145081E0,8.935258795E0
2.136078604E1,-7.654482422E0,1.484313354E0,2.880010986E0,8.311964302E0
2.137072604E1,-7.009324036E0,1.382525024E0,2.567311249E0,7.591645798E0
2.138066604E1,-6.448440399E0,1.217418365E0,2.317780151E0,6.959640500E0
2.139060504E1,-6.094576263E0,9.077124023E-1,1.990261230E0,6.475256088E0
2.140054504E1,-5.893843689E0,5.748046875E-1,1.547631683E0,6.120699117E0
2.141048504E1,-5.713169403E0,2.380050659E-1,1.109792175E0,5.824825295E0
2.142042404E1,-5.613626404E0,-9.999206543E-2,8.360115051E-1,5.676417449E0
2.143036404E1,-5.613177338E0,-3.403921509E-1,7.822732544E-1,5.677638425E0
2.144030404E1,-5.751190338E0,-5.984555054E-1,9.199868774E-1,5.854973540E0
2.145024317E1,-6.003715210E0,-9.247769165E-1,1.199156342E0,6.191751335E0
2.146018317E1,-6.295757904E0,-1.278491364E0,1.546284485E0,6.607730583E0
2.147012217E1,-6.566544800E0,-1.724264374E0,1.990560608E0,7.074950867E0
2.148006217E1,-6.747518463E0,-2.168241119E0,2.517764282E0,7.521263986E0
2.149000217E1,-6.835834808E0,-2.491269379E0,3.192261658E0,7.945161744E0
2.149994117E1,-6.805298309E0,-2.633024597E0,3.986959076E0,8.315091478E0
2.150988117E1,-6.825057220E0,-2.584675140E0,5.055736542E0,8.878199346E0
2.151982117E1,-6.969656525E0,-2.271077271E0,6.424041138E0,9.746907642E0
2.152976017E1,-7.161407776E0,-1.551972656E0,6.941215668E0,1.009330746E1
2.153970017E1,-7.811356201E0,-8.199948120E-1,5.830076294E0,9.781588153E0
2.154964017E1,-8.929381256E0,-3.029699707E-1,4.639751587E0,1.006741949E1
2.155957917E1,-9.626930695E0,2.130070496E-1,3.931125183E0,1.040081304E1
2.156951917E1,-9.876162415E0,5.551954651E-1,3.708088989E0,1.056393629E1
2.157945817E1,-1.021700363E1,5.025050354E-1,3.785927124E0,1.090747077E1
2.158939817E1,-1.077055252E1,-1.769320679E-1,3.857927399E0,1.144201514E1
2.159933817E1,-1.129985184E1,-1.282982025E0,3.759282532E0,1.197768340E1
2.160927717E1,-1.164697998E1,-2.159858551E0,3.874243469E0,1.246302107E1
2.161921717E1,-1.160551620E1,-2.601589966E0,4.681814117E0,1.278184886E1
2.162915717E1,-1.108594666E1,-2.422113190E0,6.153852997E0,1.290870839E1
2.163909617E1,-1.055245605E1,-1.925146637E0,7.898025970E0,1.332063559E1
2.164903617E1,-1.031025970E1,-1.488804016E0,9.243577881E0,1.392701420E1
2.165897617E1,-1.045470932E1,-9.931846619E-1,9.361532593E0,1.406860530E1
2.166891517E1,-1.141481277E1,-5.025050354E-1,8.536747742E0,1.426276705E1
2.167885517E1,-1.282772461E1,1.062789917E-2,7.541168060E0,1.488018304E1
2.168879517E1,-1.445543976E1,1.475930786E-1,6.240373077E0,1.574559553E1
2.169873417E1,-1.601714218E1,-3.053649902E-1,4.369264069E0,1.660519678E1
2.170867417E1,-1.672786423E1,-9.466314697E-1,2.573747864E0,1.695115721E1
2.171861317E1,-1.602043533E1,-1.432221680E0,1.316961365E0,1.613815338E1
2.172855317E1,-1.396386200E1,-1.703757019E0,4.602928162E-1,1.407494580E1
2.173849317E1,-1.185774170E1,-1.735041962E0,-2.323168945E-1,1.198625796E1
2.174843217E1,-1.042956161E1,-1.378184052E0,-8.461903381E-1,1.055420224E1
2.175837217E1,-9.262288971E0,-7.491920471E-1,-1.307081909E0,9.384015602E0
2.176831217E1,-8.252189484E0,-1.350192261E-1,-1.629511414E0,8.412619622E0
2.177825117E1,-7.690557404E0,5.239105225E-1,-2.002086639E0,7.964138769E0
2.178819117E1,-7.613168335E0,1.220412140E0,-2.407144318E0,8.077380866E0
2.179813117E1,-8.165519714E0,1.801204376E0,-2.797233124E0,8.817287710E0
2.180807017E1,-9.373058624E0,2.067201233E0,-3.155438232E0,1.010367950E1
2.181801017E1,-1.061203217E1,1.847458191E0,-3.370241547E0,1.128657860E1
2.182795017E1,-1.147977768E1,1.325194244E0,-3.250340881E0,1.200442215E1
2.183788917E1,-1.172631500E1,7.441026306E-1,-2.687960358E0,1.205343450E1
2.184782917E1,-1.147977768E1,3.043171692E-1,-1.993404694E0,1.165553803E1
2.185776817E1,-1.081396225E1,-9.924362183E-2,-1.393152924E0,1.090378393E1
2.186770817E1,-1.009590546E1,-5.575904846E-1,-9.325607300E-1,1.015420522E1
2.187764817E1,-9.618398438E0,-1.008003845E0,-4.480183411E-1,9.681445176E0
2.188758717E1,-9.042246552E0,-1.536255341E0,1.212478638E-2,9.171829162E0
2.189752717E1,-8.468339996E0,-2.085463257E0,4.891827393E-1,8.735058045E0
2.190746717E1,-8.034991150E0,-2.337239685E0,9.577084351E-1,8.422646708E0
2.191740617E1,-7.609725494E0,-2.339784393E0,1.505269775E0,8.102366951E0
2.192734617E1,-7.268435211E0,-2.095342712E0,2.395468597E0,7.934663276E0
2.193728617E1,-6.978787537E0,-1.532363434E0,3.313359833E0,7.875910522E0
2.194722517E1,-6.631659393E0,-8.586145020E-1,4.015699310E0,7.800126032E0
2.195716517E1,-5.987399139E0,-2.805166626E-1,4.918621674E0,7.753739564E0
2.196710517E1,-4.871170349E0,2.650987244E-1,6.097120972E0,7.808550573E0
2.197704417E1,-4.772525482E0,5.890251160E-1,5.342989197E0,7.188287948E0
2.198698417E1,-5.993386688E0,6.783892822E-1,3.710484009E0,7.081566747E0
2.199692317E1,-6.772666168E0,9.472302246E-1,2.606080627E0,7.318326883E0
2.200686317E1,-7.068301392E0,1.419498138E0,1.835183716E0,7.439338600E0
2.201680317E1,-7.100634155E0,1.842967529E0,1.487307129E0,7.485159799E0
2.202674217E1,-6.876250763E0,2.014211426E0,1.768572235E0,7.380224927E0
2.203668217E1,-6.548582153E0,1.788780212E0,2.533032532E0,7.245682623E0
2.204662217E1,-6.562952271E0,1.152752838E0,3.429368591E0,7.494114394E0
2.205656117E1,-6.734345856E0,3.180885315E-1,4.283791809E0,7.987707223E0
2.206650117E1,-7.064708862E0,-4.673281860E-1,5.019362183E0,8.678853822E0
2.207644117E1,-7.483238525E0,-1.008003845E0,5.569168854E0,9.382460887E0
2.208638017E1,-8.062084808E0,-1.233135681E0,6.010151825E0,1.013112827E1
2.209632017E1,-8.525521088E0,-8.723858643E-1,6.419700165E0,1.070785306E1
2.210625917E1,-8.857081604E0,-7.499404907E-2,6.073170776E0,1.073950287E1
2.211619917E1,-9.410780182E0,6.530918884E-1,4.707261200E0,1.054265719E1
2.212613917E1,-9.730964355E0,1.195713501E0,3.224145355E0,1.032068367E1
2.213607817E1,-9.984237671E0,1.572779388E0,2.113305359E0,1.032592351E1
2.214601817E1,-1.032058823E1,1.811383209E0,1.557361450E0,1.059344255E1
2.215595817E1,-1.086620361E1,1.814077606E0,1.894909515E0,1.117836932E1
2.216589717E1,-1.159503799E1,1.749861145E0,3.254532166E0,1.216958914E1
2.217583717E1,-1.197599579E1,1.717229004E0,5.431006165E0,1.326156773E1
2.218577717E1,-1.206311462E1,1.512454834E0,7.449708252E0,1.425848544E1
2.219571617E1,-1.186417831E1,1.228046265E0,8.308023376E0,1.453582048E1
2.220565617E1,-1.167991150E1,1.244062958E0,8.099806366E0,1.426796721E1
2.221559617E1,-1.204305634E1,9.613009644E-1,7.604636078E0,1.427549632E1
2.222553517E1,-1.263776962E1,7.768844604E-2,7.116052094E0,1.450370483E1
2.223547517E1,-1.354293732E1,-8.740324402E-1,5.991590424E0,1.483489938E1
2.224541417E1,-1.480735794E1,-1.622026978E0,4.010909271E0,1.542647769E1
2.225535417E1,-1.599768265E1,-1.965412903E0,1.742676086E0,1.621189742E1
2.226529417E1,-1.631053207E1,-1.817819824E0,3.442840576E-3,1.641151843E1
2.227523317E1,-1.418300629E1,-1.158441010E0,-1.056353302E0,1.426939155E1
2.228517317E1,-1.157991943E1,-3.863465881E-1,-1.645677795E0,1.170265154E1
2.229511317E1,-9.815538483E0,4.490661621E-3,-1.899250488E0,9.997598126E0
2.230505217E1,-8.470435638E0,-4.340972900E-2,-1.834435272E0,8.666909315E0
2.231499217E1,-7.841443634E0,-5.556445312E-1,-1.650318146E0,8.032467186E0
2.232493217E1,-7.937244415E0,-1.600471802E0,-1.471889191E0,8.229691166E0
2.233487117E1,-8.718020782E0,-2.699037323E0,-1.510359192E0,9.250398571E0
2.234481117E1,-9.926457825E0,-3.412902832E0,-1.788630524E0,1.064808292E1
2.235475017E1,-1.093835358E1,-3.465593262E0,-2.208657074E0,1.168486550E1
2.236469017E1,-1.130239655E1,-2.731070709E0,-2.543211365E0,1.190255598E1
2.237463017E1,-1.107457031E1,-1.706900482E0,-2.473755798E0,1.147515074E1
2.238456917E1,-1.094913116E1,-8.741821289E-1,-1.990410919E0,1.116285820E1
2.239450917E1,-1.095526840E1,-2.374063110E-1,-1.322499847E0,1.103735808E1
2.240444917E1,-1.075139236E1,2.580633545E-1,-5.224136353E-1,1.076717003E1
2.241438817E1,-1.020008881E1,7.238946533E-1,3.158432007E-1,1.023062032E1
2.242432817E1,-9.686806183E0,1.194066925E0,1.204245758E0,9.834135330E0
2.243426817E1,-9.307195587E0,1.600771179E0,1.934876404E0,9.640026181E0
2.244420717E1,-8.731792145E0,1.894310760E0,2.263293457E0,9.217109340E0
2.245414729E1,-7.880662079E0,2.034269714E0,2.472258911E0,8.506183174E0
2.246408729E1,-7.133865051E0,1.964365082E0,2.684218140E0,7.871199894E0
2.247402629E1,-6.624923401E0,1.568438416E0,2.702031097E0,7.324655704E0
2.248396629E1,-6.279591522E0,9.571096802E-1,2.545157318E0,6.843036928E0
2.249390529E1,-5.988446960E0,3.320095825E-1,2.129771118E0,6.364562230E0
2.250384529E1,-5.830974426E0,-1.636097717E-1,1.674567719E0,6.068872050E0
2.251378529E1,-5.704786835E0,-4.999603271E-1,1.409468994E0,5.897555087E0
2.252372429E1,-5.773793335E0,-7.405101013E-1,1.276395721E0,5.959381740E0
2.253366429E1,-5.976621552E0,-1.028361511E0,1.334924011E0,6.209634022E0
2.254360429E1,-6.211932220E0,-1.360221405E0,1.657353516E0,6.571539002E0
2.255354329E1,-6.589896240E0,-1.750908966E0,2.207459564E0,7.166958378E0
2.256348329E1,-6.829547882E0,-2.157164154E0,2.700983276E0,7.654501429E0
2.257342329E1,-6.979386292E0,-2.366279297E0,3.170407104E0,8.022629988E0
2.258336229E1,-7.078180847E0,-2.236199799E0,3.756438446E0,8.319378790E0
2.259330229E1,-7.115902405E0,-1.992506561E0,4.342170410E0,8.570915546E0
2.260324129E1,-7.065307617E0,-1.736987915E0,5.096601562E0,8.883188967E0
2.261318129E1,-7.018904114E0,-1.431024170E0,5.748645630E0,9.184757575E0
2.262312129E1,-7.274871826E0,-1.156045990E0,5.566175079E0,9.232686902E0
2.263306029E1,-8.029153290E0,-8.080197144E-1,4.846621399E0,9.413285154E0
2.264300029E1,-8.738528137E0,-3.287164307E-1,4.252207489E0,9.723743982E0
2.265294029E1,-9.089248810E0,2.106120300E-1,3.931274872E0,9.905237174E0
2.266287929E1,-9.307195587E0,5.378315735E-1,3.742367706E0,1.004581846E1
2.267281929E1,-9.659712524E0,3.933819580E-1,3.521427155E0,1.028908376E1
2.268275929E1,-1.010294083E1,-4.073030090E-1,3.237617340E0,1.061684864E1
2.269269829E1,-1.054362442E1,-1.459165649E0,2.969375153E0,1.105053705E1
2.270263829E1,-1.092997101E1,-2.388133850E0,2.911894684E0,1.156056141E1
2.271257829E1,-1.114028366E1,-3.013683014E0,3.519032135E0,1.206531361E1
2.272251729E1,-1.092877350E1,-2.769690399E0,5.059329071E0,1.235743039E1
2.273245729E1,-1.054152878E1,-1.922751617E0,7.496860199E0,1.307760359E1
2.274239629E1,-1.045336212E1,-1.092128906E0,9.694440308E0,1.429852084E1
2.275233629E1,-1.098909805E1,-3.873944092E-1,1.032477951E1,1.508348177E1
2.276227629E1,-1.230695755E1,9.340576172E-2,9.442963257E0,1.551255891E1
2.277221529E1,-1.368409378E1,3.004252625E-1,7.909402313E0,1.580833081E1
2.278215529E1,-1.477816864E1,3.056643677E-1,6.241420898E0,1.604503144E1
2.279209529E1,-1.567255875E1,2.993774414E-2,4.186793518E0,1.622218339E1
2.280203429E1,-1.595981140E1,-5.855822754E-1,2.312391357E0,1.613708897E1
2.281197429E1,-1.515972519E1,-1.242117004E0,1.135538635E0,1.525285450E1
2.282191429E1,-1.353096222E1,-1.750310211E0,3.852987671E-1,1.364913842E1
2.283185329E1,-1.200234100E1,-2.079026642E0,-3.315605164E-1,1.218558467E1
2.284179329E1,-1.076935501E1,-1.987267456E0,-1.096020813E0,1.100588483E1
2.285173329E1,-9.850415955E0,-1.448687439E0,-1.707798615E0,1.010178033E1
2.286167229E1,-9.142837372E0,-6.837780762E-1,-2.102378082E0,9.406328788E0
2.287161229E1,-8.905580750E0,3.041674805E-1,-2.474055176E0,9.247855717E0
2.288155129E1,-9.089847565E0,1.365909576E0,-2.811154175E0,9.612160294E0
2.289149129E1,-9.541159058E0,2.218985596E0,-2.958747253E0,1.023287831E1
2.290143129E1,-1.021505768E1,2.614612885E0,-3.061284027E0,1.097975700E1
2.291137029E1,-1.115151031E1,2.512375488E0,-3.060086517E0,1.183352620E1
2.292131029E1,-1.192300598E1,2.095941467E0,-2.774330750E0,1.241965995E1
2.293125029E1,-1.185190384E1,1.435814209E0,-2.306254120E0,1.215927609E1
2.294118929E1,-1.123967697E1,8.635542297E-1,-1.826501770E0,1.141981493E1
2.295112929E1,-1.039124130E1,3.010240173E-1,-1.463506622E0,1.049811235E1
2.296106929E1,-9.660610657E0,-2.650987244E-1,-1.160386963E0,9.733661875E0
2.297100829E1,-9.010961609E0,-8.066725159E-1,-7.902067566E-1,9.081441316E0
2.298094829E1,-8.434360657E0,-1.300046539E0,-3.897894287E-1,8.542862313E0
2.299088829E1,-7.975714417E0,-1.628164215E0,9.580078125E-3,8.140210743E0
2.300082729E1,-7.483986969E0,-1.926044769E0,4.938230896E-1,7.743614831E0
2.301076729E1,-7.083419952E0,-2.001338196E0,9.219328308E-1,7.418231119E0
2.302070629E1,-6.732250214E0,-1.987566833E0,1.345402222E0,7.147287737E0
2.303064629E1,-6.488556976E0,-1.825004883E0,1.982776794E0,7.025910494E0
2.304058629E1,-6.306984558E0,-1.486858063E0,2.511477356E0,6.949555354E0
2.305052529E1,-6.020630035E0,-1.138981476E0,2.982098694E0,6.814556291E0
2.306046529E1,-5.866750031E0,-6.518943787E-1,3.354673920E0,6.789518341E0
2.307040529E1,-5.853278046E0,-1.975891113E-2,3.688180389E0,6.918376174E0
2.308034429E1,-5.629792786E0,6.777905273E-1,4.449796600E0,7.207957866E0
2.309028429E1,-5.581143951E0,1.318607941E0,4.825365601E0,7.494801391E0
2.310022429E1,-6.253545685E0,1.597927094E0,4.083059235E0,7.637511201E0
2.311016329E1,-6.900350647E0,1.737137604E0,3.202440491E0,7.803083442E0
2.312010329E1,-7.212002563E0,1.789079590E0,2.675536194E0,7.897612340E0
2.313004329E1,-7.408244476E0,1.784139862E0,2.557731171E0,8.037862279E0
2.313998229E1,-7.549550629E0,1.530716858E0,2.849923553E0,8.213456827E0
2.314992229E1,-7.466473389E0,1.060245209E0,3.511697388E0,8.318915994E0
2.315986129E1,-7.444319458E0,3.728746033E-1,4.294419708E0,8.602265300E0
2.316980129E1,-7.602690125E0,-3.023712158E-1,5.107977905E0,9.164265588E0
2.317974129E1,-7.822882233E0,-7.734416199E-1,5.795348511E0,9.766358724E0
2.318968029E1,-8.332422638E0,-8.336164856E-1,6.163133698E0,1.039751896E1
2.319962029E1,-8.990304565E0,-2.128573608E-1,5.962850189E0,1.079010968E1
2.320956029E1,-9.657167816E0,7.063810730E-1,4.577780457E0,1.071055266E1
2.321949929E1,-9.958790588E0,1.414558411E0,2.846480713E0,1.045375234E1
2.322943929E1,-1.009111542E1,1.840871887E0,1.623224487E0,1.038529140E1
2.323937929E1,-1.009336075E1,1.813927917E0,1.150357819E0,1.031937928E1
2.324931829E1,-1.048180298E1,1.154998169E0,1.711840210E0,1.068328654E1
2.325925829E1,-1.134655472E1,4.869374084E-1,3.174299011E0,1.179226807E1
2.326919729E1,-1.201461548E1,3.484753418E-1,5.539680176E0,1.323482061E1
2.327913729E1,-1.232971024E1,4.899311829E-1,8.080795898E0,1.474995083E1
2.328907729E1,-1.209634552E1,8.077203369E-1,9.089697876E0,1.515244517E1
2.329901629E1,-1.141391464E1,1.147962799E0,8.729097748E0,1.441500654E1
2.330895629E1,-1.118788467E1,8.397537231E-1,8.384514313E0,1.400621398E1
2.331889629E1,-1.143322449E1,-1.826202393E-1,8.078999634E0,1.400079310E1
2.332883529E1,-1.231668732E1,-1.076112213E0,6.938371582E0,1.417743997E1
2.333877529E1,-1.364263000E1,-1.486708374E0,4.910239105E0,1.457539376E1
2.334871529E1,-1.479388596E1,-1.861828308E0,2.628084869E0,1.514041929E1
2.335865429E1,-1.532842438E1,-2.220033417E0,7.411088562E-1,1.550607573E1
2.336859429E1,-1.416354675E1,-2.198178864E0,-5.590873718E-1,1.434401010E1
2.337853429E1,-1.202778809E1,-1.653461609E0,-1.537452850E0,1.223786676E1
2.338847329E1,-1.039857605E1,-9.732760620E-1,-2.248174896E0,1.068325515E1
2.339841329E1,-9.160051575E0,-3.739224243E-1,-2.571352844E0,9.521460932E0
2.340835229E1,-8.365952911E0,5.074447632E-2,-2.497107239E0,8.730823998E0
2.341829229E1,-8.114176483E0,-4.101470947E-2,-2.145189056E0,8.393055361E0
2.342823229E1,-8.405321045E0,-6.747967529E-1,-1.704206085E0,8.602853649E0
2.343817129E1,-9.226812744E0,-1.381477203E0,-1.494043121E0,9.448529914E0
2.344811129E1,-1.042462189E1,-1.771865387E0,-1.563498688E0,1.068909615E1
2.345805108E1,-1.148995651E1,-1.671723633E0,-1.778302002E0,1.174632362E1
2.346799008E1,-1.200743042E1,-1.276246033E0,-1.934427338E0,1.222903097E1
2.347793008E1,-1.202988373E1,-1.019080811E0,-1.648072815E0,1.218494039E1
2.348787008E1,-1.193977112E1,-7.385641479E-1,-1.059047699E0,1.200937939E1
2.349780908E1,-1.155761581E1,-5.297483826E-1,-3.567082214E-1,1.157524762E1
2.350774908E1,-1.067445236E1,-3.162922668E-1,3.995191956E-1,1.068660796E1
2.351768908E1,-9.653575287E0,1.422042847E-2,1.085093536E0,9.714378314E0
2.352762808E1,-8.914562073E0,4.240681458E-1,1.559307404E0,9.059839420E0
2.353756808E1,-8.448730774E0,8.653504944E-1,1.790875854E0,8.679695818E0
2.354750708E1,-7.939789124E0,1.353186035E0,1.891466675E0,8.273391684E0
2.355744708E1,-7.279362488E0,1.700164490E0,2.061363373E0,7.754282460E0
2.356738708E1,-6.723717957E0,1.788031769E0,2.090852051E0,7.264785135E0
2.357732608E1,-6.406826935E0,1.586101685E0,2.016456757E0,6.901394626E0
2.358726608E1,-6.051016846E0,1.153800659E0,1.800156555E0,6.417680613E0
2.359720608E1,-5.895041199E0,6.390211487E-1,1.551673279E0,6.129237206E0
2.360714508E1,-5.818400574E0,1.600172424E-1,1.289418640E0,5.961710424E0
2.361708508E1,-5.756130066E0,-2.353106689E-1,1.120420074E0,5.868879415E0
2.362702508E1,-5.765410767E0,-4.790039062E-1,1.024469604E0,5.875282463E0
2.363696408E1,-5.672154694E0,-8.957373047E-1,1.069675598E0,5.841223337E0
2.364690408E1,-5.773793335E0,-1.364712067E0,1.383572845E0,6.092077012E0
2.365684408E1,-6.139931946E0,-1.794019318E0,1.942959595E0,6.685234596E0
2.366678308E1,-6.695277100E0,-2.087708588E0,2.706222382E0,7.517240329E0
2.367672308E1,-7.104526062E0,-2.259401550E0,3.459306335E0,8.218636520E0
2.368666208E1,-7.400610352E0,-2.337539063E0,4.158352661E0,8.804829317E0
2.369660208E1,-7.543712769E0,-2.344574432E0,4.784949646E0,9.235820197E0
2.370654208E1,-7.585326233E0,-2.185155945E0,5.344336395E0,9.532786165E0
2.371648108E1,-7.640261993E0,-1.678010559E0,5.739813995E0,9.702308358E0
2.372642108E1,-7.770491180E0,-9.635462952E-1,5.782026215E0,9.733487648E0
2.373636108E1,-8.250991974E0,-3.215313721E-1,5.281916199E0,9.802085988E0
2.374630008E1,-8.917256470E0,1.055305481E-1,4.536017303E0,1.000520128E1
2.375624008E1,-9.430688782E0,2.974314880E-1,4.059857483E0,1.027174762E1
2.376618008E1,-9.853559418E0,1.092727661E-1,3.845353546E0,1.057786924E1
2.377611908E1,-1.027298721E1,-6.444099426E-1,3.630101166E0,1.091453915E1
2.378605908E1,-1.077624069E1,-1.572030945E0,3.294648743E0,1.137775703E1
2.379599908E1,-1.128787674E1,-2.180964661E0,3.120111694E0,1.191250877E1
2.380593808E1,-1.137888748E1,-2.360591125E0,3.698658600E0,1.219555436E1
2.381587808E1,-1.085752167E1,-1.953737183E0,5.177283783E0,1.218635028E1
2.382581708E1,-1.056622742E1,-1.469344482E0,7.072642365E0,1.279946894E1
2.383575708E1,-1.038764877E1,-8.976832581E-1,9.113199005E0,1.384772466E1
2.384569708E1,-1.023930725E1,-1.887574768E-1,1.021625519E1,1.446550768E1
2.385563608E1,-1.082908081E1,2.245330811E-1,9.507329407E0,1.441210320E1
2.386557608E1,-1.211670319E1,4.635859680E-1,8.112978973E0,1.458937407E1
2.387551608E1,-1.353575226E1,4.701722717E-1,6.730154572E0,1.512390927E1
2.388545508E1,-1.495779510E1,-3.008743286E-2,4.848567352E0,1.572403081E1
2.389539508E1,-1.589709183E1,-8.434959412E-1,2.841540985E0,1.617106580E1
2.390533508E1,-1.577165268E1,-1.671573944E0,1.559457092E0,1.593647057E1
2.391527408E1,-1.452414688E1,-2.432441711E0,7.720944214E-1,1.474665200E1
2.392521408E1,-1.282877243E1,-2.938988342E0,-1.462458801E-1,1.316193156E1
2.393515408E1,-1.116094070E1,-2.892435150E0,-1.025367737E0,1.157515259E1
2.394509308E1,-9.781409454E0,-2.401306458E0,-1.621727600E0,1.020158047E1
2.395503308E1,-8.988508301E0,-1.656305695E0,-2.060165863E0,9.369146888E0
2.396497208E1,-8.817563782E0,-5.927673340E-1,-2.472857666E0,9.176918284E0
2.397491208E1,-9.074878693E0,5.978567505E-1,-2.768642578E0,9.506641768E0
2.398485208E1,-9.545050964E0,1.529818726E0,-3.081342316E0,1.014608366E1
2.399479108E1,-1.021266266E1,2.200723572E0,-3.446582794E0,1.100093613E1
2.400473108E1,-1.092054062E1,2.437231750E0,-3.647315369E0,1.176865393E1
2.401467108E1,-1.178693893E1,2.135459290E0,-3.628753967E0,1.251638810E1
2.402461008E1,-1.212313980E1,1.571132813E0,-3.248694305E0,1.264883361E1
2.403455008E1,-1.145807281E1,9.184899902E-1,-2.549498291E0,1.177416655E1
2.404449008E1,-1.067175797E1,3.516188049E-1,-1.879341888E0,1.084167790E1
2.405442908E1,-1.002944366E1,-2.624043274E-1,-1.327289886E0,1.012029124E1
2.406436908E1,-9.439221039E0,-8.843609619E-1,-7.301815796E-1,9.508635721E0
2.407430908E1,-8.853938141E0,-1.490749969E0,-6.840774536E-2,8.978821509E0
2.408424808E1,-8.395441589E0,-1.969753876E0,4.894821167E-1,8.637300652E0
2.409418808E1,-7.999664612E0,-2.275567932E0,9.373507690E-1,8.369675608E0
2.410412708E1,-7.526199188E0,-2.352358246E0,1.328637085E0,7.996407946E0
2.411406708E1,-6.951693878E0,-2.272873535E0,1.826352081E0,7.538405920E0
2.412400708E1,-6.617438965E0,-1.848805389E0,2.761607208E0,7.405069493E0
2.413394608E1,-6.197562103E0,-1.224453735E0,3.344345398E0,7.147986368E0
2.414388608E1,-5.698649597E0,-6.246510315E-1,3.818259888E0,6.887953594E0
2.415382608E1,-5.431006165E0,-2.507286072E-1,4.153862000E0,6.842021800E0
2.416376508E1,-5.340294800E0,4.775070190E-2,4.204905853E0,6.797224574E0
2.417370508E1,-5.289849701E0,4.206253052E-1,4.169878693E0,6.748875745E0
2.418364508E1,-5.565726013E0,8.035290527E-1,3.689377899E0,6.725657907E0
2.419358408E1,-6.444847870E0,1.063688049E0,2.820883942E0,7.115116481E0
2.420352408E1,-7.037016449E0,1.296603699E0,2.221081238E0,7.492261576E0
2.421346408E1,-7.336693268E0,1.490001526E0,2.045945435E0,7.760996416E0
2.422340308E1,-7.601342926E0,1.487756195E0,2.268981628E0,8.071066250E0
2.423334308E1,-7.735913086E0,1.195713501E0,2.826272736E0,8.322373437E0
2.424328208E1,-7.778274994E0,6.789880371E-1,3.686084747E0,8.634223034E0
2.425322208E1,-7.682174835E0,6.870712280E-2,4.773722992E0,9.044830682E0
2.426316208E1,-7.506889343E0,-4.779560852E-1,5.906118164E0,9.563684510E0
2.427310108E1,-7.534132690E0,-8.271798706E-1,6.688241730E0,1.010841033E1
2.428304108E1,-7.873626709E0,-1.083596649E0,7.009922791E0,1.059750899E1
2.429298108E1,-8.577912140E0,-7.905061340E-1,6.511908417E0,1.079863083E1
2.430292008E1,-9.466165009E0,3.460803223E-1,4.947212219E0,1.068657851E1
2.431286008E1,-9.830507355E0,1.379980316E0,3.365451508E0,1.048186455E1
2.432280008E1,-9.857900391E0,2.018253021E0,2.192191315E0,1.029840998E1
2.433273908E1,-9.728868713E0,2.575693817E0,1.407523041E0,1.016199814E1
2.434267908E1,-9.743687897E0,2.769989777E0,1.158890076E0,1.019584834E1
2.435261908E1,-1.017853363E1,2.392624512E0,1.650018768E0,1.058535596E1
2.436255808E1,-1.111453720E1,1.746867371E0,2.859653320E0,1.160870793E1
2.437249808E1,-1.154534134E1,1.152004395E0,4.895120544E0,1.259302291E1
2.438243808E1,-1.139056320E1,4.324507141E-1,7.603887634E0,1.370222795E1
2.439237708E1,-1.114791779E1,-1.197509766E-1,9.249415741E0,1.448592775E1
2.440231708E1,-1.155881332E1,4.161346436E-2,9.066196747E0,1.469026278E1
2.441225608E1,-1.269959106E1,-1.862127686E-1,7.531587982E0,1.476614729E1
2.442219608E1,-1.389201141E1,-8.625064087E-1,5.604196014E0,1.500462967E1
2.443213608E1,-1.518382507E1,-1.493893433E0,3.438499603E0,1.563980630E1
2.444207508E1,-1.612461868E1,-2.055226135E0,1.260528717E0,1.630387116E1
2.445201529E1,-1.625185410E1,-2.395169220E0,-2.911445618E-1,1.642998364E1
2.446195529E1,-1.467847595E1,-1.937271423E0,-1.370998993E0,1.486910606E1
2.447189429E1,-1.258073822E1,-5.192701721E-1,-2.090702362E0,1.276384159E1
2.448183429E1,-1.081396225E1,5.343887329E-1,-2.246528320E0,1.105776833E1
2.449177429E1,-9.463919678E0,8.041278076E-1,-1.919907532E0,9.690120852E0
2.450171329E1,-8.811875610E0,3.044668579E-1,-1.372346191E0,8.923294566E0
2.451165329E1,-8.994495850E0,-9.621990967E-1,-8.520281982E-1,9.085853550E0
2.452159229E1,-1.006791367E1,-2.454595642E0,-7.914042664E-1,1.039299024E1
2.453153229E1,-1.159054733E1,-3.424129486E0,-1.087787933E0,1.213460889E1
2.454147229E1,-1.261816040E1,-3.565884705E0,-1.501527557E0,1.319803359E1
2.455141129E1,-1.233599716E1,-3.069367218E0,-1.846859436E0,1.284557242E1
2.456135129E1,-1.112531479E1,-2.208208008E0,-1.799258423E0,1.148416922E1
2.457129129E1,-1.021999741E1,-1.260528717E0,-1.438957672E0,1.039749387E1
2.458123029E1,-9.821675720E0,-4.989125061E-1,-9.883946228E-1,9.883883426E0
2.459117029E1,-9.686955872E0,2.306703186E-1,-4.349954224E-1,9.699461009E0
2.460111029E1,-9.430539093E0,9.639953613E-1,1.916015625E-1,9.481617257E0
2.461104929E1,-9.016649780E0,1.595382385E0,8.232879639E-1,9.193640263E0
2.462098929E1,-8.507259064E0,2.012864227E0,1.461560669E0,8.863477803E0
2.463092929E1,-7.862400055E0,2.187700653E0,1.953437805E0,8.391620108E0
2.464086829E1,-7.210355988E0,2.089504852E0,2.169139252E0,7.814117294E0
2.465080829E1,-6.638994141E0,1.801803131E0,2.270029449E0,7.244016250E0
2.466074829E1,-6.071973267E0,1.336271210E0,2.311493225E0,6.633059703E0
2.467068729E1,-5.634582825E0,6.939569092E-1,2.258802795E0,6.110015538E0
2.468062729E1,-5.515580292E0,1.716929626E-1,1.994901581E0,5.867771020E0
2.469056629E1,-5.554499359E0,-2.197430420E-1,1.582808533E0,5.779795237E0
2.470050629E1,-5.651048584E0,-6.048921204E-1,1.288071442E0,5.827467084E0
2.471044629E1,-5.822292480E0,-9.809101868E-1,1.200353851E0,6.025124388E0
2.472038529E1,-6.088439026E0,-1.279838562E0,1.329984283E0,6.362070002E0
2.473032529E1,-6.325246582E0,-1.562151489E0,1.651216278E0,6.721277914E0
2.474026529E1,-6.444997559E0,-1.804347839E0,2.080822906E0,7.008815066E0
2.475020429E1,-6.530769196E0,-2.037562866E0,2.621199188E0,7.326205969E0
2.476014429E1,-6.776857452E0,-2.158810730E0,3.233276367E0,7.812831546E0
2.477008429E1,-7.113956451E0,-2.156565399E0,3.829935608E0,8.362269876E0
2.478002329E1,-7.290589142E0,-2.073637848E0,4.539609833E0,8.835197869E0
2.478996329E1,-7.165299683E0,-1.801952820E0,5.428910522E0,9.168512582E0
2.479990329E1,-7.086862793E0,-1.312321014E0,5.884712677E0,9.304603913E0
2.480984229E1,-7.667655029E0,-6.459068298E-1,5.400769043E0,9.400980563E0
2.481978229E1,-8.502918091E0,-9.071136475E-2,4.614753571E0,9.674905433E0
2.482972129E1,-9.068292389E0,3.326083374E-1,4.095932465E0,9.955963937E0
2.483966129E1,-9.403146057E0,6.149212646E-1,3.781735840E0,1.015375841E1
2.484960129E1,-9.647138672E0,5.695655823E-1,3.591481476E0,1.030972496E1
2.485954029E1,-9.950557709E0,-4.580474854E-2,3.484903107E0,1.054325597E1
2.486948029E1,-1.036055511E1,-1.030906219E0,3.467688904E0,1.097400275E1
2.487942029E1,-1.094763428E1,-1.917961578E0,3.491190033E0,1.164979316E1
2.488935929E1,-1.140149048E1,-2.525099030E0,3.913910980E0,1.231620109E1
2.489929929E1,-1.132245483E1,-2.667602692E0,5.038672028E0,1.267684122E1
2.490923929E1,-1.068014053E1,-2.154918823E0,6.702013092E0,1.279164010E1
2.491917829E1,-1.044228516E1,-1.595831451E0,8.264164581E0,1.341209952E1
2.492911829E1,-1.055530014E1,-1.215472412E0,9.021140442E0,1.393817453E1
2.493905829E1,-1.140433456E1,-9.325607300E-1,8.851543121E0,1.446645541E1
2.494899729E1,-1.277623169E1,-5.396278381E-1,7.862400055E0,1.501135001E1
2.495893729E1,-1.425440781E1,-1.408570862E-1,6.380930786E0,1.561807480E1
2.496887629E1,-1.567225937E1,-1.556762695E-1,4.456532593E0,1.629431286E1
2.497881629E1,-1.654150177E1,-4.519102478E-1,2.604733429E0,1.675142203E1
2.498875629E1,-1.639540558E1,-5.098397827E-1,1.429527283E0,1.646550360E1
2.499869529E1,-1.491543320E1,-3.478765869E-1,6.951544189E-1,1.493567559E1
2.500863529E1,-1.282473083E1,-2.532733154E-1,-2.155517578E-2,1.282724963E1
2.501857529E1,-1.116617981E1,-1.257385254E-2,-8.319699097E-1,1.119713819E1
2.502851429E1,-1.014365616E1,6.245013428E-1,-1.595232697E0,1.028729943E1
2.503845429E1,-9.306147766E0,1.234033813E0,-2.110012207E0,9.621817771E0
2.504839429E1,-8.750054169E0,1.636247406E0,-2.491868134E0,9.243925591E0
2.505833329E1,-8.875942383E0,2.020648041E0,-2.914289703E0,9.558161756E0
2.506827329E1,-9.520202637E0,2.339335327E0,-3.250640259E0,1.032828205E1
2.507821329E1,-1.024888733E1,2.355651398E0,-3.331172791E0,1.103111496E1
2.508815229E1,-1.089674011E1,1.944755859E0,-3.145109711E0,1.150707328E1
2.509809229E1,-1.150941605E1,1.210532684E0,-2.739153900E0,1.189264526E1
2.510803129E1,-1.161359940E1,5.188211060E-1,-2.172282715E0,1.182639753E1
2.511797129E1,-1.089269852E1,1.094224548E-1,-1.576222229E0,1.100669482E1
2.512791129E1,-9.964628448E0,-2.454895020E-1,-1.169667664E0,1.003604542E1
2.513785029E1,-9.560169525E0,-6.701564026E-1,-9.674382019E-1,9.632335523E0
2.514779029E1,-9.199719086E0,-9.098080444E-1,-7.704478455E-1,9.276646582E0
2.515773029E1,-8.645122375E0,-1.097068634E0,-5.613327026E-1,8.732513663E0
2.516766929E1,-8.080496521E0,-1.347048798E0,-2.384541321E-1,8.195475878E0
2.517760929E1,-7.689210205E0,-1.536405029E0,1.222956848E-1,7.842158518E0
2.518754929E1,-7.385940857E0,-1.554667053E0,4.803511047E-1,7.563058189E0
2.519748829E1,-7.068301392E0,-1.524579620E0,9.292675781E-1,7.290320008E0
2.520742829E1,-6.783443756E0,-1.408870239E0,1.624871063E0,7.116194946E0
2.521736829E1,-6.629414062E0,-1.053658905E0,2.204316101E0,7.065291032E0
2.522730729E1,-6.323600006E0,-6.554869080E-1,2.615361328E0,6.874423249E0
2.523724729E1,-6.110592957E0,-2.996768188E-1,3.107986908E0,6.862123221E0
2.524718729E1,-6.049220581E0,1.031355286E-1,3.750750275E0,7.118415147E0
2.525712629E1,-5.906118164E0,5.427713013E-1,4.717739410E0,7.578515527E0
2.526706629E1,-5.540877686E0,8.960366821E-1,5.560786285E0,7.901047486E0
2.527700529E1,-5.831124115E0,1.137783966E0,4.818180542E0,7.649276079E0
2.528694529E1,-6.746919708E0,1.285826111E0,3.597618713E0,7.753524021E0
2.529688529E1,-7.153623962E0,1.316811676E0,2.849923553E0,7.812195149E0
2.530682429E1,-7.182364197E0,1.091081085E0,2.550097046E0,7.699338175E0
2.531676429E1,-7.082072754E0,6.500981140E-1,2.702629852E0,7.608060868E0
2.532670429E1,-7.045698395E0,1.100212097E-1,3.241658936E0,7.756437532E0
2.533664329E1,-7.180418243E0,-2.718347168E-1,3.888164520E0,8.170074883E0
2.534658329E1,-7.338190155E0,-5.590873718E-1,4.452490997E0,8.601528325E0
2.535652329E1,-7.601193237E0,-7.943980408E-1,4.960833893E0,9.111480658E0
2.536646229E1,-7.966882782E0,-8.313711548E-1,5.340893555E0,9.627437002E0
2.537640229E1,-8.490643616E0,-6.881190491E-1,5.316494293E0,1.004139674E1
2.538634229E1,-9.149573364E0,-6.101312256E-1,5.031037903E0,1.045936400E1
2.539628129E1,-9.605375519E0,-6.167175293E-2,4.265978851E0,1.051026250E1
2.540622129E1,-9.848320312E0,8.137078857E-1,3.206033020E0,1.038894515E1
2.541616129E1,-1.022179367E1,1.416504364E0,2.308798828E0,1.057459704E1
2.542610029E1,-1.056577835E1,2.068398743E0,1.810185699E0,1.091745015E1
2.543604029E1,-1.102966370E1,2.844385071E0,1.882784729E0,1.154508060E1
2.544597929E1,-1.158875107E1,3.426225128E0,2.904709625E0,1.242881764E1
2.545591867E1,-1.218271591E1,3.217109985E0,5.078339539E0,1.358520873E1
2.546585867E1,-1.206910217E1,2.141746216E0,7.511080627E0,1.437590471E1
2.547579767E1,-1.176912598E1,1.027014313E0,8.799002380E0,1.473056440E1
2.548573767E1,-1.199141373E1,3.900888062E-1,8.825347595E0,1.489405696E1
2.549567767E1,-1.283880157E1,-2.071691895E-1,7.818840637E0,1.503369595E1
2.550561667E1,-1.382644775E1,-7.894583130E-1,6.131100311E0,1.514543802E1
2.551555667E1,-1.469793549E1,-1.209484863E0,4.004322968E0,1.528158250E1
2.552549667E1,-1.532543060E1,-1.623374176E0,2.032473450E0,1.554461692E1
2.553543567E1,-1.549877014E1,-1.877695312E0,5.060975647E-1,1.562029930E1
2.554537567E1,-1.447864151E1,-1.662143555E0,-6.219566345E-1,1.458700145E1
2.555531567E1,-1.253134094E1,-9.476792908E-1,-1.415905609E0,1.264663554E1
2.556525467E1,-1.056233551E1,-3.540138245E-1,-1.571132813E0,1.068441461E1
2.557519467E1,-8.941356354E0,-2.392025757E-1,-1.236728210E0,9.029649383E0
2.558513367E1,-8.203840027E0,-6.044430542E-1,-8.571176147E-1,8.270610207E0
2.559507367E1,-8.440647583E0,-1.405128021E0,-6.180647278E-1,8.579097877E0
2.560501367E1,-9.334888000E0,-2.299817505E0,-6.039939880E-1,9.632969598E0
2.561495267E1,-1.052386551E1,-2.903512115E0,-7.873626709E-1,1.094541310E1
2.562489267E1,-1.153067184E1,-2.981200562E0,-1.060095520E0,1.195691233E1
2.563483267E1,-1.191088120E1,-2.558479614E0,-1.264720001E0,1.224803762E1
2.564477167E1,-1.192450287E1,-1.833088074E0,-1.169667664E0,1.212114281E1
2.565471167E1,-1.151240982E1,-1.098565521E0,-8.187973022E-1,1.159365581E1
2.566465167E1,-1.086410797E1,-4.903802490E-1,-3.234773254E-1,1.087997943E1
2.567459067E1,-1.028705795E1,-3.517684937E-2,2.567161560E-1,1.029032079E1
2.568453067E1,-9.755812683E0,2.981799316E-1,8.816665649E-1,9.800108587E0
2.569447067E1,-9.268276520E0,5.504054260E-1,1.431622925E0,9.394330204E0
2.570440967E1,-8.725804596E0,8.081694031E-1,1.751807098E0,8.936533542E0
2.571434967E1,-8.149802399E0,9.795629883E-1,1.842817841E0,8.412776021E0
2.572428967E1,-7.678282928E0,1.045725403E0,1.796114960E0,7.954596111E0
2.573422867E1,-7.095993805E0,9.548643494E-1,1.748064880E0,7.370252698E0
2.574416867E1,-6.521338806E0,6.367758179E-1,1.803749084E0,6.796091084E0
2.575410767E1,-6.051765289E0,1.516346741E-1,1.842817841E0,6.327940722E0
2.576404767E1,-5.801036682E0,-2.478845215E-1,1.758692780E0,6.066833904E0
2.577398767E1,-5.682782593E0,-5.078938293E-1,1.556613007E0,5.913968058E0
2.578392667E1,-5.674100647E0,-6.137237549E-1,1.361718292E0,5.867397354E0
2.579386667E1,-5.719905396E0,-7.209008789E-1,1.332978058E0,5.917249894E0
2.580380667E1,-5.885012054E0,-8.038284302E-1,1.444945221E0,6.112885875E0
2.581374567E1,-6.136339417E0,-8.939410400E-1,1.670376434E0,6.422145237E0
2.582368567E1,-6.362369385E0,-1.082399139E0,2.020648041E0,6.762717693E0
2.583362567E1,-6.616989899E0,-1.280437317E0,2.446662140E0,7.170092794E0
2.584356467E1,-6.851701813E0,-1.406026154E0,3.001707916E0,7.611371604E0
2.585350467E1,-6.981781311E0,-1.427281952E0,3.558999023E0,7.965480406E0
2.586344467E1,-7.056625671E0,-1.370400238E0,4.202660522E0,8.326843228E0
2.587338367E1,-7.193740540E0,-1.280736694E0,4.824317780E0,8.755811297E0
2.588332367E1,-7.237299957E0,-1.241368561E0,4.946314087E0,8.853560279E0
2.589326267E1,-7.343279572E0,-1.095721436E0,4.118685150E0,8.490460983E0
2.590320267E1,-7.813751221E0,-7.436535645E-1,3.267854462E0,8.502152759E0
2.591314267E1,-8.337512054E0,-1.618135071E-1,2.952759705E0,8.846416265E0
2.592308167E1,-8.873846741E0,5.402265930E-1,3.028202820E0,9.391858872E0
2.593302167E1,-9.433981934E0,1.146465912E0,3.390449524E0,1.009007171E1
2.594296167E1,-1.002689896E1,1.387614441E0,3.988605652E0,1.087994263E1
2.595290067E1,-1.065993256E1,7.812254333E-1,4.565505981E0,1.162275011E1
2.596284067E1,-1.126317810E1,-9.936337280E-1,4.643044739E0,1.222310735E1
2.597278067E1,-1.172077652E1,-2.623294830E0,4.385879517E0,1.278648572E1
2.598271967E1,-1.188423660E1,-3.799848175E0,4.709057465E0,1.333600945E1
2.599265967E1,-1.160985718E1,-4.468058624E0,5.880072327E0,1.375963597E1
2.600259967E1,-1.075708054E1,-3.888763275E0,7.473508759E0,1.366347667E1
2.601253867E1,-1.010698242E1,-2.683020630E0,8.700058136E0,1.360296677E1
2.602247867E1,-1.024754013E1,-1.862576752E0,8.829089813E0,1.365408722E1
2.603241867E1,-1.106888214E1,-1.307830353E0,7.977510681E0,1.370661332E1
2.604235767E1,-1.210412933E1,-6.987469482E-1,7.207661591E0,1.410491332E1
2.605229767E1,-1.317185898E1,-1.451980591E-2,6.579418030E0,1.472368233E1
2.606223667E1,-1.439810898E1,2.606080627E-1,5.507197723E0,1.541760959E1
2.607217667E1,-1.557062073E1,-1.597178650E-1,3.804638214E0,1.602950441E1
2.608211667E1,-1.593690903E1,-8.625064087E-1,2.176024933E0,1.610788848E1
2.609205567E1,-1.489642273E1,-1.416354675E0,1.080153809E0,1.500253988E1
2.610199567E1,-1.273416916E1,-1.569935303E0,3.242257690E-1,1.283467504E1
2.611193567E1,-1.098939743E1,-1.273551636E0,-3.607498169E-1,1.106882695E1
2.612187467E1,-9.818382568E0,-5.713618469E-1,-8.822653198E-1,9.874486453E0
2.613181467E1,-8.834328918E0,2.215393066E-1,-1.189276886E0,8.916772208E0
2.614175467E1,-8.146509247E0,9.020242310E-1,-1.538350983E0,8.339411512E0
2.615169367E1,-8.078101501E0,1.565893707E0,-2.021995239E0,8.473264525E0
2.616163367E1,-8.534801788E0,2.140997772E0,-2.527943115E0,9.155173915E0
2.617157367E1,-9.370214539E0,2.379601593E0,-3.035986633E0,1.013314557E1
2.618151267E1,-1.066202820E1,2.175725555E0,-3.545377350E0,1.144475109E1
2.619145267E1,-1.175295959E1,1.665885773E0,-3.873944092E0,1.248657989E1
2.620139267E1,-1.223136475E1,1.123264160E0,-3.783831482E0,1.285244672E1
2.621133167E1,-1.229857498E1,8.601113892E-1,-3.352278900E0,1.277624796E1
2.622127167E1,-1.173978699E1,5.834866333E-1,-2.853815460E0,1.209575619E1
2.623121067E1,-1.092892319E1,1.483415222E-1,-2.202070770E0,1.114955079E1
2.624115067E1,-1.019993912E1,-3.490740967E-1,-1.439107361E0,1.030687347E1
2.625109067E1,-9.516011353E0,-7.830216980E-1,-7.032376099E-1,9.574034582E0
2.626102967E1,-8.973240051E0,-1.208886108E0,-9.684860229E-2,9.054823151E0
2.627096967E1,-8.613538055E0,-1.611698456E0,3.914360046E-1,8.771763328E0
2.628090967E1,-8.199798431E0,-1.978435822E0,8.845106506E-1,8.481347871E0
2.629084867E1,-7.709567871E0,-2.140997772E0,1.439706116E0,8.129825454E0
2.630078867E1,-7.254065094E0,-2.193837891E0,1.952689362E0,7.826070586E0
2.631072867E1,-6.988666992E0,-2.021695862E0,2.396965485E0,7.659906267E0
2.632066767E1,-6.732699280E0,-1.609902191E0,2.857557678E0,7.489102786E0
2.633060767E1,-6.387666779E0,-1.171912994E0,3.128494263E0,7.208546545E0
2.634054767E1,-6.173312531E0,-6.866221619E-1,3.360212402E0,7.062029806E0
2.635048667E1,-6.036646729E0,-8.008346558E-2,3.576512604E0,7.017047776E0
2.636042667E1,-5.894741821E0,4.839436340E-1,3.781137085E0,7.019913122E0
2.637036667E1,-5.763165436E0,9.877958679E-1,4.133055267E0,7.160444285E0
2.638030567E1,-5.850883026E0,1.453178101E0,4.049379272E0,7.262370912E0
2.639024567E1,-6.330335999E0,1.712438965E0,3.322341156E0,7.351431957E0
2.640018467E1,-6.618337097E0,1.712139587E0,2.715652771E0,7.355853307E0
2.641012467E1,-6.590045929E0,1.439107361E0,2.596051483E0,7.227670347E0
2.642006467E1,-6.725364532E0,9.493258667E-1,2.907104645E0,7.388031207E0
2.643000367E1,-6.882687378E0,5.218148804E-1,3.508853302E0,7.743108407E0
2.643994367E1,-6.954388275E0,1.061293030E-1,4.219126282E0,8.134851338E0
2.644988367E1,-7.052883453E0,-2.185455322E-1,4.923112335E0,8.603950385E0
2.645982267E1,-7.375163269E0,-3.896397400E-1,5.444478149E0,9.175358014E0
2.646976267E1,-7.853867798E0,-4.836442566E-1,5.492079163E0,9.595836841E0
2.647970267E1,-8.475824432E0,-9.340576172E-2,4.938380585E0,9.809991195E0
2.648964167E1,-9.197623444E0,3.338058472E-1,4.003125458E0,1.003656897E1
2.649958167E1,-9.701924744E0,6.066883850E-1,3.097658386E0,1.020249489E1
2.650952167E1,-1.000818787E1,9.301657104E-1,2.514620819E0,1.036109794E1
2.651946067E1,-1.042013123E1,1.199156342E0,2.399210815E0,1.075980126E1
2.652940067E1,-1.096963852E1,1.356179810E0,2.897823944E0,1.142670454E1
2.653933967E1,-1.165221909E1,1.623823242E0,3.906426544E0,1.239641803E1
2.654927967E1,-1.222971817E1,2.010618896E0,5.152285767E0,1.342216985E1
2.655921967E1,-1.234497849E1,2.114502869E0,6.592590637E0,1.415386405E1
2.656915867E1,-1.193587921E1,1.895358582E0,7.804769897E0,1.438652251E1
2.657909867E1,-1.126063339E1,1.451531525E0,8.347690887E0,1.409229404E1
2.658903867E1,-1.120554794E1,9.047186279E-1,8.584049377E0,1.414456518E1
2.659897767E1,-1.146929947E1,-1.450483704E-1,8.735085297E0,1.441761369E1
2.660891767E1,-1.227028381E1,-1.324296112E0,8.184679871E0,1.480886929E1
2.661885767E1,-1.367645966E1,-1.974244537E0,6.270460510E0,1.517438187E1
2.662879667E1,-1.539922714E1,-2.126777344E0,3.619622955E0,1.596123582E1
2.663873667E1,-1.671304504E1,-2.035018158E0,1.257085876E0,1.688334796E1
2.664867667E1,-1.609363312E1,-1.723964996E0,-4.107458496E-1,1.619091703E1
2.665861567E1,-1.311377975E1,-1.296304321E0,-1.391805725E0,1.325099044E1
2.666855567E1,-1.070947952E1,-9.000782776E-1,-2.053579559E0,1.094167636E1
2.667849567E1,-9.376202087E0,-4.462220764E-1,-2.467768250E0,9.705779714E0
2.668843467E1,-8.578211517E0,1.282832336E-1,-2.599793701E0,8.964435103E0
2.669837467E1,-8.138426056E0,3.809577942E-1,-2.474653931E0,8.514870497E0
2.670831367E1,-8.037236481E0,-8.622070312E-2,-2.132914581E0,8.315884130E0
2.671825367E1,-8.437204742E0,-1.165027313E0,-1.832489319E0,8.712159871E0
2.672819367E1,-9.543404388E0,-2.048789520E0,-1.819167023E0,9.928921113E0
2.673813267E1,-1.083342178E1,-2.354304199E0,-2.073039093E0,1.127844257E1
2.674807267E1,-1.146121628E1,-2.195634155E0,-2.327659607E0,1.189950785E1
2.675801267E1,-1.136466705E1,-1.783990173E0,-2.265389099E0,1.172477147E1
2.676795167E1,-1.098355957E1,-1.446292419E0,-1.857786713E0,1.123306343E1
2.677789167E1,-1.073657318E1,-1.318757629E0,-1.174008636E0,1.088078222E1
2.678783167E1,-1.052641022E1,-1.084045715E0,-4.132905579E-1,1.059014996E1
2.679777067E1,-1.025831772E1,-4.796026611E-1,2.546205139E-1,1.027267895E1
2.680771067E1,-9.779613190E0,3.273692322E-1,8.291258240E-1,9.820155517E0
2.681765067E1,-9.160201263E0,1.156195679E0,1.308429108E0,9.325130689E0
2.682758967E1,-8.443192291E0,1.888772278E0,1.853595428E0,8.848207321E0
2.683752967E1,-7.561226349E0,2.276166687E0,2.332000580E0,8.233547558E0
2.684746967E1,-6.721472626E0,2.389780426E0,2.911295929E0,7.704861370E0
2.685740867E1,-6.036646729E0,2.193538513E0,3.431913300E0,7.282221078E0
2.686734867E1,-5.440286865E0,1.568737793E0,3.793561249E0,6.815333182E0
2.687728767E1,-5.075794830E0,5.426216125E-1,3.593577118E0,6.242750025E0
2.688722767E1,-5.105732574E0,-2.844085693E-1,2.738704834E0,5.800853172E0
2.689716767E1,-5.368585968E0,-7.433541870E-1,1.986668701E0,5.772446905E0
2.690710667E1,-5.752687225E0,-1.083446960E0,1.519490204E0,6.047819285E0
2.691704667E1,-6.040388947E0,-1.333726501E0,1.397493896E0,6.341775319E0
2.692698667E1,-6.261329498E0,-1.637444916E0,1.542991333E0,6.653292057E0
2.693692567E1,-6.566694489E0,-1.962718506E0,1.892364807E0,7.110188816E0
2.694686567E1,-6.869664459E0,-2.041155396E0,2.313888245E0,7.530782425E0
2.695680567E1,-7.089856567E0,-1.958527222E0,2.881807251E0,7.899791646E0
2.696674467E1,-7.229216766E0,-1.745969238E0,3.757336578E0,8.332320313E0
2.697668467E1,-7.240443420E0,-1.511107635E0,4.953948212E0,8.902194679E0
2.698662467E1,-7.317084045E0,-1.283281403E0,5.916895752E0,9.497167232E0
2.699656367E1,-7.749534760E0,-1.065035248E0,5.839356995E0,9.761540820E0
2.700650367E1,-8.564440155E0,-8.193960571E-1,5.040019226E0,9.971100183E0
2.701644367E1,-9.115594025E0,-5.710624695E-1,4.380341034E0,1.012953870E1
2.702638267E1,-9.251810760E0,-3.415896606E-1,4.072131958E0,1.011409633E1
2.703632267E1,-9.271869049E0,-1.501377869E-1,4.021237793E0,1.010744530E1
2.704626167E1,-9.225615234E0,-2.267784119E-1,4.020489349E0,1.006616806E1
2.705620167E1,-9.477391663E0,-8.430468750E-1,3.990551605E0,1.031776056E1
2.706614167E1,-1.004950195E1,-1.719624023E0,3.896547089E0,1.091479159E1
2.707608067E1,-1.073268127E1,-2.277513885E0,3.868704987E0,1.163376100E1
2.708602067E1,-1.108669510E1,-2.658172302E0,4.214934998E0,1.215509627E1
2.709596067E1,-1.083821182E1,-2.588716736E0,5.056784363E0,1.223680342E1
2.710589967E1,-1.053853500E1,-2.053729248E0,6.320306854E0,1.245892462E1
2.711583967E1,-1.062879730E1,-1.488804016E0,7.567962341E0,1.313247591E1
2.712577967E1,-1.071037766E1,-8.416996765E-1,8.283474426E0,1.356600886E1
2.713571867E1,-1.117201767E1,-2.609074402E-1,8.226742401E0,1.387664736E1
2.714565867E1,-1.232866241E1,2.540217590E-1,7.513176270E0,1.443981515E1
2.715559867E1,-1.358829300E1,9.141490173E-1,6.471342773E0,1.507831729E1
2.716553767E1,-1.468341568E1,1.364712067E0,5.203928375E0,1.563796680E1
2.717547767E1,-1.549008820E1,1.253343658E0,3.664679260E0,1.596695264E1
2.718541767E1,-1.574306213E1,7.173083496E-1,2.267335052E0,1.592166275E1
2.719535667E1,-1.514221161E1,6.885681152E-3,1.357826385E0,1.520297051E1
2.720529667E1,-1.355296646E1,-5.084925842E-1,8.226892090E-1,1.358743104E1
2.721523667E1,-1.208392136E1,-6.692582703E-1,2.953358459E-1,1.210604334E1
2.722517567E1,-1.075648178E1,-6.340814209E-1,-3.983216858E-1,1.078251454E1
2.723511567E1,-9.557026062E0,-4.873864746E-1,-1.127904510E0,9.635686862E0
2.724505467E1,-8.787476349E0,-1.625619507E-1,-1.711091766E0,8.953993634E0
2.725499467E1,-8.408913574E0,4.062551880E-1,-2.103276215E0,8.677478989E0
2.726493467E1,-8.450976105E0,1.145268402E0,-2.509531403E0,8.889791038E0
2.727487367E1,-8.806337128E0,1.805994415E0,-2.886297913E0,9.441605005E0
2.728481367E1,-9.554181976E0,2.089654541E0,-3.108435974E0,1.026213543E1
2.729475367E1,-1.057011932E1,1.887574768E0,-3.185226288E0,1.119982266E1
2.730469267E1,-1.149774033E1,1.292861481E0,-2.924169159E0,1.193399718E1
2.731463267E1,-1.202314774E1,6.162684631E-1,-2.481389923E0,1.229199594E1
2.732457267E1,-1.184786224E1,-3.592529297E-2,-2.052382050E0,1.202436703E1
2.733451167E1,-1.096619568E1,-5.486091614E-1,-1.634002075E0,1.110082801E1
2.734445167E1,-1.009919861E1,-1.089883575E0,-1.181343384E0,1.022630094E1
2.735439167E1,-9.568402405E0,-1.556762695E0,-7.342231750E-1,9.721981194E0
2.736433067E1,-9.090596008E0,-1.920356598E0,-3.418890381E-1,9.297504685E0
2.737427067E1,-8.519683228E0,-2.188898163E0,5.763015747E-2,8.796567438E0
2.738421067E1,-8.040080566E0,-2.233954468E0,4.432283020E-1,8.356428627E0
2.739414967E1,-7.598947906E0,-2.004331970E0,9.830058289E-1,7.920079317E0
2.740408967E1,-7.166197815E0,-1.586550751E0,1.562600555E0,7.504215809E0
2.741402867E1,-6.855294342E0,-1.107546844E0,2.095941467E0,7.253598498E0
2.742396867E1,-6.627318420E0,-7.189549255E-1,2.705773315E0,7.194404413E0
2.743390867E1,-6.406228180E0,-3.905378723E-1,3.127446442E0,7.139551846E0
2.744384767E1,-6.112089844E0,-1.431024170E-1,3.681294708E0,7.136529359E0
2.745378767E1,-5.633535004E0,2.180964661E-1,4.482279053E0,7.202437658E0
2.746372842E1,-4.977599030E0,7.232958984E-1,5.304369507E0,7.309992129E0
2.747366742E1,-5.192552032E0,1.200054474E0,4.629572754E0,7.059438450E0
2.748360742E1,-6.261329498E0,1.465003510E0,3.360811157E0,7.255724223E0
2.749354742E1,-7.011419678E0,1.583257599E0,2.461032257E0,7.597591085E0
2.750348642E1,-7.345225525E0,1.506018219E0,2.040856018E0,7.770812195E0
2.751342642E1,-7.442074127E0,1.134790192E0,2.130968628E0,7.823889275E0
2.752336642E1,-7.348818054E0,6.277944946E-1,2.552192688E0,7.804674256E0
2.753330542E1,-7.135661316E0,2.219883728E-1,3.135978699E0,7.797519070E0
2.754324542E1,-7.022496643E0,-1.353186035E-1,3.912114716E0,8.039801725E0
2.755318542E1,-7.165898438E0,-3.577560425E-1,4.736300812E0,8.597129473E0
2.756312442E1,-7.476951599E0,-5.620811462E-1,5.474116516E0,9.283678800E0
2.757306442E1,-7.735314331E0,-6.923103333E-1,5.848488007E0,9.722098197E0
2.758300342E1,-8.178542633E0,-5.324427795E-1,5.803731079E0,1.004267640E1
2.759294342E1,-8.923842773E0,-1.610650635E-1,5.362897797E0,1.041256859E1
2.760288342E1,-9.318721619E0,4.628375244E-1,4.383484497E0,1.030862394E1
2.761282242E1,-9.462273102E0,1.061293030E0,3.122357025E0,1.002048245E1
2.762276242E1,-1.001672012E1,1.544039154E0,2.094145203E0,1.034911509E1
2.763270242E1,-1.060754150E1,2.021845551E0,1.516047363E0,1.090441176E1
2.764264142E1,-1.126497437E1,2.517913971E0,1.624721375E0,1.165672586E1
2.765258142E1,-1.203691910E1,2.962339783E0,2.606380005E0,1.266712655E1
2.766252142E1,-1.239602234E1,2.889591064E0,4.866979065E0,1.362712705E1
2.767246042E1,-1.212448700E1,2.048041077E0,7.775131531E0,1.454820702E1
2.768240042E1,-1.176882660E1,1.080752563E0,9.367520142E0,1.508057490E1
2.769234042E1,-1.212269073E1,5.225633240E-1,9.193581848E0,1.522349008E1
2.770227942E1,-1.340297836E1,-7.664062500E-2,7.438631287E0,1.532902274E1
2.771221942E1,-1.429632065E1,-7.276368713E-1,5.113815765E0,1.520083390E1
2.772215942E1,-1.518726791E1,-1.441203003E0,3.013084259E0,1.555020416E1
2.773209842E1,-1.586745346E1,-1.942660217E0,1.307830353E0,1.603934002E1
2.774203842E1,-1.561657516E1,-1.813927917E0,4.340972900E-2,1.572162965E1
2.775197842E1,-1.364816849E1,-6.863227844E-1,-9.144483948E-1,1.369597597E1
2.776191742E1,-1.128952332E1,3.279679871E-1,-1.405128021E0,1.138135688E1
2.777185742E1,-9.312285004E0,3.050656128E-1,-1.224603424E0,9.397412972E0
2.778179642E1,-7.704029388E0,-4.297563171E-1,-5.770500183E-1,7.737554267E0
2.779173642E1,-7.247179413E0,-1.470991058E0,-2.197430420E-1,7.398223512E0
2.780167642E1,-7.791746979E0,-2.520758057E0,-2.055226135E-1,8.191933942E0
2.781161542E1,-8.932075653E0,-3.387306061E0,-3.727249146E-1,9.560059711E0
2.782155542E1,-1.024304947E1,-3.875291290E0,-7.866142273E-1,1.097983183E1
2.783149542E1,-1.117096985E1,-3.609444122E0,-1.337169342E0,1.181552691E1
2.784143442E1,-1.177256882E1,-2.681523743E0,-1.813029785E0,1.220946449E1
2.785137442E1,-1.193887299E1,-1.588945770E0,-1.826202393E0,1.218180824E1
2.786131442E1,-1.163710052E1,-5.643264771E-1,-1.271755371E0,1.171998015E1
2.787125342E1,-1.133353180E1,2.020797729E-1,-2.918930054E-1,1.133909083E1
2.788119342E1,-1.119641693E1,7.247927856E-1,8.418493652E-1,1.125139045E1
2.789113342E1,-1.081276474E1,1.130748596E0,1.844015350E0,1.102700623E1
2.790107242E1,-1.015847534E1,1.379082184E0,2.545007629E0,1.056283829E1
2.791101242E1,-9.397906952E0,1.448986816E0,3.065924377E0,9.991001459E0
2.792095242E1,-8.838520203E0,1.422192535E0,3.250191193E0,9.523959984E0
2.793089142E1,-8.344248047E0,1.369951172E0,3.160228271E0,9.027196930E0
2.794083142E1,-7.680977325E0,1.344803467E0,2.938688965E0,8.333174777E0
2.795077142E1,-6.973847809E0,1.143172760E0,2.627486115E0,7.539567660E0
2.796071042E1,-6.571933594E0,5.996530151E-1,2.039957886E0,6.907338350E0
2.797065042E1,-6.435716858E0,3.248245239E-2,1.375789032E0,6.581208251E0
2.798058942E1,-6.251899109E0,-3.601510620E-1,8.788224792E-1,6.323628721E0
2.799052942E1,-5.981411591E0,-6.333329773E-1,6.592291260E-1,6.050865915E0
2.800046942E1,-5.835614777E0,-7.426057434E-1,6.957531738E-1,5.923675851E0
2.801040842E1,-5.785918121E0,-9.207353210E-1,8.994795227E-1,5.927365810E0
2.802034842E1,-6.023923187E0,-1.114881592E0,1.191222839E0,6.240963338E0
2.803028842E1,-6.331383820E0,-1.238973541E0,1.625020752E0,6.652981959E0
2.804022742E1,-6.549480286E0,-1.484313354E0,2.134710846E0,7.046692028E0
2.805016742E1,-6.804400177E0,-1.561103668E0,2.727927246E0,7.495231383E0
2.806010742E1,-7.039411469E0,-1.480870514E0,3.423530731E0,7.966608687E0
2.807004642E1,-7.075785828E0,-1.391805725E0,4.174519043E0,8.332495274E0
2.807998642E1,-7.138655090E0,-1.337019653E0,5.003794556E0,8.819635934E0
2.808992642E1,-7.142696686E0,-1.338666229E0,5.484445038E0,9.104355034E0
2.809986542E1,-7.119494934E0,-1.274898834E0,5.030888214E0,8.810358187E0
2.810980542E1,-7.414830780E0,-1.084943848E0,4.133354645E0,8.558121246E0
2.811974542E1,-7.814499664E0,-7.981402588E-1,3.796704712E0,8.724585924E0
2.812968442E1,-8.133336639E0,-4.297563171E-1,3.785028992E0,8.981219285E0
2.813962442E1,-8.389753418E0,-9.999206543E-2,3.772754517E0,9.199545503E0
2.814956342E1,-8.813073120E0,6.870712280E-2,3.693868561E0,9.556131196E0
2.815950342E1,-9.330247650E0,-7.514373779E-2,3.557202759E0,9.985632642E0
2.816944342E1,-9.868827667E0,-7.722441101E-1,3.266656952E0,1.042406678E1
2.817938242E1,-1.046399002E1,-1.615590363E0,2.890040131E0,1.097531555E1
2.818932242E1,-1.097188385E1,-2.245779877E0,2.926264801E0,1.157535261E1
2.819926242E1,-1.117007172E1,-2.630629578E0,3.947291565E0,1.213556034E1
2.820920142E1,-1.108549759E1,-2.274969177E0,5.680986328E0,1.266243844E1
2.821914142E1,-1.089883575E1,-1.655108185E0,7.712561646E0,1.345390691E1
2.822908142E1,-1.075708054E1,-1.193019104E0,9.572593689E0,1.444896627E1
2.823902042E1,-1.100346817E1,-8.348139954E-1,9.859546967E0,1.479810436E1
2.824896042E1,-1.214694031E1,-8.403524780E-1,8.426277466E0,1.480731249E1
2.825890042E1,-1.367301682E1,-9.225315857E-1,6.760242004E0,1.528081560E1
2.826883942E1,-1.506048157E1,-9.268725586E-1,5.304818573E0,1.599432080E1
2.827877942E1,-1.607402390E1,-9.788145447E-1,3.917503510E0,1.657344731E1
2.828871942E1,-1.636082748E1,-1.064885559E0,2.862347717E0,1.664342788E1
2.829865842E1,-1.559831314E1,-1.207987976E0,2.079026642E0,1.578255238E1
2.830859842E1,-1.387404877E1,-1.478026428E0,1.408570862E0,1.402347543E1
2.831853742E1,-1.227477448E1,-1.582658844E0,6.568341064E-1,1.239380202E1
2.832847742E1,-1.096889008E1,-1.025966492E0,-8.412506104E-2,1.101708826E1
2.833841742E1,-9.601633301E0,-4.655319214E-2,-6.164181519E-1,9.621512385E0
2.834835642E1,-8.440946960E0,7.667056274E-1,-9.952803040E-1,8.533932622E0
2.835829642E1,-8.001760254E0,1.303040314E0,-1.426683197E0,8.231737737E0
2.836823642E1,-8.396788788E0,1.680854645E0,-1.856289825E0,8.762256912E0
2.837817542E1,-9.351653137E0,1.773212585E0,-2.182012482E0,9.765187031E0
2.838811542E1,-1.041339523E1,1.572330322E0,-2.392325134E0,1.079973344E1
2.839805542E1,-1.096050751E1,1.168769531E0,-2.397564240E0,1.128038392E1
2.840799442E1,-1.107636658E1,6.010002136E-1,-2.062111816E0,1.128270371E1
2.841793442E1,-1.097966766E1,8.666976929E-2,-1.616338806E0,1.109834063E1
2.842787442E1,-1.056562866E1,-1.495390320E-1,-1.238524475E0,1.063902316E1
2.843781342E1,-1.009440857E1,-2.007325745E-1,-9.162446594E-1,1.013789338E1
2.844775342E1,-9.870174866E0,-4.577481079E-1,-6.459068298E-1,9.901872593E0
2.845769296E1,-9.699978790E0,-8.111631775E-1,-3.370989990E-1,9.739671964E0
2.846763196E1,-9.374256134E0,-1.104253693E0,-3.562591553E-2,9.439137857E0
2.847757196E1,-8.873547363E0,-1.379830627E0,2.438429260E-1,8.983497912E0
2.848751196E1,-8.358169098E0,-1.620530090E0,5.261558533E-1,8.530061455E0
2.849745096E1,-7.938591614E0,-1.789977722E0,1.014889526E0,8.200930301E0
2.850739096E1,-7.647596741E0,-1.707199860E0,1.876497803E0,8.057388614E0
2.851732996E1,-7.305108948E0,-1.382075958E0,2.775528259E0,7.935887336E0
2.852726996E1,-7.013515320E0,-9.324110413E-1,3.673061829E0,7.971836093E0
2.853720996E1,-6.611152039E0,-4.689747620E-1,4.713847504E0,8.133119137E0
2.854714896E1,-5.835764465E0,9.879455566E-3,5.954467621E0,8.337381432E0
2.855708896E1,-5.475014648E0,4.251159668E-1,5.693709869E0,7.910426099E0
2.856702896E1,-6.291865997E0,4.623884583E-1,4.089795227E0,7.518497577E0
2.857696796E1,-6.833739166E0,6.177653503E-1,2.994522858E0,7.486574127E0
2.858690796E1,-6.922055511E0,8.858578491E-1,2.336341553E0,7.359217926E0
2.859684796E1,-7.128625946E0,1.169967041E0,1.931583252E0,7.477776716E0
2.860678696E1,-7.246580658E0,1.332828369E0,1.805096283E0,7.586022363E0
2.861672696E1,-6.870861969E0,1.156195679E0,2.120041351E0,7.282863995E0
2.862666696E1,-6.654861145E0,7.705975342E-1,2.763852539E0,7.247059975E0
2.863660596E1,-6.777156830E0,2.897973633E-1,3.579356689E0,7.669786928E0
2.864654596E1,-6.985822906E0,-1.663041687E-1,4.471800842E0,8.296166677E0
2.865648596E1,-7.212152252E0,-5.733078003E-1,5.441634064E0,9.052911312E0
2.866642496E1,-7.502997437E0,-9.178912354E-1,6.283932495E0,9.829817010E0
2.867636496E1,-7.835156708E0,-1.091679840E0,6.681056671E0,1.035461075E1
2.868630396E1,-8.182434540E0,-9.363029480E-1,6.328839111E0,1.038667910E1
2.869624396E1,-8.667276306E0,-4.559518433E-1,5.242248688E0,1.013956320E1
2.870618396E1,-9.143286438E0,6.361770630E-2,4.057911530E0,1.000351839E1
2.871612296E1,-9.370364227E0,6.004014587E-1,3.082689514E0,9.882670808E0
2.872606296E1,-9.705367584E0,1.076261902E0,2.250270538E0,1.002078925E1
2.873600296E1,-1.034229309E1,1.456321564E0,1.785786438E0,1.059589223E1
2.874594196E1,-1.096050751E1,1.929337921E0,1.809437256E0,1.127515556E1
2.875588196E1,-1.162527512E1,2.488574982E0,2.491269379E0,1.214686997E1
2.876582196E1,-1.190923462E1,2.515968018E0,4.129762115E0,1.285359480E1
2.877576096E1,-1.173469757E1,1.744172974E0,6.579418030E0,1.356591346E1
2.878570096E1,-1.149384842E1,9.145980835E-1,8.503217468E0,1.432654000E1
2.879564096E1,-1.153007309E1,4.302053833E-1,8.778794403E0,1.449809964E1
2.880557996E1,-1.224408829E1,-1.691482544E-2,7.385342102E0,1.429899514E1
2.881551996E1,-1.322335190E1,-6.315367126E-1,5.924679565E0,1.450371339E1
2.882545996E1,-1.430679886E1,-1.204694824E0,4.801714783E0,1.513909667E1
2.883539896E1,-1.526046570E1,-1.791923676E0,3.466641083E0,1.575152069E1
2.884533896E1,-1.596879272E1,-2.039059753E0,1.839225311E0,1.620317424E1
2.885527796E1,-1.520208710E1,-1.392554169E0,3.746708679E-1,1.527033194E1
2.886521796E1,-1.272833130E1,-2.911445618E-1,-5.367837524E-1,1.274297138E1
2.887515796E1,-1.047117508E1,1.187031555E-1,-9.726773071E-1,1.051692441E1
2.888509696E1,-8.570727081E0,-1.933978271E-1,-9.635462952E-1,8.626887439E0
2.889503696E1,-7.329358521E0,-8.330177307E-1,-8.375083923E-1,7.423936636E0
2.890497696E1,-7.276668091E0,-1.673968964E0,-8.225395203E-1,7.511900016E0
2.891491596E1,-8.167914734E0,-2.531236267E0,-8.770262146E-1,8.595996924E0
2.892485596E1,-9.482032013E0,-3.097957764E0,-1.049617310E0,1.003035243E1
2.893479596E1,-1.061547501E1,-3.169658661E0,-1.372795258E0,1.116331548E1
2.894473496E1,-1.129416367E1,-2.663411407E0,-1.821711731E0,1.174608560E1
2.895467496E1,-1.146765289E1,-1.793719940E0,-2.118095398E0,1.179876359E1
2.896461496E1,-1.121557709E1,-9.518705750E-1,-1.885778503E0,1.141277300E1
2.897455396E1,-1.075857742E1,-2.820135498E-1,-1.269959106E0,1.083694219E1
2.898449396E1,-1.032912048E1,1.163081360E-1,-4.212240601E-1,1.033835999E1
2.899443396E1,-1.016581009E1,3.402424622E-1,6.770420837E-1,1.019401028E1
2.900437296E1,-1.000309845E1,7.087760925E-1,1.493893433E0,1.013883917E1
2.901431296E1,-9.708660736E0,1.113235016E0,1.973945160E0,9.969646181E0
2.902425296E1,-9.351802826E0,1.441053314E0,2.243983612E0,9.724624065E0
2.903419196E1,-8.845555573E0,1.555714874E0,2.398911438E0,9.296175463E0
2.904413196E1,-8.248147888E0,1.475781097E0,2.599943390E0,8.773230822E0
2.905407096E1,-7.750283203E0,1.229543152E0,2.842439117E0,8.346144393E0
2.906401096E1,-7.401059418E0,7.656578064E-1,2.938539276E0,7.999807839E0
2.907395096E1,-7.036717072E0,2.673440552E-1,2.803520050E0,7.579352522E0
2.908388996E1,-6.674470367E0,-2.703378296E-1,2.453398132E0,7.116234933E0
2.909382996E1,-6.485712891E0,-6.728507996E-1,2.021396484E0,6.826656842E0
2.910376996E1,-6.403234406E0,-9.000782776E-1,1.734592896E0,6.694801287E0
2.911370896E1,-6.470145264E0,-1.031954041E0,1.723366241E0,6.774784135E0
2.912364896E1,-6.565047913E0,-1.214424591E0,1.868863678E0,6.933060841E0
2.913358896E1,-6.590045929E0,-1.439706116E0,2.198627930E0,7.094746212E0
2.914352796E1,-6.681356049E0,-1.661095734E0,2.686014404E0,7.390157716E0
2.915346796E1,-6.861581268E0,-1.743723907E0,3.242856445E0,7.787039777E0
2.916340796E1,-6.959627380E0,-1.646426239E0,3.728446655E0,8.065261750E0
2.917334696E1,-7.015760651E0,-1.445543976E0,4.133504333E0,8.270208762E0
2.918328696E1,-7.020401001E0,-1.266067200E0,4.508474579E0,8.438915771E0
2.919322696E1,-6.968608704E0,-1.194216614E0,4.751868439E0,8.518680311E0
2.920316596E1,-7.066654816E0,-1.155746613E0,4.769681396E0,8.603674863E0
2.921310596E1,-7.429350586E0,-1.046324158E0,4.530029755E0,8.764200702E0
2.922304496E1,-7.820636902E0,-8.258326721E-1,4.148622894E0,8.891312224E0
2.923298496E1,-8.224347382E0,-4.228706360E-1,3.892355804E0,9.108739931E0
2.924292496E1,-8.461005249E0,1.234931946E-1,3.760779419E0,9.259985002E0
2.925286396E1,-8.564440155E0,7.195536804E-1,3.696113892E0,9.355674779E0
2.926280396E1,-8.784781952E0,1.064286804E0,3.662433929E0,9.576978784E0
2.927274396E1,-9.208850098E0,8.750802612E-1,3.591182098E0,9.922967018E0
2.928268296E1,-9.870623932E0,-2.282752991E-1,3.412004700E0,1.044620039E1
2.929262296E1,-1.049198181E1,-1.575174408E0,3.070415039E0,1.104492215E1
2.930256296E1,-1.107352249E1,-2.756218414E0,3.029550018E0,1.180668512E1
2.931250196E1,-1.154174881E1,-3.654350739E0,3.765120392E0,1.267842169E1
2.932244196E1,-1.165356628E1,-3.824397125E0,5.388045502E0,1.339636723E1
2.933238196E1,-1.114672028E1,-3.082539825E0,7.519463196E0,1.379470012E1
2.934232096E1,-1.071965836E1,-1.919159088E0,8.793763275E0,1.399730400E1
2.935226096E1,-1.154444321E1,-1.048868866E0,8.779692535E0,1.454157130E1
2.936220096E1,-1.314341812E1,-4.589456177E-1,7.875722351E0,1.532928810E1
2.937213996E1,-1.462114517E1,6.406677246E-2,6.737489319E0,1.609893639E1
2.938207996E1,-1.574530746E1,3.164419556E-1,5.646707611E0,1.673021666E1
2.939201996E1,-1.617117188E1,2.336640930E-1,4.340523834E0,1.674519471E1
2.940195896E1,-1.558484116E1,-1.983375549E-1,2.951113129E0,1.586302873E1
2.941189896E1,-1.392090134E1,-8.803193665E-1,1.767973480E0,1.406030535E1
2.942183796E1,-1.217897369E1,-1.501976624E0,7.608677673E-1,1.229480597E1
2.943177796E1,-1.086590424E1,-1.667981415E0,-2.553689575E-1,1.099614706E1
2.944171796E1,-9.772428131E0,-1.234033813E0,-1.197958832E0,9.922615401E0
2.945165696E1,-8.748407593E0,-4.861889648E-1,-1.928739166E0,8.971680438E0
2.946159683E1,-8.183632050E0,2.676434326E-1,-2.470312958E0,8.552538374E0
2.947153683E1,-8.370293884E0,9.830058289E-1,-2.911595306E0,8.916586084E0
2.948147583E1,-9.084159393E0,1.560504913E0,-3.135230255E0,9.735851078E0
2.949141583E1,-9.983938293E0,1.994003448E0,-3.191962280E0,1.066975617E1
2.950135583E1,-1.069540878E1,2.229164429E0,-3.103047180E0,1.135736963E1
2.951129483E1,-1.106738525E1,2.255210266E0,-2.759960632E0,1.162713948E1
2.952123483E1,-1.104463257E1,2.009571075E0,-2.073338470E0,1.141582309E1
2.953117483E1,-1.071905960E1,1.448088684E0,-1.331181793E0,1.089803856E1
2.954111383E1,-1.030008087E1,7.243437195E-1,-8.328680420E-1,1.035905444E1
2.955105383E1,-1.000938538E1,4.849914551E-2,-5.617817688E-1,1.002525543E1
2.956099383E1,-9.686207428E0,-4.912783813E-1,-3.424877930E-1,9.704703327E0
2.957093283E1,-9.144034882E0,-9.803114319E-1,-6.182144165E-2,9.196641034E0
2.958087283E1,-8.516090698E0,-1.485361176E0,3.544628906E-1,8.651921321E0
2.959081283E1,-8.008346558E0,-1.872905273E0,8.448431396E-1,8.267717259E0
2.960075183E1,-7.703730011E0,-2.143093414E0,1.411714325E0,8.119928744E0
2.961069183E1,-7.327113190E0,-2.288441162E0,2.096540222E0,7.957325653E0
2.962063083E1,-6.928941193E0,-2.096989288E0,2.786754913E0,7.757163984E0
2.963057083E1,-6.814429321E0,-1.776655426E0,3.520379333E0,7.873120228E0
2.964051083E1,-6.605014801E0,-1.413959656E0,4.779411163E0,8.274555789E0
2.965044983E1,-5.888604584E0,-7.417076111E-1,6.134393463E0,8.535606439E0
2.966038983E1,-5.591023407E0,-4.924758911E-2,5.133125610E0,7.590187520E0
2.967032983E1,-6.477480011E0,3.604504395E-1,3.776347046E0,7.506561718E0
2.968026883E1,-7.133415985E0,8.595126343E-1,2.913690948E0,7.753320613E0
2.969020883E1,-7.475305023E0,1.440454559E0,2.402653656E0,7.982971822E0
2.970014883E1,-7.576943665E0,1.985620880E0,2.123933258E0,8.115655122E0
2.971008783E1,-7.372917938E0,2.171983337E0,2.049388275E0,7.954710733E0
2.972002783E1,-7.317383423E0,1.867965546E0,2.106569366E0,7.840346289E0
2.972996783E1,-7.386389923E0,1.013991394E0,2.445464630E0,7.846478949E0
2.973990683E1,-7.418572998E0,1.523831177E-1,3.043321381E0,8.019990709E0
2.974984683E1,-7.481891327E0,-4.361929321E-1,3.938908997E0,8.466638423E0
2.975978683E1,-7.581434326E0,-8.734336853E-1,5.047503662E0,9.149771913E0
2.976972583E1,-7.706274719E0,-1.133742371E0,6.032156067E0,9.851850010E0
2.977966583E1,-8.008047180E0,-8.756790161E-1,6.488257599E0,1.034374787E1
2.978960483E1,-8.573870544E0,5.718109131E-2,5.998476105E0,1.046404517E1
2.979954483E1,-9.237440643E0,9.107061768E-1,4.500690765E0,1.031580887E1
2.980948483E1,-9.460776215E0,1.495240631E0,3.096011810E0,1.006614724E1
2.981942383E1,-9.451495514E0,1.858684845E0,1.931433563E0,9.824251239E0
2.982936383E1,-9.674382019E0,1.868713989E0,1.183588715E0,9.924043615E0
2.983930383E1,-1.023077499E1,1.490899658E0,1.088237000E0,1.039595106E1
2.984924283E1,-1.099523529E1,1.022523651E0,1.962868195E0,1.121577484E1
2.985918283E1,-1.157662628E1,8.399034119E-1,3.792962494E0,1.221107195E1
2.986912283E1,-1.190055267E1,6.388714600E-1,6.309229889E0,1.348472070E1
2.987906183E1,-1.178484329E1,4.643344116E-1,8.139324188E0,1.432992450E1
2.988900183E1,-1.134954849E1,8.640032959E-1,8.132438507E0,1.398911394E1
2.989894183E1,-1.175954590E1,1.437311096E0,7.306156769E0,1.391878981E1
2.990888083E1,-1.239198074E1,1.337768097E0,6.365961914E0,1.399558078E1
2.991882083E1,-1.323996735E1,8.821156311E-1,5.305567017E0,1.429069294E1
2.992876083E1,-1.428045364E1,2.727328491E-1,3.949836273E0,1.481914121E1
2.993869983E1,-1.482127899E1,-5.887257385E-1,2.581831055E0,1.505598753E1
2.994863983E1,-1.495315475E1,-1.324445801E0,1.507515106E0,1.508719973E1
2.995857983E1,-1.438478668E1,-1.259929962E0,5.044509888E-1,1.444866714E1
2.996851883E1,-1.280182846E1,-4.269122314E-1,-4.275109863E-1,1.281607708E1
2.997845883E1,-1.105526047E1,1.797761536E-1,-1.078956299E0,1.110924166E1
2.998839783E1,-9.478439484E0,1.597178650E-1,-1.394200745E0,9.581759784E0
2.999833783E1,-8.076604614E0,-3.335064697E-1,-1.358874207E0,8.196908428E0