"Time (s)","Acceleration x (m/s^2)","Acceleration y (m/s^2)","Acceleration z (m/s^2)","Absolute acceleration (m/s^2)"
2.446375001E-3,7.709118805E0,-3.529660034E0,5.631289673E-1,8.497418840E0
1.238537498E-2,7.525151367E0,-3.348386993E0,6.695576477E-1,8.263649678E0
2.232437499E-2,7.338040466E0,-3.240162048E0,7.168592834E-1,8.053531847E0
3.226337500E-2,7.171287231E0,-3.153641968E0,6.625222778E-1,7.862045153E0
4.220237499E-2,7.063062286E0,-3.129242706E0,5.477110291E-1,7.744610781E0
5.214137500E-2,6.984176331E0,-3.133733368E0,4.517605591E-1,7.668317380E0
6.208037501E-2,6.963219910E0,-3.163072357E0,3.478765869E-1,7.655878550E0
7.201937499E-2,6.965465240E0,-3.207080841E0,2.875520325E-1,7.673705735E0
8.195837500E-2,6.979985046E0,-3.276985474E0,2.517764282E-1,7.715064252E0
9.189737498E-2,6.962471466E0,-3.371588745E0,2.874023438E-1,7.741202729E0
1.018363750E-1,6.924749908E0,-3.494632874E0,3.820056152E-1,7.765986641E0
1.117753750E-1,6.879843292E0,-3.654949493E0,4.507127380E-1,7.803463430E0
1.217143750E-1,6.826105042E0,-3.798351288E0,4.980143738E-1,7.827592277E0
1.316533750E-1,6.791377258E0,-3.886517944E0,5.658233643E-1,7.845252251E0
1.415923750E-1,6.764433289E0,-3.942950592E0,6.101312256E-1,7.853450019E0
1.515313750E-1,6.749614105E0,-4.005071411E0,6.256988525E-1,7.873333896E0
1.614703750E-1,6.775510254E0,-4.100123749E0,6.527925110E-1,7.946363446E0
1.714093750E-1,6.747967529E0,-4.199666748E0,6.828799438E-1,7.977379995E0
1.813483750E-1,6.664141846E0,-4.302802277E0,7.068301392E-1,7.963950202E0
1.912863750E-1,6.577771454E0,-4.434678040E0,7.301815796E-1,7.966593485E0
2.012253750E-1,6.498735809E0,-4.557123413E0,7.408094788E-1,7.971809055E0
2.111653750E-1,6.425687714E0,-4.665048981E0,7.406597900E-1,7.975006051E0
2.211033750E-1,6.383475494E0,-4.812192993E0,7.586224365E-1,8.030035417E0
2.310423750E-1,6.380930786E0,-5.027744751E0,7.915539551E-1,8.162172054E0
2.409813750E-1,6.459367676E0,-5.319637756E0,8.491841125E-1,8.410891171E0
2.509203750E-1,6.605763245E0,-5.606141968E0,9.069639587E-1,8.711344295E0
2.608593750E-1,6.725813599E0,-5.860612793E0,1.017583923E0,8.978798801E0
2.707983750E-1,6.804699554E0,-6.037095795E0,1.144370270E0,9.168426527E0
2.807373750E-1,6.853647766E0,-6.134393463E0,1.198856964E0,9.275803409E0
2.906763750E-1,6.893614655E0,-6.206842804E0,1.209933929E0,9.354718633E0
3.006153750E-1,6.963818665E0,-6.288722534E0,1.233285370E0,9.463814998E0
3.105543750E-1,7.077582092E0,-6.309379578E0,1.187630310E0,9.555673952E0
3.204933750E-1,7.381749573E0,-6.413113861E0,1.018781433E0,9.831387072E0
3.304323750E-1,7.938890991E0,-6.711892548E0,6.981481934E-1,1.041935231E1
3.403713750E-1,8.573571167E0,-7.233707428E0,3.450325012E-1,1.122282020E1
3.503103750E-1,9.128766632E0,-7.814200287E0,8.981323242E-2,1.201682873E1
3.602493750E-1,9.584568787E0,-8.324489136E0,1.167572021E-2,1.269492869E1
3.701883750E-1,9.819131012E0,-8.565188599E0,1.480421448E-1,1.303072162E1
3.801273750E-1,9.859097900E0,-8.384514313E0,4.505630493E-1,1.295009261E1
3.900663750E-1,9.777068481E0,-7.620203705E0,8.794212341E-1,1.242706539E1
4.000053750E-1,9.624236298E0,-6.447392578E0,1.274150391E0,1.165410891E1
4.099443750E-1,9.726324005E0,-5.251230011E0,1.426982574E0,1.114509195E1
4.198833750E-1,1.009036697E1,-4.184398499E0,1.471739502E0,1.102228260E1
4.298223750E-1,1.055574921E1,-3.498674469E0,1.460363159E0,1.121593620E1
4.397613750E-1,1.112995514E1,-3.292104034E0,1.455273743E0,1.169750709E1
4.497003750E-1,1.172496780E1,-3.574566650E0,1.572180634E0,1.235816122E1
4.596393750E-1,1.215247879E1,-4.016148376E0,1.647923126E0,1.290456660E1
4.695783750E-1,1.246892075E1,-4.378694458E0,1.587149506E0,1.331037164E1
4.795173750E-1,1.265199005E1,-4.595443726E0,1.363065491E0,1.352955664E1
4.894563750E-1,1.266471359E1,-4.632117462E0,1.012644196E0,1.352319973E1
4.993953750E-1,1.242117004E1,-4.494254150E0,6.851252747E-1,1.322698689E1
5.093343750E-1,1.195399155E1,-4.199666748E0,3.965254211E-1,1.267644852E1
5.192733750E-1,1.135823044E1,-3.756288757E0,6.421646118E-2,1.196341204E1
5.292123750E-1,1.079614929E1,-3.243305511E0,-5.298980713E-1,1.128524090E1
5.391513750E-1,1.036339920E1,-2.654430084E0,-1.069076843E0,1.075123097E1
5.490903750E-1,9.766889648E0,-2.084415436E0,-1.204395447E0,1.005919925E1
5.590293750E-1,9.157506866E0,-1.773511963E0,-1.220861206E0,9.407219503E0
5.689683750E-1,8.571026459E0,-1.728455658E0,-1.135538635E0,8.817000709E0
5.789073750E-1,7.922574921E0,-1.757345581E0,-8.946894836E-1,8.164308062E0
5.888463750E-1,7.372768250E0,-1.724713440E0,-6.119274902E-1,7.596499415E0
5.987853750E-1,6.819818115E0,-1.807341614E0,-3.620970154E-1,7.064525255E0
6.087243750E-1,6.399791565E0,-2.012265472E0,-3.787124634E-1,6.719372555E0
6.186633750E-1,5.875881042E0,-2.357747040E0,-3.038681030E-2,6.331340497E0
6.286023750E-1,5.427563324E0,-2.556234283E0,7.349716187E-2,5.999848263E0
6.385413750E-1,5.287604370E0,-2.626887360E0,1.074765015E-1,5.905154390E0
6.484803750E-1,5.089865570E0,-2.827919312E0,2.664459229E-2,5.822763012E0
6.584193750E-1,5.031786346E0,-3.019071808E0,-1.781295776E-1,5.870723853E0
6.683583750E-1,5.134921875E0,-3.313359833E0,-3.790118408E-1,6.122860934E0
6.782973750E-1,5.173092499E0,-3.584446106E0,-4.674778748E-1,6.310917164E0
6.882363750E-1,5.328619080E0,-3.765569458E0,-5.257067871E-1,6.545995896E0
6.981753750E-1,5.522615662E0,-3.955973511E0,-4.165837097E-1,6.806067304E0
7.081143750E-1,5.756878510E0,-4.169878693E0,-2.026785278E-1,7.111302066E0
7.180533750E-1,6.061495056E0,-4.324357452E0,1.071771240E-1,7.446695685E0
7.279923750E-1,6.474935303E0,-4.422553253E0,4.489164734E-1,7.853998374E0
7.379313750E-1,6.937473450E0,-4.456083527E0,6.920109558E-1,8.274303440E0
7.478703750E-1,7.347620544E0,-4.404889984E0,8.794212341E-1,8.611850274E0
7.578093750E-1,7.790998535E0,-4.384382629E0,9.605525208E-1,8.991392015E0
7.677483750E-1,8.368497620E0,-4.412374420E0,8.734336853E-1,9.500720332E0
7.776873750E-1,8.816665649E0,-4.390519867E0,7.081773376E-1,9.874804961E0
7.876263750E-1,9.151369629E0,-4.356989594E0,5.014572144E-1,1.014802364E1
7.975653750E-1,9.542506256E0,-4.373455353E0,2.956352234E-1,1.050113982E1
8.075043750E-1,1.006447083E1,-4.428840179E0,9.131011963E-2,1.099620552E1
8.174433750E-1,1.076681030E1,-4.520749054E0,-1.631607056E-2,1.167739878E1
8.273823750E-1,1.150253036E1,-4.640200653E0,7.035369873E-3,1.240321395E1
8.373213750E-1,1.210547653E1,-4.822072449E0,1.264869690E-1,1.303115282E1
8.472603750E-1,1.251487518E1,-5.047952728E0,2.872526550E-1,1.349764578E1
8.571993750E-1,1.275108398E1,-5.176086273E0,5.171745300E-1,1.377132824E1
8.671383750E-1,1.297606613E1,-5.208419037E0,8.978329468E-1,1.401113932E1
8.770773750E-1,1.330478256E1,-5.157375183E0,1.196461945E0,1.431947202E1
8.870163750E-1,1.368783600E1,-5.329217834E0,1.255139923E0,1.474221127E1
8.969553750E-1,1.417552185E1,-5.846542053E0,1.135239258E0,1.537583305E1
9.068943750E-1,1.449031723E1,-6.448141022E0,9.774673462E-1,1.589035111E1
9.168333750E-1,1.456695786E1,-6.839127960E0,9.680369568E-1,1.612163230E1
9.267723750E-1,1.444720688E1,-6.845414886E0,1.034947815E0,1.602038104E1
9.367113750E-1,1.425545563E1,-6.539600830E0,1.063388672E0,1.571989789E1
9.466501250E-1,1.397059799E1,-5.936804352E0,1.115330658E0,1.522061814E1
9.565891250E-1,1.363559464E1,-5.112169189E0,1.208287354E0,1.461244925E1
9.665281250E-1,1.336346054E1,-4.325255585E0,1.309177551E0,1.410687277E1
9.764671250E-1,1.315299820E1,-3.827390900E0,1.380279694E0,1.376791396E1
9.864061250E-1,1.299073563E1,-3.744163971E0,1.418749695E0,1.359377897E1
9.963451250E-1,1.278970367E1,-4.047133942E0,1.510658569E0,1.349955194E1
1.006284125E0,1.238853790E1,-4.618196411E0,1.562151489E0,1.331329887E1
1.016223125E0,1.189231979E1,-5.309907990E0,1.511706390E0,1.311135573E1
1.026162125E0,1.133308273E1,-5.880970459E0,1.392254791E0,1.284379037E1
1.036101125E0,1.074076447E1,-6.267317047E0,1.260977783E0,1.249933395E1
1.046040125E0,1.021056702E1,-6.406677246E0,1.105600891E0,1.210469105E1
1.055979125E0,9.781259766E0,-6.322552185E0,9.186396790E-1,1.168296228E1
1.065918125E0,9.475445709E0,-6.146218872E0,7.551795959E-1,1.131946881E1
1.075857125E0,9.262139282E0,-5.894143066E0,5.727090454E-1,1.099345907E1
1.085796125E0,9.137298889E0,-5.569468231E0,4.351451111E-1,1.070974130E1
1.095735125E0,9.064101105E0,-5.225333862E0,3.827540588E-1,1.046940989E1
1.105674125E0,9.006470947E0,-4.883893890E0,3.977229309E-1,1.025315181E1
1.115613125E0,8.871302032E0,-4.531975708E0,5.026547241E-1,9.974540859E0
1.125552125E0,8.664731598E0,-4.257745972E0,6.566844177E-1,9.676632103E0
1.135491125E0,8.445138245E0,-4.054169312E0,7.530839539E-1,9.398073431E0
1.145430125E0,8.217461700E0,-3.910468140E0,7.987390137E-1,9.135448641E0
1.155369125E0,7.995623016E0,-3.856430511E0,8.125103760E-1,8.914158223E0
1.165308125E0,7.771539001E0,-3.882775726E0,7.734416199E-1,8.721867789E0
1.175247125E0,7.550598450E0,-3.949387207E0,7.077282715E-1,8.550443004E0
1.185186125E0,7.323071594E0,-4.026925964E0,6.128256226E-1,8.379681709E0
1.195125125E0,7.157515869E0,-4.127666473E0,4.990621948E-1,8.277483132E0
1.205064125E0,7.018604736E0,-4.254153442E0,3.829037476E-1,8.216157815E0
1.215003125E0,6.860533447E0,-4.421355743E0,2.862048340E-1,8.166836536E0
1.224942125E0,6.721921692E0,-4.620292053E0,1.540296936E-1,8.158128158E0
1.234881125E0,6.591692505E0,-4.767286377E0,6.930587769E-2,8.135246326E0
1.244820125E0,6.447392578E0,-4.927153931E0,2.888992310E-2,8.114588809E0
1.254759125E0,6.362070007E0,-5.103636932E0,1.945953369E-2,8.156189269E0
1.264698125E0,6.299350433E0,-5.263504486E0,4.311035156E-2,8.209028801E0
1.274637125E0,6.254294128E0,-5.428760834E0,1.184037781E-1,8.282611828E0
1.284576125E0,6.195316772E0,-5.509443054E0,2.116598511E-1,8.293413807E0
1.294515125E0,6.135590973E0,-5.552852783E0,3.430865479E-1,8.282352262E0
1.304454125E0,6.052962799E0,-5.582940216E0,4.390370178E-1,8.246231479E0
1.314393125E0,5.994883575E0,-5.591472473E0,4.830455017E-1,8.211974577E0
1.324332125E0,5.915398865E0,-5.578599243E0,5.057981873E-1,8.146689208E0
1.334271125E0,5.856870575E0,-5.596861267E0,4.989125061E-1,8.116446431E0
1.344210125E0,5.868995361E0,-5.669160919E0,4.403842163E-1,8.171807042E0
1.354149125E0,5.869294739E0,-5.727988586E0,3.680845642E-1,8.209382451E0
1.364088125E0,5.861660614E0,-5.789959717E0,2.914439392E-1,8.244248798E0
1.374027125E0,5.888155518E0,-5.893394623E0,2.225871277E-1,8.333787891E0
1.383966125E0,5.997877350E0,-6.050717468E0,1.466949463E-1,8.520987853E0
1.393905125E0,6.114634552E0,-6.221811676E0,1.519340515E-1,8.724836972E0
1.403844125E0,6.163732452E0,-6.414311371E0,2.415975952E-1,8.899064979E0
1.413783125E0,6.196065216E0,-6.567442932E0,4.061054993E-1,9.038111114E0
1.423722125E0,6.255341949E0,-6.663393402E0,6.051914978E-1,9.159496235E0
1.433661125E0,6.379733276E0,-6.711892548E0,7.589218140E-1,9.291203397E0
1.443600125E0,6.658303986E0,-6.792275391E0,8.336164856E-1,9.547928225E0
1.453539125E0,7.090605011E0,-6.947502594E0,7.429051208E-1,9.954716457E0
1.463478125E0,7.588619385E0,-7.272476807E0,4.296066284E-1,1.051953539E1
1.473417125E0,8.049960022E0,-7.879464569E0,8.981323242E-4,1.126444935E1
1.483356125E0,8.419391785E0,-8.596174164E0,-3.737727356E-1,1.203827539E1
1.493295125E0,8.655899963E0,-9.171876984E0,-5.507048035E-1,1.262343881E1
1.503234125E0,8.490643616E0,-9.424401855E0,-5.249583435E-1,1.269590330E1
1.513173125E0,8.111631775E0,-9.230704651E0,-2.332150269E-1,1.229060078E1
1.523112125E0,7.793243866E0,-8.563841400E0,1.456471252E-1,1.157995002E1
1.533051125E0,8.003556519E0,-7.665110321E0,4.625381470E-1,1.109165338E1
1.542990125E0,8.935219116E0,-6.644382935E0,6.270460510E-1,1.115254016E1
1.552929125E0,9.865085449E0,-5.628445587E0,6.747967529E-1,1.137781443E1
1.562868125E0,1.086545517E1,-4.955594788E0,6.971003723E-1,1.196252418E1
1.572807125E0,1.178155014E1,-4.755760345E0,5.791456604E-1,1.271839573E1
1.582746125E0,1.221594681E1,-5.002297668E0,2.061213684E-1,1.320207652E1
1.592685125E0,1.215816696E1,-5.601501617E0,-4.034111023E-1,1.339255707E1
1.602624125E0,1.171718399E1,-6.241121521E0,-1.184187469E0,1.332840195E1
1.612563125E0,1.120914047E1,-6.586004333E0,-1.734143829E0,1.311592688E1
1.622502125E0,1.046024780E1,-6.601871338E0,-2.096540222E0,1.254579492E1
1.632441125E0,9.495953064E0,-6.184239807E0,-2.264341278E0,1.155617532E1
1.642380125E0,8.779842224E0,-5.497917023E0,-2.244582367E0,1.059956938E1
1.652319125E0,8.373736725E0,-4.812791748E0,-2.031275940E0,9.869575122E0
1.662258125E0,8.085885315E0,-4.169279938E0,-1.578617249E0,9.233442963E0
1.672197125E0,7.765551453E0,-3.591331787E0,-9.454339600E-1,8.607862612E0
1.682136125E0,7.343429260E0,-3.143762512E0,-3.637435913E-1,7.996343254E0
1.692075125E0,6.853198700E0,-2.849474487E0,9.580078125E-3,7.421989562E0
1.702014125E0,6.393804016E0,-2.750380554E0,1.056802368E-1,6.961069695E0
1.711953125E0,6.079308014E0,-2.749183044E0,-1.332229614E-2,6.672043976E0
1.721892125E0,5.869444427E0,-2.687960358E0,-2.174977112E-1,6.459319935E0
1.731831125E0,5.659281464E0,-2.600242767E0,-5.507048035E-1,6.252359948E0
1.741770125E0,5.546565857E0,-2.509531403E0,-1.016536102E0,6.172154106E0
1.751709125E0,5.341342621E0,-2.536924438E0,-1.381776581E0,6.072498095E0
1.761648125E0,5.238506470E0,-2.822829895E0,-1.718276825E0,6.193770572E0
1.771587125E0,5.166805573E0,-2.959046631E0,-1.830693054E0,6.229227388E0
1.781526125E0,5.399272156E0,-3.150947571E0,-1.871558075E0,6.525591164E0
1.791465125E0,5.663023682E0,-3.331322479E0,-1.812880096E0,6.815723067E0
1.801404125E0,5.999374237E0,-3.611240387E0,-1.600322113E0,7.182936672E0
1.811343125E0,6.493496704E0,-3.863914948E0,-1.278341675E0,7.663517182E0
1.821282125E0,7.129224701E0,-4.052223358E0,-8.946894836E-1,8.249050142E0
1.831221125E0,7.791597290E0,-4.189038849E0,-5.611830139E-1,8.864082648E0
1.841160125E0,8.259374542E0,-4.389621735E0,-3.724255371E-1,9.360809131E0
1.851099125E0,8.642877045E0,-4.540507965E0,-2.793191528E-1,9.766962444E0
1.861038125E0,8.942104797E0,-4.599335632E0,-2.221380615E-1,1.005805507E1
1.870977125E0,9.096583557E0,-4.607119446E0,-1.598675537E-1,1.019798704E1
1.880916125E0,9.283993835E0,-4.625680847E0,-7.484436035E-4,1.037253418E1
1.890855125E0,9.526639252E0,-4.587360535E0,2.704875183E-1,1.057704569E1
1.900793125E0,9.814790039E0,-4.469106445E0,5.128335571E-1,1.079657419E1
1.910732125E0,1.009845016E1,-4.387526093E0,7.370672607E-1,1.103505093E1
1.920671125E0,1.043839325E1,-4.395459595E0,8.722361755E-1,1.135961771E1
1.930611125E0,1.079495178E1,-4.510121155E0,9.144483948E-1,1.173492193E1
1.940550125E0,1.124207199E1,-4.652924194E0,1.019978943E0,1.220959636E1
1.950488125E0,1.170954987E1,-4.752467194E0,1.112187195E0,1.268607358E1
1.960427125E0,1.193887299E1,-4.737049255E0,1.116228790E0,1.289272239E1
1.970366125E0,1.199051559E1,-4.735402679E0,1.032552795E0,1.293300692E1
1.980305125E0,1.191252777E1,-4.683909760E0,9.306147766E-1,1.283407076E1
1.990244125E0,1.202120178E1,-4.630021820E0,7.911048889E-1,1.290628689E1
2.000183125E0,1.235620514E1,-4.805157623E0,5.602848816E-1,1.326948621E1
2.010122125E0,1.288685165E1,-5.386997681E0,3.484753418E-1,1.397183326E1
2.020061125E0,1.339743988E1,-6.232888641E0,3.218307495E-1,1.477984679E1
2.030000125E0,1.373064697E1,-6.941215668E0,4.537065125E-1,1.539210807E1
2.039939125E0,1.391296783E1,-7.157515869E0,7.828720093E-1,1.566568211E1
2.049878125E0,1.387270157E1,-6.851701813E0,1.166823578E0,1.551641530E1
2.059817125E0,1.355566086E1,-6.074368286E0,1.484163666E0,1.492838347E1
2.069756125E0,1.327140198E1,-5.160818024E0,1.607058105E0,1.432992634E1
2.079695125E0,1.319895264E1,-4.437073059E0,1.487606506E0,1.400403303E1
2.089634125E0,1.331990112E1,-4.074826355E0,1.309177551E0,1.399063693E1
2.099573125E0,1.349354004E1,-4.077221375E0,1.245709534E0,1.415101230E1
2.109512125E0,1.355655899E1,-4.468807068E0,1.367705841E0,1.433949607E1
2.119451125E0,1.341285782E1,-5.090614014E0,1.569635925E0,1.443200827E1
2.129390125E0,1.295780411E1,-5.741161194E0,1.578916626E0,1.426038558E1
2.139329125E0,1.244976059E1,-6.269562378E0,1.302740936E0,1.400003875E1
2.149268125E0,1.193513077E1,-6.565047913E0,9.315129089E-1,1.365338481E1
2.159207125E0,1.145687531E1,-6.596332855E0,5.990542603E-1,1.323368675E1
2.169146125E0,1.109612549E1,-6.440357208E0,3.908372498E-1,1.283569069E1
2.179085125E0,1.070738388E1,-6.137087860E0,3.062631226E-1,1.234527092E1
2.189024125E0,1.039812698E1,-5.715714111E0,3.083587646E-1,1.186952053E1
2.198963125E0,1.016895355E1,-5.277724915E0,4.213737488E-1,1.146470900E1
2.208902125E0,9.879455566E0,-4.864584045E0,5.837860107E-1,1.102763013E1
2.218841125E0,9.525741119E0,-4.498295746E0,7.078779602E-1,1.055819585E1
2.228780125E0,9.229806519E0,-4.193828888E0,7.933502197E-1,1.016891999E1
2.238719125E0,8.942104797E0,-4.003424835E0,8.490344238E-1,9.834099251E0
2.248658125E0,8.651259613E0,-3.922143860E0,8.545729065E-1,9.537179887E0
2.258597125E0,8.376880188E0,-3.972289581E0,8.358618164E-1,9.308591256E0
2.268536125E0,8.049061890E0,-4.124073944E0,7.405101013E-1,9.074345068E0
2.278475125E0,7.723937988E0,-4.292324066E0,5.987548828E-1,8.856735931E0
2.288414125E0,7.415429535E0,-4.474345551E0,4.614903259E-1,8.673023499E0
2.298353125E0,7.113806763E0,-4.623585205E0,3.138972473E-1,8.490130640E0
2.308292125E0,6.854994965E0,-4.784799957E0,1.871109009E-1,8.361834553E0
2.318231125E0,6.644981689E0,-4.926106110E0,1.293310547E-1,8.272788501E0
2.328170125E0,6.415059814E0,-5.085674286E0,6.242019653E-2,8.186633719E0
2.338109125E0,6.246959381E0,-5.246290283E0,2.619552612E-2,8.157741688E0
2.348048125E0,6.190227356E0,-5.356760559E0,1.302291870E-2,8.186205959E0
2.357987125E0,6.204148407E0,-5.401816864E0,5.987548828E-3,8.226245726E0
2.367926125E0,6.245312805E0,-5.449866943E0,2.320175171E-2,8.288879300E0
2.377865125E0,6.293362885E0,-5.518723755E0,3.637435913E-2,8.370427192E0
2.387804125E0,6.302344208E0,-5.580096130E0,4.999603271E-2,8.417809391E0
2.397743125E0,6.289470978E0,-5.607189789E0,4.760101318E-2,8.426166884E0
2.407682125E0,6.223907318E0,-5.620063019E0,6.930587769E-2,8.386115546E0
2.417621125E0,6.186335449E0,-5.664819946E0,9.145980835E-2,8.388640904E0
2.427560125E0,6.157894592E0,-5.734574890E0,1.564247131E-1,8.416025408E0
2.437499125E0,6.024521942E0,-5.795348511E0,2.758763123E-1,8.364032325E0
2.447438125E0,5.935906219E0,-5.819747772E0,3.977229309E-1,8.322417336E0
2.457377125E0,5.886958008E0,-5.849386139E0,4.429289246E-1,8.310702667E0
2.467316125E0,5.888155518E0,-5.951922913E0,4.290078735E-1,8.383305405E0
2.477255125E0,5.934109955E0,-6.135740662E0,3.803590393E-1,8.544334229E0
2.487194125E0,5.980962524E0,-6.347849579E0,3.046165466E-1,8.726963861E0
2.497133125E0,6.013894043E0,-6.558162231E0,2.182461548E-1,8.900788999E0
2.507072125E0,6.047574005E0,-6.830446014E0,1.559756470E-1,9.124279287E0
2.517011125E0,6.127657471E0,-7.089108124E0,1.460961914E-1,9.371498502E0
2.526950125E0,6.173611908E0,-7.212451630E0,2.547702026E-1,9.497254885E0
2.536889125E0,6.164181519E0,-7.201973419E0,4.984634399E-1,9.492840498E0
2.546828125E0,6.084547119E0,-7.098688202E0,7.226971436E-1,9.377386576E0
2.556767125E0,6.091133423E0,-6.999893646E0,8.075706482E-1,9.314106924E0
2.566706125E0,6.370452576E0,-7.069199524E0,7.072792053E-1,9.542352530E0
2.576645125E0,6.908733215E0,-7.433841248E0,2.868035889E-1,1.015257832E1
2.586584125E0,7.510481873E0,-8.039631500E0,-3.207829285E-1,1.100663047E1
2.596523125E0,7.968379669E0,-8.733887787E0,-8.602610779E-1,1.185394110E1
2.606462125E0,8.224946136E0,-9.376501465E0,-1.132544861E0,1.252402398E1
2.616401125E0,8.399932251E0,-9.630523224E0,-1.093925171E0,1.282585325E1
2.626340125E0,8.446186066E0,-9.218130798E0,-7.197033691E-1,1.252317721E1
2.636279125E0,8.469986572E0,-8.225544891E0,-1.657054138E-1,1.180795154E1
2.646218125E0,8.745114441E0,-7.096891937E0,4.167333984E-1,1.127016275E1
2.656157125E0,9.235943756E0,-6.126759338E0,8.735833740E-1,1.111768793E1
2.666096125E0,9.954000549E0,-5.356760559E0,9.593550110E-1,1.134448644E1
2.676035125E0,1.046443909E1,-4.932393036E0,8.178991699E-1,1.159749738E1
2.685974125E0,1.073911789E1,-5.013674011E0,5.285508728E-1,1.186359752E1
2.695913125E0,1.075273956E1,-5.499114532E0,9.310638428E-2,1.207767931E1
2.705852125E0,1.057116714E1,-6.139931946E0,-3.860472107E-1,1.223100043E1
2.715791125E0,1.039273819E1,-6.595135345E0,-7.577243042E-1,1.233202998E1
2.725730125E0,1.009201355E1,-6.724466400E0,-1.015188904E0,1.216954372E1
2.735669125E0,9.812095642E0,-6.503076782E0,-1.222208405E0,1.183473793E1
2.745608125E0,9.533824310E0,-5.889652405E0,-1.343306580E0,1.128655324E1
2.755547125E0,9.227860565E0,-5.038522339E0,-1.375938721E0,1.060345818E1
2.765486125E0,9.040450287E0,-4.164938965E0,-1.352138214E0,1.004513493E1
2.775425125E0,8.879385223E0,-3.433859253E0,-1.195863190E0,9.595048727E0
2.785364125E0,8.547525330E0,-2.895279236E0,-9.481283569E-1,9.074237075E0
2.795303125E0,8.034542084E0,-2.566562805E0,-5.670208740E-1,8.453556873E0
2.805242125E0,7.419022064E0,-2.432142334E0,-2.245330811E-1,7.810737470E0
2.815181125E0,6.747518463E0,-2.427352295E0,1.251397705E-1,7.171938687E0
2.825120125E0,6.225553894E0,-2.481240234E0,4.083508301E-1,6.714225554E0
2.835059125E0,5.875881042E0,-2.558629303E0,5.911207581E-1,6.435991430E0
2.844998125E0,5.634133759E0,-2.618205414E0,6.227050781E-1,6.243894971E0
2.854937125E0,5.432652740E0,-2.679877167E0,4.553530884E-1,6.074767803E0
2.864876125E0,5.321134644E0,-2.776576080E0,1.445993042E-1,6.003728640E0
2.874815125E0,5.289550323E0,-2.899021454E0,-2.315684509E-1,6.036331002E0
2.884754125E0,5.331014099E0,-3.040926361E0,-5.858816528E-1,6.165241420E0
2.894693125E0,5.468278656E0,-3.165617065E0,-8.818162537E-1,6.379718079E0
2.904632125E0,5.633235626E0,-3.300037537E0,-1.068328400E0,6.615505796E0
2.914571125E0,5.917494507E0,-3.460803223E0,-1.139430542E0,6.949259108E0
2.924510125E0,6.291416931E0,-3.620371399E0,-1.123413849E0,7.345139532E0
2.934449125E0,6.632707214E0,-3.811374207E0,-1.021775208E0,7.717733016E0
2.944388500E0,6.945556641E0,-3.997886353E0,-8.912466431E-1,8.063384706E0
2.954327500E0,7.315587158E0,-4.174818420E0,-7.813751221E-1,8.459164935E0
2.964266500E0,7.747439117E0,-4.277055817E0,-7.310797119E-1,8.879780227E0
2.974205500E0,8.132737885E0,-4.353097687E0,-6.780899048E-1,9.249361648E0
2.984144500E0,8.441545715E0,-4.472998352E0,-5.918692017E-1,9.571714448E0
2.994083500E0,8.704848175E0,-4.582720184E0,-4.764591980E-1,9.848995858E0
3.004022500E0,9.097182312E0,-4.641098785E0,-3.809577942E-1,1.021976775E1
3.013961500E0,9.734407196E0,-4.640949097E0,-3.213816833E-1,1.078890069E1
3.023900500E0,1.077564194E1,-4.466561737E0,-3.761677551E-1,1.167073841E1
3.033839500E0,1.194740524E1,-4.109554138E0,-5.578898621E-1,1.264674537E1
3.043778500E0,1.260738281E1,-3.849095764E0,-7.303312683E-1,1.320208405E1
3.053717500E0,1.287128403E1,-3.910468140E0,-8.749305725E-1,1.348062376E1
3.063656500E0,1.279748749E1,-4.111051025E0,-1.032552795E0,1.348119401E1
3.073595500E0,1.254765701E1,-4.389172668E0,-1.151106262E0,1.334292243E1
3.083534500E0,1.255603958E1,-4.474195862E0,-1.147813110E0,1.337871569E1
3.093473500E0,1.277937515E1,-4.347559204E0,-9.807604980E-1,1.353423775E1
3.103412500E0,1.316961365E1,-4.270768890E0,-7.523355103E-1,1.386521544E1
3.113351500E0,1.378887589E1,-4.463717651E0,-5.343887329E-1,1.450322188E1
3.123290500E0,1.445693665E1,-5.016667786E0,-2.975811768E-1,1.530550644E1
3.133229500E0,1.484672607E1,-5.735772400E0,1.796264648E-2,1.591617676E1
3.143168500E0,1.501168304E1,-6.250701599E0,3.511697388E-1,1.626484609E1
3.153107500E0,1.498922974E1,-6.385571136E0,7.132667542E-1,1.630831924E1
3.163046500E0,1.479074249E1,-6.141578522E0,9.557624817E-1,1.604364460E1
3.172985500E0,1.441188034E1,-5.619464264E0,1.064436493E0,1.550527970E1
3.182924500E0,1.393347519E1,-4.981940002E0,1.066532135E0,1.483573213E1
3.192863500E0,1.349683319E1,-4.413272552E0,9.258247375E-1,1.423020141E1
3.202802500E0,1.312350952E1,-4.098926239E0,8.146060181E-1,1.377284580E1
3.212741500E0,1.283386185E1,-4.087100830E0,8.652008057E-1,1.349670239E1
3.222680500E0,1.253792725E1,-4.370162201E0,9.957293701E-1,1.331500711E1
3.232619500E0,1.222477844E1,-4.968168640E0,1.061592407E0,1.323838684E1
3.242558500E0,1.196042816E1,-5.655239868E0,1.007105713E0,1.326830214E1
3.252497500E0,1.165985321E1,-6.180946655E0,9.903405762E-1,1.323393565E1
3.262436500E0,1.141017242E1,-6.521937561E0,1.019080811E0,1.318204195E1
3.272375500E0,1.128473328E1,-6.569089508E0,1.067729645E0,1.310107586E1
3.282314500E0,1.109597580E1,-6.409221954E0,8.776249695E-1,1.284402704E1
3.292253500E0,1.089928482E1,-6.171665955E0,5.330415344E-1,1.253666636E1
3.302192500E0,1.074809921E1,-5.774392090E0,4.122427368E-1,1.220799675E1
3.312131500E0,1.043524979E1,-5.287454681E0,3.288661194E-1,1.170298116E1
3.322070500E0,1.016386414E1,-4.910688171E0,2.992277527E-1,1.129196749E1
3.332009500E0,9.966574402E0,-4.496200104E0,4.099974060E-1,1.094150440E1
3.341948500E0,9.668843536E0,-4.005071411E0,5.909710693E-1,1.048219343E1
3.351887500E0,9.354497223E0,-3.647764435E0,6.646179199E-1,1.006253053E1
3.361826500E0,9.085656281E0,-3.407364349E0,6.725514221E-1,9.726849812E0
3.371765500E0,8.804690552E0,-3.273991699E0,6.860234070E-1,9.418716764E0
3.381704500E0,8.558901672E0,-3.304677887E0,7.798782349E-1,9.207817539E0
3.391643500E0,8.454868011E0,-3.485651550E0,9.454339600E-1,9.193933064E0
3.401582500E0,8.417894897E0,-3.732488251E0,1.149309998E0,9.279727179E0
3.411521500E0,8.218659210E0,-3.975283356E0,1.195114746E0,9.207471761E0
3.421460500E0,7.915539551E0,-4.315675507E0,9.861492920E-1,9.069361162E0
3.431399500E0,7.552694092E0,-4.669240265E0,6.950047302E-1,8.906628109E0
3.441338500E0,7.372019806E0,-4.968767395E0,5.507048035E-1,8.907221858E0
3.451277500E0,7.167395325E0,-5.118306427E0,5.712121582E-1,8.825808731E0
3.461216500E0,6.770869904E0,-5.070256348E0,3.589535522E-1,8.466464807E0
3.471155500E0,6.675518188E0,-5.450166321E0,-2.380050659E-2,8.617854865E0
3.481094500E0,7.254663849E0,-5.913153534E0,-6.137237549E-3,9.359250501E0
3.491033500E0,7.245233459E0,-5.988746338E0,-8.247848511E-2,9.400281553E0
3.500972500E0,6.347400513E0,-5.471871185E0,-4.019142151E-1,8.390018032E0
3.510911500E0,5.584586792E0,-4.985981598E0,-7.583230591E-1,7.524804050E0
3.520850500E0,4.987927551E0,-4.782854004E0,-1.256187744E0,7.023754077E0
3.530789500E0,4.611310730E0,-4.993765411E0,-1.437460785E0,6.947530003E0
3.540728500E0,4.479285278E0,-5.270689545E0,-9.366023254E-1,6.980070830E0
3.550667500E0,4.968018951E0,-5.411846008E0,-1.151106262E-1,7.347281128E0
3.560606500E0,5.626649323E0,-5.321883087E0,7.770341492E-1,7.783662651E0
3.570545500E0,5.481301575E0,-5.321733398E0,1.197210388E0,7.732970065E0
3.580484500E0,5.101391602E0,-5.746699677E0,1.059496765E0,7.757015331E0
3.590423500E0,5.563181305E0,-6.296356659E0,6.259982300E-1,8.425257693E0
3.600362500E0,5.726491699E0,-6.281387787E0,7.948471069E-2,8.500285732E0
3.610301500E0,5.736670532E0,-6.391558685E0,-2.869532776E-1,8.593238819E0
3.620240500E0,6.540498962E0,-6.424789581E0,-2.565664673E-1,9.171797762E0
3.630179500E0,7.106022949E0,-6.317612457E0,-3.739224243E-1,9.515650650E0
3.640118500E0,7.007677460E0,-5.736820221E0,-4.912783813E-1,9.069730099E0
3.650057500E0,7.457791443E0,-5.598657532E0,-2.222877502E-1,9.328077573E0
3.659996500E0,7.665709076E0,-5.476511536E0,1.347198486E-3,9.421001860E0
3.669935500E0,7.313341827E0,-5.423372040E0,-3.076103210E-1,9.110025086E0
3.679874500E0,7.659571838E0,-5.977819061E0,-7.536827087E-1,9.745327039E0
3.689813500E0,8.153245239E0,-6.479575653E0,-8.018824768E-1,1.044525366E1
3.699752500E0,8.206085358E0,-6.943910065E0,-9.804611206E-1,1.079439799E1
3.709691500E0,9.001830597E0,-7.172933807E0,-1.217118988E0,1.157433852E1
3.719630500E0,9.813442841E0,-7.235803070E0,-1.281036072E0,1.225975366E1
3.729569500E0,1.050605255E1,-7.178621979E0,-1.506167908E0,1.281320785E1
3.739508500E0,1.121153549E1,-6.530769196E0,-1.625769196E0,1.307641388E1
3.749447500E0,1.174547516E1,-5.360802155E0,-1.616787872E0,1.301185573E1
3.759386500E0,1.218795502E1,-4.227658539E0,-1.031205597E0,1.294151186E1
3.769325500E0,1.183932999E1,-3.183430023E0,-3.122506714E-1,1.226382737E1
3.779264500E0,1.123862915E1,-2.966680756E0,2.095642090E-1,1.162548481E1
3.789203500E0,1.099254089E1,-3.360062714E0,8.256829834E-1,1.152422358E1
3.799142500E0,1.124641296E1,-3.396287384E0,1.563199310E0,1.185158912E1
3.809081500E0,1.174787018E1,-3.418890381E0,2.046693878E0,1.240524974E1
3.819020500E0,1.158455978E1,-3.675606537E0,2.492167511E0,1.240657115E1
3.828959500E0,1.145822250E1,-4.318818970E0,1.924098816E0,1.239537077E1
3.838898500E0,1.086335953E1,-4.442012787E0,5.176235962E-1,1.174785053E1
3.848837500E0,1.151031418E1,-4.551734619E0,-6.357279968E-1,1.239394088E1
3.858776500E0,1.133697464E1,-3.761378174E0,-8.970845032E-1,1.197830206E1
3.868715500E0,9.777218170E0,-2.476001129E0,-2.662962341E-1,1.008937513E1
3.878654500E0,8.945996704E0,-1.993105316E0,-3.824546814E-1,9.173308968E0
3.888593500E0,8.057594147E0,-2.118843842E0,-5.069956970E-1,8.346937600E0
3.898532500E0,7.616162109E0,-2.088307343E0,-4.730163574E-2,7.897416684E0
3.908471500E0,7.312144318E0,-1.761836243E0,6.036946106E-1,7.545592664E0
3.918410500E0,6.337071991E0,-1.376387787E0,7.167095947E-1,6.524308193E0
3.928349500E0,6.597230988E0,-1.478475494E0,2.868035889E-1,6.766949297E0
3.938288500E0,6.046526184E0,-1.882185974E0,-2.077679443E-1,6.336108463E0
3.948227125E0,5.784570923E0,-1.854792938E0,-9.774673462E-2,6.075448299E0
3.958166125E0,6.374494171E0,-1.947599945E0,4.447251892E-1,6.680202241E0
3.968105125E0,5.924679565E0,-1.989662476E0,7.698490906E-1,6.297082844E0
3.978044125E0,5.375172272E0,-2.364483032E0,4.290078735E-1,5.887894761E0
3.987983125E0,5.526357880E0,-2.362986145E0,4.411326599E-1,6.026519141E0
3.997922125E0,5.345833282E0,-1.894161072E0,3.760180664E-1,5.683939588E0
4.007861125E0,5.217699738E0,-2.483784943E0,9.460327148E-2,5.779492017E0
4.017800125E0,5.714067535E0,-2.755469971E0,2.927911377E-1,6.350504642E0
4.027739125E0,6.454577637E0,-2.681673431E0,8.991801453E-1,7.047089456E0
4.037678125E0,6.376140747E0,-2.560724945E0,8.497828674E-1,6.923482794E0
4.047617125E0,6.949298859E0,-2.769989777E0,3.345542908E-1,7.488492810E0
4.057556125E0,7.566016388E0,-2.421215057E0,5.037025452E-1,7.959937348E0
4.067495125E0,8.573870544E0,-2.197280731E0,8.033793640E-1,8.887334647E0
4.077433125E0,9.156309357E0,-2.248324585E0,1.294807434E0,9.516800448E0
4.087372125E0,9.293573914E0,-1.835782471E0,1.072220306E0,9.533638852E0
4.097311125E0,1.004396347E1,-1.507515106E0,3.191363525E-1,1.016147883E1
4.107250125E0,1.067594925E1,-1.243464203E0,2.778222656E-1,1.075171060E1
4.117189125E0,1.071052734E1,-1.325792999E0,5.066963196E-1,1.080415958E1
4.127128125E0,1.108415039E1,-1.483115845E0,6.620732117E-1,1.120251594E1
4.137068125E0,1.133248398E1,-1.614692230E0,1.030756531E0,1.149325381E1
4.147006125E0,1.155941208E1,-1.998194733E0,1.106199646E0,1.178288876E1
4.156945125E0,1.227193039E1,-2.175126801E0,1.543739777E0,1.255844674E1
4.166884125E0,1.257505005E1,-2.558180237E0,1.697769470E0,1.294444248E1
4.176823125E0,1.281170792E1,-3.260370026E0,2.136207733E0,1.339153673E1
4.186762125E0,1.322020844E1,-3.000959473E0,2.602637787E0,1.380410780E1
4.196701125E0,1.362766113E1,-2.909948730E0,2.655328217E0,1.418561657E1
4.206640125E0,1.346225510E1,-2.840642853E0,2.644550629E0,1.401053932E1
4.216579125E0,1.359487930E1,-2.753074951E0,2.508034515E0,1.409575830E1
4.226518125E0,1.384545822E1,-2.859653320E0,1.994003448E0,1.427761816E1
4.236457125E0,1.406190811E1,-3.353177032E0,1.577270050E0,1.454196812E1
4.246396125E0,1.458866272E1,-3.912863159E0,1.530866547E0,1.518167087E1
4.256335125E0,1.524265274E1,-4.218078461E0,1.739233246E0,1.591086361E1
4.266274125E0,1.565115326E1,-4.176764374E0,1.685944061E0,1.628638592E1
4.276213125E0,1.564651291E1,-3.838767242E0,1.569186859E0,1.618678002E1
4.286152125E0,1.527348862E1,-3.395239563E0,1.305585022E0,1.570068975E1
4.296091125E0,1.485061798E1,-2.966830444E0,1.369651794E0,1.520588318E1
4.306030125E0,1.420605835E1,-2.599644012E0,1.433568878E0,1.451293776E1
4.315969125E0,1.333831284E1,-2.536325684E0,1.682201843E0,1.368113081E1
4.325908125E0,1.261980698E1,-2.689457245E0,1.907183990E0,1.304339140E1
4.335847125E0,1.199111435E1,-3.258723450E0,2.171833649E0,1.261439508E1
4.345786125E0,1.138891663E1,-3.993096313E0,2.444716187E0,1.231376780E1
4.355725125E0,1.097083603E1,-4.730912018E0,2.658321991E0,1.223958527E1
4.365664125E0,1.109043732E1,-5.190007324E0,2.858904877E0,1.257407305E1
4.375603125E0,1.101304825E1,-5.438939667E0,2.799628143E0,1.259790515E1
4.385542125E0,1.075288925E1,-5.482349396E0,2.339185638E0,1.229441221E1
4.395481125E0,1.075588303E1,-5.314548340E0,1.806892548E0,1.213253083E1
4.405420125E0,1.090736801E1,-5.013674011E0,1.125808868E0,1.205715761E1
4.415359125E0,1.094598770E1,-4.690196686E0,7.303312683E-1,1.193088326E1
4.425298125E0,1.097293167E1,-4.291875000E0,6.575825500E-1,1.180075571E1
4.435237125E0,1.102352646E1,-4.071832581E0,8.669970703E-1,1.178344772E1
4.445176125E0,1.048315018E1,-3.839815063E0,1.178050232E0,1.122623800E1
4.455115125E0,9.934840393E0,-3.505260773E0,1.217118988E0,1.060515372E1
4.465054125E0,9.588460693E0,-3.286415863E0,1.176703033E0,1.020410396E1
4.474993125E0,8.928034058E0,-3.254532166E0,1.173110504E0,9.574860835E0
4.484932125E0,8.406069489E0,-3.350033569E0,1.349144440E0,9.149039287E0
4.494871125E0,7.935148773E0,-3.358416138E0,1.463207245E0,8.739938241E0
4.504810125E0,7.608827362E0,-3.630699921E0,1.679357758E0,8.596306080E0
4.514749125E0,7.067103882E0,-3.921395416E0,1.913470917E0,8.305580668E0
4.524688125E0,6.509513397E0,-3.902834015E0,1.519041138E0,7.740372342E0
4.534627125E0,6.505322113E0,-4.049379272E0,9.855505371E-1,7.725800809E0
4.544566125E0,6.234086151E0,-4.170028381E0,7.247927856E-1,7.535137120E0
4.554505125E0,5.630092163E0,-4.531676331E0,4.763095093E-1,7.242989637E0
4.564444125E0,5.484594727E0,-4.669988708E0,5.224136353E-1,7.222360408E0
4.574383125E0,5.522765350E0,-4.883295135E0,7.086264038E-1,7.406055622E0
4.584322125E0,5.003944244E0,-4.969665527E0,4.972659302E-1,7.069958052E0
4.594261125E0,4.867577820E0,-4.959786072E0,1.428030396E-1,6.950768621E0
4.604200125E0,4.860542450E0,-4.885241089E0,6.286926270E-3,6.891334626E0
4.614139125E0,4.792583771E0,-4.927902374E0,-5.388793945E-3,6.874089761E0
4.624078125E0,4.886588287E0,-4.888983307E0,9.071136475E-2,6.912968351E0
4.634017125E0,4.872367859E0,-4.940176849E0,3.601510620E-1,6.948023074E0
4.643956125E0,4.728816376E0,-4.936284943E0,7.476951599E-1,6.876602461E0
4.653895125E0,4.797373810E0,-4.923411713E0,8.876541138E-1,6.931284743E0
4.663834125E0,4.794978790E0,-4.884642334E0,7.553292847E-1,6.886368757E0
4.673773125E0,4.703369293E0,-4.837041321E0,5.180726624E-1,6.766612944E0
4.683712125E0,4.940027161E0,-4.970713348E0,4.363426208E-1,7.021556410E0
4.693651125E0,5.276078339E0,-5.194647675E0,9.032217407E-1,7.459033222E0
4.703590125E0,5.530698853E0,-5.236261139E0,9.457333374E-1,7.674729445E0
4.713529125E0,5.938899994E0,-5.393733673E0,5.520520020E-1,8.041620327E0
4.723468125E0,6.407575378E0,-5.600603485E0,3.601510620E-1,8.517833669E0
4.733407125E0,6.978637848E0,-5.822741547E0,2.360591125E-1,9.091833106E0
4.743346125E0,7.662415924E0,-6.213578796E0,4.263134766E-1,9.874356811E0
4.753285125E0,8.018974457E0,-6.410269775E0,9.077124023E-1,1.030628215E1
4.763224125E0,8.253386993E0,-6.577771454E0,1.055155792E0,1.060654646E1
4.773163125E0,8.516090698E0,-6.591542816E0,1.106798401E0,1.082576742E1
4.783102125E0,8.666228485E0,-6.575077057E0,7.529342651E-1,1.090422232E1
4.793041125E0,8.903485107E0,-6.881639557E0,4.125421143E-1,1.126051513E1
4.802980125E0,9.260193329E0,-7.536228333E0,4.052073669E-1,1.194613373E1
4.812919125E0,9.692045288E0,-8.156688080E0,4.436773682E-1,1.267533636E1
4.822858125E0,1.015563126E1,-8.599317627E0,2.004331970E-1,1.330884230E1
4.832797125E0,1.061787003E1,-8.916807404E0,8.397537231E-2,1.386562909E1
4.842736125E0,1.088551346E1,-8.699758759E0,2.417472839E-1,1.393695259E1
4.852675125E0,1.101229980E1,-8.045169983E0,5.480104065E-1,1.364902277E1
4.862614125E0,1.106858276E1,-6.878346405E0,1.140777740E0,1.308153460E1
4.872553125E0,1.078911392E1,-5.672005005E0,1.549577637E0,1.228730283E1
4.882492125E0,1.040471329E1,-4.360432434E0,1.593885498E0,1.139350256E1
4.892431125E0,1.017134857E1,-3.685785370E0,1.450932770E0,1.091542722E1
4.902370125E0,9.868378601E0,-3.646566925E0,1.572330322E0,1.063741365E1
4.912309125E0,9.955796814E0,-3.718716888E0,1.611848145E0,1.074917671E1
4.922248125E0,1.009949799E1,-3.954177246E0,1.093625793E0,1.090098136E1
4.932187125E0,1.051787796E1,-4.323609009E0,6.721023560E-1,1.139171072E1
4.942126375E0,1.102217926E1,-4.593497772E0,1.683998108E-1,1.194223664E1
4.952065375E0,1.162018570E1,-4.577032013E0,-4.587959290E-1,1.249753702E1
4.962004375E0,1.183379150E1,-4.403093719E0,-9.696835327E-1,1.266357540E1
4.971943375E0,1.203138062E1,-3.995491333E0,-1.374441833E0,1.275175129E1
4.981882375E0,1.187016586E1,-3.536246338E0,-1.905687103E0,1.253146117E1
4.991821375E0,1.117186798E1,-3.267555084E0,-1.876797180E0,1.179024673E1
5.001760375E0,1.060065582E1,-3.154540100E0,-1.214574280E0,1.112655462E1
5.011699375E0,9.970615997E0,-3.041076050E0,-3.408412170E-1,1.042964523E1
5.021638375E0,9.139244843E0,-2.918630676E0,3.261717224E-1,9.599509847E0
5.031577375E0,8.439300385E0,-2.911146240E0,8.044271851E-1,8.963462864E0
5.041516375E0,7.727680206E0,-2.914589081E0,1.436862030E0,8.383104638E0
5.051455375E0,6.916367340E0,-2.519410858E0,1.381327515E0,7.489434822E0
5.061394375E0,6.388265533E0,-2.330354004E0,1.048120422E0,6.880337399E0
5.071333375E0,6.161038055E0,-2.094743958E0,8.818162537E-1,6.566882219E0
5.081272375E0,6.149062958E0,-1.951192474E0,7.183561707E-1,6.491083339E0
5.091211375E0,6.096522217E0,-2.121687927E0,7.399113464E-1,6.497431154E0
5.101150375E0,5.972879333E0,-1.954335938E0,6.173162842E-1,6.314728489E0
5.111089375E0,6.048621826E0,-2.045346680E0,3.227288818E-1,6.393232591E0
5.121028375E0,6.119274902E0,-1.936073914E0,5.179229736E-1,6.439111098E0
5.130967375E0,6.409072266E0,-1.962269440E0,4.513114929E-1,6.717915653E0
5.140906375E0,6.719826050E0,-1.778152313E0,2.158511353E-1,6.954457527E0
5.150845375E0,7.076683960E0,-1.544787598E0,-6.676116943E-2,7.243637321E0
5.160784375E0,7.602839813E0,-1.396296387E0,-2.736309814E-1,7.734836181E0
5.170723375E0,8.118068390E0,-1.415456543E0,3.682342529E-2,8.240625436E0
5.180662375E0,8.475824432E0,-1.525926819E0,7.021897888E-1,8.640666812E0
5.190601375E0,8.853040009E0,-1.764231262E0,1.366957397E0,9.130027484E0
5.200540375E0,9.011111298E0,-1.635798340E0,1.518741760E0,9.283455152E0
5.210479375E0,9.084758148E0,-1.414558411E0,1.154848480E0,9.266470802E0
5.220418375E0,9.374854889E0,-1.449435883E0,1.008602600E0,9.539708998E0
5.230357375E0,9.636660461E0,-1.504820709E0,9.957293701E-1,9.804141329E0
5.240296375E0,9.981992340E0,-1.696122894E0,9.258247375E-1,1.016730817E1
5.250235375E0,1.049707123E1,-1.956281891E0,1.378184052E0,1.076637982E1
5.260174375E0,1.098116455E1,-2.087858276E0,1.621877289E0,1.129493749E1
5.270112375E0,1.162198196E1,-2.283052368E0,1.428180084E0,1.192989905E1
5.280051375E0,1.220352264E1,-2.447410583E0,1.226998444E0,1.250685047E1
5.289991375E0,1.254107071E1,-2.740351410E0,1.036295013E0,1.287873782E1
5.299929375E0,1.288221130E1,-3.048410797E0,9.222322083E-1,1.327006740E1
5.309868375E0,1.333097809E1,-3.228336639E0,1.147364044E0,1.376421369E1
5.319807375E0,1.359592712E1,-3.128943329E0,1.310674438E0,1.401275805E1
5.329746375E0,1.377779892E1,-2.957100677E0,1.192120972E0,1.414190015E1
5.339685375E0,1.364906662E1,-2.805316315E0,1.005010071E0,1.397057137E1
5.349624375E0,1.346150665E1,-2.805166626E0,7.969427490E-1,1.377375181E1
5.359563375E0,1.337678284E1,-3.096311188E0,5.239105225E-1,1.374044920E1
5.369502375E0,1.337857910E1,-3.572321320E0,3.303630066E-1,1.385124536E1
5.379441375E0,1.338995544E1,-4.223167877E0,7.978408813E-2,1.404038529E1
5.389380375E0,1.353156097E1,-4.669539642E0,5.688171387E-3,1.431460007E1
5.399319375E0,1.365595230E1,-4.870272217E0,2.291734314E-1,1.450024500E1
5.409258375E0,1.351913681E1,-4.778363342E0,3.751199341E-1,1.434365823E1
5.419197375E0,1.345806381E1,-4.469405823E0,5.270539856E-1,1.419059040E1
5.429136375E0,1.324700272E1,-3.928730164E0,8.830137634E-1,1.384549439E1
5.439075375E0,1.279389496E1,-3.629502411E0,1.362167358E0,1.336834080E1
5.449014375E0,1.208137665E1,-3.571273499E0,1.690584412E0,1.271108696E1
5.458953375E0,1.149594406E1,-3.726800079E0,1.729503479E0,1.220806909E1
5.468892375E0,1.111573471E1,-4.070186005E0,1.898052979E0,1.198868539E1
5.478831375E0,1.093640762E1,-4.692442017E0,2.108215942E0,1.208588426E1
5.488770375E0,1.098355957E1,-5.522465973E0,2.267335052E0,1.250108073E1
5.498709375E0,1.099179245E1,-6.277795258E0,2.684367828E0,1.293970808E1
5.508648375E0,1.110780121E1,-6.583759003E0,2.464475098E0,1.314544666E1
5.518587375E0,1.120958954E1,-6.542444916E0,1.849254456E0,1.311023360E1
5.528526375E0,1.121976837E1,-6.318211212E0,1.304387512E0,1.294234994E1
5.538465375E0,1.144504990E1,-6.086044006E0,8.589138794E-1,1.299102890E1
5.548404375E0,1.123952728E1,-5.691763916E0,5.212161255E-1,1.260931466E1
5.558343375E0,1.094299393E1,-5.354515228E0,3.002755737E-1,1.218647262E1
5.568282375E0,1.070319260E1,-5.143005066E0,8.107141113E-1,1.190235650E1
5.578221375E0,1.020383102E1,-4.893473969E0,1.351090393E0,1.139691626E1
5.588160375E0,9.552535400E0,-4.810845795E0,1.346150665E0,1.077994858E1
5.598099375E0,8.959917755E0,-4.771327972E0,1.505120087E0,1.026211885E1
5.608038375E0,8.328979797E0,-4.668042755E0,1.717528381E0,9.701156187E0
5.617977375E0,7.700137482E0,-4.596940613E0,1.714534607E0,9.130367416E0
5.627916375E0,7.260950775E0,-4.521497498E0,1.697320404E0,8.720449663E0
5.637855375E0,6.666387177E0,-4.567002869E0,1.609303436E0,8.239422962E0
5.647794375E0,6.023025055E0,-4.472848663E0,1.190474396E0,7.596080257E0
5.657733375E0,5.741011505E0,-4.465513916E0,7.728428650E-1,7.314185787E0
5.667672375E0,5.367987213E0,-4.599036255E0,7.557783508E-1,7.108981791E0
5.677611375E0,4.918172607E0,-4.782554626E0,6.830296326E-1,6.894039457E0
5.687550375E0,4.665348358E0,-4.890031128E0,4.254153442E-1,6.771916859E0
5.697489375E0,4.475543060E0,-4.900659027E0,1.890568542E-1,6.639479428E0
5.707428375E0,4.381837921E0,-5.006638641E0,1.371148682E-1,6.654752778E0
5.717367375E0,4.191284180E0,-4.920867004E0,1.375639343E-1,6.465347553E0
5.727306375E0,4.153113556E0,-4.816833344E0,7.214996338E-2,6.360459204E0
5.737245375E0,4.276756439E0,-4.701872406E0,1.510359192E-1,6.357756020E0
5.747184375E0,4.223467255E0,-4.701722717E0,2.031275940E-1,6.323379870E0
5.757123375E0,4.109105072E0,-4.677622833E0,4.236190796E-2,6.226290581E0
5.767062375E0,4.004322968E0,-4.491709442E0,-7.439529419E-2,6.017939082E0
5.777001375E0,4.159250793E0,-4.628824310E0,-5.972579956E-2,6.223258699E0
5.786940375E0,4.424050140E0,-4.565805359E0,2.255809021E-1,6.361578811E0
5.796879375E0,4.854255524E0,-4.720733185E0,4.143383789E-1,6.783862822E0
5.806818375E0,5.111420746E0,-4.691244507E0,4.067042542E-1,6.949806142E0
5.816757375E0,5.397026825E0,-4.779411163E0,4.294569397E-1,7.221848993E0
5.826696375E0,5.820795593E0,-4.989424438E0,4.818479919E-1,7.681679182E0
5.836635375E0,6.476881256E0,-5.258115692E0,5.757028198E-1,8.362368395E0
5.846574375E0,6.928641815E0,-5.635181580E0,6.508465576E-1,8.954604965E0
5.856513375E0,7.559879150E0,-5.923182678E0,6.662644958E-1,9.627033509E0
5.866452375E0,8.118667145E0,-6.261928253E0,8.464897156E-1,1.028790778E1
5.876391375E0,8.483608246E0,-6.466702423E0,1.109492798E0,1.072477615E1
5.886330375E0,8.824299774E0,-6.561455383E0,1.433119812E0,1.108940015E1
5.896269375E0,8.918154602E0,-6.426885223E0,1.833237762E0,1.114446481E1
5.906208375E0,8.950786743E0,-6.203549652E0,1.779948578E0,1.103489142E1
5.916147375E0,9.075477448E0,-6.089187469E0,1.479972382E0,1.102872673E1
5.926086375E0,9.464069366E0,-6.355334015E0,9.424401855E-1,1.143884054E1
5.936025375E0,9.978250122E0,-6.890022125E0,3.058140564E-1,1.212977340E1
5.945963625E0,1.065095123E1,-7.597451019E0,-1.182540894E-2,1.308297229E1
5.955902625E0,1.106798401E1,-8.072563019E0,2.662962341E-1,1.370173191E1
5.965841625E0,1.147049698E1,-8.395441589E0,6.903643799E-1,1.423138586E1
5.975780625E0,1.144669647E1,-8.139623566E0,1.346899109E0,1.411008395E1
5.985719625E0,1.110884903E1,-7.365283813E0,1.895358582E0,1.346277522E1
5.995658625E0,1.045470932E1,-6.230194244E0,2.218087463E0,1.237077925E1
6.005597625E0,9.931098175E0,-5.429958344E0,2.475252686E0,1.158611386E1
6.015536625E0,9.404044189E0,-4.859045563E0,2.962489471E0,1.099193863E1
6.025475625E0,9.137298889E0,-4.582869873E0,2.758463745E0,1.058782553E1
6.035414625E0,9.326056366E0,-4.622238007E0,2.169139252E0,1.063228934E1
6.045353625E0,9.797276459E0,-4.852758636E0,1.790277100E0,1.107885303E1
6.055292625E0,1.023751099E1,-5.055137787E0,1.300495605E0,1.149140279E1
6.065231625E0,1.080977097E1,-5.239554291E0,3.492237854E-1,1.201773834E1
6.075170625E0,1.147872986E1,-4.923262024E0,-6.129753113E-1,1.250501847E1
6.085109625E0,1.188992477E1,-4.631219330E0,-1.579964447E0,1.285747997E1
6.095048625E0,1.176134216E1,-4.449197845E0,-1.970652008E0,1.272823634E1
6.104987625E0,1.152288803E1,-4.178261261E0,-1.672322388E0,1.237058923E1
6.114926625E0,1.112067444E1,-3.857328644E0,-1.002615051E0,1.181328156E1
6.124865625E0,1.025352768E1,-3.564687195E0,-3.996688843E-1,1.086285229E1
6.134804625E0,9.315877533E0,-3.260968781E0,5.538482666E-2,9.870286676E0
6.144743625E0,8.387957153E0,-2.952011261E0,4.474195862E-1,8.903503803E0
6.154682625E0,7.392826538E0,-2.780018921E0,5.875282288E-1,7.920074422E0
6.164621625E0,6.682104492E0,-2.583477631E0,7.553292847E-1,7.203846156E0
6.174560625E0,6.321953430E0,-2.318528595E0,6.798861694E-1,6.767932862E0
6.184499625E0,6.048322449E0,-2.083966370E0,4.730163574E-1,6.414738089E0
6.194438625E0,5.825585632E0,-2.023342438E0,2.116598511E-1,6.170588503E0
6.204377625E0,5.566175079E0,-1.908231812E0,-2.335144043E-2,5.884233081E0
6.214315625E0,5.538033600E0,-2.109263763E0,-9.624984741E-2,5.926894112E0
6.224255625E0,5.440436554E0,-2.215542755E0,1.675016785E-1,5.876651803E0
6.234193625E0,5.347479858E0,-2.299069061E0,4.550537109E-2,5.820938938E0
6.244132625E0,5.743855591E0,-2.247725830E0,-1.267863464E-1,6.169296818E0
6.254071625E0,6.120173035E0,-2.190694427E0,-3.076103210E-1,6.507709594E0
6.264010625E0,6.482569427E0,-2.272574158E0,-3.944297791E-1,6.880688522E0
6.273949625E0,6.981481934E0,-2.385589142E0,-1.172062683E-1,7.378743989E0
6.283888625E0,7.697293396E0,-2.559228058E0,1.739382935E-1,8.113459706E0
6.293827625E0,8.444988556E0,-2.783910828E0,6.578819275E-1,8.916322103E0
6.303766625E0,8.922794952E0,-2.945424957E0,1.244811401E0,9.478467881E0
6.313705625E0,8.971144409E0,-2.920277252E0,1.598076782E0,9.568871440E0
6.323644625E0,9.435029755E0,-2.985990601E0,1.593137054E0,1.002367258E1
6.333583625E0,9.713750153E0,-2.873574371E0,1.988614655E0,1.032322430E1
6.343522625E0,9.745035095E0,-2.685415649E0,1.907932434E0,1.028675714E1
6.353461625E0,1.004620880E1,-2.462080078E0,1.307530975E0,1.042582308E1
6.363400625E0,1.046039749E1,-2.192640381E0,6.999444580E-1,1.071062602E1
6.373339625E0,1.089105194E1,-2.097138977E0,4.342469788E-1,1.109962048E1
6.383278625E0,1.137364838E1,-2.360441437E0,5.505551147E-1,1.162904433E1
6.393217625E0,1.178080170E1,-2.736459503E0,9.011260986E-1,1.212796469E1
6.403156625E0,1.224079514E1,-3.118465118E0,1.243015137E0,1.269279232E1
6.413095625E0,1.222103622E1,-3.444936218E0,1.293759613E0,1.276303749E1
6.423034625E0,1.225142303E1,-3.748504944E0,1.005010071E0,1.285140852E1
6.432973625E0,1.228959366E1,-3.928580475E0,9.021739197E-1,1.293374558E1
6.442912625E0,1.239647141E1,-3.835474091E0,8.952882385E-1,1.300710982E1
6.452851625E0,1.250140320E1,-3.636537781E0,7.738906860E-1,1.304256094E1
6.462790625E0,1.229049179E1,-3.469934235E0,3.980223083E-1,1.277713011E1
6.472729625E0,1.230411346E1,-3.546275482E0,-2.942880249E-1,1.280835209E1
6.482668625E0,1.253238876E1,-4.038451996E0,-8.381071472E-1,1.319364568E1
6.492607625E0,1.297471893E1,-4.716242523E0,-8.623567200E-1,1.383220641E1
6.502546625E0,1.347213455E1,-5.536536713E0,-2.905458069E-1,1.456832403E1
6.512485625E0,1.395637756E1,-5.964496765E0,6.078858948E-1,1.518964192E1
6.522424625E0,1.416983368E1,-5.974226532E0,1.241667938E0,1.542780958E1
6.532363625E0,1.402403687E1,-5.674250336E0,1.626817017E0,1.521569126E1
6.542302625E0,1.344683716E1,-4.995411987E0,1.828896790E0,1.446085869E1
6.552241625E0,1.274195297E1,-4.375401306E0,1.789378967E0,1.359056214E1
6.562180625E0,1.205473206E1,-4.264481964E0,2.101479950E0,1.295834053E1
6.572119625E0,1.142918289E1,-4.278552704E0,1.954635315E0,1.235932175E1
6.582058625E0,1.074330917E1,-4.771477661E0,2.091151428E0,1.193979084E1
6.591997625E0,9.052275696E0,-7.170987854E0,1.298399963E0,1.162121356E1
6.601936625E0,9.713301086E0,-6.486760712E0,8.300239563E-1,1.170962093E1
6.611875625E0,9.977651367E0,-4.828209686E0,1.939816132E0,1.125291172E1
6.621814625E0,1.102517303E1,-5.869145050E0,2.095492401E0,1.266461182E1
6.631753625E0,1.118983063E1,-6.750212860E0,1.841320953E0,1.319727798E1
6.641692625E0,9.921518097E0,-7.060966644E0,1.303788757E0,1.224718892E1
6.651631625E0,9.443711700E0,-6.683601379E0,8.779243469E-1,1.160280006E1
6.661570625E0,9.524244232E0,-6.073769531E0,3.146456909E-1,1.130048257E1
6.671509625E0,9.665700073E0,-5.466183014E0,-5.224136353E-2,1.110439750E1
6.681448625E0,9.259444885E0,-5.134622498E0,8.846603394E-1,1.062470196E1
6.691387625E0,8.716224518E0,-5.095703430E0,1.243464203E0,1.017275609E1
6.701326625E0,8.556057587E0,-4.819527740E0,1.569635925E0,9.944733581E0
6.711265625E0,8.181536407E0,-4.673132172E0,1.997296600E0,9.631453472E0
6.721204625E0,7.654632111E0,-4.428840179E0,1.961820374E0,9.058518492E0
6.731143625E0,7.171885986E0,-4.402045898E0,1.184187469E0,8.498014866E0
6.741082625E0,6.181096344E0,-3.704047394E0,5.382806396E-1,7.226040766E0
6.751021625E0,5.517675934E0,-4.199067993E0,2.221380615E-1,6.937309640E0
6.760960625E0,7.724237366E0,-5.351521454E0,-5.938151550E-1,9.415691222E0
6.770899625E0,7.042405243E0,-2.955454102E0,-1.922003174E-1,7.639837794E0
6.780838625E0,5.957611084E0,-2.012564850E0,5.095404053E-1,6.308976028E0
6.790777625E0,5.956114197E0,-3.070714417E0,2.170486450E-1,6.704602409E0
6.800716625E0,6.552773438E0,-3.785178680E0,5.239105225E-1,7.585571805E0
6.810655625E0,6.338119812E0,-4.001179504E0,1.075214081E0,7.572138766E0
6.820594625E0,5.800288239E0,-3.766168213E0,9.051676941E-1,6.974718289E0
6.830533625E0,6.340514832E0,-3.610641632E0,9.776170349E-1,7.361697929E0
6.840472625E0,5.597160645E0,-4.450095978E0,2.371069336E-1,7.154563662E0
6.850411625E0,5.611680450E0,-4.460274811E0,2.559677124E-2,7.168379458E0
6.860350625E0,6.499184875E0,-3.311563568E0,8.984317017E-1,7.349356219E0
6.870289625E0,6.734196167E0,-3.488345947E0,1.106648712E0,7.664373871E0
6.880228625E0,6.052813110E0,-4.471501465E0,8.560697937E-1,7.573884564E0
6.890167625E0,5.977369995E0,-5.178331604E0,9.755213928E-1,7.968419683E0
6.900106625E0,6.038592682E0,-4.875511322E0,1.262025604E0,7.863073245E0
6.910045625E0,5.889353027E0,-4.024680634E0,1.203347626E0,7.233987752E0
6.919984625E0,5.514831848E0,-3.584745483E0,7.476951599E-1,6.619880554E0
6.929923625E0,5.570516052E0,-3.071911926E0,7.509883118E-1,6.405565972E0
6.939862625E0,6.569538574E0,-4.783901825E0,6.909631348E-1,8.156101017E0
6.949802000E0,6.244414673E0,-4.700076141E0,1.138682098E0,7.898102763E0
6.959741000E0,6.133495331E0,-4.143533478E0,1.096020813E0,7.482639660E0
6.969680000E0,7.764353943E0,-5.280269623E0,8.493338013E-1,9.428033058E0
6.979619000E0,9.831106110E0,-6.442752228E0,1.382225647E0,1.183512786E1
6.989558000E0,1.003109024E1,-7.436984711E0,1.483714600E0,1.257509133E1
6.999497000E0,9.806257782E0,-7.309150543E0,2.379751282E0,1.245991932E1
7.009436000E0,9.272018738E0,-6.687792664E0,2.749931488E0,1.175835981E1
7.019375000E0,9.120384064E0,-6.744973755E0,2.495610352E0,1.161482447E1
7.029314000E0,9.016051025E0,-6.039041748E0,1.797611847E0,1.099957316E1
7.039252000E0,9.557175751E0,-3.872147827E0,6.489006042E-1,1.033219285E1
7.049192000E0,9.447004852E0,-4.205504608E0,5.087919617E-1,1.035331053E1
7.059130000E0,9.332193604E0,-5.437293091E0,7.794291687E-1,1.082873508E1
7.069069000E0,1.045665527E1,-6.281836853E0,9.912387085E-1,1.223869552E1
7.079008000E0,1.107486969E1,-7.404053192E0,1.417552185E0,1.339709657E1
7.088947000E0,1.206895248E1,-7.976313171E0,1.708696747E0,1.456711469E1
7.098886000E0,1.293475204E1,-7.948171692E0,2.019899597E0,1.531539219E1
7.108825000E0,1.216116074E1,-6.774163055E0,2.040706329E0,1.406938513E1
7.118764000E0,1.146241379E1,-4.775219879E0,1.986369324E0,1.257518659E1
7.128703000E0,1.099373840E1,-2.905308380E0,1.724414063E0,1.150116102E1
7.138642000E0,1.008527756E1,-1.686093750E0,1.302890625E0,1.030792217E1
7.148581000E0,9.505682831E0,-1.432221680E0,1.369352417E0,9.710014988E0
7.158520000E0,1.015024246E1,-2.108665009E0,1.962868195E0,1.055114883E1
7.168459000E0,1.116543137E1,-3.467090149E0,2.505489807E0,1.195679936E1
7.178398000E0,1.121497833E1,-4.555476837E0,2.225272522E0,1.230771896E1
7.188337000E0,1.098415833E1,-4.670587463E0,1.500479736E0,1.202986121E1
7.198276000E0,1.180205750E1,-4.452191620E0,1.291214905E0,1.267981890E1
7.208215000E0,1.199171310E1,-3.791615295E0,9.819580078E-1,1.261514056E1
7.218154000E0,1.078058167E1,-2.980901184E0,1.905537415E-1,1.118673427E1
7.228093000E0,1.028421387E1,-2.157014465E0,1.234931946E-1,1.050871147E1
7.238032000E0,1.028421387E1,-1.722468109E0,-1.823208618E-1,1.042905519E1
7.247971000E0,9.083410950E0,-2.165097656E0,-4.896318054E-1,9.350708083E0
7.257910000E0,7.124883728E0,-2.402803345E0,-5.081932068E-1,7.536291687E0
7.267849000E0,6.607559509E0,-2.011367340E0,4.161346436E-2,6.907037927E0
7.277788000E0,6.604565735E0,-2.022743683E0,5.665718079E-1,6.930568820E0
7.287727000E0,6.073769531E0,-2.596051483E0,3.634442139E-1,6.615304325E0
7.297666000E0,5.761518860E0,-2.960094452E0,4.640350342E-3,6.477443961E0
7.307605000E0,5.982758789E0,-3.184926910E0,-1.930984497E-2,6.777723440E0
7.317544000E0,6.211782532E0,-3.479514313E0,-2.290237427E-2,7.119956924E0
7.327483000E0,6.253246307E0,-3.535497894E0,-2.474354553E-1,7.187771494E0
7.337422000E0,6.206992493E0,-3.139122162E0,-8.021818542E-1,7.001738318E0
7.347361000E0,6.157295837E0,-2.623444519E0,-4.364923096E-1,6.707106583E0
7.357300000E0,5.882766724E0,-2.133962402E0,8.038284302E-2,6.258370496E0
7.367239000E0,5.455854492E0,-1.360520782E0,1.206191711E0,5.750848936E0
7.377178000E0,6.105952606E0,-7.482939148E-1,1.995650024E0,6.467242073E0
7.387117000E0,5.574557648E0,-5.140310669E-1,1.649719391E0,5.836222663E0
7.397056000E0,6.091133423E0,-6.110293579E-1,1.334175568E0,6.265404033E0
7.406995000E0,7.967780914E0,-1.301393738E0,4.249662781E-1,8.084538001E0
7.416934000E0,8.426576843E0,-2.163600769E0,1.657054138E-1,8.701484004E0
7.426873000E0,8.229287109E0,-2.044448547E0,1.133742371E0,8.554899646E0
7.436812000E0,7.848029938E0,-1.603914642E0,1.542093201E0,8.157338262E0
7.446751000E0,8.592731323E0,-1.483265533E0,1.404379578E0,8.832179246E0
7.456690000E0,9.393266602E0,-1.391206970E0,1.321002960E0,9.587177014E0
7.466629000E0,9.535470886E0,-1.394649811E0,1.353784790E0,9.731545940E0
7.476568000E0,9.936786346E0,-1.353934479E0,1.901944885E0,1.020736282E1
7.486507000E0,1.008857071E1,-1.257235565E0,2.322420502E0,1.042849640E1
7.496446000E0,9.879455566E0,-1.284778290E0,1.135688324E0,1.002716737E1
7.506385000E0,9.855355682E0,-1.666185150E0,-5.884263611E-1,1.001251488E1
7.516324000E0,1.049482590E1,-1.466201019E0,-4.159849548E-1,1.060491205E1
7.526263000E0,1.090826614E1,-1.247505798E0,7.473957825E-1,1.100477812E1
7.536202000E0,1.086725143E1,-1.659748535E0,8.111631775E-1,1.102315312E1
7.546141000E0,1.142409348E1,-1.757495270E0,9.577084351E-1,1.159809928E1
7.556080000E0,1.186178329E1,-1.538949738E0,1.034498749E0,1.200585094E1
7.566019000E0,1.149549500E1,-1.630409546E0,9.228309631E-1,1.164715663E1
7.575958000E0,1.274240204E1,-2.341281281E0,2.005828857E0,1.311006320E1
7.585897000E0,1.370609802E1,-3.005001068E0,2.303559723E0,1.421947755E1
7.595836000E0,1.430814606E1,-2.588417358E0,9.062155151E-1,1.456860235E1
7.605775000E0,1.474359055E1,-2.198178864E0,1.160836029E0,1.495168863E1
7.615714000E0,1.491393631E1,-2.388882294E0,1.086440735E0,1.514307130E1
7.625653000E0,1.516451523E1,-2.728975067E0,7.435038757E-1,1.542603724E1
7.635592000E0,1.562226334E1,-3.267405396E0,7.352709961E-1,1.597722358E1
7.645531000E0,1.563678314E1,-3.368445282E0,1.304836578E0,1.604861393E1
7.655470000E0,1.578871719E1,-2.684667206E0,2.290237427E0,1.617826369E1
7.665409000E0,1.497216522E1,-1.951641541E0,2.923720093E0,1.537929697E1
7.675348000E0,1.366179016E1,-1.534309387E0,2.804867249E0,1.403089078E1
7.685287000E0,1.335552704E1,-1.567989349E0,1.665736084E0,1.355003210E1
7.695226000E0,1.309896057E1,-2.091151428E0,1.669178925E0,1.336943681E1
7.705165000E0,1.234692444E1,-2.106269989E0,1.934726715E0,1.267383461E1
7.715104000E0,1.149309998E1,-2.780767365E0,2.251018982E0,1.203707193E1
7.725043000E0,1.174981613E1,-4.036955109E0,1.906884613E0,1.256946278E1
7.734982000E0,1.195144684E1,-4.624183960E0,2.120340729E0,1.298907247E1
7.744921000E0,1.157602753E1,-4.510270844E0,2.207908630E0,1.261831276E1
7.754860000E0,1.172796158E1,-4.351002045E0,2.277214508E0,1.271463753E1
7.764799000E0,1.139176071E1,-4.607568512E0,1.993704071E0,1.244896605E1
7.774738000E0,1.049362839E1,-3.928730164E0,1.241518250E0,1.127353206E1
7.784676000E0,9.899813232E0,-2.997217255E0,7.626640320E-1,1.037165704E1
7.794615000E0,9.851164398E0,-2.875220947E0,2.398013306E-1,1.026498126E1
7.804554000E0,9.870773621E0,-3.341501312E0,8.285270691E-1,1.045391123E1
7.814493000E0,1.011117371E1,-3.069965973E0,7.150630188E-1,1.059112081E1
7.824432000E0,1.002151016E1,-1.655557251E0,3.700305176E-1,1.016407686E1
7.834371000E0,9.037456512E0,-3.650608521E0,1.103355560E0,9.809177146E0
7.844310000E0,9.711504822E0,-4.410727844E0,1.292711792E0,1.074425194E1
7.854249000E0,8.331674194E0,-3.895050201E0,9.681866455E-1,9.248004992E0
7.864188000E0,8.066874847E0,-2.291434937E0,7.720944214E-1,8.421476929E0
7.874127000E0,6.404282227E0,-4.198768616E-1,7.430548096E-1,6.460902249E0
7.884066000E0,5.881120148E0,2.799179077E-2,1.065184937E0,5.976870141E0
7.894005000E0,5.914949799E0,-8.800199890E-1,9.493258667E-1,6.054938968E0
7.903944000E0,6.394702148E0,-2.420915680E0,-1.237925720E-1,6.838740593E0
7.913883000E0,6.450086975E0,-2.992726593E0,-4.954696655E-1,7.127799425E0
7.923822000E0,6.381379852E0,-2.658621368E0,-2.064207458E-1,6.916132295E0
7.933761000E0,6.518794098E0,-2.744692383E0,2.329156494E-1,7.076882256E0
7.943700000E0,6.419999542E0,-3.517984314E0,1.118174744E-1,7.321551127E0
7.953638500E0,6.100563812E0,-3.968996429E0,-1.902543640E-1,7.280522523E0
7.963577500E0,5.882916412E0,-3.988605652E0,-7.170089722E-1,7.143653297E0
7.973516500E0,5.777685242E0,-3.927682343E0,-7.080276489E-1,7.022082205E0
7.983455500E0,5.804030457E0,-3.822600861E0,2.576142883E-1,6.954524570E0
7.993394500E0,5.454357605E0,-4.099375305E0,5.292993164E-1,6.843613997E0
8.003333500E0,5.799689484E0,-4.584067383E0,3.858975220E-1,7.402633908E0
8.013272500E0,5.840105438E0,-4.637805634E0,7.824229431E-1,7.498550412E0
8.023211500E0,6.300398254E0,-4.863685913E0,8.099656677E-1,8.000406440E0
8.033150500E0,6.806645508E0,-5.156926117E0,1.392105103E-1,8.540707793E0
8.043089500E0,6.159241791E0,-4.362228699E0,-7.530839539E-1,7.585013784E0
8.053028500E0,5.803282013E0,-3.871249695E0,-1.298849030E0,7.095890721E0
8.062967500E0,6.200705566E0,-4.220473480E0,-1.619033203E0,7.673487762E0
8.072906500E0,6.767277374E0,-4.785249023E0,-1.146914978E0,8.367201757E0
8.082845500E0,7.117548981E0,-5.034780121E0,-1.321152649E0,8.817820518E0
8.092784500E0,7.795638885E0,-5.434149628E0,-2.024989014E0,9.716097381E0
8.102723500E0,8.089477844E0,-5.648653564E0,-1.642684021E0,1.000226723E1
8.112662500E0,8.755742340E0,-5.876779175E0,-2.116149445E0,1.075535429E1
8.122601500E0,9.165290680E0,-6.212680664E0,-2.471211090E0,1.134490364E1
8.132540500E0,8.485703888E0,-5.248086548E0,-2.230811005E0,1.022380069E1
8.142479500E0,8.191266174E0,-4.362977142E0,-2.879112854E0,9.717082994E0
8.152418500E0,8.544681244E0,-4.367617493E0,-3.697910156E0,1.028407505E1
8.162357500E0,8.496182098E0,-4.235891418E0,-4.105961609E0,1.034344271E1
8.172296500E0,9.280850372E0,-5.045258331E0,-4.818928986E0,1.161080927E1
8.182235500E0,1.009336075E1,-5.915249176E0,-4.503385162E0,1.253581198E1
8.192174500E0,1.044213547E1,-6.542444916E0,-5.179379425E0,1.336666562E1
8.202113500E0,1.122665405E1,-6.726262665E0,-5.064418488E0,1.403312885E1
8.212052500E0,1.187974594E1,-6.537654877E0,-4.624633026E0,1.432677652E1
8.221991500E0,1.156495056E1,-5.782774658E0,-3.887116699E0,1.350178657E1
8.231930500E0,1.156195679E1,-4.790937195E0,-3.187471619E0,1.291479381E1
8.241869500E0,1.143981079E1,-4.154760132E0,-2.550845490E0,1.243535747E1
8.251808500E0,1.031939072E1,-2.930306396E0,-2.558479614E0,1.102825182E1
8.261747500E0,9.994865570E0,-2.240241394E0,-2.828967133E0,1.062633871E1
8.271686500E0,1.000115250E1,-2.095342712E0,-2.901266785E0,1.062218722E1
8.281625500E0,9.713151398E0,-2.184108124E0,-3.189716949E0,1.045418254E1
8.291564500E0,9.894274750E0,-2.921025696E0,-3.556154938E0,1.091216302E1
8.301503500E0,1.045261368E1,-3.790717163E0,-3.465144196E0,1.164619653E1
8.311442500E0,1.059362045E1,-3.986510010E0,-3.785927124E0,1.193525452E1
8.321381500E0,1.064256866E1,-4.014651489E0,-4.376449127E0,1.218749364E1
8.331320500E0,1.079644867E1,-4.007017365E0,-4.305346985E0,1.229453150E1
8.341259500E0,1.075977493E1,-3.857628021E0,-4.088897095E0,1.213973352E1
8.351198500E0,1.029738647E1,-3.713328094E0,-3.757186890E0,1.157330666E1
8.361137500E0,9.720186768E0,-3.676354980E0,-3.709136810E0,1.103427898E1
8.371076500E0,9.001830597E0,-2.919229431E0,-3.043770447E0,9.940794390E0
8.381015500E0,8.204588470E0,-1.689087524E0,-3.323239288E0,9.011781622E0
8.390954500E0,7.874824219E0,-1.601369934E0,-3.709885254E0,8.851016368E0
8.400893500E0,8.029452667E0,-6.509962463E-1,-3.945794678E0,8.970239790E0
8.410831500E0,7.549999695E0,-7.723937988E-2,-4.531227264E0,8.805707344E0
8.420770500E0,6.702761536E0,-2.084565125E0,-3.257525940E0,7.738468790E0
8.430709500E0,6.019881592E0,-2.952460327E0,-1.559457092E0,6.883887186E0
8.440648500E0,5.462291107E0,-2.660417633E0,-1.438957672E0,6.243800550E0
8.450587500E0,5.133424988E0,-1.885928192E0,-1.543889465E0,5.682637762E0
8.460526500E0,5.496719513E0,-1.753154297E0,-1.825304260E0,6.051380920E0
8.470465500E0,6.490203552E0,-1.353784790E0,-1.587299194E0,6.817257083E0
8.480404500E0,6.648873596E0,-4.942721558E-1,-2.147584076E0,7.004565827E0
8.490343500E0,6.933431854E0,-1.034798126E0,-2.017055511E0,7.294641689E0
8.500282500E0,7.525750122E0,-1.843715973E0,-1.261277161E0,7.850288120E0
8.510221500E0,7.321874084E0,-2.206860809E0,-4.855902100E-1,7.662628308E0
8.520160500E0,7.216193848E0,-2.241438904E0,-5.542973328E-1,7.576592080E0
8.530099500E0,7.172784119E0,-2.677033081E0,-5.748046875E-2,7.656281221E0
8.540038500E0,6.760840759E0,-3.337759094E0,2.097138977E-1,7.542783535E0
8.549977500E0,6.389163666E0,-3.999682617E0,7.336244202E-1,7.573445595E0
8.559916500E0,6.767277374E0,-4.603077850E0,1.388063507E0,8.301270328E0
8.569855500E0,7.067103882E0,-4.392016754E0,1.590742035E0,8.471377023E0
8.579794500E0,7.425458679E0,-3.987408142E0,9.418414307E-1,8.480797461E0
8.589733500E0,7.967780914E0,-3.778742065E0,7.198530579E-1,8.847746194E0
8.599672500E0,8.605005798E0,-3.475921783E0,4.629872131E-1,9.292067272E0
8.609611500E0,8.833580475E0,-3.096161499E0,-2.903961182E-2,9.360512984E0
8.619550500E0,8.803642731E0,-2.597997437E0,-2.213896179E-1,9.181651778E0
8.629489500E0,8.939709778E0,-2.231559448E0,-3.748205566E-1,9.221646216E0
8.639428500E0,9.129215698E0,-2.387984161E0,-6.635700989E-1,9.459670866E0
8.649367500E0,9.510772247E0,-2.716850281E0,-8.681945801E-3,9.891215272E0
8.659306500E0,8.893755341E0,-3.038381653E0,-6.975494385E-1,9.424288957E0
8.669245500E0,1.080168777E1,-4.401147766E0,-7.047344971E-1,1.168517057E1
8.679184500E0,1.279464340E1,-6.533014526E0,2.619552612E-1,1.436843064E1
8.689123500E0,1.262789017E1,-6.863676910E0,3.347339172E0,1.475731515E1
8.699062500E0,1.180684753E1,-5.718258820E0,2.890938263E0,1.343345289E1
8.709001500E0,1.152393585E1,-4.915627899E0,9.026229858E-1,1.256102000E1
8.718940500E0,1.113743958E1,-3.710184631E0,-5.044509888E-1,1.175000005E1
8.728879500E0,1.137544464E1,-3.274141388E0,-1.140478363E0,1.189207440E1
8.738818500E0,1.228839615E1,-3.723955994E0,-5.167254639E-1,1.285066276E1
8.748757500E0,1.408645706E1,-5.491630096E0,-4.079017639E-1,1.512457132E1
8.758696500E0,1.470811432E1,-6.813531189E0,5.622308350E-1,1.621940004E1
8.768635500E0,1.424812088E1,-6.588698730E0,9.105564880E-1,1.572415380E1
8.778574500E0,1.434811295E1,-6.198460236E0,7.488926697E-1,1.564768656E1
8.788513500E0,1.409947998E1,-5.006788330E0,1.045276337E0,1.499852885E1
8.798452500E0,1.307066940E1,-4.618645477E0,8.774752808E-1,1.389043727E1
8.808391500E0,1.246413071E1,-4.095184021E0,1.120120697E0,1.316737471E1
8.818330500E0,1.197000824E1,-3.956721954E0,9.894424438E-1,1.264577962E1
8.828269500E0,1.135284164E1,-4.295317841E0,1.320703583E0,1.220987415E1
8.838208500E0,1.075124268E1,-4.551584930E0,1.282832336E0,1.174528856E1
8.848147500E0,1.055739578E1,-5.255720673E0,1.527573395E0,1.189179070E1
8.858086500E0,1.035666321E1,-5.986351318E0,1.646875305E0,1.207514278E1
8.868025500E0,1.024484573E1,-6.597530365E0,1.545835419E0,1.228307283E1
8.877964500E0,1.032073792E1,-7.531737671E0,1.587448883E0,1.287496398E1
8.887903500E0,9.737700348E0,-6.924899597E0,2.133513336E0,1.213791257E1
8.897842500E0,9.397308197E0,-6.125412140E0,1.593436432E0,1.133000948E1
8.907781500E0,9.190737762E0,-5.363496552E0,1.225800934E0,1.071164524E1
8.917720500E0,8.829838257E0,-5.468578033E0,1.224304047E0,1.045802609E1
8.927659500E0,7.735464020E0,-5.113516388E0,9.993218994E-1,9.326526562E0
8.937598500E0,6.249953156E0,-5.543272705E0,1.520687714E0,8.491306016E0
8.947537542E0,6.215824127E0,-5.316643982E0,1.208586731E0,8.268243749E0
8.957476542E0,5.837261353E0,-5.313799896E0,1.066831512E0,7.965439028E0
8.967415542E0,6.085295563E0,-5.571414185E0,1.009949799E0,8.312128289E0
8.977353542E0,5.026696930E0,-5.519921265E0,1.114881592E0,7.548521296E0
8.987292542E0,6.050567780E0,-4.976551208E0,6.851252747E-1,7.864148335E0
8.997231542E0,6.722520447E0,-3.660487976E0,4.342469788E-1,7.666813146E0
9.007170542E0,6.377188568E0,-3.738026733E0,6.565347290E-1,7.421079150E0
9.017109542E0,6.852150879E0,-3.399281158E0,2.330653381E-1,7.652542291E0
9.027048542E0,6.667285309E0,-3.264860687E0,3.614982605E-1,7.432542613E0
9.036987542E0,6.421646118E0,-3.376977539E0,4.754113770E-1,7.271006268E0
9.046926542E0,6.005511475E0,-3.852388916E0,9.487271118E-1,7.197718497E0
9.056865542E0,5.567971344E0,-4.283193054E0,1.267863464E0,7.138313904E0
9.066804542E0,4.815186768E0,-4.265080719E0,1.251846771E0,6.553171559E0
9.076743542E0,4.750371552E0,-4.575535126E0,1.419797516E0,6.746656694E0
9.086682542E0,5.663323059E0,-5.154231720E0,2.120939484E0,7.945924552E0
9.096621542E0,5.530399475E0,-5.430856476E0,2.876119080E0,8.267501520E0
9.106560542E0,5.040168915E0,-5.164709930E0,2.692600708E0,7.702443114E0
9.116499542E0,5.021308136E0,-4.892575836E0,1.961071930E0,7.279878902E0
9.126438542E0,4.846771088E0,-4.365970917E0,1.686991882E0,6.737865659E0
9.136377542E0,4.783303070E0,-3.940705261E0,1.543141022E0,6.386738638E0
9.146316542E0,5.037474518E0,-4.064348145E0,1.622625732E0,6.672929613E0
9.156255542E0,5.413043518E0,-4.371509399E0,1.538201294E0,7.125812079E0
9.166194542E0,5.694009247E0,-4.593647461E0,1.692979431E0,7.509295417E0
9.176133542E0,6.233936462E0,-4.865631866E0,1.494791565E0,8.048027031E0
9.186072542E0,6.764732666E0,-5.111420746E0,1.473086700E0,8.605708252E0
9.196011542E0,7.284601593E0,-5.178481293E0,1.534309387E0,9.068417401E0
9.205950542E0,7.809260559E0,-5.413642273E0,1.606758728E0,9.637102612E0
9.215889542E0,8.424630890E0,-5.735173645E0,1.997446289E0,1.038539427E1
9.225828542E0,9.065597992E0,-5.975424042E0,2.152673492E0,1.106909041E1
9.235767542E0,9.293573914E0,-6.286028137E0,2.324067078E0,1.145800827E1
9.245706542E0,9.487420807E0,-6.358178101E0,2.458936615E0,1.168263462E1
9.255645542E0,9.504185944E0,-6.408473511E0,2.527643738E0,1.173827356E1
9.265584542E0,9.531578979E0,-6.524332581E0,2.543211365E0,1.182733434E1
9.275523542E0,9.163045349E0,-6.227499847E0,2.571053467E0,1.137336671E1
9.285462542E0,9.302854614E0,-6.093229065E0,2.075733490E0,1.131278984E1
9.295401542E0,9.825567627E0,-6.717880096E0,1.581311646E0,1.200717447E1
9.305340542E0,1.035082535E1,-7.007827148E0,1.673669586E0,1.261151841E1
9.315279542E0,1.074001602E1,-7.299271088E0,1.820514221E0,1.311264941E1
9.325218542E0,1.160342056E1,-7.592211914E0,1.878144379E0,1.399315821E1
9.335157542E0,1.214170120E1,-7.582482147E0,1.910028076E0,1.444171565E1
9.345096542E0,1.250709137E1,-7.003186798E0,2.266736298E0,1.451241032E1
9.355035542E0,1.294702652E1,-6.543193359E0,2.831511841E0,1.478026841E1
9.364974542E0,1.275063492E1,-5.521717529E0,3.249143372E0,1.426972277E1
9.374913542E0,1.162677200E1,-4.002676392E0,3.045716400E0,1.266805565E1
9.384852542E0,1.064840652E1,-3.197351074E0,2.438279572E0,1.138230305E1
9.394791542E0,9.949809265E0,-3.113375702E0,2.089953918E0,1.063295444E1
9.404730542E0,9.520202637E0,-3.385210419E0,1.826352081E0,1.026788536E1
9.414669542E0,9.156608734E0,-3.802542572E0,1.528621216E0,1.003192386E1
9.424608542E0,9.143885193E0,-4.179907837E0,9.876461792E-1,1.010236165E1
9.434547542E0,9.461824036E0,-4.532574463E0,3.456312561E-1,1.049713324E1
9.444486542E0,9.884395294E0,-5.007985840E0,-1.362167358E-2,1.108067588E1
9.454425542E0,1.050590286E1,-5.427713013E0,1.963916016E-1,1.182677611E1
9.464364542E0,1.118084930E1,-5.678142242E0,4.384382629E-1,1.254770571E1
9.474303542E0,1.057341248E1,-5.146447906E0,7.072792053E-1,1.178062907E1
9.484242542E0,9.878856812E0,-4.619244232E0,8.514294434E-1,1.093865445E1
9.494181542E0,8.979377289E0,-4.346661072E0,9.506730652E-1,1.002130023E1
9.504119542E0,7.747888184E0,-3.803740082E0,1.223405914E0,8.717507209E0
9.514058542E0,6.682703247E0,-3.672912140E0,1.136885834E0,7.709819432E0
9.523997542E0,5.872737579E0,-3.551813965E0,1.328637085E0,6.990687064E0
9.533936542E0,5.129383392E0,-3.446133728E0,1.593586121E0,6.381686954E0
9.543875542E0,4.592300262E0,-3.339255981E0,1.635948029E0,5.908991298E0
9.553814542E0,4.254901886E0,-3.240461426E0,1.505569153E0,5.556214429E0
9.563753542E0,3.954776001E0,-2.748284912E0,3.140469360E-1,4.826173293E0
9.573692542E0,2.558479614E0,-2.987337799E0,-5.341941376E0,6.633727664E0
9.583631542E0,4.424050140E0,-1.348994751E0,6.287075958E0,7.805083637E0
9.593570542E0,3.828139343E0,-2.985391846E0,3.662733307E0,6.081351049E0
9.603509542E0,6.673871613E0,-3.625909882E0,9.325607300E-1,7.652284253E0
9.613448542E0,3.848047943E0,-3.390000458E0,2.372566223E0,5.650543917E0
9.623387542E0,5.741310883E0,-2.473606110E0,3.276686096E-1,6.260091417E0
9.633326542E0,5.421126709E0,-2.880759430E0,7.143145752E-1,6.180423529E0
9.643265542E0,6.049669647E0,-2.669548645E0,1.432221680E0,6.765814936E0
9.653204542E0,6.403084717E0,-2.919977875E0,1.582509155E0,7.213189302E0
9.663143542E0,6.558760986E0,-2.791095886E0,1.346599731E0,7.254025969E0
9.673082542E0,6.801406403E0,-2.943928070E0,1.173260193E0,7.503491255E0
9.683021542E0,6.998546448E0,-3.006947021E0,1.697470093E0,7.804023801E0
9.692960542E0,7.615413666E0,-3.113824768E0,2.802771606E0,8.691717820E0
9.702899542E0,8.098309479E0,-3.463796997E0,2.904110870E0,9.274393026E0
9.712838542E0,8.107590179E0,-3.183280334E0,2.321073303E0,9.014081955E0
9.722777542E0,8.163723450E0,-2.885250092E0,1.657652893E0,8.815830180E0
9.732716542E0,8.386011200E0,-2.784958649E0,1.556463318E0,8.972388566E0
9.742655542E0,8.759185181E0,-3.026256866E0,1.600771179E0,9.404468301E0
9.752594542E0,9.074130249E0,-3.318000183E0,1.654808807E0,9.802415885E0
9.762533542E0,9.563612366E0,-3.426225128E0,1.582958221E0,1.028141317E1
9.772472542E0,9.667346649E0,-3.536246338E0,1.025068359E0,1.034472786E1
9.782411542E0,1.016700760E1,-3.777843933E0,6.221063232E-1,1.086403077E1
9.792350542E0,1.013377670E1,-4.056714020E0,6.339317322E-1,1.093399416E1
9.802289542E0,1.143367355E1,-4.063000946E0,1.345252533E0,1.220846313E1
9.812228542E0,1.273716293E1,-4.515659637E0,1.232686615E0,1.357004119E1
9.822167542E0,1.244302460E1,-4.568200378E0,1.185684357E0,1.330801124E1
9.832106542E0,1.291828629E1,-4.249812469E0,1.619631958E0,1.369548226E1
9.842045542E0,1.395532974E1,-4.187991028E0,2.324815521E0,1.475449980E1
9.851984542E0,1.354458389E1,-4.934788055E0,1.703158264E0,1.451580635E1
9.861923542E0,1.347677490E1,-5.260810089E0,8.512797546E-1,1.449221383E1
9.871862542E0,1.412582520E1,-6.034551086E0,7.734416199E-1,1.538027816E1
9.881801542E0,1.446816330E1,-6.793023834E0,1.008602600E0,1.601531146E1
9.891740542E0,1.441203003E1,-7.028933258E0,1.763931885E0,1.613145895E1
9.901679542E0,1.493623993E1,-7.503296814E0,2.402354279E0,1.688674132E1
9.911618542E0,1.398676437E1,-6.616540833E0,2.481988678E0,1.567062405E1
9.921557542E0,1.283296371E1,-5.721851349E0,2.183958435E0,1.421950122E1
9.931496542E0,1.093925171E1,-4.813091125E0,4.007167053E-1,1.195799515E1
9.941435542E0,1.030591873E1,-3.053350525E0,2.317331085E0,1.099567796E1
9.951375500E0,1.021505768E1,-3.899540863E0,1.498084717E0,1.103621675E1
9.961314500E0,9.416767731E0,-5.403463440E0,1.347048798E0,1.094017697E1
9.971253500E0,8.875493317E0,-6.322402496E0,1.593735809E0,1.101304448E1
9.981192500E0,8.294701080E0,-7.254364471E0,1.937720490E0,1.118850439E1
9.991131500E0,8.021519165E0,-7.991880798E0,2.022294617E0,1.150237384E1
1.000106950E1,8.293353882E0,-8.297245789E0,2.583627319E0,1.201245755E1
1.001100850E1,7.924969940E0,-8.056396637E0,2.478695526E0,1.156955517E1
1.002094750E1,7.493417358E0,-7.632178802E0,1.140478363E0,1.075649329E1
1.003088650E1,7.429500275E0,-6.785389709E0,1.270108795E0,1.014160560E1
1.004082550E1,6.773115234E0,-6.841522980E0,1.082698517E0,9.687815168E0
1.005076450E1,7.060367889E0,-6.415808258E0,1.456321564E0,9.650505833E0
1.006070350E1,6.930438080E0,-6.156397705E0,1.097817078E0,9.334741936E0
1.007064250E1,6.343209229E0,-5.826483765E0,7.831713867E-1,8.648559059E0
1.008058150E1,6.831793213E0,-5.373974762E0,6.460565186E-1,8.716099602E0
1.009052050E1,7.393275604E0,-5.468428345E0,8.391549683E-1,9.234089765E0
1.010045950E1,7.561974792E0,-5.488037567E0,2.347717896E0,9.633991822E0
1.011039850E1,6.604116669E0,-5.368286591E0,1.778601379E0,8.694612168E0
1.012033750E1,5.999823303E0,-4.010310516E0,1.508263550E0,7.372606665E0
1.013027650E1,5.575605469E0,-3.786974945E0,8.138575745E-1,6.789029366E0
1.014021550E1,5.355413361E0,-3.883973236E0,9.105564880E-1,6.677934821E0
1.015015450E1,4.809199219E0,-4.233496399E0,1.254092102E0,6.528677958E0
1.016009350E1,4.879702606E0,-4.726720734E0,1.387614441E0,6.933892143E0
1.017003250E1,4.317920837E0,-5.109025726E0,1.593885498E0,6.876558384E0
1.017997150E1,4.422702942E0,-4.757556610E0,1.731449432E0,6.722541435E0
1.018991050E1,4.259093170E0,-4.746180267E0,1.322200470E0,6.512627415E0
1.019984950E1,4.230951691E0,-4.354145508E0,1.365161133E0,6.222796817E0
1.020978850E1,4.127217407E0,-4.579277344E0,1.168470154E0,6.274474242E0
1.021972750E1,4.612059174E0,-4.708009644E0,1.629511414E0,6.789090666E0
1.022966650E1,4.782704315E0,-4.818330231E0,2.075434113E0,7.099154424E0
1.023960550E1,5.009632416E0,-4.604874115E0,1.785786438E0,7.034935377E0
1.024954450E1,5.307662659E0,-4.778662720E0,1.870659943E0,7.382836102E0
1.025948350E1,5.210664368E0,-4.280798035E0,2.028731232E0,7.042159142E0
1.026942250E1,4.943619690E0,-4.291126556E0,1.389410706E0,6.692055355E0
1.027936150E1,5.585335236E0,-3.911965027E0,1.054107971E0,6.900042296E0
1.028930050E1,6.101611633E0,-4.299359436E0,1.348545685E0,7.585033391E0
1.029923950E1,5.933511200E0,-4.474345551E0,1.526675262E0,7.586636977E0
1.030917850E1,6.334976349E0,-4.812791748E0,1.020278320E0,8.020963633E0
1.031911750E1,6.886130219E0,-4.844825134E0,1.623374176E0,8.574757354E0
1.032905650E1,7.863747253E0,-6.000422058E0,1.672921143E0,1.003206115E1
1.033899550E1,7.823780365E0,-6.115532684E0,1.988464966E0,1.012745141E1
1.034893450E1,8.462502136E0,-6.111790466E0,1.853296051E0,1.060201072E1
1.035887350E1,9.482780457E0,-6.781198425E0,2.253414001E0,1.187373791E1
1.036881250E1,9.289532318E0,-7.190746765E0,2.342927856E0,1.197879629E1
1.037875150E1,9.057065735E0,-7.314239960E0,2.508782959E0,1.190892681E1
1.038869050E1,9.584568787E0,-7.579937439E0,2.641556854E0,1.250188918E1
1.039862950E1,9.543554077E0,-7.654482422E0,2.732417908E0,1.253541516E1
1.040856850E1,9.178912354E0,-7.560328217E0,2.478246460E0,1.214712724E1
1.041850750E1,9.214987335E0,-7.555687866E0,2.130818939E0,1.210556897E1
1.042844650E1,9.481732635E0,-7.561525726E0,1.561552734E0,1.222777053E1
1.043838550E1,9.785750427E0,-7.497458954E0,7.455995178E-1,1.235025185E1
1.044832450E1,1.040576111E1,-7.952662354E0,5.812413025E-1,1.310963555E1
1.045826350E1,1.225770996E1,-8.854536896E0,1.173260193E0,1.516676685E1
1.046820150E1,1.357706635E1,-9.157057800E0,2.263742523E0,1.653217978E1
1.047814050E1,1.388153320E1,-8.491990814E0,2.915636902E0,1.653214477E1
1.048807950E1,1.303848633E1,-6.847959595E0,3.204985199E0,1.507211354E1
1.049801850E1,1.181852325E1,-5.064568176E0,3.078947296E0,1.322146963E1
1.050795750E1,1.036309982E1,-3.910318451E0,2.945574646E0,1.146127560E1
1.051789650E1,8.688382416E0,-2.774779816E0,2.068398743E0,9.352308025E0
1.052783550E1,7.790399780E0,-2.811902618E0,1.457668762E0,8.409632768E0
1.053777450E1,7.232360229E0,-3.443589020E0,1.352736969E0,8.123745265E0
1.054771350E1,6.990014191E0,-4.211791534E0,9.946815491E-1,8.221245508E0
1.055765250E1,7.558382263E0,-5.281916199E0,7.370672607E-1,9.250462114E0
1.056759150E1,8.049810333E0,-5.806874542E0,1.136287079E0,9.990514835E0
1.057753050E1,8.837472382E0,-6.038892059E0,8.493338013E-1,1.073734154E1
1.058746950E1,9.687704315E0,-6.099665680E0,3.682342529E-1,1.145395708E1
1.059740850E1,1.020682480E1,-5.747148743E0,7.783813477E-1,1.173945777E1
1.060734750E1,1.037432648E1,-4.835394745E0,1.084345093E0,1.149710818E1
1.061728650E1,1.036983582E1,-4.222120056E0,8.958869934E-1,1.123220397E1
1.062722550E1,9.350455627E0,-4.251459045E0,1.180145874E0,1.033918124E1
1.063716450E1,8.108338623E0,-4.247118073E0,1.993554382E0,9.367893372E0
1.064710350E1,7.088659058E0,-4.336631927E0,2.725382538E0,8.745465893E0
1.065704250E1,6.167175293E0,-4.228556671E0,2.639910278E0,7.929934987E0
1.066698150E1,5.105582886E0,-3.935765533E0,2.478845215E0,6.906656249E0
1.067692050E1,4.238885193E0,-3.661535797E0,2.067949677E0,5.970879997E0
1.068685950E1,3.763473816E0,-3.599414978E0,1.595981140E0,5.446712692E0
1.069679850E1,3.215164032E0,-3.460803223E0,1.329984283E0,4.907473575E0
1.070673750E1,3.050057373E0,-3.010389862E0,1.024619293E0,4.406261658E0
1.071667650E1,4.272265778E0,-2.967279510E0,5.059478760E-2,5.201880660E0
1.072661550E1,5.080135803E0,-3.467688904E0,4.854405212E-1,6.169951265E0
1.073655450E1,5.381908264E0,-3.444786530E0,1.064885559E0,6.478076262E0
1.074649350E1,6.174210663E0,-3.741020508E0,1.479373627E0,7.369169429E0
1.075643250E1,6.450985107E0,-3.779490509E0,2.148033142E0,7.779061881E0
1.076637150E1,6.301146698E0,-3.317850494E0,2.131866760E0,7.433534657E0
1.077631050E1,6.543792114E0,-3.229683838E0,1.781744843E0,7.511769939E0
1.078624950E1,6.685098267E0,-3.316353607E0,1.405726776E0,7.593734776E0
1.079618850E1,6.883286133E0,-3.330124969E0,1.698068848E0,7.832802698E0
1.080612750E1,7.239844666E0,-3.507955170E0,2.476450195E0,8.417476215E0
1.081606650E1,7.893535309E0,-3.778143311E0,2.651735687E0,9.144067405E0
1.082600550E1,7.983797607E0,-3.659739532E0,2.557282104E0,9.147371723E0
1.083594450E1,7.786208496E0,-3.416944427E0,2.064955902E0,8.750119704E0
1.084588350E1,7.986192627E0,-3.283571777E0,1.349443817E0,8.739686202E0
1.085582250E1,8.464148712E0,-3.457061005E0,7.012916565E-1,9.169781579E0
1.086576150E1,8.619226227E0,-3.578159180E0,1.025218048E0,9.388575819E0
1.087570050E1,8.900940399E0,-3.786076813E0,1.242715759E0,9.752202832E0
1.088563950E1,8.913663940E0,-4.064946899E0,1.279838562E0,9.880039721E0
1.089557850E1,9.037157135E0,-3.951183472E0,1.343156891E0,9.954201643E0
1.090551650E1,8.933572540E0,-4.030069427E0,1.357377319E0,9.894071513E0
1.091545550E1,9.100475464E0,-4.233795776E0,1.707499237E0,1.018131789E1
1.092539450E1,9.472152557E0,-4.754413147E0,2.436632996E0,1.087489305E1
1.093533350E1,1.000279907E1,-5.524561615E0,2.901566162E0,1.178965040E1
1.094527250E1,1.024514511E1,-5.867049408E0,3.097059631E0,1.220561533E1
1.095521067E1,1.060200302E1,-6.237229614E0,3.242557068E0,1.272083636E1
1.096514967E1,1.013871643E1,-5.360502777E0,2.034419403E0,1.164763595E1
1.097508867E1,1.067999084E1,-4.991220703E0,2.274520111E0,1.200616218E1
1.098502767E1,1.044213547E1,-5.727090454E0,4.724774780E0,1.281254287E1
1.099496667E1,1.178229858E1,-5.976920929E0,2.083517303E0,1.337487152E1
1.100490567E1,1.115555191E1,-6.531667328E0,2.821482697E0,1.323139377E1
1.101484467E1,1.136481674E1,-6.821464691E0,2.528242493E0,1.349383008E1
1.102478367E1,1.244826370E1,-7.331903229E0,2.731070709E0,1.470288480E1
1.103472267E1,1.322484879E1,-8.087232513E0,3.179837494E0,1.582439009E1
1.104466167E1,1.335283264E1,-8.740623779E0,3.339405670E0,1.630485430E1
1.105460067E1,1.264136215E1,-8.385412445E0,3.689976654E0,1.561201802E1
1.106453967E1,1.159997772E1,-6.541546783E0,3.926035767E0,1.388398625E1
1.107447867E1,1.017793488E1,-4.703668671E0,3.602109375E0,1.177667395E1
1.108441767E1,8.858129425E0,-3.695814514E0,2.837349701E0,1.000879889E1
1.109435667E1,8.011939087E0,-3.251089325E0,2.678679657E0,9.051854751E0
1.110429567E1,6.679709473E0,-3.131787415E0,2.764600983E0,7.878428120E0
1.111423467E1,5.838608551E0,-3.332220612E0,2.435435486E0,7.150132168E0
1.112417367E1,6.027964783E0,-3.932622070E0,2.148781586E0,7.511267408E0
1.113411267E1,7.002138977E0,-5.428162079E0,2.153571625E0,9.117717069E0
1.114405167E1,8.393345947E0,-7.663912811E0,2.647245026E0,1.167012091E1
1.115399067E1,9.820328522E0,-9.517508240E0,4.229155426E0,1.431459294E1
1.116392967E1,1.002001328E1,-9.862241364E0,6.056555328E0,1.530837461E1
1.117386867E1,9.177864532E0,-8.915310516E0,6.412814484E0,1.431223772E1
1.118380767E1,8.553213501E0,-7.314988403E0,5.788013763E0,1.265573466E1
1.119374667E1,8.288414154E0,-5.971981201E0,4.667444000E0,1.123153605E1
1.120368567E1,7.947722626E0,-5.189857635E0,3.982318726E0,1.029367668E1
1.121362467E1,7.407046967E0,-4.560715942E0,3.760779419E0,9.476704939E0
1.122356367E1,7.158414001E0,-4.151466980E0,3.357817383E0,8.930425896E0
1.123350267E1,7.130721588E0,-3.846101990E0,3.094365234E0,8.672645910E0
1.124344167E1,7.035369873E0,-3.704346771E0,3.050656128E0,8.516167980E0
1.125338067E1,6.940167847E0,-3.865112457E0,3.316952362E0,8.608553712E0
1.126331967E1,6.724466400E0,-3.896996155E0,3.439248047E0,8.499026681E0
1.127325867E1,6.389463043E0,-4.494104462E0,3.428470459E0,8.530921555E0
1.128319767E1,5.885461121E0,-4.999453583E0,3.563938751E0,8.504989603E0
1.129313667E1,5.510341187E0,-5.216352539E0,3.533701630E0,8.370259316E0
1.130307567E1,5.337750092E0,-5.284011841E0,3.399281158E0,8.244238568E0
1.131301467E1,5.060376892E0,-4.932093658E0,3.162024536E0,7.741534816E0
1.132295367E1,4.685107269E0,-4.165088654E0,2.838397522E0,6.881474705E0
1.133289167E1,4.699926453E0,-3.674109650E0,3.051554260E0,6.700774118E0
1.134283067E1,4.475992126E0,-3.463647308E0,3.085683289E0,6.446146101E0
1.135276967E1,4.150568848E0,-3.314856720E0,2.808908844E0,6.008782383E0
1.136270867E1,4.425547028E0,-3.680695953E0,2.578687592E0,6.307346422E0
1.137264767E1,4.627177734E0,-4.088747406E0,2.582280121E0,6.693041144E0
1.138258667E1,4.685406647E0,-4.587510223E0,2.841990051E0,7.146691049E0
1.139252567E1,4.528383179E0,-5.004243622E0,3.081641693E0,7.419246860E0
1.140246467E1,4.467010803E0,-5.285658417E0,3.328478394E0,7.679266816E0
1.141240367E1,4.615951080E0,-5.510041809E0,3.548670502E0,8.016272665E0
1.142234267E1,4.792284393E0,-5.710475006E0,3.726201324E0,8.334272063E0
1.143228167E1,4.848866730E0,-5.806425476E0,3.770359497E0,8.452318978E0
1.144222067E1,5.043462067E0,-5.757028198E0,3.634591827E0,8.472906293E0
1.145215967E1,5.258864136E0,-5.649701385E0,3.679947510E0,8.550835715E0
1.146209867E1,5.313650208E0,-5.676345978E0,3.575315094E0,8.557958881E0
1.147203767E1,5.474715271E0,-5.841153259E0,3.556903381E0,8.760316225E0
1.148197667E1,5.832471313E0,-5.946234741E0,3.861519928E0,9.180782394E0
1.149191567E1,6.291416931E0,-6.037395172E0,4.029919739E0,9.605848248E0
1.150185467E1,6.840325470E0,-6.236630859E0,4.093836823E0,1.012151752E1
1.151179367E1,7.280559998E0,-6.477779388E0,4.138893127E0,1.058766339E1
1.152173267E1,7.617209930E0,-6.729256439E0,4.283791809E0,1.102976208E1
1.153167167E1,7.816595306E0,-6.954088898E0,4.561763763E0,1.141350968E1
1.154161067E1,7.791148224E0,-7.050638123E0,4.637955322E0,1.148582248E1
1.155154967E1,7.692952423E0,-6.917714539E0,4.642745361E0,1.133981375E1
1.156148867E1,7.883356476E0,-6.861132202E0,4.330494690E0,1.131263138E1
1.157142767E1,8.289911041E0,-7.125632172E0,3.941753082E0,1.162044217E1
1.158136667E1,8.676557007E0,-7.591613159E0,3.504961395E0,1.204989569E1
1.159130567E1,8.994196472E0,-7.992928619E0,3.496728516E0,1.253034670E1
1.160124467E1,9.580227814E0,-8.432265015E0,4.117188263E0,1.341026090E1
1.161118367E1,1.018856277E1,-8.724008331E0,5.100194092E0,1.435016072E1
1.162112267E1,1.061397812E1,-8.671317902E0,6.135890350E0,1.501657205E1
1.163106167E1,1.062999481E1,-7.951464844E0,7.017856293E0,1.501575472E1
1.164100067E1,9.767787781E0,-6.208190002E0,7.579638062E0,1.383481891E1
1.165093967E1,8.520880737E0,-4.281696167E0,7.513924713E0,1.214073289E1
1.166087867E1,7.452402649E0,-3.990701294E0,6.937922516E0,1.093612230E1
1.167081767E1,7.214547272E0,-4.665947113E0,6.004463654E0,1.048209610E1
1.168075667E1,7.238347778E0,-4.816384277E0,4.860692139E0,9.960801380E0
1.169069567E1,7.304061127E0,-4.931943970E0,3.954476624E0,9.659775651E0
1.170063467E1,7.875422974E0,-5.210215302E0,3.241509247E0,9.983787493E0
1.171057367E1,8.363408203E0,-5.295986938E0,2.761457520E0,1.027714562E1
1.172051267E1,8.834328918E0,-5.338348846E0,2.594404907E0,1.064303870E1
1.173045067E1,9.754914551E0,-5.450016632E0,2.636916504E0,1.148104385E1
1.174038967E1,1.064735870E1,-5.587281189E0,3.066223755E0,1.240909693E1
1.175032867E1,1.073313034E1,-5.403463440E0,3.479214935E0,1.251009355E1
1.176026767E1,9.543554077E0,-4.708758087E0,3.447780304E0,1.118655515E1
1.177020667E1,8.087681580E0,-4.241579590E0,3.088078308E0,9.640426255E0
1.178014567E1,7.026687927E0,-3.870501251E0,2.979104919E0,8.557463952E0
1.179008467E1,6.291716309E0,-3.339255981E0,2.946772156E0,7.708423364E0
1.180002367E1,5.773943024E0,-2.951412506E0,2.671344910E0,7.013225895E0
1.180996267E1,5.396278381E0,-2.791994019E0,2.373913422E0,6.523075647E0
1.181990167E1,4.906945953E0,-2.736160126E0,2.647544403E0,6.210811717E0
1.182984067E1,5.087320862E0,-2.710114288E0,2.126028900E0,6.143740871E0
1.183977967E1,5.338797913E0,-2.610720978E0,2.006577301E0,6.272557663E0
1.184971867E1,5.305117950E0,-2.451751556E0,2.052831116E0,6.194310111E0
1.185965767E1,5.306165771E0,-2.342478790E0,1.641336823E0,6.027983796E0
1.186959667E1,5.409450989E0,-2.426903229E0,1.292262726E0,6.068110269E0
1.187953567E1,5.584137726E0,-2.674188995E0,1.159039764E0,6.298988339E0
1.188947467E1,5.755980377E0,-2.837349701E0,1.230141907E0,6.534149718E0
1.189941367E1,5.969286804E0,-2.936593323E0,1.500928802E0,6.819732587E0
1.190935267E1,6.310577087E0,-3.103496246E0,1.953288116E0,7.298657862E0
1.191929167E1,6.634204102E0,-3.279979248E0,2.411185913E0,7.783620330E0
1.192923067E1,6.911277924E0,-3.403622131E0,2.760709076E0,8.183637379E0
1.193916967E1,7.384144592E0,-3.545976105E0,3.050207062E0,8.740898181E0
1.194910867E1,7.955506439E0,-3.612737274E0,3.393293610E0,9.373174214E0
1.195904767E1,8.260272675E0,-3.521726532E0,3.719315643E0,9.719463528E0
1.196898667E1,8.610095215E0,-3.449576569E0,3.754642181E0,1.000653067E1
1.197892567E1,8.850046234E0,-3.463347931E0,3.635789337E0,1.017531628E1
1.198886467E1,9.036259003E0,-3.473826141E0,3.417992249E0,1.026665066E1
1.199880367E1,9.286538544E0,-3.413800964E0,3.137176208E0,1.037958138E1
1.200874267E1,9.562714233E0,-3.359014893E0,2.984044647E0,1.056565223E1
1.201868167E1,9.803264008E0,-3.477568359E0,3.009641418E0,1.082845365E1
1.202862067E1,1.006641678E1,-3.718567200E0,3.017574921E0,1.114747717E1
1.203855967E1,1.034858002E1,-4.058659973E0,3.091221771E0,1.153782827E1
1.204849867E1,1.069421127E1,-4.462520142E0,3.311114502E0,1.205171025E1
1.205843767E1,1.105032074E1,-4.847070465E0,3.612587585E0,1.259581159E1
1.206837667E1,1.134505783E1,-5.152435455E0,3.899391174E0,1.305615486E1
1.207831567E1,1.149025589E1,-5.319039001E0,4.142785034E0,1.332219292E1
1.208825467E1,1.156465118E1,-5.327421570E0,4.286635895E0,1.343494789E1
1.209819367E1,1.172990753E1,-5.249284058E0,4.322261810E0,1.355830598E1
1.210813267E1,1.216385513E1,-5.293591919E0,4.197720795E0,1.391410604E1
1.211807167E1,1.265648071E1,-5.677693176E0,3.854484558E0,1.439721345E1
1.212801067E1,1.299507660E1,-6.362968140E0,3.675905914E0,1.492888689E1
1.213794967E1,1.336555618E1,-7.011419678E0,3.909420319E0,1.559107646E1
1.214788767E1,1.344863342E1,-7.232509918E0,4.432432709E0,1.590035850E1
1.215782667E1,1.335941895E1,-6.866970062E0,5.023852844E0,1.583882729E1
1.216776567E1,1.300091446E1,-6.115233307E0,5.464686127E0,1.537148821E1
1.217770467E1,1.226444595E1,-5.272934875E0,5.650449829E0,1.449648440E1
1.218764367E1,1.135134476E1,-4.658911743E0,5.479954376E0,1.343831784E1
1.219758267E1,1.039318726E1,-4.484075317E0,5.127886505E0,1.242660423E1
1.220752167E1,9.719887390E0,-4.660857697E0,4.854704590E0,1.182235010E1
1.221746067E1,9.259444885E0,-5.117408295E0,4.538861389E0,1.151201329E1
1.222739967E1,8.975335693E0,-5.781277771E0,4.265829163E0,1.149683095E1
1.223733867E1,8.713530121E0,-6.489604797E0,4.070036316E0,1.160197282E1
1.224727767E1,8.541537781E0,-7.024891663E0,3.862418060E0,1.171431790E1
1.225721667E1,8.605454865E0,-7.268435211E0,3.838018799E0,1.190018454E1
1.226715567E1,8.745413818E0,-7.150779877E0,4.021986237E0,1.199134225E1
1.227709467E1,8.910071411E0,-6.776558075E0,4.205055542E0,1.195799331E1
1.228703367E1,8.825197906E0,-6.391109619E0,4.071233826E0,1.163208258E1
1.229697267E1,8.601413269E0,-6.036347351E0,3.674259338E0,1.113202503E1
1.230691167E1,8.353079681E0,-5.600902863E0,3.345991974E0,1.059904313E1
1.231685067E1,8.102500763E0,-5.140610046E0,3.140918427E0,1.009662116E1
1.232678967E1,7.854316864E0,-4.778662720E0,3.009791107E0,9.673921299E0
1.233672867E1,7.556136932E0,-4.443210297E0,3.041824493E0,9.278470743E0
1.234666767E1,7.226821747E0,-4.147724762E0,3.248394928E0,8.943301564E0
1.235660667E1,7.024442596E0,-3.976031799E0,3.406017151E0,8.760854724E0
1.236654567E1,6.828949127E0,-3.902834015E0,3.390599213E0,8.565210012E0
1.237648467E1,6.563251648E0,-3.945345612E0,3.340603180E0,8.354738404E0
1.238642367E1,6.135291595E0,-3.994293823E0,3.250340881E0,8.010050059E0
1.239636267E1,5.748495941E0,-4.116290131E0,3.081042938E0,7.712449391E0
1.240630167E1,5.475912781E0,-4.248465271E0,2.943029938E0,7.529708039E0
1.241624067E1,5.127138062E0,-4.369264069E0,2.776875458E0,7.286223337E0
1.242617967E1,4.781806183E0,-4.444258118E0,2.522704010E0,6.998652450E0
1.243611867E1,4.490062866E0,-4.522096252E0,2.245779877E0,6.756740806E0
1.244605767E1,4.292773132E0,-4.647685089E0,2.002086639E0,6.636055211E0
1.245599667E1,4.249962158E0,-4.841531982E0,1.809886322E0,6.691658896E0
1.246593567E1,4.173471222E0,-5.029840393E0,1.713636475E0,6.756752651E0
1.247587467E1,4.034859467E0,-5.087171173E0,1.770069122E0,6.729973711E0
1.248581367E1,3.992347870E0,-5.115312653E0,1.826202393E0,6.740940604E0
1.249575267E1,4.046684875E0,-5.156926117E0,1.891915741E0,6.822674741E0
1.250569167E1,4.049828339E0,-5.084027710E0,2.049088898E0,6.815219192E0
1.251562967E1,4.155209198E0,-5.017565918E0,2.206411743E0,6.878225353E0
1.252556867E1,4.276007996E0,-5.031037903E0,2.265838165E0,6.980659664E0
1.253550767E1,4.279001770E0,-5.121898956E0,2.249222717E0,7.042918990E0
1.254544667E1,4.399650879E0,-5.312303009E0,2.255359955E0,7.257006245E0
1.255538567E1,4.716392212E0,-5.544470215E0,2.383343811E0,7.659362453E0
1.256532467E1,5.196893005E0,-5.818250885E0,2.616708527E0,8.228420491E0
1.257526367E1,5.630391541E0,-6.096821594E0,2.815794525E0,8.763631739E0
1.258520267E1,6.110443268E0,-6.434070282E0,2.918331299E0,9.340847654E0
1.259514167E1,6.669380951E0,-6.791826324E0,3.053949280E0,9.996807155E0
1.260508067E1,7.164850616E0,-7.007527771E0,3.266357574E0,1.054085488E1
1.261501967E1,7.605833588E0,-7.105873260E0,3.516188049E0,1.098661539E1
1.262495867E1,7.930807800E0,-7.079378357E0,3.782184906E0,1.128362676E1
1.263489767E1,8.138575745E0,-6.904990997E0,4.030518494E0,1.140878588E1
1.264483667E1,8.201445007E0,-6.677314453E0,4.089495850E0,1.133905661E1
1.265477567E1,8.290809174E0,-6.592291260E0,3.827690277E0,1.126263884E1
1.266471467E1,8.614136810E0,-6.753506012E0,3.292553101E0,1.143040255E1
1.267465367E1,9.050479431E0,-7.090754700E0,2.720742188E0,1.181492354E1
1.268459267E1,9.559720459E0,-7.572303314E0,2.477498016E0,1.244451804E1
1.269453167E1,1.006417145E1,-8.233478394E0,2.563868408E0,1.325334428E1
1.270447067E1,1.050171158E1,-8.739276581E0,3.031795349E0,1.399473773E1
1.271440967E1,1.071561676E1,-8.577014008E0,3.838018799E0,1.425201741E1
1.272434867E1,1.058374100E1,-7.881260834E0,4.672383728E0,1.399860763E1
1.273428767E1,1.023137375E1,-6.827302551E0,5.392985229E0,1.343046383E1
1.274422667E1,9.827363892E0,-5.655539246E0,5.703739014E0,1.269231437E1
1.275416567E1,9.482630768E0,-4.783752136E0,5.418282623E0,1.192318571E1
1.276410467E1,9.310039673E0,-4.331991577E0,4.842430115E0,1.135306651E1
1.277404367E1,9.283844147E0,-4.387825470E0,4.258344727E0,1.111648660E1
1.278398267E1,9.418713684E0,-4.793182526E0,3.770808563E0,1.122077374E1
1.279392167E1,9.437275085E0,-5.108726349E0,3.451821899E0,1.127281333E1
1.280386067E1,9.906998291E0,-5.307512970E0,3.201841736E0,1.168632104E1
1.281379967E1,1.064481400E1,-5.241649933E0,2.953508148E0,1.222743511E1
1.282373867E1,1.063044388E1,-4.751119995E0,2.759062500E0,1.196628197E1
1.283367767E1,1.061143341E1,-4.557871857E0,2.586172028E0,1.183490603E1
1.284361667E1,1.092577972E1,-4.249213715E0,2.390678558E0,1.196427280E1
1.285355567E1,1.074809921E1,-3.628454590E0,2.317630463E0,1.157837339E1
1.286349467E1,9.773625641E0,-2.883603516E0,2.415077820E0,1.047241750E1
1.287343367E1,8.592132568E0,-2.333347778E0,2.211950226E0,9.173983744E0
1.288337267E1,7.822882233E0,-2.089654541E0,1.968107300E0,8.332921989E0
1.289331067E1,7.337591400E0,-1.882335663E0,2.067799988E0,7.852339262E0
1.290324967E1,6.871011658E0,-1.773811340E0,2.360441437E0,7.478562138E0
1.291318867E1,6.425538025E0,-1.825154572E0,2.584974518E0,7.162459171E0
1.292312767E1,6.147566071E0,-1.917961578E0,2.400108948E0,6.872529969E0
1.293306667E1,5.928870850E0,-1.899998932E0,2.190993805E0,6.600148434E0
1.294300567E1,5.750441895E0,-1.823208618E0,2.115999756E0,6.392896575E0
1.295294500E1,5.719606018E0,-1.843416595E0,1.844314728E0,6.285982386E0
1.296288400E1,5.888305206E0,-1.964814148E0,1.601220245E0,6.410658243E0
1.297282300E1,5.988746338E0,-2.064357147E0,1.486109619E0,6.506548619E0
1.298276200E1,6.007906494E0,-2.229763184E0,1.443747711E0,6.568956671E0
1.299270100E1,6.275849304E0,-2.477498016E0,1.453776855E0,6.902010436E0
1.300264000E1,6.842870178E0,-2.593955841E0,1.614542542E0,7.494012730E0
1.301257900E1,7.297025757E0,-2.585423584E0,1.856140137E0,7.960920563E0
1.302251800E1,7.564519501E0,-2.642155609E0,2.178419952E0,8.303520641E0
1.303245700E1,7.972870331E0,-2.696791992E0,2.593506775E0,8.807134934E0
1.304239600E1,8.462801514E0,-2.573448486E0,2.977009277E0,9.332964738E0
1.305233500E1,8.799152069E0,-2.292632446E0,3.234623566E0,9.651115494E0
1.306227400E1,8.952732697E0,-2.083816681E0,3.324436798E0,9.774742693E0
1.307221300E1,8.999136200E0,-2.064806213E0,3.277733917E0,9.797520945E0
1.308215200E1,9.097182312E0,-2.158511353E0,3.235072632E0,9.893613708E0
1.309209100E1,9.355844421E0,-2.205513611E0,3.296295319E0,1.016177533E1
1.310203000E1,9.407936096E0,-2.265239410E0,3.351979523E0,1.024091490E1
1.311196900E1,9.399703217E0,-2.459984436E0,3.202290802E0,1.023037684E1
1.312190800E1,9.511371002E0,-2.699785767E0,3.046614532E0,1.034586302E1
1.313184700E1,9.765392761E0,-2.947370911E0,3.034789124E0,1.064236046E1
1.314178600E1,1.007195526E1,-3.221450958E0,3.188818817E0,1.104493524E1
1.315172500E1,1.042028091E1,-3.547772369E0,3.510499878E0,1.155389772E1
1.316166400E1,1.069825287E1,-3.897594910E0,3.806434479E0,1.200553222E1
1.317160300E1,1.086156326E1,-4.170926514E0,4.105662231E0,1.233801633E1
1.318154200E1,1.119881195E1,-4.186344452E0,4.484823761E0,1.276920174E1
1.319148100E1,1.150013535E1,-4.023782501E0,4.744833069E0,1.307506709E1
1.320142000E1,1.159623550E1,-4.038302307E0,4.744833069E0,1.316411806E1
1.321135900E1,1.183513870E1,-4.490062866E0,4.597988434E0,1.346746711E1
1.322129800E1,1.214709000E1,-5.319188690E0,4.429588623E0,1.398094486E1
1.323123700E1,1.239213043E1,-6.208489380E0,4.559518433E0,1.459107417E1
1.324117600E1,1.273087601E1,-6.709796906E0,5.017116852E0,1.524034251E1
1.325111500E1,1.296888107E1,-6.710545349E0,5.623655548E0,1.564764509E1
1.326105300E1,1.286873932E1,-6.258186035E0,6.218219147E0,1.560242268E1
1.327099200E1,1.249436783E1,-5.394781494E0,6.684798889E0,1.516243486E1
1.328093100E1,1.196072754E1,-4.258494415E0,6.773264923E0,1.438995815E1
1.329087000E1,1.124955643E1,-3.354374542E0,6.336323547E0,1.333991546E1
1.330080900E1,1.054437286E1,-3.194506989E0,5.508095856E0,1.231778365E1
1.331074800E1,1.009395950E1,-3.740721130E0,4.729864197E0,1.175808778E1
1.332068700E1,9.928254089E0,-4.649930420E0,4.339326324E0,1.179075210E1
1.333062600E1,9.943372650E0,-5.576653290E0,4.385879517E0,1.221497690E1
1.334056500E1,1.000279907E1,-6.320606232E0,4.675078125E0,1.272251578E1
1.335050400E1,9.964329071E0,-6.840026093E0,5.070555725E0,1.310665274E1
1.336044300E1,9.773475952E0,-6.936874695E0,5.386847992E0,1.313998455E1
1.337038200E1,9.416917419E0,-6.622528381E0,5.345084839E0,1.269275966E1
1.338032100E1,9.057215424E0,-6.153703308E0,5.134921875E0,1.209415720E1
1.339026000E1,8.639583893E0,-5.593867493E0,4.753215637E0,1.133696707E1
1.340019900E1,8.138575745E0,-5.082680511E0,4.123475189E0,1.044380697E1
1.341013800E1,7.673642578E0,-4.641098785E0,3.611539764E0,9.667875042E0
1.342007700E1,7.272177429E0,-4.288731537E0,3.323089600E0,9.073075953E0
1.343001600E1,6.948999481E0,-3.991449738E0,3.168610840E0,8.617445065E0
1.343995500E1,6.616091766E0,-3.784579926E0,3.074456635E0,8.218758974E0
1.344989400E1,6.314468994E0,-3.670217743E0,3.013832703E0,7.901025536E0
1.345983300E1,5.992937622E0,-3.639381866E0,3.000061340E0,7.626320853E0
1.346977200E1,5.684129791E0,-3.682941284E0,2.947969666E0,7.386739006E0
1.347971100E1,5.525010681E0,-3.753145294E0,2.785108337E0,7.236620142E0
1.348965000E1,5.444178772E0,-3.754791870E0,2.651436310E0,7.125142735E0
1.349958900E1,5.392985229E0,-3.664679260E0,2.576591949E0,7.010919329E0
1.350952800E1,5.331163788E0,-3.630550232E0,2.390379181E0,6.878671016E0
1.351946700E1,5.274731140E0,-3.717968445E0,2.159259796E0,6.805033492E0
1.352940600E1,5.187013550E0,-3.859723663E0,2.067650299E0,6.788059670E0
1.353934500E1,5.113217010E0,-3.932472382E0,2.118694153E0,6.789564945E0
1.354928400E1,5.082381134E0,-3.973187714E0,2.219584351E0,6.822270391E0
1.355922300E1,4.998256073E0,-3.993395691E0,2.411335602E0,6.836981227E0
1.356916200E1,4.843477936E0,-4.071084137E0,2.511926422E0,6.807553078E0
1.357910100E1,4.868176575E0,-4.131408691E0,2.614612885E0,6.899556614E0
1.358904000E1,4.853507080E0,-4.121529236E0,2.691552887E0,6.912885878E0
1.359897900E1,4.785398712E0,-4.132755890E0,2.679727478E0,6.867361315E0
1.360891800E1,4.787494354E0,-4.138294373E0,2.647843781E0,6.859785652E0
1.361885700E1,4.913681946E0,-4.108656006E0,2.636317749E0,6.926434560E0
1.362879600E1,5.029541016E0,-4.113446045E0,2.655178528E0,7.019023736E0
1.363873400E1,5.165907440E0,-4.203858032E0,2.617756348E0,7.156232971E0
1.364867300E1,5.456153870E0,-4.362977142E0,2.610571289E0,7.457899641E0
1.365861200E1,5.692063293E0,-4.521048431E0,2.630330200E0,7.730336372E0
1.366855100E1,6.031557312E0,-4.769980774E0,2.693349152E0,8.147792943E0
1.367849000E1,6.506519623E0,-5.135370941E0,2.780168610E0,8.742778151E0
1.368842900E1,6.842720490E0,-5.568121033E0,2.884052582E0,9.281409097E0
1.369836800E1,7.345824280E0,-6.065237274E0,3.016078033E0,9.992245205E0
1.370830700E1,7.835156708E0,-6.483168182E0,3.304228821E0,1.069294526E1
1.371824600E1,8.195906525E0,-6.703210602E0,3.761976929E0,1.123647572E1
1.372818500E1,8.657546539E0,-6.799610138E0,4.327800293E0,1.182867979E1
1.373812400E1,8.822802887E0,-6.670877838E0,4.805906067E0,1.205981737E1
1.374806300E1,8.881031799E0,-6.459966431E0,4.560416565E0,1.189122750E1
1.375800200E1,8.997639313E0,-6.325396271E0,3.281775513E0,1.147772633E1
1.376794100E1,8.693022766E0,-6.438860321E0,3.542682953E0,1.138324073E1
1.377788000E1,8.943751373E0,-6.832092590E0,3.253634033E0,1.171555855E1
1.378781900E1,9.376651154E0,-7.442972260E0,2.688858490E0,1.226985668E1
1.379775800E1,9.954150238E0,-7.873926086E0,2.963836670E0,1.303334749E1
1.380769700E1,1.022299118E1,-7.768245850E0,3.589834900E0,1.333199561E1
1.381763600E1,1.015114059E1,-7.322323151E0,4.198918304E0,1.320200692E1
1.382757500E1,1.029903305E1,-6.792125702E0,4.635709991E0,1.317925872E1
1.383751400E1,1.039453445E1,-5.980663147E0,4.971910858E0,1.298208673E1
1.384745300E1,1.007435028E1,-4.861889648E0,4.933440857E0,1.222576555E1
1.385739200E1,9.357041931E0,-3.995191956E0,4.503983917E0,1.112661959E1
1.386733100E1,8.935817871E0,-3.939956818E0,3.944896545E0,1.053253576E1
1.387727000E1,9.102571106E0,-4.651876373E0,3.436254272E0,1.078446095E1
1.388720900E1,9.432934113E0,-5.425018616E0,3.021017761E0,1.129325557E1
1.389714800E1,9.885592804E0,-5.963149567E0,2.691552887E0,1.185447404E1
1.390708700E1,1.043914169E1,-6.202651520E0,2.540067902E0,1.240566444E1
1.391702600E1,1.087189178E1,-5.896538086E0,2.429897003E0,1.260442747E1
1.392696500E1,1.100780914E1,-5.303471375E0,2.296075287E0,1.243264382E1
1.393690400E1,1.101439545E1,-4.765789490E0,2.118394775E0,1.218676548E1
1.394684300E1,1.076022400E1,-4.308340759E0,2.016307068E0,1.176476582E1
1.395678262E1,1.018781433E1,-3.874393158E0,2.066602478E0,1.109384194E1
1.396672162E1,9.281598816E0,-3.471131744E0,1.982776794E0,1.010585157E1
1.397666062E1,8.285121002E0,-3.097059631E0,1.723815308E0,9.011467561E0
1.398659963E1,7.470215607E0,-2.822081451E0,1.570084991E0,8.138392459E0
1.399653862E1,6.812333679E0,-2.627935181E0,1.465901642E0,7.447335167E0
1.400647662E1,6.290818176E0,-2.469714203E0,1.455273743E0,6.913154362E0
1.401641562E1,5.901477814E0,-2.378553772E0,1.461111603E0,6.528384605E0
1.402635463E1,5.681435394E0,-2.287992096E0,1.470541992E0,6.298897500E0
1.403629362E1,5.541775818E0,-2.178569641E0,1.400936737E0,6.117194507E0
1.404623262E1,5.363646240E0,-2.032323761E0,1.206341400E0,5.861254169E0
1.405617162E1,5.235363007E0,-1.928290100E0,9.277706909E-1,5.655801179E0
1.406611062E1,5.447172546E0,-1.922003174E0,6.267466736E-1,5.810214828E0
1.407604963E1,5.742807770E0,-1.863923950E0,5.754034424E-1,6.065075654E0
1.408598862E1,5.902525635E0,-1.695374451E0,5.851332092E-1,6.168993781E0
1.409592762E1,6.084098053E0,-1.653611298E0,5.086422729E-1,6.325298128E0
1.410586663E1,6.325396271E0,-1.743424530E0,5.578898621E-1,6.584937978E0
1.411580562E1,6.701414337E0,-1.872456207E0,9.003776550E-1,7.016104780E0
1.412574462E1,7.258256378E0,-1.991159363E0,1.494492188E0,7.673363549E0
1.413568363E1,7.781867523E0,-1.983674927E0,2.071991272E0,8.293707024E0
1.414562262E1,8.076305237E0,-1.915566559E0,2.450703735E0,8.654597063E0
1.415556162E1,8.353528748E0,-2.008223877E0,2.675236816E0,8.998405286E0
1.416550063E1,8.673413544E0,-2.151475983E0,2.849175110E0,9.379485605E0
1.417543962E1,8.905730438E0,-2.181862793E0,2.951711884E0,9.632505537E0
1.418537862E1,9.093440094E0,-2.150577850E0,3.000660095E0,9.814254880E0
1.419531762E1,9.218879242E0,-2.201621704E0,2.991978149E0,9.939155188E0
1.420525662E1,9.392518158E0,-2.341580658E0,2.929857330E0,1.011367694E1
1.421519563E1,9.550140381E0,-2.490520935E0,2.954705658E0,1.030233766E1
1.422513462E1,9.798324280E0,-2.675835571E0,3.065625000E0,1.060968008E1
1.423507362E1,1.018287460E1,-2.965932312E0,3.213816833E0,1.108225195E1
1.424501263E1,1.055380325E1,-3.254232788E0,3.375480652E0,1.154844854E1
1.425495162E1,1.111483658E1,-3.510050812E0,3.516337738E0,1.217475585E1
1.426489062E1,1.155117920E1,-3.661685486E0,3.637286224E0,1.265177982E1
1.427482963E1,1.183304306E1,-3.730691986E0,3.673510895E0,1.293961565E1
1.428476862E1,1.224019638E1,-3.670367432E0,3.691174164E0,1.330108158E1
1.429470762E1,1.275033554E1,-3.488495636E0,3.593876495E0,1.369878120E1
1.430464662E1,1.301513489E1,-3.297193451E0,3.318898315E0,1.383041239E1
1.431458562E1,1.338306976E1,-3.493734741E0,2.881657562E0,1.412857704E1
1.432452463E1,1.398317184E1,-4.169130249E0,2.515818329E0,1.480675804E1
1.433446362E1,1.440304871E1,-4.918172607E0,2.555785217E0,1.543270138E1
1.434440262E1,1.454704926E1,-5.211113434E0,2.995870056E0,1.573999945E1
1.435434062E1,1.473161545E1,-4.941973114E0,3.614533539E0,1.595332080E1
1.436427963E1,1.474284210E1,-4.299808502E0,4.148323517E0,1.590749303E1
1.437421862E1,1.387434814E1,-3.202290802E0,4.672533417E0,1.498615265E1
1.438415762E1,1.284149597E1,-2.092947693E0,4.922513580E0,1.391098806E1
1.439409663E1,1.195953003E1,-1.794767761E0,4.657414856E0,1.295928482E1
1.440403562E1,1.098116455E1,-2.336940308E0,4.235891418E0,1.199958503E1
1.441397463E1,1.033989807E1,-3.094664612E0,3.855831757E0,1.146114653E1
1.442391362E1,1.015158966E1,-3.679498444E0,3.453618164E0,1.133670851E1
1.443385262E1,1.023137375E1,-4.254303131E0,3.318748627E0,1.156694412E1
1.444379163E1,1.038809784E1,-4.863087158E0,3.291654968E0,1.193302920E1
1.445373062E1,1.063912582E1,-5.280419312E0,3.299887848E0,1.232733086E1
1.446366962E1,1.097368011E1,-5.248984680E0,3.177442474E0,1.257257476E1
1.447360863E1,1.102457428E1,-4.813989258E0,2.977608032E0,1.239281567E1
1.448354762E1,1.088251968E1,-4.263284454E0,2.715054016E0,1.199901443E1
1.449348662E1,1.073956696E1,-3.640429688E0,2.506837006E0,1.161358078E1
1.450342563E1,1.034079620E1,-3.209625549E0,2.457290039E0,1.110279409E1
1.451336462E1,9.780361633E0,-3.125350800E0,2.418969727E0,1.054868266E1
1.452330362E1,9.053173828E0,-3.218756561E0,2.377356262E0,9.898089359E0
1.453324262E1,8.244854736E0,-3.233725433E0,2.370769958E0,9.168160121E0
1.454318162E1,7.750732269E0,-3.237617340E0,2.362836456E0,8.725767179E0
1.455312063E1,7.569459229E0,-3.301235046E0,2.557431793E0,8.644959411E0
1.456305962E1,7.250622253E0,-3.407963104E0,2.794688416E0,8.485046784E0
1.457299862E1,6.785838776E0,-3.525019684E0,2.790347443E0,8.139988361E0
1.458293763E1,6.381379852E0,-3.626658325E0,2.719694366E0,7.827604798E0
1.459287662E1,5.982010345E0,-3.688629456E0,2.595303040E0,7.491730968E0
1.460281562E1,5.536836090E0,-3.730093231E0,2.321372681E0,7.068162457E0
1.461275463E1,5.234464874E0,-3.796405334E0,1.984722748E0,6.763981104E0
1.462269362E1,5.118156738E0,-3.853436737E0,1.758543091E0,6.643566579E0
1.463263262E1,5.053042145E0,-3.905827789E0,1.618584137E0,6.588515785E0
1.464257162E1,5.029990082E0,-3.996988220E0,1.540746002E0,6.606861078E0
1.465251062E1,5.152136078E0,-4.120032349E0,1.539997559E0,6.774272300E0
1.466244963E1,5.302722931E0,-4.140539703E0,1.635498962E0,6.923712615E0
1.467238862E1,5.317991180E0,-4.142785034E0,1.641935577E0,6.938274315E0
1.468232762E1,5.306465149E0,-4.184398499E0,1.595681763E0,6.943627543E0
1.469226562E1,5.401068420E0,-4.174968109E0,1.709445190E0,7.037336261E0
1.470220463E1,5.480104065E0,-4.086053009E0,1.891616364E0,7.092642824E0
1.471214362E1,5.600603485E0,-4.058061218E0,2.007325745E0,7.201664870E0
1.472208262E1,5.846392365E0,-4.041745148E0,2.200723572E0,7.440375781E0
1.473202163E1,5.986351318E0,-4.071233826E0,2.261048126E0,7.584437065E0
1.474196062E1,6.099066925E0,-4.193529510E0,2.190993805E0,7.719116592E0
1.475189963E1,6.330785065E0,-4.337230682E0,2.242786102E0,7.995029645E0
1.476183862E1,6.747967529E0,-4.358785858E0,2.412533112E0,8.387752735E0
1.477177762E1,7.244335327E0,-4.395309906E0,2.525548096E0,8.841806189E0
1.478171663E1,7.788753204E0,-4.603975983E0,2.599494324E0,9.413747504E0
1.479165562E1,8.396639099E0,-4.818779297E0,2.686463470E0,1.004695317E1
1.480159462E1,8.832233276E0,-4.962031403E0,2.723735962E0,1.049041648E1
1.481153363E1,9.212292938E0,-5.068310394E0,2.766846313E0,1.087242153E1
1.482147262E1,9.717642059E0,-5.065166931E0,2.888393555E0,1.133275344E1
1.483141162E1,9.685908051E0,-4.962330780E0,2.996768188E0,1.128814250E1
1.484135063E1,9.432634735E0,-4.935237122E0,3.003953247E0,1.106141486E1
1.485128962E1,9.302555237E0,-4.913831635E0,2.900368652E0,1.091308451E1
1.486122862E1,9.305549011E0,-4.867877197E0,2.561024323E0,1.080963997E1
1.487116762E1,9.479187927E0,-5.011278992E0,2.051334229E0,1.091677118E1
1.488110662E1,9.720935211E0,-5.434449005E0,1.638043671E0,1.125668710E1
1.489104563E1,1.017209702E1,-5.909860382E0,1.602118378E0,1.187285942E1
1.490098462E1,1.084883972E1,-6.144272919E0,1.907782745E0,1.261305070E1
1.491092362E1,1.111633347E1,-6.006259918E0,2.423759766E0,1.286556020E1
1.492086263E1,1.111932724E1,-5.647156677E0,3.013683014E0,1.283012479E1
1.493080162E1,1.096410004E1,-5.038372650E0,3.586092682E0,1.258796049E1
1.494074062E1,1.064735870E1,-4.340823212E0,3.941603394E0,1.215504960E1
1.495067963E1,1.014859589E1,-3.999832306E0,3.976780243E0,1.161066053E1
1.496061754E1,9.818532257E0,-4.215384064E0,3.896247711E0,1.137338053E1
1.497055654E1,9.978848877E0,-4.560865631E0,3.822301483E0,1.161847274E1
1.498049554E1,1.056113800E1,-4.840633850E0,3.786076813E0,1.221899135E1
1.499043454E1,1.100301910E1,-5.002147980E0,3.627556458E0,1.261931376E1
1.500037354E1,1.125509491E1,-4.953199768E0,3.444786530E0,1.277019591E1
1.501031254E1,1.163665146E1,-4.682562561E0,3.198997650E0,1.294494632E1
1.502025154E1,1.155327484E1,-4.157604218E0,2.919079742E0,1.262081055E1
1.503018954E1,1.127006378E1,-3.478616180E0,2.543361053E0,1.206581094E1
1.504012854E1,1.107007965E1,-2.786904602E0,2.143841858E0,1.161505741E1
1.505006754E1,1.040112076E1,-2.239792328E0,1.870659943E0,1.080274740E1
1.506000654E1,9.448052673E0,-1.948049011E0,1.573378143E0,9.774257673E0
1.506994554E1,8.317304077E0,-1.857038269E0,1.267564087E0,8.615849172E0
1.507988454E1,7.333250427E0,-1.781894531E0,1.061891785E0,7.620979209E0
1.508982354E1,6.781048737E0,-1.650916901E0,1.050066376E0,7.057675820E0
1.509976254E1,6.416257324E0,-1.560355225E0,1.165775757E0,6.705378408E0
1.510970154E1,6.151008911E0,-1.594933319E0,1.260977783E0,6.478332184E0
1.511964054E1,5.929170227E0,-1.630559235E0,1.253942413E0,6.275838954E0
1.512957954E1,5.738466797E0,-1.657054138E0,1.109642487E0,6.075124364E0
1.513951854E1,5.674549713E0,-1.605411530E0,9.523196411E-1,5.973673353E0
1.514945754E1,6.007307739E0,-1.414708099E0,8.235873413E-1,6.226350567E0
1.515939654E1,6.077811127E0,-1.097517700E0,6.947053528E-1,6.215058223E0
1.516933554E1,6.117628326E0,-8.449928284E-1,5.806425476E-1,6.202945670E0
1.517927454E1,6.374045105E0,-8.656498718E-1,4.903802490E-1,6.451222635E0
1.518921354E1,6.735094299E0,-1.091679840E0,3.739224243E-1,6.833233354E0
1.519915254E1,7.066355438E0,-1.305435333E0,4.812492371E-1,7.202023425E0
1.520909154E1,7.319029999E0,-1.576072540E0,7.066804504E-1,7.520079922E0
1.521903054E1,7.557633820E0,-1.813628540E0,1.154399414E0,7.857462405E0
1.522896954E1,7.860454102E0,-1.957479401E0,1.682950287E0,8.273499015E0
1.523890854E1,8.096213837E0,-1.963167572E0,2.199975128E0,8.616414334E0
1.524884754E1,8.239166565E0,-1.868564301E0,2.603236542E0,8.840375485E0
1.525878654E1,8.357570343E0,-1.759441223E0,2.855911102E0,9.005600684E0
1.526872554E1,8.489296417E0,-1.691183167E0,3.027454376E0,9.170263582E0
1.527866454E1,8.613388367E0,-1.648970947E0,3.083288269E0,9.296033073E0
1.528860354E1,8.686586151E0,-1.588496704E0,2.956052856E0,9.312268748E0
1.529854254E1,8.803493042E0,-1.540596313E0,2.696342926E0,9.335158912E0
1.530848154E1,9.005572815E0,-1.552272034E0,2.468367004E0,9.465871638E0
1.531842054E1,9.299411774E0,-1.686093750E0,2.301164703E0,9.727144003E0
1.532835954E1,9.722881165E0,-1.974244537E0,2.211201782E0,1.016471706E1
1.533829854E1,1.025382706E1,-2.285447388E0,2.165995789E0,1.072640559E1
1.534823754E1,1.077264816E1,-2.562371521E0,2.220632172E0,1.129366652E1
1.535817654E1,1.130494125E1,-2.774330750E0,2.441123657E0,1.189359881E1
1.536811554E1,1.186432800E1,-2.915487213E0,2.760409698E0,1.252526273E1
1.537805354E1,1.218181778E1,-2.786006470E0,3.137176208E0,1.288411390E1
1.538799254E1,1.238988510E1,-2.476899261E0,3.338507538E0,1.306866157E1
1.539793154E1,1.261411880E1,-2.156715088E0,3.367696838E0,1.323286799E1
1.540787054E1,1.298624496E1,-2.047142944E0,3.251538391E0,1.354274176E1
1.541780954E1,1.343950241E1,-2.515069885E0,3.094365234E0,1.401859115E1
1.542774854E1,1.380668884E1,-3.380869446E0,3.152594147E0,1.456000635E1
1.543768754E1,1.416459457E1,-4.030967560E0,3.564238129E0,1.515216923E1
1.544762654E1,1.442714859E1,-4.064497833E0,4.078568573E0,1.553375295E1
1.545756554E1,1.438598419E1,-3.477568359E0,4.513563995E0,1.547327641E1
1.546750454E1,1.380983231E1,-2.522404633E0,4.574786682E0,1.476491336E1
1.547744354E1,1.286439835E1,-1.652413788E0,4.269571381E0,1.365475946E1
1.548738254E1,1.205652832E1,-1.271605682E0,3.741469574E0,1.268761013E1
1.549732154E1,1.152198990E1,-1.440454559E0,3.244802399E0,1.205652948E1
1.550726054E1,1.156060959E1,-1.751058655E0,2.990930328E0,1.206895044E1
1.551719954E1,1.194366302E1,-2.056124268E0,2.940335541E0,1.247093848E1
1.552713854E1,1.244452148E1,-2.673290863E0,2.910547485E0,1.305694779E1
1.553707754E1,1.288849823E1,-3.474574585E0,2.962639160E0,1.367345187E1
1.554701654E1,1.352557343E1,-4.138893127E0,3.047662354E0,1.446927153E1
1.555695554E1,1.389126297E1,-4.467010803E0,3.172053680E0,1.493262525E1
1.556689454E1,1.367361557E1,-4.273313599E0,3.270099792E0,1.469430245E1
1.557683354E1,1.328277832E1,-3.939208374E0,3.195554810E0,1.421833791E1
1.558677254E1,1.290735901E1,-3.786226501E0,3.231629791E0,1.383397480E1
1.559671154E1,1.231833389E1,-3.743565216E0,3.376678162E0,1.331005582E1
1.560665054E1,1.146495850E1,-3.562441864E0,3.449426880E0,1.249138948E1
1.561658954E1,1.055964111E1,-3.385360107E0,3.383264465E0,1.159366905E1
1.562652854E1,9.685608673E0,-3.334016876E0,3.223546600E0,1.073861893E1
1.563646754E1,8.971294098E0,-3.359014893E0,3.038980408E0,1.005000004E1
1.564640654E1,8.253087616E0,-3.401077423E0,2.743345184E0,9.338454135E0
1.565634554E1,7.508685608E0,-3.393592987E0,2.265688477E0,8.545769549E0
1.566628454E1,6.843468933E0,-3.351530457E0,1.720073090E0,7.811816362E0
1.567622354E1,6.456523590E0,-3.303330688E0,1.349743195E0,7.377024956E0
1.568616154E1,6.212830353E0,-3.247945862E0,1.078058167E0,7.092998148E0
1.569610054E1,5.998625793E0,-3.119063873E0,8.334667969E-1,6.812249097E0
1.570603954E1,5.801785126E0,-3.049458618E0,5.795947266E-1,6.579957337E0
1.571597854E1,5.585634613E0,-3.066523132E0,3.367996216E-1,6.380933485E0
1.572591754E1,5.508844299E0,-3.137475586E0,1.951940918E-1,6.342650810E0
1.573585654E1,5.532046051E0,-3.169508972E0,2.065704346E-1,6.379027511E0
1.574579554E1,5.525160370E0,-3.177143097E0,3.582051086E-1,6.383568459E0
1.575573454E1,5.430557098E0,-3.315305786E0,4.330494690E-1,6.377282705E0
1.576567354E1,5.482499084E0,-3.549119568E0,4.839436340E-1,6.548911922E0
1.577561254E1,5.621260529E0,-3.774401093E0,6.210585022E-1,6.799293140E0
1.578555154E1,5.771997070E0,-3.972289581E0,8.526269531E-1,7.058470615E0
1.579549054E1,5.969885559E0,-4.064946899E0,1.106948090E0,7.306754475E0
1.580542954E1,6.204747162E0,-4.055366821E0,1.473984833E0,7.557613293E0
1.581536854E1,6.487509155E0,-4.104315033E0,2.140399017E0,7.969597536E0
1.582530754E1,6.621031494E0,-4.188889160E0,2.376009064E0,8.187201568E0
1.583524654E1,6.307134247E0,-4.279899902E0,2.077829132E0,7.900307556E0
1.584518554E1,6.124663696E0,-4.443958740E0,1.680555267E0,7.751421849E0
1.585512454E1,6.156697083E0,-4.687053223E0,1.590891724E0,7.899640710E0
1.586506354E1,6.469247131E0,-5.069208527E0,1.810485077E0,8.415811889E0
1.587500254E1,7.128027191E0,-5.422324219E0,1.819765778E0,9.139032720E0
1.588494154E1,7.580685883E0,-5.626499634E0,1.982178040E0,9.646415208E0
1.589488054E1,8.257877655E0,-5.993237000E0,2.170636139E0,1.043183082E1
1.590481954E1,8.605305176E0,-6.417754211E0,2.223176880E0,1.096272602E1
1.591475854E1,8.674311676E0,-6.741979980E0,2.145189056E0,1.119373991E1
1.592469754E1,8.438102875E0,-6.856491852E0,2.000889130E0,1.105516250E1
1.593463654E1,8.313561859E0,-6.373895416E0,1.919458466E0,1.065017250E1
1.594457554E1,8.026608582E0,-5.783822479E0,1.832788696E0,1.006171766E1
1.595451479E1,8.260871429E0,-5.200186157E0,1.600920868E0,9.891758209E0
1.596445379E1,8.706345062E0,-5.096152496E0,1.577719116E0,1.021079880E1
1.597439279E1,8.930429077E0,-5.548661499E0,8.960366821E-1,1.055192351E1
1.598433179E1,9.796528015E0,-5.989345093E0,4.159849548E-1,1.148987638E1
1.599427079E1,1.091590027E1,-6.301595764E0,1.196012878E0,1.266086232E1
1.600420979E1,1.125314896E1,-7.064110107E0,2.046095123E0,1.344327037E1
1.601414779E1,1.210817093E1,-7.131619720E0,3.117117920E0,1.439389548E1
1.602408679E1,1.180505127E1,-6.079308014E0,3.852837982E0,1.382611955E1
1.603402579E1,1.136810989E1,-5.607339478E0,4.304897919E0,1.338687135E1
1.604396479E1,1.101649109E1,-4.766837311E0,4.398153992E0,1.278395762E1
1.605390379E1,1.060514648E1,-4.137994995E0,4.351301422E0,1.218712265E1
1.606384279E1,1.036624329E1,-3.760480042E0,4.332590332E0,1.184784997E1
1.607378179E1,1.017179764E1,-3.793112183E0,4.021387482E0,1.157690479E1
1.608372079E1,1.046174469E1,-4.118535461E0,3.616030426E0,1.181042389E1
1.609365979E1,1.073552536E1,-4.233496399E0,2.881956940E0,1.189452279E1
1.610359879E1,1.119297409E1,-4.130360870E0,2.047592010E0,1.210517174E1
1.611353779E1,1.129865433E1,-3.593577118E0,1.321601715E0,1.192979535E1
1.612347679E1,1.118384308E1,-3.125201111E0,6.433621216E-1,1.163009642E1
1.613341579E1,1.107172623E1,-3.098706207E0,2.203417969E-1,1.149928921E1
1.614335479E1,1.078851517E1,-2.560275879E0,-2.998265076E-1,1.109220303E1
1.615329379E1,9.935139771E0,-1.784439240E0,-5.291496277E-1,1.010797828E1
1.616323279E1,9.484427032E0,-1.296004944E0,-6.544390869E-1,9.594908831E0
1.617317179E1,8.902586975E0,-9.954299927E-1,-2.266287231E-1,8.960931665E0
1.618311079E1,8.348888397E0,-1.173110504E0,4.049079895E-1,8.440620605E0
1.619304979E1,7.664212189E0,-1.265468445E0,6.310876465E-1,7.793576231E0
1.620298879E1,6.993906097E0,-1.287772064E0,6.506968689E-1,7.141182381E0
1.621292779E1,6.493047638E0,-1.571581879E0,5.894741821E-1,6.706490665E0
1.622286679E1,6.244564362E0,-1.864223328E0,9.238787842E-1,6.582056266E0
1.623280579E1,6.209088135E0,-1.982926483E0,1.472487946E0,6.682289552E0
1.624274479E1,6.053112488E0,-1.991159363E0,1.572480011E0,6.563351262E0
1.625268379E1,6.020480347E0,-1.929786987E0,1.151106262E0,6.426142470E0
1.626262279E1,5.792654114E0,-1.824705505E0,8.857081604E-1,6.137497113E0
1.627256179E1,5.968238983E0,-1.694626007E0,3.647914124E-1,6.214877846E0
1.628250079E1,6.366111603E0,-1.545835419E0,3.631448364E-1,6.561162874E0
1.629243979E1,6.503376160E0,-1.886227570E0,7.994874573E-1,6.818426220E0
1.630237879E1,7.170987854E0,-2.321672058E0,1.153351593E0,7.625185102E0
1.631231779E1,7.241341553E0,-2.674188995E0,2.083966370E0,7.995700726E0
1.632225579E1,7.397766266E0,-2.755170593E0,2.161505127E0,8.184742827E0
1.633219579E1,7.885003052E0,-2.653531952E0,2.452799377E0,8.673564996E0
1.634213379E1,7.800428925E0,-2.241588593E0,2.727777557E0,8.562253280E0
1.635207279E1,8.275391235E0,-2.271226959E0,2.131417694E0,8.842144162E0
1.636201179E1,8.894354095E0,-2.023492126E0,1.950444031E0,9.327823277E0
1.637195079E1,9.209448853E0,-1.911974030E0,2.285148010E0,9.679436672E0
1.638188979E1,9.200168152E0,-1.758393402E0,1.827699280E0,9.543349833E0
1.639182879E1,9.490564270E0,-1.381776581E0,1.686692505E0,9.737815376E0
1.640176779E1,1.004995102E1,-1.391356659E0,2.304158478E0,1.040415951E1
1.641170679E1,1.034438873E1,-1.698817291E0,3.043321381E0,1.091577590E1
1.642164579E1,1.087398743E1,-1.865121460E0,3.095113678E0,1.145870888E1
1.643158479E1,1.128967300E1,-2.160157928E0,3.400179291E0,1.198683520E1
1.644152379E1,1.179861465E1,-2.641856232E0,3.975882111E0,1.272770013E1
1.645146279E1,1.198512680E1,-3.400927734E0,4.212390289E0,1.315119028E1
1.646140179E1,1.214768875E1,-3.597918091E0,4.136947174E0,1.332762877E1
1.647134079E1,1.263402740E1,-3.371439056E0,3.763623505E0,1.360698760E1
1.648127979E1,1.292801605E1,-2.937491455E0,3.418591003E0,1.369120957E1
1.649121879E1,1.300106415E1,-2.491119690E0,3.119213562E0,1.360010439E1
1.650115779E1,1.317470306E1,-2.422412567E0,2.965782623E0,1.371993987E1
1.651109679E1,1.339729019E1,-2.885100403E0,3.477867737E0,1.413883845E1
1.652103579E1,1.318518127E1,-3.734883270E0,3.758683777E0,1.421006904E1
1.653097479E1,1.326227097E1,-4.701872406E0,3.801943817E0,1.457567193E1
1.654091379E1,1.330627945E1,-5.320535889E0,4.051774292E0,1.489234870E1
1.655085279E1,1.317485275E1,-5.391188965E0,3.716172180E0,1.471229415E1
1.656079179E1,1.333666626E1,-5.412444763E0,3.658841400E0,1.485087020E1
1.657073079E1,1.325209213E1,-5.244494019E0,3.917503510E0,1.478071369E1
1.658066979E1,1.246383133E1,-4.594695282E0,3.988006897E0,1.386948143E1
1.659060879E1,1.151824768E1,-3.695365448E0,3.821403351E0,1.268577467E1
1.660054779E1,1.084913910E1,-3.015628967E0,3.809428253E0,1.188737065E1
1.661048679E1,1.010009674E1,-3.072360992E0,3.654799805E0,1.117179117E1
1.662042579E1,9.874366150E0,-3.259621582E0,3.104993134E0,1.085215288E1
1.663036479E1,1.000743942E1,-3.876039734E0,2.949167175E0,1.112969518E1
1.664030279E1,1.030651749E1,-5.391638031E0,3.466641083E0,1.213720164E1
1.665024179E1,1.051623138E1,-6.846911774E0,4.875810699E0,1.346272087E1
1.666018079E1,1.067520081E1,-7.176975403E0,5.788313141E0,1.410579516E1
1.667011979E1,1.057371185E1,-6.793772278E0,5.480253754E0,1.371101401E1
1.668005879E1,1.039513321E1,-6.119574280E0,4.784051514E0,1.297671502E1
1.668999779E1,1.038390656E1,-5.295238495E0,3.736230469E0,1.224028121E1
1.669993679E1,1.042836411E1,-4.814887390E0,3.327280884E0,1.195845795E1
1.670987579E1,1.026415558E1,-4.568948822E0,3.335813141E0,1.171989046E1
1.671981479E1,9.812395020E0,-4.168531494E0,3.260220337E0,1.114848813E1
1.672975379E1,9.191037140E0,-3.864962769E0,3.099155273E0,1.044116202E1
1.673969279E1,8.693022766E0,-3.867208099E0,3.184028778E0,1.003304453E1
1.674963179E1,8.140222321E0,-3.855382690E0,3.619323578E0,9.707043746E0
1.675957079E1,7.440577240E0,-3.687132568E0,3.704496460E0,9.092877997E0
1.676950979E1,6.873556366E0,-3.559448090E0,3.269501038E0,8.402683194E0
1.677944879E1,6.448141022E0,-3.632196808E0,2.751727753E0,7.895782540E0
1.678938779E1,6.080954590E0,-3.634891205E0,2.286644897E0,7.444406469E0
1.679932679E1,5.838758240E0,-3.451223145E0,1.636397095E0,6.977093552E0
1.680926579E1,5.688770142E0,-3.368295593E0,1.080153809E0,6.698824761E0
1.681920479E1,5.540428619E0,-3.602109375E0,9.909393311E-1,6.682327588E0
1.682914379E1,5.414241028E0,-3.799399109E0,1.316661987E0,6.744111378E0
1.683908279E1,5.342839508E0,-4.001478882E0,1.668280792E0,6.880474406E0
1.684902179E1,5.332810364E0,-4.220473480E0,2.245031433E0,7.161803468E0
1.685896079E1,5.070256348E0,-4.414320374E0,2.753224640E0,7.264569479E0
1.686889979E1,4.892426147E0,-4.471202087E0,2.792592773E0,7.192082877E0
1.687883879E1,4.805756378E0,-4.688400421E0,2.674039307E0,7.226816664E0
1.688877779E1,4.673880615E0,-4.925956421E0,2.483635254E0,7.230397689E0
1.689871679E1,4.674778748E0,-4.900659027E0,2.058968353E0,7.078796926E0
1.690865579E1,4.734354858E0,-5.105732574E0,1.806293793E0,7.193421878E0
1.691859479E1,5.013374634E0,-5.357209625E0,2.040257263E0,7.615528208E0
1.692853379E1,5.208568726E0,-5.316045227E0,2.490520935E0,7.848071072E0
1.693847179E1,5.175337830E0,-5.229225769E0,2.490071869E0,7.767199090E0
1.694841079E1,5.323379974E0,-5.406906281E0,2.620151367E0,8.027340971E0
1.695834992E1,5.377417603E0,-5.632187805E0,2.642005920E0,8.223038053E0
1.696828892E1,5.431455231E0,-5.870941315E0,2.491269379E0,8.377056820E0
1.697822792E1,5.849685516E0,-6.022426300E0,2.389181671E0,8.729068005E0
1.698816692E1,6.237678680E0,-6.214476929E0,2.349813538E0,9.113176311E0
1.699810592E1,6.491999817E0,-6.551725616E0,2.240091705E0,9.491532069E0
1.700804492E1,6.971901855E0,-7.245682526E0,2.547552338E0,1.037291442E1
1.701798392E1,6.848708038E0,-7.314689026E0,2.974913635E0,1.045273115E1
1.702792292E1,7.204817505E0,-7.267986145E0,3.046764221E0,1.067781767E1
1.703786192E1,7.163503418E0,-7.360344086E0,3.502865753E0,1.085175169E1
1.704780092E1,6.766229553E0,-7.278314667E0,3.720962219E0,1.061137534E1
1.705773992E1,6.732549591E0,-7.096742249E0,3.138822784E0,1.027342119E1
1.706767892E1,6.834487610E0,-6.897356873E0,2.641856232E0,1.006295966E1
1.707761792E1,7.377258911E0,-7.260352020E0,2.314786377E0,1.060636113E1
1.708755692E1,8.118667145E0,-7.905809784E0,1.966460724E0,1.150137176E1
1.709749592E1,8.906329193E0,-8.802894287E0,2.012415161E0,1.268319606E1
1.710743492E1,9.532626801E0,-9.125473480E0,2.287393341E0,1.339318514E1
1.711737392E1,1.039393570E1,-9.130862274E0,3.251089325E0,1.421183053E1
1.712731292E1,1.057101746E1,-8.808881836E0,4.479584656E0,1.447098780E1
1.713725192E1,1.034244278E1,-7.506140900E0,5.236261139E0,1.381038394E1
1.714719092E1,1.028122009E1,-6.120173035E0,5.522615662E0,1.317798499E1
1.715712992E1,9.881850586E0,-4.708159332E0,5.143005066E0,1.209414058E1
1.716706892E1,9.996063080E0,-4.031117249E0,4.418361969E0,1.164873838E1
1.717700792E1,9.891580353E0,-4.165088654E0,3.809428253E0,1.138872552E1
1.718694692E1,1.030591873E1,-4.554728394E0,3.360212402E0,1.175791389E1
1.719688592E1,1.067295547E1,-5.162913666E0,3.482508087E0,1.235700282E1
1.720682492E1,1.096484848E1,-5.408253479E0,3.218307495E0,1.264257138E1
1.721676392E1,1.148112488E1,-5.476960602E0,3.314856720E0,1.314540227E1
1.722670292E1,1.156405243E1,-5.194497986E0,3.515738983E0,1.315562764E1
1.723664092E1,1.144400208E1,-4.615052948E0,3.222049713E0,1.275325455E1
1.724657992E1,1.101200043E1,-4.025279388E0,2.501747589E0,1.198856824E1
1.725651892E1,1.041444305E1,-3.813769226E0,2.046993256E0,1.127810451E1
1.726645792E1,9.389823761E0,-3.780388641E0,2.004331970E0,1.031879233E1
1.727639692E1,8.206085358E0,-3.931723938E0,2.158661041E0,9.351903951E0
1.728633592E1,6.983876953E0,-3.780538330E0,1.959425354E0,8.179630498E0
1.729627492E1,6.070326691E0,-3.474125519E0,1.375489655E0,7.128140434E0
1.730621392E1,5.459896088E0,-3.679947510E0,1.356778564E0,6.722598235E0
1.731615292E1,4.604874115E0,-3.823948059E0,1.617536316E0,6.200311936E0
1.732609192E1,4.229454803E0,-3.581602020E0,1.626817017E0,5.776044890E0
1.733603092E1,4.026476898E0,-3.076252899E0,1.279389496E0,5.226153996E0
1.734596992E1,4.126918030E0,-2.806064758E0,5.445675659E-1,5.020159926E0
1.735590892E1,4.217330017E0,-2.656226349E0,3.408412170E-1,4.995756562E0
1.736584792E1,4.422104187E0,-2.577789459E0,4.141886902E-1,5.135324353E0
1.737578692E1,4.738546143E0,-2.683020630E0,6.789880371E-1,5.487571776E0
1.738572592E1,5.063520355E0,-2.764451294E0,1.368154907E0,5.929019919E0
1.739566492E1,5.344037018E0,-2.779420166E0,1.824705505E0,6.293922329E0
1.740560392E1,5.704337769E0,-2.911295929E0,2.008523254E0,6.711875969E0
1.741554292E1,6.264323273E0,-3.254681854E0,2.587219849E0,7.518537529E0
1.742548192E1,6.665638733E0,-3.316652985E0,3.053949280E0,8.047206530E0
1.743542092E1,7.191195831E0,-3.331322479E0,3.245251465E0,8.564033163E0
1.744535992E1,7.693551178E0,-3.385958862E0,3.215313721E0,8.999649408E0
1.745529892E1,8.125403137E0,-3.345692596E0,3.257076874E0,9.371466526E0
1.746523792E1,8.660989380E0,-3.208727417E0,3.330424347E0,9.818370283E0
1.747517692E1,9.031319275E0,-3.013982391E0,3.339405670E0,1.008962080E1
1.748511592E1,9.358538818E0,-2.825673981E0,3.311563568E0,1.032148902E1
1.749505492E1,9.635612640E0,-2.767894135E0,3.579955444E0,1.064529708E1
1.750499392E1,1.005519012E1,-2.530787201E0,3.782933350E0,1.103731476E1
1.751493292E1,1.036265076E1,-2.628833313E0,4.042044525E0,1.142949777E1
1.752487092E1,1.060065582E1,-2.712060242E0,4.031716003E0,1.166121385E1
1.753480992E1,1.084210373E1,-2.983445892E0,3.795806580E0,1.186845863E1
1.754474892E1,1.109612549E1,-3.199746094E0,3.311563568E0,1.201369340E1
1.755468792E1,1.144894180E1,-3.627406769E0,3.058889008E0,1.239327036E1
1.756462692E1,1.178903458E1,-4.159101105E0,3.229384460E0,1.291156002E1
1.757456592E1,1.201117264E1,-4.425696716E0,3.423530731E0,1.325049517E1
1.758450492E1,1.218406311E1,-4.530927887E0,3.875590668E0,1.356469330E1
1.759444392E1,1.217418365E1,-4.307143250E0,4.561464386E0,1.369559009E1
1.760438292E1,1.215232910E1,-3.802392883E0,4.858147430E0,1.362860560E1
1.761432192E1,1.211221252E1,-3.337310028E0,4.526137848E0,1.335399769E1
1.762426092E1,1.228076202E1,-3.225342865E0,3.936513977E0,1.329346060E1
1.763419992E1,1.256322464E1,-3.728296967E0,3.500770111E0,1.356429884E1
1.764413892E1,1.293969177E1,-4.704716492E0,3.499273224E0,1.420615689E1
1.765407792E1,1.320254517E1,-5.578449554E0,3.727099457E0,1.480937435E1
1.766401692E1,1.324430832E1,-6.135291595E0,4.251758423E0,1.520299166E1
1.767395592E1,1.314491501E1,-5.788313141E0,4.453987885E0,1.503766497E1
1.768389492E1,1.280078064E1,-4.892426147E0,4.436773682E0,1.440419312E1
1.769383392E1,1.227372665E1,-4.262685699E0,4.532424774E0,1.376073144E1
1.770377292E1,1.162347885E1,-3.894750824E0,4.786296844E0,1.315990053E1
1.771371192E1,1.081201630E1,-3.732338562E0,4.760251007E0,1.238910962E1
1.772365092E1,1.032597702E1,-3.811224518E0,4.434228973E0,1.186649149E1
1.773358992E1,9.892777863E0,-4.193529510E0,4.051325226E0,1.148329133E1
1.774352892E1,9.804311829E0,-4.929249573E0,3.834875336E0,1.162446991E1
1.775346792E1,9.820029144E0,-5.847290497E0,3.949686584E0,1.209230345E1
1.776340692E1,9.933193817E0,-6.603517914E0,4.085005188E0,1.260801553E1
1.777334592E1,1.010997620E1,-7.121141510E0,4.363575897E0,1.311346902E1
1.778328492E1,1.042132874E1,-6.859335938E0,4.288132782E0,1.319252307E1
1.779322392E1,1.077279785E1,-6.462211761E0,4.055217133E0,1.320068712E1
1.780316292E1,1.089614136E1,-6.212980042E0,4.201163635E0,1.322787940E1
1.781310192E1,1.071606583E1,-5.445675659E0,4.095483398E0,1.269891470E1
1.782303992E1,1.069211563E1,-4.734504547E0,3.994593201E0,1.235692700E1
1.783297892E1,1.040546173E1,-4.323758698E0,4.171824646E0,1.201551680E1
1.784291792E1,9.946965179E0,-4.132157135E0,4.392465820E0,1.163230823E1
1.785285692E1,9.303153992E0,-4.021986237E0,4.520299988E0,1.109766459E1
1.786279592E1,8.671018524E0,-3.766766968E0,4.393064575E0,1.042468762E1
1.787273492E1,8.160430298E0,-3.640579376E0,4.150419159E0,9.852533686E0
1.788267392E1,7.488777008E0,-3.764072571E0,4.023782501E0,9.297357098E0
1.789261292E1,6.811285858E0,-3.870650940E0,3.670666809E0,8.651551801E0
1.790255192E1,6.392307129E0,-3.886068878E0,3.237617340E0,8.151397904E0
1.791249092E1,6.008804626E0,-3.862118683E0,2.703378296E0,7.637404531E0
1.792242992E1,5.802982635E0,-3.870351563E0,2.009421387E0,7.258925747E0
1.793236892E1,5.513784027E0,-4.103416901E0,1.689835968E0,7.077809701E0
1.794230792E1,5.148693237E0,-4.352049866E0,1.519639893E0,6.910765912E0
1.795224692E1,4.985981598E0,-4.587659912E0,1.530417480E0,6.946136597E0
1.796218637E1,4.822521515E0,-4.910089417E0,1.885778503E0,7.135954905E0
1.797212538E1,4.439318390E0,-5.115162964E0,2.182012482E0,7.115730348E0
1.798206437E1,4.279450836E0,-5.129682770E0,2.109413452E0,7.005495692E0
1.799200337E1,4.287084961E0,-5.321134644E0,2.352957001E0,7.227031064E0
1.800194238E1,4.133953400E0,-5.451064453E0,2.561623077E0,7.305175369E0
1.801188137E1,4.170178070E0,-5.476810913E0,2.600841522E0,7.358683275E0
1.802182037E1,4.131408691E0,-5.546266479E0,2.581980743E0,7.382156473E0
1.803175938E1,4.166136475E0,-5.642516327E0,2.616409149E0,7.486005641E0
1.804169837E1,4.461172943E0,-5.755381622E0,2.842139740E0,7.816920106E0
1.805163737E1,4.911436615E0,-5.988147583E0,3.346441040E0,8.436752262E0
1.806157637E1,4.979395294E0,-6.077661438E0,3.736380157E0,8.700165673E0
1.807151537E1,5.130131836E0,-6.256389771E0,3.568579102E0,8.842817561E0
1.808145438E1,5.308261414E0,-6.685846710E0,3.782933350E0,9.337492715E0
1.809139337E1,5.209616547E0,-6.936575317E0,3.960164795E0,9.536198766E0
1.810133237E1,5.294190674E0,-7.278913422E0,3.689976654E0,9.727639138E0
1.811127138E1,5.613476715E0,-7.710765381E0,3.503614197E0,1.016082359E1
1.812120938E1,5.771398315E0,-8.029752045E0,3.459905090E0,1.047649272E1
1.813114837E1,5.929469604E0,-8.288114777E0,3.505111084E0,1.077669987E1
1.814108737E1,6.016289062E0,-8.239465942E0,3.518732758E0,1.079194205E1
1.815102637E1,5.862708435E0,-7.965385895E0,3.343746643E0,1.044027606E1
1.816096537E1,5.833219757E0,-7.817343750E0,3.174598389E0,1.025745538E1
1.817090438E1,6.068680115E0,-7.809859314E0,3.323239288E0,1.043392065E1
1.818084337E1,6.248755646E0,-7.801776123E0,3.421435089E0,1.056507813E1
1.819078237E1,6.873855743E0,-8.154442749E0,3.369642792E0,1.118478081E1
1.820072138E1,7.498806152E0,-8.602012024E0,3.277434540E0,1.187300643E1
1.821066037E1,8.163124695E0,-9.123377838E0,3.336411896E0,1.268874589E1
1.822059937E1,8.743467865E0,-9.512867889E0,3.727398834E0,1.344754207E1
1.823053838E1,9.105415192E0,-9.476493530E0,4.257296906E0,1.381437991E1
1.824047737E1,9.108408966E0,-8.977431335E0,4.826114044E0,1.366926348E1
1.825041637E1,8.770860901E0,-7.978857880E0,5.268144836E0,1.297472636E1
1.826035537E1,8.565338287E0,-6.809788971E0,5.450316010E0,1.222473682E1
1.827029437E1,8.243058472E0,-5.822891235E0,5.271737366E0,1.138618857E1
1.828023338E1,8.212671661E0,-5.165158997E0,4.835245056E0,1.084003865E1
1.829017237E1,8.424930267E0,-4.968468018E0,4.371659088E0,1.071338078E1
1.830011137E1,8.750652924E0,-5.188660126E0,4.037254486E0,1.094511509E1
1.831005038E1,9.271419983E0,-5.589975586E0,3.614234161E0,1.141357718E1
1.831998937E1,1.003573059E1,-6.004014587E0,3.272045746E0,1.214373761E1
1.832992837E1,1.063224014E1,-6.205345917E0,2.983894958E0,1.266706270E1
1.833986738E1,1.083476898E1,-6.145769806E0,2.638114014E0,1.273272755E1
1.834980637E1,1.101005447E1,-5.940247192E0,2.411335602E0,1.274057988E1
1.835974537E1,1.094119766E1,-5.445825348E0,2.378254395E0,1.245081981E1
1.836968438E1,1.043704605E1,-4.803660736E0,2.321971436E0,1.172171652E1
1.837962337E1,9.781708832E0,-4.245621185E0,2.359992371E0,1.092138686E1
1.838956237E1,8.989556122E0,-3.816463623E0,2.433190155E0,1.006468719E1
1.839950038E1,8.089926910E0,-3.530258789E0,2.443368988E0,9.158585947E0
1.840944037E1,7.228468323E0,-3.365900574E0,2.270029449E0,8.290541277E0
1.841937837E1,6.712341614E0,-3.329376526E0,2.219883728E0,7.814612067E0
1.842931738E1,6.076463928E0,-3.217708740E0,1.859283600E0,7.122780280E0
1.843925637E1,5.685027924E0,-3.131637726E0,1.365909576E0,6.632677160E0
1.844919537E1,5.442232819E0,-3.238216095E0,9.192384338E-1,6.399135944E0
1.845913438E1,5.270689545E0,-3.203638000E0,6.300398254E-1,6.200033459E0
1.846907337E1,5.440885620E0,-3.073408813E0,4.977149963E-1,6.268715840E0
1.847901237E1,5.616171112E0,-3.019520874E0,5.803431702E-1,6.402787086E0
1.848895137E1,5.851182404E0,-3.022215271E0,6.053411865E-1,6.613362126E0
1.849889037E1,6.226152649E0,-2.999163208E0,6.168672180E-1,6.938334232E0
1.850882938E1,6.520590363E0,-3.040177917E0,7.839198303E-1,7.237078882E0
1.851876837E1,6.828500061E0,-3.219654694E0,1.075663147E0,7.625722303E0
1.852870737E1,7.216044159E0,-3.422333221E0,1.500479736E0,8.126198215E0
1.853864638E1,7.544910278E0,-3.628304901E0,2.021396484E0,8.612567057E0
1.854858537E1,7.848479004E0,-3.849245453E0,2.480940857E0,9.086824570E0
1.855852437E1,8.132438507E0,-4.037853241E0,2.852917328E0,9.517350059E0
1.856846338E1,8.312214661E0,-4.042194214E0,3.174448700E0,9.772889602E0
1.857840237E1,8.431217194E0,-3.962410126E0,3.438798981E0,9.930330095E0
1.858834137E1,8.582851868E0,-3.870201874E0,3.605252838E0,1.008174870E1
1.859828038E1,8.729397125E0,-3.669469299E0,3.552412720E0,1.011370433E1
1.860821937E1,8.989406433E0,-3.459755402E0,3.405119019E0,1.021636780E1
1.861815838E1,9.174870758E0,-3.346291351E0,3.140319672E0,1.025853434E1
1.862809737E1,9.400900726E0,-3.252286835E0,2.856060791E0,1.034946314E1
1.863803637E1,9.709708557E0,-3.174598389E0,2.627037048E0,1.054788315E1
1.864797538E1,1.009410919E1,-3.247496796E0,2.420915680E0,1.087649339E1
1.865791437E1,1.054766602E1,-3.464096375E0,2.313289490E0,1.134039375E1
1.866785337E1,1.100721039E1,-3.691772919E0,2.292482758E0,1.183399109E1
1.867779238E1,1.141032211E1,-3.923491058E0,2.326611786E0,1.228830156E1
1.868773137E1,1.183184555E1,-4.205803986E0,2.353855133E0,1.277583619E1
1.869767037E1,1.222612564E1,-4.449048157E0,2.536625061E0,1.325543829E1
1.870760837E1,1.248897903E1,-4.443958740E0,2.985092468E0,1.358801471E1
1.871754737E1,1.259840149E1,-4.213587799E0,3.354823608E0,1.370141904E1
1.872748637E1,1.270273453E1,-3.864962769E0,3.710783386E0,1.378649031E1
1.873742538E1,1.285676422E1,-3.482807465E0,3.916605377E0,1.388402434E1
1.874736437E1,1.322724380E1,-3.583697662E0,3.901486816E0,1.424866545E1
1.875730337E1,1.375414810E1,-4.361929321E0,3.880680084E0,1.494197762E1
1.876724238E1,1.416279831E1,-5.443430328E0,3.824995880E0,1.564756796E1
1.877718137E1,1.445993042E1,-6.283932495E0,3.908671875E0,1.624361755E1
1.878712037E1,1.453208038E1,-6.527476044E0,3.826941833E0,1.638397960E1
1.879705938E1,1.408091858E1,-6.260131989E0,3.660487976E0,1.583858241E1
1.880699837E1,1.337827972E1,-5.622158661E0,3.530109100E0,1.493481525E1
1.881693737E1,1.244571899E1,-4.732558594E0,3.501668243E0,1.376788701E1
1.882687637E1,1.162692169E1,-3.945195923E0,3.621119843E0,1.280087449E1
1.883681537E1,1.097517700E1,-3.700305176E0,3.553310852E0,1.211498191E1
1.884675438E1,1.056847275E1,-3.884122925E0,3.444187775E0,1.177461067E1
1.885669337E1,1.038779846E1,-4.386178894E0,3.415896606E0,1.178190442E1
1.886663237E1,1.042102936E1,-5.045108643E0,3.251538391E0,1.202595011E1
1.887657138E1,1.054736664E1,-5.698200531E0,3.037034454E0,1.236689171E1
1.888651037E1,1.063882645E1,-6.315067749E0,2.963237915E0,1.272185080E1
1.889644937E1,1.068897217E1,-6.756649475E0,2.947819977E0,1.298445535E1
1.890638838E1,1.067385361E1,-6.972650299E0,3.033890991E0,1.310547586E1
1.891632737E1,1.054542068E1,-6.938371582E0,3.223696289E0,1.302839650E1
1.892626637E1,1.039797729E1,-6.702611847E0,3.507955170E0,1.285879803E1
1.893620538E1,1.008707382E1,-6.372248840E0,3.743415527E0,1.250471005E1
1.894614437E1,9.754615173E0,-5.974825287E0,4.017196198E0,1.212389870E1
1.895608329E1,9.391470337E0,-5.634133759E0,4.306843872E0,1.176826591E1
1.896602229E1,8.788075104E0,-5.233866119E0,4.509223022E0,1.117840377E1
1.897596129E1,8.193361816E0,-4.830754395E0,4.540807343E0,1.053974844E1
1.898590029E1,7.597451019E0,-4.472998352E0,4.511767731E0,9.903788381E0
1.899583929E1,7.077881470E0,-4.198918304E0,4.329297180E0,9.298931933E0
1.900577829E1,6.569538574E0,-4.043691101E0,3.854634247E0,8.623716135E0
1.901571629E1,6.188730469E0,-4.020489349E0,3.300935669E0,8.084608569E0
1.902565529E1,5.870941315E0,-4.037254486E0,2.806064758E0,7.657765675E0
1.903559429E1,5.633535004E0,-4.105213165E0,2.317780151E0,7.345855743E0
1.904553329E1,5.485642548E0,-4.189038849E0,1.947599945E0,7.171712918E0
1.905547229E1,5.352269897E0,-4.233496399E0,1.668729858E0,7.025236235E0
1.906541129E1,5.218298492E0,-4.303550720E0,1.455573120E0,6.918806332E0
1.907535029E1,5.175038452E0,-4.403542786E0,1.318009186E0,6.921658780E0
1.908528929E1,5.136718140E0,-4.576882324E0,1.249002686E0,6.992405363E0
1.909522829E1,5.173541565E0,-4.802463226E0,1.307830353E0,7.179108970E0
1.910516729E1,5.187612305E0,-5.008434906E0,1.651815033E0,7.397583020E0
1.911510629E1,5.194947052E0,-5.124892731E0,1.914818115E0,7.544436943E0
1.912504529E1,5.191504211E0,-5.286257172E0,2.138902130E0,7.711752926E0
1.913498429E1,5.157075806E0,-5.422024841E0,2.347268829E0,7.842413863E0
1.914492329E1,5.191055145E0,-5.503754883E0,2.475102997E0,7.960182547E0
1.915486229E1,5.146298218E0,-5.541027374E0,2.580932922E0,7.990530925E0
1.916480129E1,5.137466583E0,-5.533542938E0,2.666554871E0,8.007757190E0
1.917474029E1,5.069657593E0,-5.542673950E0,2.691103821E0,7.979016381E0
1.918467929E1,5.022355957E0,-5.623505859E0,2.635569305E0,7.987121075E0
1.919461829E1,5.050497437E0,-5.808521118E0,2.536175995E0,8.104235350E0
1.920455729E1,5.159919891E0,-6.079607391E0,2.451452179E0,8.342422736E0
1.921449629E1,5.312153320E0,-6.370452576E0,2.324965210E0,8.614354424E0
1.922443529E1,5.497617645E0,-6.626869354E0,2.222727814E0,8.892677670E0
1.923437429E1,5.752836914E0,-6.950496368E0,2.140548706E0,9.272889576E0
1.924431329E1,6.113886108E0,-7.200027466E0,2.284848633E0,9.718051869E0
1.925425229E1,6.388564911E0,-7.378755798E0,2.556234283E0,1.008930783E1
1.926419129E1,6.437812500E0,-7.486082611E0,2.822081451E0,1.026893404E1
1.927413029E1,6.442003784E0,-7.475604401E0,3.009641418E0,1.031707397E1
1.928406929E1,6.589447174E0,-7.382498016E0,3.183879089E0,1.039515161E1
1.929400829E1,6.834188232E0,-7.346423035E0,3.048859863E0,1.048673480E1
1.930394729E1,7.357050934E0,-7.520810394E0,2.824626160E0,1.089345218E1
1.931388629E1,8.024812317E0,-8.044571228E0,2.499951324E0,1.163453891E1
1.932382429E1,8.915310516E0,-8.947194214E0,2.321222992E0,1.284223976E1
1.933376329E1,9.571845245E0,-9.826166382E0,2.429597626E0,1.393114180E1
1.934370229E1,9.849368134E0,-1.032043854E1,2.798730011E0,1.453803267E1
1.935364129E1,9.795929260E0,-1.019934036E1,3.297642517E0,1.452106126E1
1.936358029E1,9.543554077E0,-9.095835114E0,3.917802887E0,1.375364753E1
1.937351929E1,9.304201813E0,-7.504793701E0,4.272565155E0,1.269428662E1
1.938345829E1,9.056317291E0,-6.168522491E0,4.352498932E0,1.179032652E1
1.939339729E1,8.982071686E0,-5.220843201E0,4.189338226E0,1.120202528E1
1.940333629E1,9.217382355E0,-4.761448517E0,3.767964478E0,1.103762138E1
1.941327529E1,9.627529449E0,-4.830904083E0,3.153043213E0,1.122357515E1
1.942321429E1,9.949659576E0,-5.163213043E0,2.604583740E0,1.150818626E1
1.943315329E1,1.039483383E1,-5.557193756E0,2.241139526E0,1.199823650E1
1.944309229E1,1.104747665E1,-5.794151001E0,1.901046753E0,1.261875212E1
1.945303129E1,1.151016449E1,-5.726192322E0,1.594035187E0,1.295430868E1
1.946297029E1,1.187750061E1,-5.469326477E0,1.397493896E0,1.315072401E1
1.947290929E1,1.183528839E1,-4.975503387E0,1.183738403E0,1.289305712E1
1.948284829E1,1.115255814E1,-4.259841614E0,1.145867157E0,1.199328208E1
1.949278729E1,1.026939468E1,-3.607797546E0,1.284927979E0,1.096027875E1
1.950272629E1,9.392967224E0,-3.152743835E0,1.512903900E0,1.002279927E1
1.951266529E1,8.574618988E0,-2.799478455E0,1.756597137E0,9.189494214E0
1.952260429E1,7.755971375E0,-2.557282104E0,1.981130219E0,8.403550480E0
1.953254329E1,7.093149719E0,-2.389181671E0,2.142195282E0,7.785240049E0
1.954248229E1,6.626120911E0,-2.270029449E0,2.201921082E0,7.342136506E0
1.955242129E1,6.280489655E0,-2.196232910E0,2.146236877E0,6.991017239E0
1.956236029E1,5.911357269E0,-2.207758942E0,1.774709473E0,6.554993366E0
1.957229929E1,5.550906830E0,-2.342478790E0,1.196162567E0,6.142522153E0
1.958223829E1,5.338797913E0,-2.527494049E0,7.442523193E-1,5.953562029E0
1.959217729E1,5.302124176E0,-2.651286621E0,4.526586914E-1,5.945312558E0
1.960211629E1,5.395529938E0,-2.735261993E0,2.582130432E-1,6.054756433E0
1.961205529E1,5.547164612E0,-2.848426666E0,2.897973633E-1,6.242479653E0
1.962199429E1,5.715863800E0,-3.028651886E0,2.999761963E-1,6.475632552E0
1.963193229E1,5.997428284E0,-3.318000183E0,3.921844482E-1,6.865280757E0
1.964187129E1,6.392307129E0,-3.673810272E0,7.247927856E-1,7.408359935E0
1.965181029E1,6.795269165E0,-4.048481140E0,1.283281403E0,8.013282332E0
1.966174929E1,7.279811554E0,-4.352349243E0,1.896705780E0,8.691150270E0
1.967168829E1,7.868986359E0,-4.450844421E0,2.626587982E0,9.414346860E0
1.968162729E1,8.429869995E0,-4.411775665E0,3.266956329E0,1.005979504E1
1.969156629E1,8.999734955E0,-4.271367645E0,3.603755951E0,1.059371832E1
1.970150529E1,9.543105011E0,-4.033063202E0,3.676804047E0,1.099342258E1
1.971144429E1,1.007195526E1,-3.713178406E0,3.706741791E0,1.135658009E1
1.972138329E1,1.047716263E1,-3.367996216E0,3.660637665E0,1.159804308E1
1.973132229E1,1.080393311E1,-3.030448151E0,3.407514038E0,1.172688102E1
1.974126129E1,1.111124405E1,-2.647394714E0,3.179238739E0,1.185647511E1
1.975120029E1,1.141735748E1,-2.357447662E0,2.975512390E0,1.203192775E1
1.976113929E1,1.165970352E1,-2.242786102E0,2.729424133E0,1.218312488E1
1.977107829E1,1.185070633E1,-2.301464081E0,2.517913971E0,1.233190448E1
1.978101729E1,1.206805435E1,-2.500250702E0,2.327060852E0,1.254210515E1
1.979095629E1,1.223196350E1,-2.776276703E0,2.110461273E0,1.271938246E1
1.980089529E1,1.232791397E1,-3.090772705E0,2.043400726E0,1.287267747E1
1.981083429E1,1.244826370E1,-3.317850494E0,2.217339020E0,1.307226046E1
1.982077329E1,1.245574814E1,-3.396437073E0,2.493814087E0,1.314916557E1
1.983071229E1,1.251547394E1,-3.481160889E0,2.728376312E0,1.327401998E1
1.984065129E1,1.266456390E1,-3.748205566E0,2.855611725E0,1.351276220E1
1.985059029E1,1.289164169E1,-4.320315857E0,2.952909393E0,1.391327526E1
1.986052929E1,1.328592178E1,-5.152734833E0,3.135829010E0,1.459108692E1
1.987046829E1,1.378767838E1,-6.045927429E0,3.375330963E0,1.542874501E1
1.988040729E1,1.417507278E1,-6.580016785E0,3.705693970E0,1.606117919E1
1.989034629E1,1.417582123E1,-6.578519897E0,4.068689117E0,1.614884091E1
1.990028529E1,1.393751678E1,-6.072122955E0,4.215384064E0,1.577639104E1
1.991022429E1,1.343546082E1,-5.059927826E0,4.112098846E0,1.493398252E1
1.992016329E1,1.274240204E1,-4.054319000E0,3.806434479E0,1.390306641E1
1.993010229E1,1.220771393E1,-3.532055054E0,3.548670502E0,1.319457292E1
1.994004129E1,1.195459030E1,-3.556753693E0,3.272494812E0,1.289464805E1
1.994998029E1,1.173619446E1,-4.019441528E0,3.054697723E0,1.277596762E1
1.995991867E1,1.159428955E1,-4.815486145E0,2.936593323E0,1.289341062E1
1.996985767E1,1.160072617E1,-5.681734772E0,2.860701141E0,1.323036540E1
1.997979667E1,1.147992737E1,-6.330036621E0,2.943479004E0,1.343585370E1
1.998973467E1,1.132919083E1,-6.859036560E0,2.986140289E0,1.357622853E1
1.999967367E1,1.108564728E1,-6.975494385E0,3.132984924E0,1.346717090E1
2.000961267E1,1.076516373E1,-6.765630798E0,3.247646484E0,1.312287003E1
2.001955167E1,1.043105850E1,-6.442602539E0,3.383114777E0,1.271847375E1
2.002949067E1,1.003767654E1,-5.986800385E0,3.546574860E0,1.221371862E1
2.003942967E1,9.605674896E0,-5.373076630E0,3.635939026E0,1.159133277E1
2.004936867E1,9.206904144E0,-4.764741669E0,3.630101166E0,1.098396475E1
2.005930767E1,8.855884094E0,-4.268673248E0,3.538341980E0,1.044835482E1
2.006924667E1,8.497379608E0,-3.905079346E0,3.392694855E0,9.948139689E0
2.007918567E1,8.177195435E0,-3.722010040E0,3.208278351E0,9.540069910E0
2.008912467E1,7.845784607E0,-3.636537781E0,2.950813751E0,9.137179265E0
2.009906367E1,7.552095337E0,-3.607947235E0,2.730322266E0,8.803754137E0
2.010900267E1,7.294780426E0,-3.615880737E0,2.503094788E0,8.517857623E0
2.011894167E1,7.086563416E0,-3.633544006E0,2.352058868E0,8.303866811E0
2.012888067E1,6.803951111E0,-3.747157745E0,2.149230652E0,8.059412775E0
2.013881967E1,6.501879272E0,-3.894002380E0,1.987716522E0,7.835094485E0
2.014875867E1,6.303392029E0,-4.134851532E0,1.767524414E0,7.742989785E0
2.015869767E1,6.109844513E0,-4.365222473E0,1.642384644E0,7.686533323E0
2.016863667E1,5.990991669E0,-4.565356293E0,1.488055573E0,7.677810146E0
2.017857567E1,5.905369720E0,-4.727319489E0,1.420096893E0,7.696597707E0
2.018851467E1,5.813311157E0,-4.875810699E0,1.500779114E0,7.734368399E0
2.019845367E1,5.725443878E0,-5.079686737E0,1.533860321E0,7.806193210E0
2.020839267E1,5.634582825E0,-5.273234253E0,1.617236938E0,7.884857539E0
2.021833167E1,5.590574341E0,-5.406457214E0,1.618434448E0,7.943779399E0
2.022827067E1,5.596262512E0,-5.496569824E0,1.672621765E0,8.020479880E0
2.023820967E1,5.633085938E0,-5.551206207E0,1.801054688E0,8.111186444E0
2.024814867E1,5.672903137E0,-5.569468231E0,1.953437805E0,8.186374389E0
2.025808767E1,5.663023682E0,-5.558391266E0,2.145787811E0,8.220094648E0
2.026802667E1,5.583988037E0,-5.577102356E0,2.283950500E0,8.215924962E0
2.027796567E1,5.424719238E0,-5.619314575E0,2.358046417E0,8.158716689E0
2.028790467E1,5.418582001E0,-5.714815979E0,2.309547272E0,8.206958095E0
2.029784367E1,5.523962860E0,-5.847889252E0,2.251917114E0,8.353628258E0
2.030778267E1,5.631888428E0,-6.012546844E0,2.080523529E0,8.496909142E0
2.031772167E1,5.836063843E0,-6.280789032E0,2.012265472E0,8.806654551E0
2.032766067E1,5.979615326E0,-6.559359741E0,1.828747101E0,9.062301894E0
2.033759967E1,6.228248291E0,-6.886279907E0,1.675465851E0,9.434994094E0
2.034753767E1,6.476282501E0,-7.258406067E0,1.740730133E0,9.882147290E0
2.035747667E1,6.574627991E0,-7.556885376E0,2.032473450E0,1.022072395E1
2.036741567E1,6.631509705E0,-7.626790009E0,2.374961243E0,1.038196936E1
2.037735467E1,6.690337372E0,-7.458240509E0,2.614163818E0,1.035470029E1
2.038729367E1,6.846762085E0,-7.206613770E0,2.593357086E0,1.027321440E1
2.039723267E1,7.284451904E0,-7.279063110E0,2.208507385E0,1.053211774E1
2.040717167E1,7.999065857E0,-7.747588806E0,1.460662537E0,1.123137222E1
2.041711067E1,8.554710388E0,-7.906707916E0,4.722679138E-1,1.165856496E1
2.042704967E1,8.432564392E0,-9.056466980E0,1.005459137E0,1.241526014E1
2.043698867E1,8.956474915E0,-9.870623932E0,1.805844727E0,1.345023178E1
2.044692767E1,8.986861725E0,-9.793384552E0,2.243684235E0,1.347991779E1
2.045686667E1,8.773255920E0,-8.915759583E0,2.667153625E0,1.278962458E1
2.046680567E1,8.728049927E0,-7.633975067E0,3.081342316E0,1.199796238E1
2.047674467E1,9.031768341E0,-6.346951447E0,3.378923492E0,1.154442532E1
2.048668367E1,9.310488739E0,-5.298980713E0,3.397634583E0,1.123869734E1
2.049662267E1,9.651030579E0,-4.673132172E0,3.192710724E0,1.118811679E1
2.050656167E1,1.004052063E1,-4.552333374E0,2.721790009E0,1.135534828E1
2.051650067E1,1.055350388E1,-4.885690155E0,2.206411743E0,1.183700406E1
2.052643967E1,1.084958817E1,-5.336103516E0,1.760339355E0,1.221827970E1
2.053637867E1,1.107397156E1,-5.727838898E0,1.405726776E0,1.254659525E1
2.054631767E1,1.162018570E1,-5.981112213E0,9.473799133E-1,1.310343267E1
2.055625667E1,1.191866501E1,-5.756878510E0,6.563850403E-1,1.325243627E1
2.056619567E1,1.188872726E1,-5.071753235E0,6.378236389E-1,1.294107166E1
2.057613467E1,1.145702499E1,-4.139791260E0,7.586224365E-1,1.220560533E1
2.058607367E1,1.057715469E1,-3.247347107E0,9.250762939E-1,1.110302800E1
2.059601267E1,9.816286926E0,-2.697690125E0,1.132395172E0,1.024301420E1
2.060595167E1,9.103768616E0,-2.419718170E0,1.351689148E0,9.516338717E0
2.061589067E1,8.275690613E0,-2.258802795E0,1.681004333E0,8.741568552E0
2.062582967E1,7.486681366E0,-2.147434387E0,1.868713989E0,8.009616988E0
2.063576867E1,6.897057495E0,-2.146536255E0,1.848655701E0,7.456175151E0
2.064570767E1,6.531667328E0,-2.238145752E0,1.714833984E0,7.114255413E0
2.065564667E1,6.380481720E0,-2.334096222E0,1.495540009E0,6.956665298E0
2.066558567E1,6.369704132E0,-2.433788910E0,1.152154083E0,6.915483947E0
2.067552467E1,6.353537750E0,-2.568658447E0,7.487429810E-1,6.893915014E0
2.068546367E1,6.279292145E0,-2.704575806E0,3.137475586E-1,6.844171072E0
2.069540267E1,6.278843079E0,-2.823278961E0,-8.666976929E-2,6.884931819E0
2.070534167E1,6.358627167E0,-2.875071259E0,-4.010160828E-1,6.989920463E0
2.071528067E1,6.495592346E0,-2.950065308E0,-6.113287354E-1,7.160260335E0
2.072521967E1,6.673123169E0,-3.095862122E0,-7.223977661E-1,7.391670558E0
2.073515867E1,6.848857727E0,-3.236868896E0,-6.535409546E-1,7.603373475E0
2.074509667E1,7.079677734E0,-3.369193726E0,-4.155358887E-1,7.851494970E0
2.075503567E1,7.340884552E0,-3.531306610E0,-5.478607178E-2,8.146269937E0
2.076497467E1,7.581134949E0,-3.711082764E0,3.790118408E-1,8.449224365E0
2.077491367E1,7.770491180E0,-3.900139618E0,7.566764832E-1,8.727209263E0
2.078485267E1,7.934849396E0,-4.089495850E0,1.022673340E0,8.985080523E0
2.079479167E1,8.153095551E0,-4.160448303E0,1.236279144E0,9.236378255E0
2.080473067E1,8.400531006E0,-4.110901337E0,1.327888641E0,9.446254243E0
2.081466967E1,8.696465607E0,-4.062851257E0,1.365909576E0,9.695410428E0
2.082460867E1,9.047335968E0,-4.045487366E0,1.356928253E0,1.000307505E1
2.083454767E1,9.442065125E0,-4.037404175E0,1.286574554E0,1.034932367E1
2.084448667E1,9.848619690E0,-4.098028107E0,1.224603424E0,1.073726211E1
2.085442567E1,1.036220169E1,-4.208049316E0,1.148411865E0,1.124285341E1
2.086436467E1,1.096020813E1,-4.367467804E0,1.070124664E0,1.184677610E1
2.087430367E1,1.176433594E1,-4.489763489E0,1.082997894E0,1.263845167E1
2.088424267E1,1.245844254E1,-4.478237457E0,1.089434509E0,1.328360902E1
2.089418167E1,1.301109329E1,-4.308939514E0,1.115031281E0,1.375132005E1
2.090412067E1,1.344923218E1,-3.945644989E0,1.302291870E0,1.407643153E1
2.091405967E1,1.361239288E1,-3.385659485E0,1.513352966E0,1.410851400E1
2.092399867E1,1.366268829E1,-2.838098145E0,1.715432739E0,1.405939408E1
2.093393767E1,1.381537079E1,-2.580633545E0,1.851200409E0,1.417572159E1
2.094387667E1,1.409858185E1,-2.780318298E0,2.010020142E0,1.451000899E1
2.095381567E1,1.437535629E1,-3.514990540E0,2.204016724E0,1.496207595E1
2.096375467E1,1.456665848E1,-4.555027771E0,2.514022064E0,1.546790626E1
2.097369367E1,1.449540665E1,-5.345982971E0,2.856060791E0,1.571156997E1
2.098363267E1,1.405292679E1,-5.659281464E0,3.129392395E0,1.546949627E1
2.099357167E1,1.345327377E1,-5.692063293E0,3.340752869E0,1.498501883E1
2.100351067E1,1.264929565E1,-5.547164612E0,3.391347656E0,1.422241030E1
2.101344967E1,1.182630707E1,-5.212310944E0,3.367696838E0,1.335556462E1
2.102338867E1,1.121782242E1,-4.897814941E0,3.244652710E0,1.266317110E1
2.103332767E1,1.086515579E1,-4.803361359E0,3.132386169E0,1.228559050E1
2.104326667E1,1.075812836E1,-4.982838135E0,3.039279785E0,1.223941270E1
2.105320567E1,1.078297668E1,-5.301076355E0,2.883004761E0,1.235660605E1
2.106314467E1,1.084015778E1,-5.659880219E0,2.718347168E0,1.252727728E1
2.107308367E1,1.088850723E1,-6.037993927E0,2.545007629E0,1.270802991E1
2.108302267E1,1.086560486E1,-6.274352417E0,2.406695251E0,1.277579936E1
2.109296167E1,1.086575455E1,-6.244264984E0,2.333647156E0,1.274760276E1
2.110290067E1,1.071022797E1,-5.930966492E0,2.356250153E0,1.246744807E1
2.111283967E1,1.068448151E1,-5.477709045E0,2.402653656E0,1.224484324E1
2.112277867E1,1.047641418E1,-4.968917084E0,2.556833038E0,1.187361724E1
2.113271767E1,1.014275803E1,-4.404141541E0,2.770438843E0,1.139944448E1
2.114265667E1,9.814191284E0,-3.838318176E0,2.907703400E0,1.093186974E1
2.115259567E1,9.443861389E0,-3.382366333E0,2.940634918E0,1.045343263E1
2.116253467E1,9.103469238E0,-2.991529083E0,2.907553711E0,1.001380382E1
2.117247367E1,8.781488800E0,-2.644700317E0,2.787952423E0,9.585492373E0
2.118241167E1,8.486302643E0,-2.393522644E0,2.617157593E0,9.197597352E0
2.119235167E1,8.213120728E0,-2.267634430E0,2.427501984E0,8.859474244E0
2.120228967E1,7.937693481E0,-2.325414276E0,2.227068787E0,8.565883769E0
2.121222867E1,7.639214172E0,-2.484683075E0,1.980531464E0,8.273678023E0
2.122216767E1,7.452851715E0,-2.638712769E0,1.684447174E0,8.083635695E0
2.123210667E1,7.304959259E0,-2.835104370E0,1.364861755E0,7.953810042E0
2.124204567E1,7.149282990E0,-3.108136597E0,1.065933380E0,7.868225616E0
2.125198467E1,6.976542206E0,-3.470982056E0,8.641529846E-1,7.840064921E0
2.126192367E1,6.816674652E0,-3.896247711E0,7.234455872E-1,7.884869882E0
2.127186267E1,6.702761536E0,-4.305346985E0,6.213578796E-1,7.990563840E0
2.128180167E1,6.602619781E0,-4.625531158E0,5.944139099E-1,8.083529821E0
2.129174067E1,6.499933319E0,-4.868326263E0,6.176156616E-1,8.144395795E0
2.130167967E1,6.406826935E0,-5.061574402E0,6.960525513E-1,8.194599194E0
2.131161867E1,6.320007477E0,-5.273383942E0,7.214996338E-1,8.262665092E0
2.132155767E1,6.259383545E0,-5.548062744E0,8.072712708E-1,8.403128553E0
2.133149667E1,6.158493347E0,-5.764961700E0,8.894503784E-1,8.482508219E0
2.134143567E1,6.028563538E0,-5.847739563E0,1.113085327E0,8.472224930E0
2.135137467E1,5.981261902E0,-5.883365479E0,1.346450043E0,8.497200187E0
2.136131367E1,5.926625519E0,-5.864205322E0,1.626817017E0,8.494723522E0
2.137125267E1,5.952671356E0,-5.862558746E0,1.884131927E0,8.564685893E0
2.138119167E1,6.028713226E0,-5.906716919E0,2.080224152E0,8.692641742E0
2.139113067E1,6.126160583E0,-6.029910736E0,2.136058044E0,8.857336561E0
2.140106967E1,6.302793274E0,-6.249653778E0,2.038311310E0,9.107035105E0
2.141100867E1,6.470744019E0,-6.531068573E0,1.940265198E0,9.396276597E0
2.142094767E1,6.597081299E0,-6.790179749E0,1.826052704E0,9.641705822E0
2.143088667E1,6.749165039E0,-6.965165863E0,1.733694763E0,9.852434306E0
2.144082567E1,6.888076172E0,-7.159910889E0,1.729653168E0,1.008472198E1
2.145076467E1,6.967560883E0,-7.279661865E0,1.816173248E0,1.023908525E1
2.146070367E1,6.962172089E0,-7.150630188E0,1.994452515E0,1.017748462E1
2.147064267E1,7.027586060E0,-6.838978271E0,2.154020691E0,1.003984038E1
2.148058167E1,7.135511627E0,-6.576274567E0,2.164349213E0,9.942198996E0
2.149052067E1,7.383545837E0,-6.518345032E0,1.974394226E0,1.004508853E1
2.150045967E1,7.733069000E0,-6.821913757E0,1.569486237E0,1.043082693E1
2.151039867E1,8.000263367E0,-7.440427551E0,1.084195404E0,1.097905532E1
2.152033767E1,8.262368317E0,-8.172704773E0,6.849755859E-1,1.164169339E1
2.153027667E1,8.471932526E0,-8.950786743E0,3.662882996E-1,1.232981716E1
2.154021567E1,8.470136261E0,-9.397008820E0,4.323010254E-1,1.265835168E1
2.155015467E1,8.366401978E0,-9.382938080E0,7.447013855E-1,1.259328350E1
2.156009367E1,8.326435089E0,-8.752598877E0,1.316961365E0,1.215203257E1
2.157003267E1,8.464298401E0,-7.523205414E0,1.963766327E0,1.149344793E1
2.157997167E1,8.724756775E0,-6.202950897E0,2.471061401E0,1.098654291E1
2.158991067E1,8.907077637E0,-5.198389893E0,2.791844330E0,1.068427275E1
2.159984967E1,9.193731537E0,-4.640799408E0,2.828667755E0,1.068003183E1
2.160978867E1,9.690847778E0,-4.570745087E0,2.617456970E0,1.102974715E1
2.161972767E1,1.026250900E1,-4.959636383E0,2.149080963E0,1.159894965E1
2.162966667E1,1.072564590E1,-5.473368073E0,1.654210052E0,1.215457317E1
2.163960567E1,1.110884903E1,-5.770500183E0,1.284628601E0,1.258393697E1
2.164954467E1,1.150761978E1,-5.906567230E0,9.247769165E-1,1.296796290E1
2.165948267E1,1.147393982E1,-5.637426910E0,8.217910767E-1,1.281043394E1
2.166942267E1,1.151360733E1,-5.201533356E0,6.676116943E-1,1.265167216E1
2.167936067E1,1.098221237E1,-4.635709991E0,5.243595886E-1,1.193204713E1
2.168929967E1,1.021700363E1,-4.097279663E0,5.763015747E-1,1.102302079E1
2.169923867E1,9.454788666E0,-3.674558716E0,7.957452393E-1,1.017490152E1
2.170917767E1,8.778944092E0,-3.385210419E0,1.182690582E0,9.483051511E0
2.171911667E1,8.038583679E0,-3.193309479E0,1.476529541E0,8.774747431E0
2.172905567E1,7.389533386E0,-3.062032471E0,1.504521332E0,8.139092760E0
2.173899467E1,6.912774811E0,-2.853815460E0,1.421593781E0,7.612597923E0
2.174893367E1,6.611301727E0,-2.637066193E0,1.302591248E0,7.236032932E0
2.175887267E1,6.397995300E0,-2.501897278E0,1.140927429E0,6.963874586E0
2.176881167E1,6.241869965E0,-2.491868134E0,8.893006897E-1,6.779469239E0
2.177875067E1,6.138884125E0,-2.570305023E0,5.822891235E-1,6.680675627E0
2.178868967E1,6.146218872E0,-2.649789734E0,3.373983765E-1,6.701584120E0
2.179862867E1,6.294410706E0,-2.670446777E0,1.218466187E-1,6.838547998E0
2.180856767E1,6.435118103E0,-2.650388489E0,8.038284302E-2,6.960011892E0
2.181850667E1,6.641688538E0,-2.685864716E0,-2.050735474E-2,7.164238721E0
2.182844567E1,6.910080414E0,-2.767445068E0,-1.827699280E-1,7.445896076E0
2.183838467E1,7.224875793E0,-2.858306122E0,-1.609153748E-1,7.771398708E0
2.184832367E1,7.484436035E0,-2.919379120E0,7.664062500E-2,8.034017114E0
2.185826267E1,7.770790558E0,-3.031795349E0,3.567082214E-1,8.348904700E0
2.186820167E1,8.055049438E0,-3.162772980E0,6.261479187E-1,8.676348056E0
2.187814067E1,8.298592987E0,-3.252286835E0,8.855584717E-1,8.957021214E0
2.188807967E1,8.528514862E0,-3.347189484E0,1.127006378E0,9.230893054E0
2.189801867E1,8.766669617E0,-3.480861511E0,1.382824402E0,9.533262629E0
2.190795767E1,9.056466980E0,-3.595822449E0,1.626667328E0,9.879047517E0
2.191789667E1,9.355545044E0,-3.738775177E0,1.783690796E0,1.023162821E1
2.192783567E1,9.623487854E0,-3.911515961E0,1.813778229E0,1.054520114E1
2.193777467E1,9.904004517E0,-3.979474640E0,1.733994141E0,1.081352207E1
2.194771367E1,1.017134857E1,-3.964356079E0,1.628313904E0,1.103738452E1
2.195765267E1,1.047551605E1,-4.011208649E0,1.526974640E0,1.132068385E1
2.196759217E1,1.089569229E1,-4.092190247E0,1.416953430E0,1.172475537E1
2.197753117E1,1.149100433E1,-4.170627136E0,1.332978058E0,1.229691595E1
2.198747017E1,1.217897369E1,-4.323010254E0,1.403182068E0,1.299941298E1
2.199740917E1,1.271695496E1,-4.432881775E0,1.494043121E0,1.355003871E1
2.200734817E1,1.317485275E1,-4.347409515E0,1.748813324E0,1.398338523E1
2.201728717E1,1.356928253E1,-4.067491608E0,2.178270264E0,1.433229841E1
2.202722617E1,1.370325394E1,-3.516188049E0,2.572101288E0,1.437909774E1
2.203716517E1,1.396835266E1,-2.966980133E0,2.991529083E0,1.458996550E1
2.204710417E1,1.448477875E1,-2.847827911E0,2.987936554E0,1.506143101E1
2.205704317E1,1.491109222E1,-3.258424072E0,2.776276703E0,1.551340424E1
2.206698217E1,1.520014114E1,-4.076023865E0,2.565514984E0,1.594490917E1
2.207692117E1,1.533920197E1,-4.893174591E0,2.522254944E0,1.629711768E1
2.208686017E1,1.526750107E1,-5.436095581E0,2.426304474E0,1.638702772E1
2.209679917E1,1.471230560E1,-5.645510101E0,2.299667816E0,1.592520620E1
2.210673817E1,1.369112915E1,-5.474116516E0,2.193987579E0,1.490726503E1
2.211667717E1,1.259421021E1,-4.823269958E0,2.110161896E0,1.365030575E1
2.212661617E1,1.171703430E1,-3.988306274E0,2.300116882E0,1.258912298E1
2.213655517E1,1.114477432E1,-3.483256531E0,2.740650787E0,1.199375827E1
2.214649417E1,1.062595322E1,-3.364703064E0,2.962339783E0,1.153289059E1
2.215643317E1,1.024888733E1,-3.597169647E0,2.972368927E0,1.126118546E1
2.216637217E1,1.025502457E1,-4.262536011E0,2.830464020E0,1.146063998E1
2.217631117E1,1.032058823E1,-5.170847168E0,2.514620819E0,1.181420838E1
2.218624917E1,1.037327866E1,-5.963299255E0,2.138303375E0,1.215475995E1
2.219618817E1,1.042926224E1,-6.432723083E0,1.882784729E0,1.239735115E1
2.220612717E1,1.047446823E1,-6.593638458E0,1.772464142E0,1.250328685E1
2.221606617E1,1.040591080E1,-6.527775421E0,1.722168732E0,1.240405968E1
2.222600517E1,1.026161087E1,-6.228098602E0,1.700164490E0,1.212354854E1
2.223594417E1,9.987979889E0,-5.766308899E0,1.837429047E0,1.167845050E1
2.224588317E1,9.673783264E0,-5.231471100E0,2.162852325E0,1.120840322E1
2.225582217E1,9.318422241E0,-4.742737427E0,2.519859924E0,1.075528918E1
2.226576117E1,8.901389465E0,-4.298910370E0,2.790197754E0,1.027134696E1
2.227570017E1,8.531508636E0,-3.961062927E0,2.910547485E0,9.846214795E0
2.228563917E1,8.122708740E0,-3.727698212E0,2.889291687E0,9.392664036E0
2.229557817E1,7.791297913E0,-3.601510620E0,2.755469971E0,9.014866425E0
2.230551717E1,7.522756348E0,-3.483705597E0,2.583777008E0,8.683546014E0
2.231545617E1,7.278614044E0,-3.372636566E0,2.379002838E0,8.367350496E0
2.232539517E1,7.074887695E0,-3.400328979E0,2.049238586E0,8.112684627E0
2.233533417E1,6.934329987E0,-3.477418671E0,1.705553284E0,7.942687516E0
2.234527317E1,6.785090332E0,-3.560795288E0,1.393751678E0,7.788405333E0
2.235521217E1,6.643185425E0,-3.751947784E0,1.109792175E0,7.709777133E0
2.236515117E1,6.563101959E0,-3.995042267E0,8.848100281E-1,7.734181200E0
2.237509017E1,6.515650635E0,-4.204007721E0,7.855664063E-1,7.793875717E0
2.238502917E1,6.466253357E0,-4.385580139E0,8.134085083E-1,7.855404448E0
2.239496817E1,6.423741760E0,-4.567451935E0,9.087602234E-1,7.934224633E0
2.240490717E1,6.421197052E0,-4.752018127E0,1.027164001E0,8.054099189E0
2.241484617E1,6.319109344E0,-4.918322296E0,1.193617859E0,8.096033641E0
2.242478517E1,6.231391754E0,-5.146447906E0,1.376986542E0,8.198308434E0
2.243472417E1,6.130052490E0,-5.385351105E0,1.476230164E0,8.292092954E0
2.244466317E1,5.973777466E0,-5.581593018E0,1.465602264E0,8.305912823E0
2.245460217E1,5.763315125E0,-5.686375122E0,1.571132813E0,8.247370585E0
2.246454117E1,5.655090179E0,-5.830824738E0,1.665586395E0,8.291727208E0
2.247448017E1,5.499563599E0,-5.942791901E0,1.771416321E0,8.288539747E0
2.248441917E1,5.381908264E0,-6.011648712E0,1.958676910E0,8.303088103E0
2.249435817E1,5.432652740E0,-6.079607391E0,2.039658508E0,8.404495741E0
2.250429717E1,5.614674225E0,-6.196364594E0,2.011217651E0,8.600261465E0
2.251423617E1,5.878126373E0,-6.478078766E0,1.956581268E0,8.963597738E0
2.252417517E1,6.223158875E0,-6.840774536E0,1.914518738E0,9.444007869E0
2.253411417E1,6.561605072E0,-7.184310150E0,1.901046753E0,9.913775881E0
2.254405317E1,6.808142395E0,-7.476053467E0,1.932331696E0,1.029446862E1
2.255399217E1,6.960076447E0,-7.638316040E0,2.036664734E0,1.053254667E1
2.256393117E1,6.977590027E0,-7.692653046E0,2.228865051E0,1.062221789E1
2.257387017E1,6.816375275E0,-7.734266510E0,2.450404358E0,1.059652452E1
2.258380917E1,6.580765228E0,-7.783364410E0,2.653531952E0,1.053225827E1
2.259374817E1,6.501430206E0,-7.856562195E0,2.776276703E0,1.056891085E1
2.260368717E1,6.811136169E0,-7.947722626E0,2.645598450E0,1.079615960E1
2.261362617E1,7.423363037E0,-8.072712708E0,2.266885986E0,1.119882946E1
2.262356517E1,8.131989441E0,-8.141719208E0,1.813927917E0,1.164934240E1
2.263350417E1,8.833281097E0,-8.169561310E0,1.374142456E0,1.211019630E1
2.264344317E1,9.423803101E0,-8.147407379E0,1.202150116E0,1.251532967E1
2.265338217E1,9.851763153E0,-8.011190643E0,1.301393738E0,1.276440513E1
2.266332117E1,9.983938293E0,-7.606582031E0,1.465452576E0,1.263671893E1
2.267326017E1,9.953850861E0,-6.869215393E0,1.638043671E0,1.220444403E1
2.268319917E1,9.846823425E0,-5.991291046E0,1.771416321E0,1.166162149E1
2.269313817E1,9.701026611E0,-5.171445923E0,1.851948853E0,1.114825030E1
2.270307717E1,9.594148865E0,-4.624932404E0,1.850901031E0,1.081034351E1
2.271301617E1,9.540709991E0,-4.472998352E0,1.749711456E0,1.068149576E1
2.272295517E1,9.546248474E0,-4.613855438E0,1.734592896E0,1.074371139E1
2.273289317E1,9.639654236E0,-4.890779572E0,1.844614105E0,1.096563996E1
2.274283217E1,9.884994049E0,-5.107528839E0,1.993554382E0,1.130372581E1
2.275277117E1,1.013467484E1,-5.222040710E0,1.987716522E0,1.157291494E1
2.276271017E1,1.029828461E1,-5.299429779E0,1.835333405E0,1.172634088E1
2.277264917E1,1.033675461E1,-5.310656433E0,1.744622040E0,1.175139454E1
2.278258817E1,1.012539413E1,-5.256319427E0,1.675914917E0,1.153087989E1
2.279252717E1,9.680369568E0,-5.120102692E0,1.503323822E0,1.105373191E1
2.280246617E1,9.109756165E0,-4.840035095E0,1.302142181E0,1.039755603E1
2.281240517E1,8.474327545E0,-4.459825745E0,1.163530426E0,9.646661395E0
2.282234417E1,7.925568695E0,-3.992946625E0,1.076710968E0,8.939662656E0
2.283228317E1,7.390880585E0,-3.570525055E0,9.056167603E-1,8.257960202E0
2.284222217E1,6.858288116E0,-3.213068390E0,7.815248108E-1,7.613849578E0
2.285216117E1,6.605314178E0,-2.938389587E0,6.471043396E-1,7.258309224E0
2.286210017E1,6.334527283E0,-2.642305298E0,4.764591980E-1,6.880045534E0
2.287203917E1,6.047274628E0,-2.465373230E0,3.579057312E-1,6.540312844E0
2.288197817E1,5.995781708E0,-2.416125641E0,2.243833923E-1,6.468184390E0
2.289191717E1,6.049220581E0,-2.360291748E0,7.259902954E-2,6.493790680E0
2.290185617E1,6.182742920E0,-2.278711395E0,-8.666976929E-2,6.589867016E0
2.291179517E1,6.390810242E0,-2.208208008E0,-1.755848694E-1,6.763835317E0
2.292173417E1,6.715036011E0,-2.204615479E0,-2.342628479E-1,7.071556909E0
2.293167317E1,7.080276489E0,-2.250120850E0,-2.874023438E-1,7.434780367E0
2.294161217E1,7.458240509E0,-2.329306183E0,-3.646417236E-1,7.822019073E0
2.295155117E1,7.838150482E0,-2.461181946E0,-3.552113342E-1,8.223149922E0
2.296148979E1,8.232430573E0,-2.643203430E0,-2.113604736E-1,8.648936973E0
2.297142879E1,8.617280273E0,-2.881507874E0,2.769241333E-2,9.086328951E0
2.298136779E1,8.982520752E0,-3.133284302E0,3.353027344E-1,9.519221475E0
2.299130679E1,9.334738312E0,-3.349285126E0,6.566844177E-1,9.939128967E0
2.300124579E1,9.685458984E0,-3.454067230E0,9.773176575E-1,1.032927132E1
2.301118479E1,1.006836273E1,-3.424428864E0,1.233584747E0,1.070609044E1
2.302112379E1,1.036594391E1,-3.310066681E0,1.407073975E0,1.097220086E1
2.303106279E1,1.059601547E1,-3.187471619E0,1.483415222E0,1.116405123E1
2.304100179E1,1.085797073E1,-3.060236206E0,1.567540283E0,1.138937034E1
2.305094079E1,1.117860397E1,-2.933599548E0,1.660646667E0,1.167582719E1
2.306087979E1,1.151360733E1,-2.836002502E0,1.666484528E0,1.197427387E1
2.307081879E1,1.192076065E1,-2.864892426E0,1.584305420E0,1.236212630E1
2.308075779E1,1.233000961E1,-2.990930328E0,1.519340515E0,1.277823137E1
2.309069679E1,1.264031433E1,-3.190166016E0,1.394500122E0,1.311103871E1
2.310063579E1,1.284553757E1,-3.334915009E0,1.340761871E0,1.333893309E1
2.311057479E1,1.319416260E1,-3.435356140E0,1.278790741E0,1.369390026E1
2.312051379E1,1.333741470E1,-3.351829834E0,1.315015411E0,1.381487096E1
2.313045279E1,1.339938583E1,-3.204386444E0,1.294657745E0,1.383791068E1
2.314039179E1,1.327753922E1,-2.809507599E0,1.341510315E0,1.363766954E1
2.315033079E1,1.352931564E1,-2.791844330E0,1.542991333E0,1.390027334E1
2.316026979E1,1.373932892E1,-3.332519989E0,1.703757019E0,1.424000128E1
2.317020879E1,1.395248566E1,-4.164789276E0,1.792073364E0,1.467068003E1
2.318014779E1,1.405816589E1,-4.967719574E0,1.959874420E0,1.503833015E1
2.319008679E1,1.413271088E1,-5.489983521E0,2.097438354E0,1.530596888E1
2.320002579E1,1.407088943E1,-5.575755157E0,2.170486450E0,1.529019249E1
2.320996479E1,1.373064697E1,-5.229974213E0,2.162702637E0,1.485128207E1
2.321990379E1,1.316691925E1,-4.619094543E0,2.067949677E0,1.410603462E1
2.322984279E1,1.261217285E1,-4.090393982E0,2.057022400E0,1.341750976E1
2.323978179E1,1.219289474E1,-3.930077362E0,2.267634430E0,1.300977925E1
2.324972079E1,1.184771255E1,-4.163142700E0,2.512525177E0,1.280674950E1
2.325965979E1,1.155821457E1,-4.675227814E0,2.610870667E0,1.273839569E1
2.326959879E1,1.146076721E1,-5.310506744E0,2.566862183E0,1.288950924E1
2.327953779E1,1.155866364E1,-5.966143341E0,2.440973969E0,1.323464867E1
2.328947579E1,1.161539566E1,-6.581513672E0,2.334245911E0,1.355294959E1
2.329941579E1,1.163455582E1,-7.091652832E0,2.210153961E0,1.380359408E1
2.330935379E1,1.158156601E1,-7.306306458E0,2.113604736E0,1.385576091E1
2.331929279E1,1.142753632E1,-7.146588593E0,2.045346680E0,1.363252573E1
2.332923179E1,1.123114471E1,-6.796915741E0,2.022593994E0,1.328260372E1
2.333917079E1,1.099763031E1,-6.332431641E0,2.075134735E0,1.285899479E1
2.334910979E1,1.059391983E1,-5.746849365E0,2.244732056E0,1.225953657E1
2.335904879E1,1.010877869E1,-5.119653625E0,2.378104706E0,1.157815364E1
2.336898779E1,9.600735168E0,-4.511318665E0,2.442770233E0,1.088545995E1
2.337892679E1,9.145382080E0,-3.955374756E0,2.444416809E0,1.025954075E1
2.338886579E1,8.707542572E0,-3.500620422E0,2.368225250E0,9.679056350E0
2.339880479E1,8.288114777E0,-3.205434265E0,2.245929565E0,9.165798110E0
2.340874379E1,7.854167175E0,-3.103196869E0,2.057022400E0,8.691899331E0
2.341868279E1,7.432044983E0,-3.109483795E0,1.849254456E0,8.265828703E0
2.342862179E1,6.971901855E0,-3.127596130E0,1.667083282E0,7.821025490E0
2.343856079E1,6.620133362E0,-3.227737885E0,1.361718292E0,7.489908830E0
2.344849979E1,6.233337708E0,-3.368295593E0,1.077010345E0,7.166579761E0
2.345843879E1,5.947581940E0,-3.555107117E0,8.717871094E-1,6.983733264E0
2.346837779E1,5.736520844E0,-3.702550507E0,5.894741821E-1,6.853030822E0
2.347831679E1,5.539380798E0,-3.818708954E0,4.802014160E-1,6.745210975E0
2.348825579E1,5.410349121E0,-3.981121216E0,2.748284912E-1,6.722851660E0
2.349819479E1,5.298831024E0,-4.242178345E0,4.760101318E-2,6.787927017E0
2.350813379E1,5.166356506E0,-4.520449677E0,-1.004411316E-1,6.865551198E0
2.351807279E1,5.045408020E0,-4.761598206E0,-1.715432739E-1,6.939624389E0
2.352801179E1,5.061125336E0,-5.059628448E0,-2.125579834E-1,7.159609668E0
2.353795079E1,5.132526855E0,-5.348827057E0,-9.265731812E-2,7.413593473E0
2.354788979E1,5.195695496E0,-5.558391266E0,2.145039368E-1,7.611634324E0
2.355782879E1,5.295088806E0,-5.757626953E0,5.108876038E-1,7.838956547E0
2.356776779E1,5.296735382E0,-5.937253418E0,8.092172241E-1,7.997575656E0
2.357770679E1,5.363047485E0,-6.192023621E0,1.066083069E0,8.260748632E0
2.358764579E1,5.453010406E0,-6.424789581E0,1.372645569E0,8.537997395E0
2.359758479E1,5.519472198E0,-6.711443481E0,1.588347015E0,8.833509676E0
2.360752379E1,5.711971893E0,-7.055428162E0,1.715732117E0,9.238475315E0
2.361746279E1,5.892795868E0,-7.332052917E0,1.864073639E0,9.589515820E0
2.362740179E1,6.192921753E0,-7.650440826E0,1.956880646E0,1.003548238E1
2.363734079E1,6.596931610E0,-8.029003601E0,2.041005707E0,1.059009489E1
2.364727979E1,6.994953918E0,-8.307125244E0,2.233355713E0,1.108718124E1
2.365721879E1,7.242539063E0,-8.401279449E0,2.426753540E0,1.135451457E1
2.366715779E1,7.301666107E0,-8.303832092E0,2.634671173E0,1.136703337E1
2.367709679E1,7.286248169E0,-8.067772980E0,2.816093903E0,1.122981559E1
2.368703579E1,7.273973694E0,-7.802075500E0,2.922821960E0,1.106010685E1
2.369697479E1,7.446864166E0,-7.663613434E0,2.848726044E0,1.105902332E1
2.370691379E1,7.842042389E0,-7.784112854E0,2.520308990E0,1.133322545E1
2.371685279E1,8.269703064E0,-8.110883331E0,2.063908081E0,1.176580357E1
2.372679179E1,8.651259613E0,-8.362061005E0,1.779050446E0,1.216278659E1
2.373673079E1,9.026229858E0,-8.539591827E0,1.738784180E0,1.254674557E1
2.374666979E1,9.272617493E0,-8.697812805E0,1.588796082E0,1.281240242E1
2.375660879E1,9.377998352E0,-8.545429688E0,1.559756470E0,1.278295982E1
2.376654779E1,9.433083801E0,-7.905809784E0,1.609303436E0,1.241268528E1
2.377648679E1,8.994645538E0,-6.719975739E0,1.815724182E0,1.137359119E1
2.378642579E1,8.761430511E0,-5.619913330E0,2.085014191E0,1.061571357E1
2.379636479E1,8.569679260E0,-4.941673737E0,2.383194122E0,1.017541921E1
2.380630379E1,8.862620087E0,-4.730462952E0,2.447410583E0,1.033988071E1
2.381624279E1,9.095685425E0,-4.882846069E0,2.237097931E0,1.056306235E1
2.382618179E1,9.359586639E0,-5.319488068E0,2.053878937E0,1.095980082E1
2.383612079E1,9.828411713E0,-5.937852173E0,1.878443756E0,1.163547662E1
2.384605979E1,1.016835480E1,-6.468498688E0,1.647324371E0,1.216349424E1
2.385599879E1,1.051293823E1,-6.746021576E0,1.410666504E0,1.257062677E1
2.386593779E1,1.100182159E1,-6.675218811E0,1.242266693E0,1.292833520E1
2.387587679E1,1.110435837E1,-6.195915527E0,1.008153534E0,1.275588168E1
2.388581579E1,1.086650299E1,-5.481451263E0,8.617579651E-1,1.220122215E1
2.389575379E1,1.049347870E1,-4.742587738E0,7.450007629E-1,1.153950865E1
2.390569279E1,1.002300705E1,-4.046086121E0,6.451583862E-1,1.082809829E1
2.391563179E1,9.428593140E0,-3.369193726E0,7.478448486E-1,1.004037384E1
2.392557079E1,8.869356079E0,-2.899320831E0,8.837622070E-1,9.372970403E0
2.393550979E1,8.322992249E0,-2.643951874E0,8.991801453E-1,8.779020812E0
2.394544879E1,7.742349701E0,-2.483934631E0,8.131091309E-1,8.171600615E0
2.395538779E1,7.306007080E0,-2.423759766E0,7.158114624E-1,7.730765609E0
2.396532712E1,7.086264038E0,-2.382146301E0,6.225553894E-1,7.501822061E0
2.397526612E1,6.942862244E0,-2.326312408E0,5.260061646E-1,7.341099920E0
2.398520513E1,6.842870178E0,-2.280208282E0,4.637356567E-1,7.227674097E0
2.399514412E1,6.749015350E0,-2.267335052E0,3.115022278E-1,7.126503356E0
2.400508312E1,6.762337646E0,-2.265389099E0,1.610650635E-1,7.133522284E0
2.401502213E1,6.850504303E0,-2.289039917E0,7.484436035E-4,7.222818945E0
2.402496112E1,7.006929016E0,-2.393522644E0,-1.824705505E-1,7.406706447E0
2.403490012E1,7.205116882E0,-2.506238251E0,-3.400927734E-1,7.636137934E0
2.404483912E1,7.443870392E0,-2.566712494E0,-4.496649170E-1,7.886787557E0
2.405477812E1,7.637567596E0,-2.642604675E0,-4.799020386E-1,8.096054856E0
2.406471713E1,7.911647644E0,-2.832709351E0,-3.929328918E-1,8.412657545E0
2.407465612E1,8.228838043E0,-3.080893250E0,-1.420545959E-1,8.787824433E0
2.408459512E1,8.567733307E0,-3.300935669E0,1.508862305E-1,9.182864311E0
2.409453413E1,8.961564331E0,-3.430566101E0,4.243675232E-1,9.605129194E0
2.410447312E1,9.367520142E0,-3.501368866E0,6.432124329E-1,1.002116459E1
2.411441212E1,9.727072449E0,-3.487747192E0,8.244854736E-1,1.036629612E1
2.412435113E1,1.001133133E1,-3.435505829E0,9.654922485E-1,1.062834091E1
2.413429012E1,1.034229309E1,-3.415297852E0,1.043480072E0,1.094148694E1
2.414422912E1,1.076202026E1,-3.404669952E0,1.154549103E0,1.134662246E1
2.415416812E1,1.130224686E1,-3.307372284E0,1.225800934E0,1.183985149E1
2.416410712E1,1.183184555E1,-3.194506989E0,1.246757355E0,1.231876000E1
2.417404613E1,1.241742783E1,-3.166515198E0,1.214274902E0,1.287221022E1
2.418398512E1,1.307800415E1,-3.160377960E0,1.174457703E0,1.350561114E1
2.419392412E1,1.370205643E1,-3.136727142E0,1.061143341E0,1.409650427E1
2.420386313E1,1.424916870E1,-3.079995117E0,9.377998352E-1,1.460837592E1
2.421380212E1,1.465856735E1,-2.986589355E0,8.762777710E-1,1.498536538E1
2.422374112E1,1.486962845E1,-2.675236816E0,9.169931030E-1,1.513616922E1
2.423368013E1,1.495644791E1,-2.319426727E0,9.915380859E-1,1.516767029E1
2.424361912E1,1.503084320E1,-2.300116882E0,1.037791901E0,1.524118752E1
2.425355812E1,1.516676056E1,-2.908451843E0,1.050365753E0,1.547879150E1
2.426349713E1,1.530297729E1,-4.073179779E0,1.231189728E0,1.588356811E1
2.427343612E1,1.535087769E1,-5.311853943E0,1.479223938E0,1.631114164E1
2.428337513E1,1.512275208E1,-6.240373077E0,1.769470367E0,1.645511811E1
2.429331412E1,1.478280899E1,-6.852001190E0,1.903441772E0,1.640440345E1
2.430325312E1,1.416698959E1,-7.060367889E0,1.991159363E0,1.595359221E1
2.431319213E1,1.340312805E1,-6.808591461E0,2.171683960E0,1.518937031E1
2.432313112E1,1.264480499E1,-6.207890625E0,2.356250153E0,1.428218870E1
2.433307012E1,1.209185486E1,-5.596861267E0,2.474803619E0,1.355221247E1
2.434300913E1,1.159878021E1,-5.217250671E0,2.570155334E0,1.297524973E1
2.435294812E1,1.127051285E1,-5.140909424E0,2.567760315E0,1.265096054E1
2.436288712E1,1.101649109E1,-5.310656433E0,2.430346069E0,1.246887043E1
2.437282613E1,1.092308533E1,-5.681136017E0,2.293829956E0,1.252400716E1
2.438276512E1,1.109313171E1,-6.237828369E0,2.110012207E0,1.290039633E1
2.439270412E1,1.125599304E1,-6.771169281E0,2.020648041E0,1.329018929E1
2.440264312E1,1.127410538E1,-7.100185089E0,2.030228119E0,1.347738500E1
2.441258212E1,1.119057907E1,-7.113657074E0,2.012864227E0,1.341211390E1
2.442252113E1,1.108145599E1,-6.925947418E0,1.997296600E0,1.321955401E1
2.443246012E1,1.083192490E1,-6.628216553E0,2.071691895E0,1.286684728E1
2.444239912E1,1.043524979E1,-6.247707825E0,2.157613220E0,1.235247287E1
2.445233813E1,9.923014984E0,-5.840704193E0,2.270777893E0,1.173611878E1
2.446227712E1,9.369915161E0,-5.432053986E0,2.365680542E0,1.108598056E1
2.447221612E1,8.875193939E0,-5.109923859E0,2.365680542E0,1.051079606E1
2.448215513E1,8.330776062E0,-4.872367859E0,2.406695251E0,9.946556207E0
2.449209412E1,7.774832153E0,-4.678670654E0,2.428699493E0,9.393431499E0
2.450203312E1,7.347021790E0,-4.538112946E0,2.366129608E0,8.953868862E0
2.451197213E1,6.996899872E0,-4.465663605E0,2.332150269E0,8.621930417E0
2.452191112E1,6.683751068E0,-4.408183136E0,2.262994080E0,8.320201266E0
2.453185013E1,6.402036896E0,-4.414919128E0,2.091301117E0,8.053019787E0
2.454178912E1,6.127956848E0,-4.508624268E0,1.843865662E0,7.828115258E0
2.455172812E1,5.860163727E0,-4.700375519E0,1.478774872E0,7.656489015E0
2.456166612E1,5.595963135E0,-4.928800507E0,1.097667389E0,7.537423402E0
2.457160513E1,5.363646240E0,-5.112767944E0,7.997868347E-1,7.453103785E0
2.458154412E1,5.149591370E0,-5.221741333E0,5.228627014E-1,7.352432198E0
2.459148312E1,4.945116577E0,-5.313350830E0,3.092568970E-1,7.265088770E0
2.460142213E1,4.789739685E0,-5.386847992E0,1.567240906E-1,7.210013868E0
2.461136112E1,4.661905518E0,-5.454806671E0,2.409988403E-2,7.175573822E0
2.462130012E1,4.495601349E0,-5.542823639E0,-4.775070190E-2,7.136918488E0
2.463123912E1,4.357139282E0,-5.713019714E0,-5.912704468E-2,7.185175919E0
2.464117812E1,4.270918579E0,-5.917344818E0,2.155517578E-2,7.297683182E0
2.465111713E1,4.312082977E0,-6.068231049E0,2.421963501E-1,7.448231114E0
2.466105612E1,4.422553253E0,-6.157146149E0,5.361849976E-1,7.599797387E0
2.467099512E1,4.556973724E0,-6.271508331E0,8.445437622E-1,7.798145962E0
2.468093413E1,4.704117737E0,-6.390660553E0,1.159339142E0,8.019559416E0
2.469087312E1,4.789589996E0,-6.514602814E0,1.393152924E0,8.204943462E0
2.470081212E1,4.921914825E0,-6.662345581E0,1.602268066E0,8.436785949E0
2.471075113E1,5.178630981E0,-6.816075897E0,1.792971497E0,8.745962284E0
2.472069012E1,5.538632355E0,-6.965914307E0,1.979932709E0,9.117046891E0
2.473062912E1,5.956263885E0,-7.156617737E0,2.080373840E0,9.540556180E0
2.474056812E1,6.255192261E0,-7.385042725E0,2.177821198E0,9.920140696E0
2.475050712E1,6.592291260E0,-7.607779541E0,2.275717621E0,1.032063488E1
2.476044613E1,6.791077881E0,-7.698341217E0,2.448757782E0,1.055365391E1
2.477038512E1,6.812782745E0,-7.715705109E0,2.562670898E0,1.060723320E1
2.478032412E1,6.796466675E0,-7.714956665E0,2.635120239E0,1.061397071E1
2.479026313E1,6.839876404E0,-7.694149933E0,2.670297089E0,1.063552250E1
2.480020212E1,7.129673767E0,-7.742499390E0,2.590213623E0,1.083917670E1
2.481014112E1,7.702382813E0,-8.089777222E0,2.273771667E0,1.139917690E1
2.482008013E1,8.384813690E0,-8.706644440E0,1.821861420E0,1.222415384E1
2.483001912E1,9.046886902E0,-9.458830261E0,1.446142731E0,1.316840770E1
2.483995812E1,9.566456451E0,-1.006177643E1,1.329834595E0,1.394721814E1
2.484989713E1,9.901459808E0,-1.025741959E1,1.465302887E0,1.433180643E1
2.485983612E1,1.002869522E1,-9.822274475E0,1.811083832E0,1.415386267E1
2.486977513E1,1.003842499E1,-8.722062378E0,2.151475983E0,1.347119881E1
2.487971412E1,1.002899460E1,-7.409142609E0,2.370470581E0,1.269233066E1
2.488965312E1,1.004561005E1,-6.168971558E0,2.445015564E0,1.203945980E1
2.489959213E1,1.024454636E1,-5.161416779E0,2.314487000E0,1.170246996E1
2.490953112E1,1.061742096E1,-4.522545319E0,2.061962128E0,1.172325602E1
2.491947012E1,1.103041214E1,-4.150419159E0,1.834734650E0,1.192737282E1
2.492940913E1,1.137409744E1,-4.091591492E0,1.563199310E0,1.218830610E1
2.493934812E1,1.173739197E1,-4.346960449E0,1.246757355E0,1.257842754E1
2.494928712E1,1.200668198E1,-4.663103027E0,8.816665649E-1,1.291054909E1
2.495922613E1,1.207748474E1,-4.885091400E0,5.526507568E-1,1.303975378E1
2.496916475E1,1.222133560E1,-5.031337280E0,2.248324585E-1,1.321839432E1
2.497910375E1,1.200308945E1,-4.783452759E0,4.266128540E-2,1.292119950E1
2.498904275E1,1.162123352E1,-4.140839081E0,1.285826111E-1,1.233759094E1
2.499898175E1,1.099448685E1,-3.530109100E0,1.089733887E-1,1.154782605E1
2.500892075E1,1.022403900E1,-3.068618774E0,1.975891113E-1,1.067644305E1
2.501885975E1,9.428443451E0,-2.805166626E0,4.146377563E-1,9.845630004E0
2.502879875E1,8.529412994E0,-2.781665497E0,6.324348450E-1,8.993804690E0
2.503873775E1,7.665110321E0,-2.864593048E0,7.884104919E-1,8.220790757E0
2.504867675E1,6.984176331E0,-2.867586823E0,8.048762512E-1,7.592733301E0
2.505861575E1,6.518943787E0,-2.766097870E0,8.388555908E-1,7.131031077E0
2.506855475E1,6.194867706E0,-2.684667206E0,7.937992859E-1,6.798083643E0
2.507849375E1,5.947432251E0,-2.703827362E0,6.770420837E-1,6.568182303E0
2.508843275E1,5.749543762E0,-2.791395264E0,4.649331665E-1,6.408221582E0
2.509837175E1,5.625002747E0,-2.816093903E0,2.158511353E-1,6.294253926E0
2.510831075E1,5.560187531E0,-2.804118805E0,2.065704346E-2,6.227294305E0
2.511824975E1,5.675597534E0,-2.861449585E0,-1.574725342E-1,6.358073505E0
2.512818875E1,5.881419525E0,-2.909948730E0,-3.254232788E-1,6.569992204E0
2.513812775E1,6.164780273E0,-2.933749237E0,-4.787045288E-1,6.844016250E0
2.514806675E1,6.553372192E0,-2.935695190E0,-5.303471375E-1,7.200434808E0
2.515800575E1,6.980134735E0,-2.897075500E0,-5.173242188E-1,7.575153578E0
2.516794475E1,7.421117706E0,-2.860701141E0,-4.878355408E-1,7.968348797E0
2.517788375E1,7.917335815E0,-2.868035889E0,-4.272116089E-1,8.431627721E0
2.518782275E1,8.347840576E0,-2.937641144E0,-2.712359619E-1,8.853798435E0
2.519776175E1,8.779692535E0,-3.032543793E0,-9.490264893E-2,9.289151166E0
2.520770075E1,9.191935272E0,-3.143163757E0,7.843688965E-2,9.714798238E0
2.521763975E1,9.616153107E0,-3.260519714E0,2.698887634E-1,1.015747160E1
2.522757875E1,1.007973907E1,-3.322341156E0,4.056564331E-1,1.062090616E1
2.523751775E1,1.051368668E1,-3.300336914E0,5.008584595E-1,1.103089708E1
2.524745675E1,1.095496902E1,-3.219205627E0,5.454656982E-1,1.143119259E1
2.525739575E1,1.143996048E1,-3.188968506E0,5.846841431E-1,1.189050341E1
2.526733475E1,1.189067322E1,-3.282973022E0,6.497987366E-1,1.235266205E1
2.527727375E1,1.238868759E1,-3.469634857E0,7.421566772E-1,1.288676619E1
2.528721275E1,1.297651520E1,-3.711980896E0,8.430468750E-1,1.352329386E1
2.529715075E1,1.343770615E1,-3.904330902E0,9.180409241E-1,1.402349976E1
2.530709075E1,1.395637756E1,-4.012555847E0,8.827143860E-1,1.454854851E1
2.531702875E1,1.429033310E1,-3.948339386E0,8.553213501E-1,1.485040668E1
2.532696775E1,1.447370178E1,-3.691024475E0,8.369096375E-1,1.496035169E1
2.533690675E1,1.437670349E1,-3.262465668E0,7.005432129E-1,1.475886331E1
2.534684575E1,1.443493240E1,-3.116219788E0,4.593946838E-1,1.477461142E1
2.535678475E1,1.457638824E1,-3.564537506E0,3.686833191E-1,1.501042802E1
2.536672375E1,1.469703735E1,-4.622836761E0,4.818479919E-1,1.541446412E1
2.537666275E1,1.479687973E1,-5.813011780E0,7.821235657E-1,1.591698693E1
2.538660175E1,1.490675125E1,-6.646328888E0,1.051712952E0,1.635515273E1
2.539654075E1,1.461665451E1,-6.876849518E0,1.263522491E0,1.620290522E1
2.540647975E1,1.407852356E1,-6.587501221E0,1.434317322E0,1.560952479E1
2.541641875E1,1.332648743E1,-5.765859833E0,1.621128845E0,1.461056007E1
2.542635775E1,1.256711655E1,-4.800816650E0,1.796414337E0,1.357230133E1
2.543629675E1,1.188034470E1,-4.199217682E0,1.920356598E0,1.274612838E1
2.544623575E1,1.121931931E1,-4.076323242E0,2.063309326E0,1.211390863E1
2.545617475E1,1.071217392E1,-4.340673523E0,2.142943726E0,1.175518288E1
2.546611375E1,1.043539948E1,-4.929548950E0,2.048789520E0,1.172158494E1
2.547605275E1,1.037821838E1,-5.630541229E0,1.964814148E0,1.196958253E1
2.548599175E1,1.046818130E1,-6.341412964E0,1.861977997E0,1.237995558E1
2.549593075E1,1.055919205E1,-7.067253571E0,1.732197876E0,1.282353770E1
2.550586975E1,1.054811508E1,-7.653434601E0,1.623224487E0,1.313288433E1
2.551580875E1,1.045156586E1,-7.923922119E0,1.547182617E0,1.320672346E1
2.552574775E1,1.032507889E1,-7.791447601E0,1.569037170E0,1.302980381E1
2.553568675E1,1.024260040E1,-7.459737396E0,1.563199310E0,1.276722903E1
2.554562575E1,9.931098175E0,-6.878795471E0,1.661993866E0,1.219453819E1
2.555556475E1,9.621242523E0,-6.252348175E0,1.909429321E0,1.163211441E1
2.556550375E1,9.260193329E0,-5.693260803E0,2.196681976E0,1.109007713E1
2.557544275E1,8.804690552E0,-5.207071838E0,2.424957275E0,1.051268713E1
2.558538175E1,8.297395477E0,-4.763993225E0,2.498604126E0,9.888651361E0
2.559532075E1,7.807913361E0,-4.390968933E0,2.519261169E0,9.305417565E0
2.560525975E1,7.354805603E0,-4.105512543E0,2.500849457E0,8.786503668E0
2.561519875E1,6.964866486E0,-3.948788452E0,2.485132141E0,8.383208047E0
2.562513775E1,6.690487061E0,-3.893703003E0,2.409838715E0,8.107457235E0
2.563507675E1,6.424340515E0,-3.936813354E0,2.197729797E0,7.848609221E0
2.564501575E1,6.127657471E0,-4.011657715E0,1.878294067E0,7.561056295E0
2.565495475E1,5.814358978E0,-4.113296356E0,1.505269775E0,7.279547674E0
2.566489375E1,5.508694611E0,-4.223167877E0,1.197958832E0,7.043860347E0
2.567483275E1,5.230273590E0,-4.342619476E0,9.219328308E-1,6.860325494E0
2.568477175E1,5.047503662E0,-4.521946564E0,6.526428223E-1,6.808174248E0
2.569471075E1,4.984634399E0,-4.700225830E0,4.562512207E-1,6.866357704E0
2.570464975E1,4.911137238E0,-4.906347198E0,4.004173279E-1,6.953549154E0
2.571458875E1,4.894372101E0,-5.134023743E0,3.092568970E-1,7.099909709E0
2.572452775E1,4.842130737E0,-5.287005615E0,2.591111755E-1,7.173966619E0
2.573446675E1,4.752018127E0,-5.359904022E0,3.312611389E-1,7.170772717E0
2.574440575E1,4.656666412E0,-5.445525970E0,4.079017639E-1,7.176676043E0
2.575434475E1,4.584366760E0,-5.596711578E0,5.360353088E-1,7.254442290E0
2.576428375E1,4.552932129E0,-5.745202789E0,7.301815796E-1,7.366797893E0
2.577422275E1,4.609813843E0,-5.884712677E0,9.830058289E-1,7.539663614E0
2.578416175E1,4.724774780E0,-6.061644745E0,1.179397430E0,7.775475036E0
2.579410075E1,4.888683929E0,-6.273154907E0,1.265468445E0,8.053143078E0
2.580403975E1,5.109474792E0,-6.583010559E0,1.301842804E0,8.434308233E0
2.581397875E1,5.464686127E0,-6.984176331E0,1.302291870E0,8.963117627E0
2.582391775E1,5.867348785E0,-7.343878326E0,1.360071716E0,9.497795835E0
2.583385675E1,6.240672455E0,-7.635471954E0,1.468745728E0,9.970137344E0
2.584379575E1,6.625222778E0,-7.838898926E0,1.552421722E0,1.038036254E1
2.585373475E1,6.981781311E0,-7.997718658E0,1.768871613E0,1.076279150E1
2.586367375E1,7.186405792E0,-8.050409088E0,2.064955902E0,1.098715421E1
2.587361275E1,7.211852875E0,-8.037835236E0,2.276915131E0,1.103639251E1
2.588355175E1,7.216942291E0,-8.025860138E0,2.475102997E0,1.107360925E1
2.589349075E1,7.387737122E0,-8.063432007E0,2.560275879E0,1.123176781E1
2.590342975E1,7.880662079E0,-8.336015167E0,2.462828522E0,1.173283887E1
2.591336875E1,8.503367157E0,-8.815019073E0,2.250719604E0,1.245301381E1
2.592330775E1,9.163045349E0,-9.326206055E0,1.966161346E0,1.322139591E1
2.593324675E1,9.712402954E0,-9.729916534E0,1.654509430E0,1.384700142E1
2.594318575E1,1.024095383E1,-9.979747009E0,1.574875031E0,1.438585128E1
2.595312475E1,1.049692154E1,-9.725874939E0,1.750759277E0,1.441676674E1
2.596306437E1,1.068103867E1,-8.829538879E0,1.949994965E0,1.399456409E1
2.597300337E1,1.046892975E1,-7.374115448E0,2.190095673E0,1.299125043E1
2.598294238E1,1.034289185E1,-6.089786224E0,2.262694702E0,1.221395494E1
2.599288137E1,1.034079620E1,-5.120252380E0,2.302960968E0,1.176659168E1
2.600282037E1,1.047850983E1,-4.427642670E0,2.182162170E0,1.158296247E1
2.601275938E1,1.074750046E1,-4.048930206E0,1.915267181E0,1.164348961E1
2.602269837E1,1.120150635E1,-3.957320709E0,1.677112427E0,1.199778470E1
2.603263737E1,1.175415710E1,-4.115541687E0,1.432670746E0,1.253596578E1
2.604257637E1,1.221325241E1,-4.353546753E0,1.103355560E0,1.301285124E1
2.605251537E1,1.237371872E1,-4.565955048E0,6.279441833E-1,1.320421048E1
2.606245438E1,1.231159790E1,-4.631369019E0,1.239422607E-1,1.315448150E1
2.607239337E1,1.184157532E1,-4.292623444E0,-3.052153015E-1,1.259931262E1
2.608233237E1,1.112546448E1,-3.787873077E0,-6.469546509E-1,1.177040750E1
2.609227138E1,1.037447617E1,-3.313509521E0,-8.529263306E-1,1.092412854E1
2.610221037E1,9.474547577E0,-2.948119354E0,-9.135502625E-1,9.964588983E0
2.611214937E1,8.503965912E0,-2.726280670E0,-7.439529419E-1,8.961222489E0
2.612208838E1,7.690108337E0,-2.669398956E0,-5.480104065E-1,8.158662417E0
2.613202737E1,6.909182281E0,-2.653531952E0,-3.606001282E-1,7.409997576E0
2.614196637E1,6.300547943E0,-2.626887360E0,-1.886077881E-1,6.828836979E0
2.615190537E1,5.865103455E0,-2.720891876E0,-1.203497314E-1,6.466620075E0
2.616184337E1,5.649402008E0,-2.923121338E0,-1.666035461E-1,6.363029007E0
2.617178237E1,5.363047485E0,-3.077001343E0,-3.192860413E-1,6.191297051E0
2.618172237E1,5.100792847E0,-3.126398621E0,-4.647834778E-1,6.000706598E0
2.619166037E1,5.025050354E0,-3.162024536E0,-6.463558960E-1,5.972211163E0
2.620159937E1,5.059628448E0,-3.110980682E0,-7.806266785E-1,5.990610892E0
2.621153838E1,5.269492035E0,-3.010689240E0,-8.657995605E-1,6.130367434E0
2.622147737E1,5.606141968E0,-2.899620209E0,-9.119036865E-1,6.377161865E0
2.623141637E1,6.095175018E0,-2.839145966E0,-8.192463684E-1,6.773704520E0
2.624135538E1,6.613846436E0,-2.839295654E0,-6.494993591E-1,7.226784479E0
2.625129437E1,7.091652832E0,-2.897973633E0,-4.529580688E-1,7.674305316E0
2.626123338E1,7.640561371E0,-3.022514648E0,-2.688409424E-1,8.221073428E0
2.627117237E1,8.174501038E0,-3.069816284E0,-9.580078125E-2,8.732434771E0
2.628111137E1,8.670270081E0,-3.038531342E0,6.391708374E-2,9.187510075E0
2.629105038E1,9.080716553E0,-3.014132080E0,2.306703186E-1,9.570664246E0
2.630098937E1,9.442364502E0,-2.936593323E0,3.806584167E-1,9.895793478E0
2.631092837E1,9.811496887E0,-2.785707092E0,4.412823486E-1,1.020883761E1
2.632086738E1,1.018751495E1,-2.669698334E0,4.755610657E-1,1.054224400E1
2.633080637E1,1.062191162E1,-2.661166077E0,4.444258118E-1,1.095921191E1
2.634074537E1,1.104523132E1,-2.735711060E0,4.592449951E-1,1.138824639E1
2.635068438E1,1.144519958E1,-2.808310089E0,4.837939453E-1,1.179462826E1
2.636062337E1,1.189785828E1,-2.933599548E0,4.528083801E-1,1.226254759E1
2.637056237E1,1.234872070E1,-3.191962280E0,5.474116516E-1,1.276633016E1
2.638050137E1,1.284344193E1,-3.525019684E0,7.735913086E-1,1.334084734E1
2.639044037E1,1.338576416E1,-3.768862610E0,9.747729492E-1,1.394034396E1
2.640037938E1,1.374007736E1,-3.879781952E0,1.038390656E0,1.431505114E1
2.641031837E1,1.391715912E1,-3.907624054E0,9.903405762E-1,1.448922421E1
2.642025737E1,1.398616562E1,-3.765419769E0,1.038390656E0,1.452134532E1
2.643019638E1,1.400622391E1,-3.730242920E0,1.074765015E0,1.453424027E1
2.644013537E1,1.395518005E1,-3.974385223E0,1.010997620E0,1.454527086E1
2.645007437E1,1.399185379E1,-4.680915985E0,8.446934509E-1,1.477824259E1
2.646001338E1,1.408765457E1,-5.688470764E0,8.714877319E-1,1.521775942E1
2.646995237E1,1.423105637E1,-6.693181458E0,1.211430817E0,1.577305322E1
2.647989137E1,1.435829178E1,-7.374414825E0,1.621428223E0,1.622256349E1
2.648983037E1,1.416938461E1,-7.591313782E0,1.979184265E0,1.619619324E1
2.649976937E1,1.368304596E1,-7.337741089E0,2.310894470E0,1.569740183E1
2.650970838E1,1.302621185E1,-6.521189117E0,2.459235992E0,1.477348789E1
2.651964737E1,1.233405121E1,-5.394033051E0,2.554138641E0,1.370211794E1
2.652958637E1,1.181403259E1,-4.405039673E0,2.623893585E0,1.287868620E1
2.653952538E1,1.139789795E1,-3.847748566E0,2.635569305E0,1.231517244E1
2.654946437E1,1.111214218E1,-3.732488251E0,2.600991211E0,1.200734474E1
2.655940337E1,1.101035385E1,-4.082610168E0,2.468217316E0,1.199948726E1
2.656934238E1,1.109702362E1,-4.818030853E0,2.303410034E0,1.231515539E1
2.657928137E1,1.138562347E1,-5.635930023E0,2.172133026E0,1.288853331E1
2.658922037E1,1.151196075E1,-6.287525024E0,1.960772552E0,1.326283681E1
2.659915938E1,1.148067581E1,-6.714437256E0,1.805545349E0,1.342198118E1
2.660909837E1,1.144325363E1,-6.906338196E0,1.747017059E0,1.347952631E1
2.661903737E1,1.122964783E1,-6.766528931E0,1.822160797E0,1.323673578E1
2.662897637E1,1.087608307E1,-6.397097168E0,1.893113251E0,1.275915016E1
2.663891537E1,1.039917480E1,-5.889652405E0,2.009122009E0,1.211888664E1
2.664885438E1,9.920320587E0,-5.343438263E0,2.250569916E0,1.149043768E1
2.665879337E1,9.425299988E0,-4.865781555E0,2.428549805E0,1.088163426E1
2.666873237E1,8.900641022E0,-4.498894501E0,2.433339844E0,1.026560301E1
2.667867138E1,8.354576569E0,-4.232298889E0,2.316882019E0,9.647758590E0
2.668861037E1,7.863148499E0,-3.961661682E0,2.175276489E0,9.069492566E0
2.669854937E1,7.465724945E0,-3.706442413E0,2.073338470E0,8.589149942E0
2.670848838E1,7.219037933E0,-3.589535522E0,1.885778503E0,8.279820923E0
2.671842737E1,6.965764618E0,-3.560944977E0,1.680405579E0,8.001622882E0
2.672836637E1,6.776408386E0,-3.610791321E0,1.396296387E0,7.804304465E0
2.673830537E1,6.542295227E0,-3.706292725E0,1.053958282E0,7.592697851E0
2.674824437E1,6.284680939E0,-3.888463898E0,7.126679993E-1,7.424638824E0
2.675818338E1,6.077511749E0,-4.105961609E0,3.589535522E-1,7.343290642E0
2.676812237E1,5.863756256E0,-4.302502899E0,1.028361511E-1,7.273633473E0
2.677806137E1,5.650000763E0,-4.498146057E0,-1.242416382E-1,7.222967711E0
2.678800038E1,5.502407684E0,-4.718787231E0,-3.206332397E-1,7.255773490E0
2.679793937E1,5.520370331E0,-4.994962921E0,-4.468208313E-1,7.458135962E0
2.680787837E1,5.533093872E0,-5.273383942E0,-4.090992737E-1,7.654480270E0
2.681781738E1,5.550158386E0,-5.488187256E0,-3.071612549E-1,7.811453482E0
2.682775637E1,5.591173096E0,-5.580245819E0,-1.377136230E-1,7.900590170E0
2.683769537E1,5.582640839E0,-5.624703369E0,8.592132568E-2,7.925310669E0
2.684763438E1,5.532644806E0,-5.658233643E0,3.655398560E-1,7.922082169E0
2.685757337E1,5.475463715E0,-5.709127808E0,6.083349609E-1,7.933783123E0
2.686751237E1,5.360802155E0,-5.783822479E0,7.720944214E-1,7.923820544E0
2.687745137E1,5.297334137E0,-5.955066376E0,9.633966064E-1,8.028243738E0
2.688739037E1,5.343737640E0,-6.198609924E0,1.164428558E0,8.266449711E0
2.689732938E1,5.499862976E0,-6.471193085E0,1.353635101E0,8.599834922E0
2.690726837E1,5.710325317E0,-6.820566559E0,1.518292694E0,9.024032143E0
2.691720737E1,6.042933655E0,-7.136709137E0,1.639540558E0,9.494090673E0
2.692714638E1,6.354286194E0,-7.400161285E0,1.736987915E0,9.907394567E0
2.693708537E1,6.578370209E0,-7.582182770E0,1.839674377E0,1.020533449E1
2.694702437E1,6.754853210E0,-7.699538727E0,1.964215393E0,1.042924161E1
2.695696338E1,6.808292084E0,-7.769293671E0,2.143991547E0,1.055042487E1
2.696690162E1,6.797215118E0,-7.740703125E0,2.313588867E0,1.055809224E1
2.697684062E1,6.872658234E0,-7.650889893E0,2.375110931E0,1.055512668E1
2.698677963E1,7.221283264E0,-7.628286896E0,2.326611786E0,1.075875529E1
2.699671862E1,7.725135498E0,-7.716453552E0,2.030527496E0,1.110605312E1
2.700665762E1,8.104446716E0,-7.895181885E0,1.447190552E0,1.140659082E1
2.701659663E1,8.396788788E0,-8.128995667E0,8.855584717E-1,1.172053097E1
2.702653562E1,8.728049927E0,-8.434959412E0,4.803511047E-1,1.214735086E1
2.703647462E1,9.095535736E0,-8.651259613E0,3.040177917E-1,1.255649195E1
2.704641363E1,9.345066833E0,-8.523724823E0,3.483256531E-1,1.265327980E1
2.705635262E1,9.504185944E0,-8.013885040E0,5.831872559E-1,1.244556191E1
2.706629163E1,9.625733185E0,-7.254065094E0,9.822573853E-1,1.209301572E1
2.707623062E1,9.719438324E0,-6.392456818E0,1.335822144E0,1.170962879E1
2.708616962E1,9.847721558E0,-5.658233643E0,1.540296936E0,1.146148954E1
2.709610863E1,1.000983444E1,-5.140909424E0,1.652713165E0,1.137353050E1
2.710604762E1,1.018691620E1,-4.884342957E0,1.659898224E0,1.141863958E1
2.711598662E1,1.033031799E1,-4.861590271E0,1.610351257E0,1.153012407E1
2.712592563E1,1.041429337E1,-4.909790039E0,1.459465027E0,1.160575645E1
2.713586462E1,1.047132477E1,-4.988526306E0,1.286873932E0,1.167005063E1
2.714580362E1,1.054946228E1,-5.112468567E0,1.089584198E0,1.177351617E1
2.715574263E1,1.057895096E1,-5.214556274E0,9.029223633E-1,1.182882367E1
2.716568162E1,1.050680099E1,-5.169350281E0,7.536827087E-1,1.173384366E1
2.717562062E1,1.040650955E1,-5.091063080E0,5.447172546E-1,1.159789124E1
2.718555962E1,1.014575180E1,-4.858446808E0,3.573069763E-1,1.125470805E1
2.719549862E1,9.873468018E0,-4.636907501E0,2.525248718E-1,1.091100594E1
2.720543763E1,9.470356293E0,-4.329746246E0,1.336720276E-1,1.041403952E1
2.721537662E1,8.976682892E0,-3.877536621E0,1.520837402E-1,9.779532476E0
2.722531562E1,8.473279724E0,-3.433859253E0,1.133143616E-1,9.143341774E0
2.723525463E1,7.946225739E0,-3.034190369E0,9.624984741E-2,8.506355196E0
2.724519362E1,7.472161560E0,-2.741548920E0,8.891510010E-2,7.959723284E0
2.725513262E1,7.067103882E0,-2.512375488E0,7.723937988E-2,7.500796877E0
2.726507163E1,6.764882355E0,-2.289788361E0,7.828720093E-2,7.142331055E0
2.727501062E1,6.568640442E0,-2.027084656E0,3.742218018E-2,6.874409784E0
2.728494962E1,6.473139038E0,-1.765428772E0,-8.741821289E-2,6.710134850E0
2.729488862E1,6.480473785E0,-1.581012268E0,-2.122586060E-1,6.673918938E0
2.730482762E1,6.569388885E0,-1.515448608E0,-3.195854187E-1,6.749488103E0
2.731476663E1,6.725813599E0,-1.535656586E0,-4.186793518E-1,6.911591865E0
2.732470562E1,6.982978821E0,-1.594484253E0,-4.950205994E-1,7.179792381E0
2.733464462E1,7.238796844E0,-1.712139587E0,-6.005511475E-1,7.462724931E0
2.734458363E1,7.442074127E0,-1.880988464E0,-6.924600220E-1,7.707274862E0
2.735452262E1,7.620054016E0,-2.174528046E0,-7.161108398E-1,7.956545115E0
2.736446162E1,7.809410248E0,-2.555336151E0,-6.765930176E-1,8.244659446E0
2.737440063E1,8.081694031E0,-2.891387329E0,-5.408253479E-1,8.600371571E0
2.738433962E1,8.455466766E0,-3.124003601E0,-3.095562744E-1,9.019431347E0
2.739427862E1,8.852441254E0,-3.284769287E0,1.676513672E-2,9.442229953E0
2.740421763E1,9.245523834E0,-3.433859253E0,3.646417236E-1,9.869349721E0
2.741415562E1,9.631421356E0,-3.509601746E0,6.643185425E-1,1.027243403E1
2.742409462E1,9.876012726E0,-3.486699371E0,9.051676941E-1,1.051247014E1
2.743403462E1,1.009934830E1,-3.463198242E0,1.091081085E0,1.073224282E1
2.744397262E1,1.031475037E1,-3.480262756E0,1.241967316E0,1.095667773E1
2.745391162E1,1.057835220E1,-3.635489960E0,1.344653778E0,1.126616245E1
2.746385063E1,1.103535187E1,-3.963008881E0,1.493594055E0,1.182012070E1
2.747378962E1,1.169338348E1,-4.362528076E0,1.684896240E0,1.259387724E1
2.748372862E1,1.242266693E1,-4.685706024E0,1.951491852E0,1.341964288E1
2.749366763E1,1.302291870E1,-4.784350891E0,2.145039368E0,1.403878979E1
2.750360662E1,1.349324066E1,-4.591851196E0,2.194286957E0,1.442107958E1
2.751354562E1,1.383063904E1,-4.143982544E0,2.214644623E0,1.460697841E1
2.752348462E1,1.396176636E1,-3.668571167E0,2.182760925E0,1.459978697E1
2.753342362E1,1.416115173E1,-3.367397461E0,2.091899872E0,1.470556456E1
2.754336263E1,1.442640015E1,-3.291954346E0,1.965562592E0,1.492720406E1
2.755330162E1,1.470497086E1,-3.663930817E0,1.834435272E0,1.526517965E1
2.756324062E1,1.489627304E1,-4.407285004E0,1.870959320E0,1.564683995E1
2.757317963E1,1.491827728E1,-5.199587402E0,1.891466675E0,1.591126495E1
2.758311862E1,1.477981522E1,-5.722001038E0,1.774859161E0,1.594786377E1
2.759305762E1,1.450094513E1,-5.754034424E0,1.608554993E0,1.568355097E1
2.760299663E1,1.387629410E1,-5.371879120E0,1.475781097E0,1.495281087E1
2.761293562E1,1.316153046E1,-4.775818634E0,1.431323547E0,1.407419677E1
2.762287462E1,1.250275040E1,-4.173620911E0,1.601519623E0,1.327790436E1
2.763281362E1,1.197704361E1,-3.842210083E0,1.887724457E0,1.271910593E1
2.764275262E1,1.151929550E1,-3.815415802E0,2.162852325E0,1.232596839E1
2.765269163E1,1.123937759E1,-4.034260712E0,2.355052643E0,1.217148886E1
2.766263062E1,1.120060822E1,-4.434827728E0,2.484982452E0,1.230026256E1
2.767256962E1,1.136541550E1,-4.900060272E0,2.448009338E0,1.261649753E1
2.768250863E1,1.160177399E1,-5.289101257E0,2.168540497E0,1.293361201E1
2.769244762E1,1.164697998E1,-5.532195740E0,1.693877563E0,1.300486653E1
2.770238662E1,1.168440216E1,-5.648952942E0,1.241218872E0,1.303750542E1
2.771232563E1,1.166359543E1,-5.655239868E0,8.768765259E-1,1.299192475E1
2.772226462E1,1.151106262E1,-5.452112274E0,5.677693176E-1,1.274960599E1
2.773220362E1,1.119596786E1,-5.045408020E0,3.923341370E-1,1.228656846E1
2.774214263E1,1.079091019E1,-4.678520966E0,2.577639771E-1,1.176429953E1
2.775208162E1,1.043120819E1,-4.263134766E0,4.110452271E-1,1.127623078E1
2.776202062E1,1.006387207E1,-3.854933624E0,8.379574585E-1,1.080944989E1
2.777195962E1,9.646240540E0,-3.556304626E0,1.289718018E0,1.036149756E1
2.778189862E1,9.161548462E0,-3.426823883E0,1.530866547E0,9.900537588E0
2.779183763E1,8.687484283E0,-3.410058746E0,1.631756744E0,9.474360870E0
2.780177662E1,8.322692871E0,-3.501967621E0,1.657802582E0,9.180375986E0
2.781171562E1,8.021219788E0,-3.727099457E0,1.682650909E0,9.003474403E0
2.782165463E1,7.700436859E0,-4.015100555E0,1.733994141E0,8.855760609E0
2.783159362E1,7.411088562E0,-4.286486206E0,1.672921143E0,8.723351582E0
2.784153262E1,7.181166687E0,-4.597539368E0,1.536105652E0,8.664072010E0
2.785147163E1,6.957382050E0,-4.863087158E0,1.371897125E0,8.598655907E0
2.786141062E1,6.785090332E0,-5.020110626E0,1.191522217E0,8.524006494E0
2.787134962E1,6.649921417E0,-5.197641449E0,1.008602600E0,8.500247684E0
2.788128862E1,6.624624023E0,-5.428611145E0,8.274792480E-1,8.604660616E0
2.789122762E1,6.679559784E0,-5.699996796E0,7.036866760E-1,8.809180286E0
2.790116663E1,6.749165039E0,-5.951773224E0,6.469546509E-1,9.021828171E0
2.791110562E1,6.770271149E0,-6.131399689E0,5.662724304E-1,9.151573528E0
2.792104462E1,6.770271149E0,-6.231990509E0,5.146298218E-1,9.216242238E0
2.793098363E1,6.697971497E0,-6.240073700E0,4.685256958E-1,9.166289232E0
2.794092262E1,6.628366241E0,-6.101312256E0,4.572990417E-1,9.020552793E0
2.795086162E1,6.606511688E0,-5.791157227E0,5.607339478E-1,8.803290366E0
2.796080063E1,6.593339081E0,-5.386099548E0,7.000941467E-1,8.542383765E0
2.797073987E1,6.531218262E0,-5.021457825E0,7.933502197E-1,8.276548510E0
2.798067887E1,6.408623199E0,-4.807702332E0,8.243357849E-1,8.053817884E0
2.799061787E1,6.273753662E0,-4.749174042E0,8.806187439E-1,7.917709799E0
2.800055687E1,6.217021637E0,-4.805457001E0,9.430389404E-1,7.914107496E0
2.801049588E1,6.197562103E0,-5.046156464E0,9.613009644E-1,8.049693822E0
2.802043487E1,6.175707550E0,-5.438640289E0,9.604028320E-1,8.284958994E0
2.803037387E1,6.159241791E0,-5.937552795E0,9.389973450E-1,8.606538715E0
2.804031288E1,6.229894867E0,-6.439608765E0,9.481283569E-1,9.009944421E0
2.805025187E1,6.283633118E0,-6.797215118E0,9.985734558E-1,9.310388148E0
2.806019087E1,6.205944672E0,-6.915918274E0,1.076561279E0,9.354285597E0
2.807012988E1,6.059399414E0,-6.788533173E0,1.183588715E0,9.176131328E0
2.808006887E1,5.997428284E0,-6.493347015E0,1.246607666E0,8.926742528E0
2.809000787E1,6.123466187E0,-6.223158875E0,1.190773773E0,8.811497415E0
2.809994687E1,6.446045380E0,-6.221961365E0,1.013542328E0,9.016183911E0
2.810988587E1,6.824159088E0,-6.598428497E0,6.840774536E-1,9.517161754E0
2.811982488E1,7.167994080E0,-7.252867584E0,2.972817993E-1,1.020159810E1
2.812976387E1,7.532037048E0,-7.930508423E0,5.298980713E-2,1.093742903E1
2.813970287E1,7.856861572E0,-8.367150421E0,5.119354248E-2,1.147789618E1
2.814964188E1,8.132139130E0,-8.443641357E0,1.440005493E-1,1.172380068E1
2.815958087E1,8.359815674E0,-7.979157257E0,4.620890808E-1,1.156576824E1
2.816951987E1,8.675658875E0,-7.020550690E0,9.798623657E-1,1.120336196E1
2.817945888E1,9.015152893E0,-6.071524200E0,1.506916351E0,1.097302076E1
2.818939787E1,9.363029480E0,-5.449268188E0,2.009720764E0,1.101815876E1
2.819933687E1,9.735754395E0,-5.188660126E0,2.304906921E0,1.127030183E1
2.820927588E1,1.018257523E1,-5.193899231E0,2.283202057E0,1.165651917E1
2.821921487E1,1.082099762E1,-5.557493134E0,1.963616638E0,1.232215524E1
2.822915387E1,1.139011414E1,-6.256689148E0,1.493444366E0,1.308094932E1
2.823909287E1,1.176283905E1,-6.943610687E0,9.538165283E-1,1.369262129E1
2.824903187E1,1.193977112E1,-7.164401550E0,6.089337158E-1,1.393763194E1
2.825897088E1,1.193557983E1,-6.892566833E0,3.242257690E-1,1.378661183E1
2.826890987E1,1.164548309E1,-6.147266693E0,1.094224548E-1,1.316883205E1
2.827884887E1,1.113220047E1,-5.007985840E0,-6.735992432E-2,1.220697943E1
2.828878788E1,1.052970337E1,-3.840114441E0,4.730163574E-2,1.120818314E1
2.829872687E1,1.007255402E1,-2.891686707E0,3.998185730E-1,1.048704207E1
2.830866587E1,9.542655945E0,-2.132315826E0,8.264314270E-1,9.812850869E0
2.831860488E1,9.036558380E0,-1.604812775E0,1.089284821E0,9.242367274E0
2.832854387E1,8.491990814E0,-1.246607666E0,1.212029572E0,8.668157494E0
2.833848287E1,8.074059906E0,-1.109792175E0,1.157542877E0,8.231766976E0
2.834842187E1,7.800129547E0,-1.114282837E0,8.894503784E-1,7.929361208E0
2.835836087E1,7.556436310E0,-1.188528442E0,5.324427795E-1,7.667843561E0
2.836829988E1,7.307803345E0,-1.349443817E0,2.043251038E-1,7.434160147E0
2.837823887E1,7.129075012E0,-1.522483978E0,1.496887207E-3,7.289833348E0
2.838817787E1,7.016808472E0,-1.680405579E0,-9.744735718E-2,7.215875555E0
2.839811688E1,6.977590027E0,-1.856589203E0,-1.420545959E-1,7.221763328E0
2.840805587E1,7.069947968E0,-2.082619171E0,-1.312770081E-1,7.371478856E0
2.841799487E1,7.260501709E0,-2.379900970E0,-8.622070312E-2,7.641089432E0
2.842793388E1,7.464826813E0,-2.700085144E0,8.981323242E-4,7.938142096E0
2.843787287E1,7.664960632E0,-2.988535309E0,1.227447510E-1,8.227881323E0
2.844781187E1,7.880512390E0,-3.221151581E0,2.962339783E-1,8.518570749E0
2.845775088E1,8.112679596E0,-3.395239563E0,4.511618042E-1,8.806064325E0
2.846768987E1,8.318052521E0,-3.573818207E0,5.448669434E-1,9.069677740E0
2.847762887E1,8.498577118E0,-3.789220276E0,6.562353516E-1,9.328164244E0
2.848756787E1,8.699908447E0,-3.929328918E0,7.209008789E-1,9.573282134E0
2.849750687E1,8.911268921E0,-3.938459930E0,7.607180786E-1,9.772454779E0
2.850744588E1,9.153614960E0,-3.858226776E0,8.274792480E-1,9.967913653E0
2.851738487E1,9.431137848E0,-3.727249146E0,9.018745422E-1,1.018096876E1
2.852732387E1,9.766739960E0,-3.562142487E0,9.511221313E-1,1.043947804E1
2.853726288E1,1.014066238E1,-3.477718048E0,9.770182800E-1,1.076485583E1
2.854720187E1,1.056413177E1,-3.597768402E0,1.018182678E0,1.120631579E1
2.855714087E1,1.109118576E1,-3.791166229E0,1.091380463E0,1.177193503E1
2.856707988E1,1.159189453E1,-3.948788452E0,1.175655212E0,1.230232150E1
2.857701887E1,1.212269073E1,-4.176165619E0,1.271905060E0,1.288478686E1
2.858695787E1,1.259795242E1,-4.410428467E0,1.384770355E0,1.341930972E1
2.859689687E1,1.296094757E1,-4.508474579E0,1.530567169E0,1.380779276E1
2.860683587E1,1.317619995E1,-4.401896210E0,1.697619781E0,1.399538668E1
2.861677488E1,1.335148544E1,-4.048032074E0,1.894610138E0,1.407971146E1
2.862671387E1,1.358574829E1,-3.509452057E0,2.097288666E0,1.418758014E1
2.863665287E1,1.404678955E1,-3.109932861E0,2.139051819E0,1.454508583E1
2.864659188E1,1.454959396E1,-3.096610565E0,2.031874695E0,1.501360038E1
2.865653087E1,1.510898071E1,-3.463497620E0,2.026036835E0,1.563272015E1
2.866646987E1,1.546673676E1,-3.874842224E0,2.124232635E0,1.608560575E1
2.867640888E1,1.536240372E1,-4.089346161E0,2.032922516E0,1.602682046E1
2.868634787E1,1.486364090E1,-4.062851257E0,1.753902740E0,1.550840920E1
2.869628687E1,1.402688095E1,-3.844904480E0,1.298549652E0,1.460215432E1
2.870622588E1,1.311692322E1,-3.602558441E0,9.982740784E-1,1.363923213E1
2.871616487E1,1.244482086E1,-3.505111084E0,1.116528168E0,1.297713393E1
2.872610388E1,1.194426178E1,-3.607498169E0,1.240320740E0,1.253865336E1
2.873604287E1,1.159952866E1,-3.952830048E0,1.268162842E0,1.231999056E1
2.874598187E1,1.155013138E1,-4.597689056E0,1.251697083E0,1.249443977E1
2.875592088E1,1.165656006E1,-5.323379974E0,1.258433075E0,1.287623472E1
2.876585987E1,1.184037781E1,-6.029761047E0,1.251996460E0,1.334616275E1
2.877579887E1,1.209170517E1,-6.677613831E0,1.139280853E0,1.385993583E1
2.878573788E1,1.224708206E1,-7.099586334E0,1.068777466E0,1.419638794E1
2.879567687E1,1.252116211E1,-7.381001129E0,9.449848938E-1,1.456542738E1
2.880561587E1,1.254466324E1,-7.392676849E0,8.822653198E-1,1.458761937E1
2.881555488E1,1.240290802E1,-7.111262054E0,9.927355957E-1,1.433135372E1
2.882549387E1,1.214110245E1,-6.642736359E0,1.196611633E0,1.389115526E1
2.883543287E1,1.176209061E1,-6.029611359E0,1.569186859E0,1.331034695E1
2.884537187E1,1.138128250E1,-5.422174530E0,1.980232086E0,1.276146101E1
2.885531087E1,1.092802505E1,-4.897216187E0,2.297123108E0,1.219349140E1
2.886524988E1,1.048958679E1,-4.509672089E0,2.504591675E0,1.168937778E1
2.887518887E1,1.007135651E1,-4.198319550E0,2.623145142E0,1.122225465E1
2.888512787E1,9.680668945E0,-3.970942383E0,2.717598724E0,1.081060024E1
2.889506688E1,9.346563721E0,-3.826492767E0,2.714904327E0,1.045805937E1
2.890500587E1,8.965156860E0,-3.795806580E0,2.573298798E0,1.006995789E1
2.891494487E1,8.544681244E0,-3.939956818E0,2.365530853E0,9.702091192E0
2.892488388E1,8.169561310E0,-4.141587524E0,2.053280182E0,9.386716078E0
2.893482287E1,7.795040131E0,-4.282444611E0,1.717229004E0,9.058192862E0
2.894476187E1,7.424111481E0,-4.369713135E0,1.400936737E0,8.727797425E0
2.895470087E1,7.188052368E0,-4.499493256E0,1.119372253E0,8.553743663E0
2.896464025E1,6.982829132E0,-4.621489563E0,8.783734131E-1,8.419596684E0
2.897457925E1,6.774911499E0,-4.723876648E0,6.849755859E-1,8.287558625E0
2.898451825E1,6.579418030E0,-4.877756653E0,5.478607178E-1,8.208617602E0
2.899445725E1,6.412964172E0,-5.059778137E0,4.475692749E-1,8.180940198E0
2.900439625E1,6.242019653E0,-5.218597870E0,3.728746033E-1,8.144667492E0
2.901433525E1,6.083199921E0,-5.404361572E0,3.317102051E-1,8.143861304E0
2.902427425E1,5.883365479E0,-5.601351929E0,3.290158081E-1,8.130029778E0
2.903421325E1,5.661826172E0,-5.740113373E0,3.620970154E-1,8.070705755E0
2.904415225E1,5.478607178E0,-5.771697693E0,4.158352661E-1,7.968723225E0
2.905409125E1,5.346581726E0,-5.762566681E0,5.450166321E-1,7.879730581E0
2.906403025E1,5.171296234E0,-5.720204773E0,6.851252747E-1,7.741604745E0
2.907396925E1,5.017266541E0,-5.644611969E0,8.297245789E-1,7.597568736E0
2.908390825E1,4.970563660E0,-5.630541229E0,9.696835327E-1,7.572964002E0
2.909384725E1,4.970413971E0,-5.761967926E0,1.031804352E0,7.679186783E0
2.910378625E1,5.060526581E0,-6.051166534E0,1.047521667E0,7.957565416E0
2.911372525E1,5.189109192E0,-6.444847870E0,1.013242950E0,8.336041000E0
2.912366425E1,5.280419312E0,-6.844067688E0,9.577084351E-1,8.697200473E0
2.913360325E1,5.336851959E0,-7.245083771E0,9.077124023E-1,9.044178762E0
2.914354225E1,5.375920715E0,-7.558082886E0,9.195378113E-1,9.320444744E0
2.915348125E1,5.368136902E0,-7.713459778E0,1.070873108E0,9.458389120E0
2.916342025E1,5.416336670E0,-7.594157867E0,1.343905334E0,9.424118961E0
2.917335925E1,5.592220917E0,-7.284751282E0,1.662143555E0,9.332912579E0
2.918329825E1,5.952521667E0,-6.949298859E0,1.895059204E0,9.344330806E0
2.919323725E1,6.427633667E0,-6.811285858E0,1.847907257E0,9.545828975E0
2.920317625E1,6.890022125E0,-7.025789795E0,1.488804016E0,9.952420034E0
2.921311525E1,7.186405792E0,-7.593110046E0,9.181906128E-1,1.049489506E1
2.922305425E1,7.524402924E0,-8.252937927E0,4.068539429E-1,1.117556056E1
2.923299325E1,7.844736786E0,-8.774303741E0,2.317181396E-1,1.177208540E1
2.924293225E1,8.159083099E0,-9.087452545E0,2.395019531E-1,1.221514601E1
2.925287125E1,8.563841400E0,-9.008416901E0,3.360511780E-1,1.243398106E1
2.926281025E1,9.065897369E0,-8.251441040E0,6.527925110E-1,1.227611145E1
2.927274925E1,9.564211121E0,-6.829697571E0,1.165326691E0,1.181003343E1
2.928268825E1,9.952054596E0,-5.378315735E0,1.615290985E0,1.142710969E1
2.929262725E1,1.040097107E1,-4.320465546E0,1.934876404E0,1.142761429E1
2.930256625E1,1.086500610E1,-3.619323578E0,2.045795746E0,1.163327731E1
2.931250525E1,1.130868347E1,-3.335813141E0,1.917362823E0,1.194530248E1
2.932244425E1,1.162078445E1,-3.452570343E0,1.644180908E0,1.223381397E1
2.933238325E1,1.171314240E1,-3.941004639E0,1.249601440E0,1.242138181E1
2.934232225E1,1.173918823E1,-4.647535400E0,7.442523193E-1,1.264760994E1
2.935226125E1,1.185938828E1,-5.316494293E0,3.231779480E-1,1.300056329E1
2.936220025E1,1.191088120E1,-5.662873993E0,8.128097534E-2,1.318877702E1
2.937213925E1,1.183588715E1,-5.657934265E0,-4.161346436E-2,1.311877191E1
2.938207825E1,1.143876297E1,-5.236111450E0,-1.586700439E-2,1.258023899E1
2.939201725E1,1.090632019E1,-4.522096252E0,1.429527283E-1,1.180752345E1
2.940195625E1,1.044557831E1,-3.676654358E0,4.770579529E-1,1.108401903E1
2.941189525E1,9.942175140E0,-2.877316589E0,9.886940002E-1,1.039727431E1
2.942183425E1,9.336684265E0,-2.330354004E0,1.430425415E0,9.728840615E0
2.943177325E1,8.686586151E0,-2.070943451E0,1.600920868E0,9.072405048E0
2.944171225E1,8.013735352E0,-1.978435822E0,1.654210052E0,8.418466219E0
2.945165125E1,7.471263428E0,-1.935924225E0,1.664837952E0,7.895521846E0
2.946159025E1,7.132667542E0,-1.963317261E0,1.636995850E0,7.576893581E0
2.947152925E1,6.938521271E0,-2.051483917E0,1.587149506E0,7.407476442E0
2.948146825E1,6.771917725E0,-2.248773651E0,1.419348450E0,7.275328352E0
2.949140725E1,6.581363983E0,-2.501747589E0,1.166075134E0,7.136723625E0
2.950134625E1,6.423143005E0,-2.725382538E0,9.325607300E-1,7.039470545E0
2.951128525E1,6.372548218E0,-2.955753479E0,7.177574158E-1,7.061233966E0
2.952122425E1,6.540648651E0,-3.209475861E0,4.945715332E-1,7.302425698E0
2.953116325E1,6.756050720E0,-3.361409912E0,1.568737793E-1,7.547708746E0
2.954110225E1,6.905140686E0,-3.476221161E0,-2.805166626E-1,7.735875584E0
2.955104125E1,7.123536530E0,-3.589385834E0,-6.861730957E-1,8.006203649E0
2.956098025E1,7.379204865E0,-3.710484009E0,-9.493258667E-1,8.313938634E0
2.957091925E1,7.600744171E0,-3.862567749E0,-1.124012604E0,8.599659639E0
2.958085825E1,7.762707367E0,-3.994144135E0,-1.243763580E0,8.818149515E0
2.959079725E1,8.028554535E0,-4.068090363E0,-1.087488556E0,9.065852330E0
2.960073625E1,8.415499878E0,-4.045038300E0,-6.535409546E-1,9.360026112E0
2.961067525E1,8.901688843E0,-3.936813354E0,-6.496490479E-2,9.733590503E0
2.962061425E1,9.428293762E0,-3.813918915E0,4.707710266E-1,1.018137152E1
2.963055325E1,1.004291565E1,-3.590583344E0,8.360115051E-1,1.069819418E1
2.964049225E1,1.072280182E1,-3.175795898E0,1.209185486E0,1.124839046E1
2.965043125E1,1.136676270E1,-2.709066467E0,1.485959930E0,1.177923649E1
2.966037025E1,1.215981354E1,-2.363584900E0,1.667981415E0,1.249919041E1
2.967030925E1,1.295630722E1,-2.186203766E0,1.764680328E0,1.325743114E1
2.968024825E1,1.365355728E1,-2.156715088E0,1.851499786E0,1.394629334E1
2.969018725E1,1.421174652E1,-2.229912872E0,1.822909241E0,1.450066373E1
2.970012625E1,1.453297852E1,-2.272424469E0,1.689686279E0,1.480629654E1
2.971006525E1,1.467877533E1,-2.321222992E0,1.436113586E0,1.493040333E1
2.972000425E1,1.463147369E1,-2.402653656E0,1.089135132E0,1.486737981E1
2.972994325E1,1.460423035E1,-2.492915955E0,6.566844177E-1,1.483001714E1
2.973988225E1,1.453776855E1,-2.480042725E0,8.666976929E-2,1.474804523E1
2.974982125E1,1.459973969E1,-2.521057434E0,-2.665956116E-1,1.481820511E1
2.975976025E1,1.488250168E1,-3.076103210E0,-4.758604431E-1,1.520452927E1
2.976969925E1,1.501796997E1,-3.965553589E0,-4.327500916E-1,1.553873579E1
2.977963825E1,1.490540405E1,-4.701722717E0,-2.215393066E-1,1.563094195E1
2.978957725E1,1.460348190E1,-5.041665802E0,6.765930176E-2,1.544942250E1
2.979951625E1,1.400173325E1,-4.947661285E0,4.430786133E-1,1.485678985E1
2.980945525E1,1.329056213E1,-4.498445435E0,8.741821289E-1,1.405842266E1
2.981939425E1,1.285856049E1,-3.996838531E0,1.212478638E0,1.351988907E1
2.982933325E1,1.247206421E1,-3.545676727E0,1.514251099E0,1.305439257E1
2.983927225E1,1.215247879E1,-3.471131744E0,1.772164764E0,1.276213400E1
2.984921125E1,1.197225357E1,-3.858675842E0,2.013462982E0,1.273884877E1
2.985915025E1,1.187166275E1,-4.489613800E0,2.136656799E0,1.287083178E1
2.986908925E1,1.189411606E1,-5.190007324E0,2.107018433E0,1.314707950E1
2.987902825E1,1.196267349E1,-5.873036957E0,2.131417694E0,1.349596464E1
2.988896725E1,1.200069443E1,-6.476282501E0,2.076481934E0,1.379386382E1
2.989890625E1,1.197375046E1,-6.863527222E0,1.845212860E0,1.392420613E1
2.990884525E1,1.183813248E1,-6.936725006E0,1.589394836E0,1.381252006E1
2.991878425E1,1.154863449E1,-6.736142120E0,1.457369385E0,1.344881016E1
2.992872325E1,1.116558105E1,-6.295159149E0,1.499282227E0,1.290531194E1
2.993866225E1,1.079480209E1,-5.694009247E0,1.706601105E0,1.232322932E1
2.994860125E1,1.039513321E1,-4.993166656E0,1.936522980E0,1.169361488E1
2.995854025E1,9.990225220E0,-4.319866791E0,2.043251038E0,1.107432724E1
2.996847913E1,9.470056915E0,-3.694167938E0,2.024090881E0,1.036464175E1
2.997841812E1,9.003926239E0,-3.238964539E0,2.009421387E0,9.777492179E0
2.998835712E1,8.598269806E0,-2.992277527E0,1.959874420E0,9.312629929E0
2.999829613E1,8.175249481E0,-2.842289429E0,1.866019592E0,8.854114433E0