"Time (s)","Acceleration x (m/s^2)","Acceleration y (m/s^2)","Acceleration z (m/s^2)","Absolute acceleration (m/s^2)"
3.491833333E-3,-8.843310242E0,1.084794159E0,7.881859589E0,1.189557165E1
1.349483333E-2,-8.263266449E0,7.367678833E-1,8.103249207E0,1.159685505E1
2.349683333E-2,-7.598049774E0,7.695497131E-1,8.393795013E0,1.134805542E1
3.349983333E-2,-7.397466888E0,1.135688324E0,8.696615295E0,1.147359673E1
4.350183333E-2,-7.975564728E0,2.046244812E0,8.760682068E0,1.202274099E1
5.350483333E-2,-8.816366272E0,3.269950104E0,8.714877319E0,1.282068542E1
6.350683333E-2,-9.711504822E0,4.685706024E0,8.579708405E0,1.377971564E1
7.350983333E-2,-1.053389465E1,6.122568054E0,8.251740417E0,1.471529803E1
8.351183333E-2,-1.077309723E1,6.812932434E0,7.506889343E0,1.479287193E1
9.351483333E-2,-1.070139633E1,6.402935028E0,6.368057556E0,1.400248612E1
1.035168333E-1,-1.101334763E1,4.942122803E0,5.302722931E0,1.318473641E1
1.135198333E-1,-1.179187866E1,3.370540924E0,5.004842377E0,1.324603321E1
1.235218333E-1,-1.247820145E1,2.484683075E0,5.121449890E0,1.371526195E1
1.335248333E-1,-1.308863205E1,2.003433838E0,5.585185547E0,1.437081534E1
1.435278333E-1,-1.363050522E1,1.758692780E0,5.475314026E0,1.479401016E1
1.535298333E-1,-1.383752472E1,1.732796631E0,5.121898956E0,1.485643037E1
1.635328333E-1,-1.365894608E1,2.217488708E0,5.037624207E0,1.472622564E1
1.735348333E-1,-1.274928772E1,3.030298462E0,5.470523987E0,1.420048164E1
1.835378333E-1,-1.133218460E1,3.889212341E0,5.738167419E0,1.328423674E1
1.935398333E-1,-1.011461655E1,4.165388031E0,5.864205322E0,1.241147974E1
2.035428333E-1,-9.072932739E0,3.935316467E0,6.107299805E0,1.162342183E1
2.135448333E-1,-8.242310028E0,3.665577393E0,6.214776306E0,1.095424926E1
2.235478333E-1,-7.265142059E0,3.383713531E0,6.125711517E0,1.008742524E1
2.335498333E-1,-6.336473236E0,3.226390686E0,5.567821655E0,9.031119970E0
2.435528333E-1,-5.409450989E0,2.997217255E0,5.251828766E0,8.113394891E0
2.535548333E-1,-4.638853455E0,2.828967133E0,4.924609222E0,7.333061598E0
2.635578333E-1,-4.034260712E0,2.621049500E0,4.471501465E0,6.568065569E0
2.735598333E-1,-3.343746643E0,2.392474823E0,4.186793518E0,5.868033517E0
2.835628333E-1,-2.852617950E0,2.297572174E0,3.891457672E0,5.344128543E0
2.935658333E-1,-2.241588593E0,2.234702911E0,3.608246613E0,4.799797927E0
3.035678333E-1,-1.901196442E0,2.157762909E0,3.470682678E0,4.507341449E0
3.135708333E-1,-1.642684021E0,2.196083221E0,3.395089874E0,4.364381693E0
3.235729583E-1,-1.263073425E0,2.253563690E0,3.265908508E0,4.164140027E0
3.335759583E-1,-1.229393463E0,2.480791168E0,3.298540649E0,4.306518724E0
3.435779583E-1,-1.176852722E0,2.836451569E0,3.357368317E0,4.549984818E0
3.535809583E-1,-1.822609863E0,3.136577454E0,3.323688354E0,4.920053771E0
3.635829583E-1,-2.771636353E0,3.244503021E0,3.359613647E0,5.431000993E0
3.735859583E-1,-3.415148163E0,3.347039795E0,3.491040344E0,5.920580634E0
3.835879583E-1,-3.851640472E0,3.620221710E0,3.814218292E0,6.518389428E0
3.935909583E-1,-4.344116364E0,3.927382965E0,4.101021881E0,7.149410074E0
4.035929583E-1,-4.731510773E0,4.123026123E0,4.237537994E0,7.572533715E0
4.135959583E-1,-5.124593353E0,4.200864258E0,4.502487030E0,8.011311191E0
4.235979583E-1,-5.616919556E0,4.109404449E0,4.878804474E0,8.499395468E0
4.336009583E-1,-6.050717468E0,3.868106232E0,5.212011566E0,8.873471264E0
4.436029583E-1,-6.343358917E0,3.585344238E0,5.643863525E0,9.216620376E0
4.536059583E-1,-6.682703247E0,3.347638550E0,6.184389496E0,9.701127769E0
4.636089583E-1,-6.953789520E0,3.215313721E0,6.804100800E0,1.024642468E1
4.736109583E-1,-7.507937164E0,3.064427490E0,7.338938599E0,1.093708627E1
4.836139583E-1,-8.137527924E0,2.887495422E0,7.816894684E0,1.164735305E1
4.936159583E-1,-8.374934235E0,2.541714478E0,8.238567810E0,1.201972693E1
5.036189583E-1,-8.639583893E0,1.787283325E0,8.376281433E0,1.216547912E1
5.136209583E-1,-8.820108490E0,9.412426758E-1,8.436306610E0,1.224138557E1
5.236239583E-1,-8.779842224E0,3.547622681E-1,8.312663727E0,1.209594411E1
5.336259583E-1,-8.223898315E0,2.847079468E-1,8.713081055E0,1.198462947E1
5.436289583E-1,-7.474556580E0,1.060993652E0,9.316027222E0,1.199095771E1
5.536309583E-1,-7.164700928E0,2.338586884E0,9.195677490E0,1.188959261E1
5.636339583E-1,-7.394024048E0,3.330274658E0,8.718320160E0,1.190678073E1
5.736359583E-1,-7.747888184E0,4.123175812E0,8.093818817E0,1.193902229E1
5.836389583E-1,-8.322692871E0,4.592599640E0,7.928861847E0,1.237845056E1
5.936419583E-1,-8.941056976E0,4.361779633E0,7.955057373E0,1.273776115E1
6.036439583E-1,-9.794132996E0,2.702629852E0,7.968229980E0,1.291208497E1
6.136469583E-1,-1.049407745E1,8.954379272E-1,7.957302704E0,1.320023246E1
6.236489583E-1,-1.077175003E1,-7.544311523E-2,7.613767090E0,1.319112352E1
6.336519583E-1,-1.113624207E1,-2.191442871E-1,7.406897278E0,1.337632382E1
6.436539583E-1,-1.148890869E1,5.665718079E-1,7.037764893E0,1.348503471E1
6.536569583E-1,-1.196701447E1,2.083666992E0,6.401587830E0,1.373067479E1
6.636589583E-1,-1.291080185E1,3.632196808E0,5.554649048E0,1.451674151E1
6.736619583E-1,-1.407238632E1,4.592749329E0,5.088668060E0,1.565311298E1
6.836639583E-1,-1.503278915E1,5.184917908E0,4.757855988E0,1.659835284E1
6.936669583E-1,-1.522498947E1,5.132676544E0,4.603227539E0,1.671329940E1
7.036689583E-1,-1.493983246E1,4.375850372E0,5.042563934E0,1.636380492E1
7.136719583E-1,-1.400427795E1,3.342549133E0,6.309678955E0,1.571955738E1
7.236739583E-1,-1.228390549E1,2.554138641E0,7.273973694E0,1.450271187E1
7.336769583E-1,-1.057266403E1,2.060465240E0,7.358847198E0,1.304528167E1
7.436799583E-1,-9.085356903E0,1.615889740E0,7.418722687E0,1.184028108E1
7.536819583E-1,-7.828271027E0,1.327589264E0,7.061266022E0,1.062571402E1
7.636849583E-1,-7.163503418E0,1.000519409E0,6.913523254E0,1.000567959E1
7.736869583E-1,-6.518644409E0,7.653584290E-1,6.685397644E0,9.368726707E0
7.836899583E-1,-5.903274078E0,5.393284607E-1,6.329737244E0,8.672087039E0
7.936919583E-1,-5.389243011E0,4.692741394E-1,5.966742096E0,8.053953668E0
8.036949583E-1,-4.899461517E0,4.390370178E-1,5.492079163E0,7.372951254E0
8.136969583E-1,-4.475692749E0,3.824546814E-1,4.974605255E0,6.702596110E0
8.236999583E-1,-4.284839630E0,3.477268982E-1,4.360282745E0,6.123138923E0
8.337019583E-1,-4.245920563E0,2.820135498E-1,3.967649231E0,5.818042066E0
8.437049583E-1,-4.333638153E0,1.463955688E-1,3.678750000E0,5.686391902E0
8.537069583E-1,-4.403842163E0,4.385879517E-2,3.321892090E0,5.516404304E0
8.637099583E-1,-4.559368744E0,4.475692749E-2,3.060236206E0,5.491347026E0
8.737119583E-1,-4.646487579E0,8.801696777E-2,2.852917328E0,5.453139563E0
8.837149583E-1,-4.743186493E0,1.465452576E-1,2.865940247E0,5.543726826E0
8.937179583E-1,-4.908293152E0,1.730401611E-1,2.954705658E0,5.731628921E0
9.037199583E-1,-5.026996307E0,1.219963074E-1,3.108136597E0,5.911521638E0
9.137229583E-1,-5.049898682E0,1.425036621E-1,3.327280884E0,6.049180281E0
9.237249583E-1,-5.014572144E0,1.805245972E-1,3.545527039E0,6.144044669E0
9.337279583E-1,-4.930596771E0,2.972817993E-1,3.842060394E0,6.257842205E0
9.437299583E-1,-4.832101593E0,4.170327759E-1,4.175566864E0,6.399881310E0
9.537329583E-1,-4.726870422E0,4.704716492E-1,4.540358276E0,6.571111081E0
9.637349583E-1,-4.690046997E0,5.180726624E-1,4.957690430E0,6.844240974E0
9.737379583E-1,-4.724176025E0,5.144801331E-1,5.353916473E0,7.158697544E0
9.837399583E-1,-4.889582062E0,3.987707520E-1,5.732030182E0,7.544746573E0
9.937429583E-1,-5.082231445E0,3.351530457E-1,6.177653503E0,8.006547748E0
1.003744958E0,-5.244643707E0,2.793191528E-1,6.747219086E0,8.550396026E0
1.013747958E0,-5.450914764E0,1.947450256E-1,7.286996613E0,9.102236924E0
1.023750958E0,-5.849086761E0,1.002914429E-1,7.875872040E0,9.810771361E0
1.033752958E0,-6.283184052E0,1.221459961E-1,8.355175323E0,1.045477289E1
1.043755958E0,-6.809489594E0,3.451821899E-1,8.763077087E0,1.110314457E1
1.053757958E0,-7.556735687E0,7.954458618E-1,9.240733795E0,1.196361774E1
1.063760958E0,-8.574319611E0,1.659898224E0,9.719887390E0,1.306715079E1
1.073762958E0,-9.592202911E0,2.865191803E0,1.002300705E1,1.416616924E1
1.083765958E0,-9.753717041E0,4.095483398E0,9.591604156E0,1.427959561E1
1.093767958E0,-9.022188263E0,4.951553192E0,8.359067230E0,1.325864869E1
1.103770958E0,-8.323441315E0,4.844226379E0,7.300318909E0,1.208473668E1
1.113772958E0,-7.906408539E0,3.720812531E0,6.908733215E0,1.113940467E1
1.123775958E0,-7.842491455E0,2.348017273E0,7.130422211E0,1.085637040E1
1.133777958E0,-7.665110321E0,1.612746277E0,7.262597351E0,1.068176891E1
1.143780958E0,-7.362290039E0,1.457668762E0,7.785460052E0,1.081394937E1
1.153782958E0,-7.294181671E0,1.887275391E0,8.282276917E0,1.119656222E1
1.163785958E0,-8.045319672E0,2.961741028E0,8.179141388E0,1.184894225E1
1.173788958E0,-9.208101654E0,4.414769440E0,8.059390411E0,1.300896226E1
1.183790958E0,-1.012793884E1,5.849984894E0,7.678731995E0,1.399144001E1
1.193793958E0,-1.073313034E1,7.073839874E0,7.095844116E0,1.468299360E1
1.203795958E0,-1.141556122E1,7.309300232E0,5.712420959E0,1.470961118E1
1.213798958E0,-1.205637863E1,6.142626343E0,4.068539429E0,1.412944221E1
1.223800958E0,-1.285167480E1,4.455335083E0,3.811823273E0,1.412605935E1
1.233803958E0,-1.381147888E1,2.982547760E0,4.008065186E0,1.468731175E1
1.243805958E0,-1.436068680E1,1.758992157E0,4.237088928E0,1.507568577E1
1.253808958E0,-1.426443695E1,1.175206146E0,4.434827728E0,1.498409050E1
1.263810958E0,-1.295436127E1,1.605860596E0,4.697681122E0,1.387308444E1
1.273813958E0,-1.122560623E1,2.973865814E0,4.839586029E0,1.258092628E1
1.283815958E0,-9.902058563E0,4.091890869E0,4.936883698E0,1.179691296E1
1.293818958E0,-9.015152893E0,4.460723877E0,5.732329559E0,1.157716033E1
1.303820958E0,-8.414601746E0,4.612508240E0,6.494245148E0,1.158688806E1
1.313823958E0,-7.667954407E0,4.522844696E0,6.627468109E0,1.109851262E1
1.323827375E0,-6.980583801E0,4.157304840E0,6.578220520E0,1.045393318E1
1.333829375E0,-6.417604523E0,3.459306335E0,6.291865997E0,9.630162297E0
1.343832375E0,-5.753735046E0,2.794389038E0,6.284830627E0,8.967339243E0
1.353834375E0,-5.253325653E0,2.254761200E0,6.080206146E0,8.345674644E0
1.363837375E0,-4.838089142E0,1.878144379E0,5.722450104E0,7.725345820E0
1.373839375E0,-4.395758972E0,1.686093750E0,5.314548340E0,7.100002333E0
1.383842375E0,-4.065246277E0,1.751358032E0,5.163362732E0,6.801014406E0
1.393844375E0,-3.994892578E0,2.075284424E0,5.029391327E0,6.749870315E0
1.403847375E0,-4.018842773E0,2.425556030E0,4.320465546E0,6.379721140E0
1.413849375E0,-4.133055267E0,2.792143707E0,3.758085022E0,6.245111317E0
1.423852375E0,-4.251159668E0,3.079396362E0,3.576362915E0,6.351803852E0
1.433854375E0,-4.250261536E0,3.231929169E0,3.564238129E0,6.419803946E0
1.443857375E0,-4.113895111E0,3.242856445E0,3.477718048E0,6.287668386E0
1.453859375E0,-3.954925690E0,3.125799866E0,3.478466492E0,6.124687024E0
1.463862375E0,-3.779340820E0,2.948718109E0,3.625311127E0,6.010094532E0
1.473865375E0,-3.680546265E0,2.685715027E0,3.789070587E0,5.925921188E0
1.483867375E0,-3.629652100E0,2.420167236E0,4.002377014E0,5.920355190E0
1.493870375E0,-3.634741516E0,2.244732056E0,4.214934998E0,6.001320265E0
1.503872375E0,-3.638334045E0,2.138602753E0,4.440066833E0,6.125788916E0
1.513875375E0,-3.652255096E0,2.215692444E0,4.725523224E0,6.370151492E0
1.523877375E0,-3.736679535E0,2.308499451E0,5.121898956E0,6.747280384E0
1.533880375E0,-3.918102264E0,2.436782684E0,5.422324219E0,7.119763700E0
1.543882375E0,-4.233197021E0,2.537523193E0,5.745053101E0,7.573943234E0
1.553885375E0,-4.545447693E0,2.628384247E0,6.125861206E0,8.068189016E0
1.563887375E0,-4.982838135E0,2.807861023E0,6.551276550E0,8.696665099E0
1.573890375E0,-5.369184723E0,3.027604065E0,6.836583252E0,9.205074770E0
1.583892375E0,-5.755681000E0,3.244203644E0,7.091652832E0,9.692484766E0
1.593895375E0,-6.275549927E0,3.312910767E0,7.366930389E0,1.022885956E1
1.603897375E0,-7.015760651E0,3.015030212E0,7.326963501E0,1.058280203E1
1.613900375E0,-8.351882172E0,2.047741699E0,7.241940308E0,1.124245886E1
1.623903375E0,-9.702523499E0,1.050515442E0,7.635771332E0,1.239143046E1
1.633905375E0,-1.040396484E1,4.945715332E-1,8.124355316E0,1.320955089E1
1.643908375E0,-9.972112885E0,4.848417664E-1,8.503516846E0,1.311441595E1
1.653910375E0,-8.612639923E0,1.238823853E0,9.300160217E0,1.273598175E1
1.663913375E0,-7.896828461E0,2.417323151E0,9.135652313E0,1.231517333E1
1.673915375E0,-7.808063049E0,3.265160065E0,8.531209259E0,1.201701503E1
1.683918375E0,-7.902666321E0,3.844904480E0,8.247549133E0,1.205228162E1
1.693920375E0,-8.249046021E0,4.243076477E0,8.498128052E0,1.258048642E1
1.703923375E0,-8.713230743E0,4.337829437E0,8.939260712E0,1.321542796E1
1.713925375E0,-9.310788116E0,3.368295593E0,9.257498932E0,1.355497979E1
1.723928375E0,-1.031011002E1,1.685494995E0,8.999285889E0,1.378863331E1
1.733930375E0,-1.070498886E1,2.827619934E-1,8.277187500E0,1.353471735E1
1.743933375E0,-1.072863968E1,-5.565426636E-1,8.067174225E0,1.343475899E1
1.753935375E0,-1.104912323E1,-4.918771362E-1,8.020471344E0,1.366210188E1
1.763938375E0,-1.170775360E1,8.355624390E-1,7.264094238E0,1.380350405E1
1.773941375E0,-1.293579987E1,2.783461761E0,5.900729370E0,1.448796689E1
1.783943375E0,-1.425919785E1,4.125570831E0,5.095703430E0,1.569430633E1
1.793946375E0,-1.489941650E1,4.937482452E0,4.467459869E0,1.631960609E1
1.803948375E0,-1.453193069E1,5.190755768E0,3.778742065E0,1.588709686E1
1.813951375E0,-1.371418121E1,4.828958130E0,4.099075928E0,1.510629096E1
1.823953375E0,-1.233509903E1,3.975133667E0,5.453758850E0,1.406057756E1
1.833956375E0,-1.058793228E1,2.770289154E0,6.521189117E0,1.273988695E1
1.843958375E0,-9.437724152E0,1.793121185E0,6.764283600E0,1.174910436E1
1.853961375E0,-8.448281708E0,1.264121246E0,6.775360565E0,1.090307191E1
1.863963375E0,-7.756270752E0,7.497908020E-1,6.891818390E0,1.040284014E1
1.873966375E0,-7.268884277E0,4.607418823E-1,6.868916016E0,1.001154179E1
1.883968375E0,-6.776109009E0,3.743714905E-1,6.599326630E0,9.466093137E0
1.893971375E0,-6.395151215E0,3.881428528E-1,6.198310547E0,8.914463953E0
1.903973375E0,-6.078260193E0,4.646337891E-1,5.873186646E0,8.464954395E0
1.913976375E0,-5.814957733E0,5.120851135E-1,5.583089905E0,8.077552692E0
1.923978375E0,-5.607788544E0,4.882846069E-1,5.253924408E0,7.699963370E0
1.933981375E0,-5.385051727E0,3.933819580E-1,4.853656769E0,7.260269658E0
1.943984375E0,-5.209766235E0,3.408412170E-1,4.477189636E0,6.877722297E0
1.953986375E0,-5.093009033E0,2.639012146E-1,4.185146942E0,6.597260021E0
1.963989375E0,-4.987777863E0,2.257305908E-1,4.032314758E0,6.417822420E0
1.973991375E0,-4.892725525E0,1.335223389E-1,3.736829224E0,6.157961020E0
1.983994375E0,-4.813240814E0,1.300794983E-1,3.464545441E0,5.931886961E0
1.993996375E0,-4.680915985E0,1.689985657E-1,3.353177032E0,5.760497477E0
2.003999375E0,-4.649032288E0,2.309696960E-1,3.370091858E0,5.746683160E0
2.014001375E0,-4.569547577E0,3.174897766E-1,3.507356415E0,5.769151917E0
2.024004375E0,-4.568200378E0,3.773652649E-1,3.624712372E0,5.843748713E0
2.034006375E0,-4.567601624E0,4.486170959E-1,3.880530396E0,6.010221131E0
2.044009375E0,-4.614903259E0,5.635780334E-1,4.154161377E0,6.234742099E0
2.054011375E0,-4.647086334E0,6.508465576E-1,4.465364227E0,6.477537366E0
2.064014375E0,-4.730313263E0,7.364685059E-1,4.789589996E0,6.771884653E0
2.074016375E0,-4.810546417E0,7.761360168E-1,5.054239655E0,7.020618380E0
2.084019375E0,-4.849315796E0,7.487429810E-1,5.253175964E0,7.188347338E0
2.094022375E0,-4.922962646E0,6.891668701E-1,5.463039551E0,7.386156871E0
2.104024375E0,-4.944368134E0,6.099815369E-1,5.764812012E0,7.619180484E0
2.114027375E0,-4.943470001E0,5.495072937E-1,6.105653229E0,7.875205094E0
2.124029375E0,-5.004992065E0,5.245092773E-1,6.488556976E0,8.211359643E0
2.134032375E0,-5.159620514E0,5.224136353E-1,6.905440063E0,8.635954048E0
2.144034375E0,-5.426964569E0,5.707630920E-1,7.250921631E0,9.074887296E0
2.154037375E0,-5.947731628E0,7.021897888E-1,7.638316040E0,9.706310007E0
2.164039375E0,-6.823710022E0,9.125024414E-1,7.959398346E0,1.052367337E1
2.174042375E0,-7.794291687E0,1.353784790E0,8.216264191E0,1.140573160E1
2.184044375E0,-8.647367706E0,2.061962128E0,8.528365173E0,1.231915860E1
2.194047375E0,-9.062454529E0,2.746788025E0,8.444539490E0,1.268791448E1
2.204049375E0,-8.831933899E0,3.304827576E0,7.950866089E0,1.233455363E1
2.214052375E0,-8.538843384E0,3.494333496E0,7.616910553E0,1.196409375E1
2.224054375E0,-8.630901947E0,3.088078308E0,7.614814911E0,1.191696699E1
2.234057375E0,-8.866961060E0,2.205513611E0,7.851023712E0,1.204681958E1
2.244060375E0,-8.607700195E0,1.495989075E0,8.159532166E0,1.195443228E1
2.254062375E0,-8.103698273E0,1.324146423E0,8.650810547E0,1.192727180E1
2.264065375E0,-7.906258850E0,1.531914368E0,9.352102203E0,1.234169787E1
2.274067375E0,-8.251141663E0,2.254461823E0,9.779164124E0,1.299215101E1
2.284070375E0,-8.913963318E0,3.442241821E0,9.488019562E0,1.346589343E1
2.294072375E0,-9.696835327E0,4.754712524E0,9.021439819E0,1.407203905E1
2.304075375E0,-1.019709503E1,6.108796692E0,8.099506989E0,1.438402439E1
2.314077375E0,-1.042806473E1,6.773863678E0,6.860533447E0,1.420199571E1
2.324079958E0,-1.077264816E1,6.193071442E0,5.410798187E0,1.355288970E1
2.334081958E0,-1.160282181E1,4.615502014E0,4.289479980E0,1.320333182E1
2.344084958E0,-1.291379562E1,2.926414490E0,3.906576233E0,1.380548286E1
2.354086958E0,-1.404005356E1,1.442400513E0,3.666026459E0,1.458229657E1
2.364089958E0,-1.450304077E1,6.999444580E-1,4.249363403E0,1.512895248E1
2.374091958E0,-1.413959656E1,6.993457031E-1,3.925736389E0,1.469110892E1
2.384094958E0,-1.275737091E1,1.699416046E0,3.999083862E0,1.347706196E1
2.394096958E0,-1.125464584E1,3.241359558E0,4.597838745E0,1.258227269E1
2.404099958E0,-1.012015503E1,4.002975769E0,5.039719849E0,1.199333686E1
2.414102958E0,-9.289532318E0,4.094285889E0,5.691015472E0,1.163813751E1
2.424104958E0,-8.571176147E0,3.952680359E0,6.182742920E0,1.128339721E1
2.434107958E0,-7.886499939E0,3.813769226E0,6.407725067E0,1.085360113E1
2.444109958E0,-7.219936066E0,3.468736725E0,6.514004059E0,1.032433340E1
2.454112958E0,-6.690487061E0,3.010838928E0,6.265371094E0,9.647934655E0
2.464114958E0,-6.156397705E0,2.524799652E0,5.989045715E0,8.952346875E0
2.474117958E0,-5.674100647E0,2.000589752E0,5.859714661E0,8.398454228E0
2.484119958E0,-4.954996033E0,1.582808533E0,5.698200531E0,7.715358568E0
2.494122958E0,-4.597090302E0,1.338965607E0,5.392835541E0,7.211708765E0
2.504124958E0,-4.184398499E0,1.219514008E0,4.881498871E0,6.544114641E0
2.514127958E0,-3.857328644E0,1.446142731E0,4.746329956E0,6.284740338E0
2.524129958E0,-3.646417236E0,1.764830017E0,4.613256683E0,6.139472361E0
2.534132958E0,-3.535198517E0,2.084415436E0,4.281696167E0,5.930880064E0
2.544134958E0,-4.123175812E0,2.234253845E0,3.976630554E0,6.148663236E0
2.554137958E0,-4.676425323E0,2.373614044E0,3.707340546E0,6.422411647E0
2.564139958E0,-4.907095642E0,2.531835022E0,3.566633148E0,6.573480679E0
2.574142958E0,-4.964875488E0,2.619702301E0,3.569327545E0,6.652287417E0
2.584145958E0,-4.911436615E0,2.688409424E0,3.518732758E0,6.612959630E0
2.594147958E0,-4.839735718E0,2.690654755E0,3.522624664E0,6.562891844E0
2.604150958E0,-4.728516998E0,2.624342651E0,3.591780853E0,6.492067240E0
2.614152958E0,-4.751419373E0,2.504741364E0,4.001029816E0,6.697608151E0
2.624155958E0,-4.696333923E0,2.400108948E0,4.267625427E0,6.784445598E0
2.634157958E0,-4.665048981E0,2.277663574E0,4.432732086E0,6.826386094E0
2.644160958E0,-4.674179993E0,2.261646881E0,4.654421082E0,6.973280492E0
2.654162958E0,-4.746180267E0,2.289189606E0,4.918621674E0,7.208290737E0
2.664165958E0,-4.885690155E0,2.361638947E0,5.208868103E0,7.521942151E0
2.674167958E0,-5.086871796E0,2.408940582E0,5.653892670E0,7.977829386E0
2.684170958E0,-5.426964569E0,2.490520935E0,6.091881866E0,8.530279224E0
2.694172958E0,-5.891598358E0,2.608176270E0,6.522985382E0,9.168579659E0
2.704175958E0,-6.302942963E0,2.717898102E0,6.941515045E0,9.762104855E0
2.714177958E0,-6.622977448E0,2.868035889E0,7.356152802E0,1.030545701E1
2.724180958E0,-6.979835358E0,2.782413940E0,7.586374054E0,1.067768703E1
2.734182958E0,-7.504644012E0,2.237846375E0,7.731272736E0,1.100455434E1
2.744185958E0,-8.314909058E0,1.514101410E0,8.039781189E0,1.166483164E1
2.754187958E0,-9.129664764E0,9.892927551E-1,8.444539490E0,1.247556516E1
2.764190958E0,-9.414223022E0,9.750723267E-1,8.806037750E0,1.292767040E1
2.774193958E0,-8.953481140E0,1.679657135E0,9.286538544E0,1.300868444E1
2.784195958E0,-9.012757874E0,2.756817169E0,9.407487030E0,1.331655577E1
2.794198958E0,-9.564809875E0,3.539240112E0,9.391769714E0,1.386423986E1
2.804200958E0,-1.029035110E1,4.068838806E0,9.509574738E0,1.459036623E1
2.814203958E0,-1.107816284E1,3.851640472E0,9.262588348E0,1.494511188E1
2.824205958E0,-1.154234756E1,2.442021790E0,8.860823822E0,1.475477741E1
2.834208958E0,-1.169952072E1,8.448431396E-1,8.272996216E0,1.435391972E1
2.844210958E0,-1.152648056E1,1.339714050E-1,7.734865265E0,1.388185301E1
2.854213958E0,-1.086395828E1,5.325924683E-1,7.602390747E0,1.327047811E1
2.864215958E0,-1.048644333E1,1.857487335E0,6.588249664E0,1.252281065E1
2.874218958E0,-1.123294098E1,3.352578278E0,5.059029694E0,1.276763587E1
2.884220958E0,-1.251322861E1,4.515060883E0,4.264781342E0,1.396978972E1
2.894223958E0,-1.338980576E1,5.138364716E0,4.014801178E0,1.489323063E1
2.904225958E0,-1.374726242E1,5.291945343E0,3.741469574E0,1.519837176E1
2.914228958E0,-1.370460114E1,4.900808716E0,3.570225677E0,1.498601113E1
2.924230958E0,-1.343007202E1,3.962559814E0,4.720583496E0,1.477675957E1
2.934233958E0,-1.226714035E1,3.090772705E0,6.119873657E0,1.405305881E1
2.944236958E0,-1.091170898E1,2.566562805E0,6.658004608E0,1.303770160E1
2.954238958E0,-9.395960999E0,2.416125641E0,6.604266357E0,1.173618679E1
2.964241958E0,-7.977510681E0,2.308499451E0,6.593488770E0,1.060395872E1
2.974243958E0,-7.025490417E0,2.058070221E0,6.540049896E0,9.816589086E0
2.984246958E0,-6.475234680E0,1.788630524E0,6.251749420E0,9.176722407E0
2.994248958E0,-6.110443268E0,1.541045380E0,5.835614777E0,8.588756465E0
3.004251958E0,-5.828729095E0,1.342558136E0,5.505551147E0,8.129430402E0
3.014253958E0,-5.480253754E0,1.116228790E0,5.149142303E0,7.602158534E0
3.024256958E0,-5.064717865E0,8.527766418E-1,4.808750153E0,7.035813605E0
3.034258958E0,-4.725223846E0,6.462062073E-1,4.460125122E0,6.529780928E0
3.044261958E0,-4.533771973E0,4.644841003E-1,4.253854065E0,6.234268857E0
3.054263958E0,-4.422852631E0,3.544628906E-1,4.049379272E0,6.007057668E0
3.064266958E0,-4.336781616E0,2.481838989E-1,3.749702454E0,5.738426485E0
3.074268958E0,-4.328099670E0,2.249821472E-1,3.510799255E0,5.577524104E0
3.084271958E0,-4.387825470E0,2.386038208E-1,3.363954620E0,5.534088437E0
3.094273958E0,-4.453239441E0,2.811154175E-1,3.152893524E0,5.463616474E0
3.104276958E0,-4.473896484E0,4.303550720E-1,3.041375427E0,5.426870160E0
3.114279958E0,-4.535418549E0,6.927593994E-1,3.312012634E0,5.658565603E0
3.124281958E0,-4.632117462E0,8.740324402E-1,3.581602020E0,5.920161984E0
3.134284958E0,-4.687651978E0,9.357041931E-1,3.746409302E0,6.073319196E0
3.144286958E0,-4.778363342E0,9.240284729E-1,3.970343628E0,6.280940485E0
3.154289958E0,-4.917424164E0,8.788224792E-1,4.261937256E0,6.566391591E0
3.164291958E0,-5.052593079E0,8.473878479E-1,4.646637268E0,6.916502070E0
3.174294958E0,-5.168152771E0,8.208929443E-1,5.021607513E0,7.252600245E0
3.184296958E0,-5.306465149E0,8.565188599E-1,5.366190948E0,7.595274994E0
3.194299958E0,-5.406157837E0,8.966354370E-1,5.765261078E0,7.954164504E0
3.204301958E0,-5.377716980E0,9.686357117E-1,6.081253967E0,8.175557771E0
3.214304958E0,-5.340444489E0,1.074016571E0,6.399192810E0,8.403780551E0
3.224306958E0,-5.303321686E0,1.124162292E0,6.744225311E0,8.652949602E0
3.234309958E0,-5.347479858E0,1.076561279E0,6.980583801E0,8.859067402E0
3.244311958E0,-5.563630371E0,1.034648438E0,7.332052917E0,9.261937178E0
3.254314958E0,-5.882916412E0,1.047821045E0,7.621999969E0,9.685118378E0
3.264316958E0,-6.442752228E0,1.159039764E0,7.791597290E0,1.017651305E1
3.274319958E0,-7.205565948E0,1.378034363E0,7.921527100E0,1.079674724E1
3.284321958E0,-8.046666870E0,1.832639008E0,8.107889557E0,1.156915237E1
3.294324958E0,-8.654253387E0,2.473606110E0,8.201295319E0,1.217686634E1
3.304326958E0,-8.826994171E0,3.011737061E0,7.934250641E0,1.224494669E1
3.314329958E0,-8.878636780E0,3.313359833E0,7.620802460E0,1.216080485E1
3.324333708E0,-9.144933014E0,3.009342041E0,7.576494598E0,1.225109015E1
3.334335708E0,-9.242979126E0,2.129621429E0,7.821984100E0,1.229436399E1
3.344338708E0,-8.778195648E0,1.590592346E0,8.396190033E0,1.225082487E1
3.354340708E0,-8.345146179E0,1.737886047E0,9.253457336E0,1.258126326E1
3.364343708E0,-8.585546265E0,2.218386841E0,9.975406036E0,1.334696859E1
3.374345708E0,-9.272168427E0,3.064128113E0,1.001896545E1,1.399077043E1
3.384348708E0,-9.825118561E0,4.174069977E0,9.573641510E0,1.433912224E1
3.394350708E0,-1.026191025E1,5.374872894E0,8.684490509E0,1.447813648E1
3.404353708E0,-1.043809387E1,6.262676697E0,7.662415924E0,1.438358581E1
3.414355708E0,-1.049003586E1,6.180347900E0,5.918991394E0,1.353779936E1
3.424358708E0,-1.113998428E1,4.800816650E0,4.233496399E0,1.284794077E1
3.434360708E0,-1.249915787E1,3.516487427E0,4.606221313E0,1.377722418E1
3.444363708E0,-1.367885468E1,2.803669739E0,5.717809753E0,1.508857109E1
3.454365708E0,-1.470571930E1,2.236050110E0,5.929020538E0,1.601285061E1
3.464368708E0,-1.516466492E1,1.825603638E0,5.741460571E0,1.631760583E1
3.474370708E0,-1.437415878E1,2.567161560E0,6.078559570E0,1.581630948E1
3.484373708E0,-1.234198471E1,4.075874176E0,6.450835419E0,1.451036231E1
3.494375708E0,-1.077294754E1,4.778213654E0,6.678212585E0,1.354570957E1
3.504378708E0,-9.376052399E0,4.575235748E0,6.728358307E0,1.241426382E1
3.514381708E0,-8.062982941E0,4.234394531E0,6.902146912E0,1.142722289E1
3.524383708E0,-6.839127960E0,3.673361206E0,6.774013367E0,1.030313112E1
3.534386708E0,-5.999374237E0,3.051105194E0,6.215075684E0,9.161271740E0
3.544388708E0,-5.292843475E0,2.342179413E0,5.777535553E0,8.178014033E0
3.554391708E0,-4.711901550E0,1.707050171E0,5.337301025E0,7.321394590E0
3.564393708E0,-4.258344727E0,1.259181519E0,5.178481293E0,6.821708467E0
3.574396708E0,-3.706592102E0,9.699829102E-1,5.133874054E0,6.405962430E0
3.584398708E0,-3.293750610E0,8.759783936E-1,5.017266541E0,6.065401452E0
3.594401708E0,-3.186723175E0,8.475375366E-1,4.506828003E0,5.584355211E0
3.604403708E0,-3.140469360E0,9.668394470E-1,4.208648071E0,5.339479835E0
3.614406708E0,-3.100053406E0,1.246308289E0,4.077371063E0,5.271486532E0
3.624408708E0,-3.362457733E0,1.481469269E0,3.741619263E0,5.244100295E0
3.634411708E0,-3.705843658E0,1.738784180E0,3.532803497E0,5.407157127E0
3.644413708E0,-3.906875610E0,1.978585510E0,3.498075714E0,5.604909576E0
3.654416708E0,-3.970343628E0,2.166295166E0,3.493435364E0,5.714941287E0
3.664418708E0,-4.087100830E0,2.366129608E0,3.643722839E0,5.964870380E0
3.674421708E0,-4.164340210E0,2.544558563E0,3.793710938E0,6.181322702E0
3.684423708E0,-4.245172119E0,2.571801910E0,3.905378723E0,6.315665789E0
3.694426708E0,-4.312981110E0,2.580633545E0,4.280498657E0,6.601828860E0
3.704429708E0,-4.441863098E0,2.557431793E0,4.665647736E0,6.931008148E0
3.714431708E0,-4.597838745E0,2.551743622E0,4.955744476E0,7.225712418E0
3.724434708E0,-4.735103302E0,2.558180237E0,5.367388458E0,7.600943906E0
3.734436708E0,-4.791685638E0,2.640808411E0,5.798042908E0,7.971914568E0
3.744439708E0,-4.833149414E0,2.698588257E0,6.061495056E0,8.208741326E0
3.754441708E0,-4.836143188E0,2.727478180E0,6.247857513E0,8.358417414E0
3.764444708E0,-4.803361359E0,2.732717285E0,6.420448608E0,8.471256367E0
3.774446708E0,-4.840334473E0,2.725083160E0,6.626120911E0,8.646409333E0
3.784449708E0,-4.961732025E0,2.774929504E0,6.898255005E0,8.938956346E0
3.794451708E0,-5.074297943E0,2.807561646E0,7.093149719E0,9.162078091E0
3.804454708E0,-5.183271332E0,2.699187012E0,7.328610077E0,9.373389882E0
3.814456708E0,-5.655090179E0,2.235601044E0,7.488926697E0,9.646863741E0
3.824459708E0,-6.484964447E0,1.469943237E0,7.531438293E0,1.004679351E1
3.834461708E0,-7.316036224E0,7.402107239E-1,7.706424408E0,1.065182027E1
3.844464708E0,-8.058492279E0,3.637435913E-1,8.439749451E0,1.167480098E1
3.854466708E0,-8.320148163E0,6.373745728E-1,9.501491547E0,1.264553097E1
3.864469708E0,-8.185578003E0,1.511706390E0,1.029603928E1,1.323999125E1
3.874471708E0,-8.112829285E0,2.673141174E0,1.026161087E1,1.335156696E1
3.884474708E0,-8.686137085E0,3.659589844E0,9.742490387E0,1.355572551E1
3.894476708E0,-9.629176025E0,4.471202087E0,9.598489838E0,1.431236131E1
3.904479708E0,-1.056263489E1,4.680017853E0,9.717342682E0,1.509630987E1
3.914482708E0,-1.131856293E1,3.619323578E0,1.030561935E1,1.572943610E1
3.924484708E0,-1.185819077E1,1.997595978E0,1.035202286E1,1.586730775E1
3.934487708E0,-1.180565002E1,8.723858643E-1,9.525890808E0,1.519463804E1
3.944489708E0,-1.218017120E1,4.752616882E-1,8.806786194E0,1.503801607E1
3.954492708E0,-1.250754044E1,1.265618134E0,7.601642303E0,1.469099461E1
3.964494708E0,-1.295720535E1,2.803669739E0,6.278992767E0,1.466886106E1
3.974497708E0,-1.364427658E1,3.941154327E0,5.414839783E0,1.519932468E1
3.984499708E0,-1.379276779E1,4.546345825E0,4.953050079E0,1.534413272E1
3.994502708E0,-1.302770874E1,4.956043854E0,4.630321198E0,1.468752668E1
4.004504708E0,-1.199216217E1,4.931195526E0,5.008285217E0,1.390005625E1
4.014507708E0,-1.077384567E1,4.333189087E0,5.865851898E0,1.301001525E1
4.024509708E0,-9.545350342E0,3.532653809E0,6.752907257E0,1.221454512E1
4.034512708E0,-8.768016815E0,2.562221832E0,7.305258636E0,1.169657656E1
4.044514708E0,-7.840395813E0,1.708097992E0,7.136559448E0,1.073870970E1
4.054517708E0,-7.268285522E0,9.957293701E-1,6.994953918E0,1.013650984E1
4.064519708E0,-6.895859985E0,6.201603699E-1,6.882537689E0,9.762520620E0
4.074522708E0,-6.393804016E0,5.517526245E-1,6.553970947E0,9.172769262E0
4.084524708E0,-5.939648438E0,5.816903687E-1,6.323450317E0,8.695045208E0
4.094527708E0,-5.577401733E0,5.870791626E-1,5.956114197E0,8.180914886E0
4.104529708E0,-5.227429504E0,5.539979553E-1,5.468428345E0,7.585291130E0
4.114532708E0,-5.073848877E0,5.236111450E-1,5.165608063E0,7.259587985E0
4.124535708E0,-5.007387085E0,3.231779480E-1,4.856201477E0,6.982912157E0
4.134537708E0,-4.898413696E0,1.788780212E-1,4.494553528E0,6.650373335E0
4.144540708E0,-4.905449066E0,1.314266968E-1,4.211342468E0,6.466537629E0
4.154542708E0,-4.933141479E0,9.669891357E-2,3.977828064E0,6.337850712E0
4.164545708E0,-4.943170624E0,1.221459961E-1,3.691623230E0,6.170732334E0
4.174547708E0,-4.931195526E0,2.570155334E-1,3.510499878E0,6.058577035E0
4.184550708E0,-4.908592529E0,4.270619202E-1,3.469934235E0,6.026367571E0
4.194552708E0,-4.866380310E0,5.804928589E-1,3.481759644E0,6.011761763E0
4.204555708E0,-4.760999451E0,7.174580383E-1,3.604055328E0,6.014239488E0
4.214557708E0,-4.673281860E0,8.515791321E-1,3.815864868E0,6.093075993E0
4.224560708E0,-4.660558319E0,9.017248535E-1,4.059707794E0,6.246209965E0
4.234562708E0,-4.627177734E0,8.958869934E-1,4.374952240E0,6.430676045E0
4.244565708E0,-4.579277344E0,8.675958252E-1,4.748575287E0,6.653680993E0
4.254567708E0,-4.593198395E0,8.247848511E-1,5.029990082E0,6.861380456E0
4.264570708E0,-4.661606140E0,7.825726318E-1,5.255570984E0,7.068523049E0
4.274572708E0,-4.661306763E0,7.141648865E-1,5.495072937E0,7.241107567E0
4.284575708E0,-4.658911743E0,6.679110718E-1,5.726192322E0,7.412209005E0
4.294577708E0,-4.688699799E0,6.008505249E-1,6.044729919E0,7.673570678E0
4.304580708E0,-4.778063965E0,5.522016907E-1,6.391858063E0,7.999416945E0
4.314582708E0,-5.002447357E0,4.923262024E-1,6.774911499E0,8.436011526E0
4.324584958E0,-5.393883362E0,4.508624268E-1,7.166048126E0,8.980506689E0
4.334587958E0,-5.864205322E0,4.574487305E-1,7.489974518E0,9.523543546E0
4.344589958E0,-6.418352966E0,4.899311829E-1,7.738308105E0,1.006561969E1
4.354592958E0,-7.025640106E0,5.792953491E-1,7.908653870E0,1.059443288E1
4.364594958E0,-7.699987793E0,9.156459045E-1,8.122708740E0,1.122972024E1
4.374597958E0,-8.282725983E0,1.601819000E0,8.370892639E0,1.188449483E1
4.384599958E0,-8.527766418E0,2.320923615E0,8.327632599E0,1.214326773E1
4.394602958E0,-8.670569458E0,2.800077209E0,8.037685547E0,1.215004511E1
4.404604958E0,-8.800199890E0,2.911146240E0,7.859855347E0,1.215300854E1
4.414607958E0,-8.890013123E0,2.474803619E0,7.896828461E0,1.214565297E1
4.424609958E0,-8.515641632E0,1.760788422E0,8.179440765E0,1.193816483E1
4.434612958E0,-8.126301270E0,1.425635376E0,8.729247437E0,1.201120183E1
4.444614958E0,-8.231233063E0,1.609153748E0,9.810149689E0,1.290664985E1
4.454617958E0,-8.749156036E0,2.295626221E0,1.048958679E1,1.385095889E1
4.464619958E0,-9.325906677E0,3.338357849E0,1.071531738E1,1.459229917E1
4.474622958E0,-9.917027435E0,4.508175201E0,1.030966095E1,1.499867280E1
4.484624958E0,-1.084674408E1,5.754184113E0,9.449549561E0,1.549375612E1
4.494627958E0,-1.106558899E1,6.387217712E0,7.681576080E0,1.490806563E1
4.504629958E0,-1.063852707E1,5.584287415E0,5.508395233E0,1.321759971E1
4.514632958E0,-1.098849930E1,3.977079620E0,3.722908173E0,1.226475945E1
4.524634958E0,-1.237012619E1,2.560874634E0,3.837569733E0,1.320246349E1
4.534637958E0,-1.375938721E1,1.552272034E0,4.817581787E0,1.466081100E1
4.544640958E0,-1.435290298E1,1.303339691E0,5.297633514E0,1.535478555E1
4.554642958E0,-1.433479065E1,1.752106476E0,5.279221802E0,1.537615956E1
4.564645958E0,-1.298025742E1,3.468287659E0,5.669759674E0,1.458294472E1
4.574647958E0,-1.105106918E1,5.187163239E0,6.189478912E0,1.368730952E1
4.584650958E0,-9.489965515E0,5.638025665E0,6.628815308E0,1.287586779E1
4.594652958E0,-8.370742950E0,5.117707672E0,6.567742310E0,1.180658750E1
4.604655958E0,-7.404352570E0,4.239334259E0,6.377937012E0,1.065243974E1
4.614657958E0,-6.650071106E0,3.387006683E0,6.058501282E0,9.612528167E0
4.624660958E0,-5.841452637E0,2.550396423E0,5.866750031E0,8.662900596E0
4.634662958E0,-5.249733124E0,1.852248230E0,5.754483490E0,8.006534932E0
4.644665958E0,-4.796775055E0,1.358425140E0,5.681285706E0,7.558530086E0
4.654667958E0,-4.390370178E0,1.131646729E0,5.739215240E0,7.313997963E0
4.664670958E0,-4.026177521E0,1.196911011E0,5.518873444E0,6.935464331E0
4.674672958E0,-3.485202484E0,1.313668213E0,5.373825073E0,6.538375673E0
4.684675958E0,-3.266357574E0,1.454674988E0,5.406756592E0,6.482143779E0
4.694677958E0,-3.127895508E0,1.689985657E0,5.162614288E0,6.268362475E0
4.704680958E0,-3.324885864E0,1.948498077E0,4.584516449E0,5.989098583E0
4.714682958E0,-3.911965027E0,2.083068237E0,4.069437561E0,6.016890037E0
4.724685958E0,-4.185296631E0,2.248324585E0,3.981270905E0,6.198563490E0
4.734687958E0,-4.241429901E0,2.446662140E0,3.873045959E0,6.243105656E0
4.744690958E0,-4.216731262E0,2.527793427E0,3.645219727E0,6.120309551E0
4.754693958E0,-4.197571106E0,2.527943115E0,3.595822449E0,6.077831741E0
4.764695958E0,-4.201762390E0,2.623893585E0,3.841012573E0,6.268413062E0
4.774698958E0,-4.273762665E0,2.670147400E0,4.013304291E0,6.442153815E0
4.784700958E0,-4.262985077E0,2.643951874E0,4.405488739E0,6.676215568E0
4.794703958E0,-4.310735779E0,2.592608643E0,4.840933228E0,6.981310553E0
4.804705958E0,-4.326453094E0,2.519111481E0,5.219795380E0,7.232591709E0
4.814708958E0,-4.337380371E0,2.491269379E0,5.481600952E0,7.420730463E0
4.824710958E0,-4.412374420E0,2.451003113E0,5.774541779E0,7.669536950E0
4.834713958E0,-4.461622009E0,2.414628754E0,6.085894318E0,7.923043141E0
4.844715958E0,-4.597239990E0,2.374212799E0,6.372398529E0,8.208469099E0
4.854718958E0,-4.872218170E0,2.397863617E0,6.698570251E0,8.623172458E0
4.864720958E0,-5.274880829E0,2.599644012E0,7.081773376E0,9.205108957E0
4.874723958E0,-5.759423218E0,2.975512390E0,7.436984711E0,9.865767652E0
4.884725958E0,-6.370901642E0,3.480262756E0,7.668553162E0,1.055970285E1
4.894728958E0,-7.229965210E0,3.627406769E0,7.780220947E0,1.122329340E1
4.904730958E0,-8.209977264E0,3.038681030E0,7.904612274E0,1.179492282E1
4.914733958E0,-8.879834290E0,2.281555481E0,8.259524231E0,1.234004428E1
4.924735958E0,-9.073980560E0,1.988464966E0,8.872200165E0,1.284550707E1
4.934738958E0,-8.726702728E0,2.141297150E0,9.615853729E0,1.316074226E1
4.944740958E0,-8.203241272E0,2.654130707E0,9.940528564E0,1.315871139E1
4.954743958E0,-8.101902008E0,3.357817383E0,9.383087769E0,1.284360112E1
4.964746958E0,-8.353828125E0,3.887416077E0,8.901239777E0,1.281134332E1
4.974748958E0,-8.834927673E0,4.176614685E0,8.776249695E0,1.313478648E1
4.984751958E0,-9.536668396E0,3.947740631E0,8.699309692E0,1.349854397E1
4.994753958E0,-9.981243896E0,2.818339233E0,8.784183197E0,1.359154664E1
5.004756958E0,-1.048120422E1,1.401385803E0,8.459957428E0,1.354217131E1
5.014758958E0,-1.102232895E1,4.508624268E-1,8.181536407E0,1.373435657E1
5.024761958E0,-1.127230911E1,2.582130432E-1,8.495433655E0,1.411750756E1
5.034763958E0,-1.146406036E1,1.031504974E0,7.864495697E0,1.394055146E1
5.044766958E0,-1.197943863E1,2.356399841E0,6.348897400E0,1.376110709E1
5.054768958E0,-1.280152908E1,3.667373657E0,5.107229462E0,1.426227784E1
5.064771958E0,-1.349054626E1,4.496798859E0,4.435725861E0,1.489602975E1
5.074773958E0,-1.350581451E1,4.756808167E0,3.584146729E0,1.476077089E1
5.084776958E0,-1.276335846E1,4.685855713E0,3.196902008E0,1.396713089E1
5.094778958E0,-1.169038971E1,4.055366821E0,3.686833191E0,1.291138841E1
5.104781958E0,-1.024963577E1,3.163820801E0,4.718487854E0,1.171874239E1
5.114783958E0,-9.408385162E0,2.275567932E0,5.442532196E0,1.110482226E1
5.124786958E0,-8.839268646E0,1.490450592E0,5.840853882E0,1.069905076E1
5.134788958E0,-8.216114502E0,9.613009644E-1,6.090384979E0,1.027236225E1
5.144791958E0,-7.712411957E0,5.483097839E-1,6.668183441E0,1.021012303E1
5.154793958E0,-7.171586609E0,3.685336304E-1,6.862180023E0,9.932622322E0
5.164796958E0,-6.652915192E0,3.628454590E-1,6.736740875E0,9.475052242E0
5.174798958E0,-6.130800934E0,4.406835938E-1,6.437363434E0,8.900593806E0
5.184801958E0,-5.638025665E0,5.143304443E-1,6.004763031E0,8.252820625E0
5.194804958E0,-5.255421295E0,5.688171387E-1,5.582042084E0,7.687795507E0
5.204806958E0,-4.952601013E0,6.267466736E-1,5.148842926E0,7.171586412E0
5.214809958E0,-4.689747620E0,5.944139099E-1,4.721032562E0,6.680958695E0
5.224811958E0,-4.698279877E0,5.553451538E-1,4.511468353E0,6.537246266E0
5.234814958E0,-4.926405487E0,4.688250732E-1,4.271068268E0,6.536917631E0
5.244816958E0,-5.176685028E0,4.376898193E-1,3.836222534E0,6.458037131E0
5.254819958E0,-5.416785736E0,5.005590820E-1,3.551664276E0,6.496648847E0
5.264821958E0,-5.710924072E0,5.170248413E-1,3.407813416E0,6.670469303E0
5.274824958E0,-5.915847931E0,4.405339050E-1,3.318299561E0,6.797237589E0
5.284826958E0,-5.940097504E0,3.345542908E-1,3.295696564E0,6.801345511E0
5.294829958E0,-5.878425751E0,2.905458069E-1,3.359463959E0,6.776894884E0
5.304831958E0,-5.743705902E0,3.562591553E-1,3.568279724E0,6.771240526E0
5.314834958E0,-5.591771851E0,5.285508728E-1,3.744912415E0,6.750677555E0
5.324837583E0,-5.437891846E0,6.825805664E-1,4.001778259E0,6.786074947E0
5.334840583E0,-5.301675110E0,8.083190918E-1,4.180207214E0,6.799652276E0
5.344842583E0,-5.213807831E0,9.276210022E-1,4.372856598E0,6.867761473E0
5.354845583E0,-5.176535339E0,1.059496765E0,4.708309021E0,7.077232888E0
5.364847583E0,-5.134173431E0,1.152154083E0,5.157075806E0,7.367674445E0
5.374850583E0,-5.028792572E0,1.196911011E0,5.654940491E0,7.661573119E0
5.384852583E0,-4.917424164E0,1.253493347E0,6.131399689E0,7.959043166E0
5.394855583E0,-4.855153656E0,1.225351868E0,6.591093750E0,8.277470691E0
5.404857583E0,-4.932093658E0,1.140777740E0,6.996001740E0,8.635447993E0
5.414860583E0,-5.204377441E0,1.037642212E0,7.375312958E0,9.086115074E0
5.424862583E0,-5.770949249E0,1.011296997E0,7.816146240E0,9.768250555E0
5.434865583E0,-6.631509705E0,1.145118713E0,8.186476135E0,1.059748127E1
5.444868583E0,-7.560178528E0,1.654808807E0,8.362510071E0,1.139413297E1
5.454870583E0,-8.245303802E0,2.489473114E0,8.347241821E0,1.199412178E1
5.464873583E0,-8.428522797E0,3.326682129E0,7.927664337E0,1.203971230E1
5.474875583E0,-8.440797272E0,3.880829773E0,7.589667206E0,1.199628887E1
5.484878583E0,-8.801846466E0,4.007316742E0,7.522456970E0,1.225228336E1
5.494880583E0,-9.544901276E0,3.573219452E0,7.956105194E0,1.292952619E1
5.504883583E0,-1.000220032E1,3.037483521E0,8.841963043E0,1.369126100E1
5.514885583E0,-9.931247864E0,2.874622192E0,9.440119171E0,1.400032096E1
5.524888583E0,-1.026999344E1,3.063828735E0,9.600884857E0,1.438877346E1
5.534890583E0,-1.116947296E1,3.799099731E0,9.382489014E0,1.507386431E1
5.544893583E0,-1.144594803E1,4.919220428E0,8.737330627E0,1.521674743E1
5.554895583E0,-1.101319794E1,6.040838013E0,7.556136932E0,1.465869906E1
5.564898583E0,-1.055365356E1,6.451134796E0,5.877976685E0,1.369479294E1
5.574900583E0,-1.004695724E1,5.868097229E0,4.219874725E0,1.237672241E1
5.584903583E0,-1.005908203E1,4.632865906E0,3.476969604E0,1.160766537E1
5.594905583E0,-1.129386429E1,3.285368042E0,3.718118134E0,1.233569683E1
5.604908583E0,-1.247475861E1,2.094294891E0,3.517235870E0,1.312922776E1
5.614910583E0,-1.320823334E1,1.493294678E0,3.843706970E0,1.383695921E1
5.624913583E0,-1.374561584E1,1.457519073E0,3.625011749E0,1.429010241E1
5.634915583E0,-1.332948120E1,2.319576416E0,3.762575684E0,1.404323608E1
5.644918583E0,-1.223765167E1,3.717669067E0,4.917723541E0,1.370274376E1
5.654921583E0,-1.088042404E1,4.653672638E0,6.115682373E0,1.332073073E1
5.664923583E0,-9.845027161E0,4.735402679E0,7.009024658E0,1.297979295E1
5.674926583E0,-8.955127716E0,4.333338776E0,7.143145752E0,1.224731271E1
5.684928583E0,-8.107290802E0,3.956123199E0,6.955885162E0,1.139137451E1
5.694931583E0,-7.356601868E0,3.184328156E0,6.646777954E0,1.041341414E1
5.704933583E0,-6.536607056E0,2.481988678E0,6.258485413E0,9.383823275E0
5.714936583E0,-5.814358978E0,2.011666718E0,5.967340851E0,8.571040202E0
5.724938583E0,-5.131778412E0,1.594633942E0,5.496120758E0,7.686699582E0
5.734941583E0,-4.634662170E0,1.319805450E0,5.079537048E0,7.001690973E0
5.744943583E0,-4.173770599E0,1.252445526E0,4.941524048E0,6.588447520E0
5.754946583E0,-3.722309418E0,1.476828918E0,4.795727234E0,6.247848490E0
5.764948583E0,-3.583248596E0,1.881437531E0,4.489763489E0,6.044621896E0
5.774951583E0,-3.805536346E0,2.082768860E0,4.123325500E0,5.985135436E0
5.784953583E0,-4.156107330E0,2.286195831E0,3.883224792E0,6.130200185E0
5.794956583E0,-4.349954224E0,2.484683075E0,3.769161987E0,6.269157345E0
5.804958583E0,-4.469854889E0,2.631527710E0,3.792812805E0,6.425727180E0
5.814961583E0,-4.443060608E0,2.796185303E0,3.778292999E0,6.467993337E0
5.824963583E0,-4.299958191E0,2.889441376E0,3.714974670E0,6.374915584E0
5.834966583E0,-4.188739471E0,2.877466278E0,3.833827515E0,6.365813691E0
5.844968583E0,-4.154760132E0,2.742746429E0,4.045337677E0,6.414783445E0
5.854971583E0,-4.151466980E0,2.538121948E0,4.215384064E0,6.437872623E0
5.864973583E0,-4.144730988E0,2.313588867E0,4.314028931E0,6.414229028E0
5.874976583E0,-4.231251068E0,2.158062286E0,4.501139832E0,6.543774004E0
5.884978583E0,-4.222718811E0,2.213147736E0,4.786446533E0,6.755697408E0
5.894981583E0,-4.248465271E0,2.298021240E0,4.941524048E0,6.910066475E0
5.904984583E0,-4.281097412E0,2.419568481E0,5.173391876E0,7.137652989E0
5.914986583E0,-4.426145782E0,2.523302765E0,5.474864960E0,7.478767924E0
5.924989583E0,-4.578079834E0,2.618654480E0,5.737568665E0,7.793321528E0
5.934991583E0,-4.879702606E0,2.724334717E0,5.998176727E0,8.198269404E0
5.944994583E0,-5.452261963E0,2.889740753E0,6.249204712E0,8.782387014E0
5.954996583E0,-6.113736420E0,3.240760803E0,6.649322662E0,9.596551227E0
5.964999583E0,-6.728957062E0,3.688928833E0,7.034322052E0,1.041003102E1
5.975001583E0,-7.484136658E0,3.702251129E0,7.241341553E0,1.105242021E1
5.985004583E0,-8.369695129E0,2.939587097E0,7.323969727E0,1.150362992E1
5.995006583E0,-9.182355194E0,2.004182281E0,7.601043549E0,1.208752483E1
6.005009583E0,-9.538165283E0,1.674567719E0,8.391998749E0,1.281430517E1
6.015011583E0,-9.302255859E0,1.870210876E0,9.272916870E0,1.326712629E1
6.025014583E0,-8.508606262E0,2.344574432E0,9.428443451E0,1.291467985E1
6.035016583E0,-7.458240509E0,3.061882782E0,8.527467041E0,1.173533859E1
6.045019583E0,-6.839127960E0,3.666475525E0,7.837252350E0,1.102901802E1
6.055021583E0,-6.681954803E0,4.145030365E0,7.792794800E0,1.107056672E1
6.065024583E0,-6.947203217E0,4.208199005E0,8.123307495E0,1.148741468E1
6.075026583E0,-7.712112579E0,3.559298401E0,8.278385010E0,1.186073117E1
6.085029583E0,-9.000333710E0,2.073338470E0,8.106991425E0,1.228934698E1
6.095031583E0,-1.023182281E1,4.601431274E-1,8.016579437E0,1.300643978E1
6.105034583E0,-1.120045853E1,-5.763015747E-1,8.231831818E0,1.391206131E1
6.115036583E0,-1.166763702E1,-8.140072632E-1,8.695567474E0,1.457426689E1
6.125039583E0,-1.247820145E1,3.113525391E-1,8.667425995E0,1.519627340E1
6.135042583E0,-1.387539597E1,2.337688751E0,7.317233734E0,1.585980175E1
6.145044583E0,-1.595517105E1,4.101920013E0,6.428382111E0,1.768381541E1
6.155047583E0,-1.731030304E1,5.105283508E0,5.479205933E0,1.886086447E1
6.165049583E0,-1.696586929E1,5.462590485E0,4.572840729E0,1.840085563E1
6.175052583E0,-1.569396423E1,5.186265106E0,4.069886627E0,1.702239220E1
6.185054583E0,-1.319685699E1,4.126918030E0,4.856500854E0,1.465517272E1
6.195057583E0,-1.074061478E1,2.928210754E0,6.131998444E0,1.270970609E1
6.205059583E0,-9.418863373E0,1.902393951E0,6.608906708E0,1.166240704E1
6.215062583E0,-8.341853027E0,1.283281403E0,6.663842468E0,1.075360960E1
6.225064583E0,-7.328759766E0,9.047186279E-1,6.548881531E0,9.870009362E0
6.235067583E0,-6.795269165E0,5.215155029E-1,6.616690521E0,9.498855452E0
6.245069583E0,-6.300398254E0,4.092489624E-1,6.605912933E0,9.137865646E0
6.255072583E0,-5.680237885E0,4.388873291E-1,6.330335999E0,8.516506230E0
6.265074583E0,-5.191653900E0,4.501139832E-1,5.923482056E0,7.889455778E0
6.275077583E0,-4.715793457E0,3.965254211E-1,5.448519745E0,7.216807310E0
6.285079583E0,-4.501139832E0,2.703378296E-1,5.126239929E0,6.827274576E0
6.295082583E0,-4.317920837E0,1.930984497E-1,4.830754395E0,6.482122753E0
6.305084583E0,-4.173620911E0,1.347198486E-1,4.568200378E0,6.189161142E0
6.315087583E0,-4.192631378E0,8.083190918E-2,4.400399323E0,6.078503588E0
6.325088875E0,-4.208049316E0,6.900650024E-2,4.101770325E0,5.876815527E0
6.335091875E0,-4.229005737E0,8.247848511E-2,3.694766693E0,5.616279297E0
6.345093875E0,-4.232598267E0,1.163081360E-1,3.316952362E0,5.378716263E0
6.355096875E0,-4.348157959E0,1.378633118E-1,3.118465118E0,5.352598306E0
6.365098875E0,-4.521497498E0,1.410067749E-1,3.018473053E0,5.438290366E0
6.375101875E0,-4.729415131E0,1.163081360E-1,3.147953796E0,5.682473772E0
6.385104875E0,-4.886588287E0,1.429527283E-1,3.323239288E0,5.911268894E0
6.395106875E0,-4.979694672E0,2.746788025E-1,3.612138519E0,6.157950320E0
6.405109875E0,-5.026996307E0,5.004093933E-1,3.973786469E0,6.427447420E0
6.415111875E0,-5.050946503E0,6.950047302E-1,4.344266052E0,6.698338576E0
6.425114875E0,-5.137017517E0,8.105644226E-1,4.704566803E0,7.012767817E0
6.435116875E0,-5.271138611E0,7.822732544E-1,5.049150238E0,7.341033430E0
6.445119875E0,-5.408253479E0,6.318360901E-1,5.582640839E0,7.798352472E0
6.455121875E0,-5.478756866E0,5.316943359E-1,6.071374512E0,8.195185424E0
6.465124875E0,-5.504054260E0,4.679269409E-1,6.623276825E0,8.624463161E0
6.475126875E0,-5.485193481E0,4.309538269E-1,7.228767700E0,9.084500602E0
6.485129875E0,-5.537285156E0,4.138893127E-1,7.785010986E0,9.562386068E0
6.495131875E0,-5.767955475E0,4.806504822E-1,8.246351624E0,1.007485237E1
6.505134875E0,-6.123765564E0,6.701564026E-1,8.580307159E0,1.056273096E1
6.515136875E0,-6.680308228E0,1.093476105E0,8.800349579E0,1.110262855E1
6.525139875E0,-7.517666931E0,1.808988190E0,8.885672150E0,1.177891862E1
6.535141875E0,-8.300838318E0,2.811154175E0,8.712033234E0,1.235742803E1
6.545144875E0,-8.664881287E0,3.816763000E0,8.230185242E0,1.254526989E1
6.555146875E0,-8.635991364E0,4.456682281E0,7.770341492E0,1.244269146E1
6.565149875E0,-8.445587311E0,4.691543884E0,7.481891327E0,1.221954283E1
6.575151875E0,-8.489146729E0,4.274960175E0,7.664212189E0,1.220987490E1
6.585154875E0,-8.700806580E0,3.284170532E0,7.869435425E0,1.218268546E1
6.595156875E0,-8.507857819E0,2.463576965E0,8.153394928E0,1.203871692E1
6.605159875E0,-8.114326172E0,2.407443695E0,8.844956818E0,1.224219488E1
6.615162875E0,-7.989934845E0,3.194057922E0,9.327553253E0,1.269032366E1
6.625164875E0,-8.315208435E0,4.808750153E0,9.395212555E0,1.343639789E1
6.635166875E0,-9.094188538E0,6.455475769E0,8.729696503E0,1.416280458E1
6.645169875E0,-9.602082367E0,7.843988342E0,7.878117371E0,1.468989014E1
6.655172875E0,-9.744586029E0,8.430768127E0,6.130950623E0,1.426966586E1
6.665174875E0,-1.015892441E1,7.764054565E0,4.642895050E0,1.360296890E1
6.675177875E0,-1.194007050E1,5.609584808E0,3.680396576E0,1.369591341E1
6.685179875E0,-1.393302612E1,3.479963379E0,3.122357025E0,1.469654638E1
6.695182875E0,-1.505673935E1,1.901495819E0,4.047283630E0,1.570673712E1
6.705184875E0,-1.521795410E1,8.939410400E-1,4.414619751E0,1.587054269E1
6.715187875E0,-1.402194122E1,7.649093628E-1,4.453688507E0,1.473211673E1
6.725189875E0,-1.193917236E1,1.795965271E0,4.993316345E0,1.306531806E1
6.735192875E0,-1.039363632E1,3.288810883E0,5.422324219E0,1.217561304E1
6.745194875E0,-9.579030304E0,4.142036591E0,5.992937622E0,1.203451661E1
6.755197875E0,-8.813372498E0,4.678221588E0,6.757697296E0,1.205104828E1
6.765199875E0,-8.111631775E0,4.562961273E0,6.930288391E0,1.160379605E1
6.775202875E0,-7.544161835E0,3.933520203E0,6.735543365E0,1.085147471E1
6.785204875E0,-6.913822632E0,2.988984375E0,6.286776581E0,9.811143193E0
6.795207875E0,-6.320007477E0,1.947599945E0,6.060746613E0,8.970411894E0
6.805209875E0,-5.745352478E0,1.129251709E0,5.817203064E0,8.253734670E0
6.815212875E0,-5.190606079E0,6.581813049E-1,5.437293091E0,7.545843243E0
6.825214875E0,-4.842130737E0,3.144960022E-1,5.138364716E0,7.067384931E0
6.835217875E0,-4.316573639E0,2.887495422E-1,4.876110077E0,6.518637416E0
6.845219875E0,-3.776646423E0,6.285429382E-1,4.914280701E0,6.229629141E0
6.855222875E0,-3.615731049E0,1.127904510E0,4.677473145E0,6.018673826E0
6.865225875E0,-3.807781677E0,1.666634216E0,4.017794952E0,5.780964210E0
6.875227875E0,-4.176015930E0,2.181563416E0,3.667373657E0,5.970591053E0
6.885229875E0,-4.496050415E0,2.532882843E0,3.646417236E0,6.318727996E0
6.895232875E0,-4.671784973E0,2.739602966E0,3.579506378E0,6.491830648E0
6.905235875E0,-4.763544159E0,2.844983826E0,3.515439606E0,6.568378913E0
6.915237875E0,-4.698279877E0,2.829865265E0,3.517834625E0,6.515913725E0
6.925240875E0,-4.610861664E0,2.741848297E0,3.619173889E0,6.471182041E0
6.935242875E0,-4.518503723E0,2.583777008E0,3.856280823E0,6.477938044E0
6.945245875E0,-4.469106445E0,2.452500000E0,4.101321259E0,6.542820855E0
6.955247875E0,-4.446204071E0,2.335144043E0,4.287234650E0,6.603181755E0
6.965250875E0,-4.404889984E0,2.234253845E0,4.424199829E0,6.630874011E0
6.975252875E0,-4.339925079E0,2.271376648E0,4.872966614E0,6.909407007E0
6.985255875E0,-4.325405273E0,2.336790619E0,4.969216461E0,6.990195520E0
6.995257875E0,-4.330943756E0,2.456840973E0,5.221591644E0,7.215134142E0
7.005260875E0,-4.509971466E0,2.553240509E0,5.539081421E0,7.585532460E0
7.015262875E0,-4.807402954E0,2.659369812E0,5.881419525E0,8.048258606E0
7.025265875E0,-5.159919891E0,2.830613708E0,6.168821869E0,8.525931650E0
7.035267875E0,-5.603447571E0,3.108735352E0,6.558311920E0,9.169204731E0
7.045270875E0,-6.043831787E0,3.405268707E0,6.779701538E0,9.699902607E0
7.055272875E0,-6.591842194E0,3.406915283E0,6.847360840E0,1.009682157E1
7.065275875E0,-7.479047241E0,2.723885651E0,6.818171539E0,1.048060894E1
7.075277875E0,-8.614286499E0,1.762884064E0,7.227121124E0,1.138178246E1
7.085280875E0,-9.377100220E0,1.273551636E0,8.036787415E0,1.241538941E1
7.095282875E0,-9.153315582E0,1.366059265E0,8.772208099E0,1.275150732E1
7.105285875E0,-8.208779755E0,1.878144379E0,9.337582397E0,1.257385925E1
7.115287875E0,-7.259753265E0,2.540217590E0,8.949888611E0,1.180073002E1
7.125290875E0,-6.911128235E0,3.204685822E0,8.200696564E0,1.119308397E1
7.135292875E0,-6.781497803E0,3.829636230E0,7.862400055E0,1.106671409E1
7.145295875E0,-6.809339905E0,4.336482239E0,8.228538666E0,1.152740373E1
7.155298875E0,-7.370822296E0,4.562063141E0,8.755293274E0,1.232057636E1
7.165300875E0,-8.473728790E0,3.802392883E0,8.713230743E0,1.273509565E1
7.175303875E0,-9.952204285E0,2.103874969E0,9.008716278E0,1.358784858E1
7.185305875E0,-1.168919220E1,1.682501221E-1,8.725205841E0,1.458748571E1
7.195308875E0,-1.256247620E1,-1.050515442E0,8.480614471E0,1.519342663E1
7.205310875E0,-1.304627014E1,-1.077160034E0,8.689280548E0,1.571206653E1
7.215313875E0,-1.422117691E1,2.740800476E-1,8.138276367E0,1.638745053E1
7.225315875E0,-1.591460541E1,2.590662689E0,6.850055237E0,1.751883145E1
7.235318875E0,-1.741343857E1,4.524790649E0,5.540278931E0,1.882541537E1
7.245320875E0,-1.728021561E1,5.801635437E0,4.742438049E0,1.883495537E1
7.255323875E0,-1.584410202E1,6.361321564E0,3.228935394E0,1.737607564E1
7.265325875E0,-1.379022308E1,5.913752289E0,3.532803497E0,1.541503874E1
7.275328875E0,-1.118129837E1,4.534071350E0,5.213508453E0,1.314381629E1
7.285330875E0,-9.516161041E0,2.998714142E0,6.189927979E0,1.174158490E1
7.295333875E0,-8.828640747E0,1.857337646E0,6.572083282E0,1.116184928E1
7.305335875E0,-7.915240173E0,1.295705566E0,6.520889740E0,1.033691844E1
7.315338875E0,-7.216044159E0,8.216413879E-1,6.587800598E0,9.805381410E0
7.325341708E0,-6.695426788E0,4.929249573E-1,6.534361725E0,9.368543005E0
7.335344708E0,-6.084397430E0,4.790039062E-1,6.363417206E0,8.817165949E0
7.345346708E0,-5.444777527E0,6.089337158E-1,6.187532959E0,8.264500391E0
7.355349708E0,-4.976700897E0,7.030879211E-1,5.676795044E0,7.582076656E0
7.365351708E0,-4.601730652E0,7.698490906E-1,5.043761444E0,6.870816700E0
7.375354708E0,-4.403842163E0,7.054829407E-1,4.696483612E0,6.476765419E0
7.385356708E0,-4.320016479E0,5.975573730E-1,4.434977417E0,6.220019444E0
7.395359708E0,-4.306843872E0,4.640350342E-1,4.346361694E0,6.136374551E0
7.405362708E0,-4.378395081E0,3.165916443E-1,4.229005737E0,6.095495327E0
7.415364708E0,-4.459077301E0,1.987866211E-1,3.861220551E0,5.901856542E0
7.425367708E0,-4.550686798E0,1.059796143E-1,3.559597778E0,5.778470244E0
7.435369708E0,-4.642296295E0,1.282832336E-1,3.406017151E0,5.759194762E0
7.445372708E0,-4.784949646E0,1.486408997E-1,3.358116760E0,5.847630752E0
7.455374708E0,-4.835544434E0,1.742376709E-1,3.462898865E0,5.950169517E0
7.465377708E0,-4.823868713E0,2.850073242E-1,3.640878754E0,6.050366653E0
7.475379708E0,-4.793182526E0,4.240681458E-1,3.874093781E0,6.177623745E0
7.485382708E0,-4.788242798E0,5.905220032E-1,4.124223633E0,6.347062777E0
7.495384708E0,-4.837640076E0,7.071295166E-1,4.375700684E0,6.561215598E0
7.505387708E0,-4.895719299E0,8.235873413E-1,4.723427582E0,6.852527394E0
7.515389708E0,-4.967569885E0,9.328601074E-1,5.046306152E0,7.142281451E0
7.525392708E0,-5.034929810E0,9.406439209E-1,5.302423553E0,7.372314746E0
7.535394708E0,-5.066963196E0,8.653504944E-1,5.619763641E0,7.616081072E0
7.545397708E0,-5.058730316E0,8.074209595E-1,5.906866608E0,7.818807718E0
7.555399708E0,-5.010680237E0,8.068222046E-1,6.255042572E0,8.055025517E0
7.565402708E0,-5.036576385E0,8.059240723E-1,6.684798889E0,8.408516604E0
7.575404708E0,-5.188360748E0,8.171507263E-1,7.132368164E0,8.857623733E0
7.585407708E0,-5.482050018E0,8.901988220E-1,7.588769073E0,9.403974819E0
7.595409708E0,-6.000571747E0,1.021176453E0,7.998616791E0,1.005124536E1
7.605412708E0,-6.683152313E0,1.146166534E0,8.202492828E0,1.064232640E1
7.615414708E0,-7.447612610E0,1.368154907E0,8.372838593E0,1.128907470E1
7.625417708E0,-8.111182709E0,1.896107025E0,8.629854126E0,1.199420231E1
7.635419708E0,-8.717422028E0,2.604583740E0,8.611442413E0,1.252733985E1
7.645422708E0,-9.086255035E0,3.232378235E0,8.345146179E0,1.275342167E1
7.655424708E0,-9.213789825E0,3.526965637E0,7.932753754E0,1.265946253E1
7.665427708E0,-9.268875275E0,3.200793915E0,7.679181061E0,1.245499708E1
7.675429708E0,-9.134454803E0,2.378404083E0,7.957302704E0,1.234559585E1
7.685432708E0,-8.725056152E0,1.836530914E0,8.579708405E0,1.237379679E1
7.695435708E0,-8.384963379E0,1.909579010E0,9.429042206E0,1.276169815E1
7.705437708E0,-8.574768677E0,2.362986145E0,1.028286667E1,1.359587100E1
7.715440708E0,-8.999435577E0,3.397933960E0,1.052626053E1,1.425966187E1
7.725442708E0,-9.406738586E0,4.767885132E0,1.000684067E1,1.453809890E1
7.735445708E0,-9.632469177E0,5.978717194E0,8.642278290E0,1.425547248E1
7.745447708E0,-9.348210297E0,6.705306244E0,7.099885712E0,1.351882187E1
7.755450708E0,-9.012757874E0,6.455625458E0,5.681435394E0,1.245727148E1
7.765452708E0,-9.453890533E0,5.194947052E0,4.383185120E0,1.164370357E1
7.775455708E0,-1.110106522E1,3.819607086E0,3.993246002E0,1.240036535E1
7.785457708E0,-1.298908905E1,2.756368103E0,4.222868500E0,1.393365056E1
7.795460708E0,-1.452744003E1,1.817969513E0,4.339176636E0,1.527023186E1
7.805462708E0,-1.573288330E1,1.137634277E0,3.924538879E0,1.625484033E1
7.815465708E0,-1.581251770E1,1.702559509E0,3.776646423E0,1.634617641E1
7.825467708E0,-1.474119553E1,3.334166565E0,4.796325989E0,1.585636324E1
7.835470708E0,-1.236773117E1,4.882696381E0,6.197412415E0,1.467001769E1
7.845472708E0,-1.014814682E1,5.317841492E0,6.920109558E0,1.338477636E1
7.855475708E0,-8.951984253E0,4.926555176E0,6.998995514E0,1.238526973E1
7.865477708E0,-7.642507324E0,4.327351227E0,7.093598785E0,1.128950976E1
7.875480708E0,-6.755901031E0,3.475323029E0,6.902595978E0,1.026478934E1
7.885482708E0,-6.097420349E0,2.690205688E0,6.257138214E0,9.141527235E0
7.895485708E0,-5.288352814E0,2.103425903E0,5.760471039E0,8.097783808E0
7.905487708E0,-4.682562561E0,1.614841919E0,5.509293365E0,7.408536964E0
7.915490708E0,-4.177662506E0,1.259929962E0,5.217999115E0,6.802043979E0
7.925492708E0,-3.707190857E0,1.157243500E0,5.079087982E0,6.393716548E0
7.935495708E0,-3.406915283E0,1.358125763E0,4.648433533E0,5.921107299E0
7.945497708E0,-3.112627258E0,1.737736359E0,4.023483124E0,5.375555092E0
7.955500708E0,-3.001857605E0,2.168091431E0,3.824995880E0,5.323754598E0
7.965502708E0,-3.341651001E0,2.337838440E0,3.558549957E0,5.412522312E0
7.975505708E0,-3.921395416E0,2.398911438E0,3.168610840E0,5.583208106E0
7.985507708E0,-4.252357178E0,2.508932648E0,3.144960022E0,5.853892563E0
7.995510708E0,-4.462370453E0,2.596201172E0,3.349135437E0,6.153837726E0
8.005513708E0,-4.560566254E0,2.697839813E0,3.403322754E0,6.297595571E0
8.015515708E0,-4.557422791E0,2.767894135E0,3.487896881E0,6.371559078E0
8.025518708E0,-4.473896484E0,2.734962616E0,3.683090973E0,6.407880256E0
8.035520708E0,-4.476291504E0,2.572400665E0,3.967200165E0,6.510998998E0
8.045523708E0,-4.521647186E0,2.340083771E0,4.282145233E0,6.652672631E0
8.055525708E0,-4.534969482E0,2.144141235E0,4.529431000E0,6.758626711E0
8.065528708E0,-4.518503723E0,2.090552673E0,4.983586578E0,7.044389367E0
8.075530708E0,-4.477039948E0,2.126627655E0,5.195994873E0,7.180863082E0
8.085533708E0,-4.558171234E0,2.208058319E0,5.368735657E0,7.380770223E0
8.095535708E0,-4.719385986E0,2.266137543E0,5.642516327E0,7.697140635E0
8.105538708E0,-4.865332489E0,2.295775909E0,5.838608551E0,7.939231516E0
8.115540708E0,-5.042264557E0,2.327060852E0,6.032605133E0,8.199510276E0
8.125543708E0,-5.303920441E0,2.423161011E0,6.279441833E0,8.569403192E0
8.135545708E0,-5.627697144E0,2.618504791E0,6.689588928E0,9.125685865E0
8.145548708E0,-5.955964508E0,2.818189545E0,6.960076447E0,9.584277212E0
8.155550708E0,-6.402336273E0,2.789748688E0,7.029232635E0,9.908719339E0
8.165553708E0,-7.305857391E0,2.291135559E0,7.010820923E0,1.038154441E1
8.175555708E0,-8.669072571E0,1.484762421E0,7.328610077E0,1.144840008E1
8.185558708E0,-9.579778748E0,9.554631042E-1,8.004155273E0,1.252004681E1
8.195560708E0,-9.433981934E0,1.039588165E0,8.706943817E0,1.287989244E1
8.205563708E0,-8.378377075E0,1.663640442E0,9.430239716E0,1.272377000E1
8.215565708E0,-7.808063049E0,2.489772491E0,9.199419708E0,1.232047640E1
8.225568708E0,-7.685318298E0,3.288511505E0,8.583300934E0,1.198129710E1
8.235570708E0,-7.727979584E0,4.030368805E0,8.463250580E0,1.214875103E1
8.245573708E0,-8.094267883E0,4.526886292E0,8.731492767E0,1.273769359E1
8.255575708E0,-8.657097473E0,4.376598816E0,9.104666748E0,1.330394342E1
8.265578708E0,-9.066196747E0,3.045566711E0,8.976233826E0,1.311656105E1
8.275581708E0,-9.940678253E0,1.230291595E0,8.635093231E0,1.322480762E1
8.285583708E0,-1.094209579E1,-3.240760803E-1,8.041876831E0,1.358330846E1
8.295586708E0,-1.141795624E1,-1.084943848E0,8.041876831E0,1.400780535E1
8.305588708E0,-1.208481949E1,-7.741900635E-1,8.053702240E0,1.454318920E1
8.315591708E0,-1.310794189E1,7.074288940E-1,6.997199249E0,1.487546281E1
8.325593458E0,-1.441008408E1,2.752775574E0,5.605692902E0,1.570516123E1
8.335596458E0,-1.575279190E1,4.398004303E0,5.004093933E0,1.710362098E1
8.345598458E0,-1.595816483E1,5.083578644E0,3.647015991E0,1.714078534E1
8.355601458E0,-1.511212418E1,5.331912231E0,3.174598389E0,1.633657431E1
8.365603458E0,-1.327409637E1,4.935536499E0,4.007915497E0,1.471817046E1
8.375606458E0,-1.102083206E1,3.680097198E0,5.628146210E0,1.291037894E1
8.385608458E0,-9.678423615E0,2.471061401E0,6.546935577E0,1.194321538E1
8.395611458E0,-8.943152618E0,1.550026703E0,6.823260956E0,1.135515088E1
8.405613458E0,-8.172854462E0,9.518705750E-1,6.765930176E0,1.065267191E1
8.415616458E0,-7.619754639E0,5.132826233E-1,6.860982513E0,1.026631389E1
8.425618458E0,-7.029082947E0,3.924838257E-1,6.845714264E0,9.819666716E0
8.435621458E0,-6.436614990E0,4.754113770E-1,6.666985931E0,9.279263436E0
8.445623458E0,-6.044879608E0,5.065466309E-1,6.452631683E0,8.856275437E0
8.455626458E0,-5.818101196E0,4.460723877E-1,6.295159149E0,8.583607098E0
8.465628458E0,-5.632487183E0,3.493734741E-1,5.987997894E0,8.228188894E0
8.475631458E0,-5.481600952E0,1.158590698E-1,5.688620453E0,7.900745217E0
8.485633458E0,-5.337001648E0,-4.520599365E-2,5.254672852E0,7.489807538E0
8.495636458E0,-5.233117676E0,-9.984237671E-2,4.856949921E0,7.140409767E0
8.505638458E0,-5.171445923E0,-2.649490356E-2,4.535717926E0,6.878756575E0
8.515641458E0,-5.162614288E0,-3.442840576E-3,4.079017639E0,6.579588364E0
8.525643458E0,-5.112019501E0,6.721023560E-2,3.700754242E0,6.311326529E0
8.535646458E0,-5.083878021E0,1.739382935E-1,3.503165131E0,6.176425843E0
8.545648458E0,-5.051994324E0,2.296224976E-1,3.392395477E0,6.089640401E0
8.555651458E0,-4.954846344E0,2.543211365E-1,3.296445007E0,5.956654365E0
8.565654458E0,-4.835394745E0,2.318678284E-1,3.296295319E0,5.856651591E0
8.575656458E0,-4.705614624E0,2.309696960E-1,3.363056488E0,5.788463089E0
8.585659458E0,-4.656965790E0,2.653981018E-1,3.546874237E0,5.859870594E0
8.595661458E0,-4.599485321E0,3.447331238E-1,3.873644714E0,6.023224180E0
8.605664458E0,-4.529431000E0,4.252656555E-1,4.172573090E0,6.173083690E0
8.615666458E0,-4.527784424E0,5.301974487E-1,4.402494965E0,6.337499746E0
8.625669458E0,-4.605472870E0,5.525010681E-1,4.717889099E0,6.616200975E0
8.635671458E0,-4.660857697E0,5.342390442E-1,5.215753784E0,7.015204442E0
8.645674458E0,-4.650978241E0,5.179229736E-1,5.725892944E0,7.394977540E0
8.655676458E0,-4.614304504E0,4.863386536E-1,6.171216888E0,7.720896919E0
8.665679458E0,-4.537514191E0,4.375401306E-1,6.544540558E0,7.975681006E0
8.675681458E0,-4.608167267E0,3.867956543E-1,6.973698120E0,8.367632993E0
8.685684458E0,-4.826114044E0,3.112028503E-1,7.435487823E0,8.869876163E0
8.695686458E0,-5.207520905E0,2.478845215E-1,7.854316864E0,9.427089376E0
8.705689458E0,-5.810467072E0,3.023712158E-1,8.302484894E0,1.013825485E1
8.715691458E0,-6.732848969E0,6.415658569E-1,8.841813354E0,1.113195964E1
8.725694458E0,-7.851023712E0,1.398691406E0,9.153315582E0,1.213993810E1
8.735696458E0,-8.545878754E0,2.279459839E0,8.913364563E0,1.255691239E1
8.745699458E0,-8.534652100E0,2.994073792E0,8.055797882E0,1.211200412E1
8.755701458E0,-8.134833527E0,3.360511780E0,7.340585175E0,1.146092259E1
8.765704458E0,-7.977061615E0,3.217559052E0,7.086713104E0,1.114485087E1
8.775706458E0,-8.175848236E0,2.486928406E0,7.289541321E0,1.123239600E1
8.785709458E0,-8.125253448E0,1.732197876E0,7.782915344E0,1.138393712E1
8.795711458E0,-7.551646271E0,1.519939270E0,8.541388092E0,1.150186452E1
8.805714458E0,-7.436385956E0,1.795067139E0,9.565408630E0,1.224823026E1
8.815716458E0,-7.884553986E0,2.639760590E0,1.020368134E1,1.316243292E1
8.825719458E0,-8.596024475E0,4.002526703E0,1.009410919E1,1.384929230E1
8.835721458E0,-9.597442017E0,5.667065277E0,9.477241974E0,1.463026444E1
8.845724458E0,-1.038719971E1,7.414531403E0,8.560997314E0,1.536749390E1
8.855727458E0,-1.084150497E1,8.432863770E0,7.023694153E0,1.542672036E1
8.865729458E0,-1.133787277E1,8.064629517E0,5.766608276E0,1.506118784E1
8.875732458E0,-1.274809021E1,6.077362061E0,4.771327972E0,1.490683415E1
8.885734458E0,-1.458851303E1,3.869303741E0,4.204157410E0,1.566751938E1
8.895737458E0,-1.614871857E1,2.143542480E0,5.035528564E0,1.705087780E1
8.905739458E0,-1.705388626E1,9.849517822E-1,5.309608612E0,1.788846305E1
8.915742458E0,-1.545161819E1,1.540746002E0,5.882317657E0,1.660506140E1
8.925744458E0,-1.247610580E1,3.528312836E0,6.140530701E0,1.434602122E1
8.935747458E0,-1.004336472E1,5.073250122E0,6.180497589E0,1.283766303E1
8.945749458E0,-8.843908997E0,5.337600403E0,6.721173248E0,1.232391473E1
8.955752458E0,-7.885452118E0,4.925357666E0,7.185208282E0,1.175017963E1
8.965754458E0,-6.969357147E0,4.237987061E0,7.096592560E0,1.081175746E1
8.975757458E0,-6.246809692E0,3.444936218E0,6.651567993E0,9.753644121E0
8.985759458E0,-5.669310608E0,2.525997162E0,6.520440674E0,9.002104810E0
8.995762458E0,-5.094805298E0,1.641037445E0,6.302344208E0,8.268590414E0
9.005764458E0,-4.465513916E0,1.033600616E0,5.883215790E0,7.457973773E0
9.015767458E0,-3.890559540E0,5.860313416E-1,5.742807770E0,6.961302130E0
9.025769458E0,-3.438050537E0,4.737648010E-1,5.649402008E0,6.630263014E0
9.035772458E0,-3.129093018E0,6.096821594E-1,5.254672852E0,6.146098130E0
9.045774458E0,-3.040776672E0,9.376501465E-1,4.745731201E0,5.713796916E0
9.055777458E0,-3.298840027E0,1.355730743E0,4.193529510E0,5.505092290E0
9.065779458E0,-3.858376465E0,1.758992157E0,3.736978912E0,5.652091095E0
9.075782458E0,-4.289330292E0,2.122885437E0,3.647914124E0,6.017663532E0
9.085784458E0,-4.478985901E0,2.313738556E0,3.669618988E0,6.235447404E0
9.095787458E0,-4.514761505E0,2.424657898E0,3.637884979E0,6.284603766E0
9.105789458E0,-4.461472321E0,2.433938599E0,3.593128052E0,6.224095241E0
9.115792458E0,-4.344565430E0,2.371219025E0,3.664978638E0,6.158733380E0
9.125794458E0,-4.272265778E0,2.249372406E0,3.847598877E0,6.173811482E0
9.135797458E0,-4.264631653E0,2.049987030E0,3.931873627E0,6.152167112E0
9.145800458E0,-4.318369904E0,1.888772278E0,4.174369354E0,6.296120937E0
9.155802458E0,-4.415368195E0,1.822460175E0,4.428690491E0,6.513841942E0
9.165804458E0,-4.532125397E0,1.892364807E0,4.780758362E0,6.853966420E0
9.175807458E0,-4.689897308E0,2.051633606E0,5.173541565E0,7.278040227E0
9.185810458E0,-4.905748444E0,2.233206024E0,5.567522278E0,7.749250367E0
9.195812458E0,-5.168601837E0,2.430196381E0,6.029012604E0,8.304775275E0
9.205815458E0,-5.489085388E0,2.617307281E0,6.527625732E0,8.921336980E0
9.215817458E0,-5.798342285E0,2.737806702E0,7.011868744E0,9.501718901E0
9.225820458E0,-6.149961090E0,2.808759155E0,7.351063385E0,9.987456247E0
9.235822458E0,-6.481820984E0,2.783312073E0,7.696095886E0,1.043986213E1
9.245825458E0,-6.719376984E0,2.586321716E0,7.966733093E0,1.073815269E1
9.255827458E0,-7.133715363E0,2.105371857E0,7.992329865E0,1.091786711E1
9.265830458E0,-7.865244141E0,1.418300629E0,8.050259399E0,1.134373477E1
9.275832458E0,-8.862320709E0,6.423143005E-1,8.380023651E0,1.221384839E1
9.285835458E0,-9.376950531E0,1.386117554E-1,8.619226227E0,1.273724755E1
9.295837458E0,-8.486751709E0,3.561094666E-1,8.990903320E0,1.236883628E1
9.305840458E0,-7.188950500E0,1.202449493E0,9.042994995E0,1.161476012E1
9.315842458E0,-6.869365082E0,2.142045593E0,8.538693695E0,1.116628076E1
9.325844875E0,-7.056475983E0,3.020568695E0,8.158334656E0,1.120161207E1
9.335846875E0,-7.248227234E0,3.711831207E0,8.028105469E0,1.143525104E1
9.345849875E0,-7.460635529E0,4.195774841E0,8.426277466E0,1.201115152E1
9.355851875E0,-8.046068115E0,4.067790985E0,8.998986511E0,1.273844158E1
9.365854875E0,-8.941056976E0,2.848276978E0,9.313931580E0,1.322136540E1
9.375856875E0,-9.986333313E0,1.098864899E0,9.118587799E0,1.356771906E1
9.385859875E0,-1.094598770E1,-3.676354980E-1,8.412506104E0,1.381014343E1
9.395861875E0,-1.120300323E1,-1.024170227E0,8.171207886E0,1.390413048E1
9.405864875E0,-1.203811661E1,-5.035528564E-1,7.806566162E0,1.435661144E1
9.415866875E0,-1.298040710E1,1.295705566E0,6.749015350E0,1.468737654E1
9.425869875E0,-1.439496552E1,3.339106293E0,5.692512360E0,1.583569891E1
9.435871875E0,-1.579530350E1,4.689747620E0,4.727020111E0,1.714147206E1
9.445874875E0,-1.576087509E1,5.553601227E0,4.023932190E0,1.718835945E1
9.455876875E0,-1.503937546E1,5.372926941E0,3.339705048E0,1.631578340E1
9.465879875E0,-1.334085754E1,4.433330841E0,4.391268311E0,1.472807318E1
9.475882875E0,-1.108085724E1,3.427123260E0,6.114035797E0,1.311152183E1
9.485884875E0,-9.790390778E0,2.361489258E0,6.934030609E0,1.222739398E1
9.495887875E0,-8.744815063E0,1.597178650E0,6.963968353E0,1.129245878E1
9.505889875E0,-7.779322815E0,1.027313690E0,6.811136169E0,1.039061176E1
9.515892875E0,-7.193441162E0,5.677693176E-1,6.834188232E0,9.938515309E0
9.525894875E0,-6.622827759E0,4.002676392E-1,6.835685120E0,9.526208730E0
9.535897875E0,-6.065985718E0,3.900888062E-1,6.623725891E0,8.990111050E0
9.545899875E0,-5.567222900E0,3.956272888E-1,6.297703857E0,8.414960823E0
9.555902875E0,-5.188061371E0,4.236190796E-1,5.960754547E0,7.913660890E0
9.565904875E0,-4.900060272E0,4.360432434E-1,5.536536713E0,7.406346140E0
9.575907875E0,-4.709955597E0,2.677931213E-1,5.276078339E0,7.077598287E0
9.585909875E0,-4.454886017E0,1.901046753E-1,4.927153931E0,6.645223478E0
9.595912875E0,-4.321812744E0,9.804611206E-2,4.706812134E0,6.390755738E0
9.605914875E0,-4.214785309E0,1.133143616E-1,4.569547577E0,6.217557431E0
9.615917875E0,-4.211342468E0,1.121168518E-1,4.141437836E0,5.907578431E0
9.625919875E0,-4.208199005E0,1.658551025E-1,3.672612762E0,5.587891488E0
9.635922875E0,-4.188140717E0,2.865042114E-1,3.475472717E0,5.449909901E0
9.645924875E0,-4.247267761E0,3.432362366E-1,3.400478668E0,5.451637343E0
9.655927875E0,-4.310137024E0,3.739224243E-1,3.382815399E0,5.491861175E0
9.665929875E0,-4.378544769E0,4.031117249E-1,3.427123260E0,5.574883604E0
9.675932875E0,-4.501289520E0,4.567002869E-1,3.598516846E0,5.780960646E0
9.685934875E0,-4.697980499E0,4.965174866E-1,3.853586426E0,6.096530056E0
9.695937875E0,-4.870421906E0,5.483097839E-1,4.212839355E0,6.462945814E0
9.705939875E0,-5.023104401E0,6.339317322E-1,4.669090576E0,6.887223974E0
9.715942875E0,-5.172493744E0,7.116201782E-1,5.026846619E0,7.247777710E0
9.725944875E0,-5.302722931E0,7.345225525E-1,5.419031067E0,7.617367758E0
9.735947875E0,-5.461542664E0,6.947053528E-1,5.821244659E0,8.012362522E0
9.745949875E0,-5.583988037E0,6.724017334E-1,6.312073975E0,8.454308035E0
9.755952875E0,-5.608686676E0,6.535409546E-1,6.802154846E0,8.840463368E0
9.765954875E0,-5.603746948E0,6.376739502E-1,7.260651398E0,9.193784131E0
9.775957875E0,-5.662424927E0,6.231541443E-1,7.653135223E0,9.540537505E0
9.785959875E0,-5.788911896E0,5.888754272E-1,8.011040955E0,9.901265191E0
9.795962875E0,-6.016139374E0,6.307882690E-1,8.273744659E0,1.024922814E1
9.805965875E0,-6.459367676E0,7.994874573E-1,8.425379333E0,1.064657822E1
9.815967875E0,-7.087311859E0,1.212478638E0,8.497678986E0,1.113151571E1
9.825970875E0,-7.750283203E0,1.940863953E0,8.566386108E0,1.171395807E1
9.835972875E0,-8.218659210E0,2.736609192E0,8.473429413E0,1.211752430E1
9.845975875E0,-8.525371399E0,3.376827850E0,8.142467651E0,1.226314410E1
9.855977875E0,-8.580456848E0,3.674409027E0,7.721542969E0,1.211394846E1
9.865980875E0,-8.614585876E0,3.360062714E0,7.701185303E0,1.203367634E1
9.875982875E0,-8.749904480E0,2.712808685E0,8.046217804E0,1.219269373E1
9.885985875E0,-8.686735840E0,2.291434937E0,8.617280273E0,1.244859723E1
9.895987875E0,-8.688232727E0,2.458337860E0,9.466165009E0,1.308193766E1
9.905990875E0,-9.045839081E0,3.353775787E0,1.023960663E1,1.406856640E1
9.915992875E0,-9.714199219E0,4.854554901E0,1.060574524E1,1.517940058E1
9.925995875E0,-1.031385223E1,6.452631683E0,9.903405762E0,1.568723842E1
9.935997875E0,-1.023975632E1,7.592062225E0,8.607849884E0,1.538138804E1
9.946000875E0,-9.706415405E0,7.487280121E0,6.882986755E0,1.405878267E1
9.956002875E0,-9.671987000E0,5.918841705E0,5.074597321E0,1.242302530E1
9.966005875E0,-1.086006638E1,3.856580200E0,4.274361420E0,1.229164017E1
9.976007875E0,-1.267938309E1,2.206112366E0,4.064348145E0,1.349639260E1
9.986010875E0,-1.394245651E1,8.764274597E-1,4.118984528E0,1.456455465E1
9.996012875E0,-1.452264999E1,1.886077881E-1,4.025279388E0,1.507135727E1
1.000601587E1,-1.406520126E1,5.254074097E-1,3.413052521E0,1.448291639E1
1.001601788E1,-1.280721725E1,1.901795197E0,3.295995941E0,1.336058487E1
1.002602087E1,-1.146016846E1,3.581751709E0,4.442461853E0,1.280233860E1
1.003602287E1,-1.040621017E1,4.489464111E0,5.846991119E0,1.275271749E1
1.004602587E1,-9.571096802E0,4.713248749E0,6.838529205E0,1.267225668E1
1.005602787E1,-8.798403625E0,4.466112671E0,7.207811279E0,1.221927216E1
1.006603088E1,-8.117020569E0,3.787573700E0,7.207960968E0,1.149723614E1
1.007603287E1,-7.579638062E0,2.893183594E0,6.990463257E0,1.070924839E1
1.008603587E1,-6.948400726E0,2.046843567E0,6.694528656E0,9.863394708E0
1.009603788E1,-6.322851562E0,1.381926270E0,6.477629700E0,9.156847636E0
1.010604087E1,-5.523962860E0,1.045276337E0,6.209088135E0,8.376129402E0
1.011604288E1,-4.866080933E0,9.246272278E-1,5.754184113E0,7.592385261E0
1.012604587E1,-4.205354919E0,1.082997894E0,5.351671143E0,6.891899481E0
1.013604887E1,-3.623814240E0,1.462309113E0,5.276677094E0,6.566102248E0
1.014605088E1,-3.370840302E0,1.963167572E0,4.956941986E0,6.307762290E0
1.015605387E1,-3.425326996E0,2.378104706E0,4.245022430E0,5.950501026E0
1.016605588E1,-3.869603119E0,2.621648254E0,3.550766144E0,5.869821810E0
1.017605887E1,-4.214336243E0,2.753973083E0,3.400478668E0,6.075216283E0
1.018606087E1,-4.354744263E0,2.908751221E0,3.518882446E0,6.309291951E0
1.019606387E1,-4.354893951E0,3.022065582E0,3.435505829E0,6.316698664E0
1.020606587E1,-4.224664764E0,3.052153015E0,3.359613647E0,6.200841415E0
1.021606888E1,-4.035757599E0,2.943329315E0,3.276985474E0,5.974040563E0
1.022607087E1,-3.849095764E0,2.753823395E0,3.350632324E0,5.798777325E0
1.023607387E1,-3.796405334E0,2.469265137E0,3.531306610E0,5.742829455E0
1.024607588E1,-3.894002380E0,2.176024933E0,3.810326385E0,5.866594089E0
1.025607887E1,-3.927083588E0,2.002535706E0,4.140689392E0,6.047928852E0
1.026608088E1,-3.926784210E0,1.997446289E0,4.533322906E0,6.321427251E0
1.027608387E1,-3.960913239E0,2.132615204E0,4.785548401E0,6.567979506E0
1.028608587E1,-4.081412659E0,2.264940033E0,5.062023468E0,6.885634628E0
1.029608888E1,-4.244124298E0,2.399510193E0,5.446124725E0,7.309617962E0
1.030609087E1,-4.433929596E0,2.479294281E0,5.817951508E0,7.723677333E0
1.031609388E1,-4.695884857E0,2.541265411E0,6.148613892E0,8.143391018E0
1.032609646E1,-5.041665802E0,2.664758606E0,6.597979431E0,8.720817912E0
1.033609946E1,-5.506149902E0,2.844684448E0,7.048542480E0,9.385726794E0
1.034610146E1,-6.006259918E0,3.041674805E0,7.331454163E0,9.953751251E0
1.035610446E1,-6.801556091E0,2.996768188E0,7.476801910E0,1.054250215E1
1.036610646E1,-8.055797882E0,2.315534821E0,7.492369537E0,1.124247225E1
1.037610946E1,-9.549242249E0,1.369352417E0,8.085885315E0,1.258748167E1
1.038611146E1,-1.039378601E1,9.087602234E-1,8.643326111E0,1.354856889E1
1.039611446E1,-9.586065674E0,1.230291595E0,9.304351501E0,1.341555923E1
1.040611646E1,-8.307125244E0,2.229912872E0,9.688602448E0,1.295568827E1
1.041611946E1,-8.290809174E0,3.209924927E0,9.203910370E0,1.279660505E1
1.042612146E1,-8.540489960E0,4.061504059E0,8.941356354E0,1.301474692E1
1.043612446E1,-8.721014557E0,4.725672913E0,9.109905853E0,1.346768221E1
1.044612646E1,-9.203311615E0,4.759652252E0,9.231153717E0,1.387693890E1
1.045612946E1,-9.597442017E0,3.444187775E0,9.167086945E0,1.371163031E1
1.046613146E1,-1.003588028E1,1.447040863E0,8.687035217E0,1.335205606E1
1.047613446E1,-1.068014053E1,-1.061293030E-1,8.161178741E0,1.344178201E1
1.048613646E1,-1.131541946E1,-8.005352783E-1,7.797884216E0,1.376541219E1
1.049613946E1,-1.182900146E1,-2.872526550E-1,7.690407715E0,1.411205728E1
1.050614246E1,-1.294597870E1,1.209035797E0,6.939269714E0,1.473816801E1
1.051614446E1,-1.429961380E1,3.333717499E0,6.431525574E0,1.602988298E1
1.052614746E1,-1.582988159E1,4.705614624E0,4.957540741E0,1.724253956E1
1.053614946E1,-1.626472733E1,5.292394409E0,4.414320374E0,1.766456956E1
1.054615246E1,-1.576312042E1,5.266049194E0,4.134851532E0,1.712612731E1
1.055615446E1,-1.422057816E1,4.482877808E0,4.421206055E0,1.555210917E1
1.056615746E1,-1.160880936E1,3.576961670E0,6.296955414E0,1.368249820E1
1.057615946E1,-9.861193542E0,2.588567047E0,6.917115784E0,1.232032095E1
1.058616246E1,-8.747060394E0,1.740281067E0,6.839876404E0,1.123937511E1
1.059616446E1,-7.690856781E0,1.194515991E0,6.616241455E0,1.021522381E1
1.060616746E1,-6.991211700E0,7.485932922E-1,6.579118652E0,9.629238558E0
1.061616946E1,-6.393654327E0,5.159770203E-1,6.340814209E0,9.019477411E0
1.062617246E1,-5.893244934E0,4.227209473E-1,6.183940430E0,8.552785984E0
1.063617446E1,-5.475463715E0,3.775149536E-1,5.967640228E0,8.107770984E0
1.064617746E1,-5.047204285E0,4.192781067E-1,5.622907104E0,7.567506163E0
1.065617946E1,-4.819677429E0,3.423381042E-1,5.270539856E0,7.150180157E0
1.066618246E1,-4.737797699E0,1.736389160E-1,4.971162415E0,6.869449269E0
1.067618446E1,-4.660857697E0,-1.721420288E-2,4.672084351E0,6.599413836E0
1.068618746E1,-4.592749329E0,-5.059478760E-2,4.282145233E0,6.279544094E0
1.069618946E1,-4.598587189E0,-1.841171265E-2,4.109554138E0,6.167315327E0
1.070619246E1,-4.642296295E0,4.864883423E-2,3.937412109E0,6.087404679E0
1.071619446E1,-4.658462677E0,1.481918335E-1,3.443439331E0,5.794869262E0
1.072619746E1,-4.686155090E0,2.891986084E-1,3.216660919E0,5.691273393E0
1.073619946E1,-4.680616608E0,3.995191956E-1,3.163371735E0,5.663453730E0
1.074620246E1,-4.667444000E0,4.372407532E-1,3.147055664E0,5.646252945E0
1.075620446E1,-4.676425323E0,4.567002869E-1,3.228486328E0,5.700934391E0
1.076620746E1,-4.680017853E0,5.138813782E-1,3.457959137E0,5.841585621E0
1.077620946E1,-4.710105286E0,5.619314575E-1,3.741619263E0,6.041570447E0
1.078621246E1,-4.781057739E0,5.848338318E-1,4.076323242E0,6.310067741E0
1.079621446E1,-4.892126770E0,5.888754272E-1,4.382586365E0,6.594447805E0
1.080621746E1,-5.010530548E0,6.176156616E-1,4.796325989E0,6.963591636E0
1.081621946E1,-5.173990631E0,6.518943787E-1,5.227130127E0,7.383632893E0
1.082622246E1,-5.286406860E0,6.689588928E-1,5.739215240E0,7.831487411E0
1.083622546E1,-5.367987213E0,6.821315002E-1,6.270310822E0,8.282354007E0
1.084622746E1,-5.400170288E0,7.213499451E-1,6.728807373E0,8.657888516E0
1.085623046E1,-5.431305542E0,7.918533325E-1,7.201823730E0,9.054964198E0
1.086623246E1,-5.637277222E0,8.556207275E-1,7.650889893E0,9.541860272E0
1.087623546E1,-5.977369995E0,8.988807678E-1,8.041577454E0,1.006001524E1
1.088623746E1,-6.450536041E0,9.840536499E-1,8.328830109E0,1.058050981E1
1.089624046E1,-6.992858276E0,1.077609100E0,8.352929993E0,1.094681450E1
1.090624246E1,-7.634573822E0,1.333127747E0,8.279432831E0,1.134076519E1
1.091624546E1,-8.286617889E0,1.961071930E0,8.395291901E0,1.195804187E1
1.092624746E1,-8.639434204E0,2.723137207E0,8.411757660E0,1.236175419E1
1.093625046E1,-8.720565491E0,3.263064423E0,7.984396362E0,1.226566089E1
1.094625246E1,-8.618028717E0,3.337609406E0,7.624245300E0,1.198078344E1
1.095625546E1,-8.696764984E0,2.778971100E0,7.766898651E0,1.198670581E1
1.096625746E1,-8.867859192E0,1.855391693E0,7.753875732E0,1.192493161E1
1.097626046E1,-8.655600586E0,1.328337708E0,8.101902008E0,1.192999240E1
1.098626246E1,-8.014184418E0,1.515149231E0,8.784931641E0,1.198740393E1
1.099626546E1,-7.775730286E0,2.105521545E0,9.384434967E0,1.236781396E1
1.100626746E1,-8.186925201E0,3.040327606E0,9.402846680E0,1.283288206E1
1.101627046E1,-8.677455139E0,4.227658539E0,8.928782501E0,1.314893461E1
1.102627246E1,-9.174122314E0,5.530848541E0,8.332422638E0,1.357144329E1
1.103627546E1,-9.673034821E0,6.785988464E0,7.473508759E0,1.398107919E1
1.104627746E1,-1.004845413E1,7.230863342E0,6.319558411E0,1.389941127E1
1.105628046E1,-1.051668045E1,6.086343384E0,4.436623993E0,1.293552380E1
1.106628246E1,-1.189471481E1,4.141886902E0,4.037254486E0,1.322644666E1
1.107628546E1,-1.369756577E1,2.516267395E0,4.245172119E0,1.455940919E1
1.108628746E1,-1.503997421E1,1.249601440E0,4.357738037E0,1.570834838E1
1.109629046E1,-1.576925766E1,6.969506836E-1,4.768633575E0,1.648924175E1
1.110629346E1,-1.495540009E1,1.129401398E0,4.683460693E0,1.571223546E1
1.111629546E1,-1.272863068E1,2.825973358E0,5.193150787E0,1.403470625E1
1.112629846E1,-1.091590027E1,4.442910919E0,5.718857574E0,1.309968198E1
1.113630046E1,-9.648485870E0,4.848267975E0,6.714736633E0,1.271560734E1
1.114630346E1,-8.546926575E0,4.663552094E0,7.237599335E0,1.213183894E1
1.115630546E1,-7.606132965E0,4.116739197E0,7.038363647E0,1.115075617E1
1.116630846E1,-6.803052979E0,3.360811157E0,6.518494720E0,1.000336718E1
1.117631046E1,-6.122867432E0,2.571053467E0,6.084247742E0,9.006547180E0
1.118631346E1,-5.471721497E0,1.798360291E0,5.822142792E0,8.189699784E0
1.119631546E1,-4.789440308E0,1.306932220E0,5.557942200E0,7.452350756E0
1.120631846E1,-4.180506592E0,1.042581940E0,5.220693512E0,6.768992038E0
1.121632046E1,-3.633693695E0,1.075663147E0,4.957540741E0,6.240031352E0
1.122632346E1,-3.256927185E0,1.267564087E0,4.768932953E0,5.912445764E0
1.123632546E1,-3.196752319E0,1.588796082E0,4.251758423E0,5.551661739E0
1.124632846E1,-3.489244080E0,1.952839050E0,4.017345886E0,5.668110141E0
1.125633046E1,-4.005370789E0,2.144440613E0,3.649111633E0,5.827318115E0
1.126633346E1,-4.372108154E0,2.349663849E0,3.358116760E0,5.992762142E0
1.127633546E1,-4.465513916E0,2.527793427E0,3.403472443E0,6.157449050E0
1.128633846E1,-4.377347260E0,2.659519501E0,3.445534973E0,6.172999616E0
1.129634146E1,-4.286935272E0,2.705174561E0,3.325933685E0,6.062806142E0
1.130634346E1,-4.203259277E0,2.588866425E0,3.326682129E0,5.952850738E0
1.131634646E1,-4.217928772E0,2.435585175E0,3.548221436E0,6.026016398E0
1.132634775E1,-4.324806519E0,2.296524353E0,3.877237244E0,6.245874172E0
1.133635075E1,-4.303550720E0,2.170636139E0,4.068689117E0,6.307649418E0
1.134635275E1,-4.307143250E0,2.123484192E0,4.254153442E0,6.415488259E0
1.135635575E1,-4.374802551E0,2.103425903E0,4.544699249E0,6.649630754E0
1.136635775E1,-4.496948547E0,2.192341003E0,4.976700897E0,7.056660480E0
1.137636075E1,-4.647984467E0,2.345472565E0,5.288203125E0,7.420922681E0
1.138636275E1,-4.874762878E0,2.429597626E0,5.627996521E0,7.832024169E0
1.139636575E1,-5.179229736E0,2.542612610E0,6.034102020E0,8.348633825E0
1.140636775E1,-5.511239319E0,2.718796234E0,6.422693939E0,8.889128710E0
1.141637075E1,-5.875282288E0,2.958896942E0,6.753805389E0,9.428037988E0
1.142637275E1,-6.249204712E0,3.141966248E0,6.962172089E0,9.868958994E0
1.143637575E1,-6.743776245E0,3.061733093E0,6.948101349E0,1.015523707E1
1.144637775E1,-7.566764832E0,2.549348602E0,6.875951385E0,1.053725846E1
1.145638075E1,-8.692274323E0,1.666634216E0,7.025340729E0,1.129994314E1
1.146638275E1,-9.493707733E0,1.023122406E0,7.748636627E0,1.229709866E1
1.147638575E1,-9.422455902E0,9.991722107E-1,8.506959686E0,1.273378904E1
1.148638875E1,-8.474028168E0,1.560205536E0,9.096583557E0,1.252961400E1
1.149639075E1,-7.795189819E0,2.448757782E0,8.993298340E0,1.215075364E1
1.150639375E1,-7.893684998E0,3.277733917E0,8.512348480E0,1.206291338E1
1.151639575E1,-8.150251465E0,3.942052460E0,8.404572601E0,1.235326747E1
1.152639875E1,-8.614735565E0,4.425097961E0,8.817414093E0,1.309740249E1
1.153640075E1,-9.314680023E0,3.998634796E0,9.269174652E0,1.373571778E1
1.154640375E1,-9.822723541E0,2.456840973E0,9.220974884E0,1.369482907E1
1.155640575E1,-1.025487488E1,7.173083496E-1,8.897347870E0,1.359557977E1
1.156640875E1,-1.095751373E1,-7.253915405E-1,8.578211517E0,1.393481299E1
1.157641075E1,-1.133532806E1,-1.260678406E0,8.539591827E0,1.424793322E1
1.158641375E1,-1.150312912E1,-5.387297058E-1,8.261170807E0,1.417247869E1
1.159641575E1,-1.216939362E1,1.317709808E0,7.261848907E0,1.423253139E1
1.160641875E1,-1.369502106E1,3.282673645E0,5.812263336E0,1.523522081E1
1.161642175E1,-1.503234009E1,4.757556610E0,4.976850586E0,1.653404473E1
1.162642375E1,-1.521406219E1,5.691763916E0,4.661905518E0,1.689962213E1
1.163642675E1,-1.483999008E1,5.475463715E0,3.472329254E0,1.619453855E1
1.164642875E1,-1.357467133E1,4.689448242E0,4.021537170E0,1.491426792E1
1.165643175E1,-1.147438889E1,3.812272339E0,5.998925171E0,1.349748584E1
1.166643375E1,-9.828711090E0,2.861898651E0,6.708000641E0,1.223892553E1
1.167643675E1,-8.885672150E0,2.120191040E0,6.786138153E0,1.137989678E1
1.168643875E1,-7.825127563E0,1.651515656E0,6.693630524E0,1.042903710E1
1.169644175E1,-7.166197815E0,1.066382446E0,6.582411804E0,9.788754150E0
1.170644375E1,-6.790479126E0,7.120692444E-1,6.590644684E0,9.489691603E0
1.171644675E1,-6.390361176E0,6.789880371E-1,6.425388336E0,9.087538499E0
1.172644875E1,-6.049519958E0,7.740403748E-1,6.052364044E0,8.592260515E0
1.173645175E1,-5.785469055E0,8.087681580E-1,5.683980103E0,8.150667944E0
1.174645375E1,-5.504802704E0,7.842192078E-1,5.324278107E0,7.698427757E0
1.175645675E1,-5.326972504E0,6.735992432E-1,5.082680511E0,7.393511559E0
1.176645975E1,-5.216951294E0,4.068539429E-1,4.833299103E0,7.123404464E0
1.177646175E1,-5.057532806E0,1.679507446E-1,4.593946838E0,6.834558734E0
1.178646475E1,-4.875361633E0,9.041198730E-2,4.335584106E0,6.524922599E0
1.179646675E1,-4.760550385E0,5.553451538E-2,4.276756439E0,6.399732001E0
1.180646975E1,-4.716392212E0,8.981323242E-3,3.846551056E0,6.086081760E0
1.181647175E1,-4.686753845E0,4.685256958E-2,3.494183807E0,5.846124977E0
1.182647475E1,-4.614005127E0,1.643582153E-1,3.351231079E0,5.704980866E0
1.183647675E1,-4.619693298E0,2.839595032E-1,3.418441315E0,5.753949964E0
1.184647975E1,-4.607119446E0,3.945794678E-1,3.468886414E0,5.780520348E0
1.185648175E1,-4.578977966E0,5.023553467E-1,3.562741241E0,5.823446167E0
1.186648475E1,-4.617298279E0,5.704637146E-1,3.760030975E0,5.981864691E0
1.187648675E1,-4.691693573E0,6.207591248E-1,3.985162811E0,6.186990634E0
1.188648975E1,-4.781207428E0,7.200027466E-1,4.232448578E0,6.425882771E0
1.189649275E1,-4.909939728E0,7.863148499E-1,4.585264893E0,6.763908139E0
1.190649475E1,-5.064418488E0,7.794291687E-1,4.951852570E0,7.125776331E0
1.191649775E1,-5.194048920E0,7.478448486E-1,5.333109741E0,7.481943304E0
1.192649975E1,-5.277425537E0,7.171586609E-1,5.754932556E0,7.841223474E0
1.193650275E1,-5.296436005E0,7.117698669E-1,6.222111053E0,8.202043444E0
1.194650475E1,-5.348078613E0,7.066804504E-1,6.656956787E0,8.568337982E0
1.195650775E1,-5.443879395E0,7.117698669E-1,7.095095673E0,8.971221868E0
1.196650975E1,-5.630840607E0,6.721023560E-1,7.442972260E0,9.357132230E0
1.197651275E1,-5.980663147E0,6.945556641E-1,7.761809235E0,9.823259227E0
1.198651475E1,-6.466253357E0,7.707472229E-1,8.101303253E0,1.039411363E1
1.199651775E1,-7.029382324E0,9.231303406E-1,8.376281433E0,1.097389977E1
1.200651975E1,-7.752678223E0,1.284029846E0,8.654552765E0,1.168991171E1
1.201652275E1,-8.469986572E0,1.889820099E0,8.741372223E0,1.231761669E1
1.202652575E1,-8.790021057E0,2.453847198E0,8.450377350E0,1.243763296E1
1.203652775E1,-8.853489075E0,2.882705383E0,7.948920135E0,1.224253203E1
1.204653075E1,-8.874146118E0,2.968477020E0,7.567662964E0,1.203461042E1
1.205653275E1,-8.732690277E0,2.579286346E0,7.609575806E0,1.186668620E1
1.206653575E1,-8.550070038E0,2.152972870E0,8.220455475E0,1.205466209E1
1.207653775E1,-8.577014008E0,2.094145203E0,9.068741455E0,1.265672489E1
1.208654075E1,-8.945996704E0,2.499951324E0,9.989327087E0,1.364064769E1
1.209654275E1,-9.573192444E0,3.442840576E0,1.073432785E1,1.478935290E1
1.210654575E1,-1.034498749E1,4.918022919E0,1.087428680E1,1.579417073E1
1.211654775E1,-1.082758392E1,6.588549042E0,9.817634125E0,1.603220172E1
1.212655075E1,-1.075154205E1,7.701035614E0,8.194110260E0,1.555779705E1
1.213655375E1,-1.028466293E1,7.433092804E0,6.075266418E0,1.406890267E1
1.214655575E1,-1.024709106E1,5.664221191E0,4.224814453E0,1.244730228E1
1.215655875E1,-1.161315033E1,3.347638550E0,2.968027954E0,1.244512492E1
1.216656075E1,-1.338127350E1,1.416654053E0,3.251688080E0,1.384336897E1
1.217656375E1,-1.444301559E1,3.022215271E-1,3.582200775E0,1.488368905E1
1.218656575E1,-1.462279175E1,5.164260864E-1,3.239862671E0,1.498630857E1
1.219656875E1,-1.332708618E1,1.978435822E0,2.815794525E0,1.376423384E1
1.220657075E1,-1.120375168E1,3.935166779E0,3.512445831E0,1.238333012E1
1.221657375E1,-9.441466370E0,5.049299927E0,4.927303619E0,1.178622238E1
1.222657575E1,-8.698710938E0,5.281616821E0,6.164181519E0,1.189790662E1
1.223657875E1,-8.117020569E0,4.968318329E0,6.908882904E0,1.176022419E1
1.224658075E1,-7.748486938E0,4.265380096E0,6.964716797E0,1.125787712E1
1.225658375E1,-7.348219299E0,3.337459717E0,6.734196167E0,1.051115418E1
1.226658575E1,-6.614445190E0,2.405946808E0,6.454877014E0,9.550125784E0
1.227658875E1,-5.983058167E0,1.655557251E0,6.041436768E0,8.662379180E0
1.228659175E1,-5.384752350E0,1.301543427E0,5.783972168E0,8.008989150E0
1.229659375E1,-4.918771362E0,1.255888367E0,5.679489441E0,7.617622176E0
1.230659675E1,-4.491110687E0,1.360221405E0,5.451962585E0,7.193342304E0
1.231659875E1,-3.999383240E0,1.685944061E0,5.235812073E0,6.800823607E0
1.232660162E1,-3.611689453E0,2.118544464E0,4.709656219E0,6.301856318E0
1.233660363E1,-3.542233887E0,2.525997162E0,4.278852081E0,6.102184666E0
1.234660662E1,-4.087849274E0,2.659669189E0,3.792214050E0,6.177802140E0
1.235660862E1,-4.678071899E0,2.674787750E0,3.461252289E0,6.404616586E0
1.236661162E1,-4.948409729E0,2.713706818E0,3.545527039E0,6.664962529E0
1.237661362E1,-5.065017242E0,2.738106079E0,3.642076263E0,6.812954137E0
1.238661663E1,-4.924908600E0,2.714305573E0,3.516786804E0,6.632493414E0
1.239661862E1,-4.679419098E0,2.689906311E0,3.541635132E0,6.455674904E0
1.240662162E1,-4.538262634E0,2.546205139E0,3.670367432E0,6.367934157E0
1.241662462E1,-4.530329132E0,2.309996338E0,3.938609619E0,6.432154449E0
1.242662662E1,-4.489763489E0,2.116448822E0,4.168082428E0,6.481530909E0
1.243662963E1,-4.385580139E0,1.965412903E0,4.387825470E0,6.507624251E0
1.244663162E1,-4.367617493E0,1.971400452E0,4.721032562E0,6.726860394E0
1.245663462E1,-4.401447144E0,2.042652283E0,4.949756927E0,6.931468744E0
1.246663663E1,-4.529431000E0,2.118095398E0,5.225932617E0,7.232734270E0
1.247663962E1,-4.712799683E0,2.176024933E0,5.534441071E0,7.587858942E0
1.248664163E1,-4.891977081E0,2.199076996E0,5.866450653E0,7.948749755E0
1.249664462E1,-5.072501678E0,2.158661041E0,6.235583038E0,8.323015475E0
1.250664662E1,-5.402265930E0,2.141297150E0,6.518045654E0,8.732385116E0
1.251664963E1,-5.808970184E0,2.211950226E0,6.822362823E0,9.229382043E0
1.252665262E1,-6.243067474E0,2.341730347E0,7.065906372E0,9.715277936E0
1.253665463E1,-6.814429321E0,2.313738556E0,7.172933807E0,1.016074862E1
1.254665762E1,-7.817493439E0,1.788780212E0,7.150181122E0,1.074420906E1
1.255665962E1,-9.238039398E0,9.716294861E-1,7.443870392E0,1.190363987E1
1.256666263E1,-1.009530670E1,4.968168640E-1,7.954608307E0,1.286226410E1
1.257666462E1,-9.267228699E0,8.346643066E-1,8.821755066E0,1.282191697E1
1.258666763E1,-8.004754028E0,1.790726166E0,9.351204071E0,1.243896317E1
1.259666962E1,-7.717501373E0,2.626887360E0,8.976533203E0,1.212594380E1
1.260667262E1,-7.883655853E0,3.380121002E0,8.569828949E0,1.212514807E1
1.261667463E1,-8.003706207E0,4.027075653E0,8.372389526E0,1.226268966E1
1.262667762E1,-8.220156097E0,4.389472046E0,8.584498444E0,1.267012410E1
1.263667963E1,-8.628656616E0,4.044589233E0,8.745862885E0,1.293454810E1
1.264668262E1,-9.400601349E0,2.411335602E0,8.678502960E0,1.301930331E1
1.265668562E1,-1.013602203E1,5.107379150E-1,8.389304352E0,1.316739243E1
1.266668763E1,-1.094523926E1,-9.776170349E-1,7.885601807E0,1.352540991E1
1.267669062E1,-1.172766220E1,-1.579665070E0,7.526049500E0,1.402408013E1
1.268669263E1,-1.243060043E1,-8.373587036E-1,7.583679657E0,1.458537603E1
1.269669562E1,-1.373498795E1,1.155746613E0,6.800208893E0,1.536972625E1
1.270669762E1,-1.540461594E1,3.406915283E0,5.405409393E0,1.667716147E1
1.271670063E1,-1.656410477E1,5.026696930E0,4.790488129E0,1.796067998E1
1.272670262E1,-1.643447433E1,5.799689484E0,3.613336029E0,1.779844212E1
1.273670563E1,-1.510449005E1,5.693260803E0,3.707490234E0,1.656213519E1
1.274670762E1,-1.242206818E1,4.728966064E0,5.139262848E0,1.425071649E1
1.275671062E1,-1.014739838E1,3.334465942E0,6.516399078E0,1.251206673E1
1.276671263E1,-9.278006287E0,2.018851776E0,6.877448273E0,1.172418261E1
1.277671562E1,-8.440647583E0,1.197210388E0,6.827751617E0,1.092227250E1
1.278671863E1,-7.608827362E0,6.384223938E-1,6.688092041E0,1.015048827E1
1.279672062E1,-7.009174347E0,3.326083374E-1,6.614744568E0,9.643339620E0
1.280672362E1,-6.311774597E0,3.694317627E-1,6.593488770E0,9.135046390E0
1.281672563E1,-5.646108856E0,5.363346863E-1,6.299350433E0,8.476320900E0
1.282672862E1,-5.155279541E0,6.478527832E-1,6.071524200E0,7.991246867E0
1.283673063E1,-4.873415680E0,7.231462097E-1,5.544170837E0,7.416936774E0
1.284673362E1,-4.806654510E0,6.478527832E-1,5.305567017E0,7.188371316E0
1.285673562E1,-4.820425873E0,3.769161987E-1,5.109175415E0,7.034361722E0
1.286673863E1,-4.805756378E0,1.273851013E-1,4.736450500E0,6.748739488E0
1.287674062E1,-4.894970856E0,-5.284011841E-2,4.412374420E0,6.590339884E0
1.288674363E1,-4.905149689E0,-8.696914673E-2,4.201163635E0,6.458934354E0
1.289674562E1,-5.008883972E0,-3.682342529E-2,3.969744873E0,6.391333896E0
1.290674862E1,-5.162165222E0,1.002914429E-2,3.606749725E0,6.297356108E0
1.291675163E1,-5.135820007E0,1.948947144E-1,3.427722015E0,6.177694498E0
1.292675362E1,-5.104684753E0,3.397933960E-1,3.436104584E0,6.162798122E0
1.293675663E1,-5.065466309E0,4.125421143E-1,3.420686646E0,6.126192704E0
1.294675862E1,-4.962330780E0,5.197192383E-1,3.472928009E0,6.079149925E0
1.295676162E1,-4.899162140E0,6.274951172E-1,3.628753967E0,6.128898364E0
1.296676363E1,-4.890480194E0,6.735992432E-1,3.950884094E0,6.322975375E0
1.297676662E1,-4.903203735E0,6.797364807E-1,4.248465271E0,6.523258826E0
1.298676862E1,-4.871769104E0,7.396119690E-1,4.601880341E0,6.742289132E0
1.299677162E1,-4.832550659E0,7.688012695E-1,4.922812958E0,6.941086996E0
1.300677362E1,-4.825964355E0,7.599696350E-1,5.298232269E0,7.206854445E0
1.301677663E1,-4.835544434E0,7.084767151E-1,5.662125549E0,7.479578528E0
1.302677862E1,-4.850064240E0,6.445596313E-1,6.063590698E0,7.791387065E0
1.303678163E1,-4.892126770E0,6.161187744E-1,6.514153748E0,8.169865710E0
1.304678462E1,-4.984185333E0,5.963598633E-1,7.044800262E0,8.650257757E0
1.305678662E1,-5.244194641E0,6.036946106E-1,7.578440552E0,9.235734178E0
1.306678963E1,-5.740263062E0,6.176156616E-1,8.021519165E0,9.883159355E0
1.307679162E1,-6.447991333E0,6.682104492E-1,8.386759644E0,1.060003938E1
1.308679463E1,-7.163353729E0,8.978329468E-1,8.569080505E0,1.120485972E1
1.309679662E1,-7.840096436E0,1.332379303E0,8.566386108E0,1.168868332E1
1.310679962E1,-8.427924042E0,1.925895081E0,8.486901398E0,1.211472125E1
1.311680163E1,-8.723858643E0,2.529440002E0,8.272547150E0,1.228571580E1
1.312680462E1,-8.793314209E0,3.010090485E0,8.000113678E0,1.226314961E1
1.313680662E1,-8.923842773E0,3.135529633E0,7.907905426E0,1.232888820E1
1.314680962E1,-9.153914337E0,2.803220673E0,8.222251740E0,1.261973128E1
1.315681262E1,-9.356742554E0,2.367776184E0,8.704399109E0,1.299698269E1
1.316681463E1,-9.220076752E0,2.197280731E0,9.311835938E0,1.328714215E1
1.317681762E1,-9.047485657E0,2.561772766E0,9.943522339E0,1.368551471E1
1.318681962E1,-9.147178345E0,3.545227661E0,1.031519943E1,1.423526783E1
1.319682262E1,-9.438472595E0,4.957391052E0,1.016955231E1,1.473364466E1
1.320682462E1,-9.546098785E0,6.477779388E0,9.379644928E0,1.486833437E1
1.321682763E1,-9.630523224E0,7.522606659E0,7.946525116E0,1.457682578E1
1.322682962E1,-9.409283295E0,7.470964050E0,5.937552795E0,1.340165845E1
1.323683262E1,-9.233848114E0,6.002068634E0,3.992048492E0,1.171431731E1
1.324683462E1,-1.024694138E1,4.182751923E0,3.280128937E0,1.154358987E1
1.325683762E1,-1.209185486E1,2.567460938E0,3.202590179E0,1.276954946E1
1.326683963E1,-1.313129333E1,1.594035187E0,3.433260498E0,1.366598297E1
1.327684262E1,-1.396505951E1,1.205443268E0,3.516337738E0,1.445131868E1
1.328684562E1,-1.374352020E1,1.847458191E0,3.343596954E0,1.426453960E1
1.329684762E1,-1.226279938E1,3.249891815E0,4.028123474E0,1.331029016E1
1.330685062E1,-1.058284286E1,4.373305664E0,5.207520905E0,1.257937357E1
1.331685263E1,-9.312584381E0,4.793930969E0,6.195466461E0,1.216921553E1
1.332685562E1,-8.526269531E0,4.692591705E0,6.913523254E0,1.193794341E1
1.333685796E1,-8.042475586E0,4.296515350E0,7.104226685E0,1.155904384E1
1.334686096E1,-7.555089111E0,3.600163422E0,7.038213959E0,1.093512706E1
1.335686296E1,-6.988816681E0,2.842888184E0,6.821315002E0,1.017132785E1
1.336686596E1,-6.269562378E0,2.179318085E0,6.483317871E0,9.278483192E0
1.337686796E1,-5.667364655E0,1.747017059E0,6.217620392E0,8.592432372E0
1.338687096E1,-5.206024017E0,1.504521332E0,6.149062958E0,8.196172629E0
1.339687296E1,-4.753365326E0,1.413660278E0,5.928272095E0,7.728992647E0
1.340687596E1,-4.070934448E0,1.619033203E0,5.625002747E0,7.129826905E0
1.341687896E1,-3.689377899E0,1.866618347E0,5.116510162E0,6.578331823E0
1.342688096E1,-3.938609619E0,2.097438354E0,4.608616333E0,6.414923062E0
1.343688396E1,-4.446054382E0,2.129022675E0,4.208498383E0,6.481635269E0
1.344688596E1,-4.691094818E0,2.163151703E0,3.990252228E0,6.527458060E0
1.345688896E1,-4.696483612E0,2.241438904E0,3.910168762E0,6.509256980E0
1.346689096E1,-4.686604156E0,2.300416260E0,3.769760742E0,6.439508486E0
1.347689396E1,-4.560715942E0,2.311193848E0,3.606450348E0,6.256854723E0
1.348689596E1,-4.317471771E0,2.290985870E0,3.500470734E0,6.011861119E0
1.349689896E1,-4.069138184E0,2.210902405E0,3.507356415E0,5.809261917E0
1.350690096E1,-3.942651215E0,2.096390533E0,3.692671051E0,5.794408629E0
1.351690396E1,-3.951632538E0,1.928290100E0,3.893703003E0,5.873212537E0
1.352690596E1,-3.961811371E0,1.739083557E0,4.178261261E0,6.014834006E0
1.353690896E1,-4.030817871E0,1.669029236E0,4.454886017E0,6.235315607E0
1.354691196E1,-4.096381531E0,1.707349548E0,4.772226105E0,6.516864746E0
1.355691396E1,-4.217629395E0,1.810485077E0,5.098846893E0,6.860356665E0
1.356691696E1,-4.399800568E0,1.917362823E0,5.421575775E0,7.240718826E0
1.357691896E1,-4.633464661E0,2.005529480E0,5.758674774E0,7.658555896E0
1.358692196E1,-4.977000275E0,2.127974854E0,6.162235565E0,8.201948297E0
1.359692396E1,-5.466781769E0,2.330503693E0,6.561455383E0,8.852663278E0
1.360692696E1,-6.069727936E0,2.615211639E0,6.992109833E0,9.621357963E0
1.361692896E1,-6.631360016E0,2.905308380E0,7.340285797E0,1.030997323E1
1.362693196E1,-7.189698944E0,2.918930054E0,7.372019806E0,1.070320511E1
1.363693396E1,-7.994425507E0,2.327958984E0,7.224726105E0,1.102392396E1
1.364693696E1,-9.127419434E0,1.542841644E0,7.395371246E0,1.184827674E1
1.365693996E1,-9.877808990E0,1.132395172E0,8.119565277E0,1.283669621E1
1.366694196E1,-9.747879181E0,1.171014862E0,8.875044250E0,1.323475858E1
1.367694496E1,-8.799451447E0,1.694176941E0,9.375004578E0,1.296885855E1
1.368694696E1,-8.084388428E0,2.660417633E0,9.070837097E0,1.243845826E1
1.369694996E1,-7.916287994E0,3.532204742E0,8.613987122E0,1.222067347E1
1.370695196E1,-7.848179626E0,4.201463013E0,8.567882996E0,1.235535649E1
1.371695496E1,-8.169261932E0,4.383185120E0,8.859626312E0,1.282349916E1
1.372695696E1,-8.772357788E0,3.730542297E0,9.029822388E0,1.313045694E1
1.373695996E1,-9.446705475E0,2.102827148E0,8.912316742E0,1.315642490E1
1.374696196E1,-1.003393433E1,3.414399719E-1,8.713380432E0,1.329358559E1
1.375696496E1,-1.053179901E1,-8.445437622E-1,8.366701355E0,1.347715609E1
1.376696696E1,-1.099852844E1,-1.076860657E0,8.279732208E0,1.380873717E1
1.377696996E1,-1.166075134E1,-3.562591553E-2,7.917485504E0,1.409471418E1
1.378697296E1,-1.288011566E1,1.953886871E0,7.089407501E0,1.483154584E1
1.379697496E1,-1.486124588E1,3.712280273E0,5.874084778E0,1.640556387E1
1.380697796E1,-1.635304367E1,4.822371826E0,5.168452148E0,1.781544849E1
1.381697996E1,-1.657533142E1,5.175038452E0,4.753814392E0,1.800337152E1
1.382698296E1,-1.582254684E1,4.626578979E0,4.411775665E0,1.706522740E1
1.383698496E1,-1.328562241E1,3.787723389E0,5.703739014E0,1.494614499E1
1.384698796E1,-1.048374893E1,2.991678772E0,6.617588654E0,1.275349415E1
1.385698996E1,-9.020841064E0,2.112856293E0,6.555168457E0,1.134944795E1
1.386699296E1,-7.907156982E0,1.457968140E0,6.465654602E0,1.031763016E1
1.387699496E1,-7.107968903E0,1.000369720E0,6.254892883E0,9.520905759E0
1.388699796E1,-6.633755035E0,5.369334412E-1,6.189927979E0,9.089015996E0
1.389700096E1,-6.183191986E0,2.872526550E-1,6.127208405E0,8.709595861E0
1.390700296E1,-5.901627502E0,2.011816406E-1,6.079008636E0,8.474905736E0
1.391700596E1,-5.556894379E0,2.236349487E-1,5.695955200E0,7.960715632E0
1.392700796E1,-5.314847717E0,1.618135071E-1,5.363047485E0,7.552222732E0
1.393701096E1,-5.114264832E0,6.586303711E-3,5.117258606E0,7.234782912E0
1.394701296E1,-5.032235413E0,-2.365081787E-1,4.944817200E0,7.059075471E0
1.395701596E1,-4.934189301E0,-4.062551880E-1,4.788841553E0,6.887980165E0
1.396701796E1,-4.699028320E0,-4.402345276E-1,4.395309906E0,6.449296300E0
1.397702096E1,-4.565805359E0,-3.860472107E-1,4.111051025E0,6.156001264E0
1.398702296E1,-4.523742828E0,-2.969824219E-1,3.741918640E0,5.878299316E0
1.399702596E1,-4.517306213E0,-1.538800049E-1,3.395838318E0,5.653446061E0
1.400702896E1,-4.540358276E0,9.879455566E-3,3.300935669E0,5.613477280E0
1.401703096E1,-4.525389404E0,1.260379028E-1,3.132236481E0,5.505083122E0
1.402703396E1,-4.518054657E0,1.996847534E-1,3.081342316E0,5.472418327E0
1.403703596E1,-4.531376953E0,3.189866638E-1,3.238216095E0,5.578635412E0
1.404703896E1,-4.589905243E0,4.546046448E-1,3.540437622E0,5.814515808E0
1.405704096E1,-4.666396179E0,5.171745300E-1,3.923640747E0,6.118633794E0
1.406704396E1,-4.689148865E0,6.033952332E-1,4.281097412E0,6.378087326E0
1.407704596E1,-4.713997192E0,6.845265198E-1,4.709656219E0,6.698597450E0
1.408704896E1,-4.718188477E0,7.806266785E-1,5.188809814E0,7.056516690E0
1.409705096E1,-4.713248749E0,7.804769897E-1,5.655988312E0,7.403651929E0
1.410705396E1,-4.679568787E0,7.565267944E-1,6.184838562E0,7.792491569E0
1.411705696E1,-4.596940613E0,6.897656250E-1,6.735693054E0,8.183959954E0
1.412705896E1,-4.457131348E0,7.069798279E-1,7.298223267E0,8.580786862E0
1.413706196E1,-4.424499207E0,7.261399841E-1,7.823480988E0,9.017223922E0
1.414706396E1,-4.480033722E0,7.436535645E-1,8.274942169E0,9.439194387E0
1.415706696E1,-4.771477661E0,8.279283142E-1,8.699908447E0,9.956950907E0
1.416706896E1,-5.342390442E0,1.020128632E0,9.067843323E0,1.057391037E1
1.417707196E1,-6.303242340E0,1.374441833E0,9.370813293E0,1.137682276E1
1.418707396E1,-7.502099304E0,2.007625122E0,9.625284119E0,1.236762495E1
1.419707696E1,-8.802145844E0,2.949915619E0,9.525890808E0,1.330121684E1
1.420707896E1,-9.523495789E0,3.826343079E0,8.860225067E0,1.355881491E1
1.421708196E1,-9.366771698E0,4.191733246E0,7.978408813E0,1.299854018E1
1.422708496E1,-9.214987335E0,3.831582184E0,7.386090546E0,1.241577010E1
1.423708696E1,-9.388027496E0,2.949167175E0,7.444169769E0,1.233889423E1
1.424708996E1,-9.297016754E0,2.013912048E0,7.814349976E0,1.231074441E1
1.425709196E1,-8.514294434E0,1.690285034E0,8.346792755E0,1.204239272E1
1.426709496E1,-7.749983826E0,1.968406677E0,9.044641571E0,1.207238234E1
1.427709696E1,-7.815846863E0,2.731220398E0,9.589059448E0,1.266874454E1
1.428709996E1,-8.532406769E0,3.927233276E0,9.506580963E0,1.336413888E1
1.429710196E1,-9.093889160E0,5.294639740E0,8.887767792E0,1.377404974E1
1.430710496E1,-9.438173218E0,6.441255341E0,8.137228546E0,1.402794969E1
1.431710696E1,-9.445657654E0,7.013215942E0,7.225324860E0,1.380619302E1
1.432710996E1,-9.662855988E0,6.225104828E0,6.001170502E0,1.296675608E1
1.433711283E1,-1.102846619E1,4.373006287E0,5.377716980E0,1.302574721E1
1.434711483E1,-1.261292130E1,2.926564178E0,5.462141418E0,1.405295522E1
1.435711783E1,-1.422866135E1,1.900447998E0,5.443430328E0,1.535244085E1
1.436711983E1,-1.587403976E1,9.237290955E-1,5.168901215E0,1.671992684E1
1.437712283E1,-1.606998230E1,5.929170227E-1,4.844675446E0,1.679484331E1
1.438712483E1,-1.417836594E1,1.540446625E0,5.338049469E0,1.522805991E1
1.439712783E1,-1.164353714E1,3.123704224E0,5.693709869E0,1.333220977E1
1.440712983E1,-1.008108627E1,4.128414917E0,6.181695099E0,1.252539279E1
1.441713283E1,-8.981622620E0,4.457879791E0,6.962770844E0,1.220747373E1
1.442713483E1,-7.907606049E0,4.364024963E0,7.263794861E0,1.159041255E1
1.443713783E1,-7.019951935E0,3.899091797E0,7.084168396E0,1.070831844E1
1.444714083E1,-6.313421173E0,3.139870605E0,6.650969238E0,9.692959617E0
1.445714283E1,-5.678291931E0,2.348017273E0,6.307134247E0,8.805460055E0
1.446714583E1,-4.919220428E0,1.755699005E0,6.203849030E0,8.109805879E0
1.447714783E1,-4.123475189E0,1.410217438E0,5.966442719E0,7.388518090E0
1.448715083E1,-3.538042603E0,1.288071442E0,5.776188354E0,6.895014532E0
1.449715283E1,-3.212769012E0,1.369801483E0,5.597460022E0,6.597711689E0
1.450715583E1,-3.191363525E0,1.760039978E0,4.810546417E0,6.035221513E0
1.451715783E1,-3.412154388E0,2.200873260E0,4.346511383E0,5.948008228E0
1.452716083E1,-3.654051361E0,2.548749847E0,3.942351837E0,5.948979336E0
1.453716283E1,-3.896098022E0,2.819985809E0,3.569926300E0,5.989680589E0
1.454716583E1,-4.057163086E0,3.097209320E0,3.517235870E0,6.198727776E0
1.455716883E1,-4.173471222E0,3.199446716E0,3.443589020E0,6.285906988E0
1.456717083E1,-4.137545929E0,3.125650177E0,3.342998199E0,6.169652527E0
1.457717383E1,-4.051474915E0,2.932252350E0,3.332669678E0,6.009928453E0
1.458717583E1,-3.967050476E0,2.635120239E0,3.368744659E0,5.833505699E0
1.459717883E1,-3.900438995E0,2.349663849E0,3.626957703E0,5.821440263E0
1.460718083E1,-3.920946350E0,2.067201233E0,3.776796112E0,5.823343549E0
1.461718383E1,-3.949686584E0,1.889520721E0,4.113296356E0,6.007455334E0
1.462718583E1,-3.999383240E0,1.833237762E0,4.393363953E0,6.217513475E0
1.463718883E1,-4.093986511E0,1.916015625E0,4.624932404E0,6.466980839E0
1.464719083E1,-4.171076202E0,2.099533997E0,4.950205994E0,6.805178842E0
1.465719383E1,-4.300257568E0,2.305206299E0,5.322631531E0,7.220567682E0
1.466719683E1,-4.547094269E0,2.416724396E0,5.660179596E0,7.652075284E0
1.467719883E1,-4.966971130E0,2.486778717E0,6.040987701E0,8.206607277E0
1.468720183E1,-5.473517761E0,2.613265686E0,6.454128571E0,8.856880367E0
1.469720383E1,-5.950276337E0,2.744542694E0,6.860683136E0,9.487216461E0
1.470720683E1,-6.389163666E0,2.740950165E0,7.084467773E0,9.925920803E0
1.471720883E1,-7.125931549E0,2.301015015E0,7.188950500E0,1.038049035E1
1.472721183E1,-8.346942444E0,1.503623199E0,7.264393616E0,1.116708312E1
1.473721383E1,-9.736951904E0,7.982899475E-1,7.660919037E0,1.241511900E1
1.474721683E1,-1.055365356E1,4.517605591E-1,8.458909607E0,1.353280617E1
1.475721983E1,-9.863139496E0,7.936495972E-1,9.168733521E0,1.348988787E1
1.476722183E1,-8.347990265E0,1.698817291E0,9.416618042E0,1.269833127E1
1.477722483E1,-7.666457520E0,2.744991760E0,8.987460480E0,1.212781912E1
1.478722683E1,-7.676935730E0,3.738775177E0,8.602311401E0,1.212078972E1
1.479722983E1,-7.635322266E0,4.584516449E0,8.389603729E0,1.223525185E1
1.480723183E1,-7.644153900E0,4.999004517E0,8.525221710E0,1.249410022E1
1.481723483E1,-7.801626434E0,4.496499481E0,8.878038025E0,1.264529327E1
1.482723683E1,-8.583151245E0,2.820883942E0,9.321266327E0,1.298128951E1
1.483723983E1,-9.569300537E0,8.732839966E-1,9.501790924E0,1.351362899E1
1.484724183E1,-1.021430923E1,-8.240364075E-1,9.291777649E0,1.383286959E1
1.485724483E1,-1.035741165E1,-1.722318420E0,8.950038300E0,1.379657720E1
1.486724683E1,-1.024933640E1,-1.437011719E0,8.365204468E0,1.330753715E1
1.487724983E1,-1.079704742E1,1.064286804E-1,6.988217926E0,1.286167757E1
1.488725283E1,-1.208466980E1,2.276765442E0,5.770500183E0,1.358387196E1
1.489725483E1,-1.412462769E1,4.270170135E0,5.242398376E0,1.565957218E1
1.490725783E1,-1.532887344E1,5.693859558E0,4.431534576E0,1.694204523E1
1.491725983E1,-1.542497360E1,6.158643036E0,4.126019897E0,1.711381707E1
1.492726283E1,-1.486019806E1,5.426515503E0,3.791914673E0,1.626810295E1
1.493726483E1,-1.317979248E1,4.299359436E0,5.404960327E0,1.487968473E1
1.494726783E1,-1.102517303E1,3.325334930E0,6.942113800E0,1.344638378E1
1.495726983E1,-9.758956146E0,2.361638947E0,7.192692719E0,1.235108870E1
1.496727283E1,-8.613837433E0,1.739233246E0,7.025041351E0,1.125052593E1
1.497727583E1,-7.602091370E0,1.238524475E0,6.983278198E0,1.039672595E1
1.498727783E1,-7.013066254E0,8.957373047E-1,6.885531464E0,9.868940527E0
1.499728083E1,-6.372099152E0,7.439529419E-1,6.731352081E0,9.298828658E0
1.500728283E1,-5.928421783E0,6.732998657E-1,6.554120636E0,8.863183111E0
1.501728583E1,-5.683231659E0,6.873706055E-1,6.284830627E0,8.501217351E0
1.502728783E1,-5.328469391E0,6.436614990E-1,6.035898285E0,8.077063469E0
1.503729083E1,-5.025349731E0,5.894741821E-1,5.741759949E0,7.653066512E0
1.504729283E1,-4.889731750E0,3.638932800E-1,5.512287140E0,7.377479544E0
1.505729583E1,-4.675078125E0,1.324745178E-1,5.191504211E0,6.987533252E0
1.506729783E1,-4.545747070E0,8.143066406E-2,4.713847504E0,6.549107242E0
1.507730083E1,-4.457580414E0,4.700225830E-2,4.410428467E0,6.270894005E0
1.508730383E1,-4.372108154E0,8.711883545E-2,4.269122314E0,6.111327576E0
1.509730583E1,-4.302353210E0,2.179467773E-1,3.932622070E0,5.832946108E0
1.510730883E1,-4.265230408E0,4.778063965E-1,3.727847900E0,5.684834153E0
1.511731083E1,-4.239034882E0,6.526428223E-1,3.602857819E0,5.601423376E0
1.512731383E1,-4.231101379E0,7.470964050E-1,3.608246613E0,5.610687617E0
1.513731583E1,-4.286037140E0,8.101153564E-1,3.584745483E0,5.645954431E0
1.514731883E1,-4.446952515E0,8.512797546E-1,3.651356964E0,5.816568711E0
1.515732083E1,-4.607718201E0,9.469308472E-1,3.917353821E0,6.121552581E0
1.516732383E1,-4.809797974E0,1.025218048E0,4.224664764E0,6.483287821E0
1.517732583E1,-5.005441132E0,1.083746338E0,4.527485046E0,6.835719998E0
1.518732883E1,-5.199587402E0,1.094673615E0,4.854554901E0,7.197271897E0
1.519733183E1,-5.279072113E0,1.053060150E0,5.253774719E0,7.521947012E0
1.520733383E1,-5.294340363E0,9.698332214E-1,5.703140259E0,7.841965644E0
1.521733683E1,-5.269941101E0,8.541238403E-1,6.069428558E0,8.083301910E0
1.522733883E1,-5.231620789E0,7.542814636E-1,6.481970673E0,8.363895050E0
1.523734183E1,-5.247936859E0,6.550378418E-1,6.895859985E0,8.690385537E0
1.524734383E1,-5.305267639E0,5.743556213E-1,7.288194122E0,9.032913299E0
1.525734683E1,-5.537135468E0,5.587879944E-1,7.685767365E0,9.489106027E0
1.526734883E1,-5.898933105E0,5.873785400E-1,8.126151581E0,1.005866616E1
1.527735183E1,-6.460565186E0,7.030879211E-1,8.516689453E0,1.071294704E1
1.528735383E1,-7.208709412E0,1.009650421E0,8.881480865E0,1.148327426E1
1.529735683E1,-8.075856171E0,1.597627716E0,9.189390564E0,1.233761590E1
1.530735983E1,-8.714128876E0,2.302212524E0,9.188941498E0,1.287139738E1
1.531736183E1,-8.982071686E0,2.903512115E0,8.706494751E0,1.284176955E1
1.532736483E1,-9.038354645E0,3.212619324E0,8.120912476E0,1.256829332E1
1.533736771E1,-8.884175262E0,3.041076050E0,7.959697723E0,1.230989445E1
1.534737071E1,-8.795260162E0,2.574945374E0,8.500972137E0,1.250013889E1
1.535737271E1,-8.726553040E0,2.427352295E0,9.450597382E0,1.309039946E1
1.536737571E1,-8.823102264E0,2.818039856E0,1.029588959E1,1.384896475E1
1.537737771E1,-9.354347534E0,3.728596344E0,1.077893509E1,1.475098946E1
1.538738071E1,-1.008767258E1,5.061125336E0,1.053434372E1,1.543854026E1
1.539738271E1,-1.039543259E1,6.358627167E0,9.112151184E0,1.521605919E1
1.540738571E1,-9.985435181E0,6.956184540E0,7.168293457E0,1.412380438E1
1.541738771E1,-9.576635284E0,6.436614990E0,4.828359375E0,1.250819772E1
1.542739071E1,-1.017209702E1,4.827610931E0,3.591631165E0,1.181851088E1
1.543739371E1,-1.200473602E1,2.991678772E0,3.153941345E0,1.276758297E1
1.544739571E1,-1.368574036E1,1.302142181E0,3.094664612E0,1.409155820E1
1.545739871E1,-1.483879257E1,3.752696228E-1,3.595074005E0,1.527269293E1
1.546740071E1,-1.495360382E1,4.884342957E-1,3.342399445E0,1.533037734E1
1.547740371E1,-1.349174377E1,1.924547882E0,3.479214935E0,1.406541756E1
1.548740571E1,-1.161958694E1,3.909420319E0,4.560566254E0,1.308041026E1
1.549740871E1,-1.035905823E1,4.974006500E0,5.906716919E0,1.292053144E1
1.550741071E1,-9.569001160E0,5.175637207E0,6.935677185E0,1.290180692E1
1.551741371E1,-8.918304291E0,4.962929535E0,7.454498291E0,1.263868529E1
1.552741571E1,-8.320148163E0,4.410278778E0,7.471862183E0,1.202098785E1
1.553741871E1,-7.645950165E0,3.535497894E0,7.169191589E0,1.106153729E1
1.554742171E1,-6.756649475E0,2.588716736E0,6.674919434E0,9.844202147E0
1.555742371E1,-5.907165985E0,1.879341888E0,6.404731293E0,8.913311329E0
1.556742671E1,-5.326224060E0,1.497036896E0,6.205944672E0,8.314056259E0
1.557742871E1,-4.780758362E0,1.245559845E0,6.033802643E0,7.798323164E0
1.558743171E1,-4.172573090E0,1.250948639E0,5.957910461E0,7.380510535E0
1.559743371E1,-3.856580200E0,1.544787598E0,5.207071838E0,6.661319441E0
1.560743671E1,-3.887266388E0,1.919308777E0,4.549788666E0,6.284517727E0
1.561743871E1,-4.364024963E0,2.143991547E0,3.963158569E0,6.272801565E0
1.562744171E1,-4.693040771E0,2.439477081E0,3.578907623E0,6.386255545E0
1.563744371E1,-4.661905518E0,2.748135223E0,3.474574585E0,6.431040259E0
1.564744671E1,-4.559518433E0,2.826572113E0,3.394191742E0,6.348169486E0
1.565744871E1,-4.354145508E0,2.762655029E0,3.203488312E0,6.070682274E0
1.566745171E1,-4.025578766E0,2.614163818E0,3.153492279E0,5.743139422E0
1.567745471E1,-3.767066345E0,2.431992645E0,3.235222321E0,5.529198906E0
1.568745671E1,-3.716022491E0,2.208357697E0,3.441044312E0,5.525074916E0
1.569745971E1,-3.634741516E0,2.051783295E0,3.816463623E0,5.655665758E0
1.570746171E1,-3.604504395E0,1.855840759E0,3.932921448E0,5.648404020E0
1.571746471E1,-3.728895721E0,1.663191376E0,4.080364838E0,5.772369190E0
1.572746671E1,-3.936963043E0,1.567689972E0,4.453389130E0,6.147357529E0
1.573746971E1,-4.097129974E0,1.596280518E0,4.777016144E0,6.492647284E0
1.574747171E1,-4.304149475E0,1.705104218E0,5.104385376E0,6.891141644E0
1.575747471E1,-4.573589172E0,1.825753326E0,5.506149902E0,7.387068422E0
1.576747671E1,-4.923112335E0,1.915566559E0,5.917494507E0,7.932412719E0
1.577747971E1,-5.344336395E0,2.040856018E0,6.322851562E0,8.526750652E0
1.578748271E1,-5.769003296E0,2.243684235E0,6.703210602E0,9.124064354E0
1.579748471E1,-6.183940430E0,2.565964050E0,7.096891937E0,9.756596021E0
1.580748771E1,-6.574029236E0,2.855462036E0,7.348967743E0,1.026542014E1
1.581748971E1,-7.181016998E0,2.756817169E0,7.381450195E0,1.066080921E1
1.582749271E1,-8.203989716E0,2.137554932E0,7.364535370E0,1.122991405E1
1.583749471E1,-9.389374695E0,1.485810242E0,7.912695465E0,1.236845741E1
1.584749771E1,-1.002869522E1,1.254690857E0,8.910221100E0,1.347371578E1
1.585749971E1,-9.427395630E0,1.472338257E0,9.481732635E0,1.345164756E1
1.586750271E1,-7.972870331E0,2.055076447E0,9.365574188E0,1.247012351E1
1.587750471E1,-7.049590302E0,2.675386505E0,8.544381866E0,1.139565171E1
1.588750771E1,-6.621330872E0,3.272195435E0,8.010142822E0,1.089548868E1
1.589750971E1,-6.334976349E0,3.762725372E0,7.791597290E0,1.072375941E1
1.590751271E1,-6.097869415E0,4.007466431E0,7.948770447E0,1.079012281E1
1.591751571E1,-5.841452637E0,3.852388916E0,8.167315979E0,1.075493001E1
1.592751771E1,-5.892945557E0,3.006048889E0,8.189320221E0,1.052749272E1
1.593752071E1,-6.789281616E0,1.690584412E0,8.715176697E0,1.117616774E1
1.594752271E1,-8.273894348E0,4.644841003E-1,9.044192505E0,1.226664140E1
1.595752571E1,-1.057760376E1,-5.004093933E-1,9.136400757E0,1.398606198E1
1.596752771E1,-1.253104156E1,-7.560777283E-1,9.061107330E0,1.548232290E1
1.597753071E1,-1.425770096E1,-1.917512512E-1,8.187673645E0,1.644253037E1
1.598753271E1,-1.609033997E1,1.652563477E0,7.633376312E0,1.788570491E1
1.599753571E1,-1.783466263E1,3.896247711E0,6.692133636E0,1.944326593E1
1.600753771E1,-1.856574234E1,5.312153320E0,5.749992828E0,2.014865204E1
1.601754071E1,-1.720806564E1,5.839506683E0,4.675527191E0,1.876373939E1
1.602754371E1,-1.450154388E1,5.539530487E0,4.506229248E0,1.616438292E1
1.603754571E1,-1.100586319E1,4.424948273E0,5.632187805E0,1.313128826E1
1.604754871E1,-8.933123474E0,3.009641418E0,6.440207520E0,1.141643155E1
1.605755071E1,-7.968978424E0,2.026336212E0,6.743027802E0,1.063386475E1
1.606755371E1,-7.109316101E0,1.327439575E0,6.967411194E0,1.004237472E1
1.607755571E1,-6.599176941E0,6.370751953E-1,7.014563141E0,9.651896040E0
1.608755871E1,-6.333479462E0,2.770738220E-1,7.069049835E0,9.495325037E0
1.609756071E1,-6.034102020E0,2.576142883E-1,6.984026642E0,9.233275716E0
1.610756371E1,-5.633235626E0,3.748205566E-1,6.747518463E0,8.797888353E0
1.611756571E1,-5.265151062E0,5.251080322E-1,6.278094635E0,8.210482714E0
1.612756871E1,-5.164859619E0,6.310876465E-1,5.951324158E0,7.905207507E0
1.613757071E1,-5.202281799E0,6.165678406E-1,5.879473572E0,7.874776270E0
1.614757371E1,-5.272036743E0,4.605921936E-1,5.700146484E0,7.778058018E0
1.615757671E1,-5.372178497E0,3.097059631E-1,5.373076630E0,7.604352179E0
1.616757871E1,-5.491480408E0,2.630030823E-1,5.171146545E0,7.547601227E0
1.617758171E1,-5.565576324E0,2.174977112E-1,4.566703491E0,7.202619375E0
1.618758371E1,-5.527854767E0,1.953437805E-1,4.111649780E0,6.892097027E0
1.619758671E1,-5.291945343E0,2.074685669E-1,3.791016541E0,6.513028108E0
1.620758871E1,-5.128634949E0,1.704954529E-1,3.652853851E0,6.298833733E0
1.621759171E1,-4.942272491E0,1.179547119E-1,3.458557892E0,6.033373301E0
1.622759371E1,-4.717889099E0,8.098159790E-2,3.405717773E0,5.819273934E0
1.623759671E1,-4.511468353E0,9.445358276E-2,3.527564392E0,5.727650367E0
1.624759871E1,-4.396357727E0,1.618135071E-1,3.764970703E0,5.790436017E0
1.625760171E1,-4.268224182E0,2.435435486E-1,4.069138184E0,5.902112900E0
1.626760371E1,-4.203558655E0,2.945874023E-1,4.321663055E0,6.036013475E0
1.627760671E1,-4.203408966E0,3.894900513E-1,4.576433258E0,6.226081497E0
1.628760971E1,-4.253404999E0,4.707710266E-1,4.892575836E0,6.500029058E0
1.629761171E1,-4.318519592E0,4.920268250E-1,5.340893555E0,6.885989096E0
1.630761471E1,-4.366869049E0,4.643344116E-1,5.837411041E0,7.304828499E0
1.631761671E1,-4.362528076E0,4.028123474E-1,6.258186035E0,7.639293256E0
1.632761971E1,-4.329746246E0,3.429368591E-1,6.706952820E0,7.990464591E0
1.633762133E1,-4.417314148E0,2.582130432E-1,7.047943726E0,8.321829668E0
1.634762433E1,-4.644092560E0,2.655477905E-1,7.477101288E0,8.805972689E0
1.635762633E1,-5.087620239E0,3.875440979E-1,7.914342041E0,9.416521654E0
1.636762933E1,-5.791456604E0,6.985972595E-1,8.323890381E0,1.016445566E1
1.637763133E1,-6.851851501E0,1.231638794E0,8.812174988E0,1.123028188E1
1.638763433E1,-8.217910767E0,1.935175781E0,9.150621185E0,1.245041488E1
1.639763733E1,-8.966803436E0,2.720442810E0,8.990454254E0,1.298586311E1
1.640763933E1,-9.055269470E0,3.275638275E0,8.366851044E0,1.275664171E1
1.641764233E1,-8.991352386E0,3.385958862E0,7.730524292E0,1.233167227E1
1.642764433E1,-9.100774841E0,2.872975616E0,7.695048065E0,1.225935791E1
1.643764733E1,-9.340875549E0,2.166295166E0,8.365054779E0,1.272473702E1
1.644764933E1,-8.994196472E0,1.967358856E0,9.245673523E0,1.304793278E1
1.645765233E1,-8.543334045E0,2.261197815E0,1.015952316E1,1.346541804E1
1.646765433E1,-8.674611053E0,2.953807526E0,1.081994980E1,1.417903979E1
1.647765733E1,-9.201665039E0,3.999083862E0,1.069331314E1,1.466322806E1
1.648765933E1,-9.644144897E0,5.196593628E0,9.779014435E0,1.468479620E1
1.649766233E1,-9.870474243E0,6.270310822E0,8.166717224E0,1.426318091E1
1.650766533E1,-1.006042923E1,6.842121735E0,6.609056396E0,1.384581137E1
1.651766733E1,-1.043704605E1,5.998176727E0,4.822222137E0,1.296780169E1
1.652767033E1,-1.157033936E1,4.318669281E0,4.467310181E0,1.313318383E1
1.653767233E1,-1.297771271E1,3.005150757E0,4.981341248E0,1.422201529E1
1.654767533E1,-1.428000458E1,2.105072479E0,4.932991791E0,1.525399190E1
1.655767733E1,-1.531435364E1,1.422192535E0,4.519401855E0,1.603050380E1
1.656768033E1,-1.477427673E1,1.838327179E0,4.840334473E0,1.565527188E1
1.657768233E1,-1.275557465E1,3.326831818E0,5.564229126E0,1.430849888E1
1.658768533E1,-1.089524323E1,4.606820068E0,6.080505524E0,1.330043847E1
1.659768733E1,-9.545649719E0,4.892575836E0,6.966812439E0,1.279035584E1
1.660769033E1,-8.571026459E0,4.699477386E0,7.619455261E0,1.239369520E1
1.661769333E1,-7.707921295E0,4.317621460E0,7.452702026E0,1.155840271E1
1.662769533E1,-6.857839050E0,3.749852142E0,7.073839874E0,1.054184795E1
1.663769833E1,-6.142626343E0,3.053799591E0,6.644083557E0,9.549942232E0
1.664770033E1,-5.428611145E0,2.308948517E0,6.470744019E0,8.756231517E0
1.665770333E1,-4.635410614E0,1.840871887E0,6.105503540E0,7.883718307E0
1.666770533E1,-3.941154327E0,1.489702148E0,5.726042633E0,7.109112051E0
1.667770833E1,-3.268303528E0,1.309476929E0,5.407505035E0,6.452724113E0
1.668771033E1,-3.063828735E0,1.215322723E0,4.890480194E0,5.897529345E0
1.669771333E1,-3.315305786E0,1.300794983E0,4.304299164E0,5.586618954E0
1.670771533E1,-3.725452881E0,1.485510864E0,3.749403076E0,5.490333790E0
1.671771833E1,-4.042194214E0,1.810485077E0,3.302432556E0,5.524785160E0
1.672772133E1,-4.181704102E0,2.123035126E0,3.061433716E0,5.600562805E0
1.673772333E1,-4.240082703E0,2.344125366E0,3.116369476E0,5.760640917E0
1.674772633E1,-4.247567139E0,2.424807587E0,3.076402588E0,5.778042170E0
1.675772833E1,-4.107757874E0,2.393672333E0,3.091670837E0,5.671134856E0
1.676773133E1,-3.943998413E0,2.300266571E0,3.247646484E0,5.602995401E0
1.677773333E1,-3.802093506E0,2.224673767E0,3.550167389E0,5.657629971E0
1.678773633E1,-3.740122375E0,2.054178314E0,3.773952026E0,5.696567197E0
1.679773833E1,-3.714226227E0,1.826801147E0,4.081262970E0,5.812863866E0
1.680774133E1,-3.793112183E0,1.685794373E0,4.439617767E0,6.077812815E0
1.681774333E1,-3.863166504E0,1.663640442E0,4.846471710E0,6.417167833E0
1.682774633E1,-3.954027557E0,1.799258423E0,5.239703979E0,6.806332536E0
1.683774933E1,-4.042493591E0,2.018702087E0,5.648503876E0,7.233429932E0
1.684775133E1,-4.183799744E0,2.187850342E0,5.965843964E0,7.608032835E0
1.685775433E1,-4.461622009E0,2.307451630E0,6.236630859E0,8.007869158E0
1.686775633E1,-4.827910309E0,2.441722412E0,6.604565735E0,8.537623489E0
1.687775933E1,-5.243446198E0,2.622396698E0,6.934629364E0,9.080736583E0
1.688776133E1,-5.647306366E0,2.856210480E0,7.298223267E0,9.659920825E0
1.689776433E1,-6.225853271E0,2.953208771E0,7.489525452E0,1.017721389E1
1.690776633E1,-7.078480225E0,2.658621368E0,7.520211639E0,1.066427367E1
1.691776933E1,-8.323591003E0,1.876198425E0,7.549101563E0,1.139259506E1
1.692777133E1,-9.628876648E0,1.004860382E0,7.812254333E0,1.244010963E1
1.693777433E1,-1.050500473E1,5.114863586E-1,8.513096924E0,1.353105916E1
1.694777733E1,-1.003079086E1,7.213499451E-1,9.380692749E0,1.375261821E1
1.695777933E1,-8.245154114E0,1.592987366E0,9.635612640E0,1.278143991E1
1.696778233E1,-7.136260071E0,2.577490082E0,8.840017090E0,1.164970236E1
1.697778433E1,-6.911577301E0,3.437302094E0,8.347391510E0,1.136942793E1
1.698778733E1,-7.107370148E0,4.070036316E0,8.378975830E0,1.171695959E1
1.699778933E1,-7.382797394E0,4.448150024E0,8.634943542E0,1.220057318E1
1.700779233E1,-8.029602356E0,4.137246552E0,8.949589233E0,1.271559949E1
1.701779433E1,-8.983418884E0,2.716101837E0,9.211544495E0,1.315034509E1
1.702779733E1,-9.943372650E0,1.016985168E0,9.411229248E0,1.372866179E1
1.703780033E1,-1.092907288E1,-3.659889221E-1,9.457033997E0,1.445731904E1
1.704780233E1,-1.141660904E1,-8.894503784E-1,9.454189911E0,1.484963942E1
1.705780533E1,-1.200728073E1,-1.294807434E-1,9.089248810E0,1.506007967E1
1.706780733E1,-1.292831543E1,1.655257874E0,7.387288055E0,1.498176369E1
1.707781033E1,-1.463521591E1,3.749552765E0,6.361620941E0,1.639264810E1
1.708781233E1,-1.630349670E1,4.979095917E0,5.032983856E0,1.777431651E1
1.709781533E1,-1.635992935E1,5.440885620E0,4.480033722E0,1.781351248E1
1.710781733E1,-1.515957550E1,5.223088531E0,4.554279327E0,1.666837855E1
1.711782033E1,-1.259435989E1,4.360731812E0,5.639073486E0,1.447180130E1
1.712782233E1,-1.026864624E1,3.158132629E0,6.982529755E0,1.281306439E1
1.713782533E1,-9.091494141E0,2.030976563E0,7.394922180E0,1.189390624E1
1.714782833E1,-8.040829010E0,1.271605682E0,7.278763733E0,1.092027077E1
1.715783033E1,-7.265291748E0,7.053332520E-1,7.328460388E0,1.034351443E1
1.716783333E1,-6.755751343E0,4.493655396E-1,7.266788635E0,9.932186198E0
1.717783533E1,-6.264622650E0,4.941224670E-1,7.024292908E0,9.424985136E0
1.718783833E1,-5.765710144E0,5.855822754E-1,6.640640717E0,8.813877081E0
1.719784033E1,-5.222489777E0,6.400689697E-1,6.126010895E0,8.075400748E0
1.720784333E1,-4.895719299E0,6.857240295E-1,5.722599792E0,7.562171202E0
1.721784533E1,-4.743934937E0,6.008505249E-1,5.441484375E0,7.244010784E0
1.722784833E1,-4.538861389E0,4.830455017E-1,4.916675720E0,6.708822237E0
1.723785133E1,-4.342918854E0,3.454815674E-1,4.455035706E0,6.231183260E0
1.724785333E1,-4.247118073E0,2.005828857E-1,4.317621460E0,6.059711254E0
1.725785633E1,-4.170178070E0,9.610015869E-2,3.863316193E0,5.685493152E0
1.726785833E1,-4.170627136E0,1.082249451E-1,3.334316254E0,5.340740419E0
1.727786133E1,-4.232149200E0,1.746867371E-1,2.954406281E0,5.164312034E0
1.728786333E1,-4.302203522E0,2.543211365E-1,2.814597015E0,5.147386788E0
1.729786633E1,-4.336631927E0,2.920426941E-1,2.832409973E0,5.187890869E0
1.730786833E1,-4.415817261E0,2.905458069E-1,2.796185303E0,5.234740795E0
1.731787133E1,-4.444108429E0,3.224295044E-1,3.024759979E0,5.385465017E0
1.732787333E1,-4.495301971E0,3.872447205E-1,3.363206177E0,5.627508692E0
1.733787638E1,-4.508025513E0,4.161346436E-1,3.746558990E0,5.876407604E0
1.734787937E1,-4.577630768E0,4.065545654E-1,4.168082428E0,6.204264758E0
1.735788137E1,-4.787793732E0,3.561094666E-1,4.593797150E0,6.644753947E0
1.736788438E1,-4.944667511E0,3.194357300E-1,5.054988098E0,7.078465982E0
1.737788637E1,-5.120252380E0,2.508782959E-1,5.631589050E0,7.615426422E0
1.738788938E1,-5.300178223E0,1.748364258E-1,6.233188019E0,8.183831001E0
1.739789137E1,-5.309758301E0,1.252894592E-1,6.832242279E0,8.653829512E0
1.740789437E1,-5.275928650E0,1.004411316E-1,7.510781250E0,9.179180057E0
1.741789638E1,-5.109624481E0,1.523831177E-1,8.116272125E0,9.591942252E0
1.742789937E1,-5.044509888E0,2.686912537E-1,8.753047943E0,1.010619232E1
1.743790138E1,-5.061574402E0,4.249662781E-1,9.197473755E0,1.050683850E1
1.744790437E1,-5.224585419E0,6.438111877E-1,9.525741119E0,1.088349804E1
1.745790737E1,-5.748645630E0,1.056802368E0,9.693093109E0,1.131900225E1
1.746790938E1,-6.703509979E0,1.768272858E0,9.918674011E0,1.210140195E1
1.747791237E1,-7.764054565E0,2.761307831E0,1.010309052E1,1.303755354E1
1.748791438E1,-8.816366272E0,3.658242645E0,9.767338715E0,1.365693813E1
1.749791737E1,-9.461225281E0,4.244273987E0,9.063202972E0,1.377208385E1
1.750791937E1,-9.150770874E0,4.372257843E0,8.569679260E0,1.327752420E1
1.751792238E1,-8.979826355E0,3.689527588E0,8.284671936E0,1.276266760E1
1.752792437E1,-9.052874451E0,2.731370087E0,8.734187164E0,1.287248786E1
1.753792738E1,-8.591084747E0,2.260000305E0,9.131610718E0,1.273972734E1
1.754793037E1,-7.997568970E0,2.485730896E0,9.692194977E0,1.280931735E1
1.755793237E1,-8.049660645E0,3.352877655E0,1.010279114E1,1.334560654E1
1.756793538E1,-8.627159729E0,4.523593140E0,9.772727509E0,1.379844132E1
1.757793737E1,-9.180259552E0,5.672603760E0,8.833580475E0,1.394588623E1
1.758794038E1,-9.310488739E0,6.581363983E0,7.465275879E0,1.362827562E1
1.759794237E1,-9.425749054E0,6.695875854E0,5.856571198E0,1.296066838E1
1.760794537E1,-1.063044388E1,5.010680237E0,3.681294708E0,1.231524195E1
1.761794738E1,-1.224393860E1,3.174598389E0,3.850293274E0,1.322183291E1
1.762795037E1,-1.327289886E1,2.250420227E0,4.598138123E0,1.422593089E1
1.763795238E1,-1.408810364E1,1.371448059E0,4.236490173E0,1.477509333E1
1.764795537E1,-1.440738968E1,6.803352356E-1,3.962709503E0,1.495790092E1
1.765795837E1,-1.376402756E1,8.336164856E-1,4.528682556E0,1.451386705E1
1.766796038E1,-1.233809280E1,1.910776520E0,5.338199158E0,1.357851138E1
1.767796337E1,-1.118399277E1,3.291205902E0,5.912105713E0,1.307159992E1
1.768796538E1,-1.017464172E1,3.969445496E0,6.790179749E0,1.286026332E1
1.769796837E1,-9.132508850E0,4.063899078E0,7.652686157E0,1.258894750E1
1.770797037E1,-8.257278900E0,3.774401093E0,7.705077209E0,1.190785343E1
1.771797338E1,-7.441325684E0,3.207529907E0,7.221283264E0,1.085396278E1
1.772797537E1,-6.542594604E0,2.595901794E0,6.722370758E0,9.733165923E0
1.773797838E1,-5.791306915E0,1.996697845E0,6.347999268E0,8.821742049E0
1.774798037E1,-5.041815491E0,1.642384644E0,5.959856415E0,7.977293980E0
1.775798337E1,-4.302502899E0,1.485959930E0,5.660179596E0,7.263418009E0
1.776798638E1,-3.685036926E0,1.372495880E0,5.356311493E0,6.644796076E0
1.777798837E1,-3.286715240E0,1.446442108E0,5.230722656E0,6.344694741E0
1.778799138E1,-2.985242157E0,1.793719940E0,5.113366699E0,6.186729424E0
1.779799337E1,-3.031046906E0,2.008223877E0,4.637805634E0,5.893169739E0
1.780799637E1,-3.619024200E0,2.116149445E0,3.891008606E0,5.719735362E0
1.781799838E1,-4.037853241E0,2.322719879E0,3.577261047E0,5.873336618E0
1.782800137E1,-4.338577881E0,2.495610352E0,3.632795563E0,6.184539810E0
1.783800337E1,-4.370910645E0,2.619851990E0,3.579805756E0,6.227639485E0
1.784800637E1,-4.270319824E0,2.694396973E0,3.427123260E0,6.102506066E0
1.785800837E1,-4.112398224E0,2.699336700E0,3.226091309E0,5.882678209E0
1.786801138E1,-3.948638763E0,2.657423859E0,3.180885315E0,5.724655539E0
1.787801437E1,-3.951782227E0,2.709216156E0,3.534450073E0,5.953887156E0
1.788801638E1,-3.949836273E0,2.657274170E0,3.609444122E0,5.974144246E0
1.789801937E1,-4.065695343E0,2.552042999E0,3.954776001E0,6.219570348E0
1.790802137E1,-4.178710327E0,2.501448212E0,4.298461304E0,6.495816556E0
1.791802438E1,-4.309687958E0,2.499053192E0,4.730163574E0,6.869725219E0
1.792802637E1,-4.433480530E0,2.621348877E0,5.245841217E0,7.351603200E0
1.793802938E1,-4.592000885E0,2.735411682E0,5.647006989E0,7.775450928E0
1.794803137E1,-4.806205444E0,2.788850555E0,6.192772064E0,8.320319948E0
1.795803437E1,-5.106780396E0,2.767744446E0,6.704108734E0,8.870439067E0
1.796803738E1,-5.492228851E0,2.686463470E0,7.066654816E0,9.344478264E0
1.797803937E1,-5.912105713E0,2.631527710E0,7.503296814E0,9.908450693E0
1.798804238E1,-6.212231598E0,2.549348602E0,7.786208496E0,1.028183070E1
1.799804437E1,-6.736441498E0,2.306852875E0,7.856262817E0,1.060292788E1
1.800804737E1,-7.785909119E0,1.793869629E0,7.856711884E0,1.120563567E1
1.801804938E1,-9.043593750E0,1.047821045E0,8.099956055E0,1.218580342E1
1.802805237E1,-9.843380585E0,5.414241028E-1,8.679101715E0,1.313438571E1
1.803805437E1,-9.371561737E0,6.786886597E-1,9.257498932E0,1.319045390E1
1.804805737E1,-8.179889832E0,1.483415222E0,9.691895599E0,1.276886677E1
1.805805937E1,-7.885901184E0,2.439926147E0,9.447304230E0,1.254560618E1
1.806806238E1,-8.198750610E0,3.317551117E0,9.150321808E0,1.272611670E1
1.807806537E1,-8.666677551E0,4.098177795E0,9.210197296E0,1.329413763E1
1.808806737E1,-9.186845856E0,4.505480804E0,9.217382355E0,1.377162414E1
1.809807037E1,-9.675579529E0,3.716621246E0,9.212891693E0,1.386749747E1
1.810807237E1,-1.020966888E1,1.920356598E0,9.315428467E0,1.395357717E1
1.811807538E1,-1.070558762E1,4.855902100E-1,9.082213440E0,1.404749106E1
1.812807737E1,-1.100092346E1,9.565109253E-2,9.123826904E0,1.429243449E1
1.813808037E1,-1.107501938E1,6.679110718E-1,8.595126343E0,1.403489780E1
1.814808237E1,-1.128623016E1,2.368824005E0,7.560477905E0,1.378953025E1
1.815808537E1,-1.259974869E1,4.090244293E0,5.835165710E0,1.447525213E1
1.816808838E1,-1.404753799E1,5.178331604E0,4.962929535E0,1.577273316E1
1.817809037E1,-1.459210556E1,5.790708160E0,4.618645477E0,1.636440441E1
1.818809337E1,-1.437191345E1,5.434748383E0,3.476819916E0,1.575362380E1
1.819809537E1,-1.336196365E1,4.572840729E0,4.288731537E0,1.475961257E1
1.820809837E1,-1.129566055E1,3.840713196E0,6.401138763E0,1.353948310E1
1.821810038E1,-9.811646576E0,3.040926361E0,7.069648590E0,1.246978640E1
1.822810337E1,-8.639434204E0,2.412832489E0,7.087611237E0,1.143222712E1
1.823810537E1,-7.654482422E0,1.891167297E0,6.996600494E0,1.054134875E1
1.824810837E1,-7.001390533E0,1.319057007E0,7.046895905E0,1.002088433E1
1.825811037E1,-6.534960480E0,1.054407349E0,6.850953369E0,9.526439282E0
1.826811338E1,-6.281387787E0,9.440867615E-1,6.467750244E0,9.065259266E0
1.827811637E1,-6.112389221E0,8.882528687E-1,6.230044556E0,8.772898627E0
1.828811837E1,-5.902226257E0,8.767268372E-1,5.967789917E0,8.439161169E0
1.829812137E1,-5.558091888E0,7.949967957E-1,5.645360413E0,7.962066285E0
1.830812337E1,-5.260361023E0,5.590873718E-1,5.324727173E0,7.505777524E0
1.831812638E1,-5.036875763E0,2.579136658E-1,4.992567902E0,7.096645064E0
1.832812837E1,-4.757556610E0,2.559677124E-2,4.518054657E0,6.561083598E0
1.833813125E1,-4.535717926E0,-1.601669312E-1,4.252656555E0,6.219604355E0
1.834813325E1,-4.461023254E0,-2.962339783E-1,4.052672424E0,6.034288427E0
1.835813625E1,-4.410278778E0,-3.638932800E-1,3.606300659E0,5.708623447E0
1.836813825E1,-4.444557495E0,-3.483256531E-1,3.258723450E0,5.522200703E0
1.837814125E1,-4.456233215E0,-2.722837830E-1,3.103196869E0,5.437093317E0
1.838814425E1,-4.453089752E0,-1.600172424E-1,3.075803833E0,5.414442084E0
1.839814625E1,-4.483476562E0,-8.771759033E-2,3.117267609E0,5.461374718E0
1.840814925E1,-4.559219055E0,-6.885681152E-3,3.299289093E0,5.627773478E0
1.841815125E1,-4.640350342E0,8.487350464E-2,3.607198792E0,5.878089650E0
1.842815425E1,-4.673132172E0,1.763333130E-1,4.018693085E0,6.165967227E0
1.843815625E1,-4.723427582E0,2.532733154E-1,4.519102478E0,6.541957100E0
1.844815925E1,-4.869224396E0,2.453398132E-1,5.031037903E0,7.005774777E0
1.845816125E1,-5.031337280E0,2.174977112E-1,5.605094147E0,7.535166918E0
1.846816425E1,-5.150639191E0,1.703457642E-1,6.131399689E0,8.009504597E0
1.847816625E1,-5.220843201E0,1.550775146E-1,6.535708923E0,8.366405673E0
1.848816925E1,-5.203329620E0,1.477427673E-1,6.919810181E0,8.659113119E0
1.849817225E1,-5.061424713E0,1.044827271E-1,7.259453888E0,8.850345051E0
1.850817425E1,-5.109624481E0,-1.960922241E-2,7.409891052E0,9.000840642E0
1.851817725E1,-5.327720947E0,-7.753875732E-2,7.450456696E0,9.159690373E0
1.852817925E1,-5.779032440E0,4.879852295E-2,7.686216431E0,9.616523294E0
1.853818225E1,-6.479725342E0,3.658392334E-1,7.917934570E0,1.023788878E1
1.854818425E1,-7.419770508E0,9.744735718E-1,8.045619049E0,1.098792879E1
1.855818725E1,-8.221802673E0,1.826052704E0,8.148455200E0,1.171878107E1
1.856818925E1,-8.634644165E0,2.660267944E0,8.167166290E0,1.217935592E1
1.857819225E1,-8.749156036E0,3.213816833E0,8.100255432E0,1.234870390E1
1.858819525E1,-8.798703003E0,3.316054230E0,8.082143097E0,1.239896880E1
1.859819725E1,-8.800798645E0,2.774630127E0,8.203840027E0,1.234729202E1
1.860820025E1,-8.669072571E0,1.781445465E0,8.087681580E0,1.198903501E1
1.861820225E1,-8.002658386E0,1.071172485E0,8.370443573E0,1.162988725E1
1.862820525E1,-7.556136932E0,1.101409607E0,9.463470612E0,1.215999936E1
1.863820725E1,-7.569908295E0,1.805395660E0,1.007899063E1,1.273377467E1
1.864821025E1,-7.922574921E0,3.070265350E0,1.018347336E1,1.326261107E1
1.865821225E1,-8.937614136E0,4.776567078E0,1.006357269E1,1.428187785E1
1.866821525E1,-1.017030075E1,6.550977173E0,8.957822113E0,1.505300290E1
1.867821725E1,-1.077010345E1,7.732021179E0,7.479496307E0,1.522242244E1
1.868822025E1,-1.086635330E1,7.384294281E0,5.582491150E0,1.427479049E1
1.869822325E1,-1.194306427E1,5.198240204E0,3.919898529E0,1.360235604E1
1.870822525E1,-1.370370300E1,3.096760254E0,4.108805695E0,1.463774861E1
1.871822825E1,-1.515897675E1,1.669328613E0,5.007686462E0,1.605173379E1
1.872823025E1,-1.627610367E1,5.589376831E-1,5.141208801E0,1.707793869E1
1.873823325E1,-1.525432846E1,6.045927429E-1,5.482798462E0,1.622100947E1
1.874823525E1,-1.273072632E1,2.200723572E0,5.788313141E0,1.415694691E1
1.875823825E1,-1.081575851E1,3.982917480E0,5.849984894E0,1.292542406E1
1.876824025E1,-9.737700348E0,4.615502014E0,6.819369049E0,1.275262566E1
1.877824325E1,-8.765771484E0,4.796924744E0,7.775580597E0,1.266131472E1
1.878824525E1,-7.934699707E0,4.545597382E0,7.712861023E0,1.196286505E1
1.879824825E1,-7.232509918E0,3.977828064E0,7.085515594E0,1.087827408E1
1.880825125E1,-6.439608765E0,3.087778931E0,6.606960754E0,9.729073449E0
1.881825325E1,-5.746849365E0,2.071542206E0,6.360573120E0,8.818982660E0
1.882825625E1,-5.055287476E0,1.395098877E0,6.092480621E0,8.038690967E0
1.883825825E1,-4.384981384E0,1.067579956E0,5.773493958E0,7.328098060E0
1.884826125E1,-3.674858093E0,9.876461792E-1,5.752986603E0,6.897599715E0
1.885826325E1,-3.205883331E0,1.109642487E0,5.614674225E0,6.559997030E0
1.886826625E1,-3.186124420E0,1.438957672E0,5.233267365E0,6.293574129E0
1.887826825E1,-3.459456024E0,1.767973480E0,4.395010529E0,5.865976795E0
1.888827125E1,-3.788621521E0,2.058668976E0,3.759731598E0,5.720782522E0
1.889827325E1,-3.954925690E0,2.401755524E0,3.445385284E0,5.768929412E0
1.890827625E1,-4.108506317E0,2.683769073E0,3.414250031E0,5.978255922E0
1.891827925E1,-4.141737213E0,2.833308105E0,3.342848511E0,6.029615090E0
1.892828125E1,-4.036655731E0,2.780018921E0,3.241509247E0,5.876263855E0
1.893828425E1,-3.935466156E0,2.673440552E0,3.304827576E0,5.792845894E0
1.894828625E1,-3.954326935E0,2.532733154E0,3.383114777E0,5.787651020E0
1.895828925E1,-3.942202148E0,2.357148285E0,3.677402802E0,5.883910025E0
1.896829125E1,-4.054019623E0,2.190993805E0,4.024830322E0,6.118397509E0
1.897829425E1,-4.202660522E0,2.052831116E0,4.355642395E0,6.391251187E0
1.898829625E1,-4.236789551E0,1.946851501E0,4.724774780E0,6.638080535E0
1.899829925E1,-4.247716827E0,2.005080414E0,5.103337555E0,6.935957029E0
1.900830225E1,-4.286635895E0,2.060315552E0,5.411846008E0,7.204736268E0
1.901830425E1,-4.367767181E0,2.131118317E0,5.805078278E0,7.570864497E0
1.902830725E1,-4.521048431E0,2.185155945E0,6.231541443E0,8.002930349E0
1.903830925E1,-4.733606415E0,2.282004547E0,6.522686005E0,8.376157064E0
1.904831225E1,-5.070855103E0,2.430944824E0,6.827901306E0,8.845524318E0
1.905831425E1,-5.411247253E0,2.565964050E0,7.043902130E0,9.245665231E0
1.906831725E1,-5.819747772E0,2.615810394E0,7.127727814E0,9.566422107E0
1.907831925E1,-6.645281067E0,2.249971161E0,7.050338745E0,9.946326312E0
1.908832225E1,-7.767647095E0,1.464704132E0,7.129524078E0,1.064480217E1
1.909832425E1,-8.985364838E0,6.677613831E-1,7.822433167E0,1.193202192E1
1.910832725E1,-9.399553528E0,3.799099731E-1,8.579708405E0,1.273213786E1
1.911833025E1,-8.477920074E0,1.032103729E0,9.492659912E0,1.276914089E1
1.912833225E1,-7.595804443E0,2.098935242E0,1.004935226E1,1.277071867E1
1.913833525E1,-7.709867249E0,2.994223480E0,9.589358826E0,1.266346042E1
1.914833725E1,-7.997419281E0,3.743265839E0,9.267079010E0,1.280037139E1
1.915834025E1,-8.519533539E0,4.198020172E0,9.562414856E0,1.347759633E1
1.916834225E1,-9.170380096E0,4.159999237E0,9.742041321E0,1.401102544E1
1.917834525E1,-9.843530273E0,2.850821686E0,9.536518707E0,1.399883787E1
1.918834725E1,-1.024843826E1,1.167122955E0,9.405092010E0,1.395881150E1
1.919835025E1,-1.051443512E1,2.814147949E-2,9.048683167E0,1.387201517E1
1.920835225E1,-1.078821579E1,-1.564247131E-1,8.679401093E0,1.384709616E1
1.921835525E1,-1.142514130E1,8.836125183E-1,8.028704224E0,1.399195184E1
1.922835825E1,-1.249870880E1,2.953957214E0,7.040309601E0,1.464614435E1
1.923836025E1,-1.416474426E1,4.600084076E0,5.481151886E0,1.586958662E1
1.924836325E1,-1.563887878E1,5.606141968E0,4.687202911E0,1.726190107E1
1.925836525E1,-1.592014389E1,5.948180695E0,4.217479706E0,1.751053883E1
1.926836825E1,-1.518172943E1,5.354365540E0,3.966751099E0,1.657978447E1
1.927837025E1,-1.319311478E1,4.364773407E0,5.526956635E0,1.495515878E1
1.928837325E1,-1.092952194E1,3.462000732E0,7.274123383E0,1.357765701E1
1.929837525E1,-9.637109528E0,2.540217590E0,7.639363861E0,1.255732717E1
1.930837825E1,-8.482410736E0,1.858684845E0,7.339836731E0,1.137010134E1
1.931838025E1,-7.511978760E0,1.279389496E0,7.190896454E0,1.047738776E1
1.932838325E1,-6.879244537E0,8.060737610E-1,7.057823181E0,9.888712169E0
1.933838621E1,-6.368806000E0,6.336323547E-1,6.722670135E0,9.282105018E0
1.934838821E1,-5.975723419E0,6.246510315E-1,6.410120087E0,8.785732685E0
1.935839121E1,-5.629792786E0,7.114704895E-1,6.072721710E0,8.311360059E0
1.936839321E1,-5.220693512E0,7.455995178E-1,5.711373138E0,7.773759870E0
1.937839621E1,-4.976251831E0,5.968089294E-1,5.454656982E0,7.407600555E0
1.938839821E1,-4.765190735E0,3.257226562E-1,5.126389618E0,7.006640315E0
1.939840121E1,-4.568350067E0,8.711883545E-2,4.653672638E0,6.521815778E0
1.940840321E1,-4.381688232E0,-9.220825195E-2,4.295467529E0,6.136671363E0
1.941840621E1,-4.193978577E0,-2.082170105E-1,4.050876160E0,5.834587242E0
1.942840921E1,-4.142785034E0,-2.606080627E-1,3.649860077E0,5.527392060E0
1.943841121E1,-4.108356628E0,-2.345622253E-1,3.211421814E0,5.219850926E0
1.944841421E1,-4.033512268E0,-8.232879639E-2,2.921624451E0,4.981153348E0
1.945841621E1,-4.003275146E0,3.562591553E-2,2.795137482E0,4.882650371E0
1.946841921E1,-4.022884369E0,7.319778442E-2,2.736010437E0,4.865666416E0
1.947842121E1,-4.129762115E0,2.589614868E-2,2.779120789E0,4.977862804E0
1.948842421E1,-4.313729553E0,-2.305206299E-2,3.007396088E0,5.258633405E0
1.949842621E1,-4.452640686E0,1.227447510E-2,3.387306061E0,5.594640479E0
1.950842921E1,-4.600084076E0,4.595443726E-2,3.846251678E0,5.996377014E0
1.951843121E1,-4.827610931E0,1.130149841E-1,4.392914886E0,6.528116182E0
1.952843421E1,-5.041665802E0,1.440005493E-1,4.989274750E0,7.094504405E0
1.953843721E1,-5.208868103E0,1.895059204E-1,5.627697144E0,7.670671062E0
1.954843921E1,-5.238506470E0,2.766247559E-1,6.263874207E0,8.170348301E0
1.955844221E1,-5.171296234E0,4.471202087E-1,6.889423370E0,8.625913030E0
1.956844421E1,-5.074896698E0,6.017486572E-1,7.374265137E0,8.971982181E0
1.957844721E1,-5.007087708E0,5.288502502E-1,7.809110870E0,9.291545753E0
1.958844921E1,-4.997357941E0,4.531077576E-1,8.180488586E0,9.596837320E0
1.959845221E1,-5.223387909E0,4.528083801E-1,8.587492218E0,1.006150283E1
1.960845421E1,-5.800288239E0,6.123765564E-1,8.990903320E0,1.071702810E1
1.961845721E1,-6.677164764E0,1.065634003E0,9.345216522E0,1.153486788E1
1.962846021E1,-7.744744720E0,1.841021576E0,9.570797424E0,1.244871859E1
1.963846221E1,-8.783434753E0,2.668051758E0,9.602980499E0,1.328474541E1
1.964846521E1,-8.978329468E0,3.350183258E0,9.064849548E0,1.319111918E1
1.965846721E1,-9.026678925E0,3.658392334E0,8.571325836E0,1.297429742E1
1.966847021E1,-9.303752747E0,3.460952911E0,8.466843109E0,1.304704727E1
1.967847221E1,-9.438921661E0,2.844385071E0,8.853638763E0,1.325030897E1
1.968847521E1,-9.056916046E0,2.245181122E0,9.256600800E0,1.314356211E1
1.969847721E1,-8.171058197E0,2.244582367E0,9.649084625E0,1.284169678E1
1.970848021E1,-7.759863281E0,2.768492889E0,9.725575562E0,1.274624851E1
1.971848221E1,-8.150101776E0,3.916605377E0,9.816137238E0,1.334617949E1
1.972848521E1,-8.715176697E0,5.314847717E0,9.092991028E0,1.367056681E1
1.973848821E1,-9.074579315E0,6.490353241E0,7.952662354E0,1.370100410E1
1.974849021E1,-9.247320099E0,7.133565674E0,6.600823517E0,1.341534790E1
1.975849321E1,-9.865085449E0,6.193670197E0,4.622387695E0,1.253187653E1
1.976849521E1,-1.154249725E1,4.182302856E0,3.977528687E0,1.290510110E1
1.977849821E1,-1.342453354E1,2.630030823E0,4.222569122E0,1.431660759E1
1.978850021E1,-1.489642273E1,1.682351532E0,4.725373535E0,1.571823374E1
1.979850321E1,-1.561178513E1,1.112187195E0,5.054988098E0,1.644742229E1
1.980850521E1,-1.484627701E1,1.229842529E0,5.080884247E0,1.573975344E1
1.981850821E1,-1.298714310E1,2.508034515E0,5.641169128E0,1.437980918E1
1.982851021E1,-1.117830460E1,3.996389465E0,6.359974365E0,1.346754975E1
1.983851321E1,-9.954150238E0,4.542304230E0,7.119345245E0,1.305383895E1
1.984851621E1,-8.771309967E0,4.652774506E0,7.731572113E0,1.258417246E1
1.985851821E1,-7.989336090E0,4.367617493E0,7.723937988E0,1.194004991E1
1.986852121E1,-7.342980194E0,3.867507477E0,7.331753540E0,1.107391449E1
1.987852321E1,-6.603068848E0,3.012036438E0,6.856791229E0,9.984411233E0
1.988852621E1,-5.837560730E0,2.070793762E0,6.509663086E0,8.985600457E0
1.989852821E1,-4.994813232E0,1.478325806E0,6.217171326E0,8.110907823E0
1.990853121E1,-4.135001221E0,1.230141907E0,5.908064117E0,7.315511316E0
1.991853321E1,-3.456162872E0,1.110241241E0,5.867049408E0,6.899272873E0
1.992853621E1,-2.921774139E0,1.303938446E0,5.508844299E0,6.370587501E0
1.993853921E1,-2.712808685E0,1.623374176E0,5.107079773E0,6.006408118E0
1.994854121E1,-2.916535034E0,1.743574219E0,4.335135040E0,5.508141563E0
1.995854421E1,-3.355721741E0,1.908082123E0,3.638783112E0,5.304939992E0
1.996854621E1,-3.683540039E0,2.172731781E0,3.447780304E0,5.493306803E0
1.997854921E1,-3.984414368E0,2.391127625E0,3.435805206E0,5.779083542E0
1.998855121E1,-4.135150909E0,2.521356812E0,3.329975281E0,5.877537629E0
1.999855421E1,-4.116589508E0,2.567011871E0,3.139571228E0,5.778647473E0
2.000855621E1,-4.132306824E0,2.527943115E0,3.101699982E0,5.752129941E0
2.001855921E1,-4.044888611E0,2.461331635E0,3.235970764E0,5.735048742E0
2.002856121E1,-3.993246002E0,2.361189880E0,3.465892639E0,5.790824041E0
2.003856421E1,-4.077371063E0,2.199076996E0,3.715124359E0,5.938269396E0
2.004856721E1,-4.150568848E0,2.105371857E0,4.141886902E0,6.230171709E0
2.005856921E1,-4.243076477E0,2.102228394E0,4.498595123E0,6.531494491E0
2.006857221E1,-4.381688232E0,2.154469757E0,4.943769379E0,6.948509723E0
2.007857421E1,-4.609065399E0,2.295626221E0,5.422473907E0,7.477740760E0
2.008857721E1,-4.887336731E0,2.385738831E0,5.874982910E0,8.005825022E0
2.009857921E1,-5.219945068E0,2.440824280E0,6.414461060E0,8.622688697E0
2.010858221E1,-5.644611969E0,2.463277588E0,6.942113800E0,9.280211461E0
2.011858421E1,-6.006559296E0,2.521955566E0,7.401508484E0,9.860088351E0
2.012858721E1,-6.311026154E0,2.561623077E0,7.699089661E0,1.027944286E1
2.013858921E1,-6.638545074E0,2.475552063E0,7.900121613E0,1.061181230E1
2.014859221E1,-7.164850616E0,2.027982788E0,7.919431458E0,1.087038146E1
2.015859521E1,-8.087082825E0,1.195414124E0,7.975415039E0,1.142090927E1
2.016859721E1,-8.935368805E0,4.071533203E-1,8.356223145E0,1.224063131E1
2.017860021E1,-9.088650055E0,1.221459961E-1,8.814420319E0,1.266145667E1
2.018860221E1,-8.145910492E0,6.057902527E-1,9.514813843E0,1.254011651E1
2.019860521E1,-7.279362488E0,1.554517365E0,9.747879181E0,1.226486001E1
2.020860721E1,-7.177424469E0,2.557132416E0,9.322164459E0,1.203981306E1
2.021861021E1,-7.531438293E0,3.442840576E0,9.004824371E0,1.223366568E1
2.022861221E1,-8.084987183E0,4.179309082E0,9.219178619E0,1.295480207E1
2.023861521E1,-8.781937866E0,4.377047882E0,9.590107269E0,1.372046422E1
2.024861821E1,-9.900411987E0,3.141816559E0,9.694889374E0,1.420844991E1
2.025862021E1,-1.072714279E1,1.185534668E0,9.358838196E0,1.428512994E1
2.026862321E1,-1.064870590E1,-3.023712158E-1,8.717871094E0,1.376545103E1
2.027862521E1,-1.078252762E1,-7.503895569E-1,8.425379333E0,1.370448843E1
2.028862821E1,-1.145148651E1,-4.775070190E-2,8.310119019E0,1.414909543E1
2.029863021E1,-1.282098862E1,1.597927094E0,7.260202332E0,1.482031235E1
2.030863321E1,-1.472832230E1,3.329226837E0,5.816903687E0,1.618158205E1
2.031863521E1,-1.637864044E1,4.860841827E0,5.376818848E0,1.791082988E1
2.032863821E1,-1.673400146E1,5.740562439E0,4.710853729E0,1.830773074E1
2.033864058E1,-1.604333771E1,5.693260803E0,4.281396790E0,1.755369653E1
2.034864358E1,-1.407433228E1,5.016667786E0,5.209915924E0,1.582393783E1
2.035864658E1,-1.144669647E1,4.070784760E0,6.919061737E0,1.398111455E1
2.036864858E1,-9.855954437E0,3.012335815E0,7.301815796E0,1.263053914E1
2.037865158E1,-8.731193390E0,2.159559174E0,7.072492676E0,1.144192232E1
2.038865358E1,-7.682324524E0,1.613045654E0,6.833439789E0,1.040749373E1
2.039865658E1,-7.178472290E0,1.063238983E0,6.796466675E0,9.942479611E0
2.040865858E1,-6.585555267E0,7.608677673E-1,6.508615265E0,9.290346097E0
2.041866158E1,-5.968837738E0,7.611671448E-1,6.298003235E0,8.710410100E0
2.042866358E1,-5.505251770E0,8.554710388E-1,5.936055908E0,8.141031108E0
2.043866658E1,-5.131628723E0,8.958869934E-1,5.517526245E0,7.588104027E0
2.044866958E1,-4.788841553E0,8.720864868E-1,5.228477325E0,7.143564474E0
2.045867158E1,-4.604425049E0,6.503974915E-1,4.920268250E0,6.769991623E0
2.046867458E1,-4.516408081E0,3.359014893E-1,4.521497498E0,6.399586814E0
2.047867658E1,-4.414320374E0,9.041198730E-2,4.293222198E0,6.158421513E0
2.048867958E1,-4.346361694E0,-4.355941772E-2,4.041146393E0,5.934949163E0
2.049868158E1,-4.254602509E0,-8.622070312E-2,3.666026459E0,5.616834207E0
2.050868458E1,-4.314328308E0,-7.364685059E-2,3.348985748E0,5.462101990E0
2.051868658E1,-4.489913177E0,-2.395019531E-2,2.962190094E0,5.379076511E0
2.052868958E1,-4.600682831E0,8.457412720E-2,2.831511841E0,5.402859854E0
2.053869158E1,-4.711452484E0,1.655557251E-1,2.936892700E0,5.554325516E0
2.054869458E1,-4.865482178E0,2.222877502E-1,3.179687805E0,5.816592061E0
2.055869758E1,-4.942272491E0,2.972817993E-1,3.452121277E0,6.035857450E0
2.056869958E1,-4.858297119E0,3.948788452E-1,3.779041443E0,6.167668476E0
2.057870258E1,-4.773124237E0,4.799020386E-1,4.004622345E0,6.249001606E0
2.058870458E1,-4.669988708E0,5.155279541E-1,4.304299164E0,6.371934942E0
2.059870758E1,-4.601281586E0,5.676196289E-1,4.578379211E0,6.515791623E0
2.060870958E1,-4.596341858E0,5.788462830E-1,4.984185333E0,6.804669348E0
2.061871258E1,-4.581822052E0,5.786965942E-1,5.389542389E0,7.097545366E0
2.062871458E1,-4.508324890E0,5.671705627E-1,5.785618744E0,7.356633742E0
2.063871758E1,-4.480333099E0,5.566923523E-1,6.248456268E0,7.708858333E0
2.064872058E1,-4.465064850E0,5.697152710E-1,6.714137878E0,8.083379680E0
2.065872258E1,-4.627028046E0,6.128256226E-1,7.159910889E0,8.546886434E0
2.066872558E1,-4.851261749E0,6.935078430E-1,7.679330750E0,9.109764786E0
2.067872758E1,-5.138215027E0,8.852590942E-1,8.108039246E0,9.639773739E0
2.068873058E1,-5.607339478E0,1.129551086E0,8.530161438E0,1.027043309E1
2.069873258E1,-6.414311371E0,1.411414948E0,8.873846741E0,1.103995645E1
2.070873558E1,-7.712711334E0,1.775757294E0,9.198371887E0,1.213463125E1
2.071873758E1,-8.845256195E0,2.417472839E0,9.460027771E0,1.317478112E1
2.072874058E1,-9.421557770E0,3.098107452E0,9.081464996E0,1.344756584E1
2.073874258E1,-9.405541077E0,3.411405945E0,8.233927460E0,1.295760220E1
2.074874558E1,-9.174870758E0,3.062182159E0,7.808661804E0,1.243102619E1
2.075874858E1,-9.201066284E0,2.159559174E0,7.819439392E0,1.226649701E1
2.076875058E1,-8.941056976E0,1.331181793E0,7.883057098E0,1.199404577E1
2.077875358E1,-8.435857544E0,1.209784241E0,8.380023651E0,1.195207374E1
2.078875558E1,-8.214018860E0,1.617835693E0,8.953481140E0,1.225774542E1
2.079875858E1,-8.643475800E0,2.494861908E0,9.509724426E0,1.309079327E1
2.080876058E1,-9.368867340E0,3.776496735E0,9.349856873E0,1.376435347E1
2.081876358E1,-1.045515839E1,5.275778961E0,8.941955109E0,1.473440673E1
2.082876558E1,-1.156031021E1,6.880891113E0,7.913892975E0,1.560823939E1
2.083876858E1,-1.229677872E1,7.841743011E0,6.443650360E0,1.594441376E1
2.084877158E1,-1.222762253E1,7.196434937E0,4.278253326E0,1.481913898E1
2.085877358E1,-1.256367371E1,5.189408569E0,3.366649017E0,1.400393459E1
2.086877658E1,-1.376058472E1,2.919379120E0,3.205434265E0,1.442744867E1
2.087877858E1,-1.481723740E1,1.340013428E0,4.041146393E0,1.541677736E1
2.088878158E1,-1.522962982E1,3.314108276E-1,4.694088593E0,1.594007294E1
2.089878358E1,-1.426922699E1,7.503895569E-1,5.082231445E0,1.516584979E1
2.090878658E1,-1.205847427E1,3.031645660E0,5.314847717E0,1.352202956E1
2.091878858E1,-1.019290375E1,5.043462067E0,5.727389832E0,1.273321604E1
2.092879158E1,-9.016051025E0,5.624104614E0,6.624773712E0,1.252227438E1
2.093879458E1,-8.183033295E0,5.479804688E0,7.043453064E0,1.210787035E1
2.094879658E1,-7.422165527E0,4.886438599E0,7.003336487E0,1.131426291E1
2.095879958E1,-6.766079865E0,3.986959076E0,6.572682037E0,1.024089003E1
2.096880158E1,-6.055507507E0,3.074756012E0,6.103258209E0,9.130884758E0
2.097880458E1,-5.317542114E0,2.355052643E0,6.108048248E0,8.433906597E0
2.098880658E1,-4.547992401E0,1.938319244E0,5.856271820E0,7.664022182E0
2.099880958E1,-3.916306000E0,1.663041687E0,5.513933716E0,6.964669795E0
2.100881158E1,-3.325933685E0,1.577868805E0,5.359754333E0,6.502189736E0
2.101881458E1,-2.813848572E0,1.636546783E0,5.022206268E0,5.984862986E0
2.102881658E1,-2.827619934E0,1.873653717E0,4.666994934E0,5.769476099E0
2.103881958E1,-3.391647034E0,2.088157654E0,4.083657990E0,5.704378543E0
2.104882258E1,-3.888014832E0,2.317480774E0,3.580254822E0,5.771100507E0
2.105882458E1,-4.166286163E0,2.564916229E0,3.536396027E0,6.036789918E0
2.106882758E1,-4.228706360E0,2.667902069E0,3.409759369E0,6.051951576E0
2.107882958E1,-4.178560638E0,2.697690125E0,3.391197968E0,6.019811016E0
2.108883258E1,-4.091292114E0,2.662513275E0,3.376528473E0,5.935367944E0
2.109883458E1,-3.996988220E0,2.456092529E0,3.244203644E0,5.703784939E0
2.110883758E1,-4.046385498E0,2.286046143E0,3.614533539E0,5.887622208E0
2.111883958E1,-4.092339935E0,2.114802246E0,3.819158020E0,5.983778294E0
2.112884258E1,-4.055217133E0,1.969005432E0,3.969146118E0,6.006320778E0
2.113884558E1,-4.136647797E0,1.871857452E0,4.202510834E0,6.186824923E0
2.114884758E1,-4.261039124E0,1.880988464E0,4.633913727E0,6.570215251E0
2.115885058E1,-4.380790100E0,1.935325470E0,4.984634399E0,6.912552833E0
2.116885258E1,-4.502636719E0,2.036664734E0,5.314248962E0,7.256926532E0
2.117885558E1,-4.676575012E0,2.132166138E0,5.681435394E0,7.661278903E0
2.118885758E1,-4.934189301E0,2.204316101E0,6.101461945E0,8.150648526E0
2.119886058E1,-5.328020325E0,2.261048126E0,6.547684021E0,8.739124970E0
2.120886258E1,-5.843099213E0,2.314636688E0,6.944359131E0,9.366081099E0
2.121886558E1,-6.286926270E0,2.425256653E0,7.307503967E0,9.940167302E0
2.122886758E1,-6.616690521E0,2.532134399E0,7.619455261E0,1.040424897E1
2.123887058E1,-7.163802795E0,2.385439453E0,7.723189545E0,1.080083555E1
2.124887358E1,-8.208031311E0,1.740131378E0,7.791148224E0,1.144997056E1
2.125887558E1,-9.557924194E0,8.907975769E-1,8.154891815E0,1.259562209E1
2.126887858E1,-1.036429733E1,4.117936707E-1,8.801247711E0,1.360331557E1
2.127888058E1,-9.742939453E0,6.397695923E-1,9.601782990E0,1.369410132E1
2.128888358E1,-8.010292511E0,1.544488220E0,1.011701157E1,1.299631305E1
2.129888558E1,-6.979985046E0,2.554737396E0,9.412875824E0,1.199371109E1
2.130888858E1,-6.735543365E0,3.336711273E0,8.717571716E0,1.151074468E1
2.131889058E1,-6.814579010E0,3.806883545E0,8.372688904E0,1.144695457E1
2.132889358E1,-6.981631622E0,4.068838806E0,8.486901398E0,1.171862299E1
2.133889633E1,-7.129973145E0,4.187841339E0,8.876990204E0,1.213159046E1
2.134889833E1,-7.689958649E0,3.727847900E0,9.029523010E0,1.243240121E1
2.135890133E1,-8.937015381E0,2.262994080E0,9.413175201E0,1.317570694E1
2.136890333E1,-1.024709106E1,5.239105225E-1,9.462422791E0,1.395760734E1
2.137890633E1,-1.097861984E1,-6.512956238E-1,9.305249634E0,1.440631634E1
2.138890833E1,-1.177750854E1,-7.788304138E-1,9.270671539E0,1.500871864E1
2.139891133E1,-1.330193848E1,2.929408264E-1,8.054300995E0,1.555310728E1
2.140891333E1,-1.540701096E1,2.256108398E0,6.515201569E0,1.687939167E1
2.141891633E1,-1.731599121E1,4.312532043E0,5.747448120E0,1.874765703E1
2.142891933E1,-1.745071106E1,5.822292480E0,4.756359100E0,1.900129885E1
2.143892133E1,-1.622176666E1,6.367458801E0,3.461551666E0,1.776717719E1
2.144892433E1,-1.374187363E1,5.881569214E0,3.739822998E0,1.540838159E1
2.145892633E1,-1.086590424E1,4.566104736E0,5.536985779E0,1.302211192E1
2.146892933E1,-9.458231506E0,2.985990601E0,6.459667053E0,1.183645139E1
2.147893133E1,-8.653654633E0,1.843117218E0,6.720873871E0,1.111093899E1
2.148893433E1,-7.647297363E0,1.145867157E0,6.769373016E0,1.027709003E1
2.149893633E1,-7.037914581E0,4.993615723E-1,6.614295502E0,9.671117237E0
2.150893933E1,-6.468798065E0,6.900650024E-2,6.514602814E0,9.180967276E0
2.151894133E1,-5.745352478E0,1.960922241E-2,6.454278259E0,8.641016576E0
2.152894433E1,-5.112019501E0,6.032455444E-2,6.119574280E0,7.974056169E0
2.153894733E1,-4.647535400E0,1.345701599E-1,5.644462280E0,7.312841367E0
2.154894933E1,-4.340972900E0,2.308200073E-1,5.269192657E0,6.830938066E0
2.155895233E1,-4.170776825E0,2.179467773E-1,4.964127045E0,6.487328991E0
2.156895433E1,-3.987557831E0,2.007325745E-1,4.658462677E0,6.135322773E0
2.157895733E1,-3.905678101E0,1.086740112E-1,4.387675781E0,5.875187676E0
2.158895933E1,-3.788771210E0,4.939727783E-2,4.043391724E0,5.541321503E0
2.159896233E1,-3.788471832E0,1.826202393E-2,3.808380432E0,5.371835240E0
2.160896433E1,-3.924838257E0,-3.203338623E-2,3.386557617E0,5.184028740E0
2.161896733E1,-4.157753906E0,-4.326004028E-2,3.095562744E0,5.183753242E0
2.162897033E1,-4.341571655E0,6.511459351E-2,3.101250916E0,5.335844974E0
2.163897233E1,-4.471800842E0,1.793270874E-1,3.290307770E0,5.554753478E0
2.164897533E1,-4.668192444E0,2.562670898E-1,3.441343689E0,5.805216611E0
2.165897733E1,-4.809947662E0,3.505709839E-1,3.603755951E0,6.020428015E0
2.166898033E1,-4.937033386E0,4.930746460E-1,3.909120941E0,6.316537643E0
2.167898233E1,-5.111869812E0,6.343807983E-1,4.227209473E0,6.663553999E0
2.168898533E1,-5.274282074E0,7.405101013E-1,4.638254700E0,7.062564213E0
2.169898733E1,-5.467380524E0,8.451425171E-1,5.141059113E0,7.552284718E0
2.170899033E1,-5.569168854E0,8.888516235E-1,5.573060760E0,7.928726579E0
2.171899333E1,-5.610183563E0,8.846603394E-1,6.101611633E0,8.335853169E0
2.172899533E1,-5.569168854E0,8.680448914E-1,6.630910950E0,8.702765289E0
2.173899833E1,-5.431006165E0,8.366102600E-1,7.099736023E0,8.977861454E0
2.174900033E1,-5.281766510E0,7.830216980E-1,7.477400665E0,9.188128273E0
2.175900333E1,-5.240452423E0,6.920109558E-1,7.755073242E0,9.385221455E0
2.176900533E1,-5.330864410E0,6.761439514E-1,7.994724884E0,9.632803952E0
2.177900833E1,-5.446723480E0,7.482939148E-1,8.132438507E0,9.816480863E0
2.178901033E1,-5.790408783E0,9.093589783E-1,8.212971039E0,1.009002780E1
2.179901333E1,-6.518494720E0,1.304986267E0,8.339907074E0,1.066526196E1
2.180901533E1,-7.350913696E0,2.015109558E0,8.495134277E0,1.141332139E1
2.181901833E1,-7.922125854E0,2.876418457E0,8.416847076E0,1.191122059E1
2.182902133E1,-8.394393768E0,3.536845093E0,7.858508148E0,1.203043101E1
2.183902333E1,-8.751251678E0,3.760330353E0,7.400610352E0,1.206206963E1
2.184902633E1,-9.050928497E0,3.348237305E0,7.653135223E0,1.231667481E1
2.185902833E1,-9.137747955E0,2.576442261E0,8.442743225E0,1.270497562E1
2.186903133E1,-8.705147552E0,2.231709137E0,9.039252777E0,1.274630183E1
2.187903333E1,-8.619076538E0,2.490820312E0,9.734706573E0,1.323847341E1
2.188903633E1,-9.082961884E0,3.376827850E0,1.016581009E1,1.404446004E1
2.189903833E1,-9.845176849E0,4.776866455E0,9.996512146E0,1.482147818E1
2.190904133E1,-1.047027695E1,6.089486847E0,8.652606812E0,1.488543429E1
2.191904433E1,-1.066696793E1,6.715934143E0,6.461463318E0,1.416469147E1
2.192904633E1,-1.086889801E1,6.146218872E0,4.224664764E0,1.318168209E1
2.193904933E1,-1.180669785E1,4.602329407E0,3.394191742E0,1.311869230E1
2.194905133E1,-1.373528732E1,2.990930328E0,3.891158295E0,1.458577715E1
2.195905433E1,-1.526989609E1,1.494791565E0,4.014202423E0,1.585931743E1
2.196905633E1,-1.616742966E1,8.394543457E-1,4.833598480E0,1.689538812E1
2.197905933E1,-1.573961929E1,1.606459351E0,5.191653900E0,1.665141428E1
2.198906133E1,-1.394545029E1,3.598217468E0,6.045628052E0,1.561961495E1
2.199906433E1,-1.202344711E1,5.226231995E0,7.275919647E0,1.499385834E1
2.200906633E1,-1.072729248E1,5.648803253E0,8.214916992E0,1.464474798E1
2.201906933E1,-9.395212555E0,5.538782043E0,8.539741516E0,1.385190639E1
2.202907233E1,-8.150101776E0,4.836891632E0,8.135881348E0,1.249048618E1
2.203907433E1,-7.147935791E0,3.780688019E0,7.273075562E0,1.087585473E1
2.204907733E1,-6.278244324E0,2.643053741E0,6.647825775E0,9.518175897E0
2.205907933E1,-5.308560791E0,1.588347015E0,6.359076233E0,8.434542931E0
2.206908233E1,-4.456083527E0,9.011260986E-1,6.130651245E0,7.632404165E0
2.207908433E1,-3.571123810E0,5.110372925E-1,5.796546021E0,6.827446825E0
2.208908733E1,-2.761607208E0,5.285508728E-1,5.356311493E0,6.049455612E0
2.209908933E1,-2.437531128E0,7.831713867E-1,4.872068481E0,5.503813833E0
2.210909233E1,-2.431842957E0,1.153052216E0,4.286935272E0,5.061739188E0
2.211909533E1,-2.855012970E0,1.484013977E0,3.555406494E0,4.795238459E0
2.212909733E1,-3.295995941E0,1.916315002E0,3.100203094E0,4.913971068E0
2.213910033E1,-3.473227386E0,2.288740540E0,2.934647369E0,5.090559588E0
2.214910233E1,-3.577560425E0,2.486928406E0,2.823278961E0,5.191787320E0
2.215910533E1,-3.568279724E0,2.533930664E0,2.600392456E0,5.090723497E0
2.216910733E1,-3.466042328E0,2.415377197E0,2.481988678E0,4.899771854E0
2.217911033E1,-3.381168823E0,2.182311859E0,2.436932373E0,4.704617631E0
2.218911233E1,-3.364553375E0,1.971400452E0,2.721490631E0,4.755328633E0
2.219911533E1,-3.506158905E0,1.759590912E0,3.021766205E0,4.951805877E0
2.220911833E1,-3.641178131E0,1.644180908E0,3.301684113E0,5.182916845E0
2.221912033E1,-3.734733582E0,1.699715424E0,3.716321869E0,5.536092095E0
2.222912333E1,-3.936663666E0,1.876946869E0,4.160448303E0,6.027402463E0
2.223912533E1,-4.262685699E0,2.108515320E0,4.691843262E0,6.680547838E0
2.224912833E1,-4.605622559E0,2.405198364E0,5.215005341E0,7.361590795E0
2.225913033E1,-5.015769653E0,2.686164093E0,5.855673065E0,8.164700227E0
2.226913333E1,-5.579647064E0,2.861599274E0,6.743327179E0,9.208348017E0
2.227913533E1,-6.086193695E0,2.994373169E0,7.596403198E0,1.018397594E1
2.228913833E1,-6.492598572E0,3.182531891E0,8.255033569E0,1.097396577E1
2.229914133E1,-6.761589203E0,3.341501312E0,8.707991638E0,1.152014922E1
2.230914333E1,-6.998247070E0,3.159479828E0,9.129066010E0,1.192885665E1
2.231914633E1,-7.533683624E0,2.532882843E0,9.377549286E0,1.229269356E1
2.232914833E1,-8.425978088E0,1.673669586E0,9.793833618E0,1.302756514E1
2.233915146E1,-9.463620300E0,9.584568787E-1,1.043839325E1,1.412228035E1
2.234915346E1,-9.539063416E0,6.652166748E-1,1.054107971E1,1.423202746E1
2.235915646E1,-8.211025085E0,1.171763306E0,1.041908340E1,1.331732936E1
2.236915846E1,-7.253616028E0,2.294728088E0,1.017284546E1,1.270305110E1
2.237916146E1,-7.593409424E0,3.392994232E0,9.864037628E0,1.290238408E1
2.238916446E1,-8.387657776E0,4.167483673E0,9.886341248E0,1.361838707E1
2.239916646E1,-9.004225616E0,4.414020996E0,1.016610947E1,1.427968634E1
2.240916946E1,-9.660760345E0,3.471281433E0,1.045126648E1,1.464954116E1
2.241917146E1,-1.073432785E1,1.554667053E0,1.033450928E1,1.498148411E1
2.242917446E1,-1.144040955E1,-1.492396545E-1,9.583670654E0,1.492487810E1
2.243917646E1,-1.186866898E1,-1.096469879E0,8.597221985E0,1.469625038E1
2.244917946E1,-1.171898026E1,-8.199948120E-1,7.867190094E0,1.413858443E1
2.245918146E1,-1.201865707E1,6.891668701E-1,7.111711121E0,1.398211371E1
2.246918446E1,-1.315644104E1,2.618504791E0,5.738616486E0,1.459041560E1
2.247918646E1,-1.505658966E1,4.118984528E0,4.568499756E0,1.626462775E1
2.248918946E1,-1.645558044E1,4.872218170E0,3.773053894E0,1.757158426E1
2.249919246E1,-1.635768402E1,4.831203461E0,3.612437897E0,1.743456512E1
2.250919446E1,-1.502545441E1,4.251758423E0,3.979774017E0,1.611459993E1
2.251919746E1,-1.268986130E1,3.611689453E0,5.602250061E0,1.433394873E1
2.252919946E1,-1.066951263E1,3.199746094E0,7.067552948E0,1.319193616E1
2.253920246E1,-9.631870422E0,2.663411407E0,7.500303040E0,1.249484829E1
2.254920446E1,-8.345894623E0,2.141446838E0,7.313790894E0,1.130182679E1
2.255920746E1,-7.223229218E0,1.501527557E0,7.121740265E0,1.025420937E1
2.256920946E1,-6.714736633E0,8.716374207E-1,6.840175781E0,9.624730883E0
2.257921246E1,-6.156846771E0,5.649252319E-1,6.432573395E0,8.922101947E0
2.258921546E1,-5.411546631E0,4.137396240E-1,6.037245483E0,8.118149447E0
2.259921746E1,-4.872068481E0,3.273692322E-1,5.765560455E0,7.555521773E0
2.260922046E1,-4.447251892E0,2.731819153E-1,5.386249237E0,6.990304614E0
2.261922246E1,-4.076622620E0,2.781216431E-1,4.718637543E0,6.241934307E0
2.262922546E1,-3.875890045E0,2.538720703E-1,4.220024414E0,5.735466914E0
2.263922746E1,-3.847748566E0,7.394622803E-2,3.942950592E0,5.509763737E0
2.264923046E1,-3.903881836E0,-1.236428833E-1,3.863016815E0,5.493494322E0
2.265923246E1,-3.964655457E0,-3.149450684E-1,3.533252563E0,5.319920767E0
2.266923546E1,-4.004472656E0,-4.722679138E-1,2.999612274E0,5.025585740E0
2.267923846E1,-4.136947174E0,-5.381309509E-1,2.641107788E0,4.937546677E0
2.268924046E1,-4.298910370E0,-5.110372925E-1,2.459385681E0,4.978992610E0
2.269924346E1,-4.466112671E0,-4.294569397E-1,2.496508484E0,5.134505844E0
2.270924546E1,-4.615951080E0,-3.167413330E-1,2.678679657E0,5.346274792E0
2.271924846E1,-4.743186493E0,-1.222956848E-1,2.977158966E0,5.601450692E0
2.272925046E1,-4.672982483E0,9.190887451E-2,3.334016876E0,5.741156770E0
2.273925346E1,-4.537065125E0,3.061134338E-1,3.668271790E0,5.842506594E0
2.274925546E1,-4.548441467E0,4.165837097E-1,3.998634796E0,6.070497673E0
2.275925846E1,-4.593497772E0,5.010081482E-1,4.315226440E0,6.322373777E0
2.276926146E1,-4.700824585E0,5.794450378E-1,4.710853729E0,6.680243348E0
2.277926346E1,-4.860093384E0,6.024971008E-1,5.256469116E0,7.184286884E0
2.278926646E1,-5.026696930E0,5.737568665E-1,5.827531586E0,7.717318404E0
2.279926846E1,-5.160668335E0,5.423222351E-1,6.388265533E0,8.230221601E0
2.280927146E1,-5.241799622E0,5.430706787E-1,6.893315277E0,8.676934052E0
2.281927346E1,-5.320685577E0,5.393284607E-1,7.407046967E0,9.135913472E0
2.282927646E1,-5.605243835E0,5.563929749E-1,7.897876282E0,9.700761896E0
2.283927846E1,-6.140231323E0,6.366261292E-1,8.302484894E0,1.034596486E1
2.284928146E1,-6.714586945E0,9.023236084E-1,8.582103424E0,1.093400041E1
2.285928446E1,-7.260202332E0,1.369502106E0,8.777447205E0,1.147299670E1
2.286928646E1,-7.917784882E0,2.154020691E0,8.871751099E0,1.208466343E1
2.287928946E1,-8.429570618E0,3.087479553E0,8.757538605E0,1.254131864E1
2.288929146E1,-8.626261597E0,3.880081329E0,8.457562408E0,1.268849014E1
2.289929446E1,-8.903784485E0,4.368964691E0,8.322543182E0,1.294719876E1
2.290929646E1,-9.498647461E0,4.300107880E0,8.617429962E0,1.352683742E1
2.291929946E1,-1.016536102E1,3.734434204E0,9.304351501E0,1.427765809E1
2.292930146E1,-9.977501678E0,3.206931152E0,9.880653076E0,1.440354999E1
2.293930446E1,-9.497300262E0,3.217259674E0,1.037282959E1,1.442723348E1
2.294930746E1,-9.214987335E0,4.032464447E0,1.030546967E1,1.440067589E1
2.295930946E1,-9.400301971E0,5.131778412E0,1.014874557E1,1.475458788E1
2.296931246E1,-9.511820068E0,6.092779999E0,9.215436401E0,1.457809855E1
2.297931446E1,-9.381291504E0,6.759493561E0,7.710615692E0,1.389794869E1
2.298931746E1,-9.287137299E0,6.455924835E0,5.431305542E0,1.254706996E1
2.299931946E1,-1.027538223E1,4.803511047E0,3.880380707E0,1.198810047E1
2.300932246E1,-1.216101105E1,2.940485229E0,3.934118958E0,1.311540831E1
2.301932446E1,-1.350476669E1,1.778451691E0,4.223766632E0,1.426119975E1
2.302932746E1,-1.418839508E1,1.318009186E0,4.188290405E0,1.485225504E1
2.303933046E1,-1.423943893E1,1.552122345E0,3.961362305E0,1.486146346E1
2.304933246E1,-1.337004684E1,2.494113464E0,4.167783051E0,1.422494886E1
2.305933546E1,-1.232087860E1,3.585344238E0,5.171445923E0,1.383483270E1
2.306933746E1,-1.125988495E1,4.257446594E0,6.426735535E0,1.364601737E1
2.307934046E1,-1.036414764E1,4.405339050E0,7.345375214E0,1.344533769E1
2.308934246E1,-9.542805634E0,4.233047333E0,7.607330475E0,1.291724839E1
2.309934546E1,-8.524473267E0,3.677253113E0,7.443870392E0,1.189958156E1
2.310934846E1,-7.468868408E0,2.998265076E0,6.969207458E0,1.064628768E1
2.311935046E1,-6.511459351E0,2.250869293E0,6.641389160E0,9.569407789E0
2.312935346E1,-5.602399750E0,1.591939545E0,6.435866547E0,8.679950039E0
2.313935546E1,-4.648583221E0,1.253942413E0,6.030659180E0,7.716900134E0
2.314935846E1,-3.829785919E0,1.143023071E0,5.482199707E0,6.784414165E0
2.315936046E1,-3.071013794E0,1.223106537E0,5.161566467E0,6.129346109E0
2.316936346E1,-2.737357635E0,1.362766113E0,4.615951080E0,5.536900097E0
2.317936646E1,-2.894381104E0,1.571581879E0,3.828438721E0,5.050173721E0
2.318936846E1,-3.293002167E0,1.894011383E0,3.439397736E0,5.124509652E0
2.319937146E1,-3.575913849E0,2.208657074E0,3.127296753E0,5.238827245E0
2.320937346E1,-3.676654358E0,2.443219299E0,2.953508148E0,5.311338644E0
2.321937646E1,-3.694317627E0,2.606529694E0,2.942580872E0,5.394512208E0
2.322937846E1,-3.658092957E0,2.653082886E0,2.952160950E0,5.397753899E0
2.323938146E1,-3.555406494E0,2.630330200E0,3.009791107E0,5.349616324E0
2.324938346E1,-3.474275208E0,2.498454437E0,3.101250916E0,5.284942765E0
2.325938646E1,-3.580404510E0,2.330054626E0,3.373534698E0,5.443269916E0
2.326938946E1,-3.752845917E0,2.189347229E0,3.694167938E0,5.702979092E0
2.327939146E1,-3.933669891E0,2.102228394E0,4.114643555E0,6.068229941E0
2.328939446E1,-4.110003204E0,2.177521820E0,4.552183685E0,6.508156722E0
2.329939646E1,-4.351600800E0,2.390977936E0,4.901108093E0,6.976680124E0
2.330939946E1,-4.522695007E0,2.749482422E0,5.418132935E0,7.574337477E0
2.331940146E1,-4.617897034E0,3.083587646E0,5.861510925E0,8.074081751E0
2.332940446E1,-4.636159058E0,3.313808899E0,6.180796967E0,8.406994193E0
2.333940696E1,-4.685706024E0,3.388204193E0,6.468798065E0,8.676469156E0
2.334940896E1,-4.938530273E0,3.338956604E0,6.823859711E0,9.061058096E0
2.335941196E1,-5.206173706E0,3.293002167E0,7.140451355E0,9.430490628E0
2.336941396E1,-5.590574341E0,3.272045746E0,7.410639496E0,9.842681675E0
2.337941696E1,-6.146667938E0,3.066223755E0,7.608078918E0,1.025017657E1
2.338941896E1,-7.081773376E0,2.513423309E0,7.725135498E0,1.077712992E1
2.339942196E1,-8.321046295E0,1.612596588E0,7.849676514E0,1.155238939E1
2.340942496E1,-9.312734070E0,7.514373779E-1,8.190368042E0,1.242472546E1
2.341942696E1,-9.462273102E0,3.983216858E-1,8.552165680E0,1.276059600E1
2.342942996E1,-8.718769226E0,7.936495972E-1,9.413175201E0,1.285514231E1
2.343943196E1,-7.846682739E0,1.926793213E0,9.957293701E0,1.282305190E1
2.344943496E1,-7.817792816E0,3.128045197E0,9.628427582E0,1.279097998E1
2.345943796E1,-7.909552002E0,4.339925079E0,9.317673798E0,1.296977284E1
2.346943996E1,-8.448880463E0,5.097799072E0,9.501042480E0,1.369820954E1
2.347944296E1,-9.319619751E0,5.198090515E0,9.933642883E0,1.457918785E1
2.348944496E1,-1.040456360E1,3.652255096E0,9.905800781E0,1.482291470E1
2.349944796E1,-1.083985840E1,1.388063507E0,9.442364502E0,1.444255856E1
2.350944996E1,-1.090482330E1,-3.050656128E-1,8.791967010E0,1.401095715E1
2.351945296E1,-1.125629242E1,-1.049168243E0,8.392747192E0,1.407988205E1
2.352945596E1,-1.201012482E1,-5.689668274E-1,8.076754303E0,1.448450142E1
2.353945796E1,-1.305779617E1,1.076710968E0,6.790479126E0,1.475723396E1
2.354946096E1,-1.449855011E1,3.156785431E0,5.536387024E0,1.583745026E1
2.355946296E1,-1.574605591E1,4.598437500E0,4.408332825E0,1.698579708E1
2.356946596E1,-1.607731705E1,5.253175964E0,4.001329193E0,1.738063913E1
2.357946796E1,-1.536000870E1,5.342390442E0,3.718417511E0,1.668225499E1
2.358947096E1,-1.359068802E1,4.850363617E0,5.027445374E0,1.528096970E1
2.359947396E1,-1.135703293E1,4.090393982E0,7.029981079E0,1.396904270E1
2.360947596E1,-1.006941055E1,3.109483795E0,7.567513275E0,1.297417340E1
2.361947896E1,-9.128167877E0,2.160307617E0,7.408992920E0,1.195339089E1
2.362948096E1,-8.212222595E0,1.340312805E0,7.217840424E0,1.101518310E1
2.363948396E1,-7.605234833E0,7.235952759E-1,6.986870728E0,1.035275565E1
2.364948696E1,-7.034771118E0,4.408332825E-1,6.643933868E0,9.686289068E0
2.365948896E1,-6.273304596E0,4.129911804E-1,6.263275452E0,8.874318658E0
2.366949196E1,-5.624254303E0,5.191204834E-1,5.919739838E0,8.181995006E0
2.367949396E1,-5.175487518E0,6.072871399E-1,5.530698853E0,7.598887979E0
2.368949696E1,-4.796625366E0,5.195695496E-1,5.149142303E0,7.056290377E0
2.369949896E1,-4.467759247E0,4.227209473E-1,4.577930145E0,6.410694978E0
2.370950196E1,-4.397255859E0,1.420545959E-1,4.205354919E0,6.086135769E0
2.371950496E1,-4.320315857E0,-1.423539734E-1,3.995042267E0,5.886064600E0
2.372950696E1,-4.219874725E0,-3.668870544E-1,3.735182648E0,5.647436429E0
2.373950996E1,-4.151916046E0,-5.297483826E-1,3.530109100E0,5.475464406E0
2.374951196E1,-4.179608459E0,-6.551875305E-1,3.132386169E0,5.264051737E0
2.375951496E1,-4.161196747E0,-6.411167908E-1,2.843337250E0,5.080468071E0
2.376951696E1,-4.124672699E0,-5.023553467E-1,2.717299347E0,4.964776078E0
2.377951996E1,-4.169729004E0,-3.534150696E-1,2.770438843E0,5.018652564E0
2.378952296E1,-4.284540253E0,-1.661544800E-1,2.910248108E0,5.182126642E0
2.379952496E1,-4.451892242E0,2.888992310E-2,3.210972748E0,5.489127905E0
2.380952796E1,-4.525688782E0,2.071691895E-1,3.571872253E0,5.769146333E0
2.381952996E1,-4.608616333E0,4.065545654E-1,3.833228760E0,6.008183906E0
2.382953296E1,-4.760999451E0,5.499563599E-1,4.184099121E0,6.362095034E0
2.383953596E1,-5.010829926E0,6.063890076E-1,4.500541077E0,6.762469531E0
2.384953796E1,-5.241500244E0,5.981561279E-1,4.968468018E0,7.246846901E0
2.385954096E1,-5.428311768E0,5.673202515E-1,5.470823364E0,7.727763531E0
2.386954296E1,-5.484594727E0,5.284011841E-1,6.023773499E0,8.163689992E0
2.387954596E1,-5.446723480E0,5.402265930E-1,6.612050171E0,8.583580192E0
2.388954796E1,-5.412594452E0,5.816903687E-1,7.155569916E0,8.990924491E0
2.389955096E1,-5.415588226E0,5.902226257E-1,7.632627869E0,9.377311276E0
2.390955396E1,-5.523064728E0,5.981561279E-1,7.941136322E0,9.691423055E0
2.391955596E1,-5.872587891E0,6.195616150E-1,8.262218628E0,1.015556014E1
2.392955896E1,-6.342760162E0,7.219487000E-1,8.532107391E0,1.065592197E1
2.393956096E1,-6.906936951E0,1.056502991E0,8.801397400E0,1.123772988E1
2.394956396E1,-7.541018372E0,1.737287292E0,9.057664490E0,1.191328717E1
2.395956596E1,-8.073910217E0,2.734214172E0,9.247320099E0,1.257683912E1
2.396956896E1,-8.393645325E0,3.666924591E0,9.037456512E0,1.286760421E1
2.397957196E1,-8.417296143E0,4.264182587E0,8.495433655E0,1.269671298E1
2.398957396E1,-8.344248047E0,4.123026123E0,8.014334106E0,1.228231945E1
2.399957696E1,-8.492140503E0,3.160976715E0,7.970774689E0,1.206820091E1
2.400957896E1,-8.558302917E0,1.922901306E0,7.982600098E0,1.186018560E1
2.401958196E1,-8.224197693E0,1.440903625E0,8.691525879E0,1.205223021E1
2.402958496E1,-7.624544678E0,1.678759003E0,9.134903870E0,1.201658779E1
2.403958696E1,-7.606582031E0,2.592009888E0,9.892478485E0,1.274518482E1
2.404958996E1,-8.276289368E0,4.046235809E0,9.367071075E0,1.313815095E1
2.405959196E1,-9.375902710E0,5.514233093E0,8.603059845E0,1.386819948E1
2.406959496E1,-9.956844635E0,6.887178040E0,7.834258575E0,1.442038778E1
2.407959696E1,-1.005533981E1,7.841443634E0,6.965764618E0,1.452996813E1
2.408959996E1,-1.027747787E1,7.574848022E0,5.528752899E0,1.391301487E1
2.409960296E1,-1.142095001E1,5.827082520E0,4.434378662E0,1.356674994E1
2.410960496E1,-1.323353073E1,3.995341644E0,4.691244507E0,1.459783770E1
2.411960796E1,-1.503638168E1,2.298919373E0,4.630770264E0,1.590037225E1
2.412960996E1,-1.609887222E1,1.006956024E0,4.821773071E0,1.683559155E1
2.413961296E1,-1.540087372E1,7.071295166E-1,5.045258331E0,1.622163910E1
2.414961496E1,-1.337139404E1,1.769470367E0,5.094655609E0,1.441806921E1
2.415961796E1,-1.124012604E1,3.465742950E0,5.469476166E0,1.297177617E1
2.416962096E1,-1.004575974E1,4.480931854E0,6.256988525E0,1.265487828E1
2.417962296E1,-9.182654572E0,4.813390503E0,6.954987030E0,1.248445905E1
2.418962596E1,-8.201295319E0,4.784051514E0,7.185357971E0,1.190704678E1
2.419962796E1,-7.485334167E0,4.238436127E0,6.881190491E0,1.101568659E1
2.420963096E1,-6.727460175E0,3.482508087E0,6.522386627E0,9.996404868E0
2.421963396E1,-5.955515442E0,2.736609192E0,6.260880432E0,9.063984655E0
2.422963596E1,-5.153183899E0,2.136058044E0,6.170468445E0,8.318216702E0
2.423963896E1,-4.427343292E0,1.680106201E0,5.894442444E0,7.560990491E0
2.424964096E1,-3.682043152E0,1.338815918E0,5.610782318E0,6.843299501E0
2.425964396E1,-3.065026245E0,1.139729919E0,5.414540405E0,6.325394689E0
2.426964596E1,-2.942431183E0,1.155896301E0,4.869523773E0,5.805709199E0
2.427964896E1,-3.176993408E0,1.420096893E0,4.344715118E0,5.566552952E0
2.428965196E1,-3.653901672E0,1.735640717E0,3.763922882E0,5.525446732E0
2.429965396E1,-4.054468689E0,2.185305634E0,3.309916992E0,5.671845163E0
2.430965696E1,-4.226011963E0,2.587369537E0,3.232228546E0,5.916160884E0
2.431965896E1,-4.281396790E0,2.796634369E0,3.304228821E0,6.088468639E0
2.432966196E1,-4.151616669E0,2.802621918E0,3.176394653E0,5.931280938E0
2.433966496E1,-3.993395691E0,2.720742188E0,3.396736450E0,5.906561242E0
2.434966696E1,-3.911216583E0,2.493814087E0,3.451672211E0,5.781934357E0
2.435966996E1,-3.931424561E0,2.132016449E0,3.602857819E0,5.743011203E0
2.436967196E1,-3.936663666E0,1.936822357E0,3.968547363E0,5.915908200E0
2.437967496E1,-3.891008606E0,1.819316711E0,4.210743713E0,6.014999908E0
2.438967696E1,-3.866908722E0,1.808239746E0,4.486470337E0,6.192828928E0
2.439967996E1,-3.967050476E0,1.864223328E0,4.850513306E0,6.537606399E0
2.440968296E1,-4.159400482E0,1.928739166E0,5.152285767E0,6.896861298E0
2.441968496E1,-4.309089203E0,2.021695862E0,5.499862976E0,7.273513365E0
2.442968796E1,-4.456532593E0,2.133363647E0,5.859564972E0,7.664621639E0
2.443968996E1,-4.671335907E0,2.274969177E0,6.274053040E0,8.146201904E0
2.444969296E1,-4.913382568E0,2.470911713E0,6.749763794E0,8.706666654E0
2.445969596E1,-5.331163788E0,2.653981018E0,7.274572449E0,9.401293894E0
2.446969796E1,-5.662724304E0,2.747686157E0,7.660020905E0,9.914239558E0
2.447970096E1,-5.946983185E0,2.738854523E0,7.832911377E0,1.020893891E1
2.448970296E1,-6.438560944E0,2.412533112E0,7.818990326E0,1.041210799E1
2.449970596E1,-7.282206573E0,1.765428772E0,7.969876556E0,1.093920489E1
2.450970796E1,-8.275690613E0,1.195713501E0,8.659492493E0,1.203759096E1
2.451971096E1,-8.998836823E0,9.638456726E-1,9.406888275E0,1.305364354E1
2.452971396E1,-8.820557556E0,1.225651245E0,9.557774506E0,1.306351829E1
2.453971596E1,-8.085286560E0,2.017654266E0,9.383237457E0,1.254941962E1
2.454971896E1,-8.176896057E0,2.933749237E0,9.053922272E0,1.254759030E1
2.455972096E1,-8.764424286E0,3.820205841E0,9.039701843E0,1.315770934E1
2.456972396E1,-9.612410889E0,4.279001770E0,9.229357452E0,1.399604724E1
2.457972596E1,-1.062355820E1,3.798650665E0,9.146729279E0,1.452420022E1
2.458972896E1,-1.147019760E1,2.275717621E0,9.571545868E0,1.511154572E1
2.459973196E1,-1.166718796E1,5.156776428E-1,9.484726410E0,1.504490722E1
2.460973396E1,-1.144624741E1,-4.676275635E-1,9.166637878E0,1.467182692E1
2.461973696E1,-1.150163223E1,-2.815644836E-1,9.130263519E0,1.468770011E1
2.462973896E1,-1.223615479E1,7.460485840E-1,7.785759430E0,1.452233185E1
2.463974196E1,-1.313099396E1,2.556383972E0,6.883884888E0,1.504479885E1
2.464974496E1,-1.458986023E1,4.220772858E0,6.028563538E0,1.634082383E1
2.465974696E1,-1.526750107E1,5.159919891E0,4.443060608E0,1.671712145E1
2.466974996E1,-1.499716324E1,5.538782043E0,4.353846130E0,1.656951984E1
2.467975196E1,-1.408795395E1,5.046006775E0,4.407734070E0,1.560002405E1
2.468975496E1,-1.245050903E1,4.346511383E0,6.013295288E0,1.449369023E1
2.469975696E1,-1.051129166E1,3.852688293E0,7.212152252E0,1.331711679E1
2.470975996E1,-9.329349518E0,3.129392395E0,7.172185364E0,1.217662113E1
2.471976296E1,-8.225095825E0,2.579136658E0,6.990163879E0,1.109804209E1
2.472976496E1,-7.294181671E0,1.964814148E0,7.066505127E0,1.034413242E1
2.473976796E1,-6.895859985E0,1.362167358E0,7.063661041E0,9.965123790E0
2.474976996E1,-6.339916077E0,1.016087036E0,6.736142120E0,9.306050687E0
2.475977296E1,-5.797294464E0,8.476872253E-1,6.573280792E0,8.805408401E0
2.476977496E1,-5.435796204E0,7.518864441E-1,6.198460236E0,8.278533861E0
2.477977796E1,-5.062771912E0,6.710545349E-1,5.883215790E0,7.790648346E0
2.478978096E1,-4.723876648E0,5.258564758E-1,5.505700836E0,7.273532657E0
2.479978296E1,-4.456981659E0,3.014730835E-1,5.089266815E0,6.771721217E0
2.480978596E1,-4.204905853E0,1.622625732E-1,4.752167816E0,6.347492523E0
2.481978796E1,-3.982767792E0,4.311035156E-2,4.271367645E0,5.840280759E0
2.482979096E1,-3.936364288E0,-7.200027466E-2,3.892206116E0,5.536191498E0
2.483979396E1,-3.884422302E0,-1.627116394E-1,3.512745209E0,5.239712836E0
2.484979596E1,-4.018543396E0,-1.782792664E-1,3.271446991E0,5.184866434E0
2.485979896E1,-4.194876709E0,-4.745132446E-2,3.032693481E0,5.176530883E0
2.486980096E1,-4.359085236E0,1.239422607E-1,2.927612000E0,5.252418281E0
2.487980396E1,-4.600233765E0,2.664459229E-1,3.026107178E0,5.512755098E0
2.488980596E1,-4.813689880E0,3.829037476E-1,3.132835236E0,5.756116934E0
2.489980896E1,-4.997807007E0,4.760101318E-1,3.313958588E0,6.015561657E0
2.490981196E1,-5.097350006E0,6.081852722E-1,3.673211517E0,6.312317266E0
2.491981396E1,-5.108726349E0,7.595205688E-1,4.173022156E0,6.640035415E0
2.492981696E1,-5.130580902E0,8.485853577E-1,4.626279602E0,6.960274453E0
2.493981896E1,-5.133724365E0,8.108638000E-1,5.062921600E0,7.255742629E0
2.494982196E1,-5.124144287E0,7.268884277E-1,5.492827606E0,7.546944850E0
2.495982496E1,-5.006488953E0,6.369255066E-1,5.915847931E0,7.776108440E0
2.496982696E1,-4.834945679E0,5.611830139E-1,6.370003510E0,8.016768102E0
2.497982996E1,-4.677473145E0,5.629792786E-1,6.857539673E0,8.319948981E0
2.498983196E1,-4.575385437E0,5.971083069E-1,7.332651672E0,8.663629192E0
2.499983496E1,-4.480033722E0,6.605763245E-1,7.689060516E0,8.923492301E0
2.500983796E1,-4.509971466E0,7.822732544E-1,7.984995117E0,9.203909011E0
2.501983996E1,-4.702770538E0,9.858499146E-1,8.331374817E0,9.617679405E0
2.502984296E1,-5.282964020E0,1.298998718E0,8.682544556E0,1.024615472E1
2.503984496E1,-6.340814209E0,1.804048462E0,8.886719971E0,1.106500373E1
2.504984796E1,-7.445516968E0,2.620151367E0,8.992250519E0,1.196501089E1
2.505984996E1,-8.375383301E0,3.514092407E0,8.490942993E0,1.243350328E1
2.506985296E1,-8.526269531E0,4.040248260E0,7.664810944E0,1.215607687E1
2.507985596E1,-8.571475525E0,3.880979462E0,7.279063110E0,1.189608986E1
2.508985796E1,-9.051078186E0,3.092119904E0,7.612719269E0,1.222443113E1
2.509986096E1,-9.508526917E0,2.269281006E0,8.293204193E0,1.281947566E1
2.510986296E1,-9.539961548E0,1.953886871E0,9.304650879E0,1.346866988E1
2.511986596E1,-9.293124847E0,2.259551239E0,1.020502853E1,1.398607696E1
2.512986796E1,-9.913584595E0,3.105591888E0,1.072714279E1,1.493303228E1
2.513987096E1,-1.083312241E1,4.349205780E0,1.026295807E1,1.554350155E1
2.514987396E1,-1.166688858E1,5.452860718E0,9.113947449E0,1.577700914E1
2.515987596E1,-1.159803177E1,6.386618958E0,7.653883667E0,1.529330500E1
2.516987896E1,-1.122366028E1,6.259084167E0,5.754034424E0,1.408032659E1
2.517988096E1,-1.169996979E1,4.636308746E0,4.156107330E0,1.325359876E1
2.518988396E1,-1.292547134E1,2.811004486E0,4.255201263E0,1.389518958E1
2.519988696E1,-1.367825592E1,1.580263824E0,4.809797974E0,1.458513200E1
2.520988896E1,-1.387898849E1,6.876699829E-1,4.621489563E0,1.464436333E1
2.521989196E1,-1.353560257E1,3.882925415E-1,4.345014496E0,1.422119752E1
2.522989396E1,-1.252984406E1,1.315464478E0,4.505929871E0,1.338024076E1
2.523989696E1,-1.138038437E1,2.991080017E0,4.964725800E0,1.277138247E1
2.524989996E1,-1.050874695E1,4.024231567E0,5.818699951E0,1.266828604E1
2.525990196E1,-9.685458984E0,4.391417999E0,6.786138153E0,1.261524232E1
2.526990496E1,-8.967701569E0,4.235741730E0,7.243886261E0,1.228149289E1
2.527990696E1,-8.313412170E0,3.738026733E0,7.244634705E0,1.164347018E1
2.528990996E1,-7.607330475E0,3.014431458E0,6.965614929E0,1.074607209E1
2.529991196E1,-6.957232361E0,2.263892212E0,6.714437256E0,9.930355368E0
2.530991496E1,-6.240073700E0,1.722168732E0,6.709198151E0,9.322967593E0
2.531991796E1,-5.414540405E0,1.476230164E0,6.503675537E0,8.590360807E0
2.532991996E1,-4.607418823E0,1.539099426E0,6.122118988E0,7.815208005E0
2.533992358E1,-3.759881287E0,1.699715424E0,5.912854156E0,7.210241611E0
2.534992558E1,-3.403921509E0,1.839375000E0,5.606141968E0,6.811667181E0
2.535992858E1,-3.464695129E0,2.126777344E0,4.593348083E0,6.134015066E0
2.536993158E1,-3.760030975E0,2.422711945E0,3.991300049E0,5.994817944E0
2.537993358E1,-3.936214600E0,2.655328217E0,3.662433929E0,5.996496944E0
2.538993658E1,-3.936214600E0,2.908900909E0,3.502266998E0,6.018418729E0
2.539993858E1,-3.822151794E0,3.089275818E0,3.546724548E0,6.060670296E0
2.540994158E1,-3.660937042E0,3.083887024E0,3.437900848E0,5.893384549E0
2.541994358E1,-3.495531006E0,2.918331299E0,3.369493103E0,5.664704613E0
2.542994658E1,-3.373235321E0,2.772235107E0,3.657344513E0,5.695627525E0
2.543994958E1,-3.227288818E0,2.508483582E0,3.545976105E0,5.411268754E0
2.544995158E1,-3.159928894E0,2.164349213E0,3.819607086E0,5.409154871E0
2.545995458E1,-3.345692596E0,1.842967529E0,4.272714844E0,5.731167455E0
2.546995658E1,-3.561394043E0,1.532962189E0,4.491110687E0,5.933260133E0
2.547995958E1,-3.799099731E0,1.420246582E0,4.752467194E0,6.247895930E0
2.548996258E1,-4.050427094E0,1.483265533E0,5.094505920E0,6.675329719E0
2.549996458E1,-4.214186554E0,1.725162506E0,5.386698303E0,7.053514911E0
2.550996758E1,-4.434977417E0,2.043550415E0,5.570516052E0,7.407818307E0
2.551996958E1,-4.764891357E0,2.328408051E0,5.747597809E0,7.820521355E0
2.552997258E1,-5.242248688E0,2.555036774E0,5.950725403E0,8.331897565E0
2.553997458E1,-5.893694000E0,2.734663239E0,6.263275452E0,9.024557129E0
2.554997758E1,-6.566993866E0,2.845582581E0,6.607260132E0,9.740566468E0
2.555998058E1,-7.079228668E0,2.946622467E0,6.968459015E0,1.036134564E1
2.556998258E1,-7.623047791E0,2.632276154E0,7.169490967E0,1.079079868E1
2.557998558E1,-8.545579376E0,1.711840210E0,7.259603577E0,1.134280247E1
2.558998758E1,-9.775721283E0,7.214996338E-1,7.593409424E0,1.239940140E1
2.559999058E1,-1.052895493E1,2.692900085E-1,8.438551941E0,1.349594635E1
2.560999358E1,-9.982740784E0,4.418811035E-1,9.455986176E0,1.375739972E1
2.561999558E1,-8.516090698E0,1.030008087E0,9.683662720E0,1.293669359E1
2.562999858E1,-7.077731781E0,1.862427063E0,8.816515961E0,1.145835396E1
2.564000058E1,-6.224206696E0,2.621498566E0,7.978558502E0,1.045324827E1
2.565000358E1,-5.894292755E0,3.187621307E0,7.766898651E0,1.025808614E1
2.566000658E1,-5.768853607E0,3.652853851E0,7.916886749E0,1.045466924E1
2.567000858E1,-5.826034698E0,3.789819031E0,8.457712097E0,1.094706822E1
2.568001158E1,-6.242917786E0,3.506009216E0,8.818312225E0,1.135908243E1
2.569001358E1,-7.192992096E0,2.627635803E0,9.135802002E0,1.192084240E1
2.570001658E1,-8.509504395E0,1.233135681E0,9.769733734E0,1.301460664E1
2.571001858E1,-1.022194336E1,-4.245172119E-1,1.024050476E1,1.447536800E1
2.572002158E1,-1.152752838E1,-1.302142181E0,1.038585251E1,1.557065885E1
2.573002458E1,-1.282323395E1,-1.133892059E0,9.887389069E0,1.623211332E1
2.574002658E1,-1.436966812E1,6.414161682E-1,8.401129761E0,1.665766364E1
2.575002958E1,-1.647668655E1,3.053949280E0,7.417375488E0,1.832553588E1
2.576003158E1,-1.835378311E1,5.089117126E0,6.403084717E0,2.009377917E1
2.577003458E1,-1.812431030E1,6.173462219E0,5.177283783E0,1.983447824E1
2.578003758E1,-1.616443588E1,6.205645294E0,4.144880676E0,1.780390566E1
2.579003958E1,-1.258088791E1,5.345683594E0,4.513563995E0,1.439539279E1
2.580004258E1,-9.880653076E0,3.792812805E0,5.737418976E0,1.203871715E1
2.581004458E1,-8.862769775E0,2.105820923E0,6.535110168E0,1.121119239E1
2.582004758E1,-8.123606873E0,1.115031281E0,6.698719940E0,1.058816000E1
2.583005058E1,-7.299720154E0,4.679269409E-1,6.612050171E0,9.860227046E0
2.584005258E1,-6.789431305E0,-4.326004028E-2,6.698869629E0,9.537982134E0
2.585005558E1,-6.158792725E0,-1.920506287E-1,6.955436096E0,9.292238834E0
2.586005758E1,-5.423372040E0,-2.350112915E-2,6.878196716E0,8.759172715E0
2.587006058E1,-4.853207703E0,2.160008240E-1,6.477180634E0,8.096551755E0
2.588006358E1,-4.578079834E0,4.191284180E-1,6.109545135E0,7.645980994E0
2.589006558E1,-4.462220764E0,5.225633240E-1,5.836063843E0,7.365061286E0
2.590006858E1,-4.289030914E0,5.060975647E-1,5.518574066E0,7.007608769E0
2.591007058E1,-4.228107605E0,3.076103210E-1,5.296585693E0,6.784197671E0
2.592007358E1,-4.191583557E0,1.790277100E-1,4.959337006E0,6.495879246E0
2.593007558E1,-4.291725311E0,3.008743286E-2,4.763095093E0,6.411465220E0
2.594007858E1,-4.321663055E0,-2.050735474E-2,4.224664764E0,6.043590364E0
2.595008158E1,-4.452790375E0,4.415817261E-2,3.768263855E0,5.833447055E0
2.596008358E1,-4.565056915E0,2.137554932E-1,3.541186066E0,5.781473411E0
2.597008658E1,-4.699178009E0,3.351530457E-1,3.526516571E0,5.884804215E0
2.598008958E1,-4.793032837E0,3.748205566E-1,3.507206726E0,5.950979184E0
2.599009158E1,-4.796625366E0,4.590953064E-1,3.459755402E0,5.931971919E0
2.600009458E1,-4.861739960E0,5.668711853E-1,3.658542023E0,6.110874578E0
2.601009658E1,-4.929399261E0,7.042854309E-1,4.015549622E0,6.396845614E0
2.602009958E1,-4.938829651E0,8.246351624E-1,4.488565979E0,6.724528684E0
2.603010158E1,-4.925207977E0,8.571176147E-1,4.796325989E0,6.927991572E0
2.604010458E1,-4.889881439E0,8.458909607E-1,5.114564209E0,7.126376292E0
2.605010758E1,-4.892575836E0,7.717950439E-1,5.518274689E0,7.415141364E0
2.606010958E1,-4.845274200E0,7.056326294E-1,5.994284821E0,7.739899870E0
2.607011258E1,-4.730462952E0,6.424639893E-1,6.459667053E0,8.032268556E0
2.608011458E1,-4.645439758E0,5.471122742E-1,6.931785278E0,8.362361481E0
2.609011758E1,-4.588857422E0,4.508624268E-1,7.342980194E0,8.670654387E0
2.610012058E1,-4.559668121E0,4.334985352E-1,7.711364136E0,8.969037361E0
2.611012258E1,-4.664899292E0,5.035528564E-1,8.000263367E0,9.274646345E0
2.612012558E1,-4.962630157E0,6.607260132E-1,8.308771820E0,9.700512672E0
2.613012758E1,-5.482648773E0,8.985813904E-1,8.547824707E0,1.019471399E1
2.614013058E1,-6.280040588E0,1.273851013E0,8.707692261E0,1.081136026E1
2.615013358E1,-7.186854858E0,1.896406403E0,8.933273163E0,1.162112772E1
2.616013558E1,-8.208779755E0,2.489622803E0,8.943002930E0,1.239191624E1
2.617013858E1,-8.871002655E0,2.992726593E0,8.468938751E0,1.262434252E1
2.618014058E1,-9.115594025E0,3.323388977E0,7.973169708E0,1.255828029E1
2.619014358E1,-9.085356903E0,3.005450134E0,7.797584839E0,1.234417960E1
2.620014658E1,-8.958121490E0,2.336191864E0,8.120164032E0,1.231433299E1
2.621014858E1,-8.622070312E0,1.988464966E0,8.774004364E0,1.246102893E1
2.622015158E1,-8.396339722E0,2.243235168E0,9.629026337E0,1.297107447E1
2.623015358E1,-8.640182648E0,3.191064148E0,1.040845551E1,1.389861837E1
2.624015658E1,-9.130562897E0,4.671036530E0,1.076187057E1,1.486619048E1
2.625015958E1,-9.636361084E0,6.125412140E0,1.008557693E1,1.523479540E1
2.626016158E1,-9.594298553E0,7.119195557E0,8.683143311E0,1.476924128E1
2.627016458E1,-9.228309631E0,7.136709137E0,7.106472015E0,1.366002418E1
2.628016658E1,-9.307345276E0,5.526657257E0,5.169649658E0,1.199566147E1
2.629016958E1,-1.076576248E1,3.328029327E0,4.475093994E0,1.212451596E1
2.630017258E1,-1.249796036E1,1.811682587E0,4.721481628E0,1.348234385E1
2.631017458E1,-1.440469528E1,5.804928589E-1,4.811444550E0,1.519809912E1
2.632017758E1,-1.548410065E1,9.131011963E-3,4.634213104E0,1.616271596E1
2.633017958E1,-1.496737518E1,5.697152710E-1,4.287534027E0,1.557978958E1
2.634018271E1,-1.325822937E1,2.251767426E0,4.813989258E0,1.428375284E1
2.635018571E1,-1.154474258E1,4.025878143E0,5.847889252E0,1.355310241E1
2.636018771E1,-1.032567764E1,4.675976257E0,6.964567108E0,1.330374262E1
2.637019071E1,-9.224567413E0,4.741988983E0,7.639812927E0,1.288199694E1
2.638019271E1,-8.215665436E0,4.345762939E0,7.842641144E0,1.216099643E1
2.639019571E1,-7.420369263E0,3.476221161E0,7.495962067E0,1.110564905E1
2.640019871E1,-6.629713440E0,2.668949890E0,6.853198700E0,9.901652702E0
2.641020071E1,-5.853427734E0,1.942510529E0,6.760990448E0,9.151336254E0
2.642020371E1,-5.067711639E0,1.469045105E0,6.640790405E0,8.481738736E0
2.643020571E1,-4.282294922E0,1.310973816E0,6.236780548E0,7.678159529E0
2.644020871E1,-3.680845642E0,1.264121246E0,6.169869690E0,7.294787122E0
2.645021171E1,-3.068319397E0,1.479673004E0,5.839356995E0,6.760333293E0
2.646021371E1,-2.772235107E0,1.860780487E0,5.272485809E0,6.240744997E0
2.647021671E1,-3.146606598E0,2.206860809E0,4.566703491E0,5.968764402E0
2.648021871E1,-3.679797821E0,2.415077820E0,3.833228760E0,5.836707600E0
2.649022171E1,-4.136198730E0,2.675685883E0,3.670367432E0,6.143210233E0
2.650022471E1,-4.347259827E0,2.938090210E0,3.849095764E0,6.507425012E0
2.651022671E1,-4.358636169E0,3.035088501E0,3.819307709E0,6.541909724E0
2.652022971E1,-4.242777100E0,2.893632660E0,3.512146454E0,6.221691105E0
2.653023171E1,-4.110901337E0,2.655477905E0,3.478167114E0,6.004058559E0
2.654023471E1,-3.998335419E0,2.412084045E0,3.531456299E0,5.854572500E0
2.655023671E1,-3.919599152E0,2.162253571E0,3.724105682E0,5.823019934E0
2.656023971E1,-3.803440704E0,1.933678894E0,3.996239777E0,5.845956518E0
2.657024271E1,-3.780987396E0,1.728156281E0,4.364174652E0,6.027305386E0
2.658024471E1,-3.782633972E0,1.638343048E0,4.541555786E0,6.133369112E0
2.659024771E1,-3.905528412E0,1.645378418E0,4.686753845E0,6.318709039E0
2.660024971E1,-4.104614410E0,1.789378967E0,5.024601288E0,6.730256655E0
2.661025271E1,-4.260140991E0,2.024539948E0,5.413791962E0,7.180299901E0
2.662025571E1,-4.468358002E0,2.220931549E0,5.764662323E0,7.624309272E0
2.663025771E1,-4.881798248E0,2.348466339E0,6.078858948E0,8.142467340E0
2.664026071E1,-5.453160095E0,2.511926422E0,6.461313629E0,8.820164578E0
2.665026271E1,-6.060596924E0,2.724783783E0,6.911427612E0,9.587654217E0
2.666026571E1,-6.642886047E0,2.881507874E0,7.332801361E0,1.030538687E1
2.667026871E1,-7.260501709E0,2.658920746E0,7.667655029E0,1.088933782E1
2.668027071E1,-8.173153839E0,1.913321228E0,7.976462860E0,1.157951646E1
2.669027371E1,-9.603130188E0,8.800199890E-1,8.333021393E0,1.274495155E1
2.670027571E1,-1.078237793E1,1.019380188E-1,8.861123199E0,1.395670339E1
2.671027871E1,-1.038285873E1,1.451980591E-2,9.473200378E0,1.405508775E1
2.672028171E1,-8.514294434E0,7.129673767E-1,9.976154480E0,1.313488448E1
2.673028371E1,-7.178023224E0,1.700164490E0,9.667795715E0,1.216062707E1
2.674028671E1,-6.855294342E0,2.564167786E0,8.822802887E0,1.146350155E1
2.675028871E1,-6.957831116E0,3.246448975E0,8.413853302E0,1.139051238E1
2.676029171E1,-7.062313843E0,3.773952026E0,8.304730225E0,1.153635709E1
2.677029371E1,-7.036118317E0,4.043990479E0,8.614585876E0,1.183519792E1
2.678029671E1,-7.346423035E0,3.720812531E0,8.990454254E0,1.219190900E1
2.679029971E1,-8.377478943E0,2.493963776E0,9.727521515E0,1.307771706E1
2.680030171E1,-9.918973389E0,8.279283142E-1,1.021850052E1,1.426496587E1
2.681030471E1,-1.066023193E1,-2.326162720E-1,1.043524979E1,1.491942001E1
2.682030671E1,-1.078477295E1,-5.270539856E-1,9.802365875E0,1.458339776E1
2.683030971E1,-1.153486313E1,1.839674377E-1,8.788973236E0,1.450286048E1
2.684031271E1,-1.263327896E1,1.915416870E0,7.045848083E0,1.459152269E1
2.685031471E1,-1.417836594E1,3.963008881E0,6.473588104E0,1.608225242E1
2.686031771E1,-1.548110687E1,5.450166321E0,4.997058563E0,1.715632761E1
2.687031971E1,-1.503204071E1,6.171516266E0,3.860472107E0,1.670188929E1
2.688032271E1,-1.381297577E1,6.055956573E0,3.034789124E0,1.538450047E1
2.689032571E1,-1.159683426E1,5.272036743E0,3.693419495E0,1.326356980E1
2.690032771E1,-9.431886292E0,4.177063751E0,5.214256897E0,1.155840887E1
2.691033071E1,-8.489446106E0,2.999911652E0,6.164780273E0,1.091213457E1
2.692033271E1,-7.871680756E0,2.139650574E0,6.469696198E0,1.041145674E1
2.693033571E1,-7.235204315E0,1.526226196E0,6.321354675E0,9.728158758E0
2.694033771E1,-6.887178040E0,1.071771240E0,6.533014526E0,9.553124816E0
2.695034071E1,-6.436165924E0,8.170010376E-1,6.713539124E0,9.336130358E0
2.696034371E1,-6.046226807E0,7.209008789E-1,6.528523865E0,8.927383745E0
2.697034571E1,-5.785319366E0,7.223977661E-1,6.235583038E0,8.536643048E0
2.698034871E1,-5.493576050E0,7.574249268E-1,5.962999878E0,8.143122121E0
2.699035071E1,-5.325325928E0,6.828799438E-1,5.827232208E0,7.923512887E0
2.700035371E1,-5.179379425E0,4.721182251E-1,5.638474731E0,7.670805964E0
2.701035671E1,-5.071154480E0,1.718426514E-1,5.467081146E0,7.458894953E0
2.702035871E1,-4.932842102E0,3.367996216E-2,5.200335846E0,7.167814064E0
2.703036171E1,-4.865182800E0,-5.254074097E-2,4.730762329E0,6.786226965E0
2.704036371E1,-4.924908600E0,-6.107299805E-2,4.467908936E0,6.649862020E0
2.705036671E1,-5.043611755E0,2.993774414E-3,4.243824921E0,6.591515642E0
2.706036871E1,-5.128485260E0,4.849914551E-2,4.012256470E0,6.511675300E0
2.707037171E1,-5.201832733E0,1.236428833E-1,4.024530945E0,6.578084879E0
2.708037471E1,-5.227579193E0,2.399510193E-1,4.190086670E0,6.703878505E0
2.709037671E1,-5.151537323E0,3.502716064E-1,4.289180603E0,6.712532848E0
2.710037971E1,-5.085225220E0,4.239184570E-1,4.333937531E0,6.694941143E0
2.711038171E1,-4.948559418E0,4.526586914E-1,4.530927887E0,6.724763767E0
2.712038471E1,-4.897365875E0,4.727169800E-1,4.698728943E0,6.803360018E0
2.713038771E1,-4.848118286E0,5.245092773E-1,4.829107819E0,6.862917982E0
2.714038971E1,-4.852159882E0,5.366340637E-1,5.049599304E0,7.023523672E0
2.715039271E1,-4.859794006E0,5.376818848E-1,5.361251221E0,7.256012283E0
2.716039471E1,-4.858147430E0,5.117857361E-1,5.664370880E0,7.479880919E0
2.717039771E1,-4.826263733E0,5.183720398E-1,5.925577698E0,7.659895707E0
2.718040071E1,-4.747826843E0,6.224057007E-1,6.282285919E0,7.899136976E0
2.719040271E1,-4.685855713E0,7.024891663E-1,6.655310211E0,8.169693311E0
2.720040571E1,-4.716541901E0,7.532336426E-1,6.975045319E0,8.453661078E0
2.721040771E1,-4.771327972E0,8.455915833E-1,7.334597626E0,8.790729098E0
2.722041071E1,-4.968617706E0,9.644444275E-1,7.570207672E0,9.106336210E0
2.723041271E1,-5.398074646E0,1.103505249E0,7.825576630E0,9.570610394E0
2.724041571E1,-6.118077393E0,1.303639069E0,8.126450958E0,1.025522067E1
2.725041871E1,-6.960675201E0,1.814526672E0,8.522826691E0,1.115267148E1
2.726042071E1,-7.782166901E0,2.568808136E0,8.884774017E0,1.208718769E1
2.727042371E1,-8.378676453E0,3.268602905E0,8.691076813E0,1.250683014E1
2.728042571E1,-8.645571442E0,3.579656067E0,8.031847687E0,1.233168360E1
2.729042871E1,-8.538394318E0,3.257825317E0,7.438032532E0,1.178312061E1
2.730043171E1,-8.278983765E0,2.343227234E0,7.372019806E0,1.133044404E1
2.731043371E1,-7.893984375E0,1.522184601E0,7.627089386E0,1.108172043E1
2.732043671E1,-7.243287506E0,1.389859772E0,8.251441040E0,1.106721299E1
2.733043871E1,-6.903194733E0,1.794318695E0,9.075926514E0,1.154322828E1
2.734044108E1,-7.219487000E0,2.472109222E0,9.772577820E0,1.239901584E1
2.735044308E1,-7.972271576E0,3.512595520E0,9.880503387E0,1.317269101E1
2.736044608E1,-8.833131409E0,4.754562836E0,9.653275909E0,1.392177482E1
2.737044908E1,-9.751621399E0,5.996829529E0,9.010961609E0,1.456892286E1
2.738045108E1,-1.035262161E1,6.884483643E0,8.146060181E0,1.486375409E1
2.739045408E1,-1.044318329E1,6.741979980E0,7.209158478E0,1.436963247E1
2.740045608E1,-1.117351456E1,5.188360748E0,5.565276947E0,1.351809241E1
2.741045908E1,-1.249781067E1,3.579955444E0,5.205125885E0,1.400373836E1
2.742046208E1,-1.407088943E1,2.109114075E0,5.234913940E0,1.516056119E1
2.743046408E1,-1.633717667E1,4.194277954E-1,5.114713898E0,1.712423894E1
2.744046708E1,-1.737212448E1,-4.528083801E-1,4.863985291E0,1.804588865E1
2.745046908E1,-1.573647583E1,3.261717224E-1,5.254373474E0,1.659371870E1
2.746047208E1,-1.266471359E1,2.483186188E0,5.705684967E0,1.411084778E1
2.747047408E1,-1.021700363E1,4.189637604E0,5.980513458E0,1.255813552E1
2.748047708E1,-8.891210632E0,4.713697815E0,6.638545074E0,1.205582242E1
2.749048008E1,-7.875572662E0,4.705165558E0,7.052284698E0,1.157142805E1
2.750048208E1,-6.998247070E0,4.019291840E0,7.185357971E0,1.080553276E1
2.751048508E1,-6.384822693E0,3.147504730E0,6.587201843E0,9.698658411E0
2.752048708E1,-5.685626678E0,2.288291473E0,6.241869965E0,8.747775103E0
2.753049008E1,-4.907245331E0,1.560355225E0,6.214177551E0,8.070425503E0
2.754049308E1,-4.234244843E0,1.158740387E0,5.982160034E0,7.420090791E0
2.755049508E1,-3.656745758E0,8.596623230E-1,5.733676758E0,6.854623112E0
2.756049808E1,-3.244353333E0,7.402107239E-1,5.655239868E0,6.561667351E0
2.757050008E1,-2.919678497E0,1.066232758E0,5.512287140E0,6.328244965E0
2.758050308E1,-2.650238800E0,1.583706665E0,5.355263672E0,6.181483761E0
2.759050508E1,-3.090323639E0,1.996398468E0,4.387825470E0,5.726143501E0
2.760050808E1,-3.713178406E0,2.218237152E0,3.714675293E0,5.701498265E0
2.761051108E1,-4.127516785E0,2.480791168E0,3.577111359E0,5.998870335E0
2.762051308E1,-4.458777924E0,2.609673157E0,3.608845367E0,6.301972663E0
2.763051608E1,-4.628225555E0,2.607278137E0,3.583248596E0,6.407654920E0
2.764051808E1,-4.653373260E0,2.539918213E0,3.548221436E0,6.379258780E0
2.765052108E1,-4.617597656E0,2.450254669E0,3.561843109E0,6.325557872E0
2.766052408E1,-4.619393921E0,2.341580658E0,3.652554474E0,6.337424900E0
2.767052608E1,-4.589605865E0,2.302212524E0,3.921245728E0,6.460714555E0
2.768052908E1,-4.636308746E0,2.279609528E0,4.294719086E0,6.718377067E0
2.769053108E1,-4.641847229E0,2.249671783E0,4.617897034E0,6.923347589E0
2.770053408E1,-4.692891083E0,2.232607269E0,4.984035645E0,7.200581451E0
2.771053608E1,-4.812791748E0,2.284249878E0,5.442532196E0,7.615899068E0
2.772053908E1,-4.931644592E0,2.388283539E0,5.849386139E0,8.015006853E0
2.773054208E1,-5.229076080E0,2.421664124E0,6.277795258E0,8.521643449E0
2.774054408E1,-5.420228577E0,2.345921631E0,6.715335388E0,8.943039500E0
2.775054708E1,-5.586383057E0,2.248623962E0,7.033124542E0,9.258986241E0
2.776054908E1,-5.722001038E0,2.222877502E0,7.261250153E0,9.508324460E0
2.777055208E1,-5.763165436E0,2.265538788E0,7.467970276E0,9.701408242E0
2.778055508E1,-5.797444153E0,2.220781860E0,7.535629578E0,9.763603019E0
2.779055708E1,-6.131399689E0,1.955982513E0,7.580536194E0,9.944066508E0
2.780056008E1,-6.878196716E0,1.423689423E0,7.742349701E0,1.045372950E1
2.781056208E1,-8.360863495E0,7.029382324E-1,8.224796448E0,1.174927390E1
2.782056508E1,-9.478140106E0,2.694396973E-1,8.877289581E0,1.298899565E1
2.783056708E1,-9.381441193E0,5.834866333E-1,9.186247101E0,1.314302215E1
2.784057008E1,-8.361611938E0,1.652563477E0,9.632768555E0,1.286226070E1
2.785057308E1,-8.330626373E0,2.756218414E0,9.401200104E0,1.285996264E1
2.786057508E1,-8.652457123E0,3.592080231E0,9.268725586E0,1.317866946E1
2.787057808E1,-9.194779358E0,4.078867950E0,9.542356567E0,1.386498107E1
2.788058008E1,-9.874066772E0,4.031566315E0,9.710157623E0,1.442351839E1
2.789058308E1,-1.009036697E1,2.894231415E0,9.752519531E0,1.432842344E1
2.790058608E1,-9.918075256E0,1.134191437E0,9.294771423E0,1.363991872E1
2.791058808E1,-9.948611755E0,-1.962419128E-1,8.550818481E0,1.311982787E1
2.792059108E1,-1.003632935E1,-5.346881104E-1,8.104895782E0,1.291135677E1
2.793059308E1,-1.019993912E1,1.980381775E-1,7.318730621E0,1.255554838E1
2.794059608E1,-1.062580353E1,1.807640991E0,6.147266693E0,1.240822930E1
2.795059808E1,-1.191911407E1,3.474873962E0,5.028044128E0,1.339482203E1
2.796060108E1,-1.345267502E1,4.510420532E0,3.797303467E0,1.468801798E1
2.797060408E1,-1.425126434E1,4.962480469E0,3.420237579E0,1.547329224E1
2.798060608E1,-1.392045227E1,4.970264282E0,3.369044037E0,1.516024328E1
2.799060908E1,-1.283026932E1,4.657414856E0,4.366270294E0,1.433079342E1
2.800061108E1,-1.108983856E1,4.185895386E0,6.051316223E0,1.330881916E1
2.801061408E1,-9.751022644E0,3.439846802E0,6.979386292E0,1.247504796E1
2.802061708E1,-8.979227600E0,2.692451019E0,6.971153412E0,1.168215736E1
2.803061908E1,-8.106841736E0,2.093396759E0,6.935826874E0,1.087239106E1
2.804062208E1,-7.455995178E0,1.590143280E0,7.077731781E0,1.040262981E1
2.805062408E1,-7.086264038E0,1.306183777E0,6.817423096E0,9.919602398E0
2.806062708E1,-6.721622314E0,1.132095795E0,6.644083557E0,9.518702314E0
2.807062908E1,-6.476282501E0,9.530680847E-1,6.701564026E0,9.368112628E0
2.808063208E1,-6.126310272E0,8.687933350E-1,6.541247406E0,9.004132220E0
2.809063508E1,-5.685926056E0,7.622149658E-1,6.227799225E0,8.467361452E0
2.810063708E1,-5.319937134E0,5.044509888E-1,5.805677032E0,7.890632910E0
2.811064008E1,-5.131778412E0,1.579216003E-1,5.444029083E0,7.483150510E0
2.812064208E1,-4.970264282E0,-3.742218018E-2,5.185217285E0,7.182715764E0
2.813064508E1,-4.773273926E0,-9.145980835E-2,4.897814941E0,6.839671050E0
2.814064808E1,-4.555327148E0,-4.191284180E-2,4.521198120E0,6.418254791E0
2.815065008E1,-4.412524109E0,8.996292114E-2,4.096980286E0,6.021935719E0
2.816065308E1,-4.354295197E0,3.168910217E-1,3.894900513E0,5.850688556E0
2.817065508E1,-4.468807068E0,4.221221924E-1,3.603755951E0,5.756342650E0
2.818065808E1,-4.455634460E0,5.248086548E-1,3.593726807E0,5.748301917E0
2.819066008E1,-4.325554962E0,6.526428223E-1,3.548371124E0,5.632699710E0
2.820066308E1,-4.316124573E0,6.131250000E-1,3.532653809E0,5.611104751E0
2.821066608E1,-4.501139832E0,5.406756592E-1,3.768263855E0,5.895116829E0
2.822066808E1,-4.582271118E0,5.087919617E-1,4.041296082E0,6.130917703E0
2.823067108E1,-4.634662170E0,5.105882263E-1,4.313879242E0,6.352192368E0
2.824067308E1,-4.727618866E0,5.384303284E-1,4.662953339E0,6.662088351E0
2.825067608E1,-4.786296844E0,5.766009521E-1,5.020110626E0,6.960073049E0
2.826067908E1,-4.834496613E0,5.685177612E-1,5.354664917E0,7.236574211E0
2.827068108E1,-4.797822876E0,5.755531311E-1,5.774092712E0,7.529310221E0
2.828068408E1,-4.703369293E0,5.855822754E-1,6.195915527E0,7.800894726E0
2.829068608E1,-4.579726410E0,5.652246094E-1,6.537205811E0,8.001776844E0
2.830068908E1,-4.541406097E0,5.289999390E-1,6.917265472E0,8.291729126E0
2.831069108E1,-4.715643768E0,4.567002869E-1,7.278763733E0,8.684830038E0
2.832069408E1,-4.990322571E0,4.056564331E-1,7.683222656E0,9.170593595E0
2.833069708E1,-5.454656982E0,4.225712585E-1,8.146209869E0,9.812878502E0
2.834069921E1,-6.137836304E0,6.882687378E-1,8.472531281E0,1.048477633E1
2.835070221E1,-7.247628479E0,1.186283112E0,8.762777710E0,1.143335731E1
2.836070421E1,-8.485554199E0,1.983076172E0,9.037007446E0,1.255407204E1
2.837070721E1,-9.203461304E0,2.874921570E0,8.895252228E0,1.311847500E1
2.838070921E1,-9.291627960E0,3.582949219E0,8.249345398E0,1.293149546E1
2.839071221E1,-8.999136200E0,3.664978638E0,7.855664063E0,1.249511819E1
2.840071521E1,-8.965156860E0,2.942580872E0,7.989036713E0,1.236355642E1
2.841071721E1,-8.991651764E0,2.103425903E0,8.769813080E0,1.273514128E1
2.842072021E1,-8.621321869E0,1.921404419E0,9.553583221E0,1.301114669E1
2.843072221E1,-8.584797821E0,2.189945984E0,1.018287460E1,1.349761283E1
2.844072521E1,-9.157656555E0,2.928959198E0,1.057984909E1,1.429596735E1
2.845072821E1,-9.763895874E0,4.189637604E0,1.051623138E1,1.494917551E1
2.846073021E1,-1.006896149E1,5.457052002E0,9.446855164E0,1.484609290E1
2.847073321E1,-9.731263733E0,6.334078217E0,7.960745544E0,1.407805066E1
2.848073521E1,-9.024283905E0,6.359525299E0,6.429579620E0,1.277578789E1
2.849073821E1,-8.960965576E0,5.226980438E0,4.889282684E0,1.146844862E1
2.850074021E1,-1.063119232E1,3.705993347E0,4.781506805E0,1.223190272E1
2.851074321E1,-1.265543289E1,2.526745605E0,4.886588287E0,1.379939021E1
2.852074621E1,-1.440050400E1,1.396446075E0,4.664899292E0,1.520150856E1
2.853074821E1,-1.532004181E1,7.132667542E-1,4.657265167E0,1.602817985E1
2.854075121E1,-1.486917938E1,9.813592529E-1,4.419709167E0,1.554314610E1
2.855075321E1,-1.341016342E1,2.259102173E0,5.196893005E0,1.455828707E1
2.856075621E1,-1.193019104E1,3.556454315E0,6.258635101E0,1.393371232E1
2.857075921E1,-1.066786606E1,4.040248260E0,7.234755249E0,1.350809593E1
2.858076121E1,-9.578880615E0,3.969595184E0,7.870183868E0,1.301738967E1
2.859076421E1,-8.660839691E0,3.545676727E0,7.744145966E0,1.214717104E1
2.860076621E1,-7.708969116E0,3.036735077E0,7.327562256E0,1.106088303E1
2.861076921E1,-6.940616913E0,2.459235992E0,6.900799713E0,1.009163225E1
2.862077221E1,-6.096671906E0,1.901944885E0,6.644233246E0,9.215890521E0
2.863077421E1,-5.275180206E0,1.555565186E0,6.273603973E0,8.342986040E0
2.864077721E1,-4.512067108E0,1.377884674E0,5.778433685E0,7.459732677E0
2.865077921E1,-3.854933624E0,1.368005219E0,5.473966827E0,6.833466496E0
2.866078221E1,-3.420536957E0,1.511856079E0,5.297932892E0,6.484895898E0
2.867078421E1,-3.304079132E0,1.850901031E0,4.757855988E0,6.081115616E0
2.868078721E1,-3.492836609E0,2.173180847E0,4.126918030E0,5.827012527E0
2.869079021E1,-3.899391174E0,2.482737122E0,3.830833740E0,6.003709044E0
2.870079221E1,-4.128714294E0,2.720442810E0,3.704945526E0,6.178487854E0
2.871079521E1,-4.141886902E0,2.922223206E0,3.641627197E0,6.241479329E0
2.872079721E1,-4.100572815E0,3.044818268E0,3.566633148E0,6.229485349E0
2.873080021E1,-3.984564056E0,3.076252899E0,3.433559875E0,6.093391177E0
2.874080321E1,-3.863166504E0,2.946173401E0,3.488645325E0,5.981190462E0
2.875080521E1,-3.882176971E0,2.753973083E0,3.710783386E0,6.035360728E0
2.876080821E1,-3.952380981E0,2.596350861E0,4.066144409E0,6.236656442E0
2.877081021E1,-4.026177521E0,2.335443420E0,4.110601959E0,6.209786620E0
2.878081321E1,-4.162993011E0,2.115251312E0,4.402045898E0,6.417383191E0
2.879081521E1,-4.464765472E0,2.134112091E0,4.797523499E0,6.892372368E0
2.880081821E1,-4.699028320E0,2.192041626E0,5.036426697E0,7.228520424E0
2.881082121E1,-4.798721008E0,2.347867584E0,5.339246979E0,7.552997008E0
2.882082321E1,-4.863685913E0,2.527643738E0,5.581742706E0,7.823060473E0
2.883082621E1,-4.962929535E0,2.663261719E0,5.843099213E0,8.115752643E0
2.884082821E1,-5.091362457E0,2.732417908E0,6.096971283E0,8.400067745E0
2.885083121E1,-5.338947601E0,2.658920746E0,6.384972382E0,8.737396256E0
2.886083321E1,-5.733527069E0,2.514620819E0,6.640790405E0,9.126705195E0
2.887083621E1,-6.091881866E0,2.351609802E0,6.876550140E0,9.483039342E0
2.888083921E1,-6.418352966E0,2.172731781E0,7.043003998E0,9.773429465E0
2.889084121E1,-6.816674652E0,1.916315002E0,7.106022949E0,1.003169371E1
2.890084421E1,-7.529791718E0,1.579365692E0,7.107220459E0,1.047400315E1
2.891084621E1,-8.440797272E0,1.125958557E0,7.226073303E0,1.116830232E1
2.892084921E1,-9.156758423E0,6.819818115E-1,7.765701141E0,1.202569907E1
2.893085221E1,-8.934320984E0,7.646099854E-1,8.396489410E0,1.228445173E1
2.894085421E1,-7.783364410E0,1.624721375E0,8.655899963E0,1.175351374E1
2.895085721E1,-7.043003998E0,2.518063660E0,8.405171356E0,1.125128683E1
2.896085921E1,-6.844067688E0,3.245850220E0,8.142467651E0,1.112099751E1
2.897086221E1,-6.807693329E0,3.759731598E0,8.020321655E0,1.117165295E1
2.898086421E1,-6.925049286E0,3.963308258E0,8.360414429E0,1.155684427E1
2.899086721E1,-7.382797394E0,3.842958527E0,8.946445770E0,1.221936658E1
2.900087021E1,-8.248147888E0,2.898722076E0,9.027277679E0,1.256687215E1
2.901087221E1,-9.041198730E0,1.490001526E0,8.927285614E0,1.279295929E1
2.902087521E1,-9.969867554E0,7.694000244E-2,8.714727631E0,1.324200349E1
2.903087721E1,-1.077414505E1,-6.812333679E-1,8.670419769E0,1.384638796E1
2.904088021E1,-1.142738663E1,-4.119433594E-1,8.380323029E0,1.417690645E1
2.905088321E1,-1.255918304E1,1.153650970E0,7.579638062E0,1.471444537E1
2.906088521E1,-1.416070267E1,3.390000458E0,6.127507782E0,1.579759332E1
2.907088821E1,-1.596340393E1,5.384153595E0,4.915178833E0,1.754931218E1
2.908089021E1,-1.669568115E1,6.398743744E0,4.323758698E0,1.839523253E1
2.909089321E1,-1.627610367E1,6.125112762E0,3.522924042E0,1.774371863E1
2.910089521E1,-1.427551392E1,4.922064514E0,4.296515350E0,1.569958792E1
2.911089821E1,-1.144160706E1,3.523522797E0,6.035000153E0,1.340696878E1
2.912090121E1,-9.910890198E0,2.330653381E0,6.644981689E0,1.215785636E1
2.913090321E1,-9.154962158E0,1.585203552E0,7.063661041E0,1.167139708E1
2.914090621E1,-8.197403412E0,1.209335175E0,7.102280731E0,1.091340029E1
2.915090821E1,-7.551646271E0,7.897576904E-1,7.045249329E0,1.035792531E1
2.916091121E1,-7.095095673E0,5.890251160E-1,6.986571350E0,9.974944231E0
2.917091421E1,-6.377937012E0,6.156697083E-1,7.078031158E0,9.547547056E0
2.918091621E1,-5.982758789E0,6.173162842E-1,6.804250488E0,9.081426476E0
2.919091921E1,-5.710025940E0,5.718109131E-1,6.274801483E0,8.503205137E0
2.920092121E1,-5.449118500E0,5.192701721E-1,5.875132599E0,8.029926338E0
2.921092421E1,-5.286107483E0,3.008743286E-1,5.514682159E0,7.644944539E0
2.922092721E1,-5.203928375E0,-1.167572021E-2,5.213358765E0,7.366146650E0
2.923092921E1,-5.055437164E0,-7.005432129E-2,4.833748169E0,6.994817645E0
2.924093221E1,-4.933291168E0,-4.685256958E-2,4.465214539E0,6.654148915E0
2.925093421E1,-4.827760620E0,4.221221924E-2,4.073179779E0,6.316632646E0
2.926093721E1,-4.812043304E0,1.974394226E-1,3.876937866E0,6.182668543E0
2.927093921E1,-4.837640076E0,2.694396973E-1,3.499123535E0,5.976556263E0
2.928094221E1,-4.772675171E0,3.460803223E-1,3.218008118E0,5.766608719E0
2.929094521E1,-4.676575012E0,4.360432434E-1,3.105741577E0,5.630818617E0
2.930094721E1,-4.631967773E0,5.246589661E-1,3.124602356E0,5.611909868E0
2.931095021E1,-4.645589447E0,6.409671021E-1,3.313808899E0,5.742270418E0
2.932095221E1,-4.755760345E0,6.988966370E-1,3.586841125E0,5.997594704E0
2.933095521E1,-4.800666962E0,6.915618896E-1,3.963907013E0,6.263962000E0
2.934095821E1,-4.855003967E0,7.318281555E-1,4.275708618E0,6.510631318E0
2.935096025E1,-4.921615448E0,7.491920471E-1,4.692292328E0,6.841139863E0
2.936096325E1,-4.992118835E0,7.238946533E-1,5.137616272E0,7.200026034E0
2.937096525E1,-4.966372375E0,6.548881531E-1,5.570066986E0,7.491286892E0
2.938096825E1,-4.951852570E0,5.733078003E-1,5.955665131E0,7.766561199E0
2.939097025E1,-4.870122528E0,5.400769043E-1,6.400390320E0,8.060693069E0
2.940097325E1,-4.762646027E0,5.272036743E-1,6.797215118E0,8.316421962E0
2.941097625E1,-4.787793732E0,4.861889648E-1,7.255711670E0,8.706589479E0
2.942097825E1,-4.994513855E0,4.878355408E-1,7.680977325E0,9.174996721E0
2.943098125E1,-5.402415619E0,5.596861267E-1,8.092022552E0,9.745777140E0
2.944098325E1,-6.024671631E0,8.184979248E-1,8.444090424E0,1.040525205E1
2.945098625E1,-6.830146637E0,1.241069183E0,8.566386108E0,1.102606579E1
2.946098925E1,-7.491321716E0,1.858684845E0,8.478967896E0,1.146592809E1
2.947099125E1,-7.891439667E0,2.699636078E0,8.234675903E0,1.172061185E1
2.948099425E1,-8.081544342E0,3.565136261E0,7.940986633E0,1.187774491E1
2.949099625E1,-8.041427765E0,4.081262970E0,7.547904053E0,1.175976715E1
2.950099925E1,-7.949518890E0,3.982019348E0,7.163653107E0,1.141793565E1
2.951100125E1,-8.138875122E0,3.062780914E0,7.243437195E0,1.131765424E1
2.952100425E1,-8.350534973E0,1.959724731E0,7.561675415E0,1.143463556E1
2.953100725E1,-8.327782288E0,1.499431915E0,8.287516022E0,1.184411988E1
2.954100925E1,-8.116421814E0,1.668729858E0,9.163045349E0,1.235404235E1
2.955101225E1,-8.347092133E0,2.169438629E0,9.808952179E0,1.306123860E1
2.956101425E1,-9.169182587E0,3.251837769E0,1.003138962E1,1.397415958E1
2.957101725E1,-9.980944519E0,4.677622833E0,9.711055756E0,1.469026932E1
2.958102025E1,-1.050560349E1,6.041586456E0,8.789422302E0,1.497071862E1
2.959102225E1,-1.050350784E1,6.819219360E0,7.416627045E0,1.455444215E1
2.960102525E1,-1.047865952E1,6.306385803E0,5.878276062E0,1.356933810E1
2.961102725E1,-1.120914047E1,4.491410065E0,4.737797699E0,1.297167381E1
2.962103025E1,-1.260513748E1,2.693798218E0,4.523742828E0,1.366053765E1
2.963103225E1,-1.367301682E1,1.329834595E0,4.780758362E0,1.454563506E1
2.964103525E1,-1.428584244E1,3.824546814E-1,4.751868439E0,1.506027289E1
2.965103825E1,-1.411040726E1,3.779640198E-1,4.327201538E0,1.476384513E1
2.966104025E1,-1.298564621E1,1.757345581E0,4.582420807E0,1.388214146E1
2.967104325E1,-1.142244690E1,3.770209808E0,5.451513519E0,1.320627786E1
2.968104525E1,-1.032642609E1,4.877756653E0,6.523733826E0,1.315244041E1
2.969104825E1,-9.382638702E0,5.179529114E0,7.289541321E0,1.296143678E1
2.970105125E1,-8.675060120E0,4.874164124E0,7.511978760E0,1.246771707E1
2.971105325E1,-8.001311188E0,4.111051025E0,7.294780426E0,1.158168998E1
2.972105625E1,-7.226073303E0,3.107986908E0,6.804250488E0,1.040065107E1
2.973105825E1,-6.594686279E0,2.100581818E0,6.798712006E0,9.701794475E0
2.974106125E1,-5.915548553E0,1.471290436E0,6.713838501E0,9.068298498E0
2.975106325E1,-5.125341797E0,1.233584747E0,6.279142456E0,8.198688300E0
2.976106625E1,-4.295168152E0,1.290466461E0,5.973328400E0,7.469566608E0
2.977106925E1,-3.679648132E0,1.459315338E0,5.617817688E0,6.872356743E0
2.978107125E1,-3.457510071E0,1.802401886E0,4.871170349E0,6.239497497E0
2.979107425E1,-3.595972137E0,2.219883728E0,4.051474915E0,5.854344401E0
2.980107625E1,-4.024980011E0,2.536175995E0,3.740421753E0,6.051727659E0
2.981107925E1,-4.301904144E0,2.727178802E0,3.530109100E0,6.197221454E0
2.982108225E1,-4.395010529E0,2.866688690E0,3.374732208E0,6.238817121E0
2.983108425E1,-4.389771423E0,2.824626160E0,3.316802673E0,6.184641143E0
2.984108725E1,-4.321513367E0,2.653681641E0,3.160827026E0,5.975644862E0
2.985108925E1,-4.279301147E0,2.418969727E0,3.291954346E0,5.916147079E0
2.986109225E1,-4.130211182E0,2.291285248E0,3.576961670E0,5.924802721E0
2.987109425E1,-4.096680908E0,2.132315826E0,3.510050812E0,5.800863897E0
2.988109725E1,-4.035757599E0,1.975741425E0,3.837420044E0,5.909034284E0
2.989110025E1,-4.005221100E0,1.851799164E0,4.208498383E0,6.097738502E0
2.990110225E1,-4.109703827E0,1.760339355E0,4.509522400E0,6.350137988E0
2.991110525E1,-4.249213715E0,1.755549316E0,4.856500854E0,6.687553450E0
2.992110725E1,-4.353696442E0,1.914668427E0,5.203329620E0,7.049487005E0
2.993111025E1,-4.504432983E0,2.104174347E0,5.507946167E0,7.419901425E0
2.994111325E1,-4.630770264E0,2.281854858E0,5.745651855E0,7.724209349E0
2.995111525E1,-4.838987274E0,2.417622528E0,6.019282837E0,8.092741340E0
2.996111825E1,-5.324577484E0,2.479743347E0,6.368806000E0,8.663829541E0
2.997112025E1,-5.880521393E0,2.548151093E0,6.810986481E0,9.352173153E0
2.998112325E1,-6.440806274E0,2.612966309E0,7.256460114E0,1.004827307E1
2.999112525E1,-6.912625122E0,2.726280670E0,7.490124207E0,1.055077973E1
3.000112825E1,-7.358398132E0,2.613714752E0,7.485783234E0,1.081732307E1
3.001113125E1,-7.938741302E0,2.112257538E0,7.306755524E0,1.099426767E1
3.002113325E1,-8.942104797E0,1.149759064E0,7.396269379E0,1.166138863E1
3.003113625E1,-9.876910858E0,3.999682617E-1,7.891888733E0,1.264892290E1
3.004113825E1,-9.744885406E0,4.549040222E-1,8.775650940E0,1.312180547E1
3.005114125E1,-8.318501587E0,1.495989075E0,9.568252716E0,1.276663276E1
3.006114425E1,-7.623646545E0,2.600991211E0,9.325457611E0,1.232271486E1
3.007114625E1,-7.757468262E0,3.379971313E0,8.858279114E0,1.225037260E1
3.008114925E1,-7.872129822E0,4.013453979E0,8.651409302E0,1.236628981E1
3.009115125E1,-7.993078308E0,4.247866516E0,8.729097748E0,1.257500768E1
3.010115425E1,-8.095166016E0,3.898942108E0,9.071435852E0,1.276810130E1
3.011115725E1,-8.333320770E0,2.691253510E0,9.222920837E0,1.271807176E1
3.012115925E1,-8.597371674E0,1.125659180E0,9.076824646E0,1.255271500E1
3.013116225E1,-8.835077362E0,-2.113604736E-1,8.831484833E0,1.249393411E1
3.014116425E1,-9.176816711E0,-9.029223633E-1,8.784632263E0,1.273573703E1
3.015116725E1,-9.986333313E0,-4.508624268E-1,8.359067230E0,1.303089156E1
3.016116925E1,-1.096649506E1,1.212927704E0,7.258406067E0,1.320680378E1
3.017117225E1,-1.233300339E1,3.410058746E0,6.168821869E0,1.420513416E1
3.018117525E1,-1.404454422E1,5.076094208E0,4.506528625E0,1.559887031E1
3.019117725E1,-1.544428345E1,5.990243225E0,3.867058411E0,1.701067447E1
3.020118025E1,-1.580518295E1,6.014193420E0,3.391197968E0,1.724745066E1
3.021118225E1,-1.492665985E1,5.206323395E0,3.593726807E0,1.621190458E1
3.022118525E1,-1.256142838E1,4.067192230E0,5.765261078E0,1.440728187E1
3.023118825E1,-1.045081741E1,2.962190094E0,6.597979431E0,1.270934646E1
3.024119025E1,-9.320517883E0,1.907034302E0,6.686595154E0,1.162838717E1
3.025119325E1,-8.406817932E0,1.340312805E0,6.651418304E0,1.080335094E1
3.026119525E1,-7.804919586E0,9.024732971E-1,6.580615540E0,1.024869400E1
3.027119825E1,-7.412585449E0,5.363346863E-1,6.644532623E0,9.969146991E0
3.028120025E1,-6.887327728E0,4.939727783E-1,6.608906708E0,9.558082455E0
3.029120325E1,-6.513405304E0,5.007087708E-1,6.490203552E0,9.208577527E0
3.030120625E1,-6.213728485E0,4.969665527E-1,6.207591248E0,8.797248805E0
3.031120825E1,-5.844446411E0,4.799020386E-1,5.917195129E0,8.330729741E0
3.032121125E1,-5.577102356E0,3.405418396E-1,5.691165161E0,7.975550158E0
3.033121325E1,-5.420228577E0,9.834548950E-2,5.444029083E0,7.682838168E0
3.034121625E1,-5.201084290E0,-1.466949463E-1,5.164111176E0,7.330814513E0
3.035121937E1,-4.977000275E0,-1.606159973E-1,4.795876923E0,6.913520427E0
3.036122138E1,-4.858596497E0,-1.278341675E-1,4.419110413E0,6.568929770E0
3.037122437E1,-4.711003418E0,-3.742218018E-3,4.013903046E0,6.189102105E0
3.038122638E1,-4.634063416E0,1.856140137E-1,3.708388367E0,5.938109175E0
3.039122937E1,-4.663701782E0,3.418890381E-1,3.586092682E0,5.892967262E0
3.040123237E1,-4.715643768E0,3.974235535E-1,3.551514587E0,5.916797909E0
3.041123438E1,-4.719685364E0,4.544549561E-1,3.471580811E0,5.876549376E0
3.042123737E1,-4.657265167E0,5.671705627E-1,3.608995056E0,5.919176176E0
3.043123938E1,-4.712200928E0,6.496490479E-1,3.910468140E0,6.157811506E0
3.044124237E1,-4.813839569E0,6.707551575E-1,4.247417450E0,6.454728412E0
3.045124437E1,-4.897365875E0,6.626719666E-1,4.462520142E0,6.658634444E0
3.046124738E1,-4.909490662E0,6.936575317E-1,4.718487854E0,6.844588151E0
3.047125037E1,-4.981191559E0,7.108717346E-1,5.128485260E0,7.184634231E0
3.048125238E1,-5.067412262E0,7.041357422E-1,5.542075195E0,7.542484448E0
3.049125537E1,-5.054988098E0,6.641688538E-1,5.838009796E0,7.750895646E0
3.050125737E1,-4.996160431E0,6.083349609E-1,6.105952606E0,7.912922829E0
3.051126038E1,-4.935087433E0,5.870791626E-1,6.385122070E0,8.091324599E0
3.052126337E1,-4.915178833E0,5.807922363E-1,6.747817841E0,8.368353971E0
3.053126538E1,-4.967120819E0,6.123765564E-1,7.055428162E0,8.650223166E0
3.054126837E1,-5.136568451E0,6.631210327E-1,7.304959259E0,8.954691214E0
3.055127037E1,-5.564229126E0,7.406597900E-1,7.581284637E0,9.433191371E0
3.056127338E1,-6.198759613E0,9.337582397E-1,7.829767914E0,1.003004441E1
3.057127537E1,-6.944957886E0,1.270408173E0,8.039631500E0,1.069962857E1
3.058127838E1,-7.620203705E0,1.867366791E0,8.189170532E0,1.134094693E1
3.059128137E1,-8.091573486E0,2.615361328E0,8.249495087E0,1.184769368E1
3.060128337E1,-8.405770111E0,3.252735901E0,7.952662354E0,1.202007074E1
3.061128638E1,-8.454119568E0,3.566184082E0,7.693700867E0,1.197425737E1
3.062128837E1,-8.597671051E0,3.344495087E0,7.802225189E0,1.208223128E1
3.063129138E1,-8.798104248E0,2.681523743E0,8.370293884E0,1.243619828E1
3.064129437E1,-8.805888062E0,2.231260071E0,9.107810211E0,1.286368504E1
3.065129637E1,-8.784482574E0,2.331850891E0,9.852511597E0,1.340435181E1
3.066129938E1,-9.247170410E0,2.871927795E0,1.046623535E1,1.425833834E1
3.067130137E1,-1.013647110E1,4.049229584E0,1.071456894E1,1.529530301E1
3.068130438E1,-1.054437286E1,5.450765076E0,1.000489471E1,1.552393498E1
3.069130637E1,-1.039648041E1,6.439459076E0,8.255782013E0,1.475504574E1
3.070130937E1,-9.790839844E0,6.598727875E0,6.257587280E0,1.336267761E1
3.071131238E1,-9.627679138E0,5.612428894E0,4.524790649E0,1.202768864E1
3.072131437E1,-1.093266541E1,3.898493042E0,3.623814240E0,1.215950042E1
3.073131738E1,-1.281051041E1,2.517913971E0,4.155658264E0,1.370104241E1
3.074131937E1,-1.386581589E1,1.273551636E0,3.919150085E0,1.446521764E1
3.075132237E1,-1.429811691E1,7.273374939E-1,3.866160278E0,1.482944242E1
3.076132538E1,-1.372286316E1,1.307231598E0,3.791764984E0,1.429696854E1
3.077132737E1,-1.217074081E1,2.848726044E0,4.557572479E0,1.330464727E1
3.078133038E1,-1.073552536E1,4.285737762E0,5.801336060E0,1.293346640E1
3.079133237E1,-9.772577820E0,4.868775330E0,6.871460724E0,1.290059002E1
3.080133537E1,-8.859925690E0,4.850812683E0,7.531587982E0,1.259974144E1
3.081133838E1,-8.312364349E0,4.212839355E0,7.295678558E0,1.183513169E1
3.082134037E1,-7.709717560E0,3.305875397E0,7.028783569E0,1.094405571E1
3.083134338E1,-7.081324310E0,2.443368988E0,6.871311035E0,1.016514247E1
3.084134537E1,-6.526577911E0,1.623673553E0,6.890620880E0,9.628768932E0
3.085134837E1,-5.805677032E0,1.175206146E0,6.684798889E0,8.931602963E0
3.086135038E1,-5.029690704E0,1.105750580E0,6.243815918E0,8.093559794E0
3.087135337E1,-4.166585541E0,1.425186310E0,6.012097778E0,7.452309091E0
3.088135638E1,-3.731590118E0,1.737287292E0,5.774990845E0,7.091787589E0
3.089135837E1,-3.770958252E0,2.097138977E0,4.923860779E0,6.546947609E0
3.090136137E1,-4.176315308E0,2.461331635E0,4.261488190E0,6.454459277E0
3.091136338E1,-4.590354309E0,2.662064209E0,4.020788727E0,6.657678313E0
3.092136637E1,-4.716541901E0,2.833308105E0,3.862118683E0,6.722303403E0
3.093136938E1,-4.640050964E0,2.974165192E0,3.852538605E0,6.724417093E0
3.094137137E1,-4.465663605E0,3.048261108E0,3.710184631E0,6.557401712E0
3.095137437E1,-4.287983093E0,2.962639160E0,3.494034119E0,6.274735391E0
3.096137638E1,-4.192032623E0,2.700833588E0,3.481310577E0,6.081707237E0
3.097137937E1,-4.114493866E0,2.387535095E0,3.670517120E0,6.008500606E0
3.098138238E1,-4.002676392E0,2.242636414E0,3.920347595E0,6.034895330E0
3.099138437E1,-3.919898529E0,2.088906097E0,4.203708344E0,6.115578223E0
3.100138737E1,-3.896996155E0,1.838027802E0,4.352349243E0,6.124366838E0
3.101138938E1,-3.956572266E0,1.694027252E0,4.653972015E0,6.339057339E0
3.102139237E1,-4.077520752E0,1.667682037E0,4.929399261E0,6.611075248E0
3.103139438E1,-4.157604218E0,1.776056671E0,5.281018066E0,6.951920738E0
3.104139737E1,-4.210444336E0,1.987417145E0,5.679788818E0,7.344226946E0
3.105140037E1,-4.256398773E0,2.124232635E0,5.963898010E0,7.628720357E0
3.106140238E1,-4.393663330E0,2.168690186E0,6.143823853E0,7.858375539E0
3.107140537E1,-4.756209412E0,2.197280731E0,6.323600006E0,8.212033099E0
3.108140738E1,-5.342839508E0,2.277364197E0,6.628964996E0,8.813370446E0
3.109141037E1,-5.920787659E0,2.520308990E0,6.931036835E0,9.457640060E0
3.110141337E1,-6.483168182E0,2.775677948E0,7.090006256E0,1.000020232E1
3.111141538E1,-7.091503143E0,2.729124756E0,7.103627930E0,1.040187813E1
3.112141837E1,-7.867040405E0,2.063459015E0,7.080875244E0,1.078364419E1
3.113142038E1,-9.098679199E0,1.166075134E0,7.429500275E0,1.180437075E1
3.114142337E1,-1.024783951E1,5.860313416E-1,8.120313721E0,1.308820623E1
3.115142537E1,-1.028571075E1,6.556365967E-1,9.193282471E0,1.381094304E1
3.116142838E1,-9.039103088E0,1.352138214E0,9.738897858E0,1.335588986E1
3.117143137E1,-8.013735352E0,2.286495209E0,9.179810486E0,1.239826339E1
3.118143338E1,-7.645800476E0,3.077600098E0,8.506211243E0,1.184421872E1
3.119143637E1,-7.663014679E0,3.657643890E0,8.415649567E0,1.195505376E1
3.120143837E1,-7.591164093E0,3.992497559E0,8.879834290E0,1.234573878E1
3.121144138E1,-7.438930664E0,3.781586151E0,9.451196136E0,1.260806058E1
3.122144437E1,-7.751630402E0,2.627486115E0,9.754315796E0,1.273334731E1
3.123144638E1,-8.497229919E0,9.357041931E-1,9.843081207E0,1.303705129E1
3.124144937E1,-9.658215637E0,-7.830216980E-1,1.003198837E1,1.394758198E1
3.125145137E1,-1.057251434E1,-1.851948853E0,1.036444702E1,1.492077532E1
3.126145438E1,-1.052356613E1,-1.446741486E0,9.627529449E0,1.433624178E1
3.127145737E1,-1.068403244E1,5.674699402E-1,7.893834686E0,1.329598426E1
3.128145938E1,-1.208901077E1,2.990331573E0,6.387666779E0,1.399601912E1
3.129146237E1,-1.438433762E1,5.064867554E0,5.808221741E0,1.631862408E1
3.130146437E1,-1.577749054E1,6.309529266E0,4.300856323E0,1.752816968E1
3.131146738E1,-1.566357742E1,6.283483429E0,3.593876495E0,1.725531135E1
3.132146937E1,-1.453672073E1,5.357808380E0,3.222199402E0,1.582418811E1
3.133147238E1,-1.221430023E1,4.139791260E0,4.868326263E0,1.378504996E1
3.134147537E1,-1.007075775E1,3.132086792E0,6.353388062E0,1.231241931E1
3.135147687E1,-9.081764374E0,2.374362488E0,6.635401611E0,1.149541630E1
3.136147987E1,-8.102800140E0,1.906585236E0,6.682703247E0,1.067468782E1
3.137148188E1,-7.169790344E0,1.539249115E0,6.685697021E0,9.923392871E0
3.138148487E1,-6.758595428E0,1.223705292E0,6.763235779E0,9.639368496E0
3.139148788E1,-6.309828644E0,1.060694275E0,6.843768311E0,9.368893987E0
3.140148987E1,-5.911506958E0,8.982820129E-1,6.764732666E0,9.028534384E0
3.141149287E1,-5.801485748E0,7.044351196E-1,6.449338531E0,8.703300134E0
3.142149488E1,-5.646707611E0,5.195695496E-1,6.092330933E0,8.322965550E0
3.143149787E1,-5.419031067E0,2.881507874E-1,5.834117889E0,7.967801461E0
3.144149987E1,-5.179978180E0,4.161346436E-2,5.608087921E0,7.634432248E0
3.145150287E1,-4.956043854E0,-2.104623413E-1,5.224585419E0,7.204370748E0
3.146150587E1,-4.663701782E0,-3.043171692E-1,4.785847778E0,6.689324496E0
3.147150788E1,-4.463867340E0,-3.746708679E-1,4.288731537E0,6.201589158E0
3.148151087E1,-4.421355743E0,-3.300636292E-1,3.916156311E0,5.915539609E0
3.149151287E1,-4.523293762E0,-2.639012146E-1,3.606600037E0,5.791147912E0
3.150151587E1,-4.642146606E0,-1.848655701E-1,3.284769287E0,5.689763586E0
3.151151887E1,-4.721331940E0,-6.900650024E-2,3.171005859E0,5.687795297E0
3.152152088E1,-4.815785522E0,8.921447754E-2,3.322790222E0,5.851554006E0
3.153152387E1,-4.966671753E0,2.290237427E-1,3.506907349E0,6.084297768E0
3.154152587E1,-5.055287476E0,3.453318787E-1,3.752995605E0,6.305565921E0
3.155152887E1,-4.989125061E0,4.486170959E-1,4.090094604E0,6.466954465E0
3.156153187E1,-4.991819458E0,4.508624268E-1,4.397555237E0,6.667835518E0
3.157153388E1,-5.031936035E0,3.668870544E-1,4.754712524E0,6.932696269E0
3.158153687E1,-5.087021484E0,3.079096985E-1,5.201832733E0,7.282283965E0
3.159153887E1,-5.145250397E0,2.688409424E-1,5.680088196E0,7.668720820E0
3.160154187E1,-5.223387909E0,2.154020691E-1,6.095773773E0,8.030481753E0
3.161154487E1,-5.219046936E0,2.282752991E-1,6.463558960E0,8.310725297E0
3.162154688E1,-5.223537598E0,2.151026917E-1,6.820865936E0,8.593941257E0
3.163154987E1,-5.230273590E0,1.938468933E-1,7.134014740E0,8.848022647E0
3.164155188E1,-5.301525421E0,2.047741699E-1,7.390880585E0,9.097978900E0
3.165155487E1,-5.571563873E0,2.577639771E-1,7.597600708E0,9.425089006E0
3.166155687E1,-6.049519958E0,4.326004028E-1,7.821684723E0,9.897605101E0
3.167155988E1,-6.668033752E0,7.430548096E-1,8.031398621E0,1.046509285E1
3.168156287E1,-7.340435486E0,1.262774048E0,8.090825043E0,1.099718333E1
3.169156488E1,-7.919281769E0,1.962568817E0,8.258177032E0,1.160879787E1
3.170156787E1,-8.329129486E0,2.822081451E0,8.346493378E0,1.212445848E1
3.171156987E1,-8.558602295E0,3.513793030E0,8.149203644E0,1.232906869E1
3.172157288E1,-8.431366882E0,3.844754791E0,7.963889008E0,1.221857664E1
3.173157587E1,-8.161627808E0,3.499871979E0,7.679779816E0,1.174054046E1
3.174157788E1,-7.989036713E0,2.431693268E0,7.707172852E0,1.136390572E1
3.175158087E1,-7.592511292E0,1.592538300E0,8.009244690E0,1.115035454E1
3.176158287E1,-7.047045593E0,1.444047089E0,8.738677826E0,1.131859593E1
3.177158588E1,-6.809938660E0,1.826950836E0,9.547146606E0,1.186848862E1
3.178158887E1,-7.212751007E0,2.523751831E0,9.910291443E0,1.251427093E1
3.179159088E1,-7.904761963E0,3.551813965E0,9.709109802E0,1.301412530E1
3.180159387E1,-8.591533813E0,4.734803925E0,9.097930756E0,1.337928120E1
3.181159587E1,-9.283544769E0,5.783972168E0,8.222551117E0,1.368389142E1
3.182159888E1,-9.639803925E0,6.494544525E0,7.630083160E0,1.390406765E1
3.183160087E1,-1.008063721E1,6.181096344E0,6.145021362E0,1.332615796E1
3.184160388E1,-1.155716675E1,4.539310455E0,4.648134155E0,1.325815197E1
3.185160687E1,-1.354054230E1,2.755619659E0,4.459975433E0,1.452002432E1
3.186160887E1,-1.550026703E1,1.202599182E0,4.617597656E0,1.621809887E1
3.187161188E1,-1.665691177E1,3.324586487E-1,4.943170624E0,1.737809467E1
3.188161387E1,-1.622820328E1,4.929249573E-1,4.778662720E0,1.692433674E1
3.189161688E1,-1.431054108E1,1.817071381E0,5.172793121E0,1.532485311E1
3.190161987E1,-1.185968765E1,3.740272064E0,6.138584747E0,1.386809464E1
3.191162187E1,-9.973909149E0,4.651127930E0,6.961723022E0,1.302219038E1
3.192162488E1,-8.801397400E0,4.713997192E0,7.466623077E0,1.246743061E1
3.193162687E1,-7.831264801E0,4.258644104E0,7.396868134E0,1.158354074E1
3.194162988E1,-7.046895905E0,3.467389526E0,6.850504303E0,1.042165732E1
3.195163287E1,-6.340365143E0,2.584226074E0,6.425238647E0,9.389469965E0
3.196163487E1,-5.727539520E0,1.722019043E0,6.350543976E0,8.723500864E0
3.197163788E1,-5.117108917E0,1.260528717E0,6.183641052E0,8.124724794E0
3.198163987E1,-4.457281036E0,1.169068909E0,6.138435059E0,7.675575634E0
3.199164288E1,-3.786525879E0,1.357976074E0,6.049220581E0,7.264636735E0
3.200164487E1,-3.364553375E0,1.641636200E0,5.774092712E0,6.881521306E0
3.201164787E1,-3.359463959E0,2.081271973E0,5.071902924E0,6.429765966E0
3.202165088E1,-3.774401093E0,2.501897278E0,4.560865631E0,6.427059118E0
3.203165287E1,-4.303550720E0,2.717449036E0,4.240382080E0,6.624644764E0
3.204165588E1,-4.477788391E0,2.844235382E0,4.007017365E0,6.648041211E0
3.205165787E1,-4.538412323E0,2.908751221E0,3.907174988E0,6.657629943E0
3.206166087E1,-4.635410614E0,2.832709351E0,3.762126617E0,6.607939960E0
3.207166388E1,-4.646487579E0,2.664309540E0,3.648512878E0,6.480743659E0
3.208166587E1,-4.612059174E0,2.463127899E0,3.689677277E0,6.399359911E0
3.209166888E1,-4.528233490E0,2.230960693E0,3.838467865E0,6.341602298E0
3.210167087E1,-4.413122864E0,2.003733215E0,3.990850983E0,6.278335112E0
3.211167387E1,-4.278103638E0,1.827998657E0,4.181255035E0,6.255129375E0
3.212167688E1,-4.245321808E0,1.613494720E0,4.370012512E0,6.302628961E0
3.213167887E1,-4.261039124E0,1.551074524E0,4.660109253E0,6.502223069E0
3.214168188E1,-4.343218231E0,1.608255615E0,5.000501404E0,6.815793792E0
3.215168387E1,-4.450694733E0,1.761836243E0,5.317991180E0,7.154982931E0
3.216168687E1,-4.541256409E0,1.962419128E0,5.589825897E0,7.464599933E0
3.217168988E1,-4.716841278E0,2.121987305E0,5.805377655E0,7.775206202E0
3.218169187E1,-4.931345215E0,2.262844391E0,6.108048248E0,8.169876607E0
3.219169488E1,-5.252427521E0,2.405348053E0,6.496041412E0,8.693230018E0
3.220169687E1,-5.742059326E0,2.500699768E0,6.856791229E0,9.286567213E0
3.221169987E1,-6.227948914E0,2.629581757E0,7.275021515E0,9.931162365E0
3.222170188E1,-6.564299469E0,2.756667480E0,7.506440277E0,1.034581504E1
3.223170487E1,-6.857988739E0,2.679278412E0,7.458090820E0,1.048015558E1
3.224170788E1,-7.396269379E0,2.146536255E0,7.285200348E0,1.060125288E1
3.225170987E1,-8.423882446E0,1.234931946E0,7.307354279E0,1.121981635E1
3.226171287E1,-9.544901276E0,4.893324280E-1,7.716603241E0,1.228375155E1
3.227171488E1,-9.936936035E0,2.505789185E-1,8.380921783E0,1.300174363E1
3.228171787E1,-8.859177246E0,8.113128662E-1,9.138346710E0,1.275353405E1
3.229172088E1,-7.551646271E0,1.816322937E0,9.047485657E0,1.192406756E1
3.230172287E1,-7.306905212E0,2.740501099E0,8.432564392E0,1.148953229E1
3.231172587E1,-7.285499725E0,3.508104858E0,8.084687805E0,1.143448656E1
3.232172788E1,-7.304510193E0,3.899840240E0,8.100105743E0,1.158345096E1
3.233173087E1,-7.143894196E0,3.995940399E0,8.680299225E0,1.193106695E1
3.234173388E1,-7.114854584E0,3.640429688E0,9.112899628E0,1.212100754E1
3.235173621E1,-7.796986084E0,2.398312683E0,9.199120331E0,1.229506855E1
3.236173921E1,-8.749006348E0,8.412506104E-1,9.382489014E0,1.285627920E1
3.237174121E1,-9.500743103E0,-4.757107544E-1,9.371262360E0,1.335331339E1
3.238174421E1,-9.883347473E0,-1.215023346E0,9.264234924E0,1.360084143E1
3.239174621E1,-1.062670166E1,-1.030457153E0,8.500373383E0,1.364716006E1
3.240174921E1,-1.183708466E1,4.376898193E-1,7.002588043E0,1.376024654E1
3.241175221E1,-1.342258759E1,2.607876892E0,5.376669159E0,1.469270059E1
3.242175421E1,-1.506347534E1,4.714446259E0,4.731810150E0,1.647799503E1
3.243175721E1,-1.574934906E1,6.027066650E0,3.830384674E0,1.729275499E1
3.244175921E1,-1.559591812E1,6.072272644E0,2.498454437E0,1.692180344E1
3.245176221E1,-1.392374542E1,5.232369232E0,3.676654358E0,1.532208085E1
3.246176521E1,-1.131062943E1,3.864364014E0,5.634133759E0,1.321389838E1
3.247176721E1,-9.809850311E0,2.653681641E0,6.726562042E0,1.218695312E1
3.248177021E1,-9.110654297E0,1.797013092E0,7.161557465E0,1.172694261E1
3.249177221E1,-8.255183258E0,1.259181519E0,7.173532562E0,1.100877641E1
3.250177521E1,-7.664361877E0,7.280859375E-1,7.156318359E0,1.051120567E1
3.251177821E1,-7.217990112E0,4.927752686E-1,7.033573608E0,1.009026097E1
3.252178021E1,-6.474635925E0,5.565426636E-1,6.987918549E0,9.542623106E0
3.253178321E1,-5.922434235E0,6.436614990E-1,6.775959320E0,9.022369539E0
3.254178521E1,-5.552104340E0,7.719447327E-1,6.210585022E0,8.366189550E0
3.255178821E1,-5.227878571E0,8.360115051E-1,5.876779175E0,7.909877563E0
3.256179121E1,-5.127886505E0,7.541317749E-1,5.536985779E0,7.584335584E0
3.257179321E1,-5.101391602E0,4.635859680E-1,5.105433197E0,7.232188905E0
3.258179621E1,-5.152435455E0,1.998344421E-1,4.896018677E0,7.110451730E0
3.259179821E1,-5.065765686E0,1.375639343E-1,4.666396179E0,6.888843090E0
3.260180121E1,-5.047353973E0,9.071136475E-2,4.335135040E0,6.654127028E0
3.261180421E1,-5.073100433E0,1.631607056E-1,4.027375031E0,6.479407308E0
3.262180621E1,-5.088967438E0,2.200424194E-1,3.618275757E0,6.248033907E0
3.263180921E1,-5.054688721E0,2.897973633E-1,3.401526489E0,6.099528099E0
3.264181121E1,-4.995262299E0,3.915856934E-1,3.449426880E0,6.083134931E0
3.265181421E1,-4.942122803E0,5.099894714E-1,3.567531281E0,6.116530593E0
3.266181621E1,-4.975204010E0,6.060896301E-1,3.779490509E0,6.277304206E0
3.267181921E1,-4.963079224E0,6.596781921E-1,4.066294098E0,6.449967317E0
3.268182221E1,-5.010680237E0,6.469546509E-1,4.316274261E0,6.644974812E0
3.269182421E1,-5.057383118E0,6.523434448E-1,4.578229523E0,6.852945464E0
3.270182721E1,-5.056185608E0,6.813830566E-1,4.944368134E0,7.104651435E0
3.271182921E1,-5.103487244E0,6.301895142E-1,5.305866394E0,7.388838817E0
3.272183221E1,-5.150639191E0,5.668711853E-1,5.641767883E0,7.660285364E0
3.273183521E1,-5.154231720E0,5.057981873E-1,5.856720886E0,7.818127395E0
3.274183721E1,-5.145549774E0,4.791535950E-1,6.152056732E0,8.034554915E0
3.275184021E1,-5.162314911E0,5.083428955E-1,6.448440399E0,8.275886135E0
3.276184221E1,-5.226082306E0,5.803431702E-1,6.837631073E0,8.625655520E0
3.277184521E1,-5.330714722E0,7.093748474E-1,7.213649139E0,8.997581121E0
3.278184821E1,-5.609734497E0,8.348139954E-1,7.514224091E0,9.414329462E0
3.279185021E1,-5.962850189E0,1.018931122E0,7.801776123E0,9.872259806E0
3.280185321E1,-6.361920319E0,1.330433350E0,8.040230255E0,1.033873230E1
3.281185521E1,-6.832990723E0,1.742825775E0,8.233777771E0,1.084077028E1
3.282185821E1,-7.386389923E0,2.262994080E0,8.486003265E0,1.147572001E1
3.283186121E1,-7.913593597E0,2.852318573E0,8.667725372E0,1.207849941E1
3.284186321E1,-8.213270416E0,3.428021393E0,8.560248871E0,1.234856276E1
3.285186621E1,-8.316855011E0,3.629352722E0,8.123307495E0,1.217909697E1
3.286186821E1,-8.465346222E0,3.236569519E0,7.867788849E0,1.200164865E1
3.287187121E1,-8.706794128E0,2.288890228E0,7.981552277E0,1.203131162E1
3.288187321E1,-8.807235260E0,1.533411255E0,8.301287384E0,1.219959488E1
3.289187621E1,-8.646918640E0,1.395847321E0,8.833580475E0,1.243984468E1
3.290187921E1,-8.465495911E0,1.764680328E0,9.519454193E0,1.286074359E1
3.291188121E1,-8.737031250E0,2.462080078E0,9.698332214E0,1.328364412E1
3.292188421E1,-9.216633911E0,3.442840576E0,9.367969208E0,1.358522502E1
3.293188621E1,-9.463769989E0,4.515060883E0,8.780740356E0,1.367662672E1
3.294188921E1,-9.548044739E0,5.413043518E0,7.938292236E0,1.354557795E1
3.295189221E1,-9.405541077E0,5.782325592E0,6.927444305E0,1.303414657E1
3.296189421E1,-9.193132782E0,5.132377167E0,5.824088745E0,1.203224815E1
3.297189721E1,-9.520052948E0,3.673211517E0,4.978048096E0,1.135362734E1
3.298189921E1,-1.041534119E1,2.301464081E0,4.453688507E0,1.155904020E1
3.299190221E1,-1.143846359E1,1.230441284E0,4.096531219E0,1.221204336E1
3.300190521E1,-1.228749802E1,3.141966248E-1,3.805087280E0,1.286701272E1
3.301190721E1,-1.283041901E1,-1.496887207E-2,3.776347046E0,1.337462796E1
3.302191021E1,-1.288221130E1,6.423143005E-1,3.656596069E0,1.340651448E1
3.303191221E1,-1.264076340E1,2.077380066E0,4.098626862E0,1.345002414E1
3.304191521E1,-1.160087585E1,3.489244080E0,5.457501068E0,1.328681537E1
3.305191821E1,-1.062116318E1,4.089346161E0,6.488407288E0,1.310081251E1
3.306192021E1,-9.495803375E0,4.052373047E0,7.051536255E0,1.250264662E1
3.307192321E1,-8.644523621E0,3.528612213E0,7.158114624E0,1.176509659E1
3.308192521E1,-7.920628967E0,2.838397522E0,6.941365356E0,1.090758528E1
3.309192821E1,-7.224127350E0,2.257754974E0,6.633755035E0,1.006440159E1
3.310193121E1,-6.642287292E0,1.798809357E0,6.557862854E0,9.505854027E0
3.311193321E1,-6.052663422E0,1.559457092E0,6.608008575E0,9.095736268E0
3.312193621E1,-5.420677643E0,1.611698456E0,6.247707825E0,8.427049963E0
3.313193821E1,-4.724475403E0,1.840871887E0,5.932762756E0,7.804303368E0
3.314194121E1,-4.269272003E0,2.108515320E0,5.722150726E0,7.444160747E0
3.315194321E1,-3.972139893E0,2.454745331E0,5.284460907E0,7.051893153E0
3.316194621E1,-4.066443787E0,2.696642303E0,4.561165009E0,6.679226828E0
3.317194921E1,-4.464166718E0,2.756517792E0,4.295317841E0,6.780629039E0
3.318195121E1,-4.624034271E0,2.656974792E0,4.074526978E0,6.711406565E0
3.319195421E1,-4.598736877E0,2.664459229E0,4.013753357E0,6.660175663E0
3.320195621E1,-4.491859131E0,2.693049774E0,3.995940399E0,6.587628952E0
3.321195921E1,-4.351600800E0,2.659220123E0,3.945944366E0,6.448128265E0
3.322196221E1,-4.195475464E0,2.491269379E0,3.846850433E0,6.213428662E0
3.323196421E1,-3.993545380E0,2.305206299E0,3.823049927E0,5.989832345E0
3.324196721E1,-3.835025024E0,2.152374115E0,4.140240326E0,6.040010035E0
3.325196921E1,-3.728746033E0,2.037862244E0,4.317771149E0,6.058017596E0
3.326197221E1,-3.699556732E0,1.869013367E0,4.487817535E0,6.109045524E0
3.327197521E1,-3.792513428E0,1.714534607E0,4.859644318E0,6.398353688E0
3.328197721E1,-4.001029816E0,1.643133087E0,5.122497711E0,6.704335070E0
3.329198021E1,-4.211791534E0,1.728605347E0,5.518873444E0,7.154385261E0
3.330198221E1,-4.392316132E0,1.945055237E0,5.782325592E0,7.517377876E0
3.331198521E1,-4.581971741E0,2.116748199E0,5.980812836E0,7.825931903E0
3.332198821E1,-4.925657043E0,2.262994080E0,6.197562103E0,8.233651410E0
3.333199021E1,-5.370382233E0,2.381996613E0,6.474635925E0,8.742758349E0
3.334199321E1,-5.899082794E0,2.519560547E0,6.844367065E0,9.380443683E0
3.335199563E1,-6.417754211E0,2.739902344E0,7.154821472E0,9.994303591E0
3.336199862E1,-6.918013916E0,2.892135773E0,7.354655914E0,1.050306286E1
3.337200163E1,-7.338489532E0,2.864443359E0,7.444469147E0,1.083875386E1
3.338200362E1,-7.935298462E0,2.388882294E0,7.421417084E0,1.112443939E1
3.339200662E1,-8.991202698E0,1.569486237E0,7.543862457E0,1.184123616E1
3.340200863E1,-1.010428802E1,8.831634521E-1,8.149952087E0,1.301146929E1
3.341201162E1,-1.001387604E1,8.149053955E-1,9.114695892E0,1.356537745E1
3.342201363E1,-8.706345062E0,1.382674713E0,9.599537659E0,1.303316374E1
3.343201662E1,-7.587421875E0,2.133064270E0,9.058263245E0,1.200712567E1
3.344201962E1,-7.076384583E0,2.918630676E0,8.339757385E0,1.132012266E1
3.345202163E1,-7.048392792E0,3.603456573E0,8.351433105E0,1.150700548E1
3.346202462E1,-7.227570190E0,4.042792969E0,8.654253387E0,1.197823224E1
3.347202663E1,-7.408244476E0,4.128564606E0,9.256600800E0,1.255435344E1
3.348202962E1,-7.912845154E0,3.439248047E0,9.547595673E0,1.286849364E1
3.349203262E1,-8.568182373E0,2.041454773E0,9.653275909E0,1.306778568E1
3.350203463E1,-9.158554688E0,6.129753113E-1,9.647587738E0,1.331656156E1
3.351203762E1,-9.712552643E0,-4.737648010E-1,9.188193054E0,1.337837896E1
3.352203963E1,-9.712253265E0,-4.662803650E-1,8.768465881E0,1.309317665E1
3.353204262E1,-1.028765671E1,6.036946106E-1,7.295977936E0,1.262662353E1
3.354204562E1,-1.146480881E1,2.411934357E0,5.508544922E0,1.294617069E1
3.355204763E1,-1.327813797E1,4.184548187E0,4.541256409E0,1.464385199E1
3.356205062E1,-1.452714066E1,5.428910522E0,3.980821838E0,1.601117821E1
3.357205263E1,-1.461725327E1,5.824837189E0,3.382066956E0,1.609444619E1
3.358205562E1,-1.396685577E1,5.344486084E0,2.781366119E0,1.521093650E1
3.359205862E1,-1.196342194E1,4.509672089E0,4.635560303E0,1.359959654E1
3.360206063E1,-1.015548157E1,3.713028717E0,6.295907593E0,1.251234752E1
3.361206362E1,-9.307944031E0,2.858156433E0,6.933431854E0,1.195321536E1
3.362206563E1,-8.620274048E0,2.201621704E0,7.185357971E0,1.143615460E1
3.363206862E1,-8.054450684E0,1.523831177E0,7.156318359E0,1.088159592E1
3.364207162E1,-7.656578064E0,1.110241241E0,7.290888519E0,1.063075156E1
3.365207363E1,-7.184310150E0,1.006357269E0,7.308252411E0,1.029745700E1
3.366207662E1,-6.936575317E0,8.541238403E-1,7.381749573E0,1.016542333E1
3.367207863E1,-6.768774261E0,6.361770630E-1,7.306156769E0,9.980027705E0
3.368208162E1,-6.408174133E0,5.140310669E-1,6.856641541E0,9.399066809E0
3.369208362E1,-6.008954315E0,3.957769775E-1,6.403982849E0,8.790629540E0
3.370208663E1,-5.713917847E0,1.657054138E-1,6.005511475E0,8.291108702E0
3.371208962E1,-5.462889862E0,-3.547622681E-2,5.444328461E0,7.712660799E0
3.372209163E1,-5.290897522E0,-1.118174744E-1,5.074747009E0,7.332063621E0
3.373209462E1,-5.120102692E0,-1.065783691E-1,4.730912018E0,6.971968090E0
3.374209662E1,-5.017715607E0,-3.697311401E-2,4.386927338E0,6.665130785E0
3.375209963E1,-4.897515564E0,8.666976929E-2,4.155957642E0,6.423795939E0
3.376210262E1,-4.887336731E0,1.148112488E-1,3.736380157E0,6.153030036E0
3.377210463E1,-4.956193542E0,9.370513916E-2,3.508104858E0,6.072844044E0
3.378210762E1,-4.828359375E0,2.264790344E-1,3.504512329E0,5.970423241E0
3.379210962E1,-4.742737427E0,3.517684937E-1,3.514691162E0,5.913573652E0
3.380211263E1,-4.729564819E0,4.273612976E-1,3.589834900E0,5.953010639E0
3.381211562E1,-4.691693573E0,5.117857361E-1,3.826792145E0,6.076039116E0
3.382211763E1,-4.722230072E0,5.111869812E-1,4.120182037E0,6.287819098E0
3.383212062E1,-4.791236572E0,5.363346863E-1,4.424948273E0,6.543987317E0
3.384212262E1,-4.829706573E0,5.316943359E-1,4.774022369E0,6.811758513E0
3.385212563E1,-4.902455292E0,4.236190796E-1,5.146747284E0,7.120570807E0
3.386212862E1,-4.932692413E0,3.339555359E-1,5.473517761E0,7.375796732E0
3.387213063E1,-4.979844360E0,2.529739380E-1,5.753735046E0,7.613692445E0
3.388213362E1,-5.003644867E0,2.125579834E-1,6.046526184E0,7.851249693E0
3.389213562E1,-5.046755219E0,1.981878662E-1,6.413562927E0,8.163504522E0
3.390213862E1,-5.098996582E0,2.404000854E-1,6.908134460E0,8.589521527E0
3.391214162E1,-5.315895538E0,3.025209045E-1,7.409591675E0,9.124270549E0
3.392214363E1,-5.688171387E0,4.480183411E-1,7.787406006E0,9.653999506E0
3.393214662E1,-6.181395721E0,7.132667542E-1,8.139473877E0,1.024545936E1
3.394214862E1,-6.767127686E0,1.145717468E0,8.531059570E0,1.094923116E1
3.395215162E1,-7.304210815E0,1.737137604E0,8.758736115E0,1.153622993E1
3.396215462E1,-7.887697449E0,2.390229492E0,8.852141876E0,1.209501484E1
3.397215663E1,-8.450826416E0,3.027304688E0,8.848998413E0,1.260499162E1
3.398215962E1,-8.736881561E0,3.544179840E0,8.715775452E0,1.283974501E1
3.399216162E1,-8.473728790E0,3.711082764E0,8.359965363E0,1.246856992E1
3.400216462E1,-7.952213287E0,3.074157257E0,7.809110870E0,1.156158949E1
3.401216662E1,-7.733667755E0,1.849254456E0,7.562872925E0,1.097389657E1
3.402216963E1,-7.390581207E0,9.717791748E-1,7.632927246E0,1.066895607E1
3.403217262E1,-6.889273682E0,7.827223206E-1,8.305179291E0,1.081899945E1
3.404217462E1,-6.432723083E0,1.106199646E0,8.981622620E0,1.110284418E1
3.405217762E1,-6.472540283E0,1.728006592E0,9.423653412E0,1.156222419E1
3.406218062E1,-7.268435211E0,2.643053741E0,9.499096527E0,1.224943747E1
3.407218263E1,-7.942483521E0,3.692371674E0,9.183702393E0,1.269082514E1
3.408218562E1,-8.562793579E0,4.564757538E0,8.706494751E0,1.303692817E1
3.409218762E1,-9.047635345E0,5.418132935E0,8.420289917E0,1.349507881E1
3.410219062E1,-9.498048706E0,6.007607117E0,7.932154999E0,1.375584804E1
3.411219262E1,-9.392218781E0,5.770350494E0,6.729555817E0,1.291501606E1
3.412219563E1,-1.001073257E1,4.439767456E0,5.384752350E0,1.220335444E1
3.413219862E1,-1.153186935E1,2.958298187E0,4.665647736E0,1.278686075E1
3.414220062E1,-1.309192520E1,1.814077606E0,4.463418274E0,1.395032207E1
3.415220362E1,-1.422297318E1,7.767347717E-1,4.110751648E0,1.482547004E1
3.416220562E1,-1.434032913E1,4.960684204E-1,3.788471832E0,1.484060788E1
3.417220863E1,-1.312410828E1,1.492845612E0,3.733985138E0,1.372637793E1
3.418221162E1,-1.127485382E1,3.517086182E0,4.580474854E0,1.266779277E1
3.419221362E1,-9.580227814E0,4.910239105E0,5.671106873E0,1.216768944E1
3.420221662E1,-8.790320435E0,5.114414520E0,6.569538574E0,1.210726254E1
3.421221862E1,-8.099506989E0,4.714446259E0,7.124883728E0,1.177250972E1
3.422222163E1,-7.765850830E0,3.930376740E0,7.189399567E0,1.128909946E1
3.423222462E1,-7.431745605E0,3.196602631E0,7.011419678E0,1.070556477E1
3.424222662E1,-7.005432129E0,2.655178528E0,7.065756683E0,1.029810516E1
3.425222962E1,-6.501130829E0,2.297422485E0,7.141499176E0,9.926926141E0
3.426223162E1,-5.740562439E0,2.199526062E0,6.818470917E0,9.180605517E0
3.427223463E1,-5.026846619E0,2.244282990E0,6.560706940E0,8.564395403E0
3.428223762E1,-4.466861115E0,2.311792603E0,6.370602264E0,8.116760836E0
3.429223962E1,-4.011358337E0,2.479593658E0,6.047574005E0,7.668932896E0
3.430224262E1,-4.241579590E0,2.618804169E0,5.276826782E0,7.259065613E0
3.431224462E1,-4.801714783E0,2.712060242E0,4.908742218E0,7.382918513E0
3.432224763E1,-5.100343781E0,2.746937714E0,4.645140381E0,7.425395790E0
3.433225062E1,-5.121449890E0,2.796334991E0,4.489464111E0,7.362338376E0
3.434225262E1,-5.075944519E0,2.765199738E0,4.337080994E0,7.226466211E0
3.435225638E1,-4.896467743E0,2.723735962E0,4.336332550E0,7.085048619E0
3.436225837E1,-4.641996918E0,2.602188721E0,3.958667908E0,6.632538965E0
3.437226137E1,-4.333488464E0,2.408192139E0,3.942800903E0,6.334365841E0
3.438226338E1,-4.141886902E0,2.255659332E0,4.096381531E0,6.246884646E0
3.439226637E1,-4.090843048E0,2.095492401E0,4.178860016E0,6.212000988E0
3.440226938E1,-4.022435303E0,1.916464691E0,4.317022705E0,6.203991273E0
3.441227137E1,-4.014352112E0,1.815275116E0,4.544549561E0,6.329547956E0
3.442227437E1,-4.137545929E0,1.751208344E0,4.877157898E0,6.631190401E0
3.443227737E1,-4.350103912E0,1.815125427E0,5.216801605E0,7.030867895E0
3.444227937E1,-4.515360260E0,1.942809906E0,5.551655273E0,7.415110578E0
3.445228238E1,-4.653073883E0,2.081721039E0,5.773943024E0,7.702147563E0
3.446228437E1,-4.787045288E0,2.192341003E0,5.984255676E0,7.970789024E0
3.447228737E1,-4.969366150E0,2.266137543E0,6.194867706E0,8.258714500E0
3.448228937E1,-5.263803864E0,2.342329102E0,6.455176392E0,8.652366091E0
3.449229237E1,-5.627846832E0,2.408192139E0,6.719227295E0,9.089558008E0
3.450229538E1,-6.080954590E0,2.450554047E0,6.957831116E0,9.560054273E0
3.451229737E1,-6.505022736E0,2.439177704E0,7.176975403E0,9.988687831E0
3.452230037E1,-6.868766327E0,2.289189606E0,7.408843231E0,1.035911666E1
3.453230237E1,-7.353159027E0,1.899250488E0,7.567363586E0,1.072105833E1
3.454230537E1,-8.172704773E0,1.329535217E0,7.758965149E0,1.134734803E1
3.455230838E1,-9.132059784E0,8.047265625E-1,8.123606873E0,1.224888115E1
3.456231037E1,-9.473200378E0,5.532495117E-1,8.454119568E0,1.270904198E1
3.457231337E1,-8.489446106E0,7.125183105E-1,8.674461365E0,1.215831639E1
3.458231537E1,-7.251071320E0,1.386117554E0,8.475674744E0,1.123994749E1
3.459231837E1,-6.713539124E0,2.271077271E0,8.068970490E0,1.073953836E1
3.460232138E1,-6.575675812E0,2.992726593E0,7.943082275E0,1.073724736E1
3.461232337E1,-6.601272583E0,3.438798981E0,7.861352234E0,1.082603330E1
3.462232637E1,-6.670728149E0,3.572021942E0,8.186775513E0,1.114814999E1
3.463232837E1,-6.815028076E0,3.402125244E0,8.929081879E0,1.173659095E1
3.464233137E1,-7.421417084E0,2.540966034E0,9.357940063E0,1.221085509E1
3.465233438E1,-8.495882721E0,1.174158325E0,9.740544434E0,1.297832334E1
3.466233637E1,-9.301357727E0,-1.920506287E-1,9.702224121E0,1.344192292E1
3.467233937E1,-1.013766861E1,-1.279688873E0,9.321565704E0,1.383117911E1
3.468234137E1,-1.070543793E1,-1.595981140E0,8.629854126E0,1.384297436E1
3.469234437E1,-1.148142426E1,-8.213420105E-1,7.529941406E0,1.375491633E1
3.470234738E1,-1.290795776E1,9.560618591E-1,5.637127533E0,1.411760018E1
3.471234937E1,-1.453552322E1,3.163371735E0,4.679119720E0,1.559431042E1
3.472235237E1,-1.557795547E1,4.913532257E0,4.388124847E0,1.691363757E1
3.473235437E1,-1.563573532E1,5.517825623E0,3.228785706E0,1.689223715E1
3.474235737E1,-1.458192673E1,5.117857361E0,3.020718384E0,1.574642152E1
3.475236038E1,-1.209035797E1,3.993096313E0,4.843477936E0,1.362280634E1
3.476236237E1,-1.005698639E1,2.878214722E0,6.262976074E0,1.219229119E1
3.477236537E1,-9.152417450E0,1.918410645E0,6.959777069E0,1.165699539E1
3.478236737E1,-8.411757660E0,1.232387238E0,7.087910614E0,1.106864590E1
3.479237037E1,-7.749834137E0,6.128256226E-1,7.034771118E0,1.048444033E1
3.480237338E1,-7.446415100E0,1.713935852E-1,7.083419952E0,1.027877969E1
3.481237537E1,-6.951843567E0,9.265731812E-2,7.080575867E0,9.923269066E0
3.482237837E1,-6.423891449E0,1.910028076E-1,7.069648590E0,9.554202981E0
3.483238037E1,-6.108647003E0,3.559597778E-1,6.773115234E0,9.127834658E0
3.484238337E1,-5.824986877E0,5.652246094E-1,6.527326355E0,8.766751983E0
3.485238538E1,-5.664670258E0,6.143225098E-1,6.184688873E0,8.409295912E0
3.486238837E1,-5.578299866E0,4.885839844E-1,5.751190338E0,8.026975396E0
3.487239138E1,-5.631738739E0,2.680924988E-1,5.472320251E0,7.857139667E0
3.488239337E1,-5.502108307E0,1.202000427E-1,5.133424988E0,7.525934891E0
3.489239637E1,-5.464536438E0,1.121168518E-1,5.019212494E0,7.420661879E0
3.490239938E1,-5.505251770E0,1.052311707E-1,4.769681396E0,7.284828843E0
3.491240137E1,-5.421126709E0,1.207987976E-1,4.337679749E0,6.943966643E0
3.492240438E1,-5.264103241E0,2.160008240E-1,4.052073669E0,6.646558531E0
3.493240637E1,-5.198689270E0,2.615061951E-1,4.028722229E0,6.582200120E0
3.494240937E1,-5.195695496E0,2.630030823E-1,4.019890594E0,6.574491820E0
3.495241138E1,-5.063819733E0,3.598516846E-1,4.108206940E0,6.530629968E0
3.496241437E1,-4.923112335E0,4.441264343E-1,4.176614685E0,6.471351758E0
3.497241738E1,-4.871769104E0,5.074447632E-1,4.450245667E0,6.617878881E0
3.498241937E1,-4.888983307E0,6.129753113E-1,4.727918243E0,6.828697345E0
3.499242237E1,-4.871619415E0,7.114704895E-1,4.895569611E0,6.943015757E0
3.500242438E1,-4.846920776E0,8.065228271E-1,5.160368958E0,7.125484395E0