"Time (s)","Acceleration x (m/s^2)","Acceleration y (m/s^2)","Acceleration z (m/s^2)","Absolute acceleration (m/s^2)"
-1.367083314E-4,-1.059032730E1,-2.003134460E0,1.151555328E0,1.083944923E1
1.236729167E-2,-1.038585251E1,-1.842368774E0,5.933660889E-1,1.056467408E1
2.237029167E-2,-1.023975632E1,-1.688788147E0,3.662882996E-1,1.038454534E1
3.237329167E-2,-1.002136047E1,-1.494342499E0,4.245172119E-1,1.014105222E1
4.237629167E-2,-9.729617157E0,-1.319655762E0,7.795788574E-1,9.849603268E0
5.238029167E-2,-9.362879791E0,-1.208886108E0,1.307830353E0,9.530757779E0
6.238329167E-2,-8.933273163E0,-1.176253967E0,1.889520721E0,9.206369065E0
7.238629167E-2,-8.531658325E0,-1.106049957E0,2.402653656E0,8.932260905E0
8.238929167E-2,-8.079748077E0,-1.016087036E0,2.622696075E0,8.555308093E0
9.239329167E-2,-7.648045807E0,-1.012943573E0,2.849773865E0,8.224346201E0
1.023962917E-1,-7.235054626E0,-9.720785522E-1,3.124302979E0,7.940542882E0
1.123992917E-1,-6.927294617E0,-9.647438049E-1,3.347937927E0,7.754149191E0
1.224022917E-1,-6.721622314E0,-9.500743103E-1,3.491190033E0,7.633561134E0
1.324062917E-1,-6.633755035E0,-9.596543884E-1,3.609144745E0,7.612724099E0
1.424092917E-1,-6.711892548E0,-9.592053223E-1,3.656745758E0,7.703334730E0
1.524122917E-1,-6.790329437E0,-9.189390564E-1,3.504212952E0,7.696267359E0
1.624152917E-1,-6.840475159E0,-8.927435303E-1,3.135829010E0,7.577764511E0
1.724182917E-1,-6.842720490E0,-9.048683167E-1,2.739752655E0,7.426160177E0
1.824222917E-1,-6.774761810E0,-9.174421692E-1,2.414928131E0,7.250584500E0
1.924252917E-1,-6.770869904E0,-9.692344666E-1,2.212548981E0,7.188843279E0
2.024282917E-1,-6.857839050E0,-1.039288788E0,2.133064270E0,7.256723834E0
2.124312917E-1,-6.998696136E0,-1.138233032E0,2.105222168E0,7.396572343E0
2.224352917E-1,-7.212900696E0,-1.266516266E0,2.068997498E0,7.609911336E0
2.324382917E-1,-7.534581757E0,-1.407672729E0,2.029479675E0,7.929076397E0
2.424412917E-1,-7.970625000E0,-1.555116119E0,1.906884613E0,8.341789854E0
2.524442917E-1,-8.425229645E0,-1.797162781E0,1.667981415E0,8.774762141E0
2.624482917E-1,-8.837771759E0,-2.050585785E0,1.392703857E0,9.178819955E0
2.724512917E-1,-9.077273712E0,-2.266885986E0,1.166524200E0,9.428491334E0
2.824542917E-1,-9.193731537E0,-2.470612335E0,1.067130890E0,9.579529906E0
2.924572917E-1,-9.260642395E0,-2.711461487E0,1.122366028E0,9.714485394E0
3.024612917E-1,-9.377100220E0,-2.938539276E0,1.255588989E0,9.906640466E0
3.124642917E-1,-9.630822601E0,-3.099304962E0,1.423988800E0,1.021695548E1
3.224672917E-1,-9.949509888E0,-3.171005859E0,1.696122894E0,1.057945452E1
3.324702917E-1,-1.041968216E1,-3.237767029E0,1.970202942E0,1.108758816E1
3.424742917E-1,-1.099748062E1,-3.360212402E0,2.165995789E0,1.170158729E1
3.524772917E-1,-1.138846756E1,-3.510200500E0,2.241139526E0,1.212606314E1
3.624802917E-1,-1.169083878E1,-3.606749725E0,2.276016998E0,1.244446095E1
3.724832917E-1,-1.198452805E1,-3.602558441E0,2.278861084E0,1.272008442E1
3.824862917E-1,-1.233809280E1,-3.616778870E0,2.291584625E0,1.305989983E1
3.924902917E-1,-1.283311340E1,-3.815116425E0,2.252066803E0,1.357629249E1
4.024932917E-1,-1.340163116E1,-4.226610718E0,2.156715088E0,1.421686942E1
4.124962917E-1,-1.384949982E1,-4.690795441E0,2.093696136E0,1.477145120E1
4.224992917E-1,-1.396715515E1,-5.015470276E0,2.051932983E0,1.498154845E1
4.325032917E-1,-1.371747437E1,-5.003644867E0,2.141147461E0,1.475771247E1
4.425062917E-1,-1.338082443E1,-4.771178284E0,2.436333618E0,1.441340786E1
4.525092917E-1,-1.303624100E1,-4.287234650E0,2.750979309E0,1.399613688E1
4.625122917E-1,-1.248972748E1,-3.493135986E0,2.896027679E0,1.328842608E1
4.725162917E-1,-1.209499832E1,-2.964285736E0,3.027454376E0,1.281567222E1
4.825192917E-1,-1.185250259E1,-2.731070709E0,3.177592163E0,1.257130291E1
4.925222917E-1,-1.167063080E1,-2.656376038E0,3.404520264E0,1.244390273E1
5.025252917E-1,-1.149399811E1,-2.814746704E0,3.599714355E0,1.236902320E1
5.125292917E-1,-1.136047577E1,-3.261717224E0,3.731739807E0,1.239455892E1
5.225322917E-1,-1.123234222E1,-3.926784210E0,3.798500977E0,1.249054666E1
5.325352917E-1,-1.109073669E1,-4.591551819E0,3.815266113E0,1.259535804E1
5.425382917E-1,-1.092383377E1,-5.086422729E0,3.886068878E0,1.266109678E1
5.525422917E-1,-1.067235672E1,-5.460794220E0,4.017495575E0,1.264356525E1
5.625452917E-1,-1.036863831E1,-5.598208466E0,4.094285889E0,1.247444489E1
5.725482917E-1,-9.993668060E0,-5.436394958E0,4.077071686E0,1.208512743E1
5.825512917E-1,-9.689799957E0,-5.034480743E0,3.984863434E0,1.162399915E1
5.925542917E-1,-9.647737427E0,-4.522994385E0,3.797602844E0,1.131185675E1
6.025582917E-1,-9.751920776E0,-3.947291565E0,3.570075989E0,1.110974852E1
6.125612917E-1,-9.769284668E0,-3.398682404E0,3.254232788E0,1.084343101E1
6.225642917E-1,-9.656419373E0,-2.906206512E0,2.917433167E0,1.049780395E1
6.325672917E-1,-9.560618591E0,-2.490221558E0,2.647544403E0,1.022820232E1
6.425712917E-1,-9.456435242E0,-2.162253571E0,2.433639221E0,1.000110533E1
6.525742917E-1,-9.345366211E0,-1.853146362E0,2.263293457E0,9.792472534E0
6.625764167E-1,-9.273515625E0,-1.620230713E0,2.117646332E0,9.649231347E0
6.725794167E-1,-9.164841614E0,-1.481768646E0,2.115700378E0,9.521877347E0
6.825834167E-1,-8.983119507E0,-1.384770355E0,2.186802521E0,9.348589748E0
6.925864167E-1,-8.759035492E0,-1.358874207E0,2.289938049E0,9.154837963E0
7.025894167E-1,-8.379275208E0,-1.420995026E0,2.363135834E0,8.821331579E0
7.125924167E-1,-7.950566711E0,-1.503024445E0,2.362986145E0,8.429371094E0
7.225964167E-1,-7.592361603E0,-1.592538300E0,2.295925598E0,8.090204404E0
7.325994167E-1,-7.291936340E0,-1.687740326E0,2.278861084E0,7.823938320E0
7.426024167E-1,-7.099436646E0,-1.774260406E0,2.348915405E0,7.685532139E0
7.526054167E-1,-6.908583527E0,-1.821112976E0,2.453098755E0,7.553983871E0
7.626094167E-1,-6.696324921E0,-1.882485352E0,2.540966034E0,7.405472769E0
7.726124167E-1,-6.495891724E0,-1.929786987E0,2.555934906E0,7.242478191E0
7.826154167E-1,-6.226901093E0,-1.951641541E0,2.490221558E0,6.984583404E0
7.926184167E-1,-5.956114197E0,-2.025737457E0,2.403851166E0,6.734790939E0
8.026214167E-1,-5.695057068E0,-2.109114075E0,2.313588867E0,6.498825327E0
8.126254167E-1,-5.503455505E0,-2.180964661E0,2.175725555E0,6.307012846E0
8.226284167E-1,-5.346132660E0,-2.256707153E0,1.980232086E0,6.131490904E0
8.326314167E-1,-5.200036469E0,-2.335742798E0,1.780697021E0,5.972181810E0
8.426344167E-1,-5.117108917E0,-2.434986420E0,1.623374176E0,5.894854218E0
8.526384167E-1,-5.003495178E0,-2.548450470E0,1.441951447E0,5.797308666E0
8.626414167E-1,-5.012027435E0,-2.727627869E0,1.260828094E0,5.843805292E0
8.726444167E-1,-5.168452148E0,-2.944676514E0,1.205892334E0,6.069447562E0
8.826474167E-1,-5.401367798E0,-3.109483795E0,1.311871948E0,6.369040082E0
8.926514167E-1,-5.635780334E0,-3.171604614E0,1.492546234E0,6.636926252E0
9.026544167E-1,-5.924978943E0,-3.254083099E0,1.623074799E0,6.951892123E0
9.126574167E-1,-6.198011169E0,-3.398682404E0,1.750010834E0,7.282096021E0
9.226604167E-1,-6.543642426E0,-3.645668793E0,1.833537140E0,7.711810137E0
9.326644167E-1,-6.996600494E0,-4.024530945E0,1.857936401E0,8.282583865E0
9.426674167E-1,-7.296277313E0,-4.437372437E0,1.870210876E0,8.742060712E0
9.526704167E-1,-7.510781250E0,-4.673880615E0,1.937570801E0,9.056002186E0
9.626734167E-1,-7.679181061E0,-4.741539917E0,2.133513336E0,9.273828859E0
9.726774167E-1,-7.727979584E0,-4.725822601E0,2.381098480E0,9.366146362E0
9.826804167E-1,-7.956853638E0,-4.827311554E0,2.582429810E0,9.658333209E0
9.926834167E-1,-8.475674744E0,-5.140909424E0,2.702480164E0,1.027469762E1
1.002686417E0,-9.228309631E0,-5.523513794E0,2.783910828E0,1.110950326E1
1.012690417E0,-9.949060822E0,-5.904321899E0,2.794389038E0,1.190182500E1
1.022693417E0,-1.061008621E1,-6.129304047E0,2.857707367E0,1.258208206E1
1.032696417E0,-1.101529358E1,-6.048621826E0,2.953957214E0,1.290923630E1
1.042699417E0,-1.117546051E1,-5.715414734E0,2.949017487E0,1.289393607E1
1.052703417E0,-1.118578903E1,-5.134323120E0,2.982547760E0,1.266407286E1
1.062706417E0,-1.095766342E1,-4.324357452E0,3.074905701E0,1.217478953E1
1.072709417E0,-1.057460999E1,-3.485501862E0,3.104993134E0,1.155906925E1
1.082712417E0,-1.032537827E1,-2.916085968E0,3.281326447E0,1.121980824E1
1.092716417E0,-1.058089691E1,-2.697540436E0,3.743265839E0,1.154314268E1
1.102719417E0,-1.091754684E1,-2.654430084E0,4.245770874E0,1.201105318E1
1.112722417E0,-1.135673355E1,-2.935844879E0,4.651576996E0,1.261870638E1
1.122725417E0,-1.179906372E1,-3.315156097E0,4.905449066E0,1.320119673E1
1.132728417E0,-1.199889816E1,-3.614683228E0,4.973407745E0,1.348236910E1
1.142732417E0,-1.194680649E1,-3.831731873E0,4.657564545E0,1.338287196E1
1.152735417E0,-1.171987839E1,-3.955225067E0,4.023183746E0,1.300712736E1
1.162738417E0,-1.147438889E1,-3.906875610E0,3.261717224E0,1.255245301E1
1.172741417E0,-1.125734024E1,-3.674558716E0,2.554887085E0,1.211435261E1
1.182745417E0,-1.100122284E1,-3.331921234E0,1.820514221E0,1.163799274E1
1.192748417E0,-1.066577042E1,-2.968926086E0,1.193767548E0,1.113545067E1
1.202751417E0,-1.038989410E1,-2.639161835E0,8.069718933E-1,1.075017573E1
1.212754417E0,-1.019200562E1,-2.305056610E0,6.813830566E-1,1.047160672E1
1.222758417E0,-9.976304169E0,-1.926942902E0,7.343728638E-1,1.018720066E1
1.232761417E0,-9.657766571E0,-1.502575378E0,1.010997620E0,9.826103200E0
1.242764417E0,-9.267378387E0,-1.102457428E0,1.383572845E0,9.434722485E0
1.252767417E0,-8.767717438E0,-7.280859375E-1,1.715881805E0,8.963661560E0
1.262771417E0,-8.226742401E0,-4.577481079E-1,2.050585785E0,8.490802431E0
1.272774417E0,-7.797435150E0,-2.466870117E-1,2.349514160E0,8.147457652E0
1.282777417E0,-7.278464355E0,-1.020877075E-1,2.500250702E0,7.696604371E0
1.292780417E0,-6.757547607E0,-6.032455444E-2,2.576142883E0,7.232191983E0
1.302784417E0,-6.437812500E0,-1.580712891E-1,2.575993195E0,6.935860239E0
1.312787417E0,-6.244115295E0,-2.661465454E-1,2.593357086E0,6.766484374E0
1.322790417E0,-6.136339417E0,-3.653901672E-1,2.601140900E0,6.674886170E0
1.332793417E0,-6.201454010E0,-5.041516113E-1,2.639012146E0,6.758445516E0
1.342796417E0,-6.427933044E0,-7.111711121E-1,2.673141174E0,6.997840475E0
1.352800417E0,-6.719526672E0,-8.955876160E-1,2.704575806E0,7.298550964E0
1.362803417E0,-7.001091156E0,-9.684860229E-1,2.701731720E0,7.566544577E0
1.372806417E0,-7.382198639E0,-1.010398865E0,2.530936890E0,7.869142530E0
1.382809417E0,-7.910899200E0,-1.020877075E0,2.355950775E0,8.317152170E0
1.392813417E0,-8.343948669E0,-1.017284546E0,2.123334503E0,8.669769124E0
1.402816417E0,-8.593928833E0,-1.006956024E0,1.883233795E0,8.855288970E0
1.412819417E0,-8.893605652E0,-1.103954315E0,1.706002350E0,9.122794563E0
1.422822417E0,-9.280401306E0,-1.249002686E0,1.595382385E0,9.499005267E0
1.432826417E0,-9.724228363E0,-1.404229889E0,1.634600830E0,9.960140497E0
1.442829417E0,-1.016446289E1,-1.515747986E0,1.730700989E0,1.042157012E1
1.452832417E0,-1.064481400E1,-1.623972931E0,1.789977722E0,1.091573971E1
1.462835417E0,-1.114926498E1,-1.808838501E0,1.877545624E0,1.145002987E1
1.472839417E0,-1.155402328E1,-2.059567108E0,2.027084656E0,1.190992624E1
1.482842417E0,-1.197090637E1,-2.378553772E0,2.163301392E0,1.239515996E1
1.492845417E0,-1.237791000E1,-2.783012695E0,2.309547272E0,1.289541873E1
1.502848417E0,-1.273985733E1,-3.182980957E0,2.474504242E0,1.336257849E1
1.512852417E0,-1.303190002E1,-3.489842834E0,2.587668915E0,1.373701029E1
1.522855417E0,-1.326661194E1,-3.609743500E0,2.670297089E0,1.400584617E1
1.532858417E0,-1.350461700E1,-3.534599762E0,2.746488647E0,1.422713168E1
1.542861417E0,-1.377181137E1,-3.455713806E0,2.687211914E0,1.445080808E1
1.552865417E0,-1.410561722E1,-3.607797546E0,2.530038757E0,1.477787997E1
1.562868417E0,-1.447804276E1,-4.032913513E0,2.411934357E0,1.522154857E1
1.572871417E0,-1.463551529E1,-4.555177460E0,2.318378906E0,1.550234918E1
1.582874417E0,-1.448971848E1,-4.868326263E0,2.395468597E0,1.547225943E1
1.592878417E0,-1.423180481E1,-4.906646576E0,2.615660706E0,1.527943486E1
1.602881417E0,-1.411699356E1,-4.863087158E0,2.895578613E0,1.520932278E1
1.612884417E0,-1.382495087E1,-4.387825470E0,3.122656403E0,1.483688855E1
1.622887417E0,-1.325613373E1,-3.581152954E0,3.274291077E0,1.411632813E1
1.632890417E0,-1.291065216E1,-3.088377686E0,3.301983490E0,1.367940463E1
1.642894417E0,-1.276979507E1,-3.054847412E0,3.204236755E0,1.351543163E1
1.652897417E0,-1.266067200E1,-3.339854736E0,3.023113403E0,1.343824616E1
1.662901417E0,-1.249571503E1,-3.877835999E0,2.922522583E0,1.340603015E1
1.672904417E0,-1.228600113E1,-4.586911469E0,2.912194061E0,1.343378036E1
1.682908417E0,-1.215008377E1,-5.244643707E0,2.982697449E0,1.356566649E1
1.692911417E0,-1.197150513E1,-5.692662048E0,3.085383911E0,1.361039787E1
1.702914417E0,-1.151076324E1,-5.878874817E0,3.261567535E0,1.333029116E1
1.712917417E0,-1.098595459E1,-5.775589600E0,3.415896606E0,1.287311086E1
1.722921417E0,-1.049632278E1,-5.489983521E0,3.499123535E0,1.235137954E1
1.732924417E0,-1.012778915E1,-5.086572418E0,3.597618713E0,1.189067671E1
1.742927417E0,-9.833800507E0,-4.640949097E0,3.663481750E0,1.147445595E1
1.752930417E0,-9.569899292E0,-4.169429626E0,3.697461090E0,1.107421936E1
1.762934417E0,-9.286987610E0,-3.695664825E0,3.687731323E0,1.065389317E1
1.772937417E0,-8.984915771E0,-3.281476135E0,3.634142761E0,1.023248702E1
1.782940417E0,-8.709488525E0,-2.944676514E0,3.561394043E0,9.859504941E0
1.792943417E0,-8.448431396E0,-2.632425842E0,3.472778320E0,9.506095315E0
1.802947417E0,-8.177494812E0,-2.403551788E0,3.313808899E0,9.144933680E0
1.812950417E0,-7.961044922E0,-2.243833923E0,3.143912201E0,8.848571119E0
1.822953417E0,-7.799081726E0,-2.138602753E0,2.985840912E0,8.620588347E0
1.832956417E0,-7.596403198E0,-2.103126526E0,2.843187561E0,8.379271940E0
1.842960417E0,-7.392377472E0,-2.050585785E0,2.721790009E0,8.140042236E0
1.852963417E0,-7.202422485E0,-2.026635590E0,2.701132965E0,7.954763401E0
1.862966417E0,-7.055128784E0,-2.026934967E0,2.542462921E0,7.768360524E0
1.872969417E0,-6.915469208E0,-2.177970886E0,2.405198364E0,7.638864491E0
1.882972417E0,-6.787784729E0,-2.316432953E0,2.354154510E0,7.548637401E0
1.892976417E0,-6.656807098E0,-2.407144318E0,2.305954742E0,7.444786886E0
1.902979417E0,-6.538403320E0,-2.537223816E0,2.229613495E0,7.359306965E0
1.912982417E0,-6.417604523E0,-2.695893860E0,2.174827423E0,7.292692633E0
1.922985417E0,-6.269712067E0,-2.843486938E0,2.104324036E0,7.198811500E0
1.932989417E0,-6.045478363E0,-2.954256592E0,1.998643799E0,7.019260480E0
1.942992417E0,-5.835165710E0,-3.069217529E0,1.894310760E0,6.859859209E0
1.952995417E0,-5.660329285E0,-3.213966522E0,1.808539124E0,6.755717740E0
1.962998417E0,-5.544170837E0,-3.352877655E0,1.743424530E0,6.709630984E0
1.973002417E0,-5.524262238E0,-3.507805481E0,1.746418304E0,6.772898158E0
1.983005417E0,-5.621559906E0,-3.726800079E0,1.780547333E0,6.975766869E0
1.993008417E0,-5.722899170E0,-3.884272614E0,1.802102509E0,7.147497611E0
2.003011417E0,-5.789061584E0,-4.011058960E0,1.756746826E0,7.258649146E0
2.013015417E0,-5.828579407E0,-4.102219391E0,1.727108459E0,7.333719756E0
2.023018417E0,-5.915249176E0,-4.226910095E0,1.610950012E0,7.446616796E0
2.033021417E0,-5.974376221E0,-4.397405548E0,1.498234406E0,7.568028351E0
2.043024417E0,-6.115233307E0,-4.587510223E0,1.478026428E0,7.786262940E0
2.053028417E0,-6.449488220E0,-4.830904083E0,1.502425690E0,8.197000398E0
2.063031417E0,-6.763984222E0,-5.068909149E0,1.515598297E0,8.587337231E0
2.073034417E0,-6.990762634E0,-5.310656433E0,1.486558685E0,8.904138964E0
2.083037417E0,-7.081024933E0,-5.474266205E0,1.454525299E0,9.067753218E0
2.093040417E0,-7.107220459E0,-5.498515778E0,1.504072266E0,9.110899615E0
2.103044417E0,-7.422315216E0,-5.506149902E0,1.703307953E0,9.397324507E0
2.113047417E0,-8.009693756E0,-5.662574615E0,1.938618622E0,9.998909316E0
2.123050417E0,-8.662186890E0,-5.965394897E0,2.073188782E0,1.071995941E1
2.133053417E0,-9.216633911E0,-6.331234131E0,2.050136719E0,1.136811008E1
2.143057417E0,-9.449100494E0,-6.613397369E0,2.014361115E0,1.170812434E1
2.153060417E0,-9.375753021E0,-6.609206085E0,2.049537964E0,1.165276601E1
2.163063417E0,-9.192833405E0,-6.302044830E0,2.182611237E0,1.135727726E1
2.173066417E0,-9.140592041E0,-5.779780884E0,2.484383698E0,1.109632607E1
2.183070417E0,-9.260941772E0,-5.074896698E0,2.778222656E0,1.091962179E1
2.193073417E0,-9.235943756E0,-4.250710602E0,2.918031921E0,1.057762298E1
2.203076417E0,-9.335935822E0,-3.493884430E0,2.936892700E0,1.039193268E1
2.213079417E0,-9.557774506E0,-2.960244141E0,3.071462860E0,1.046651723E1
2.223083417E0,-9.761500854E0,-2.782413940E0,3.233875122E0,1.065301246E1
2.233086417E0,-1.003273682E1,-3.091072083E0,3.443289642E0,1.104838351E1
2.243089417E0,-1.030382309E1,-3.781436462E0,3.664978638E0,1.157152109E1
2.253092417E0,-1.048794022E1,-4.522545319E0,3.885470123E0,1.206429377E1
2.263096417E0,-1.054452255E1,-5.035378876E0,4.030518494E0,1.236070692E1
2.273099417E0,-1.057910065E1,-5.254074097E0,4.060007172E0,1.249024913E1
2.283102417E0,-1.073836945E1,-5.225483551E0,3.945944366E0,1.257731027E1
2.293105417E0,-1.097502731E1,-4.912783813E0,3.575165405E0,1.254465930E1
2.303108417E0,-1.118474121E1,-4.444707184E0,2.936593323E0,1.238860114E1
2.313112417E0,-1.116677856E1,-3.816014557E0,2.269580383E0,1.201706727E1
2.323115417E0,-1.097787140E1,-3.041824493E0,1.612147522E0,1.150501527E1
2.333118417E0,-1.072878937E1,-2.329156494E0,9.598040771E-1,1.102057690E1
2.343121417E0,-1.048060547E1,-1.805096283E0,5.993536377E-1,1.065179273E1
2.353125417E0,-1.029693741E1,-1.335373077E0,6.192622375E-1,1.040161656E1
2.363128417E0,-1.012913635E1,-9.008267212E-1,8.762777710E-1,1.020679944E1
2.373131417E0,-9.929750977E0,-6.122268677E-1,1.328188019E0,1.003687499E1
2.383134417E0,-9.675878906E0,-3.956272888E-1,1.781744843E0,9.846510460E0
2.393138417E0,-9.428593140E0,-3.303630066E-1,2.229164429E0,9.694157125E0
2.403141417E0,-9.016350403E0,-2.788700867E-1,2.629731445E0,9.396160417E0
2.413144417E0,-8.465495911E0,-2.261796570E-1,2.845133514E0,8.933675781E0
2.423147417E0,-7.898924103E0,-2.980302429E-1,2.914289703E0,8.424660734E0
2.433151417E0,-7.254963226E0,-3.845503235E-1,2.794089661E0,7.783913373E0
2.443154417E0,-6.902146912E0,-5.240602112E-1,2.548300781E0,7.376185191E0
2.453157417E0,-6.749913483E0,-7.343728638E-1,2.440674591E0,7.215090296E0
2.463160417E0,-6.665039978E0,-8.652008057E-1,2.448009338E0,7.152907106E0
2.473163417E0,-6.691983948E0,-9.382489014E-1,2.528990936E0,7.215175349E0
2.483167417E0,-6.771768036E0,-1.003213806E0,2.569406891E0,7.311985506E0
2.493170417E0,-6.942263489E0,-1.064885559E0,2.628084869E0,7.499055519E0
2.503173417E0,-7.192543030E0,-1.066681824E0,2.615511017E0,7.727314102E0
2.513176417E0,-7.487130432E0,-1.083147583E0,2.519111481E0,7.973471857E0
2.523180417E0,-7.782765656E0,-1.102607117E0,2.328557739E0,8.198131790E0
2.533183417E0,-8.180189209E0,-1.119671631E0,2.083666992E0,8.515329012E0
2.543186417E0,-8.664731598E0,-1.261576538E0,1.898202667E0,8.959482261E0
2.553189417E0,-9.123228149E0,-1.409618683E0,1.857637024E0,9.416535032E0
2.563193417E0,-9.639654236E0,-1.572629700E0,1.909129944E0,9.951928210E0
2.573196417E0,-1.018781433E1,-1.864223328E0,1.939217377E0,1.053695656E1
2.583199417E0,-1.079076050E1,-2.149530029E0,1.981279907E0,1.117973441E1
2.593202417E0,-1.139894577E1,-2.414928131E0,2.093845825E0,1.183858239E1
2.603206417E0,-1.208631638E1,-2.783611450E0,2.271376648E0,1.260899235E1
2.613209417E0,-1.286514679E1,-3.201093292E0,2.464026031E0,1.348445121E1
2.623212417E0,-1.353620132E1,-3.657643890E0,2.637814636E0,1.426762668E1
2.633215417E0,-1.403316788E1,-3.995191956E0,2.800675964E0,1.485715805E1
2.643219417E0,-1.427775925E1,-4.053420868E0,2.975662079E0,1.513734437E1
2.653222417E0,-1.433134781E1,-3.861819305E0,3.139870605E0,1.517102389E1
2.663224792E0,-1.450753143E1,-3.648961945E0,3.192860413E0,1.529633123E1
2.673227792E0,-1.492097168E1,-3.711980896E0,3.054997101E0,1.567632627E1
2.683230792E0,-1.546808395E1,-4.095633087E0,2.816542969E0,1.624711500E1
2.693234792E0,-1.594574066E1,-4.684807892E0,2.615361328E0,1.682421425E1
2.703237792E0,-1.606818604E1,-5.095853119E0,2.425256653E0,1.703044895E1
2.713240792E0,-1.559382248E1,-5.125491486E0,2.205962677E0,1.656213253E1
2.723243792E0,-1.467458405E1,-4.832251282E0,1.968556366E0,1.557463590E1
2.733247792E0,-1.380638947E1,-4.310286713E0,1.735341339E0,1.456730487E1
2.743250792E0,-1.322350159E1,-3.861819305E0,1.606159973E0,1.386918860E1
2.753253792E0,-1.294163773E1,-3.723057861E0,1.655557251E0,1.356790392E1
2.763256792E0,-1.289209076E1,-3.848646698E0,1.802850952E0,1.357454814E1
2.773260792E0,-1.292083099E1,-4.285139008E0,1.864223328E0,1.373992789E1
2.783263792E0,-1.296543823E1,-5.061574402E0,1.944606171E0,1.405359801E1
2.793266792E0,-1.302531372E1,-5.923332367E0,2.163750458E0,1.447157489E1
2.803269792E0,-1.292951294E1,-6.653813324E0,2.453098755E0,1.474663453E1
2.813272792E0,-1.260603561E1,-7.153025208E0,2.755170593E0,1.475360527E1
2.823276792E0,-1.204694824E1,-7.291487274E0,3.006348267E0,1.439905825E1
2.833279792E0,-1.141062149E1,-7.005432129E0,3.123704224E0,1.374903234E1
2.843282792E0,-1.090302704E1,-6.434519348E0,3.140319672E0,1.304379720E1
2.853285792E0,-1.063553329E1,-5.805377655E0,3.138074341E0,1.251656857E1
2.863289792E0,-1.040186920E1,-5.207221527E0,3.150049438E0,1.205142524E1
2.873292792E0,-1.011461655E1,-4.646936646E0,3.148552551E0,1.156775135E1
2.883295792E0,-9.935439148E0,-4.164340210E0,3.155288544E0,1.122544103E1
2.893298792E0,-9.716743927E0,-3.710933075E0,3.193010101E0,1.088032400E1
2.903302792E0,-9.456884308E0,-3.378624115E0,3.241359558E0,1.055244870E1
2.913305792E0,-9.192983093E0,-3.110830994E0,3.274590454E0,1.024261443E1
2.923308792E0,-8.854686584E0,-2.879711609E0,3.241808624E0,9.859388248E0
2.933311792E0,-8.513246613E0,-2.730771332E0,3.184627533E0,9.490749837E0
2.943315792E0,-8.149952087E0,-2.618504791E0,3.103945312E0,9.105644561E0
2.953318792E0,-7.774383087E0,-2.499352570E0,2.984643402E0,8.694589806E0
2.963321792E0,-7.481292572E0,-2.423161011E0,2.859353943E0,8.367637229E0
2.973324792E0,-7.280859375E0,-2.375559998E0,2.708916779E0,8.123572407E0
2.983328792E0,-7.052883453E0,-2.369273071E0,2.546055450E0,7.863778878E0
2.993331792E0,-6.831793213E0,-2.445614319E0,2.393822021E0,7.640995470E0
3.003334792E0,-6.630611572E0,-2.531535645E0,2.218686218E0,7.436144907E0
3.013337792E0,-6.438111877E0,-2.639760590E0,2.058369598E0,7.256342462E0
3.023340792E0,-6.265520782E0,-2.777474213E0,1.944306793E0,7.124004673E0
3.033344792E0,-6.064189453E0,-2.924169159E0,1.821562042E0,6.974471110E0
3.043347792E0,-5.882617035E0,-3.066223755E0,1.663640442E0,6.839196650E0
3.053350792E0,-5.702391815E0,-3.196303253E0,1.568737793E0,6.722690322E0
3.063353792E0,-5.489384766E0,-3.334465942E0,1.560504913E0,6.609628114E0
3.073357792E0,-5.247338104E0,-3.438200226E0,1.553319855E0,6.462861637E0
3.083360792E0,-5.089416504E0,-3.587739258E0,1.599723358E0,6.429086106E0
3.093363792E0,-4.891228638E0,-3.734583893E0,1.678609314E0,6.378790141E0
3.103366792E0,-4.631967773E0,-3.892505493E0,1.686542816E0,6.281015136E0
3.113370792E0,-4.456382904E0,-4.078418884E0,1.607806549E0,6.251231165E0
3.123373792E0,-4.385131073E0,-4.268673248E0,1.479373627E0,6.295990165E0
3.133376792E0,-4.299209747E0,-4.389322357E0,1.410217438E0,6.303813800E0
3.143379792E0,-4.259841614E0,-4.499792633E0,1.429377594E0,6.359049034E0
3.153382792E0,-4.375550995E0,-4.656666412E0,1.474733276E0,6.557806556E0
3.163386792E0,-4.663252716E0,-4.857997742E0,1.552870789E0,6.910678378E0
3.173389792E0,-5.054239655E0,-5.050048370E0,1.634301453E0,7.329342963E0
3.183392792E0,-5.444927216E0,-5.247936859E0,1.708247681E0,7.752817797E0
3.193395792E0,-5.746849365E0,-5.416336670E0,1.835632782E0,8.107559945E0
3.203399792E0,-6.047873383E0,-5.447022858E0,2.047142944E0,8.392712595E0
3.213402792E0,-6.463558960E0,-5.376519470E0,2.268682251E0,8.708126963E0
3.223405792E0,-7.189848633E0,-5.499413910E0,2.529440002E0,9.398699029E0
3.233408792E0,-7.964637451E0,-5.857768707E0,2.662962341E0,1.023915389E1
3.243412792E0,-8.669222260E0,-6.283633118E0,2.546055450E0,1.100553761E1
3.253415792E0,-9.190737762E0,-6.691085815E0,2.351609802E0,1.160906364E1
3.263418792E0,-9.413175201E0,-6.790628815E0,2.203268280E0,1.181418208E1
3.273421792E0,-9.464967499E0,-6.529571686E0,2.236499176E0,1.171421550E1
3.283425792E0,-9.420509949E0,-5.892197113E0,2.456691284E0,1.137977709E1
3.293428792E0,-9.339528351E0,-4.989274750E0,2.678080902E0,1.092207717E1
3.303431792E0,-9.260492706E0,-4.102369080E0,2.784808960E0,1.050434758E1
3.313434792E0,-9.449848938E0,-3.351380768E0,2.798131256E0,1.040965593E1
3.323437792E0,-9.813293152E0,-2.854264526E0,2.844983826E0,1.060855699E1
3.333441792E0,-1.035756134E1,-2.837050323E0,2.929857330E0,1.113157650E1
3.343444792E0,-1.113953522E1,-3.346141663E0,3.006497955E0,1.201353149E1
3.353447792E0,-1.180250656E1,-4.203858032E0,2.893033905E0,1.285850803E1
3.363450792E0,-1.212224167E1,-5.064717865E0,2.628983002E0,1.339819621E1
3.373454792E0,-1.232267487E1,-5.782924347E0,2.441123657E0,1.382930275E1
3.383457792E0,-1.252161118E1,-6.179749146E0,2.367177429E0,1.416275308E1
3.393460792E0,-1.248508713E1,-6.151757355E0,2.238445129E0,1.409723929E1
3.403463792E0,-1.229617996E1,-5.728138275E0,2.004032593E0,1.371217548E1
3.413467792E0,-1.201506454E1,-4.959187317E0,1.714235229E0,1.311083206E1
3.423470792E0,-1.150522476E1,-4.201013947E0,1.499282227E0,1.233963380E1
3.433473792E0,-1.119372253E1,-3.655997314E0,1.404379578E0,1.185909029E1
3.443476792E0,-1.084764221E1,-3.210523682E0,1.449286194E0,1.140522838E1
3.453480792E0,-1.040097107E1,-2.681074677E0,1.587149506E0,1.085759661E1
3.463483792E0,-9.879904633E0,-2.312391357E0,1.847158813E0,1.031366400E1
3.473486792E0,-9.312434692E0,-2.053878937E0,2.292183380E0,9.807852121E0
3.483489792E0,-8.734187164E0,-1.794468384E0,2.775977325E0,9.338746828E0
3.493492792E0,-8.227341156E0,-1.577569427E0,3.123704224E0,8.940659700E0
3.503496792E0,-7.755522308E0,-1.388512573E0,3.319048004E0,8.549396066E0
3.513499792E0,-7.334298248E0,-1.176852722E0,3.389701080E0,8.164985397E0
3.523502792E0,-6.968159637E0,-1.010997620E0,3.391647034E0,7.815410067E0
3.533505792E0,-6.608607330E0,-8.875044250E-1,3.308120728E0,7.443454688E0
3.543509792E0,-6.313720551E0,-7.999365234E-1,3.158432007E0,7.104833452E0
3.553512792E0,-6.118077393E0,-7.310797119E-1,2.937192078E0,6.825865940E0
3.563515792E0,-5.979765015E0,-6.881190491E-1,2.701282654E0,6.597577240E0
3.573518792E0,-5.911656647E0,-6.875202942E-1,2.467468872E0,6.442730097E0
3.583522792E0,-6.007457428E0,-7.632627869E-1,2.287992096E0,6.473563367E0
3.593525792E0,-6.218219147E0,-9.101074219E-1,2.171234894E0,6.648970284E0
3.603528792E0,-6.457122345E0,-1.035995636E0,2.033670959E0,6.848615445E0
3.613531792E0,-6.800957336E0,-1.158141632E0,1.823957062E0,7.135904434E0
3.623534792E0,-7.209008789E0,-1.229393463E0,1.665287018E0,7.500293118E0
3.633538792E0,-7.658074951E0,-1.237326965E0,1.579216003E0,7.916502584E0
3.643541792E0,-8.262368317E0,-1.259181519E0,1.575623474E0,8.504990160E0
3.653544792E0,-8.958420868E0,-1.333427124E0,1.594633942E0,9.196422660E0
3.663547667E0,-9.640252991E0,-1.501377869E0,1.616937561E0,9.889545000E0
3.673551667E0,-1.037103333E1,-1.784888306E0,1.649120636E0,1.065193679E1
3.683554667E0,-1.121003860E1,-2.205812988E0,1.740879822E0,1.155686978E1
3.693557667E0,-1.200967575E1,-2.692151642E0,1.911674652E0,1.245529976E1
3.703560667E0,-1.268656815E1,-3.079246674E0,2.177821198E0,1.323531928E1
3.713564667E0,-1.322499847E1,-3.265758820E0,2.528841248E0,1.385499200E1
3.723567667E0,-1.374486740E1,-3.386856995E0,2.907254333E0,1.445144657E1
3.733570667E0,-1.430320633E1,-3.566034393E0,3.237767029E0,1.509243015E1
3.743573667E0,-1.472053848E1,-3.716770935E0,3.469784546E0,1.557395403E1
3.753576667E0,-1.495689697E1,-3.730392609E0,3.680995331E0,1.584848014E1
3.763580667E0,-1.506392441E1,-3.591182098E0,3.905528412E0,1.597095988E1
3.773583667E0,-1.508787460E1,-3.478167114E0,4.095633087E0,1.601611117E1
3.783586667E0,-1.523441986E1,-3.713627472E0,4.205354919E0,1.623464159E1
3.793589667E0,-1.543170959E1,-4.241878967E0,4.234843597E0,1.655491161E1
3.803593667E0,-1.548245407E1,-4.810845795E0,4.224964142E0,1.675413213E1
3.813596667E0,-1.531944305E1,-5.230722656E0,4.263134766E0,1.673977637E1
3.823599667E0,-1.498264343E1,-5.402714996E0,4.195325775E0,1.647026690E1
3.833602667E0,-1.465662140E1,-5.225034485E0,4.006867676E0,1.606774797E1
3.843606667E0,-1.422896072E1,-4.747228088E0,3.798051910E0,1.547335439E1
3.853609667E0,-1.379186966E1,-4.123774567E0,3.508853302E0,1.481665404E1
3.863612667E0,-1.351988525E1,-3.755091248E0,3.144510956E0,1.437970642E1
3.873615667E0,-1.340402618E1,-3.801794128E0,2.741249542E0,1.419985935E1
3.883619667E0,-1.332109863E1,-4.189338226E0,2.351759491E0,1.416096735E1
3.893622667E0,-1.314222061E1,-4.792583771E0,2.100132751E0,1.414557809E1
3.903625667E0,-1.296004944E1,-5.448968811E0,2.133513336E0,1.421991637E1
3.913628667E0,-1.284673508E1,-6.145919495E0,2.421514435E0,1.444557582E1
3.923631667E0,-1.249990631E1,-6.816974030E0,2.722987518E0,1.449598061E1
3.933635667E0,-1.196132629E1,-7.110663300E0,3.012934570E0,1.423771871E1
3.943638667E0,-1.132320328E1,-6.941365356E0,3.302582245E0,1.368592470E1
3.953641667E0,-1.075049423E1,-6.447841644E0,3.517984314E0,1.302013831E1
3.963644667E0,-1.030247589E1,-5.858966217E0,3.552263031E0,1.237283586E1
3.973648667E0,-1.006447083E1,-5.235812073E0,3.494034119E0,1.187078664E1
3.983651667E0,-9.893226929E0,-4.568200378E0,3.461401978E0,1.143353390E1
3.993654667E0,-9.601034546E0,-3.928430786E0,3.475921783E0,1.094049656E1
4.003657667E0,-9.334888000E0,-3.398083649E0,3.435954895E0,1.051155995E1
4.013660667E0,-9.261540527E0,-3.082689514E0,3.376528473E0,1.032860359E1
4.023664667E0,-9.001980286E0,-2.784210205E0,3.298989716E0,9.983526865E0
4.033667667E0,-8.633746033E0,-2.569107513E0,3.178639984E0,9.552258169E0
4.043670667E0,-8.322992249E0,-2.475552063E0,3.011138306E0,9.190620865E0
4.053673667E0,-8.115523682E0,-2.478096771E0,2.875370636E0,8.959377463E0
4.063677667E0,-7.956254883E0,-2.489173737E0,2.864892426E0,8.815077212E0
4.073680667E0,-7.716453552E0,-2.444566498E0,2.867586823E0,8.587352035E0
4.083683667E0,-7.459288330E0,-2.474653931E0,2.802472229E0,8.343784816E0
4.093686667E0,-7.205416260E0,-2.618504791E0,2.666405182E0,8.116914895E0
4.103690667E0,-6.953190765E0,-2.713706818E0,2.558778992E0,7.890400271E0
4.113693667E0,-6.747219086E0,-2.830164642E0,2.495610352E0,7.730644754E0
4.123696667E0,-6.669081573E0,-3.003055115E0,2.465522919E0,7.718406074E0
4.133699667E0,-6.593039703E0,-3.206182709E0,2.471360779E0,7.736627443E0
4.143702667E0,-6.459367676E0,-3.397784271E0,2.479893036E0,7.708322658E0
4.153706667E0,-6.273454285E0,-3.605402527E0,2.437680817E0,7.635276276E0
4.163709667E0,-6.128854980E0,-3.861370239E0,2.408641205E0,7.633779925E0
4.173712667E0,-6.026916962E0,-4.097728729E0,2.381547546E0,7.667260105E0
4.183715667E0,-5.863606567E0,-4.300257568E0,2.315834198E0,7.631329187E0
4.193719667E0,-5.760021973E0,-4.541406097E0,2.227966919E0,7.665902364E0
4.203722667E0,-5.691314850E0,-4.851411438E0,2.121238861E0,7.773474897E0
4.213725667E0,-5.694458313E0,-5.120551758E0,2.091899872E0,7.938699570E0
4.223728667E0,-5.551355896E0,-5.201084290E0,2.107317810E0,7.893644179E0
4.233732667E0,-5.379662933E0,-5.166805573E0,2.121238861E0,7.754760306E0
4.243735667E0,-5.284760284E0,-5.166955261E0,2.058369598E0,7.672222842E0
4.253738667E0,-5.293741608E0,-5.271887054E0,1.961520996E0,7.724251287E0
4.263741667E0,-5.404660950E0,-5.403014374E0,1.905537415E0,7.876166399E0
4.273745667E0,-5.599405975E0,-5.461542664E0,1.843865662E0,8.036270038E0
4.283748667E0,-5.865402832E0,-5.495522003E0,1.817670135E0,8.240609030E0
4.293751667E0,-6.154451752E0,-5.601351929E0,1.825753326E0,8.519729749E0
4.303754667E0,-6.277495880E0,-5.695206757E0,1.775158539E0,8.659880043E0
4.313757667E0,-6.077811127E0,-5.642516327E0,1.750160522E0,8.475897619E0
4.323761667E0,-5.876180420E0,-5.518723755E0,1.779798889E0,8.255512843E0
4.333764667E0,-6.002517700E0,-5.562582550E0,1.929038544E0,8.407956534E0
4.343767667E0,-6.600224762E0,-5.830525360E0,2.143392792E0,9.063780974E0
4.353770667E0,-7.352260895E0,-6.201753387E0,2.301464081E0,9.890107293E0
4.363774667E0,-8.015531616E0,-6.589596863E0,2.353256378E0,1.063998823E1
4.373777667E0,-8.425379333E0,-6.823260956E0,2.339634705E0,1.109133885E1
4.383780667E0,-8.566835175E0,-6.799909515E0,2.281405792E0,1.117292472E1
4.393783667E0,-8.453820190E0,-6.265969849E0,2.391726379E0,1.079119127E1
4.403787667E0,-8.304730225E0,-5.434299316E0,2.561024323E0,1.024982921E1
4.413790667E0,-8.201594696E0,-4.757406921E0,2.725083160E0,9.865351205E0
4.423793667E0,-8.203989716E0,-4.216731262E0,2.879561920E0,9.663236862E0
4.433796667E0,-8.473579102E0,-3.919599152E0,3.103196869E0,9.838426252E0
4.443799667E0,-8.965156860E0,-3.813170471E0,3.374582520E0,1.031029164E1
4.453803667E0,-9.532028046E0,-4.098177795E0,3.512445831E0,1.095408123E1
4.463806667E0,-1.008722351E1,-4.837789764E0,3.568878479E0,1.174279275E1
4.473809667E0,-1.039857605E1,-5.576353912E0,3.554208984E0,1.232308842E1
4.483812667E0,-1.051159103E1,-6.071973267E0,3.446283417E0,1.261900451E1
4.493816667E0,-1.089644073E1,-6.423442383E0,3.363056488E0,1.308828414E1
4.503819667E0,-1.131242569E1,-6.454427948E0,3.380270691E0,1.345573651E1
4.513822667E0,-1.150672165E1,-6.083948364E0,3.202739868E0,1.340435054E1
4.523825667E0,-1.160117523E1,-5.507796478E0,2.806064758E0,1.314523063E1
4.533829667E0,-1.155297546E1,-4.718936920E0,2.335742798E0,1.269627119E1
4.543832667E0,-1.131961075E1,-3.885619812E0,1.812281342E0,1.210437906E1
4.553835667E0,-1.110136459E1,-3.175945587E0,1.298699341E0,1.161953296E1
4.563838667E0,-1.084809128E1,-2.590962067E0,9.891430664E-1,1.119698945E1
4.573841667E0,-1.065020279E1,-1.994452515E0,1.072070618E0,1.088825035E1
4.583845667E0,-1.059885956E1,-1.502276001E0,1.405128021E0,1.079662178E1
4.593848667E0,-1.039109161E1,-1.066232758E0,1.659000092E0,1.057657404E1
4.603851667E0,-1.009231293E1,-7.125183105E-1,1.937720490E0,1.030132143E1
4.613854667E0,-9.642648010E0,-3.900888062E-1,2.318528595E0,9.925140038E0
4.623858667E0,-9.127120056E0,-2.095642090E-1,2.722239075E0,9.526742531E0
4.633861667E0,-8.697812805E0,-2.001338196E-1,3.030448151E0,9.212796380E0
4.643864667E0,-8.296796722E0,-2.570155334E-1,3.145109711E0,8.876632691E0
4.653867667E0,-8.014633484E0,-3.688330078E-1,3.077300720E0,8.593030164E0
4.663871833E0,-7.858208771E0,-5.051994324E-1,2.770738220E0,8.347674037E0
4.673874833E0,-7.741750946E0,-5.977070618E-1,2.444416809E0,8.140462823E0
4.683877833E0,-7.733218689E0,-6.454577637E-1,2.189047852E0,8.062953399E0
4.693880833E0,-7.826774139E0,-7.134164429E-1,1.860780487E0,8.076500509E0
4.703883833E0,-7.971672821E0,-8.195457458E-1,1.432071991E0,8.140642050E0
4.713887833E0,-8.060288544E0,-8.928932190E-1,9.650431824E-1,8.166811988E0
4.723890833E0,-8.189619598E0,-9.836045837E-1,6.679110718E-1,8.275472938E0
4.733893833E0,-8.517437897E0,-1.104702759E0,5.406756592E-1,8.605779841E0
4.743896833E0,-8.872649231E0,-1.204395447E0,4.920268250E-1,8.967528264E0
4.753900833E0,-9.123527527E0,-1.309027863E0,4.435276794E-1,9.227622949E0
4.763903833E0,-9.439370728E0,-1.503922577E0,3.978726196E-1,9.566702957E0
4.773906833E0,-9.853858795E0,-1.716330872E0,4.001179504E-1,1.001021574E1
4.783909833E0,-1.035067566E1,-1.925895081E0,5.239105225E-1,1.054134909E1
4.793913833E0,-1.097158447E1,-2.126028900E0,6.951544189E-1,1.119727219E1
4.803916833E0,-1.171419022E1,-2.349514160E0,9.949809265E-1,1.198884716E1
4.813919833E0,-1.256187744E1,-2.575843506E0,1.424587555E0,1.290213875E1
4.823922833E0,-1.337663315E1,-2.850073242E0,1.922003174E0,1.381127540E1
4.833925833E0,-1.414708099E1,-3.139571228E0,2.386936340E0,1.468653374E1
4.843929833E0,-1.494162872E1,-3.497027893E0,2.658172302E0,1.557393184E1
4.853932833E0,-1.558349396E1,-3.809577942E0,2.822829895E0,1.628884700E1
4.863935833E0,-1.593047241E1,-3.882027283E0,2.929408264E0,1.665627569E1
4.873938833E0,-1.596879272E1,-3.690425720E0,3.044668579E0,1.667008068E1
4.883942833E0,-1.594948288E1,-3.471730499E0,3.188369751E0,1.663143465E1
4.893945833E0,-1.614991608E1,-3.599864044E0,3.248544617E0,1.686214258E1
4.903948833E0,-1.642175079E1,-4.203109589E0,3.187022552E0,1.724810546E1
4.913951833E0,-1.627550491E1,-4.872966614E0,3.129691772E0,1.727520866E1
4.923954833E0,-1.565504517E1,-5.311404877E0,3.007545776E0,1.680288048E1
4.933958833E0,-1.477592331E1,-5.234165497E0,2.866838379E0,1.593559413E1
4.943961833E0,-1.366089203E1,-4.750521240E0,2.779120789E0,1.472789650E1
4.953964833E0,-1.278132111E1,-4.173620911E0,2.705623627E0,1.371501659E1
4.963967833E0,-1.230486191E1,-3.745810547E0,2.583477631E0,1.311926369E1
4.973971833E0,-1.211221252E1,-3.600013733E0,2.531236267E0,1.288692935E1
4.983974833E0,-1.216535202E1,-3.866459656E0,2.463876343E0,1.300061486E1
4.993977833E0,-1.228106140E1,-4.522994385E0,2.535577240E0,1.333083266E1
5.003980833E0,-1.252071304E1,-5.454357605E0,2.699486389E0,1.392140434E1
5.013984833E0,-1.260513748E1,-6.366111603E0,2.955603790E0,1.442748979E1
5.023987833E0,-1.228615082E1,-6.969656525E0,3.367696838E0,1.452126014E1
5.033990833E0,-1.173694290E1,-7.359146576E0,3.758833466E0,1.435415257E1
5.043993833E0,-1.121452927E1,-7.520061951E0,4.116140442E0,1.411593463E1
5.053996833E0,-1.066502197E1,-7.284900970E0,4.386627960E0,1.364019724E1
5.064000833E0,-1.018691620E1,-6.661597137E0,4.509522400E0,1.298021303E1
5.074003833E0,-9.927655334E0,-5.866300964E0,4.417613525E0,1.234856820E1
5.084006833E0,-9.997709656E0,-5.161566467E0,4.129013672E0,1.198518755E1
5.094009833E0,-1.009994705E1,-4.588707733E0,3.734733582E0,1.170527249E1
5.104013833E0,-1.005414230E1,-4.071233826E0,3.204985199E0,1.131073174E1
5.114016833E0,-1.001118164E1,-3.513044586E0,2.733914795E0,1.095625530E1
5.124019833E0,-9.870324554E0,-3.009791107E0,2.400408325E0,1.059453205E1
5.134022833E0,-9.771230621E0,-2.653981018E0,2.172881470E0,1.035577023E1
5.144026833E0,-9.710906067E0,-2.431992645E0,2.073787537E0,1.022334973E1
5.154029833E0,-9.607022095E0,-2.242486725E0,2.014660492E0,1.006888659E1
5.164032833E0,-9.427096252E0,-2.118245087E0,1.978435822E0,9.862622080E0
5.174035833E0,-9.092691650E0,-2.070943451E0,1.908980255E0,9.518931339E0
5.184038833E0,-8.739725647E0,-2.141297150E0,1.786983948E0,9.173945144E0
5.194042833E0,-8.411308594E0,-2.289788361E0,1.653611298E0,8.872861620E0
5.204045833E0,-8.059540100E0,-2.447859650E0,1.660496979E0,8.585188041E0
5.214048833E0,-7.765102386E0,-2.563269653E0,1.830543365E0,8.379621435E0
5.224051833E0,-7.443271637E0,-2.707419891E0,2.019151154E0,8.173700907E0
5.234055833E0,-7.125033417E0,-2.904260559E0,2.119143219E0,7.980701634E0
5.244058833E0,-6.800208893E0,-3.089575195E0,2.199076996E0,7.786157943E0
5.254061833E0,-6.466702423E0,-3.299588470E0,2.231409760E0,7.595045347E0
5.264064833E0,-6.135890350E0,-3.539539490E0,2.222727814E0,7.424150398E0
5.274067833E0,-5.802234192E0,-3.764671326E0,2.191143494E0,7.255327809E0
5.284071833E0,-5.434898071E0,-3.892056427E0,2.170486450E0,7.028316421E0
5.294074833E0,-4.997208252E0,-3.984264679E0,2.182012482E0,6.753342418E0
5.304077833E0,-4.651876373E0,-4.091890869E0,2.215542755E0,6.579677376E0
5.314080833E0,-4.381388855E0,-4.239933014E0,2.173929291E0,6.472987627E0
5.324084833E0,-4.134701843E0,-4.419409790E0,2.098037109E0,6.405365090E0
5.334087833E0,-3.933220825E0,-4.643194427E0,1.947599945E0,6.389258650E0
5.344090833E0,-3.743864594E0,-4.812192993E0,1.770368500E0,6.348852504E0
5.354093833E0,-3.562292175E0,-4.812941437E0,1.646126862E0,6.209997139E0
5.364096833E0,-3.462749176E0,-4.715793457E0,1.565294952E0,6.056359308E0
5.374100833E0,-3.476370850E0,-4.608017578E0,1.469045105E0,5.956263410E0
5.384103833E0,-3.733236694E0,-4.603676605E0,1.394051056E0,6.088864660E0
5.394106833E0,-4.233646088E0,-4.785997467E0,1.350491638E0,6.530953882E0
5.404109833E0,-4.781357117E0,-4.912185059E0,1.385668488E0,6.993641046E0
5.414113833E0,-5.203329620E0,-4.889731750E0,1.483864288E0,7.292871105E0
5.424116833E0,-5.483397217E0,-4.846771088E0,1.564696198E0,7.483789762E0
5.434119833E0,-5.748645630E0,-4.863985291E0,1.679956512E0,7.715408827E0
5.444122833E0,-6.081104279E0,-4.983736267E0,1.857637024E0,8.078878124E0
5.454126833E0,-6.652166748E0,-5.324876862E0,2.048939209E0,8.763777035E0
5.464129833E0,-7.283254395E0,-5.840853882E0,2.102827148E0,9.569913827E0
5.474132833E0,-7.992778931E0,-6.432274017E0,2.032772827E0,1.045900710E1
5.484135833E0,-8.576564941E0,-6.961273956E0,1.936223602E0,1.121453357E1
5.494139833E0,-9.034762115E0,-7.268135834E0,1.952988739E0,1.175869423E1
5.504142833E0,-9.367669830E0,-7.245383148E0,2.095043335E0,1.202655485E1
5.514145833E0,-9.649683380E0,-6.815477142E0,2.242636414E0,1.202482998E1
5.524148833E0,-9.878557434E0,-6.072572021E0,2.491269379E0,1.186037314E1
5.534151833E0,-1.004111938E1,-5.281766510E0,2.789299622E0,1.168337829E1
5.544155833E0,-1.051668045E1,-4.806504822E0,3.030298462E0,1.195348339E1
5.554158833E0,-1.109732300E1,-4.716841278E0,3.243155823E0,1.248668207E1
5.564161833E0,-1.160746216E1,-4.832400970E0,3.390748901E0,1.302238285E1
5.574164833E0,-1.211176346E1,-5.291945343E0,3.604504395E0,1.370007122E1
5.584168833E0,-1.244362335E1,-5.818250885E0,3.891158295E0,1.427714672E1
5.594171833E0,-1.252191055E1,-6.122118988E0,4.180356903E0,1.455176857E1
5.604174833E0,-1.249511627E1,-6.194418640E0,4.445006561E0,1.463751469E1
5.614177833E0,-1.251981491E1,-6.004313965E0,4.596940613E0,1.462632608E1
5.624180833E0,-1.257011032E1,-5.565875702E0,4.510121155E0,1.446816639E1
5.634184833E0,-1.260618530E1,-4.908742218E0,4.216132507E0,1.416994818E1
5.644187833E0,-1.246981888E1,-4.163741455E0,3.704346771E0,1.365852520E1
5.654190833E0,-1.215876572E1,-3.413800964E0,3.073408813E0,1.299751755E1
5.664194292E0,-1.179127991E1,-2.741548920E0,2.494113464E0,1.236005559E1
5.674198292E0,-1.140732834E1,-2.155667267E0,1.975292358E0,1.177606985E1
5.684201292E0,-1.098520615E1,-1.722318420E0,1.637893982E0,1.123938751E1
5.694204292E0,-1.048749115E1,-1.313668213E0,1.551523590E0,1.068271596E1
5.704207292E0,-1.012090347E1,-9.690847778E-1,1.718276825E0,1.031136692E1
5.714210292E0,-9.716145172E0,-6.795867920E-1,1.915117493E0,9.926378505E0
5.724214292E0,-9.239236908E0,-4.963677979E-1,2.038161621E0,9.474385596E0
5.734217292E0,-8.807384949E0,-3.661386108E-1,2.007026367E0,9.040588585E0
5.744220292E0,-8.290659485E0,-3.116519165E-1,1.806144104E0,8.490837305E0
5.754223292E0,-7.863148499E0,-3.109034729E-1,1.607656860E0,8.031832036E0
5.764227292E0,-7.658823395E0,-3.412902832E-1,1.518442383E0,7.815351695E0
5.774230292E0,-7.498955841E0,-3.679348755E-1,1.573378143E0,7.671064695E0
5.784233292E0,-7.427853699E0,-3.908372498E-1,1.688937836E0,7.627468475E0
5.794236292E0,-7.506589966E0,-3.595523071E-1,1.772015076E0,7.721282808E0
5.804239292E0,-7.723039856E0,-4.893324280E-1,1.946701813E0,7.979626482E0
5.814243292E0,-8.080646210E0,-6.201603699E-1,2.149829407E0,8.384700861E0
5.824246292E0,-8.403674469E0,-6.762936401E-1,2.183060303E0,8.708896024E0
5.834249292E0,-8.707392883E0,-7.967930603E-1,2.097438354E0,8.991819485E0
5.844252292E0,-9.006620636E0,-9.590556335E-1,1.921105042E0,9.259030596E0
5.854256292E0,-9.294472046E0,-1.175954590E0,1.776505737E0,9.535515321E0
5.864259292E0,-9.696386261E0,-1.391057281E0,1.757345581E0,9.952045537E0
5.874262292E0,-1.018137772E1,-1.558708649E0,1.849703522E0,1.046477080E1
5.884265292E0,-1.073372910E1,-1.670077057E0,1.972298584E0,1.104047369E1
5.894268292E0,-1.128323639E1,-1.743574219E0,2.026036835E0,1.159552930E1
5.904272292E0,-1.171658524E1,-1.788780212E0,2.090402985E0,1.203527685E1
5.914275292E0,-1.217104019E1,-1.809137878E0,2.109263763E0,1.248423778E1
5.924278292E0,-1.268746628E1,-1.845661926E0,2.167193298E0,1.300288411E1
5.934281292E0,-1.309656555E1,-1.857337646E0,2.328258362E0,1.343095378E1
5.944285292E0,-1.350641327E1,-1.913321228E0,2.518213348E0,1.387174812E1
5.954288292E0,-1.393946274E1,-2.132315826E0,2.703378296E0,1.435839986E1
5.964291292E0,-1.436532715E1,-2.501597900E0,2.763403473E0,1.484105842E1
5.974294292E0,-1.446037949E1,-2.690505066E0,2.706521759E0,1.495548904E1
5.984298292E0,-1.470482117E1,-3.122806091E0,2.717598724E0,1.527642060E1
5.994301292E0,-1.504117172E1,-3.499123535E0,2.800675964E0,1.569472836E1
6.004304292E0,-1.510898071E1,-3.724704437E0,2.778072968E0,1.580735306E1
6.014307292E0,-1.519699768E1,-4.066294098E0,2.735112305E0,1.596760237E1
6.024310292E0,-1.525822037E1,-4.650080109E0,2.628983002E0,1.616626381E1
6.034314292E0,-1.514924698E1,-5.352718964E0,2.486479340E0,1.625834751E1
6.044317292E0,-1.482906281E1,-5.824388123E0,2.499651947E0,1.612677465E1
6.054320292E0,-1.405337585E1,-5.785169678E0,2.641407166E0,1.542538793E1
6.064323292E0,-1.304627014E1,-5.160219269E0,2.811453552E0,1.430864419E1
6.074327292E0,-1.248733246E1,-4.487817535E0,3.004851379E0,1.360526038E1
6.084330292E0,-1.249032623E1,-4.172273712E0,3.167712708E0,1.354439076E1
6.094333292E0,-1.269989044E1,-4.224964142E0,3.181783447E0,1.375722665E1
6.104336292E0,-1.272204437E1,-4.588108978E0,3.138822784E0,1.388356458E1
6.114339292E0,-1.260274246E1,-5.205275574E0,3.069965973E0,1.397672002E1
6.124343292E0,-1.250334915E1,-5.903423767E0,2.915337524E0,1.413093575E1
6.134346292E0,-1.243269608E1,-6.597230988E0,2.948568420E0,1.438017539E1
6.144349292E0,-1.214200058E1,-7.096143494E0,3.163072357E0,1.441486931E1
6.154352292E0,-1.178993271E1,-7.282805328E0,3.386707306E0,1.426574755E1
6.164356292E0,-1.141660904E1,-7.200326843E0,3.550317078E0,1.395666221E1
6.174359292E0,-1.115450409E1,-6.842870178E0,3.657194824E0,1.358760125E1
6.184362292E0,-1.108100693E1,-6.314618683E0,3.678899689E0,1.327393787E1
6.194365292E0,-1.105825424E1,-5.747298431E0,3.630550232E0,1.298065180E1
6.204368292E0,-1.085407883E1,-5.126389618E0,3.520978088E0,1.250952375E1
6.214372292E0,-1.058748322E1,-4.557273102E0,3.276386719E0,1.198324868E1
6.224375292E0,-1.044857208E1,-4.143383789E0,3.040028229E0,1.164397095E1
6.234378292E0,-1.032238449E1,-3.752995605E0,2.908451843E0,1.136202842E1
6.244381292E0,-1.014290771E1,-3.401676178E0,2.772983551E0,1.105167026E1
6.254385292E0,-9.874216461E0,-3.176843719E0,2.652484131E0,1.070645407E1
6.264388292E0,-9.599387970E0,-2.996768188E0,2.550097046E0,1.037457777E1
6.274391292E0,-9.276060333E0,-2.929557953E0,2.455044708E0,1.003268905E1
6.284394292E0,-8.940009155E0,-2.896925812E0,2.385289764E0,9.695645936E0
6.294397292E0,-8.596922607E0,-2.885100403E0,2.362537079E0,9.370830492E0
6.304401292E0,-8.228688354E0,-2.945724335E0,2.364632721E0,9.054285825E0
6.314404292E0,-7.887547760E0,-3.022514648E0,2.396217041E0,8.780140123E0
6.324407292E0,-7.587721252E0,-3.090473328E0,2.465073853E0,8.555765792E0
6.334410292E0,-7.364834747E0,-3.221900024E0,2.498304749E0,8.418013854E0
6.344414292E0,-7.065756683E0,-3.373085632E0,2.517315216E0,8.224323686E0
6.354417292E0,-6.812782745E0,-3.523373108E0,2.552641754E0,8.083572646E0
6.364420292E0,-6.551875305E0,-3.674109650E0,2.557132416E0,7.935053744E0
6.374423292E0,-6.261479187E0,-3.763922882E0,2.576891327E0,7.746844905E0
6.384426292E0,-5.949378204E0,-3.835324402E0,2.557132416E0,7.526203590E0
6.394430292E0,-5.654491425E0,-3.927083588E0,2.515219574E0,7.329501230E0
6.404433292E0,-5.329517212E0,-4.010310516E0,2.444716187E0,7.103730103E0
6.414436292E0,-5.033432922E0,-4.055217133E0,2.355651398E0,6.879631275E0
6.424439292E0,-4.720433807E0,-4.152963867E0,2.224524078E0,6.669191224E0
6.434442292E0,-4.480482788E0,-4.321213989E0,2.002835083E0,6.539033929E0
6.444446292E0,-4.287384338E0,-4.487069092E0,1.784588928E0,6.457570065E0
6.454449292E0,-4.127816162E0,-4.618495789E0,1.585203552E0,6.393922108E0
6.464452292E0,-4.040847015E0,-4.757556610E0,1.405277710E0,6.398249365E0
6.474455292E0,-4.066144409E0,-4.896168365E0,1.367855530E0,6.509763726E0
6.484459292E0,-4.242328033E0,-4.958887939E0,1.412462769E0,6.677047837E0
6.494462292E0,-4.384382629E0,-4.785398712E0,1.420396271E0,6.643822502E0
6.504465292E0,-4.584965515E0,-4.699477386E0,1.311123505E0,6.695225263E0
6.514468292E0,-4.942122803E0,-4.809199219E0,1.231040039E0,7.004886473E0
6.524471292E0,-5.334307251E0,-4.905748444E0,1.238075409E0,7.352144745E0
6.534475292E0,-5.744753723E0,-4.909640350E0,1.385967865E0,7.682946741E0
6.544478292E0,-6.045178986E0,-4.805457001E0,1.483864288E0,7.863743331E0
6.554481292E0,-6.280190277E0,-4.802313538E0,1.488654327E0,8.044818018E0
6.564484292E0,-6.717431030E0,-5.084925842E0,1.547781372E0,8.565977915E0
6.574488292E0,-7.294630737E0,-5.625451813E0,1.531315613E0,9.338215739E0
6.584491292E0,-7.804620209E0,-6.275400238E0,1.493893433E0,1.012543640E1
6.594494292E0,-8.147407379E0,-6.769223328E0,1.483265533E0,1.069592016E1
6.604497292E0,-8.263416138E0,-6.970404968E0,1.476679230E0,1.091105738E1
6.614500292E0,-8.232580261E0,-6.788084106E0,1.525028687E0,1.077864445E1
6.624504292E0,-8.202941895E0,-6.215375061E0,1.630708923E0,1.042009378E1
6.634507292E0,-8.288114777E0,-5.410648499E0,1.988165588E0,1.009558152E1
6.644510292E0,-8.326884155E0,-4.654720459E0,2.518063660E0,9.866309689E0
6.654513292E0,-8.744515686E0,-4.142485657E0,2.960842896E0,1.011895907E1
6.664517417E0,-9.466314697E0,-3.815266113E0,3.352428589E0,1.074272530E1
6.674520417E0,-1.030906219E1,-3.866609344E0,3.573518829E0,1.157572754E1
6.684523417E0,-1.103071152E1,-4.234095154E0,3.733835449E0,1.239135527E1
6.694526417E0,-1.148022675E1,-4.945116577E0,3.728296967E0,1.304415510E1
6.704529417E0,-1.158830200E1,-5.785319366E0,3.624113617E0,1.344964174E1
6.714533417E0,-1.152124146E1,-6.305038605E0,3.495680695E0,1.359089033E1
6.724536417E0,-1.170326294E1,-6.535110168E0,3.538940735E0,1.386355401E1
6.734539417E0,-1.193378357E1,-6.412964172E0,3.599265289E0,1.401770346E1
6.744542417E0,-1.220397171E1,-5.973777466E0,3.492836609E0,1.402935673E1
6.754546417E0,-1.233450027E1,-5.440436554E0,3.180885315E0,1.385121938E1
6.764549417E0,-1.239572296E1,-4.812492371E0,2.727927246E0,1.357407889E1
6.774552417E0,-1.238270004E1,-4.111649780E0,2.332749023E0,1.325438200E1
6.784555417E0,-1.225561432E1,-3.403622131E0,2.148033142E0,1.289956481E1
6.794558417E0,-1.192031158E1,-2.695145416E0,2.129172363E0,1.240528162E1
6.804562417E0,-1.148471741E1,-2.115401001E0,2.168839874E0,1.187760589E1
6.814565417E0,-1.102637054E1,-1.665736084E0,2.294428711E0,1.138507476E1
6.824568417E0,-1.055395294E1,-1.311123505E0,2.395019531E0,1.090142587E1
6.834571417E0,-1.013227982E1,-1.059347076E0,2.564167786E0,1.050524949E1
6.844574417E0,-9.822723541E0,-9.011260986E-1,2.887645111E0,1.027795798E1
6.854578417E0,-9.620344391E0,-7.821235657E-1,3.169958038E0,1.015930005E1
6.864581417E0,-9.416917419E0,-6.996450806E-1,3.415746918E0,1.004167137E1
6.874584417E0,-9.119635620E0,-5.944139099E-1,3.534001007E0,9.798481763E0
6.884587417E0,-8.624165955E0,-5.608836365E-1,3.414848785E0,9.292578818E0
6.894591417E0,-8.091723175E0,-7.132667542E-1,3.134182434E0,8.706769374E0
6.904594417E0,-7.738308105E0,-9.223818970E-1,2.700833588E0,8.247830185E0
6.914597417E0,-7.558382263E0,-1.132844238E0,2.356699219E0,7.997906583E0
6.924600417E0,-7.381300507E0,-1.284478912E0,2.174378357E0,7.801371962E0
6.934603417E0,-7.303761749E0,-1.419198761E0,2.010918274E0,7.707324641E0
6.944607417E0,-7.407196655E0,-1.580712891E0,1.870360565E0,7.801503969E0
6.954610417E0,-7.544610901E0,-1.676663361E0,1.685644684E0,7.910357240E0
6.964613417E0,-7.675588531E0,-1.642085266E0,1.591340790E0,8.008961783E0
6.974616417E0,-7.816445618E0,-1.507066040E0,1.542841644E0,8.108540589E0
6.984619417E0,-7.999514923E0,-1.447190552E0,1.478774872E0,8.262770396E0
6.994623417E0,-8.268206177E0,-1.525328064E0,1.448986816E0,8.531671693E0
7.004626417E0,-8.685388641E0,-1.624571686E0,1.546284485E0,8.970295688E0
7.014629417E0,-9.334438934E0,-1.874252472E0,1.746717682E0,9.679648506E0
7.024632417E0,-1.009575577E1,-2.188299408E0,1.982627106E0,1.051873324E1
7.034636417E0,-1.095047836E1,-2.493365021E0,2.191293182E0,1.144253518E1
7.044639417E0,-1.175969559E1,-2.718347168E0,2.435884552E0,1.231313872E1
7.054642417E0,-1.263118332E1,-3.041674805E0,2.624492340E0,1.325467984E1
7.064645417E0,-1.354727829E1,-3.519780579E0,2.719694366E0,1.425883382E1
7.074648417E0,-1.428689026E1,-3.855682068E0,2.728825378E0,1.504752489E1
7.084652417E0,-1.487292160E1,-3.942800903E0,2.696193237E0,1.562110540E1
7.094655417E0,-1.530926422E1,-3.809278564E0,2.654879150E0,1.599789228E1
7.104658417E0,-1.574964844E1,-3.689078522E0,2.617307281E0,1.638630598E1
7.114661417E0,-1.630334702E1,-3.950435028E0,2.546504517E0,1.696731405E1
7.124665417E0,-1.680076263E1,-4.614903259E0,2.555785217E0,1.760951434E1
7.134668417E0,-1.684881271E1,-5.313350830E0,2.718646545E0,1.787470911E1
7.144671417E0,-1.633553009E1,-5.740712128E0,2.888842621E0,1.755422259E1
7.154674417E0,-1.558319458E1,-5.728287964E0,3.075205078E0,1.688508580E1
7.164677417E0,-1.483834351E1,-5.264402618E0,3.320095825E0,1.609078647E1
7.174681417E0,-1.412477737E1,-4.341122589E0,3.423830109E0,1.516829898E1
7.184684417E0,-1.368095032E1,-3.526067505E0,3.400628357E0,1.453154592E1
7.194687417E0,-1.350162323E1,-3.188369751E0,3.233575745E0,1.424484270E1
7.204690417E0,-1.343067078E1,-3.297193451E0,3.051105194E0,1.416204947E1
7.214693417E0,-1.336615494E1,-3.832480316E0,2.855012970E0,1.419482660E1
7.224697417E0,-1.320748489E1,-4.750072174E0,2.770588531E0,1.430653710E1
7.234700417E0,-1.309252396E1,-5.666915588E0,2.767894135E0,1.453235541E1
7.244703417E0,-1.273327103E1,-6.387068024E0,2.900817719E0,1.453772927E1
7.254706417E0,-1.207913132E1,-6.817273407E0,3.034489746E0,1.419819559E1
7.264710417E0,-1.136496643E1,-7.031178589E0,3.218457184E0,1.374621406E1
7.274713417E0,-1.053224808E1,-6.889872437E0,3.416794739E0,1.304120692E1
7.284716417E0,-9.825118561E0,-6.425088959E0,3.545826416E0,1.226326253E1
7.294719417E0,-9.246122589E0,-5.814358978E0,3.590583344E0,1.149738414E1
7.304722417E0,-8.871451721E0,-5.208419037E0,3.447031860E0,1.084953055E1
7.314726417E0,-8.642128601E0,-4.656816101E0,3.248394928E0,1.034042516E1
7.324729417E0,-8.575367432E0,-4.158202972E0,3.006647644E0,9.993373234E0
7.334732417E0,-8.520431671E0,-3.822002106E0,2.810555420E0,9.752162721E0
7.344735417E0,-8.405919800E0,-3.484154663E0,2.669548645E0,9.482895727E0
7.354738417E0,-8.225095825E0,-3.202290802E0,2.499053192E0,9.173447257E0
7.364742417E0,-8.039032745E0,-3.010539551E0,2.325563965E0,8.893685604E0
7.374745417E0,-7.854616241E0,-2.831212463E0,2.239642639E0,8.644464094E0
7.384748417E0,-7.686665497E0,-2.710563354E0,2.244282990E0,8.453921356E0
7.394751417E0,-7.537575531E0,-2.655028839E0,2.238145752E0,8.299007135E0
7.404755417E0,-7.366930389E0,-2.646945648E0,2.174378357E0,8.124401877E0
7.414758417E0,-7.191345520E0,-2.695893860E0,2.137255554E0,7.971897854E0
7.424761417E0,-7.063062286E0,-2.778072968E0,2.135010223E0,7.884339346E0
7.434764417E0,-6.794969788E0,-2.777174835E0,2.131717072E0,7.643855843E0
7.444767417E0,-6.699767761E0,-2.681673431E0,2.000739441E0,7.488739464E0
7.454771417E0,-6.886130219E0,-2.891836395E0,1.877695312E0,7.701119841E0
7.464774417E0,-6.732699280E0,-2.981499939E0,2.001487885E0,7.630500326E0
7.474777417E0,-6.607559509E0,-2.929258575E0,2.187401276E0,7.551498051E0
7.484780417E0,-6.446045380E0,-3.002306671E0,2.288441162E0,7.470094332E0
7.494783417E0,-6.385870514E0,-3.163222046E0,2.383493500E0,7.514409970E0
7.504787417E0,-6.409970398E0,-3.256029053E0,2.482437744E0,7.606046466E0
7.514790417E0,-6.481970673E0,-3.439996490E0,2.580633545E0,7.778765271E0
7.524793417E0,-6.689139862E0,-3.745361481E0,2.570903778E0,8.085905698E0
7.534796417E0,-6.814279633E0,-4.103716278E0,2.399809570E0,8.308668977E0
7.544800417E0,-6.872658234E0,-4.486620026E0,2.167792053E0,8.488964179E0
7.554803417E0,-6.872957611E0,-4.885390778E0,1.871258698E0,8.637487973E0
7.564806417E0,-6.827302551E0,-5.241350555E0,1.675316162E0,8.768722827E0
7.574809417E0,-6.807393951E0,-5.465135193E0,1.555116119E0,8.867169855E0
7.584812417E0,-6.705306244E0,-5.572462006E0,1.465302887E0,8.840847085E0
7.594816417E0,-6.565047913E0,-5.595364380E0,1.387315063E0,8.736852965E0
7.604819417E0,-6.690487061E0,-5.726342010E0,1.416654053E0,8.919670321E0
7.614822417E0,-7.025041351E0,-5.880671082E0,1.429826660E0,9.272427009E0
7.624825417E0,-7.192243652E0,-5.840255127E0,1.458716583E0,9.378955314E0
7.634828417E0,-7.236401825E0,-5.674100647E0,1.523082733E0,9.320982273E0
7.644832417E0,-7.306306458E0,-5.514083405E0,1.650617523E0,9.301170252E0
7.654835417E0,-7.551646271E0,-5.478008423E0,1.854942627E0,9.511926715E0
7.664838208E0,-7.995772705E0,-5.720653839E0,2.161505127E0,1.006629852E1
7.674841208E0,-8.618777161E0,-6.217620392E0,2.454595642E0,1.090720692E1
7.684845208E0,-8.940009155E0,-6.730453949E0,2.526446228E0,1.147195295E1
7.694848208E0,-8.841064911E0,-7.101532288E0,2.461780701E0,1.160416106E1
7.704851208E0,-8.418793030E0,-7.193441162E0,2.470312958E0,1.134566516E1
7.714854208E0,-7.801027679E0,-6.807094574E0,2.631228333E0,1.068250588E1
7.724857208E0,-7.278164978E0,-6.071524200E0,2.901865540E0,9.912412177E0
7.734861208E0,-7.159162445E0,-5.278922424E0,3.134781189E0,9.431197272E0
7.744864208E0,-7.284002838E0,-4.575834503E0,3.257975006E0,9.198334626E0
7.754867208E0,-7.370971985E0,-4.026327209E0,3.382216644E0,9.054387236E0
7.764870208E0,-7.733817444E0,-3.837869110E0,3.585344238E0,9.348575553E0
7.774873208E0,-8.345894623E0,-4.187541962E0,3.846551056E0,1.009878308E1
7.784877208E0,-8.996741180E0,-4.827311554E0,4.030368805E0,1.097670995E1
7.794880208E0,-9.367520142E0,-5.449417877E0,4.046385498E0,1.156805188E1
7.804883208E0,-9.481582947E0,-5.945336609E0,3.972139893E0,1.187540896E1
7.814886208E0,-9.650880890E0,-6.260581055E0,3.903582458E0,1.214793534E1
7.824890208E0,-1.000444565E1,-6.370452576E0,3.886068878E0,1.248091063E1
7.834893208E0,-1.041369461E1,-6.147865448E0,3.838767242E0,1.268768769E1
7.844896208E0,-1.074989548E1,-5.544919281E0,3.549568634E0,1.260578518E1
7.854899208E0,-1.076815750E1,-4.700974274E0,3.026406555E0,1.213307511E1
7.864902208E0,-1.046473846E1,-3.745361481E0,2.408790894E0,1.137280780E1
7.874906208E0,-1.019649628E1,-2.922821960E0,1.700314178E0,1.074255523E1
7.884909208E0,-9.909093933E0,-2.215542755E0,1.171463928E0,1.022111051E1
7.894912208E0,-9.611812134E0,-1.595232697E0,8.246351624E-1,9.778124718E0
7.904915208E0,-9.332942047E0,-1.121318207E0,6.956034851E-1,9.425763947E0
7.914918208E0,-9.040899353E0,-7.455995178E-1,7.442523193E-1,9.102070713E0
7.924922208E0,-8.776698761E0,-4.911286926E-1,8.303233337E-1,8.829557485E0
7.934925208E0,-8.510552216E0,-3.891906738E-1,9.379495239E-1,8.570922804E0
7.944928208E0,-8.197403412E0,-3.547622681E-1,1.082399139E0,8.276162569E0
7.954931208E0,-7.852520599E0,-4.273612976E-1,1.264270935E0,7.965117604E0
7.964935208E0,-7.419770508E0,-5.278024292E-1,1.494492188E0,7.587165261E0
7.974938208E0,-7.042255554E0,-6.354286194E-1,1.682351532E0,7.268248723E0
7.984941208E0,-6.747368774E0,-7.533833313E-1,1.742526398E0,7.009348762E0
7.994944208E0,-6.559659119E0,-9.048683167E-1,1.773961029E0,6.855279145E0
8.004947208E0,-6.519093475E0,-1.038240967E0,1.898951111E0,6.868954751E0
8.014951208E0,-6.562652893E0,-1.178050232E0,2.027234344E0,6.968923477E0
8.024954208E0,-6.682254181E0,-1.351689148E0,2.143692169E0,7.146677592E0
8.034957208E0,-6.821165314E0,-1.584604797E0,2.283800812E0,7.365800347E0
8.044960208E0,-6.994504852E0,-1.778302002E0,2.415526886E0,7.610533902E0
8.054964208E0,-7.271129608E0,-1.905387726E0,2.482138367E0,7.915859968E0
8.064967208E0,-7.589966583E0,-2.038760376E0,2.465073853E0,8.236548167E0
8.074970208E0,-7.923922119E0,-2.193239136E0,2.398162994E0,8.564462937E0
8.084973208E0,-8.374485168E0,-2.335443420E0,2.300865326E0,8.993346377E0
8.094976208E0,-9.044641571E0,-2.500250702E0,2.210902405E0,9.640792715E0
8.104980208E0,-9.728419647E0,-2.655028839E0,2.113155670E0,1.030323997E1
8.114983208E0,-1.037058426E1,-2.805316315E0,1.989063721E0,1.092589548E1
8.124986208E0,-1.106873245E1,-2.928510132E0,1.894610138E0,1.160528144E1
8.134989208E0,-1.182735489E1,-2.995271301E0,1.854792938E0,1.234091693E1
8.144992208E0,-1.263687149E1,-3.110381927E0,2.007026367E0,1.316788334E1
8.154996208E0,-1.350596420E1,-3.338507538E0,2.170187073E0,1.408071069E1
8.164999208E0,-1.433029999E1,-3.582051086E0,2.261197815E0,1.494327954E1
8.175002208E0,-1.501692215E1,-3.706143036E0,2.357896729E0,1.564618561E1
8.185005208E0,-1.551373901E1,-3.707340546E0,2.468217316E0,1.614040176E1
8.195009208E0,-1.595157852E1,-3.684288483E0,2.575843506E0,1.657292396E1
8.205012208E0,-1.633927231E1,-3.857478333E0,2.561174011E0,1.698268445E1
8.215015208E0,-1.662502808E1,-4.348607025E0,2.396067352E0,1.735059308E1
8.225018208E0,-1.670002213E1,-4.897216187E0,2.343077545E0,1.756028125E1
8.235021208E0,-1.645153885E1,-5.164410553E0,2.477198639E0,1.742012572E1
8.245025208E0,-1.591385696E1,-5.083578644E0,2.693498840E0,1.692183652E1
8.255028208E0,-1.534249512E1,-4.751269684E0,2.852767639E0,1.631272519E1
8.265031208E0,-1.469419327E1,-4.001329193E0,2.856210480E0,1.549476974E1
8.275034208E0,-1.413241150E1,-3.241808624E0,2.747237091E0,1.475742828E1
8.285037208E0,-1.369606888E1,-2.830913086E0,2.668201447E0,1.423782535E1
8.295041208E0,-1.330927322E1,-2.789449310E0,2.650687866E0,1.385438297E1
8.305044208E0,-1.302636154E1,-3.162623291E0,2.695145416E0,1.367304245E1
8.315047208E0,-1.276814850E1,-3.884871368E0,2.805316315E0,1.363772860E1
8.325050208E0,-1.243224701E1,-4.751269684E0,2.958298187E0,1.363403306E1
8.335054208E0,-1.226684097E1,-5.542823639E0,3.186872864E0,1.383309221E1
8.345057208E0,-1.197674423E1,-6.163582764E0,3.438948669E0,1.390174532E1
8.355060208E0,-1.155402328E1,-6.537654877E0,3.606001282E0,1.375643960E1
8.365063208E0,-1.108894043E1,-6.564149780E0,3.726051636E0,1.341402710E1
8.375066208E0,-1.065409470E1,-6.327192535E0,3.752247162E0,1.294690920E1
8.385070208E0,-1.029244675E1,-5.892795868E0,3.690425720E0,1.242089953E1
8.395073208E0,-1.004650818E1,-5.335654449E0,3.480562134E0,1.189604337E1
8.405076208E0,-9.947863312E0,-4.723876648E0,3.213218079E0,1.147169410E1
8.415079208E0,-9.839937744E0,-4.207300873E0,3.047512665E0,1.112713300E1
8.425082208E0,-9.619895325E0,-3.790118408E0,2.912493439E0,1.074197382E1
8.435086208E0,-9.406439209E0,-3.448079681E0,2.775827637E0,1.039594013E1
8.445089208E0,-9.285790100E0,-3.194357300E0,2.716401215E0,1.018865310E1
8.455092208E0,-9.215735779E0,-3.010689240E0,2.716999969E0,1.006857112E1
8.465095208E0,-9.084758148E0,-2.780168610E0,2.709964600E0,9.879578748E0
8.475099208E0,-8.879684601E0,-2.623594208E0,2.685265961E0,9.640679357E0
8.485102208E0,-8.698261871E0,-2.546654205E0,2.605332184E0,9.430427510E0
8.495105208E0,-8.484656067E0,-2.499651947E0,2.501148834E0,9.192028825E0
8.505108208E0,-8.231682129E0,-2.503843231E0,2.433788910E0,8.941652535E0
8.515111208E0,-8.011490021E0,-2.547402649E0,2.422262878E0,8.748747914E0
8.525115208E0,-7.792645111E0,-2.593656464E0,2.434387665E0,8.566131856E0
8.535118208E0,-7.569010162E0,-2.704725494E0,2.445165253E0,8.401445587E0
8.545121208E0,-7.363936615E0,-2.822231140E0,2.509082336E0,8.275750434E0
8.555124208E0,-7.188351746E0,-2.953657837E0,2.542163544E0,8.176740849E0
8.565128208E0,-6.915319519E0,-3.115171967E0,2.537373505E0,7.997762483E0
8.575131208E0,-6.565347290E0,-3.402125244E0,2.582429810E0,7.832444378E0
8.585134208E0,-6.439010010E0,-3.552861786E0,2.563269653E0,7.788069600E0
8.595137208E0,-6.176455994E0,-3.654500427E0,2.423759766E0,7.574865901E0
8.605140208E0,-6.059249725E0,-3.947291565E0,2.362237701E0,7.607613613E0
8.615144208E0,-5.872438202E0,-4.090244293E0,2.307751007E0,7.519397817E0
8.625147208E0,-5.726042633E0,-4.200864258E0,2.149380341E0,7.419882789E0
8.635150208E0,-5.745801544E0,-4.371060333E0,1.882485352E0,7.460841435E0
8.645153208E0,-5.711971893E0,-4.548142090E0,1.579365692E0,7.470382545E0
8.655157208E0,-5.739664307E0,-4.640649719E0,1.326541443E0,7.499272523E0
8.665160042E0,-5.705235901E0,-4.619543610E0,1.165925446E0,7.432986075E0
8.675163042E0,-5.671406250E0,-4.568948822E0,1.065184937E0,7.360350613E0
8.685166042E0,-5.653144226E0,-4.607269135E0,9.696835327E-1,7.356986793E0
8.695169042E0,-5.681285706E0,-4.753065948E0,8.987310791E-1,7.461659382E0
8.705173042E0,-5.797893219E0,-4.955894165E0,9.246272278E-1,7.683188678E0
8.715176042E0,-6.083948364E0,-5.274431763E0,1.026565247E0,8.117135845E0
8.725179042E0,-6.358477478E0,-5.644162903E0,1.201251984E0,8.586606841E0
8.735182042E0,-6.365662537E0,-5.864953766E0,1.377734985E0,8.764559082E0
8.745185042E0,-6.218069458E0,-5.920637970E0,1.594783630E0,8.732793172E0
8.755189042E0,-6.314918060E0,-5.956413574E0,1.854044495E0,8.876628513E0
8.765192042E0,-6.852150879E0,-6.240373077E0,2.061363373E0,9.494390279E0
8.775195042E0,-7.635471954E0,-6.822362823E0,2.156415710E0,1.046399518E1
8.785198042E0,-8.300838318E0,-7.342082062E0,2.043849792E0,1.126886897E1
8.795202042E0,-8.670270081E0,-7.657176819E0,1.888622589E0,1.172061583E1
8.805205042E0,-8.631949768E0,-7.545359344E0,1.915716248E0,1.162381061E1
8.815208042E0,-8.208330688E0,-6.939269714E0,2.160906372E0,1.096356116E1
8.825211042E0,-7.875572662E0,-6.188730469E0,2.586172028E0,1.034472403E1
8.835214042E0,-7.788453827E0,-5.456453247E0,3.044219513E0,9.984997120E0
8.845218042E0,-7.784262543E0,-4.903203735E0,3.449875946E0,9.825364840E0
8.855221042E0,-8.039332123E0,-4.417463837E0,3.884871368E0,9.961780628E0
8.865224042E0,-8.611143036E0,-4.244423676E0,4.382736053E0,1.055344930E1
8.875227042E0,-9.533674622E0,-4.577181702E0,4.924459534E0,1.166584098E1
8.885231042E0,-1.044333298E1,-5.297034760E0,5.229076080E0,1.282439151E1
8.895234042E0,-1.107307343E1,-6.008505249E0,5.190755768E0,1.362567561E1
8.905237042E0,-1.136122421E1,-6.373745728E0,4.919819183E0,1.392503756E1
8.915240042E0,-1.168440216E1,-6.701713715E0,4.460723877E0,1.418930154E1
8.925243042E0,-1.207838287E1,-6.819219360E0,3.877985687E0,1.440235601E1
8.935247042E0,-1.229348557E1,-6.471043396E0,3.148851929E0,1.424498011E1
8.945250042E0,-1.211924789E1,-5.738915863E0,2.303410034E0,1.360577166E1
8.955253042E0,-1.160701309E1,-4.728816376E0,1.358724518E0,1.260676761E1
8.965256042E0,-1.100122284E1,-3.717220001E0,5.162763977E-1,1.162373304E1
8.975260042E0,-1.046728317E1,-2.995271301E0,7.155120850E-2,1.088764377E1
8.985263042E0,-1.011611343E1,-2.433489532E0,3.233276367E-2,1.040474256E1
8.995266042E0,-9.746531982E0,-1.925895081E0,2.749781799E-1,9.938791201E0
9.005269042E0,-9.403894501E0,-1.545536041E0,7.659571838E-1,9.560784688E0
9.015272042E0,-9.150621185E0,-1.275347900E0,1.252295837E0,9.323552178E0
9.025276042E0,-8.766070862E0,-1.022523651E0,1.722917175E0,8.992107460E0
9.035279042E0,-8.272846527E0,-8.707392883E-1,2.138902130E0,8.589125619E0
9.045282042E0,-7.747139740E0,-7.526348877E-1,2.425556030E0,8.152788203E0
9.055285042E0,-7.203619995E0,-6.727011108E-1,2.454895020E0,7.640103231E0
9.065288042E0,-6.780150604E0,-6.664141846E-1,2.258503418E0,7.177422084E0
9.075292042E0,-6.536008301E0,-7.894583130E-1,2.020198975E0,6.886497864E0
9.085295042E0,-6.429579620E0,-8.756790161E-1,1.969304810E0,6.781184946E0
9.095298042E0,-6.407725067E0,-9.062155151E-1,1.969604187E0,6.764577426E0
9.105301042E0,-6.419400787E0,-9.499246216E-1,1.986519012E0,6.786554431E0
9.115305042E0,-6.565047913E0,-1.028511200E0,1.965113525E0,6.929600317E0
9.125308042E0,-6.734046478E0,-1.165775757E0,1.911824341E0,7.096582797E0
9.135311042E0,-6.882687378E0,-1.362616425E0,1.924398193E0,7.275398097E0
9.145314042E0,-7.010222168E0,-1.420695648E0,1.922452240E0,7.406579074E0
9.155317042E0,-7.256011047E0,-1.443448334E0,1.818418579E0,7.618391270E0
9.165321042E0,-7.611222382E0,-1.552721100E0,1.672172699E0,7.945930436E0
9.175324042E0,-7.942034454E0,-1.666035461E0,1.536704407E0,8.259118952E0
9.185327042E0,-8.362210693E0,-1.802252197E0,1.483265533E0,8.681863700E0
9.195330042E0,-8.928183746E0,-2.033371582E0,1.581910400E0,9.292443463E0
9.205334042E0,-9.556726685E0,-2.264940033E0,1.733694763E0,9.973298141E0
9.215337042E0,-1.016595978E1,-2.566263428E0,1.841470642E0,1.064534923E1
9.225340042E0,-1.073926758E1,-3.015479279E0,1.997895355E0,1.133210348E1
9.235343042E0,-1.131721573E1,-3.378773804E0,2.224224701E0,1.201843001E1
9.245346042E0,-1.184965851E1,-3.582350464E0,2.402953033E0,1.261038560E1
9.255350042E0,-1.237865845E1,-3.791315918E0,2.516866150E0,1.318862679E1
9.265353042E0,-1.290990372E1,-3.976780243E0,2.550246735E0,1.374715074E1
9.275356042E0,-1.338262070E1,-4.150269470E0,2.599194946E0,1.425044167E1
9.285359042E0,-1.376103378E1,-4.182602234E0,2.686164093E0,1.463132563E1
9.295363042E0,-1.397434021E1,-3.958667908E0,2.843486938E0,1.479995452E1
9.305366042E0,-1.409558807E1,-3.596421204E0,2.960393829E0,1.484532857E1
9.315369042E0,-1.428075302E1,-3.349434814E0,3.054248657E0,1.498289209E1
9.325372042E0,-1.469434296E1,-3.435954895E0,3.047063599E0,1.539526218E1
9.335375042E0,-1.514056503E1,-3.953129425E0,2.854114838E0,1.590628534E1
9.345379042E0,-1.532528091E1,-4.571643219E0,2.718796234E0,1.622208401E1
9.355382042E0,-1.512260239E1,-4.957391052E0,2.773731995E0,1.615433125E1
9.365385042E0,-1.470287521E1,-5.051545258E0,2.940335541E0,1.582208021E1
9.375388042E0,-1.418659882E1,-4.809348907E0,3.093018036E0,1.529562628E1
9.385391042E0,-1.360281281E1,-4.256099396E0,3.227438507E0,1.461394052E1
9.395395042E0,-1.329190933E1,-3.586541748E0,3.377875671E0,1.417561919E1
9.405398042E0,-1.326316910E1,-3.292403412E0,3.460354156E0,1.409700768E1
9.415401042E0,-1.329146027E1,-3.412753143E0,3.345842285E0,1.412460480E1
9.425404042E0,-1.324595490E1,-3.938160553E0,3.202889557E0,1.418530687E1
9.435408042E0,-1.306677750E1,-4.727618866E0,3.156336365E0,1.424968468E1
9.445411042E0,-1.295211594E1,-5.567821655E0,3.236868896E0,1.446496683E1
9.455414042E0,-1.294912216E1,-6.239325256E0,3.455564117E0,1.478343221E1
9.465417042E0,-1.267564087E1,-6.668782196E0,3.823049927E0,1.482431240E1
9.475420042E0,-1.228345642E1,-6.767127686E0,4.167184296E0,1.463019972E1
9.485424042E0,-1.183019897E1,-6.474935303E0,4.315525818E0,1.415987846E1
9.495427042E0,-1.133712433E1,-5.894143066E0,4.252506866E0,1.346681570E1
9.505430042E0,-1.092293564E1,-5.202281799E0,3.963907013E0,1.273133213E1
9.515433042E0,-1.054721695E1,-4.675826569E0,3.543880463E0,1.206922650E1
9.525437042E0,-1.014575180E1,-4.236041107E0,3.203937378E0,1.145187926E1
9.535440042E0,-9.775571594E0,-3.813320160E0,2.809507599E0,1.086262140E1
9.545443042E0,-9.406588898E0,-3.539988556E0,2.545007629E0,1.036785887E1
9.555446042E0,-9.125473480E0,-3.287463684E0,2.330803070E0,9.975686777E0
9.565449042E0,-8.917256470E0,-3.069217529E0,2.215692444E0,9.687458500E0
9.575453042E0,-8.704997864E0,-2.913840637E0,2.173180847E0,9.433460132E0
9.585456042E0,-8.464597778E0,-2.773731995E0,2.201771393E0,9.175554588E0
9.595459042E0,-8.171656952E0,-2.649490356E0,2.258802795E0,8.882452733E0
9.605462042E0,-7.915689240E0,-2.628983002E0,2.298320618E0,8.651703036E0
9.615466042E0,-7.666607208E0,-2.658022614E0,2.340083771E0,8.444995107E0
9.625469042E0,-7.402256927E0,-2.677781525E0,2.307601318E0,8.202983930E0
9.635472042E0,-7.169341278E0,-2.739153900E0,2.237397308E0,7.994270771E0
9.645475042E0,-6.971901855E0,-2.786305847E0,2.190544739E0,7.821087009E0
9.655478042E0,-6.896907806E0,-2.859353943E0,2.196831665E0,7.782628838E0
9.665482292E0,-6.824757843E0,-2.960393829E0,2.223625946E0,7.764390742E0
9.675485292E0,-6.761289825E0,-3.090024261E0,2.201771393E0,7.753134031E0
9.685488292E0,-6.690337372E0,-3.263663177E0,2.184856567E0,7.757944941E0
9.695491292E0,-6.561605072E0,-3.417842560E0,2.242486725E0,7.730786221E0
9.705494292E0,-6.405180359E0,-3.553011475E0,2.287093964E0,7.673397212E0
9.715498292E0,-6.304739227E0,-3.758534088E0,2.299069061E0,7.691686016E0
9.725501292E0,-6.217171326E0,-3.996988220E0,2.304308167E0,7.742026237E0
9.735504292E0,-6.088289337E0,-4.236041107E0,2.261946259E0,7.754206097E0
9.745507292E0,-6.026318207E0,-4.558021545E0,2.055375824E0,7.830494321E0
9.755511292E0,-5.921386414E0,-4.852309570E0,1.852397919E0,7.876490543E0
9.765514292E0,-5.727988586E0,-5.046455841E0,1.651815033E0,7.810573776E0
9.775517292E0,-5.538332977E0,-5.173990631E0,1.517244873E0,7.729511189E0
9.785520292E0,-5.407804413E0,-5.207071838E0,1.414408722E0,7.639273377E0
9.795523292E0,-5.448968811E0,-5.239404602E0,1.362915802E0,7.681156239E0
9.805527292E0,-5.537883911E0,-5.219496002E0,1.260079651E0,7.713565807E0
9.815530292E0,-5.617667999E0,-5.207969971E0,1.131796417E0,7.743520394E0
9.825533292E0,-5.871689758E0,-5.286706238E0,1.042282562E0,7.969463997E0
9.835536292E0,-6.278843079E0,-5.480104065E0,9.991722107E-1,8.393673574E0
9.845539292E0,-6.511010284E0,-5.622607727E0,9.979747009E-1,8.660422973E0
9.855543292E0,-6.547085266E0,-5.609435120E0,1.029858398E0,8.682781591E0
9.865546292E0,-6.635700989E0,-5.610033875E0,1.137634277E0,8.763516385E0
9.875549292E0,-7.047344971E0,-5.854924622E0,1.354682922E0,9.261769770E0
9.885552292E0,-7.804320831E0,-6.382727051E0,1.614093475E0,1.021038324E1
9.895556292E0,-8.557554474E0,-6.959477692E0,1.847308502E0,1.118385519E1
9.905559292E0,-9.009464722E0,-7.366631012E0,1.921703796E0,1.179536572E1
9.915562292E0,-9.107211456E0,-7.548502808E0,2.040406952E0,1.200351847E1
9.925565292E0,-8.837771759E0,-7.427853699E0,2.257156219E0,1.176324676E1
9.935568292E0,-8.372389526E0,-6.900650024E0,2.565814362E0,1.114895872E1
9.945572292E0,-8.002059631E0,-6.114634552E0,2.960094452E0,1.049685063E1
9.955575292E0,-7.710615692E0,-5.349874878E0,3.346890106E0,9.963755765E0
9.965578292E0,-7.688761139E0,-4.790787506E0,3.609593811E0,9.751813178E0
9.975581292E0,-8.004304962E0,-4.423900452E0,3.996688843E0,9.980647015E0
9.985585292E0,-8.450377350E0,-4.295467529E0,4.412524109E0,1.045611245E1
9.995588292E0,-9.067244568E0,-4.599036255E0,4.746180267E0,1.122017316E1
1.000559129E1,-9.679920502E0,-5.288352814E0,4.892426147E0,1.206662215E1
1.001559429E1,-1.010309052E1,-5.910459137E0,4.877906342E0,1.268069144E1
1.002559729E1,-1.023047562E1,-6.224955139E0,4.834197235E0,1.291441678E1
1.003560129E1,-1.033660492E1,-6.370751953E0,4.700375519E0,1.302019246E1
1.004560429E1,-1.056996964E1,-6.251150665E0,4.420906677E0,1.305164965E1
1.005560729E1,-1.077639038E1,-5.843697968E0,3.900289307E0,1.286435588E1
1.006561029E1,-1.087892715E1,-5.244344330E0,3.204536133E0,1.249492918E1
1.007561429E1,-1.070543793E1,-4.457580414E0,2.509531403E0,1.186482921E1
1.008561729E1,-1.047821045E1,-3.614982605E0,1.803449707E0,1.123002334E1
1.009562029E1,-1.040890457E1,-2.884052582E0,1.142574005E0,1.086133183E1
1.010562329E1,-1.036953644E1,-2.260000305E0,6.282435608E-1,1.063153692E1
1.011562629E1,-1.027807663E1,-1.629062347E0,3.971241760E-1,1.041395271E1
1.012563029E1,-1.006776398E1,-9.445358276E-1,4.653822327E-1,1.012267751E1
1.013563329E1,-9.845176849E0,-5.114863586E-1,7.481442261E-1,9.886801569E0
1.014563629E1,-9.678124237E0,-3.320095825E-1,1.050665131E0,9.740647634E0
1.015563929E1,-9.515262909E0,-2.718347168E-1,1.288520508E0,9.605956873E0
1.016564229E1,-9.254056091E0,-2.682421875E-1,1.479373627E0,9.375396223E0
1.017564629E1,-8.930279388E0,-3.772155762E-1,1.567689972E0,9.074680898E0
1.018564929E1,-8.640182648E0,-5.840853882E-1,1.664987640E0,8.818508704E0
1.019565229E1,-8.369246063E0,-7.927514648E-1,1.766177216E0,8.590233787E0
1.020565529E1,-8.193960571E0,-9.589059448E-1,1.795516205E0,8.443007100E0
1.021565929E1,-8.110733643E0,-1.183139648E0,1.790127411E0,8.389778054E0
1.022566229E1,-8.020471344E0,-1.306632843E0,1.757046204E0,8.313991901E0
1.023566529E1,-7.955656128E0,-1.357676697E0,1.672023010E0,8.242051406E0
1.024566829E1,-7.914042664E0,-1.428329773E0,1.581161957E0,8.195869103E0
1.025567129E1,-7.893235931E0,-1.454824677E0,1.405577087E0,8.148333281E0
1.026567529E1,-8.003107452E0,-1.503473511E0,1.299447784E0,8.246134005E0
1.027567829E1,-8.187823334E0,-1.574276276E0,1.272952881E0,8.434406071E0
1.028568129E1,-8.406817932E0,-1.643582153E0,1.295256500E0,8.663350359E0
1.029568429E1,-8.726852417E0,-1.762584686E0,1.375040588E0,9.008628891E0
1.030568729E1,-9.180109863E0,-1.912722473E0,1.506167908E0,9.497445242E0
1.031569129E1,-9.648485870E0,-2.046993256E0,1.598226471E0,9.991886150E0
1.032569429E1,-1.014111145E1,-2.200274506E0,1.739233246E0,1.052180030E1
1.033569729E1,-1.064152084E1,-2.398911438E0,1.797013092E0,1.105558673E1
1.034570029E1,-1.115929413E1,-2.636168060E0,1.819765778E0,1.160994294E1
1.035570329E1,-1.172661438E1,-2.832409973E0,1.913470917E0,1.221463884E1
1.036570729E1,-1.231339417E1,-3.082689514E0,2.080373840E0,1.286276043E1
1.037571029E1,-1.294552963E1,-3.405119019E0,2.227817230E0,1.356999420E1
1.038571329E1,-1.359023895E1,-3.738775177E0,2.404000854E0,1.429868017E1
1.039571629E1,-1.404798706E1,-3.957620087E0,2.512225800E0,1.480945562E1
1.040572029E1,-1.446980988E1,-4.025129700E0,2.550097046E0,1.523417414E1
1.041572329E1,-1.495869324E1,-4.154161377E0,2.559826813E0,1.573442956E1
1.042572629E1,-1.556253754E1,-4.495900726E0,2.553240509E0,1.639892481E1
1.043572929E1,-1.600426895E1,-5.089416504E0,2.482886810E0,1.697655772E1
1.044573229E1,-1.611668518E1,-5.622008972E0,2.434387665E0,1.724183196E1
1.045573629E1,-1.589933716E1,-5.877228241E0,2.377655640E0,1.711677482E1
1.046573929E1,-1.543500275E1,-5.820496216E0,2.355052643E0,1.666324575E1
1.047574229E1,-1.480915421E1,-5.276377716E0,2.332749023E0,1.589317237E1
1.048574529E1,-1.422102722E1,-4.381239166E0,2.310146027E0,1.505887268E1
1.049574829E1,-1.379201935E1,-3.733087006E0,2.219135284E0,1.445960918E1
1.050575229E1,-1.359727432E1,-3.446133728E0,2.037263489E0,1.417434828E1
1.051575529E1,-1.347961899E1,-3.529210968E0,1.891616364E0,1.406178049E1
1.052575829E1,-1.345881226E1,-3.955374756E0,1.805695038E0,1.414373188E1
1.053576129E1,-1.338501572E1,-4.786296844E0,1.825753326E0,1.433180583E1
1.054576429E1,-1.334310287E1,-5.767805786E0,1.976789246E0,1.467016270E1
1.055576829E1,-1.325718155E1,-6.544690247E0,2.275418243E0,1.495872191E1
1.056577129E1,-1.273701324E1,-6.979685669E0,2.727029114E0,1.477782820E1
1.057577429E1,-1.201671112E1,-7.106022949E0,3.129691772E0,1.430705696E1
1.058577729E1,-1.124162292E1,-6.898105316E0,3.494333496E0,1.364435083E1
1.059578129E1,-1.050111282E1,-6.357130280E0,3.705693970E0,1.282258335E1
1.060578429E1,-9.849368134E0,-5.697901154E0,3.790567474E0,1.199352042E1
1.061578729E1,-9.490414581E0,-5.115312653E0,3.863016815E0,1.145239239E1
1.062579029E1,-9.267079010E0,-4.511318665E0,3.887715454E0,1.101567433E1
1.063579329E1,-9.013057251E0,-3.974085846E0,3.871100006E0,1.058366546E1
1.064579729E1,-8.760532379E0,-3.561094666E0,3.779191132E0,1.018384055E1
1.065580029E1,-8.465046844E0,-3.200195160E0,3.651356964E0,9.758620539E0
1.066580296E1,-8.163573761E0,-2.909649353E0,3.439098358E0,9.324022384E0
1.067580596E1,-7.904312897E0,-2.716251526E0,3.213218079E0,8.954381896E0
1.068580896E1,-7.718998260E0,-2.506088562E0,3.051254883E0,8.670269338E0
1.069581296E1,-7.623646545E0,-2.386786652E0,2.911595306E0,8.502595157E0
1.070581596E1,-7.459438019E0,-2.294877777E0,2.751128998E0,8.275167088E0
1.071581896E1,-7.302264862E0,-2.229164429E0,2.589016113E0,8.061963198E0
1.072582196E1,-7.132218475E0,-2.220482483E0,2.428998871E0,7.854878634E0
1.073582596E1,-6.963369598E0,-2.339185638E0,2.294279022E0,7.695714512E0
1.074582896E1,-6.916966095E0,-2.479593658E0,2.241289215E0,7.682199035E0
1.075583196E1,-6.831344147E0,-2.577639771E0,2.212698669E0,7.629385627E0
1.076583496E1,-6.667285309E0,-2.761307831E0,2.102078705E0,7.516398686E0
1.077583796E1,-6.465504913E0,-3.021017761E0,1.965712280E0,7.402251473E0
1.078584196E1,-6.242618408E0,-3.264710999E0,1.824106750E0,7.277086500E0
1.079584496E1,-6.049220581E0,-3.501668243E0,1.746268616E0,7.204457246E0
1.080584796E1,-5.913752289E0,-3.683839417E0,1.686991882E0,7.168617760E0
1.081585096E1,-5.791456604E0,-3.868704987E0,1.575324097E0,7.140692815E0
1.082585396E1,-5.605692902E0,-4.028572540E0,1.565594330E0,7.078437343E0
1.083585796E1,-5.430856476E0,-4.185446320E0,1.607058105E0,7.042357468E0
1.084586096E1,-5.253924408E0,-4.292473755E0,1.642833710E0,6.980541184E0
1.085586396E1,-5.194497986E0,-4.412224731E0,1.650617523E0,7.012494179E0
1.086586696E1,-5.321434021E0,-4.591701508E0,1.657952271E0,7.221508742E0
1.087586996E1,-5.260211334E0,-4.558171234E0,1.661993866E0,7.156044430E0
1.088587396E1,-5.100194092E0,-4.529730377E0,1.614841919E0,7.009861018E0
1.089587696E1,-5.039570160E0,-4.665947113E0,1.520238647E0,7.034163447E0
1.090587996E1,-5.022505646E0,-4.880451050E0,1.433119812E0,7.148300344E0
1.091588296E1,-5.169499969E0,-5.152884521E0,1.428180084E0,7.437448970E0
1.092588596E1,-5.617817688E0,-5.481600952E0,1.551074524E0,8.000853502E0
1.093588996E1,-6.011049957E0,-5.687722321E0,1.652563477E0,8.438831248E0
1.094589296E1,-6.136040039E0,-5.771697693E0,1.670077057E0,8.587935666E0
1.095589596E1,-6.188580780E0,-5.820645905E0,1.708547058E0,8.665886214E0
1.096589896E1,-6.493347015E0,-5.860313416E0,1.844015350E0,8.939083924E0
1.097590296E1,-7.128625946E0,-6.071374512E0,2.038760376E0,9.583080935E0
1.098590596E1,-7.925269318E0,-6.453829193E0,2.181862793E0,1.045094877E1
1.099590896E1,-8.699459381E0,-6.811285858E0,2.264191589E0,1.127833197E1
1.100591196E1,-9.230105896E0,-7.074288940E0,2.179617462E0,1.183178563E1
1.101591496E1,-9.523346100E0,-7.156318359E0,2.070644073E0,1.209109508E1
1.102591896E1,-9.669142914E0,-6.888525238E0,2.025737457E0,1.204357575E1
1.103592196E1,-9.673184509E0,-6.064189453E0,2.034269714E0,1.159668683E1
1.104592496E1,-9.454489288E0,-4.991370392E0,2.136207733E0,1.090250107E1
1.105592796E1,-9.427695007E0,-4.159849548E0,2.315085754E0,1.056150574E1
1.106593096E1,-9.716444550E0,-3.681594086E0,2.691403198E0,1.073345615E1
1.107593496E1,-1.010593460E1,-3.466491394E0,3.134930878E0,1.113437328E1
1.108593796E1,-1.074540482E1,-3.824696503E0,3.535048828E0,1.194104678E1
1.109594096E1,-1.162228134E1,-4.911586304E0,3.941902771E0,1.321891452E1
1.110594396E1,-1.200323914E1,-5.970484314E0,4.133953400E0,1.402904143E1
1.111594696E1,-1.175340866E1,-6.630461884E0,4.122726746E0,1.411036909E1
1.112595096E1,-1.145642624E1,-7.034172363E0,3.945794678E0,1.401065947E1
1.113595396E1,-1.122126526E1,-7.100634155E0,3.665727081E0,1.377582500E1
1.114595696E1,-1.090602081E1,-6.622079315E0,3.237467651E0,1.316337423E1
1.115595996E1,-1.069870193E1,-5.749543762E0,2.675386505E0,1.243692766E1
1.116596296E1,-1.069675598E1,-4.758754120E0,2.161804504E0,1.190544951E1
1.117596696E1,-1.057146652E1,-3.859124908E0,1.749112701E0,1.138894836E1
1.118596996E1,-1.049317932E1,-3.132086792E0,1.365460510E0,1.103545479E1
1.119597296E1,-1.040516235E1,-2.475252686E0,1.179696808E0,1.076038866E1
1.120597596E1,-1.021580612E1,-1.808239746E0,1.143771515E0,1.043746324E1
1.121597896E1,-1.010383896E1,-1.282982025E0,1.320104828E0,1.027016462E1
1.122598296E1,-9.794881439E0,-7.686515808E-1,1.536405029E0,9.944398829E0
1.123598596E1,-9.357640686E0,-3.474275208E-1,1.644779663E0,9.507441571E0
1.124598896E1,-8.890162811E0,-1.080752563E-1,1.665736084E0,9.045515562E0
1.125599196E1,-8.330326996E0,-1.212478638E-2,1.534010010E0,8.470400320E0
1.126599596E1,-7.808063049E0,7.274871826E-2,1.379830627E0,7.929380399E0
1.127599896E1,-7.428751831E0,1.442999268E-1,1.335073700E0,7.549145516E0
1.128600196E1,-7.308402100E0,1.272354126E-1,1.360371094E0,7.435021158E0
1.129600496E1,-7.434889069E0,7.334747314E-2,1.447340240E0,7.574810168E0
1.130600796E1,-7.632627869E0,2.185455322E-2,1.542392578E0,7.786941676E0
1.131601196E1,-7.929610291E0,6.466552734E-2,1.633553009E0,8.096381687E0
1.132601496E1,-8.233328705E0,1.914518738E-1,1.695075073E0,8.408188562E0
1.133601796E1,-8.554411011E0,2.383044434E-1,1.703307953E0,8.725594234E0
1.134602096E1,-8.975186005E0,1.050814819E-1,1.622476044E0,9.121262766E0
1.135602396E1,-9.392817535E0,-1.399589539E-1,1.525328064E0,9.516892112E0
1.136602796E1,-9.722881165E0,-4.023632813E-1,1.392254791E0,9.830294388E0
1.137603096E1,-9.965975647E0,-6.354286194E-1,1.222507782E0,1.006076366E1
1.138603396E1,-1.019604721E1,-8.698411560E-1,1.051712952E0,1.028698705E1
1.139603696E1,-1.040067169E1,-1.084943848E0,9.201365662E-1,1.049751047E1
1.140603996E1,-1.072489746E1,-1.265318756E0,9.268725586E-1,1.083898288E1
1.141604396E1,-1.115585129E1,-1.488654327E0,1.095422058E0,1.130792020E1
1.142604696E1,-1.158964920E1,-1.745669861E0,1.388512573E0,1.180234295E1
1.143604996E1,-1.199710190E1,-2.021097107E0,1.653910675E0,1.227805799E1
1.144605296E1,-1.244122833E1,-2.318079529E0,1.922003174E0,1.280045903E1
1.145605596E1,-1.286664368E1,-2.601739655E0,2.190544739E0,1.330857073E1
1.146605996E1,-1.328502365E1,-2.917882233E0,2.433489532E0,1.381766121E1
1.147606296E1,-1.369547012E1,-3.299438782E0,2.564317474E0,1.431879612E1
1.148606596E1,-1.393661865E1,-3.627257080E0,2.761607208E0,1.466331503E1
1.149606896E1,-1.395083908E1,-3.608995056E0,2.947370911E0,1.470842451E1
1.150607196E1,-1.392688889E1,-3.410807190E0,3.042572937E0,1.465773140E1
1.151607596E1,-1.421414154E1,-3.547622681E0,3.090772705E0,1.497265248E1
1.152607896E1,-1.462593521E1,-4.116888885E0,3.046913910E0,1.549678803E1
1.153608196E1,-1.475900848E1,-4.806504822E0,2.916385345E0,1.579354689E1
1.154608496E1,-1.458162735E1,-5.380710754E0,2.934048615E0,1.581722307E1
1.155608796E1,-1.418779633E1,-5.693410492E0,3.143014069E0,1.560727475E1
1.156609196E1,-1.397404083E1,-5.641618195E0,3.423381042E0,1.545384130E1
1.157609496E1,-1.370026016E1,-5.081483002E0,3.634292450E0,1.505744599E1
1.158609796E1,-1.348949844E1,-4.309837646E0,3.714675293E0,1.464035796E1
1.159610096E1,-1.354712860E1,-3.727548523E0,3.574117584E0,1.449805600E1
1.160610496E1,-1.386027740E1,-3.671415253E0,3.223696289E0,1.469621711E1
1.161610796E1,-1.420156769E1,-4.072880402E0,2.750081177E0,1.502783504E1
1.162611096E1,-1.420950119E1,-4.779710541E0,2.383792877E0,1.518018529E1
1.163611396E1,-1.400263138E1,-5.737418976E0,2.246977386E0,1.529838454E1
1.164611696E1,-1.391700943E1,-6.637946320E0,2.392325134E0,1.560348366E1
1.165611996E1,-1.358604767E1,-7.319479065E0,2.692151642E0,1.566534856E1
1.166612396E1,-1.301947586E1,-7.550448761E0,3.057841187E0,1.535794325E1
1.167612654E1,-1.233749405E1,-7.302414551E0,3.321293335E0,1.471631772E1
1.168612954E1,-1.169398224E1,-6.715485077E0,3.490740967E0,1.392954532E1
1.169613254E1,-1.125808868E1,-6.021827545E0,3.547173615E0,1.325101537E1
1.170613554E1,-1.083387085E1,-5.422174530E0,3.510948944E0,1.261346490E1
1.171613954E1,-1.033076706E1,-4.852608948E0,3.451821899E0,1.192424572E1
1.172614254E1,-9.884245605E0,-4.320016479E0,3.361409912E0,1.129866940E1
1.173614554E1,-9.496701508E0,-3.918401642E0,3.242108002E0,1.077276544E1
1.174614854E1,-9.131161652E0,-3.617527313E0,3.185825043E0,1.032541031E1
1.175615254E1,-8.688981171E0,-3.361260223E0,3.105442200E0,9.820398939E0
1.176615554E1,-8.276588745E0,-3.105442200E0,3.015329590E0,9.340123396E0
1.177615854E1,-7.977360992E0,-2.900967407E0,2.791395264E0,8.935647029E0
1.178616154E1,-7.758815460E0,-2.846331024E0,2.577789459E0,8.657125166E0
1.179616454E1,-7.544461212E0,-2.731669464E0,2.348466339E0,8.360395157E0
1.180616854E1,-7.328909454E0,-2.602488098E0,2.115101624E0,8.059746458E0
1.181617154E1,-7.159910889E0,-2.534529419E0,1.897154846E0,7.828624389E0
1.182617454E1,-6.955136719E0,-2.540966034E0,1.722617798E0,7.602489542E0
1.183617754E1,-6.700965271E0,-2.619402924E0,1.628164215E0,7.376660894E0
1.184618054E1,-6.446195068E0,-2.736609192E0,1.572779388E0,7.177471402E0
1.185618454E1,-6.231691132E0,-2.825524292E0,1.563947754E0,7.018795799E0
1.186618754E1,-5.961053925E0,-2.936443634E0,1.640139313E0,6.844481140E0
1.187619054E1,-5.802982635E0,-2.987487488E0,1.757046204E0,6.759208557E0
1.188619354E1,-5.610333252E0,-3.063978424E0,1.847607880E0,6.654130887E0
1.189619654E1,-5.430557098E0,-3.185675354E0,1.893562317E0,6.574576496E0
1.190620054E1,-5.193899231E0,-3.215912476E0,1.866019592E0,6.387543455E0
1.191620354E1,-4.921016693E0,-3.302432556E0,1.814526672E0,6.197981375E0
1.192620654E1,-4.721781006E0,-3.485801239E0,1.723964996E0,6.117032079E0
1.193620954E1,-4.547243958E0,-3.730991364E0,1.596280518E0,6.094738358E0
1.194621254E1,-4.397255859E0,-4.075724487E0,1.505569153E0,6.181757652E0
1.195621654E1,-4.311334534E0,-4.461921387E0,1.335971832E0,6.346744729E0
1.196621954E1,-4.225712585E0,-4.783303070E0,1.220561829E0,6.498184846E0
1.197622254E1,-4.170627136E0,-4.985532532E0,1.183289337E0,6.606802479E0
1.198622554E1,-4.254602509E0,-5.077890472E0,1.188378754E0,6.730442646E0
1.199622854E1,-4.447700958E0,-5.066813507E0,1.215173035E0,6.850641461E0
1.200623254E1,-4.709955597E0,-5.034331055E0,1.271306305E0,7.010306029E0
1.201623554E1,-5.206024017E0,-5.121749268E0,1.382225647E0,7.432734986E0
1.202623854E1,-5.884263611E0,-5.185217285E0,1.504970398E0,7.985986003E0
1.203624154E1,-6.457122345E0,-5.246739349E0,1.633253632E0,8.478810070E0
1.204624454E1,-6.775210876E0,-5.273833008E0,1.764380951E0,8.765263097E0
1.205624854E1,-6.855593719E0,-5.198240204E0,1.854044495E0,8.801042407E0
1.206625154E1,-6.916966095E0,-5.053790588E0,1.999691620E0,8.796816802E0
1.207625454E1,-7.194938049E0,-5.012027435E0,2.229613495E0,9.047581383E0
1.208625754E1,-7.763006744E0,-5.354964294E0,2.300116882E0,9.707237196E0
1.209626054E1,-8.478967896E0,-5.998775482E0,2.122586060E0,1.060111199E1
1.210626454E1,-9.051826630E0,-6.562652893E0,1.830992432E0,1.132945328E1
1.211626754E1,-9.522747345E0,-6.884932709E0,1.627565460E0,1.186313554E1
1.212627054E1,-9.784852295E0,-6.899153137E0,1.566043396E0,1.207452444E1
1.213627354E1,-9.955647125E0,-6.574178925E0,1.552721100E0,1.203102992E1
1.214627654E1,-1.006462051E1,-6.070925446E0,1.558109894E0,1.185666177E1
1.215628054E1,-9.875863037E0,-5.368585968E0,1.678160248E0,1.136532480E1
1.216628354E1,-9.772877197E0,-4.676425323E0,1.835782471E0,1.098854767E1
1.217628654E1,-9.838440857E0,-4.284091187E0,2.064506836E0,1.092751318E1
1.218628954E1,-1.003872437E1,-4.137246552E0,2.496059418E0,1.114105509E1
1.219629254E1,-1.041100021E1,-4.358187103E0,2.919528809E0,1.165788869E1
1.220629654E1,-1.092263626E1,-5.054089966E0,3.342698822E0,1.249085440E1
1.221629954E1,-1.134954849E1,-5.833968201E0,3.678001556E0,1.328062993E1
1.222630254E1,-1.151016449E1,-6.340963898E0,3.964206390E0,1.372612990E1
1.223630554E1,-1.147094604E1,-6.546935577E0,4.149071960E0,1.384412391E1
1.224630854E1,-1.160491745E1,-6.535708923E0,4.218826904E0,1.397097350E1
1.225631254E1,-1.195848221E1,-6.229745178E0,4.128863983E0,1.410186298E1
1.226631554E1,-1.214649124E1,-5.660329285E0,3.727997589E0,1.390951268E1
1.227631854E1,-1.211101501E1,-4.883893890E0,3.126548309E0,1.342774771E1
1.228632154E1,-1.203826630E1,-4.009113007E0,2.503394165E0,1.293289700E1
1.229632454E1,-1.195743439E1,-3.201392670E0,1.959874420E0,1.253276745E1
1.230632854E1,-1.182002014E1,-2.376458130E0,1.523831177E0,1.215246851E1
1.231633154E1,-1.151854706E1,-1.674418030E0,1.196162567E0,1.170091479E1
1.232633454E1,-1.113279922E1,-1.100661163E0,1.002914429E0,1.123194155E1
1.233633754E1,-1.075453583E1,-6.788383484E-1,8.931925964E-1,1.081289302E1
1.234634054E1,-1.037327866E1,-4.135899353E-1,8.755293274E-1,1.041837407E1
1.235634454E1,-1.005998016E1,-2.835104370E-1,9.232800293E-1,1.010623694E1
1.236634754E1,-9.724228363E0,-2.324665833E-1,1.050216064E0,9.783537793E0
1.237635054E1,-9.260043640E0,-2.020797729E-1,1.178499298E0,9.336921604E0
1.238635354E1,-8.797206116E0,-2.571652222E-1,1.279090118E0,8.893426838E0
1.239635654E1,-8.495134277E0,-3.376977539E-1,1.231788483E0,8.590614008E0
1.240636054E1,-8.248596954E0,-4.267625427E-1,1.176703033E0,8.343027509E0
1.241636354E1,-8.009394379E0,-4.938230896E-1,1.273551636E0,8.125034974E0
1.242636654E1,-7.829169159E0,-4.772076416E-1,1.428479462E0,7.972714119E0
1.243636954E1,-7.755671997E0,-4.942721558E-1,1.607806549E0,7.935981035E0
1.244637254E1,-7.914491730E0,-5.740562439E-1,1.828747101E0,8.143281640E0
1.245637654E1,-8.125852203E0,-6.134243774E-1,2.012265472E0,8.393746233E0
1.246637954E1,-8.354277191E0,-6.397695923E-1,2.051184540E0,8.626158504E0
1.247638254E1,-8.731343079E0,-7.126679993E-1,2.066452789E0,9.000804118E0
1.248638554E1,-9.252858582E0,-7.605683899E-1,2.029329987E0,9.503264513E0
1.249638854E1,-9.674980774E0,-7.372169495E-1,1.839225311E0,9.875803337E0
1.250639254E1,-1.002884491E1,-7.547305298E-1,1.633253632E0,1.018895803E1
1.251639554E1,-1.037312897E1,-8.831634521E-1,1.477727051E0,1.051501115E1
1.252639854E1,-1.073762100E1,-1.060544586E0,1.372944946E0,1.087686708E1
1.253640154E1,-1.127200974E1,-1.337917786E0,1.345402222E0,1.143058768E1
1.254640454E1,-1.190878555E1,-1.740730133E0,1.342558136E0,1.210998667E1
1.255640854E1,-1.243299545E1,-2.131866760E0,1.528471527E0,1.270670913E1
1.256641154E1,-1.295256500E1,-2.515818329E0,1.815275116E0,1.331891534E1
1.257641454E1,-1.359802277E1,-2.987487488E0,2.064955902E0,1.407463490E1
1.258641754E1,-1.410097687E1,-3.446433105E0,2.257455597E0,1.469052605E1
1.259642054E1,-1.438927734E1,-3.767964478E0,2.432741089E0,1.507206316E1
1.260642454E1,-1.447205521E1,-3.796105957E0,2.638114014E0,1.519244707E1
1.261642754E1,-1.442265793E1,-3.627107391E0,2.730921021E0,1.512041333E1
1.262643054E1,-1.444361435E1,-3.559448090E0,2.731370087E0,1.512441895E1
1.263643354E1,-1.474433899E1,-3.816912689E0,2.721939697E0,1.547169384E1
1.264643654E1,-1.504341705E1,-4.594246216E0,2.646197205E0,1.595035594E1
1.265644054E1,-1.487950790E1,-5.474565582E0,2.577041016E0,1.606274460E1
1.266644354E1,-1.450573517E1,-6.096522217E0,2.603236542E0,1.594869200E1
1.267644704E1,-1.378438522E1,-6.148613892E0,2.732567596E0,1.533889352E1
1.268645004E1,-1.286649399E1,-5.829627228E0,2.922073517E0,1.442462252E1
1.269645304E1,-1.226474533E1,-5.217999115E0,3.103645935E0,1.368517851E1
1.270645704E1,-1.206416245E1,-4.511917419E0,3.183430023E0,1.326784236E1
1.271646004E1,-1.223151443E1,-4.055965576E0,3.092419281E0,1.325231524E1
1.272646304E1,-1.259196487E1,-4.065994720E0,2.852019196E0,1.353602253E1
1.273646604E1,-1.279808624E1,-4.498445435E0,2.639012146E0,1.381996411E1
1.274646904E1,-1.291544220E1,-5.317991180E0,2.418820038E0,1.417534366E1
1.275647304E1,-1.307516006E1,-6.388864288E0,2.294877777E0,1.473240855E1
1.276647604E1,-1.316257828E1,-7.287894745E0,2.434237976E0,1.524114140E1
1.277647904E1,-1.271785309E1,-7.861352234E0,2.575693817E0,1.517164608E1
1.278648204E1,-1.207014999E1,-8.030201111E0,2.756218414E0,1.475701158E1
1.279648504E1,-1.132559830E1,-7.705675964E0,2.922522583E0,1.400670401E1
1.280648904E1,-1.065708847E1,-7.127877502E0,3.094365234E0,1.318921031E1
1.281649204E1,-1.024589355E1,-6.537954254E0,3.237617340E0,1.257797069E1
1.282649504E1,-1.005818390E1,-5.805527344E0,3.345692596E0,1.208573002E1
1.283649804E1,-9.895322571E0,-5.101092224E0,3.344046021E0,1.162416425E1
1.284650104E1,-9.608219604E0,-4.533023529E0,3.257675629E0,1.111209417E1
1.285650504E1,-9.413025513E0,-4.028572540E0,3.219355316E0,1.073306548E1
1.286650804E1,-9.175170135E0,-3.578608246E0,3.231929169E0,1.036511216E1
1.287651104E1,-8.911119232E0,-3.259920959E0,3.203338623E0,1.001481447E1
1.288651404E1,-8.633296967E0,-3.058290253E0,3.143463135E0,9.683404167E0
1.289651704E1,-8.268954620E0,-2.867287445E0,3.045566711E0,9.266737527E0
1.290652104E1,-7.914791107E0,-2.652484131E0,2.971620483E0,8.860593582E0
1.291652404E1,-7.585026855E0,-2.511776733E0,2.856360168E0,8.485307783E0
1.292652704E1,-7.280559998E0,-2.424208832E0,2.741548920E0,8.148584713E0
1.293653004E1,-7.010072479E0,-2.377206573E0,2.663112030E0,7.866663393E0
1.294653304E1,-6.792574768E0,-2.380350037E0,2.552192688E0,7.636676358E0
1.295653704E1,-6.583160248E0,-2.414628754E0,2.439327393E0,7.424200226E0
1.296654004E1,-6.428980865E0,-2.480342102E0,2.377955017E0,7.289620153E0
1.297654304E1,-6.312223663E0,-2.573298798E0,2.329755249E0,7.203734712E0
1.298654604E1,-6.162385254E0,-2.669997711E0,2.242037659E0,7.080297498E0
1.299654904E1,-5.938899994E0,-2.801574097E0,2.135459290E0,6.905037070E0
1.300655304E1,-5.740263062E0,-2.940185852E0,2.013462982E0,6.756429977E0
1.301655604E1,-5.571114807E0,-3.061284027E0,1.978286133E0,6.657506749E0
1.302655904E1,-5.359454956E0,-3.243904266E0,1.875899048E0,6.539546586E0
1.303656204E1,-5.090913391E0,-3.421584778E0,1.747316437E0,6.377911592E0
1.304656504E1,-4.826413422E0,-3.527115326E0,1.671573944E0,6.207170731E0
1.305656904E1,-4.693489838E0,-3.746708679E0,1.534908142E0,6.198597889E0
1.306657204E1,-4.580474854E0,-4.049828339E0,1.368603973E0,6.265375990E0
1.307657504E1,-4.544549561E0,-4.320166168E0,1.235680389E0,6.390905449E0
1.308657804E1,-4.525539093E0,-4.518354034E0,1.139131165E0,6.495663713E0
1.309658104E1,-4.542603607E0,-4.629722443E0,1.059197388E0,6.572022256E0
1.310658504E1,-4.723577271E0,-4.675078125E0,1.081800385E0,6.733411452E0
1.311658804E1,-4.949008484E0,-4.658163300E0,1.149160309E0,6.892876012E0
1.312659104E1,-5.211113434E0,-4.607867889E0,1.066831512E0,7.037490972E0
1.313659404E1,-5.660179596E0,-4.715045013E0,9.873468018E-1,7.432639924E0
1.314659704E1,-6.193670197E0,-5.004393311E0,9.526190186E-1,8.019537761E0
1.315660104E1,-6.603068848E0,-5.307213593E0,9.443861389E-1,8.524018976E0
1.316660404E1,-6.740483093E0,-5.445226593E0,1.051712952E0,8.728728723E0
1.317660704E1,-6.589746552E0,-5.426665192E0,1.241967316E0,8.626467268E0
1.318661004E1,-6.516997833E0,-5.493276672E0,1.449884949E0,8.645780226E0
1.319661304E1,-6.861132202E0,-5.813760223E0,1.627565460E0,9.139141774E0
1.320661704E1,-7.574548645E0,-6.290668488E0,1.832040253E0,1.001512200E1
1.321662004E1,-8.299940186E0,-6.712790680E0,1.974543915E0,1.085584587E1
1.322662304E1,-8.746611328E0,-6.924001465E0,2.044298859E0,1.134125936E1
1.323662604E1,-8.822653198E0,-6.929989014E0,2.044897614E0,1.140375216E1
1.324662904E1,-8.672365723E0,-6.646478577E0,2.045795746E0,1.111624419E1
1.325663204E1,-8.542585602E0,-6.088588715E0,2.143093414E0,1.070698514E1
1.326663604E1,-8.680448914E0,-5.417983246E0,2.420167236E0,1.051484404E1
1.327663904E1,-8.770561523E0,-4.704117737E0,2.774031372E0,1.033183058E1
1.328664204E1,-8.987610168E0,-4.118834839E0,3.125500488E0,1.036873619E1
1.329664504E1,-9.483678589E0,-3.726201324E0,3.445684662E0,1.075627625E1
1.330664904E1,-1.014156052E1,-3.872896271E0,3.651506653E0,1.145356172E1
1.331665204E1,-1.073702225E1,-4.452790375E0,3.806733856E0,1.223119829E1
1.332665504E1,-1.114791779E1,-5.318440247E0,3.810176697E0,1.292591676E1
1.333665804E1,-1.114267868E1,-6.125112762E0,3.841461639E0,1.328281303E1
1.334666104E1,-1.113758926E1,-6.561156006E0,3.850892029E0,1.348792171E1
1.335666504E1,-1.138936569E1,-6.874155121E0,3.979624329E0,1.388557054E1
1.336666804E1,-1.185070633E1,-6.839577026E0,3.990102539E0,1.425271808E1
1.337667104E1,-1.236967712E1,-6.346652069E0,3.733386383E0,1.439538393E1
1.338667404E1,-1.265977386E1,-5.674699402E0,3.267555084E0,1.425303490E1
1.339667704E1,-1.258567795E1,-4.824617157E0,2.650987244E0,1.373695576E1
1.340668104E1,-1.242625946E1,-3.887416077E0,1.987267456E0,1.317092100E1
1.341668404E1,-1.206296494E1,-2.973716125E0,1.505120087E0,1.251493097E1
1.342668704E1,-1.165506317E1,-2.290686493E0,1.187480621E0,1.193724643E1
1.343669004E1,-1.141690842E1,-1.839674377E0,1.056952057E0,1.161237905E1
1.344669304E1,-1.111199249E1,-1.335073700E0,1.032403107E0,1.123942415E1
1.345669704E1,-1.068972061E1,-8.791218567E-1,1.192570038E0,1.079190462E1
1.346670004E1,-1.035546570E1,-5.950126648E-1,1.469643860E0,1.047614256E1
1.347670304E1,-1.010728180E1,-3.472778320E-1,1.850302277E0,1.028111695E1
1.348670604E1,-9.803713074E0,-6.706054688E-2,2.117346954E0,1.002997733E1
1.349670904E1,-9.509724426E0,1.725910950E-1,2.248923340E0,9.773551173E0
1.350671304E1,-9.195527802E0,3.016227722E-1,2.245330811E0,9.470491977E0
1.351671604E1,-8.874295807E0,3.766168213E-1,2.164199524E0,9.142140115E0
1.352671904E1,-8.609197083E0,3.936813354E-1,2.034868469E0,8.855165108E0
1.353672204E1,-8.451874237E0,3.466790771E-1,1.958377533E0,8.682718875E0
1.354672504E1,-8.311615906E0,3.119512939E-1,1.895508270E0,8.530722371E0
1.355672804E1,-8.200247498E0,1.749861145E-1,1.794468384E0,8.396117909E0
1.356673204E1,-8.165220337E0,-3.981719971E-2,1.710343323E0,8.342522571E0
1.357673504E1,-8.220754852E0,-2.562670898E-1,1.670526123E0,8.392683760E0
1.358673804E1,-8.409063263E0,-4.706213379E-1,1.630858612E0,8.578667100E0
1.359674104E1,-8.790170746E0,-6.993457031E-1,1.591789856E0,8.960467683E0
1.360674404E1,-9.300758972E0,-9.816586304E-1,1.640139313E0,9.495147608E0
1.361674804E1,-9.747579803E0,-1.201850739E0,1.773661652E0,9.980262165E0
1.362675104E1,-1.020353165E1,-1.371448059E0,1.917362823E0,1.047230672E1
1.363675404E1,-1.060529617E1,-1.528770905E0,1.933978271E0,1.088805397E1
1.364675704E1,-1.094014984E1,-1.672472076E0,1.874102783E0,1.122480747E1
1.365676004E1,-1.131362320E1,-1.883533173E0,1.750310211E0,1.160212709E1
1.366676404E1,-1.172975784E1,-2.136806488E0,1.684896240E0,1.204126390E1
1.367676754E1,-1.211969696E1,-2.415526886E0,1.758692780E0,1.248258086E1
1.368677054E1,-1.266636017E1,-2.843486938E0,1.882934418E0,1.311745173E1
1.369677354E1,-1.328487396E1,-3.424728241E0,2.056872711E0,1.387253996E1
1.370677654E1,-1.387928787E1,-3.964206390E0,2.295925598E0,1.461577362E1
1.371678054E1,-1.428494431E1,-4.343517609E0,2.524200897E0,1.514256812E1
1.372678354E1,-1.444600937E1,-4.477638702E0,2.721340942E0,1.536691679E1
1.373678654E1,-1.451561462E1,-4.321213989E0,2.741099854E0,1.539121784E1
1.374678954E1,-1.459674591E1,-4.302353210E0,2.568658447E0,1.543286236E1
1.375679354E1,-1.484028946E1,-4.683311005E0,2.338886261E0,1.573651747E1
1.376679654E1,-1.486004837E1,-5.338348846E0,2.151625671E0,1.593576164E1
1.377679954E1,-1.450902832E1,-5.861510925E0,2.021546173E0,1.577833521E1
1.378680254E1,-1.396490982E1,-6.170618134E0,2.102378082E0,1.541152906E1
1.379680554E1,-1.326002563E1,-6.110742645E0,2.406096497E0,1.479725501E1
1.380680954E1,-1.260813126E1,-5.725294189E0,2.669997711E0,1.410222873E1
1.381681254E1,-1.234048782E1,-5.207371216E0,2.880160675E0,1.370035329E1
1.382681554E1,-1.242416382E1,-4.728966064E0,3.033441925E0,1.363542213E1
1.383681854E1,-1.267189865E1,-4.452790375E0,3.022814026E0,1.376741669E1
1.384682154E1,-1.300914734E1,-4.540957031E0,2.930905151E0,1.408717183E1
1.385682554E1,-1.316182983E1,-5.000351715E0,2.817890167E0,1.435889226E1
1.386682854E1,-1.298819092E1,-5.761518860E0,2.812501373E0,1.448441807E1
1.387683154E1,-1.273027725E1,-6.506070557E0,2.853665771E0,1.457848831E1
1.388683454E1,-1.252400620E1,-6.992409210E0,3.016527100E0,1.465755619E1
1.389683754E1,-1.198901871E1,-7.324418793E0,3.297193451E0,1.443104864E1
1.390684154E1,-1.131122818E1,-7.292684784E0,3.515888672E0,1.391001824E1
1.391684454E1,-1.066651886E1,-6.888525238E0,3.711980896E0,1.322895335E1
1.392684754E1,-1.011686188E1,-6.365512848E0,3.844156036E0,1.255580279E1
1.393685054E1,-9.757010193E0,-5.763015747E0,3.861370239E0,1.197170742E1
1.394685354E1,-9.647288361E0,-5.117857361E0,3.830983429E0,1.157320486E1
1.395685754E1,-9.543404388E0,-4.552333374E0,3.725003815E0,1.121052897E1
1.396686054E1,-9.346563721E0,-4.050726471E0,3.511847076E0,1.077495746E1
1.397686354E1,-9.156309357E0,-3.716172180E0,3.177442474E0,1.037998446E1
1.398686654E1,-8.954978027E0,-3.432362366E0,2.784210205E0,9.986218971E0
1.399686954E1,-8.697513428E0,-3.107986908E0,2.491269379E0,9.566229433E0
1.400687354E1,-8.469537506E0,-2.887645111E0,2.294428711E0,9.237746639E0
1.401687654E1,-8.296347656E0,-2.666405182E0,2.151475983E0,8.975965125E0
1.402687954E1,-8.104746094E0,-2.492017822E0,2.049537964E0,8.723397729E0
1.403688254E1,-7.910450134E0,-2.318977661E0,2.017055511E0,8.486541796E0
1.404688654E1,-7.772437134E0,-2.225571899E0,1.929188232E0,8.311781789E0
1.405688954E1,-7.664361877E0,-2.290985870E0,1.766775970E0,8.192225374E0
1.406689254E1,-7.508535919E0,-2.359692993E0,1.601968689E0,8.031971511E0
1.407689554E1,-7.320227509E0,-2.445913696E0,1.489103394E0,7.860385073E0
1.408689854E1,-7.104376373E0,-2.544109497E0,1.453627167E0,7.684900047E0
1.409690254E1,-6.876550140E0,-2.625240784E0,1.432670746E0,7.498758329E0
1.410690554E1,-6.621330872E0,-2.774330750E0,1.451681213E0,7.324364270E0
1.411690854E1,-6.330635376E0,-2.996468811E0,1.485810242E0,7.159846484E0
1.412691154E1,-5.971382446E0,-3.177741852E0,1.540147247E0,6.937399018E0
1.413691454E1,-5.622907104E0,-3.335064697E0,1.564995575E0,6.722272829E0
1.414691854E1,-5.257816315E0,-3.494333496E0,1.575922852E0,6.506806576E0
1.415692154E1,-4.947661285E0,-3.624562683E0,1.517843628E0,6.318279522E0
1.416692454E1,-4.686304779E0,-3.751049652E0,1.521286469E0,6.192425897E0
1.417692754E1,-4.468507690E0,-3.919449463E0,1.489702148E0,6.127712262E0
1.418693154E1,-4.275558929E0,-4.140390015E0,1.428778839E0,6.120836757E0
1.419693454E1,-4.205055542E0,-4.436025238E0,1.312470703E0,6.251671086E0
1.420693754E1,-4.179009705E0,-4.682562561E0,1.270108795E0,6.403412418E0
1.421694054E1,-4.180506592E0,-4.751569061E0,1.337169342E0,6.468544331E0
1.422694354E1,-4.254602509E0,-4.729415131E0,1.439107361E0,6.522272608E0
1.423694754E1,-4.427193604E0,-4.791835327E0,1.452130280E0,6.683592698E0
1.424695054E1,-4.712500305E0,-4.879852295E0,1.498833160E0,6.947454094E0
1.425695354E1,-5.175337830E0,-4.886139221E0,1.558259583E0,7.286058678E0
1.426695654E1,-5.714965668E0,-4.929998016E0,1.594184875E0,7.714087013E0
1.427696054E1,-6.193670197E0,-5.053491211E0,1.564995575E0,8.145461010E0
1.428696354E1,-6.497089233E0,-5.122198334E0,1.507365417E0,8.409591832E0
1.429696654E1,-6.679859161E0,-5.177283783E0,1.534758453E0,8.589544184E0
1.430696954E1,-6.950795746E0,-5.355263672E0,1.640289001E0,8.926531157E0
1.431697254E1,-7.418722687E0,-5.805377655E0,1.746418304E0,9.580701066E0
1.432697654E1,-8.055348816E0,-6.431076508E0,1.806892548E0,1.046481009E1
1.433697954E1,-8.673413544E0,-6.995702362E0,1.796264648E0,1.128691812E1
1.434698254E1,-9.027876434E0,-7.374414825E0,1.792372742E0,1.179394535E1
1.435698554E1,-9.186995544E0,-7.503745880E0,1.860481110E0,1.200701792E1
1.436698954E1,-9.044491882E0,-7.100484467E0,2.039059753E0,1.167807680E1
1.437699254E1,-8.825197906E0,-6.241570587E0,2.321522369E0,1.105580334E1
1.438699554E1,-8.786877594E0,-5.345084839E0,2.748883667E0,1.064591524E1
1.439699854E1,-8.764723663E0,-4.670138397E0,3.113525391E0,1.040791112E1
1.440700154E1,-9.159901886E0,-4.100872192E0,3.465144196E0,1.061735276E1
1.441700554E1,-9.691446533E0,-3.872596893E0,3.730093231E0,1.108308342E1
1.442700854E1,-1.041369461E1,-4.162244568E0,4.074077911E0,1.193178219E1
1.443701154E1,-1.118968094E1,-4.878205719E0,4.364174652E0,1.296348221E1
1.444701454E1,-1.178753769E1,-5.758375397E0,4.552483063E0,1.388632543E1
1.445701754E1,-1.200772980E1,-6.354884949E0,4.637805634E0,1.435546512E1
1.446702154E1,-1.207763443E1,-6.769373016E0,4.637655945E0,1.460142175E1
1.447702454E1,-1.236368958E1,-6.924300842E0,4.509672089E0,1.487090799E1
1.448702754E1,-1.271635620E1,-6.548432465E0,4.288132782E0,1.493237307E1
1.449703054E1,-1.290690994E1,-5.940845947E0,3.837719421E0,1.471767866E1
1.450703454E1,-1.287203247E1,-5.168452148E0,3.096311188E0,1.421229258E1
1.451703754E1,-1.276186157E1,-4.273313599E0,2.348616028E0,1.366170989E1
1.452704054E1,-1.251607269E1,-3.411106567E0,1.699266357E0,1.308339519E1
1.453704354E1,-1.224214233E1,-2.632126465E0,1.275347900E0,1.258668546E1
1.454704654E1,-1.182615738E1,-1.861977997E0,1.041085052E0,1.201702203E1
1.455705054E1,-1.135553604E1,-1.193767548E0,9.026229858E-1,1.145373337E1
1.456705354E1,-1.096859070E1,-7.051835632E-1,8.168513489E-1,1.102154762E1
1.457705654E1,-1.057460999E1,-3.802093506E-1,8.521778870E-1,1.061570264E1
1.458705954E1,-1.014111145E1,-2.053729248E-1,1.075214081E0,1.020001984E1
1.459706354E1,-9.605674896E0,-1.321751404E-1,1.433868256E0,9.713003586E0
1.460706654E1,-9.023086395E0,-9.265731812E-2,1.686093750E0,9.179737775E0
1.461706954E1,-8.560248871E0,-1.025367737E-1,1.800605621E0,8.748174388E0
1.462707254E1,-8.188422089E0,-1.511856079E-1,1.861379242E0,8.398681210E0
1.463707554E1,-7.940088501E0,-2.146536255E-1,1.908082123E0,8.168957031E0
1.464707954E1,-7.757318573E0,-2.656974792E-1,1.957778778E0,8.004966230E0
1.465708254E1,-7.713310089E0,-3.092568970E-1,1.944306793E0,7.960598047E0
1.466708554E1,-7.716752930E0,-3.582051086E-1,1.726360016E0,7.915611510E0
1.467708942E1,-7.794141998E0,-4.778063965E-1,1.398691406E0,7.933050239E0
1.468709242E1,-7.940687256E0,-6.194119263E-1,1.127904510E0,8.044274598E0
1.469709642E1,-8.163723450E0,-7.256909180E-1,9.855505371E-1,8.254957161E0
1.470709942E1,-8.440348206E0,-8.253836060E-1,8.912466431E-1,8.527312385E0
1.471710242E1,-8.765921173E0,-9.313632202E-1,8.478369141E-1,8.855938058E0
1.472710542E1,-9.107061768E0,-1.035696259E0,9.443861389E-1,9.214288142E0
1.473710942E1,-9.509425049E0,-1.088686066E0,1.087787933E0,9.633155490E0
1.474711242E1,-9.862840118E0,-1.112935638E0,1.142873383E0,9.991015990E0
1.475711542E1,-1.012045441E1,-1.207987976E0,1.141975250E0,1.025606844E1
1.476711842E1,-1.045231430E1,-1.432670746E0,1.113983459E0,1.060869355E1
1.477712142E1,-1.081111816E1,-1.822609863E0,1.175954590E0,1.102656120E1
1.478712542E1,-1.118683685E1,-2.205363922E0,1.310674438E0,1.147723034E1
1.479712842E1,-1.171853119E1,-2.691702576E0,1.528471527E0,1.212045631E1
1.480713142E1,-1.240096207E1,-3.278033295E0,1.849853210E0,1.295960336E1
1.481713442E1,-1.313338898E1,-3.900588684E0,2.173330536E0,1.387169289E1
1.482713842E1,-1.379591125E1,-4.464915161E0,2.462080078E0,1.470797311E1
1.483714142E1,-1.430260757E1,-4.813240814E0,2.656525726E0,1.532282609E1
1.484714442E1,-1.450887863E1,-4.837340698E0,2.796185303E0,1.554754246E1
1.485714742E1,-1.439706116E1,-4.511917419E0,2.937491455E0,1.537080430E1
1.486715042E1,-1.424183395E1,-4.074526978E0,2.976410522E0,1.510928933E1
1.487715442E1,-1.445394287E1,-4.042343903E0,2.903362427E0,1.528680876E1
1.488715742E1,-1.475781097E1,-4.576582947E0,2.689906311E0,1.568354846E1
1.489716042E1,-1.462114517E1,-5.220693512E0,2.408940582E0,1.571103184E1
1.490716342E1,-1.418510193E1,-5.554199982E0,2.276466064E0,1.540287479E1
1.491716642E1,-1.375190277E1,-5.473517761E0,2.318378906E0,1.498162565E1
1.492717042E1,-1.318862411E1,-5.243146820E0,2.492616577E0,1.440984150E1
1.493717342E1,-1.280661850E1,-4.796176300E0,2.663710785E0,1.393226972E1
1.494717642E1,-1.253553223E1,-4.179608459E0,2.712359619E0,1.348946218E1
1.495717942E1,-1.248823059E1,-3.750750275E0,2.552342377E0,1.328677849E1
1.496718342E1,-1.266157013E1,-3.771856384E0,2.214345245E0,1.339573005E1
1.497718642E1,-1.279763718E1,-4.092339935E0,1.935175781E0,1.357467012E1
1.498718942E1,-1.279344589E1,-4.675377502E0,1.805395660E0,1.374011885E1
1.499719242E1,-1.272219406E1,-5.468727722E0,1.791773987E0,1.396322522E1
1.500719542E1,-1.262519577E1,-6.135740662E0,1.926194458E0,1.416873695E1
1.501719942E1,-1.243119919E1,-6.739135895E0,2.139351196E0,1.430131076E1
1.502720242E1,-1.200488571E1,-6.994953918E0,2.411185913E0,1.410178991E1
1.503720542E1,-1.150537445E1,-6.826254730E0,2.627336426E0,1.363357222E1
1.504720842E1,-1.102876556E1,-6.397845612E0,2.854713593E0,1.306581371E1
1.505721242E1,-1.072459808E1,-5.907914429E0,2.960244141E0,1.259696401E1
1.506721542E1,-1.056233551E1,-5.371879120E0,2.910397797E0,1.220206671E1
1.507721842E1,-1.033600616E1,-4.804109802E0,2.778522034E0,1.173169549E1
1.508722142E1,-1.005144791E1,-4.258943481E0,2.694846039E0,1.124421628E1
1.509722442E1,-9.738299103E0,-3.832480316E0,2.584525452E0,1.077970995E1
1.510722842E1,-9.553732910E0,-3.491040344E0,2.525548096E0,1.048043741E1
1.511723142E1,-9.358838196E0,-3.209775238E0,2.511028290E0,1.020763305E1
1.512723442E1,-9.084907837E0,-2.966082001E0,2.510429535E0,9.881065190E0
1.513723742E1,-8.774603119E0,-2.854114838E0,2.574496307E0,9.579543968E0
1.514724042E1,-8.410709839E0,-2.679428101E0,2.637814636E0,9.212895364E0
1.515724442E1,-8.076305237E0,-2.499352570E0,2.681074677E0,8.869139246E0
1.516724742E1,-7.780969391E0,-2.420316925E0,2.740501099E0,8.597195179E0
1.517725042E1,-7.481741638E0,-2.339784393E0,2.744692383E0,8.305683911E0
1.518725342E1,-7.250771942E0,-2.302511902E0,2.712958374E0,8.076843316E0
1.519725742E1,-7.041207733E0,-2.353555756E0,2.660417633E0,7.886422067E0
1.520726042E1,-6.874304810E0,-2.471809845E0,2.609972534E0,7.757439471E0
1.521726342E1,-6.730603638E0,-2.611469421E0,2.525548096E0,7.648476388E0
1.522726642E1,-6.617738342E0,-2.746338959E0,2.412383423E0,7.560187314E0
1.523726942E1,-6.568790131E0,-2.863245850E0,2.350112915E0,7.541234069E0
1.524727342E1,-6.460265808E0,-2.988834686E0,2.299069061E0,7.480232994E0
1.525727642E1,-6.335724792E0,-3.090623016E0,2.169438629E0,7.375623583E0
1.526727942E1,-6.206842804E0,-3.293002167E0,1.980232086E0,7.300005478E0
1.527728242E1,-5.907315674E0,-3.430566101E0,1.934427338E0,7.099800798E0
1.528728642E1,-5.627846832E0,-3.565884705E0,1.961371307E0,6.945154505E0
1.529728942E1,-5.439837799E0,-3.729793854E0,1.999092865E0,6.891993163E0
1.530729242E1,-5.386398926E0,-4.039649506E0,1.951940918E0,7.010145139E0
1.531729542E1,-5.393883362E0,-4.278702393E0,1.954485626E0,7.156904774E0
1.532729842E1,-5.409001923E0,-4.411176910E0,1.974693604E0,7.253633459E0
1.533730242E1,-5.342240753E0,-4.498295746E0,1.957180023E0,7.252913520E0
1.534730542E1,-5.149291992E0,-4.527784424E0,1.795216827E0,7.087936460E0
1.535730842E1,-4.952151947E0,-4.556075592E0,1.631457367E0,6.924109101E0
1.536731142E1,-4.893773346E0,-4.589905243E0,1.549727325E0,6.886065820E0
1.537731442E1,-5.016967163E0,-4.622537384E0,1.392703857E0,6.962573907E0
1.538731842E1,-5.425168304E0,-4.810995483E0,1.318458252E0,7.369970206E0
1.539732142E1,-5.824837189E0,-5.031486969E0,1.225800934E0,7.794047557E0
1.540732442E1,-6.042634277E0,-5.187312927E0,1.108894043E0,8.040602615E0
1.541732742E1,-6.123765564E0,-5.224585419E0,1.082698517E0,8.122132328E0
1.542733142E1,-6.142776031E0,-5.233417053E0,1.197210388E0,8.158165489E0
1.543733442E1,-6.160588989E0,-5.397475891E0,1.300645294E0,8.293206911E0
1.544733742E1,-6.513854370E0,-5.844296722E0,1.472188568E0,8.874313614E0
1.545734042E1,-7.140301666E0,-6.433471527E0,1.572330322E0,9.738875008E0
1.546734342E1,-7.614665222E0,-6.874155121E0,1.613943787E0,1.038469786E1
1.547734742E1,-7.875722351E0,-7.004234619E0,1.644629974E0,1.066729173E1
1.548735042E1,-8.152796173E0,-6.817872162E0,1.783092041E0,1.077640401E1
1.549735342E1,-8.495134277E0,-6.309229889E0,1.946103058E0,1.075922884E1
1.550735642E1,-8.788823547E0,-5.596561890E0,2.108964386E0,1.063074104E1
1.551735942E1,-8.956025848E0,-4.885989532E0,2.353106689E0,1.046997630E1
1.552736342E1,-9.123078461E0,-4.129163361E0,2.673590240E0,1.036477860E1
1.553736642E1,-9.474996643E0,-3.377725983E0,2.930156708E0,1.047713761E1
1.554736942E1,-9.982740784E0,-3.138224030E0,3.154989166E0,1.092966240E1
1.555737242E1,-1.067639832E1,-3.343297577E0,3.375480652E0,1.168576011E1
1.556737642E1,-1.142603943E1,-4.002975769E0,3.617976379E0,1.263597820E1
1.557737942E1,-1.192824509E1,-4.939278717E0,3.779939575E0,1.345241422E1
1.558738242E1,-1.207568848E1,-5.636828156E0,3.875890045E0,1.387871058E1
1.559738542E1,-1.252280869E1,-6.006259918E0,4.045936432E0,1.446601179E1
1.560738842E1,-1.305944275E1,-5.969735870E0,4.246519318E0,1.497396800E1
1.561739242E1,-1.356539063E1,-5.581443329E0,4.121678925E0,1.523681626E1
1.562739542E1,-1.390069336E1,-4.875062256E0,3.518882446E0,1.514523164E1
1.563739842E1,-1.383857254E1,-3.939807129E0,2.597548370E0,1.462106110E1
1.564740142E1,-1.350102448E1,-2.877615967E0,1.468446350E0,1.388217095E1
1.565740542E1,-1.302067337E1,-1.941762085E0,3.800596619E-1,1.317014884E1
1.566740842E1,-1.247595612E1,-1.200653229E0,-2.841091919E-1,1.253681647E1
1.567741067E1,-1.190998306E1,-5.471122742E-1,-5.472619629E-1,1.193509632E1
1.568741367E1,-1.129326553E1,-1.302291870E-2,-4.806504822E-1,1.130349684E1
1.569741667E1,-1.071501801E1,3.061134338E-1,-2.639012146E-1,1.072263774E1
1.570742067E1,-1.020532791E1,4.460723877E-1,7.334747314E-3,1.021507475E1
1.571742367E1,-9.632469177E0,4.203259277E-1,2.037263489E-1,9.643787677E0
1.572742667E1,-9.010362854E0,3.345542908E-1,3.938310242E-1,9.025168597E0
1.573742967E1,-8.485404510E0,3.204835510E-1,5.767506409E-1,8.511018782E0
1.574743267E1,-8.097710724E0,2.640509033E-1,7.315287781E-1,8.134972415E0
1.575743667E1,-7.727530518E0,1.778302002E-1,8.436456299E-1,7.775480013E0
1.576743967E1,-7.471113739E0,1.344204712E-1,8.882528687E-1,7.524932061E0
1.577744267E1,-7.256460114E0,8.816665649E-2,9.166937256E-1,7.314664321E0
1.578744567E1,-7.125482483E0,-2.140548706E-2,9.243278503E-1,7.185216822E0
1.579744967E1,-7.157515869E0,-1.516346741E-1,9.361532593E-1,7.220069904E0
1.580745267E1,-7.326364746E0,-2.966830444E-1,9.723779297E-1,7.396564071E0
1.581745567E1,-7.636070709E0,-4.755610657E-1,1.122665405E0,7.732794567E0
1.582745867E1,-8.025111694E0,-6.125262451E-1,1.347348175E0,8.160450552E0
1.583746167E1,-8.427474976E0,-6.761439514E-1,1.503174133E0,8.587143738E0
1.584746567E1,-8.794811096E0,-7.533833313E-1,1.536255341E0,8.959708094E0
1.585746867E1,-9.149423676E0,-8.421487427E-1,1.481020203E0,9.306695920E0
1.586747167E1,-9.508077850E0,-1.010249176E0,1.459315338E0,9.672318701E0
1.587747467E1,-9.942025452E0,-1.213676147E0,1.519639893E0,1.013045830E1
1.588747767E1,-1.033465897E1,-1.450932770E0,1.652413788E0,1.056602353E1
1.589748167E1,-1.072714279E1,-1.745819550E0,1.817071381E0,1.101913004E1
1.590748467E1,-1.115794693E1,-2.141596527E0,2.056872711E0,1.154629554E1
1.591748767E1,-1.163934586E1,-2.540217590E0,2.349214783E0,1.214272982E1
1.592749067E1,-1.219768478E1,-2.956352234E0,2.660866699E0,1.282979907E1
1.593749467E1,-1.283056870E1,-3.435954895E0,2.950364685E0,1.360639301E1
1.594749767E1,-1.337902817E1,-3.849694519E0,3.164419556E0,1.427697775E1
1.595750067E1,-1.372735382E1,-4.045786743E0,3.248095551E0,1.467510675E1
1.596750367E1,-1.378648087E1,-3.921245728E0,3.265609131E0,1.470059270E1
1.597750667E1,-1.350536545E1,-3.473676453E0,3.254083099E0,1.431958033E1
1.598751067E1,-1.322350159E1,-2.931803284E0,3.073408813E0,1.388892748E1
1.599751367E1,-1.337363937E1,-2.939287720E0,2.746338959E0,1.396552971E1
1.600751667E1,-1.373678421E1,-3.581751709E0,2.376009064E0,1.439352649E1
1.601751967E1,-1.379905472E1,-4.407883759E0,2.022444305E0,1.462647023E1
1.602752267E1,-1.367616028E1,-5.054389343E0,1.864223328E0,1.469896392E1
1.603752667E1,-1.342842545E1,-5.333409119E0,1.982776794E0,1.458421292E1
1.604752967E1,-1.295930099E1,-5.269941101E0,2.255958710E0,1.417057201E1
1.605753267E1,-1.250619324E1,-4.720583496E0,2.550546112E0,1.360860255E1
1.606753567E1,-1.228016327E1,-3.930227051E0,2.823728027E0,1.319933841E1
1.607753967E1,-1.238374786E1,-3.387904816E0,3.058439941E0,1.319807429E1
1.608754267E1,-1.270033951E1,-3.282074890E0,3.143014069E0,1.348885379E1
1.609754567E1,-1.300495605E1,-3.547922058E0,3.157234497E0,1.384502664E1
1.610754867E1,-1.299208282E1,-4.134402466E0,3.144960022E0,1.399207895E1
1.611755167E1,-1.281110916E1,-4.870870972E0,3.116968231E0,1.405579571E1
1.612755567E1,-1.266546204E1,-5.633235626E0,3.185525665E0,1.422303927E1
1.613755867E1,-1.247565674E1,-6.176156616E0,3.354973297E0,1.431931449E1
1.614756167E1,-1.227881607E1,-6.326743469E0,3.640279999E0,1.428455969E1
1.615756467E1,-1.191372528E1,-6.088289337E0,3.879033508E0,1.393021960E1
1.616756767E1,-1.156689651E1,-5.583838348E0,3.983216858E0,1.344761548E1
1.617757167E1,-1.128982269E1,-4.994962921E0,3.955524445E0,1.296363856E1
1.618757467E1,-1.093670700E1,-4.412673798E0,3.733685760E0,1.237027322E1
1.619757767E1,-1.063463516E1,-3.791914673E0,3.368744659E0,1.178229700E1
1.620758067E1,-1.038570282E1,-3.223995667E0,2.949765930E0,1.126756807E1
1.621758467E1,-1.000878662E1,-2.664459229E0,2.484533386E0,1.065119987E1
1.622758767E1,-9.564510498E0,-2.214644623E0,2.130519562E0,1.004607513E1
1.623759067E1,-9.123377838E0,-1.838776245E0,1.945204926E0,9.507941074E0
1.624759367E1,-8.696166229E0,-1.612895966E0,1.834285583E0,9.032681998E0
1.625759667E1,-8.315507812E0,-1.507814484E0,1.828298035E0,8.646609069E0
1.626760067E1,-7.945177917E0,-1.437011719E0,1.835932159E0,8.280187299E0
1.627760367E1,-7.571255493E0,-1.433419189E0,1.842219086E0,7.922901708E0
1.628760667E1,-7.328610077E0,-1.400038605E0,1.833387451E0,7.683094643E0
1.629760967E1,-7.230414276E0,-1.483265533E0,1.765578461E0,7.589218309E0
1.630761267E1,-7.053182831E0,-1.640139313E0,1.750609589E0,7.449971741E0
1.631761667E1,-6.818321228E0,-1.804048462E0,1.702709198E0,7.255571227E0
1.632761967E1,-6.660399628E0,-2.037712555E0,1.602268066E0,7.147059438E0
1.633762267E1,-6.520290985E0,-2.280058594E0,1.469494171E0,7.062030504E0
1.634762567E1,-6.308780823E0,-2.481838989E0,1.412313080E0,6.924945377E0
1.635762967E1,-6.103407898E0,-2.648592224E0,1.389859772E0,6.796935995E0
1.636763267E1,-5.885012054E0,-2.850671997E0,1.345252533E0,6.676031912E0
1.637763567E1,-5.581892395E0,-2.932402039E0,1.322649536E0,6.442507759E0
1.638763867E1,-5.308261414E0,-3.036884766E0,1.334474945E0,6.259483341E0
1.639764167E1,-5.114564209E0,-3.181633759E0,1.318907318E0,6.166123331E0
1.640764567E1,-4.966971130E0,-3.270099792E0,1.328487396E0,6.093376209E0
1.641764867E1,-4.984784088E0,-3.373085632E0,1.332678680E0,6.164560938E0
1.642765167E1,-5.069358215E0,-3.549418945E0,1.385219421E0,6.341577123E0
1.643765467E1,-5.219346313E0,-3.790866852E0,1.455423431E0,6.612904414E0
1.644765867E1,-5.355113983E0,-4.007765808E0,1.445693665E0,6.843205588E0
1.645766167E1,-5.485043793E0,-4.235592041E0,1.426383820E0,7.075345656E0
1.646766467E1,-5.514831848E0,-4.394112396E0,1.416055298E0,7.192135056E0
1.647766767E1,-5.464686127E0,-4.359534302E0,1.427581329E0,7.134866659E0
1.648767067E1,-5.591771851E0,-4.359234924E0,1.499132538E0,7.246946938E0
1.649767467E1,-6.057453461E0,-4.491410065E0,1.611099701E0,7.711105566E0
1.650767767E1,-6.615193634E0,-4.713697815E0,1.721569977E0,8.303224500E0
1.651768067E1,-7.109615479E0,-4.897066498E0,1.734143829E0,8.805404440E0
1.652768367E1,-7.274722137E0,-5.014272766E0,1.726509705E0,9.002519054E0
1.653768767E1,-7.170089722E0,-5.001100159E0,1.792522430E0,8.923806703E0
1.654769067E1,-7.012617188E0,-4.928351440E0,1.930834808E0,8.785987184E0
1.655769367E1,-7.218139801E0,-5.094805298E0,2.117496643E0,9.085283443E0
1.656769667E1,-7.833061066E0,-5.648354187E0,2.274969177E0,9.921503688E0
1.657769967E1,-8.450676727E0,-6.242319031E0,2.291734314E0,1.075325673E1
1.658770367E1,-8.972940674E0,-6.743626556E0,2.265688477E0,1.145091733E1
1.659770667E1,-9.449399872E0,-7.270381165E0,2.265538788E0,1.213599053E1
1.660770967E1,-9.658365326E0,-7.347919922E0,2.342179413E0,1.235968253E1
1.661771267E1,-9.667047272E0,-6.872957611E0,2.536475372E0,1.212942936E1
1.662771567E1,-9.727970581E0,-5.956862640E0,2.806513824E0,1.174709087E1
1.663771967E1,-9.755213928E0,-5.017715607E0,3.049308929E0,1.138595423E1
1.664772267E1,-9.925410004E0,-4.266876984E0,3.246149597E0,1.128084616E1
1.665772567E1,-1.037372772E1,-3.678300934E0,3.551963654E0,1.156549050E1
1.666772867E1,-1.085063599E1,-3.304827576E0,3.814517670E0,1.196698507E1
1.667773158E1,-1.153112091E1,-3.382665710E0,4.107757874E0,1.269971856E1
1.668773458E1,-1.220831268E1,-3.814966736E0,4.326752472E0,1.350250557E1
1.669773758E1,-1.281021103E1,-4.386328583E0,4.437671814E0,1.424901106E1
1.670774058E1,-1.333097809E1,-4.789140930E0,4.342769165E0,1.481588646E1
1.671774358E1,-1.349833008E1,-4.944068756E0,4.032165070E0,1.493007321E1
1.672774758E1,-1.345611786E1,-4.910089417E0,3.560346222E0,1.475981542E1
1.673775058E1,-1.336959778E1,-4.485123138E0,2.823278961E0,1.438170290E1
1.674775358E1,-1.307321411E1,-3.762725372E0,1.752705231E0,1.371637726E1
1.675775658E1,-1.262669266E1,-2.953208771E0,6.927593994E-1,1.298594337E1
1.676776058E1,-1.223121506E1,-2.226020966E0,-1.493893433E-1,1.243302491E1
1.677776358E1,-1.172721313E1,-1.630858612E0,-6.767427063E-1,1.185939326E1
1.678776658E1,-1.118623810E1,-1.018781433E0,-8.159532166E-1,1.126213204E1
1.679776958E1,-1.062580353E1,-4.854405212E-1,-6.351292419E-1,1.065583137E1
1.680777258E1,-1.011296997E1,-1.951940918E-1,-1.950444031E-1,1.011673389E1
1.681777658E1,-9.515262909E0,-7.708969116E-2,3.511697388E-1,9.522052890E0
1.682777958E1,-8.846304016E0,-6.331832886E-2,9.181906128E-1,8.894052955E0
1.683778258E1,-8.146658936E0,5.807922363E-2,1.361119537E0,8.259786402E0
1.684778558E1,-7.468718719E0,8.322692871E-2,1.550924835E0,7.628502728E0
1.685778958E1,-6.923702087E0,-1.886077881E-2,1.619631958E0,7.110640900E0
1.686779258E1,-6.528673553E0,-1.477427673E-1,1.618434448E0,6.727907279E0
1.687779558E1,-6.190526733E0,-2.436932373E-1,1.569186859E0,6.390958851E0
1.688779858E1,-5.944887543E0,-3.481759644E-1,1.521735535E0,6.146429324E0
1.689780158E1,-5.877527618E0,-4.736151123E-1,1.537901917E0,6.093831675E0
1.690780558E1,-5.856870575E0,-6.039939880E-1,1.568139038E0,6.093176652E0
1.691780858E1,-5.913752289E0,-7.774832153E-1,1.597178650E0,6.174781447E0
1.692781158E1,-6.084696808E0,-9.877958679E-1,1.661544800E0,6.384356431E0
1.693781458E1,-6.379583588E0,-1.138382721E0,1.739382935E0,6.709728382E0
1.694781758E1,-6.686744843E0,-1.166224823E0,1.744172974E0,7.008193511E0
1.695782158E1,-7.009324036E0,-1.219963074E0,1.662742310E0,7.306411248E0
1.696782458E1,-7.338639221E0,-1.281634827E0,1.578766937E0,7.615163720E0
1.697782758E1,-7.771688690E0,-1.341959381E0,1.595532074E0,8.046472685E0
1.698783058E1,-8.345894623E0,-1.416055298E0,1.802701263E0,8.654992866E0
1.699783458E1,-8.856183472E0,-1.490001526E0,2.002386017E0,9.201176011E0
1.700783758E1,-9.303752747E0,-1.662293243E0,2.088606720E0,9.679117317E0
1.701784058E1,-9.713301086E0,-1.911824341E0,2.153122559E0,1.013110197E1
1.702784358E1,-1.010144394E1,-2.181264038E0,2.231559448E0,1.057246140E1
1.703784758E1,-1.062655197E1,-2.567011871E0,2.355202332E0,1.118302887E1
1.704785058E1,-1.130224686E1,-2.954106903E0,2.496658173E0,1.194574542E1
1.705785358E1,-1.207404190E1,-3.301833801E0,2.679577789E0,1.280096603E1
1.706785658E1,-1.279569122E1,-3.527714081E0,2.753374329E0,1.355564645E1
1.707785958E1,-1.327259949E1,-3.700454865E0,2.695145416E0,1.403990998E1
1.708786358E1,-1.364098343E1,-3.737577667E0,2.554138641E0,1.437252726E1
1.709786658E1,-1.381462234E1,-3.535647583E0,2.362686768E0,1.445430327E1
1.710786958E1,-1.393063110E1,-3.218307495E0,2.202968903E0,1.446627312E1
1.711787258E1,-1.426952637E1,-3.161126404E0,1.899100800E0,1.473834070E1
1.712787658E1,-1.475481720E1,-3.636687469E0,1.533560944E0,1.527356984E1
1.713787958E1,-1.502844818E1,-4.424199829E0,1.228345642E0,1.571421751E1
1.714788258E1,-1.488354950E1,-5.187612305E0,1.156195679E0,1.580405504E1
1.715788558E1,-1.428629150E1,-5.524711304E0,1.320553894E0,1.537414786E1
1.716788858E1,-1.351359833E1,-5.469176788E0,1.688039703E0,1.467578661E1
1.717789258E1,-1.277563293E1,-4.769831085E0,2.271526337E0,1.382490207E1
1.718789558E1,-1.236668335E1,-3.853436737E0,2.768792267E0,1.324575564E1
1.719789858E1,-1.242117004E1,-3.335364075E0,2.998265076E0,1.320604832E1
1.720790158E1,-1.278431488E1,-3.332519989E0,2.979254608E0,1.354327709E1
1.721790558E1,-1.328367645E1,-3.691922607E0,2.836152191E0,1.407586984E1
1.722790858E1,-1.364652191E1,-4.389921112E0,2.612517242E0,1.457134908E1
1.723791158E1,-1.384920044E1,-5.340145111E0,2.550097046E0,1.506056100E1
1.724791458E1,-1.368574036E1,-6.014792175E0,2.680176544E0,1.518751330E1
1.725791758E1,-1.323936859E1,-6.499484253E0,2.886597290E0,1.502852688E1
1.726792158E1,-1.279614029E1,-6.645730133E0,3.110082550E0,1.475057791E1
1.727792458E1,-1.220202576E1,-6.296656036E0,3.278632050E0,1.411689548E1
1.728792758E1,-1.168080963E1,-5.623655548E0,3.317102051E0,1.338170323E1
1.729793058E1,-1.131407227E1,-4.941524048E0,3.262166290E0,1.276983242E1
1.730793458E1,-1.100765945E1,-4.370910645E0,3.021017761E0,1.222292824E1
1.731793758E1,-1.075333832E1,-3.850442963E0,2.713706818E0,1.173986374E1
1.732794058E1,-1.049886749E1,-3.333867188E0,2.588567047E0,1.131554543E1
1.733794358E1,-1.009261230E1,-2.948418732E0,2.550546112E0,1.081939377E1
1.734794658E1,-9.675130463E0,-2.553090820E0,2.569706268E0,1.033101217E1
1.735795058E1,-9.383237457E0,-2.350412292E0,2.527194672E0,9.997814563E0
1.736795358E1,-9.076375580E0,-2.284549255E0,2.560275879E0,9.703338165E0
1.737795658E1,-8.568481750E0,-2.189047852E0,2.660866699E0,9.235313833E0
1.738795958E1,-8.030799866E0,-2.161355438E0,2.741698608E0,8.756832479E0
1.739796358E1,-7.548203430E0,-2.217937775E0,2.775079193E0,8.342402983E0
1.740796658E1,-7.170239410E0,-2.286345520E0,2.695145416E0,7.993967592E0
1.741796958E1,-6.897356873E0,-2.280807037E0,2.616409149E0,7.721477152E0
1.742797258E1,-6.642886047E0,-2.258952484E0,2.551743622E0,7.466069707E0
1.743797558E1,-6.513405304E0,-2.313439178E0,2.321971436E0,7.291639105E0
1.744797958E1,-6.366710358E0,-2.527793427E0,2.174827423E0,7.187114491E0
1.745798258E1,-6.213728485E0,-2.604883118E0,2.134411469E0,7.067641053E0
1.746798558E1,-6.008654938E0,-2.619851990E0,2.114353180E0,6.887528438E0
1.747798858E1,-5.763315125E0,-2.684667206E0,2.078128510E0,6.688935441E0
1.748799258E1,-5.542973328E0,-2.764600983E0,1.977088623E0,6.502034399E0
1.749799558E1,-5.262905731E0,-2.798879700E0,1.767225037E0,6.217313619E0
1.750799858E1,-4.949756927E0,-2.894231415E0,1.677112427E0,5.974058521E0
1.751800158E1,-4.653822327E0,-2.913541260E0,1.564396820E0,5.709126232E0
1.752800458E1,-4.474195862E0,-2.967279510E0,1.526076508E0,5.581405362E0
1.753800858E1,-4.449796600E0,-3.111729126E0,1.393003235E0,5.605711904E0
1.754801158E1,-4.348307648E0,-3.280877380E0,1.307530975E0,5.601925833E0
1.755801458E1,-4.397106171E0,-3.525169373E0,1.240919495E0,5.770722916E0
1.756801758E1,-4.611161041E0,-3.836372223E0,1.221160583E0,6.121420681E0
1.757802058E1,-4.858446808E0,-4.059707794E0,1.225651245E0,6.448872284E0
1.758802458E1,-5.098248138E0,-4.149820404E0,1.173709259E0,6.677629586E0
1.759802758E1,-5.297783203E0,-4.219725037E0,1.171463928E0,6.873493579E0
1.760803058E1,-5.645959167E0,-4.419559479E0,1.246907043E0,7.277646466E0
1.761803358E1,-6.165229340E0,-4.663552094E0,1.370549927E0,7.850934851E0
1.762803758E1,-6.774312744E0,-4.909790039E0,1.540895691E0,8.507156453E0
1.763804058E1,-7.306156769E0,-5.222789154E0,1.670376434E0,9.134966377E0
1.764804358E1,-7.600295105E0,-5.440286865E0,1.746118927E0,9.508424589E0
1.765804658E1,-7.559130707E0,-5.448519745E0,1.833237762E0,9.496714440E0
1.766804958E1,-7.493267670E0,-5.377567291E0,2.008972321E0,9.439452321E0
1.767805458E1,-7.747139740E0,-5.446124725E0,2.294728088E0,9.743932762E0
1.768805758E1,-8.334069214E0,-5.796246643E0,2.508782959E0,1.045692004E1
1.769806058E1,-8.976533203E0,-6.253695374E0,2.535427551E0,1.123010450E1
1.770806358E1,-9.646390228E0,-6.742129669E0,2.530936890E0,1.203805626E1
1.771806658E1,-1.011626312E1,-7.028334503E0,2.483186188E0,1.256592532E1
1.772807058E1,-1.035830978E1,-6.792724457E0,2.620600433E0,1.266109133E1
1.773807358E1,-1.035576508E1,-5.982010345E0,2.762355652E0,1.227423834E1
1.774807658E1,-1.017838394E1,-4.814138947E0,2.846780090E0,1.161376728E1
1.775807958E1,-1.000444565E1,-3.705394592E0,2.737806702E0,1.101428470E1
1.776808358E1,-1.021490799E1,-3.002905426E0,2.471360779E0,1.093020633E1
1.777808658E1,-1.041369461E1,-2.427501984E0,2.380200348E0,1.095459516E1
1.778808958E1,-1.066157913E1,-2.248324585E0,2.328108673E0,1.114200714E1
1.779809258E1,-1.120000946E1,-2.821183319E0,2.330952759E0,1.178272583E1
1.780809558E1,-1.179517181E1,-3.557502136E0,2.319726105E0,1.253646795E1
1.781809958E1,-1.216295700E1,-4.100872192E0,2.296224976E0,1.303945263E1
1.782810258E1,-1.265124161E1,-4.644541626E0,2.339634705E0,1.367843455E1
1.783810558E1,-1.300016602E1,-4.989574127E0,2.297721863E0,1.411310356E1
1.784810858E1,-1.302037399E1,-4.976850586E0,2.129172363E0,1.410079982E1
1.785811158E1,-1.276904663E1,-4.606820068E0,1.750310211E0,1.368703506E1
1.786811558E1,-1.237746094E1,-3.995191956E0,1.200802917E0,1.306158588E1
1.787811858E1,-1.189052353E1,-3.264860687E0,6.274951172E-1,1.234656289E1
1.788812158E1,-1.138906631E1,-2.620600433E0,1.984872437E-1,1.168836068E1
1.789812458E1,-1.085722229E1,-2.165097656E0,1.098715210E-1,1.107153989E1
1.790812858E1,-1.037282959E1,-1.799408112E0,4.300556946E-1,1.053652747E1
1.791813158E1,-9.847422180E0,-1.319356384E0,8.999285889E-1,9.976086223E0
1.792813458E1,-9.284293213E0,-9.545649719E-1,1.463356934E0,9.447259299E0
1.793813758E1,-8.876391449E0,-7.708969116E-1,2.023791504E0,9.136757590E0
1.794814058E1,-8.370293884E0,-6.114784241E-1,2.470013580E0,8.748525171E0
1.795814458E1,-7.877817993E0,-5.149291992E-1,2.763104095E0,8.364204245E0
1.796814758E1,-7.366181946E0,-4.249662781E-1,2.876119080E0,7.919172542E0
1.797815058E1,-6.904990997E0,-4.152365112E-1,2.864892426E0,7.487251207E0
1.798815358E1,-6.540049896E0,-4.183799744E-1,2.721790009E0,7.096156375E0
1.799815658E1,-6.361471252E0,-4.252656555E-1,2.540067902E0,6.863025012E0
1.800816058E1,-6.362219696E0,-4.085005188E-1,2.404000854E0,6.813511007E0
1.801816358E1,-6.402036896E0,-3.841012573E-1,2.275268555E0,6.805178703E0
1.802816658E1,-6.482270050E0,-4.620890808E-1,2.191143494E0,6.858167476E0
1.803816958E1,-6.582112427E0,-5.748046875E-1,2.106569366E0,6.934856806E0
1.804817358E1,-6.755152588E0,-7.792794800E-1,2.060614929E0,7.105314693E0
1.805817658E1,-6.946155396E0,-9.196875000E-1,1.995799713E0,7.285472968E0
1.806817958E1,-7.173532562E0,-1.042881317E0,1.968556366E0,7.511483544E0
1.807818258E1,-7.444918213E0,-1.173709259E0,1.979184265E0,7.792404698E0
1.808818558E1,-7.754175110E0,-1.335223389E0,1.969304810E0,8.110993439E0
1.809818958E1,-8.144114227E0,-1.492396545E0,1.989812164E0,8.515468070E0
1.810819258E1,-8.528365173E0,-1.639241180E0,2.067051544E0,8.927083861E0
1.811819558E1,-8.869655457E0,-1.773062897E0,2.133812714E0,9.293422225E0
1.812819858E1,-9.214238892E0,-1.968556366E0,2.212099915E0,9.678367556E0
1.813820158E1,-9.631271667E0,-2.232906647E0,2.305655365E0,1.015201028E1
1.814820558E1,-9.977052612E0,-2.503094788E0,2.417772217E0,1.056658340E1
1.815820858E1,-1.034513718E1,-2.805316315E0,2.574945374E0,1.102370203E1
1.816821158E1,-1.083641556E1,-3.223845978E0,2.784659271E0,1.164368551E1
1.817821458E1,-1.157991943E1,-3.748804321E0,3.042872314E0,1.254620022E1
1.818821758E1,-1.237805969E1,-4.211043091E0,3.313958588E0,1.348820104E1
1.819822158E1,-1.302202057E1,-4.470154266E0,3.576961670E0,1.422497640E1
1.820822458E1,-1.336151459E1,-4.444707184E0,3.733536072E0,1.456793690E1
1.821822758E1,-1.345731537E1,-4.127217407E0,3.755091248E0,1.456825215E1
1.822823058E1,-1.372825195E1,-3.809577942E0,3.577410736E0,1.468930405E1
1.823823358E1,-1.419183792E1,-3.942052460E0,3.292253723E0,1.509261328E1
1.824823758E1,-1.458971054E1,-4.542004852E0,2.924917603E0,1.555778277E1
1.825824058E1,-1.456231750E1,-5.318589935E0,2.602188721E0,1.572004695E1
1.826824358E1,-1.425380905E1,-5.815706177E0,2.498304749E0,1.559599428E1
1.827824658E1,-1.373379044E1,-5.711522827E0,2.682870941E0,1.511410895E1
1.828824958E1,-1.303624100E1,-5.174439697E0,3.032543793E0,1.434972917E1
1.829825358E1,-1.261920822E1,-4.314627686E0,3.340004425E0,1.374831109E1
1.830825658E1,-1.264016464E1,-3.560795288E0,3.560944977E0,1.360637183E1
1.831825958E1,-1.298115555E1,-3.170556793E0,3.644920349E0,1.385093044E1
1.832826258E1,-1.341704910E1,-3.177292786E0,3.472628632E0,1.421870408E1
1.833826658E1,-1.364263000E1,-3.485352173E0,3.236868896E0,1.444805708E1
1.834826958E1,-1.363783997E1,-4.284839630E0,2.876867523E0,1.458173160E1
1.835827258E1,-1.327903610E1,-5.309309235E0,2.586920471E0,1.453319379E1
1.836827558E1,-1.278386581E1,-6.008954315E0,2.619702301E0,1.436654437E1
1.837827858E1,-1.212254105E1,-6.307733002E0,2.958447876E0,1.398198523E1
1.838828258E1,-1.146435974E1,-6.349346466E0,3.213816833E0,1.349349338E1
1.839828558E1,-1.095227463E1,-5.913752289E0,3.440295868E0,1.291357508E1
1.840828858E1,-1.074076447E1,-5.208419037E0,3.589535522E0,1.246500764E1
1.841829158E1,-1.077654007E1,-4.545298004E0,3.668122101E0,1.225759640E1
1.842829458E1,-1.051922516E1,-3.855981445E0,3.463946686E0,1.172696114E1
1.843829858E1,-1.028556107E1,-3.255879364E0,3.057691498E0,1.121351837E1
1.844830158E1,-1.006117767E1,-2.724783783E0,2.751428375E0,1.078063546E1
1.845830458E1,-9.679920502E0,-2.266137543E0,2.571801910E0,1.026890478E1
1.846830758E1,-9.315278778E0,-2.028282166E0,2.419867859E0,9.835858260E0
1.847831058E1,-8.932375031E0,-1.891316986E0,2.257754974E0,9.405416586E0
1.848831458E1,-8.493936768E0,-1.814376984E0,2.131268005E0,8.943222515E0
1.849831758E1,-8.011789398E0,-1.789229279E0,2.068847809E0,8.465827900E0
1.850832058E1,-7.597600708E0,-1.818119202E0,2.079026642E0,8.084024105E0
1.851832358E1,-7.253915405E0,-1.826950836E0,2.122885437E0,7.775839546E0
1.852832658E1,-6.940766602E0,-1.833686829E0,2.092498627E0,7.477646615E0
1.853833058E1,-6.752158813E0,-1.892215118E0,2.092947693E0,7.317961242E0
1.854833358E1,-6.599326630E0,-1.995799713E0,2.034718781E0,7.188491426E0
1.855833658E1,-6.406527557E0,-2.120340729E0,1.900447998E0,7.010787598E0
1.856833958E1,-6.282435608E0,-2.302811279E0,1.800605621E0,6.929222002E0
1.857834258E1,-6.130351868E0,-2.495310974E0,1.629810791E0,6.816456124E0
1.858834658E1,-5.865702209E0,-2.639012146E0,1.540746002E0,6.613981083E0
1.859834958E1,-5.640570374E0,-2.818788300E0,1.405876465E0,6.460502322E0
1.860835258E1,-5.413492584E0,-3.019670563E0,1.284329224E0,6.330388126E0
1.861835558E1,-5.211562500E0,-3.203039246E0,1.282532959E0,6.250178789E0
1.862835858E1,-5.090614014E0,-3.380869446E0,1.322799225E0,6.252553641E0
1.863836258E1,-5.062472534E0,-3.609893188E0,1.268911285E0,6.345872110E0
1.864836558E1,-5.090314636E0,-3.869603119E0,1.283580780E0,6.521710743E0
1.865836858E1,-5.224735107E0,-4.137096863E0,1.279090118E0,6.785978111E0
1.866837158E1,-5.325325928E0,-4.362977142E0,1.274000702E0,7.001267283E0
1.867837396E1,-5.399122467E0,-4.499493256E0,1.262474670E0,7.140714619E0
1.868837796E1,-5.544170837E0,-4.556374969E0,1.263073425E0,7.286544971E0
1.869838096E1,-5.818101196E0,-4.594545593E0,1.248403931E0,7.517889538E0
1.870838396E1,-6.135291595E0,-4.615052948E0,1.255139923E0,7.779196160E0
1.871838696E1,-6.476731567E0,-4.607867889E0,1.292412415E0,8.053001188E0
1.872839096E1,-6.968908081E0,-4.734953613E0,1.365759888E0,8.535265997E0
1.873839396E1,-7.460635529E0,-5.025050354E0,1.471739502E0,9.114726036E0
1.874839696E1,-7.770491180E0,-5.347928925E0,1.500180359E0,9.551513915E0
1.875839996E1,-7.767048340E0,-5.530249786E0,1.450483704E0,9.644407996E0
1.876840296E1,-7.599247284E0,-5.562133484E0,1.504371643E0,9.536719678E0
1.877840696E1,-7.477550354E0,-5.495372314E0,1.759890289E0,9.445109317E0
1.878840996E1,-7.781418457E0,-5.541775818E0,2.058219910E0,9.772308919E0
1.879841296E1,-8.266260223E0,-5.836213531E0,2.269730072E0,1.037034817E1
1.880841596E1,-8.774752808E0,-6.063141632E0,2.330354004E0,1.091734964E1
1.881841896E1,-9.178912354E0,-6.045029297E0,2.365979919E0,1.124244956E1
1.882842296E1,-9.421108704E0,-5.814209290E0,2.528092804E0,1.135577263E1
1.883842596E1,-9.576485596E0,-5.208868103E0,2.775827637E0,1.124929342E1
1.884842896E1,-9.514514465E0,-4.324956207E0,2.983894958E0,1.086898619E1
1.885843196E1,-9.567354584E0,-3.571273499E0,3.156336365E0,1.068881319E1
1.886843496E1,-1.007629623E1,-3.126697998E0,3.248095551E0,1.103893613E1
1.887843896E1,-1.067085983E1,-2.836900635E0,3.268752594E0,1.151520726E1
1.888844196E1,-1.139101227E1,-3.004851379E0,3.170556793E0,1.219986568E1
1.889844496E1,-1.205233704E1,-3.630849609E0,3.005599823E0,1.294123360E1
1.890844796E1,-1.251068390E1,-4.539310455E0,2.704575806E0,1.358076880E1
1.891845096E1,-1.267653900E1,-5.419779510E0,2.358345795E0,1.398679541E1
1.892845496E1,-1.285496796E1,-5.998625793E0,2.301913147E0,1.437123922E1
1.893845796E1,-1.299747162E1,-6.309080200E0,2.373614044E0,1.464147551E1
1.894846096E1,-1.298998718E1,-6.191125488E0,2.346969452E0,1.458005718E1
1.895846396E1,-1.277862671E1,-5.511239319E0,2.021695862E0,1.406251448E1
1.896846696E1,-1.234018845E1,-4.367767181E0,1.598825226E0,1.318764130E1
1.897847096E1,-1.151345764E1,-3.143612823E0,1.251397705E0,1.200033352E1
1.898847396E1,-1.080587906E1,-2.315983887E0,9.382489014E-1,1.109103758E1
1.899847696E1,-1.025292892E1,-1.643432465E0,8.387059021E-1,1.041762206E1
1.900847996E1,-9.606123962E0,-1.004261627E0,8.866062927E-1,9.699083963E0
1.901848296E1,-8.919950867E0,-4.433779907E-1,1.179696808E0,9.008539952E0
1.902848696E1,-8.240364075E0,-1.275347900E-1,1.565444641E0,8.388711589E0
1.903848996E1,-7.596852264E0,6.286926270E-2,1.751208344E0,7.796335520E0
1.904849296E1,-6.903344421E0,1.181044006E-1,1.694027252E0,7.109137865E0
1.905849596E1,-6.282435608E0,1.121168518E-1,1.550775146E0,6.471975812E0
1.906849896E1,-5.774541779E0,7.394622803E-2,1.488804016E0,5.963835863E0
1.907850296E1,-5.348976746E0,8.532257080E-2,1.503473511E0,5.556911441E0
1.908850596E1,-4.993615723E0,1.610650635E-1,1.533860321E0,5.226362734E0
1.909850896E1,-4.827610931E0,2.198927307E-1,1.546134796E0,5.073924805E0
1.910851196E1,-4.789889374E0,1.612147522E-1,1.516346741E0,5.026762163E0
1.911851496E1,-4.919669495E0,3.652404785E-2,1.499731293E0,5.143313707E0
1.912851896E1,-5.148693237E0,-1.049317932E-1,1.470691681E0,5.355649984E0
1.913852196E1,-5.352120209E0,-2.706372070E-1,1.419198761E0,5.543695550E0
1.914852496E1,-5.595663757E0,-4.695735168E-1,1.348994751E0,5.775096450E0
1.915852796E1,-5.951024780E0,-6.912625122E-1,1.330882416E0,6.137083004E0
1.916853096E1,-6.323300629E0,-8.934919739E-1,1.376836853E0,6.532850715E0
1.917853496E1,-6.808741150E0,-1.103205872E0,1.405277710E0,7.039234666E0
1.918853796E1,-7.408693542E0,-1.339414673E0,1.482966156E0,7.673458170E0
1.919854096E1,-8.034991150E0,-1.561103668E0,1.603315887E0,8.340788289E0
1.920854396E1,-8.654253387E0,-1.820514221E0,1.781894531E0,9.021392456E0
1.921854696E1,-9.261839905E0,-2.127675476E0,1.987566833E0,9.708712750E0
1.922855096E1,-9.801168365E0,-2.457140350E0,2.167941742E0,1.033442845E1
1.923855396E1,-1.031534912E1,-2.800675964E0,2.401605835E0,1.095526923E1
1.924855696E1,-1.085243225E1,-3.078198853E0,2.700234833E0,1.159921817E1
1.925855996E1,-1.135344040E1,-3.297642517E0,3.002007294E0,1.219783189E1
1.926856296E1,-1.194366302E1,-3.611090698E0,3.257675629E0,1.289587194E1
1.927856696E1,-1.263492554E1,-3.932921448E0,3.422333221E0,1.366826906E1
1.928856996E1,-1.329131058E1,-4.200265503E0,3.635489960E0,1.440548348E1
1.929857296E1,-1.371163651E1,-4.228257294E0,3.845952301E0,1.485525107E1
1.930857596E1,-1.396011978E1,-3.998934174E0,3.967798920E0,1.505389807E1
1.931857896E1,-1.422806259E1,-3.717070312E0,3.884721680E0,1.521004403E1
1.932858296E1,-1.470916214E1,-3.697161713E0,3.639531555E0,1.559726404E1
1.933858596E1,-1.526435760E1,-4.175716553E0,3.164569244E0,1.613851667E1
1.934858896E1,-1.557825485E1,-4.882995758E0,2.767744446E0,1.655856519E1
1.935859196E1,-1.545985107E1,-5.271138611E0,2.661315765E0,1.654915403E1
1.936859496E1,-1.501198242E1,-5.200335846E0,2.809357910E0,1.613367909E1
1.937859896E1,-1.445843353E1,-4.681065674E0,3.050057373E0,1.550037180E1
1.938860196E1,-1.383063904E1,-3.835025024E0,3.219804382E0,1.470921933E1
1.939860496E1,-1.334804260E1,-3.007994843E0,3.162772980E0,1.404355394E1
1.940860796E1,-1.323697357E1,-2.552192688E0,3.004402313E0,1.381150209E1
1.941861096E1,-1.331765579E1,-2.572101288E0,2.946323090E0,1.388007495E1
1.942861496E1,-1.347961899E1,-3.017125854E0,2.826123047E0,1.409929601E1
1.943861796E1,-1.360296249E1,-3.851640472E0,2.669997711E0,1.438765480E1
1.944862096E1,-1.344878311E1,-4.846471710E0,2.616109772E0,1.453279345E1
1.945862396E1,-1.340507401E1,-5.867797852E0,2.662064209E0,1.487325272E1
1.946862696E1,-1.321452026E1,-6.491850128E0,2.836152191E0,1.499371279E1
1.947863096E1,-1.263028519E1,-6.671177216E0,2.938838654E0,1.458305462E1
1.948863396E1,-1.198662369E1,-6.499484253E0,2.895129547E0,1.393930479E1
1.949863696E1,-1.132709518E1,-5.884113922E0,2.769391022E0,1.306121773E1
1.950863996E1,-1.084913910E1,-5.063520355E0,2.559078369E0,1.224303637E1
1.951864396E1,-1.068537964E1,-4.359234924E0,2.410287781E0,1.178939160E1
1.952864696E1,-1.050710037E1,-3.759432220E0,2.331252136E0,1.140031690E1
1.953864996E1,-1.013991394E1,-3.309916992E0,2.229014740E0,1.089687625E1
1.954865296E1,-9.791139221E0,-2.956052856E0,2.149979095E0,1.045117533E1
1.955865596E1,-9.435179443E0,-2.628983002E0,2.097887421E0,1.001675069E1
1.956865996E1,-9.059011688E0,-2.429747314E0,2.093845825E0,9.610075708E0
1.957866296E1,-8.693172455E0,-2.253563690E0,2.107467499E0,9.224490007E0
1.958866596E1,-8.347241821E0,-2.090253296E0,2.064057770E0,8.849064320E0
1.959866896E1,-8.027955780E0,-2.014660492E0,2.063908081E0,8.530336891E0
1.960867196E1,-7.730823669E0,-1.924398193E0,2.085463257E0,8.235174559E0
1.961867496E1,-7.436685333E0,-1.874102783E0,2.115999756E0,7.955752947E0
1.962867896E1,-7.232958984E0,-1.849853210E0,2.129322052E0,7.763482786E0
1.963868196E1,-7.091802521E0,-1.837129669E0,2.122735748E0,7.627235113E0
1.964868496E1,-6.885082397E0,-1.866019592E0,2.001188507E0,7.408855794E0
1.965868796E1,-6.686445465E0,-1.970053253E0,1.918859711E0,7.229916000E0
1.966869196E1,-6.589596863E0,-2.013912048E0,1.758543091E0,7.111336186E0
1.967869554E1,-6.347400513E0,-2.134261780E0,1.627864838E0,6.891626117E0
1.968869854E1,-6.210135956E0,-2.313588867E0,1.449884949E0,6.783852033E0
1.969870154E1,-5.993087311E0,-2.501298523E0,1.351988525E0,6.633359842E0
1.970870454E1,-5.850284271E0,-2.721041565E0,1.385219421E0,6.599145861E0
1.971870754E1,-5.723497925E0,-2.945275269E0,1.403032379E0,6.587987155E0
1.972871154E1,-5.563031616E0,-3.216211853E0,1.386566620E0,6.573728504E0
1.973871454E1,-5.440137177E0,-3.519032135E0,1.285975800E0,6.605483587E0
1.974871754E1,-5.347779236E0,-3.847898254E0,1.183738403E0,6.693750842E0
1.975872054E1,-5.290897522E0,-4.111799469E0,1.140328674E0,6.797120048E0
1.976872354E1,-5.220843201E0,-4.362528076E0,1.131047974E0,6.896964873E0
1.977872754E1,-5.197491760E0,-4.589905243E0,1.150657196E0,7.028880616E0
1.978873054E1,-5.191055145E0,-4.698579254E0,1.165027313E0,7.097956690E0
1.979873354E1,-5.156926117E0,-4.748724976E0,1.120719452E0,7.099316021E0
1.980873654E1,-5.232219543E0,-4.823868713E0,1.108145599E0,7.202348047E0
1.981874054E1,-5.454656982E0,-4.967869263E0,1.131497040E0,7.464133798E0
1.982874354E1,-5.826334076E0,-5.162913666E0,1.116228790E0,7.864338052E0
1.983874654E1,-6.248755646E0,-5.416486359E0,1.132993927E0,8.346792607E0
1.984874954E1,-6.613996124E0,-5.651198273E0,1.215622101E0,8.784003856E0
1.985875254E1,-6.855743408E0,-5.633385315E0,1.314716034E0,8.970213266E0
1.986875554E1,-7.120692444E0,-5.471871185E0,1.517544250E0,9.107610867E0
1.987875954E1,-7.642357635E0,-5.435347137E0,1.847009125E0,9.558246253E0
1.988876254E1,-8.436306610E0,-5.681884460E0,2.088906097E0,1.038357400E1
1.989876554E1,-9.199868774E0,-6.187233582E0,2.066303101E0,1.127781244E1
1.990876854E1,-9.708361359E0,-6.721772003E0,1.865869904E0,1.195474674E1
1.991877254E1,-9.858199768E0,-7.046746216E0,1.744771729E0,1.224275146E1
1.992877554E1,-9.802066498E0,-6.990912323E0,1.805395660E0,1.217426861E1
1.993877854E1,-9.652976532E0,-6.474186859E0,2.160157928E0,1.182206977E1
1.994878154E1,-9.481283569E0,-5.684279480E0,2.656226349E0,1.136931439E1
1.995878454E1,-9.307944031E0,-4.950505371E0,3.009192352E0,1.096360179E1
1.996878754E1,-9.376351776E0,-4.337829437E0,3.225791931E0,1.082305273E1
1.997879154E1,-9.766290894E0,-4.006867676E0,3.392994232E0,1.108818453E1
1.998879454E1,-1.021281235E1,-3.824995880E0,3.661535797E0,1.150386778E1
1.999879754E1,-1.074570419E1,-4.074377289E0,3.995641022E0,1.216699865E1
2.000880054E1,-1.133113678E1,-4.686304779E0,4.177512817E0,1.295406216E1
2.001880354E1,-1.178424454E1,-5.398673401E0,4.175566864E0,1.361798269E1
2.002880754E1,-1.191612030E1,-5.860762482E0,4.099524994E0,1.389778993E1
2.003881054E1,-1.197734299E1,-6.074667664E0,3.955823822E0,1.400024551E1
2.004881354E1,-1.223495728E1,-6.089486847E0,3.711681519E0,1.416165984E1
2.005881654E1,-1.236458771E1,-5.729934540E0,3.298390961E0,1.402121828E1
2.006881954E1,-1.213646210E1,-4.961732025E0,2.696941681E0,1.338603718E1
2.007882354E1,-1.158800262E1,-3.961362305E0,1.878743134E0,1.238966795E1
2.008882654E1,-1.107067841E1,-3.022814026E0,1.026864624E0,1.152179569E1
2.009882954E1,-1.060993652E1,-2.269730072E0,4.523593140E-1,1.085942248E1
2.010883254E1,-1.016012192E1,-1.689386902E0,2.176473999E-1,1.030191613E1
2.011883554E1,-9.773176575E0,-1.102008362E0,2.032772827E-1,9.837211213E0
2.012883954E1,-9.323811035E0,-6.909631348E-1,3.841012573E-1,9.357265415E0
2.013884254E1,-8.832083588E0,-4.544549561E-1,7.039860535E-1,8.871743130E0
2.014884554E1,-8.275091858E0,-3.020718384E-1,1.105451202E0,8.354065777E0
2.015884854E1,-7.681576080E0,-2.017803955E-1,1.470541992E0,7.823670504E0
2.016885154E1,-7.051536255E0,-1.947450256E-1,1.625619507E0,7.239110992E0
2.017885554E1,-6.510261841E0,-2.496807861E-1,1.639540558E0,6.718180034E0
2.018885854E1,-6.146967316E0,-3.251239014E-1,1.629062347E0,6.367476491E0
2.019886154E1,-5.961353302E0,-4.444258118E-1,1.670975189E0,6.207044834E0
2.020886454E1,-5.859564972E0,-5.304968262E-1,1.659598846E0,6.113116789E0
2.021886754E1,-5.820795593E0,-5.911207581E-1,1.641636200E0,6.076681208E0
2.022887154E1,-5.864355011E0,-6.894662476E-1,1.609153748E0,6.120081632E0
2.023887454E1,-6.021977234E0,-8.478369141E-1,1.559307404E0,6.278094999E0
2.024887754E1,-6.290069733E0,-1.023122406E0,1.479223938E0,6.542160206E0
2.025888054E1,-6.587800598E0,-1.147813110E0,1.348695374E0,6.821698532E0
2.026888354E1,-7.023694153E0,-1.264121246E0,1.240919495E0,7.243629151E0
2.027888754E1,-7.492369537E0,-1.344504089E0,1.144819336E0,7.697655737E0
2.028889054E1,-7.899073792E0,-1.434317322E0,1.057550812E0,8.097595116E0
2.029889354E1,-8.297395477E0,-1.495240631E0,1.119971008E0,8.505107366E0
2.030889654E1,-8.772657166E0,-1.570084991E0,1.202000427E0,8.992746280E0
2.031889954E1,-9.284891968E0,-1.741179199E0,1.294807434E0,9.535064245E0
2.032890354E1,-9.757159882E0,-1.986369324E0,1.364412689E0,1.005034597E1
2.033890654E1,-1.024394760E1,-2.221081238E0,1.524429932E0,1.059224013E1
2.034890954E1,-1.081366287E1,-2.515668640E0,1.803449707E0,1.124794756E1
2.035891254E1,-1.147184418E1,-2.908601532E0,2.054028625E0,1.201175280E1
2.036891554E1,-1.210457840E1,-3.247646484E0,2.325264587E0,1.274656351E1
2.037891954E1,-1.271321274E1,-3.589984589E0,2.624043274E0,1.346845836E1
2.038892254E1,-1.331241669E1,-3.896547089E0,2.839145966E0,1.415854043E1
2.039892554E1,-1.377824799E1,-4.115541687E0,2.968926086E0,1.468306245E1
2.040892854E1,-1.400816986E1,-4.197870483E0,3.008743286E0,1.492995230E1
2.041893154E1,-1.392509262E1,-4.003424835E0,3.084934845E0,1.481392716E1
2.042893554E1,-1.376238098E1,-3.526067505E0,3.162623291E0,1.455467170E1
2.043893854E1,-1.384441040E1,-3.261567535E0,3.047063599E0,1.454613759E1
2.044894154E1,-1.440259964E1,-3.642824707E0,2.868784332E0,1.513059720E1
2.045894454E1,-1.482726654E1,-4.462071075E0,2.634970551E0,1.570671771E1
2.046894754E1,-1.462383957E1,-5.172793121E0,2.386038208E0,1.569419162E1
2.047895154E1,-1.413735123E1,-5.579048309E0,2.242636414E0,1.536293910E1
2.048895454E1,-1.345761475E1,-5.583239594E0,2.318977661E0,1.475322393E1
2.049895754E1,-1.272219406E1,-5.182822266E0,2.515069885E0,1.396572393E1
2.050896054E1,-1.226010498E1,-4.569248199E0,2.660567322E0,1.335165989E1
2.051896354E1,-1.238539444E1,-4.155358887E0,2.802172852E0,1.336103198E1
2.052896754E1,-1.284808228E1,-4.089046783E0,2.791844330E0,1.376909280E1
2.053897054E1,-1.327334793E1,-4.371808777E0,2.525248718E0,1.420110412E1
2.054897354E1,-1.345282471E1,-5.005740509E0,2.306553497E0,1.453809202E1
2.055897654E1,-1.335073700E1,-5.766159210E0,2.261497192E0,1.471751134E1
2.056897954E1,-1.322889038E1,-6.419101410E0,2.360890503E0,1.489235400E1
2.057898354E1,-1.305599991E1,-6.899751892E0,2.577789459E0,1.499035384E1
2.058898654E1,-1.262684235E1,-7.110513611E0,2.815345459E0,1.476220585E1
2.059898954E1,-1.213541428E1,-6.879843292E0,3.007545776E0,1.427045392E1
2.060899254E1,-1.169967041E1,-6.379433899E0,3.094365234E0,1.368044447E1
2.061899554E1,-1.143067978E1,-5.824088745E0,3.088677063E0,1.319546801E1
2.062899954E1,-1.128563141E1,-5.234165497E0,3.018323364E0,1.280125934E1
2.063900254E1,-1.110780121E1,-4.620591431E0,2.851719818E0,1.236387556E1
2.064900554E1,-1.074136322E1,-4.034410400E0,2.625540161E0,1.177059099E1
2.065900854E1,-1.032373169E1,-3.508703613E0,2.349364471E0,1.115392086E1
2.066901154E1,-9.903705139E0,-3.041974182E0,2.174528046E0,1.058610196E1
2.067901521E1,-9.445657654E0,-2.592908020E0,2.102378082E0,1.001816421E1
2.068901821E1,-8.993597717E0,-2.336341553E0,2.158211975E0,9.539453374E0
2.069902121E1,-8.594826965E0,-2.172582092E0,2.302212524E0,9.159221911E0
2.070902421E1,-8.113128662E0,-2.032772827E0,2.419269104E0,8.706772367E0
2.071902721E1,-7.688012695E0,-1.966460724E0,2.490071869E0,8.317028610E0
2.072903121E1,-7.301067352E0,-1.982926483E0,2.460283813E0,7.955537591E0
2.073903421E1,-7.004084930E0,-2.045795746E0,2.372416534E0,7.672733943E0
2.074903721E1,-6.795269165E0,-2.149679718E0,2.342478790E0,7.502267177E0
2.075904021E1,-6.518794098E0,-2.218386841E0,2.328857117E0,7.269077805E0
2.076904321E1,-6.243516541E0,-2.319726105E0,2.295326843E0,7.044938134E0
2.077904721E1,-5.998027039E0,-2.439327393E0,2.163900146E0,6.827086518E0
2.078905021E1,-5.792055359E0,-2.572101288E0,2.032623138E0,6.655461452E0
2.079905321E1,-5.600453796E0,-2.748733978E0,1.870061188E0,6.512891067E0
2.080905621E1,-5.412295074E0,-2.888842621E0,1.741628265E0,6.377430413E0
2.081905921E1,-5.213807831E0,-3.028951263E0,1.696871338E0,6.264001133E0
2.082906321E1,-5.025649109E0,-3.150797882E0,1.651964722E0,6.157407222E0
2.083906621E1,-4.806205444E0,-3.190615082E0,1.607357483E0,5.988591942E0
2.084906921E1,-4.608316956E0,-3.213816833E0,1.520837402E0,5.820493983E0
2.085907221E1,-4.496798859E0,-3.311713257E0,1.389560394E0,5.754956365E0
2.086907521E1,-4.416715393E0,-3.476520538E0,1.166823578E0,5.740648672E0
2.087907921E1,-4.375700684E0,-3.683390350E0,8.786727905E-1,5.786725051E0
2.088908221E1,-4.385580139E0,-3.875440979E0,6.102809143E-1,5.884284046E0
2.089908521E1,-4.423451385E0,-3.980522461E0,4.249662781E-1,5.965909617E0
2.090908821E1,-4.551285553E0,-4.136797485E0,3.486250305E-1,6.160262416E0
2.091909121E1,-4.708458710E0,-4.201762390E0,3.043171692E-1,6.317990151E0
2.092909421E1,-5.008584595E0,-4.289629669E0,2.692900085E-1,6.599951473E0
2.093909821E1,-5.584287415E0,-4.450395355E0,3.049159241E-1,7.147255310E0
2.094910121E1,-6.306984558E0,-4.678970032E0,4.412823486E-1,7.865465332E0
2.095910421E1,-7.061864777E0,-4.912484436E0,6.291416931E-1,8.625442408E0
2.096910721E1,-7.715256042E0,-5.036277008E0,9.083111572E-1,9.258201286E0
2.097911021E1,-7.994724884E0,-5.071304169E0,1.230590973E0,9.547151726E0
2.098911421E1,-8.067024536E0,-5.042713623E0,1.536854095E0,9.636792312E0
2.099911721E1,-8.303981781E0,-5.172044678E0,1.732946320E0,9.935253520E0
2.100912021E1,-8.814869385E0,-5.687123566E0,1.830243988E0,1.064871306E1
2.101912321E1,-9.360634460E0,-6.342760162E0,1.834884338E0,1.145508117E1
2.102912621E1,-9.723629608E0,-6.821315002E0,1.787582703E0,1.201144300E1
2.103913021E1,-9.914632416E0,-7.051087189E0,1.864073639E0,1.230823046E1
2.104913321E1,-1.002929398E1,-6.978637848E0,2.064806213E0,1.239159185E1
2.105913621E1,-9.843230896E0,-6.421795807E0,2.373763733E0,1.199013804E1
2.106913921E1,-9.315278778E0,-5.462291107E0,2.703827362E0,1.113201353E1
2.107914221E1,-8.986562347E0,-4.670886841E0,2.929707642E0,1.054318138E1
2.108914621E1,-9.025930481E0,-4.066144409E0,3.164419556E0,1.039300258E1
2.109914921E1,-9.326206055E0,-3.605552216E0,3.413501587E0,1.056551557E1
2.110915221E1,-9.854457550E0,-3.689078522E0,3.655847626E0,1.113933821E1
2.111915521E1,-1.045291306E1,-4.249513092E0,3.878434753E0,1.193163899E1
2.112915821E1,-1.094404175E1,-5.081782379E0,4.054618378E0,1.272935553E1
2.113916221E1,-1.115375565E1,-5.796396332E0,4.245770874E0,1.326766919E1
2.114916521E1,-1.113444580E1,-6.220763855E0,4.451742554E0,1.350895251E1
2.115916821E1,-1.132874176E1,-6.408623199E0,4.603676605E0,1.380596536E1
2.116917121E1,-1.190189987E1,-6.427783356E0,4.587809601E0,1.428354355E1
2.117917421E1,-1.236159393E1,-6.113287354E0,4.238585815E0,1.442729692E1
2.118917821E1,-1.261531631E1,-5.549260254E0,3.619772644E0,1.424932451E1
2.119918121E1,-1.265408569E1,-4.672982483E0,2.894081726E0,1.379631687E1
2.120918421E1,-1.234767288E1,-3.610941010E0,2.232008514E0,1.305702043E1
2.121918721E1,-1.185998703E1,-2.568658447E0,1.632205811E0,1.224423923E1
2.122919021E1,-1.127979355E1,-1.855990448E0,1.087787933E0,1.148310610E1
2.123919421E1,-1.065484314E1,-1.272503815E0,7.810757446E-1,1.075895105E1
2.124919721E1,-1.010084518E1,-8.005352783E-1,6.126759338E-1,1.015102468E1
2.125920021E1,-9.634864197E0,-4.589456177E-1,5.839356995E-1,9.663447629E0
2.126920321E1,-9.120683441E0,-2.411485291E-1,6.393205261E-1,9.146242386E0
2.127920621E1,-8.561745758E0,-1.913021851E-1,7.601193237E-1,8.597550136E0
2.128921021E1,-7.995173950E0,-2.273771667E-1,8.762777710E-1,8.046264326E0
2.129921321E1,-7.562872925E0,-2.498304749E-1,9.250762939E-1,7.623334460E0
2.130921621E1,-7.251520386E0,-2.824626160E-1,8.628057861E-1,7.308130189E0
2.131921921E1,-6.980883179E0,-3.673361206E-1,7.839198303E-1,7.034358256E0
2.132922221E1,-6.811585236E0,-4.691244507E-1,7.182064819E-1,6.865390865E0
2.133922621E1,-6.644981689E0,-5.604345703E-1,6.487509155E-1,6.700055695E0
2.134922921E1,-6.501130829E0,-6.866221619E-1,5.807922363E-1,6.563038296E0
2.135923221E1,-6.399192810E0,-8.714877319E-1,4.921765137E-1,6.476989826E0
2.136923521E1,-6.427633667E0,-1.147364044E0,4.993615723E-1,6.548303657E0
2.137923821E1,-6.523584137E0,-1.381177826E0,4.939727783E-1,6.686464782E0
2.138924221E1,-6.663842468E0,-1.603465576E0,4.716691589E-1,6.870252549E0
2.139924521E1,-6.776258698E0,-1.767524414E0,5.078938293E-1,7.021380251E0
2.140924821E1,-6.935677185E0,-1.908531189E0,5.647755432E-1,7.215613677E0
2.141925121E1,-7.256460114E0,-2.075883179E0,7.354206848E-1,7.583294003E0
2.142925421E1,-7.668104095E0,-2.251617737E0,9.355545044E-1,8.046419395E0
2.143925821E1,-8.146509247E0,-2.483036499E0,1.233285370E0,8.605351589E0
2.144926121E1,-8.726403351E0,-2.692301331E0,1.554217987E0,9.263595169E0
2.145926421E1,-9.319470062E0,-2.957100677E0,1.796114960E0,9.940975586E0
2.146926721E1,-9.856702881E0,-3.274740143E0,2.049088898E0,1.058665575E1
2.147927021E1,-1.039378601E1,-3.557951202E0,2.245181122E0,1.121296761E1
2.148927321E1,-1.102532272E1,-3.786076813E0,2.438728638E0,1.190963963E1
2.149927721E1,-1.171987839E1,-4.048930206E0,2.661016388E0,1.268189234E1
2.150928021E1,-1.244347366E1,-4.384532318E0,2.871329041E0,1.350217356E1
2.151928321E1,-1.301693115E1,-4.607718201E0,3.066074066E0,1.414469419E1
2.152928621E1,-1.349339035E1,-4.543052673E0,3.255729675E0,1.460515958E1
2.153928921E1,-1.391865601E1,-4.327051849E0,3.327131195E0,1.495065767E1
2.154929321E1,-1.444166840E1,-4.252806244E0,3.240311737E0,1.539960282E1
2.155929621E1,-1.502934631E1,-4.498744812E0,2.986888733E0,1.597001753E1
2.156929921E1,-1.542961395E1,-5.040318604E0,2.709665222E0,1.645661217E1
2.157930221E1,-1.552227127E1,-5.563630371E0,2.630030823E0,1.669766302E1
2.158930521E1,-1.511871048E1,-5.779481506E0,2.741848297E0,1.641631948E1
2.159930921E1,-1.459435089E1,-5.673950958E0,2.818189545E0,1.591009081E1
2.160931221E1,-1.411205383E1,-5.242847443E0,2.853216705E0,1.532247885E1
2.161931521E1,-1.358829300E1,-4.399800568E0,2.914140015E0,1.457711095E1
2.162931821E1,-1.332618805E1,-3.677253113E0,2.894081726E0,1.412392252E1
2.163932121E1,-1.331900299E1,-3.364852753E0,2.690355377E0,1.399843158E1
2.164932521E1,-1.344204712E1,-3.476520538E0,2.451003113E0,1.409901564E1
2.165932821E1,-1.347797241E1,-4.004472656E0,2.275717621E0,1.424325919E1
2.166933121E1,-1.330972229E1,-4.892575836E0,2.257455597E0,1.435904285E1
2.167933429E1,-1.307665695E1,-5.896837463E0,2.376308441E0,1.454023696E1
2.168933729E1,-1.281949173E1,-6.632557526E0,2.746039581E0,1.469254644E1
2.169934129E1,-1.216101105E1,-7.073091431E0,3.175496521E0,1.442229490E1
2.170934429E1,-1.141466309E1,-7.126081238E0,3.551065521E0,1.391709860E1
2.171934729E1,-1.072250244E1,-6.809339905E0,3.884122925E0,1.328252911E1
2.172935029E1,-1.012524445E1,-6.214027863E0,4.027973785E0,1.254429313E1
2.173935329E1,-9.707612915E0,-5.475763092E0,4.030668182E0,1.185192035E1
2.174935729E1,-9.517807617E0,-4.799020386E0,3.928879852E0,1.136025332E1
2.175936029E1,-9.455088043E0,-4.113745422E0,3.717519379E0,1.096090971E1
2.176936329E1,-9.252708893E0,-3.542982330E0,3.387156372E0,1.047082489E1
2.177936629E1,-8.975485382E0,-3.116369476E0,3.005749512E0,9.965220855E0
2.178936929E1,-8.733289032E0,-2.789149933E0,2.616708527E0,9.533984381E0
2.179937329E1,-8.493188324E0,-2.528841248E0,2.354004822E0,9.169003472E0
2.180937629E1,-8.276888123E0,-2.248623962E0,2.127974854E0,8.836937461E0
2.181937929E1,-8.054750061E0,-2.105521545E0,2.011666718E0,8.564988179E0
2.182938229E1,-7.809110870E0,-1.989512787E0,1.993404694E0,8.301447825E0
2.183938529E1,-7.483238525E0,-1.884730682E0,1.978585510E0,7.966546880E0
2.184938929E1,-7.213798828E0,-1.832788696E0,1.969753876E0,7.699216731E0
2.185939229E1,-7.039561157E0,-1.854194183E0,1.922302551E0,7.529190159E0
2.186939529E1,-6.839876404E0,-1.928439789E0,1.852397919E0,7.343988514E0
2.187939829E1,-6.620582428E0,-1.989812164E0,1.664987640E0,7.110812048E0
2.188940129E1,-6.490951996E0,-2.024689636E0,1.476379852E0,6.957838989E0
2.189940529E1,-6.459217987E0,-2.198627930E0,1.373094635E0,6.959946167E0
2.190940829E1,-6.334676971E0,-2.442620544E0,1.333726501E0,6.919057294E0
2.191941129E1,-6.158343658E0,-2.566712494E0,1.352138214E0,6.807458218E0
2.192941429E1,-5.973478088E0,-2.719095612E0,1.360371094E0,6.702725634E0
2.193941729E1,-5.834417267E0,-2.890788574E0,1.346749420E0,6.649121553E0
2.194942029E1,-5.709726562E0,-3.069965973E0,1.275198212E0,6.606950807E0
2.195942429E1,-5.524411926E0,-3.265758820E0,1.237626343E0,6.535749901E0
2.196942729E1,-5.470523987E0,-3.465742950E0,1.185085602E0,6.583497154E0
2.197943029E1,-5.516478424E0,-3.686833191E0,1.157692566E0,6.735319240E0
2.198943329E1,-5.592220917E0,-3.970193939E0,1.188678131E0,6.960483489E0
2.199943629E1,-5.686375122E0,-4.294419708E0,1.131047974E0,7.214996339E0
2.200944029E1,-5.824238434E0,-4.633614349E0,1.039288788E0,7.514802490E0
2.201944329E1,-5.859564972E0,-4.873565369E0,1.037492523E0,7.691718390E0
2.202944629E1,-5.964646454E0,-5.089266815E0,1.070873108E0,7.913558823E0
2.203944929E1,-6.114335175E0,-5.250780945E0,1.149459686E0,8.141071964E0
2.204945229E1,-6.418652344E0,-5.469625854E0,1.214125214E0,8.519976815E0
2.205945629E1,-6.817572784E0,-5.789510651E0,1.229692841E0,9.028282047E0
2.206945929E1,-7.062912598E0,-6.053411865E0,1.210083618E0,9.380449453E0
2.207946229E1,-7.012317810E0,-6.088289337E0,1.246158600E0,9.369780114E0
2.208946529E1,-6.953639832E0,-5.960904236E0,1.426533508E0,9.269330292E0
2.209946829E1,-7.147037659E0,-5.975573730E0,1.711540833E0,9.471905865E0
2.210947229E1,-7.711214447E0,-6.388564911E0,1.920206909E0,1.019626326E1
2.211947529E1,-8.356223145E0,-7.047195282E0,2.007625122E0,1.111395453E1
2.212947829E1,-8.778794403E0,-7.576494598E0,2.013313293E0,1.176961902E1
2.213948129E1,-9.033115540E0,-7.858059082E0,2.073338470E0,1.215092594E1
2.214948429E1,-8.933572540E0,-7.682773590E0,2.296524353E0,1.200448885E1
2.215948829E1,-8.581504669E0,-7.166497192E0,2.673290863E0,1.149553776E1
2.216949129E1,-8.366701355E0,-6.304140472E0,3.187770996E0,1.095014898E1
2.217949429E1,-8.136480103E0,-5.411846008E0,3.697311401E0,1.044799011E1
2.218949729E1,-8.264913025E0,-4.680317230E0,4.218976593E0,1.039297456E1
2.219950029E1,-8.862769775E0,-4.133654022E0,4.776567078E0,1.088353696E1
2.220950429E1,-9.558672638E0,-3.859723663E0,5.277724915E0,1.158102196E1
2.221950729E1,-1.047042664E1,-4.124523010E0,5.571713562E0,1.255728936E1
2.222951029E1,-1.132978958E1,-4.711452484E0,5.525908813E0,1.345725026E1
2.223951329E1,-1.209395050E1,-5.226531372E0,5.240153046E0,1.417883891E1
2.224951629E1,-1.274210266E1,-5.667813721E0,4.944667511E0,1.479645327E1
2.225952029E1,-1.329819626E1,-6.056106262E0,4.438869324E0,1.527160789E1
2.226952329E1,-1.346075821E1,-6.066584473E0,3.657344513E0,1.521090489E1
2.227952629E1,-1.327424606E1,-5.620512085E0,2.628084869E0,1.465273335E1
2.228952929E1,-1.270063889E1,-4.780458984E0,1.377734985E0,1.364027749E1
2.229953229E1,-1.184636536E1,-3.736829224E0,1.657054138E-1,1.242287097E1
2.230953629E1,-1.104268661E1,-2.821482697E0,-7.258406067E-1,1.142053137E1
2.231953929E1,-1.042087967E1,-2.200723572E0,-1.316362610E0,1.073176257E1
2.232954229E1,-9.949509888E0,-1.645079041E0,-1.551972656E0,1.020331570E1
2.233954529E1,-9.587113495E0,-1.135089569E0,-1.338217163E0,9.746383877E0
2.234954829E1,-9.258696442E0,-7.429051208E-1,-8.589138794E-1,9.328081307E0
2.235955229E1,-8.929231567E0,-4.978646851E-1,-3.291654968E-1,8.949156136E0
2.236955529E1,-8.515342255E0,-4.288581848E-1,7.140151978E-2,8.526433676E0
2.237955829E1,-7.919880524E0,-4.261637878E-1,4.685256958E-1,7.945164530E0
2.238956129E1,-7.207212524E0,-4.143383789E-1,7.774832153E-1,7.260858683E0
2.239956429E1,-6.592740326E0,-4.713697815E-1,8.568182373E-1,6.664874490E0
2.240956729E1,-6.114634552E0,-6.478527832E-1,8.878038025E-1,6.212621389E0
2.241957129E1,-5.744604034E0,-7.768844604E-1,9.839039612E-1,5.879803737E0
2.242957429E1,-5.480253754E0,-8.232879639E-1,1.110540619E0,5.651927524E0
2.243957729E1,-5.319787445E0,-8.675958252E-1,1.200054474E0,5.522045972E0
2.244958029E1,-5.297483826E0,-9.791139221E-1,1.298399963E0,5.541465638E0
2.245958329E1,-5.417833557E0,-1.125210114E0,1.441652069E0,5.718162200E0
2.246958729E1,-5.615722046E0,-1.276994476E0,1.621877289E0,5.983104122E0
2.247959029E1,-5.888005829E0,-1.453926544E0,1.845661926E0,6.339478132E0
2.248959329E1,-6.212830353E0,-1.595532074E0,2.077380066E0,6.742439583E0
2.249959629E1,-6.577172699E0,-1.664089508E0,2.260449371E0,7.151085649E0
2.250959929E1,-7.011269989E0,-1.737736359E0,2.299069061E0,7.580458631E0
2.251960329E1,-7.535479889E0,-1.831142120E0,2.240989838E0,8.072086104E0
2.252960629E1,-8.017028503E0,-1.946552124E0,2.113005981E0,8.516255367E0
2.253960929E1,-8.547225952E0,-2.063459015E0,1.998793488E0,9.017100975E0
2.254961229E1,-9.110654297E0,-2.202819214E0,1.977088623E0,9.579421362E0
2.255961529E1,-9.648186493E0,-2.389481049E0,1.935624847E0,1.012638958E1
2.256961929E1,-1.021415955E1,-2.674338684E0,1.927092590E0,1.073288538E1
2.257962229E1,-1.082518890E1,-3.012186127E0,2.001338196E0,1.141329640E1
2.258962529E1,-1.150357819E1,-3.378773804E0,2.100581818E0,1.217213488E1
2.259962829E1,-1.219963074E1,-3.836821289E0,2.240989838E0,1.298361364E1
2.260963129E1,-1.290825714E1,-4.298461304E0,2.353705444E0,1.380723728E1
2.261963529E1,-1.360011841E1,-4.602030029E0,2.446362762E0,1.456456631E1
2.262963829E1,-1.401011581E1,-4.618046722E0,2.500550079E0,1.496203366E1
2.263964129E1,-1.418929321E1,-4.338877258E0,2.498454437E0,1.504673295E1
2.264964429E1,-1.437370972E1,-4.135899353E0,2.381248169E0,1.514528102E1
2.265964729E1,-1.482801498E1,-4.434977417E0,2.274520111E0,1.564328913E1
2.266965129E1,-1.524459869E1,-5.192402344E0,2.179318085E0,1.625140790E1
2.267965371E1,-1.505943375E1,-5.925128632E0,2.136507111E0,1.632355221E1
2.268965671E1,-1.448328186E1,-6.306685181E0,2.240241394E0,1.595488680E1
2.269965971E1,-1.386282211E1,-6.160888367E0,2.517764282E0,1.537769552E1
2.270966271E1,-1.310719345E1,-5.602399750E0,2.850971375E0,1.453662412E1
2.271966671E1,-1.264166153E1,-4.701423340E0,3.065325623E0,1.383152952E1
2.272966971E1,-1.254720795E1,-3.863166504E0,3.109334106E0,1.349164339E1
2.273967271E1,-1.276889694E1,-3.453767853E0,2.952310638E0,1.355320551E1
2.274967571E1,-1.308174637E1,-3.537892914E0,2.722239075E0,1.382242236E1
2.275967871E1,-1.328846649E1,-4.055516510E0,2.574795685E0,1.413011425E1
2.276968271E1,-1.322874069E1,-4.923711090E0,2.584226074E0,1.434993852E1
2.277968571E1,-1.290646088E1,-5.949228516E0,2.651585999E0,1.445686552E1
2.278968871E1,-1.263193176E1,-6.691684570E0,2.894231415E0,1.458495519E1
2.279969171E1,-1.207449097E1,-7.084318085E0,3.272794189E0,1.437678951E1
2.280969471E1,-1.145073807E1,-6.978937225E0,3.571273499E0,1.387728221E1
2.281969771E1,-1.088970474E1,-6.564748535E0,3.742816772E0,1.325482064E1
2.282970171E1,-1.058688446E1,-5.987848206E0,3.754043427E0,1.272907266E1
2.283970471E1,-1.059152481E1,-5.350623322E0,3.723207550E0,1.243671348E1
2.284970771E1,-1.050171158E1,-4.677323456E0,3.544179840E0,1.203015010E1
2.285971071E1,-1.027074188E1,-4.143383789E0,3.242706757E0,1.153997033E1
2.286971371E1,-1.003303619E1,-3.733685760E0,2.901266785E0,1.109141892E1
2.287971771E1,-9.725126495E0,-3.348237305E0,2.586172028E0,1.060552046E1
2.288972071E1,-9.381141815E0,-3.075205078E0,2.322570190E0,1.014184600E1
2.289972371E1,-9.034612427E0,-2.737357635E0,2.094145203E0,9.669684207E0
2.290972671E1,-8.713081055E0,-2.462678833E0,1.918260956E0,9.255392676E0
2.291972971E1,-8.504265289E0,-2.331252136E0,1.811832275E0,9.002221994E0
2.292973371E1,-8.209228821E0,-2.181713104E0,1.749861145E0,8.672561555E0
2.293973671E1,-7.827971649E0,-1.984573059E0,1.686093750E0,8.249762572E0
2.294973971E1,-7.375911713E0,-1.950444031E0,1.597178650E0,7.794824254E0
2.295974271E1,-7.022047577E0,-1.969753876E0,1.592388611E0,7.464903482E0
2.296974571E1,-6.836583252E0,-1.978735199E0,1.631008301E0,7.301674577E0
2.297974971E1,-6.648574219E0,-2.022444305E0,1.618584137E0,7.135379087E0
2.298975271E1,-6.412215729E0,-2.108665009E0,1.589095459E0,6.934565815E0
2.299975571E1,-6.193370819E0,-2.241438904E0,1.603166199E0,6.778792837E0
2.300975871E1,-6.010600891E0,-2.405348053E0,1.655706940E0,6.682393867E0
2.301976171E1,-5.810167694E0,-2.538271637E0,1.695973206E0,6.563322074E0
2.302976571E1,-5.596711578E0,-2.684667206E0,1.674717407E0,6.429253214E0
2.303976871E1,-5.455255737E0,-2.873873749E0,1.679507446E0,6.390595492E0
2.304977171E1,-5.258714447E0,-3.048710175E0,1.601220245E0,6.285906270E0
2.305977471E1,-5.047653351E0,-3.212319946E0,1.600920868E0,6.193605688E0
2.306977771E1,-4.967869263E0,-3.367547150E0,1.551224213E0,6.198902756E0
2.307978171E1,-4.848866730E0,-3.522624664E0,1.501078491E0,6.178481183E0
2.308978471E1,-4.902305603E0,-3.763024750E0,1.475481720E0,6.353739198E0
2.309978771E1,-5.020859070E0,-4.033063202E0,1.446741486E0,6.600582210E0
2.310979071E1,-5.186564484E0,-4.261338501E0,1.422641602E0,6.861732004E0
2.311979371E1,-5.406157837E0,-4.463268585E0,1.394051056E0,7.147774994E0
2.312979671E1,-5.696853333E0,-4.659660187E0,1.377435608E0,7.487583041E0
2.313980071E1,-6.090983734E0,-4.842280426E0,1.312919769E0,7.891230632E0
2.314980371E1,-6.580316162E0,-5.101840668E0,1.228195953E0,8.416519726E0
2.315980671E1,-6.989415436E0,-5.383405151E0,1.162033539E0,8.898499936E0
2.316980971E1,-7.202871552E0,-5.571114807E0,1.166075134E0,9.180327336E0
2.317981271E1,-7.244784393E0,-5.641468506E0,1.278341675E0,9.270772635E0
2.318981671E1,-7.128176880E0,-5.494174805E0,1.420995026E0,9.111316550E0
2.319981971E1,-6.918612671E0,-5.187163239E0,1.649420013E0,8.803093214E0
2.320982271E1,-7.043303375E0,-5.125940552E0,1.993255005E0,8.936243869E0
2.321982571E1,-7.551945648E0,-5.542075195E0,2.275717621E0,9.639780663E0
2.322982871E1,-8.160280609E0,-6.153852997E0,2.362836456E0,1.049014216E1
2.323983271E1,-8.564290466E0,-6.570736084E0,2.395917664E0,1.105721779E1
2.324983571E1,-8.873846741E0,-6.748715973E0,2.531086578E0,1.143226673E1
2.325983871E1,-9.129215698E0,-6.693780212E0,2.854264526E0,1.167459202E1
2.326984171E1,-9.314230957E0,-6.417155457E0,3.149001617E0,1.174099628E1
2.327984471E1,-9.308243408E0,-5.789810028E0,3.460204468E0,1.149514291E1
2.328984871E1,-9.098828888E0,-4.949906616E0,3.639830933E0,1.097900869E1
2.329985171E1,-8.971144409E0,-4.242328033E0,3.648812256E0,1.057320245E1
2.330985471E1,-9.178163910E0,-3.897445221E0,3.608396301E0,1.060421123E1
2.331985771E1,-9.593999176E0,-3.725901947E0,3.783532104E0,1.096550412E1
2.332986071E1,-1.006357269E1,-3.806434479E0,3.975133667E0,1.147022783E1
2.333986471E1,-1.055470139E1,-4.402195587E0,3.943848724E0,1.209690002E1
2.334986771E1,-1.083207458E1,-5.086422729E0,3.632346497E0,1.250597765E1
2.335987071E1,-1.097742233E1,-5.519621887E0,3.265908508E0,1.271362203E1
2.336987371E1,-1.133517838E1,-5.776787109E0,2.988984375E0,1.306872472E1
2.337987671E1,-1.183498901E1,-5.846242676E0,2.804268494E0,1.349479308E1
2.338988071E1,-1.224917770E1,-5.563181305E0,2.614163818E0,1.370493317E1
2.339988371E1,-1.234437973E1,-5.048850861E0,2.138902130E0,1.350738717E1
2.340988671E1,-1.220711517E1,-4.357288971E0,1.457968140E0,1.304320893E1
2.341988971E1,-1.184292252E1,-3.566932526E0,6.999444580E-1,1.238820986E1
2.342989271E1,-1.133428024E1,-2.815944214E0,1.459465027E-1,1.167975817E1
2.343989671E1,-1.078252762E1,-2.297422485E0,-1.213975525E-1,1.102523421E1
2.344989971E1,-1.026879593E1,-1.964065704E0,-1.522334290E-1,1.045604605E1
2.345990271E1,-9.775272217E0,-1.676813049E0,7.918533325E-2,9.918362729E0
2.346990571E1,-9.210945740E0,-1.404978333E0,4.526586914E-1,9.328471763E0
2.347990871E1,-8.734785919E0,-1.170416107E0,8.858578491E-1,8.857262729E0
2.348991171E1,-8.188571777E0,-9.789642334E-1,1.291514282E0,8.347400066E0
2.349991571E1,-7.653284912E0,-8.158035278E-1,1.601669312E0,7.861529745E0
2.350991871E1,-7.264543304E0,-7.065307617E-1,1.749861145E0,7.505650483E0
2.351992171E1,-6.957232361E0,-6.776408386E-1,1.748813324E0,7.205596941E0
2.352992471E1,-6.734944611E0,-7.351213074E-1,1.687291260E0,6.981893299E0
2.353992771E1,-6.611900482E0,-7.894583130E-1,1.640588379E0,6.857988236E0
2.354993171E1,-6.496041412E0,-8.488847351E-1,1.542841644E0,6.730491785E0
2.355993471E1,-6.448440399E0,-9.663903809E-1,1.462758179E0,6.682511163E0
2.356993771E1,-6.463708649E0,-1.107846222E0,1.446741486E0,6.715646929E0
2.357994071E1,-6.565197601E0,-1.268312531E0,1.470691681E0,6.846412947E0
2.358994371E1,-6.675817566E0,-1.382225647E0,1.514849854E0,6.983685130E0
2.359994771E1,-6.844816132E0,-1.446891174E0,1.560953979E0,7.168094536E0
2.360995071E1,-7.108567657E0,-1.487905884E0,1.568288727E0,7.430015316E0
2.361995371E1,-7.447612610E0,-1.506467285E0,1.475930786E0,7.740461805E0
2.362995671E1,-7.853718109E0,-1.541195068E0,1.349743195E0,8.116524938E0
2.363995971E1,-8.278235321E0,-1.589095459E0,1.228645020E0,8.518448978E0
2.364996371E1,-8.630602570E0,-1.705253906E0,1.158890076E0,8.873455798E0
2.365996671E1,-9.004974060E0,-1.827998657E0,1.143172760E0,9.259480594E0
2.366996971E1,-9.490863647E0,-1.977537689E0,1.191372528E0,9.767625944E0
2.367997246E1,-1.001836670E1,-2.258353729E0,1.263372803E0,1.034717081E1
2.368997546E1,-1.054871384E1,-2.617307281E0,1.307980042E0,1.094698464E1
2.369997846E1,-1.107397156E1,-3.008892975E0,1.370400238E0,1.155700133E1
2.370998246E1,-1.163874710E1,-3.448678436E0,1.551074524E0,1.223763250E1
2.371998546E1,-1.231040039E1,-4.044589233E0,1.722019043E0,1.307172557E1
2.372998846E1,-1.287023621E1,-4.514462128E0,1.969304810E0,1.378047567E1
2.373999146E1,-1.328786774E1,-4.772525482E0,2.268233185E0,1.429997588E1
2.374999446E1,-1.355266708E1,-4.752616882E0,2.468666382E0,1.457245573E1
2.375999846E1,-1.364517471E1,-4.467908936E0,2.618504791E0,1.459484740E1
2.377000146E1,-1.370490051E1,-4.108057251E0,2.632276154E0,1.454748467E1
2.378000446E1,-1.394051056E1,-4.165088654E0,2.487826538E0,1.476059210E1
2.379000746E1,-1.426189224E1,-4.786895599E0,2.374961243E0,1.523011427E1
2.380001046E1,-1.428868652E1,-5.524561615E0,2.404749298E0,1.550710040E1
2.381001446E1,-1.397224457E1,-6.073919220E0,2.593506775E0,1.545452653E1
2.382001746E1,-1.363813934E1,-6.278394012E0,2.854863281E0,1.528290942E1
2.383002046E1,-1.313623306E1,-6.207441559E0,3.074007568E0,1.485067245E1
2.384002346E1,-1.249945724E1,-5.719456329E0,3.279979248E0,1.413176832E1
2.385002646E1,-1.214065338E1,-4.923860779E0,3.419040070E0,1.353993000E1
2.386003046E1,-1.207973007E1,-4.438719635E0,3.342100067E0,1.329630563E1
2.387003346E1,-1.228210922E1,-4.356690216E0,3.037333832E0,1.338119402E1
2.388003646E1,-1.247775238E1,-4.627626801E0,2.710563354E0,1.358147223E1
2.389003946E1,-1.263028519E1,-5.212161255E0,2.451452179E0,1.388165504E1
2.390004246E1,-1.260244308E1,-5.911357269E0,2.382894745E0,1.412246097E1
2.391004646E1,-1.260902939E1,-6.434369659E0,2.454146576E0,1.436703068E1
2.392004946E1,-1.252385651E1,-6.669380951E0,2.677332458E0,1.443938133E1
2.393005246E1,-1.224768082E1,-6.612349548E0,2.855312347E0,1.420850663E1
2.394005546E1,-1.193692703E1,-6.233786774E0,2.945724335E0,1.378505047E1
2.395005846E1,-1.160416901E1,-5.669759674E0,2.969524841E0,1.325220702E1
2.396006246E1,-1.130389343E1,-5.090464325E0,2.921325073E0,1.273675681E1
2.397006546E1,-1.098939743E1,-4.614005127E0,2.760260010E0,1.223417077E1
2.398006846E1,-1.065544189E1,-4.191583557E0,2.490970001E0,1.171805215E1
2.399007146E1,-1.039767792E1,-3.726051636E0,2.247276764E0,1.127144266E1
2.400007446E1,-1.003303619E1,-3.304677887E0,2.090253296E0,1.076809501E1
2.401007746E1,-9.683213654E0,-3.000809784E0,2.001188507E0,1.033316222E1
2.402008146E1,-9.343869324E0,-2.769989777E0,1.957629089E0,9.940475288E0
2.403008446E1,-9.003327484E0,-2.542762299E0,1.886227570E0,9.543762379E0
2.404008746E1,-8.629704437E0,-2.378703461E0,1.838177490E0,9.138321800E0
2.405009046E1,-8.236172791E0,-2.321821747E0,1.784289551E0,8.741229185E0
2.406009346E1,-7.896678772E0,-2.254461823E0,1.691183167E0,8.384523495E0
2.407009746E1,-7.513924713E0,-2.231858826E0,1.633253632E0,8.006733156E0
2.408010046E1,-7.198081512E0,-2.245929565E0,1.600172424E0,7.708250700E0
2.409010346E1,-7.004533997E0,-2.285447388E0,1.533710632E0,7.525890949E0
2.410010646E1,-6.812633057E0,-2.346370697E0,1.475781097E0,7.354954416E0
2.411010946E1,-6.613846436E0,-2.499202881E0,1.462458801E0,7.219956057E0
2.412011346E1,-6.403833160E0,-2.624941406E0,1.479972382E0,7.077408762E0
2.413011646E1,-6.237978058E0,-2.806364136E0,1.429377594E0,6.987930324E0
2.414011946E1,-6.006110229E0,-3.005599823E0,1.313518524E0,6.843414447E0
2.415012246E1,-5.736670532E0,-3.201841736E0,1.323547668E0,6.701713044E0
2.416012546E1,-5.478906555E0,-3.378624115E0,1.347647552E0,6.576448272E0
2.417012946E1,-5.197342072E0,-3.448379059E0,1.393751678E0,6.391105263E0
2.418013246E1,-5.018014984E0,-3.522474976E0,1.434017944E0,6.296404672E0
2.419013546E1,-4.921765137E0,-3.673211517E0,1.440903625E0,6.308126360E0
2.420013846E1,-4.905898132E0,-3.876339111E0,1.452579346E0,6.419020809E0
2.421014146E1,-4.962779846E0,-4.117787018E0,1.476828918E0,6.615616175E0
2.422014546E1,-5.027595062E0,-4.379442902E0,1.386716309E0,6.810228657E0
2.423014846E1,-5.055137787E0,-4.520449677E0,1.374142456E0,6.919331674E0
2.424015146E1,-5.109474792E0,-4.606520691E0,1.360371094E0,7.012658201E0
2.425015446E1,-5.267546082E0,-4.830904083E0,1.345701599E0,7.272935362E0
2.426015746E1,-5.467979279E0,-5.113666077E0,1.261127472E0,7.592023488E0
2.427016046E1,-5.661826172E0,-5.349425812E0,1.250349884E0,7.888980096E0
2.428016446E1,-6.042334900E0,-5.584736481E0,1.331181793E0,8.334934767E0
2.429016746E1,-6.462361450E0,-5.750591583E0,1.431173859E0,8.768105707E0
2.430017046E1,-6.857090607E0,-5.860612793E0,1.566492462E0,9.155346664E0
2.431017346E1,-7.120842133E0,-5.816304932E0,1.777703247E0,9.364615559E0
2.432017646E1,-7.291936340E0,-5.615722046E0,2.051483917E0,9.429594686E0
2.433018046E1,-7.755971375E0,-5.566175079E0,2.307451630E0,9.821493267E0
2.434018346E1,-8.411308594E0,-5.919290771E0,2.406994629E0,1.056322577E1
2.435018646E1,-8.854536896E0,-6.542145538E0,2.370021515E0,1.126141616E1
2.436018946E1,-8.987460480E0,-7.001240845E0,2.274071045E0,1.161736710E1
2.437019246E1,-8.972491608E0,-7.079228668E0,2.395169220E0,1.167723939E1
2.438019646E1,-8.627309418E0,-6.730453949E0,2.734363861E0,1.127857366E1
2.439019946E1,-8.208330688E0,-5.945785675E0,3.209176483E0,1.063145680E1
2.440020246E1,-8.144862671E0,-5.077890472E0,3.702251129E0,1.028739146E1
2.441020546E1,-8.404871979E0,-4.447102203E0,4.039050751E0,1.033114330E1
2.442020846E1,-8.554261322E0,-3.751049652E0,4.098626862E0,1.020022070E1
2.443021246E1,-8.753646698E0,-3.373235321E0,4.026925964E0,1.020887750E1
2.444021546E1,-9.203760681E0,-3.639232178E0,3.952830048E0,1.065730205E1
2.445021846E1,-9.797426147E0,-4.456083527E0,3.743116150E0,1.139548849E1
2.446022146E1,-1.033256332E1,-5.410498810E0,3.509002991E0,1.217983843E1
2.447022446E1,-1.080108902E1,-5.942791901E0,3.487747192E0,1.281189604E1
2.448022846E1,-1.154384445E1,-6.382727051E0,3.575315094E0,1.366683677E1
2.449023146E1,-1.225546463E1,-6.552623749E0,3.545077972E0,1.434227559E1
2.450023446E1,-1.265633102E1,-6.274801483E0,3.262914734E0,1.449836064E1
2.451023746E1,-1.263806900E1,-5.767805786E0,2.670147400E0,1.414630902E1
2.452024046E1,-1.232506989E1,-5.003794556E0,1.839225311E0,1.342862828E1
2.453024446E1,-1.191447372E1,-4.069437561E0,1.058598633E0,1.263469973E1
2.454024746E1,-1.159698395E1,-3.245401154E0,5.426216125E-1,1.205475440E1
2.455025046E1,-1.123847946E1,-2.587219849E0,2.351609802E-1,1.153483541E1
2.456025346E1,-1.089659042E1,-2.044298859E0,2.173480225E-1,1.108882685E1
2.457025646E1,-1.052311707E1,-1.598076782E0,4.637356567E-1,1.065386751E1
2.458025946E1,-1.007120682E1,-1.184486847E0,6.909631348E-1,1.016413528E1
2.459026346E1,-9.648785248E0,-1.030606842E0,1.064586182E0,9.761892796E0
2.460026646E1,-9.208101654E0,-1.011596375E0,1.479673004E0,9.380932549E0
2.461026946E1,-8.691675568E0,-9.886940002E-1,1.902992706E0,8.952324907E0
2.462027246E1,-8.058492279E0,-9.385482788E-1,2.218237152E0,8.410751854E0
2.463027546E1,-7.433092804E0,-9.657916260E-1,2.291434937E0,7.838003328E0
2.464027946E1,-7.044650574E0,-1.077908478E0,2.113904114E0,7.433544175E0
2.465028246E1,-6.698270874E0,-1.225202179E0,1.814975739E0,7.047133461E0
2.466028546E1,-6.413862305E0,-1.284029846E0,1.491498413E0,6.709018544E0
2.467028846E1,-6.290818176E0,-1.356329498E0,1.133592682E0,6.534451423E0
2.468029167E1,-6.227350159E0,-1.513802032E0,8.740324402E-1,6.468030558E0
2.469029567E1,-6.116131439E0,-1.573527832E0,7.668553162E-1,6.361691654E0
2.470029867E1,-6.114933929E0,-1.636995850E0,7.288343811E-1,6.372077521E0
2.471030167E1,-6.190526733E0,-1.774859161E0,6.909631348E-1,6.476895578E0
2.472030467E1,-6.359824677E0,-1.939965820E0,6.677613831E-1,6.682570057E0
2.473030767E1,-6.621031494E0,-2.049388275E0,7.098239136E-1,6.967201758E0
2.474031167E1,-6.918013916E0,-2.185605011E0,7.256909180E-1,7.291255935E0
2.475031467E1,-7.211703186E0,-2.285896454E0,8.186476135E-1,7.609478915E0
2.476031767E1,-7.573949890E0,-2.386038208E0,9.698332214E-1,7.999904484E0
2.477032067E1,-8.138575745E0,-2.556383972E0,1.181792450E0,8.612093100E0
2.478032367E1,-8.707692261E0,-2.766696625E0,1.347348175E0,9.235467602E0
2.479032667E1,-9.175469513E0,-3.009192352E0,1.438358917E0,9.762855923E0
2.480033067E1,-9.645641785E0,-3.319347382E0,1.534159698E0,1.031552803E1
2.481033367E1,-1.010862900E1,-3.622317352E0,1.709894257E0,1.087332983E1
2.482033667E1,-1.059856018E1,-3.944297791E0,1.949096832E0,1.147544951E1
2.483033967E1,-1.116303635E1,-4.312532043E0,2.186503143E0,1.216520074E1
2.484034267E1,-1.169038971E1,-4.641847229E0,2.395019531E0,1.280422102E1
2.485034667E1,-1.220322327E1,-4.916376343E0,2.634671173E0,1.341755964E1
2.486034967E1,-1.260873001E1,-4.828209686E0,2.836451569E0,1.379627264E1
2.487035267E1,-1.295211594E1,-4.548890533E0,2.980601807E0,1.404755137E1
2.488035567E1,-1.347408051E1,-4.297413483E0,3.043770447E0,1.446662181E1
2.489035867E1,-1.418809570E1,-4.427792358E0,2.951711884E0,1.515321774E1
2.490036267E1,-1.478610214E1,-5.017565918E0,2.764600983E0,1.585710575E1
2.491036567E1,-1.500824020E1,-5.664670258E0,2.664159851E0,1.626141171E1
2.492036867E1,-1.473236389E1,-6.081852722E0,2.575244751E0,1.614507243E1
2.493037167E1,-1.450034637E1,-6.519392853E0,2.466121674E0,1.608863836E1
2.494037467E1,-1.444645844E1,-6.715335388E0,2.378553772E0,1.610755750E1
2.495037867E1,-1.429931442E1,-6.405779114E0,2.398612061E0,1.585111160E1
2.496038167E1,-1.418510193E1,-5.547164612E0,2.433339844E0,1.542430857E1
2.497038467E1,-1.404903488E1,-4.768034821E0,2.311193848E0,1.501503094E1
2.498038767E1,-1.418674850E1,-4.655169525E0,1.873953094E0,1.504812735E1
2.499039067E1,-1.435260361E1,-4.698878632E0,1.539997559E0,1.518052315E1
2.500039367E1,-1.436457870E1,-4.999453583E0,1.376387787E0,1.527187287E1
2.501039767E1,-1.408436142E1,-5.559888153E0,1.297950897E0,1.519757446E1
2.502040067E1,-1.368948257E1,-6.093827820E0,1.298100586E0,1.504066939E1
2.503040367E1,-1.317919373E1,-6.568191376E0,1.430126038E0,1.479451066E1
2.504040667E1,-1.264764908E1,-6.937922516E0,1.649719391E0,1.451962018E1
2.505040967E1,-1.201476517E1,-7.088359680E0,1.901046753E0,1.407882821E1
2.506041367E1,-1.120854172E1,-6.849905548E0,2.180216217E0,1.331562827E1
2.507041667E1,-1.035007690E1,-6.436016235E0,2.482138367E0,1.243814326E1
2.508041967E1,-9.600435791E0,-5.945935364E0,2.730022888E0,1.161789739E1
2.509042267E1,-8.991352386E0,-5.427713013E0,2.835403748E0,1.087860288E1
2.510042567E1,-8.613987122E0,-4.928800507E0,2.836152191E0,1.032170566E1
2.511042967E1,-8.337512054E0,-4.422403564E0,2.787353668E0,9.840787622E0
2.512043267E1,-8.098159790E0,-3.994443512E0,2.707120514E0,9.426784841E0
2.513043567E1,-7.848029938E0,-3.642375641E0,2.554138641E0,9.021202714E0
2.514043867E1,-7.613168335E0,-3.276985474E0,2.367476807E0,8.619971712E0
2.515044167E1,-7.392826538E0,-3.008144531E0,2.139949951E0,8.263304638E0
2.516044567E1,-7.208559723E0,-2.843037872E0,1.857038269E0,7.968361736E0
2.517044867E1,-6.784491577E0,-2.825524292E0,1.519789581E0,7.504843360E0
2.518045167E1,-6.404132538E0,-2.816992035E0,1.749412079E0,7.211712717E0
2.519045467E1,-6.509663086E0,-2.376907196E0,1.346300354E0,7.059598144E0
2.520045767E1,-6.141129456E0,-2.519710236E0,1.048719177E0,6.720284412E0
2.521046067E1,-6.120173035E0,-2.670446777E0,1.143472137E0,6.774609398E0
2.522046467E1,-5.960604858E0,-2.547103271E0,1.226250000E0,6.596986768E0
2.523046767E1,-5.803282013E0,-2.592009888E0,1.301393738E0,6.487697823E0
2.524047067E1,-5.694608002E0,-2.802921295E0,1.380130005E0,6.495358875E0
2.525047367E1,-5.358107758E0,-2.935695190E0,1.356179810E0,6.258342326E0
2.526047667E1,-5.086572418E0,-3.038231964E0,1.395248566E0,6.086936092E0
2.527048067E1,-4.962779846E0,-3.138074341E0,1.462009735E0,6.050964124E0
2.528048367E1,-5.010979614E0,-3.315754852E0,1.581012268E0,6.213191348E0
2.529048667E1,-5.187911682E0,-3.595074005E0,1.763033752E0,6.553416875E0
2.530048967E1,-5.352569275E0,-3.850442963E0,1.963466949E0,6.879760992E0
2.531049267E1,-5.546266479E0,-4.002975769E0,2.113904114E0,7.159153405E0
2.532049667E1,-5.671256561E0,-4.080364838E0,2.151026917E0,7.310228792E0
2.533049967E1,-5.826483765E0,-4.162094879E0,2.181114349E0,7.485199172E0
2.534050267E1,-6.029461670E0,-4.270020447E0,2.238594818E0,7.720025220E0
2.535050567E1,-6.294410706E0,-4.406386871E0,2.249821472E0,8.006094432E0
2.536050867E1,-6.660549316E0,-4.619094543E0,2.216141510E0,8.402989634E0
2.537051267E1,-7.052733765E0,-4.827161865E0,2.140548706E0,8.810476377E0
2.538051567E1,-7.331005096E0,-4.957989807E0,2.133213959E0,9.103620183E0
2.539051867E1,-7.685467987E0,-5.065765686E0,2.166594543E0,9.456348771E0
2.540052167E1,-7.969427490E0,-5.134023743E0,2.091450806E0,9.707942150E0
2.541052467E1,-8.065377960E0,-5.051694946E0,1.967807922E0,9.718138273E0
2.542052767E1,-7.965984650E0,-4.803960114E0,1.834135895E0,9.481508250E0
2.543053167E1,-7.841443634E0,-4.505480804E0,1.749861145E0,9.211384780E0
2.544053467E1,-7.971223755E0,-4.525389404E0,1.664688263E0,9.316155024E0
2.545053767E1,-8.405021667E0,-5.064867554E0,1.568588104E0,9.937692952E0
2.546054067E1,-8.865164795E0,-5.835465088E0,1.487157440E0,1.071706289E1
2.547054367E1,-9.227561188E0,-6.527625732E0,1.509161682E0,1.140330444E1
2.548054767E1,-9.461524658E0,-6.983727264E0,1.697170715E0,1.188163641E1
2.549055067E1,-9.328900452E0,-7.022047577E0,1.968406677E0,1.184112160E1
2.550055367E1,-9.004824371E0,-6.591991882E0,2.300116882E0,1.139437390E1
2.551055667E1,-8.824898529E0,-5.754333801E0,2.706970825E0,1.087744835E1
2.552055967E1,-8.977131958E0,-4.787494354E0,3.147055664E0,1.064955209E1
2.553056267E1,-9.113797760E0,-4.105362854E0,3.377127228E0,1.055084367E1
2.554056667E1,-9.455088043E0,-3.811224518E0,3.406166840E0,1.074830660E1
2.555056967E1,-9.901010742E0,-3.847449188E0,3.372636566E0,1.114484439E1
2.556057267E1,-1.033121613E1,-4.066892853E0,3.301085358E0,1.158321236E1
2.557057567E1,-1.067026108E1,-4.605323181E0,3.087778931E0,1.202488469E1
2.558057867E1,-1.074585388E1,-5.168302460E0,2.748733978E0,1.223684046E1
2.559058267E1,-1.089524323E1,-5.647755432E0,2.417772217E0,1.250796102E1
2.560058567E1,-1.116213821E1,-6.025270386E0,2.153871002E0,1.286609393E1
2.561058867E1,-1.120644608E1,-6.096522217E0,1.930984497E0,1.290274071E1
2.562059167E1,-1.099912720E1,-5.771847382E0,1.577719116E0,1.252135052E1
2.563059467E1,-1.060185333E1,-5.089416504E0,1.075064392E0,1.180920056E1
2.564059867E1,-1.012045441E1,-4.212390289E0,5.122348022E-1,1.097407007E1
2.565060167E1,-9.709259491E0,-3.382815399E0,6.227050781E-2,1.028187908E1
2.566060467E1,-9.272318115E0,-2.757415924E0,-1.339714050E-1,9.674563253E0
2.567060767E1,-8.846304016E0,-2.352657623E0,-1.984872437E-1,9.155953791E0
2.568061154E1,-8.525371399E0,-2.015858002E0,-4.580474854E-2,8.760578694E0
2.569061554E1,-8.047115936E0,-1.681453400E0,3.010240173E-1,8.226419384E0
2.570061854E1,-7.544161835E0,-1.523531799E0,7.298822021E-1,7.730993142E0
2.571062154E1,-7.048991547E0,-1.427581329E0,1.160087585E0,7.285058235E0
2.572062454E1,-6.552623749E0,-1.374142456E0,1.405577087E0,6.841110468E0
2.573062754E1,-6.116730194E0,-1.406624908E0,1.509760437E0,6.455413114E0
2.574063054E1,-5.826633453E0,-1.441203003E0,1.549128571E0,6.198913036E0
2.575063454E1,-5.633834381E0,-1.449884949E0,1.637744293E0,6.043547184E0
2.576063754E1,-5.391787720E0,-1.394649811E0,1.661544800E0,5.811811596E0
2.577064054E1,-5.240602112E0,-1.349443817E0,1.714235229E0,5.676575687E0
2.578064354E1,-5.398972778E0,-1.323248291E0,1.861528931E0,5.862182449E0
2.579064654E1,-5.808221741E0,-1.260379028E0,2.198627930E0,6.337030839E0
2.580065054E1,-6.355932770E0,-1.200952606E0,2.583926697E0,6.965403485E0
2.581065354E1,-6.996301117E0,-1.188378754E0,2.895428925E0,7.664462280E0
2.582065654E1,-7.705376587E0,-1.191671906E0,3.007545776E0,8.356927777E0
2.583065954E1,-8.304131470E0,-1.216071167E0,2.850671997E0,8.863619993E0
2.584066254E1,-8.883875885E0,-1.158291321E0,2.492017822E0,9.299195791E0
2.585066554E1,-9.467362518E0,-1.227597198E0,2.046544189E0,9.763518375E0
2.586066954E1,-9.910890198E0,-1.279389496E0,1.690584412E0,1.013512001E1
2.587067254E1,-1.016551071E1,-1.268013153E0,1.338666229E0,1.033138387E1
2.588067554E1,-1.029364426E1,-1.322050781E0,9.885443115E-1,1.042516907E1
2.589067854E1,-1.033091675E1,-1.507365417E0,6.677613831E-1,1.046163929E1
2.590068154E1,-1.031744476E1,-1.780697021E0,4.694238281E-1,1.048050128E1
2.591068554E1,-1.039633072E1,-2.176473999E0,4.706213379E-1,1.063213130E1
2.592068854E1,-1.065394501E1,-2.613864441E0,6.598278809E-1,1.098973177E1
2.593069154E1,-1.103759720E1,-3.116519165E0,9.532177734E-1,1.150868662E1
2.594069454E1,-1.139849670E1,-3.671265564E0,1.398242340E0,1.205649201E1
2.595069754E1,-1.174322983E1,-4.134252777E0,1.889520721E0,1.259229055E1
2.596070154E1,-1.214110245E1,-4.383484497E0,2.307002563E0,1.311272534E1
2.597070454E1,-1.258403137E1,-4.326902161E0,2.645448761E0,1.356754683E1
2.598070754E1,-1.308997925E1,-4.159250793E0,2.811303864E0,1.401964170E1
2.599071054E1,-1.366119141E1,-4.289779358E0,2.694247284E0,1.457015189E1
2.600071354E1,-1.404933426E1,-4.819078674E0,2.361938324E0,1.503948354E1
2.601071654E1,-1.403825729E1,-5.439538422E0,2.051932983E0,1.519446199E1
2.602072054E1,-1.376956604E1,-5.681734772E0,2.012265472E0,1.503104359E1
2.603072354E1,-1.340851685E1,-5.416336670E0,2.236648865E0,1.463310032E1
2.604072654E1,-1.305599991E1,-4.776118011E0,2.437082062E0,1.411417039E1
2.605072954E1,-1.285062698E1,-4.047133942E0,2.644550629E0,1.372995102E1
2.606073254E1,-1.276246033E1,-3.550766144E0,2.750530243E0,1.352973579E1
2.607073654E1,-1.277338760E1,-3.390449524E0,2.667752380E0,1.348226545E1
2.608073954E1,-1.287322998E1,-3.603306885E0,2.587219849E0,1.361607789E1
2.609074254E1,-1.287457718E1,-4.157454529E0,2.591411133E0,1.377514346E1
2.610074554E1,-1.265992355E1,-4.982239380E0,2.656825104E0,1.386200178E1
2.611074854E1,-1.240979370E1,-5.736969910E0,2.868934021E0,1.396948767E1
2.612075254E1,-1.208017914E1,-6.177503815E0,3.194806366E0,1.393912010E1
2.613075554E1,-1.156255554E1,-6.363866272E0,3.558400269E0,1.366944392E1
2.614075854E1,-1.110510681E1,-6.246809692E0,3.747157745E0,1.328108504E1
2.615076154E1,-1.074914703E1,-5.946683807E0,3.852538605E0,1.287436460E1
2.616076454E1,-1.069406158E1,-5.533692627E0,3.784879303E0,1.262180726E1
2.617076754E1,-1.084883972E1,-5.073399811E0,3.552562408E0,1.249229397E1
2.618077154E1,-1.092263626E1,-4.686903534E0,3.219654694E0,1.231410671E1
2.619077454E1,-1.083387085E1,-4.332740021E0,2.782264252E0,1.199526523E1
2.620077754E1,-1.066681824E1,-3.965403900E0,2.297123108E0,1.160957424E1
2.621078054E1,-1.040650955E1,-3.601660309E0,1.910626831E0,1.117666734E1
2.622078354E1,-1.007629623E1,-3.277434540E0,1.639091492E0,1.072193751E1
2.623078754E1,-9.761949921E0,-3.026705933E0,1.458566895E0,1.032395430E1
2.624079054E1,-9.462572479E0,-2.746937714E0,1.321751404E0,9.941477330E0
2.625079354E1,-9.159003754E0,-2.487676849E0,1.207239532E0,9.567304383E0
2.626079654E1,-8.832382965E0,-2.308050385E0,1.148112488E0,9.200882985E0
2.627079954E1,-8.561296692E0,-2.204016724E0,1.108594666E0,8.909684220E0
2.628080354E1,-8.296946411E0,-2.198627930E0,1.108594666E0,8.654609561E0
2.629080654E1,-8.026309204E0,-2.233655090E0,1.193318481E0,8.416345020E0
2.630080954E1,-7.722890167E0,-2.326013031E0,1.319506073E0,8.172788106E0
2.631081254E1,-7.425608368E0,-2.489173737E0,1.506766663E0,7.975336438E0
2.632081554E1,-7.106322327E0,-2.636168060E0,1.742676086E0,7.777282237E0
2.633081854E1,-6.748865662E0,-2.638413391E0,1.889520721E0,7.488571392E0
2.634082254E1,-6.548731842E0,-2.636467438E0,1.795815582E0,7.284353293E0
2.635082554E1,-6.551875305E0,-2.860701141E0,1.628014526E0,7.332196965E0
2.636082854E1,-6.416407013E0,-3.091072083E0,1.634301453E0,7.307253028E0
2.637083154E1,-6.242468719E0,-3.273991699E0,1.741478577E0,7.260866683E0
2.638083454E1,-6.050118713E0,-3.508404236E0,1.835483093E0,7.230617879E0
2.639083854E1,-5.901777191E0,-3.799548798E0,1.814526672E0,7.249831179E0
2.640084154E1,-5.740712128E0,-4.074826355E0,1.751956787E0,7.254608062E0
2.641084454E1,-5.680986328E0,-4.329446869E0,1.712588654E0,7.345112371E0
2.642084754E1,-5.656886444E0,-4.532873840E0,1.733245697E0,7.453284520E0
2.643085054E1,-5.677543488E0,-4.641996918E0,1.824406128E0,7.557188178E0
2.644085354E1,-5.741310883E0,-4.722679138E0,1.828747101E0,7.655760240E0
2.645085754E1,-5.871390381E0,-4.822222137E0,1.780397644E0,7.803644477E0
2.646086054E1,-6.098767548E0,-4.890779572E0,1.731150055E0,8.006970147E0
2.647086354E1,-6.375392303E0,-4.882546692E0,1.738484802E0,8.216277663E0
2.648086654E1,-6.731950836E0,-4.841232605E0,1.784588928E0,8.481830748E0
2.649086954E1,-7.022346954E0,-4.961881714E0,1.728605347E0,8.770501886E0
2.650087354E1,-7.212751007E0,-5.175936584E0,1.563498688E0,9.014356592E0
2.651087654E1,-7.145241394E0,-5.331163788E0,1.395547943E0,9.023488016E0
2.652087954E1,-6.901697845E0,-5.339696045E0,1.319955139E0,8.825421722E0
2.653088254E1,-6.819518738E0,-5.396128693E0,1.408271484E0,8.809498808E0
2.654088554E1,-6.938521271E0,-5.639073486E0,1.612895966E0,9.085354182E0
2.655088854E1,-7.333100739E0,-6.273304596E0,1.792672119E0,9.815415953E0
2.656089254E1,-7.764803009E0,-7.055278473E0,1.871707764E0,1.065703571E1
2.657089554E1,-8.157735901E0,-7.701784058E0,1.973645782E0,1.139128660E1
2.658089854E1,-8.382867737E0,-8.002508698E0,2.229912872E0,1.180191206E1
2.659090154E1,-8.370443573E0,-8.022866364E0,2.412233734E0,1.184270163E1
2.660090454E1,-8.266709290E0,-7.411088562E0,2.746189270E0,1.143696951E1
2.661090854E1,-8.392896881E0,-6.312972107E0,3.226240997E0,1.098649015E1
2.662091154E1,-8.576864319E0,-5.389093323E0,3.604205017E0,1.075152185E1
2.663091454E1,-8.936865692E0,-4.773423615E0,3.727548523E0,1.079572876E1
2.664091754E1,-9.466464386E0,-4.353995819E0,3.934717712E0,1.113791861E1
2.665092054E1,-1.006087830E1,-4.228257294E0,4.143084412E0,1.167324206E1
2.666092454E1,-1.080063995E1,-4.504133606E0,4.235741730E0,1.244518184E1
2.667092754E1,-1.138322845E1,-5.126539307E0,4.213288422E0,1.317615629E1
2.668093042E1,-1.157587784E1,-5.626349945E0,4.039350128E0,1.348974095E1
2.669093342E1,-1.144430145E1,-5.850583649E0,3.711531830E0,1.337822235E1
2.670093642E1,-1.136137390E1,-5.898334351E0,3.201542358E0,1.319549311E1
2.671093942E1,-1.119267471E1,-5.857619019E0,2.652633820E0,1.290829710E1
2.672094342E1,-1.086590424E1,-5.435047760E0,2.052980804E0,1.232162121E1
2.673094642E1,-1.041219772E1,-4.753664703E0,1.304986267E0,1.152016400E1
2.674094942E1,-1.007150620E1,-4.063000946E0,6.246510315E-1,1.087811577E1
2.675095242E1,-9.750723267E0,-3.405418396E0,1.227447510E-1,1.032901471E1
2.676095542E1,-9.362730103E0,-2.810106354E0,-9.969268799E-2,9.775855529E0
2.677095942E1,-8.978179779E0,-2.324665833E0,-1.230441284E-1,9.275069985E0
2.678096242E1,-8.653205566E0,-1.945504303E0,-3.532653809E-2,8.869284161E0
2.679096542E1,-8.371491394E0,-1.620829468E0,1.595681763E-1,8.528447592E0
2.680096842E1,-8.122858429E0,-1.292412415E0,4.454736328E-1,8.237087207E0
2.681097142E1,-7.817194061E0,-1.105600891E0,7.825726318E-1,7.933681128E0
2.682097442E1,-7.493716736E0,-1.052311707E0,1.149908752E0,7.654112658E0
2.683097842E1,-7.122937775E0,-9.288185120E-1,1.425635376E0,7.323345041E0
2.684098142E1,-6.726262665E0,-8.680448914E-1,1.541943512E0,6.955120500E0
2.685098442E1,-6.418053589E0,-9.388476562E-1,1.533860321E0,6.665251254E0
2.686098742E1,-6.199508057E0,-1.038540344E0,1.532513123E0,6.470012570E0
2.687099042E1,-6.112389221E0,-1.120120697E0,1.577120361E0,6.411184056E0
2.688099442E1,-6.150559845E0,-1.199755096E0,1.608554993E0,6.469640474E0
2.689099742E1,-6.274801483E0,-1.264869690E0,1.643731842E0,6.608697554E0
2.690100042E1,-6.427483978E0,-1.410816193E0,1.623673553E0,6.777851314E0
2.691100342E1,-6.575226746E0,-1.525328064E0,1.576671295E0,6.931531204E0
2.692100642E1,-6.801107025E0,-1.625320129E0,1.529219971E0,7.157879296E0
2.693100942E1,-7.095245361E0,-1.731898499E0,1.463506622E0,7.448746927E0
2.694101342E1,-7.438331909E0,-1.804347839E0,1.386416931E0,7.778599143E0
2.695101642E1,-7.798932037E0,-1.849553833E0,1.232087860E0,8.109391518E0
2.696101942E1,-8.166118469E0,-1.967807922E0,1.032103729E0,8.463037101E0
2.697102242E1,-8.549770660E0,-2.150877228E0,8.967851257E-1,8.861663205E0
2.698102542E1,-9.037905579E0,-2.421364746E0,8.858578491E-1,9.398483314E0
2.699102942E1,-9.576485596E0,-2.768941956E0,9.638456726E-1,1.001524410E1
2.700103242E1,-1.016655853E1,-3.088677063E0,1.043629761E0,1.067651635E1
2.701103542E1,-1.083446960E1,-3.384461975E0,1.109343109E0,1.140486548E1
2.702103842E1,-1.144774429E1,-3.645219727E0,1.168919220E0,1.207082633E1
2.703104142E1,-1.205233704E1,-3.987258453E0,1.270707550E0,1.275820347E1
2.704104442E1,-1.268073029E1,-4.303550720E0,1.373394012E0,1.346134022E1
2.705104842E1,-1.315374664E1,-4.520749054E0,1.454525299E0,1.398477267E1
2.706105142E1,-1.355042175E1,-4.609813843E0,1.588796082E0,1.440099255E1
2.707105442E1,-1.389066422E1,-4.454586639E0,1.739532623E0,1.469080897E1
2.708105742E1,-1.416204987E1,-4.096082153E0,1.877994690E0,1.486164222E1
2.709106042E1,-1.457713669E1,-4.007616119E0,1.810185699E0,1.522598677E1
2.710106442E1,-1.508203674E1,-4.627477112E0,1.578467560E0,1.585474492E1
2.711106742E1,-1.540985504E1,-5.636528778E0,1.470991058E0,1.647415867E1
2.712107042E1,-1.537318130E1,-6.400989075E0,1.603764954E0,1.672959732E1
2.713107342E1,-1.509940063E1,-6.828200684E0,1.757046204E0,1.666443625E1
2.714107642E1,-1.488624390E1,-6.870562592E0,1.881138153E0,1.650283516E1
2.715108042E1,-1.442295731E1,-6.487658844E0,2.013013916E0,1.594251046E1
2.716108342E1,-1.389470581E1,-5.607489166E0,2.112856293E0,1.513178595E1
2.717108642E1,-1.363409775E1,-4.748126221E0,2.065105591E0,1.458416899E1
2.718108942E1,-1.366478394E1,-4.530927887E0,1.907782745E0,1.452223339E1
2.719109242E1,-1.370220612E1,-4.801265717E0,1.832339630E0,1.463420901E1
2.720109542E1,-1.353350693E1,-5.390590210E0,1.918410645E0,1.469335128E1
2.721109942E1,-1.308967987E1,-6.125561829E0,2.057172089E0,1.459774585E1
2.722110242E1,-1.275662247E1,-6.775510254E0,2.218985596E0,1.461378982E1
2.723110542E1,-1.241039246E1,-7.194189606E0,2.532134399E0,1.456660254E1
2.724110842E1,-1.197000824E1,-7.332651672E0,2.820883942E0,1.431803981E1
2.725111142E1,-1.162033539E1,-7.234306183E0,2.956501923E0,1.400386676E1
2.726111542E1,-1.130179779E1,-6.947951660E0,2.984493713E0,1.359823034E1
2.727111842E1,-1.112561417E1,-6.455026703E0,2.948269043E0,1.319617182E1
2.728112142E1,-1.092173813E1,-5.808670807E0,2.859204254E0,1.269645893E1
2.729112442E1,-1.046458878E1,-5.166655884E0,2.749033356E0,1.198995979E1
2.730112742E1,-9.947563934E0,-4.509372711E0,2.539618835E0,1.121330167E1
2.731113042E1,-9.489666138E0,-3.979025574E0,2.364483032E0,1.055827580E1
2.732113442E1,-9.069040833E0,-3.638184357E0,2.367925873E0,1.005440003E1
2.733113742E1,-8.694220276E0,-3.303779755E0,2.349364471E0,9.592910939E0
2.734114042E1,-8.245902557E0,-3.122656403E0,2.354453888E0,9.126299639E0
2.735114342E1,-7.840545502E0,-3.056044922E0,2.368973694E0,8.742173682E0
2.736114642E1,-7.518265686E0,-3.028202820E0,2.373913422E0,8.445696903E0
2.737115042E1,-7.237150269E0,-3.038830719E0,2.402953033E0,8.208837885E0
2.738115342E1,-6.826703796E0,-3.034938812E0,2.462080078E0,7.866166578E0
2.739115642E1,-6.347550201E0,-3.036136322E0,2.445165253E0,7.449050304E0
2.740115942E1,-6.013295288E0,-2.973416748E0,2.440674591E0,7.138474616E0
2.741116242E1,-5.702391815E0,-2.927612000E0,2.321372681E0,6.817400938E0
2.742116542E1,-5.424868927E0,-2.904859314E0,2.206112366E0,6.537150930E0
2.743116942E1,-5.279072113E0,-2.920576630E0,2.135010223E0,6.399737407E0
2.744117242E1,-5.126539307E0,-2.952759705E0,2.058369598E0,6.263950873E0
2.745117542E1,-5.095254364E0,-3.004402313E0,1.991608429E0,6.241358380E0
2.746117842E1,-5.190456390E0,-3.159030762E0,2.002086639E0,6.397551391E0
2.747118142E1,-5.279521179E0,-3.331621857E0,2.031275940E0,6.564992766E0
2.748118542E1,-5.408403168E0,-3.429218903E0,2.076182556E0,6.732079999E0
2.749118842E1,-5.511089630E0,-3.548969879E0,2.068847809E0,6.873676409E0
2.750119142E1,-5.551954651E0,-3.756438446E0,1.960173798E0,6.984075570E0
2.751119442E1,-5.515131226E0,-4.058061218E0,1.763183441E0,7.070597509E0
2.752119742E1,-5.559888153E0,-4.355941772E0,1.541793823E0,7.229364647E0
2.753120042E1,-5.592071228E0,-4.607867889E0,1.352736969E0,7.371133184E0
2.754120442E1,-5.648803253E0,-4.837191010E0,1.186432800E0,7.530937382E0
2.755120742E1,-5.681435394E0,-4.953648834E0,1.054407349E0,7.611118168E0
2.756121042E1,-5.718408508E0,-5.096152496E0,9.749226379E-1,7.721492102E0
2.757121342E1,-5.802084503E0,-5.251379700E0,9.048683167E-1,7.877814418E0
2.758121642E1,-6.120173035E0,-5.560935974E0,7.797285461E-1,8.305931825E0
2.759122042E1,-6.597530365E0,-6.065686340E0,7.927514648E-1,8.997133576E0
2.760122342E1,-6.904392242E0,-6.349196777E0,9.119036865E-1,9.424144539E0
2.761122642E1,-6.958579559E0,-6.254443817E0,1.063238983E0,9.416494787E0
2.762122942E1,-6.960226135E0,-5.921087036E0,1.349593506E0,9.237176093E0
2.763123242E1,-7.178472290E0,-5.666915588E0,1.758692780E0,9.313291416E0
2.764123542E1,-7.518565063E0,-5.701044617E0,2.057321777E0,9.657292749E0
2.765123942E1,-7.939340057E0,-6.208788757E0,2.105072479E0,1.029628615E1
2.766124242E1,-8.275989990E0,-6.932084656E0,2.024090881E0,1.098374945E1
2.767124542E1,-8.357420654E0,-7.414082336E0,2.041005707E0,1.135697148E1
2.768124804E1,-8.296048279E0,-7.435487823E0,2.225871277E0,1.136069536E1
2.769125104E1,-8.319998474E0,-7.057972870E0,2.552492065E0,1.120502438E1
2.770125504E1,-8.597820740E0,-6.521638184E0,2.971470795E0,1.119303019E1
2.771125804E1,-8.884324951E0,-5.873186646E0,3.267405396E0,1.114008479E1
2.772126104E1,-9.011111298E0,-5.238506470E0,3.265908508E0,1.092283092E1
2.773126404E1,-9.251810760E0,-4.776118011E0,3.204536133E0,1.089386788E1
2.774126704E1,-9.445058899E0,-4.525988159E0,3.390599213E0,1.100862705E1
2.775127004E1,-9.696386261E0,-4.730912018E0,3.547922058E0,1.135734062E1
2.776127404E1,-9.758806458E0,-5.495522003E0,3.642375641E0,1.177717988E1
2.777127704E1,-9.765093384E0,-6.493496704E0,3.541036377E0,1.224995865E1
2.778128004E1,-9.748627625E0,-7.075636139E0,3.399580536E0,1.251628999E1
2.779128304E1,-9.634115753E0,-7.310946808E0,3.351530457E0,1.254985601E1
2.780128604E1,-9.826016693E0,-7.400909729E0,3.338058472E0,1.274624271E1
2.781129004E1,-1.014515305E1,-7.125332794E0,3.172353058E0,1.279680904E1
2.782129304E1,-1.047551605E1,-6.375242615E0,2.786156158E0,1.257548492E1
2.783129604E1,-1.076621155E1,-5.295388184E0,2.309397583E0,1.221825537E1
2.784129904E1,-1.066457291E1,-4.123475189E0,1.803300018E0,1.157532090E1
2.785130204E1,-1.060544586E1,-3.153342590E0,1.196162567E0,1.112878503E1
2.786130504E1,-1.051413574E1,-2.336191864E0,7.852670288E-1,1.079914289E1
2.787130904E1,-1.017658768E1,-1.564845886E0,5.310955811E-1,1.030988564E1
2.788131204E1,-9.849218445E0,-1.015937347E0,3.917353821E-1,9.909222436E0
2.789131504E1,-9.402098236E0,-6.218069458E-1,3.680845642E-1,9.429824037E0
2.790131804E1,-8.870852966E0,-4.064048767E-1,4.417314148E-1,8.891137380E0
2.791132104E1,-8.329578552E0,-3.306623840E-1,5.504054260E-1,8.354290072E0
2.792132504E1,-7.873477020E0,-3.168910217E-1,6.661148071E-1,7.907956072E0
2.793132804E1,-7.515870667E0,-3.498225403E-1,7.274871826E-1,7.559095534E0
2.794133104E1,-7.299121399E0,-3.586541748E-1,8.716374207E-1,7.359725389E0
2.795133404E1,-7.278164978E0,-3.502716064E-1,1.045126648E0,7.361159240E0
2.796133704E1,-7.335196381E0,-3.882925415E-1,1.027912445E0,7.417039911E0
2.797134004E1,-7.512128448E0,-5.159770203E-1,8.716374207E-1,7.580109360E0
2.798134404E1,-7.863298187E0,-6.749464417E-1,7.390132141E-1,7.926736504E0
2.799134704E1,-8.240663452E0,-7.902067566E-1,6.224057007E-1,8.301828094E0
2.800135004E1,-8.512947235E0,-8.722361755E-1,4.900808716E-1,8.571536959E0
2.801135304E1,-8.723559265E0,-1.084794159E0,3.426374817E-1,8.797423774E0
2.802135604E1,-8.921148376E0,-1.314266968E0,1.835183716E-1,9.019305129E0
2.803135904E1,-9.241781616E0,-1.517843628E0,1.986369324E-1,9.367701605E0
2.804136304E1,-9.575737152E0,-1.658401337E0,3.848497009E-1,9.725900796E0
2.805136604E1,-1.001058289E1,-1.745220795E0,6.318360901E-1,1.018119748E1
2.806136904E1,-1.046803162E1,-1.892963562E0,9.175918579E-1,1.067731107E1
2.807137204E1,-1.091604996E1,-2.070644073E0,1.160536652E0,1.117114850E1
2.808137504E1,-1.134281250E1,-2.284549255E0,1.371298370E0,1.165156727E1
2.809137904E1,-1.181523010E1,-2.627186737E0,1.568887482E0,1.220504734E1
2.810138204E1,-1.218361404E1,-2.983894958E0,1.772613831E0,1.266831639E1
2.811138504E1,-1.235964798E1,-3.352278900E0,2.019899597E0,1.296451566E1
2.812138804E1,-1.258657608E1,-3.696413269E0,2.321073303E0,1.332188987E1
2.813139104E1,-1.283685562E1,-4.017196198E0,2.616109772E0,1.370280110E1
2.814139404E1,-1.307156754E1,-4.351301422E0,2.836601257E0,1.406577437E1
2.815139804E1,-1.322904007E1,-4.604425049E0,2.991529083E0,1.432331936E1
2.816140104E1,-1.339624237E1,-4.622687073E0,3.076552277E0,1.450150748E1
2.817140404E1,-1.335777237E1,-4.381837921E0,3.138074341E0,1.440410000E1
2.818140704E1,-1.323981766E1,-4.017645264E0,3.077300720E0,1.417406169E1
2.819141004E1,-1.340357712E1,-4.100572815E0,2.753823395E0,1.428475132E1
2.820141404E1,-1.377106293E1,-4.915478210E0,2.356250153E0,1.481067233E1
2.821141704E1,-1.379875534E1,-5.909860382E0,2.155966644E0,1.516510108E1
2.822142004E1,-1.353230942E1,-6.336024170E0,2.254012756E0,1.511122675E1
2.823142304E1,-1.324745178E1,-6.348598022E0,2.383044434E0,1.488215631E1
2.824142604E1,-1.274449768E1,-6.024821320E0,2.450404358E0,1.430822052E1
2.825142904E1,-1.221444992E1,-5.228776703E0,2.499951324E0,1.351971336E1
2.826143304E1,-1.193827423E1,-4.439019012E0,2.565514984E0,1.299265749E1
2.827143604E1,-1.203227875E1,-4.106410675E0,2.591261444E0,1.297509061E1
2.828143904E1,-1.232057922E1,-4.282594299E0,2.587369537E0,1.329781063E1
2.829144204E1,-1.240694962E1,-4.803361359E0,2.637964325E0,1.356331578E1
2.830144504E1,-1.214080307E1,-5.468578033E0,2.704276428E0,1.358740431E1
2.831144804E1,-1.192495193E1,-6.187532959E0,2.835403748E0,1.373060658E1
2.832145204E1,-1.186612427E1,-6.776408386E0,3.179687805E0,1.402979081E1
2.833145504E1,-1.169398224E1,-7.113357697E0,3.618275757E0,1.415771866E1
2.834145804E1,-1.166913391E1,-7.138206024E0,3.979474640E0,1.424636409E1
2.835146104E1,-1.178888489E1,-6.840325470E0,4.173620911E0,1.425436673E1
2.836146404E1,-1.200802917E1,-6.345903625E0,4.161945190E0,1.420510631E1
2.837146804E1,-1.211834976E1,-5.829776917E0,3.817212067E0,1.397897735E1
2.838147104E1,-1.205712708E1,-5.310057678E0,3.258274384E0,1.357156505E1
2.839147404E1,-1.194770462E1,-4.743186493E0,2.665956116E0,1.312831999E1
2.840147704E1,-1.168470154E1,-4.171525269E0,2.175126801E0,1.259623157E1
2.841148004E1,-1.137948624E1,-3.699706421E0,1.773811340E0,1.209656733E1
2.842148304E1,-1.105870331E1,-3.401975555E0,1.504671021E0,1.166757864E1
2.843148704E1,-1.070349197E1,-3.111280060E0,1.404229889E0,1.123461907E1
2.844149004E1,-1.036414764E1,-2.965483246E0,1.408570862E0,1.087169348E1
2.845149304E1,-9.968370667E0,-2.951861572E0,1.483115845E0,1.050150147E1
2.846149604E1,-9.515262909E0,-2.972817993E0,1.674268341E0,1.010846425E1
2.847149904E1,-8.962612152E0,-3.003803558E0,1.901046753E0,9.641847912E0
2.848150304E1,-8.425229645E0,-3.054997101E0,2.122286682E0,9.209864419E0
2.849150604E1,-7.907156982E0,-3.143014069E0,2.216740265E0,8.792929340E0
2.850150904E1,-7.262447662E0,-3.341052246E0,2.304008789E0,8.319509160E0
2.851151204E1,-6.982080688E0,-3.353626099E0,2.405647430E0,8.110696537E0
2.852151504E1,-6.487209778E0,-3.452270966E0,2.467169495E0,7.751708898E0
2.853151804E1,-6.012995911E0,-3.576213226E0,2.536026306E0,7.441562355E0
2.854152204E1,-5.623954926E0,-3.667972412E0,2.592309265E0,7.197427175E0
2.855152504E1,-5.228776703E0,-3.713926849E0,2.670596466E0,6.947333585E0
2.856152804E1,-4.909939728E0,-3.696862335E0,2.572999420E0,6.662929181E0
2.857153104E1,-4.696782990E0,-3.725452881E0,2.495610352E0,6.493599976E0
2.858153404E1,-4.515809326E0,-3.756139069E0,2.423909454E0,6.354246739E0
2.859153704E1,-4.363276520E0,-3.849245453E0,2.353106689E0,6.276303342E0
2.860154104E1,-4.321513367E0,-3.925886078E0,2.276615753E0,6.266660878E0
2.861154404E1,-4.264631653E0,-4.052672424E0,2.145338745E0,6.262085535E0
2.862154704E1,-4.218228149E0,-4.189936981E0,1.998793488E0,6.272495200E0
2.863155004E1,-4.216880951E0,-4.393513641E0,1.879192200E0,6.373100532E0
2.864155304E1,-4.277355194E0,-4.592899017E0,1.615889740E0,6.480863252E0
2.865155704E1,-4.418811035E0,-4.690046997E0,1.327439575E0,6.579097782E0
2.866156004E1,-4.527485046E0,-4.765939178E0,1.088985443E0,6.663196410E0
2.867156304E1,-4.697082367E0,-4.902754669E0,8.893006897E-1,6.847659587E0
2.868156621E1,-4.897964630E0,-5.014272766E0,8.101153564E-1,7.056151627E0
2.869156921E1,-5.102289734E0,-5.181624756E0,7.542814636E-1,7.311055749E0
2.870157221E1,-5.264851685E0,-5.378615112E0,6.611750793E-1,7.555482531E0
2.871157621E1,-5.425018616E0,-5.542823639E0,6.050418091E-1,7.779447054E0
2.872157921E1,-5.646707611E0,-5.627697144E0,6.509962463E-1,7.998754784E0
2.873158221E1,-5.852679291E0,-5.561684418E0,7.607180786E-1,8.109554885E0
2.874158521E1,-6.073470154E0,-5.324876862E0,1.029259644E0,8.142525942E0
2.875158821E1,-6.584208069E0,-5.448220367E0,1.300944672E0,8.644498719E0
2.876159221E1,-7.240742798E0,-5.948779449E0,1.468745728E0,9.485438694E0
2.877159521E1,-7.748486938E0,-6.427034912E0,1.594484253E0,1.019255648E1
2.878159821E1,-8.136330414E0,-6.641838226E0,1.752405853E0,1.064823055E1
2.879160121E1,-8.573720856E0,-6.733747101E0,1.946103058E0,1.107426550E1
2.880160421E1,-8.968300323E0,-6.481371918E0,2.166594543E0,1.127531483E1
2.881160721E1,-9.137448578E0,-5.929619293E0,2.365081787E0,1.114661219E1
2.882161121E1,-9.157506866E0,-5.273084564E0,2.549198914E0,1.087031591E1
2.883161421E1,-9.269923096E0,-4.677473145E0,2.644550629E0,1.071465712E1
2.884161721E1,-9.560768280E0,-4.309837646E0,2.757116547E0,1.084364709E1
2.885162021E1,-1.005084915E1,-4.306993561E0,2.853067017E0,1.130087402E1
2.886162321E1,-1.065214874E1,-4.752167816E0,3.014730835E0,1.204740527E1
2.887162621E1,-1.130748596E1,-5.465135193E0,3.266357574E0,1.297674972E1
2.888163021E1,-1.164413589E1,-6.143973541E0,3.473227386E0,1.361607947E1
2.889163321E1,-1.168739594E1,-6.715784454E0,3.729644165E0,1.398596547E1
2.890163621E1,-1.174562485E1,-7.016808472E0,3.842509460E0,1.421126958E1
2.891163921E1,-1.195908096E1,-7.066954193E0,3.765569458E0,1.439239287E1
2.892164221E1,-1.228480362E1,-6.938820648E0,3.586392059E0,1.455767289E1
2.893164621E1,-1.254496262E1,-6.522686005E0,3.130290527E0,1.448172084E1
2.894164921E1,-1.251083359E1,-5.852080536E0,2.426454163E0,1.402339058E1
2.895165221E1,-1.218032089E1,-5.000501404E0,1.649420013E0,1.326973314E1
2.896165521E1,-1.167048111E1,-4.097728729E0,9.674382019E-1,1.240675005E1
2.897165821E1,-1.112696136E1,-3.391946411E0,5.243595886E-1,1.164429142E1
2.898166121E1,-1.061068497E1,-2.905158691E0,3.875440979E-1,1.100803220E1
2.899166521E1,-1.017494110E1,-2.432292023E0,5.343887329E-1,1.047525857E1
2.900166821E1,-9.633067932E0,-2.004032593E0,8.515791321E-1,9.876098999E0
2.901167121E1,-9.137448578E0,-1.641636200E0,1.380130005E0,9.385770866E0
2.902167421E1,-8.674910431E0,-1.435514832E0,1.883383484E0,8.992324903E0
2.903167721E1,-8.196056213E0,-1.345402222E0,2.216590576E0,8.596436376E0
2.904168021E1,-7.722590790E0,-1.258882141E0,2.429897003E0,8.193142999E0
2.905168421E1,-7.339836731E0,-1.142124939E0,2.537523193E0,7.849629072E0
2.906168721E1,-7.149282990E0,-1.112935638E0,2.555485840E0,7.673420416E0
2.907169021E1,-7.174430695E0,-1.163829803E0,2.512824554E0,7.690334378E0
2.908169321E1,-7.225175171E0,-1.207688599E0,2.427801361E0,7.717246105E0
2.909169621E1,-7.325017548E0,-1.231938171E0,2.265838165E0,7.765795279E0
2.910170021E1,-7.461383972E0,-1.265318756E0,2.080673218E0,7.848724952E0
2.911170321E1,-7.532486115E0,-1.288370819E0,1.819167023E0,7.855419473E0
2.912170621E1,-7.632627869E0,-1.386416931E0,1.542242889E0,7.909340884E0
2.913170921E1,-7.876770172E0,-1.527872772E0,1.329235840E0,8.132943592E0
2.914171221E1,-8.171507263E0,-1.642234955E0,1.172661438E0,8.416982918E0
2.915171521E1,-8.471782837E0,-1.687440948E0,1.069675598E0,8.704181023E0
2.916171921E1,-8.849746857E0,-1.771116943E0,1.021625519E0,9.082873629E0
2.917172221E1,-9.284592590E0,-1.953737183E0,1.078806610E0,9.549061328E0
2.918172521E1,-9.735604706E0,-2.093845825E0,1.104553070E0,1.001929273E1
2.919172821E1,-1.024020538E1,-2.237247620E0,1.154249725E0,1.054511146E1
2.920173121E1,-1.072459808E1,-2.393822021E0,1.189875641E0,1.105274590E1
2.921173421E1,-1.116692825E1,-2.634671173E0,1.281934204E0,1.154491811E1
2.922173821E1,-1.152962402E1,-2.938988342E0,1.429078217E0,1.198382857E1
2.923174121E1,-1.198752182E1,-3.288511505E0,1.679507446E0,1.254335412E1
2.924174421E1,-1.260393997E1,-3.738924866E0,1.983225861E0,1.329556493E1
2.925174721E1,-1.324834991E1,-4.223616943E0,2.289488983E0,1.409253261E1
2.926175021E1,-1.377390701E1,-4.531975708E0,2.498753815E0,1.471404393E1
2.927175421E1,-1.409947998E1,-4.605323181E0,2.570454712E0,1.505362331E1
2.928175721E1,-1.418001251E1,-4.342170410E0,2.495610352E0,1.503845969E1
2.929176021E1,-1.405966278E1,-3.880680084E0,2.251018982E0,1.475807853E1
2.930176321E1,-1.408241547E1,-3.683839417E0,2.013313293E0,1.469484701E1
2.931176621E1,-1.445214661E1,-4.081712036E0,1.810485077E0,1.512622791E1
2.932176921E1,-1.466949463E1,-4.783003693E0,1.556313629E0,1.550784669E1
2.933177221E1,-1.446516953E1,-5.373226318E0,1.315015411E0,1.548683170E1
2.934177621E1,-1.409109741E1,-5.724545746E0,1.282383270E0,1.526348444E1
2.935177921E1,-1.383138748E1,-5.831124115E0,1.367556152E0,1.507247484E1
2.936178221E1,-1.353530319E1,-5.799689484E0,1.547332306E0,1.480658866E1
2.937178521E1,-1.326257034E1,-5.476062469E0,1.719324646E0,1.445126671E1
2.938178821E1,-1.307066940E1,-5.004393311E0,1.859433289E0,1.411891792E1
2.939179221E1,-1.303818695E1,-4.764891357E0,1.929038544E0,1.401498121E1
2.940179521E1,-1.306767563E1,-4.901706848E0,1.904788971E0,1.408613138E1
2.941179821E1,-1.303204971E1,-5.348228302E0,1.979333954E0,1.422517587E1
2.942180121E1,-1.289807831E1,-6.034700775E0,2.117197266E0,1.439654687E1
2.943180421E1,-1.265827698E1,-6.749464417E0,2.309547272E0,1.453001220E1
2.944180721E1,-1.240799744E1,-7.194339294E0,2.615810394E0,1.457941639E1
2.945181121E1,-1.179966248E1,-7.376061401E0,3.074456635E0,1.425098593E1
2.946181421E1,-1.093625793E1,-7.320526886E0,3.399430847E0,1.359220297E1
2.947181721E1,-1.019320312E1,-7.036717072E0,3.692221985E0,1.292475455E1
2.948182021E1,-9.431736603E0,-6.500232697E0,3.859424286E0,1.208742472E1
2.949182321E1,-8.870703278E0,-5.880820770E0,3.970942383E0,1.135965726E1
2.950182721E1,-8.567284241E0,-5.253924408E0,4.068090363E0,1.084211419E1
2.951183021E1,-8.513246613E0,-4.776567078E0,4.116589508E0,1.059420927E1
2.952183321E1,-8.396489410E0,-4.386029205E0,4.159250793E0,1.034590034E1
2.953183621E1,-8.292605438E0,-3.999532928E0,4.068090363E0,1.006543232E1
2.954183921E1,-8.202642517E0,-3.662882996E0,3.706143036E0,9.717795651E0
2.955184221E1,-8.137078857E0,-3.429667969E0,3.181783447E0,9.386075890E0
2.956184621E1,-8.056546326E0,-3.193459167E0,2.705473938E0,9.078860577E0
2.957184921E1,-7.924071808E0,-2.912792816E0,2.352208557E0,8.764026535E0
2.958185221E1,-7.838749237E0,-2.680924988E0,2.059716797E0,8.536731323E0
2.959185521E1,-7.699538727E0,-2.537373505E0,1.867366791E0,8.319147771E0
2.960185821E1,-7.654332733E0,-2.573598175E0,1.813179474E0,8.276462829E0
2.961186121E1,-7.498656464E0,-2.616858215E0,1.772464142E0,8.137531862E0
2.962186521E1,-7.291636963E0,-2.634072418E0,1.725162506E0,7.942448790E0
2.963186821E1,-7.157216492E0,-2.699935455E0,1.682501221E0,7.832382124E0
2.964187121E1,-7.037166138E0,-2.869383087E0,1.683998108E0,7.784016712E0
2.965187421E1,-6.883884888E0,-3.059936829E0,1.703906708E0,7.723624966E0
2.966187721E1,-6.743626556E0,-3.230432281E0,1.734892273E0,7.676069506E0
2.967188021E1,-6.571484528E0,-3.410807190E0,1.785786438E0,7.616235802E0
2.968188358E1,-6.419251099E0,-3.645219727E0,1.873504028E0,7.616063870E0
2.969188658E1,-6.205046539E0,-3.779939575E0,1.871558075E0,7.502884470E0
2.970188958E1,-5.967340851E0,-3.851490784E0,1.877845001E0,7.346389585E0
2.971189258E1,-5.777685242E0,-4.074227600E0,1.855541382E0,7.309173080E0
2.972189558E1,-5.639372864E0,-4.262236633E0,1.803150330E0,7.295240813E0
2.973189858E1,-5.545518036E0,-4.462520142E0,1.766775970E0,7.334054379E0
2.974190258E1,-5.528902588E0,-4.729415131E0,1.737137604E0,7.480225823E0
2.975190558E1,-5.620512085E0,-4.999154205E0,1.724713440E0,7.717275122E0
2.976190858E1,-5.616620178E0,-5.093757477E0,1.798509979E0,7.792780351E0
2.977191158E1,-5.635031891E0,-5.128485260E0,1.823957062E0,7.834651545E0
2.978191458E1,-5.675447845E0,-5.164560242E0,1.778152313E0,7.876878594E0
2.979191858E1,-5.704786835E0,-5.221891022E0,1.700164490E0,7.918541404E0
2.980192158E1,-5.855074310E0,-5.355712738E0,1.600621490E0,8.094908478E0
2.981192458E1,-6.111640778E0,-5.520669708E0,1.550625458E0,8.380595822E0
2.982192758E1,-6.400540009E0,-5.766159210E0,1.534159698E0,8.750380016E0
2.983193058E1,-6.546486511E0,-5.934109955E0,1.562301178E0,8.972788394E0
2.984193358E1,-6.408922577E0,-5.910758514E0,1.674867096E0,8.877867683E0
2.985193758E1,-6.229445801E0,-5.844446411E0,1.832040253E0,8.736127307E0
2.986194058E1,-6.280489655E0,-5.927523651E0,1.994003448E0,8.863189984E0
2.987194358E1,-6.603667603E0,-6.187682648E0,2.095342712E0,9.289042116E0
2.988194658E1,-7.101382599E0,-6.609505463E0,2.181413727E0,9.943528706E0
2.989194958E1,-7.638465729E0,-7.063211975E0,2.237247620E0,1.064144722E1
2.990195258E1,-7.993227997E0,-7.326364746E0,2.279759216E0,1.107991951E1
2.991195658E1,-8.150700531E0,-7.302264862E0,2.314337311E0,1.118539890E1
2.992195958E1,-8.221652985E0,-7.032974854E0,2.407743073E0,1.108402182E1
2.993196258E1,-8.291557617E0,-6.433770905E0,2.565664673E0,1.080397941E1
2.994196558E1,-8.308023376E0,-5.650599518E0,2.789748688E0,1.042761838E1
2.995196858E1,-8.353678436E0,-4.896018677E0,2.947520599E0,1.012140405E1
2.996197158E1,-8.765172729E0,-4.408482513E0,3.066672821E0,1.027946756E1
2.997197558E1,-9.299411774E0,-4.280348969E0,3.118165741E0,1.070156083E1
2.998197858E1,-1.001402573E1,-4.519252167E0,3.224295044E0,1.144990960E1
2.999198158E1,-1.078836548E1,-5.016368408E0,3.372786255E0,1.236642506E1
3.000198458E1,-1.139565262E1,-5.630092163E0,3.380719757E0,1.315249415E1
3.001198758E1,-1.179741714E1,-6.228697357E0,3.184627533E0,1.371559603E1
3.002199158E1,-1.218136871E1,-6.752757568E0,3.000360718E0,1.424737319E1
3.003199458E1,-1.240021362E1,-6.920408936E0,2.761457520E0,1.446661693E1
3.004199758E1,-1.261606476E1,-6.711742859E0,2.439327393E0,1.449699625E1
3.005200058E1,-1.259765305E1,-6.080954590E0,1.904639282E0,1.411759618E1
3.006200358E1,-1.221564743E1,-5.235213318E0,1.175804901E0,1.334211444E1
3.007200658E1,-1.177436508E1,-4.363276520E0,4.192781067E-1,1.256382303E1
3.008201058E1,-1.140643021E1,-3.579506378E0,-1.669029236E-1,1.195606008E1
3.009201358E1,-1.105600891E1,-2.932102661E0,-4.215234375E-1,1.144597052E1
3.010201658E1,-1.078956299E1,-2.376757507E0,-3.468287659E-1,1.105368427E1
3.011201958E1,-1.047461792E1,-1.854194183E0,1.422042847E-2,1.063747427E1
3.012202258E1,-1.020877075E1,-1.468596039E0,5.177732849E-1,1.032685159E1
3.013202558E1,-9.926158447E0,-1.197659454E0,9.719288635E-1,1.004528026E1
3.014202958E1,-9.466614075E0,-9.777667236E-1,1.272054749E0,9.601610963E0
3.015203258E1,-9.023236084E0,-8.834628296E-1,1.523681488E0,9.193524965E0
3.016203558E1,-8.498577118E0,-7.553292847E-1,1.726210327E0,8.704949021E0
3.017203858E1,-7.848928070E0,-6.607260132E-1,1.719025269E0,8.062088972E0
3.018204158E1,-7.290289764E0,-7.601193237E-1,1.452729034E0,7.472384351E0
3.019204458E1,-6.956783295E0,-9.386979675E-1,1.097966766E0,7.105175487E0
3.020204858E1,-6.684499512E0,-1.071172485E0,9.056167603E-1,6.830086817E0
3.021205158E1,-6.470444641E0,-1.133742371E0,8.315208435E-1,6.621438856E0
3.022205458E1,-6.326893158E0,-1.174607391E0,8.044271851E-1,6.485089256E0
3.023205758E1,-6.271658020E0,-1.245110779E0,7.676037598E-1,6.439969775E0
3.024206058E1,-6.336622925E0,-1.378333740E0,7.304809570E-1,6.525810020E0
3.025206358E1,-6.432573395E0,-1.544637909E0,7.321275330E-1,6.655818317E0
3.026206758E1,-6.591991882E0,-1.720671844E0,7.749385071E-1,6.856792126E0
3.027207058E1,-6.930138702E0,-1.921254730E0,8.442443848E-1,7.240910906E0
3.028207358E1,-7.298073578E0,-2.144440613E0,9.304650879E-1,7.663306647E0
3.029207658E1,-7.691754913E0,-2.354154510E0,1.000369720E0,8.105916153E0
3.030207958E1,-8.068072357E0,-2.559377747E0,1.033750305E0,8.527182753E0
3.031208358E1,-8.521329803E0,-2.822231140E0,1.064137115E0,9.039382613E0
3.032208658E1,-8.919352112E0,-3.127296753E0,1.120120697E0,9.517851514E0
3.033208958E1,-9.313931580E0,-3.393592987E0,1.231938171E0,9.989167457E0
3.034209258E1,-9.782157898E0,-3.673959961E0,1.354383545E0,1.053674284E1
3.035209558E1,-1.039962387E1,-4.008214874E0,1.580862579E0,1.125686855E1
3.036209858E1,-1.110959747E1,-4.344864807E0,1.854343872E0,1.207226563E1
3.037210258E1,-1.182989960E1,-4.746479645E0,2.070644073E0,1.291368113E1
3.038210558E1,-1.256981094E1,-5.188061371E0,2.311493225E0,1.379344514E1
3.039210858E1,-1.313488586E1,-5.417983246E0,2.523901520E0,1.443086442E1
3.040211158E1,-1.341974350E1,-5.265749817E0,2.677482147E0,1.466241956E1
3.041211458E1,-1.363903748E1,-4.887486420E0,2.659519501E0,1.473037375E1
3.042211858E1,-1.407942169E1,-4.684508514E0,2.465971985E0,1.504180019E1
3.043212158E1,-1.470512054E1,-4.936734009E0,2.241588593E0,1.567279912E1
3.044212458E1,-1.523606644E1,-5.570366364E0,2.029180298E0,1.634883098E1
3.045212758E1,-1.541524384E1,-6.254294128E0,1.930086365E0,1.674727354E1
3.046213058E1,-1.509820313E1,-6.642586670E0,2.049687653E0,1.662170012E1
3.047213358E1,-1.446606766E1,-6.386020203E0,2.141596527E0,1.595728057E1
3.048213758E1,-1.370160736E1,-5.540578308E0,2.162702637E0,1.493684488E1
3.049214058E1,-1.300780014E1,-4.402494965E0,2.134860535E0,1.389757014E1
3.050214358E1,-1.257175690E1,-3.509302368E0,1.925296326E0,1.319359847E1
3.051214658E1,-1.261067596E1,-3.088377686E0,1.679657135E0,1.309154204E1
3.052214958E1,-1.290436523E1,-3.239563293E0,1.598974915E0,1.340052735E1
3.053215358E1,-1.328667023E1,-3.908821564E0,1.616338806E0,1.394370980E1
3.054215658E1,-1.350491638E1,-5.005890198E0,1.663191376E0,1.449854850E1
3.055215958E1,-1.341106155E1,-6.332880707E0,1.744622040E0,1.493337390E1
3.056216258E1,-1.320987991E1,-7.328759766E0,1.955383759E0,1.523270077E1
3.057216558E1,-1.274719208E1,-8.182584229E0,2.267035675E0,1.531616928E1
3.058216858E1,-1.204829544E1,-8.536448364E0,2.566413116E0,1.498728961E1
3.059217258E1,-1.119851257E1,-8.349187775E0,2.815195770E0,1.424924375E1
3.060217558E1,-1.051533325E1,-7.816595306E0,3.070864105E0,1.345739952E1
3.061217858E1,-9.965975647E0,-7.132667542E0,3.240461426E0,1.267660077E1
3.062218158E1,-9.738897858E0,-6.445296936E0,3.408412170E0,1.216574114E1
3.063218458E1,-9.551487579E0,-5.800737305E0,3.525169373E0,1.171777655E1
3.064218858E1,-9.240733795E0,-5.086422729E0,3.570674744E0,1.113609336E1
3.065219158E1,-9.152118073E0,-4.532275085E0,3.544329529E0,1.081041417E1
3.066219458E1,-9.075776825E0,-4.164639587E0,3.450175323E0,1.056492582E1
3.067219758E1,-8.846154327E0,-3.693269806E0,3.383563843E0,1.016578539E1
3.068220058E1,-8.550668793E0,-3.338058472E0,3.215762787E0,9.726134971E0
3.069220496E1,-8.221054230E0,-3.144211578E0,2.937042389E0,9.278901718E0
3.070220796E1,-7.843688965E0,-2.945874023E0,2.572250977E0,8.764593854E0
3.071221096E1,-7.446115723E0,-2.805915070E0,2.201322327E0,8.256126133E0
3.072221396E1,-7.155120850E0,-2.777923279E0,1.970053253E0,7.924248982E0
3.073221696E1,-6.935976563E0,-2.784210205E0,1.870360565E0,7.704404324E0
3.074221996E1,-6.752757568E0,-2.801125031E0,1.864822083E0,7.544772867E0
3.075222396E1,-6.583908691E0,-2.853965149E0,1.921105042E0,7.428567514E0
3.076222696E1,-6.417754211E0,-2.932402039E0,1.985770569E0,7.330063819E0
3.077222996E1,-6.278244324E0,-3.012635193E0,2.017654266E0,7.250051816E0
3.078223296E1,-6.098917236E0,-3.131637726E0,1.941911774E0,7.125655594E0
3.079223596E1,-5.876330109E0,-3.233276367E0,1.841919708E0,6.955429521E0
3.080223996E1,-5.675896912E0,-3.365301819E0,1.655257874E0,6.803009680E0
3.081224296E1,-5.502108307E0,-3.546425171E0,1.494492188E0,6.714449658E0
3.082224596E1,-5.376669159E0,-3.710184631E0,1.272354126E0,6.655293101E0
3.083224896E1,-5.119953003E0,-3.879033508E0,1.106049957E0,6.517987896E0
3.084225196E1,-4.905000000E0,-4.005969543E0,1.042881317E0,6.418287811E0
3.085225596E1,-4.765789490E0,-4.114793243E0,9.647438049E-1,6.369851137E0
3.086225896E1,-4.686304779E0,-4.287833405E0,8.978329468E-1,6.415066000E0
3.087226196E1,-4.708309021E0,-4.494403839E0,9.289682007E-1,6.575014952E0
3.088226496E1,-4.668641510E0,-4.581822052E0,9.571096802E-1,6.611003389E0
3.089226796E1,-4.655768280E0,-4.575385437E0,9.804611206E-1,6.600881319E0
3.090227196E1,-4.764442291E0,-4.568499756E0,9.864486694E-1,6.674142742E0
3.091227496E1,-5.031037903E0,-4.584965515E0,1.003213806E0,6.880384371E0
3.092227796E1,-5.382207642E0,-4.650978241E0,9.997709656E-1,7.183265252E0
3.093228096E1,-5.856421509E0,-4.855752411E0,9.636959839E-1,7.668423196E0
3.094228396E1,-6.287674713E0,-5.245691528E0,9.005273438E-1,8.237905219E0
3.095228796E1,-6.560407562E0,-5.606740723E0,8.463400269E-1,8.671261751E0
3.096229096E1,-6.581962738E0,-5.801036682E0,8.951385498E-1,8.819043774E0
3.097229396E1,-6.443949738E0,-5.913752289E0,1.086291046E0,8.813454634E0
3.098229696E1,-6.391858063E0,-6.067931671E0,1.411714325E0,8.925725830E0
3.099229996E1,-6.744524689E0,-6.436614990E0,1.759141846E0,9.487528964E0
3.100230396E1,-7.377258911E0,-7.036268005E0,1.998943176E0,1.038887820E1
3.101230696E1,-8.005053406E0,-7.654482422E0,2.110610962E0,1.127504589E1
3.102230996E1,-8.412206726E0,-7.978408813E0,2.097887421E0,1.178224770E1
3.103231296E1,-8.709937592E0,-7.907306671E0,2.080523529E0,1.194642582E1
3.104231596E1,-9.031169586E0,-7.324269104E0,2.164498901E0,1.182759475E1
3.105231896E1,-9.166937256E0,-6.308032379E0,2.164798279E0,1.133624112E1
3.106232296E1,-8.942254486E0,-5.347779236E0,2.158211975E0,1.064051394E1
3.107232596E1,-8.926836548E0,-4.547543335E0,2.201322327E0,1.025740616E1
3.108232896E1,-9.163195038E0,-4.064946899E0,2.464026031E0,1.032275936E1
3.109233196E1,-9.491911469E0,-3.938759308E0,2.871329041E0,1.067027360E1
3.110233496E1,-1.003992188E1,-4.263134766E0,3.351530457E0,1.141083282E1
3.111233896E1,-1.078222824E1,-5.017116852E0,3.859124908E0,1.250282978E1
3.112234196E1,-1.133622620E1,-5.816155243E0,4.186943207E0,1.341149431E1
3.113234496E1,-1.150148254E1,-6.403833160E0,4.263284454E0,1.383722422E1
3.114234796E1,-1.149309998E1,-6.751560059E0,4.092639313E0,1.394362244E1
3.115235096E1,-1.165057251E1,-6.841672668E0,3.804039459E0,1.403620465E1
3.116235496E1,-1.182600769E1,-6.652166748E0,3.462300110E0,1.400333183E1
3.117235796E1,-1.202868622E1,-6.079906769E0,2.969824219E0,1.380124684E1
3.118236096E1,-1.198123489E1,-5.275928650E0,2.324067078E0,1.329611599E1
3.119236396E1,-1.171927963E1,-4.406386871E0,1.610051880E0,1.262339207E1
3.120236696E1,-1.148411865E1,-3.561244354E0,9.687854004E-1,1.206258628E1
3.121237096E1,-1.119042938E1,-2.816393280E0,5.935157776E-1,1.155465455E1
3.122237396E1,-1.094628708E1,-2.215692444E0,5.354365540E-1,1.118110845E1
3.123237696E1,-1.075887680E1,-1.614392853E0,7.268884277E-1,1.090358020E1
3.124237996E1,-1.047416885E1,-1.157692566E0,9.062155151E-1,1.057684697E1
3.125238296E1,-1.014650024E1,-8.750802612E-1,1.066532135E0,1.023985954E1
3.126238696E1,-9.728269958E0,-7.569758606E-1,1.182241516E0,9.829035753E0
3.127238996E1,-9.183253326E0,-7.096742249E-1,1.307081909E0,9.302915795E0
3.128239296E1,-8.562344513E0,-6.685098267E-1,1.311722260E0,8.687995409E0
3.129239596E1,-7.941435699E0,-7.150630188E-1,1.147962799E0,8.055776479E0
3.130239896E1,-7.500752106E0,-8.518785095E-1,1.000220032E0,7.614947095E0
3.131240196E1,-7.170239410E0,-9.190887451E-1,9.063652039E-1,7.285503085E0
3.132240596E1,-6.947652283E0,-9.976753235E-1,9.822573853E-1,7.087316690E0
3.133240896E1,-6.728058929E0,-1.094523926E0,1.096320190E0,6.904105847E0
3.134241196E1,-6.513854370E0,-1.177301788E0,1.251098328E0,6.736585580E0
3.135241496E1,-6.346203003E0,-1.329535217E0,1.357227631E0,6.624501739E0
3.136241796E1,-6.216273193E0,-1.517693939E0,1.439257050E0,6.558727633E0
3.137242196E1,-6.089636536E0,-1.710642700E0,1.540446625E0,6.510218690E0
3.138242496E1,-6.065237274E0,-1.938169556E0,1.675765228E0,6.584207888E0
3.139242796E1,-6.241869965E0,-2.172432404E0,1.789678345E0,6.847141869E0
3.140243096E1,-6.529421997E0,-2.299368439E0,1.908531189E0,7.180733816E0
3.141243396E1,-6.862180023E0,-2.337539063E0,1.983076172E0,7.515729814E0
3.142243796E1,-7.448959808E0,-2.499651947E0,2.029779053E0,8.115125697E0
3.143244096E1,-8.102650452E0,-2.736908569E0,2.071691895E0,8.799745460E0
3.144244396E1,-8.676407318E0,-2.934797058E0,2.071691895E0,9.390686079E0
3.145244696E1,-9.219627686E0,-3.189118195E0,2.089504852E0,9.976875265E0
3.146244996E1,-9.846074982E0,-3.487148438E0,2.171683960E0,1.066872101E1
3.147245396E1,-1.055604858E1,-3.777394867E0,2.321672058E0,1.144941199E1
3.148245696E1,-1.132589767E1,-3.994892578E0,2.467917938E0,1.226073994E1
3.149245996E1,-1.211146408E1,-4.279899902E0,2.557282104E0,1.309751110E1
3.150246296E1,-1.289912613E1,-4.672234039E0,2.528841248E0,1.395034996E1
3.151246596E1,-1.360221405E1,-4.917873230E0,2.414029999E0,1.466401190E1
3.152246996E1,-1.410022842E1,-4.839286652E0,2.320624237E0,1.508709494E1
3.153247296E1,-1.439691147E1,-4.539909210E0,2.240391083E0,1.526110047E1
3.154247596E1,-1.462279175E1,-4.173620911E0,2.084415436E0,1.534893930E1
3.155247896E1,-1.496243546E1,-4.066743164E0,1.831740875E0,1.561307623E1
3.156248196E1,-1.533725601E1,-4.472698975E0,1.496737518E0,1.604607994E1
3.157248596E1,-1.547122742E1,-5.160818024E0,1.276844788E0,1.635919476E1
3.158248896E1,-1.513637375E1,-5.796995087E0,1.225351868E0,1.625473622E1
3.159249196E1,-1.438164322E1,-6.141279144E0,1.262324982E0,1.568886342E1
3.160249496E1,-1.368484222E1,-6.300997009E0,1.510059814E0,1.514125988E1
3.161249796E1,-1.289882675E1,-5.991440735E0,1.987117767E0,1.436056164E1
3.162250096E1,-1.240560242E1,-5.512885895E0,2.527494049E0,1.380866063E1
3.163250496E1,-1.239707016E1,-5.250631256E0,3.009940796E0,1.379551451E1
3.164250796E1,-1.261007721E1,-5.288652191E0,3.320993958E0,1.407170530E1
3.165251096E1,-1.278685959E1,-5.573809204E0,3.377576294E0,1.435197369E1
3.166251396E1,-1.269614822E1,-5.988297272E0,3.396586761E0,1.444259968E1
3.167251696E1,-1.232102829E1,-6.462211761E0,3.430117035E0,1.432946691E1
3.168252096E1,-1.207389221E1,-6.971153412E0,3.437302094E0,1.435934883E1
3.169252429E1,-1.184905975E1,-7.322622528E0,3.623664551E0,1.439277466E1
3.170252729E1,-1.139146133E1,-7.260052643E0,3.864962769E0,1.405032715E1
3.171253029E1,-1.104074066E1,-6.931785278E0,3.910318451E0,1.361022380E1
3.172253329E1,-1.083461929E1,-6.540798340E0,3.863016815E0,1.323230581E1
3.173253729E1,-1.075258987E1,-6.090684357E0,3.607348480E0,1.287352275E1
3.174254029E1,-1.072369995E1,-5.591771851E0,3.284918976E0,1.253221232E1
3.175254329E1,-1.053030212E1,-4.988526306E0,3.000211029E0,1.203220361E1
3.176254629E1,-1.018676651E1,-4.412374420E0,2.707569580E0,1.142673151E1
3.177254929E1,-9.925410004E0,-3.914509735E0,2.453098755E0,1.094782370E1
3.178255329E1,-9.633067932E0,-3.499722290E0,2.242486725E0,1.049155854E1
3.179255629E1,-9.362730103E0,-3.232228546E0,2.097887421E0,1.012468014E1
3.180255929E1,-9.065298615E0,-3.057092743E0,1.973645782E0,9.768353632E0
3.181256229E1,-8.700207825E0,-2.943778381E0,1.836830292E0,9.366610533E0
3.182256529E1,-8.288114777E0,-2.935246124E0,1.763033752E0,8.967541713E0
3.183256929E1,-7.959548035E0,-2.941083984E0,1.838476868E0,8.682417700E0
3.184257229E1,-7.708220673E0,-2.908152466E0,1.965712280E0,8.469831254E0
3.185257529E1,-7.397616577E0,-2.957549744E0,2.067201233E0,8.230744343E0
3.186257829E1,-7.107370148E0,-3.040626984E0,2.046544189E0,7.996778476E0
3.187258129E1,-6.924899597E0,-3.149600372E0,1.972747650E0,7.859131646E0
3.188258429E1,-6.696025543E0,-3.248694305E0,1.897454224E0,7.680566730E0
3.189258829E1,-6.443350983E0,-3.344944153E0,1.804497528E0,7.480750938E0
3.190259129E1,-6.219266968E0,-3.398832092E0,1.736688538E0,7.297083547E0
3.191259429E1,-6.044131165E0,-3.448528748E0,1.702260132E0,7.163906868E0
3.192259729E1,-5.861361237E0,-3.501967621E0,1.531614990E0,6.997512218E0
3.193260029E1,-5.595065002E0,-3.524720306E0,1.468745728E0,6.773892502E0
3.194260429E1,-5.393434296E0,-3.517086182E0,1.457519073E0,6.601771774E0
3.195260729E1,-5.256768494E0,-3.563190308E0,1.431622925E0,6.509952716E0
3.196261029E1,-5.096451874E0,-3.615581360E0,1.422491913E0,6.408567197E0
3.197261329E1,-5.071603546E0,-3.712729340E0,1.448238373E0,6.450032253E0
3.198261629E1,-5.129533081E0,-3.959715729E0,1.433868256E0,6.636824275E0
3.199262029E1,-5.101990356E0,-4.252057800E0,1.376088409E0,6.782618996E0
3.200262329E1,-5.094356232E0,-4.534370728E0,1.282682648E0,6.939615125E0
3.201262629E1,-5.064717865E0,-4.834197235E0,1.131047974E0,7.092256304E0
3.202262929E1,-5.130880280E0,-5.045108643E0,1.107846222E0,7.280547844E0
3.203263229E1,-5.404960327E0,-5.257516937E0,1.258882141E0,7.644597094E0
3.204263529E1,-5.779930573E0,-5.262756042E0,1.541494446E0,7.967459050E0
3.205263929E1,-6.361171875E0,-5.152435455E0,1.878443756E0,8.398848117E0
3.206264229E1,-7.015610962E0,-5.070406036E0,2.226320343E0,8.937802684E0
3.207264529E1,-7.401059418E0,-4.925657043E0,2.352208557E0,9.196230908E0
3.208264829E1,-7.730224915E0,-4.750521240E0,2.238295441E0,9.345255254E0
3.209265129E1,-7.881560211E0,-4.526287537E0,2.207459564E0,9.353028812E0
3.210265529E1,-7.931107178E0,-4.360731812E0,2.203417969E0,9.315229130E0
3.211265829E1,-8.062234497E0,-4.500241699E0,2.155816956E0,9.481526627E0
3.212266129E1,-8.203840027E0,-5.058430939E0,1.994003448E0,9.842091470E0
3.213266429E1,-8.368048553E0,-5.741610260E0,1.643881531E0,1.028069411E1
3.214266729E1,-8.559949493E0,-6.242169342E0,1.399888916E0,1.068630443E1
3.215267129E1,-8.532855835E0,-6.456523590E0,1.386416931E0,1.078973945E1
3.216267429E1,-8.426427155E0,-6.434519348E0,1.503922577E0,1.070838442E1
3.217267729E1,-8.281528473E0,-5.933660889E0,1.704056396E0,1.032936850E1
3.218268029E1,-8.254135437E0,-4.953349457E0,2.000739441E0,9.832058836E0
3.219268329E1,-8.293204193E0,-4.027824097E0,2.428998871E0,9.534182621E0
3.220268729E1,-8.563841400E0,-3.321892090E0,2.761158142E0,9.591576558E0
3.221269029E1,-8.916208649E0,-2.914738770E0,2.983146515E0,9.843456806E0
3.222269329E1,-9.115594025E0,-2.631078644E0,3.203188934E0,1.001384285E1
3.223269629E1,-9.439370728E0,-2.741997986E0,3.340603180E0,1.038170999E1
3.224269929E1,-9.819580078E0,-3.369642792E0,3.419638824E0,1.093035110E1
3.225270329E1,-9.773176575E0,-4.249662781E0,3.226091309E0,1.113473301E1
3.226270629E1,-9.670939178E0,-4.978048096E0,2.797682190E0,1.123098629E1
3.227270929E1,-9.718240814E0,-5.425168304E0,2.555635529E0,1.141962909E1
3.228271229E1,-9.895472260E0,-5.767207031E0,2.453248444E0,1.171321801E1
3.229271529E1,-1.037806870E1,-5.942791901E0,2.222129059E0,1.216383751E1
3.230271829E1,-1.072504715E1,-5.797893219E0,1.791773987E0,1.232285098E1
3.231272229E1,-1.101948486E1,-5.293142853E0,1.317859497E0,1.229565621E1
3.232272529E1,-1.116887421E1,-4.591551819E0,8.677455139E-1,1.210698482E1
3.233272829E1,-1.103550156E1,-3.849844208E0,5.459147644E-1,1.170049648E1
3.234273129E1,-1.082728455E1,-3.254382477E0,3.353027344E-1,1.131077026E1
3.235273429E1,-1.056772430E1,-2.754871216E0,4.508624268E-1,1.093020536E1
3.236273829E1,-1.020023849E1,-2.200274506E0,8.346643066E-1,1.046817738E1
3.237274129E1,-9.797575836E0,-1.830842743E0,1.330433350E0,1.005557210E1
3.238274429E1,-9.270222473E0,-1.543590088E0,1.877845001E0,9.583631718E0
3.239274729E1,-8.797505493E0,-1.348395996E0,2.377206573E0,9.212241082E0
3.240275029E1,-8.363408203E0,-1.271605682E0,2.750380554E0,8.895401676E0
3.241275429E1,-7.909701691E0,-1.219813385E0,2.924618225E0,8.520840175E0
3.242275729E1,-7.473209381E0,-1.243613892E0,3.046015778E0,8.165393198E0
3.243276029E1,-7.169191589E0,-1.263073425E0,3.105142822E0,7.914200811E0
3.244276329E1,-6.934479675E0,-1.276994476E0,3.056493988E0,7.685042535E0
3.245276629E1,-6.789730682E0,-1.237776031E0,2.989583130E0,7.521312354E0
3.246277029E1,-6.761439514E0,-1.221310272E0,2.861898651E0,7.443058980E0
3.247277329E1,-6.756050720E0,-1.230590973E0,2.648741913E0,7.360326705E0
3.248277629E1,-6.773414612E0,-1.295555878E0,2.429447937E0,7.311622789E0
3.249277929E1,-6.834038544E0,-1.407223663E0,2.239492950E0,7.328007228E0
3.250278229E1,-6.917415161E0,-1.532513123E0,2.062560883E0,7.379253782E0
3.251278629E1,-7.041507111E0,-1.605710907E0,1.958227844E0,7.483033222E0
3.252278929E1,-7.258106689E0,-1.701960754E0,1.846260681E0,7.680199322E0
3.253279229E1,-7.627239075E0,-1.900747375E0,1.724863129E0,8.047531876E0
3.254279529E1,-8.072113953E0,-2.137854309E0,1.641785889E0,8.510282346E0
3.255279829E1,-8.527167664E0,-2.365231476E0,1.629661102E0,8.997927740E0
3.256280129E1,-9.064101105E0,-2.592159576E0,1.702409821E0,9.579948815E0
3.257280529E1,-9.673184509E0,-2.781665497E0,1.719025269E0,1.021093577E1
3.258280829E1,-1.025861710E1,-2.919528809E0,1.750908966E0,1.080872589E1
3.259281129E1,-1.079495178E1,-3.082988892E0,1.769919434E0,1.136522852E1
3.260281429E1,-1.139161102E1,-3.362906799E0,1.861828308E0,1.202265979E1
3.261281729E1,-1.204739731E1,-3.681145020E0,1.954036560E0,1.274789667E1
3.262282129E1,-1.274659332E1,-4.059109039E0,2.050286407E0,1.353350220E1
3.263282429E1,-1.344504089E1,-4.485272827E0,2.185904388E0,1.434102419E1
3.264282729E1,-1.392090134E1,-4.746030579E0,2.396067352E0,1.490159183E1
3.265283029E1,-1.413735123E1,-4.657265167E0,2.724035339E0,1.513192609E1
3.266283329E1,-1.424512711E1,-4.291725311E0,3.000809784E0,1.517720039E1
3.267283729E1,-1.439706116E1,-4.081113281E0,3.107537842E0,1.528357442E1
3.268284029E1,-1.481633926E1,-4.333039398E0,2.995420990E0,1.572487477E1
3.269284354E1,-1.522843231E1,-4.942571869E0,2.870580597E0,1.626574315E1
3.270284654E1,-1.525372971E1,-5.428162079E0,2.850971375E0,1.643986774E1
3.271284954E1,-1.492785736E1,-5.538332977E0,2.954406281E0,1.619390546E1
3.272285354E1,-1.432985092E1,-5.356910248E0,3.034190369E0,1.559639144E1
3.273285654E1,-1.368963226E1,-4.849465485E0,2.996169434E0,1.482903835E1
3.274285954E1,-1.316392548E1,-4.129911804E0,2.863694916E0,1.409063001E1
3.275286254E1,-1.283595749E1,-3.511248322E0,2.711162109E0,1.358090827E1
3.276286554E1,-1.272458908E1,-3.256627808E0,2.501747589E0,1.337084638E1
3.277286854E1,-1.279419434E1,-3.409160614E0,2.203867035E0,1.342277224E1
3.278287254E1,-1.276395721E1,-3.892655182E0,1.866169281E0,1.347419593E1
3.279287554E1,-1.260603561E1,-4.610113220E0,1.565744019E0,1.351357955E1
3.280287854E1,-1.261786102E1,-5.488336945E0,1.534309387E0,1.384508449E1
3.281288154E1,-1.264360748E1,-6.306535492E0,1.765877838E0,1.423908440E1
3.282288454E1,-1.248718277E1,-6.980134735E0,2.042203217E0,1.445069578E1
3.283288854E1,-1.216595078E1,-7.247927856E0,2.383194122E0,1.436044674E1
3.284289154E1,-1.171029831E1,-7.097939758E0,2.654729462E0,1.394845597E1
3.285289454E1,-1.124117386E1,-6.627318420E0,2.892435150E0,1.336605852E1
3.286289754E1,-1.096260315E1,-6.144272919E0,3.014730835E0,1.292359700E1
3.287290054E1,-1.079150894E1,-5.722150726E0,3.030897217E0,1.258515046E1
3.288290454E1,-1.056877213E1,-5.221891022E0,3.025957489E0,1.217060018E1
3.289290754E1,-1.027313690E1,-4.765789490E0,2.874023438E0,1.168375376E1
3.290291054E1,-1.009111542E1,-4.439917145E0,2.744991760E0,1.136126993E1
3.291291354E1,-9.880054321E0,-4.145928497E0,2.647245026E0,1.103685203E1
3.292291654E1,-9.546248474E0,-3.850143585E0,2.592608643E0,1.061489920E1
3.293292054E1,-9.222471771E0,-3.664828949E0,2.567910004E0,1.025081063E1
3.294292354E1,-8.901539154E0,-3.507506104E0,2.513572998E0,9.892322659E0
3.295292654E1,-8.524622955E0,-3.298840027E0,2.495909729E0,9.475289306E0
3.296292954E1,-8.259224854E0,-3.080144806E0,2.467169495E0,9.153633842E0
3.297293254E1,-8.057594147E0,-2.915936279E0,2.349813538E0,8.885332379E0
3.298293654E1,-7.801027679E0,-2.785707092E0,2.268831940E0,8.588585170E0
3.299293954E1,-7.593409424E0,-2.699187012E0,2.195035400E0,8.352464164E0
3.300294254E1,-7.394473114E0,-2.680625610E0,2.099234619E0,8.140686229E0
3.301294554E1,-7.208709412E0,-2.662064209E0,2.034120026E0,7.949196281E0
3.302294854E1,-7.063960419E0,-2.692151642E0,2.030826874E0,7.827609792E0
3.303295154E1,-6.878346405E0,-2.802023163E0,2.021097107E0,7.697260330E0
3.304295554E1,-6.638245697E0,-2.919079742E0,2.011666718E0,7.525565458E0
3.305295854E1,-6.370901642E0,-3.041824493E0,1.998194733E0,7.337156545E0
3.306296154E1,-6.163882141E0,-3.191812592E0,1.983076172E0,7.218982045E0
3.307296454E1,-5.965095520E0,-3.431913300E0,1.913620605E0,7.142992180E0
3.308296754E1,-5.749543762E0,-3.613785095E0,1.848356323E0,7.037976789E0
3.309297154E1,-5.544769592E0,-3.763773193E0,1.659449158E0,6.903928591E0
3.310297454E1,-5.373825073E0,-3.989503784E0,1.555415497E0,6.871204678E0
3.311297754E1,-5.364993439E0,-4.384532318E0,1.559008026E0,7.101956369E0
3.312298054E1,-5.311704254E0,-4.741839294E0,1.600771179E0,7.298062095E0
3.313298354E1,-5.138364716E0,-4.947810974E0,1.632355499E0,7.317664235E0
3.314298754E1,-4.980742493E0,-5.048701172E0,1.650018768E0,7.281465597E0
3.315299054E1,-4.924010468E0,-5.079986115E0,1.689386902E0,7.273662496E0
3.316299354E1,-5.036127319E0,-5.070106659E0,1.668879547E0,7.338509307E0
3.317299654E1,-5.115013275E0,-5.045258331E0,1.563199310E0,7.352658330E0
3.318299954E1,-5.242098999E0,-5.020859070E0,1.462309113E0,7.404523999E0
3.319300354E1,-5.564229126E0,-5.102289734E0,1.385219421E0,7.675469962E0
3.320300654E1,-5.915997620E0,-5.286257172E0,1.244811401E0,8.030759500E0
3.321300954E1,-6.198310547E0,-5.464835815E0,1.133592682E0,8.340774334E0
3.322301254E1,-6.393354950E0,-5.523513794E0,1.179547119E0,8.530857141E0
3.323301554E1,-6.557114410E0,-5.416186981E0,1.334624634E0,8.608835794E0
3.324301954E1,-6.703360291E0,-5.456453247E0,1.479523315E0,8.769088348E0
3.325302254E1,-6.990163879E0,-5.826932831E0,1.596130829E0,9.239219171E0
3.326302554E1,-7.343429260E0,-6.336622925E0,1.625020752E0,9.834604000E0
3.327302854E1,-7.590864716E0,-6.901697845E0,1.495540009E0,1.036780113E1
3.328303154E1,-7.741451569E0,-7.368427277E0,1.407523041E0,1.077983831E1
3.329303454E1,-7.862849121E0,-7.620952148E0,1.533111877E0,1.105684132E1
3.330303854E1,-7.875273285E0,-7.564818878E0,1.773811340E0,1.106312888E1
3.331304154E1,-7.792645111E0,-6.944808197E0,2.027683411E0,1.063330517E1
3.332304454E1,-7.831713867E0,-5.942043457E0,2.385140076E0,1.011595353E1
3.333304754E1,-7.799979858E0,-5.058131561E0,2.808609467E0,9.711470940E0
3.334305054E1,-8.105943604E0,-4.424798584E0,3.173849945E0,9.765167059E0
3.335305454E1,-8.729247437E0,-4.078568573E0,3.491190033E0,1.024806764E1
3.336305754E1,-9.404942322E0,-3.989354095E0,3.752396851E0,1.088339875E1
3.337306054E1,-9.992769928E0,-4.172573090E0,3.911366272E0,1.151367027E1
3.338306354E1,-1.058284286E1,-4.916975098E0,3.885619812E0,1.229923772E1
3.339306654E1,-1.102053268E1,-5.719306641E0,3.644471283E0,1.294004560E1
3.340307054E1,-1.118144806E1,-6.221063232E0,3.392994232E0,1.323777996E1
3.341307354E1,-1.133847153E1,-6.711593170E0,3.207978973E0,1.356088303E1
3.342307654E1,-1.159144547E1,-6.949897614E0,2.994822235E0,1.384310821E1
3.343307954E1,-1.167916306E1,-6.659202118E0,2.743345184E0,1.372128876E1
3.344308254E1,-1.163141235E1,-6.022575989E0,2.332150269E0,1.330413844E1
3.345308654E1,-1.150357819E1,-5.204826508E0,1.794468384E0,1.275314263E1
3.346308954E1,-1.143397293E1,-4.325105896E0,1.346899109E0,1.229863469E1
3.347309254E1,-1.143681702E1,-3.500620422E0,1.067430267E0,1.200810286E1
3.348309554E1,-1.133038834E1,-2.806813202E0,9.568103027E-1,1.171201888E1
3.349309854E1,-1.117067047E1,-2.237846375E0,9.343569946E-1,1.143087303E1
3.350310154E1,-1.091395432E1,-1.739682312E0,1.091380463E0,1.110549435E1
3.351310554E1,-1.062984512E1,-1.243015137E0,1.364113312E0,1.078885995E1
3.352310854E1,-1.017299515E1,-8.887019348E-1,1.616488495E0,1.033889048E1
3.353311154E1,-9.621541901E0,-8.608598328E-1,1.792372742E0,9.824853599E0
3.354311454E1,-8.893156586E0,-9.234297180E-1,1.833986206E0,9.127127802E0
3.355311754E1,-8.175548859E0,-9.952803040E-1,1.744172974E0,8.418570032E0
3.356312154E1,-7.682623901E0,-1.138682098E0,1.579814758E0,7.925599132E0
3.357312454E1,-7.297624512E0,-1.313219147E0,1.422192535E0,7.549999977E0
3.358312754E1,-7.011569366E0,-1.452579346E0,1.335672455E0,7.283962702E0
3.359313054E1,-6.822362823E0,-1.558409271E0,1.271455994E0,7.112655924E0
3.360313354E1,-6.714586945E0,-1.676064606E0,1.261127472E0,7.034579796E0
3.361313754E1,-6.647526398E0,-1.793270874E0,1.265019379E0,7.000407250E0
3.362314054E1,-6.629414062E0,-1.952240295E0,1.288969574E0,7.030065117E0
3.363314354E1,-6.634054413E0,-2.148781586E0,1.334025879E0,7.099828540E0
3.364314654E1,-6.744973755E0,-2.341131592E0,1.411864014E0,7.277975548E0
3.365314954E1,-6.876699829E0,-2.481988678E0,1.515598297E0,7.466344925E0
3.366315354E1,-7.101981354E0,-2.554587708E0,1.578018494E0,7.710654957E0
3.367315654E1,-7.438032532E0,-2.660717010E0,1.604962463E0,8.060995439E0
3.368315954E1,-7.845784607E0,-2.819686432E0,1.680854645E0,8.504836272E0
3.369316179E1,-8.315657501E0,-2.947520599E0,1.744172974E0,8.993340688E0
3.370316479E1,-8.815617828E0,-3.090323639E0,1.805245972E0,9.514417003E0
3.371316879E1,-9.298064575E0,-3.268303528E0,1.865570526E0,1.003076100E1
3.372317179E1,-9.810748444E0,-3.451522522E0,1.945504303E0,1.058058504E1
3.373317479E1,-1.037627243E1,-3.621568909E0,2.041454773E0,1.117811829E1
3.374317779E1,-1.095886093E1,-3.890858917E0,2.139949951E0,1.182433092E1
3.375318079E1,-1.166703827E1,-4.174818420E0,2.330952759E0,1.260881563E1
3.376318379E1,-1.249571503E1,-4.407434692E0,2.514620819E0,1.348672282E1
3.377318779E1,-1.330852478E1,-4.654421082E0,2.606380005E0,1.433784099E1
3.378319079E1,-1.404993301E1,-4.843477936E0,2.639012146E0,1.509384912E1
3.379319379E1,-1.447325272E1,-4.646188202E0,2.650089111E0,1.543000587E1
3.380319679E1,-1.452953568E1,-4.107458496E0,2.521207123E0,1.530800796E1
3.381319979E1,-1.461276260E1,-3.682941284E0,2.218087463E0,1.523209767E1
3.382320379E1,-1.502290970E1,-3.826642456E0,1.859133911E0,1.561369230E1
3.383320679E1,-1.541883636E1,-4.520299988E0,1.525328064E0,1.614002021E1
3.384320979E1,-1.540252029E1,-5.244943085E0,1.299747162E0,1.632287971E1
3.385321279E1,-1.510987885E1,-5.665568390E0,1.312321014E0,1.619040736E1
3.386321579E1,-1.446472046E1,-5.735922089E0,1.341061249E0,1.561817484E1
3.387321879E1,-1.370415207E1,-5.323679352E0,1.344653778E0,1.476324624E1
3.388322279E1,-1.289373734E1,-4.501738586E0,1.362017670E0,1.372476611E1
3.389322579E1,-1.243868362E1,-3.703149261E0,1.280587006E0,1.304124487E1
3.390322879E1,-1.238719070E1,-3.365750885E0,1.189576263E0,1.289130964E1
3.391323179E1,-1.241847565E1,-3.423381042E0,1.053808594E0,1.292472776E1
3.392323479E1,-1.247805176E1,-4.004472656E0,9.327104187E-1,1.313801833E1
3.393323879E1,-1.262010635E1,-4.937781830E0,9.448352051E-1,1.358460479E1
3.394324179E1,-1.262265106E1,-5.917195129E0,1.212927704E0,1.399341673E1
3.395324479E1,-1.243269608E1,-6.726262665E0,1.661993866E0,1.423294645E1
3.396324779E1,-1.206236618E1,-7.229366455E0,2.170636139E0,1.422940893E1
3.397325079E1,-1.161434784E1,-7.409891052E0,2.590063934E0,1.401813084E1
3.398325479E1,-1.117201767E1,-7.209158478E0,2.928510132E0,1.361477566E1
3.399325779E1,-1.090871521E1,-6.847660217E0,3.166964264E0,1.326349051E1
3.400326079E1,-1.080992065E1,-6.372099152E0,3.253783722E0,1.296322262E1
3.401326379E1,-1.073612411E1,-5.800288239E0,3.233575745E0,1.262393428E1
3.402326679E1,-1.055455170E1,-5.312003632E0,3.184477844E0,1.223751785E1
3.403326979E1,-1.033989807E1,-4.928052063E0,3.005300446E0,1.184191792E1
3.404327379E1,-1.026056305E1,-4.563560028E0,2.879711609E0,1.159301398E1
3.405327679E1,-1.015892441E1,-4.238286438E0,2.793341217E0,1.135647710E1
3.406327979E1,-1.002630020E1,-4.006418610E0,2.687810669E0,1.112665323E1
3.407328279E1,-9.798024902E0,-3.790717163E0,2.529589691E0,1.080600077E1
3.408328579E1,-9.487720184E0,-3.589834900E0,2.340832214E0,1.041072737E1
3.409328979E1,-9.225315857E0,-3.479364624E0,2.224075012E0,1.010737060E1
3.410329279E1,-8.878487091E0,-3.337160339E0,2.155517578E0,9.726789202E0
3.411329579E1,-8.512348480E0,-3.227139130E0,2.154769135E0,9.355080632E0
3.412329879E1,-8.228538666E0,-3.219505005E0,2.159409485E0,9.095994194E0
3.413330179E1,-7.921676788E0,-3.201392670E0,2.175575867E0,8.816745914E0
3.414330479E1,-7.741900635E0,-3.203039246E0,2.234253845E0,8.671123116E0
3.415330879E1,-7.638914795E0,-3.244053955E0,2.200873260E0,8.586078757E0
3.416331179E1,-7.410489807E0,-3.278182983E0,2.011816406E0,8.349206436E0
3.417331479E1,-7.121889954E0,-3.314257965E0,1.706601105E0,8.038539028E0
3.418331779E1,-6.823560333E0,-3.321143646E0,1.400188293E0,7.716961708E0
3.419332079E1,-6.591991882E0,-3.352877655E0,1.205742645E0,7.493327757E0
3.420332479E1,-6.381379852E0,-3.520978088E0,1.121467896E0,7.374075248E0
3.421332779E1,-6.146967316E0,-3.663930817E0,1.128802643E0,7.244569802E0
3.422333079E1,-5.954467621E0,-3.777544556E0,1.266067200E0,7.164387878E0
3.423333379E1,-5.754782867E0,-4.054618378E0,1.320853271E0,7.162549086E0
3.424333679E1,-5.559439087E0,-4.349954224E0,1.374441833E0,7.191561379E0
3.425333979E1,-5.467829590E0,-4.642745361E0,1.424138489E0,7.313030517E0
3.426334379E1,-5.320086823E0,-4.962480469E0,1.363215179E0,7.401884343E0
3.427334679E1,-5.146896973E0,-5.176385651E0,1.266965332E0,7.408827033E0
3.428334979E1,-4.928650818E0,-5.234464874E0,1.129551086E0,7.277850442E0
3.429335279E1,-4.738246765E0,-5.217849426E0,1.087787933E0,7.131634990E0
3.430335579E1,-4.681963806E0,-5.080135803E0,1.146765289E0,7.003116127E0
3.431335979E1,-4.919968872E0,-4.881648560E0,1.266665955E0,7.045639006E0
3.432336279E1,-5.620811462E0,-4.870272217E0,1.390009460E0,7.566055727E0
3.433336579E1,-6.224356384E0,-4.950056305E0,1.591640167E0,8.110424665E0
3.434336879E1,-6.696474609E0,-5.007686462E0,1.805695038E0,8.554544434E0
3.435337179E1,-6.954088898E0,-4.928800507E0,2.086062012E0,8.775196952E0
3.436337479E1,-7.106022949E0,-4.831203461E0,2.449805603E0,8.935190906E0
3.437337879E1,-7.422913971E0,-4.869074707E0,2.838696899E0,9.320179205E0
3.438338179E1,-7.952812042E0,-5.151088257E0,3.098706207E0,9.969097741E0
3.439338479E1,-8.515192566E0,-5.697751465E0,3.150947571E0,1.071920458E1
3.440338779E1,-8.941206665E0,-6.215524750E0,2.883603516E0,1.126468347E1
3.441339079E1,-8.941356354E0,-6.477480011E0,2.438279572E0,1.130711316E1
3.442339379E1,-8.731792145E0,-6.296656036E0,2.065854034E0,1.096174367E1
3.443339779E1,-8.552315369E0,-5.774541779E0,1.917063446E0,1.049583552E1
3.444340079E1,-8.369844818E0,-4.736001434E0,2.026635590E0,9.828085453E0
3.445340379E1,-8.167016602E0,-3.700754242E0,2.276466064E0,9.250839955E0
3.446340679E1,-8.341254272E0,-3.086731110E0,2.443219299E0,9.223543371E0
3.447340979E1,-8.647816772E0,-2.712060242E0,2.537373505E0,9.411602945E0
3.448341279E1,-8.815019073E0,-2.406545563E0,2.744393005E0,9.540844605E0
3.449341679E1,-9.073980560E0,-2.559377747E0,2.971770172E0,9.885289860E0
3.450341979E1,-9.497449951E0,-3.262315979E0,3.228336639E0,1.054828984E1
3.451342279E1,-9.742939453E0,-4.290228424E0,3.335364075E0,1.115596623E1
3.452342579E1,-9.662406921E0,-5.178780670E0,3.291205902E0,1.144613092E1
3.453342879E1,-9.590256958E0,-5.729934540E0,3.252885590E0,1.163556801E1
3.454343279E1,-9.414522400E0,-6.029461670E0,3.198548584E0,1.162834266E1
3.455343579E1,-9.500743103E0,-6.094725952E0,3.053649902E0,1.169335630E1
3.456343879E1,-9.637708282E0,-5.806874542E0,2.819387054E0,1.159974811E1
3.457344179E1,-9.921368408E0,-5.209466858E0,2.463127899E0,1.147340817E1
3.458344479E1,-1.011431717E1,-4.502337341E0,2.082918549E0,1.126538961E1
3.459344779E1,-1.006222549E1,-3.806135101E0,1.595083008E0,1.087563038E1
3.460345179E1,-1.011461655E1,-3.194057922E0,1.059796143E0,1.065976743E1
3.461345479E1,-9.962532806E0,-2.624941406E0,6.812333679E-1,1.032504025E1
3.462345779E1,-9.708361359E0,-2.110012207E0,4.993615723E-1,9.947552149E0
3.463346079E1,-9.440568237E0,-1.642534332E0,5.671705627E-1,9.599162991E0
3.464346379E1,-9.153914337E0,-1.248254242E0,7.219487000E-1,9.266795361E0
3.465346679E1,-8.873846741E0,-1.093476105E0,9.134005737E-1,8.987499462E0
3.466347079E1,-8.513246613E0,-1.019380188E0,1.063089294E0,8.639714272E0
3.467347379E1,-8.101303253E0,-1.089733887E0,1.185834045E0,8.259832730E0
3.468347679E1,-7.705376587E0,-1.235830078E0,1.334025879E0,7.917053074E0
3.469347992E1,-7.397017822E0,-1.354383545E0,1.470092926E0,7.662336501E0
3.470348292E1,-7.131470032E0,-1.387913818E0,1.590292969E0,7.437284539E0
3.471348592E1,-6.916517029E0,-1.385518799E0,1.659898224E0,7.246594529E0
3.472348992E1,-6.828949127E0,-1.391356659E0,1.683848419E0,7.169781380E0
3.473349292E1,-6.799161072E0,-1.466799774E0,1.683399353E0,7.156390587E0
3.474349592E1,-6.846313019E0,-1.545536041E0,1.644779663E0,7.208743562E0
3.475349892E1,-6.917564850E0,-1.630409546E0,1.677112427E0,7.302304077E0
3.476350192E1,-7.046895905E0,-1.755699005E0,1.797013092E0,7.481341921E0
3.477350592E1,-7.176975403E0,-1.919757843E0,1.883533173E0,7.664342328E0
3.478350892E1,-7.298971710E0,-2.036365356E0,1.965412903E0,7.828449385E0
3.479351192E1,-7.476203156E0,-2.108066254E0,1.934427338E0,8.004971335E0
3.480351492E1,-7.865393829E0,-2.195185089E0,1.817370758E0,8.365769190E0
3.481351792E1,-8.393345947E0,-2.326911163E0,1.764979706E0,8.886952521E0
3.482352092E1,-8.926537170E0,-2.453098755E0,1.899400177E0,9.450316417E0
3.483352492E1,-9.410780182E0,-2.548600159E0,2.098635864E0,9.973084723E0
3.484352792E1,-9.962532806E0,-2.674488373E0,2.309247894E0,1.057059950E1
3.485353092E1,-1.061158310E1,-2.838846588E0,2.469115448E0,1.125883106E1
3.486353392E1,-1.128278732E1,-3.071612549E0,2.549797668E0,1.196818957E1
3.487353692E1,-1.191252777E1,-3.358565826E0,2.666554871E0,1.266091613E1
3.488353992E1,-1.257834320E1,-3.635489960E0,2.876119080E0,1.340535587E1
3.489354392E1,-1.323487793E1,-3.983216858E0,3.098855896E0,1.416442439E1
3.490354692E1,-1.377345795E1,-4.176614685E0,3.307222595E0,1.476786970E1
3.491354992E1,-1.418614975E1,-4.133654022E0,3.530258789E0,1.519199353E1
3.492355292E1,-1.447205521E1,-4.083358612E0,3.584296417E0,1.545837573E1
3.493355592E1,-1.493594055E1,-4.285887451E0,3.585493927E0,1.594700342E1
3.494355892E1,-1.564950668E1,-4.904700623E0,3.546425171E0,1.677916205E1
3.495356292E1,-1.613794098E1,-5.588927765E0,3.579057312E0,1.744932388E1
3.496356592E1,-1.626338013E1,-5.945186920E0,3.668271790E0,1.770025420E1
3.497356892E1,-1.591729980E1,-5.853427734E0,3.783981171E0,1.737646577E1
3.498357192E1,-1.530627045E1,-5.323080597E0,3.792962494E0,1.664342713E1
3.499357492E1,-1.457040070E1,-4.493805084E0,3.559148712E0,1.565753493E1
3.500357792E1,-1.410202469E1,-3.699556732E0,3.263962555E0,1.494012289E1