"Time (s)","Acceleration x (m/s^2)","Acceleration y (m/s^2)","Acceleration z (m/s^2)","Absolute acceleration (m/s^2)"
2.345749999E-3,4.935386810E0,-1.080992065E1,-4.126918030E-1,1.189044751E1
1.234875000E-2,5.780679016E0,-1.265393600E1,-8.006849670E-1,1.393482841E1
2.235175000E-2,4.242477722E0,-1.390832748E1,-1.016386414E-1,1.454133835E1
3.235575000E-2,1.803000641E0,-1.436323151E1,4.050576782E-1,1.448161947E1
4.235875000E-2,-1.149759064E0,-1.402628220E1,-6.617738342E-1,1.408887798E1
5.236175000E-2,-2.809208221E0,-1.318832474E1,-3.381019135E0,1.390161324E1
6.236575000E-2,-1.566342773E0,-1.261366974E1,-4.849166107E0,1.360413562E1
7.236875000E-2,1.138682098E0,-1.230965195E1,-3.602558441E0,1.287643411E1
8.237175000E-2,2.853665771E0,-1.248748215E1,-1.981579285E0,1.296176204E1
9.237575000E-2,3.055895233E0,-1.244976059E1,-2.232008514E0,1.301218262E1
1.023787500E-1,3.241359558E0,-1.199156342E1,-2.475102997E0,1.266610200E1
1.123817500E-1,2.847229156E0,-1.201401672E1,-8.686436462E-1,1.237731205E1
1.223857500E-1,1.050964508E0,-1.237820938E1,1.166524200E0,1.247739446E1
1.323887500E-1,-2.616708527E0,-1.310404999E1,1.788031769E0,1.348185251E1
1.423917500E-1,-6.453679504E0,-1.345896194E1,2.345472565E0,1.510943008E1
1.523947500E-1,-7.870333557E0,-1.294058990E1,3.718567200E0,1.559579300E1
1.623987500E-1,-7.640860748E0,-1.313413742E1,3.964655457E0,1.570371968E1
1.724017500E-1,-7.678881683E0,-1.370190674E1,3.185825043E0,1.602675742E1
1.824047500E-1,-7.229067078E0,-1.423539734E1,7.117698669E-1,1.598163210E1
1.924087500E-1,-5.752088470E0,-1.444675781E1,-2.793041840E0,1.579862069E1
2.024117500E-1,-4.254452820E0,-1.339938583E1,-3.346441040E0,1.445138669E1
2.124147500E-1,-2.279908905E0,-1.239377701E1,-1.902094574E0,1.274447554E1
2.224187500E-1,-1.294957123E0,-1.354203918E1,-2.237247620E0,1.378655200E1
2.324217500E-1,-1.204844513E0,-1.391671005E1,-2.092049561E0,1.412455806E1
2.424247500E-1,-1.358425140E0,-1.298849030E1,-1.072819061E0,1.310332552E1
2.524287500E-1,-1.222956848E0,-1.236788086E1,-2.188449097E-1,1.243012444E1
2.624317500E-1,-1.290765839E0,-1.194920151E1,2.736309814E-1,1.202182877E1
2.724347500E-1,-1.482966156E0,-1.101394638E1,2.740800476E-1,1.111671369E1
2.824377500E-1,-8.195457458E-1,-1.003782623E1,3.969744873E-1,1.007904755E1
2.924417500E-1,-6.092330933E-2,-8.966653748E0,2.472857666E-1,8.970269858E0
3.024447500E-1,8.327183533E-1,-8.194110260E0,-5.047503662E-1,8.251765614E0
3.124477500E-1,9.729766846E-1,-7.814050598E0,-1.563648376E0,8.028142165E0
3.224517500E-1,3.767665100E-1,-7.427105255E0,-1.767374725E0,7.643785639E0
3.324547500E-1,1.513352966E-1,-6.656058655E0,-1.177750854E0,6.761147555E0
3.424577500E-1,6.002517700E-2,-6.271208954E0,-6.658154297E-1,6.306740438E0
3.524617500E-1,1.948947144E-1,-5.947881317E0,-7.020401001E-2,5.951487605E0
3.624647500E-1,1.317260742E-1,-5.304818573E0,2.338137817E-1,5.311602464E0
3.724677500E-1,-4.734654236E-1,-4.874014435E0,2.900967407E-1,4.905542002E0
3.824717500E-1,-1.341210938E0,-4.590953064E0,6.956034851E-1,4.833172977E0
3.924747500E-1,-2.003284149E0,-4.163591766E0,6.291416931E-1,4.663095865E0
4.024777500E-1,-2.672392731E0,-3.864513702E0,5.556445312E-1,4.731267262E0
4.124817500E-1,-3.412603455E0,-3.617826691E0,7.394622803E-1,5.028054968E0
4.224847500E-1,-3.700454865E0,-3.349734192E0,1.117725677E0,5.115016720E0
4.324877500E-1,-3.692671051E0,-3.147355042E0,1.275048523E0,5.016713265E0
4.424907500E-1,-3.104244690E0,-2.918780365E0,1.127305756E0,4.407542647E0
4.524947500E-1,-2.505040741E0,-2.873873749E0,6.747967529E-1,3.871657280E0
4.624977500E-1,-2.070344696E0,-2.856210480E0,1.757345581E-1,3.532017568E0
4.725007500E-1,-1.469943237E0,-2.888992310E0,-5.348377991E-1,3.285279464E0
4.825047500E-1,-9.786648560E-1,-3.187920685E0,-1.210682373E0,3.547728146E0
4.925077500E-1,-7.385641479E-1,-3.886517944E0,-2.062411194E0,4.461394251E0
5.025107500E-1,-7.825726318E-1,-4.918322296E0,-3.450774078E0,6.058890647E0
5.125147500E-1,-7.132667542E-1,-6.399043121E0,-5.242697754E0,8.303154947E0
5.225177500E-1,-3.641926575E-1,-8.324339447E0,-7.734865265E0,1.136905467E1
5.325207500E-1,1.740879822E-1,-1.094029953E1,-1.089254883E1,1.543917357E1
5.425247500E-1,1.638343048E0,-1.411010788E1,-1.337798035E1,1.951280786E1
5.525277500E-1,2.065854034E0,-1.831276840E1,-1.339699081E1,2.278386715E1
5.625307500E-1,2.545606384E0,-2.178854050E1,-1.415755920E1,2.610856357E1
5.725347500E-1,3.027604065E0,-2.263338364E1,-1.330433350E1,2.642804819E1
5.825377500E-1,2.553539886E0,-2.004272095E1,-7.902366943E0,2.169512923E1
5.925407500E-1,8.183482361E-1,-1.577913712E1,-4.569098511E0,1.644772091E1
6.025437500E-1,-8.478369141E-1,-1.130509094E1,-5.980214081E0,1.281744394E1
6.125477500E-1,-2.704875183E-1,-6.970255280E0,-8.363408203E0,1.089055641E1
6.225507500E-1,1.013841705E0,-3.690276031E0,-9.762548676E0,1.048586519E1
6.325537500E-1,2.158511353E0,-2.756068726E0,-9.096583557E0,9.746944059E0
6.425577500E-1,1.794468384E0,-4.722978516E0,-7.984995117E0,9.449168739E0
6.525607500E-1,-2.643502808E-1,-7.476053467E0,-6.121520233E0,9.666140206E0
6.625637500E-1,-3.011287994E0,-1.073597443E1,-2.207309875E0,1.136667142E1
6.725677500E-1,-5.740412750E0,-1.425560532E1,2.352507935E0,1.554699055E1
6.825707500E-1,-8.025411072E0,-1.623808273E1,6.144422607E0,1.912685240E1
6.925737500E-1,-9.128916321E0,-1.754800873E1,4.929848328E0,2.038561081E1
7.025777500E-1,-5.055287476E0,-1.636202499E1,-2.014211426E0,1.724322595E1
7.125807500E-1,-2.538571014E0,-1.068088898E1,-4.824766846E0,1.199183502E1
7.225837500E-1,-6.039041748E0,-5.122946777E0,-2.924318848E0,8.441933999E0
7.325877500E-1,-8.852441254E0,-1.404978333E0,-3.810625763E0,9.739638031E0
7.425907500E-1,-6.238277435E0,-1.430874481E0,-3.096760254E0,7.110093615E0
7.525937500E-1,-9.098080444E-1,-4.528832245E0,3.270848236E0,5.660081304E0
7.625977500E-1,5.023553467E-1,-8.549471283E0,8.098010101E0,1.178658507E1
7.726007500E-1,-2.298021240E0,-1.095676529E1,7.133565674E0,1.327476427E1
7.826037500E-1,-3.595672760E0,-1.184007843E1,5.323829041E0,1.347068950E1
7.926067500E-1,-3.002755737E0,-1.336480774E1,4.140090637E0,1.430996081E1
8.026107500E-1,-1.913021851E0,-1.429422501E1,3.000510406E0,1.473049842E1
8.126137500E-1,4.695735168E-1,-1.432895279E1,6.185137939E-1,1.434998072E1
8.226167500E-1,3.627706146E0,-1.421548874E1,-4.085005188E0,1.522917067E1
8.326207500E-1,4.209546204E0,-1.342318634E1,-3.991599426E0,1.462310079E1
8.426237500E-1,3.959266663E0,-1.213945587E1,-3.114273834E0,1.314309259E1
8.526267500E-1,3.218756561E0,-1.066981201E1,-3.512146454E0,1.168505263E1
8.626307500E-1,6.523434448E-1,-9.851912842E0,-3.223247223E0,1.038629199E1
8.726337500E-1,-1.037342834E0,-9.543404388E0,-2.818339233E0,1.000478303E1
8.826367500E-1,-1.271905060E0,-8.914262695E0,-2.171983337E0,9.262792964E0
8.926407500E-1,-1.427281952E0,-8.092471619E0,-1.366508331E0,8.330220627E0
9.026437500E-1,-1.365759888E0,-7.404651947E0,-3.579057312E-1,7.538054593E0
9.126467500E-1,-7.937992859E-1,-6.916517029E0,7.503895569E-1,7.002243184E0
9.226507500E-1,-5.343887329E-1,-6.821913757E0,1.353784790E0,6.975443490E0
9.326545000E-1,-2.396516418E-1,-6.876400452E0,1.474882965E0,7.036874011E0
9.426575000E-1,-4.035607910E-1,-7.332202606E0,9.431886292E-1,7.403624866E0
9.526615000E-1,-7.954458618E-1,-8.158035278E0,2.880010986E-1,8.201781413E0
9.626645000E-1,-6.747967529E-1,-8.847950592E0,-1.877096558E-1,8.875630414E0
9.726675000E-1,-7.216493225E-1,-9.019942932E0,-5.959107971E-1,9.068365780E0
9.826705000E-1,-9.156459045E-1,-8.934470673E0,-6.713539124E-1,9.006324983E0
9.926745000E-1,-6.713539124E-1,-8.697812805E0,-5.794450378E-1,8.742906852E0
1.002677500E0,-4.652325439E-1,-8.479866028E0,-3.818559265E-1,8.501198922E0
1.012680500E0,-2.228865051E-1,-8.052953796E0,5.607339478E-1,8.075528825E0
1.022684500E0,-1.601669312E-2,-7.880063324E0,4.050576782E-1,7.890483271E0
1.032687500E0,8.337661743E-2,-8.148006134E0,-1.649569702E-1,8.150102234E0
1.042690500E0,-1.550775146E-1,-8.460705872E0,-4.658312988E-1,8.474939037E0
1.052694500E0,-4.167333984E-1,-8.654253387E0,-8.732839966E-1,8.708179681E0
1.062697500E0,-4.887336731E-1,-8.861422577E0,-1.106648712E0,8.943620188E0
1.072700500E0,-2.860551453E-1,-9.357790375E0,-5.313949585E-1,9.377230340E0
1.082704500E0,-4.760101318E-2,-1.021550674E1,3.716770935E-1,1.022237682E1
1.092707500E0,-5.523513794E-2,-1.105600891E1,7.107220459E-1,1.107896700E1
1.102710500E0,-2.148033142E-1,-1.150836823E1,2.185455322E-1,1.151244726E1
1.112713500E0,-2.865042114E-1,-1.146974854E1,-8.632548523E-1,1.150575617E1
1.122717500E0,-1.639091492E-1,-1.108834167E1,-1.890718231E0,1.124957789E1
1.132720500E0,1.260379028E-1,-1.060918808E1,-2.200124817E0,1.083564979E1
1.142723500E0,7.089257812E-1,-1.010847931E1,-1.648970947E0,1.026659802E1
1.152727500E0,1.486259308E0,-9.580227814E0,-6.750961304E-1,9.718306770E0
1.162730500E0,2.831212463E0,-9.390123138E0,-3.748205566E-1,9.814818746E0
1.172733500E0,5.124743042E0,-1.012344818E1,-4.995112610E-1,1.135767167E1
1.182737500E0,6.859635315E0,-1.214574280E1,-2.881507874E-1,1.395194236E1
1.192740500E0,5.368436279E0,-1.411878983E1,9.610015869E-2,1.510528283E1
1.202743500E0,2.854713593E0,-1.505015305E1,2.529739380E-2,1.531852266E1
1.212747500E0,1.398092651E-1,-1.499087631E1,-5.384303284E-1,1.500119417E1
1.222750500E0,-2.167941742E0,-1.457923233E1,-2.123484192E0,1.489171487E1
1.232753500E0,-1.931583252E0,-1.409259430E1,-3.500021667E0,1.464863064E1
1.242757500E0,-5.370831299E-1,-1.327679077E1,-4.298161926E0,1.396552281E1
1.252760500E0,1.321002960E0,-1.270078857E1,-3.695515137E0,1.329330325E1
1.262763500E0,2.809058533E0,-1.213436646E1,-3.956422577E0,1.306854769E1
1.272766500E0,3.135829010E0,-1.194935120E1,-3.177292786E0,1.275600278E1
1.282770500E0,1.942660217E0,-1.185115540E1,-3.345542908E-1,1.201398100E1
1.292773500E0,-9.261241150E-1,-1.091575058E1,1.279090118E0,1.102938748E1
1.302776500E0,-5.121599579E0,-9.801617432E0,3.206781464E0,1.151459656E1
1.312780500E0,-6.655160522E0,-9.620943146E0,4.894072723E0,1.268091702E1
1.322783500E0,-6.278992767E0,-1.044318329E1,4.511618042E0,1.299386489E1
1.332786500E0,-6.201454010E0,-1.204455322E1,3.142864380E0,1.390708060E1
1.342790500E0,-6.141578522E0,-1.447385147E1,-6.619235229E-1,1.573688361E1
1.352793500E0,-5.723647614E0,-1.660781387E1,-4.567751312E0,1.815059161E1
1.362796500E0,-5.554948425E0,-1.701376968E1,-3.451073456E0,1.822733439E1
1.372800500E0,-4.550686798E0,-1.614841919E1,-1.449735260E0,1.683989088E1
1.382803500E0,-3.738475800E0,-1.538051605E1,-9.813592529E-1,1.585873707E1
1.392806500E0,-4.286186829E0,-1.557391388E1,-1.246308289E0,1.620097143E1
1.402810500E0,-4.222269745E0,-1.544248718E1,-6.535409546E-1,1.602264298E1
1.412813500E0,-2.713257751E0,-1.436936874E1,-2.484832764E-2,1.462330822E1
1.422816500E0,-1.047821045E0,-1.313024551E1,-1.887574768E-1,1.317334071E1
1.432819500E0,-8.207432556E-1,-1.180175812E1,-3.357518005E-1,1.183502613E1
1.442823500E0,4.011657715E-2,-1.002300705E1,-3.112028503E-1,1.002791737E1
1.452826500E0,1.383423157E0,-8.884923706E0,-2.857557678E-1,8.996520730E0
1.462829500E0,1.879192200E0,-8.109536133E0,-1.263073425E0,8.419696793E0
1.472833500E0,2.021546173E0,-7.625592499E0,-1.251846771E0,7.987704941E0
1.482836500E0,1.215622101E0,-6.748865662E0,-1.274449768E0,6.974894051E0
1.492839500E0,-3.228785706E-1,-5.646557922E0,-1.120569763E0,5.765721424E0
1.502843500E0,-4.776567078E-1,-5.027595062E0,-2.133064270E-1,5.054737152E0
1.512846500E0,-8.442443848E-2,-4.768633575E0,7.032376099E-1,4.820947708E0
1.522849500E0,4.176315308E-2,-4.547543335E0,1.532513123E0,4.799009379E0
1.532853500E0,-6.390211487E-1,-4.282444611E0,1.119372253E0,4.472211322E0
1.542856500E0,-1.561403046E0,-3.689078522E0,1.089584198E0,4.151442344E0
1.552859500E0,-2.247127075E0,-3.220403137E0,8.686436462E-1,4.021830211E0
1.562863500E0,-2.710263977E0,-2.846181335E0,8.982820129E-1,4.031524475E0
1.572866500E0,-3.342549133E0,-2.480342102E0,1.305435333E0,4.362211946E0
1.582869500E0,-3.633693695E0,-2.254312134E0,1.091530151E0,4.413285753E0
1.592872500E0,-3.469185791E0,-1.897005157E0,9.964778137E-1,4.077603052E0
1.602876500E0,-3.065475311E0,-1.637295227E0,9.315129089E-1,3.597998172E0
1.612879500E0,-2.362088013E0,-1.593735809E0,6.718029785E-1,2.927588231E0
1.622882500E0,-1.909728699E0,-1.798659668E0,1.649569702E-1,2.628583479E0
1.632886500E0,-1.700763245E0,-2.218087463E0,-4.414320374E-1,2.829729643E0
1.642889500E0,-1.278042297E0,-3.030597839E0,-1.425036621E0,3.584500628E0
1.652892500E0,-9.919871521E-1,-4.172722778E0,-2.780168610E0,5.111261233E0
1.662896500E0,-5.457650757E-1,-5.630541229E0,-5.162314911E0,7.658351604E0
1.672899500E0,-7.364685059E-2,-7.811805267E0,-8.288414154E0,1.138979958E1
1.682902500E0,1.436562653E0,-1.113040421E1,-1.182765427E1,1.630469305E1
1.692906500E0,2.946772156E0,-1.590861786E1,-1.494058090E1,2.202245549E1
1.702909500E0,2.936743011E0,-2.209225891E1,-1.485630615E1,2.678436476E1
1.712912500E0,2.525997162E0,-2.607921799E1,-1.788870026E1,3.172557122E1
1.722915500E0,1.956581268E0,-2.392355072E1,-1.436427933E1,2.797314802E1
1.732919500E0,1.199904785E0,-1.860810425E1,-6.849157104E0,1.986485007E1
1.742922500E0,3.329077148E-1,-1.259795242E1,-4.962480469E0,1.354420338E1
1.752925500E0,4.421804810E-1,-7.180118866E0,-8.550519104E0,1.117412222E1
1.762929500E0,1.173709259E0,-3.664828949E0,-9.642947388E0,1.038243704E1
1.772932500E0,2.278112640E0,-1.545985107E0,-8.610993347E0,9.040413352E0
1.782935500E0,2.743045807E0,-1.848206635E0,-7.694149933E0,8.374969328E0
1.792939500E0,9.458830261E-1,-4.871769104E0,-5.962401123E0,7.757516101E0
1.802942500E0,-2.273322601E0,-8.556057587E0,-3.078049164E0,9.372753263E0
1.812945500E0,-6.154601440E0,-1.304387512E1,1.589694214E-1,1.442383681E1
1.822949500E0,-9.164242859E0,-1.671753571E1,4.020938416E0,1.948402661E1
1.832952500E0,-1.121048767E1,-1.866064499E1,5.335654449E0,2.241347616E1
1.842955500E0,-8.271349640E0,-2.073637848E1,-1.135538635E0,2.235401676E1
1.852958500E0,-4.355941772E-1,-1.745235764E1,-7.428901520E0,1.897269372E1
1.862962500E0,-2.084714813E0,-9.044192505E0,-1.354233856E0,9.379627032E0
1.872965500E0,-6.996450806E0,-1.751058655E0,2.567161560E-1,7.216816020E0
1.882968500E0,-9.493108978E0,8.173004150E-1,-3.295247498E0,1.008195190E1
1.892972500E0,-5.366340637E0,-9.554631042E-1,-7.319778442E-1,5.499664821E0
1.902975500E0,-4.700225830E-1,-4.679718475E0,5.874234467E0,7.525112411E0
1.912978500E0,-7.923023987E-1,-8.889713745E0,7.743547211E0,1.181597550E1
1.922982500E0,-3.081192627E0,-1.126048370E1,6.093079376E0,1.316882142E1
1.932985375E0,-4.039200439E0,-1.291409500E1,5.106031952E0,1.446238404E1
1.942988375E0,-3.620072021E0,-1.484522919E1,3.966152344E0,1.578658023E1
1.952992375E0,-2.223625946E0,-1.587089630E1,2.839595032E0,1.627553875E1
1.962995375E0,-3.820056152E-1,-1.584275482E1,2.064357147E0,1.598125086E1
1.972998375E0,2.098785553E0,-1.485286331E1,-6.189628601E-1,1.501317969E1
1.983001375E0,4.657265167E0,-1.368199814E1,-5.285957794E0,1.538923460E1
1.993005375E0,3.722758484E0,-1.215801727E1,-4.840933228E0,1.360554847E1
2.003008375E0,2.040856018E0,-1.046788193E1,-4.277205505E0,1.149069764E1
2.013011375E0,2.210902405E-1,-9.637708282E0,-4.383933563E0,1.059023963E1
2.023015375E0,-9.798623657E-1,-8.880732422E0,-3.158432007E0,9.476456687E0
2.033018375E0,-1.702260132E0,-7.989635468E0,-1.465901642E0,8.299447698E0
2.043021375E0,-1.969753876E0,-7.392976227E0,-7.214996338E-2,7.651224310E0
2.053025375E0,-1.926942902E0,-7.127129059E0,1.102457428E0,7.464883787E0
2.063028375E0,-1.978585510E0,-6.794371033E0,1.704056396E0,7.278879485E0
2.073031375E0,-1.334025879E0,-6.548731842E0,1.896705780E0,6.947158167E0
2.083035375E0,-8.385562134E-1,-6.803651733E0,1.289268951E0,6.975318477E0
2.093038375E0,-5.863307190E-1,-7.320826263E0,4.851411438E-1,7.360274643E0
2.103041375E0,1.595681763E-1,-7.945626984E0,1.239422607E-1,7.948195509E0
2.113044375E0,5.626799011E-1,-8.431366882E0,-2.029779053E-1,8.452559151E0
2.123048375E0,6.402186584E-1,-8.627459106E0,-6.798861694E-1,8.677855482E0
2.133051375E0,3.776646423E-1,-8.093369751E0,-6.038442993E-1,8.124647220E0
2.143054375E0,2.029779053E-1,-7.821984100E0,-4.369413757E-1,7.836807581E0
2.153058375E0,1.116677856E-1,-7.886350250E0,-2.603086853E-1,7.891435267E0
2.163061375E0,-1.721420288E-1,-7.929310913E0,-2.174977112E-1,7.934160932E0
2.173064375E0,-5.601351929E-1,-8.315507812E0,-4.782554626E-1,8.348062644E0
2.183068375E0,-1.080752563E0,-8.540639648E0,-9.883946228E-1,8.665302974E0
2.193071375E0,-1.264570312E0,-8.743916931E0,-1.675166473E0,8.992296931E0
2.203074375E0,-6.518943787E-1,-8.819360046E0,-1.925446014E0,9.050603309E0
2.213078375E0,2.903961182E-2,-9.150022430E0,-9.865983582E-1,9.203104373E0
2.223081375E0,2.189945984E-1,-9.854307861E0,3.350033569E-1,9.862432221E0
2.233084375E0,-2.110610962E-2,-1.069271439E1,8.189469910E-1,1.072405057E1
2.243087375E0,-3.668870544E-1,-1.142349472E1,3.360511780E-1,1.143432412E1
2.253091375E0,-1.559756470E-1,-1.142349472E1,-7.200027466E-1,1.144722517E1
2.263094375E0,4.436773682E-1,-1.089239914E1,-1.415456543E0,1.099293982E1
2.273097375E0,8.572673035E-1,-1.036579422E1,-1.112636261E0,1.046052372E1
2.283101375E0,8.996292114E-1,-9.988129578E0,-4.710704041E-1,1.003962014E1
2.293104375E0,1.387165375E0,-9.714049530E0,-1.862127686E-1,9.814359951E0
2.303107375E0,2.513722687E0,-9.895322571E0,-2.671943665E-1,1.021310939E1
2.313111375E0,4.844675446E0,-1.097008759E1,-2.160008240E-1,1.199418018E1
2.323114375E0,7.369924164E0,-1.277114227E1,-3.445834351E-1,1.474912183E1
2.333117375E0,6.525530090E0,-1.461875015E1,-1.621128845E0,1.609094334E1
2.343121375E0,3.182082825E0,-1.549113602E1,-1.900897064E0,1.592841348E1
2.353124375E0,1.899549866E-1,-1.523292297E1,-9.836045837E-1,1.526582796E1
2.363127375E0,-1.313967590E0,-1.485091736E1,3.628454590E-1,1.491334684E1
2.373130375E0,-2.713257751E0,-1.475092529E1,6.093827820E-1,1.501075987E1
2.383134375E0,-2.454146576E0,-1.380998199E1,-2.199675751E0,1.419778192E1
2.393137375E0,-3.876937866E-1,-1.219454132E1,-5.366640015E0,1.332883977E1
2.403140375E0,2.283651123E0,-1.230321533E1,-4.614154816E0,1.333696347E1
2.413144375E0,3.073708191E0,-1.299851944E1,-2.979404297E0,1.368524898E1
2.423147375E0,1.768422546E0,-1.348665436E1,-1.132544861E0,1.364916928E1
2.433150375E0,6.465055847E-1,-1.338127350E1,1.014440460E0,1.343523499E1
2.443154375E0,-3.136727142E0,-1.205548050E1,2.588567047E0,1.272298497E1
2.453157375E0,-7.181316376E0,-1.072534653E1,4.654421082E0,1.372107862E1
2.463160375E0,-7.177424469E0,-1.054557037E1,5.872138824E0,1.404302285E1
2.473164375E0,-7.020999756E0,-1.134670441E1,4.698878632E0,1.414643414E1
2.483167375E0,-6.961573334E0,-1.300675232E1,2.244282990E0,1.492232942E1
2.493170375E0,-5.740113373E0,-1.489223145E1,-2.827320557E0,1.620867670E1
2.503173375E0,-4.309089203E0,-1.567704941E1,-5.221142578E0,1.707625421E1
2.513177375E0,-4.210294647E0,-1.465198105E1,-3.059637451E0,1.554890707E1
2.523180375E0,-3.730093231E0,-1.377465546E1,-1.445094910E0,1.434374525E1
2.533183375E0,-3.990701294E0,-1.337244186E1,-1.000968475E0,1.399106272E1
2.543187375E0,-3.915557556E0,-1.356583969E1,-8.351133728E-1,1.414429255E1
2.553190375E0,-3.453767853E0,-1.338890762E1,-1.073268127E-1,1.382761291E1
2.563193375E0,-2.232158203E0,-1.286215302E1,6.045927429E-1,1.306839863E1
2.573197375E0,-1.046473846E0,-1.187390808E1,3.667373657E-1,1.192557323E1
2.583200375E0,-5.755531311E-1,-1.064077240E1,4.888833618E-1,1.066753512E1
2.593203375E0,2.499801636E-2,-9.214089203E0,5.882766724E-1,9.232883308E0
2.603206375E0,1.567240906E0,-7.940537567E0,1.017883301E-1,8.094364816E0
2.613210375E0,2.358046417E0,-7.449708252E0,-1.293609924E0,7.920351165E0
2.623213375E0,1.198108521E0,-6.914870453E0,-1.586550751E0,7.195001090E0
2.633216375E0,-2.561174011E-1,-5.622458038E0,1.279988251E0,5.772001424E0
2.643220375E0,-2.067201233E-1,-4.005370789E0,-2.192939758E-1,4.016692447E0
2.653223375E0,-1.704056396E0,-4.354295197E0,-5.279371490E0,7.052337073E0
2.663226375E0,-1.337917786E0,-4.978796539E0,4.114942932E-1,5.171824295E0
2.673230375E0,-3.986210632E-1,-5.153782654E0,1.869163055E0,5.496739481E0
2.683233375E0,-7.867639160E-1,-4.792284393E0,1.539847870E0,5.094714774E0
2.693236375E0,-1.063837738E0,-4.741988983E0,1.151405640E0,4.994391374E0
2.703240375E0,-1.829196167E0,-4.440964966E0,9.764195251E-1,4.901175730E0
2.713243375E0,-2.881358185E0,-3.781885529E0,8.674461365E-1,4.832943817E0
2.723246375E0,-3.670217743E0,-3.237617340E0,9.725276184E-1,4.989837101E0
2.733249375E0,-3.678001556E0,-2.715503082E0,1.123114471E0,4.707763647E0
2.743253375E0,-3.295097809E0,-2.278112640E0,9.383985901E-1,4.114372210E0
2.753256375E0,-2.855012970E0,-2.024689636E0,6.976991272E-1,3.568928586E0
2.763259375E0,-2.481389923E0,-2.084415436E0,3.775149536E-1,3.262606504E0
2.773263375E0,-2.122586060E0,-2.425406342E0,-1.570234680E-1,3.226859754E0
2.783266375E0,-1.970801697E0,-2.991828461E0,-8.765771484E-1,3.688290168E0
2.793269375E0,-1.942510529E0,-3.937711487E0,-2.074685669E0,4.856257770E0
2.803273375E0,-1.905986481E0,-5.171146545E0,-3.734583893E0,6.657376203E0
2.813276375E0,-1.448388062E0,-7.128925323E0,-5.987399139E0,9.421695850E0
2.823279375E0,2.859054565E-2,-9.918075256E0,-8.796008606E0,1.325665122E1
2.833282375E0,2.183060303E0,-1.324775116E1,-1.215622101E1,1.811194005E1
2.843286375E0,4.073778534E0,-1.743334717E1,-1.452040466E1,2.305123460E1
2.853289375E0,3.987707520E0,-2.252934998E1,-1.570189774E1,2.774928853E1
2.863292375E0,4.294419708E0,-2.551070023E1,-1.802297104E1,3.152880194E1
2.873296375E0,3.181783447E0,-2.298140991E1,-1.127186005E1,2.579387091E1
2.883299375E0,1.318308563E0,-1.710642700E1,-5.576353912E0,1.804060712E1
2.893302375E0,1.426683197E0,-1.041953247E1,-7.785460052E0,1.308493294E1
2.903306375E0,1.380878448E0,-5.590424652E0,-9.251062317E0,1.089687235E1
2.913309375E0,1.311572571E0,-2.142644348E0,-8.247399445E0,8.621527997E0
2.923312375E0,1.251996460E0,-2.110610962E-1,-7.284751282E0,7.394568490E0
2.933316250E0,5.748046875E-2,-1.945204926E0,-6.613397369E0,6.893776249E0
2.943319250E0,-2.223176880E0,-5.848188629E0,-5.608836365E0,8.402551461E0
2.953322250E0,-4.518952789E0,-1.032283356E1,-3.041076050E0,1.167175953E1
2.963325250E0,-6.761439514E0,-1.493294678E1,3.948788452E-1,1.639713063E1
2.973329250E0,-8.488248596E0,-1.827444809E1,3.213966522E0,2.040429852E1
2.983332250E0,-8.040230255E0,-2.005080414E1,3.803590393E0,2.193507121E1
2.993335250E0,-2.797831879E0,-1.901016815E1,-1.081351318E0,1.924535469E1
3.003339250E0,-4.046086121E-1,-1.242970230E1,-1.465153198E0,1.252229537E1
3.013342250E0,-5.144052887E0,-5.435047760E0,-2.661465454E-1,7.488114465E0
3.023345250E0,-9.856104126E0,-1.488504639E0,-3.055595856E0,1.042569425E1
3.033349250E0,-8.599317627E0,-8.607101440E-1,-2.793939972E0,9.082686066E0
3.043352250E0,-2.394121399E0,-3.376229095E0,2.997816010E0,5.110542144E0
3.053355250E0,-6.324348450E-1,-7.198081512E0,7.815397797E0,1.064390878E1
3.063359250E0,-3.037483521E0,-9.823621674E0,6.578968964E0,1.220707506E1
3.073362250E0,-4.452790375E0,-1.136855896E1,5.611830139E0,1.343741465E1
3.083365250E0,-4.021686859E0,-1.340118210E1,4.556225281E0,1.471478289E1
3.093368250E0,-2.780467987E0,-1.467623062E1,3.214265900E0,1.527920982E1
3.103372250E0,-1.041085052E0,-1.525507690E1,2.279160461E0,1.545948906E1
3.113375250E0,1.059646454E0,-1.506182877E1,1.101559296E0,1.513918655E1
3.123378250E0,3.878734131E0,-1.427536423E1,-2.123035126E0,1.494449331E1
3.133382250E0,5.357808380E0,-1.313458649E1,-4.235442352E0,1.480413607E1
3.143385250E0,4.669389954E0,-1.161195282E1,-3.767964478E0,1.307050906E1
3.153388250E0,2.823129272E0,-9.763446808E0,-4.982239380E0,1.131890727E1
3.163392250E0,4.752616882E-1,-9.072184296E0,-5.176685028E0,1.045602551E1
3.173395250E0,-7.831713867E-1,-9.206604767E0,-3.987258453E0,1.006345660E1
3.183398250E0,-1.118474121E0,-8.553512878E0,-2.348915405E0,8.940412211E0
3.193401250E0,-1.354233856E0,-7.623945923E0,-6.375242615E-1,7.769487625E0
3.203405250E0,-8.632548523E-1,-7.009623413E0,6.042933655E-1,7.088384852E0
3.213408250E0,-7.631130981E-1,-6.586603088E0,1.354533234E0,6.767602391E0
3.223411250E0,-1.381626892E0,-6.549629974E0,1.624122620E0,6.887983736E0
3.233415250E0,-1.676363983E0,-6.789730682E0,1.034199371E0,7.069668117E0
3.243418250E0,-1.026116180E0,-7.230264587E0,2.787203979E-1,7.308031574E0
3.253421250E0,-5.998027039E-1,-7.802374878E0,-2.887495422E-1,7.830721124E0
3.263425250E0,-1.683998108E-1,-8.372389526E0,-4.487667847E-1,8.386099004E0
3.273428250E0,-3.502716064E-2,-8.719817047E0,-2.186952209E-1,8.722629411E0
3.283431250E0,4.475692749E-2,-8.617130585E0,1.222956848E-1,8.618114581E0
3.293434250E0,2.508782959E-1,-8.391399994E0,4.224215698E-1,8.405770266E0
3.303438250E0,-3.308120728E-2,-8.108338623E0,2.737806702E-1,8.113026898E0
3.313441250E0,-4.822970581E-1,-8.202642517E0,1.930984497E-2,8.216831968E0
3.323444250E0,-6.192622375E-1,-7.940537567E0,-5.414241028E-1,7.983029665E0
3.333448250E0,-1.126557312E0,-7.776029663E0,-1.425335999E0,7.985446225E0
3.343451250E0,-1.438059540E0,-8.368796997E0,-2.668351135E0,8.900835702E0
3.353454250E0,-1.002016296E0,-9.064999237E0,-2.504741364E0,9.457905536E0
3.363458250E0,-3.748205566E-1,-9.765542450E0,-7.382647705E-1,9.800578792E0
3.373461250E0,-1.698966980E-1,-1.049153275E1,6.304888916E-1,1.051183335E1
3.383464250E0,-5.960604858E-1,-1.117156860E1,4.318519592E-1,1.119579069E1
3.393468250E0,-1.042881317E0,-1.129700775E1,-8.469387817E-1,1.137661157E1
3.403471250E0,-8.479866028E-1,-1.091455307E1,-1.965562592E0,1.112249910E1
3.413474250E0,-2.730322266E-1,-1.033899994E1,-1.667382660E0,1.047614582E1
3.423477250E0,3.597019958E-1,-9.790241089E0,-5.255570984E-1,9.810933512E0
3.433481250E0,1.561552734E0,-9.477541351E0,2.769241333E-1,9.609314439E0
3.443484250E0,3.173251190E0,-9.373507690E0,5.975573730E-1,9.914093219E0
3.453487250E0,5.935307465E0,-1.007629623E1,8.849597168E-1,1.172786316E1
3.463491250E0,7.889942780E0,-1.178738800E1,3.944297791E-1,1.418975996E1
3.473494250E0,7.293582916E0,-1.366268829E1,-1.753453674E0,1.558653274E1
3.483497250E0,4.784799957E0,-1.467997284E1,-3.240311737E0,1.577642334E1
3.493501250E0,1.372346191E0,-1.595068039E1,-1.534010010E0,1.608293274E1
3.503504250E0,-1.469194794E0,-1.672097855E1,9.086105347E-1,1.680997412E1
3.513507250E0,-1.967508545E0,-1.574949875E1,1.704954529E-1,1.587283432E1
3.523511250E0,-4.631369019E-1,-1.391117157E1,-2.864892426E0,1.421065793E1
3.533514250E0,4.870870972E-1,-1.326122314E1,-5.881718903E0,1.451523029E1
3.543517250E0,9.063652039E-1,-1.335687424E1,-3.948938141E0,1.395785441E1
3.553520250E0,1.173260193E0,-1.276425659E1,-2.032174072E0,1.297815539E1
3.563524250E0,1.425036621E-1,-1.250035538E1,-7.110214233E-2,1.250136982E1
3.573527250E0,-1.705553284E0,-1.189231979E1,2.054477692E0,1.218839861E1
3.583530250E0,-5.281766510E0,-1.066666855E1,3.294648743E0,1.235028687E1
3.593534250E0,-6.503076782E0,-9.645043030E0,4.853956146E0,1.260467187E1
3.603537250E0,-5.853727112E0,-9.533375244E0,5.857768707E0,1.262793803E1
3.613540250E0,-6.086792450E0,-1.059017761E1,5.072801056E0,1.322626987E1
3.623544250E0,-6.231242065E0,-1.294552963E1,6.935078430E-1,1.438388224E1
3.633547250E0,-5.344785461E0,-1.504880585E1,-4.218976593E0,1.651765881E1
3.643550250E0,-4.957690430E0,-1.562166458E1,-3.858526154E0,1.683755691E1
3.653553250E0,-4.831502838E0,-1.524953842E1,-1.623673553E0,1.607881083E1
3.663557250E0,-4.803960114E0,-1.510299316E1,-9.888436890E-1,1.587942843E1
3.673560250E0,-5.970334625E0,-1.518966293E1,-8.711883545E-1,1.634410367E1
3.683563250E0,-5.693410492E0,-1.521466095E1,-7.942483521E-1,1.626442933E1
3.693567250E0,-4.905598755E0,-1.510598694E1,1.190025330E-1,1.588300671E1
3.703570250E0,-2.719095612E0,-1.414543442E1,5.511538696E-1,1.441494247E1
3.713573250E0,-7.273374939E-1,-1.214020432E1,1.062340851E0,1.220828197E1
3.723577250E0,4.108955383E-1,-1.031235535E1,8.345146179E-1,1.035422245E1
3.733580250E0,2.382295990E0,-8.683143311E0,-1.228944397E-1,9.004855078E0
3.743583250E0,4.273912354E0,-8.231382751E0,-5.941145325E-1,9.293813043E0
3.753587250E0,4.343667297E0,-8.238418121E0,-1.806144104E0,9.486892814E0
3.763590250E0,3.087629242E0,-7.351961517E0,-2.639161835E0,8.399402817E0
3.773593250E0,1.319805450E0,-6.220314789E0,-1.921703796E0,6.642826806E0
3.783596250E0,5.367837524E-1,-5.469326477E0,-6.396199036E-1,5.532701197E0
3.793600250E0,2.426454163E-1,-5.015619965E0,1.517843628E-1,5.023779346E0
3.803603250E0,1.604663086E-1,-4.325255585E0,7.958949280E-1,4.400799251E0
3.813606250E0,-4.912783813E-1,-3.803889771E0,1.295256500E0,4.048286210E0
3.823610250E0,-1.484912109E0,-3.821403351E0,1.439855804E0,4.345258598E0
3.833613250E0,-2.633623352E0,-3.522325287E0,1.727108459E0,4.725002753E0
3.843616250E0,-3.631598053E0,-2.728825378E0,1.917961578E0,4.930879129E0
3.853620250E0,-4.096830597E0,-2.069296875E0,1.638792114E0,4.873566465E0
3.863623250E0,-4.543950806E0,-2.016307068E0,1.745520172E0,5.268759227E0
3.873626250E0,-4.364923096E0,-1.987866211E0,1.717827759E0,5.094614599E0
3.883630250E0,-3.541784821E0,-1.671573944E0,1.080902252E0,4.062849843E0
3.893633250E0,-2.851420441E0,-1.758393402E0,6.060896301E-1,3.404392828E0
3.903636250E0,-2.266436920E0,-1.804347839E0,9.475296021E-2,2.898514372E0
3.913639250E0,-1.691632233E0,-1.960173798E0,-4.712200928E-1,2.631719838E0
3.923643250E0,-1.287023621E0,-2.713856506E0,-1.224004669E0,3.243398583E0
3.933645750E0,-9.922865295E-1,-3.824247437E0,-2.521356812E0,4.686869017E0
3.943648750E0,-9.604028320E-1,-5.470823364E0,-4.543501740E0,7.176049745E0
3.953652750E0,-6.987469482E-1,-7.925718384E0,-6.991511078E0,1.059181223E1
3.963655750E0,-2.754272461E-2,-1.104612946E1,-1.021281235E1,1.504391141E1
3.973658750E0,1.583107910E0,-1.513352966E1,-1.449480789E1,2.101498053E1
3.983662750E0,2.661764832E0,-2.071976303E1,-1.569097046E1,2.612661719E1
3.993665750E0,1.931433563E0,-2.595243164E1,-1.864358047E1,3.201315724E1
4.003668750E0,1.775308228E0,-2.618489822E1,-1.664418823E1,3.107779941E1
4.013672750E0,2.199226685E0,-2.108754822E1,-7.742349701E0,2.257133728E1
4.023675750E0,1.355730743E0,-1.460527817E1,-4.416416016E0,1.531851450E1
4.033678750E0,3.585044861E-1,-8.466244354E0,-6.975793762E0,1.097576957E1
4.043682750E0,1.068777466E0,-3.772305450E0,-9.103469238E0,9.911898196E0
4.053685750E0,1.468745728E0,-1.790726166E0,-8.823551331E0,9.122443329E0
4.063688750E0,1.264570312E0,-4.124822388E0,-9.041049042E0,1.001767765E1
4.073691750E0,1.631607056E-1,-8.314010925E0,-7.711962891E0,1.134124203E1
4.083695750E0,-1.729054413E0,-1.287682251E1,-3.281625824E0,1.340041996E1
4.093698750E0,-4.465364227E0,-1.653581360E1,2.750979309E0,1.734763662E1
4.103701750E0,-7.352410583E0,-1.806009384E1,6.427483978E0,2.053137797E1
4.113705750E0,-7.741451569E0,-1.772658737E1,5.196893005E0,2.002922038E1
4.123708750E0,-4.743336182E0,-1.295660660E1,-2.015408936E0,1.394398673E1
4.133711750E0,-4.670288086E0,-5.375920715E0,-2.932402039E0,7.701369752E0
4.143715750E0,-8.494086456E0,-8.421487427E-1,-4.073179779E0,9.457775253E0
4.153718750E0,-1.077444443E1,9.270222473E-1,-6.086792450E0,1.240955540E1
4.163721750E0,-6.407126312E0,-3.849993896E-1,-2.377955017E0,6.845010020E0
4.173724750E0,-2.685415649E-1,-4.692741394E0,5.724246368E0,7.406816648E0
4.183728750E0,-1.158590698E-1,-1.001806732E1,9.567803650E0,1.385344588E1
4.193731750E0,-3.601959686E0,-1.303519318E1,7.797285461E0,1.561051041E1
4.203734750E0,-4.500990143E0,-1.441711945E1,5.611680450E0,1.611220664E1
4.213738750E0,-4.189038849E0,-1.557511139E1,3.865860901E0,1.658544608E1
4.223741750E0,-2.215093689E0,-1.557166855E1,2.374661865E0,1.590668163E1
4.233744750E0,9.970765686E-1,-1.474493774E1,-8.767268372E-1,1.480459391E1
4.243748750E0,3.528462524E0,-1.396775391E1,-4.789739685E0,1.518189063E1
4.253751750E0,3.054697723E0,-1.287487656E1,-3.740421753E0,1.375079559E1
4.263754750E0,2.232756958E0,-1.125943588E1,-3.237168274E0,1.192641432E1
4.273758750E0,8.900491333E-1,-1.009710297E1,-2.936743011E0,1.055311022E1
4.283761750E0,-2.269281006E-1,-9.291927338E0,-2.016456757E0,9.510915196E0
4.293764750E0,-1.408271484E0,-8.426427155E0,-1.524579620E0,8.678262855E0
4.303767750E0,-2.252216492E0,-7.955506439E0,-9.966275024E-1,8.328014662E0
4.313771750E0,-2.626288605E0,-7.822882233E0,-5.539979553E-1,8.270537588E0
4.323774750E0,-2.499352570E0,-7.386988678E0,2.534230042E-1,7.802473211E0
4.333777750E0,-2.207908630E0,-7.089407501E0,1.430724792E0,7.561847173E0
4.343781750E0,-1.818717957E0,-7.223378906E0,1.785936127E0,7.659928569E0
4.353784750E0,-1.147214355E0,-7.067552948E0,1.494492188E0,7.314363427E0
4.363787750E0,-3.905378723E-1,-7.294031982E0,1.209035797E0,7.403863177E0
4.373791750E0,1.137634277E-1,-8.045619049E0,9.114546204E-1,8.097881052E0
4.383794750E0,6.806346130E-1,-8.803343353E0,7.206015015E-1,8.858971960E0
4.393797750E0,1.032852173E0,-8.953481140E0,4.939727783E-1,9.026384506E0
4.403801750E0,4.511618042E-1,-8.541687469E0,5.138813782E-1,8.569016622E0
4.413804750E0,-1.782792664E-1,-7.986641693E0,3.634442139E-1,7.996894443E0
4.423807750E0,-4.255650330E-1,-7.729177094E0,-2.139051819E-1,7.743838813E0
4.433810750E0,-6.135740662E-1,-7.760761414E0,-7.914042664E-1,7.825101377E0
4.443814750E0,-7.948471069E-1,-7.887697449E0,-1.473086700E0,8.063345298E0
4.453817750E0,-8.487350464E-1,-8.087082825E0,-2.206411743E0,8.425527436E0
4.463820750E0,-1.022972717E0,-8.759334869E0,-2.554587708E0,9.181412685E0
4.473824750E0,-8.226892090E-1,-9.319020996E0,-1.782942352E0,9.523647058E0
4.483827750E0,-5.418731689E-2,-9.761051788E0,-3.339555359E-1,9.766913258E0
4.493830750E0,3.432362366E-1,-1.017958145E1,6.364764404E-1,1.020523355E1
4.503834750E0,8.262817383E-2,-1.039543259E1,5.363346863E-1,1.040958697E1
4.513837750E0,-2.863545227E-1,-1.045021866E1,-6.360273743E-1,1.047347124E1
4.523840750E0,-1.010398865E-1,-1.045665527E1,-1.962119751E0,1.063963169E1
4.533844750E0,4.790039062E-1,-1.036309982E1,-2.112107849E0,1.058698646E1
4.543847750E0,1.018482056E0,-1.012105316E1,-1.313069458E0,1.025656737E1
4.553850750E0,1.668580170E0,-9.852960663E0,-7.261399841E-1,1.001959445E1
4.563853750E0,2.795885925E0,-9.563762054E0,-5.689668274E-1,9.980292881E0
4.573857750E0,4.991669769E0,-1.020667511E1,-4.986131287E-1,1.137284480E1
4.583860750E0,7.408394165E0,-1.194201645E1,9.894424438E-2,1.405367749E1
4.593863750E0,6.608307953E0,-1.403601196E1,-3.436853027E-1,1.551765077E1
4.603867750E0,3.843557281E0,-1.507994110E1,-1.716929626E0,1.565648120E1
4.613870750E0,1.226699066E0,-1.550071609E1,-2.133064270E0,1.569480657E1
4.623873750E0,-1.135688324E0,-1.550715271E1,-9.313632202E-1,1.557655323E1
4.633877750E0,-2.234253845E0,-1.514954636E1,-3.966751099E-2,1.531346527E1
4.643880750E0,-1.698517914E0,-1.433883224E1,-1.453926544E0,1.451209756E1
4.653883750E0,-1.292412415E0,-1.349608475E1,-4.856201477E0,1.440129599E1
4.663887750E0,2.543211365E-1,-1.331556015E1,-5.435047760E0,1.438431665E1
4.673890750E0,2.424059143E0,-1.307321411E1,-2.411036224E0,1.351288591E1
4.683893750E0,1.531016235E0,-1.254660919E1,-9.415420532E-2,1.264002682E1
4.693896750E0,-6.758445740E-1,-1.236368958E1,1.012943573E0,1.242351160E1
4.703900750E0,-5.258415070E0,-1.113130234E1,2.024689636E0,1.247622495E1
4.713903750E0,-7.057523804E0,-1.048973648E1,4.085753632E0,1.328670751E1
4.723906750E0,-6.445147247E0,-1.105930206E1,5.238356781E0,1.383070739E1
4.733910750E0,-6.829248505E0,-1.183918030E1,4.770429840E0,1.447625042E1
4.743913750E0,-7.721093903E0,-1.353111191E1,1.773062897E0,1.567960562E1
4.753916750E0,-6.920259247E0,-1.551508621E1,-3.846551056E0,1.741849142E1
4.763920750E0,-5.545068970E0,-1.593855560E1,-4.448150024E0,1.745197362E1
4.773923750E0,-4.787194977E0,-1.507515106E1,-1.979483643E0,1.594038176E1
4.783926750E0,-3.836222534E0,-1.459509933E1,-8.217910767E-1,1.511320179E1
4.793929750E0,-4.079616394E0,-1.465108292E1,-6.551875305E-1,1.522257440E1
4.803933750E0,-4.068240051E0,-1.458357330E1,-3.115022278E-1,1.514358680E1
4.813936750E0,-2.427651672E0,-1.438014633E1,-2.877017212E-1,1.458646199E1
4.823939750E0,-1.520238647E0,-1.349189346E1,1.345701599E-1,1.357793887E1
4.833943750E0,-1.327738953E0,-1.199500626E1,5.477110291E-1,1.208068927E1
4.843946750E0,-7.391629028E-1,-1.029379395E1,1.175206146E0,1.038699500E1
4.853949750E0,6.141728210E-1,-8.642278290E0,1.002315674E0,8.721858690E0
4.863953750E0,2.144290924E0,-7.727829895E0,-9.898915100E-1,8.080669753E0
4.873956750E0,2.036964111E0,-7.410190430E0,-1.698068848E0,7.870424563E0
4.883959750E0,1.290017395E0,-6.775061188E0,-1.072369995E0,6.979654460E0
4.893962750E0,2.887495422E-1,-5.883664856E0,-6.586303711E-1,5.927451594E0
4.903966750E0,-4.397854614E-1,-5.172793121E0,-4.671784973E-1,5.212432798E0
4.913969750E0,-2.583627319E-1,-4.641847229E0,-5.254074097E-2,4.649328718E0
4.923972750E0,1.013392639E-1,-4.464915161E0,5.575904846E-1,4.500738183E0
4.933977375E0,-5.149291992E-1,-4.044439545E0,1.225202179E0,4.257201392E0
4.943980375E0,-1.263522491E0,-3.640279999E0,1.203048248E0,4.036762644E0
4.953983375E0,-1.807491302E0,-3.241060181E0,1.091679840E0,3.868237425E0
4.963987375E0,-2.642155609E0,-2.739303589E0,9.909393311E-1,3.932776522E0
4.973990375E0,-2.976709900E0,-2.737207947E0,8.289761353E-1,4.127991110E0
4.983993375E0,-3.514242096E0,-2.968027954E0,9.075627136E-1,4.688577345E0
4.993997375E0,-3.662134552E0,-2.700234833E0,9.767189026E-1,4.653652054E0
5.004000375E0,-3.247197418E0,-2.234253845E0,1.098266144E0,4.091744107E0
5.014003375E0,-2.913541260E0,-1.993404694E0,9.563612366E-1,3.657459741E0
5.024006375E0,-2.365231476E0,-2.076032867E0,4.905299377E-1,3.185098432E0
5.034010375E0,-1.897304535E0,-2.193837891E0,-2.903961182E-1,2.914964681E0
5.044013375E0,-1.875899048E0,-2.551294556E0,-1.296304321E0,3.421769431E0
5.054016375E0,-1.664388885E0,-3.129691772E0,-2.531385956E0,4.355809432E0
5.064020375E0,-1.125659180E0,-4.019142151E0,-4.376149750E0,6.047420843E0
5.074023375E0,-8.379574585E-1,-6.196963348E0,-7.081773376E0,9.447541564E0
5.084026375E0,-3.023712158E-2,-9.646390228E0,-1.074241104E1,1.443790683E1
5.094030375E0,2.143991547E0,-1.370475082E1,-1.547257462E1,2.078021800E1
5.104033375E0,3.938908997E0,-1.952973770E1,-1.620844437E1,2.568344462E1
5.114036375E0,3.434308319E0,-2.585678055E1,-1.641860733E1,3.082106813E1
5.124039375E0,2.185754700E0,-2.779674637E1,-1.630140106E1,3.229817810E1
5.134043375E0,1.118773499E0,-2.325983093E1,-9.394464111E0,2.511030356E1
5.144046375E0,-1.887574768E-1,-1.555684937E1,-5.079237671E0,1.636611887E1
5.154049375E0,5.337899780E-1,-7.489675140E0,-8.132887573E0,1.106905713E1
5.164053375E0,1.794019318E0,-2.023791504E0,-1.006761429E1,1.042454291E1
5.174056375E0,1.917063446E0,-4.902305603E-1,-9.171577606E0,9.382605930E0
5.184059375E0,5.727090454E-1,-3.439996490E0,-8.882528687E0,9.542582846E0
5.194063375E0,-2.129471741E0,-9.038803711E0,-7.560178528E0,1.197459485E1
5.204066375E0,-5.344635773E0,-1.436427933E1,3.442840576E-1,1.533023756E1
5.214069375E0,-8.129444733E0,-1.752959702E1,6.430178375E0,2.036472040E1
5.224073375E0,-1.081141754E1,-1.901331161E1,7.532486115E0,2.313290113E1
5.234076375E0,-7.946525116E0,-1.961356339E1,5.653742981E-1,2.116976094E1
5.244079375E0,-9.045689392E-1,-1.305540115E1,-5.381010132E0,1.414980616E1
5.254082375E0,-4.416715393E0,-4.449497223E0,-1.899549866E-1,6.272278956E0
5.264086375E0,-1.043390259E1,1.023870850E-1,-3.128793640E0,1.089339965E1
5.274089375E0,-1.024634262E1,9.630972290E-1,-5.590873718E0,1.171208616E1
5.284092375E0,-3.482657776E0,-2.002386017E0,2.016905823E0,4.495148945E0
5.294096375E0,-1.558259583E-1,-6.320905609E0,9.940528564E0,1.178101174E1
5.304099375E0,-2.827021179E0,-1.008737320E1,9.818083191E0,1.435764272E1
5.314102375E0,-4.308939514E0,-1.241278748E1,6.853647766E0,1.481947166E1
5.324106375E0,-4.451443176E0,-1.464314941E1,4.997357941E0,1.610002352E1
5.334109375E0,-3.300785980E0,-1.568932388E1,3.425027618E0,1.639453830E1
5.344112375E0,-6.415658569E-1,-1.604214020E1,1.390907593E0,1.611510139E1
5.354115375E0,3.008593597E0,-1.620949219E1,-2.867437134E0,1.673384200E1
5.364119375E0,4.333787842E0,-1.561612610E1,-4.238735504E0,1.675147725E1
5.374122375E0,4.205055542E0,-1.386701340E1,-4.000580750E0,1.503267105E1
5.384125375E0,3.718118134E0,-1.167512146E1,-4.725972290E0,1.313269499E1
5.394129375E0,1.711241455E0,-1.020607635E1,-3.948339386E0,1.107617830E1
5.404132375E0,-2.094145203E-1,-9.427695007E0,-2.798879700E0,9.836616042E0
5.414135375E0,-1.217867432E0,-8.481213226E0,-1.970053253E0,8.791773922E0
5.424139375E0,-1.454824677E0,-7.623496857E0,-1.005758514E0,7.825967630E0
5.434142375E0,-1.603166199E0,-6.894363098E0,1.642085266E-1,7.080208248E0
5.444145375E0,-1.642833710E0,-6.313720551E0,1.583706665E0,6.713426591E0
5.454148375E0,-1.591939545E0,-6.164929962E0,2.563569031E0,6.863855996E0
5.464152375E0,-1.771566010E0,-6.362818451E0,2.417173462E0,7.033251902E0
5.474155375E0,-1.793420563E0,-6.813231812E0,1.497635651E0,7.202735423E0
5.484158375E0,-1.127156067E0,-7.629334717E0,1.016536102E0,7.778854329E0
5.494162375E0,-9.069639587E-1,-8.392747192E0,6.412664795E-1,8.465932421E0
5.504165375E0,-5.593867493E-1,-8.871002655E0,3.517684937E-1,8.895579954E0
5.514168375E0,-4.698728943E-1,-9.039103088E0,1.026864624E-1,9.051889841E0
5.524172375E0,-3.004252625E-1,-8.614436188E0,-1.148112488E-1,8.620437796E0
5.534175375E0,-3.028202820E-1,-8.136929169E0,-4.376898193E-1,8.154317188E0
5.544178375E0,-6.878196716E-1,-7.890990601E0,-1.086141357E0,7.995031683E0
5.554181375E0,-8.300239563E-1,-8.009095001E0,-1.715582428E0,8.232725282E0
5.564185375E0,-1.090781708E0,-8.393495636E0,-1.983225861E0,8.693316889E0
5.574188375E0,-8.379574585E-1,-8.124505005E0,-1.915267181E0,8.389159830E0
5.584191375E0,-4.001179504E-1,-8.221652985E0,-1.322948914E0,8.337017812E0
5.594195375E0,4.830455017E-1,-8.725505219E0,-8.750802612E-1,8.782570224E0
5.604198375E0,1.027164001E0,-9.424701233E0,-2.523751831E-1,9.483868011E0
5.614201375E0,9.699829102E-1,-1.014036301E1,1.175056458E-1,1.018732724E1
5.624205375E0,6.785389709E-1,-1.075184143E1,-3.562591553E-1,1.077912009E1
5.634208375E0,3.519181824E-1,-1.081785416E1,-1.211879883E0,1.089121058E1
5.644211375E0,-4.251159668E-2,-1.034004776E1,-1.686692505E0,1.047679944E1
5.654214375E0,-1.148112488E-1,-9.777667236E0,-1.622925110E0,9.912105938E0
5.664218375E0,8.801696777E-1,-9.231752472E0,-1.339714050E0,9.369887198E0
5.674221375E0,2.722688141E0,-9.053473206E0,-1.120120697E0,9.520140659E0
5.684224375E0,5.731132050E0,-1.036250107E1,-1.501377869E-1,1.184271271E1
5.694228375E0,7.668104095E0,-1.261097534E1,6.831793213E-1,1.477508895E1
5.704231375E0,6.620732117E0,-1.460303284E1,-1.205443268E0,1.607904709E1
5.714234375E0,3.498824158E0,-1.583826416E1,-3.563190308E0,1.660688734E1
5.724238375E0,6.218069458E-1,-1.586745346E1,-3.141068115E0,1.618731084E1
5.734241375E0,-1.612297211E0,-1.519325546E1,-8.481362915E-1,1.530208643E1
5.744244375E0,-1.650767212E0,-1.474089615E1,-1.778302002E-1,1.483410514E1
5.754247375E0,-2.158661041E0,-1.437266190E1,-3.470233612E0,1.494241442E1
5.764251375E0,-1.573527832E0,-1.424437866E1,-6.819369049E0,1.587079417E1
5.774254375E0,1.338366852E0,-1.364996475E1,-3.955075378E0,1.427429104E1
5.784257375E0,2.051184540E0,-1.283910095E1,-8.098159790E-1,1.302711300E1
5.794261375E0,3.592529297E-1,-1.279299683E1,8.638536072E-1,1.282716155E1
5.804264375E0,-4.703369293E0,-1.225830872E1,2.825673981E0,1.343027359E1
5.814267375E0,-7.536527710E0,-1.107801315E1,4.847519531E0,1.424851118E1
5.824271375E0,-6.415508881E0,-1.160461807E1,6.071374512E0,1.458380963E1
5.834274375E0,-6.537804565E0,-1.260992752E1,5.465434570E0,1.521920286E1
5.844277375E0,-7.952512665E0,-1.396191605E1,2.110461273E0,1.620591263E1
5.854280375E0,-8.007747803E0,-1.629631165E1,-4.779411163E0,1.877595721E1
5.864284375E0,-7.044500885E0,-1.730087265E1,-5.279371490E0,1.941177350E1
5.874287375E0,-6.268215179E0,-1.599753296E1,-1.638043671E0,1.725962831E1
5.884290375E0,-5.038073273E0,-1.507634857E1,-9.656419373E-1,1.592516665E1
5.894294375E0,-4.337679749E0,-1.483804413E1,-1.100212097E0,1.549817685E1
5.904297375E0,-3.345542908E0,-1.491214005E1,-9.681866455E-1,1.531345694E1
5.914300375E0,-2.463726654E0,-1.410980850E1,-5.179229736E-1,1.433265116E1
5.924304375E0,-6.921606445E-1,-1.266007324E1,4.258644104E-1,1.268613027E1
5.934307250E0,-3.671864319E-1,-1.122141495E1,1.704056396E0,1.135600227E1
5.944310250E0,6.677613831E-1,-9.596394196E0,1.609602814E0,9.753333176E0
5.954313250E0,1.849104767E0,-8.580007782E0,4.391867065E-1,8.787980823E0
5.964317250E0,2.676434326E0,-8.164022827E0,-8.535250854E-1,8.633833129E0
5.974320250E0,2.257754974E0,-7.468119965E0,-1.193767548E0,7.892740607E0
5.984323250E0,1.603764954E0,-6.305337982E0,-1.343306580E0,6.643329110E0
5.994327250E0,9.952803040E-1,-5.455854492E0,-8.792715454E-1,5.615162471E0
6.004330250E0,8.170010376E-1,-5.073399811E0,-1.429527283E-1,5.140750122E0
6.014333250E0,6.578819275E-1,-4.536466370E0,3.004252625E-1,4.593755663E0
6.024337250E0,3.727249146E-2,-3.929777985E0,4.614903259E-1,3.956958121E0
6.034340250E0,-3.815565491E-1,-3.495231628E0,8.586145020E-1,3.619316013E0
6.044343250E0,-1.071022797E0,-3.249293060E0,1.373992767E0,3.686848430E0
6.054346250E0,-2.404150543E0,-2.667303314E0,1.658251648E0,3.955280689E0
6.064350250E0,-3.213517456E0,-2.408042450E0,1.316063232E0,4.225799961E0
6.074353250E0,-3.611839142E0,-2.062111816E0,9.924362183E-1,4.275817674E0
6.084356250E0,-3.768114166E0,-1.857038269E0,1.254391479E0,4.384150258E0
6.094360250E0,-3.665427704E0,-1.682201843E0,1.685345306E0,4.370989830E0
6.104363250E0,-3.261118469E0,-1.436113586E0,1.727108459E0,3.959825695E0
6.114366250E0,-2.548749847E0,-1.240769806E0,1.534309387E0,3.223312084E0
6.124369250E0,-1.999841309E0,-1.183588715E0,8.863069153E-1,2.487124334E0
6.134373250E0,-1.833088074E0,-1.668879547E0,-8.607101440E-2,2.480479600E0
6.144376250E0,-1.590442657E0,-2.580633545E0,-1.265019379E0,3.284730030E0
6.154379250E0,-1.296004944E0,-3.804638214E0,-3.114573212E0,5.084827140E0
6.164383250E0,-9.467811584E-1,-5.840255127E0,-5.833219757E0,8.308515345E0
6.174386250E0,-1.092727661E-2,-8.769962769E0,-9.147926788E0,1.267268444E1
6.184389250E0,1.328786774E0,-1.256846375E1,-1.342498260E1,1.843806153E1
6.194393250E0,3.402723999E0,-1.764695297E1,-1.623733429E1,2.422074534E1
6.204396250E0,3.353775787E0,-2.368434814E1,-1.607851456E1,2.882212326E1
6.214399250E0,1.822011108E0,-2.721535538E1,-1.883727768E1,3.314873034E1
6.224402250E0,1.462309113E0,-2.462469269E1,-1.302935532E1,2.789763319E1
6.234406250E0,8.852590942E-1,-1.851424942E1,-5.274132385E0,1.927115948E1
6.244409250E0,3.558100891E-1,-1.123353973E1,-5.370382233E0,1.245632454E1
6.254412250E0,8.072712708E-1,-5.223088531E0,-8.616232452E0,1.010800685E1
6.264416250E0,9.452842712E-1,-2.564916229E0,-8.562344513E0,8.988108876E0
6.274419250E0,4.156855774E-1,-3.852987671E0,-7.608378296E0,8.538485157E0
6.284422250E0,-1.753303986E0,-7.722740479E0,-7.513625336E0,1.091647201E1
6.294425250E0,-5.744604034E0,-1.254301666E1,-4.988376617E0,1.467009352E1
6.304429250E0,-8.618477783E0,-1.707065140E1,-8.523275757E-1,1.914188498E1
6.314432250E0,-9.926607513E0,-1.945309708E1,2.730921021E0,2.200950822E1
6.324435250E0,-8.868607635E0,-1.934277649E1,4.954696655E0,2.184820868E1
6.334439250E0,-2.926115112E0,-1.443852493E1,-6.349795532E-1,1.474572314E1
6.344442250E0,-2.578537903E0,-5.417085114E0,-1.816023560E0,6.268302036E0
6.354445250E0,-8.062833252E0,2.918930054E-2,-4.767585754E-1,8.076969159E0
6.364449250E0,-1.062954575E1,1.787582703E0,-3.749403076E0,1.141230556E1
6.374452250E0,-6.967261505E0,1.168470154E0,-3.955973511E0,8.096776013E0
6.384455250E0,-1.836680603E-1,-3.200943604E0,3.804937592E0,4.975673219E0
6.394458250E0,1.412612457E0,-9.347162476E0,9.840686188E0,1.364565956E1
6.404462250E0,-2.517165527E0,-1.267608994E1,8.708889771E0,1.558409893E1
6.414465250E0,-4.090393982E0,-1.396940048E1,6.182144165E0,1.581437255E1
6.424468250E0,-3.364553375E0,-1.570249649E1,4.366719360E0,1.664202071E1
6.434472250E0,-1.858535156E0,-1.658027115E1,2.569107513E0,1.688075406E1
6.444475250E0,1.204395447E0,-1.597597778E1,-1.967508545E0,1.614167043E1
6.454478250E0,3.216660919E0,-1.494896347E1,-5.666167145E0,1.630717224E1
6.464482250E0,3.423381042E0,-1.373678421E1,-4.319866791E0,1.480135221E1
6.474485250E0,3.226839752E0,-1.186612427E1,-3.984713745E0,1.292653641E1
6.484488250E0,1.501976624E0,-1.043210632E1,-3.150049438E0,1.100034488E1
6.494491250E0,2.083666992E-1,-9.493258667E0,-2.039059753E0,9.712010167E0
6.504495250E0,-8.933422852E-1,-8.516839142E0,-1.456920319E0,8.686611895E0
6.514498250E0,-1.958676910E0,-7.776029663E0,-1.251697083E0,8.116021079E0
6.524501250E0,-2.177671509E0,-7.190896454E0,-8.780740356E-1,7.564539578E0
6.534505250E0,-2.123933258E0,-6.636898499E0,1.170565796E-1,6.969448788E0
6.544508250E0,-2.015259247E0,-6.547534332E0,1.120869141E0,6.941744975E0
6.554511250E0,-1.734592896E0,-6.623725891E0,1.654060364E0,7.044038109E0
6.564514250E0,-1.830393677E0,-6.824009399E0,1.399739227E0,7.202549215E0
6.574518250E0,-1.340312805E0,-7.264094238E0,1.415007477E0,7.521020521E0
6.584521250E0,-5.816903687E-1,-8.101153564E0,1.372046814E0,8.237084752E0
6.594524250E0,-2.709365845E-2,-8.690178680E0,8.372090149E-1,8.730455801E0
6.604528250E0,-1.763333130E-1,-8.744365997E0,2.832110596E-1,8.750727892E0
6.614531250E0,-3.932322693E-1,-8.350385284E0,1.468446350E-1,8.360928738E0
6.624534250E0,-5.719606018E-1,-7.985893250E0,-1.230441284E-1,8.007294785E0
6.634537250E0,-5.324427795E-1,-7.826474762E0,-6.307882690E-1,7.869885409E0
6.644541250E0,-6.559359741E-1,-7.960745544E0,-1.197060699E0,8.076922430E0
6.654544250E0,-7.521858215E-1,-7.970026245E0,-1.746567993E0,8.193753817E0
6.664547250E0,-8.973838806E-1,-8.149802399E0,-2.546654205E0,8.585454246E0
6.674551250E0,-1.037342834E0,-8.718769226E0,-2.593057709E0,9.155160580E0
6.684554250E0,-1.383123779E-1,-8.699309692E0,-1.288071442E0,8.795240047E0
6.694557250E0,7.312294006E-1,-9.273815002E0,1.395098877E-1,9.303644670E0
6.704561250E0,7.587721252E-1,-1.027493317E1,7.899073792E-1,1.033314765E1
6.714564250E0,2.148033142E-1,-1.125793900E1,6.330335999E-1,1.127776850E1
6.724567250E0,-2.751278687E-1,-1.152902527E1,-8.726852417E-1,1.156527987E1
6.734570250E0,-3.573069763E-1,-1.093221634E1,-2.650089111E0,1.125450997E1
6.744574250E0,-1.517843628E-1,-1.031145721E1,-2.908601532E0,1.071490323E1
6.754577250E0,1.508862305E-1,-1.001552261E1,-1.621278534E0,1.014701946E1
6.764580250E0,1.028960266E0,-9.682764587E0,-3.061134338E-1,9.742093960E0
6.774584250E0,3.082390137E0,-9.454788666E0,2.213896179E-1,9.947018198E0
6.784587250E0,6.548133087E0,-1.042447220E1,6.117778015E-1,1.232566183E1
6.794590250E0,8.941356354E0,-1.256307495E1,4.519102478E-1,1.542669532E1
6.804593250E0,7.738158417E0,-1.457668762E1,-9.587562561E-1,1.653112613E1
6.814597250E0,4.442312164E0,-1.541210037E1,-1.698966980E0,1.612927351E1
6.824600250E0,7.771838379E-1,-1.577524521E1,-1.414708099E0,1.585760938E1
6.834603250E0,-1.811233521E0,-1.544907349E1,3.308120728E-2,1.555491989E1
6.844607250E0,-3.412902832E0,-1.489268051E1,1.571731567E-1,1.527954652E1
6.854610250E0,-3.377127228E0,-1.402328842E1,-4.001927948E0,1.496906924E1
6.864613250E0,-2.196681976E0,-1.352871689E1,-6.048771515E0,1.498129598E1
6.874617250E0,4.981640625E-1,-1.366822678E1,-3.980223083E0,1.424467502E1
6.884620250E0,1.313518524E0,-1.319057007E1,-1.728455658E0,1.336802261E1
6.894623250E0,5.544470215E-1,-1.255124954E1,-2.743794250E-1,1.256648561E1
6.904626250E0,-2.252066803E0,-1.169907166E1,5.602848816E-1,1.192702820E1
6.914630250E0,-6.020929413E0,-1.036429733E1,3.018173676E0,1.236040544E1
6.924633250E0,-6.134692841E0,-1.034573593E1,5.666316833E0,1.329570813E1
6.934636417E0,-5.686375122E0,-1.078492264E1,6.427483978E0,1.378266914E1
6.944640417E0,-5.939199371E0,-1.187091431E1,4.873715057E0,1.414021903E1
6.954643417E0,-6.331533508E0,-1.418869446E1,-1.360670471E0,1.559675579E1
6.964646417E0,-5.657335510E0,-1.624451935E1,-6.581363983E0,1.841749727E1
6.974649417E0,-5.051096191E0,-1.649884048E1,-3.589086456E0,1.762404187E1
6.984653417E0,-4.484374695E0,-1.550266205E1,-1.116827545E0,1.617681831E1
6.994656417E0,-3.943549347E0,-1.491169098E1,-7.363188171E-1,1.544189997E1
7.004659417E0,-4.245621185E0,-1.521975037E1,-1.105750580E0,1.583946921E1
7.014663417E0,-4.578229523E0,-1.521735535E1,-1.071471863E0,1.592721386E1
7.024666417E0,-3.653602295E0,-1.424273209E1,-5.111869812E-1,1.471276790E1
7.034669417E0,-1.890418854E0,-1.282458115E1,5.620811462E-1,1.297534201E1
7.044672417E0,-1.279389496E0,-1.134475845E1,5.911207581E-1,1.143196421E1
7.054676417E0,-2.179467773E-1,-9.289981384E0,4.029620361E-1,9.301270522E0
7.064679417E0,1.695673828E0,-7.926017761E0,6.481521606E-2,8.105631887E0
7.074682417E0,2.371368713E0,-7.834258575E0,-6.797364807E-1,8.213466910E0
7.084686417E0,2.728076935E0,-7.357350311E0,-1.519789581E0,7.992669625E0
7.094689417E0,2.483485565E0,-6.761888580E0,-1.180145874E0,7.299560398E0
7.104692417E0,5.674699402E-1,-5.957162018E0,-4.516108704E-1,6.001146042E0
7.114695417E0,-7.765850830E-1,-4.867428131E0,2.312690735E-1,4.934412466E0
7.124699417E0,-4.073030090E-1,-4.020189972E0,8.562194824E-1,4.130488464E0
7.134702417E0,-4.137396240E-1,-3.746259613E0,1.210832062E0,3.958756856E0
7.144705417E0,-9.282197571E-1,-3.732488251E0,1.319206696E0,4.066124293E0
7.154709417E0,-1.382225647E0,-2.951412506E0,1.505419464E0,3.589940290E0
7.164712417E0,-2.447709961E0,-2.253114624E0,1.228495331E0,3.546408090E0
7.174715417E0,-3.357368317E0,-1.684896240E0,1.189875641E0,3.940380869E0
7.184718417E0,-3.755839691E0,-1.209484863E0,1.362017670E0,4.174239757E0
7.194722417E0,-3.852837982E0,-9.852511597E-1,1.274898834E0,4.176176170E0
7.204725417E0,-3.620371399E0,-1.041384430E0,1.464255066E0,4.041733971E0
7.214728417E0,-3.241808624E0,-1.004710693E0,1.231040039E0,3.610294491E0
7.224732417E0,-2.885250092E0,-8.857081604E-1,8.062234497E-1,3.123962754E0
7.234735417E0,-2.618055725E0,-1.243613892E0,1.341210938E-1,2.901513357E0
7.244738417E0,-2.430346069E0,-2.162852325E0,-1.002914429E0,3.404460244E0
7.254742417E0,-1.968556366E0,-3.443589020E0,-2.313439178E0,4.591897248E0
7.264745417E0,-1.529369659E0,-4.924309845E0,-3.878434753E0,6.452135704E0
7.274748417E0,-1.011895752E0,-6.914122009E0,-6.796915741E0,9.748183408E0
7.284751417E0,3.595523071E-1,-1.002435425E1,-1.083446960E1,1.476491407E1
7.294755417E0,2.620450745E0,-1.433419189E1,-1.539578430E1,2.119825450E1
7.304758417E0,5.195396118E0,-2.006756927E1,-1.631352585E1,2.637860123E1
7.314761417E0,3.592379608E0,-2.619747208E1,-1.639675278E1,3.111376281E1
7.324765417E0,1.783241730E0,-2.746997589E1,-1.669014267E1,3.219224113E1
7.334768417E0,2.634521484E-2,-2.301449112E1,-1.072070618E1,2.538899440E1
7.344771417E0,-1.116079102E0,-1.569935303E1,-6.398594055E0,1.698991830E1
7.354774417E0,1.309776306E-1,-8.398734741E0,-8.066425781E0,1.164573421E1
7.364778417E0,6.759942627E-1,-3.618126068E0,-9.004524994E0,9.727757956E0
7.374781417E0,-2.652484131E-1,-1.317260742E0,-8.283175049E0,8.391455266E0
7.384784417E0,-2.210004272E0,-3.161276093E0,-8.985364838E0,9.778270127E0
7.394788417E0,-3.896996155E0,-7.749834137E0,-9.091793518E0,1.256611386E1
7.404791417E0,-5.596262512E0,-1.300001633E1,-6.146518250E0,1.543043309E1
7.414794417E0,-6.256240082E0,-1.698637665E1,-8.592132568E-2,1.810206933E1
7.424797417E0,-7.124284973E0,-1.835557938E1,6.869215393E0,2.085350931E1
7.434801417E0,-7.904462585E0,-1.727168335E1,7.752827911E0,2.051579672E1
7.444804417E0,-3.628903656E0,-1.266920425E1,3.858975220E-1,1.318433142E1
7.454807417E0,-3.553310852E0,-6.143973541E0,7.021897888E-1,7.132145497E0
7.464811417E0,-7.424859924E0,-2.416574707E0,-2.543211365E0,8.211960926E0
7.474814417E0,-8.744216309E0,-9.493258667E-1,-5.245392151E0,1.024093146E1
7.484817417E0,-4.529880066E0,-2.359992371E0,-9.181906128E-1,5.189648485E0
7.494820417E0,1.025367737E-1,-6.479875031E0,6.714736633E0,9.332040627E0
7.504824417E0,-1.468596039E0,-1.035621414E1,9.204958191E0,1.393338440E1
7.514827417E0,-4.452191620E0,-1.193288544E1,7.183561707E0,1.462256215E1
7.524830417E0,-5.145100708E0,-1.337753128E1,4.814887390E0,1.511997173E1
7.534834417E0,-3.783232727E0,-1.451411774E1,3.265309753E0,1.535039776E1
7.544837417E0,-1.391805725E0,-1.485316269E1,1.711540833E0,1.501608927E1
7.554840417E0,2.281405792E0,-1.485540802E1,-1.246757355E0,1.508119238E1
7.564843417E0,4.744234314E0,-1.448522781E1,-3.682192841E0,1.568082039E1
7.574847417E0,4.837191010E0,-1.381237701E1,-3.701352997E0,1.509570103E1
7.584850417E0,4.235741730E0,-1.205218735E1,-4.014801178E0,1.339086839E1
7.594853417E0,2.670147400E0,-1.030741562E1,-3.970044250E0,1.136370341E1
7.604857417E0,1.147813110E0,-9.358688507E0,-3.512894897E0,1.006195588E1
7.614860417E0,-1.302291870E-1,-8.677305450E0,-2.941832428E0,9.163349145E0
7.624863417E0,-1.002165985E0,-7.970774689E0,-2.058219910E0,8.293000362E0
7.634866417E0,-1.356179810E0,-7.301666107E0,-8.598120117E-1,7.476150635E0
7.644870417E0,-1.138083344E0,-6.593638458E0,3.701802063E-1,6.701368159E0
7.654873417E0,-1.015937347E0,-6.089337158E0,1.215622101E0,6.292049969E0
7.664876417E0,-1.631457367E0,-6.108497314E0,1.654210052E0,6.535426802E0
7.674880417E0,-2.004331970E0,-6.479725342E0,1.378184052E0,6.921241105E0
7.684883417E0,-1.734443207E0,-6.908134460E0,6.735992432E-1,7.154323930E0
7.694886417E0,-1.294208679E0,-7.547155609E0,5.852828979E-2,7.657542651E0
7.704889417E0,-1.062789917E0,-8.004005585E0,2.769241333E-2,8.074304594E0
7.714893417E0,-9.550140381E-1,-8.190517731E0,4.640350342E-2,8.246137629E0
7.724896417E0,-7.273374939E-1,-8.014334106E0,1.624122620E-1,8.048909786E0
7.734899417E0,-6.596781921E-1,-7.896978149E0,-2.454895020E-2,7.924521554E0
7.744903417E0,-7.074288940E-1,-7.929759979E0,-4.731660461E-1,7.975301566E0
7.754906417E0,-7.020401001E-1,-8.264463959E0,-1.203347626E0,8.381066181E0
7.764909417E0,-8.436456299E-1,-8.630153503E0,-1.958976288E0,8.889818645E0
7.774912417E0,-5.822891235E-1,-8.680149536E0,-3.083437958E0,9.229932082E0
7.784916417E0,-9.056167603E-2,-8.857530670E0,-3.292253723E0,9.450025691E0
7.794919417E0,6.201603699E-1,-9.057514801E0,-1.537452850E0,9.207982109E0
7.804922417E0,1.333127747E0,-9.581575012E0,3.632945251E-1,9.680691722E0
7.814926417E0,1.278790741E0,-1.041638901E1,1.127305756E0,1.055496490E1
7.824929417E0,6.979985046E-1,-1.105376358E1,7.854167175E-1,1.110359269E1
7.834932417E0,-3.996688843E-2,-1.098864899E1,-6.249504089E-1,1.100647841E1
7.844935417E0,-4.305047607E-1,-1.032627640E1,-2.304607544E0,1.058907619E1
7.854939417E0,-3.903881836E-1,-9.822424164E0,-2.682870941E0,1.018971128E1
7.864942417E0,2.031275940E-1,-9.516909485E0,-1.491648102E0,9.635239542E0
7.874945417E0,1.647174683E0,-9.227261810E0,-4.855902100E-1,9.385698845E0
7.884949417E0,4.387975159E0,-9.845476227E0,-4.445755005E-2,1.077913283E1
7.894952417E0,7.669451294E0,-1.157797348E1,-8.367599487E-2,1.388801479E1
7.904955417E0,7.394024048E0,-1.390009460E1,-9.849517822E-1,1.577511812E1
7.914958417E0,5.413492584E0,-1.523172546E1,-1.823208618E0,1.626761975E1
7.924962417E0,2.625540161E0,-1.554113205E1,-1.505269775E0,1.583306930E1
7.934965375E0,-1.556313629E0,-1.526540543E1,1.725910950E-1,1.534550431E1
7.944968375E0,-2.891686707E0,-1.509371246E1,-2.246827698E-1,1.536985655E1
7.954972375E0,-3.687132568E0,-1.457968140E1,-4.868326263E0,1.580704453E1
7.964975375E0,-2.273172913E0,-1.407538010E1,-8.322243805E0,1.650888797E1
7.974978375E0,1.484762421E0,-1.420995026E1,-4.893174591E0,1.510199865E1
7.984981375E0,2.829116821E0,-1.362990646E1,-1.087338867E0,1.396282772E1
7.994985375E0,2.038760376E0,-1.264764908E1,1.637893982E0,1.291519523E1
8.004988375E0,-2.740052032E0,-1.186941742E1,4.045936432E0,1.283590887E1
8.014991375E0,-6.917115784E0,-1.161150375E1,5.326673126E0,1.452745528E1
8.024995375E0,-7.100035400E0,-1.213616272E1,6.145620117E0,1.534488823E1
8.034998375E0,-7.243437195E0,-1.302905594E1,5.322332153E0,1.582879972E1
8.045001375E0,-8.181536407E0,-1.433314407E1,1.214274902E0,1.654844466E1
8.055005375E0,-7.644153900E0,-1.581416428E1,-5.552852783E0,1.842159208E1
8.065008375E0,-6.345753937E0,-1.652159317E1,-5.361999664E0,1.849277357E1
8.075011375E0,-5.981411591E0,-1.594154938E1,-1.915865936E0,1.713420040E1
8.085014375E0,-4.552932129E0,-1.458791428E1,-9.113049316E-1,1.530904669E1
8.095018375E0,-3.941154327E0,-1.426428726E1,-1.355880432E0,1.486072005E1
8.105021375E0,-4.203558655E0,-1.433778442E1,-1.598076782E0,1.502650382E1
8.115024375E0,-2.906356201E0,-1.339758957E1,-1.240021362E0,1.376517220E1
8.125027375E0,-1.973496094E0,-1.241398499E1,2.335144043E-1,1.257204196E1
8.135031375E0,-1.319655762E0,-1.155941208E1,9.680369568E-1,1.167469890E1
8.145034375E0,-2.173480225E-1,-1.010279114E1,7.375163269E-1,1.013200668E1
8.155037375E0,8.214916992E-1,-8.960067444E0,4.376898193E-1,9.008286718E0
8.165041375E0,1.548529816E0,-8.338859253E0,-6.354286194E-1,8.505191812E0
8.175044375E0,2.206112366E0,-7.478598175E0,-1.493444366E0,7.938938122E0
8.185047375E0,1.880689087E0,-6.668632507E0,-1.512604523E0,7.091940736E0
8.195050375E0,6.231541443E-1,-5.600603485E0,-7.981402588E-1,5.691406536E0
8.205054375E0,-1.279838562E-1,-4.644242249E0,-2.131567383E-1,4.650892573E0
8.215057375E0,-2.612068176E-1,-4.103117523E0,2.974314880E-1,4.122167864E0
8.225060375E0,4.909790039E-2,-3.722010040E0,9.276210022E-1,3.836176491E0
8.235064375E0,-2.188449097E-1,-3.470233612E0,1.084794159E0,3.642415790E0
8.245067375E0,-6.075865173E-1,-3.362308044E0,9.602531433E-1,3.549135509E0
8.255070375E0,-1.405427399E0,-3.178939362E0,1.433568878E0,3.759787410E0
8.265073375E0,-2.717898102E0,-2.182760925E0,1.345851288E0,3.736673793E0
8.275077375E0,-3.917353821E0,-1.335073700E0,1.202150116E0,4.309669087E0
8.285080375E0,-4.111649780E0,-8.767268372E-1,1.458566895E0,4.449913623E0
8.295083375E0,-3.809278564E0,-9.783654785E-1,1.410816193E0,4.178301631E0
8.305087375E0,-3.297642517E0,-1.161135406E0,1.100511475E0,3.665215834E0
8.315090375E0,-2.897524567E0,-1.480421448E0,1.159189453E0,3.454130349E0
8.325093375E0,-2.464325409E0,-1.737736359E0,5.300477600E-1,3.061629958E0
8.335096375E0,-1.943558350E0,-2.342179413E0,-4.158352661E-1,3.071830469E0
8.345100375E0,-1.554966431E0,-3.516188049E0,-1.308429108E0,4.061217272E0
8.355103375E0,-1.494941254E0,-4.943170624E0,-2.890938263E0,5.918387382E0
8.365106375E0,-1.510658569E0,-6.912625122E0,-5.660029907E0,9.061038238E0
8.375110375E0,-1.013392639E0,-9.681417389E0,-8.978030090E0,1.324242544E1
8.385113375E0,6.083349609E-1,-1.341405533E1,-1.346330292E1,1.901492775E1
8.395116375E0,3.433859253E0,-1.864612518E1,-1.677351929E1,2.531442915E1
8.405119375E0,2.950664062E0,-2.458337860E1,-1.654180115E1,2.977717426E1
8.415123375E0,1.799408112E0,-2.645942734E1,-1.858265717E1,3.238293242E1
8.425126375E0,1.776954803E0,-2.206651245E1,-1.219499039E1,2.527461831E1
8.435129375E0,5.167254639E-1,-1.610770386E1,-5.455106049E0,1.701420908E1
8.445133375E0,4.920268250E-1,-1.044138702E1,-6.057004395E0,1.208105772E1
8.455136375E0,5.014572144E-1,-6.410868530E0,-8.705596619E0,1.082303595E1
8.465139375E0,-2.414479065E-1,-3.674409027E0,-8.644373932E0,9.395998056E0
8.475142375E0,-5.939648438E-1,-3.091970215E0,-8.041427765E0,8.635834328E0
8.485146375E0,-1.416504364E0,-5.442681885E0,-7.576344910E0,9.435585456E0
8.495149375E0,-3.433559875E0,-9.149273987E0,-6.337820435E0,1.164759700E1
8.505152375E0,-5.393434296E0,-1.385608612E1,-3.645668793E0,1.530918538E1
8.515156375E0,-6.473139038E0,-1.851260284E1,1.109941864E0,1.964306402E1
8.525159375E0,-7.000342712E0,-1.967807922E1,7.957901459E0,2.235083434E1
8.535162375E0,-5.541626129E0,-1.786924072E1,6.696923676E0,1.987129012E1
8.545165375E0,-2.356549530E0,-1.164757874E1,-1.127006378E0,1.193689907E1
8.555169375E0,-4.768034821E0,-4.583019562E0,-8.982820129E-1,6.674214181E0
8.565172375E0,-8.476572876E0,-2.755769348E-1,-4.503684540E0,9.602676960E0
8.575175375E0,-9.868677979E0,1.465302887E0,-6.850653992E0,1.210245338E1
8.585179375E0,-5.245841217E0,-5.071453857E-1,-1.608554993E0,5.510308129E0
8.595182375E0,-8.190966797E-1,-5.183870087E0,7.443870392E0,9.107943503E0
8.605185375E0,-2.165247345E0,-9.899064789E0,9.638007660E0,1.398466916E1
8.615188375E0,-4.585414581E0,-1.232072891E1,6.817572784E0,1.480897317E1
8.625192375E0,-4.967569885E0,-1.453043381E1,5.237009583E0,1.622456553E1
8.635195375E0,-3.839665375E0,-1.600786148E1,3.797752533E0,1.689430625E1
8.645198375E0,-1.676064606E0,-1.627760056E1,2.998265076E0,1.663607724E1
8.655202375E0,1.140178986E0,-1.559651688E1,2.107168121E0,1.577946464E1
8.665205375E0,4.301155701E0,-1.510583725E1,-3.847000122E0,1.617051852E1
8.675208375E0,6.237528992E0,-1.422686508E1,-6.890770569E0,1.699391588E1
8.685211375E0,4.954546967E0,-1.188139252E1,-4.248764648E0,1.355606967E1
8.695215375E0,3.548520813E0,-9.830207977E0,-5.472769318E0,1.179729600E1
8.705218375E0,1.595232697E0,-9.094188538E0,-5.650300140E0,1.082473668E1
8.715221375E0,-2.604583740E-1,-8.856632538E0,-3.608096924E0,9.566929596E0
8.725225375E0,-1.128353577E0,-8.202193451E0,-1.774559784E0,8.467480241E0
8.735228375E0,-1.281634827E0,-7.222480774E0,-1.492396545E-1,7.336830980E0
8.745231375E0,-1.452130280E0,-6.341113586E0,1.250798950E0,6.624417097E0
8.755234375E0,-1.571881256E0,-5.892197113E0,2.247875519E0,6.499364727E0
8.765238375E0,-1.473386078E0,-5.986650696E0,2.446662140E0,6.633024100E0
8.775241375E0,-1.712588654E0,-6.616540833E0,1.784289551E0,7.063657812E0
8.785244375E0,-1.534608765E0,-7.025191040E0,7.758366394E-1,7.232582920E0
8.795247375E0,-1.087338867E0,-7.283404083E0,1.480421448E-1,7.365609094E0
8.805251375E0,-8.156538391E-1,-7.923772430E0,-1.513352966E-1,7.967079960E0
8.815254375E0,-5.378315735E-1,-8.120912476E0,8.876541138E-2,8.139186786E0
8.825257375E0,-7.798782349E-1,-7.965984650E0,5.755531311E-1,8.024735691E0
8.835261375E0,-9.985734558E-1,-8.065527649E0,2.787203979E-1,8.131886021E0
8.845264375E0,-1.281335449E0,-7.962990875E0,-3.303630066E-1,8.072185821E0
8.855267375E0,-1.432521057E0,-7.667056274E0,-1.452429657E0,7.933814997E0
8.865270375E0,-1.588646393E0,-7.901618500E0,-2.897225189E0,8.564653296E0
8.875274375E0,-1.272204437E0,-8.585396576E0,-3.510948944E0,9.362387569E0
8.885277375E0,-5.655239868E-1,-9.382189636E0,-2.452050934E0,9.713797071E0
8.895280375E0,-1.565744019E-1,-1.002854553E1,-4.778063965E-1,1.004114236E1
8.905284375E0,-2.293231201E-1,-1.070977890E1,7.481442261E-1,1.073832729E1
8.915287375E0,-7.014413452E-1,-1.111573471E1,7.806266785E-1,1.116516709E1
8.925290375E0,-1.351988525E0,-1.107906097E1,1.438508606E-1,1.116217533E1
8.935293125E0,-1.536405029E0,-1.080243622E1,-7.282356262E-1,1.093542390E1
8.945297125E0,-1.153351593E0,-1.046878006E1,-1.329235840E0,1.061566973E1
8.955300125E0,-3.067121887E-1,-1.024754013E1,-1.405726776E0,1.034805387E1
8.965303125E0,1.109642487E0,-1.000983444E1,-1.119521942E0,1.013318417E1
8.975307125E0,3.021317139E0,-9.970166931E0,-7.848179626E-1,1.044741715E1
8.985310125E0,6.278244324E0,-1.084749252E1,-3.441343689E-1,1.253805704E1
8.995313125E0,8.920699310E0,-1.263402740E1,-1.453477478E-1,1.546669488E1
9.005316125E0,7.937992859E0,-1.424527679E1,-1.060394897E0,1.634209530E1
9.015320125E0,4.914131012E0,-1.496318390E1,-2.426304474E0,1.593525994E1
9.025323125E0,1.363813934E0,-1.516017426E1,-2.852917328E0,1.548644598E1
9.035326125E0,-1.044976959E0,-1.529624130E1,-1.308429108E0,1.538762365E1
9.045330125E0,-1.444945221E0,-1.515463577E1,-5.194198608E-1,1.523222404E1
9.055333125E0,-1.796564026E0,-1.417058212E1,-2.806364136E0,1.455708486E1
9.065336125E0,-1.630110168E0,-1.293220734E1,-5.669609985E0,1.421420850E1
9.075339125E0,1.047222290E0,-1.249077530E1,-5.591771851E0,1.372530708E1
9.085343125E0,2.158511353E0,-1.264749939E1,-2.693798218E0,1.311010911E1
9.095346125E0,1.439706116E0,-1.254735764E1,1.165925446E0,1.268338754E1
9.105349125E0,-1.454225922E0,-1.174727142E1,3.403622131E0,1.231656618E1
9.115352125E0,-6.113886108E0,-1.109148514E1,4.714296570E0,1.351389056E1
9.125356125E0,-6.365213470E0,-1.104298599E1,6.472390594E0,1.429529021E1
9.135359125E0,-6.335724792E0,-1.148441803E1,6.094725952E0,1.446302011E1
9.145362125E0,-7.432943115E0,-1.252879623E1,4.264182587E0,1.517901945E1
9.155366125E0,-7.802374878E0,-1.467248840E1,-3.891757050E0,1.706765194E1
9.165369125E0,-6.404282227E0,-1.647938095E1,-9.408534851E0,2.002761482E1
9.175372125E0,-5.922434235E0,-1.594110031E1,-3.473077698E0,1.735673285E1
9.185375125E0,-5.267845459E0,-1.489687180E1,-2.360591125E-1,1.580261716E1
9.195379125E0,-4.345762939E0,-1.473251358E1,-4.056564331E-2,1.536015161E1
9.205382125E0,-3.638334045E0,-1.446352295E1,-4.004173279E-1,1.491949412E1
9.215385125E0,-2.241588593E0,-1.332109863E1,-9.363029480E-1,1.354079213E1
9.225389125E0,-1.272803192E0,-1.222956848E1,-8.256829834E-1,1.232331634E1
9.235392125E0,-5.231620789E-1,-1.150477570E1,8.390052795E-1,1.154718547E1
9.245395125E0,3.712280273E-2,-1.049632278E1,8.437953186E-1,1.053024979E1
9.255398125E0,1.079704742E0,-9.294172668E0,2.755769348E-1,9.360734510E0
9.265402125E0,1.817819824E0,-8.538993073E0,-4.017645264E-1,8.739581588E0
9.275405125E0,1.782493286E0,-7.921976166E0,-1.421144714E0,8.243460498E0
9.285408125E0,1.523382111E0,-7.165449371E0,-1.591939545E0,7.496574502E0
9.295412125E0,1.050216064E0,-6.268963623E0,-8.590635681E-1,6.414113259E0
9.305415125E0,4.724176025E-1,-5.672005005E0,-3.652404785E-1,5.703351626E0
9.315418125E0,6.647676086E-1,-5.501359863E0,6.364764404E-1,5.577811271E0
9.325421125E0,4.041595459E-1,-5.128784637E0,1.097667389E0,5.260480063E0
9.335425125E0,-1.652563477E-1,-4.506977692E0,9.222322083E-1,4.603332469E0
9.345428125E0,-9.997709656E-1,-4.291276245E0,1.148262177E0,4.553361376E0
9.355431125E0,-2.476599884E0,-3.463048553E0,1.429826660E0,4.491175408E0
9.365434125E0,-3.688330078E0,-2.419568481E0,1.378184052E0,4.621415550E0
9.375438125E0,-4.458328857E0,-1.792821808E0,1.562600555E0,5.052981964E0
9.385441125E0,-4.258793793E0,-1.470541992E0,1.466051331E0,4.738050741E0
9.395444125E0,-4.035907288E0,-1.678010559E0,1.652862854E0,4.672924425E0
9.405448125E0,-3.691473541E0,-1.980082397E0,1.723815308E0,4.529817041E0
9.415451125E0,-2.698588257E0,-1.689536591E0,1.262624359E0,3.425074122E0
9.425454125E0,-2.138003998E0,-1.845063171E0,2.432441711E-1,2.834517054E0
9.435457125E0,-1.697021027E0,-2.177072754E0,-3.519181824E-1,2.782691601E0
9.445461125E0,-1.286424866E0,-2.759511566E0,-1.408121796E0,3.354489531E0
9.455464125E0,-1.201701050E0,-3.985611877E0,-3.110531616E0,5.196594499E0
9.465467125E0,-1.301244049E0,-5.876180420E0,-5.335355072E0,8.042931440E0
9.475471125E0,-1.146914978E0,-8.594078522E0,-8.449479218E0,1.210649820E1
9.485474125E0,3.135978699E-1,-1.222208405E1,-1.377270950E1,1.841643856E1
9.495477125E0,1.717528381E0,-1.739457779E1,-1.663490753E1,2.412967859E1
9.505480125E0,1.063089294E0,-2.310430435E1,-1.572120758E1,2.796596872E1
9.515484125E0,3.971241760E-1,-2.486374557E1,-1.634061951E1,2.975532553E1
9.525487125E0,6.942562866E-1,-2.129845963E1,-1.241952347E1,2.466477118E1
9.535490125E0,4.227209473E-1,-1.593271774E1,-5.099295959E0,1.673418677E1
9.545494125E0,4.773573303E-1,-9.880204010E0,-3.822002106E0,1.060443310E1
9.555497125E0,1.356928253E0,-5.806275787E0,-8.732989655E0,1.057445985E1
9.565500125E0,1.250798950E0,-3.391946411E0,-1.038091278E1,1.099241323E1
9.575503125E0,1.265917511E0,-2.657573547E0,-1.038705002E1,1.079611284E1
9.585507125E0,5.783972168E-1,-5.329068146E0,-1.012494507E1,1.145635297E1
9.595510125E0,-1.588047638E0,-9.528884583E0,-8.143365784E0,1.263471183E1
9.605513125E0,-3.722459106E0,-1.474418930E1,-2.812201996E0,1.546467911E1
9.615516125E0,-6.034551086E0,-1.922227707E1,4.222569122E0,2.058499047E1
9.625520125E0,-8.611891479E0,-2.069326813E1,9.788444824E0,2.445791636E1
9.635523125E0,-8.343798981E0,-2.031111282E1,5.654192047E0,2.267443876E1
9.645526125E0,-2.843786316E0,-1.359802277E1,-2.041155396E0,1.404135532E1
9.655530125E0,-4.221970367E0,-5.153034210E0,-1.159638519E0,6.761919613E0
9.665533125E0,-8.875643005E0,-4.834945679E-1,-4.972659302E0,1.018519250E1
9.675536125E0,-1.031325348E1,1.129401398E0,-6.174360352E0,1.207317152E1
9.685539125E0,-4.665947113E0,-1.244062958E0,-5.450166321E-1,4.859608856E0
9.695543125E0,-7.866142273E-1,-5.767955475E0,8.791517944E0,1.054413866E1
9.705546125E0,-3.317700806E0,-9.956395569E0,8.601862335E0,1.356941366E1
9.715549125E0,-4.957989807E0,-1.167751648E1,6.248605957E0,1.414182203E1
9.725553125E0,-5.196443939E0,-1.351225113E1,5.257217560E0,1.540202249E1
9.735556125E0,-4.305796051E0,-1.470841370E1,4.078718262E0,1.585916945E1
9.745559125E0,-2.456391907E0,-1.471485031E1,3.152743835E0,1.524796624E1
9.755562125E0,1.466949463E-2,-1.450289108E1,1.861379242E0,1.462186027E1
9.765566125E0,3.598965912E0,-1.423135574E1,-3.387455750E0,1.506515511E1
9.775569125E0,5.650599518E0,-1.374576553E1,-6.652466125E0,1.628283300E1
9.785572125E0,4.894222412E0,-1.217717743E1,-4.266577606E0,1.380002709E1
9.795575125E0,4.087100830E0,-1.053748718E1,-4.351301422E0,1.211102198E1
9.805579125E0,2.380948792E0,-9.790989532E0,-4.208348694E0,1.091982564E1
9.815582125E0,6.277944946E-1,-9.322912903E0,-3.070564728E0,9.835608709E0
9.825585125E0,-5.583389282E-1,-8.444090424E0,-1.798659668E0,8.651565294E0
9.835589125E0,-1.271605682E0,-7.638615417E0,-6.197113037E-1,7.768492042E0
9.845592125E0,-1.319206696E0,-6.785090332E0,2.862048340E-1,6.918068396E0
9.855595125E0,-1.375789032E0,-6.042035522E0,7.996371460E-1,6.248072365E0
9.865598125E0,-1.143172760E0,-5.905070343E0,1.106349335E0,6.115611872E0
9.875602125E0,-1.809736633E0,-6.659351807E0,1.256636810E0,7.014360216E0
9.885605125E0,-1.674268341E0,-7.531737671E0,1.108295288E0,7.794778077E0
9.895608125E0,-1.223705292E0,-8.414302368E0,4.201762390E-1,8.513194879E0
9.905612125E0,-7.860154724E-1,-8.873697052E0,-1.761836243E-1,8.910182959E0
9.915615125E0,-7.923023987E-1,-8.973090363E0,-5.746549988E-1,9.026312764E0
9.925618125E0,-5.059478760E-1,-8.736582184E0,-6.382727051E-1,8.774465428E0
9.935621000E0,-3.495231628E-1,-8.242459717E0,-7.162605286E-1,8.280901990E0
9.945625000E0,-5.315446472E-1,-7.914342041E0,-8.878038025E-1,7.981700649E0
9.955628000E0,-4.884342957E-1,-7.751031647E0,-9.515711975E-1,7.824483842E0
9.965631000E0,-4.457730103E-1,-7.884553986E0,-1.180445251E0,7.984882975E0
9.975634000E0,-4.799020386E-1,-7.934849396E0,-1.230141907E0,8.043966062E0
9.985638000E0,-4.076023865E-1,-8.050708466E0,-1.137634277E0,8.140900334E0
9.995641000E0,-1.567240906E-1,-8.956325226E0,-2.841091919E-1,8.962200736E0
1.000564400E1,1.004411316E-1,-1.030951126E1,6.412664795E-1,1.032992418E1
1.001564800E1,-6.735992432E-3,-1.152992340E1,5.281018066E-1,1.154201328E1
1.002565100E1,-2.104623413E-1,-1.187735092E1,-5.057981873E-1,1.188997860E1
1.003565400E1,-2.788700867E-1,-1.125554398E1,-1.606609039E0,1.137304846E1
1.004565700E1,-3.767665100E-1,-1.043420197E1,-1.874252472E0,1.060789074E1
1.005566100E1,-2.459385681E-1,-1.020428009E1,-1.201251984E0,1.027768574E1
1.006566400E1,5.932164001E-1,-1.010264145E1,-5.900729370E-1,1.013723118E1
1.007566700E1,2.031275940E0,-9.950857086E0,-2.857557678E-1,1.016008342E1
1.008567100E1,4.535568237E0,-1.043809387E1,-3.267704773E-1,1.138560327E1
1.009567400E1,7.895930328E0,-1.238913666E1,-5.887257385E-1,1.470316363E1
1.010567700E1,6.979835358E0,-1.421324341E1,-2.573448486E0,1.604235104E1
1.011568000E1,3.650309143E0,-1.504581207E1,-3.209625549E0,1.581148045E1
1.012568400E1,6.797364807E-1,-1.485885086E1,-2.030677185E0,1.501236625E1
1.013568700E1,-2.022444305E0,-1.445259567E1,-4.164340210E-1,1.459935683E1
1.014569000E1,-2.979853363E0,-1.430111069E1,-8.464897156E-1,1.463276590E1
1.015569300E1,-3.808380432E0,-1.349578537E1,-5.294939117E0,1.498920827E1
1.016569700E1,-2.676134949E0,-1.262280075E1,-9.753267975E0,1.617476532E1
1.017570000E1,3.357518005E-1,-1.214514404E1,-7.094496918E0,1.406943992E1
1.018570300E1,2.693049774E0,-1.138727005E1,-1.621128845E0,1.181314924E1
1.019570700E1,3.249293060E0,-1.036085449E1,2.191442871E0,1.107734774E1
1.020571000E1,9.041198730E-1,-1.030262558E1,5.050796814E0,1.150965139E1
1.021571300E1,-4.711153107E0,-1.080408279E1,6.482719116E0,1.345172167E1
1.022571600E1,-5.957760773E0,-1.211281128E1,6.512207794E0,1.498746012E1
1.023572000E1,-5.843099213E0,-1.337259155E1,5.587730255E0,1.562660368E1
1.024572300E1,-6.998247070E0,-1.461979797E1,2.534230042E0,1.640537341E1
1.025572600E1,-7.493267670E0,-1.646007111E1,-5.902825012E0,1.902436186E1
1.026573000E1,-6.437962189E0,-1.738844055E1,-7.887847137E0,2.015002120E1
1.027573300E1,-6.276148682E0,-1.700838089E1,-2.995271301E0,1.837516566E1
1.028573600E1,-5.587730255E0,-1.573827209E1,-2.550695801E-1,1.670272428E1
1.029573900E1,-4.278852081E0,-1.505853561E1,7.454498291E-2,1.565482759E1
1.030574300E1,-3.384461975E0,-1.467144058E1,-7.704478455E-1,1.507644990E1
1.031574600E1,-2.066901855E0,-1.355835526E1,-1.162931671E0,1.376421050E1
1.032574900E1,-1.194665680E0,-1.239377701E1,-9.392967224E-1,1.248660134E1
1.033575200E1,-5.861810303E-1,-1.075872711E1,3.558100891E-1,1.078055741E1
1.034575600E1,2.257305908E-1,-9.824070740E0,4.459226990E-1,9.836776263E0
1.035575900E1,7.725434875E-1,-9.009614410E0,-5.897735596E-1,9.061887668E0
1.036576200E1,9.773176575E-1,-8.325686646E0,-1.006806335E0,8.443095814E0
1.037576600E1,1.287472687E0,-7.645650787E0,-1.426383820E0,7.883408697E0
1.038576900E1,1.370699615E0,-7.612719269E0,-1.225351868E0,7.831589832E0
1.039577200E1,1.125659180E0,-7.070846100E0,-9.912387085E-1,7.228175934E0
1.040577500E1,6.978488159E-1,-6.014193420E0,-2.767744446E-1,6.060867888E0
1.041577900E1,-6.167175293E-2,-4.830455017E0,6.216572571E-1,4.870683404E0
1.042578200E1,-1.000369720E0,-3.703298950E0,8.325686646E-1,3.925344988E0
1.043578500E1,-1.833986206E0,-3.043620758E0,8.560697937E-1,3.655131764E0
1.044578900E1,-2.035018158E0,-3.031945038E0,7.918533325E-1,3.736445010E0
1.045579200E1,-2.312091980E0,-3.542832642E0,1.127455444E0,4.378194631E0
1.046579500E1,-2.712808685E0,-3.417842560E0,1.669777679E0,4.672166117E0
1.047579800E1,-3.529210968E0,-2.567610626E0,2.138602753E0,4.860203300E0
1.048580200E1,-3.925437012E0,-1.839225311E0,1.690434723E0,4.652888891E0
1.049580500E1,-3.902983704E0,-1.393302612E0,1.686243439E0,4.474146946E0
1.050580800E1,-3.592529297E0,-1.228495331E0,1.890718231E0,4.241495368E0
1.051581100E1,-2.753524017E0,-9.891430664E-1,1.057850189E0,3.111164660E0
1.052581500E1,-2.244732056E0,-1.248403931E0,1.224453735E-1,2.571444583E0
1.053581800E1,-1.902992706E0,-1.803000641E0,-5.966592407E-1,2.688530231E0
1.054582100E1,-1.657802582E0,-2.592009888E0,-1.549877014E0,3.445133295E0
1.055582500E1,-1.712888031E0,-3.812571716E0,-3.137625275E0,5.226316185E0
1.056582800E1,-1.883383484E0,-5.720354462E0,-5.493126984E0,8.151320910E0
1.057583100E1,-1.182540894E0,-8.504414978E0,-8.371641083E0,1.199199114E1
1.058583400E1,4.565505981E-2,-1.245993942E1,-1.189516388E1,1.722634896E1
1.059583800E1,2.369273071E0,-1.757600052E1,-1.495001129E1,2.319551868E1
1.060584100E1,3.129991150E0,-2.403177567E1,-1.542676987E1,2.872817980E1
1.061584400E1,1.375789032E0,-2.799149139E1,-1.765428772E1,3.312235289E1
1.062584700E1,1.303489380E0,-2.529724411E1,-1.432715652E1,2.910183943E1
1.063585100E1,7.203021240E-1,-1.903277115E1,-7.093748474E0,2.032452903E1
1.064585400E1,2.195933533E-1,-1.176044403E1,-5.209017792E0,1.286429677E1
1.065585700E1,1.430126038E0,-5.409600677E0,-8.786727905E0,1.041708343E1
1.066586100E1,2.215692444E0,-1.266216888E0,-1.051653076E1,1.082173819E1
1.067586400E1,3.038830719E0,9.075627136E-1,-9.416318665E0,9.936056532E0
1.068586700E1,3.418441315E0,-2.671943665E-1,-8.251740417E0,8.935790607E0
1.069587000E1,1.291214905E0,-3.687431946E0,-6.676865387E0,7.735949953E0
1.070587400E1,-1.750010834E0,-7.761509857E0,-2.676883392E0,8.394598137E0
1.071587700E1,-5.498216400E0,-1.298564621E1,3.685186615E0,1.457525271E1
1.072588000E1,-1.073986633E1,-1.822999054E1,7.718549194E0,2.252228420E1
1.073588400E1,-1.404888519E1,-2.166789139E1,7.832162933E0,2.698539362E1
1.074588700E1,-9.264983368E0,-2.354094635E1,-2.901416473E0,2.546437294E1
1.075589000E1,5.628295898E-1,-1.754875717E1,-8.078700256E0,1.932721018E1
1.076589300E1,-2.126028900E0,-7.269782410E0,-1.918560333E0,7.813488908E0
1.077589700E1,-8.158035278E0,-4.766088867E-1,-4.111799469E0,9.148092179E0
1.078590000E1,-9.776320038E0,1.031205597E0,-4.872667236E0,1.097190523E1
1.079590300E1,-4.147275696E0,-9.283694458E-1,1.149759064E0,4.402693656E0
1.080590600E1,-1.314416656E0,-4.780908051E0,8.126001892E0,9.519279368E0
1.081591000E1,-3.793860626E0,-8.925938416E0,7.150181122E0,1.204951639E1
1.082591300E1,-4.620890808E0,-1.183888092E1,6.110742645E0,1.410152151E1
1.083591600E1,-4.349205780E0,-1.392643982E1,5.474565582E0,1.558307368E1
1.084592000E1,-3.986659698E0,-1.531734741E1,4.150269470E0,1.636274195E1
1.085592300E1,-3.151546326E0,-1.574934906E1,2.754571838E0,1.629607026E1
1.086592600E1,-8.045768738E-1,-1.529624130E1,4.076023865E-1,1.532280920E1
1.087592900E1,2.568808136E0,-1.464853821E1,-3.682043152E0,1.532109293E1
1.088593300E1,3.629951477E0,-1.354877518E1,-3.911216583E0,1.456171253E1
1.089593600E1,3.416046295E0,-1.156360336E1,-3.270399170E0,1.249327042E1
1.090593900E1,2.128423920E0,-9.769584045E0,-2.616858215E0,1.033551681E1
1.091594300E1,5.951623535E-1,-8.714278564E0,-1.696721649E0,8.897849936E0
1.092594600E1,-6.393205261E-1,-8.105644226E0,-1.441203003E0,8.257558062E0
1.093594912E1,-1.303489380E0,-7.888745270E0,-1.342408447E0,8.107616600E0
1.094595212E1,-1.541344757E0,-7.698191528E0,-7.698490906E-1,7.888635122E0
1.095595612E1,-1.385369110E0,-7.219487000E0,3.246748352E-1,7.358373044E0
1.096595913E1,-1.292711792E0,-6.928192749E0,1.278341675E0,7.162758964E0
1.097596212E1,-1.516646118E0,-6.702761536E0,1.623972931E0,7.061481129E0
1.098596613E1,-1.465751953E0,-6.777755585E0,1.548829193E0,7.105298827E0
1.099596912E1,-8.122109985E-1,-7.443121948E0,8.174501038E-1,7.531797642E0
1.100597212E1,5.628295898E-2,-8.182883606E0,2.125579834E-1,8.185837329E0
1.101597512E1,4.315525818E-1,-8.727900238E0,-4.345463562E-1,8.749360590E0
1.102597912E1,5.547463989E-1,-8.838071136E0,-8.809181213E-1,8.899171968E0
1.103598213E1,5.152285767E-1,-8.331823883E0,-5.947132874E-1,8.368896797E0
1.104598512E1,3.992198181E-1,-8.040978699E0,-1.716929626E-1,8.052713417E0
1.105598813E1,2.034269714E-1,-7.990234222E0,-1.933978271E-1,7.995162799E0
1.106599212E1,-5.837860107E-2,-8.102949829E0,-5.292993164E-1,8.120428669E0
1.107599513E1,-4.519102478E-1,-8.325536957E0,-1.320404205E0,8.441697445E0
1.108599812E1,-7.990383911E-1,-8.744964752E0,-2.934048615E0,9.258591261E0
1.109600212E1,-4.432283020E-1,-8.931177521E0,-4.324357452E0,9.932897393E0
1.110600513E1,1.422042847E-1,-9.386979675E0,-2.987637177E0,9.851983830E0
1.111600812E1,6.523434448E-1,-1.015742752E1,-8.044271851E-1,1.021009250E1
1.112601113E1,8.369096375E-1,-1.098610428E1,5.074447632E-1,1.102961491E1
1.113601512E1,8.756790161E-1,-1.161270126E1,7.530839539E-1,1.166999485E1
1.114601813E1,9.990225220E-1,-1.158845169E1,1.646575928E-2,1.163144573E1
1.115602112E1,1.080602875E0,-1.097188385E1,-1.100062408E0,1.107971458E1
1.116602512E1,1.097068634E0,-1.011626312E1,-2.020049286E0,1.037414759E1
1.117602813E1,1.436412964E0,-9.448501740E0,-2.414479065E0,9.857341248E0
1.118603112E1,2.230062561E0,-9.085356903E0,-2.199675751E0,9.610174946E0
1.119603413E1,3.936813354E0,-9.699978790E0,-1.528770905E0,1.057947203E1
1.120603812E1,6.899901581E0,-1.137664215E1,-1.935475159E-1,1.330691884E1
1.121604113E1,6.504274292E0,-1.375175308E1,-3.525169373E-1,1.521645705E1
1.122604412E1,4.941524048E0,-1.517559219E1,-7.038363647E-1,1.597537618E1
1.123604812E1,2.444865875E0,-1.556403442E1,-1.869612122E-1,1.575599858E1
1.124605112E1,-1.403032379E0,-1.538994644E1,7.414082336E-1,1.547154283E1
1.125605412E1,-3.442241821E0,-1.536869064E1,-7.484436035E-3,1.574946783E1
1.126605713E1,-4.069138184E0,-1.519819519E1,-3.993246002E0,1.623234537E1
1.127606112E1,-4.146826630E0,-1.467368591E1,-9.287137299E0,1.785396731E1
1.128606413E1,-1.383423157E0,-1.437071594E1,-7.880811768E0,1.644805552E1
1.129606712E1,2.709365845E-1,-1.417716843E1,-2.073637848E0,1.433057867E1
1.130607113E1,-4.141886902E-1,-1.279194901E1,2.547252960E0,1.304967468E1
1.131607412E1,-3.826043701E0,-1.063059357E1,5.110522614E0,1.240022465E1
1.132607712E1,-5.278173981E0,-9.388626251E0,6.105952606E0,1.238095637E1
1.133608013E1,-4.444707184E0,-9.518256683E0,6.378236389E0,1.228961072E1
1.134608412E1,-4.064797211E0,-1.036040543E1,5.333409119E0,1.234122481E1
1.135608713E1,-4.054468689E0,-1.264151184E1,2.327659607E-1,1.327782806E1
1.136609012E1,-4.529281311E0,-1.554083267E1,-7.036866760E0,1.765076098E1
1.137609413E1,-5.769452362E0,-1.697275497E1,-5.050048370E0,1.862428470E1
1.138609712E1,-6.113437042E0,-1.626951736E1,-1.322350159E0,1.743043079E1
1.139610012E1,-5.842051392E0,-1.524444901E1,4.340972900E-1,1.633129604E1
1.140610313E1,-5.457201691E0,-1.478894623E1,4.105961609E-1,1.576903834E1
1.141610712E1,-5.401367798E0,-1.515328857E1,-1.263073425E0,1.613667510E1
1.142611013E1,-4.939578094E0,-1.500539612E1,-1.518292694E0,1.587030425E1
1.143611312E1,-3.567531281E0,-1.370175705E1,-9.824070740E-1,1.419262306E1
1.144611613E1,-2.296374664E0,-1.231279541E1,2.035766602E-1,1.252675979E1
1.145612012E1,-1.495839386E0,-1.069091812E1,8.225395203E-1,1.082634920E1
1.146612312E1,3.128494263E-1,-8.817264404E0,7.902067566E-1,8.858129208E0
1.147612613E1,2.166594543E0,-7.612419891E0,5.095404053E-1,7.931122237E0
1.148613012E1,2.869981842E0,-7.383396149E0,-6.599775696E-1,7.949019113E0
1.149613313E1,3.027604065E0,-6.705006866E0,-1.583856354E0,7.525430513E0
1.150613612E1,1.922152863E0,-6.037993927E0,-1.337169342E0,6.476114895E0
1.151613913E1,5.107379150E-1,-5.531896362E0,-5.216651917E-1,5.579862467E0
1.152614312E1,7.888595581E-2,-4.680017853E0,1.917512512E-1,4.684608696E0
1.153614612E1,5.093907166E-1,-4.458328857E0,6.988966370E-1,4.541434973E0
1.154614913E1,4.941224670E-1,-4.307742004E0,1.490450592E0,4.585001762E0
1.155615312E1,-1.953437805E-1,-3.656147003E0,1.527872772E0,3.967362513E0
1.156615613E1,-1.603465576E0,-2.851570129E0,9.807604980E-1,3.415325052E0
1.157615912E1,-3.598816223E0,-1.652114410E0,7.851173401E-1,4.037000058E0
1.158616213E1,-3.331322479E0,-1.348545685E0,2.052980804E0,4.138963047E0
1.159616612E1,-3.395688629E0,-1.252744904E0,2.018552399E0,4.144227895E0
1.160616912E1,-3.712579651E0,-9.855505371E-1,1.372196503E0,4.078906810E0
1.161617212E1,-3.806135101E0,-1.087638245E0,2.017205200E0,4.442829974E0
1.162617612E1,-3.029849396E0,-8.011340332E-1,1.544039154E0,3.493688597E0
1.163617913E1,-2.382146301E0,-8.942404175E-1,7.240443420E-1,2.645472951E0
1.164618212E1,-2.082020416E0,-1.811682587E0,-4.670288086E-1,2.799128207E0
1.165618513E1,-1.504221954E0,-2.862198029E0,-1.297352142E0,3.483960939E0
1.166618912E1,-7.686515808E-1,-3.921994171E0,-2.781366119E0,4.869174573E0
1.167619212E1,-1.754351807E-1,-5.870641937E0,-5.980812836E0,8.382442152E0
1.168619512E1,3.975732422E-1,-9.245823212E0,-9.893526306E0,1.354714635E1
1.169619912E1,1.446591797E0,-1.321062836E1,-1.413540527E1,1.940162394E1
1.170620213E1,2.558479614E0,-1.815619400E1,-1.754711060E1,2.537901276E1
1.171620512E1,1.828447723E0,-2.470881775E1,-1.915970718E1,3.132033325E1
1.172620813E1,7.141648865E-1,-2.713422409E1,-2.075029953E1,3.416651986E1
1.173621212E1,1.514251099E0,-2.229179398E1,-1.351823868E1,2.611436026E1
1.174621513E1,8.478369141E-1,-1.586700439E1,-5.128185883E0,1.669667471E1
1.175621812E1,1.062939606E0,-9.462422791E0,-4.311184845E0,1.045244471E1
1.176622212E1,1.055455170E0,-4.824317780E0,-7.771239624E0,9.207616030E0
1.177622513E1,7.354206848E-1,-2.561323700E0,-8.055797882E0,8.485110618E0
1.178622812E1,1.309027863E0,-3.040177917E0,-8.632099457E0,9.244964940E0
1.179623113E1,2.894979858E-1,-6.604266357E0,-9.634864197E0,1.168463741E1
1.180623512E1,-2.920426941E0,-1.216011292E1,-5.918542328E0,1.383569235E1
1.181623813E1,-7.049290924E0,-1.791100388E1,1.364562378E0,1.929659537E1
1.182624112E1,-1.009216324E1,-2.070105194E1,8.068222046E0,2.440248998E1
1.183624412E1,-1.211520630E1,-2.118289993E1,8.418942719E0,2.581418350E1
1.184624813E1,-5.516328735E0,-1.584679642E1,-3.095413055E0,1.706260301E1
1.185625112E1,-3.254382477E0,-7.250771942E0,-3.642076263E0,8.742392039E0
1.186625413E1,-7.162455597E0,-1.754052429E0,-1.458716583E0,7.517002340E0
1.187625812E1,-9.216633911E0,1.537901917E0,-3.453917542E0,9.961979188E0
1.188626113E1,-5.593717804E0,7.807763672E-1,-1.975591736E0,5.983498418E0
1.189626412E1,-2.841091919E-1,-3.541335754E0,6.593039703E0,7.489322365E0
1.190626712E1,-1.006057892E0,-8.827892303E0,9.448950806E0,1.297021613E1
1.191627112E1,-3.121309204E0,-1.108774292E1,6.940018158E0,1.344784244E1
1.192627412E1,-3.434458008E0,-1.252325775E1,5.868396606E0,1.425010755E1
1.193627700E1,-3.139870605E0,-1.430141006E1,4.952301636E0,1.545685637E1
1.194628100E1,-2.567161560E0,-1.512978745E1,3.508104858E0,1.574190542E1
1.195628400E1,7.918533325E-1,-1.516930527E1,-7.249424744E-1,1.520724813E1
1.196628700E1,5.056784363E0,-1.526944702E1,-6.575526123E0,1.737712934E1
1.197629000E1,4.594246216E0,-1.431248703E1,-4.075724487E0,1.557452771E1
1.198629400E1,4.301904144E0,-1.213137268E1,-5.199587402E0,1.388208527E1
1.199629700E1,2.639610901E0,-1.054452255E1,-5.736221466E0,1.229059552E1
1.200630000E1,5.231620789E-1,-9.961484985E0,-3.860172729E0,1.069606541E1
1.201630400E1,-6.738986206E-1,-8.893455963E0,-2.176773376E0,9.180742925E0
1.202630700E1,-1.350042572E0,-7.602241058E0,-1.148561554E0,7.806143587E0
1.203631000E1,-1.836979980E0,-6.576274567E0,-2.624043274E-1,6.833062173E0
1.204631300E1,-2.129920807E0,-6.112089844E0,7.622149658E-1,6.517298256E0
1.205631700E1,-2.183659058E0,-6.149661713E0,1.752705231E0,6.757120813E0
1.206632000E1,-2.000290375E0,-6.447093201E0,2.098336487E0,7.068888762E0
1.207632300E1,-1.303938446E0,-6.954537964E0,1.443448334E0,7.221453929E0
1.208632700E1,-4.364923096E-1,-7.760462036E0,6.057902527E-1,7.796299018E0
1.209633000E1,4.266128540E-2,-8.438102875E0,3.685336304E-1,8.446254622E0
1.210633300E1,-9.310638428E-2,-8.608298950E0,4.366419983E-1,8.619868668E0
1.211633600E1,-4.773573303E-1,-8.404722290E0,2.453398132E-1,8.421841747E0
1.212634000E1,-5.016069031E-1,-8.098309479E0,3.233276367E-2,8.113893720E0
1.213634300E1,-3.793112183E-1,-7.855065308E0,-1.945953369E-2,7.864242281E0
1.214634600E1,-3.650907898E-1,-7.662864990E0,-1.080752563E-1,7.672318516E0
1.215635000E1,-4.318519592E-1,-7.858358459E0,-2.276765442E-1,7.873508138E0
1.216635300E1,-8.997789001E-1,-8.436156921E0,-2.736309814E-1,8.488416789E0
1.217635600E1,-9.116043091E-1,-8.425079956E0,-8.060737610E-1,8.512505483E0
1.218635900E1,-1.168021088E0,-8.566535797E0,-1.530567169E0,8.780230332E0
1.219636300E1,-1.549128571E0,-9.065448303E0,-1.976190491E0,9.406778467E0
1.220636600E1,-1.649120636E0,-9.691596222E0,-2.127825165E0,1.005854245E1
1.221636900E1,-1.457219696E0,-1.021969803E1,-1.862277374E0,1.048969943E1
1.222637200E1,-1.018032990E0,-1.076666061E1,-9.735754395E-1,1.085841706E1
1.223637600E1,-5.188211060E-1,-1.118983063E1,4.715194702E-2,1.120195109E1
1.224637900E1,-7.244934082E-2,-1.109867020E1,5.135820007E-1,1.111078285E1
1.225638200E1,7.182064819E-1,-1.076052338E1,1.763333130E-1,1.078590642E1
1.226638600E1,2.160307617E0,-1.028331573E1,-7.101232910E-1,1.053175135E1
1.227638900E1,4.441563721E0,-1.023960663E1,-1.610500946E0,1.127700073E1
1.228639200E1,8.338410187E0,-1.142229721E1,-1.159339142E0,1.418950405E1
1.229639500E1,9.978549500E0,-1.332349365E1,-1.219813385E0,1.669056254E1
1.230639900E1,7.655829620E0,-1.474029739E1,-2.460134125E0,1.679107961E1
1.231640200E1,4.357288971E0,-1.533381317E1,-2.828667755E0,1.618990904E1
1.232640500E1,1.456171875E0,-1.585862183E1,-1.466500397E0,1.599271541E1
1.233640900E1,-1.110989685E0,-1.594888412E1,6.732998657E-1,1.600170415E1
1.234641200E1,-3.059487762E0,-1.522394165E1,-1.455124054E0,1.559635376E1
1.235641500E1,-3.787274323E0,-1.421683594E1,-6.310427399E0,1.600885270E1
1.236641800E1,-3.011287994E0,-1.361119537E1,-7.562573547E0,1.585954014E1
1.237642200E1,-1.704655151E0,-1.333921097E1,-3.728596344E0,1.395502881E1
1.238642500E1,-1.011147308E0,-1.286799088E1,-1.743873596E-1,1.290883492E1
1.239642800E1,-3.804787903E0,-1.178574142E1,2.820135498E0,1.270170367E1
1.240643100E1,-6.743327179E0,-1.061113403E1,5.775589600E0,1.383568076E1
1.241643500E1,-6.453080750E0,-1.037073395E1,6.636150055E0,1.390082233E1
1.242643800E1,-5.354066162E0,-1.088251968E1,6.197861481E0,1.362015955E1
1.243644100E1,-4.515809326E0,-1.211116470E1,3.788322144E0,1.346938117E1
1.244644500E1,-4.299060059E0,-1.484837265E1,-6.277944946E0,1.668438433E1
1.245644800E1,-4.639003143E0,-1.718336700E1,-8.494086456E0,1.972151000E1
1.246645100E1,-4.795876923E0,-1.645213760E1,-3.287313995E0,1.744934671E1
1.247645400E1,-4.420158234E0,-1.478011459E1,-1.425485687E0,1.549263037E1
1.248645800E1,-4.426295471E0,-1.462818054E1,-1.039438477E0,1.531849176E1
1.249646100E1,-4.828808441E0,-1.511002853E1,-1.911824341E0,1.597765394E1
1.250646400E1,-4.190386047E0,-1.419333481E1,-1.721869354E0,1.489882285E1
1.251646800E1,-2.822081451E0,-1.285751266E1,-1.075962524E0,1.320747784E1
1.252647100E1,-2.156565399E0,-1.174487640E1,4.176315308E-2,1.194129977E1
1.253647400E1,-1.517244873E0,-1.055036041E1,1.045875092E0,1.071008831E1
1.254647700E1,-8.831634521E-2,-8.810827789E0,7.479945374E-1,8.842962283E0
1.255648100E1,1.597777405E0,-7.633076935E0,-4.212240601E-1,7.809877453E0
1.256648400E1,2.581681366E0,-7.087311859E0,-1.366059265E0,7.665584517E0
1.257648700E1,2.424807587E0,-6.402186584E0,-7.056326294E-1,6.882267236E0
1.258649000E1,1.193617859E0,-6.020779724E0,-6.987469482E-1,6.177601426E0
1.259649400E1,4.245172119E-1,-5.321883087E0,-8.726852417E-1,5.409642686E0
1.260649700E1,3.174897766E-1,-5.097948761E0,1.740879822E-1,5.110791324E0
1.261650000E1,1.871109009E-1,-4.894222412E0,1.333876190E0,5.076184512E0
1.262650400E1,-2.197430420E-1,-3.988905029E0,1.742376709E0,4.358385817E0
1.263650700E1,-7.234455872E-1,-3.282823334E0,8.030799866E-1,3.456188656E0
1.264651000E1,-1.656305695E0,-2.924767914E0,9.828561401E-1,3.501945473E0
1.265651300E1,-2.994073792E0,-2.471809845E0,7.661068726E-1,3.957428650E0
1.266651700E1,-3.364253998E0,-2.049837341E0,4.065545654E-1,3.960470263E0
1.267652000E1,-3.639980621E0,-1.518592072E0,1.222058716E0,4.129044479E0
1.268652300E1,-3.598965912E0,-1.083147583E0,1.590442657E0,4.081087131E0
1.269652700E1,-3.165467377E0,-8.949888611E-1,1.453627167E0,3.596417761E0
1.270653000E1,-2.649190979E0,-1.165027313E0,7.978408813E-1,3.002007921E0
1.271653300E1,-2.265089722E0,-1.600022736E0,2.395019531E-1,2.783534693E0
1.272653600E1,-1.862876129E0,-2.204914856E0,-6.158193970E-1,2.951472603E0
1.273654000E1,-1.236428833E0,-3.131937103E0,-1.516197052E0,3.692782119E0
1.274654300E1,-5.069956970E-1,-4.107458496E0,-2.603535919E0,4.889443651E0
1.275654600E1,9.924362183E-2,-5.729186096E0,-4.939428406E0,7.565142140E0
1.276654900E1,6.146218872E-1,-8.404273224E0,-8.388555908E0,1.189022450E1
1.277655300E1,1.349294128E0,-1.221489899E1,-1.177211975E1,1.701784814E1
1.278655600E1,2.765798492E0,-1.705179062E1,-1.595786545E1,2.351736963E1
1.279655900E1,2.806813202E0,-2.370575363E1,-1.766536469E1,2.969690329E1
1.280656300E1,7.020401001E-1,-2.714874390E1,-1.913890045E1,3.322415787E1
1.281656600E1,-1.360520782E0,-2.257605286E1,-1.430709824E1,2.676232873E1
1.282656900E1,-7.963439941E-2,-1.715507584E1,-7.792645111E0,1.884219431E1
1.283657200E1,-6.530918884E-1,-1.121692429E1,-4.917274475E0,1.226480769E1
1.284657600E1,-5.137316895E-1,-5.294340363E0,-6.769223328E0,8.609085003E0
1.285657900E1,-1.194665680E0,-2.098336487E0,-8.916208649E0,9.237370771E0
1.286658200E1,-1.741628265E0,-2.645299072E0,-8.777896271E0,9.331791850E0
1.287658600E1,-2.224823456E0,-6.404431915E0,-9.721533966E0,1.185220698E1
1.288658900E1,-3.652105408E0,-1.107457031E1,-7.746990051E0,1.399999416E1
1.289659200E1,-5.227728882E0,-1.579081284E1,-8.187973022E-2,1.663386977E1
1.290659500E1,-6.775809631E0,-1.868025421E1,7.200326843E0,2.113547256E1
1.291659900E1,-9.584419098E0,-1.977597565E1,1.076501404E1,2.447112236E1
1.292660200E1,-4.563560028E0,-1.745639923E1,1.893113251E0,1.814210109E1
1.293660500E1,-2.954855347E-1,-1.161090500E1,-2.205962677E0,1.182229664E1
1.294660792E1,-4.224814453E0,-5.698499908E0,-8.277786255E-1,7.141930819E0
1.295661192E1,-6.774013367E0,-9.057664490E-1,-3.828588409E0,7.833630012E0
1.296661492E1,-6.436465302E0,7.364685059E-2,-4.115841064E0,7.640265513E0
1.297661792E1,-1.990111542E0,-2.435435486E0,2.653831329E0,4.115180516E0
1.298662192E1,-1.461410980E0,-6.725214844E0,8.450826416E0,1.089865606E1
1.299662492E1,-3.610042877E0,-9.547745361E0,6.958579559E0,1.235369097E1
1.300662792E1,-4.287833405E0,-1.145313309E1,5.419480133E0,1.337649198E1
1.301663092E1,-4.051474915E0,-1.344563965E1,4.605772247E0,1.477879604E1
1.302663492E1,-3.381917267E0,-1.477607300E1,3.225941620E0,1.549762553E1
1.303663792E1,-1.479972382E0,-1.540252029E1,1.729802856E0,1.556984803E1
1.304664092E1,3.233725433E0,-1.571806412E1,-3.426823883E0,1.640907193E1
1.305664492E1,5.206323395E0,-1.532962189E1,-5.536536713E0,1.711012417E1
1.306664792E1,4.363575897E0,-1.325748093E1,-4.265829163E0,1.459448161E1
1.307665092E1,2.933300171E0,-1.068567902E1,-5.193749542E0,1.223777023E1
1.308665392E1,1.033001862E0,-9.474098511E0,-4.596042480E0,1.058060688E1
1.309665792E1,-3.538641357E-1,-8.848249969E0,-3.172053680E0,9.406310217E0
1.310666092E1,-9.605525208E-1,-7.662266235E0,-1.738933868E0,7.915609642E0
1.311666392E1,-1.174457703E0,-6.644233246E0,-7.827223206E-1,6.792484122E0
1.312666692E1,-1.515747986E0,-6.117029572E0,-1.710942078E-1,6.304348972E0
1.313667092E1,-1.457070007E0,-5.808820496E0,6.206094360E-1,6.020847501E0
1.314667392E1,-9.584568787E-1,-5.931864624E0,1.114133148E0,6.111215115E0
1.315667692E1,-8.755293274E-1,-6.528972931E0,1.200802917E0,6.695966456E0
1.316668092E1,-8.158035278E-2,-7.185208282E0,9.526190186E-1,7.248541675E0
1.317668392E1,6.384223938E-1,-7.885601807E0,4.363426208E-1,7.923426903E0
1.318668692E1,7.354206848E-1,-8.369096375E0,2.583627319E-1,8.405317901E0
1.319668992E1,2.944377136E-1,-8.462053070E0,3.978726196E-1,8.476516876E0
1.320669392E1,1.050814819E-1,-8.262068939E0,2.630030823E-1,8.266921791E0
1.321669692E1,9.131011963E-2,-8.172255707E0,-3.056643677E-1,8.178479784E0
1.322669992E1,-1.633103943E-1,-8.169261932E0,-7.167095947E-1,8.202266970E0
1.323670392E1,-6.857240295E-1,-8.060438232E0,-6.761439514E-1,8.117761550E0
1.324670692E1,-8.310717773E-1,-7.897576904E0,-1.553768921E0,8.091761188E0
1.325670992E1,-7.637118530E-1,-7.831713867E0,-3.242856445E0,8.510882200E0
1.326671292E1,-8.202941895E-1,-8.436306610E0,-3.722459106E0,9.257475551E0
1.327671692E1,-5.620811462E-1,-9.400451660E0,-2.001487885E0,9.627584348E0
1.328671992E1,-1.930984497E-2,-1.015473312E1,-2.779719543E-1,1.015855532E1
1.329672292E1,-2.392025757E-1,-1.074884766E1,8.307723999E-2,1.075182987E1
1.330672692E1,-7.581733704E-1,-1.115001343E1,-3.052153015E-1,1.117992767E1
1.331672992E1,-7.131170654E-1,-1.098879868E1,-9.154962158E-1,1.104990342E1
1.332673292E1,-4.694238281E-1,-1.072100555E1,-1.161135406E0,1.079391283E1
1.333673592E1,1.553768921E-1,-1.037402710E1,-9.415420532E-1,1.041782519E1
1.334673992E1,1.491348724E0,-9.964778137E0,-8.708889771E-1,1.011332645E1
1.335674292E1,3.290307770E0,-1.007345215E1,-1.190324707E0,1.066383779E1
1.336674592E1,6.143823853E0,-1.132664612E1,-9.644444275E-1,1.292167315E1
1.337674992E1,8.671168213E0,-1.337019653E1,-4.541555786E-1,1.594232012E1
1.338675292E1,6.065836029E0,-1.500599487E1,-1.972597961E0,1.630537922E1
1.339675592E1,2.507585449E0,-1.521106842E1,-1.914818115E0,1.553483555E1
1.340675892E1,6.740483093E-1,-1.518337601E1,5.942642212E-2,1.519844662E1
1.341676292E1,-1.729653168E0,-1.530956360E1,1.328637085E0,1.546414285E1
1.342676592E1,-3.737727356E0,-1.466934494E1,1.315913544E0,1.519512801E1
1.343676892E1,-3.919299774E0,-1.382225647E1,-4.961432648E0,1.519972034E1
1.344677292E1,-1.905238037E0,-1.307845322E1,-9.830058289E0,1.647136656E1
1.345677592E1,1.442999268E-1,-1.303339691E1,-4.590803375E0,1.381903517E1
1.346677892E1,1.084045715E0,-1.324475739E1,3.421884155E-1,1.329345125E1
1.347678192E1,-7.369175720E-1,-1.303339691E1,3.049159241E0,1.340559042E1
1.348678592E1,-5.077291718E0,-1.216939362E1,5.628595276E0,1.433715861E1
1.349678892E1,-7.496261444E0,-1.127141098E1,7.405550079E0,1.542986757E1
1.350679192E1,-6.813082123E0,-1.097368011E1,7.545658722E0,1.495916805E1
1.351679592E1,-7.373516693E0,-1.171433990E1,5.010081482E0,1.472057826E1
1.352679892E1,-7.279512177E0,-1.366628082E1,-2.940335541E0,1.576084078E1
1.353680192E1,-6.048771515E0,-1.584724548E1,-8.244555359E0,1.885989182E1
1.354680592E1,-5.782026215E0,-1.626188324E1,-4.301604767E0,1.778719981E1
1.355680892E1,-5.698499908E0,-1.599543732E1,-1.337169342E0,1.703276073E1
1.356681192E1,-5.360802155E0,-1.578272964E1,-6.313870239E-1,1.668026991E1
1.357681492E1,-5.176385651E0,-1.554068298E1,-1.288370819E0,1.643069370E1
1.358681892E1,-4.134103088E0,-1.508682678E1,-1.672172699E0,1.573211086E1
1.359682192E1,-2.357148285E0,-1.371807312E1,-1.163979492E0,1.396769582E1
1.360682492E1,-8.629554749E-1,-1.240575211E1,2.715353394E-1,1.243869402E1
1.361682892E1,-7.484436035E-3,-1.077668976E1,1.438358917E0,1.087225710E1
1.362683192E1,1.071771240E0,-9.149423676E0,1.242566071E0,9.295408416E0
1.363683492E1,2.533780975E0,-8.325686646E0,8.276289368E-1,8.741971963E0
1.364683792E1,3.394491119E0,-7.525001678E0,-4.537065125E-1,8.267652014E0
1.365684192E1,2.723885651E0,-6.451883240E0,-1.417252808E0,7.145275075E0
1.366684492E1,1.310973816E0,-5.641169128E0,-1.622476044E0,6.014471714E0
1.367684792E1,3.002755737E-1,-4.778513031E0,-1.318907318E0,4.966273122E0
1.368685192E1,3.577560425E-2,-4.499642944E0,-5.227130127E-1,4.530043644E0
1.369685492E1,3.357518005E-1,-4.815336456E0,4.454736328E-1,4.847539708E0
1.370685792E1,1.431024170E-1,-4.187991028E0,8.798703003E-1,4.281812571E0
1.371686192E1,-4.267625427E-1,-3.503015442E0,1.098116455E0,3.695822399E0
1.372686492E1,-1.321152649E0,-3.031495972E0,1.134191437E0,3.495969445E0
1.373686792E1,-2.449655914E0,-2.379751282E0,1.079405365E0,3.581779754E0
1.374687092E1,-3.292702789E0,-1.722917175E0,1.350791016E0,3.954108195E0
1.375687492E1,-4.041894836E0,-1.072519684E0,1.646725616E0,4.494320593E0
1.376687792E1,-4.069886627E0,-8.045768738E-1,1.736538849E0,4.497431298E0
1.377688092E1,-3.486549683E0,-7.735913086E-1,1.767674103E0,3.984864356E0
1.378688492E1,-2.681972809E0,-9.849517822E-1,1.421144714E0,3.191043788E0
1.379688792E1,-2.080523529E0,-1.512604523E0,8.195457458E-1,2.699667725E0
1.380689092E1,-1.591340790E0,-2.072290649E0,1.654060364E-1,2.618036135E0
1.381689492E1,-1.108295288E0,-2.648442535E0,-5.129832458E-1,2.916456432E0
1.382689792E1,-7.280859375E-1,-3.498674469E0,-1.816772003E0,4.008926625E0
1.383690092E1,-4.587959290E-1,-4.799020386E0,-4.013603668E0,6.272966186E0
1.384690392E1,-5.445675659E-1,-7.009473724E0,-6.911427612E0,9.858859334E0
1.385690792E1,-6.494993591E-1,-1.020832169E1,-1.034214340E1,1.454618889E1
1.386691092E1,5.019062805E-1,-1.430769699E1,-1.529219971E1,2.094787519E1
1.387691392E1,2.190694427E0,-2.054597443E1,-1.749965927E1,2.707719117E1
1.388691792E1,9.286688232E-1,-2.782533691E1,-1.918260956E1,3.380952986E1
1.389692092E1,7.460485840E-1,-2.841136826E1,-1.873578873E1,3.404103720E1
1.390692392E1,1.101259918E0,-2.264999908E1,-1.089554260E1,2.515845942E1
1.391692692E1,5.852828979E-2,-1.528905624E1,-4.841382294E0,1.603738286E1
1.392693092E1,9.719288635E-1,-7.556885376E0,-5.661975861E0,9.492583049E0
1.393693392E1,1.358275452E0,-2.609673157E0,-8.549920349E0,9.041927016E0
1.394693754E1,2.033970337E0,3.233276367E-2,-7.924969940E0,8.181884214E0
1.395694154E1,3.052003326E0,-1.297801208E-1,-7.808063049E0,8.384355417E0
1.396694454E1,1.853296051E0,-3.465742950E0,-6.208489380E0,7.347885467E0
1.397694754E1,-2.175575867E0,-7.586523743E0,-1.271755371E0,7.994112494E0
1.398695154E1,-7.331903229E0,-1.217822525E1,3.195854187E0,1.456981329E1
1.399695454E1,-1.146076721E1,-1.683354446E1,5.966891785E0,2.122077289E1
1.400695754E1,-1.390608215E1,-1.964814148E1,6.776408386E0,2.500696493E1
1.401696054E1,-1.050290909E1,-2.192176346E1,-3.240910492E0,2.452301599E1
1.402696454E1,1.507365417E-1,-1.775892014E1,-1.008662476E1,2.042405359E1
1.403696754E1,-2.187401276E0,-7.932005310E0,6.012995911E-1,8.250029926E0
1.404697054E1,-9.749974823E0,-1.124611359E0,-1.330583038E0,9.904403616E0
1.405697454E1,-1.102382584E1,6.469546509E-1,-6.604116669E0,1.286692051E1
1.406697754E1,-3.854334869E0,-1.160686340E0,-1.460961914E-1,4.027956574E0
1.407698054E1,2.591111755E-1,-5.532345428E0,7.782466278E0,9.552003241E0
1.408698454E1,-2.133363647E0,-9.405541077E0,7.673792267E0,1.232487449E1
1.409698754E1,-3.888164520E0,-1.131242569E1,6.039191437E0,1.340002356E1
1.410699054E1,-4.101470947E0,-1.295660660E1,5.119653625E0,1.452262276E1
1.411699354E1,-3.769161987E0,-1.479268845E1,3.944297791E0,1.576666416E1
1.412699754E1,-2.763852539E0,-1.613629440E1,2.442620544E0,1.655250051E1
1.413700054E1,4.191284180E-3,-1.663011749E1,-1.010698242E0,1.666080239E1
1.414700354E1,2.907404022E0,-1.621173752E1,-3.716621246E0,1.688451080E1
1.415700754E1,3.501518555E0,-1.455827591E1,-3.159180450E0,1.530308631E1
1.416701054E1,3.614234161E0,-1.189471481E1,-3.121608582E0,1.281761948E1
1.417701354E1,2.034868469E0,-9.612859955E0,-2.265838165E0,1.008373883E1
1.418701754E1,-4.586462402E-1,-8.524622955E0,-1.504521332E0,8.668514137E0
1.419702054E1,-1.559457092E0,-7.959248657E0,-1.698667603E0,8.286556416E0
1.420702354E1,-2.288291473E0,-7.385641479E0,-1.608554993E0,7.897558300E0
1.421702654E1,-2.596051483E0,-6.950945435E0,-7.714956665E-1,7.459914966E0
1.422703054E1,-1.908381500E0,-6.458020477E0,7.545808411E-1,6.776233517E0
1.423703354E1,-1.703906708E0,-5.962101746E0,2.121538239E0,6.553692073E0
1.424703654E1,-1.639241180E0,-6.007457428E0,2.739153900E0,6.802912647E0
1.425704054E1,-9.623487854E-1,-6.700067139E0,2.638114014E0,7.264754669E0
1.426704354E1,8.158035278E-2,-7.599696350E0,1.987117767E0,7.855614361E0
1.427704654E1,3.477268982E-1,-8.170010376E0,1.672023010E0,8.346594784E0
1.428704954E1,-6.152206421E-2,-8.500074005E0,1.340462494E0,8.605340363E0
1.429705354E1,-5.789959717E-1,-8.471184082E0,9.415420532E-1,8.542991135E0
1.430705654E1,-1.040186920E0,-8.262068939E0,3.306623840E-1,8.333853226E0
1.431705954E1,-9.475296021E-1,-7.780370636E0,-5.545967102E-1,7.857452328E0
1.432706354E1,-9.114546204E-1,-7.613467712E0,-1.311871948E0,7.779244702E0
1.433706654E1,-5.081932068E-1,-7.636669464E0,-2.760110321E0,8.136042639E0
1.434706954E1,5.718109131E-2,-8.077652435E0,-4.805606689E0,9.399233703E0
1.435707354E1,6.451583862E-2,-9.001231842E0,-4.400549011E0,1.001953934E1
1.436707654E1,2.983296204E-1,-9.616003418E0,-1.394949188E0,9.721234774E0
1.437707954E1,5.545967102E-1,-9.965676270E0,7.753875732E-1,1.001116911E1
1.438708254E1,6.292913818E-1,-1.053569092E1,1.387165375E0,1.064523455E1
1.439708654E1,4.971162415E-1,-1.111857880E1,7.813751221E-1,1.115708143E1
1.440708954E1,7.080276489E-1,-1.123788071E1,-6.387217712E-1,1.127826367E1
1.441709254E1,1.096020813E0,-1.058299255E1,-2.261048126E0,1.087719319E1
1.442709654E1,9.530680847E-1,-9.808652802E0,-3.085982666E0,1.032672734E1
1.443709954E1,7.547305298E-1,-9.094038849E0,-2.688110046E0,9.512996183E0
1.444710254E1,1.292562103E0,-8.677305450E0,-1.864373016E0,8.968959439E0
1.445710654E1,2.637215881E0,-9.265582123E0,-1.256936188E0,9.715235883E0
1.446710954E1,6.266568604E0,-1.135224289E1,-9.295669556E-2,1.296734135E1
1.447711254E1,7.871980133E0,-1.402747971E1,3.724255371E-1,1.608965378E1
1.448711554E1,5.566923523E0,-1.561642548E1,-5.221142578E-1,1.658722356E1
1.449711954E1,2.523003387E0,-1.563738190E1,-1.504970398E0,1.591094575E1
1.450712254E1,-4.116439819E-1,-1.513936752E1,-1.046324158E0,1.518106367E1
1.451712554E1,-3.919150085E0,-1.535985901E1,5.769003296E-1,1.586246577E1
1.452712954E1,-5.447771301E0,-1.502740036E1,-3.326233063E0,1.632681231E1
1.453713254E1,-3.758683777E0,-1.431742676E1,-8.480764160E0,1.705988785E1
1.454713554E1,-5.358856201E-1,-1.407493103E1,-5.930667114E0,1.528278997E1
1.455713954E1,2.627785492E0,-1.381941238E1,-2.288590851E0,1.425198454E1
1.456714254E1,3.276686096E0,-1.276799881E1,-1.387614441E-1,1.318247777E1
1.457714554E1,1.103804626E0,-1.193019104E1,1.276844788E0,1.204899064E1
1.458714854E1,-4.939129028E0,-1.072759186E1,4.023333435E0,1.247651532E1
1.459715254E1,-6.916666718E0,-1.020532791E1,6.372997284E0,1.387818758E1
1.460715554E1,-5.463039551E0,-1.136287079E1,6.907236328E0,1.437600596E1
1.461715854E1,-5.558990021E0,-1.325957657E1,5.698499908E0,1.546582174E1
1.462716254E1,-6.980134735E0,-1.620485184E1,-4.734654236E-1,1.765059981E1
1.463716554E1,-6.753506012E0,-1.907483368E1,-7.468269653E0,2.156928777E1
1.464716854E1,-5.647456055E0,-1.927751221E1,-4.705764313E0,2.063154029E1
1.465717254E1,-4.980143738E0,-1.731329681E1,-1.710493011E0,1.809634948E1
1.466717554E1,-4.366270294E0,-1.532782562E1,-1.319805450E0,1.599213685E1
1.467717854E1,-4.915478210E0,-1.478026428E1,-1.416354675E0,1.564046671E1
1.468718154E1,-4.582869873E0,-1.441442505E1,-1.262175293E0,1.517799171E1
1.469718554E1,-3.304977264E0,-1.360939911E1,-3.156935120E-1,1.400850746E1
1.470718854E1,-1.937121735E0,-1.236189331E1,6.494993591E-1,1.252959282E1
1.471719154E1,-9.779164124E-1,-1.094404175E1,8.270301819E-1,1.101872720E1
1.472719554E1,-2.948867798E-2,-9.395511932E0,6.337820435E-1,9.416909989E0
1.473719854E1,1.424886932E0,-8.285270691E0,2.278262329E-1,8.409989179E0
1.474720154E1,2.168241119E0,-7.806416473E0,-5.878276062E-1,8.123235132E0
1.475720554E1,2.054028625E0,-7.216343536E0,-1.319655762E0,7.618145375E0
1.476720854E1,7.282356262E-1,-6.348148956E0,-1.263073425E0,6.513422816E0
1.477721154E1,-1.582209778E-1,-5.113366699E0,-9.113049316E-1,5.196347713E0
1.478721454E1,-4.041595459E-3,-4.408332825E0,8.083190918E-3,4.408342088E0
1.479721854E1,1.667532349E-1,-3.591032410E0,1.162332916E0,3.778139518E0
1.480722154E1,-7.560777283E-1,-2.584974518E0,1.470092926E0,3.068374162E0
1.481722454E1,-1.085093536E0,-2.222129059E0,1.509610748E0,2.897276333E0
1.482722854E1,-1.097966766E0,-2.315534821E0,1.801204376E0,3.132342531E0
1.483723154E1,-1.850302277E0,-2.091899872E0,1.293460236E0,3.077775653E0
1.484723454E1,-2.681374054E0,-1.454375610E0,1.218615875E0,3.284813524E0
1.485723754E1,-3.250340881E0,-8.074209595E-1,1.343306580E0,3.608478491E0
1.486724154E1,-3.969894562E0,-1.038390656E0,1.796863403E0,4.479624546E0
1.487724454E1,-3.640878754E0,-1.020877075E0,1.309476929E0,4.001614415E0
1.488724754E1,-2.730621643E0,-1.147513733E0,8.535250854E-1,3.082464500E0
1.489725154E1,-2.214345245E0,-1.661095734E0,3.556604004E-1,2.790888429E0
1.490725454E1,-2.286195831E0,-1.859283600E0,-1.175056458E-1,2.949141309E0
1.491725754E1,-2.405647430E0,-2.006427612E0,-8.488847351E-1,3.245534874E0
1.492726154E1,-1.789079590E0,-2.491269379E0,-1.807341614E0,3.560015815E0
1.493726454E1,-1.018182678E0,-3.645818481E0,-3.449875946E0,5.121555663E0
1.494726692E1,-9.336085510E-1,-5.806126099E0,-6.819967804E0,9.005258800E0
1.495726992E1,-6.301895142E-2,-9.318122864E0,-1.168335434E1,1.494430171E1
1.496727392E1,2.743494873E0,-1.421024963E1,-1.735625748E1,2.259862014E1
1.497727692E1,5.610932007E0,-2.120535324E1,-1.818912552E1,2.849550581E1
1.498727992E1,2.637066193E0,-2.917193665E1,-1.689910812E1,3.381620708E1
1.499728392E1,-1.405726776E0,-3.001333694E1,-1.602672226E1,3.405337412E1
1.500728692E1,-2.494712219E0,-2.379856064E1,-1.062969543E1,2.618368772E1
1.501728992E1,-1.986519012E0,-1.488130417E1,-6.624174957E0,1.640972777E1
1.502729392E1,-1.959425354E-1,-6.262826385E0,-6.817572784E0,9.259626692E0
1.503729692E1,4.773573303E-1,-3.353027344E-2,-7.941136322E0,7.955541489E0
1.504729992E1,-1.370400238E0,2.222278748E0,-8.978329468E0,9.350236343E0
1.505730292E1,-3.989354095E0,-6.045927429E-1,-9.947414246E0,1.073459495E1
1.506730692E1,-5.363346863E0,-7.042255554E0,-9.297166443E0,1.283729554E1
1.507730992E1,-5.770500183E0,-1.314521439E1,-4.332590332E0,1.499555509E1
1.508731292E1,-5.591322784E0,-1.823133774E1,2.757864990E0,1.926785887E1
1.509731692E1,-6.821614380E0,-2.129247208E1,9.026678925E0,2.411192075E1
1.510731992E1,-6.612199860E0,-2.155592422E1,7.391329651E0,2.372784883E1
1.511732292E1,-1.197509766E-1,-1.580368607E1,-1.516646118E0,1.587674554E1
1.512732592E1,-2.639311523E0,-7.051236877E0,-4.610412598E-2,7.529145530E0
1.513732992E1,-8.613837433E0,-5.014572144E-1,-4.653822327E0,9.803454335E0
1.514733292E1,-1.053808594E1,2.105671234E0,-7.835456085E0,1.329960445E1
1.515733592E1,-4.775070190E0,4.278103638E-1,-1.539099426E0,5.035190570E0
1.516733992E1,5.069956970E-1,-4.375251617E0,6.266418915E0,7.659495895E0
1.517734292E1,-1.321751404E0,-8.824000397E0,9.685159607E0,1.316861141E1
1.518734592E1,-3.256927185E0,-1.150178192E1,7.495662689E0,1.410969600E1
1.519734992E1,-4.234544220E0,-1.395562912E1,5.307363281E0,1.551963446E1
1.520735292E1,-4.265230408E0,-1.582793564E1,3.942651215E0,1.686001885E1
1.521735592E1,-2.456990662E0,-1.681198929E1,2.943479004E0,1.724366132E1
1.522735892E1,1.866618347E-1,-1.666245026E1,2.272274780E-1,1.666504496E1
1.523736292E1,3.701053619E0,-1.596355362E1,-4.179458771E0,1.691155574E1
1.524736592E1,4.518653412E0,-1.452669159E1,-4.008214874E0,1.573241188E1
1.525736892E1,4.055067444E0,-1.206056992E1,-4.494403839E0,1.349446496E1
1.526737292E1,2.593057709E0,-9.792037354E0,-5.088817749E0,1.133596092E1
1.527737592E1,5.677693176E-1,-8.542286224E0,-4.147126007E0,9.512710973E0
1.528737892E1,-9.457333374E-1,-8.017028503E0,-2.993774414E0,8.609868920E0
1.529738292E1,-1.745969238E0,-7.710915070E0,-1.791773987E0,8.106606800E0
1.530738592E1,-2.186203766E0,-7.171137543E0,-2.281256104E-1,7.500449444E0
1.531738892E1,-1.852098541E0,-6.674320679E0,1.107846222E0,7.014566899E0
1.532739192E1,-1.713486786E0,-6.555467834E0,1.506467285E0,6.941155464E0
1.533739592E1,-1.599124603E0,-6.510561218E0,1.384470978E0,6.845536265E0
1.534739892E1,-1.383872223E0,-6.562952271E0,9.695338440E-1,6.776978730E0
1.535740192E1,-8.225395203E-1,-7.023694153E0,5.331912231E-1,7.091765908E0
1.536740592E1,-3.623963928E-1,-7.597900085E0,5.261558533E-1,7.624713558E0
1.537740892E1,-1.480421448E-1,-8.075706482E0,4.965174866E-1,8.092310008E0
1.538741192E1,-1.405577087E-1,-8.390801239E0,4.361929321E-1,8.403306860E0
1.539741592E1,-1.678010559E-1,-8.064330139E0,6.692582703E-1,8.093792956E0
1.540741892E1,-3.243754578E-1,-7.361541595E0,4.920268250E-1,7.385093398E0
1.541742192E1,-8.904981995E-1,-7.383695526E0,-1.784289551E-1,7.439340264E0
1.542742492E1,-1.354533234E0,-7.359296265E0,-1.030008087E0,7.553470623E0
1.543742892E1,-2.152673492E0,-7.761659546E0,-2.756368103E0,8.513220730E0
1.544743192E1,-2.013912048E0,-8.492739258E0,-5.619164886E0,1.038062984E1
1.545743492E1,-1.335971832E0,-9.369615784E0,-4.960384827E0,1.068550131E1
1.546743892E1,-4.873864746E-1,-9.995464325E0,-1.861678619E0,1.017903237E1
1.547744192E1,3.790118408E-1,-1.024694138E1,3.483256531E-1,1.025986298E1
1.548744492E1,5.257067871E-1,-1.081770447E1,1.206341400E0,1.089744728E1
1.549744792E1,8.173004150E-2,-1.144400208E1,1.098864899E0,1.149692861E1
1.550745192E1,-2.194436646E-1,-1.138038437E1,4.715194702E-1,1.139226205E1
1.551745492E1,-8.232879639E-2,-1.060589493E1,-7.532336426E-1,1.063292745E1
1.552745792E1,3.197351074E-1,-9.773026886E0,-2.119292908E0,1.000528298E1
1.553746192E1,1.289867706E0,-8.985813904E0,-2.988086243E0,9.557053396E0
1.554746492E1,3.426374817E0,-8.973389740E0,-2.749781799E0,9.991149471E0
1.555746792E1,6.903643799E0,-1.030232620E1,-1.254391479E0,1.246481933E1
1.556747192E1,8.359965363E0,-1.256591904E1,-6.602769470E-1,1.510719391E1
1.557747492E1,7.441475372E0,-1.478924561E1,-4.703219604E-1,1.656256454E1
1.558747792E1,4.579277344E0,-1.578886688E1,-5.556445312E-1,1.644891605E1
1.559748092E1,1.614243164E0,-1.551328995E1,-9.184899902E-1,1.562407021E1
1.560748492E1,-1.313817902E0,-1.552376816E1,1.561253357E-1,1.558004719E1
1.561748792E1,-2.573747864E0,-1.539458679E1,-9.343569946E-1,1.563619211E1
1.562749092E1,-3.260370026E0,-1.454300766E1,-6.445895691E0,1.623818511E1
1.563749492E1,-1.644480286E0,-1.392554169E1,-7.529192963E0,1.591583405E1
1.564749792E1,3.426374817E-1,-1.371373215E1,-4.076323242E0,1.431084418E1
1.565750092E1,1.300345917E0,-1.296753387E1,-1.622625732E-1,1.303357830E1
1.566750492E1,3.847000122E-2,-1.206086929E1,2.449655914E0,1.230718742E1
1.567750792E1,-4.849016418E0,-1.092922256E1,3.741020508E0,1.252821218E1
1.568751092E1,-6.920259247E0,-1.063119232E1,5.931864624E0,1.400354441E1
1.569751392E1,-6.004463654E0,-1.155881332E1,7.160659332E0,1.486387538E1
1.570751792E1,-5.871989136E0,-1.286305115E1,5.891897736E0,1.531838112E1
1.571752092E1,-6.470145264E0,-1.493085114E1,-1.248403931E-1,1.627294320E1
1.572752392E1,-6.151907043E0,-1.753768021E1,-7.981701965E0,2.022680779E1
1.573752792E1,-5.255570984E0,-1.832713852E1,-4.931794281E0,1.969333967E1
1.574753092E1,-4.691543884E0,-1.695314575E1,-1.292412415E0,1.763774546E1
1.575753392E1,-4.361180878E0,-1.513876877E1,-2.655477905E-1,1.575667268E1
1.576753792E1,-4.665498047E0,-1.471020996E1,-4.836442566E-1,1.543991777E1
1.577754092E1,-4.978946228E0,-1.461830109E1,-1.424437866E0,1.550850268E1
1.578754392E1,-4.213438110E0,-1.369457199E1,-9.740245056E-1,1.436116592E1
1.579754692E1,-2.649939423E0,-1.237850876E1,7.734416199E-1,1.268258136E1
1.580755092E1,-1.206640778E0,-1.111917755E1,1.529519348E0,1.128855707E1
1.581755392E1,-1.040635986E0,-9.717043304E0,1.065634003E0,9.830535574E0
1.582755692E1,-1.930984497E-2,-8.521778870E0,3.046165466E-1,8.527243354E0
1.583756092E1,1.105301514E0,-7.910450134E0,-5.999523926E-1,8.009797478E0
1.584756392E1,2.283202057E0,-7.327262878E0,-1.035097504E0,7.744237843E0
1.585756692E1,1.883682861E0,-6.742878113E0,-9.672885132E-1,7.067553568E0
1.586757092E1,2.453398132E-1,-5.570216675E0,-9.181906128E-1,5.650714949E0
1.587757392E1,-1.044827271E-1,-4.572691040E0,-3.135978699E-1,4.584622516E0
1.588757692E1,1.640588379E-1,-4.183949432E0,4.453239441E-1,4.210779212E0
1.589757992E1,3.080593872E-1,-3.754492493E0,1.127605133E0,3.932252255E0
1.590758392E1,3.350033569E-1,-3.445085907E0,1.929936676E0,3.963016494E0
1.591758692E1,-7.119195557E-1,-3.196902008E0,1.816023560E0,3.744990450E0
1.592758992E1,-2.041454773E0,-2.519710236E0,1.285227356E0,3.488307128E0
1.593759392E1,-3.238066406E0,-1.709145813E0,1.398092651E0,3.919300515E0
1.594759750E1,-3.949536896E0,-1.116378479E0,1.365909576E0,4.325604186E0
1.595760050E1,-4.201013947E0,-8.530760193E-1,1.568438416E0,4.564674790E0
1.596760450E1,-3.967050476E0,-8.599617004E-1,1.798360291E0,4.439721088E0
1.597760750E1,-3.890409851E0,-7.261399841E-1,1.158890076E0,4.123783978E0
1.598761050E1,-2.914738770E0,-1.283431091E0,1.196162567E0,3.402014454E0
1.599761450E1,-2.356399841E0,-1.870360565E0,1.150208130E0,3.220845789E0
1.600761750E1,-2.520009613E0,-2.288141785E0,-4.191284180E-2,3.404085481E0
1.601762050E1,-2.161804504E0,-2.872376862E0,-1.115330658E0,3.764028431E0
1.602762350E1,-1.640139313E0,-3.541036377E0,-2.578687592E0,4.677459276E0
1.603762750E1,-1.846560059E0,-5.118755493E0,-5.429060211E0,7.686750720E0
1.604763050E1,-1.481319580E0,-8.052205353E0,-1.027343628E1,1.313681132E1
1.605763350E1,1.853146362E-1,-1.218421280E1,-1.593032272E1,2.005653423E1
1.606763750E1,4.064048767E0,-1.785217621E1,-1.869971375E1,2.617051742E1
1.607764050E1,5.625152435E0,-2.580184479E1,-1.504685989E1,3.039384028E1
1.608764350E1,2.317480774E0,-3.049458618E1,-1.490495499E1,3.402129020E1
1.609764750E1,-1.160686340E0,-2.722748016E1,-1.353066284E1,3.042633244E1
1.610765050E1,-1.657652893E0,-1.999197647E1,-8.496780853E0,2.178582615E1
1.611765350E1,2.591111755E-1,-1.010473709E1,-6.594386902E0,1.206891830E1
1.612765750E1,1.830693054E0,-2.359393616E0,-7.543413391E0,8.113030314E0
1.613766050E1,1.931433563E0,2.373015289E0,-8.719817047E0,9.241041419E0
1.614766350E1,-2.269281006E-1,2.179467773E0,-9.465266876E0,9.715598447E0
1.615766750E1,-2.778671722E0,-3.733386383E0,-1.019859192E1,1.121028401E1
1.616767050E1,-5.147196350E0,-1.122934845E1,-8.853938141E0,1.519816165E1
1.617767350E1,-6.336173859E0,-1.872501114E1,-1.094523926E0,1.979826063E1
1.618767650E1,-7.637567596E0,-2.386771683E1,6.889423370E0,2.598969988E1
1.619768050E1,-8.501720581E0,-2.528990936E1,9.289532318E0,2.825162259E1
1.620768350E1,-1.822759552E0,-1.947959198E1,9.854008484E-1,1.958948623E1
1.621768650E1,-9.184899902E-1,-7.405699768E0,2.375559998E0,7.831430152E0
1.622769050E1,-8.764124908E0,5.480104065E-1,-1.153950348E0,8.856737674E0
1.623769350E1,-1.252415588E1,3.960613861E0,-8.757987671E0,1.578744092E1
1.624769650E1,-8.090974731E0,3.245999908E0,-4.892875214E0,9.997030327E0
1.625770050E1,3.317102051E-1,-1.222657471E0,4.125870209E0,4.315985163E0
1.626770350E1,5.903723145E-1,-7.009024658E0,9.018446045E0,1.143710344E1
1.627770650E1,-4.017794952E0,-1.061248123E1,8.368647308E0,1.409970539E1
1.628770950E1,-4.621040497E0,-1.294103897E1,6.203849030E0,1.507687792E1
1.629771350E1,-4.802014160E0,-1.555714874E1,4.804259491E0,1.697542713E1
1.630771650E1,-3.616329803E0,-1.736778351E1,3.066373444E0,1.800334389E1
1.631771950E1,8.921447754E-1,-1.807251801E1,-2.763553162E0,1.830434526E1
1.632772350E1,3.811823273E0,-1.716675156E1,-4.839735718E0,1.823870603E1
1.633772650E1,4.003125458E0,-1.495360382E1,-2.789149933E0,1.572941951E1
1.634772950E1,4.692591705E0,-1.274315048E1,-4.191882935E0,1.421197325E1
1.635773350E1,3.633544006E0,-1.091829529E1,-3.956572266E0,1.216824877E1
1.636773650E1,1.637594604E0,-9.646090851E0,-2.398462372E0,1.007379802E1
1.637773950E1,2.701881409E-1,-8.573271790E0,-1.847607880E0,8.774260407E0
1.638774350E1,-5.307962036E-1,-7.690258026E0,-1.750609589E0,7.904836940E0
1.639774650E1,-1.218166809E0,-7.354356537E0,-1.492695923E0,7.602541125E0
1.640774950E1,-2.073937225E0,-7.432194672E0,-7.072792053E-1,7.748482247E0
1.641775350E1,-2.028880920E0,-7.279512177E0,3.424877930E-1,7.564717655E0
1.642775650E1,-1.987117767E0,-7.136709137E0,8.891510010E-1,7.461356702E0
1.643775950E1,-1.751058655E0,-6.937473450E0,8.650511169E-1,7.207153232E0
1.644776250E1,-1.653910675E0,-7.043003998E0,3.740721130E-1,7.244256744E0
1.645776650E1,-1.356030121E0,-7.386240234E0,3.384461975E-1,7.517307252E0
1.646776950E1,-5.697152710E-1,-7.254813538E0,1.018482056E0,7.348074622E0
1.647777250E1,-4.104464722E-1,-7.363337860E0,1.101409607E0,7.456561800E0
1.648777650E1,-6.614744568E-1,-7.538623352E0,4.412823486E-1,7.580443299E0
1.649777950E1,-7.653584290E-1,-7.304959259E0,1.242416382E-1,7.345994778E0
1.650778250E1,-7.056326294E-1,-6.900650024E0,2.345622253E-1,6.940598505E0
1.651778650E1,-5.941145325E-1,-6.792125702E0,2.415975952E-1,6.822339263E0
1.652778950E1,-5.388793945E-1,-7.172484741E0,-1.534309387E-1,7.194335926E0
1.653779250E1,-8.315208435E-1,-7.917335815E0,-9.804611206E-1,8.021030940E0
1.654779650E1,-1.519939270E0,-8.581055603E0,-2.216740265E0,8.992144797E0
1.655779950E1,-1.924697571E0,-9.176367645E0,-3.528462524E0,1.001799539E1
1.656780250E1,-1.372046814E0,-9.791887665E0,-3.274141388E0,1.041554503E1
1.657780550E1,-5.318440247E-1,-1.035696259E1,-1.618584137E0,1.049615866E1
1.658780950E1,-3.498225403E-1,-1.098206268E1,-1.317260742E-1,1.098842247E1
1.659781250E1,-9.672885132E-1,-1.144669647E1,5.062472534E-1,1.149864311E1
1.660781550E1,-1.493893433E0,-1.138203094E1,5.366340637E-1,1.149218526E1
1.661781950E1,-1.384021912E0,-1.086859863E1,4.520599365E-2,1.095645912E1
1.662782250E1,-3.260220337E-1,-1.017479141E1,-9.589059448E-1,1.022507561E1
1.663782550E1,1.577569427E0,-9.290430450E0,-1.915865936E0,9.616203281E0
1.664782950E1,3.946543121E0,-9.242080994E0,-2.104922791E0,1.026751984E1
1.665783250E1,7.604037323E0,-1.094029953E1,-1.027313690E0,1.336289306E1
1.666783550E1,8.333171082E0,-1.333966003E1,-2.424957275E-1,1.573045054E1
1.667783950E1,6.815177765E0,-1.463581467E1,2.350112915E-2,1.614479084E1
1.668784250E1,3.659140778E0,-1.531480270E1,-8.190966797E-1,1.576716247E1
1.669784550E1,6.336323547E-1,-1.614886826E1,-2.637515259E-1,1.616344644E1
1.670784850E1,-2.128723297E0,-1.617311783E1,-1.309925995E0,1.636511868E1
1.671785250E1,-2.313139801E0,-1.548904037E1,-4.946463776E0,1.642341290E1
1.672785550E1,-9.824070740E-1,-1.461201416E1,-5.361251221E0,1.559548320E1
1.673785850E1,1.319655762E0,-1.407118881E1,-3.781436462E0,1.463007545E1
1.674786250E1,2.044149170E0,-1.340716965E1,-2.094893646E0,1.372294878E1
1.675786550E1,9.271719360E-1,-1.284942947E1,1.489402771E-1,1.288369779E1
1.676786850E1,-2.715802460E0,-1.183498901E1,1.307231598E0,1.221275573E1
1.677787250E1,-6.375392303E0,-1.052641022E1,3.242557068E0,1.272655159E1
1.678787550E1,-5.644611969E0,-1.059960800E1,6.166726227E0,1.349969801E1
1.679787850E1,-4.436773682E0,-1.135763168E1,7.563621368E0,1.434883711E1
1.680788150E1,-5.234315186E0,-1.254660919E1,6.394402771E0,1.502344316E1
1.681788550E1,-6.979236603E0,-1.465662140E1,-1.257385254E-1,1.623397994E1
1.682788850E1,-6.632258148E0,-1.652832916E1,-6.614445190E0,1.899798406E1
1.683789150E1,-5.968538361E0,-1.682875443E1,-4.591402130E0,1.843668623E1
1.684789550E1,-5.798941040E0,-1.572524918E1,-1.246308289E0,1.680667912E1
1.685789850E1,-5.006638641E0,-1.494941254E1,-3.158432007E-1,1.576867536E1
1.686790150E1,-4.839586029E0,-1.519325546E1,-1.203197937E0,1.599075638E1
1.687790550E1,-5.583538971E0,-1.541150162E1,-1.394350433E0,1.645097270E1
1.688790850E1,-4.237238617E0,-1.420306458E1,-8.331674194E-1,1.484504639E1
1.689791150E1,-2.163900146E0,-1.268701721E1,5.137316895E-1,1.288048096E1
1.690791450E1,-1.025218048E0,-1.149324966E1,8.427474976E-1,1.156961898E1
1.691791850E1,-7.454498291E-2,-9.684261475E0,8.728349304E-1,9.723801627E0
1.692792150E1,1.119821320E0,-8.507408752E0,3.932322693E-1,8.589798315E0
1.693792450E1,2.260000305E0,-7.725734253E0,-4.977149963E-1,8.064880120E0
1.694792800E1,3.293750610E0,-7.307803345E0,-1.002315674E0,8.078206454E0
1.695793100E1,2.977308655E0,-6.791976013E0,-1.116827545E0,7.499507234E0
1.696793400E1,9.264234924E-1,-5.785319366E0,-9.098080444E-1,5.929243741E0
1.697793800E1,3.263214111E-2,-4.750221863E0,-6.420149231E-1,4.793522271E0
1.698794100E1,-3.098556519E-2,-4.317172394E0,-2.466870117E-1,4.324325620E0
1.699794400E1,-2.213896179E-1,-4.020040283E0,9.452842712E-1,4.135613569E0
1.700794700E1,-4.490661621E-1,-3.764521637E0,1.378333740E0,4.033991506E0
1.701795100E1,-8.045768738E-1,-3.368145905E0,1.144070892E0,3.647005482E0
1.702795400E1,-1.892514496E0,-2.802621918E0,1.338217163E0,3.636911589E0
1.703795700E1,-2.975662079E0,-2.144290924E0,1.269809418E0,3.881361144E0
1.704796100E1,-3.718567200E0,-1.427581329E0,1.462309113E0,4.243121305E0
1.705796400E1,-3.795656891E0,-7.682025146E-1,1.841620331E0,4.288206126E0
1.706796700E1,-3.436254272E0,-6.179150391E-1,1.681752777E0,3.875300611E0
1.707797000E1,-2.818039856E0,-8.259823608E-1,1.329984283E0,3.223732880E0
1.708797400E1,-2.352208557E0,-1.125958557E0,1.126108246E0,2.840561133E0
1.709797700E1,-2.198777618E0,-1.496587830E0,6.632707214E-1,2.741227133E0
1.710798000E1,-2.094444580E0,-2.046843567E0,-1.016386414E-1,2.930289593E0
1.711798400E1,-1.978286133E0,-2.754122772E0,-1.106499023E0,3.566952250E0
1.712798700E1,-1.687440948E0,-3.556304626E0,-2.427052917E0,4.624429199E0
1.713799000E1,-1.408720551E0,-4.954846344E0,-4.700225830E0,6.973314760E0
1.714799400E1,-7.447013855E-1,-7.341333618E0,-8.397387543E0,1.117881376E1
1.715799700E1,3.830534363E-1,-1.123623413E1,-1.292382477E1,1.712965073E1
1.716800000E1,2.030078430E0,-1.666873718E1,-1.728246094E1,2.409671085E1
1.717800300E1,2.793939972E0,-2.374781616E1,-1.743873596E1,2.959517503E1
1.718800700E1,4.179309082E-1,-2.877107025E1,-1.881527344E1,3.437969843E1
1.719801000E1,8.511300659E-1,-2.646062485E1,-1.453821762E1,3.020345777E1
1.720801300E1,9.621990967E-1,-2.009840515E1,-8.036488037E0,2.166695310E1
1.721801700E1,1.953437805E-1,-1.268851410E1,-7.464826813E0,1.472277788E1
1.722802000E1,5.174739075E-1,-5.882018280E0,-9.345964966E0,1.105499794E1
1.723802300E1,1.287322998E-1,-9.607022095E-1,-8.922794952E0,8.975287767E0
1.724802700E1,5.718109131E-2,1.978735199E0,-7.641309814E0,7.893559295E0
1.725803000E1,3.273692322E-1,4.432283020E-1,-6.397845612E0,6.421530224E0
1.726803300E1,-1.800755310E-1,-4.569098511E0,-4.061354370E0,6.115855436E0
1.727803600E1,-2.440824280E0,-9.853110352E0,1.333876190E0,1.023819478E1
1.728804000E1,-7.530240784E0,-1.557526108E1,4.120631104E0,1.778406266E1
1.729804300E1,-1.013527359E1,-1.989677444E1,4.935686188E0,2.286845868E1
1.730804600E1,-8.204887848E0,-2.347613113E1,1.484912109E0,2.491292599E1
1.731805000E1,-9.464817810E-1,-2.323228821E1,-1.008707382E1,2.534529742E1
1.732805300E1,-7.661068726E-1,-1.134415970E1,-5.267246704E0,1.253079275E1
1.733805600E1,-7.970924377E0,-1.300944672E0,-1.069825287E0,8.146939218E0
1.734805900E1,-1.347857117E1,2.402803345E0,-5.157075806E0,1.463013245E1
1.735806300E1,-7.879314880E0,1.633702698E0,-2.974314880E0,8.578993909E0
1.736806600E1,-7.020401001E-2,-2.375110931E0,4.703668671E0,5.269779834E0
1.737806900E1,3.215313721E-1,-7.326514435E0,8.700656891E0,1.137904330E1
1.738807300E1,-2.487227783E0,-1.064661026E1,6.969207458E0,1.296558771E1
1.739807600E1,-3.613186340E0,-1.225830872E1,5.915997620E0,1.408262319E1
1.740807900E1,-3.224893799E0,-1.390263931E1,4.772824860E0,1.504869353E1
1.741808300E1,-2.421963501E0,-1.532722687E1,3.357068939E0,1.587638821E1
1.742808600E1,-1.089135132E0,-1.589454712E1,1.750609589E0,1.602770967E1
1.743808900E1,2.402503967E0,-1.628179184E1,-2.977458344E0,1.672525124E1
1.744809200E1,3.695664825E0,-1.583856354E1,-3.874692535E0,1.671918885E1
1.745809600E1,3.701053619E0,-1.409064835E1,-3.112776947E0,1.489743431E1
1.746809900E1,3.376378784E0,-1.211655350E1,-4.332740021E0,1.330351226E1
1.747810200E1,9.897418213E-1,-1.060335022E1,-4.188290405E0,1.144344359E1
1.748810600E1,-1.011147308E0,-9.617649994E0,-3.359014893E0,1.023741136E1
1.749810900E1,-1.819466400E0,-8.413254547E0,-2.405647430E0,8.937586342E0
1.750811200E1,-2.071093140E0,-7.094496918E0,-1.435963898E0,7.528831624E0
1.751811500E1,-2.360591125E0,-6.205345917E0,-2.619552612E-1,6.644345639E0
1.752811900E1,-2.077080688E0,-5.869145050E0,9.270222473E-1,6.294481555E0
1.753812200E1,-2.093097382E0,-5.890849915E0,1.595681763E0,6.452082583E0
1.754812500E1,-1.607058105E0,-6.166576538E0,1.592837677E0,6.568594509E0
1.755812900E1,-1.444945221E0,-6.670728149E0,1.392254791E0,6.965978333E0
1.756813200E1,-8.159532166E-1,-7.484885101E0,1.461860046E0,7.669831773E0
1.757813500E1,-4.195774841E-1,-8.331075439E0,1.311572571E0,8.444115457E0
1.758813800E1,-2.016307068E-1,-8.676557007E0,1.102008362E0,8.748583820E0
1.759814200E1,-5.563929749E-1,-8.528963928E0,8.717871094E-1,8.591438273E0
1.760814500E1,-8.345146179E-1,-7.891289978E0,7.602690125E-1,7.971629767E0
1.761814800E1,-8.014334106E-1,-7.207960968E0,5.499563599E-1,7.273200728E0
1.762815200E1,-9.972262573E-1,-7.025340729E0,1.056802368E-1,7.096551337E0
1.763815500E1,-1.412762146E0,-7.456743622E0,-4.954696655E-1,7.605551427E0
1.764815800E1,-1.802850952E0,-8.017477570E0,-1.373543701E0,8.331676928E0
1.765816100E1,-1.989961853E0,-8.428373108E0,-2.551743622E0,9.028223354E0
1.766816500E1,-1.919907532E0,-9.261690216E0,-2.844085693E0,9.876931407E0
1.767816800E1,-1.397643585E0,-1.033675461E1,-2.021546173E0,1.062490246E1
1.768817100E1,-8.360115051E-1,-1.126662094E1,-1.285526733E0,1.137049874E1
1.769817500E1,-2.966830444E-1,-1.145088776E1,-1.121916962E0,1.150954165E1
1.770817800E1,2.412982178E-1,-1.110196335E1,-1.281934204E0,1.117833486E1
1.771818100E1,7.782316589E-1,-1.059990738E1,-1.381477203E0,1.071784308E1
1.772818400E1,1.524429932E0,-1.003138962E1,-1.496887207E0,1.025638024E1
1.773818800E1,2.495760040E0,-9.510921936E0,-1.550924835E0,9.954487536E0
1.774819100E1,3.504811707E0,-9.528136139E0,-1.422192535E0,1.025142502E1
1.775819400E1,5.615722046E0,-1.074989548E1,-6.611750793E-1,1.214634675E1
1.776819800E1,8.090076599E0,-1.300121384E1,3.538641357E-1,1.531685739E1
1.777820100E1,7.091503143E0,-1.478879654E1,-9.671388245E-1,1.642964630E1
1.778820400E1,3.799848175E0,-1.569336548E1,-2.678380280E0,1.636747650E1
1.779820800E1,1.164727936E0,-1.612312180E1,-2.806214447E0,1.640690364E1
1.780821100E1,-1.731599121E0,-1.519355484E1,-1.555116119E0,1.537078171E1
1.781821400E1,-3.362607422E0,-1.417911438E1,-4.282594299E-1,1.457867687E1
1.782821700E1,-3.489244080E0,-1.319670731E1,-3.923940125E0,1.420300018E1
1.783822100E1,-1.345701599E0,-1.212523544E1,-4.750371552E0,1.309191648E1
1.784822400E1,1.749711456E0,-1.166988235E1,-3.271446991E0,1.224540770E1
1.785822700E1,3.014431458E0,-1.062864761E1,-1.737436981E0,1.118363243E1
1.786823100E1,2.984942780E0,-1.018676651E1,-4.315525818E-1,1.062385678E1
1.787823400E1,1.099912720E0,-1.149534531E1,1.407073975E0,1.163325530E1
1.788823700E1,-3.155587921E0,-1.248808090E1,4.636458435E0,1.368965473E1
1.789824000E1,-7.117848358E0,-1.258328293E1,6.680008850E0,1.592561750E1
1.790824400E1,-7.657027130E0,-1.314087341E1,6.783892822E0,1.665334262E1
1.791824700E1,-8.010741577E0,-1.426668228E1,5.467979279E0,1.725134781E1
1.792825000E1,-8.158933411E0,-1.520433243E1,2.431693268E0,1.742564349E1
1.793825400E1,-7.530989227E0,-1.645138916E1,-5.393583984E0,1.888000933E1
1.794825737E1,-6.679559784E0,-1.719594086E1,-5.315147095E0,1.919811682E1
1.795826038E1,-6.140979767E0,-1.615021545E1,-6.080355835E-1,1.728903696E1
1.796826337E1,-5.544919281E0,-1.476424759E1,1.348695374E-1,1.577172554E1
1.797826738E1,-5.355413361E0,-1.476843887E1,-4.763095093E-1,1.571668253E1
1.798827037E1,-4.931345215E0,-1.464060471E1,-1.193019104E0,1.549479804E1
1.799827338E1,-3.285068665E0,-1.369786514E1,-1.456471252E0,1.416137331E1
1.800827737E1,-1.162183228E0,-1.310045746E1,-3.767665100E-1,1.315730248E1
1.801828037E1,-2.297721863E-1,-1.210622498E1,1.127754822E0,1.216081039E1
1.802828338E1,3.206332397E-1,-1.039917480E1,1.898502045E0,1.057591378E1
1.803828637E1,1.988764343E0,-9.286987610E0,1.445693665E0,9.606942940E0
1.804829038E1,2.909649353E0,-8.757089539E0,2.109114075E-1,9.230230775E0
1.805829337E1,3.101849670E0,-7.912246399E0,-1.601369934E0,8.648092282E0
1.806829638E1,1.924996948E0,-7.130422211E0,-1.674118652E0,7.573057996E0
1.807830037E1,4.159849548E-1,-5.678740997E0,-8.942404175E-1,5.763749537E0
1.808830337E1,8.681945801E-2,-4.852608948E0,-3.963757324E-1,4.869544634E0
1.809830637E1,4.379891968E-1,-4.575834503E0,2.236349487E-1,4.602185190E0
1.810830937E1,6.493496704E-1,-4.742288361E0,2.995271301E-1,4.795901416E0
1.811831338E1,2.393522644E-1,-4.571493530E0,5.424719238E-1,4.609785070E0
1.812831637E1,-1.005758514E0,-3.711531830E0,9.620494080E-1,3.963906883E0
1.813831938E1,-2.405647430E0,-2.854414215E0,6.222560120E-1,3.784444823E0
1.814832337E1,-3.520229645E0,-2.044149170E0,1.657652893E0,4.395267420E0
1.815832637E1,-4.410727844E0,-1.415007477E0,2.574945374E0,5.299727347E0
1.816832937E1,-4.797373810E0,-9.392967224E-1,2.891387329E0,5.679541750E0
1.817833237E1,-4.665198669E0,-5.863307190E-1,2.743644562E0,5.443844948E0
1.818833638E1,-4.123325500E0,-1.978884888E-1,1.760339355E0,4.487735251E0
1.819833937E1,-2.484832764E0,-5.391787720E-1,2.092648315E0,3.293066137E0
1.820834238E1,-2.025138702E0,-7.667056274E-1,1.166075134E0,2.459421782E0
1.821834637E1,-1.558858337E0,-1.651815033E0,-3.248245239E-2,2.271472502E0
1.822834938E1,-7.586224365E-1,-2.590812378E0,-1.208586731E0,2.957786109E0
1.823835237E1,-5.755531311E-1,-3.647015991E0,-3.584595795E0,5.145999811E0
1.824835537E1,-2.797682190E-1,-5.462740173E0,-6.339167633E0,8.372863712E0
1.825835938E1,-1.571731567E-2,-8.535699921E0,-9.457483063E0,1.273979615E1
1.826836237E1,8.517288208E-1,-1.270962021E1,-1.353126160E1,1.858372751E1
1.827836538E1,2.016307068E0,-1.784334457E1,-1.665571426E1,2.449210602E1
1.828836937E1,1.079405365E0,-2.366309235E1,-1.858939316E1,3.011100452E1
1.829837238E1,-2.014810181E-1,-2.623519363E1,-1.918874680E1,3.250436868E1
1.830837537E1,1.647623749E0,-2.305969711E1,-1.244661713E1,2.625609592E1
1.831837837E1,1.341809692E0,-1.805650131E1,-4.971012726E0,1.877627920E1
1.832838238E1,1.257385254E-1,-1.248314117E1,-5.122048645E0,1.349370246E1
1.833838537E1,-5.167254639E-1,-6.764732666E0,-9.120683441E0,1.136729870E1
1.834838838E1,7.039860535E-1,-2.079326019E0,-9.900411987E0,1.014087524E1
1.835839237E1,3.368145905E0,-8.891510010E-1,-9.680369568E0,1.028807812E1
1.836839538E1,3.518882446E0,-3.715573425E0,-8.489745483E0,9.912809789E0
1.837839837E1,3.966751099E-1,-8.096213837E0,-5.182373199E0,9.620967810E0
1.838840237E1,-5.031936035E0,-1.305240738E1,5.623805237E-1,1.400007109E1
1.839840537E1,-1.024694138E1,-1.773496994E1,5.380710754E0,2.117737034E1
1.840840837E1,-1.299298096E1,-1.991773087E1,9.852661285E0,2.574118279E1
1.841841138E1,-1.279120056E1,-2.125669647E1,3.926335144E0,2.511728617E1
1.842841537E1,-3.806284790E0,-1.600381989E1,-1.045934967E1,1.949379518E1
1.843841838E1,-2.868634644E0,-8.102201385E0,-4.629722443E0,9.762636012E0
1.844842137E1,-8.437653809E0,-1.886976013E0,-4.504133606E-1,8.657802981E0
1.845842437E1,-1.093416229E1,1.776056671E0,-4.571792908E0,1.198380460E1
1.846842837E1,-5.478756866E0,5.170248413E-1,-6.746470642E-1,5.544297985E0
1.847843137E1,-4.143383789E-1,-4.267026672E0,7.895780640E0,8.984572601E0
1.848843438E1,-2.097288666E0,-9.485624542E0,9.000633087E0,1.324337905E1
1.849843837E1,-3.940854950E0,-1.172661438E1,7.741152191E0,1.459346634E1
1.850844138E1,-3.882176971E0,-1.302516403E1,6.370302887E0,1.501022835E1
1.851844437E1,-3.544928284E0,-1.441547287E1,4.425996094E0,1.549070095E1
1.852844838E1,-2.641107788E0,-1.498878067E1,2.685864716E0,1.545486543E1
1.853845137E1,-1.096918945E0,-1.471919128E1,1.644330597E0,1.485131800E1
1.854845437E1,2.599644012E0,-1.450468735E1,-2.239193573E0,1.490496870E1
1.855845738E1,4.641847229E0,-1.434646637E1,-4.598587189E0,1.576435369E1
1.856846137E1,4.081412659E0,-1.290032364E1,-3.628304901E0,1.400860006E1
1.857846438E1,2.960693207E0,-1.099209183E1,-4.106859741E0,1.210198678E1
1.858846737E1,1.108594666E0,-9.794881439E0,-4.348906403E0,1.077412045E1
1.859847038E1,-5.075944519E-1,-9.389973450E0,-4.046235809E0,1.023724952E1
1.860847437E1,-9.367520142E-1,-8.717422028E0,-2.536774750E0,9.127221772E0
1.861847737E1,-9.572593689E-1,-7.894882507E0,-4.775070190E-1,7.967027567E0
1.862848038E1,-1.120869141E0,-7.061565399E0,1.331331482E0,7.272860306E0
1.863848437E1,-1.349144440E0,-6.542594604E0,2.430346069E0,7.108608647E0
1.864848738E1,-1.979184265E0,-6.418352966E0,2.201172638E0,7.068068063E0
1.865849037E1,-2.091600494E0,-6.550079041E0,1.877545624E0,7.127657794E0
1.866849438E1,-1.569037170E0,-7.065606995E0,1.145867157E0,7.327870863E0
1.867849737E1,-1.109792175E0,-7.882158966E0,6.421646118E-2,7.960162837E0
1.868850037E1,-5.204676819E-1,-8.609496460E0,-6.632707214E-1,8.650678815E0
1.869850338E1,-1.080752563E-1,-8.948691101E0,-5.001100159E-1,8.963306461E0
1.870850737E1,-2.415975952E-1,-8.824748840E0,-4.724176025E-1,8.840686618E0
1.871851038E1,-3.125500488E-1,-7.996521149E0,-5.912704468E-1,8.024440090E0
1.872851337E1,-3.921844482E-1,-7.262896729E0,-7.241940308E-1,7.309441465E0
1.873851738E1,-6.420149231E-1,-7.278015289E0,-1.082698517E0,7.386062943E0
1.874852037E1,-8.672964478E-1,-7.662266235E0,-1.579964447E0,7.871392167E0
1.875852337E1,-8.852590942E-1,-8.138575745E0,-1.934277649E0,8.411987211E0
1.876852637E1,-4.908293152E-1,-8.628357239E0,-1.808239746E0,8.829450325E0
1.877853037E1,-3.255729675E-1,-9.264234924E0,-1.030906219E0,9.327101057E0
1.878853338E1,1.492396545E-1,-9.544302521E0,-7.836204529E-1,9.577580284E0
1.879853637E1,2.146536255E-1,-1.017344421E1,-1.011147308E0,1.022582330E1
1.880854038E1,2.267784119E-1,-1.054167847E1,-1.490001526E0,1.064887402E1
1.881854337E1,1.866618347E-1,-1.057131683E1,-1.600022736E0,1.069334630E1
1.882854637E1,2.710862732E-1,-1.046907944E1,-1.278641052E0,1.055035710E1
1.883854937E1,3.339555359E-1,-1.035307068E1,-7.345225525E-1,1.038446542E1
1.884855337E1,8.183482361E-1,-1.008707382E1,-3.858975220E-1,1.012756975E1
1.885855638E1,1.868115234E0,-9.824070740E0,-2.781216431E-1,1.000397781E1
1.886855937E1,4.480782166E0,-1.032238449E1,6.735992432E-2,1.125315812E1
1.887856338E1,8.501720581E0,-1.232956055E1,2.731819153E-1,1.497905019E1
1.888856637E1,8.301886139E0,-1.409633652E1,-1.786385193E0,1.645658497E1
1.889856938E1,5.542973328E0,-1.487965759E1,-2.921175385E0,1.614503109E1
1.890857237E1,1.930385742E0,-1.563618439E1,-2.158511353E0,1.590206976E1
1.891857637E1,-1.113684082E0,-1.545146851E1,-3.881428528E-1,1.549641333E1
1.892857938E1,-2.935096436E0,-1.515059418E1,1.240171051E0,1.548203214E1
1.893858237E1,-4.274361420E0,-1.454704926E1,-1.456022186E0,1.523176970E1
1.894858587E1,-4.180506592E0,-1.332035019E1,-5.924679565E0,1.516608692E1
1.895858888E1,2.761756897E-1,-1.320553894E1,-4.520449677E0,1.396055146E1
1.896859187E1,2.418221283E0,-1.285272263E1,-1.791773987E0,1.320040632E1
1.897859487E1,2.431543579E0,-1.224573486E1,1.992356873E-1,1.248639745E1
1.898859887E1,-5.388793945E-2,-1.214604218E1,8.193960571E-1,1.217376911E1
1.899860187E1,-5.226681061E0,-1.125000549E1,1.782642975E0,1.253230364E1
1.900860488E1,-5.816304932E0,-1.118084930E1,5.179080048E0,1.362584545E1
1.901860887E1,-5.388644257E0,-1.187839874E1,7.172035675E0,1.488529272E1
1.902861188E1,-6.201154633E0,-1.275886780E1,6.777456207E0,1.572186181E1
1.903861487E1,-7.385641479E0,-1.425455750E1,3.988006897E0,1.654219781E1
1.904861787E1,-7.550748138E0,-1.607656860E1,-3.217109985E0,1.805047512E1
1.905862187E1,-7.246580658E0,-1.698143692E1,-5.741310883E0,1.933506612E1
1.906862487E1,-6.886130219E0,-1.597328339E1,-2.439626770E0,1.756463351E1
1.907862788E1,-6.092181244E0,-1.506512192E1,-9.592053223E-1,1.627859470E1
1.908863187E1,-6.160289612E0,-1.489178238E1,-1.099613342E0,1.615312663E1
1.909863488E1,-6.175408173E0,-1.507919266E1,-1.397942963E0,1.635457006E1
1.910863787E1,-5.401068420E0,-1.442056229E1,-1.369951172E0,1.545965468E1
1.911864087E1,-3.636687469E0,-1.330119003E1,-4.842430115E-1,1.379788547E1
1.912864487E1,-5.456153870E-1,-1.212658264E1,1.669029236E0,1.225305518E1
1.913864787E1,1.018332367E0,-1.055694672E1,2.564766541E0,1.091165213E1
1.914865088E1,2.490520935E0,-9.159003754E0,1.194665680E0,9.566465929E0
1.915865487E1,4.467310181E0,-8.345744934E0,-2.841091919E-1,9.470429599E0
1.916865788E1,4.330644379E0,-8.055348816E0,-1.384770355E0,9.249903471E0
1.917866087E1,2.535876617E0,-7.111411743E0,-1.634451141E0,7.724912798E0
1.918866388E1,7.170089722E-1,-5.540578308E0,-9.283694458E-1,5.663389416E0
1.919866787E1,1.151106262E-1,-4.767885132E0,-1.014739838E0,4.876030765E0
1.920867087E1,4.276606750E-1,-4.790637817E0,-1.317260742E-1,4.811492088E0
1.921867388E1,1.059796143E-1,-4.495152283E0,1.007255402E0,4.607839968E0
1.922867787E1,-1.354682922E0,-3.081641693E0,1.325343933E0,3.617764211E0
1.923868088E1,-9.713301086E-1,-2.727178802E0,1.846560059E0,3.433769132E0
1.924868387E1,-1.676064606E0,-2.463726654E0,1.544937286E0,3.356482207E0
1.925868688E1,-2.843786316E0,-1.973196716E0,1.352138214E0,3.716033321E0
1.926869087E1,-4.063000946E0,-1.795067139E0,1.861079865E0,4.816000517E0
1.927869387E1,-4.048930206E0,-1.187630310E0,1.770817566E0,4.576035011E0
1.928869688E1,-3.633244629E0,-7.490423584E-1,1.557361450E0,4.023295375E0
1.929870087E1,-3.142864380E0,-7.316784668E-1,1.473535767E0,3.547429710E0
1.930870388E1,-2.532433777E0,-7.930508423E-1,1.068627777E0,2.860789366E0
1.931870687E1,-2.081421661E0,-1.010698242E0,5.613327026E-1,2.380949700E0
1.932870988E1,-1.855391693E0,-1.540895691E0,-1.314266968E-1,2.415390412E0
1.933871387E1,-1.566642151E0,-2.326462097E0,-1.157991943E0,3.034425623E0
1.934871687E1,-1.222507782E0,-3.230881348E0,-2.755020905E0,4.418513296E0
1.935871987E1,-9.639953613E-1,-4.780908051E0,-5.585784302E0,7.415345920E0
1.936872387E1,-2.878514099E-1,-7.755222931E0,-1.015697845E1,1.278243140E1
1.937872688E1,1.243015137E0,-1.199051559E1,-1.590472595E1,1.995690002E1
1.938872987E1,3.178340607E0,-1.741493546E1,-1.778212189E1,2.509154608E1
1.939873288E1,2.813399506E0,-2.453443039E1,-1.587344101E1,2.935676448E1
1.940873687E1,2.179467773E-1,-2.890294601E1,-1.757255768E1,3.382635914E1
1.941873988E1,1.113684082E-1,-2.637245819E1,-1.443074112E1,3.006268856E1
1.942874287E1,8.517288208E-2,-1.978420853E1,-6.731501770E0,2.089821230E1
1.943874687E1,-3.450325012E-1,-1.209170517E1,-5.247038727E0,1.318559050E1
1.944874988E1,-2.544708252E-2,-4.837490387E0,-8.425678711E0,9.715658626E0
1.945875287E1,-8.562194824E-2,-5.837860107E-2,-9.336833954E0,9.337409034E0
1.946875588E1,7.689509583E-1,9.572593689E-1,-9.443112946E0,9.522605378E0
1.947875987E1,5.384303284E-1,-2.500699768E0,-8.930728455E0,9.289850229E0
1.948876288E1,-1.777104492E0,-7.431296539E0,-5.428611145E0,9.372944446E0
1.949876587E1,-5.732928314E0,-1.259914993E1,1.064735870E0,1.388303672E1
1.950876987E1,-9.567653961E0,-1.720028183E1,5.653593292E0,2.047810573E1
1.951877288E1,-1.199111435E1,-1.913949921E1,9.109756165E0,2.435354000E1
1.952877587E1,-1.000863693E1,-2.041424835E1,2.986888733E0,2.293111104E1
1.953877888E1,-3.372486877E-1,-1.654344772E1,-8.544830933E0,1.862293035E1
1.954878287E1,-1.234183502E0,-9.222322083E0,-3.669768677E0,1.000208157E1
1.955878588E1,-7.207661591E0,-3.079995117E0,-2.587668915E0,8.254258655E0
1.956878887E1,-9.639803925E0,4.144880676E-1,-4.850962372E0,1.079951184E1
1.957879287E1,-4.661755829E0,-4.810995483E-1,9.858499146E-1,4.789083862E0
1.958879587E1,-2.845582581E-1,-4.766238556E0,8.764124908E0,9.980375183E0
1.959879887E1,-2.234553223E0,-9.113947449E0,8.559650116E0,1.270137301E1
1.960880188E1,-3.752546539E0,-1.122830063E1,6.408473511E0,1.346197880E1
1.961880587E1,-3.918701019E0,-1.299911819E1,5.341043243E0,1.458972359E1
1.962880888E1,-3.439098358E0,-1.430844543E1,4.189787292E0,1.530076226E1
1.963881187E1,-2.096989288E0,-1.438613388E1,2.963537292E0,1.483714142E1
1.964881587E1,-3.954776001E-1,-1.437251221E1,2.259700928E0,1.455444118E1
1.965881887E1,3.128793640E0,-1.447445023E1,-2.832110596E0,1.507713200E1
1.966882187E1,5.205874329E0,-1.382001114E1,-5.948779449E0,1.592111216E1
1.967882488E1,4.356839905E0,-1.196626602E1,-4.214485931E0,1.341400269E1
1.968882887E1,2.589315491E0,-1.050186127E1,-4.647385712E0,1.177250350E1
1.969883188E1,5.092410278E-1,-9.889484711E0,-4.795727234E0,1.100273757E1
1.970883487E1,-9.318122864E-1,-9.397906952E0,-3.846850433E0,1.019741082E1
1.971883888E1,-1.744921417E0,-8.205486603E0,-2.316133575E0,8.702829188E0
1.972884187E1,-1.762584686E0,-6.722370758E0,-3.845503235E-1,6.960233641E0
1.973884487E1,-1.572330322E0,-5.823939056E0,1.249601440E0,6.160518853E0
1.974884788E1,-1.950593719E0,-5.637726288E0,2.343676300E0,6.409492348E0
1.975885187E1,-2.107916565E0,-5.990542603E0,2.691552887E0,6.897417623E0
1.976885488E1,-1.678759003E0,-6.663094025E0,2.157164154E0,7.201972713E0
1.977885787E1,-1.086740112E0,-7.666756897E0,9.502239990E-1,7.801480054E0
1.978886188E1,-3.914360046E-1,-8.499325562E0,-4.116439819E-2,8.508434148E0
1.979886487E1,-1.850152588E-1,-9.123976593E0,-5.242098999E-1,9.140895773E0
1.980886787E1,1.222956848E-1,-9.425898743E0,-6.749464417E-1,9.450824093E0
1.981887088E1,2.053729248E-1,-9.048832855E0,-7.632627869E-1,9.083288180E0
1.982887487E1,1.511856079E-2,-8.310568085E0,-9.202862549E-1,8.361381301E0
1.983887788E1,8.981323242E-3,-7.906408539E0,-1.208736420E0,7.998276088E0
1.984888087E1,2.004331970E-1,-7.964038696E0,-1.892514496E0,8.188265808E0
1.985888488E1,1.736389160E-1,-7.968978424E0,-2.646197205E0,8.398638416E0
1.986888787E1,3.968247986E-1,-8.343649292E0,-2.945874023E0,8.857320542E0
1.987889087E1,1.106199646E0,-8.567433929E0,-2.323618011E0,8.945602409E0
1.988889388E1,1.230141907E0,-9.022637329E0,-8.515791321E-1,9.145841705E0
1.989889787E1,1.420845337E0,-1.001043320E1,1.017883301E-1,1.011127762E1
1.990890088E1,1.250948639E0,-1.077654007E1,1.543290710E-1,1.085000027E1
1.991890387E1,3.502716064E-1,-1.106319397E1,-4.610412598E-2,1.106883357E1
1.992890788E1,-3.104544067E-1,-1.073657318E1,-8.336164856E-1,1.077336076E1
1.993891087E1,-8.391549683E-1,-1.044393173E1,-1.670226746E0,1.060987976E1
1.994891350E1,-9.988728333E-1,-1.007584717E1,-1.446142731E0,1.022798963E1
1.995891650E1,-5.869294739E-1,-9.955048370E0,-8.881031799E-1,1.001180311E1
1.996892050E1,5.971083069E-1,-9.705517273E0,-6.146218872E-1,9.743272753E0
1.997892350E1,2.264790344E0,-9.635462952E0,-8.382568359E-1,9.933483584E0
1.998892650E1,3.912563782E0,-1.081501007E1,-8.951385498E-2,1.150133083E1
1.999892950E1,4.911286926E0,-1.309701462E1,5.656736755E-1,1.399901846E1
2.000893350E1,3.199446716E0,-1.466425552E1,1.904040527E-1,1.501043314E1
2.001893650E1,1.053808594E0,-1.495345413E1,-1.630110168E-1,1.499142674E1
2.002893950E1,-8.430468750E-1,-1.510029877E1,6.731501770E-1,1.513878734E1
2.003894350E1,-2.884651337E0,-1.521271500E1,2.909948730E-1,1.548652927E1
2.004894650E1,-3.333867188E0,-1.429602127E1,-3.185226288E0,1.502120372E1
2.005894950E1,-3.287313995E0,-1.321811279E1,-8.012986908E0,1.580293955E1
2.006895350E1,5.538482666E-1,-1.302591248E1,-6.205944672E0,1.443935224E1
2.007895650E1,3.433110809E0,-1.272713379E1,-1.040336609E0,1.322302857E1
2.008895950E1,2.870580597E0,-1.228734833E1,8.213420105E-1,1.264491062E1
2.009896250E1,-6.116281128E-1,-1.213466583E1,1.129700775E0,1.220247629E1
2.010896650E1,-5.295986938E0,-1.140223892E1,2.808759155E0,1.288206731E1
2.011896950E1,-5.314698029E0,-1.118878281E1,5.565276947E0,1.357966065E1
2.012897250E1,-4.537364502E0,-1.133053802E1,6.835685120E0,1.398911576E1
2.013897650E1,-5.898034973E0,-1.220771393E1,5.634882202E0,1.468219988E1
2.014897950E1,-6.956633606E0,-1.456441315E1,-4.180805969E-1,1.614594912E1
2.015898250E1,-6.549629974E0,-1.704834778E1,-6.910080414E0,1.952672594E1
2.016898550E1,-6.471492462E0,-1.731524277E1,-4.496798859E0,1.902417007E1
2.017898950E1,-6.140680389E0,-1.612282242E1,-7.930508423E-1,1.727085082E1
2.018899250E1,-5.243895264E0,-1.531046173E1,-1.841171265E-1,1.618464010E1
2.019899550E1,-5.449417877E0,-1.523681488E1,-8.443940735E-1,1.620400211E1
2.020899950E1,-4.500840454E0,-1.509461060E1,-7.638615417E-1,1.576985473E1
2.021900250E1,-3.309916992E0,-1.399394943E1,-3.848497009E-1,1.438521048E1
2.022900550E1,-1.246457977E0,-1.252834717E1,4.574487305E-1,1.259850783E1
2.023900850E1,-2.833607483E-1,-1.086725143E1,9.951306152E-1,1.091639739E1
2.024901250E1,1.995350647E-1,-9.407337341E0,1.062789917E0,9.469283632E0
2.025901550E1,1.369502106E0,-8.358318787E0,2.483335876E-1,8.473411269E0
2.026901850E1,2.453847198E0,-7.576195221E0,-8.686436462E-1,8.010907682E0
2.027902250E1,2.591411133E0,-7.154671783E0,-8.541238403E-1,7.657301582E0
2.028902550E1,1.908082123E0,-6.394702148E0,-4.076023865E-1,6.685740996E0
2.029902850E1,9.306147766E-1,-5.309009857E0,-4.228706360E-1,5.406519130E0
2.030903150E1,3.754193115E-1,-4.784949646E0,1.046324158E-1,4.800794801E0
2.031903550E1,2.155517578E-1,-4.398303680E0,4.665797424E-1,4.428231530E0
2.032903850E1,2.167492676E-1,-3.930825806E0,1.125808868E0,4.094608329E0
2.033904150E1,-3.197351074E-1,-3.397335205E0,1.690883789E0,3.808307370E0
2.034904550E1,-1.232387238E0,-2.761607208E0,1.063837738E0,3.205776569E0
2.035904850E1,-2.326462097E0,-2.144290924E0,7.652087402E-1,3.255142681E0
2.036905150E1,-3.166814575E0,-1.330732727E0,1.172511749E0,3.629648460E0
2.037905450E1,-3.808979187E0,-9.243278503E-1,1.410367126E0,4.165553967E0
2.038905850E1,-4.020339661E0,-8.815168762E-1,1.658401337E0,4.437397659E0
2.039906150E1,-3.553610229E0,-9.978250122E-1,1.417402496E0,3.953837409E0
2.040906450E1,-2.701432343E0,-1.381327515E0,1.137933655E0,3.240477651E0
2.041906850E1,-2.234253845E0,-1.897603912E0,8.349636841E-1,3.047942783E0
2.042907150E1,-2.288291473E0,-2.429298248E0,2.324665833E-1,3.345416052E0
2.043907450E1,-2.153721313E0,-3.156186676E0,-7.692503357E-1,3.897662878E0
2.044907750E1,-1.835932159E0,-4.121229858E0,-2.130818939E0,4.989546251E0
2.045908150E1,-1.702409821E0,-5.421126709E0,-4.318669281E0,7.137066509E0
2.046908450E1,-1.681902466E0,-7.361242218E0,-7.759863281E0,1.082738016E1
2.047908750E1,-8.416996765E-1,-1.034947815E1,-1.311871948E1,1.673083851E1
2.048909050E1,1.376238098E0,-1.454181015E1,-1.894894547E1,2.392531730E1
2.049909450E1,2.640808411E0,-2.014899994E1,-1.765219208E1,2.691757702E1
2.050909750E1,1.735940094E0,-2.472438538E1,-1.629616196E1,2.966266365E1
2.051910050E1,1.266366577E0,-2.426364349E1,-1.560295349E1,2.887525303E1
2.052910450E1,2.103575592E0,-2.028985703E1,-7.441924438E0,2.171371842E1
2.053910750E1,1.697021027E0,-1.460812225E1,-1.563498688E0,1.478924083E1
2.054911050E1,5.932164001E-1,-9.025930481E0,-5.895490265E0,1.079704275E1
2.055911450E1,6.114784241E-1,-4.361031189E0,-1.077998291E1,1.164476408E1
2.056911750E1,1.271905060E0,-1.791474609E0,-1.131766479E1,1.152894879E1
2.057912050E1,1.710493011E0,-3.167113953E0,-1.017359390E1,1.079158978E1
2.058912350E1,-3.275189209E-1,-6.516099701E0,-7.607779541E0,1.002223196E1
2.059912750E1,-2.930755463E0,-1.087683151E1,-2.100581818E0,1.145893692E1
2.060913050E1,-6.566095734E0,-1.672546921E1,3.451522522E0,1.829666475E1
2.061913350E1,-1.024978546E1,-2.163436111E1,9.066645813E0,2.559897945E1
2.062913750E1,-9.921069031E0,-2.375664780E1,7.438331909E0,2.679803550E1
2.063914050E1,-1.192869415E0,-1.879626297E1,-4.491709442E0,1.936228015E1
2.064914350E1,-2.051034851E0,-7.922724609E0,-3.829187164E0,9.035429350E0
2.065914650E1,-8.286617889E0,-1.437011719E-1,-1.373843079E0,8.400960116E0
2.066915050E1,-1.271351212E1,3.470083923E0,-6.663692780E0,1.476752092E1
2.067915350E1,-1.007674530E1,3.858825531E0,-6.084397430E0,1.238754303E1
2.068915650E1,-2.151176605E0,-4.590953064E-1,5.040468292E0,5.499513605E0
2.069916050E1,-6.888674927E-1,-7.254364471E0,1.089479416E1,1.310713096E1
2.070916350E1,-2.581381989E0,-1.100421661E1,9.113648071E0,1.451946615E1
2.071916650E1,-3.143912201E0,-1.351225113E1,7.725883942E0,1.587937018E1
2.072916950E1,-3.826193390E0,-1.565115326E1,5.792504425E0,1.712166644E1
2.073917350E1,-3.040177917E0,-1.631562149E1,3.742816772E0,1.701325553E1
2.074917650E1,-3.752696228E-1,-1.611563736E1,2.351460114E0,1.629060955E1
2.075917950E1,4.317022705E0,-1.617132156E1,-4.560416565E0,1.734778733E1
2.076918350E1,5.240751801E0,-1.540880722E1,-6.478378143E0,1.751759695E1
2.077918650E1,4.056115265E0,-1.329714844E1,-4.792134705E0,1.470478775E1
2.078918950E1,3.868704987E0,-1.083566711E1,-6.053711243E0,1.300099919E1
2.079919250E1,1.965412903E0,-9.673783264E0,-5.276228027E0,1.119301178E1
2.080919650E1,1.456471252E-1,-8.903485107E0,-3.120710449E0,9.435681949E0
2.081919950E1,-9.102571106E-1,-7.887847137E0,-1.447489929E0,8.071054923E0
2.082920250E1,-1.365909576E0,-6.947352905E0,5.867797852E-2,7.080597748E0
2.083920650E1,-1.782792664E0,-6.297703857E0,9.169931030E-1,6.609107346E0
2.084920950E1,-1.699116669E0,-6.020929413E0,1.886976013E0,6.534467608E0
2.085921250E1,-1.833986206E0,-6.347849579E0,2.260449371E0,6.983432612E0
2.086921550E1,-1.617686005E0,-7.043003998E0,2.004781036E0,7.499330659E0
2.087921950E1,-8.735833740E-1,-7.849377136E0,1.336570587E0,8.010136720E0
2.088922250E1,-3.086581421E-1,-8.563542023E0,2.972817993E-1,8.574257886E0
2.089922550E1,-7.110214233E-2,-9.152716827E0,-1.791773987E-1,9.154746604E0
2.090922850E1,-3.737727356E-1,-9.136400757E0,-1.472937012E-1,9.145229373E0
2.091923250E1,-3.959266663E-1,-8.761879578E0,-1.001417542E-1,8.771392137E0
2.092923550E1,-2.472857666E-1,-8.038583679E0,-2.335144043E-2,8.042420227E0
2.093923850E1,-1.817221069E-1,-7.520211639E0,-7.140151978E-2,7.522745789E0
2.094924337E1,-5.412744141E-1,-7.697592773E0,-4.718188477E-1,7.731010640E0
2.095924638E1,-1.058149567E0,-8.141120453E0,-1.284029846E0,8.309407643E0
2.096924937E1,-1.575623474E0,-8.657396851E0,-1.989512787E0,9.021711073E0
2.097925338E1,-1.346150665E0,-8.789721680E0,-1.810784454E0,9.074704908E0
2.098925637E1,-4.312532043E-1,-8.372838593E0,-8.258326721E-1,8.424512154E0
2.099925937E1,-4.331991577E-1,-8.639733582E0,-3.353027344E-2,8.650652123E0
2.100926238E1,-9.288185120E-1,-9.542356567E0,3.092568970E-1,9.592440384E0
2.101926637E1,-1.253493347E0,-1.036788986E1,-1.359173584E-1,1.044427400E1
2.102926938E1,-1.534608765E0,-1.118743561E1,-8.131091309E-1,1.132143480E1
2.103927237E1,-9.710307312E-1,-1.142948227E1,-1.484762421E0,1.156635142E1
2.104927638E1,-9.056167603E-2,-1.112202164E1,-1.713187408E0,1.125355845E1
2.105927937E1,7.231462097E-1,-1.061981598E1,-1.672023010E0,1.077492890E1
2.106928237E1,1.737886047E0,-1.011042526E1,-1.426832886E0,1.035745137E1
2.107928537E1,3.641327820E0,-1.001088226E1,-7.008425903E-1,1.067558955E1
2.108928937E1,6.667734375E0,-1.103924377E1,5.789959717E-1,1.290964063E1
2.109929238E1,7.735164642E0,-1.264136215E1,-3.171903992E-1,1.482354272E1
2.110929537E1,7.087162170E0,-1.374187363E1,-1.285227356E0,1.551511417E1
2.111929938E1,3.931274872E0,-1.524355087E1,-1.094074860E0,1.578029674E1
2.112930237E1,9.825567627E-1,-1.543230835E1,-1.390009460E0,1.552590368E1
2.113930537E1,-4.073030090E-1,-1.487322098E1,-1.309177551E0,1.493628280E1
2.114930837E1,-1.545985107E0,-1.466530334E1,-2.116448822E0,1.489766921E1
2.115931237E1,-2.197729797E0,-1.435469925E1,-6.521039429E0,1.591889952E1
2.116931538E1,-1.287173309E0,-1.416863617E1,-6.784940643E0,1.576205842E1
2.117931837E1,6.174659729E-1,-1.342318634E1,-1.965712280E0,1.358039839E1
2.118932238E1,3.700305176E-1,-1.204126007E1,1.517544250E0,1.214215002E1
2.119932537E1,-2.095642090E0,-1.101379669E1,2.993924103E0,1.160426710E1
2.120932838E1,-5.850733337E0,-1.037357803E1,4.452640686E0,1.271488147E1
2.121933137E1,-6.703809357E0,-1.058643539E1,5.870043182E0,1.383730759E1
2.122933537E1,-6.336024170E0,-1.169652695E1,5.197491760E0,1.428173188E1
2.123933838E1,-6.995253296E0,-1.325029587E1,2.062560883E0,1.512475014E1
2.124934137E1,-6.956483917E0,-1.522543854E1,-3.114722900E0,1.702668922E1
2.125934538E1,-6.136938171E0,-1.679881668E1,-4.899012451E0,1.854353189E1
2.126934837E1,-6.809938660E0,-1.684941147E1,-2.724933472E0,1.837670247E1
2.127935138E1,-6.872209167E0,-1.635948029E1,-1.256038055E0,1.778868982E1
2.128935437E1,-5.700146484E0,-1.618868546E1,-1.921254730E0,1.727010210E1
2.129935837E1,-5.067112885E0,-1.628703094E1,-2.881807251E0,1.729878097E1
2.130936138E1,-4.356091461E0,-1.572345291E1,-1.398841095E0,1.637556902E1
2.131936437E1,-2.449805603E0,-1.352437592E1,4.640350342E-2,1.374454236E1
2.132936838E1,-6.285429382E-1,-1.184950882E1,2.793191528E-1,1.186945427E1
2.133937137E1,6.774911499E-1,-1.015518219E1,1.096619568E0,1.023666420E1
2.134937438E1,1.876348114E0,-8.810827789E0,1.749112701E0,9.176642296E0
2.135937837E1,2.888992310E0,-8.273594971E0,6.668632507E-1,8.788819995E0
2.136938137E1,3.838318176E0,-7.808811493E0,-1.276844788E0,8.794347956E0
2.137938437E1,2.991978149E0,-7.673792267E0,-2.316582642E0,8.556025721E0
2.138938737E1,1.076112213E0,-6.492598572E0,-2.379751282E0,6.998219050E0
2.139939138E1,3.631448364E-1,-5.316793671E0,-1.404080200E0,5.511044394E0
2.140939437E1,4.260140991E-1,-4.828059998E0,-3.415896606E-1,4.858840896E0
2.141939738E1,6.842271423E-1,-4.388723602E0,5.881269836E-1,4.480508340E0
2.142940137E1,4.643344116E-1,-3.408262482E0,1.481469269E0,3.745211714E0
2.143940437E1,-5.692662048E-1,-2.703378296E0,1.775008850E0,3.283743997E0
2.144940737E1,-1.741029510E0,-1.807491302E0,1.600322113E0,2.976447451E0
2.145941037E1,-2.830314331E0,-7.412585449E-1,1.679058380E0,3.373333735E0
2.146941438E1,-3.788172455E0,-8.921447754E-2,1.763482819E0,4.179483392E0
2.147941737E1,-4.324207764E0,1.157093811E-1,1.701661377E0,4.648420472E0
2.148942038E1,-4.088448029E0,2.140548706E-2,1.602417755E0,4.391310526E0
2.149942437E1,-3.697610779E0,-1.830693054E-1,9.518705750E-1,3.822551168E0
2.150942738E1,-2.135010223E0,-8.223898315E-1,1.230441284E0,2.597802811E0
2.151943037E1,-1.348994751E0,-1.407223663E0,1.037642212E0,2.208340245E0
2.152943337E1,-1.415755920E0,-1.985770569E0,1.877096558E-1,2.445993560E0
2.153943738E1,-1.444196777E0,-3.098855896E0,-6.231541443E-1,3.475188237E0
2.154944037E1,-1.855242004E0,-4.451592865E0,-2.245630188E0,5.319911359E0
2.155944338E1,-2.082918549E0,-6.127956848E0,-5.547314301E0,8.524265409E0
2.156944737E1,-1.833836517E0,-8.951235809E0,-1.004411316E1,1.357835734E1
2.157945038E1,2.727328491E-1,-1.312889832E1,-1.462518677E1,1.965549394E1
2.158945337E1,3.685785370E0,-1.900822220E1,-1.788944870E1,2.636152309E1
2.159945637E1,3.912264404E0,-2.489188705E1,-1.832145035E1,3.115425166E1
2.160946038E1,1.437011719E0,-2.562296677E1,-2.041095520E1,3.279037238E1
2.161946337E1,2.058668976E0,-2.079520615E1,-1.429527283E1,2.531864020E1
2.162946638E1,1.103056183E0,-1.572599762E1,-5.334606628E0,1.664276906E1
2.163947037E1,8.562194824E-1,-1.032373169E1,-5.175936584E0,1.158027924E1
2.164947338E1,-4.790039063E-2,-6.247408447E0,-8.143216095E0,1.026374080E1
2.165947637E1,-8.366102600E-1,-3.876488800E0,-8.585845642E0,9.457474691E0
2.166948037E1,4.308041382E-1,-3.723057861E0,-7.636819153E0,8.506924169E0
2.167948337E1,1.299298096E-1,-5.845045166E0,-7.015610962E0,9.132372743E0
2.168948637E1,-2.330803070E0,-9.417216797E0,-4.401447144E0,1.065313813E1
2.169948938E1,-6.542444916E0,-1.337827972E1,-2.737806702E-1,1.489486186E1
2.170949337E1,-1.017553986E1,-1.697410217E1,3.129691772E0,2.003638507E1
2.171949638E1,-1.122665405E1,-1.853864868E1,6.414910126E0,2.260244075E1
2.172949937E1,-8.308921509E0,-1.860990051E1,1.392703857E0,2.042807377E1
2.173950337E1,-9.189390564E-1,-1.339953552E1,-6.766229553E0,1.503907788E1
2.174950637E1,-2.916684723E0,-7.446115723E0,-1.646426239E0,8.164705046E0
2.175950937E1,-7.583529968E0,-2.313439178E0,-1.875599670E0,8.147380053E0
2.176951238E1,-9.031768341E0,4.441264343E-1,-3.682192841E0,9.763638245E0
2.177951637E1,-4.552632751E0,-7.104226685E-1,5.839356995E-1,4.644582461E0
2.178951938E1,-1.677711182E0,-5.009333038E0,8.382718048E0,9.908485968E0
2.179952237E1,-2.815046082E0,-8.861572266E0,8.457861786E0,1.256930282E1
2.180952638E1,-3.617377625E0,-1.111244156E1,6.287375336E0,1.327037554E1
2.181952937E1,-3.867657166E0,-1.336271210E1,5.057532806E0,1.480200948E1
2.182953237E1,-3.352877655E0,-1.475990662E1,3.882626038E0,1.562598531E1
2.183953638E1,-1.691632233E0,-1.506437347E1,2.772833862E0,1.541056700E1
2.184953937E1,1.859882355E0,-1.546778458E1,-1.520837402E0,1.565325744E1
2.185954238E1,4.370311890E0,-1.565639236E1,-3.844305725E0,1.670332106E1
2.186954537E1,4.575834503E0,-1.435529800E1,-2.934647369E0,1.535008135E1
2.187954938E1,4.337829437E0,-1.241937378E1,-4.588408356E0,1.393237598E1
2.188955237E1,3.202141113E0,-1.051069290E1,-5.477409668E0,1.227723054E1
2.189955537E1,1.650767212E0,-9.552685089E0,-4.830754395E0,1.083120551E1
2.190955938E1,3.647914124E-1,-8.783734131E0,-3.448678436E0,9.443539644E0
2.191956237E1,-5.852828979E-1,-7.827522583E0,-1.642983398E0,8.019480052E0
2.192956538E1,-1.368753662E0,-6.995103607E0,-1.673519897E-1,7.129724241E0
2.193956837E1,-1.559307404E0,-6.270909576E0,1.140628052E0,6.561766443E0
2.194957254E1,-2.085762634E0,-5.813909912E0,1.747316437E0,6.419117460E0
2.195957554E1,-2.256557465E0,-5.843548279E0,1.593586121E0,6.463638666E0
2.196957854E1,-2.035766602E0,-6.405779114E0,1.302291870E0,6.846482004E0
2.197958254E1,-1.818119202E0,-7.212751007E0,6.186634827E-1,7.464052453E0
2.198958554E1,-1.106798401E0,-7.548802185E0,-2.769241333E-2,7.629559882E0
2.199958854E1,-4.697232056E-1,-7.911048889E0,-3.890409851E-1,7.934525021E0
2.200959254E1,-1.016386414E-1,-8.113877106E0,-3.851490784E-1,8.123648928E0
2.201959554E1,1.372645569E-1,-7.876021729E0,4.939727783E-3,7.877219321E0
2.202959854E1,3.490740967E-1,-7.592960358E0,3.264710999E-1,7.607988111E0
2.203960154E1,2.321672058E-1,-7.754773865E0,5.083428955E-1,7.774884681E0
2.204960554E1,-2.130070496E-1,-8.139324188E0,2.995271301E-1,8.147618471E0
2.205960854E1,-7.641609192E-1,-8.473579102E0,4.415817261E-2,8.508080550E0
2.206961154E1,-1.172661438E0,-8.480913849E0,-1.266366577E-1,8.562538841E0
2.207961554E1,-8.526269531E-1,-8.311765594E0,-1.035995636E0,8.419364998E0
2.208961854E1,-5.152285767E-1,-8.361312561E0,-1.923050995E0,8.595064477E0
2.209962154E1,-9.096583557E-1,-9.466913452E0,-2.027384033E0,9.724207662E0
2.210962454E1,-9.759704590E-1,-1.055574921E1,-1.774859161E0,1.074832474E1
2.211962854E1,-8.390052795E-1,-1.138637192E1,-1.643133087E0,1.153487242E1
2.212963154E1,-1.383123779E-1,-1.174158325E1,-1.405128021E0,1.182616981E1
2.213963454E1,9.129515076E-1,-1.151031418E1,-7.869136047E-1,1.157324699E1
2.214963854E1,1.801054688E0,-1.079061081E1,-3.796105957E-1,1.094646901E1
2.215964154E1,2.794389038E0,-1.005429199E1,-6.120771790E-1,1.045332655E1
2.216964454E1,4.228556671E0,-9.901759186E0,-1.050665131E0,1.081801385E1
2.217964854E1,6.788084106E0,-1.116168915E1,-6.640191650E-1,1.308060824E1
2.218965154E1,8.408314819E0,-1.332798431E1,-3.192860413E-1,1.576188020E1
2.219965454E1,6.759493561E0,-1.470661743E1,-8.954379272E-1,1.621040279E1
2.220965754E1,3.393592987E0,-1.558499084E1,-1.266067200E0,1.600035434E1
2.221966154E1,-4.022135925E-1,-1.560055847E1,-1.350042572E0,1.566402935E1
2.222966454E1,-2.310295715E0,-1.496932114E1,-2.793191528E-1,1.514912739E1
2.223966754E1,-2.856360168E0,-1.509685593E1,-4.700225830E-1,1.537188256E1
2.224967154E1,-2.972817993E0,-1.460767319E1,-3.288361816E0,1.526548677E1
2.225967454E1,-2.429897003E0,-1.394709686E1,-7.284152527E0,1.592120562E1
2.226967754E1,7.704478455E-1,-1.348934875E1,-6.468049622E0,1.497971247E1
2.227968054E1,2.471360779E0,-1.306153839E1,-1.678010559E0,1.339877340E1
2.228968454E1,2.002984772E0,-1.273252258E1,2.233056335E0,1.308111692E1
2.229968754E1,-1.374441833E0,-1.186492676E1,4.201912079E0,1.266181829E1
2.230969054E1,-5.958060150E0,-1.044991928E1,5.681734772E0,1.330343579E1
2.231969454E1,-5.900280304E0,-1.008946884E1,7.023843842E0,1.363616777E1
2.232969754E1,-5.999374237E0,-1.067849396E1,6.505920868E0,1.386902054E1
2.233970054E1,-6.738537140E0,-1.202464462E1,5.044659576E0,1.467816580E1
2.234970454E1,-7.049590302E0,-1.419662796E1,2.305206299E-2,1.585059937E1
2.235970754E1,-6.237528992E0,-1.669702835E1,-7.402107239E0,1.929996672E1
2.236971054E1,-6.597081299E0,-1.683968170E1,-4.534370728E0,1.864555924E1
2.237971354E1,-6.719077606E0,-1.554921524E1,-5.022056580E-1,1.694627714E1
2.238971754E1,-6.060596924E0,-1.489103394E1,-3.134481812E-1,1.608017340E1
2.239972054E1,-6.003266144E0,-1.507799515E1,-7.144642639E-1,1.624486384E1
2.240972354E1,-5.179828491E0,-1.513128433E1,-6.644682312E-1,1.600712050E1
2.241972754E1,-3.362607422E0,-1.392060196E1,-4.206253052E-2,1.432103547E1
2.242973054E1,-1.053958282E0,-1.245485001E1,7.369175720E-1,1.252106881E1
2.243973354E1,3.589535522E-1,-1.091784622E1,1.173858948E0,1.098663545E1
2.244973754E1,1.495390320E0,-9.509275360E0,1.196911011E0,9.700263195E0
2.245974054E1,3.337908783E0,-8.430618439E0,7.586224365E-1,9.099036779E0
2.246974354E1,4.039948883E0,-8.018824768E0,-6.336323547E-1,9.001345877E0
2.247974654E1,3.106040955E0,-7.647447052E0,-2.031725006E0,8.500520180E0
2.248975054E1,1.081051941E0,-6.360573120E0,-2.316283264E0,6.854978620E0
2.249975354E1,9.056167603E-2,-5.165608063E0,-1.599723358E0,5.408402990E0
2.250975654E1,7.649093628E-2,-4.501139832E0,-3.921844482E-1,4.518840480E0
2.251976054E1,3.134481812E-1,-4.122127991E0,5.698649597E-1,4.173120536E0
2.252976354E1,3.522175598E-1,-3.832031250E0,1.566342773E0,4.154750341E0
2.253976654E1,-5.801934814E-1,-3.597618713E0,1.931732941E0,4.124448695E0
2.254977054E1,-2.069596252E0,-2.752925262E0,1.683998108E0,3.833754788E0
2.255977354E1,-4.314627686E0,-1.760638733E0,8.672964478E-1,4.740048939E0
2.256977654E1,-4.245920563E0,-1.516047363E0,1.878443756E0,4.884136769E0
2.257977954E1,-4.209546204E0,-1.642983398E0,2.524649963E0,5.176246818E0
2.258978354E1,-4.611161041E0,-1.644629974E0,2.319576416E0,5.417383931E0
2.259978654E1,-4.292174377E0,-1.297202454E0,2.183808746E0,4.987435787E0
2.260978954E1,-3.668122101E0,-1.051563263E0,1.290167084E0,4.028080951E0
2.261979354E1,-2.838098145E0,-1.332229614E0,6.674620056E-1,3.205486289E0
2.262979654E1,-2.408042450E0,-1.928888855E0,1.960922241E-2,3.085395465E0
2.263979954E1,-2.098037109E0,-2.781964874E0,-7.801776123E-1,3.570681361E0
2.264980354E1,-1.845512238E0,-3.856879578E0,-2.080673218E0,4.755064304E0
2.265980654E1,-1.765728149E0,-5.332211609E0,-4.139342194E0,6.977422901E0
2.266980954E1,-1.616488495E0,-7.642058258E0,-7.289241943E0,1.068396638E1
2.267981254E1,-2.673440552E-1,-1.045351181E1,-1.122740250E1,1.534281424E1
2.268981654E1,1.611399078E0,-1.494701752E1,-1.582329529E1,2.182628263E1
2.269981954E1,4.011807404E0,-2.067964645E1,-1.664538574E1,2.684792809E1
2.270982254E1,2.850073242E0,-2.586172028E1,-1.816188217E1,3.173019787E1
2.271982654E1,8.003855896E-1,-2.548495377E1,-1.840108475E1,3.144397248E1
2.272982954E1,7.378157043E-1,-2.077769257E1,-1.054078033E1,2.331018941E1
2.273983254E1,8.393046570E-1,-1.403167099E1,-4.008364563E0,1.461708622E1
2.274983654E1,7.240443420E-1,-7.026388550E0,-6.803801422E0,9.807450742E0
2.275983954E1,6.803352356E-1,-2.424807587E0,-1.063867676E1,1.093270282E1
2.276984254E1,1.054706726E0,-8.660989380E-1,-9.377998352E0,9.476781455E0
2.277984554E1,1.181493073E0,-2.434836731E0,-9.382189636E0,9.764724172E0
2.278984954E1,-4.474195862E-1,-5.772745514E0,-9.125323792E0,1.080723412E1
2.279985254E1,-2.924468536E0,-1.047357010E1,-4.037853241E0,1.159967438E1
2.280985554E1,-6.834936676E0,-1.680330734E1,3.135080566E0,1.840913434E1
2.281985954E1,-1.021670425E1,-2.178674423E1,8.239615631E0,2.543490782E1
2.282986254E1,-1.143532013E1,-2.424702805E1,8.766220551E0,2.820516864E1
2.283986554E1,-3.437302094E0,-2.126852188E1,-2.988535309E0,2.175077957E1
2.284986954E1,-1.511856079E-1,-1.064211960E1,-2.820135498E0,1.101048277E1
2.285987254E1,-5.298232269E0,-2.437980194E0,-4.701722717E-1,5.851160105E0
2.286987554E1,-9.974507904E0,2.248923340E0,-5.183870087E0,1.146389869E1
2.287987854E1,-9.973909149E0,3.152893524E0,-5.366490326E0,1.175665002E1
2.288988254E1,-3.476969604E0,-1.166075134E-1,3.532204742E0,4.957760108E0
2.289988554E1,-1.579216003E0,-5.931116180E0,9.832453308E0,1.159091025E1
2.290988854E1,-4.220623169E0,-9.913883972E0,7.670349426E0,1.322622454E1
2.291989254E1,-4.755011902E0,-1.252939499E1,6.529272308E0,1.490728929E1
2.292989554E1,-4.747527466E0,-1.480137039E1,5.386398926E0,1.645092325E1
2.293989854E1,-3.549418945E0,-1.634780457E1,3.673510895E0,1.712728149E1
2.294990192E1,-1.990560608E0,-1.667786819E1,2.412682800E0,1.696863746E1
2.295990492E1,8.369096375E-1,-1.647548904E1,1.776805115E-1,1.649768855E1
2.296990792E1,5.692512360E0,-1.541539352E1,-5.850583649E0,1.744329050E1
2.297991092E1,5.670208740E0,-1.314686096E1,-4.413721619E0,1.498239496E1
2.298991492E1,3.498824158E0,-1.069825287E1,-3.014132080E0,1.165244082E1
2.299991792E1,2.092798004E0,-9.294172668E0,-3.926933899E0,1.030447762E1
2.300992092E1,4.653822327E-1,-8.992549896E0,-3.969295807E0,9.840622107E0
2.301992492E1,-9.791139221E-1,-8.518934784E0,-2.930007019E0,9.061779906E0
2.302992792E1,-1.531016235E0,-7.825726318E0,-1.202599182E0,8.064257431E0
2.303993092E1,-1.694775696E0,-7.145091705E0,2.790197754E-1,7.348636076E0
2.304993492E1,-1.931134186E0,-6.762637024E0,1.274749146E0,7.147553718E0
2.305993792E1,-2.029180298E0,-6.581064606E0,1.998643799E0,7.170952591E0
2.306994092E1,-1.782493286E0,-6.796017609E0,2.063459015E0,7.322636189E0
2.307994392E1,-1.180295563E0,-7.256011047E0,1.268761597E0,7.460063668E0
2.308994792E1,-8.128097534E-2,-7.826774139E0,5.605842590E-1,7.847245041E0
2.309995092E1,3.971241760E-1,-8.204289093E0,-3.382965088E-2,8.213964425E0
2.310995392E1,6.807843018E-1,-8.435558167E0,-2.170486450E-1,8.465767476E0
2.311995792E1,4.519102478E-1,-8.449928284E0,-1.652563477E-1,8.463617461E0
2.312996092E1,2.390528870E-1,-8.084538116E0,-1.411564636E-1,8.089303307E0
2.313996392E1,4.370910645E-2,-7.904761963E0,-3.421884155E-1,7.912285706E0
2.314996692E1,-2.136058044E-1,-7.952961731E0,-6.951544189E-1,7.986142210E0
2.315997092E1,-8.032296753E-1,-8.297694855E0,-1.436412964E0,8.459326215E0
2.316997392E1,-1.360969849E0,-8.447982330E0,-2.465223541E0,8.904940847E0
2.317997692E1,-1.289867706E0,-8.187823334E0,-2.639910278E0,8.699042242E0
2.318998092E1,-5.128335571E-1,-8.204289093E0,-1.499731293E0,8.355988974E0
2.319998392E1,3.516188049E-1,-8.762029266E0,-2.133064270E-1,8.771675569E0
2.320998692E1,3.182382202E-1,-9.930050354E0,5.824388123E-1,9.952206317E0
2.321999092E1,3.459306335E-1,-1.078297668E1,2.649490356E-1,1.079177706E1
2.322999392E1,8.927435303E-1,-1.122979752E1,-1.075363770E0,1.131643718E1
2.323999692E1,1.624721375E0,-1.134475845E1,-1.932481384E0,1.162229531E1
2.324999992E1,1.952839050E0,-1.081141754E1,-1.669627991E0,1.111251489E1
2.326000392E1,1.257235565E0,-1.009785141E1,-6.738986206E-1,1.019810687E1
2.327000692E1,9.262738037E-1,-9.137149200E0,-2.670446777E-1,9.187861097E0
2.328000992E1,1.700314178E0,-8.896749115E0,-6.029461670E-1,9.077816764E0
2.329001392E1,4.406536560E0,-1.015548157E1,-5.174739075E-1,1.108238014E1
2.330001692E1,7.509883118E0,-1.270587799E1,-2.920426941E-1,1.476221423E1
2.331001992E1,6.283633118E0,-1.448118622E1,-2.499801636E0,1.598242183E1
2.332002392E1,3.831432495E0,-1.532198776E1,-2.784359894E0,1.603732658E1
2.333002692E1,5.162763977E-1,-1.515807861E1,-7.364685059E-2,1.516704692E1
2.334002992E1,-2.326761475E0,-1.391401566E1,1.349743195E0,1.417164272E1
2.335003292E1,-3.513643341E0,-1.375983627E1,-1.489402771E-1,1.420214656E1
2.336003692E1,-6.042634277E0,-1.372076752E1,-6.431525574E0,1.631371851E1
2.337003992E1,-4.413571930E0,-1.376268036E1,-8.329578552E0,1.668151272E1
2.338004292E1,4.203259277E-1,-1.414573380E1,-4.772525482E0,1.493504128E1
2.339004692E1,2.538720703E0,-1.366538269E1,-1.207239532E0,1.395153089E1
2.340004992E1,2.391427002E0,-1.294163773E1,1.247805176E0,1.321975521E1
2.341005292E1,-1.135838013E0,-1.224259140E1,1.931882629E0,1.244601714E1
2.342005692E1,-5.841003571E0,-1.087892715E1,4.254752197E0,1.306029460E1
2.343005992E1,-5.170248413E0,-1.088581284E1,6.755601654E0,1.381559059E1
2.344006292E1,-5.068460083E0,-1.175565399E1,6.414610748E0,1.431893570E1
2.345006592E1,-6.211183777E0,-1.301259018E1,4.071533203E0,1.498277977E1
2.346006992E1,-6.296656036E0,-1.540596313E1,-3.595822449E0,1.702708185E1
2.347007292E1,-4.436773682E0,-1.746283585E1,-7.466772766E0,1.950354563E1
2.348007592E1,-4.618795166E0,-1.684177734E1,-3.518134003E0,1.781448848E1
2.349007992E1,-4.734504547E0,-1.559831314E1,-1.067130890E0,1.633590140E1
2.350008292E1,-4.709805908E0,-1.513846939E1,-1.192719727E0,1.589899706E1
2.351008592E1,-4.514162750E0,-1.541494446E1,-1.918260956E0,1.617646139E1
2.352008992E1,-3.790417786E0,-1.461321167E1,-1.047671356E0,1.513310403E1
2.353009292E1,-2.588866425E0,-1.288760010E1,-1.651066589E-1,1.314609166E1
2.354009592E1,-1.557361450E0,-1.183154617E1,3.595523071E-1,1.193901744E1
2.355009892E1,-9.877958679E-1,-1.069810318E1,1.598525848E0,1.086188000E1
2.356010292E1,5.644761658E-1,-9.121132507E0,1.706750793E0,9.296595604E0
2.357010592E1,2.130369873E0,-8.221203918E0,7.903564453E-1,8.529439195E0
2.358010892E1,2.407892761E0,-8.196205902E0,-6.698570251E-1,8.568806636E0
2.359011292E1,1.719324646E0,-7.850275269E0,-1.941762085E0,8.267607818E0
2.360011592E1,7.315287781E-1,-6.918462982E0,-1.657203827E0,7.151684341E0
2.361011892E1,-2.429447937E-1,-5.730533295E0,-9.464817810E-1,5.813248814E0
2.362012292E1,-6.075865173E-1,-4.985831909E0,-8.397537231E-2,5.023418464E0
2.363012592E1,-2.624043274E-1,-4.576133881E0,8.881031799E-1,4.668895435E0
2.364012892E1,-3.182382202E-1,-4.113745422E0,1.360221405E0,4.344465357E0
2.365013292E1,-1.254241791E0,-3.266806641E0,1.511706390E0,3.811876744E0
2.366013592E1,-2.021845551E0,-2.902164917E0,1.553768921E0,3.863239378E0
2.367013892E1,-2.770588531E0,-2.473306732E0,1.381477203E0,3.962560569E0
2.368014192E1,-3.451372833E0,-1.733096008E0,1.558109894E0,4.164529103E0
2.369014592E1,-3.862867126E0,-1.037342834E0,1.689985657E0,4.342104802E0
2.370014892E1,-3.983216858E0,-8.217910767E-1,1.733844452E0,4.421263812E0
2.371015192E1,-3.774550781E0,-9.105564880E-1,1.663939819E0,4.224339290E0
2.372015592E1,-3.062182159E0,-1.206790466E0,1.186133423E0,3.498601907E0
2.373015892E1,-2.448308716E0,-1.634301453E0,5.929170227E-1,3.002783276E0
2.374016192E1,-2.298470306E0,-1.970801697E0,9.235794067E-2,3.029117869E0
2.375016592E1,-2.005080414E0,-2.395019531E0,-6.102809143E-1,3.182594667E0
2.376016892E1,-1.630858612E0,-3.471431122E0,-1.762434998E0,4.220984597E0
2.377017192E1,-1.413660278E0,-5.006339264E0,-3.555107117E0,6.300845564E0
2.378017492E1,-1.043779449E0,-6.925198975E0,-6.139482880E0,9.313490560E0
2.379017892E1,-1.609153748E-1,-9.442364502E0,-9.592651978E0,1.346117057E1
2.380018192E1,8.449928284E-1,-1.329819626E1,-1.408975021E1,1.939270733E1
2.381018492E1,2.427951050E0,-1.867486542E1,-1.684327423E1,2.526541968E1
2.382018892E1,1.923350372E0,-2.522299850E1,-1.754232056E1,3.078363105E1
2.383019192E1,6.375242615E-1,-2.801499252E1,-2.022055115E1,3.455599705E1
2.384019492E1,5.526507568E-1,-2.389286453E1,-1.308923080E1,2.724889652E1
2.385019892E1,1.049467621E0,-1.685674622E1,-5.634133759E0,1.780434606E1
2.386020192E1,1.936972046E0,-9.186995544E0,-6.602619781E0,1.147812423E1
2.387020492E1,2.093995514E0,-3.013832703E0,-1.004426285E1,1.069370006E1
2.388020792E1,1.332229614E0,-4.351451111E-1,-9.198072510E0,9.304231559E0
2.389021192E1,5.307962036E-1,-1.938319244E0,-8.453820190E0,8.689413209E0
2.390021492E1,-1.400038605E0,-5.966442719E0,-7.525450745E0,9.705202508E0
2.391021792E1,-3.235521698E0,-1.063643143E1,-3.267704773E0,1.158793203E1
2.392022192E1,-4.993915100E0,-1.620125931E1,2.161056061E0,1.709064523E1
2.393022492E1,-7.731721802E0,-2.022938278E1,7.553891602E0,2.293618818E1
2.394022792E1,-9.585466919E0,-2.178734299E1,8.288563843E0,2.520455874E1
2.395023212E1,-4.000730438E0,-1.916853882E1,-2.924618225E0,1.979879078E1
2.396023512E1,-1.827699280E0,-1.083267334E1,-4.647236023E0,1.192828986E1
2.397023812E1,-6.470744019E0,-2.717748413E0,-1.677561493E0,7.216016710E0
2.398024112E1,-1.106873245E1,1.303938446E0,-4.532125397E0,1.203151089E1
2.399024513E1,-1.055155792E1,2.003583527E0,-4.565955048E0,1.167037562E1
2.400024812E1,-3.847299500E0,-9.312135315E-1,2.865640869E0,4.886795440E0
2.401025113E1,-6.008505249E-1,-6.632108459E0,9.717043304E0,1.177993271E1
2.402025512E1,-1.783541107E0,-1.058568695E1,9.267977142E0,1.418214326E1
2.403025812E1,-2.588267670E0,-1.264091309E1,7.692802734E0,1.502235092E1
2.404026112E1,-2.984493713E0,-1.436742279E1,6.494694214E0,1.604715219E1
2.405026512E1,-2.775528259E0,-1.538665329E1,4.318818970E0,1.622050720E1
2.406026813E1,-1.645528107E0,-1.534683609E1,2.596350861E0,1.565165098E1
2.407027112E1,9.562115479E-1,-1.525372971E1,1.187031555E-1,1.528413232E1
2.408027513E1,5.212161255E0,-1.492067230E1,-6.699468384E0,1.716612838E1
2.409027812E1,4.398153992E0,-1.281051041E1,-5.854325867E0,1.475554359E1
2.410028113E1,2.311343536E0,-1.006252487E1,-5.038372650E0,1.148833820E1
2.411028412E1,5.837860107E-1,-9.006171570E0,-5.062023468E0,1.034775406E1
2.412028812E1,-1.090482330E0,-9.223669281E0,-3.380121002E0,9.883847667E0
2.413029113E1,-1.393302612E0,-8.302035828E0,-1.525627441E0,8.555269145E0
2.414029412E1,-1.399439850E0,-7.505093079E0,-4.891827393E-1,7.650108088E0
2.415029813E1,-1.423539734E0,-7.206164703E0,2.436932373E-1,7.349466749E0
2.416030112E1,-1.403182068E0,-6.939419403E0,1.071172485E0,7.160437980E0
2.417030413E1,-1.357976074E0,-6.698121185E0,1.698218536E0,7.042220717E0
2.418030812E1,-1.108594666E0,-6.769522705E0,1.694925385E0,7.065988384E0
2.419031112E1,-5.734574890E-1,-7.363337860E0,1.109492798E0,7.468505353E0
2.420031413E1,2.598596191E-1,-8.024063873E0,3.905378723E-1,8.037763862E0
2.421031712E1,5.682183838E-1,-8.458310852E0,6.646179199E-2,8.477635978E0
2.422032113E1,3.408412170E-1,-9.087602234E0,-7.020401001E-2,9.094262790E0
2.423032412E1,1.827699280E-1,-9.044940948E0,-7.753875732E-2,9.047119645E0
2.424032713E1,-9.864486694E-2,-8.486152954E0,-1.275347900E-1,8.487684484E0
2.425033112E1,-1.453477478E-1,-7.930807800E0,-3.643423462E-1,7.940502735E0
2.426033412E1,-4.137396240E-1,-7.835156708E0,-8.090675354E-1,7.887677186E0
2.427033712E1,-7.695497131E-1,-7.553741913E0,-9.702822876E-1,7.654584990E0
2.428034112E1,-1.016835480E0,-7.104825439E0,-2.284249878E0,7.531951701E0
2.429034413E1,-1.270408173E0,-7.649692383E0,-3.782334595E0,8.627733507E0
2.430034712E1,-5.640270996E-1,-8.460705872E0,-2.714604950E0,8.903412292E0
2.431035013E1,3.793112183E-1,-9.172326050E0,-2.406994629E-1,9.183320663E0
2.432035412E1,4.246669006E-1,-1.021730301E1,1.328188019E0,1.031201756E1
2.433035712E1,-4.460723877E-2,-1.125404709E1,1.475930786E0,1.135050384E1
2.434036012E1,-5.572911072E-1,-1.161689255E1,6.248007202E-1,1.164702287E1
2.435036412E1,-9.289682007E-1,-1.129730713E1,-8.791218567E-1,1.136947604E1
2.436036713E1,-1.054856415E0,-1.063598236E1,-2.751128998E0,1.103655533E1
2.437037012E1,-8.400531006E-1,-1.000803818E1,-3.457061005E0,1.062157183E1
2.438037413E1,7.993377686E-2,-9.720336456E0,-2.274819489E0,9.983292740E0
2.439037712E1,1.566791840E0,-9.596394196E0,-9.340576172E-1,9.768217947E0
2.440038013E1,3.983965302E0,-1.008018814E1,1.865121460E-1,1.084052394E1
2.441038412E1,7.297325134E0,-1.184052750E1,1.379680939E0,1.397685819E1
2.442038712E1,7.114255829E0,-1.375833939E1,-1.541793823E-2,1.548885975E1
2.443039013E1,4.482877808E0,-1.490001526E1,-1.277892609E0,1.561216377E1
2.444039312E1,8.699908447E-1,-1.561193481E1,-2.272274780E0,1.580039953E1
2.445039713E1,-2.086960144E0,-1.497860184E1,-3.061882782E0,1.543013421E1
2.446040012E1,-2.764002228E0,-1.495240631E1,-3.118315430E0,1.552217942E1
2.447040313E1,-1.393601990E0,-1.489702148E1,-2.816992035E0,1.522494071E1
2.448040712E1,-1.960922241E-2,-1.412477737E1,-4.340823212E0,1.477675426E1
2.449041012E1,2.202370148E0,-1.352347778E1,-4.942122803E0,1.456569475E1
2.450041313E1,3.306773529E0,-1.300151321E1,-2.377056885E0,1.362440811E1
2.451041712E1,2.407294006E0,-1.214274902E1,7.967930603E-1,1.240468853E1
2.452042013E1,9.397457886E-1,-1.196881073E1,2.981499939E0,1.237032313E1
2.453042312E1,-3.051554260E0,-1.187779999E1,3.448079681E0,1.273904900E1
2.454042613E1,-7.414830780E0,-1.099867813E1,4.567451935E0,1.402897905E1
2.455043012E1,-6.533762970E0,-1.070618637E1,6.040987701E0,1.392142297E1
2.456043312E1,-6.321354675E0,-1.115749786E1,5.022655334E0,1.377230373E1
2.457043612E1,-7.149881744E0,-1.274404861E1,6.279441833E-1,1.462620586E1
2.458044012E1,-5.961952057E0,-1.482606903E1,-4.126169586E0,1.650401378E1
2.459044313E1,-4.284091187E0,-1.599917953E1,-2.983894958E0,1.682946262E1
2.460044612E1,-4.994064789E0,-1.557286606E1,-9.541159058E-1,1.638185513E1
2.461045013E1,-4.927303619E0,-1.481110016E1,-4.387376404E-1,1.561536101E1
2.462045312E1,-4.625980225E0,-1.459135712E1,-9.803114319E-1,1.533846166E1
2.463045612E1,-4.357438660E0,-1.491962448E1,-1.682800598E0,1.563375464E1
2.464046012E1,-4.114044800E0,-1.485795273E1,-1.091081085E0,1.545556799E1
2.465046312E1,-3.286266174E0,-1.366074234E1,2.724334717E-1,1.405310096E1
2.466046613E1,-1.911524963E0,-1.244841339E1,6.039939880E-1,1.260879583E1
2.467046912E1,-5.700146484E-1,-1.088281906E1,1.108894043E0,1.095400901E1
2.468047313E1,9.145980835E-1,-9.721234589E0,1.028810577E0,9.818214847E0
2.469047612E1,2.322570190E0,-9.064250793E0,6.586303711E-2,9.357313326E0
2.470047913E1,2.946921844E0,-8.454568634E0,-1.576671295E0,9.091202974E0
2.471048312E1,2.083068237E0,-7.116201782E0,-2.395169220E0,7.792068832E0
2.472048612E1,7.556286621E-1,-6.155499573E0,-1.868264923E0,6.477002662E0
2.473048913E1,2.963836670E-1,-5.232518921E0,-1.102008362E0,5.355513044E0
2.474049312E1,6.146218872E-1,-5.000202026E0,-1.941462708E-1,5.041574471E0
2.475049613E1,1.020128632E0,-5.028193817E0,5.777984619E-1,5.163065616E0
2.476049912E1,6.215075684E-1,-4.333338776E0,7.878117371E-1,4.448004489E0
2.477050213E1,-5.301974487E-1,-3.603905640E0,9.909393311E-1,3.775076946E0
2.478050612E1,-1.751208344E0,-3.068469086E0,1.391656036E0,3.797227899E0
2.479050912E1,-2.702779541E0,-2.689457245E0,1.732946320E0,4.188233573E0
2.480051213E1,-3.232078857E0,-2.207758942E0,1.957629089E0,4.376396341E0
2.481051612E1,-4.195774841E0,-2.114203491E0,2.462379456E0,5.304497667E0
2.482051913E1,-4.451892242E0,-1.845512238E0,2.356549530E0,5.364567610E0
2.483052212E1,-3.845652924E0,-1.460213470E0,2.024390259E0,4.584694724E0
2.484052613E1,-3.150348816E0,-1.410666504E0,1.608255615E0,3.808039361E0
2.485052912E1,-2.488125916E0,-1.592987366E0,1.044976959E0,3.133744751E0
2.486053212E1,-2.133962402E0,-1.819915466E0,4.264631653E-1,2.836857182E0
2.487053612E1,-2.148332520E0,-2.319875793E0,-5.864804077E-1,3.215760498E0
2.488053912E1,-2.098635864E0,-3.122057648E0,-1.927691345E0,4.226997796E0
2.489054213E1,-2.172432404E0,-4.278702393E0,-3.855382690E0,6.155544850E0
2.490054512E1,-2.315834198E0,-5.973927155E0,-6.461762695E0,9.099740151E0
2.491054913E1,-1.919308777E0,-8.449329529E0,-1.022793091E1,1.340468151E1
2.492055212E1,1.302291870E-2,-1.220277420E1,-1.480107101E1,1.918279362E1
2.493055512E1,3.364852753E0,-1.779873734E1,-1.708217743E1,2.489815396E1
2.494055912E1,3.787573700E0,-2.439836334E1,-1.524385025E1,2.901725037E1
2.495056238E1,1.885628815E0,-2.725202911E1,-1.623478958E1,3.177730447E1
2.496056537E1,7.562274170E-1,-2.485117172E1,-1.336076614E1,2.822521369E1
2.497056938E1,-1.282832336E-1,-1.902738235E1,-7.386988678E0,2.041140215E1
2.498057237E1,7.289840698E-1,-1.043345352E1,-5.851182404E0,1.198435254E1
2.499057537E1,1.310674438E0,-3.354224854E0,-8.309370575E0,9.056176412E0
2.500057938E1,1.271306305E0,4.206253052E-2,-9.126521301E0,9.214737112E0
2.501058237E1,-1.790277100E-1,-6.004014587E-1,-8.506809998E0,8.529850477E0
2.502058538E1,-2.661764832E0,-4.555776215E0,-8.683292999E0,1.016069221E1
2.503058837E1,-4.779261475E0,-1.025188110E1,-6.752458191E0,1.317338597E1
2.504059238E1,-6.206543427E0,-1.713307159E1,-2.281405792E0,1.836486145E1
2.505059537E1,-7.262597351E0,-2.343930771E1,3.574716339E0,2.479768261E1
2.506059837E1,-6.350693665E0,-2.649086197E1,8.386609955E0,2.850319814E1
2.507060238E1,-8.442443848E-2,-2.126552811E1,8.943901062E-1,2.128449546E1
2.508060537E1,-3.320095825E-1,-8.654552765E0,3.432362366E-1,8.667717406E0
2.509060838E1,-7.294930115E0,2.733316040E-1,1.594484253E0,7.472154681E0
2.510061237E1,-1.225636276E1,3.935166779E0,-5.147944794E0,1.386381266E1
2.511061538E1,-1.232447113E1,4.885839844E0,-7.301815796E0,1.513540662E1
2.512061837E1,-4.915178833E0,1.858385468E0,-8.963360596E-1,5.330665797E0
2.513062237E1,-6.403683472E-1,-5.045857086E0,8.930429077E0,1.027732012E1
2.514062537E1,-2.454445953E0,-1.071965836E1,1.053673874E1,1.523017542E1
2.515062837E1,-4.149071960E0,-1.367211868E1,8.180937653E0,1.646418441E1
2.516063138E1,-5.055437164E0,-1.616099304E1,6.336323547E0,1.807993742E1
2.517063537E1,-4.172872467E0,-1.738739273E1,4.425846405E0,1.842070593E1
2.518063838E1,-2.199675751E0,-1.676633423E1,2.701432343E0,1.712443499E1
2.519064137E1,4.385879517E-1,-1.594918350E1,6.746470642E-1,1.596946970E1
2.520064538E1,5.207221527E0,-1.492276794E1,-6.378386078E0,1.704370758E1
2.521064837E1,5.103936310E0,-1.331032104E1,-5.692811737E0,1.535001360E1
2.522065137E1,3.414250031E0,-1.117351456E1,-3.685186615E0,1.225092369E1
2.523065538E1,1.357527008E0,-9.524992676E0,-4.424050140E0,1.058964516E1
2.524065837E1,-9.129515076E-1,-8.980125732E0,-3.731739807E0,9.767395795E0
2.525066138E1,-1.506018219E0,-8.230035553E0,-2.091750183E0,8.624209814E0
2.526066537E1,-1.676962738E0,-7.452552338E0,-7.315287781E-1,7.673843543E0
2.527066838E1,-1.598974915E0,-7.070696411E0,2.221380615E-1,7.252641852E0
2.528067137E1,-1.347497864E0,-6.904092865E0,8.114625549E-1,7.081011246E0
2.529067437E1,-6.867718506E-1,-6.808292084E0,1.625619507E0,7.033287670E0
2.530067838E1,-4.773573303E-1,-7.047494659E0,2.132764893E0,7.378599941E0
2.531068137E1,-2.847079468E-1,-7.452402649E0,2.193089447E0,7.773609533E0
2.532068438E1,3.195854187E-1,-7.998167725E0,2.037113800E0,8.259700626E0
2.533068837E1,1.076860657E0,-8.465795288E0,1.623673553E0,8.687095864E0
2.534069138E1,6.908134460E-1,-8.891659698E0,6.969506836E-1,8.945645626E0
2.535069437E1,5.451663208E-1,-8.694819031E0,1.106199646E-1,8.712595542E0
2.536069837E1,-1.936972046E-1,-8.237070923E0,-1.643582153E-1,8.240987175E0
2.537070137E1,-7.834707642E-1,-7.803722076E0,-8.146060181E-1,7.885143477E0
2.538070437E1,-1.137484589E0,-7.356901245E0,-1.526824951E0,7.599280331E0
2.539070738E1,-1.546134796E0,-7.266189880E0,-2.696193237E0,7.903006147E0
2.540071137E1,-1.927990723E0,-7.718848572E0,-3.863765259E0,8.844571978E0
2.541071438E1,-1.778751068E0,-8.287815399E0,-3.364852753E0,9.119982100E0
2.542071737E1,-9.958790588E-1,-8.918603668E0,-1.599573669E0,9.115475984E0
2.543072137E1,-7.978408813E-2,-9.551786957E0,-1.062789917E-2,9.552126073E0
2.544072437E1,3.650907898E-1,-1.027553192E1,5.195695496E-1,1.029513478E1
2.545072737E1,5.553451538E-1,-1.084240311E1,2.559677124E-1,1.085963318E1
2.546073138E1,9.009764099E-1,-1.109777206E1,-5.334906006E-1,1.114705860E1
2.547073437E1,1.109492798E0,-1.077579163E1,-1.433419189E0,1.092718399E1
2.548073738E1,8.987310791E-1,-1.014530273E1,-1.844464417E0,1.035069728E1
2.549074137E1,8.545729065E-1,-9.575437775E0,-1.815424805E0,9.783407926E0
2.550074438E1,1.402882690E0,-9.028325500E0,-1.445244598E0,9.250268814E0
2.551074737E1,2.555785217E0,-9.235644379E0,-8.686436462E-1,9.622042764E0
2.552075037E1,6.250701599E0,-1.083372116E1,3.695814514E-1,1.251308815E1
2.553075438E1,8.287965088E0,-1.346360229E1,1.438508606E-1,1.581074461E1
2.554075737E1,6.584657135E0,-1.511362106E1,-1.540895691E0,1.655758469E1
2.555076038E1,3.891757050E0,-1.540835815E1,-2.136357422E0,1.603518933E1
2.556076437E1,6.988966370E-1,-1.568573135E1,-1.435963898E0,1.576682013E1
2.557076738E1,-2.163451080E0,-1.509266464E1,-4.803511047E-1,1.525450044E1
2.558077037E1,-3.354823608E0,-1.469060074E1,-2.577190704E0,1.528759312E1
2.559077437E1,-4.633015594E0,-1.401056488E1,-5.501060486E0,1.574872783E1
2.560077738E1,-1.334325256E0,-1.367077148E1,-5.200784912E0,1.468736125E1
2.561078037E1,2.295775909E0,-1.326391754E1,-2.114502869E0,1.362619602E1
2.562078438E1,2.490820312E0,-1.269450165E1,2.076182556E-1,1.293822489E1
2.563078737E1,-6.429130554E-1,-1.222642502E1,9.334588623E-1,1.227884976E1
2.564079038E1,-5.476810913E0,-1.123114471E1,2.344275055E0,1.271336678E1
2.565079337E1,-6.133944397E0,-1.078911392E1,5.654940491E0,1.363849717E1
2.566079737E1,-5.468578033E0,-1.135613480E1,6.750661926E0,1.429820197E1
2.567080037E1,-6.628066864E0,-1.255229736E1,5.270839233E0,1.514176957E1
2.568080337E1,-8.044720917E0,-1.513727188E1,-2.457888794E-1,1.714394782E1
2.569080738E1,-7.114704895E0,-1.740864853E1,-4.953499146E0,1.944780767E1
2.570081037E1,-6.165229340E0,-1.738170456E1,-3.233276367E0,1.872398949E1
2.571081338E1,-5.792205048E0,-1.622700577E1,-1.469494171E0,1.729233265E1
2.572081737E1,-5.032085724E0,-1.515194138E1,-1.595083008E0,1.604517074E1
2.573082037E1,-4.242178345E0,-1.482097961E1,-1.897753601E0,1.553251372E1
2.574082337E1,-4.089944916E0,-1.512260239E1,-1.445993042E0,1.573250292E1
2.575082737E1,-3.440146179E0,-1.448328186E1,-3.110531616E-1,1.488948667E1
2.576083038E1,-1.619631958E0,-1.325313995E1,6.836283875E-1,1.336922863E1
2.577083337E1,-3.203338623E-1,-1.159144547E1,1.658251648E0,1.171383884E1
2.578083638E1,7.562274170E-1,-9.900711365E0,1.390458527E0,1.002643208E1
2.579084037E1,2.245480499E0,-8.807384949E0,7.029382324E-1,9.116267573E0
2.580084338E1,2.613115997E0,-8.290360107E0,-8.069718933E-1,8.729813833E0
2.581084637E1,2.255210266E0,-7.642507324E0,-1.714833984E0,8.150739055E0
2.582085037E1,7.608677673E-1,-6.369554443E0,-1.541195068E0,6.597380223E0
2.583085338E1,-1.941462708E-1,-5.068609772E0,-8.884025574E-1,5.149539484E0
2.584085637E1,-2.746788025E-1,-4.528233490E0,-1.583706665E-1,4.539320241E0
2.585086038E1,-5.254074097E-2,-4.319717102E0,6.947053528E-1,4.375537898E0
2.586086337E1,1.041833496E-1,-4.460274811E0,1.466949463E0,4.696471685E0
2.587086638E1,-2.224374390E-1,-4.004023590E0,2.032623138E0,4.495913717E0
2.588087037E1,-1.498384094E0,-3.220552826E0,1.902244263E0,4.029348413E0
2.589087337E1,-3.862567749E0,-2.049088898E0,9.184899902E-1,4.467865127E0
2.590087638E1,-3.654949493E0,-1.611548767E0,1.377884674E0,4.225436238E0
2.591087937E1,-3.495531006E0,-1.517095184E0,1.408570862E0,4.062559130E0
2.592088338E1,-4.196373596E0,-1.587149506E0,1.687890015E0,4.793492215E0
2.593088637E1,-4.112697601E0,-1.744771729E0,2.241289215E0,4.998188401E0
2.594088938E1,-2.923570404E0,-1.364412689E0,1.495090942E0,3.555865973E0
2.595089262E1,-2.199975128E0,-1.499132538E0,5.402265930E-1,2.716456092E0
2.596089563E1,-1.903441772E0,-1.763183441E0,9.610015869E-2,2.596370865E0
2.597089862E1,-1.851200409E0,-1.952240295E0,-4.998106384E-1,2.736420253E0
2.598090263E1,-1.644180908E0,-2.466870117E0,-1.434467010E0,3.293398645E0
2.599090562E1,-1.196461945E0,-3.363056488E0,-2.879861298E0,4.586422486E0
2.600090862E1,-9.493258667E-1,-5.078189850E0,-5.454656982E0,7.512823341E0
2.601091262E1,-5.149291992E-1,-7.811056824E0,-8.888216858E0,1.184390813E1
2.602091562E1,1.294807434E-1,-1.166928360E1,-1.326945602E1,1.767108961E1
2.603091863E1,1.631157990E0,-1.682875443E1,-1.717722977E1,2.410238317E1
2.604092262E1,2.602488098E0,-2.415212540E1,-1.686767349E1,2.957391612E1
2.605092563E1,8.440946960E-1,-3.017470139E1,-1.981130219E1,3.610696323E1
2.606092862E1,1.433718567E0,-2.742716492E1,-1.566043396E1,3.161572577E1
2.607093262E1,1.762285309E0,-1.987581802E1,-6.192023621E0,2.089246151E1
2.608093562E1,1.060245209E0,-1.164772842E1,-5.604046326E0,1.296915697E1
2.609093862E1,9.999206543E-1,-4.341871033E0,-9.530830536E0,1.052085624E1
2.610094163E1,-2.242337036E-1,-5.712121582E-1,-9.655670929E0,9.675150912E0
2.611094562E1,-2.249222717E0,-1.268162842E0,-8.513995056E0,8.896929338E0
2.612094863E1,-3.746109924E0,-5.490881653E0,-8.210276642E0,1.056370027E1
2.613095162E1,-4.607269135E0,-1.079659836E1,-3.009791107E0,1.211826339E1
2.614095563E1,-6.607409821E0,-1.581311646E1,5.582491150E0,1.802433699E1
2.615095862E1,-9.233249359E0,-1.898427200E1,9.756710815E0,2.325615796E1
2.616096162E1,-9.244775391E0,-2.105207199E1,5.767506409E0,2.370484628E1
2.617096563E1,-2.096091156E0,-1.685779404E1,-5.510640564E0,1.785905869E1
2.618096862E1,-2.252815247E0,-8.063581696E0,-4.010759583E0,9.283464802E0
2.619097163E1,-6.803352356E0,-1.676064606E0,-1.485061798E0,7.162416100E0
2.620097562E1,-1.043031006E1,1.812431030E0,-5.966143341E0,1.215200150E1
2.621097863E1,-7.414232025E0,1.091230774E0,-3.508104858E0,8.274564691E0
2.622098162E1,-1.018482056E0,-3.197800140E0,6.537205811E0,7.348352961E0
2.623098562E1,-1.139430542E0,-8.795409851E0,9.717941437E0,1.315659235E1
2.624098863E1,-3.346291351E0,-1.175715088E1,8.027955780E0,1.462451150E1
2.625099162E1,-3.680246887E0,-1.349279160E1,6.629114685E0,1.547723501E1
2.626099563E1,-3.151546326E0,-1.508128830E1,4.995861053E0,1.619679378E1
2.627099862E1,-1.759441223E0,-1.552571411E1,3.112028503E0,1.593198523E1
2.628100163E1,1.610800323E0,-1.558933182E1,-1.074315948E0,1.570910879E1
2.629100562E1,6.756649475E0,-1.641381729E1,-5.924679565E0,1.871276404E1
2.630100862E1,6.060596924E0,-1.484478012E1,-2.472258911E0,1.622376023E1
2.631101162E1,2.054777069E0,-1.177810730E1,-3.598965912E0,1.248593112E1
2.632101462E1,4.833448792E-1,-9.661059723E0,-4.579876099E0,1.070256802E1
2.633101863E1,-1.068328400E0,-8.777596893E0,-3.973487091E0,9.694128762E0
2.634102162E1,-2.630330200E0,-8.199199677E0,-2.565365295E0,8.984798907E0
2.635102463E1,-3.415746918E0,-7.569459229E0,-1.603764954E0,8.457901752E0
2.636102862E1,-3.346590729E0,-6.959028625E0,-7.616162109E-1,7.759369057E0
2.637103162E1,-2.282004547E0,-6.583609314E0,6.135740662E-1,6.994850212E0
2.638103462E1,-1.596879272E0,-6.456673279E0,1.873803406E0,6.910122462E0
2.639103862E1,-1.140927429E0,-6.693331146E0,2.527643738E0,7.245093519E0
2.640104163E1,-1.320853271E0,-7.247778168E0,2.029030609E0,7.641459739E0
2.641104462E1,-7.601193237E-1,-7.752528534E0,1.123713226E0,7.870337443E0
2.642104863E1,-1.787283325E-1,-8.072263641E0,4.749623108E-1,8.088199633E0
2.643105162E1,-5.822891235E-2,-8.394393768E0,-1.315763855E-1,8.395626819E0
2.644105463E1,1.974394226E-1,-8.507259064E0,-4.517605591E-1,8.521533119E0
2.645105862E1,1.260379028E-1,-8.411458282E0,-5.589376831E-1,8.430950559E0
2.646106162E1,-1.710942078E-1,-8.061935120E0,-7.018904114E-1,8.094240005E0
2.647106463E1,-2.888992310E-1,-7.907606049E0,-8.590635681E-1,7.959377262E0
2.648106862E1,-2.540217590E-1,-7.875572662E0,-1.026714935E0,7.946276825E0
2.649107163E1,-1.710942078E-1,-7.908055115E0,-1.164727936E0,7.995198565E0
2.650107462E1,-2.038760376E-1,-8.312214661E0,-1.474733276E0,8.444484368E0
2.651107863E1,-4.971162415E-1,-9.115444336E0,-1.899849243E0,9.324584556E0
2.652108162E1,-1.384620667E-1,-9.683962097E0,-1.731150055E0,9.838453850E0
2.653108462E1,4.034111023E-1,-1.016431320E1,-1.196012878E0,1.024238499E1
2.654108862E1,3.604504395E-1,-1.059421921E1,-8.373587036E-1,1.063337081E1
2.655109162E1,-9.804611206E-2,-1.072729248E1,-1.043629761E0,1.077838485E1
2.656109463E1,-4.131408691E-1,-1.053673874E1,-1.578467560E0,1.066232191E1
2.657109862E1,-3.891906738E-1,-1.013572266E1,-1.679657135E0,1.028132245E1
2.658110163E1,1.422042847E-2,-9.856553192E0,-1.363813934E0,9.950468908E0
2.659110462E1,1.000369720E0,-9.387877808E0,-9.255253601E-1,9.486284125E0
2.660110863E1,2.286345520E0,-8.990154877E0,-4.968168640E-1,9.289622573E0
2.661111162E1,5.187163239E0,-9.774823151E0,4.403842163E-1,1.107464529E1
2.662111462E1,8.573571167E0,-1.202644089E1,1.163231049E0,1.481534709E1
2.663111863E1,8.470585327E0,-1.423090668E1,-1.713935852E-1,1.656197139E1
2.664112162E1,5.763614502E0,-1.500524643E1,-2.303110657E0,1.623825703E1
2.665112463E1,2.080972595E0,-1.543155991E1,-2.242636414E0,1.573190726E1
2.666112862E1,-1.041534119E0,-1.556343567E1,-1.188378754E0,1.564345126E1
2.667113163E1,-2.930306396E0,-1.511466888E1,-2.381397858E0,1.557918377E1
2.668113462E1,-3.222199402E0,-1.430230820E1,-4.072431335E0,1.521588925E1
2.669113862E1,-1.347497864E0,-1.365640137E1,-3.587739258E0,1.418396707E1
2.670114163E1,1.478026428E0,-1.352497467E1,-2.788850555E0,1.388838325E1
2.671114462E1,2.767594757E0,-1.277159134E1,-1.569037170E0,1.316187691E1
2.672114863E1,1.685045929E0,-1.274584488E1,-4.228706360E-1,1.286369935E1
2.673115162E1,-2.152523804E0,-1.278446457E1,7.791297913E-1,1.298779952E1
2.674115463E1,-6.244863739E0,-1.178364578E1,3.473227386E0,1.378099922E1
2.675115862E1,-7.157066803E0,-1.134176468E1,6.446195068E0,1.487994160E1
2.676116162E1,-7.537425842E0,-1.183858154E1,6.930887146E0,1.565253966E1
2.677116462E1,-8.181386719E0,-1.272354126E1,5.087620239E0,1.595955734E1
2.678116862E1,-8.922345886E0,-1.441936478E1,3.697311401E-2,1.695664188E1
2.679117163E1,-8.486901398E0,-1.646052017E1,-5.261408844E0,1.925249705E1
2.680117462E1,-6.871460724E0,-1.636606659E1,-3.749253387E0,1.814172012E1
2.681117863E1,-6.317911835E0,-1.513173340E1,-1.671424255E0,1.648268863E1
2.682118162E1,-5.988297272E0,-1.430410446E1,-1.418450317E0,1.557174075E1
2.683118462E1,-4.878804474E0,-1.369606888E1,-1.570084991E0,1.462361798E1
2.684118862E1,-3.484603729E0,-1.360999786E1,-1.391805725E0,1.411777703E1
2.685119162E1,-2.092049561E0,-1.309641586E1,-2.881507874E-1,1.326558746E1
2.686119463E1,-8.375083923E-1,-1.246862137E1,6.968009949E-1,1.251612843E1
2.687119862E1,1.116677856E-1,-1.105570953E1,1.422342224E0,1.114738716E1
2.688120163E1,1.919159088E0,-9.633666687E0,1.682351532E0,9.965992781E0
2.689120462E1,3.858975220E0,-8.814120941E0,8.544232178E-1,9.659733782E0
2.690120863E1,3.732488251E0,-8.559799805E0,-1.248403931E0,9.421260723E0
2.691121162E1,2.305056610E0,-7.512876892E0,-2.878813477E0,8.369239643E0
2.692121462E1,1.008003845E0,-6.247857513E0,-2.086660767E0,6.663778839E0
2.693121862E1,6.866221619E-1,-5.697003021E0,-1.165925446E0,5.855482522E0
2.694122162E1,2.917433167E-1,-5.296136627E0,-6.138734436E-1,5.339570951E0
2.695122463E1,3.162922668E-1,-5.093458099E0,7.125183105E-2,5.103766553E0
2.696122900E1,1.318757629E-1,-4.702022095E0,3.766168213E-1,4.718923948E0
2.697123200E1,-5.161267090E-1,-4.135001221E0,1.007704468E0,4.287200738E0
2.698123500E1,-1.629511414E0,-3.663631439E0,1.181642761E0,4.180165354E0
2.699123900E1,-2.647394714E0,-3.041974182E0,1.142723694E0,4.191434497E0
2.700124200E1,-3.432362366E0,-2.314786377E0,1.117875366E0,4.288238883E0
2.701124500E1,-3.761677551E0,-1.550625458E0,1.107995911E0,4.216907901E0
2.702124900E1,-4.155508575E0,-1.459914093E0,1.969753876E0,4.824886632E0
2.703125200E1,-3.853885803E0,-1.533261566E0,2.164648590E0,4.678571399E0
2.704125500E1,-2.882406006E0,-1.450633392E0,1.501527557E0,3.559099131E0
2.705125900E1,-2.149380341E0,-1.750459900E0,1.010099487E0,2.950296033E0
2.706126200E1,-1.647174683E0,-1.939067688E0,3.595523071E-1,2.569522484E0
2.707126500E1,-1.377585297E0,-2.324067078E0,-3.025209045E-1,2.718556221E0
2.708126900E1,-1.214125214E0,-2.953358459E0,-1.107846222E0,3.379903767E0
2.709127200E1,-1.093027039E0,-3.847748566E0,-2.337688751E0,4.632997499E0
2.710127500E1,-1.352437592E0,-5.480403442E0,-4.302053833E0,7.097293605E0
2.711127900E1,-1.553918610E0,-8.016280060E0,-7.264992371E0,1.092957104E1
2.712128200E1,-9.677375793E-1,-1.149714157E1,-1.178274765E1,1.649102551E1
2.713128500E1,8.589138794E-1,-1.589993591E1,-1.646276550E1,2.290345701E1
2.714128900E1,1.652114410E0,-2.176967972E1,-1.781924469E1,2.818109150E1
2.715129200E1,4.565505981E-2,-2.531760178E1,-1.740071503E1,3.072080610E1
2.716129500E1,-8.387059021E-1,-2.282872742E1,-1.589739120E1,2.783130019E1
2.717129900E1,-2.059716797E-1,-1.787118668E1,-9.295519867E0,2.014518372E1
2.718130200E1,2.207908630E-1,-1.215158066E1,-3.784280548E0,1.272911782E1
2.719130500E1,-6.101312256E-1,-7.596702576E0,-4.678670654E0,8.942712632E0
2.720130900E1,-9.403445435E-1,-4.628973999E0,-8.606652374E0,9.817642957E0
2.721131200E1,-1.752555542E0,-4.992717590E0,-1.080737595E1,1.203320634E1
2.722131500E1,-1.420995026E0,-8.328231354E0,-1.150073410E1,1.427044320E1
2.723131900E1,-2.897524567E0,-1.266127075E1,-1.040127045E1,1.664000759E1
2.724132200E1,-3.613036652E0,-1.753274048E1,-3.437451782E0,1.822819512E1
2.725132500E1,-4.232598267E0,-2.154305099E1,-1.101708984E-1,2.195518326E1
2.726132900E1,-3.974534912E0,-2.067770050E1,7.666158142E0,2.240835126E1
2.727133200E1,-2.549947357E0,-1.417013306E1,8.946296082E0,1.695084411E1
2.728133500E1,-3.626808014E0,-5.205574951E0,5.452411652E0,8.365437213E0
2.729133900E1,-7.939938812E0,3.441343689E-1,1.758842468E0,8.139691864E0
2.730134200E1,-1.193468170E1,2.668351135E0,-8.743168488E0,1.503328708E1
2.731134500E1,-1.308997925E1,3.150947571E0,-1.085138443E1,1.729244261E1
2.732134900E1,-6.136040039E0,7.604187012E-2,-2.351310425E0,6.571562253E0
2.733135200E1,1.249302063E0,-6.577621765E0,9.512718201E0,1.163261240E1
2.734135500E1,-1.090931396E0,-1.251442612E1,1.123967697E1,1.685619562E1
2.735135900E1,-4.533173218E0,-1.491094254E1,8.780890045E0,1.788826142E1
2.736136200E1,-5.202281799E0,-1.631681900E1,7.022796021E0,1.851005084E1
2.737136500E1,-4.011208649E0,-1.690689194E1,5.005441132E0,1.808278825E1
2.738136800E1,-1.912872162E0,-1.593376556E1,3.069367218E0,1.633906301E1
2.739137200E1,2.993774414E-4,-1.472293350E1,2.497406616E0,1.493324515E1
2.740137500E1,3.941304016E0,-1.380414413E1,-2.929408264E0,1.465161102E1
2.741137800E1,5.330714722E0,-1.249032623E1,-7.259753265E0,1.539898654E1
2.742138200E1,2.664608917E0,-1.082174606E1,-3.782035217E0,1.176920214E1
2.743138500E1,1.455573120E0,-9.583520966E0,-4.505031738E0,1.068914768E1
2.744138900E1,1.414558411E-1,-9.381890259E0,-4.820126495E0,1.054862522E1
2.745139200E1,-1.070124664E0,-8.796008606E0,-2.670895844E0,9.254653900E0
2.746139500E1,-1.549727325E0,-8.016429749E0,-1.778302002E-1,8.166787880E0
2.747139800E1,-2.039059753E0,-7.511230316E0,1.497485962E0,7.925831802E0
2.748140200E1,-2.110012207E0,-6.917415161E0,2.421963501E0,7.626840186E0
2.749140500E1,-2.104773102E0,-6.620432739E0,2.569855957E0,7.407047935E0
2.750140800E1,-2.097438354E0,-6.826703796E0,1.993704071E0,7.414714310E0
2.751141200E1,-2.017205200E0,-7.098388824E0,1.220861206E0,7.479755531E0
2.752141500E1,-2.011217651E0,-7.526648254E0,2.191442871E-1,7.793808735E0
2.753141800E1,-1.032852173E0,-8.073760529E0,-9.355545044E-2,8.140094920E0
2.754142200E1,-4.852908325E-1,-8.451125793E0,1.704954529E-1,8.466764616E0
2.755142500E1,4.340972900E-3,-8.554710388E0,5.421725464E-1,8.571874926E0
2.756142800E1,1.369651794E-1,-8.428373108E0,7.792794800E-1,8.465430244E0
2.757143200E1,-1.420545959E-1,-8.185128937E0,5.095404053E-1,8.202203768E0
2.758143500E1,-5.201683044E-1,-7.901768188E0,-2.824626160E-1,7.923906909E0
2.759143800E1,-9.416917419E-1,-7.984546051E0,-1.213227081E0,8.130908862E0
2.760144200E1,-1.231040039E0,-8.334667969E0,-2.571352844E0,8.808745948E0
2.761144500E1,-1.008452911E0,-8.894054718E0,-4.026327209E0,9.814911991E0
2.762144800E1,-6.414161682E-1,-9.255702667E0,-3.022065582E0,9.757680408E0
2.763145200E1,-8.472381592E-2,-9.416019287E0,-8.244854736E-1,9.452426865E0
2.764145500E1,2.293231201E-1,-9.750124512E0,5.285508728E-1,9.767132799E0
2.765145800E1,3.037184143E-1,-1.051443512E1,8.364605713E-1,1.055202621E1
2.766146200E1,4.878355408E-1,-1.128398483E1,3.362008667E-1,1.129952779E1
2.767146500E1,9.807604980E-1,-1.145238464E1,-1.082548828E0,1.154516856E1
2.768146800E1,1.516047363E0,-1.089943451E1,-2.703827362E0,1.133167043E1
2.769147200E1,1.479074249E0,-1.028122009E1,-3.132685547E0,1.084918734E1
2.770147500E1,1.180894318E0,-9.510472870E0,-2.181713104E0,9.828706816E0
2.771147800E1,1.480870514E0,-8.890462189E0,-9.214837646E-1,9.059935305E0
2.772148200E1,2.980302429E0,-9.438472595E0,1.570234680E-1,9.899071869E0
2.773148500E1,6.564149780E0,-1.143247604E1,9.343569946E-1,1.321599765E1
2.774148800E1,7.353458405E0,-1.382599869E1,-2.294728088E-1,1.566155318E1
2.775149200E1,5.555696869E0,-1.539817932E1,-1.495989075E0,1.643799493E1
2.776149500E1,2.506986694E0,-1.593002335E1,-1.439107361E0,1.619017159E1
2.777149800E1,-8.042774963E-1,-1.568378540E1,-6.345304871E-1,1.571720763E1
2.778150200E1,-2.290536804E0,-1.519729706E1,-1.009650421E0,1.540207099E1
2.779150500E1,-2.320624237E0,-1.492815674E1,-3.846251678E0,1.558938140E1
2.780150800E1,-1.182840271E0,-1.489881775E1,-4.622687073E0,1.564426787E1
2.781151200E1,1.121617584E0,-1.437296127E1,-4.187991028E0,1.501263836E1
2.782151500E1,1.238674164E0,-1.371537872E1,-2.930905151E0,1.407963537E1
2.783151800E1,4.281097412E-2,-1.325014618E1,-3.353027344E-2,1.325025776E1
2.784152200E1,-3.932322693E0,-1.174712173E1,1.988764343E0,1.254644230E1
2.785152500E1,-6.499035187E0,-9.876910858E0,4.946613464E0,1.281638838E1
2.786152800E1,-6.014343109E0,-9.749226379E0,6.841522980E0,1.334264497E1
2.787153200E1,-5.784870300E0,-1.056443115E1,7.160359955E0,1.401223339E1
2.788153500E1,-6.638844452E0,-1.178634018E1,6.011049957E0,1.480286432E1
2.789153800E1,-8.044870605E0,-1.426338913E1,-3.905378723E-1,1.638037644E1
2.790154200E1,-7.463180237E0,-1.678339874E1,-6.753655701E0,1.957021711E1
2.791154500E1,-6.723717957E0,-1.668939423E1,-3.517834625E0,1.833356003E1
2.792154800E1,-6.588549042E0,-1.574830124E1,-1.093326416E0,1.710594438E1
2.793155200E1,-6.198909302E0,-1.539638306E1,-1.318308563E0,1.664971547E1
2.794155500E1,-6.075266418E0,-1.485855148E1,-1.539249115E0,1.612621165E1
2.795155800E1,-5.844296722E0,-1.497665588E1,-1.086889801E0,1.611326643E1
2.796156175E1,-5.261708221E0,-1.416279831E1,2.752775574E-1,1.511112858E1
2.797156475E1,-2.673141174E0,-1.262354919E1,1.854643250E0,1.303607992E1
2.798156775E1,-9.373507690E-1,-1.098475708E1,2.176623688E0,1.123749106E1
2.799157175E1,2.559677124E-1,-9.146729279E0,1.301693115E0,9.242433713E0
2.800157475E1,1.893412628E0,-8.307723999E0,1.318757629E-1,8.521776848E0
2.801157775E1,2.971171417E0,-7.638615417E0,-1.030906219E0,8.260694445E0
2.802158175E1,3.436104584E0,-7.145690460E0,-1.666035461E0,8.102060295E0
2.803158475E1,1.962718506E0,-6.561006317E0,-2.026635590E0,7.141870878E0
2.804158775E1,1.366658020E-1,-5.435496826E0,-2.088906097E0,5.824674409E0
2.805159175E1,3.427871704E-2,-4.893923035E0,-1.073717194E0,5.010441728E0
2.806159475E1,-1.754351807E-1,-4.990023193E0,6.454577637E-1,5.034652391E0
2.807159775E1,-1.005908203E-1,-4.815037079E0,1.547032928E0,5.058459396E0
2.808160175E1,-4.236190796E-1,-4.330794067E0,6.216572571E-1,4.395644222E0
2.809160475E1,-1.175206146E0,-3.191363525E0,1.214574280E0,3.611246505E0
2.810160775E1,-1.937121735E0,-2.346969452E0,1.266665955E0,3.296232526E0
2.811161175E1,-2.895578613E0,-1.731449432E0,1.194066925E0,3.578838983E0
2.812161475E1,-3.716471558E0,-1.424886932E0,1.624571686E0,4.299034400E0
2.813161775E1,-3.716621246E0,-1.119072876E0,1.776505737E0,4.268673122E0
2.814162175E1,-3.422183533E0,-9.078620911E-1,1.633103943E0,3.899048884E0
2.815162475E1,-2.834655304E0,-8.521778870E-1,1.322200470E0,3.241865501E0
2.816162775E1,-2.172133026E0,-9.752220154E-1,9.889933777E-1,2.578241215E0
2.817163175E1,-1.709744568E0,-1.215173035E0,4.562512207E-1,2.146633916E0
2.818163475E1,-1.413510590E0,-1.817520447E0,-3.088078308E-1,2.323091698E0
2.819163775E1,-9.972262573E-1,-2.665956116E0,-1.428778839E0,3.184837702E0
2.820164175E1,-9.746232605E-1,-3.771407318E0,-3.369493103E0,5.150425947E0
2.821164475E1,-1.065783691E0,-5.547164612E0,-6.684649200E0,8.751654989E0
2.822164775E1,-3.204835510E-1,-8.654253387E0,-1.105780518E1,1.404542156E1
2.823165075E1,1.245709534E0,-1.344010117E1,-1.559322372E1,2.062369360E1
2.824165475E1,3.489244080E0,-1.985067032E1,-1.772718613E1,2.684170383E1
2.825165775E1,2.105521545E0,-2.717688538E1,-2.014630554E1,3.389527912E1
2.826166175E1,-2.862048340E-1,-2.925980392E1,-1.909519135E1,3.494058344E1
2.827166475E1,1.501377869E-1,-2.432142334E1,-1.047357010E1,2.648112243E1
2.828166775E1,-1.698966980E-1,-1.753199203E1,-4.087849274E0,1.800305866E1
2.829167075E1,-4.933740234E-1,-1.004635849E1,-5.939199371E0,1.168104559E1
2.830167475E1,-1.597178650E-1,-3.590283966E0,-7.949668579E0,8.724269555E0
2.831167775E1,6.336323547E-1,-3.577560425E-1,-7.545658722E0,7.580662563E0
2.832168075E1,1.255139923E0,-5.795947266E-1,-8.682245178E0,8.791625993E0
2.833168475E1,-3.402424622E-1,-3.462000732E0,-9.167236633E0,9.805072233E0
2.834168775E1,-2.362836456E0,-8.274642792E0,-5.405559082E0,1.016232151E1
2.835169075E1,-4.774770813E0,-1.439676178E1,1.022823029E0,1.520234696E1
2.836169475E1,-8.075556793E0,-2.037158707E1,7.575297089E0,2.318623089E1
2.837169775E1,-1.017553986E1,-2.380574570E1,9.726174316E0,2.765598681E1
2.838170075E1,-6.216572571E0,-2.222383530E1,-1.043929138E0,2.310052852E1
2.839170475E1,-2.553090820E0,-1.216190918E1,-6.044879608E0,1.381922129E1
2.840170775E1,-6.433172150E0,-3.454216919E0,-8.577163696E-1,7.352074252E0
2.841171075E1,-1.028092072E1,1.422791290E0,-4.155957642E0,1.118005589E1
2.842171475E1,-1.168335434E1,3.407963104E0,-6.305637360E0,1.370678823E1
2.843171775E1,-6.434070282E0,1.685494995E0,-5.249583435E-1,6.671861437E0
2.844172075E1,-1.164278870E0,-4.247118073E0,8.174800415E0,9.285522012E0
2.845172475E1,-1.620679779E0,-9.733059998E0,9.046587524E0,1.338655317E1
2.846172775E1,-3.191812592E0,-1.281410294E1,6.985673218E0,1.493949571E1
2.847173075E1,-3.453169098E0,-1.471050934E1,5.958509216E0,1.624276128E1
2.848173475E1,-2.860551453E0,-1.595367416E1,4.483027496E0,1.681665869E1
2.849173775E1,-1.383123779E0,-1.594334564E1,3.134032745E0,1.630722119E1
2.850174075E1,4.620890808E-1,-1.530372574E1,2.009122009E0,1.544195969E1
2.851174475E1,4.644541626E0,-1.458761490E1,-4.664749603E0,1.600406711E1
2.852174775E1,5.406307526E0,-1.290676025E1,-6.194718018E0,1.530317459E1
2.853175075E1,2.870879974E0,-1.068403244E1,-3.364852753E0,1.156342229E1
2.854175475E1,1.498234406E0,-9.596244507E0,-4.584366760E0,1.074006674E1
2.855175775E1,-5.480104065E-1,-9.422455902E0,-4.805007935E0,1.059108549E1
2.856176075E1,-2.159110107E0,-8.751551056E0,-3.268752594E0,9.588333842E0
2.857176475E1,-2.371967468E0,-7.576644287E0,-1.578317871E0,8.094618930E0
2.858176775E1,-2.393522644E0,-6.648125153E0,2.671943665E-1,7.070920133E0
2.859177075E1,-2.265688477E0,-6.312223663E0,1.535506897E0,6.880064918E0
2.860177475E1,-1.623972931E0,-6.467301178E0,2.134561157E0,7.001401570E0
2.861177775E1,-8.141569519E-1,-7.091952209E0,2.309696960E0,7.502888626E0
2.862178075E1,-5.647755432E-1,-7.936495972E0,1.938319244E0,8.189262556E0
2.863178475E1,-1.932481384E-1,-8.659342804E0,1.606758728E0,8.809269904E0
2.864178775E1,4.258644104E-1,-9.048234100E0,1.127754822E0,9.128183377E0
2.865179075E1,1.011895752E-1,-9.050180054E0,6.747967529E-1,9.075866294E0
2.866179475E1,-1.766326904E-1,-8.899293823E0,6.828799438E-1,8.927203071E0
2.867179775E1,-4.150868225E-1,-8.532706146E0,2.064207458E-1,8.545289976E0
2.868180075E1,-6.535409546E-1,-8.019573212E0,-5.915698242E-1,8.067876123E0
2.869180475E1,-7.641609192E-1,-7.560328217E0,-1.077758789E0,7.674898609E0
2.870180775E1,-1.131646729E0,-7.695946198E0,-1.582658844E0,7.938074150E0
2.871181075E1,-1.665736084E0,-8.091124420E0,-2.199825439E0,8.548695985E0
2.872181475E1,-1.927541656E0,-8.680897980E0,-2.348466339E0,9.197211573E0
2.873181775E1,-1.419498138E0,-9.130712585E0,-1.445843353E0,9.352825791E0
2.874182075E1,-3.872447205E-1,-9.002728729E0,-6.298901367E-1,9.033041826E0
2.875182475E1,-4.655319214E-1,-9.666598206E0,3.568579102E-1,9.684378576E0
2.876182775E1,-4.150868225E-1,-1.045216461E1,6.297404480E-1,1.047934231E1
2.877183075E1,-3.914360046E-1,-1.089494385E1,1.333726501E-1,1.090278918E1
2.878183475E1,-3.201841736E-1,-1.085348007E1,-1.067579956E0,1.091055794E1
2.879183775E1,-1.347198486E-2,-1.045830185E1,-2.249372406E0,1.069747331E1
2.880184075E1,4.704716492E-1,-9.820328522E0,-2.347119141E0,1.010787634E1
2.881184475E1,1.336420898E0,-8.974587250E0,-1.720522156E0,9.235227859E0
2.882184775E1,2.497705994E0,-8.620423737E0,-1.182391205E0,9.052529458E0
2.883185075E1,5.466482391E0,-9.536219330E0,-4.875361633E-1,1.100270877E1
2.884185475E1,8.408165131E0,-1.178334641E1,-1.454974365E-1,1.447638293E1
2.885185775E1,8.318800964E0,-1.404244858E1,-5.010081482E-1,1.632923209E1
2.886186075E1,5.106031952E0,-1.544323563E1,-1.357976074E0,1.632204607E1
2.887186475E1,9.481283569E-1,-1.591041412E1,-1.641037445E0,1.602289702E1
2.888186775E1,-2.318229218E0,-1.505808655E1,-6.707551575E-1,1.525024818E1
2.889187075E1,-4.966222687E0,-1.530163010E1,-1.411115570E0,1.614913306E1
2.890187475E1,-6.335575104E0,-1.492800705E1,-4.932842102E0,1.695045243E1
2.891187775E1,-3.998634796E0,-1.394604904E1,-8.046517181E0,1.658999104E1
2.892188075E1,1.341210938E-1,-1.347662521E1,-6.157445526E0,1.481727205E1
2.893188475E1,3.040028229E0,-1.272024811E1,-1.913919983E0,1.321777490E1
2.894188775E1,3.811972961E0,-1.190803711E1,1.198258209E0,1.256058551E1
2.895189075E1,1.340911560E0,-1.127874573E1,2.288441162E0,1.158641929E1
2.896189462E1,-3.898043976E0,-1.066098038E1,3.748355255E0,1.195413805E1
2.897189763E1,-4.994962921E0,-1.076321777E1,6.196364594E0,1.338624091E1
2.898190062E1,-4.791086884E0,-1.137319931E1,7.033423920E0,1.420469036E1
2.899190462E1,-5.887257385E0,-1.271396118E1,5.638923798E0,1.510304837E1
2.900190762E1,-6.897057495E0,-1.503278915E1,-8.717871094E-1,1.656243233E1
2.901191062E1,-6.151008911E0,-1.764171387E1,-8.685538330E0,2.060348405E1
2.902191463E1,-5.723048859E0,-1.795141983E1,-4.675527191E0,1.941307077E1
2.903191762E1,-5.927074585E0,-1.608330460E1,-6.319857788E-1,1.715232654E1
2.904192063E1,-5.419180756E0,-1.478550339E1,-2.239343262E-1,1.574892939E1
2.905192462E1,-5.172344055E0,-1.489627304E1,-1.377884674E0,1.582879211E1
2.906192762E1,-4.105512543E0,-1.446037949E1,-1.411115570E0,1.509798183E1
2.907193062E1,-2.483635254E0,-1.320284454E1,-5.842350769E-1,1.344711414E1
2.908193462E1,-1.451531525E0,-1.202958435E1,8.614585876E-1,1.214742583E1
2.909193763E1,-5.376818848E-1,-1.094568832E1,1.591640167E0,1.107386622E1
2.910194062E1,3.974235535E-1,-9.730066223E0,1.240470428E0,9.816868191E0
2.911194463E1,1.700763245E0,-8.819060669E0,9.310638428E-1,9.029690281E0
2.912194762E1,2.523003387E0,-8.346942444E0,-6.393205261E-1,8.743324596E0
2.913195063E1,1.991758118E0,-7.760761414E0,-2.392325134E0,8.361802298E0
2.914195462E1,1.054856415E0,-7.235653381E0,-2.019749908E0,7.585960164E0
2.915195762E1,-7.334747314E-2,-6.055806885E0,-4.816983032E-1,6.075377365E0
2.916196063E1,-4.966671753E-1,-4.719236298E0,3.267704773E-1,4.756537444E0
2.917196462E1,-4.171824646E-1,-3.682043152E0,4.531077576E-1,3.733200989E0
2.918196763E1,7.514373779E-2,-3.886817322E0,7.333250427E-1,3.956104282E0
2.919197062E1,1.333726501E-1,-4.021836548E0,1.471739502E0,4.284737407E0
2.920197463E1,-7.813751221E-1,-3.481310577E0,1.924547882E0,4.053881469E0
2.921197762E1,-2.123484192E0,-2.456990662E0,2.112407227E0,3.874048595E0
2.922198062E1,-3.237767029E0,-1.495989075E0,1.809437256E0,3.999397683E0
2.923198462E1,-3.890858917E0,-9.331594849E-1,1.162033539E0,4.166520333E0
2.924198762E1,-4.367916870E0,-7.226971436E-1,1.528920593E0,4.683864550E0
2.925199063E1,-4.240980835E0,-7.770341492E-1,1.899549866E0,4.711474313E0
2.926199462E1,-3.290906525E0,-5.885760498E-1,1.783840485E0,3.789270958E0
2.927199763E1,-2.482138367E0,-9.050180054E-1,9.512718201E-1,2.808021819E0
2.928200062E1,-2.152972870E0,-1.683698730E0,3.817062378E-1,2.759679917E0
2.929200463E1,-1.795067139E0,-2.534379730E0,-2.936892700E-1,3.119551256E0
2.930200762E1,-1.751507721E0,-3.721261597E0,-1.478475494E0,4.370521360E0
2.931201062E1,-1.919757843E0,-5.219645691E0,-3.458258514E0,6.549024604E0
2.932201463E1,-1.910177765E0,-7.244035950E0,-6.712790680E0,1.005914483E1
2.933201762E1,-1.288370819E0,-1.028271698E1,-1.118324432E1,1.524661016E1
2.934202063E1,6.104306030E-1,-1.436442902E1,-1.726195358E1,2.246518391E1
2.935202462E1,2.993774414E0,-2.100102814E1,-1.864103577E1,2.823993772E1
2.936202763E1,1.475781097E0,-2.768268356E1,-1.900358185E1,3.361019224E1
2.937203062E1,5.438191223E-1,-2.749407578E1,-1.801683380E1,3.287592192E1
2.938203462E1,1.039737854E0,-2.220527390E1,-1.028077103E1,2.449182509E1
2.939203763E1,9.984237671E-1,-1.457863358E1,-3.944297791E0,1.513574881E1
2.940204062E1,1.370998993E0,-6.892417145E0,-6.107898560E0,9.310825804E0
2.941204463E1,1.133143616E0,-1.715881805E0,-9.008865967E0,9.240559011E0
2.942204762E1,1.376687164E0,6.640191650E-1,-8.828640747E0,8.959971342E0
2.943205063E1,1.329984283E0,-8.572673035E-1,-8.893006897E0,9.032681611E0
2.944205462E1,-8.804690552E-1,-4.691394196E0,-7.983348541E0,9.301519187E0
2.945205762E1,-3.933370514E0,-9.286089478E0,-3.517086182E0,1.068048485E1
2.946206062E1,-6.869963837E0,-1.492366608E1,2.534230042E0,1.662331297E1
2.947206462E1,-9.629625092E0,-1.984378464E1,7.105124817E0,2.317300729E1
2.948206763E1,-1.174293045E1,-2.254851013E1,8.608598328E0,2.684100762E1
2.949207062E1,-6.092330933E0,-2.183599182E1,-1.543889465E0,2.272246971E1
2.950207463E1,6.815327454E-1,-1.407582916E1,-4.677772522E0,1.484840090E1
2.951207762E1,-4.119283905E0,-5.101391602E0,-4.462220764E-1,6.572047649E0
2.952208062E1,-9.688602448E0,9.102571106E-1,-5.521418152E0,1.118854967E1
2.953208462E1,-8.450227661E0,2.611319733E0,-6.059848480E0,1.072133862E1
2.954208762E1,-2.413880310E0,-5.760021973E-1,1.643432465E0,2.976485671E0
2.955209063E1,-8.530760193E-1,-5.621410217E0,8.282725983E0,1.004646909E1
2.956209462E1,-3.185675354E0,-9.463919678E0,7.992180176E0,1.279020121E1
2.957209763E1,-3.602408752E0,-1.152348679E1,6.657555542E0,1.378735444E1
2.958210062E1,-3.681893463E0,-1.367122055E1,5.243146820E0,1.509798660E1
2.959210463E1,-3.362308044E0,-1.515882706E1,3.718118134E0,1.596620041E1
2.960210762E1,-1.863624573E0,-1.526001663E1,2.755469971E0,1.561838080E1
2.961211062E1,2.010319519E0,-1.571507034E1,-2.014061737E0,1.597063759E1
2.962211462E1,4.202810211E0,-1.587164474E1,-5.735622711E0,1.739166721E1
2.963211762E1,2.957849121E0,-1.395278503E1,-3.444936218E0,1.467299108E1
2.964212063E1,2.322570190E0,-1.109253296E1,-4.080065460E0,1.204514649E1
2.965212462E1,7.756869507E-1,-9.677076416E0,-3.626209259E0,1.036324716E1
2.966212763E1,-8.458909607E-1,-9.119934998E0,-2.472109222E0,9.486836664E0
2.967213062E1,-1.546583862E0,-8.057743835E0,-1.798659668E0,8.399662729E0
2.968213462E1,-2.394420776E0,-6.774612122E0,-1.128652954E0,7.273408949E0
2.969213762E1,-2.749632111E0,-6.236930237E0,-3.580554199E-1,6.825538748E0
2.970214062E1,-2.498304749E0,-6.227948914E0,7.517367554E-1,6.752331630E0
2.971214463E1,-2.210752716E0,-6.452781372E0,1.665586395E0,7.021395378E0
2.972214762E1,-1.607207794E0,-6.580765228E0,1.718875580E0,6.988856927E0
2.973215063E1,-4.962181091E-1,-6.874304810E0,1.402134247E0,7.033368999E0
2.974215462E1,-1.338217163E-1,-7.565567322E0,6.252497864E-1,7.592539394E0
2.975215763E1,3.195854187E-1,-8.307125244E0,3.162922668E-1,8.319285153E0
2.976216062E1,1.622625732E-1,-8.675808563E0,5.599855042E-1,8.695376193E0
2.977216462E1,-1.035845947E-1,-8.388106842E0,1.078656921E0,8.457811000E0
2.978216763E1,-3.394940186E-1,-7.679630127E0,1.379381561E0,7.809908358E0
2.979217062E1,-3.731739807E-1,-7.352859650E0,6.563850403E-1,7.391525226E0
2.980217463E1,-3.429368591E-1,-7.480843506E0,-6.526428223E-1,7.517085067E0
2.981217762E1,-7.128176880E-1,-7.769742737E0,-2.271676025E0,8.126347471E0
2.982218063E1,-1.137783966E0,-8.485554199E0,-4.522844696E0,9.682732392E0
2.983218462E1,-8.184979248E-1,-8.990154877E0,-4.552033997E0,1.011008591E1
2.984218762E1,2.260299683E-2,-9.286388855E0,-1.656904449E0,9.433072735E0
2.985219063E1,1.004411316E-1,-1.015413437E1,2.026785278E-1,1.015665357E1
2.986219462E1,-4.758604431E-1,-1.109852051E1,5.680686951E-1,1.112323256E1
2.987219763E1,-1.030606842E0,-1.168979095E1,-9.145980835E-2,1.173549010E1
2.988220062E1,-1.071322174E0,-1.160431870E1,-1.168470154E0,1.171209913E1
2.989220463E1,-4.126918030E-1,-1.078357544E1,-1.833537140E0,1.094612590E1
2.990220762E1,9.684860229E-2,-1.009635452E1,-1.543141022E0,1.021406082E1
2.991221062E1,7.277865601E-1,-9.704170074E0,-1.014290771E0,9.784138995E0
2.992221462E1,1.800605621E0,-9.569599915E0,-7.929011536E-1,9.769755133E0
2.993221762E1,4.219126282E0,-1.008572662E1,-9.834548950E-2,1.093309562E1
2.994222063E1,7.656877441E0,-1.178813644E1,6.105802917E-1,1.406985221E1
2.995222462E1,8.249195709E0,-1.378213989E1,7.229965210E-2,1.606243559E1
2.996222837E1,6.496191101E0,-1.503114258E1,-1.454225922E0,1.643929801E1
2.997223138E1,3.504961395E0,-1.601444778E1,-2.239792328E0,1.654581403E1
2.998223537E1,6.532415771E-1,-1.659254562E1,-1.784439240E0,1.670100351E1
2.999223838E1,-1.066083069E0,-1.625694351E1,-2.622696075E0,1.650161447E1
3.000224137E1,-2.652035065E0,-1.592822708E1,-3.286864929E0,1.647862825E1
3.001224538E1,-2.574346619E0,-1.482217712E1,-4.511618042E0,1.570601453E1
3.002224837E1,-1.332079926E0,-1.386806122E1,-4.745731201E0,1.471799998E1
3.003225137E1,2.411485291E-1,-1.354997269E1,-1.926793213E0,1.368840548E1
3.004225537E1,-6.843768311E-1,-1.281455200E1,9.994715881E-1,1.287167659E1
3.005225837E1,-4.698728943E0,-1.129865433E1,2.520159302E0,1.249355218E1
3.006226138E1,-6.447392578E0,-1.025352768E1,5.230572968E0,1.319327838E1
3.007226537E1,-5.410498810E0,-1.052566177E1,6.876250763E0,1.368743503E1
3.008226838E1,-5.236859894E0,-1.108400070E1,6.519692230E0,1.388474558E1
3.009227137E1,-6.000272369E0,-1.231084946E1,4.909640350E0,1.454870617E1
3.010227437E1,-6.270610199E0,-1.488055573E1,-2.996468811E0,1.642346846E1
3.011227837E1,-5.623954926E0,-1.719938370E1,-9.180409241E0,2.029107149E1
3.012228137E1,-6.416706390E0,-1.643043274E1,-3.642225952E0,1.801108133E1
3.013228538E1,-5.795198822E0,-1.475227249E1,2.125579834E-1,1.585115308E1
3.014228837E1,-4.788392487E0,-1.420351364E1,-3.555107117E-1,1.499316145E1
3.015229138E1,-5.228926392E0,-1.477382767E1,-1.528471527E0,1.574623385E1
3.016229437E1,-4.682263184E0,-1.432835403E1,-8.313711548E-1,1.509690352E1
3.017229838E1,-3.110681305E0,-1.313234116E1,-2.670446777E-1,1.349837158E1
3.018230137E1,-2.718796234E0,-1.186657333E1,8.310717773E-1,1.220238075E1
3.019230437E1,-1.942959595E0,-1.072115524E1,1.859433289E0,1.105331416E1
3.020230837E1,-3.143463135E-3,-9.187444611E0,1.105600891E0,9.253729069E0
3.021231137E1,2.222129059E0,-8.086334381E0,2.691403198E-1,8.390417021E0
3.022231438E1,3.489992523E0,-7.706723785E0,-1.240769806E0,8.550622727E0
3.023231837E1,2.873873749E0,-7.004533997E0,-1.967209167E0,7.822567273E0
3.024232138E1,1.384920044E0,-6.254144440E0,-1.295705566E0,6.535379034E0
3.025232437E1,3.553610229E-1,-5.335654449E0,-4.474195862E-1,5.366160093E0
3.026232837E1,1.451980591E-1,-4.605921936E0,2.794688416E-1,4.616676531E0
3.027233137E1,4.098477173E-1,-4.552483063E0,1.418300629E0,4.785880678E0
3.028233437E1,-2.766247559E-1,-3.772604828E0,1.956880646E0,4.258925957E0
3.029233838E1,-7.554789734E-1,-3.094065857E0,1.452579346E0,3.500568348E0
3.030234137E1,-1.821412354E0,-2.482437744E0,7.453001404E-1,3.167887690E0
3.031234438E1,-2.970722351E0,-1.810335388E0,1.222807159E0,3.687514455E0
3.032234837E1,-3.690725098E0,-1.178648987E0,1.471440125E0,4.144369822E0
3.033235138E1,-4.122876434E0,-8.364605713E-1,1.470242615E0,4.456387520E0
3.034235437E1,-4.241878967E0,-8.117619324E-1,1.556014252E0,4.590607254E0
3.035235837E1,-4.038152618E0,-7.372169495E-1,1.230141907E0,4.285255478E0
3.036236138E1,-2.840493164E0,-8.187973022E-1,7.243437195E-1,3.043600542E0
3.037236437E1,-1.540895691E0,-1.577569427E0,7.854167175E-1,2.340932346E0
3.038236838E1,-1.407373352E0,-2.036964111E0,-1.886077881E-2,2.475939876E0
3.039237137E1,-1.354233856E0,-2.524799652E0,-7.714956665E-1,2.967114454E0
3.040237438E1,-1.239422607E0,-3.376827850E0,-1.917961578E0,4.076482718E0
3.041237837E1,-1.194066925E0,-4.660258942E0,-4.324507141E0,6.468784371E0
3.042238137E1,-1.030606842E0,-7.036417694E0,-8.089777222E0,1.077115685E1
3.043238438E1,-3.390449524E-1,-1.065095123E1,-1.275183243E1,1.661827139E1
3.044238837E1,8.595126343E-1,-1.567495377E1,-1.779469574E1,2.372960459E1
3.045239138E1,2.807711334E0,-2.323872482E1,-1.989228378E1,3.071847210E1
3.046239437E1,2.683918762E-1,-3.130320465E1,-2.168779999E1,3.808311074E1
3.047239838E1,-1.031355286E0,-2.999028488E1,-1.618569168E1,3.409483093E1
3.048240137E1,2.480342102E-1,-2.199570969E1,-7.203769684E0,2.314664259E1
3.049240437E1,2.368075562E-1,-1.302755905E1,-6.097420349E0,1.438582315E1
3.050240837E1,6.738986206E-1,-4.295916595E0,-9.560019836E0,1.050252436E1
3.051241137E1,2.158511353E-1,6.873706055E-1,-9.314530334E0,9.342352242E0
3.052241438E1,-6.511459351E-2,1.593885498E0,-7.794291687E0,7.955859086E0
3.053241837E1,-1.691332855E0,-1.281485138E0,-7.357500000E0,7.657389714E0
3.054242138E1,-4.102369080E0,-6.234834595E0,-5.597460022E0,9.329209676E0
3.055242437E1,-6.357579346E0,-1.264076340E1,-8.457412720E-1,1.417473078E1
3.056242838E1,-8.520281982E0,-1.902783142E1,5.476212158E0,2.155556711E1
3.057243137E1,-9.840835876E0,-2.259805710E1,1.153665939E1,2.721412768E1
3.058243437E1,-4.810696106E0,-2.354917923E1,4.724625092E0,2.449548370E1
3.059243838E1,2.381697235E0,-1.764560577E1,-8.579259338E0,1.976470530E1
3.060244137E1,-2.792443085E0,-7.388784943E0,-2.325713654E0,8.234125655E0
3.061244438E1,-7.823031921E0,5.703140259E-2,-2.098037109E0,8.099681521E0
3.062244837E1,-1.220606735E1,3.789220276E0,-6.247258759E0,1.422583961E1
3.063245138E1,-7.918982391E0,3.531605988E0,-3.687132568E0,9.422179660E0
3.064245437E1,-1.625020752E0,-2.480342102E0,5.596262512E0,6.333320100E0
3.065245737E1,-9.354048157E-1,-8.218060455E0,9.662257233E0,1.271891169E1
3.066246137E1,-2.766247559E0,-1.173245224E1,7.832612000E0,1.437540858E1
3.067246437E1,-3.963907013E0,-1.381402359E1,6.700665894E0,1.585681967E1
3.068246738E1,-3.523672485E0,-1.519130951E1,5.586682434E0,1.656511917E1
3.069247137E1,-2.211950226E0,-1.583048035E1,4.087250519E0,1.649855899E1
3.070247438E1,-7.593708801E-1,-1.584035980E1,3.054997101E0,1.615012849E1
3.071247737E1,3.016676788E0,-1.571581879E1,-1.032103729E0,1.603597634E1
3.072248137E1,7.226821747E0,-1.482008148E1,-7.270081787E0,1.801987394E1
3.073248437E1,4.465214539E0,-1.260528717E1,-3.622616730E0,1.385477382E1
3.074248737E1,2.230212250E0,-1.062266006E1,-4.377646637E0,1.170378330E1
3.075249138E1,1.138831787E0,-1.000220032E1,-6.329886932E0,1.189152714E1
3.076249437E1,-6.589297485E-1,-9.697883148E0,-5.210664368E0,1.102878729E1
3.077249738E1,-1.448687439E0,-8.689430237E0,-2.824775848E0,9.251175694E0
3.078250137E1,-1.474882965E0,-7.466024323E0,-6.715036011E-1,7.639876703E0
3.079250438E1,-1.740580444E0,-6.431824951E0,9.933343506E-1,6.736817173E0
3.080250737E1,-2.385289764E0,-5.997128906E0,2.088906097E0,6.783707767E0
3.081251137E1,-2.579436035E0,-6.149961090E0,2.435435486E0,7.099778706E0
3.082251438E1,-1.950144653E0,-6.531068573E0,2.050436096E0,7.117739041E0
3.083251737E1,-1.087937622E0,-7.097041626E0,8.722361755E-1,7.232731438E0
3.084252138E1,-4.314028931E-1,-7.740703125E0,3.083587646E-2,7.752776546E0
3.085252437E1,7.274871826E-2,-8.279732208E0,1.438508606E-1,8.281301280E0
3.086252738E1,-3.478765869E-1,-8.356522522E0,2.752775574E-1,8.368289223E0
3.087253137E1,-3.170407104E-1,-8.242609406E0,2.154020691E-1,8.251516386E0
3.088253437E1,-2.192939758E-1,-8.184081116E0,2.474354553E-1,8.190756855E0
3.089253738E1,-1.999841309E-1,-7.783065033E0,-2.737806702E-1,7.790446124E0
3.090254137E1,-6.453080750E-1,-7.535928955E0,-9.632469177E-1,7.624597849E0
3.091254438E1,-9.642947388E-1,-7.555238800E0,-1.682501221E0,7.800147949E0
3.092254737E1,-1.107995911E0,-7.976013794E0,-2.665207672E0,8.482203895E0
3.093255138E1,-6.276448059E-1,-8.535101166E0,-2.895279236E0,9.034629587E0
3.094255437E1,3.204835510E-1,-9.094787292E0,-1.508712616E0,9.224645216E0
3.095255737E1,7.533833313E-1,-9.884544983E0,-2.231858826E-1,9.915726292E0
3.096256100E1,4.929249573E-1,-1.085617447E1,-6.556365967E-2,1.086755712E1
3.097256400E1,1.755848694E-1,-1.140044266E1,-5.460644531E-1,1.141486352E1
3.098256700E1,2.035766602E-2,-1.102981339E1,-9.259744263E-1,1.106863254E1
3.099257100E1,-1.703457642E-1,-1.033660492E1,-1.100361786E0,1.039640395E1
3.100257400E1,-1.255888367E-1,-9.904004517E0,-1.207838287E0,9.978173748E0
3.101257700E1,5.614823914E-1,-9.520502014E0,-1.225202179E0,9.615422063E0
3.102258100E1,1.885778503E0,-9.326655121E0,-1.200204163E0,9.590784449E0
3.103258400E1,4.792733459E0,-1.024798920E1,-4.547543335E-1,1.132247226E1
3.104258700E1,7.106921082E0,-1.235874985E1,-2.200424194E-1,1.425817112E1
3.105259000E1,7.055577850E0,-1.390368713E1,-5.343887329E-1,1.560061749E1
3.106259400E1,5.067412262E0,-1.457758575E1,-9.969268799E-1,1.546539804E1
3.107259700E1,2.540367279E0,-1.538904831E1,-1.325643311E0,1.565354925E1
3.108260000E1,-7.514373779E-1,-1.575803101E1,-1.820663910E0,1.588064912E1
3.109260400E1,-1.948049011E0,-1.577135330E1,-4.461472321E0,1.650561163E1
3.110260700E1,-3.322191467E0,-1.578856750E1,-4.760849762E0,1.682205429E1
3.111261000E1,-1.680255890E0,-1.497470993E1,-4.267026672E0,1.566118495E1
3.112261400E1,1.055155792E0,-1.373708359E1,-3.660787354E0,1.425560182E1
3.113261700E1,2.475851440E0,-1.257400223E1,-2.491419067E0,1.305536447E1
3.114262000E1,2.019151154E0,-1.198422867E1,-5.620811462E-1,1.216612688E1
3.115262400E1,-1.462159424E0,-1.112995514E1,8.376580811E-1,1.125679718E1
3.116262700E1,-6.013894043E0,-9.896969147E0,3.129691772E0,1.199632821E1
3.117263000E1,-5.643414459E0,-1.008632538E1,6.322103119E0,1.317387848E1
3.118263400E1,-5.168302460E0,-1.075962524E1,6.982080688E0,1.382860573E1
3.119263700E1,-5.710624695E0,-1.224513611E1,5.278024292E0,1.450558972E1
3.120264000E1,-7.171287231E0,-1.477637238E1,2.881507874E-1,1.642715958E1
3.121264400E1,-7.394024048E0,-1.727198273E1,-4.830305328E0,1.939909350E1
3.122264700E1,-6.718628540E0,-1.776071640E1,-4.442461853E0,1.950175592E1
3.123265000E1,-5.928571472E0,-1.670466248E1,-2.040406952E0,1.784256060E1
3.124265400E1,-4.787644043E0,-1.557421326E1,-1.456770630E0,1.635847899E1
3.125265700E1,-5.245841217E0,-1.524953842E1,-1.580413513E0,1.620385692E1
3.126266000E1,-5.849386139E0,-1.458551926E1,-9.740245056E-1,1.574488533E1
3.127266400E1,-4.146527252E0,-1.362017670E1,-1.507365417E-1,1.423817485E1
3.128266700E1,-2.497256927E0,-1.257774445E1,6.215075684E-1,1.283831060E1
3.129267000E1,-1.189875641E0,-1.110675339E1,1.589993591E0,1.128290098E1
3.130267400E1,4.228706360E-1,-9.824370117E0,1.208137665E0,9.907404523E0
3.131267700E1,2.529140625E0,-8.793912964E0,5.987548828E-2,9.150576080E0
3.132268000E1,3.583248596E0,-8.228987732E0,-1.425186310E0,9.087742603E0
3.133268400E1,3.235970764E0,-7.893834686E0,-1.916015625E0,8.743869207E0
3.134268700E1,2.279010773E0,-6.587052155E0,-1.888472900E0,7.221459415E0
3.135269000E1,1.400188293E0,-5.497467957E0,-1.463356934E0,5.858676873E0
3.136269400E1,1.048270111E0,-4.792434082E0,-4.308041382E-1,4.924620479E0
3.137269700E1,1.129850464E0,-4.281396790E0,5.047503662E-1,4.456645989E0
3.138270000E1,9.722282410E-1,-3.736230469E0,1.463057556E0,4.128581267E0
3.139270400E1,1.306782532E-1,-3.153342590E0,1.966161346E0,3.718391687E0
3.140270700E1,-9.250762939E-1,-2.631976776E0,2.135010223E0,3.513023848E0
3.141271000E1,-2.167492676E0,-2.099084930E0,1.883533173E0,3.556948026E0
3.142271400E1,-3.406017151E0,-1.685195618E0,1.470691681E0,4.074772524E0
3.143271700E1,-4.292623444E0,-1.230441284E0,1.455722809E0,4.696778756E0
3.144272000E1,-4.641847229E0,-1.021924896E0,1.715133362E0,5.052995017E0
3.145272400E1,-4.576283569E0,-1.318009186E0,2.091151428E0,5.201195422E0
3.146272700E1,-3.638334045E0,-1.358125763E0,1.360371094E0,4.114922809E0
3.147273000E1,-2.791245575E0,-1.574126587E0,7.358697510E-1,3.287921937E0
3.148273400E1,-2.340981903E0,-1.814227295E0,4.839436340E-1,3.000969575E0
3.149273700E1,-1.963916016E0,-2.249073029E0,-1.893562317E-1,2.991847487E0
3.150274000E1,-1.539847870E0,-3.208727417E0,-1.156944122E0,3.742403346E0
3.151274300E1,-1.370699615E0,-4.254602509E0,-2.812351685E0,5.281077725E0
3.152274700E1,-1.289418640E0,-5.930218048E0,-5.978417816E0,8.518894653E0
3.153275000E1,-1.200952606E0,-9.012308807E0,-9.960736542E0,1.348629933E1
3.154275300E1,3.962260437E-1,-1.322739349E1,-1.437056625E1,1.953545772E1
3.155275700E1,2.900817719E0,-1.900388123E1,-1.763437912E1,2.608703839E1
3.156276000E1,2.603685608E0,-2.695205292E1,-1.889176437E1,3.301652762E1
3.157276300E1,4.496649170E-1,-3.057362183E1,-2.078263229E1,3.697115572E1
3.158276700E1,5.212161255E-1,-2.554018890E1,-1.321766373E1,2.876246773E1
3.159277000E1,2.300715637E-1,-1.704101303E1,-5.112468567E0,1.779287478E1
3.160277300E1,8.261320496E-1,-8.098010101E0,-6.181994476E0,1.022141465E1
3.161277700E1,9.349557495E-1,-1.764979706E0,-8.974736938E0,9.194302515E0
3.162278000E1,1.128652954E-1,1.109941864E0,-7.461982727E0,7.544925164E0
3.163278300E1,-1.249900818E0,-1.263372803E-1,-7.213200073E0,7.321780416E0
3.164278700E1,-3.729943542E0,-4.448898468E0,-7.116950226E0,9.184560791E0
3.165279000E1,-6.083648987E0,-9.817334747E0,-3.914360046E0,1.219479648E1
3.166279300E1,-7.490273895E0,-1.593092148E1,1.136137390E0,1.764055754E1
3.167279700E1,-8.335266724E0,-2.052576645E1,4.569996643E0,2.262009348E1
3.168280000E1,-8.784482574E0,-2.299518127E1,4.681664429E0,2.505720411E1
3.169280300E1,-2.922522583E0,-2.017040543E1,-4.426894226E0,2.085626490E1
3.170280700E1,-2.469863892E-2,-1.026205994E1,-5.355862427E-1,1.027605648E1
3.171281000E1,-5.681136017E0,-1.798659668E0,2.539319458E0,6.477547866E0
3.172281300E1,-1.153621033E1,2.276765442E0,-4.212989044E0,1.249067998E1
3.173281700E1,-1.028840515E1,2.190844116E0,-5.122048645E0,1.169984875E1
3.174282000E1,-2.530487823E0,-1.766775970E0,2.064656525E0,3.713175530E0
3.175282300E1,9.913883972E-1,-7.518714752E0,8.661887512E0,1.151269811E1
3.176282700E1,-1.358425140E0,-1.148217270E1,9.049132233E0,1.468238410E1
3.177283000E1,-3.473077698E0,-1.354218887E1,6.897207184E0,1.558924678E1
3.178283300E1,-3.654350739E0,-1.538380920E1,5.054539032E0,1.660012740E1
3.179283700E1,-2.686912537E0,-1.617611160E1,3.327430573E0,1.673194190E1
3.180284000E1,-8.699908447E-1,-1.559516968E1,8.225395203E-1,1.564106047E1
3.181284300E1,3.567531281E0,-1.533620819E1,-3.349434814E0,1.609798977E1
3.182284700E1,4.023333435E0,-1.453941513E1,-2.900967407E0,1.536220740E1
3.183285000E1,3.617527313E0,-1.259645554E1,-2.698737946E0,1.338059724E1
3.184285300E1,2.833008728E0,-1.061727127E1,-4.729714508E0,1.196338527E1
3.185285700E1,8.018824768E-1,-9.500144348E0,-5.213358765E0,1.086622601E1
3.186286000E1,-8.120613098E-1,-9.066496124E0,-4.302652588E0,1.006844650E1
3.187286300E1,-1.667682037E0,-8.652756500E0,-2.700384521E0,9.216476279E0
3.188286700E1,-1.967957611E0,-7.791597290E0,-6.500981140E-1,8.062535150E0
3.189287000E1,-1.926493835E0,-7.198829956E0,1.183588715E0,7.545555876E0
3.190287300E1,-2.019749908E0,-6.935078430E0,2.194286957E0,7.549145500E0
3.191287700E1,-2.349065094E0,-6.943460999E0,2.489622803E0,7.741316371E0
3.192288000E1,-2.283052368E0,-6.880292358E0,1.884880371E0,7.490228639E0
3.193288300E1,-1.880988464E0,-6.849755859E0,4.553530884E-1,7.117908356E0
3.194288700E1,-1.200503540E0,-7.254963226E0,-6.908134460E-1,7.385995084E0
3.195289000E1,-3.802093506E-1,-7.997868347E0,-6.599775696E-1,8.034054247E0
3.196289304E1,2.255809021E-1,-8.440198517E0,-1.329235840E-1,8.444258785E0
3.197289604E1,5.282514954E-1,-8.588240662E0,4.409829712E-1,8.615764231E0
3.198290004E1,5.179229736E-1,-8.507558441E0,6.780899048E-1,8.550239807E0
3.199290304E1,3.610491943E-1,-8.189020844E0,5.516029358E-1,8.215514877E0
3.200290604E1,1.678010559E-1,-7.947872314E0,-8.637039185E-2,7.950112664E0
3.201291004E1,-2.565664673E-1,-8.025111694E0,-9.963281250E-1,8.090791914E0
3.202291304E1,-7.524851990E-1,-8.010741577E0,-1.857337646E0,8.257597576E0
3.203291604E1,-1.188378754E0,-8.224197693E0,-2.904709625E0,8.802670604E0
3.204292004E1,-1.195264435E0,-9.087302856E0,-3.015479279E0,9.648877943E0
3.205292304E1,-7.545808411E-1,-9.784253540E0,-1.593586121E0,9.941857287E0
3.206292604E1,-2.987786865E-1,-1.014919464E1,-2.754272461E-2,1.015362887E1
3.207293004E1,-2.728825378E-1,-1.059466827E1,6.084846497E-1,1.061563537E1
3.208293304E1,-4.468208313E-1,-1.107576782E1,4.578977966E-1,1.109423058E1
3.209293604E1,-4.619393921E-1,-1.137888748E1,-3.543132019E-1,1.139377050E1
3.210294004E1,4.340972900E-3,-1.110465775E1,-1.623823242E0,1.122275565E1
3.211294304E1,5.390290833E-1,-1.039932449E1,-2.576142883E0,1.072720907E1
3.212294604E1,1.131047974E0,-9.580078125E0,-2.740201721E0,1.002825368E1
3.213295004E1,2.029329987E0,-9.061556396E0,-2.066303101E0,9.513127405E0
3.214295304E1,3.627706146E0,-9.386530609E0,-6.168672180E-1,1.008205009E1
3.215295604E1,7.083719330E0,-1.062864761E1,1.827549591E0,1.290299063E1
3.216296004E1,8.577014008E0,-1.251517456E1,2.211501160E0,1.533249820E1
3.217296304E1,7.152725830E0,-1.405607025E1,-2.784210205E-2,1.577134658E1
3.218296604E1,3.966152344E0,-1.482023117E1,-2.528392181E0,1.554871002E1
3.219297004E1,6.447093201E-1,-1.558184738E1,-2.406246185E0,1.577972239E1
3.220297304E1,-2.860252075E0,-1.552376816E1,-1.631906433E0,1.586920094E1
3.221297604E1,-3.211571503E0,-1.503847733E1,-3.520229645E0,1.577536081E1
3.222298004E1,-2.599194946E0,-1.416893555E1,-4.733606415E0,1.516316519E1
3.223298304E1,-4.625381470E-1,-1.334055817E1,-4.041745148E0,1.394704763E1
3.224298604E1,2.011067963E0,-1.297187485E1,-3.556753693E0,1.360016280E1
3.225299004E1,2.424957275E0,-1.249287094E1,-2.236948242E0,1.292115241E1
3.226299304E1,1.642534332E0,-1.219005066E1,-1.166075134E-1,1.230076629E1
3.227299604E1,-1.315314789E0,-1.176777878E1,6.518943787E-1,1.185898970E1
3.228300004E1,-5.748196564E0,-1.089419540E1,2.341730347E0,1.253829966E1
3.229300304E1,-6.627468109E0,-1.044707520E1,6.347250824E0,1.390511800E1
3.230300604E1,-5.781726837E0,-1.065005310E1,7.385940857E0,1.419169189E1
3.231300904E1,-5.843548279E0,-1.178065201E1,6.270460510E0,1.456878489E1
3.232301304E1,-7.158563690E0,-1.400427795E1,1.926344147E0,1.584536642E1
3.233301604E1,-7.297624512E0,-1.650168457E1,-5.898484039E0,1.898296687E1
3.234301904E1,-6.537355499E0,-1.690524536E1,-5.795049133E0,1.902910750E1
3.235302304E1,-6.042334900E0,-1.582584000E1,-1.852098541E0,1.704104726E1
3.236302604E1,-5.208568726E0,-1.490031464E1,-1.571132813E0,1.586244063E1
3.237302904E1,-5.494773560E0,-1.389425674E1,-1.680405579E0,1.503551362E1
3.238303304E1,-4.623734894E0,-1.396745453E1,-1.279988251E0,1.476844881E1
3.239303604E1,-3.790118408E0,-1.355745712E1,-3.456312561E-1,1.408151633E1
3.240303904E1,-2.452200623E0,-1.238838821E1,7.104226685E-1,1.264872131E1
3.241304304E1,-1.358874207E0,-1.126422592E1,1.647174683E0,1.146483795E1
3.242304604E1,-3.005749512E-1,-1.004501129E1,1.704355774E0,1.019300867E1
3.243304904E1,1.500330048E0,-8.821605377E0,6.756948853E-1,8.973754803E0
3.244305304E1,2.629432068E0,-8.264613647E0,-7.186555481E-1,8.702540867E0
3.245305604E1,2.871628418E0,-8.100854187E0,-2.216440887E0,8.875961837E0
3.246305904E1,2.518662415E0,-7.585326233E0,-2.377805328E0,8.338752461E0
3.247306304E1,1.411265259E0,-6.783743134E0,-1.268312531E0,7.044107978E0
3.248306604E1,5.312452698E-1,-6.002667389E0,-4.354444885E-1,6.041841542E0
3.249306904E1,3.629951477E-1,-5.213658142E0,3.129991150E-1,5.235643718E0
3.250307304E1,8.083190918E-3,-4.555027771E0,9.747729492E-1,4.658167626E0
3.251307604E1,-3.724255371E-1,-4.458029480E0,1.285377045E0,4.654559246E0
3.252307904E1,-9.463320923E-1,-4.209845581E0,1.328936462E0,4.514910449E0
3.253308304E1,-2.658172302E0,-3.574267273E0,1.194515991E0,4.611738824E0
3.254308604E1,-2.932551727E0,-3.491938477E0,2.023791504E0,4.988910303E0
3.255308904E1,-3.576362915E0,-2.705473938E0,2.021396484E0,4.918943451E0
3.256309304E1,-4.222269745E0,-2.002386017E0,2.272723846E0,5.196381938E0
3.257309604E1,-4.221521301E0,-1.505419464E0,2.323767700E0,5.048507322E0
3.258309904E1,-3.750899963E0,-1.153950348E0,1.992356873E0,4.401174599E0
3.259310304E1,-3.155138855E0,-1.119821320E0,1.336869965E0,3.605013493E0
3.260310604E1,-2.685265961E0,-1.462458801E0,7.330256653E-1,3.144322765E0
3.261310904E1,-2.307900696E0,-2.070644073E0,9.280700684E-3,3.100654549E0
3.262311204E1,-1.829794922E0,-2.985990601E0,-1.232387238E0,3.712555404E0
3.263311604E1,-1.347198486E0,-4.121529236E0,-3.003803558E0,5.274920172E0
3.264311904E1,-1.313817902E0,-5.863307190E0,-5.564378815E0,8.189432232E0
3.265312204E1,-9.803114319E-1,-8.347690887E0,-8.931177521E0,1.226421158E1
3.266312604E1,3.004252625E-1,-1.162961609E1,-1.290930496E1,1.737781288E1
3.267312904E1,1.982627106E0,-1.635543869E1,-1.606668915E1,2.301238113E1
3.268313204E1,1.492546234E0,-2.193867828E1,-1.647698593E1,2.747770668E1
3.269313604E1,-9.325607300E-2,-2.386816589E1,-1.782253784E1,2.978826774E1
3.270313904E1,1.381626892E-1,-2.104773102E1,-1.635454056E1,2.665515085E1
3.271314204E1,1.549278259E0,-1.683249664E1,-8.005502472E0,1.870350973E1
3.272314604E1,1.160237274E0,-1.185804108E1,-2.575993195E0,1.218995610E1
3.273314904E1,1.163081360E-1,-7.642507324E0,-5.050198059E0,9.161110534E0
3.274315204E1,-4.517605591E-1,-4.860841827E0,-8.980125732E0,1.022127825E1
3.275315604E1,-6.301895142E-2,-3.641477509E0,-9.602830811E0,1.027028186E1
3.276315904E1,9.000782776E-1,-4.400848389E0,-9.805659027E0,1.078557168E1
3.277316204E1,-1.633103943E-1,-6.883136444E0,-9.678573303E0,1.187766891E1
3.278316604E1,-2.359393616E0,-1.012494507E1,-7.688162384E0,1.293016209E1
3.279316904E1,-4.509372711E0,-1.448403030E1,-3.575764160E0,1.558549535E1
3.280317204E1,-6.337521057E0,-1.870659943E1,3.295247498E0,2.002397791E1
3.281317604E1,-7.379354553E0,-2.066138443E1,1.002600082E1,2.412194795E1
3.282317904E1,-5.656886444E0,-1.839524689E1,5.746849365E0,2.008511264E1
3.283318204E1,-2.459086304E0,-1.033660492E1,-8.149053955E-1,1.065629286E1
3.284318604E1,-5.629343719E0,-4.182751923E0,-8.622070313E-1,7.065997829E0
3.285318904E1,-9.914033661E0,-5.739065552E-1,-5.592969360E0,1.139731277E1
3.286319204E1,-1.057775345E1,1.240320740E0,-8.133636017E0,1.340086932E1
3.287319604E1,-3.859274597E0,-1.308578796E0,-2.116149445E0,4.591782590E0
3.288319904E1,8.930429077E-1,-6.891668701E0,7.935747528E0,1.054839855E1
3.289320204E1,-1.860481110E0,-1.087219116E1,8.875792694E0,1.415788214E1
3.290320604E1,-4.736600189E0,-1.215158066E1,7.368876343E0,1.497987424E1
3.291320904E1,-4.936135254E0,-1.391117157E1,6.316265259E0,1.605557014E1
3.292321204E1,-3.964655457E0,-1.498473907E1,4.759951630E0,1.621474753E1
3.293321604E1,-2.576292572E0,-1.446741486E1,3.491339722E0,1.510406664E1
3.294321904E1,3.124003601E-1,-1.372106689E1,5.397775269E-1,1.373523318E1
3.295322204E1,4.226011963E0,-1.367990250E1,-5.678740997E0,1.540282470E1
3.296322575E1,3.911965027E0,-1.301947586E1,-3.279979248E0,1.398458029E1
3.297322875E1,3.090173950E0,-1.118444183E1,-3.261866913E0,1.205324396E1
3.298323175E1,1.747316437E0,-1.007584717E1,-4.636608124E0,1.122826548E1
3.299323475E1,-2.625540161E-1,-9.992919617E0,-3.890858917E0,1.072688959E1
3.300323875E1,-1.505718842E0,-9.610614624E0,-2.796634369E0,1.012187070E1
3.301324175E1,-1.532064056E0,-8.690777435E0,-1.569037170E0,8.963186395E0
3.302324475E1,-1.558858337E0,-7.657326508E0,-2.556683350E-1,7.818571152E0
3.303324875E1,-1.553619232E0,-6.933282166E0,7.123686218E-1,7.140840522E0
3.304325175E1,-1.208437042E0,-6.493197327E0,1.530567169E0,6.779717359E0
3.305325475E1,-1.053060150E0,-6.769822083E0,1.948348389E0,7.122884820E0
3.306325875E1,-4.171824646E-1,-7.474706268E0,1.469344482E0,7.629170873E0
3.307326175E1,3.876937866E-1,-8.108937378E0,7.015910339E-1,8.148460091E0
3.308326475E1,6.556365967E-1,-8.766669617E0,2.993774414E-4,8.791152120E0
3.309326875E1,7.415579224E-1,-9.033714294E0,-4.860392761E-1,9.077121586E0
3.310327175E1,7.237449646E-1,-8.885223083E0,-5.026547241E-1,8.928810547E0
3.311327475E1,2.264790344E-1,-8.766519928E0,-2.782713318E-1,8.773858862E0
3.312327875E1,-3.546125793E-1,-8.525820465E0,3.911366272E-1,8.542151517E0
3.313328175E1,-2.859054565E-2,-7.541617126E0,1.951940918E-1,7.544196911E0
3.314328475E1,-1.157093811E-1,-7.245682526E0,-1.151255951E0,7.337485549E0
3.315328875E1,-5.122348022E-1,-7.361691284E0,-1.452279968E0,7.521037173E0
3.316329175E1,-8.536747742E-1,-7.613617401E0,-1.550625458E0,7.816672557E0
3.317329475E1,-8.773255920E-1,-8.227191467E0,-1.517544250E0,8.411855930E0
3.318329875E1,-3.721261597E-1,-8.881630554E0,-1.121168518E0,8.959846987E0
3.319330175E1,6.062393188E-2,-9.758656769E0,-6.527925110E-1,9.780654132E0
3.320330475E1,7.768844604E-2,-1.069346283E1,-4.873864746E-1,1.070484602E1
3.321330875E1,-9.430389404E-2,-1.122096588E1,-4.662803650E-1,1.123104563E1
3.322331175E1,-3.644920349E-1,-1.118025055E1,-5.059478760E-1,1.119762654E1
3.323331475E1,-5.448669434E-1,-1.087069427E1,-8.656498718E-1,1.091870980E1
3.324331875E1,-4.878355408E-1,-1.036878799E1,-1.046922913E0,1.043291884E1
3.325332175E1,7.813751221E-2,-9.698332214E0,-9.657916260E-1,9.746615139E0
3.326332475E1,1.112187195E0,-9.244775391E0,-9.584568787E-1,9.360634165E0
3.327332775E1,2.273472290E0,-9.260642395E0,-1.073268127E0,9.595836508E0
3.328333175E1,4.252057800E0,-1.031340317E1,-1.219963074E-1,1.115621636E1
3.329333475E1,6.323001251E0,-1.245514938E1,1.075663147E0,1.400957323E1
3.330333775E1,5.341342621E0,-1.414543442E1,1.766326904E-1,1.512132451E1
3.331334175E1,3.290756836E0,-1.453178101E1,-9.909393311E-1,1.493263877E1
3.332334475E1,8.650511169E-1,-1.514281036E1,-1.575922852E0,1.524914922E1
3.333334775E1,-1.983225861E0,-1.558364365E1,-6.756948853E-1,1.572385760E1
3.334335175E1,-3.464096375E0,-1.528291901E1,-7.032376099E-1,1.568636734E1
3.335335475E1,-3.252436523E0,-1.490779907E1,-4.297712860E0,1.585216554E1
3.336335775E1,-2.521805878E0,-1.441876602E1,-5.540578308E0,1.565114457E1
3.337336175E1,-1.630110168E-1,-1.358739487E1,-4.455335083E0,1.430013575E1
3.338336475E1,1.526974640E0,-1.261726227E1,-2.227068787E0,1.290297617E1
3.339336775E1,1.373394012E0,-1.238928635E1,-4.764591980E-1,1.247427916E1
3.340337175E1,-4.866380310E-1,-1.205892334E1,4.492158508E-1,1.207709583E1
3.341337475E1,-4.802762604E0,-1.043105850E1,1.865869904E0,1.163421594E1
3.342337775E1,-6.129603424E0,-9.140292664E0,4.702770538E0,1.196800062E1
3.343338175E1,-5.684728546E0,-9.069489899E0,6.057303772E0,1.229889079E1
3.344338475E1,-6.109844513E0,-9.936786346E0,5.544021149E0,1.291534333E1
3.345338775E1,-6.759643250E0,-1.214304840E1,2.596201172E0,1.413812795E1
3.346339175E1,-6.873556366E0,-1.503772888E1,-3.598217468E0,1.692117715E1
3.347339475E1,-5.669609985E0,-1.661350204E1,-5.656287689E0,1.844306151E1
3.348339775E1,-4.998256073E0,-1.580787735E1,-2.467169495E0,1.676181599E1
3.349340175E1,-4.554578705E0,-1.496004044E1,-1.272803192E0,1.568971080E1
3.350340475E1,-4.436174927E0,-1.512604523E1,-1.768871613E0,1.586208684E1
3.351340775E1,-4.808450775E0,-1.521166718E1,-1.967957611E0,1.607447897E1
3.352341175E1,-3.553759918E0,-1.473850113E1,-7.723937988E-1,1.518055392E1
3.353341475E1,-1.872755585E0,-1.383782410E1,1.071621552E0,1.400503345E1
3.354341775E1,-5.135820007E-1,-1.271905060E1,1.150956573E0,1.278134248E1
3.355342175E1,4.825964355E-1,-1.157692566E1,9.461824036E-1,1.162554808E1
3.356342475E1,2.358196106E0,-1.043435165E1,2.950364685E-1,1.070158072E1
3.357342775E1,3.166515198E0,-9.245224457E0,-1.309776306E0,9.859843190E0
3.358343075E1,2.358495483E0,-8.143964539E0,-2.611319733E0,8.871620489E0
3.359343475E1,1.002315674E0,-6.966962128E0,-2.445614319E0,7.451458072E0
3.360343775E1,-1.968406677E-1,-5.650599518E0,-1.603315887E0,5.876958652E0
3.361344075E1,-7.542814636E-1,-4.793781281E0,-1.134640503E0,4.983642098E0
3.362344475E1,-2.296224976E-1,-4.790188751E0,-2.387535095E-1,4.801628682E0
3.363344775E1,-2.251318359E-1,-4.711302795E0,2.514770508E0,5.345196823E0
3.364345075E1,1.806742859E-1,-3.766916656E0,1.143771515E0,3.940877767E0
3.365345475E1,-9.815089417E-1,-3.376229095E0,-3.381468201E-1,3.532226774E0
3.366345775E1,-2.020348663E0,-3.311413879E0,7.189549255E-1,3.945144711E0
3.367346075E1,-2.139201508E0,-2.932402039E0,1.501677246E0,3.928129244E0
3.368346475E1,-2.557880859E0,-2.819536743E0,2.186203766E0,4.389991896E0
3.369346775E1,-3.379671936E0,-2.543211365E0,1.976789246E0,4.668811644E0
3.370347075E1,-3.564836884E0,-2.532882843E0,2.149530029E0,4.872785328E0
3.371347475E1,-3.411106567E0,-2.373763733E0,1.967807922E0,4.598115950E0
3.372347775E1,-2.911146240E0,-2.195634155E0,1.404529266E0,3.907465193E0
3.373348075E1,-2.376907196E0,-2.278412018E0,7.550299072E-1,3.378005225E0
3.374348475E1,-1.782942352E0,-2.261497192E0,2.978805542E-1,2.895165938E0
3.375348775E1,-1.515298920E0,-2.366578674E0,-3.920347595E-1,2.837343245E0
3.376349075E1,-1.335672455E0,-3.087778931E0,-1.509461060E0,3.687393703E0
3.377349475E1,-1.190324707E0,-4.218377838E0,-3.299887848E0,5.486423635E0
3.378349775E1,-1.352287903E0,-5.968089294E0,-5.527705078E0,8.246350455E0
3.379350075E1,-1.176553345E0,-8.644523621E0,-8.555159454E0,1.221895330E1
3.380350475E1,-3.345542908E-1,-1.227866638E1,-1.208945984E1,1.723463414E1
3.381350775E1,1.449585571E0,-1.659449158E1,-1.527244080E1,2.259924549E1
3.382351075E1,1.664239197E0,-2.273337570E1,-1.712558716E1,2.851073129E1
3.383351475E1,-1.932481384E-1,-2.665761520E1,-1.939561661E1,3.296749515E1
3.384351775E1,2.179467773E-1,-2.398582123E1,-1.650961807E1,2.911931678E1
3.385352075E1,1.795516205E0,-1.834929245E1,-6.940467224E0,1.970001262E1
3.386352375E1,2.091750183E0,-1.133487900E1,-2.870730286E0,1.187838344E1
3.387352775E1,2.127226410E0,-4.849615173E0,-5.960305481E0,7.973023326E0
3.388353075E1,2.529290314E0,-1.141975250E0,-8.677604828E0,9.110556652E0
3.389353375E1,2.731819153E0,-8.164022827E-1,-9.476044464E0,9.895694380E0
3.390353775E1,1.674418030E0,-3.804039459E0,-9.410630493E0,1.028758272E1
3.391354075E1,-6.930587769E-1,-8.056546326E0,-6.896758118E0,1.062796037E1
3.392354375E1,-3.275638275E0,-1.307141785E1,-1.026265869E0,1.351462143E1
3.393354775E1,-6.201004944E0,-1.789573563E1,4.151317291E0,1.938925608E1
3.394355075E1,-8.511749725E0,-2.089489883E1,7.647746429E0,2.382298693E1
3.395355375E1,-9.192983093E0,-2.236229736E1,3.144810333E0,2.438181932E1
3.396355804E1,-4.148473206E0,-1.602537506E1,-6.562952271E0,1.780715638E1
3.397356104E1,-3.902834015E0,-6.346502380E0,-1.970951385E0,7.706805770E0
3.398356404E1,-9.125473480E0,-3.387455750E-1,-1.313668213E0,9.225764953E0
3.399356804E1,-1.289972488E1,2.820734253E0,-5.656587067E0,1.436511124E1
3.400357104E1,-8.931925964E0,1.350791016E0,-3.158282318E0,9.569675282E0
3.401357404E1,-1.649569702E0,-3.513493652E0,6.933431854E0,7.945954639E0
3.402357804E1,-1.506018219E0,-9.217981110E0,9.554032288E0,1.336109275E1
3.403358104E1,-3.999981995E0,-1.288610321E1,8.760532379E0,1.608721354E1
3.404358404E1,-4.464466095E0,-1.486693405E1,7.742050323E0,1.734636933E1
3.405358804E1,-4.239184570E0,-1.609827347E1,5.982908478E0,1.768955308E1
3.406359104E1,-2.802322540E0,-1.587628510E1,3.582649841E0,1.651498774E1
3.407359404E1,-1.058598633E0,-1.474448868E1,1.915716248E0,1.490605737E1
3.408359804E1,3.516637115E0,-1.427820831E1,-2.795885925E0,1.496833148E1
3.409360104E1,5.665568390E0,-1.370475082E1,-5.313500519E0,1.575284571E1
3.410360404E1,3.552861786E0,-1.195159653E1,-3.132835236E0,1.285605472E1
3.411360804E1,2.274819489E0,-1.022194336E1,-4.901706848E0,1.156242448E1
3.412361104E1,8.701405334E-1,-9.660460968E0,-5.371879120E0,1.108777417E1
3.413361404E1,-5.704637146E-1,-9.482930145E0,-3.595972137E0,1.015787422E1
3.414361804E1,-1.448388062E0,-8.720715179E0,-1.349593506E0,8.942600508E0
3.415362104E1,-1.694176941E0,-7.883955231E0,6.619235229E-1,8.091052363E0
3.416362404E1,-1.752555542E0,-7.246430969E0,1.909129944E0,7.695907345E0
3.417362704E1,-1.540746002E0,-6.635251923E0,2.441872101E0,7.236242511E0
3.418363104E1,-1.507215729E0,-6.610553284E0,2.349514160E0,7.175746007E0
3.419363404E1,-1.034947815E0,-6.908583527E0,1.530716858E0,7.151415064E0
3.420363704E1,-5.090913391E-1,-7.566465454E0,1.549278259E-1,7.585154981E0
3.421364104E1,-2.815644836E-1,-8.232580261E0,-7.939489746E-1,8.275567128E0
3.422364404E1,-4.775070190E-1,-8.555009766E0,-9.009764099E-1,8.615565189E0
3.423364704E1,-1.850152588E-1,-8.836424561E0,-5.086422729E-1,8.852985181E0
3.424365104E1,1.252894592E-1,-8.569230194E0,-3.192860413E-1,8.576091601E0
3.425365404E1,4.385879517E-2,-8.089777222E0,-5.233117676E-1,8.106804197E0
3.426365704E1,1.484912109E-1,-7.761659546E0,-5.282514954E-1,7.781031949E0
3.427366104E1,2.050735474E-1,-7.763755188E0,-3.891906738E-1,7.776208534E0
3.428366404E1,4.595443726E-2,-8.146658936E0,-7.908055115E-1,8.185080145E0
3.429366704E1,-4.423301697E-1,-8.820108490E0,-1.604214020E0,8.975715703E0
3.430367104E1,-7.475454712E-1,-9.425599365E0,-2.325863342E0,9.737062592E0
3.431367404E1,-4.397854614E-1,-9.712702332E0,-2.304008789E0,9.991919452E0
3.432367704E1,1.658551025E-1,-9.705666962E0,-1.147214355E0,9.774639628E0
3.433368104E1,2.959346008E-1,-9.858499146E0,-2.109114075E-1,9.865194692E0
3.434368404E1,9.190887451E-2,-1.021191422E1,-2.621049500E-1,1.021569078E1
3.435368704E1,-1.472937012E-1,-1.060754150E1,-8.038284302E-1,1.063897421E1
3.436369104E1,-8.292755127E-2,-1.069106781E1,-1.379231873E0,1.077998555E1
3.437369404E1,4.939727783E-1,-1.055260574E1,-1.507664795E0,1.067120191E1
3.438369704E1,9.964778137E-1,-1.034753220E1,-9.834548950E-1,1.044181853E1
3.439370104E1,1.322948914E0,-1.011042526E1,-3.448828125E-1,1.020244270E1
3.440370404E1,1.959724731E0,-9.817634125E0,6.556365967E-2,1.001153132E1
3.441370704E1,3.605851593E0,-1.013272888E1,3.899391174E-1,1.076226801E1
3.442371104E1,6.056405640E0,-1.160940811E1,6.002517700E-1,1.310796354E1
3.443371404E1,6.797813873E0,-1.350386856E1,-4.210743713E-1,1.512422042E1
3.444371704E1,5.671705627E0,-1.477248047E1,-1.468446350E0,1.589184566E1
3.445372104E1,3.449426880E0,-1.529474442E1,-2.002386017E0,1.580624251E1
3.446372404E1,7.490423584E-1,-1.613240250E1,-1.743723907E0,1.624364638E1
3.447372704E1,-2.113455048E0,-1.596909210E1,-1.280886383E0,1.615918515E1
3.448373104E1,-3.010389862E0,-1.501093460E1,-3.508553925E0,1.570670415E1
3.449373404E1,-2.167342987E0,-1.408256516E1,-5.171146545E0,1.515772983E1
3.450373704E1,-1.173409882E0,-1.358799362E1,-3.383264465E0,1.405193723E1
3.451374004E1,5.637277222E-1,-1.271890091E1,-2.298021240E0,1.293712220E1
3.452374404E1,4.504133606E-1,-1.168814438E1,-7.957452393E-1,1.172385609E1
3.453374704E1,-3.528163147E-1,-1.102023331E1,-2.237846375E-1,1.102815039E1
3.454375004E1,-3.563190308E0,-1.004381378E1,6.700067139E-1,1.067817538E1
3.455375404E1,-5.852679291E0,-9.375753021E0,3.122806091E0,1.148523041E1
3.456375704E1,-5.449417877E0,-9.335037689E0,5.599405975E0,1.217343136E1
3.457376004E1,-5.007536774E0,-9.924661560E0,6.130651245E0,1.269484999E1
3.458376404E1,-5.643713837E0,-1.178020294E1,3.909120941E0,1.363473189E1
3.459376704E1,-7.175478516E0,-1.429871567E1,-1.563049622E0,1.607432381E1
3.460377004E1,-6.500083008E0,-1.545176788E1,-4.812342682E0,1.744037992E1
3.461377404E1,-5.685177612E0,-1.541434570E1,-3.542383575E0,1.680689678E1
3.462377704E1,-5.616620178E0,-1.513817001E1,-1.945504303E0,1.626332071E1
3.463378004E1,-5.163213043E0,-1.449346069E1,-2.190844116E0,1.554088060E1
3.464378404E1,-5.244344330E0,-1.393482239E1,-2.375260620E0,1.507727712E1
3.465378704E1,-4.471800842E0,-1.421908127E1,-1.765578461E0,1.500988148E1
3.466379004E1,-3.268602905E0,-1.401146301E1,-1.466949463E-1,1.438841131E1
3.467379404E1,-2.142344971E0,-1.290646088E1,8.933422852E-1,1.311352107E1
3.468379704E1,-8.072712708E-1,-1.146301254E1,1.133592682E0,1.154718043E1
3.469380004E1,1.644929352E0,-1.009725266E1,8.310717773E-1,1.026406275E1
3.470380404E1,4.015250244E0,-9.186247101E0,-6.750961304E-1,1.004814038E1
3.471380704E1,4.568948822E0,-8.881929932E0,-2.307301941E0,1.025122504E1
3.472381004E1,3.052751770E0,-8.198900299E0,-2.833008728E0,9.196042515E0
3.473381404E1,1.051563263E0,-7.223528595E0,-2.262395325E0,7.642223712E0
3.474381704E1,2.170486450E-2,-6.202950897E0,-1.475930786E0,6.376162060E0
3.475382004E1,-6.914122009E-1,-5.427413635E0,-6.005511475E-1,5.504137651E0
3.476382404E1,-4.828958130E-1,-5.267845459E0,5.745053101E-1,5.321037540E0
3.477382704E1,-1.073268127E0,-4.623734894E0,1.439107361E0,4.960026092E0
3.478383004E1,-1.652862854E0,-3.707639923E0,1.642983398E0,4.379262936E0
3.479383404E1,-1.926344147E0,-3.441493378E0,1.844763794E0,4.354059243E0
3.480383704E1,-2.629881134E0,-3.077001343E0,1.518143005E0,4.323074164E0
3.481384004E1,-3.127745819E0,-2.557132416E0,1.128203888E0,4.194587478E0
3.482384404E1,-3.703598328E0,-2.209704895E0,1.097817078E0,4.450240289E0
3.483384704E1,-3.884571991E0,-1.976639557E0,1.107097778E0,4.496962195E0
3.484385004E1,-3.517235870E0,-1.783840485E0,9.707313538E-1,4.061447329E0
3.485385404E1,-2.728226624E0,-1.632205811E0,5.794450378E-1,3.231574364E0
3.486385704E1,-2.056573334E0,-1.673519897E0,2.035766602E-2,2.651523554E0
3.487386004E1,-1.711540833E0,-1.932331696E0,-7.720944214E-1,2.694328784E0
3.488386304E1,-1.581311646E0,-2.386487274E0,-1.548380127E0,3.254742547E0
3.489386704E1,-1.001716919E0,-2.878065033E0,-2.613115997E0,4.014358023E0
3.490387004E1,-9.580078125E-2,-3.726800079E0,-4.042343903E0,5.498978164E0
3.491387304E1,3.155438232E-1,-5.535638580E0,-6.211333466E0,8.326075055E0
3.492387704E1,1.226549377E0,-7.901917877E0,-8.732690277E0,1.184080272E1
3.493388004E1,2.026785278E0,-1.097951797E1,-1.131601822E1,1.589685321E1
3.494388304E1,2.233056335E0,-1.516197052E1,-1.391865601E1,2.070267798E1
3.495388704E1,1.186133423E0,-2.116568573E1,-1.660347290E1,2.692709560E1
3.496389042E1,5.646258545E-1,-2.671524536E1,-2.009406418E1,3.343343465E1
3.497389342E1,7.361691284E-1,-2.596710114E1,-1.458028015E1,2.978954272E1
3.498389742E1,-1.242416382E-2,-1.985935226E1,-7.443870392E0,2.120861224E1
3.499390042E1,5.031037903E-1,-1.249661316E1,-7.464527435E0,1.456494503E1