"Time (s)","Acceleration x (m/s^2)","Acceleration y (m/s^2)","Acceleration z (m/s^2)","Absolute acceleration (m/s^2)"
-3.948583333E-3,-6.271957397E-2,1.966311035E0,6.890171814E-1,2.084480153E0
6.054416670E-3,-1.118623810E0,1.683698730E0,9.764195251E-1,2.244895484E0
1.605741667E-2,-2.381397858E0,1.335522766E0,1.381477203E0,3.059927463E0
2.605941667E-2,-3.420087891E0,1.072968750E0,1.609303436E0,3.929137395E0
3.606241666E-2,-4.543501740E0,7.825726318E-1,1.572480011E0,4.871193013E0
4.606541667E-2,-5.516478424E0,5.786965942E-1,1.393452301E0,5.719102488E0
5.606741667E-2,-6.379583588E0,3.288661194E-1,8.797206116E-1,6.448344596E0
6.607041667E-2,-8.048313446E0,-3.996688843E-1,2.671943665E-1,8.062659448E0
7.607341667E-2,-1.036010605E1,-1.349144440E0,2.850073242E-1,1.045146962E1
8.607641666E-2,-1.275243118E1,-2.499801636E0,8.973838806E-1,1.302608180E1
9.607841667E-2,-1.535476959E1,-3.842210083E0,1.651365967E0,1.591409869E1
1.060814167E-1,-1.872276581E1,-5.677244110E0,2.750230865E0,1.975694384E1
1.160844167E-1,-2.243130386E1,-7.883805542E0,4.706213379E0,2.423770260E1
1.260864167E-1,-2.529170563E1,-9.681118011E0,6.901398468E0,2.794680161E1
1.360894167E-1,-2.756442947E1,-1.094374237E1,8.612789612E0,3.088273651E1
1.460924167E-1,-3.012365753E1,-1.211445786E1,9.951755219E0,3.395927361E1
1.560944167E-1,-3.158686478E1,-1.280736694E1,1.051039352E1,3.566829189E1
1.660974167E-1,-3.168745560E1,-1.215173035E1,1.046024780E1,3.551304235E1
1.761004167E-1,-3.156545929E1,-1.095990875E1,1.106394241E1,3.519813407E1
1.861034167E-1,-3.281805450E1,-1.077668976E1,1.270273453E1,3.680382056E1
1.961054167E-1,-3.479649033E1,-1.131482071E1,1.475930786E1,3.945450640E1
2.061084167E-1,-3.604788803E1,-1.171748337E1,1.648566788E1,4.133433069E1
2.161114167E-1,-3.623469955E1,-1.187345901E1,1.754291931E1,4.197244928E1
2.261134167E-1,-3.494288589E1,-1.151690048E1,1.746268616E1,4.072578642E1
2.361164167E-1,-3.225627274E1,-1.055904236E1,1.608674744E1,3.755987153E1
2.461194167E-1,-2.855387192E1,-9.521549835E0,1.391057281E1,3.315852151E1
2.561214167E-1,-2.468082596E1,-9.074878693E0,1.147064667E1,2.868923715E1
2.661244167E-1,-2.048250641E1,-8.693771210E0,8.852141876E0,2.394734103E1
2.761274167E-1,-1.626382919E1,-7.882757721E0,6.553072815E0,1.922479578E1
2.861294167E-1,-1.255304581E1,-6.630910950E0,5.063670044E0,1.507277988E1
2.961324167E-1,-9.621092834E0,-5.001399536E0,4.356989594E0,1.168600800E1
3.061354167E-1,-7.475305023E0,-3.163222046E0,4.133504333E0,9.108897682E0
3.161384167E-1,-6.009702759E0,-1.396745453E0,4.193529510E0,7.460101532E0
3.261404167E-1,-4.802912292E0,-6.885681152E-3,4.116589508E0,6.325687558E0
3.361434167E-1,-3.458258514E0,9.958790588E-1,3.695365448E0,5.158202482E0
3.461464167E-1,-1.902244263E0,2.105820923E0,3.109184418E0,4.209518112E0
3.561484167E-1,-7.438032532E-1,2.778821411E0,2.549498291E0,3.843830544E0
3.661514167E-1,2.245330811E-2,2.565514984E0,1.753902740E0,3.107820154E0
3.761544167E-1,9.616003418E-1,2.129771118E0,6.912625122E-1,2.436892302E0
3.861564167E-1,1.885628815E0,1.589993591E0,-4.816983032E-1,2.513107420E0
3.961594167E-1,2.638413391E0,8.566685486E-1,-1.610800323E0,3.207769304E0
4.061624167E-1,3.635340271E0,2.267784119E-1,-2.799478455E0,4.593931535E0
4.161654167E-1,4.529730377E0,-3.159928894E-1,-3.973786469E0,6.034010913E0
4.261674167E-1,4.891228638E0,-7.943980408E-1,-4.906047821E0,6.973126347E0
4.361704167E-1,4.760550385E0,-1.115779724E0,-5.479505310E0,7.343894253E0
4.461734167E-1,4.320764923E0,-1.183588715E0,-5.671705627E0,7.227595485E0
4.561754167E-1,3.592229919E0,-1.074315948E0,-5.511538696E0,6.665983000E0
4.661784167E-1,2.562221832E0,-8.158035278E-1,-4.961133270E0,5.642992064E0
4.761814167E-1,1.683549042E0,-5.664221191E-1,-4.163741455E0,4.526799565E0
4.861834167E-1,8.158035278E-1,-3.553610229E-1,-3.528761902E0,3.639227585E0
4.961864167E-1,-2.574645996E-2,-6.062393188E-2,-2.668650513E0,2.669463186E0
5.061894167E-1,-6.604266357E-1,2.523751831E-1,-1.835782471E0,1.967219829E0
5.161914167E-1,-1.343755646E0,5.533992004E-1,-1.038839722E0,1.786370028E0
5.261944167E-1,-1.926194458E0,9.433383179E-1,-2.576142883E-1,2.160203091E0
5.361974167E-1,-2.174528046E0,1.348845062E0,4.463717651E-1,2.597537868E0
5.462004167E-1,-2.168839874E0,1.687740326E0,9.262738037E-1,2.900054649E0
5.562024167E-1,-1.912273407E0,1.759141846E0,1.181193695E0,2.854222865E0
5.662054167E-1,-1.588197327E0,1.734892273E0,1.244062958E0,2.660810890E0
5.762084167E-1,-1.096918945E0,1.681154022E0,1.084345093E0,2.281515790E0
5.862104167E-1,-4.996609497E-1,1.560654602E0,8.765771484E-1,1.858410974E0
5.962134167E-1,-1.056802368E-1,1.425934753E0,5.969586182E-1,1.549457268E0
6.062164167E-1,2.610571289E-1,1.384171600E0,2.249821472E-1,1.426428691E0
6.162184167E-1,4.837939453E-1,1.353335724E0,-8.322692871E-2,1.439618312E0
6.262214167E-1,5.441184998E-1,1.380579071E0,-2.544708252E-1,1.505595867E0
6.362244167E-1,5.101391602E-1,1.445394287E0,-4.296066284E-1,1.591844359E0
6.462264167E-1,4.056564331E-1,1.444645844E0,-7.129673767E-1,1.661289028E0
6.562294167E-1,2.809657288E-1,1.473386078E0,-9.343569946E-1,1.767153437E0
6.662324167E-1,1.245410156E-1,1.561702423E0,-1.010249176E0,1.864142784E0
6.762354167E-1,-2.145039368E-1,1.612147522E0,-1.046324158E0,1.933862925E0
6.862374167E-1,-7.176077271E-1,1.503174133E0,-9.714797974E-1,1.928280665E0
6.962404167E-1,-1.558558960E0,1.271905060E0,-7.762857056E-1,2.156262509E0
7.062442917E-1,-2.814297638E0,1.032552795E0,-4.926255798E-1,3.037946088E0
7.162462917E-1,-4.414919128E0,9.613009644E-1,-4.565505981E-2,4.518594343E0
7.262492917E-1,-5.805826721E0,1.100062408E0,4.490661621E-1,5.926164159E0
7.362522917E-1,-6.998097382E0,1.216220856E0,4.558021545E-1,7.117606040E0
7.462542917E-1,-8.817114716E0,5.900729370E-1,2.948867798E-2,8.836886757E0
7.562572917E-1,-1.173814041E1,-9.186396790E-1,1.371148682E-1,1.177483077E1
7.662602917E-1,-1.573857147E1,-3.071163483E0,1.103505249E0,1.607334442E1
7.762632917E-1,-2.009017227E1,-5.800288239E0,2.570454712E0,2.106811816E1
7.862652917E-1,-2.425436279E1,-8.366252289E0,4.181255035E0,2.599521467E1
7.962682917E-1,-2.817755447E1,-1.007345215E1,6.235283661E0,3.056677570E1
8.062712917E-1,-3.206257553E1,-1.066277664E1,8.946595459E0,3.495347087E1
8.162732917E-1,-3.651102493E1,-1.071801178E1,1.182046921E1,3.984537878E1
8.262762917E-1,-4.066443787E1,-1.115255814E1,1.395173721E1,4.441426608E1
8.362792917E-1,-4.345792877E1,-1.082444046E1,1.507320511E1,4.725422306E1
8.462812917E-1,-4.426819382E1,-9.336235199E0,1.554577240E1,4.783836652E1
8.562842917E-1,-4.246624100E1,-8.543783112E0,1.524669434E1,4.592210298E1
8.662872917E-1,-3.864244263E1,-9.177265778E0,1.425994629E1,4.219960483E1
8.762902917E-1,-3.415776855E1,-1.043614792E1,1.310045746E1,3.804324279E1
8.862922917E-1,-3.000136185E1,-1.168559967E1,1.209724365E1,3.439445095E1
8.962952917E-1,-2.616828278E1,-1.225232117E1,1.101349731E1,3.092241130E1
9.062982917E-1,-2.271421555E1,-1.169398224E1,9.967921600E0,2.742342556E1
9.163002917E-1,-1.982761826E1,-1.023511597E1,9.020691376E0,2.406792300E1
9.263032917E-1,-1.763467850E1,-8.387508087E0,7.973169708E0,2.109273839E1
9.363062917E-1,-1.607537109E1,-6.463259583E0,7.042704620E0,1.870269950E1
9.463082917E-1,-1.462129486E1,-4.593647461E0,6.225853271E0,1.654222202E1
9.563112917E-1,-1.339654175E1,-2.803220673E0,5.398523712E0,1.471290030E1
9.663142917E-1,-1.211146408E1,-1.169817352E0,4.726870422E0,1.305370977E1
9.763172917E-1,-1.039962387E1,1.483415222E-1,4.084855499E0,1.117408727E1
9.863192917E-1,-8.639583893E0,1.083896027E0,3.229833527E0,9.287037474E0
9.963222917E-1,-6.713688812E0,1.725162506E0,2.138453064E0,7.254156370E0
1.006325292E0,-4.641398163E0,2.258653107E0,8.797206116E-1,5.236219926E0
1.016327292E0,-2.487078094E0,2.508483582E0,-6.123765564E-1,3.585115392E0
1.026330292E0,-3.588038635E-1,2.201921082E0,-2.074236603E0,3.046252476E0
1.036333292E0,1.340312805E0,1.606010284E0,-3.339705048E0,3.940728011E0
1.046335292E0,2.606978760E0,1.144220581E0,-4.345014496E0,5.194682855E0
1.056338292E0,3.330124969E0,6.673123169E-1,-5.021906891E0,6.062556133E0
1.066341292E0,3.851341095E0,1.850152588E-1,-5.446873169E0,6.673491305E0
1.076343292E0,4.192781067E0,-5.194198608E-2,-5.960455170E0,7.287601586E0
1.086346292E0,4.107159119E0,-2.472857666E-1,-6.462062073E0,7.660819311E0
1.096349292E0,3.589535522E0,-3.348536682E-1,-6.883585510E0,7.770498164E0
1.106352292E0,2.715353394E0,-1.178050232E-1,-6.742578735E0,7.269758598E0
1.116354292E0,1.851499786E0,4.225712585E-1,-5.715564423E0,6.022814508E0
1.126357292E0,1.275946655E0,5.439688110E-1,-5.609435120E0,5.778382498E0
1.136360292E0,5.032534790E-1,5.900729370E-1,-5.225034485E0,5.282275599E0
1.146362292E0,5.388793945E-2,8.530760193E-1,-3.972289581E0,4.063216352E0
1.156365292E0,-4.025129700E-1,1.033001862E0,-2.640509033E0,2.863808215E0
1.166368292E0,-1.023421783E0,9.993218994E-1,-1.353635101E0,1.969356340E0
1.176370292E0,-1.619931335E0,9.138496399E-1,-6.795867920E-2,1.861160143E0
1.186373292E0,-2.250569916E0,9.683363342E-1,1.209484863E0,2.732323889E0
1.196376292E0,-2.534828796E0,1.228495331E0,2.247725830E0,3.603724353E0
1.206379292E0,-2.426454163E0,1.466350708E0,2.881807251E0,4.042607727E0
1.216381292E0,-2.120340729E0,1.589843903E0,3.222199402E0,4.172051944E0
1.226384292E0,-1.544787598E0,1.674717407E0,3.300935669E0,4.010888107E0
1.236387292E0,-8.496331787E-1,1.749262390E0,3.120261383E0,3.676659700E0
1.246389292E0,-2.921923828E-1,1.666783905E0,2.589315491E0,3.093234502E0
1.256392292E0,4.700225830E-2,1.454076233E0,1.830393677E0,2.338137702E0
1.266395292E0,4.173321533E-1,1.357527008E0,1.077010345E0,1.782413248E0
1.276397292E0,7.888595581E-1,1.355581055E0,3.869453430E-1,1.615433718E0
1.286400292E0,1.074315948E0,1.275347900E0,-3.085084534E-1,1.695831504E0
1.296403292E0,1.477427673E0,1.194066925E0,-9.626481628E-1,2.129619646E0
1.306406292E0,2.058369598E0,1.191821594E0,-1.484762421E0,2.803897923E0
1.316408292E0,2.549198914E0,1.281934204E0,-1.804048462E0,3.375849709E0
1.326411292E0,3.150648193E0,1.572180634E0,-2.004631348E0,4.051775268E0
1.336414292E0,3.436703339E0,1.848206635E0,-2.158661041E0,4.459441119E0
1.346416292E0,3.091221771E0,2.064357147E0,-2.332299957E0,4.388262248E0
1.356419292E0,2.183808746E0,2.221380615E0,-2.364483032E0,3.910796912E0
1.366422292E0,1.052311707E0,2.351160736E0,-2.042203217E0,3.287234508E0
1.376424292E0,-3.435356140E-1,2.374961243E0,-1.437161407E0,2.797121830E0
1.386427292E0,-2.137704620E0,2.517015839E0,-6.295907593E-1,3.361775468E0
1.396430292E0,-3.882626038E0,2.994822235E0,1.213975525E-1,4.904944702E0
1.406433292E0,-5.538482666E0,3.112926636E0,6.271957397E-1,6.384236601E0
1.416435292E0,-7.450606384E0,2.736908569E0,1.215921478E0,8.029985620E0
1.426438292E0,-1.069870193E1,1.806593170E0,2.055375824E0,1.104312328E1
1.436441292E0,-1.505703873E1,6.433621216E-1,3.009491730E0,1.536832361E1
1.446443292E0,-2.049552933E1,-6.429130554E-1,4.020189972E0,2.089598016E1
1.456446292E0,-2.663965256E1,-2.139949951E0,5.433101807E0,2.727212990E1
1.466449292E0,-3.200299942E1,-3.076851654E0,6.600673828E0,3.282114993E1
1.476451292E0,-3.594145935E1,-3.179089050E0,7.385042725E0,3.682979722E1
1.486454292E0,-3.844051254E1,-2.167342987E0,8.868008881E0,3.950964391E1
1.496457292E0,-3.927083588E1,-1.046324158E0,1.038315811E1,4.063377065E1
1.506459292E0,-3.870860504E1,-1.044976959E0,1.074884766E1,4.018688601E1
1.516462292E0,-3.682222778E1,-1.947599945E0,1.067999084E1,3.838921475E1
1.526465292E0,-3.434203537E1,-3.615431671E0,1.180475189E1,3.649382012E1
1.536468292E0,-3.230372406E1,-5.556744690E0,1.374591522E1,3.554375029E1
1.546470292E0,-3.077839600E1,-6.722819824E0,1.544024185E1,3.508428473E1
1.556473292E0,-2.980976028E1,-7.308851166E0,1.630140106E1,3.475308317E1
1.566476292E0,-2.943718506E1,-8.117918701E0,1.580144073E1,3.438217558E1
1.576478292E0,-2.890833481E1,-8.882229309E0,1.395053970E1,3.330470503E1
1.586481292E0,-2.780932022E1,-9.020990753E0,1.134326157E1,3.135930720E1
1.596484292E0,-2.604478958E1,-8.588989105E0,8.691825256E0,2.876890030E1
1.606486292E0,-2.411021255E1,-7.743696899E0,6.691983948E0,2.619255315E1
1.616489292E0,-2.242381943E1,-6.829697571E0,5.656736755E0,2.411371223E1
1.626492292E0,-2.084220840E1,-6.211183777E0,5.386099548E0,2.240505576E1
1.636495292E0,-1.921673859E1,-5.856720886E0,5.401667175E0,2.080293801E1
1.646497292E0,-1.742137207E1,-5.534590759E0,5.549110565E0,1.910310257E1
1.656500292E0,-1.552316940E1,-5.202431488E0,5.750142517E0,1.735218201E1
1.666503292E0,-1.354024292E1,-4.712649994E0,5.719456329E0,1.543565447E1
1.676505292E0,-1.155552017E1,-3.958218842E0,5.596112823E0,1.343555066E1
1.686508292E0,-9.715396729E0,-2.835852814E0,5.548661499E0,1.154203791E1
1.696511292E0,-8.195906525E0,-1.556912384E0,5.432053986E0,9.955102734E0
1.706512292E0,-6.976841583E0,-4.619393921E-1,5.075794830E0,8.640219884E0
1.716515292E0,-5.952222290E0,5.334906006E-1,4.705614624E0,7.606337581E0
1.726518292E0,-4.791535950E0,1.374292145E0,4.090393982E0,6.448163970E0
1.736520292E0,-3.892355804E0,1.898052979E0,3.223546600E0,5.398545314E0
1.746523292E0,-3.078049164E0,2.279759216E0,2.427052917E0,4.534564434E0
1.756526292E0,-1.731150055E0,2.732567596E0,1.428778839E0,3.536271363E0
1.766529292E0,-3.767665100E-1,3.058739319E0,2.779719543E-1,3.094367081E0
1.776531292E0,4.297563171E-1,2.852767639E0,-9.445358276E-1,3.035641880E0
1.786534292E0,5.974076843E-1,2.178569641E0,-2.287543030E0,3.214951747E0
1.796537292E0,4.948709106E-1,1.251846771E0,-3.981570282E0,4.202965556E0
1.806539292E0,6.538403320E-1,3.026705933E-1,-6.080954590E0,6.123489642E0
1.816542292E0,1.104553070E0,-4.631369019E-1,-8.254434814E0,8.340876895E0
1.826545292E0,1.632505188E0,-4.336482239E-1,-9.063502350E0,9.219555240E0
1.836547292E0,2.572250977E0,-1.261875916E-1,-9.081464996E0,9.439565926E0
1.846550292E0,3.454067230E0,-5.745053101E-1,-9.670340424E0,1.028475185E1
1.856553292E0,2.967578888E0,-8.840615845E-1,-8.800948334E0,9.329779253E0
1.866555292E0,2.472109222E0,-1.155297546E0,-7.369475098E0,7.858447661E0
1.876558292E0,2.131268005E0,-1.003812561E0,-4.515060883E0,5.092712219E0
1.886561292E0,1.189576263E0,-5.415737915E-1,-1.538201294E0,2.018528444E0
1.896564292E0,3.026705933E-1,-3.097059631E-1,9.098080444E-1,1.007610018E0
1.906566292E0,-5.233117676E-1,-1.514849854E-1,3.229683838E0,3.275310764E0
1.916569292E0,-1.192420349E0,1.689985657E-1,5.003644867E0,5.146541437E0
1.926572292E0,-1.684746552E0,4.456233215E-1,6.039191437E0,6.285601347E0
1.936574292E0,-1.876348114E0,6.547384644E-1,6.420598297E0,6.721119490E0
1.946577292E0,-1.587448883E0,1.015488281E0,6.131100311E0,6.414171921E0
1.956580292E0,-1.065484314E0,1.345102844E0,5.457950134E0,5.721344086E0
1.966582292E0,-4.689747620E-1,1.503024445E0,4.396058350E0,4.669512696E0
1.976585292E0,9.729766846E-3,1.486708374E0,2.938090210E0,3.292836245E0
1.986588292E0,3.638932800E-1,1.368454285E0,1.542991333E0,2.094255883E0
1.996591292E0,6.768923950E-1,1.390458527E0,2.740800476E-1,1.570566172E0
2.006593292E0,8.881031799E-1,1.504521332E0,-8.312214661E-1,1.934745674E0
2.016596292E0,1.022972717E0,1.639989624E0,-1.746567993E0,2.605098636E0
2.026599292E0,1.260828094E0,1.746418304E0,-2.380948792E0,3.210697981E0
2.036601292E0,1.469793549E0,1.807640991E0,-2.719245300E0,3.580803546E0
2.046604292E0,1.760638733E0,1.827848969E0,-2.726280670E0,3.724712995E0
2.056607292E0,2.145638123E0,1.805545349E0,-2.452050934E0,3.725092045E0
2.066609292E0,2.342179413E0,1.817071381E0,-2.096839600E0,3.631017641E0
2.076612292E0,2.400108948E0,1.791624298E0,-1.645977173E0,3.417554892E0
2.086615292E0,2.504741364E0,1.850751343E0,-1.252295837E0,3.356673159E0
2.096617292E0,2.478246460E0,1.998943176E0,-1.107546844E0,3.371073917E0
2.106620292E0,2.302212524E0,2.069745941E0,-1.263522491E0,3.343728436E0
2.116623292E0,1.909429321E0,2.097737732E0,-1.781744843E0,3.349781875E0
2.126625292E0,1.294208679E0,2.035167847E0,-2.256108398E0,3.302561033E0
2.136628292E0,2.707868958E-1,1.856738892E0,-2.362537079E0,3.017016126E0
2.146631292E0,-1.102756805E0,2.085463257E0,-2.121388550E0,3.172620202E0
2.156634292E0,-2.828368378E0,2.649789734E0,-1.529818726E0,4.166701171E0
2.166636292E0,-4.933291168E0,2.853516083E0,-6.885681152E-1,5.740561108E0
2.176639292E0,-7.951614532E0,2.595602417E0,2.577639771E-1,8.368498542E0
2.186642292E0,-1.192914322E1,1.883982239E0,1.303938446E0,1.214718496E1
2.196644292E0,-1.589230179E1,8.725355530E-1,2.151326294E0,1.606097068E1
2.206647292E0,-1.915461777E1,1.784289551E-1,2.839744720E0,1.936479715E1
2.216650292E0,-2.149530029E1,2.899470520E-1,4.350103912E0,2.193297536E1
2.226652292E0,-2.353211472E1,1.379830627E0,6.913822632E0,2.456553071E1
2.236655292E0,-2.624058243E1,3.247197418E0,1.023182281E1,2.835141364E1
2.246658292E0,-3.157982941E1,4.812941437E0,1.343037140E1,3.465292061E1
2.256661292E0,-4.018767929E1,3.187321930E0,1.434931046E1,4.279148628E1
2.266663292E0,-3.420641739E1,6.000422058E0,9.509425049E0,3.600712735E1
2.276666292E0,-2.704620712E1,6.581214294E0,-6.689588928E-1,2.784344101E1
2.286669292E0,-2.591964981E1,3.805536346E0,-4.707859955E0,2.661718051E1
2.296671292E0,-2.837185043E1,7.631130981E-1,-3.108585663E0,2.855183958E1
2.306674292E0,-2.979928207E1,-3.353925476E0,-2.758463745E0,3.011403577E1
2.316677292E0,-2.735546402E1,-3.920646973E0,7.577243042E-1,2.764537991E1
2.326679292E0,-2.650897430E1,-3.977528687E0,5.623954926E0,2.738932862E1
2.336682292E0,-2.686957443E1,-5.691763916E0,1.073522598E1,2.948924013E1
2.346685292E0,-2.677796494E1,-6.846612396E0,1.543455368E1,3.165692586E1
2.356687292E0,-2.660896637E1,-6.856192474E0,1.812326248E1,3.291651727E1
2.366690292E0,-2.626408356E1,-6.447841644E0,1.840602448E1,3.271327688E1
2.376693292E0,-2.562506241E1,-5.769901428E0,1.652638321E1,3.103315852E1
2.386696292E0,-2.526042068E1,-5.378914490E0,1.387958725E1,2.932003609E1
2.396698292E0,-2.571083405E1,-5.440586243E0,1.164892593E1,2.874620743E1
2.406701292E0,-2.641272446E1,-5.628146210E0,9.974208527E0,2.878876306E1
2.416704292E0,-2.650942337E1,-5.575156403E0,8.449329529E0,2.837645266E1
2.426706292E0,-2.584435638E1,-5.518274689E0,7.120093689E0,2.736928656E1
2.436709292E0,-2.461316666E1,-5.487438812E0,6.266867981E0,2.598448752E1
2.446712292E0,-2.303874069E1,-5.448669434E0,5.990991669E0,2.442055594E1
2.456714292E0,-2.126477966E1,-5.441184998E0,6.104306030E0,2.278288613E1
2.466717292E0,-1.944396606E1,-5.514233093E0,6.143524475E0,2.112386035E1
2.476720292E0,-1.759635818E1,-5.687572632E0,5.944139099E0,1.942454873E1
2.486722292E0,-1.577359863E1,-5.709427185E0,5.842350769E0,1.776336216E1
2.496725292E0,-1.400502640E1,-5.528752899E0,6.032455444E0,1.622030800E1
2.506728292E0,-1.239632172E1,-5.174589386E0,6.452182617E0,1.490220883E1
2.516730292E0,-1.105211700E1,-4.676724701E0,6.902595978E0,1.384438064E1
2.526733292E0,-1.021011795E1,-4.185895386E0,7.140151978E0,1.314343939E1
2.536736292E0,-9.848769379E0,-3.848047943E0,7.096293182E0,1.273432794E1
2.546739292E0,-9.275461578E0,-3.335513763E0,6.857240295E0,1.200756362E1
2.556741292E0,-8.429121552E0,-2.326462097E0,6.366860046E0,1.081662715E1
2.566744292E0,-7.692353668E0,-1.247056732E0,5.733227692E0,9.674572611E0
2.576747292E0,-7.062463531E0,-6.152206421E-2,5.152136078E0,8.742235542E0
2.586749292E0,-6.108347626E0,1.477876740E0,4.477189636E0,7.716298168E0
2.596752292E0,-4.897665253E0,3.020119629E0,3.712879028E0,6.847898815E0
2.606755292E0,-3.693718872E0,4.171674957E0,2.891537018E0,6.277532746E0
2.616757292E0,-2.728526001E0,4.733307037E0,2.226769409E0,5.899792509E0
2.626760292E0,-1.865720215E0,4.962779846E0,1.740430756E0,5.580250437E0
2.636763292E0,-9.865983582E-1,5.085374908E0,1.465751953E0,5.383571590E0
2.646765292E0,-3.176394653E-1,4.822671204E0,1.337169342E0,5.014685854E0
2.656768292E0,1.083746338E-1,4.280049591E0,1.309027863E0,4.477066395E0
2.666771292E0,4.185296631E-1,3.640279999E0,1.291514282E0,3.885204588E0
2.676774292E0,7.056326294E-1,2.802322540E0,1.279688873E0,3.160463991E0
2.686776292E0,1.084045715E0,1.950743408E0,1.094374237E0,2.485600517E0
2.696779292E0,1.490001526E0,1.160386963E0,6.691085815E-1,2.003573993E0
2.706782667E0,1.717378693E0,3.382965088E-1,1.281335449E-1,1.755064759E0
2.716784667E0,1.834135895E0,-4.793032837E-1,-4.546046448E-1,1.949474673E0
2.726787667E0,1.919608154E0,-1.174308014E0,-1.284628601E0,2.591170666E0
2.736790667E0,1.879790955E0,-1.753902740E0,-2.256258087E0,3.420597815E0
2.746792667E0,1.679357758E0,-2.088906097E0,-3.084485779E0,4.086297062E0
2.756795667E0,1.460662537E0,-2.131417694E0,-3.747906189E0,4.552282640E0
2.766798667E0,1.090332642E0,-2.172432404E0,-4.285139008E0,4.926530638E0
2.776800667E0,1.302740936E0,-2.034269714E0,-4.776118011E0,5.352260315E0
2.786803667E0,2.154918823E0,-1.755399628E0,-5.197042694E0,5.893585984E0
2.796806667E0,2.851121063E0,-1.689686279E0,-5.250481567E0,6.208984436E0
2.806808667E0,3.072660370E0,-1.719773712E0,-4.612657928E0,5.803057516E0
2.816811667E0,2.607427826E0,-1.785487061E0,-3.102448425E0,4.428524601E0
2.826814667E0,1.745071106E0,-1.846709747E0,-1.308429108E0,2.857900766E0
2.836817667E0,6.414161682E-1,-1.873204651E0,3.766168213E-1,2.015477758E0
2.846819667E0,-3.565585327E-1,-1.617686005E0,1.720522156E0,2.388354765E0
2.856822667E0,-1.798060913E0,-4.102967834E-1,2.174528046E0,2.851304740E0
2.866825667E0,-5.023553467E0,2.353256378E0,1.100960541E0,5.655618368E0
2.876827667E0,-6.218069458E0,2.339335327E0,-1.178499298E0,6.747276351E0
2.886830667E0,-4.172124023E0,8.048762512E-1,-2.821782074E0,5.100676300E0
2.896833667E0,-3.929628296E0,8.710386658E-1,-3.524420929E0,5.349974746E0
2.906835667E0,-4.830155640E0,2.145638123E0,-3.461551666E0,6.317951123E0
2.916838667E0,-4.330494690E0,1.948049011E0,-3.450025635E0,5.869476645E0
2.926841667E0,-2.876119080E0,8.463400269E-1,-3.558549957E0,4.653131225E0
2.936843667E0,-4.033811646E0,1.706750793E0,-3.919150085E0,5.877446049E0
2.946846667E0,-5.906417542E0,2.692301331E0,-4.333189087E0,7.804536007E0
2.956849667E0,-4.206702118E0,2.280956726E0,-4.833748169E0,6.801781212E0
2.966852667E0,-2.752476196E0,2.928809509E0,-4.765939178E0,6.234438756E0
2.976854667E0,-1.786684570E0,3.655548248E0,-4.254452820E0,5.886904411E0
2.986857667E0,-4.816983032E-1,4.179608459E0,-3.425326996E0,5.425313370E0
2.996860667E0,1.818717957E-1,4.619244232E0,-1.973945160E0,5.026624526E0
3.006862667E0,2.665956116E-1,4.753814392E0,-6.583309937E-1,4.806581341E0
3.016865667E0,-3.293151855E-3,4.642745361E0,1.127156067E-1,4.644114570E0
3.026868667E0,-4.486170959E-1,4.214036865E0,5.301974487E-1,4.270886715E0
3.036870667E0,-6.322851562E-1,3.907324677E0,1.069825287E0,4.100182531E0
3.046873667E0,-2.944377136E-1,3.935915222E0,1.561103668E0,4.244427743E0
3.056876667E0,-2.522254944E-1,3.914509735E0,1.816772003E0,4.322923164E0
3.066878667E0,-1.121168518E0,3.355721741E0,1.894161072E0,4.013194913E0
3.076881667E0,-2.914140015E0,2.580932922E0,1.914069672E0,4.337866928E0
3.086884667E0,-6.420149231E0,1.463207245E0,2.170336761E0,6.933228198E0
3.096886667E0,-1.100945572E1,-3.336561584E-1,2.765798492E0,1.135645556E1
3.106889667E0,-1.552915695E1,-2.056723022E0,3.309767303E0,1.601060226E1
3.116892667E0,-1.978151413E1,-3.491190033E0,3.854933624E0,2.045378259E1
3.126895667E0,-2.371578278E1,-4.655618591E0,4.495900726E0,2.458304823E1
3.136897667E0,-2.600916367E1,-5.085225220E0,4.815486145E0,2.693557159E1
3.146900667E0,-2.728286499E1,-4.481530609E0,5.110223236E0,2.811677827E1
3.156903667E0,-2.909394882E1,-2.979703674E0,5.892197113E0,2.983378083E1
3.166905667E0,-3.144271454E1,-1.230740662E0,6.704557800E0,3.217312722E1
3.176908667E0,-3.290143112E1,-3.411405945E-1,6.911128235E0,3.362118737E1
3.186911667E0,-3.305156891E1,-7.872129822E-1,6.941664734E0,3.378183862E1
3.196913667E0,-3.240461426E1,-2.295925598E0,7.319179688E0,3.330016052E1
3.206916667E0,-3.130769531E1,-4.055217133E0,8.129444733E0,3.259914789E1
3.216919667E0,-3.009222290E1,-5.528303833E0,9.675878906E0,3.208935423E1
3.226921667E0,-2.889531189E1,-6.420598297E0,1.170715485E1,3.183112637E1
3.236924667E0,-2.794359100E1,-6.802154846E0,1.336780151E1,3.171453462E1
3.246927667E0,-2.786485474E1,-7.225624237E0,1.442774734E1,3.219968429E1
3.256929667E0,-2.859623383E1,-7.888745270E0,1.463820969E1,3.307951139E1
3.266932667E0,-2.938883560E1,-8.786578217E0,1.406445282E1,3.374487291E1
3.276935667E0,-2.971470795E1,-9.590556335E0,1.286619461E1,3.377101720E1
3.286938667E0,-2.953732681E1,-9.903256073E0,1.142349472E1,3.318168754E1
3.296940667E0,-2.905383224E1,-9.834698639E0,9.824370117E0,3.220814670E1
3.306943667E0,-2.796125427E1,-9.749376068E0,8.054899750E0,3.068816521E1
3.316946667E0,-2.643353119E1,-9.766739960E0,6.297853546E0,2.887531368E1
3.326948667E0,-2.488709702E1,-9.991422729E0,4.730912018E0,2.723192345E1
3.336951667E0,-2.323408447E1,-1.023302032E1,3.631598053E0,2.564616717E1
3.346954667E0,-2.153257278E1,-1.028346542E1,3.277135162E0,2.408611564E1
3.356956667E0,-1.975906082E1,-1.007105713E1,3.435056763E0,2.244206522E1
3.366959667E0,-1.795097076E1,-9.623487854E0,3.800446930E0,2.071936936E1
3.376962667E0,-1.597118774E1,-8.834927673E0,4.070036316E0,1.870026686E1
3.386964667E0,-1.392224854E1,-7.545209656E0,4.191134491E0,1.638062274E1
3.396967667E0,-1.213765961E1,-5.926924896E0,4.268373871E0,1.416581219E1
3.406970667E0,-1.052700897E1,-4.079466705E0,4.249812469E0,1.206320324E1
3.416972667E0,-8.952433319E0,-2.184257813E0,4.020040283E0,1.005374400E1
3.426975667E0,-7.448660431E0,-4.242178345E-1,3.678001556E0,8.318064585E0
3.436978667E0,-6.010151825E0,1.121168518E0,3.125500488E0,6.866418070E0
3.446981667E0,-4.855602722E0,2.020498352E0,2.314487000E0,5.745967408E0
3.456983667E0,-3.789369965E0,2.049088898E0,1.173709259E0,4.464939357E0
3.466986667E0,-2.299069061E0,1.686093750E0,-1.052311707E-1,2.853016698E0
3.476989667E0,-2.701881409E-1,1.262774048E0,-1.136287079E0,1.720101233E0
3.486991667E0,1.730700989E0,7.851173401E-1,-1.875000916E0,2.669712266E0
3.496994667E0,3.326831818E0,2.264790344E-1,-2.447260895E0,4.136204611E0
3.506997667E0,4.187691650E0,-5.840853882E-1,-3.042572937E0,5.209142653E0
3.516999667E0,4.567901001E0,-1.574725342E0,-3.934118958E0,6.230792199E0
3.527002667E0,4.965174866E0,-2.588417358E0,-5.183570709E0,7.630351969E0
3.537005667E0,5.286257172E0,-3.301235046E0,-6.462660828E0,8.978232158E0
3.547007667E0,5.296585693E0,-3.528612213E0,-7.333849182E0,9.710317605E0
3.557010667E0,5.046455841E0,-3.334615631E0,-7.605683899E0,9.717654323E0
3.567013667E0,4.484075317E0,-2.995420990E0,-7.180418243E0,8.979859938E0
3.577015667E0,3.527863770E0,-2.569406891E0,-5.922284546E0,7.356706382E0
3.587018667E0,2.569107513E0,-2.110311584E0,-4.245770874E0,5.392615202E0
3.597021667E0,1.786834259E0,-1.622176666E0,-2.582130432E0,3.534350205E0
3.607024667E0,1.056952057E0,-1.212628326E0,-8.524772644E-1,1.820530855E0
3.617026667E0,2.872526550E-1,-8.554710388E-1,9.379495239E-1,1.301573700E0
3.627029667E0,-2.570155334E-1,-3.373983765E-1,2.542762299E0,2.577893473E0
3.637032667E0,-5.740562439E-1,1.323248291E-1,3.690425720E0,3.737150308E0
3.647034667E0,-7.509883118E-1,4.706213379E-1,4.469106445E0,4.556136555E0
3.657037667E0,-7.694000244E-1,7.360194397E-1,4.886887665E0,5.001536970E0
3.667040667E0,-6.920109558E-1,9.523196411E-1,4.842579803E0,4.983610239E0
3.677042667E0,-3.926335144E-1,1.237626343E0,4.477189636E0,4.661663553E0
3.687045667E0,9.026229858E-2,1.577868805E0,3.828438721E0,4.141830548E0
3.697048667E0,4.177812195E-1,1.892813873E0,3.068918152E0,3.629813236E0
3.707051292E0,7.206015015E-1,2.221679993E0,2.285447388E0,3.267781859E0
3.717054292E0,7.773335266E-1,2.491419067E0,1.472937012E0,2.996824957E0
3.727057292E0,5.583389282E-1,2.703378296E0,7.845185852E-1,2.869750160E0
3.737059292E0,1.691482544E-1,2.928659821E0,1.841171265E-1,2.939312605E0
3.747062292E0,-3.007246399E-1,3.241658936E0,-4.631369019E-1,3.288355783E0
3.757065292E0,-6.048921204E-1,3.664828949E0,-1.009500732E0,3.849150222E0
3.767067292E0,-7.108717346E-1,4.173620911E0,-1.310375061E0,4.431876908E0
3.777070292E0,-5.716612244E-1,4.687651978E0,-1.537752228E0,4.966443348E0
3.787073292E0,-3.691323853E-1,5.052293701E0,-1.670825500E0,5.334190493E0
3.797076292E0,-1.314266968E-1,5.331313477E0,-1.777403870E0,5.621329102E0
3.807078292E0,3.436853027E-1,5.602998505E0,-1.842219086E0,5.908086238E0
3.817081292E0,6.942562866E-1,5.572911072E0,-1.775607605E0,5.890001016E0
3.827084292E0,6.959028625E-1,5.136418762E0,-1.612895966E0,5.428490756E0
3.837086292E0,2.240840149E-1,4.424948273E0,-1.347946930E0,4.631127486E0
3.847089292E0,-4.701722717E-1,3.837869110E0,-9.891430664E-1,3.991078210E0
3.857092292E0,-1.515747986E0,3.510050812E0,-6.203100586E-1,3.873336188E0
3.867094292E0,-3.275039520E0,3.061733093E0,-1.371148682E-1,4.485408998E0
3.877097292E0,-4.929698639E0,2.867736511E0,5.780978394E-1,5.732367616E0
3.887100292E0,-6.509812775E0,2.962339783E0,1.246457977E0,7.259943308E0
3.897102292E0,-8.551117859E0,1.972298584E0,1.361269226E0,8.880576121E0
3.907105292E0,-1.024155258E1,1.401685181E0,1.227447510E0,1.040964687E1
3.917108292E0,-1.294897247E1,1.926643524E0,1.130299530E0,1.314022147E1
3.927110292E0,-1.692560303E1,-3.619473267E-1,1.120420074E0,1.696650774E1
3.937113292E0,-2.048041077E1,-2.479294281E0,1.255289612E0,2.066808838E1
3.947116292E0,-2.294189209E1,-3.917802887E0,1.169817352E0,2.330339170E1
3.957118292E0,-2.454580673E1,-5.262306976E0,1.146465912E0,2.512972119E1
3.967121292E0,-2.621034531E1,-6.360573120E0,1.886826324E0,2.703699697E1
3.977124292E0,-2.819267303E1,-6.834337921E0,3.397784271E0,2.920753200E1
3.987126292E0,-3.020868073E1,-6.220015411E0,5.409001923E0,3.131310085E1
3.997129292E0,-3.217753647E1,-5.201533356E0,7.653135223E0,3.348164096E1
4.007132292E0,-3.396931046E1,-4.642745361E0,9.898016968E0,3.568528937E1
4.017135292E0,-3.408756454E1,-4.522695007E0,1.161898819E1,3.629624930E1
4.027137292E0,-3.226794846E1,-4.857398987E0,1.270602768E1,3.501796627E1
4.037140292E0,-3.005614792E1,-5.915698242E0,1.371268433E1,3.356196098E1
4.047143292E0,-2.852632919E1,-7.568261719E0,1.494297592E1,3.308054673E1
4.057145292E0,-2.764331543E1,-9.050778809E0,1.587643478E1,3.313805466E1
4.067148292E0,-2.741518982E1,-9.795629883E0,1.615365829E1,3.329395852E1
4.077151292E0,-2.761562302E1,-9.932145996E0,1.559322372E1,3.323279682E1
4.087153292E0,-2.788206894E1,-9.914183350E0,1.391506348E1,3.270060843E1
4.097156292E0,-2.796754120E1,-9.699230347E0,1.132514923E1,3.169412304E1
4.107159292E0,-2.777129929E1,-9.403146057E0,8.500972137E0,3.052754080E1
4.117161292E0,-2.731879028E1,-9.111253052E0,6.030509491E0,2.942275105E1
4.127164292E0,-2.669488770E1,-8.835676117E0,4.279600525E0,2.844294609E1
4.137167292E0,-2.590318405E1,-8.417445831E0,3.414250031E0,2.744968928E1
4.147169292E0,-2.471166183E1,-7.672295380E0,3.283721466E0,2.608281376E1
4.157172292E0,-2.291404999E1,-6.444398804E0,3.461551666E0,2.405340522E1
4.167175292E0,-2.058713882E1,-4.864284668E0,3.776796112E0,2.148850249E1
4.177177292E0,-1.808494217E1,-3.101550293E0,4.338128815E0,1.885481660E1
4.187180292E0,-1.560849197E1,-1.248104553E0,4.801265717E0,1.637787957E1
4.197183292E0,-1.321272400E1,4.254153442E-1,4.859045563E0,1.408429542E1
4.207186292E0,-1.086246140E1,1.709744568E0,4.547094269E0,1.189925881E1
4.217188292E0,-8.540190582E0,2.564018097E0,3.941902771E0,9.749237993E0
4.227191292E0,-6.169720001E0,2.922971649E0,3.225941620E0,7.550887861E0
4.237194292E0,-3.447181549E0,2.972668304E0,2.489024048E0,5.187972455E0
4.247196292E0,-6.511459351E-2,3.563040619E0,1.631157990E0,3.919205882E0
4.257199292E0,2.789149933E0,3.991000671E0,8.812174988E-1,4.948129746E0
4.267202292E0,4.554129639E0,3.340303802E0,5.872288513E-1,5.678253603E0
4.277204292E0,5.490731964E0,2.037862244E0,4.569996643E-1,5.874510083E0
4.287207292E0,6.278094635E0,9.199868774E-1,-6.092330933E-2,6.345436136E0
4.297210292E0,7.057224426E0,1.429527283E-1,-1.298998718E0,7.177203477E0
4.307212292E0,7.479496307E0,-6.165678406E-1,-3.012485504E0,8.086908546E0
4.317215292E0,7.525750122E0,-1.162931671E0,-4.757257233E0,8.978909809E0
4.327218292E0,7.245083771E0,-1.396595764E0,-6.110592957E0,9.580243465E0
4.337220292E0,6.581962738E0,-1.363963623E0,-6.699618073E0,9.490390538E0
4.347223292E0,5.411546631E0,-1.207538910E0,-6.249204712E0,8.354372908E0
4.357226292E0,3.878135376E0,-1.065634003E0,-4.774471436E0,6.242682701E0
4.367228292E0,2.337089996E0,-9.265731812E-1,-2.892435150E0,3.832324178E0
4.377231292E0,8.818162537E-1,-8.044271851E-1,-1.126856689E0,1.641495964E0
4.387234292E0,-3.517684937E-1,-4.733157349E-1,4.867877197E-1,7.646771489E-1
4.397236292E0,-1.308279419E0,-1.615141296E-1,1.947001190E0,2.351275289E0
4.407239292E0,-1.961520996E0,8.098159790E-2,3.185974731E0,3.742266376E0
4.417242292E0,-2.285148010E0,1.193019104E-1,4.018393707E0,4.624242896E0
4.427245292E0,-2.267933807E0,-4.026626587E-2,4.404889984E0,4.954614102E0
4.437247292E0,-2.026485901E0,-2.025288391E-1,4.410129089E0,4.857664215E0
4.447250292E0,-1.571132813E0,-3.692820740E-1,4.112996979E0,4.418322273E0
4.457253292E0,-9.815089417E-1,-5.730084229E-1,3.594774628E0,3.770159556E0
4.467255292E0,-3.219804382E-1,-6.640191650E-1,2.906356201E0,2.998582869E0
4.477258292E0,2.454895020E-1,-7.487429810E-1,2.171384583E0,2.309933365E0
4.487261292E0,6.848258972E-1,-7.978408813E-1,1.615440674E0,1.927481557E0
4.497263292E0,9.163943481E-1,-7.240443420E-1,1.118773499E0,1.617304224E0
4.507266292E0,9.644444275E-1,-6.071374512E-1,4.855902100E-1,1.238776328E0
4.517269292E0,8.397537231E-1,-5.123844910E-1,-1.634600830E-1,9.972178202E-1
4.527271292E0,7.836204529E-1,-2.145039368E-1,-6.941065979E-1,1.068577055E0
4.537274292E0,6.884184265E-1,1.422042847E-1,-1.043031006E0,1.257797944E0
4.547277292E0,3.782633972E-1,3.778143311E-1,-1.230740662E0,1.341845536E0
4.557279292E0,1.407073975E-1,6.171665955E-1,-1.351988525E0,1.492838287E0
4.567282292E0,1.438508606E-1,9.862989807E-1,-1.416654053E0,1.732162652E0
4.577285292E0,1.245410156E-1,1.334325256E0,-1.539698181E0,2.041226309E0
4.587287292E0,1.347198486E-1,1.620530090E0,-1.600920868E0,2.281932259E0
4.597290292E0,1.303788757E-1,1.821262665E0,-1.633403320E0,2.449898519E0
4.607293292E0,-5.628295898E-2,1.942959595E0,-1.636995850E0,2.541262515E0
4.617295292E0,-2.577639771E-1,2.083666992E0,-1.611698456E0,2.646824950E0
4.627298292E0,-3.957769775E-1,2.170336761E0,-1.559307404E0,2.701562632E0
4.637301292E0,-1.108295288E0,2.020648041E0,-1.398392029E0,2.695707183E0
4.647304292E0,-2.370021515E0,1.886526947E0,-1.197809143E0,3.257411955E0
4.657306292E0,-3.833228760E0,2.058968353E0,-8.443940735E-1,4.432380258E0
4.667309292E0,-5.528603210E0,2.598745880E0,-5.126838684E-1,6.130397895E0
4.677312292E0,-8.295599213E0,2.528392181E0,-2.285746765E-1,8.675366258E0
4.687314292E0,-1.265513351E1,1.426084442E0,4.272116089E-1,1.274239502E1
4.697317292E0,-1.828717163E1,-4.068539429E-1,1.806742859E0,1.838070989E1
4.707320292E0,-2.470627304E1,-2.941533051E0,3.914659424E0,2.518684384E1
4.717322292E0,-3.089335693E1,-5.998027039E0,6.351891174E0,3.210486493E1
4.727325292E0,-3.588218262E1,-8.765621796E0,8.415948944E0,3.788397222E1
4.737328292E0,-3.924284409E1,-9.511071625E0,1.081665665E1,4.180264772E1
4.747330292E0,-4.086097916E1,-6.304589539E0,1.415022446E1,4.369892812E1
4.757333292E0,-4.323144974E1,-2.709066467E0,1.762779282E1,4.676576063E1
4.767336292E0,-4.658881805E1,-2.622247009E0,2.040766205E1,5.093001882E1
4.777338292E0,-4.800532242E1,-4.854255524E0,2.169648193E1,5.290380048E1
4.787341292E0,-4.425457214E1,-6.805747375E0,2.072994186E1,4.934081315E1
4.797344292E0,-3.802602448E1,-8.323141937E0,1.939846069E1,4.349199359E1
4.807346292E0,-3.259666489E1,-9.031319275E0,1.944276855E1,3.901446576E1
4.817349292E0,-2.867407196E1,-8.287216644E0,2.036425232E1,3.613285396E1
4.827352292E0,-2.586007370E1,-6.863078156E0,2.123514130E1,3.415811001E1
4.837354292E0,-2.061318466E1,-6.229296112E0,2.153526718E1,3.045447823E1
4.847357292E0,-1.749022888E1,-5.828729095E0,1.778092438E1,2.561334537E1
4.857360292E0,-1.981549347E1,-5.001698914E0,1.255544083E1,2.398561794E1
4.867363292E0,-1.876228363E1,-2.092947693E0,9.420060883E0,2.109837112E1
4.877365292E0,-1.619826553E1,6.215075684E-1,7.524103546E0,1.787126778E1
4.887368292E0,-1.436981781E1,8.622070313E-1,5.341043243E0,1.535453704E1
4.897371292E0,-1.225486588E1,1.953437805E-1,3.123404846E0,1.264814432E1
4.907373292E0,-8.371491394E0,-5.424719238E-1,1.634151764E0,8.546730131E0
4.917376292E0,-4.488865356E0,-1.385069733E0,9.610015869E-2,4.698677005E0
4.927379292E0,-1.184636536E0,-2.648741913E0,-8.629554749E-1,3.027191701E0
4.937381292E0,1.340013428E0,-3.346441040E0,-1.693727875E0,3.982840410E0
4.947384292E0,2.768642578E0,-3.288960571E0,-2.640509033E0,5.045288031E0
4.957387292E0,2.506986694E0,-3.628903656E0,-3.155737610E0,5.423338814E0
4.967389292E0,2.155068512E0,-4.057312775E0,-2.911445618E0,5.438990975E0
4.977392292E0,2.230811005E0,-3.931723938E0,-3.560795288E0,5.754496846E0
4.987395292E0,2.215093689E0,-3.925586700E0,-4.489913177E0,6.362090170E0
4.997397292E0,2.244732056E0,-3.702700195E0,-5.349874878E0,6.882584685E0
5.007400292E0,2.345023499E0,-3.174299011E0,-6.155798950E0,7.312261629E0
5.017403292E0,2.250420227E0,-2.512674866E0,-6.366710358E0,7.205062592E0
5.027405292E0,2.280208282E0,-1.825304260E0,-6.144123230E0,6.803038712E0
5.037408292E0,2.271825714E0,-1.209933929E0,-5.366041260E0,5.951431004E0
5.047411292E0,2.394720154E0,-6.367758179E-1,-4.212240601E0,4.887037849E0
5.057413292E0,2.661166077E0,-1.954934692E-1,-2.960244141E0,3.985356691E0
5.067416292E0,2.688409424E0,1.070274353E-1,-1.801204376E0,3.237798219E0
5.077419292E0,2.795885925E0,4.641847229E-1,-8.834628296E-1,2.968661674E0
5.087421292E0,3.181035004E0,8.614585876E-1,-3.239263916E-1,3.311498588E0
5.097424292E0,3.817810822E0,1.236877899E0,-1.540296936E-1,4.016126436E0
5.107427292E0,4.378993835E0,1.417701874E0,-1.920506287E-1,4.606772087E0
5.117429292E0,4.843777313E0,1.480870514E0,-4.625381470E-1,5.086167288E0
5.127432292E0,5.319188690E0,1.532662811E0,-1.025367737E0,5.629760440E0
5.137435292E0,5.710325317E0,1.568288727E0,-1.489103394E0,6.106125914E0
5.147438292E0,5.811365204E0,1.553768921E0,-1.795366516E0,6.277698967E0
5.157440292E0,5.779780884E0,1.514400787E0,-1.902543640E0,6.270482367E0
5.167443292E0,5.547314301E0,1.572480011E0,-1.744771729E0,6.024086463E0
5.177446292E0,5.138813782E0,1.724114685E0,-1.343456268E0,5.584340004E0
5.187448292E0,4.578678589E0,1.923799438E0,-8.967851257E-1,5.046734138E0
5.197451292E0,4.048032074E0,2.038910065E0,-5.535488892E-1,4.566194728E0
5.207454292E0,3.550017700E0,2.098785553E0,-2.850073242E-1,4.133854817E0
5.217456292E0,3.062631226E0,2.156266022E0,-1.146615601E-1,3.747311096E0
5.227459292E0,2.555934906E0,2.161205750E0,2.409988403E-2,3.347266697E0
5.237462292E0,2.032323761E0,2.073937225E0,1.760339355E-1,2.909045106E0
5.247464292E0,1.408121796E0,2.040257263E0,3.544628906E-1,2.504216571E0
5.257467292E0,6.770420837E-1,2.036065979E0,6.251000977E-1,2.234882723E0
5.267470292E0,-4.403842163E-1,1.966460724E0,1.064885559E0,2.279229539E0
5.277472292E0,-1.888323212E0,1.986818390E0,1.525477753E0,3.136924328E0
5.287475292E0,-3.227139130E0,2.021396484E0,1.744172974E0,4.188389914E0
5.297478292E0,-4.482129364E0,1.948049011E0,1.850451965E0,5.225758420E0
5.307480292E0,-5.891748047E0,1.944157104E0,1.978585510E0,6.512084345E0
5.317483292E0,-7.990383911E0,2.274220734E0,2.183060303E0,8.589765263E0
5.327486292E0,-1.213376770E1,1.794019318E0,2.766696625E0,1.257383928E1
5.337488292E0,-1.746538055E1,2.579136658E-1,3.806584167E0,1.787725148E1
5.347491292E0,-2.347343674E1,-1.664089508E0,5.274132385E0,2.411613357E1
5.357494292E0,-3.028621948E1,-3.452121277E0,7.152426453E0,3.131021297E1
5.367496292E0,-4.253105621E1,-4.648882599E0,6.921456757E0,4.334062085E1
5.377499292E0,-4.670512619E1,-1.648821259E0,6.565496979E0,4.719314754E1
5.387502292E0,-4.015893906E1,2.406695251E0,1.080557968E1,4.165684962E1
5.397504292E0,-4.015863968E1,-3.085084534E-1,1.741134293E1,4.377175323E1
5.407507292E0,-4.878654785E1,-7.595056000E0,2.114772308E1,5.371255271E1
5.417510292E0,-4.805861160E1,-7.971074066E0,2.101509888E1,5.305471281E1
5.427513292E0,-4.335973297E1,-5.839806061E0,1.992566437E1,4.807496104E1
5.437515292E0,-4.001359131E1,-9.317673798E0,1.966670288E1,4.554871828E1
5.447518292E0,-3.535572739E1,-1.073881851E1,1.914788177E1,4.161719667E1
5.457521292E0,-3.112866760E1,-9.645342407E0,1.959185852E1,3.802456439E1
5.467523292E0,-2.775648010E1,-9.696685638E0,2.018238052E1,3.566197392E1
5.477526292E0,-2.430376007E1,-9.087003479E0,1.991653336E1,3.270955039E1
5.487529292E0,-2.061198715E1,-7.495962067E0,1.897349442E1,2.900063710E1
5.497531292E0,-1.746044083E1,-5.724695435E0,1.740041565E1,2.530639438E1
5.507534292E0,-1.518921387E1,-3.943998413E0,1.510284348E1,2.177988114E1
5.517537292E0,-1.345521973E1,-2.317031708E0,1.252640121E1,1.852895845E1
5.527539292E0,-1.191133026E1,-1.032702484E0,1.003647903E1,1.561016254E1
5.537542292E0,-1.028586044E1,-1.402583313E-1,7.706723785E0,1.285348937E1
5.547545292E0,-8.566386108E0,1.191522217E-1,5.466931458E0,1.016289859E1
5.557547292E0,-6.785689087E0,-1.228944397E-1,3.510050812E0,7.640754945E0
5.567550292E0,-4.622537384E0,-7.381150818E-1,1.646276550E0,4.962145929E0
5.577553292E0,-2.125130768E0,-1.306183777E0,-3.951782227E-1,2.525561852E0
5.587555292E0,-1.960922241E-1,-2.310595093E0,-2.186203766E0,3.186971721E0
5.597558292E0,1.857637024E0,-3.355422363E0,-3.527115326E0,5.210587018E0
5.607561292E0,3.975732422E0,-3.898193665E0,-4.945865021E0,7.447411828E0
5.617563292E0,5.242098999E0,-4.448150024E0,-6.358776855E0,9.364810925E0
5.627566292E0,5.915398865E0,-4.849465485E0,-7.582781525E0,1.077069333E1
5.637569292E0,6.257437592E0,-4.923112335E0,-8.480165405E0,1.163210065E1
5.647571292E0,6.194119263E0,-4.644242249E0,-8.920250244E0,1.181130661E1
5.657574292E0,5.699098663E0,-4.092339935E0,-8.757239227E0,1.122123926E1
5.667577292E0,4.592449951E0,-3.676055603E0,-7.710765381E0,9.698447510E0
5.677580292E0,3.191962280E0,-3.300037537E0,-5.954168243E0,7.518709358E0
5.687582292E0,1.667083282E0,-2.912044373E0,-3.977378998E0,5.203721052E0
5.697585292E0,1.234931946E-1,-2.568059692E0,-1.861828308E0,3.174363842E0
5.707588167E0,-1.060993652E0,-1.979483643E0,1.359173584E-1,2.250008122E0
5.717590167E0,-1.583107910E0,-1.202898560E0,1.604962463E0,2.555210384E0
5.727593167E0,-1.148860931E0,-4.327500916E-1,2.385289764E0,2.682678017E0
5.737596167E0,-4.757107544E-1,8.337661743E-2,2.724334717E0,2.766812612E0
5.747598167E0,3.101550293E-1,3.357518005E-1,2.915337524E0,2.950952100E0
5.757601167E0,9.931846619E-1,5.153782654E-1,2.965932312E0,3.169981862E0
5.767604167E0,1.438508606E0,8.313711548E-1,2.909649353E0,3.350603582E0
5.777606167E0,1.798659668E0,1.195863190E0,2.626737671E0,3.400737591E0
5.787609167E0,2.126028900E0,1.423839111E0,2.131118317E0,3.330012309E0
5.797612167E0,2.498304749E0,1.671723633E0,1.506167908E0,3.362250480E0
5.807614167E0,2.974913635E0,1.992805939E0,6.424639893E-1,3.637876664E0
5.817617167E0,3.342399445E0,2.297422485E0,-2.734812927E-1,4.065043191E0
5.827620167E0,3.658242645E0,2.555485840E0,-1.154848480E0,4.609438376E0
5.837622167E0,3.828588409E0,2.709216156E0,-1.787133636E0,5.019142160E0
5.847625167E0,3.759282532E0,2.912643127E0,-2.015109558E0,5.164916425E0
5.857628167E0,3.458857269E0,3.139271851E0,-1.777703247E0,4.997894576E0
5.867630167E0,2.990032196E0,3.444786530E0,-1.298849030E0,4.742768766E0
5.877633167E0,2.420316925E0,3.781137085E0,-8.375083923E-1,4.566875516E0
5.887636167E0,1.574425964E0,4.038002930E0,-4.782554626E-1,4.360391389E0
5.897638167E0,7.726931763E-1,4.374802551E0,-3.282673645E-1,4.454628107E0
5.907641167E0,6.586303711E-2,4.676275635E0,-3.095562744E-1,4.686973100E0
5.917644167E0,-6.541397095E-1,4.810546417E0,-3.097059631E-1,4.864686359E0
5.927646167E0,-1.271006927E0,4.860841827E0,-4.776567078E-1,5.046919636E0
5.937649167E0,-1.991758118E0,4.850513306E0,-6.348298645E-1,5.281816798E0
5.947652167E0,-2.792592773E0,4.646487579E0,-8.686436462E-1,5.490260741E0
5.957654167E0,-4.017046509E0,4.015549622E0,-1.108744354E0,5.787107694E0
5.967657167E0,-5.485343170E0,3.580105133E0,-9.151968384E-1,6.613904120E0
5.977660167E0,-6.828050995E0,3.909719696E0,-4.731660461E-1,7.882390158E0
5.987663167E0,-8.728349304E0,4.385280762E0,-7.424560547E-2,9.768330530E0
5.997665167E0,-1.249391876E1,3.698508911E0,7.223977661E-1,1.304985949E1
6.007668167E0,-1.799393143E1,1.219813385E0,2.706072693E0,1.823711442E1
6.017671167E0,-2.448248840E1,-1.935624847E0,5.293142853E0,2.512282315E1
6.027673167E0,-3.078273697E1,-5.088967438E0,8.018226013E0,3.221438240E1
6.037676167E0,-3.607363449E1,-7.084916840E0,1.098296082E1,3.836832783E1
6.047679167E0,-3.994323761E1,-6.319857788E0,1.441786789E1,4.293341062E1
6.057681167E0,-4.288417191E1,-4.154460754E0,1.847952164E1,4.688074726E1
6.067684167E0,-4.561584137E1,-3.433410187E0,2.155068512E1,5.056703787E1
6.077687167E0,-4.712769745E1,-4.924309845E0,2.231798950E1,5.237710711E1
6.087689167E0,-4.521093338E1,-7.949369202E0,2.079775085E1,5.039610509E1
6.097692167E0,-4.012615723E1,-1.066068100E1,1.828477661E1,4.536619522E1
6.107695167E0,-3.518553131E1,-1.231084946E1,1.652503601E1,4.077567220E1
6.117697167E0,-3.200135284E1,-1.256696686E1,1.574650497E1,3.781491318E1
6.127700167E0,-3.004821442E1,-1.162632294E1,1.552795944E1,3.576568326E1
6.137703167E0,-2.867332352E1,-1.024469604E1,1.500569550E1,3.394531154E1
6.147705167E0,-2.708318024E1,-9.022787018E0,1.364263000E1,3.163906906E1
6.157708167E0,-2.475387405E1,-7.522307281E0,1.173155411E1,2.840719538E1
6.167711167E0,-2.199226685E1,-5.811514893E0,1.011596375E1,2.489510452E1
6.177713167E0,-1.930939590E1,-4.275259552E0,8.951086121E0,2.170835224E1
6.187716167E0,-1.656380539E1,-2.700833588E0,7.988587646E0,1.858686858E1
6.197719167E0,-1.394649811E1,-1.041234741E0,7.112010498E0,1.568979517E1
6.207721167E0,-1.174891800E1,2.484832764E-1,6.450536041E0,1.340552995E1
6.217724167E0,-9.802814941E0,9.913883972E-1,5.947731628E0,1.150884630E1
6.227727167E0,-7.833061066E0,1.527723083E0,5.344037018E0,9.604661115E0
6.237729167E0,-5.988147583E0,1.842518463E0,4.719385986E0,7.843812201E0
6.247732167E0,-4.269721069E0,1.657203827E0,4.024530945E0,6.097023197E0
6.257735167E0,-2.145189056E0,1.249152374E0,2.874472504E0,3.798000779E0
6.267737167E0,2.469863892E-2,9.502239990E-1,9.672885132E-1,1.356164717E0
6.277740167E0,1.721719666E0,1.749861145E-1,-9.056167603E-1,1.953223096E0
6.287743167E0,3.025358734E0,-4.719685364E-1,-2.421364746E0,3.903659437E0
6.297745167E0,3.884272614E0,-8.812174988E-1,-3.700903931E0,5.436985187E0
6.307748167E0,4.218228149E0,-1.295256500E0,-4.593797150E0,6.369781030E0
6.317751167E0,4.057761841E0,-1.688039703E0,-5.122797089E0,6.749663637E0
6.327754167E0,3.810775452E0,-1.824705505E0,-5.522615662E0,6.953477078E0
6.337756167E0,3.615281982E0,-1.669178925E0,-5.835016022E0,7.064264581E0
6.347759167E0,3.332669678E0,-1.540746002E0,-5.919290771E0,6.965528599E0
6.357762167E0,3.226989441E0,-1.350341949E0,-5.667065277E0,6.659768246E0
6.367764167E0,3.178639984E0,-1.020877075E0,-4.975353699E0,5.991668097E0
6.377767167E0,2.836750946E0,-8.150550842E-1,-3.981121216E0,4.955885073E0
6.387770167E0,2.389331360E0,-6.129753113E-1,-2.915786591E0,3.819221717E0
6.397772167E0,1.915566559E0,-3.112028503E-1,-1.813628540E0,2.656217411E0
6.407775167E0,1.339564362E0,-3.188369751E-2,-7.116201782E-1,1.517185726E0
6.417778167E0,7.587721252E-1,2.058219910E-1,2.929408264E-1,8.389947305E-1
6.427780167E0,1.423539734E-1,2.514770508E-1,1.196761322E0,1.231155158E0
6.437783167E0,-3.222798157E-1,2.655477905E-1,1.861079865E0,1.907353709E0
6.447786167E0,-4.370910645E-1,3.412902832E-1,2.247725830E0,2.315123984E0
6.457788167E0,-3.028202820E-1,2.817141724E-1,2.408790894E0,2.444041032E0
6.467791167E0,1.137634277E-2,1.302291870E-1,2.422113190E0,2.425638342E0
6.477794167E0,4.993615723E-1,5.807922363E-2,2.375410309E0,2.428025805E0
6.487796167E0,1.024469604E0,8.367599487E-2,2.029329987E0,2.274801054E0
6.497799167E0,1.482816467E0,3.353027344E-2,1.592987366E0,2.176574764E0
6.507802167E0,1.698517914E0,2.200424194E-2,1.284778290E0,2.129812796E0
6.517804167E0,1.692530365E0,8.442443848E-2,9.777667236E-1,1.956480076E0
6.527807167E0,1.625170441E0,2.270777893E-1,5.023553467E-1,1.716130583E0
6.537810167E0,1.526824951E0,3.767665100E-1,-1.248403931E-1,1.577571728E0
6.547812167E0,1.301693115E0,4.243675232E-1,-6.815327454E-1,1.529372304E0
6.557815167E0,1.104852448E0,4.108955383E-1,-1.186432800E0,1.672470288E0
6.567818167E0,1.033301239E0,4.819976807E-1,-1.647623749E0,2.003670939E0
6.577820167E0,1.099763031E0,5.463638306E-1,-2.015109558E0,2.359800562E0
6.587823167E0,1.379680939E0,6.391708374E-1,-2.286046143E0,2.745553827E0
6.597826167E0,1.418450317E0,6.804849243E-1,-2.416724396E0,2.883681300E0
6.607828167E0,1.131347351E0,7.756869507E-1,-2.385289764E0,2.751589420E0
6.617831167E0,4.837939453E-1,8.472381592E-1,-2.130070496E0,2.342876308E0
6.627834167E0,-6.123765564E-1,6.911128235E-1,-1.762584686E0,1.989810734E0
6.637836167E0,-2.803070984E0,7.063810730E-1,-2.031275940E0,3.533024640E0
6.647839167E0,-3.182531891E0,1.154100037E0,-2.564616852E0,4.247083202E0
6.657842167E0,-4.576433258E0,1.344504089E0,-2.926115112E0,5.595854024E0
6.667844167E0,-5.634133759E0,1.530866547E0,-2.813549194E0,6.480977909E0
6.677847167E0,-6.803202667E0,1.908231812E0,-2.855761414E0,7.621042477E0
6.687850167E0,-1.119087845E1,6.420149231E-1,-2.218985596E0,1.142680361E1
6.697852167E0,-1.753827896E1,-1.009201355E0,-1.739532623E0,1.765320623E1
6.707854417E0,-2.253982819E1,-1.898651733E0,-4.831951904E-1,2.262481405E1
6.717857417E0,-2.645628387E1,-4.120032349E0,2.647095337E0,2.690570082E1
6.727859417E0,-3.141038177E1,-6.096971283E0,6.887776794E0,3.272959840E1
6.737862417E0,-3.785268494E1,-6.952741699E0,1.110525650E1,4.005612433E1
6.747865417E0,-4.292982697E1,-6.429878998E0,1.559322372E1,4.612441884E1
6.757867417E0,-4.525164871E1,-2.744991760E0,2.016905823E1,4.961892382E1
6.767870417E0,-4.587615005E1,-5.673202515E-2,2.367701340E1,5.162582034E1
6.777873417E0,-4.448973312E1,-1.340312805E0,2.505130554E1,5.107544127E1
6.787875417E0,-4.110691772E1,-4.691244507E0,2.390319305E1,4.778230947E1
6.797878417E0,-3.722563889E1,-7.827372894E0,2.254267227E1,4.421750818E1
6.807881417E0,-3.392724792E1,-9.452393646E0,2.199900284E1,4.152543827E1
6.817883417E0,-3.166934326E1,-9.412726135E0,2.146805695E1,3.940081452E1
6.827886417E0,-3.020029816E1,-8.360863495E0,2.025767395E1,3.731401079E1
6.837889417E0,-2.877720749E1,-7.040608978E0,1.801009781E1,3.467075812E1
6.847891417E0,-2.675506256E1,-5.679190063E0,1.511077698E1,3.124775437E1
6.857894417E0,-2.429088684E1,-4.450245667E0,1.219244568E1,2.754101671E1
6.867897417E0,-2.177881073E1,-3.417094116E0,9.480684814E0,2.399742723E1
6.877900417E0,-1.916479660E1,-2.252815247E0,7.442523193E0,2.068225705E1
6.887902417E0,-1.655302780E1,-9.363029480E-1,5.835614777E0,1.757651252E1
6.897905417E0,-1.421518936E1,7.679031372E-2,4.651576996E0,1.495709443E1
6.907908417E0,-1.188229065E1,9.071136475E-1,3.601211243E0,1.244911277E1
6.917910417E0,-9.378297729E0,1.384470978E0,2.378703461E0,9.773814933E0
6.927913417E0,-6.589746552E0,1.278191986E0,8.173004150E-1,6.762138296E0
6.937916417E0,-3.122656403E0,7.695497131E-1,-1.479074249E0,3.539894123E0
6.947918417E0,-4.583468628E-1,1.442999268E-1,-4.445455627E0,4.471351032E0
6.957921417E0,8.657995605E-1,-2.680924988E-1,-5.539380798E0,5.613040361E0
6.967924417E0,2.764750671E0,-1.797761536E-1,-5.720504150E0,6.356125665E0
6.977926417E0,4.418062592E0,-5.284011841E-2,-6.098019104E0,7.530465200E0
6.987929417E0,5.358856201E0,-6.746470642E-1,-6.965016174E0,8.813849259E0
6.997932417E0,5.934559021E0,-1.307680664E0,-7.749834137E0,9.848296738E0
7.007934417E0,6.311325531E0,-1.666035461E0,-8.026458893E0,1.034565351E1
7.017937417E0,6.611152039E0,-1.811083832E0,-8.016579437E0,1.054764911E1
7.027940417E0,6.495592346E0,-1.906285858E0,-7.635921021E0,1.020460364E1
7.037942417E0,5.918242950E0,-1.847458191E0,-6.723717957E0,9.145878009E0
7.047945417E0,5.023553467E0,-1.484912109E0,-5.369783478E0,7.501708339E0
7.057948417E0,3.918551331E0,-1.127455444E0,-3.921096039E0,5.656959824E0
7.067950417E0,2.516117706E0,-8.120613098E-1,-2.490371246E0,3.632112447E0
7.077953417E0,1.016536102E0,-3.201841736E-1,-9.093589783E-1,1.400998681E0
7.087956417E0,-5.608836365E-1,1.535806274E-1,5.318440247E-1,7.880580749E-1
7.097958417E0,-1.812131653E0,5.418731689E-1,1.564546509E0,2.454639166E0
7.107961417E0,-2.427501984E0,9.707313538E-1,2.243085480E0,3.444781228E0
7.117964417E0,-2.604434052E0,9.792636108E-1,2.489024048E0,3.733265951E0
7.127966417E0,-2.399659882E0,6.176156616E-1,2.395169220E0,3.446251913E0
7.137969417E0,-1.593137054E0,3.204835510E-1,2.195783844E0,2.731714127E0
7.147972417E0,-5.620811462E-1,5.463638306E-2,2.022593994E0,2.099954003E0
7.157974417E0,2.216889954E-1,-3.396437073E-1,1.796114960E0,1.841339949E0
7.167977417E0,7.867639160E-1,-6.896159363E-1,1.778451691E0,2.063360854E0
7.177980417E0,1.262474670E0,-9.662406921E-1,1.953437805E0,2.518607279E0
7.187982417E0,1.660047913E0,-1.053958282E0,2.263443146E0,2.998293182E0
7.197985417E0,1.902244263E0,-1.018781433E0,2.519560547E0,3.317323348E0
7.207988417E0,2.021845551E0,-9.508227539E-1,2.497705994E0,3.351187636E0
7.217990417E0,2.066901855E0,-8.120613098E-1,2.167642365E0,3.103256398E0
7.227993417E0,1.848506012E0,-6.788383484E-1,1.648671570E0,2.568251141E0
7.237996417E0,1.456022186E0,-5.547463989E-1,1.105151825E0,1.910263000E0
7.247998417E0,1.154549103E0,-2.926414490E-1,4.957690430E-1,1.290119991E0
7.258001417E0,1.009351044E0,-3.981719971E-2,-2.264790344E-1,1.035213839E0
7.268004417E0,9.084608459E-1,1.676513672E-1,-8.408015442E-1,1.249141836E0
7.278006417E0,8.809181213E-1,4.076023865E-1,-1.480571136E0,1.770380561E0
7.288009417E0,7.575746155E-1,4.902305603E-1,-2.193239136E0,2.371611943E0
7.298012417E0,3.776646423E-1,5.131329346E-1,-2.725981293E0,2.799448160E0
7.308014417E0,-2.421963501E-1,6.230044556E-1,-3.290008392E0,3.357223383E0
7.318017417E0,-1.104702759E0,7.375163269E-1,-3.907923431E0,4.127488833E0
7.328020417E0,-2.493065643E0,7.818241882E-1,-4.418511658E0,5.133212506E0
7.338022417E0,-3.470532990E0,9.880952454E-1,-4.671036530E0,5.902500632E0
7.348025417E0,-4.072581024E0,1.249002686E0,-4.302053833E0,6.054220932E0
7.358028417E0,-5.260959778E0,1.587897949E0,-3.406765594E0,6.465691726E0
7.368030417E0,-7.139403534E0,1.755998383E0,-2.775977325E0,7.858795280E0
7.378033417E0,-1.050290909E1,1.260379028E0,-2.308349762E0,1.082719415E1
7.388036417E0,-1.628748001E1,-1.945953369E-3,-1.437909851E0,1.635082853E1
7.398038417E0,-2.190230392E1,-1.176703033E0,7.625143433E-1,2.194714048E1
7.408041417E0,-2.728151779E1,-2.790197754E0,3.843706970E0,2.769188509E1
7.418044417E0,-3.328433487E1,-4.462370453E0,6.971452789E0,3.429811732E1
7.428046417E0,-3.892774933E1,-5.750142517E0,9.649384003E0,4.051597732E1
7.438049417E0,-4.216940826E1,-4.461172943E0,1.249586472E1,4.420755244E1
7.448052417E0,-4.429154526E1,-1.448537750E0,1.586835159E1,4.707062593E1
7.458054417E0,-4.596790924E1,1.318757629E-1,1.926927933E1,4.984346694E1
7.468057417E0,-4.607493668E1,-1.028211823E0,2.162657730E1,5.090840653E1
7.478060417E0,-4.388783478E1,-3.989054718E0,2.286944275E1,4.964943112E1
7.488062417E0,-4.022031143E1,-6.700665894E0,2.360336655E1,4.711359981E1
7.498065417E0,-3.640354843E1,-7.890691223E0,2.420002579E1,4.441984460E1
7.508068417E0,-3.305845459E1,-7.679779816E0,2.420691147E1,4.168710833E1
7.518070417E0,-3.021377014E1,-6.865622864E0,2.284654037E1,3.849640361E1
7.528073417E0,-2.763223846E1,-5.988147583E0,2.014810181E1,3.471807196E1
7.538076417E0,-2.486179962E1,-5.083129578E0,1.680121170E1,3.043399417E1
7.548078417E0,-2.182072357E1,-3.889811096E0,1.311452820E1,2.575394062E1
7.558081417E0,-1.898666702E1,-2.522554321E0,9.745484161E0,2.149025980E1
7.568084417E0,-1.658251648E1,-1.203347626E0,7.404202881E0,1.820027798E1
7.578086417E0,-1.434901108E1,-1.871109009E-2,5.960904236E0,1.553791647E1
7.588089417E0,-1.197958832E1,8.861572266E-1,4.838238831E0,1.295007204E1
7.598092417E0,-9.297615509E0,1.456920319E0,3.569477234E0,1.006525900E1
7.608094417E0,-6.414610748E0,1.337019653E0,2.297871552E0,6.943706955E0
7.618097417E0,-3.250191193E0,7.204518127E-1,9.370513916E-1,3.458447472E0
7.628100417E0,2.116598511E-1,6.780899048E-2,-3.403921509E-1,4.065276966E-1
7.638102417E0,3.273692322E0,-1.577719116E-1,-1.756746826E0,3.718617055E0
7.648105417E0,5.554499359E0,-9.087602234E-1,-3.198548584E0,6.473717735E0
7.658108417E0,7.385940857E0,-1.518292694E0,-4.368665314E0,8.714503524E0
7.668111417E0,8.849447479E0,-1.544637909E0,-5.397176514E0,1.047989224E1
7.678113417E0,9.320667572E0,-1.629212036E0,-6.319408722E0,1.137822932E1
7.688116417E0,8.765172729E0,-2.296823730E0,-6.925198975E0,1.140447426E1
7.698119417E0,7.824828186E0,-2.589465179E0,-7.254514160E0,1.098003833E1
7.708122333E0,6.650220795E0,-2.374661865E0,-7.232809296E0,1.010831271E1
7.718125333E0,5.343587952E0,-2.093696136E0,-6.826853485E0,8.918712027E0
7.728128333E0,3.994293823E0,-1.639690247E0,-6.353238373E0,7.681575689E0
7.738130333E0,2.488724670E0,-1.197210388E0,-5.635780334E0,6.276072273E0
7.748133333E0,7.755372620E-1,-8.825646973E-1,-4.571942596E0,4.720491245E0
7.758136333E0,-7.378157043E-1,-4.578977966E-1,-3.384162598E0,3.493794340E0
7.768138333E0,-1.969005432E0,4.340972900E-3,-2.246977386E0,2.987625916E0
7.778141333E0,-2.894381104E0,4.276606750E-1,-1.095721436E0,3.124250484E0
7.788144333E0,-3.392395477E0,6.637197876E-1,-5.134323120E-2,3.457095191E0
7.798146333E0,-3.427572327E0,7.957452393E-1,8.424481201E-1,3.618173762E0
7.808149333E0,-3.183579712E0,8.147557068E-1,1.560205536E0,3.637753147E0
7.818152333E0,-2.898722076E0,6.261479187E-1,2.121987305E0,3.646571131E0
7.828154333E0,-2.371368713E0,3.608995056E-1,2.476300507E0,3.447564681E0
7.838157333E0,-1.582359467E0,4.685256958E-2,2.547552338E0,2.999346522E0
7.848160333E0,-8.093669128E-1,-2.468367004E-1,2.388582916E0,2.534034630E0
7.858162333E0,-2.171983337E-1,-3.875440979E-1,2.293829956E0,2.336454881E0
7.868165333E0,1.252894592E-1,-3.570075989E-1,2.292931824E0,2.323938085E0
7.878168333E0,3.576063538E-1,-2.588117981E-1,2.205812988E0,2.249550353E0
7.888170333E0,3.821553040E-1,-2.143542480E-1,2.023641815E0,2.070535345E0
7.898173333E0,1.517843628E-1,-1.594184875E-1,1.684447174E0,1.698768680E0
7.908176333E0,-3.847000122E-2,4.041595459E-3,1.205443268E0,1.206063741E0
7.918178333E0,-2.200424194E-2,1.278341675E-1,5.789959717E-1,5.933482083E-1
7.928181333E0,7.005432129E-2,1.625619507E-1,-1.751358032E-1,2.490111349E-1
7.938184333E0,1.757345581E-1,2.438429260E-1,-8.788224792E-1,9.288008169E-1
7.948186333E0,3.261717224E-1,4.179309082E-1,-1.508562927E0,1.599004797E0
7.958189333E0,5.960604858E-1,5.849835205E-1,-2.141446838E0,2.298540490E0
7.968192333E0,7.337741089E-1,5.807922363E-1,-2.668351135E0,2.827691964E0
7.978194333E0,4.727169800E-1,4.908293152E-1,-3.057541809E0,3.132560722E0
7.988197333E0,-4.475692749E-2,3.841012573E-1,-3.376378784E0,3.398451214E0
7.998200333E0,-8.345146179E-1,2.227368164E-1,-3.490441589E0,3.595720905E0
8.008202333E0,-1.525777130E0,2.785707092E-1,-3.500919800E0,3.829103934E0
8.018205333E0,-2.514171753E0,1.875599670E-1,-3.773802338E0,4.538482393E0
8.028208333E0,-3.742667084E0,9.131011963E-2,-3.933370514E0,5.430220809E0
8.038210333E0,-4.297114105E0,5.225633240E-1,-4.022734680E0,5.909370218E0
8.048213333E0,-4.559368744E0,1.029559021E0,-4.212989044E0,6.292623603E0
8.058216333E0,-4.998405762E0,7.686515808E-1,-4.044589233E0,6.475614834E0
8.068218333E0,-8.494685211E0,-1.261127472E0,-4.114643555E0,9.522626262E0
8.078221333E0,-1.287278091E1,-3.003055115E0,-4.497397614E0,1.396257189E1
8.088224333E0,-1.370085892E1,-4.697082367E0,-3.111878815E0,1.481417927E1
8.098226333E0,-1.548679504E1,-7.255861359E0,1.130598907E0,1.713962073E1
8.108229333E0,-2.144141235E1,-9.731413422E0,5.032385101E0,2.407819492E1
8.118232333E0,-2.757296173E1,-1.110286148E1,8.155041504E0,3.082282358E1
8.128234333E0,-3.084919876E1,-9.634265442E0,1.149369873E1,3.430156331E1
8.138237333E0,-3.368939255E1,-6.653963013E0,1.476963638E1,3.738171415E1
8.148240333E0,-3.679603226E1,-4.810097351E0,1.879940643E1,4.159931140E1
8.158242333E0,-3.968427612E1,-4.877307587E0,2.159349609E1,4.544126951E1
8.168245333E0,-4.137291458E1,-6.939120026E0,2.198388428E1,4.736201659E1
8.178248333E0,-4.097085068E1,-9.953551483E0,2.065719315E1,4.695107476E1
8.188250333E0,-3.866504562E1,-1.211355972E1,1.886990982E1,4.469672895E1
8.198253333E0,-3.505605057E1,-1.251966522E1,1.696167801E1,4.090681141E1
8.208256333E0,-3.140095139E1,-1.171912994E1,1.458147766E1,3.655102249E1
8.218258333E0,-2.881867126E1,-1.092877350E1,1.210906906E1,3.311470153E1
8.228261333E0,-2.745336044E1,-1.059466827E1,9.996811523E0,3.107845292E1
8.238264333E0,-2.663396439E1,-1.044423111E1,8.558602295E0,2.986134116E1
8.248266333E0,-2.579540817E1,-1.021176453E1,7.814050598E0,2.882260579E1
8.258269333E0,-2.476569946E1,-9.864636383E0,7.664810944E0,2.773806496E1
8.268272333E0,-2.338706635E1,-9.199719086E0,7.824528809E0,2.632134029E1
8.278274333E0,-2.178973801E1,-8.033045197E0,7.978408813E0,2.455560027E1
8.288277333E0,-2.014136581E1,-6.616540833E0,8.027806091E0,2.266933832E1
8.298280333E0,-1.852502701E1,-5.363646240E0,8.053702240E0,2.089993891E1
8.308282333E0,-1.678100372E1,-4.197571106E0,7.847880249E0,1.899502339E1
8.318285333E0,-1.494207779E1,-2.987936554E0,7.388335876E0,1.693460837E1
8.328288333E0,-1.303204971E1,-1.653611298E0,6.661597137E0,1.472907419E1
8.338290333E0,-1.071172485E1,-3.046165466E-1,5.615422668E0,1.209821525E1
8.348293333E0,-7.912695465E0,9.256750488E-1,4.132456512E0,8.974676632E0
8.358296333E0,-5.070406036E0,1.887125702E0,2.308499451E0,5.882128059E0
8.368298333E0,-2.444416809E0,2.522404633E0,3.924838257E-1,3.534365887E0
8.378301333E0,-3.342549133E-1,2.606230316E0,-1.263522491E0,2.915587744E0
8.388304333E0,1.603166199E0,2.320025482E0,-2.385738831E0,3.693834033E0
8.398306333E0,3.239114227E0,2.139500885E0,-3.063828735E0,4.945338364E0
8.408309333E0,4.226461029E0,1.956730957E0,-3.411555634E0,5.773255642E0
8.418312333E0,4.681065674E0,1.543590088E0,-3.567531281E0,6.084597410E0
8.428314333E0,4.719535675E0,9.789642334E-1,-3.779640198E0,6.125199424E0
8.438317333E0,4.337230682E0,2.095642090E-1,-3.973187714E0,5.885720666E0
8.448320333E0,3.882326660E0,-6.249504089E-1,-4.142036591E0,5.711347514E0
8.458322333E0,3.697161713E0,-1.169667664E0,-4.315376129E0,5.801689263E0
8.468325333E0,3.745361481E0,-1.398541718E0,-4.530179443E0,6.042034206E0
8.478328333E0,3.874542847E0,-1.371148682E0,-4.718338165E0,6.257383321E0
8.488330333E0,3.686384125E0,-1.150507507E0,-4.600084076E0,6.006152591E0
8.498333333E0,2.908152466E0,-8.529263306E-1,-3.972289581E0,4.996390558E0
8.508336333E0,1.917362823E0,-4.637356567E-1,-2.874472504E0,3.486247715E0
8.518338333E0,6.535409546E-1,-2.044747925E-1,-1.720522156E0,1.851788921E0
8.528341333E0,-6.926097107E-1,-6.346801758E-2,-7.023394775E-1,9.884417749E-1
8.538344333E0,-1.822011108E0,6.107299805E-2,3.198847961E-1,1.850886456E0
8.548346333E0,-2.479294281E0,2.155517578E-1,1.149908752E0,2.741469101E0
8.558349333E0,-2.580783234E0,3.122506714E-1,1.717378693E0,3.115659185E0
8.568352333E0,-2.281256104E0,1.878593445E-1,2.029629364E0,3.059218184E0
8.578354333E0,-1.766476593E0,-1.287322998E-1,2.106120300E0,2.751863783E0
8.588357333E0,-1.012045441E0,-4.802014160E-1,2.029180298E0,2.317844269E0
8.598360333E0,-4.677772522E-1,-7.659571838E-1,1.825603638E0,2.034289706E0
8.608362333E0,-1.062789917E-1,-9.590556335E-1,1.504072266E0,1.786985258E0
8.618365333E0,1.122665405E-1,-1.152453461E0,1.077908478E0,1.581973275E0
8.628368333E0,2.224374390E-1,-1.201551361E0,6.785389709E-1,1.397719293E0
8.638370333E0,4.525090027E-1,-1.137035522E0,2.302212524E-1,1.245237328E0
8.648373333E0,6.923103333E-1,-1.041085052E0,-3.029699707E-1,1.286445680E0
8.658376333E0,7.548802185E-1,-9.029223633E-1,-8.309220886E-1,1.440675000E0
8.668378333E0,6.610253906E-1,-6.632707214E-1,-1.214574280E0,1.533647058E0
8.678381333E0,4.405339050E-1,-3.137475586E-1,-1.428928528E0,1.527856142E0
8.688384333E0,2.757266235E-1,1.106199646E-1,-1.480122070E0,1.509643432E0
8.698386333E0,1.905537415E-1,5.385800171E-1,-1.402283936E0,1.514192656E0
8.708388208E0,2.619552612E-1,9.660910034E-1,-1.348545685E0,1.679442720E0
8.718391208E0,5.713618469E-1,1.486708374E0,-1.487007751E0,2.178978706E0
8.728393208E0,1.016236725E0,2.076332245E0,-1.794468384E0,2.926432889E0
8.738396208E0,1.512754211E0,2.611469421E0,-2.406994629E0,3.860287682E0
8.748399208E0,1.838177490E0,3.171005859E0,-3.527863770E0,5.087238683E0
8.758401208E0,1.238374786E0,3.440894623E0,-4.777614899E0,6.016554831E0
8.768404208E0,4.671784973E-1,3.532055054E0,-5.841602325E0,6.842367016E0
8.778407208E0,-3.698808289E-1,3.311264191E0,-6.606362000E0,7.399006774E0
8.788409208E0,-1.574276276E0,2.858605499E0,-6.763535156E0,7.509685679E0
8.798412208E0,-2.832260284E0,2.400707703E0,-5.993686066E0,7.050487107E0
8.808415208E0,-4.836143188E0,1.732347565E0,-4.175267487E0,6.619831388E0
8.818417208E0,-8.961863708E0,4.001179504E-1,-1.759890289E0,9.141789176E0
8.828420208E0,-1.988539810E1,-2.637066193E0,-1.160087585E-1,2.005982637E1
8.838423208E0,-2.822276047E1,-5.801934814E0,1.729204102E0,2.886480214E1
8.848425208E0,-2.977563126E1,-6.659651184E0,2.900069275E0,3.064881029E1
8.858428208E0,-3.283990906E1,-6.860383759E0,5.789959717E0,3.404479587E1
8.868431208E0,-4.086127853E1,-8.357270966E0,1.044303360E1,4.299470912E1
8.878433208E0,-4.862428528E1,-6.423292694E0,1.487471786E1,5.125267836E1
8.888436208E0,-5.237952621E1,-2.193538513E0,1.843775848E1,5.557317083E1
8.898439208E0,-5.078848480E1,-6.833290100E-1,1.993195129E1,5.456390574E1
8.908441208E0,-4.639332458E1,-3.607947235E0,1.980247055E1,5.057168861E1
8.918444208E0,-4.160597992E1,-7.909552002E0,1.956611206E1,4.665245244E1
8.928447208E0,-3.705589188E1,-1.045321243E1,1.959455292E1,4.320133420E1
8.938449208E0,-3.361365005E1,-1.086829926E1,1.923919189E1,4.022615944E1
8.948452208E0,-3.126862656E1,-1.030606842E1,1.793345718E1,3.749067804E1
8.958455208E0,-2.902060135E1,-9.517059174E0,1.546359329E1,3.423291450E1
8.968457208E0,-2.644071625E1,-8.797505493E0,1.236069580E1,3.048433006E1
8.978460208E0,-2.365066818E1,-7.787406006E0,9.439370728E0,2.662892257E1
8.988463208E0,-2.098156860E1,-6.368506622E0,7.112309875E0,2.305144354E1
8.998465208E0,-1.854269028E1,-4.825814667E0,5.490282898E0,1.993145896E1
9.008468208E0,-1.626173355E1,-3.269800415E0,4.534370728E0,1.719581608E1
9.018471208E0,-1.406729691E1,-1.737736359E0,3.895050201E0,1.469965938E1
9.028473208E0,-1.197539703E1,-4.911286926E-1,3.293301544E0,1.242968932E1
9.038476208E0,-9.789792023E0,3.529660034E-1,2.874023438E0,1.020904616E1
9.048479208E0,-7.367678833E0,9.544152832E-1,2.861748962E0,7.961357111E0
9.058481208E0,-4.803960114E0,1.540147247E0,3.144361267E0,5.944501164E0
9.068484208E0,-2.423759766E0,1.934427338E0,3.282673645E0,4.515812971E0
9.078487208E0,-4.632865906E-1,2.061812439E0,3.150348816E0,3.793468421E0
9.088489208E0,1.239123230E0,1.765279083E0,2.688409424E0,3.446618901E0
9.098492208E0,2.563269653E0,1.336869965E0,1.707948303E0,3.357776053E0
9.108495208E0,3.514242096E0,1.031504974E0,4.260140991E-1,3.687192432E0
9.118497208E0,4.025578766E0,5.264552307E-1,-9.273216248E-1,4.164416514E0
9.128500208E0,4.161047058E0,-1.564247131E-1,-2.397414551E0,4.804828596E0
9.138503208E0,4.101920013E0,-7.553292847E-1,-3.959416351E0,5.750934530E0
9.148505208E0,3.995191956E0,-1.175804901E0,-5.476361847E0,6.880015625E0
9.158508208E0,3.915258179E0,-1.359472961E0,-6.703959045E0,7.881654663E0
9.168511208E0,3.710184631E0,-1.286873932E0,-7.369624786E0,8.350621774E0
9.178513208E0,3.265609131E0,-1.091530151E0,-7.341632996E0,8.108959003E0
9.188516208E0,2.635569305E0,-8.672964478E-1,-6.520590363E0,7.086362069E0
9.198519208E0,1.903292084E0,-6.255491638E-1,-5.188360748E0,5.561737118E0
9.208521208E0,1.085392914E0,-4.614903259E-1,-3.802841949E0,3.981539651E0
9.218524208E0,2.959346008E-1,-3.065625000E-1,-2.515369263E0,2.551203712E0
9.228527208E0,-7.065307617E-1,-1.859133911E-1,-1.102756805E0,1.322808406E0
9.238529208E0,-1.940115509E0,-1.790277100E-1,3.640429688E-1,1.982076283E0
9.248532208E0,-2.898871765E0,-1.356179810E-1,1.536854095E0,3.283865140E0
9.258535208E0,-3.256328430E0,1.312770081E-1,2.204914856E0,3.934788180E0
9.268537208E0,-2.826572113E0,3.887416077E-1,2.385140076E0,3.718806681E0
9.278540208E0,-1.944905548E0,4.842430115E-1,2.233355713E0,3.000837654E0
9.288543208E0,-1.022523651E0,4.394860840E-1,2.012115784E0,2.299415700E0
9.298545208E0,-2.784210205E-2,4.772076416E-1,1.782193909E0,1.845187645E0
9.308548208E0,7.713459778E-1,5.269042969E-1,1.444945221E0,1.720601478E0
9.318551208E0,1.383872223E0,4.628375244E-1,1.132544861E0,1.847154234E0
9.328553208E0,1.928439789E0,4.583468628E-1,8.304730225E-1,2.149103838E0
9.338556208E0,2.345322876E0,4.420307922E-1,4.367916870E-1,2.426255879E0
9.348559208E0,2.532134399E0,4.778063965E-1,-1.975891113E-2,2.576896192E0
9.358561208E0,2.674937439E0,6.508465576E-1,-6.018983459E-1,2.818008723E0
9.368564208E0,2.866239624E0,9.369017029E-1,-1.323996735E0,3.293338995E0
9.378567208E0,3.034489746E0,1.307980042E0,-1.992805939E0,3.858784176E0
9.388569208E0,3.027005310E0,1.602866821E0,-2.573149109E0,4.284044763E0
9.398572208E0,2.904110870E0,1.835932159E0,-2.922821960E0,4.510808692E0
9.408575208E0,2.651136932E0,1.990560608E0,-3.054697723E0,4.507996978E0
9.418577208E0,2.214644623E0,2.038161621E0,-3.034639435E0,4.274083539E0
9.428580208E0,1.646725616E0,2.009271698E0,-2.786754913E0,3.809840018E0
9.438583208E0,8.247848511E-1,2.037562866E0,-2.462080078E0,3.300571283E0
9.448585208E0,-2.567161560E-1,1.828896790E0,-2.192640381E0,2.866781905E0
9.458588208E0,-1.651964722E0,1.392254791E0,-1.668580170E0,2.729747356E0
9.468591208E0,-3.366199951E0,1.343755646E0,-6.779402161E-1,3.687354646E0
9.478593208E0,-5.153932343E0,1.507814484E0,4.508624268E-1,5.388858881E0
9.488596208E0,-6.856791229E0,1.260528717E0,9.168434143E-1,7.031722439E0
9.498599208E0,-9.894125061E0,-3.926335144E-1,1.105151825E0,9.963394620E0
9.508601208E0,-1.455183929E1,-3.349883881E0,2.097737732E0,1.507906670E1
9.518604208E0,-2.029075516E1,-6.555168457E0,3.944447479E0,2.168510190E1
9.528607208E0,-2.717374191E1,-9.915380859E0,6.258186035E0,2.959547127E1
9.538609208E0,-3.402619217E1,-1.182765427E1,8.885372772E0,3.710289757E1
9.548612208E0,-4.019875626E1,-1.074555450E1,1.209469894E1,4.333230537E1
9.558615208E0,-4.629138657E1,-7.718698883E0,1.611608643E1,4.962055042E1
9.568617208E0,-5.127661972E1,-4.924758911E0,1.951506821E1,5.508523275E1
9.578620208E0,-5.219660660E1,-4.005221100E0,1.974394226E1,5.594953791E1
9.588623208E0,-4.897740097E1,-6.298452301E0,1.721465195E1,5.229532053E1
9.598625208E0,-4.354579605E1,-1.011910721E1,1.539982590E1,4.728411279E1
9.608628208E0,-3.750166489E1,-1.250529510E1,1.536030807E1,4.241104030E1
9.618631208E0,-3.259591644E1,-1.274060577E1,1.655886566E1,3.871708714E1
9.628633208E0,-2.958058685E1,-1.170850204E1,1.788974808E1,3.649853730E1
9.638636208E0,-2.794194443E1,-1.028032196E1,1.815215240E1,3.487030133E1
9.648639208E0,-2.668440948E1,-8.542735291E0,1.692709991E1,3.273473304E1
9.658641208E0,-2.483530472E1,-6.397695923E0,1.469658829E1,2.955862955E1
9.668644208E0,-2.238834320E1,-4.331692200E0,1.224049576E1,2.588109745E1
9.678647208E0,-1.973855347E1,-2.575544128E0,9.935289459E0,2.224755935E1
9.688649208E0,-1.707274704E1,-1.021026764E0,7.768245850E0,1.878474995E1
9.698652208E0,-1.442535233E1,3.504212952E-1,5.872138824E0,1.557869055E1
9.708654833E0,-1.177481415E1,1.452279968E0,4.232747955E0,1.259648842E1
9.718657833E0,-9.401200104E0,1.852547607E0,2.947071533E0,1.002495519E1
9.728660833E0,-6.989714813E0,1.655108185E0,2.068099365E0,7.474793058E0
9.738662833E0,-4.301904144E0,1.561552734E0,1.172960815E0,4.724474921E0
9.748665833E0,-1.799108734E0,1.628762970E0,1.317260742E-2,2.426898137E0
9.758668833E0,2.411485291E-1,1.352886658E0,-9.840536499E-1,1.690211971E0
9.768670833E0,1.661544800E0,9.337582397E-1,-2.209106140E0,2.917667820E0
9.778673833E0,2.898422699E0,6.095324707E-1,-3.298390961E0,4.433031345E0
9.788676833E0,3.580404510E0,2.674937439E-1,-4.197571106E0,5.523626757E0
9.798678833E0,3.548221436E0,-7.198530579E-1,-4.571343842E0,5.831401915E0
9.808681833E0,4.004023590E0,-1.488953705E0,-4.656516724E0,6.319203751E0
9.818684833E0,4.707560577E0,-1.832938385E0,-4.977149963E0,7.091742485E0
9.828686833E0,5.030588837E0,-2.485281830E0,-5.443280640E0,7.817464675E0
9.838689833E0,5.604046326E0,-2.805765381E0,-6.002667389E0,8.678114448E0
9.848692833E0,6.370302887E0,-2.811004486E0,-6.439608765E0,9.484253589E0
9.858694833E0,7.018455048E0,-2.757415924E0,-6.408174133E0,9.895794539E0
9.868697833E0,7.291038208E0,-2.461930389E0,-5.651797028E0,9.547939518E0
9.878700833E0,6.622079315E0,-2.244432678E0,-4.201762390E0,8.157464048E0
9.888702833E0,5.326822815E0,-2.068997498E0,-2.472707977E0,6.226562189E0
9.898705833E0,3.958817596E0,-1.883832550E0,-9.134005737E-1,4.478321387E0
9.908708833E0,2.437980194E0,-1.735940094E0,5.590873718E-1,3.044636945E0
9.918710833E0,9.512718201E-1,-1.484762421E0,1.752405853E0,2.486033748E0
9.928713833E0,-1.556762695E-2,-1.102307739E0,2.446213074E0,2.683147984E0
9.938716833E0,-4.680766296E-1,-7.237449646E-1,2.636617126E0,2.773923643E0
9.948718833E0,-5.394781494E-1,-4.290078735E-1,2.301015015E0,2.402031333E0
9.958721833E0,-1.616638184E-1,-2.526745605E-1,1.432970123E0,1.464029712E0
9.968724833E0,2.360591125E-1,-3.544628906E-1,4.150868225E-1,5.946973311E-1
9.978726833E0,3.894900513E-1,-3.722758484E-1,-1.887574768E-1,5.708950800E-1
9.988729833E0,4.444258118E-1,-2.526745605E-1,-3.707789612E-1,6.315344597E-1
9.998732833E0,4.412823486E-1,-3.357518005E-1,-4.544549561E-1,7.169300453E-1
1.000873483E1,2.944377136E-1,-3.784130859E-1,-4.812492371E-1,6.793311851E-1
1.001873783E1,2.037263489E-1,-2.079176331E-1,-4.584965515E-1,5.430959907E-1
1.002874083E1,5.867797852E-2,-9.250762939E-2,-3.993695068E-1,4.141216846E-1
1.003874283E1,6.900650024E-2,4.206253052E-2,-3.861968994E-1,3.945620340E-1
1.004874583E1,8.083190918E-2,2.404000854E-1,-4.342469788E-1,5.028880961E-1
1.005874883E1,-6.795867920E-2,4.643344116E-1,-3.918850708E-1,6.113908215E-1
1.006875083E1,1.251397705E-1,8.637039185E-1,-4.628375244E-1,9.878577807E-1
1.007875383E1,2.368075562E-1,1.115180969E0,-6.641688538E-1,1.319403911E0
1.008875683E1,2.381547546E-1,1.266216888E0,-8.431965637E-1,1.539806267E0
1.009875883E1,7.110214233E-2,1.224154358E0,-6.490502930E-1,1.387398893E0
1.010876183E1,-4.977149963E-1,9.538165283E-1,-1.778302002E-1,1.090463098E0
1.011876483E1,-1.159339142E0,8.125103760E-1,1.392105103E-1,1.422539955E0
1.012876683E1,-2.094444580E0,7.821235657E-1,3.565585327E-1,2.263967614E0
1.013876983E1,-3.231480103E0,8.035290527E-1,3.427871704E-1,3.347480491E0
1.014877283E1,-4.273463287E0,7.656578064E-1,1.736389160E-1,4.344982258E0
1.015877483E1,-6.161936188E0,1.231938171E-1,-1.826202393E-2,6.163194610E0
1.016877783E1,-9.568103027E0,-1.185684357E0,2.966830444E-1,9.645852153E0
1.017878083E1,-1.416414551E1,-2.971171417E0,1.059047699E0,1.451111504E1
1.018878283E1,-2.012100815E1,-5.257816315E0,2.004032593E0,2.089295929E1
1.019878583E1,-2.645837952E1,-7.728728027E0,3.001408539E0,2.772701817E1
1.020878883E1,-3.179642899E1,-9.628277893E0,3.899840240E0,3.345034208E1
1.021879083E1,-3.533986038E1,-9.848619690E0,4.994962921E0,3.702500096E1
1.022879383E1,-3.781107147E1,-8.922046509E0,7.279212799E0,3.952552313E1
1.023879683E1,-4.015070618E1,-8.531358948E0,1.092398346E1,4.247583674E1
1.024879883E1,-4.222524216E1,-9.030720520E0,1.488863892E1,4.567490073E1
1.025880183E1,-4.294210144E1,-1.009740234E1,1.849029922E1,4.783171307E1
1.026880483E1,-4.201238480E1,-1.112351852E1,2.156535461E1,4.851636487E1
1.027880683E1,-3.980567368E1,-1.122934845E1,2.384436539E1,4.774037792E1
1.028880983E1,-3.701667343E1,-1.058059753E1,2.493320114E1,4.586771932E1
1.029881283E1,-3.437032654E1,-9.977651367E0,2.446647171E1,4.335298272E1
1.030881483E1,-3.200419693E1,-9.679471436E0,2.219314911E1,4.013099371E1
1.031881783E1,-2.971066635E1,-9.473499756E0,1.873504028E1,3.637956332E1
1.032882083E1,-2.703198669E1,-8.789422302E0,1.490181152E1,3.209433339E1
1.033882283E1,-2.424912369E1,-7.442672882E0,1.089269852E1,2.760551141E1
1.034882583E1,-2.188254501E1,-5.874084778E0,7.418872375E0,2.384093781E1
1.035882883E1,-1.984932312E1,-4.177063751E0,4.744234314E0,2.083149656E1
1.036883083E1,-1.794827637E1,-2.417921906E0,3.003354492E0,1.835775338E1
1.037883383E1,-1.600666397E1,-8.199948120E-1,1.761686554E0,1.612418130E1
1.038883683E1,-1.396775391E1,4.345463562E-1,7.065307617E-1,1.399236097E1
1.039883883E1,-1.166958298E1,1.388961639E0,-2.251318359E-1,1.175410846E1
1.040884183E1,-9.121431885E0,1.901795197E0,-1.100212097E0,9.382313748E0
1.041884483E1,-6.330785065E0,1.975442047E0,-1.873653717E0,6.891428667E0
1.042884683E1,-3.343147888E0,1.821412354E0,-2.367177429E0,4.483046926E0
1.043884983E1,-4.468208313E-1,1.358874207E0,-2.584226074E0,2.953711626E0
1.044885183E1,2.155218201E0,8.771759033E-1,-2.513722687E0,3.425376593E0
1.045885483E1,4.383933563E0,3.135978699E-1,-2.505938873E0,5.059342521E0
1.046885783E1,6.119574280E0,-1.016536102E0,-2.561473389E0,6.711458927E0
1.047886083E1,7.376660156E0,-2.779869232E0,-2.804867249E0,8.367201939E0
1.048886283E1,8.843609619E0,-3.968397675E0,-3.773502960E0,1.040177561E1
1.049886583E1,1.042776535E1,-4.730313263E0,-5.419779510E0,1.266839231E1
1.050886783E1,1.139146133E1,-5.057832184E0,-7.085066528E0,1.433684852E1
1.051887083E1,1.193707672E1,-4.721781006E0,-8.282875671E0,1.527727220E1
1.052887383E1,1.155222702E1,-4.085154877E0,-8.734486542E0,1.504771393E1
1.053887583E1,9.902807007E0,-3.228336639E0,-8.099207611E0,1.319412400E1
1.054887883E1,7.354955292E0,-2.356100464E0,-6.182293854E0,9.892792024E0
1.055888183E1,4.652175751E0,-1.604513397E0,-3.884871368E0,6.269723120E0
1.056888383E1,1.960323486E0,-9.858499146E-1,-1.729353790E0,2.793820459E0
1.057888683E1,-6.779402161E-1,-4.802014160E-1,2.386038208E-1,8.643657327E-1
1.058888983E1,-2.401905212E0,1.466949463E-1,1.807940369E0,3.009869837E0
1.059889183E1,-3.148702240E0,6.680607605E-1,2.730172577E0,4.220719521E0
1.060889483E1,-3.927682343E0,8.842112732E-1,3.283721466E0,5.195319511E0
1.061889783E1,-4.011807404E0,1.087488556E0,3.384012909E0,5.359922888E0
1.062889983E1,-3.483705597E0,1.104702759E0,2.877765656E0,4.651677981E0
1.063890283E1,-2.883154449E0,8.719367981E-1,1.962419128E0,3.594988483E0
1.064890583E1,-2.232906647E0,4.305047607E-1,9.490264893E-1,2.464113983E0
1.065890783E1,-1.701661377E0,1.252894592E-1,1.429527283E-1,1.712245418E0
1.066891083E1,-1.045426025E0,-9.879455566E-3,-2.414479065E-1,1.072991272E0
1.067891383E1,-6.288423157E-1,-1.896556091E-1,-2.462379456E-1,7.014592176E-1
1.068891583E1,-4.099974060E-1,-3.089575195E-1,-2.487826538E-1,5.704782473E-1
1.069891883E1,-2.924917603E-1,-2.909948730E-1,-4.324507141E-1,5.976981396E-1
1.070892179E1,-5.911207581E-1,-2.953358459E-1,-5.122348022E-1,8.360810398E-1
1.071892379E1,-8.424481201E-1,-2.038760376E-1,-4.912783813E-1,9.963125623E-1
1.072892679E1,-1.056802368E0,-1.740879822E-1,-4.456233215E-1,1.160050868E0
1.073892979E1,-1.400936737E0,-2.544708252E-1,-3.879931641E-1,1.475777028E0
1.074893179E1,-1.738035736E0,-3.739224243E-1,-4.447251892E-1,1.832584703E0
1.075893479E1,-2.084265747E0,-4.879852295E-1,-5.598358154E-1,2.212625009E0
1.076893779E1,-2.309247894E0,-4.002676392E-1,-6.262976074E-1,2.425920179E0
1.077893979E1,-1.919458466E0,2.769241333E-2,-7.008425903E-1,2.043591938E0
1.078894279E1,-1.371298370E0,1.044827271E-1,-8.822653198E-1,1.633942458E0
1.079894579E1,-9.595046997E-1,-2.330653381E-1,-8.943901062E-1,1.332254624E0
1.080894779E1,-7.764353943E-1,-6.146218872E-1,-3.122506714E-1,1.038321948E0
1.081895079E1,-1.095122681E0,-9.728269958E-1,6.248007202E-1,1.592501802E0
1.082895379E1,-1.877545624E0,-1.305135956E0,1.391656036E0,2.676801068E0
1.083895579E1,-4.067940674E0,-2.357747040E0,1.936522980E0,5.085000854E0
1.084895879E1,-7.715705109E0,-4.089645538E0,2.403402100E0,9.057242826E0
1.085896179E1,-1.246233444E1,-6.133944397E0,2.587369537E0,1.412903163E1
1.086896379E1,-1.864612518E1,-8.712033234E0,2.284698944E0,2.070742274E1
1.087896679E1,-2.510309784E1,-1.171508835E1,1.264570312E0,2.773099267E1
1.088896979E1,-3.036824890E1,-1.433883224E1,-1.826202393E-1,3.358371632E1
1.089897179E1,-3.568519226E1,-1.722842331E1,-2.959346008E-1,3.962750426E1
1.090897479E1,-3.830145172E1,-1.610411133E1,1.699266357E0,4.158402472E1
1.091897779E1,-3.637001816E1,-1.129206802E1,5.808221741E0,3.852303805E1
1.092897979E1,-3.420671677E1,-9.028175812E0,1.035636383E1,3.686274138E1
1.093898279E1,-3.328942429E1,-9.137598267E0,1.507769577E1,3.766986038E1
1.094898579E1,-3.459411118E1,-1.135703293E1,1.990440857E1,4.149602638E1
1.095898779E1,-3.744493286E1,-1.442116104E1,2.353705444E1,4.651973575E1
1.096899079E1,-3.936364288E1,-1.591490479E1,2.499636978E1,4.927067158E1
1.097899279E1,-3.904809906E1,-1.571881256E1,2.401935150E1,4.846405219E1
1.098899579E1,-3.567561218E1,-1.412268173E1,1.990575577E1,4.322543877E1
1.099899879E1,-3.066583008E1,-1.249017654E1,1.359802277E1,3.579530511E1
1.100900179E1,-2.653876236E1,-1.134850067E1,7.785310364E0,2.989490646E1
1.101900379E1,-2.354034760E1,-9.946516113E0,3.800746307E0,2.583654041E1
1.102900679E1,-2.154843979E1,-8.079299011E0,1.799258423E0,2.308349325E1
1.103900879E1,-2.010858398E1,-6.027216339E0,1.449884949E0,2.104244884E1
1.104901179E1,-1.839883942E1,-3.787424011E0,1.864971771E0,1.887696989E1
1.105901479E1,-1.607282639E1,-1.516047363E0,2.201022949E0,1.629351557E1
1.106901679E1,-1.354772736E1,5.749543762E-1,2.388582916E0,1.376868975E1
1.107901979E1,-1.109642487E1,2.266436920E0,2.819237366E0,1.167113878E1
1.108902279E1,-8.918304291E0,3.345393219E0,3.203338623E0,1.004933757E1
1.109902479E1,-7.028933258E0,3.808081055E0,3.160677338E0,8.596351860E0
1.110902779E1,-5.050796814E0,4.228856049E0,2.978955231E0,7.229657406E0
1.111903079E1,-2.862796783E0,4.670288086E0,2.493664398E0,6.018767179E0
1.112903279E1,-7.714956665E-1,4.631069641E0,1.554517365E0,4.945557180E0
1.113903579E1,1.212927704E0,4.051474915E0,2.508782959E-1,4.236576745E0
1.114903879E1,2.986739044E0,3.356470184E0,-1.196911011E0,4.649634199E0
1.115904079E1,4.431235199E0,2.719095612E0,-2.548450470E0,5.789984985E0
1.116904379E1,5.603447571E0,2.050735474E0,-3.686384125E0,7.013812699E0
1.117904679E1,6.553072815E0,1.336271210E0,-4.733157349E0,8.193360882E0
1.118904879E1,7.113507385E0,7.475454712E-1,-5.742358704E0,9.172540272E0
1.119905179E1,6.948700104E0,1.046324158E-1,-6.530918884E0,9.536680898E0
1.120905479E1,6.365512848E0,-4.890330505E-1,-6.937922516E0,9.428344286E0
1.121905679E1,5.760920105E0,-6.677613831E-1,-6.991511078E0,9.083795070E0
1.122905979E1,4.758754120E0,-6.601272583E-1,-6.743177490E0,8.279610585E0
1.123906279E1,3.341950378E0,-5.698649597E-1,-6.108497314E0,6.986209118E0
1.124906479E1,1.885628815E0,-3.043171692E-1,-5.204377441E0,5.543802803E0
1.125906779E1,3.170407104E-1,-3.293151855E-3,-4.251009979E0,4.262817320E0
1.126907079E1,-1.209933929E0,3.336561584E-1,-3.237617340E0,3.472381400E0
1.127907279E1,-2.482288055E0,7.315287781E-1,-2.118993530E0,3.344700573E0
1.128907579E1,-3.331921234E0,1.118025055E0,-1.078806610E0,3.676343678E0
1.129907879E1,-3.839216309E0,1.328936462E0,-2.275268555E-1,4.069081279E0
1.130908079E1,-4.206402740E0,1.357976074E0,6.415658569E-1,4.466489649E0
1.131908379E1,-4.030219116E0,1.270258484E0,1.443448334E0,4.465396492E0
1.132908679E1,-3.288212128E0,1.118474121E0,1.953737183E0,3.985023505E0
1.133908879E1,-2.055974579E0,7.629634094E-1,2.107018433E0,3.041162822E0
1.134909179E1,-6.724017334E-1,2.484832764E-1,1.995200958E0,2.120069549E0
1.135909479E1,6.236032104E-1,-1.755848694E-1,1.703158264E0,1.822212689E0
1.136909679E1,1.959575043E0,-5.135820007E-1,1.318607941E0,2.417111442E0
1.137909979E1,2.996768188E0,-6.926097107E-1,8.705895996E-1,3.196600388E0
1.138910179E1,3.513793030E0,-8.689430237E-1,4.382885742E-1,3.646080129E0
1.139910479E1,3.757635956E0,-9.342073059E-1,7.334747314E-2,3.872718828E0
1.140910779E1,3.652853851E0,-8.758287048E-1,-2.972817993E-1,3.768128667E0
1.141910979E1,3.234174500E0,-7.762857056E-1,-6.718029785E-1,3.393202533E0
1.142911279E1,2.538720703E0,-6.050418091E-1,-9.928852844E-1,2.792310797E0
1.143911579E1,1.760489044E0,-4.263134766E-1,-1.268013153E0,2.211090729E0
1.144911779E1,1.352287903E0,-1.859133911E-1,-1.603914642E0,2.106131178E0
1.145912079E1,9.771679688E-1,-3.817062378E-2,-2.077679443E0,2.296315768E0
1.146912379E1,2.974314880E-1,-1.594184875E-1,-2.410736847E0,2.434241543E0
1.147912579E1,-7.200027466E-1,-6.721023560E-1,-2.337239685E0,2.536299446E0
1.148912879E1,-1.771715698E0,-9.725276184E-1,-2.308050385E0,3.067879245E0
1.149913179E1,-2.928510132E0,-9.940827942E-1,-2.428100739E0,3.931926422E0
1.150913379E1,-4.062701569E0,-1.073567505E0,-2.244282990E0,4.763916179E0
1.151913679E1,-5.132826233E0,-1.252894592E0,-1.942959595E0,5.629453080E0
1.152913979E1,-7.115603027E0,-2.300715637E0,-1.363514557E0,7.601596598E0
1.153914179E1,-1.033600616E1,-4.556225281E0,-1.104702759E-1,1.129621246E1
1.154914479E1,-1.497306335E1,-7.110513611E0,1.679507446E0,1.666051546E1
1.155914779E1,-2.074790451E1,-9.366622009E0,3.149450684E0,2.298103977E1
1.156914979E1,-2.754946060E1,-1.161509628E1,3.909120941E0,3.015235426E1
1.157915279E1,-3.449007751E1,-1.348126556E1,4.186793518E0,3.726713308E1
1.158915579E1,-4.079781052E1,-1.436263275E1,4.048930206E0,4.344122924E1
1.159915779E1,-4.535119171E1,-1.446352295E1,4.678371277E0,4.783106986E1
1.160916079E1,-4.620651306E1,-1.396431107E1,6.008056183E0,4.864299098E1
1.161916379E1,-4.404366074E1,-1.349593506E1,7.639962616E0,4.669425385E1
1.162916579E1,-4.081173157E1,-1.411864014E1,1.044991928E1,4.443123052E1
1.163916879E1,-3.803560455E1,-1.570653809E1,1.428015427E1,4.355829839E1
1.164917179E1,-3.548580688E1,-1.677217209E1,1.804946594E1,4.320105864E1
1.165917379E1,-3.285622513E1,-1.636022873E1,2.074640762E1,4.216161813E1
1.166917679E1,-3.074127319E1,-1.553304886E1,2.196607132E1,4.085106821E1
1.167917979E1,-2.881388123E1,-1.452429657E1,2.169812851E1,3.888449206E1
1.168918179E1,-2.672332855E1,-1.291050247E1,2.025902115E1,3.593390183E1
1.169918479E1,-2.428504898E1,-1.052162018E1,1.814032700E1,3.208643886E1
1.170918808E1,-2.216455856E1,-7.780969391E0,1.585922058E1,2.834300652E1
1.171919008E1,-2.075972992E1,-5.344486084E0,1.340118210E1,2.528085441E1
1.172919308E1,-1.921613983E1,-3.155587921E0,1.066412384E1,2.220228147E1
1.173919608E1,-1.740834915E1,-9.647438049E-1,7.861801300E0,1.912561817E1
1.174919808E1,-1.528067368E1,1.059047699E0,5.127138062E0,1.615265039E1
1.175920108E1,-1.282607803E1,2.696342926E0,2.532284088E0,1.334882038E1
1.176920308E1,-1.039408539E1,3.685186615E0,3.457809448E-1,1.103345711E1
1.177920608E1,-7.897726593E0,4.008963318E0,-1.295406189E0,8.951198211E0
1.178920908E1,-4.897814941E0,4.283791809E0,-2.401755524E0,6.935985370E0
1.179921108E1,-1.948198700E0,4.512516174E0,-3.487747192E0,6.026828426E0
1.180921408E1,5.343887329E-1,4.072730713E0,-4.514462128E0,6.103529723E0
1.181921708E1,2.667153625E0,3.489244080E0,-5.291496277E0,6.876660931E0
1.182921908E1,4.436474304E0,2.973117371E0,-5.779032440E0,7.868859326E0
1.183922208E1,5.616620178E0,2.619253235E0,-5.768105164E0,8.466282945E0
1.184922508E1,6.137087860E0,2.282154236E0,-5.316793671E0,8.434475105E0
1.185922708E1,6.011798401E0,1.745220795E0,-4.692142639E0,7.823280526E0
1.186923008E1,5.701343994E0,1.362017670E0,-4.221371613E0,7.223599779E0
1.187923308E1,5.134173431E0,9.882449341E-1,-3.976331177E0,6.568681337E0
1.188923508E1,4.633165283E0,3.731739807E-1,-3.781586151E0,5.992150964E0
1.189923808E1,4.348906403E0,2.275268555E-2,-3.720213776E0,5.723066933E0
1.190924108E1,4.127067719E0,-1.910028076E-1,-3.891757050E0,5.675820906E0
1.191924308E1,4.048780518E0,-4.171824646E-1,-4.336931305E0,5.947742263E0
1.192924608E1,3.869603119E0,-5.471122742E-1,-4.833299103E0,6.215620673E0
1.193924908E1,3.459755402E0,-4.769082642E-1,-4.880001984E0,6.000980611E0
1.194925108E1,2.892884216E0,-2.368075562E-1,-4.289929047E0,5.179608878E0
1.195925408E1,2.110610962E0,1.496887207E-3,-3.307671661E0,3.923693756E0
1.196925708E1,1.267264709E0,2.272274780E-1,-2.130968628E0,2.489702686E0
1.197925908E1,3.845503235E-1,4.727169800E-1,-8.388555908E-1,1.036831229E0
1.198926208E1,-5.352868652E-1,8.193960571E-1,5.887257385E-1,1.142164577E0
1.199926508E1,-1.469344482E0,1.212927704E0,1.980381775E0,2.748104583E0
1.200926708E1,-2.159259796E0,1.568139038E0,2.985092468E0,4.004027966E0
1.201927008E1,-2.204166412E0,1.735940094E0,3.439996490E0,4.439077994E0
1.202927308E1,-1.568588104E0,1.594184875E0,3.190615082E0,3.896398165E0
1.203927508E1,-4.640350342E-1,1.250349884E0,2.330204315E0,2.684875322E0
1.204927808E1,5.872288513E-1,9.439370728E-1,1.326840820E0,1.731000140E0
1.205928008E1,1.424138489E0,8.159532166E-1,5.923182678E-1,1.744932955E0
1.206928308E1,1.983076172E0,8.408015442E-1,3.637435913E-2,2.154265869E0
1.207928608E1,2.220632172E0,8.111631775E-1,-3.782633972E-1,2.394217229E0
1.208928808E1,2.314936066E0,7.985893250E-1,-6.466552734E-1,2.532752838E0
1.209929108E1,2.331551514E0,8.593629456E-1,-9.369017029E-1,2.655639647E0
1.210929408E1,2.180515594E0,8.050259399E-1,-1.332528992E0,2.679244023E0
1.211929608E1,1.945803680E0,8.011340332E-1,-1.875000916E0,2.818438599E0
1.212929908E1,1.629661102E0,8.165519714E-1,-2.531385956E0,3.119369694E0
1.213930208E1,1.042282562E0,6.343807983E-1,-3.015778656E0,3.253261877E0
1.214930408E1,1.381626892E-1,2.962339783E-1,-3.144960022E0,3.161900858E0
1.215930708E1,-9.672885132E-1,1.330732727E-1,-3.196902008E0,3.342684253E0
1.216931008E1,-2.690505066E0,-2.799179077E-2,-3.113675079E0,4.115163855E0
1.217931208E1,-4.425846405E0,2.433938599E-1,-2.880909119E0,5.286491684E0
1.218931508E1,-6.886130219E0,9.355545044E-2,-2.846031647E0,7.451673513E0
1.219931808E1,-1.060888870E1,-1.537452850E0,-2.337688751E0,1.097164844E1
1.220932008E1,-1.470736588E1,-3.591930542E0,-1.437161407E0,1.520769571E1
1.221932308E1,-2.017923706E1,-5.951024780E0,2.032772827E-1,2.103943027E1
1.222932608E1,-2.633309006E1,-8.597970428E0,3.453318787E0,2.791562534E1
1.223932808E1,-3.314347778E1,-1.003034180E1,7.479496307E0,3.542655418E1
1.224933108E1,-4.071233826E1,-9.765692139E0,1.177825699E1,4.349241965E1
1.225933408E1,-4.774187027E1,-9.176068268E0,1.599858078E1,5.118047472E1
1.226933608E1,-5.237743057E1,-9.124425659E0,1.842488525E1,5.626834611E1
1.227933908E1,-5.209197418E1,-9.605674896E0,1.753693176E1,5.579773060E1
1.228934208E1,-4.710584290E1,-1.019829254E1,1.530522263E1,5.056891778E1
1.229934408E1,-4.143398758E1,-1.116049164E1,1.526809982E1,4.554609503E1
1.230934708E1,-3.687087662E1,-1.202464462E1,1.753124359E1,4.256052305E1
1.231935008E1,-3.317865463E1,-1.169263504E1,2.027488815E1,4.060310243E1
1.232935208E1,-3.022858932E1,-1.056323364E1,2.190050766E1,3.879409431E1
1.233935508E1,-2.757400955E1,-9.245673523E0,2.194870743E1,3.643561773E1
1.234935708E1,-2.505265274E1,-7.755971375E0,2.040481796E1,3.322870893E1
1.235936008E1,-2.258488449E1,-5.950875092E0,1.765114426E1,2.927546439E1
1.236936308E1,-2.028491730E1,-3.923640747E0,1.432431244E1,2.514077869E1
1.237936508E1,-1.824915070E1,-2.040856018E0,1.081126785E1,2.130915547E1
1.238936808E1,-1.616398682E1,-3.826043701E-1,7.596552887E0,1.786416725E1
1.239937108E1,-1.381192795E1,1.291364594E0,4.765639801E0,1.466793438E1
1.240937308E1,-1.147753235E1,2.423011322E0,2.555635529E0,1.200566556E1
1.241937608E1,-9.021140442E0,2.732717285E0,7.978408813E-1,9.459665359E0
1.242937908E1,-6.162834320E0,2.486179962E0,-8.830137634E-1,6.703829575E0
1.243938108E1,-2.754122772E0,2.054627380E0,-2.528841248E0,4.266347849E0
1.244938408E1,5.947132874E-1,2.001338196E0,-4.099674683E0,4.600692445E0
1.245938708E1,3.059038696E0,1.500629425E0,-5.406906281E0,6.390950003E0
1.246938908E1,4.872367859E0,9.234297180E-1,-6.132148132E0,7.886439736E0
1.247939208E1,5.942342834E0,7.268884277E-1,-6.352040863E0,8.728586843E0
1.248939508E1,6.263425140E0,5.004093933E-1,-6.056106262E0,8.726816551E0
1.249939708E1,5.928870850E0,3.230282593E-1,-5.555397491E0,8.131315890E0
1.250940008E1,5.058730316E0,9.041198730E-2,-5.024750977E0,7.130711684E0
1.251940308E1,4.226610718E0,-7.379653931E-2,-4.553830261E0,6.213457503E0
1.252940508E1,3.392096100E0,-3.499722290E-1,-4.224964142E0,5.429467608E0
1.253940808E1,2.786904602E0,-6.083349609E-1,-4.020788727E0,4.929873292E0
1.254941108E1,2.338586884E0,-7.439529419E-1,-4.095932465E0,4.774842128E0
1.255941308E1,2.355801086E0,-7.403604126E-1,-4.378844147E0,5.027147139E0
1.256941608E1,2.609972534E0,-7.665559387E-1,-4.653822327E0,5.390512674E0
1.257941908E1,2.599194946E0,-1.017284546E0,-4.538112946E0,5.327771703E0
1.258942108E1,2.767295380E0,-9.601034546E-1,-3.914360046E0,4.888960721E0
1.259942408E1,2.911595306E0,-7.467970276E-1,-2.960693207E0,4.219099109E0
1.260942608E1,2.611020355E0,-7.488926697E-1,-1.753902740E0,3.233333009E0
1.261942908E1,2.104174347E0,-7.894583130E-1,-3.161425781E-1,2.269524232E0
1.262943208E1,1.675615540E0,-7.069798279E-1,1.139430542E0,2.146115065E0
1.263943408E1,1.379082184E0,-5.487588501E-1,2.337688751E0,2.769077941E0
1.264943708E1,1.030157776E0,-4.147874451E-1,3.141966248E0,3.332450385E0
1.265944008E1,8.020321655E-1,-2.703378296E-1,3.532354431E0,3.632336158E0
1.266944208E1,6.707551575E-1,-2.034269714E-1,3.450923767E0,3.521387491E0
1.267944508E1,6.330335999E-1,-1.917512512E-1,2.914888458E0,2.988992272E0
1.268944808E1,6.141728210E-1,-1.335223389E-1,1.924847260E0,2.024863808E0
1.269945008E1,9.291178894E-1,-7.185058594E-3,6.776408386E-1,1.150003819E0
1.270945229E1,1.452878723E0,-4.400848389E-2,-4.986131287E-1,1.536687471E0
1.271945529E1,2.023492126E0,-4.490661621E-3,-1.689985657E0,2.636397556E0
1.272945729E1,2.319277039E0,7.529342651E-2,-2.918630676E0,3.728688792E0
1.273946029E1,2.345173187E0,1.776805115E-1,-3.774850159E0,4.447572525E0
1.274946329E1,2.358794861E0,3.656895447E-1,-4.115242310E0,4.757400688E0
1.275946529E1,2.236798553E0,5.697152710E-1,-3.971690826E0,4.593709969E0
1.276946829E1,1.599423981E0,8.428971863E-1,-3.472778320E0,3.915203954E0
1.277947129E1,5.517526245E-1,9.496252441E-1,-2.927612000E0,3.126840431E0
1.278947329E1,-8.060737610E-1,1.003513184E0,-2.251168671E0,2.593174503E0
1.279947629E1,-2.411185913E0,1.403631134E0,-1.415157166E0,3.128365016E0
1.280947929E1,-3.783831482E0,2.126178589E0,-8.096662903E-1,4.415152951E0
1.281948129E1,-5.024301910E0,2.609224091E0,-5.462141418E-1,5.687706913E0
1.282948429E1,-6.137836304E0,2.738255768E0,-8.384065247E-1,6.773035113E0
1.283948729E1,-8.114625549E0,1.897903290E0,-2.052980804E0,8.582768486E0
1.284948929E1,-1.097652420E1,2.627037048E-1,-3.282374268E0,1.145980269E1
1.285949229E1,-1.442161011E1,-1.080902252E0,-3.988306274E0,1.500192570E1
1.286949529E1,-1.979393829E1,-3.159330139E0,-4.324357452E0,2.050564380E1
1.287949729E1,-2.642050827E1,-5.766907654E0,-4.194577332E0,2.736594526E1
1.288950029E1,-3.321757370E1,-7.467221832E0,-3.836372223E0,3.426199580E1
1.289950229E1,-3.855667099E1,-7.559579773E0,-3.015628967E0,3.940632110E1
1.290950529E1,-4.218886780E1,-6.228847046E0,-6.200106812E-1,4.265071529E1
1.291950829E1,-4.515360260E1,-6.417454834E0,4.267026672E0,4.580653961E1
1.292951029E1,-4.681380020E1,-8.514893188E0,9.282946014E0,4.847894782E1
1.293951329E1,-4.567496841E1,-1.108834167E1,1.351314926E1,4.890561587E1
1.294951629E1,-4.205474670E1,-1.339699081E1,1.768527328E1,4.754839613E1
1.295951829E1,-3.752756104E1,-1.478789841E1,2.142719193E1,4.567411007E1
1.296952129E1,-3.435326202E1,-1.470841370E1,2.410108154E1,4.446736080E1
1.297952429E1,-3.403098221E1,-1.409828247E1,2.530368073E1,4.468943473E1
1.298952629E1,-3.447825211E1,-1.348725311E1,2.473665985E1,4.452592734E1
1.299952929E1,-3.308045883E1,-1.259570709E1,2.230960693E1,4.184121360E1
1.300953229E1,-3.008354095E1,-1.119102814E1,1.850841156E1,3.705158358E1
1.301953429E1,-2.657543610E1,-9.562863922E0,1.435200485E1,3.168094401E1
1.302953729E1,-2.334829697E1,-7.986641693E0,1.077339661E1,2.692574031E1
1.303954029E1,-2.000709503E1,-6.389912109E0,7.839048615E0,2.241797296E1
1.304954229E1,-1.651904846E1,-4.849315796E0,5.372477875E0,1.803492014E1
1.305954529E1,-1.318158875E1,-3.371588745E0,3.043171692E0,1.394212274E1
1.306954829E1,-1.017149826E1,-1.917811890E0,1.086141357E0,1.040754930E1
1.307955029E1,-7.516918488E0,-3.532653809E-1,-3.387455750E-1,7.532835359E0
1.308955329E1,-5.302722931E0,1.001716919E0,-1.393003235E0,5.573398001E0
1.309955629E1,-3.294049988E0,1.945803680E0,-2.138003998E0,4.382690769E0
1.310955829E1,-1.418600006E0,2.572400665E0,-2.852767639E0,4.094869273E0
1.311956129E1,6.062393188E-2,2.552941132E0,-3.415896606E0,4.264918910E0
1.312956329E1,1.270707550E0,2.299368439E0,-3.789519653E0,4.611100964E0
1.313956629E1,2.115850067E0,2.165546722E0,-4.034709778E0,5.044333168E0
1.314956929E1,2.364033966E0,2.018851776E0,-3.950584717E0,5.027080534E0
1.315957129E1,2.248773651E0,1.914518738E0,-3.448828125E0,4.540570489E0
1.316957429E1,1.785337372E0,1.785337372E0,-2.699636078E0,3.696335214E0
1.317957729E1,1.806443481E0,1.254690857E0,-2.486030273E0,3.319312236E0
1.318957929E1,2.586621094E0,7.271878052E-1,-3.430266724E0,4.357308869E0
1.319958229E1,3.615581360E0,3.308120728E-2,-4.910837860E0,6.098348254E0
1.320958529E1,4.863386536E0,-5.260061646E-1,-6.235283661E0,7.925148163E0
1.321958729E1,5.979765015E0,-9.849517822E-1,-7.091503143E0,9.328297619E0
1.322959029E1,6.565946045E0,-1.465901642E0,-7.254813538E0,9.894080784E0
1.323959329E1,6.515950012E0,-1.827100525E0,-6.444548492E0,9.344950838E0
1.324959529E1,5.878725128E0,-1.880988464E0,-4.821024628E0,7.831973263E0
1.325959829E1,4.912783813E0,-1.674567719E0,-3.018023987E0,6.004006215E0
1.326960129E1,3.762875061E0,-1.401984558E0,-1.360221405E0,4.239692406E0
1.327960329E1,2.497406616E0,-1.144070892E0,1.428030396E-1,2.750696407E0
1.328960629E1,1.125808868E0,-8.427474976E-1,1.542542267E0,2.087368103E0
1.329960929E1,-8.113128662E-2,-3.544628906E-1,2.745291138E0,2.769268795E0
1.330961129E1,-1.095721436E0,2.082170105E-1,3.486399994E0,3.660456898E0
1.331961429E1,-1.741029510E0,7.967930603E-1,3.775149536E0,4.232944242E0
1.332961729E1,-1.949545898E0,1.191971283E0,3.539090424E0,4.212681542E0
1.333961929E1,-1.821562042E0,1.344504089E0,2.905907135E0,3.683758379E0
1.334962229E1,-1.383722534E0,1.360670471E0,2.048639832E0,2.821885423E0
1.335962429E1,-6.707551575E-1,1.323847046E0,1.127904510E0,1.864041863E0
1.336962729E1,2.290237427E-2,1.209784241E0,3.263214111E-1,1.253231061E0
1.337963029E1,4.318519592E-1,1.167871399E0,-2.020797729E-1,1.261449941E0
1.338963229E1,7.095245361E-1,1.240769806E0,-4.540058899E-1,1.499685343E0
1.339963529E1,7.470964050E-1,1.289568329E0,-4.535568237E-1,1.557836097E0
1.340963829E1,8.916957092E-1,1.393452301E0,-4.248165894E-1,1.708010447E0
1.341964029E1,1.196611633E0,1.515149231E0,-5.225633240E-1,2.000157249E0
1.342964329E1,1.483415222E0,1.504072266E0,-7.343728638E-1,2.236528025E0
1.343964629E1,1.632804565E0,1.388362885E0,-9.467811584E-1,2.343074222E0
1.344964829E1,1.718576202E0,1.329684906E0,-1.087189178E0,2.429721470E0
1.345965129E1,1.691183167E0,1.218765564E0,-1.291514282E0,2.452243696E0
1.346965429E1,1.145268402E0,9.819580078E-1,-1.579665070E0,2.184312930E0
1.347965629E1,8.831634521E-3,8.294252014E-1,-2.030976563E0,2.193829975E0
1.348965929E1,-2.007176056E0,6.923103333E-1,-2.278112640E0,3.114136561E0
1.349966229E1,-4.327650604E0,1.116528168E0,-1.879790955E0,4.848588345E0
1.350966429E1,-6.392456818E0,1.820214844E0,-1.360969849E0,6.784462040E0
1.351966729E1,-9.299860840E0,1.797611847E0,-7.259902954E-1,9.499783256E0
1.352967029E1,-1.285975800E1,1.003812561E0,1.675016785E-1,1.289996404E1
1.353967229E1,-1.669927368E1,-1.372645569E-1,1.472338257E0,1.676461640E1
1.354967529E1,-2.095432526E1,-1.506018219E0,3.139271851E0,2.124163048E1
1.355967729E1,-2.523991333E1,-2.662064209E0,4.917723541E0,2.585195961E1
1.356968029E1,-2.971276199E1,-2.867736511E0,6.993906097E0,3.065920515E1
1.357968329E1,-3.413890778E1,-2.185006256E0,9.738748169E0,3.556799815E1
1.358968529E1,-3.798141724E1,-1.451980591E0,1.260783188E1,4.004564555E1
1.359968829E1,-4.063315292E1,-8.906478882E-1,1.484118759E1,4.326785434E1
1.360969129E1,-4.155718140E1,-4.626878357E-1,1.587448883E1,4.448834456E1
1.361969329E1,-4.152799210E1,-1.304088135E0,1.616847748E1,4.458356690E1
1.362969629E1,-4.142485657E1,-3.421584778E0,1.715537521E1,4.496701995E1
1.363969929E1,-4.113910080E1,-5.700445862E0,1.884760620E1,4.560869388E1
1.364970129E1,-4.057387619E1,-6.895560608E0,2.022938278E1,4.585865363E1
1.365970429E1,-3.936005035E1,-6.868167572E0,2.046768723E1,4.489222104E1
1.366970729E1,-3.685441086E1,-6.210135956E0,1.860481110E1,4.174868123E1
1.367970929E1,-3.316203918E1,-5.940097504E0,1.510568756E1,3.692136777E1
1.368971229E1,-2.879277512E1,-6.387816467E0,1.118114868E1,3.154118235E1
1.369971529E1,-2.395363815E1,-6.742129669E0,7.618257751E0,2.602442976E1
1.370971792E1,-1.935190750E1,-6.637796631E0,4.850812683E0,2.102586625E1
1.371972092E1,-1.540626251E1,-5.991291046E0,3.044069824E0,1.680817819E1
1.372972392E1,-1.205443268E1,-4.854854279E0,1.907932434E0,1.313465506E1
1.373972592E1,-9.680219879E0,-3.624263306E0,1.326840820E0,1.042124983E1
1.374972892E1,-8.225993958E0,-2.564317474E0,1.415007477E0,8.731835251E0
1.375973192E1,-6.907835083E0,-1.787133636E0,1.629511414E0,7.318971213E0
1.376973392E1,-5.174439697E0,-1.325792999E0,1.495540009E0,5.546998574E0
1.377973692E1,-2.925516357E0,-1.069376221E0,8.364605713E-1,3.225194218E0
1.378973892E1,-6.376739502E-1,-9.677375793E-1,-2.537223816E-1,1.186389117E0
1.379974192E1,1.124311981E0,-9.547146606E-1,-1.484163666E0,2.092438602E0
1.380974492E1,2.448458405E0,-1.313518524E0,-2.617007904E0,3.816937233E0
1.381974692E1,3.571722565E0,-1.803300018E0,-3.711980896E0,5.457828800E0
1.382974992E1,4.834496613E0,-2.116448822E0,-4.972359924E0,7.250936238E0
1.383975292E1,5.973478088E0,-2.470462646E0,-6.368656311E0,9.074437138E0
1.384975492E1,6.415209503E0,-2.782264252E0,-7.431595917E0,1.020414255E1
1.385975792E1,6.290967865E0,-2.787653046E0,-7.673343201E0,1.030667173E1
1.386976092E1,5.604345703E0,-2.604733429E0,-7.067702637E0,9.388596677E0
1.387976292E1,4.498146057E0,-2.384840698E0,-6.050567780E0,7.907600999E0
1.388976592E1,3.286565552E0,-2.172432404E0,-4.926255798E0,6.307850019E0
1.389976892E1,2.221679993E0,-1.857936401E0,-3.905378723E0,4.862074931E0
1.390977092E1,1.306932220E0,-1.439107361E0,-2.990181885E0,3.566551490E0
1.391977392E1,5.999523926E-1,-1.019080811E0,-2.022294617E0,2.342678827E0
1.392977692E1,-6.810836792E-2,-6.905140686E-1,-1.070573730E0,1.275765081E0
1.393977892E1,-5.421725464E-1,-2.486329651E-1,-9.475296021E-2,6.039433292E-1
1.394978192E1,-8.875044250E-1,2.065704346E-1,7.906558228E-1,1.206429475E0
1.395978392E1,-1.141975250E0,6.180647278E-1,1.492546234E0,1.978334082E0
1.396978692E1,-1.301244049E0,9.830058289E-1,2.065554657E0,2.631739458E0
1.397978992E1,-1.330583038E0,1.299597473E0,2.563569031E0,3.167221336E0
1.398979192E1,-1.187330933E0,1.663191376E0,2.900817719E0,3.548338165E0
1.399979492E1,-1.112785950E0,1.920655975E0,3.027005310E0,3.753661292E0
1.400979792E1,-9.542655945E-1,2.131417694E0,2.899171143E0,3.722735221E0
1.401979992E1,-6.322851562E-1,2.298021240E0,2.616858215E0,3.539580916E0
1.402980292E1,-9.849517822E-2,2.451901245E0,2.088606720E0,3.222390269E0
1.403980592E1,5.390290833E-1,2.492766266E0,1.300645294E0,2.862885640E0
1.404980792E1,8.966354370E-1,2.425406342E0,6.644682312E-1,2.669844389E0
1.405981092E1,1.247805176E0,2.440075836E0,1.707948303E-1,2.745934944E0
1.406981392E1,1.681752777E0,2.481240234E0,-3.332070923E-1,3.015936417E0
1.407981592E1,1.834135895E0,2.402953033E0,-7.565267944E-1,3.116178838E0
1.408981892E1,1.700613556E0,2.315085754E0,-9.930349731E-1,3.039379373E0
1.409982192E1,1.369951172E0,2.254162445E0,-1.021924896E0,2.828841642E0
1.410982392E1,8.375083923E-1,2.135608978E0,-8.934919739E-1,2.461823292E0
1.411982692E1,7.020401001E-2,2.041305084E0,-8.030799866E-1,2.194719234E0
1.412982992E1,-1.253493347E0,1.958078156E0,-7.352709961E-1,2.438429632E0
1.413983192E1,-2.989583130E0,1.933080139E0,-3.685336304E-1,3.579137208E0
1.414983492E1,-4.751269684E0,2.342329102E0,-8.876541138E-2,5.298013640E0
1.415983692E1,-6.848109283E0,2.709066467E0,-1.670526123E-1,7.366379603E0
1.416983992E1,-9.175020447E0,2.346969452E0,-3.550616455E-1,9.477095261E0
1.417984292E1,-1.206356369E1,1.454375610E0,-6.339317322E-1,1.216744208E1
1.418984492E1,-1.617521347E1,2.395019531E-1,-3.688330078E-1,1.618119062E1
1.419984792E1,-2.151266418E1,-1.425335999E0,4.397854614E-1,2.156431576E1
1.420985092E1,-2.669369019E1,-3.570075989E0,1.599573669E0,2.697882826E1
1.421985292E1,-3.123734161E1,-5.418282623E0,3.352129211E0,3.188049667E1
1.422985592E1,-3.507446228E1,-6.220314789E0,5.960754547E0,3.611704328E1
1.423985892E1,-3.885574905E1,-5.897885284E0,9.615404663E0,4.045998384E1
1.424986092E1,-4.290213455E1,-4.810546417E0,1.406999130E1,4.540593751E1
1.425986392E1,-4.687068192E1,-4.098477173E0,1.797821411E1,5.036739542E1
1.426986692E1,-4.886663132E1,-5.138813782E0,2.015199371E1,5.310798352E1
1.427986892E1,-4.691124756E1,-7.446564789E0,2.035646851E1,5.167690282E1
1.428987192E1,-4.181689133E1,-9.987381134E0,2.002655457E1,4.742850482E1
1.429987492E1,-3.615192169E1,-1.149190247E1,2.052202423E1,4.312978951E1
1.430987692E1,-3.098391861E1,-1.106064926E1,2.149634811E1,3.929928952E1
1.431987992E1,-2.652963135E1,-9.141041107E0,2.219045471E1,3.577424007E1
1.432988192E1,-2.248878433E1,-6.991511078E0,2.225856308E1,3.240478789E1
1.433988492E1,-1.884371429E1,-4.893324280E0,2.060989151E1,2.835132835E1
1.434988792E1,-1.507485168E1,-3.658991089E0,1.752899826E1,2.340737382E1
1.435988992E1,-1.140882523E1,-3.158581696E0,1.365819763E1,1.807440992E1
1.436989292E1,-8.237969055E0,-3.164868622E0,9.770332489E0,1.316586209E1
1.437989592E1,-5.538632355E0,-3.504512329E0,6.042185211E0,8.914373626E0
1.438989792E1,-2.984793091E0,-3.927981720E0,2.110012207E0,5.365648302E0
1.439990092E1,-5.993536377E-1,-4.230802002E0,-1.909279633E0,4.680198615E0
1.440990392E1,1.428928528E0,-4.164489899E0,-5.686524811E0,7.191757593E0
1.441990592E1,2.830913086E0,-3.818708954E0,-8.552764435E0,9.785008250E0
1.442990892E1,3.853586426E0,-3.276985474E0,-1.037552399E1,1.154297449E1
1.443991192E1,4.357887726E0,-2.767894135E0,-1.124371857E1,1.237229286E1
1.444991392E1,4.261039124E0,-2.522105255E0,-1.111124405E1,1.216458851E1
1.445991692E1,4.037254486E0,-2.253264313E0,-1.034932846E1,1.133513226E1
1.446991992E1,3.663781128E0,-2.169588318E0,-9.423503723E0,1.034083304E1
1.447992192E1,3.097359009E0,-2.247576141E0,-8.374784546E0,9.207727599E0
1.448992492E1,2.665357361E0,-2.232158203E0,-7.250173187E0,8.040626303E0
1.449992692E1,2.431094513E0,-2.053280182E0,-6.280489655E0,7.040648432E0
1.450992992E1,2.293979645E0,-1.747615814E0,-5.487139435E0,6.198806564E0
1.451993292E1,2.087409210E0,-1.381776581E0,-4.669689331E0,5.298356555E0
1.452993492E1,1.647923126E0,-1.060993652E0,-3.720812531E0,4.205449328E0
1.453993792E1,1.045126648E0,-7.920030212E-1,-2.740052032E0,3.037670758E0
1.454994092E1,6.629713440E-1,-4.511618042E-1,-1.909429321E0,2.070989693E0
1.455994292E1,4.147874451E-1,-1.761836243E-1,-1.119222565E0,1.206544008E0
1.456994592E1,1.492396545E-1,-1.122665405E-2,-2.552192688E-1,2.958637988E-1
1.457994892E1,-1.282832336E-1,1.318757629E-1,5.319937134E-1,5.629077331E-1
1.458995092E1,-3.318598938E-1,2.580633545E-1,1.226848755E0,1.296875303E0
1.459995392E1,-3.309617615E-1,4.213737488E-1,1.876946869E0,1.951927527E0
1.460995692E1,-1.122665405E-1,5.881269836E-1,2.367776184E0,2.442306529E0
1.461995892E1,1.175056458E-1,6.429130554E-1,2.645748138E0,2.725275763E0
1.462996192E1,4.583468628E-1,6.134243774E-1,2.660567322E0,2.768571796E0
1.463996492E1,8.147557068E-1,6.117778015E-1,2.379601593E0,2.588552237E0
1.464996692E1,1.008602600E0,6.872209167E-1,1.952988739E0,2.302979984E0
1.465996992E1,1.350341949E0,8.714877319E-1,1.457968140E0,2.169927497E0
1.466997192E1,1.685494995E0,1.095422058E0,8.798703003E-1,2.194314155E0
1.467997492E1,1.842518463E0,1.265917511E0,3.658392334E-1,2.265228416E0
1.468997792E1,2.001637573E0,1.391656036E0,-1.679507446E-1,2.443658518E0
1.469997992E1,2.257156219E0,1.515747986E0,-7.842192078E-1,2.829707745E0
1.470998292E1,2.352807312E0,1.550924835E0,-1.258283386E0,3.086154107E0
1.471998554E1,1.961221619E0,1.598076782E0,-1.391506348E0,2.887304895E0
1.472998754E1,1.247356110E0,1.690135345E0,-1.358125763E0,2.501391680E0
1.473999054E1,-1.981878662E-1,1.739832001E0,-1.236129456E0,2.143434126E0
1.474999354E1,-1.974843292E0,1.895508270E0,-9.107061768E-1,2.884847201E0
1.475999554E1,-3.986959076E0,2.332000580E0,-3.897894287E-1,4.635299901E0
1.476999854E1,-5.980812836E0,3.027454376E0,-6.825805664E-2,6.703749797E0
1.478000154E1,-7.773185577E0,3.476969604E0,-1.962419128E-1,8.517643016E0
1.479000354E1,-1.032672546E1,2.950364685E0,-1.565744019E-1,1.074106262E1
1.480000654E1,-1.397868118E1,2.049687653E0,4.959187317E-1,1.413685547E1
1.481000854E1,-1.773287430E1,1.200204163E0,1.752256165E0,1.785961149E1
1.482001154E1,-2.136791519E1,-1.061293030E-1,3.035088501E0,2.158265103E1
1.483001454E1,-2.507256134E1,-1.605261841E0,4.120331726E0,2.545952339E1
1.484001654E1,-2.894396072E1,-3.037633209E0,5.409750366E0,2.960144383E1
1.485001954E1,-3.259202454E1,-3.990701294E0,7.089257813E0,3.359201299E1
1.486002254E1,-3.545422256E1,-3.551364899E0,9.226812744E0,3.680690375E1
1.487002454E1,-3.752426788E1,-1.760489044E0,1.192869415E1,3.941400444E1
1.488002754E1,-3.852882889E1,-1.435514832E-1,1.425815002E1,4.108267402E1
1.489003054E1,-3.827899841E1,-3.941304016E-1,1.558978088E1,4.133374319E1
1.490003254E1,-3.704915588E1,-2.739153900E0,1.636891068E1,4.059660272E1
1.491003554E1,-3.498899002E1,-5.599705353E0,1.741852798E1,3.948406311E1
1.492003854E1,-3.212754044E1,-7.726782074E0,1.910956146E1,3.817142066E1
1.493004054E1,-2.936308914E1,-8.900641022E0,2.104892853E1,3.720846418E1
1.494004354E1,-2.733735168E1,-9.124874725E0,2.200424194E1,3.625990622E1
1.495004654E1,-2.582534592E1,-8.929530945E0,2.146656006E1,3.474907503E1
1.496004854E1,-2.409180084E1,-8.698411560E0,1.934891373E1,3.210074289E1
1.497005154E1,-2.160292648E1,-8.175249481E0,1.608809464E1,2.814867538E1
1.498005354E1,-1.904938660E1,-7.419620819E0,1.267818558E1,2.405548362E1
1.499005654E1,-1.702230194E1,-6.609355774E0,9.819580078E0,2.073322213E1
1.500005954E1,-1.544113998E1,-5.625451813E0,7.790998535E0,1.818719798E1
1.501006154E1,-1.392464355E1,-4.409081268E0,6.332731018E0,1.591977317E1
1.502006454E1,-1.232536926E1,-3.249293060E0,5.240602112E0,1.378174675E1
1.503006754E1,-1.057371185E1,-2.307751007E0,4.502487030E0,1.172183802E1
1.504006954E1,-8.660091248E0,-1.413061523E0,3.962559814E0,9.627865992E0
1.505007254E1,-6.729106750E0,-6.092330933E-1,3.464695129E0,7.593165016E0
1.506007554E1,-5.086123352E0,-8.352630615E-2,3.047362976E0,5.929759565E0
1.507007754E1,-3.780688019E0,1.914518738E-1,2.638413391E0,4.614269275E0
1.508008054E1,-2.554288330E0,3.402424622E-1,2.024989014E0,3.277305953E0
1.509008354E1,-1.332678680E0,3.059637451E-1,1.071172485E0,1.736967695E0
1.510008554E1,-1.314266968E-1,5.014572144E-2,-2.213896179E-1,2.622993193E-1
1.511008854E1,1.219663696E0,-2.254312134E-1,-1.793719940E0,2.180786553E0
1.512009054E1,2.418221283E0,-4.231700134E-1,-3.386856995E0,4.183021317E0
1.513009354E1,3.202290802E0,-6.650669861E-1,-4.711602173E0,5.735518766E0
1.514009654E1,3.536246338E0,-9.521699524E-1,-5.673501892E0,6.752798642E0
1.515009854E1,3.599115601E0,-1.098715210E0,-6.214027863E0,7.264636983E0
1.516010154E1,3.392994232E0,-1.172062683E0,-6.294859772E0,7.246475028E0
1.517010454E1,2.915337524E0,-1.249451752E0,-5.963748322E0,6.754747708E0
1.518010654E1,2.198029175E0,-1.129102020E0,-5.253924408E0,5.806024915E0
1.519010954E1,1.426234131E0,-8.930429077E-1,-4.294719086E0,4.612621972E0
1.520011254E1,8.505313110E-1,-6.631210327E-1,-3.489094391E0,3.651973807E0
1.521011454E1,2.233355713E-1,-4.809498596E-1,-2.786605225E0,2.836610693E0
1.522011754E1,-4.011657715E-1,-2.707868958E-1,-2.152074738E0,2.205829820E0
1.523012054E1,-1.050216064E0,3.023712158E-2,-1.486259308E0,1.820119445E0
1.524012254E1,-1.594035187E0,2.607577515E-1,-8.798703003E-1,1.839324476E0
1.525012554E1,-1.665436707E0,5.150788879E-1,-5.394781494E-1,1.824834885E0
1.526012854E1,-1.616787872E0,5.517526245E-1,-3.013233948E-1,1.734713167E0
1.527013054E1,-1.386117554E0,5.198689270E-1,-8.427474976E-2,1.482797291E0
1.528013354E1,-8.683442688E-1,6.023474121E-1,1.140628052E-1,1.062946140E0
1.529013654E1,-2.987786865E-1,6.161187744E-1,3.026705933E-1,7.486524799E-1
1.530013854E1,2.417472839E-1,6.012995911E-1,5.065466309E-1,8.225523915E-1
1.531014154E1,7.560777283E-1,6.173162842E-1,7.586224365E-1,1.236220420E0
1.532014354E1,1.249601440E0,6.656657410E-1,9.166937256E-1,1.686695594E0
1.533014654E1,1.684896240E0,7.077282715E-1,9.416917419E-1,2.055854563E0
1.534014954E1,1.927541656E0,6.813830566E-1,8.539741516E-1,2.215619904E0
1.535015154E1,1.994302826E0,5.939648438E-1,5.945635986E-1,2.164149688E0
1.536015454E1,1.943708038E0,5.496569824E-1,2.354603577E-1,2.033608939E0
1.537015754E1,1.910776520E0,5.656736755E-1,-2.197430420E-1,2.004829324E0
1.538015954E1,1.759441223E0,4.664300537E-1,-5.718109131E-1,1.907919844E0
1.539016254E1,1.398841095E0,3.360511780E-1,-7.072792053E-1,1.603100333E0
1.540016554E1,1.143023071E0,3.406915283E-1,-6.249504089E-1,1.346527190E0
1.541016754E1,8.725355530E-1,3.608995056E-1,-4.131408691E-1,1.030656161E0
1.542017054E1,2.685415649E-1,3.140469360E-1,-9.026229858E-2,4.229507450E-1
1.543017354E1,-4.818479919E-1,4.577481079E-1,2.279759216E-1,7.026263861E-1
1.544017554E1,-1.669777679E0,6.170169067E-1,4.483177185E-1,1.835716792E0
1.545017854E1,-2.806364136E0,6.607260132E-1,8.611592102E-1,3.008958908E0
1.546018054E1,-3.853885803E0,5.060975647E-1,1.124910736E0,4.046479296E0
1.547018354E1,-6.357729034E0,-7.388635254E-1,1.255439301E0,6.522481554E0
1.548018654E1,-9.810000000E0,-2.958447876E0,1.596729584E0,1.037005589E1
1.549018854E1,-1.383018997E1,-5.448220367E0,2.168241119E0,1.502193494E1
1.550019154E1,-1.925071793E1,-8.557105408E0,2.999312897E0,2.127933438E1
1.551019454E1,-2.607622421E1,-1.224199265E1,4.257745972E0,2.911982579E1
1.552019654E1,-3.286879898E1,-1.459030930E1,5.655389557E0,3.640355069E1
1.553019954E1,-4.043601288E1,-1.538994644E1,7.500303040E0,4.391100243E1
1.554020254E1,-4.755475937E1,-1.583107910E1,1.015308655E1,5.113866806E1
1.555020454E1,-5.116076065E1,-1.566372711E1,1.228210922E1,5.489650248E1
1.556020754E1,-4.872831894E1,-1.422716446E1,1.330732727E1,5.247805479E1
1.557021054E1,-4.301365265E1,-1.464943634E1,1.423240356E1,4.761661066E1
1.558021254E1,-3.723896118E1,-1.675944855E1,1.660392197E1,4.408298504E1
1.559021554E1,-3.190570175E1,-1.756761795E1,2.017744080E1,4.163801294E1
1.560021754E1,-2.788521240E1,-1.695209793E1,2.318408844E1,4.003074633E1
1.561022054E1,-2.537223816E1,-1.582838470E1,2.420855804E1,3.847521948E1
1.562022354E1,-2.380499725E1,-1.412717239E1,2.322570190E1,3.613430673E1
1.563022554E1,-2.225392273E1,-1.213376770E1,2.075284424E1,3.275890626E1
1.564022854E1,-1.998284546E1,-1.007000931E1,1.710777420E1,2.816727069E1
1.565023154E1,-1.743274841E1,-7.583080902E0,1.305839493E1,2.306351039E1
1.566023354E1,-1.537348068E1,-5.021308136E0,9.223818970E0,1.861817070E1
1.567023654E1,-1.372046814E1,-2.431992645E0,6.036197662E0,1.518556935E1
1.568023954E1,-1.260798157E1,6.361770630E-2,3.374133453E0,1.305182068E1
1.569024154E1,-1.184367096E1,1.723216553E0,1.205592957E0,1.202894307E1
1.570024454E1,-1.100062408E1,2.394121399E0,-2.031275940E-1,1.125996485E1
1.571024754E1,-9.832004242E0,2.515369263E0,-1.099912720E0,1.020809473E1
1.572024942E1,-8.253386993E0,2.563569031E0,-2.455344086E0,8.984375194E0
1.573025242E1,-6.001320190E0,2.873125305E0,-6.886728973E0,9.575893118E0
1.574025542E1,-4.330195312E0,2.605332184E0,-1.258717484E1,1.356375013E1
1.575025742E1,-6.022575989E0,1.424886932E0,-2.557880859E0,6.696602034E0
1.576026042E1,-3.199895782E0,8.951385498E-1,-5.697152710E-1,3.371228490E0
1.577026242E1,2.634521484E-2,1.655557251E-1,-4.099375305E0,4.102801562E0
1.578026542E1,2.382894745E0,-9.017248535E-1,-6.270759888E0,6.768583651E0
1.579026842E1,3.774999847E0,-1.598376160E0,-6.751260681E0,7.898414460E0
1.580027042E1,6.051765289E0,-2.004631348E0,-8.565338287E0,1.067742618E1
1.581027342E1,6.790928192E0,-1.942809906E0,-8.665480042E0,1.117952416E1
1.582027642E1,6.044430542E0,-9.539662170E-1,-9.166488190E0,1.102132922E1
1.583027842E1,8.151448975E0,-4.698728943E-1,-7.917934570E0,1.137367965E1
1.584028142E1,6.762637024E0,-2.323168945E-1,-6.264323273E0,9.221115807E0
1.585028442E1,5.223088531E0,-5.403762817E-2,-4.283941498E0,6.755422165E0
1.586028642E1,3.973786469E0,3.595523071E-1,-2.554737396E0,4.737820166E0
1.587028942E1,2.712808685E0,6.509962463E-1,-1.400487671E0,3.121617016E0
1.588029242E1,1.754052429E0,9.006770325E-1,-3.665876770E-1,2.005568639E0
1.589029442E1,8.635542297E-1,1.195264435E0,6.047424316E-1,1.593767984E0
1.590029742E1,2.844085693E-1,1.488953705E0,1.450932770E0,2.098351084E0
1.591029942E1,-8.532257080E-3,1.719474335E0,1.922901306E0,2.579576365E0
1.592030242E1,2.436932373E-1,1.836830292E0,1.813329163E0,2.592584534E0
1.593030542E1,8.978329468E-1,1.590742035E0,1.250649261E0,2.213749714E0
1.594030742E1,1.629511414E0,1.177301788E0,3.736230469E-1,2.044734978E0
1.595031042E1,2.354304199E0,9.638456726E-1,-3.960763550E-1,2.574611276E0
1.596031342E1,2.896327057E0,7.845185852E-1,-7.128176880E-1,3.084199878E0
1.597031542E1,3.152743835E0,6.463558960E-1,-6.313870239E-1,3.279667546E0
1.598031842E1,3.293151855E0,6.065386963E-1,-3.463796997E-1,3.366410140E0
1.599032142E1,3.238066406E0,6.448590088E-1,-1.661544800E-2,3.301695514E0
1.600032342E1,2.966531067E0,8.400531006E-1,2.290237427E-1,3.091673925E0
1.601032642E1,2.234702911E0,1.234333191E0,4.008663940E-1,2.584215431E0
1.602032942E1,1.358874207E0,1.187480621E0,4.363426208E-1,1.856621722E0
1.603033142E1,1.147064667E0,1.274749146E0,2.847079468E-1,1.738332922E0
1.604033442E1,1.303938446E0,1.957180023E0,1.730401611E-1,2.358124681E0
1.605033642E1,1.075064392E0,2.287842407E0,-2.752775574E-1,2.542786672E0
1.606033942E1,-2.888992310E-2,1.598675537E0,-8.912466431E-1,1.830551469E0
1.607034242E1,-8.384065247E-1,1.482517090E0,-1.319057007E0,2.154226963E0
1.608034442E1,-1.799408112E0,1.729353790E0,-1.456620941E0,2.889684870E0
1.609034742E1,-4.121229858E0,1.438508606E0,-1.168619843E0,4.518795735E0
1.610035042E1,-5.652096405E0,1.479972382E0,-5.180726624E-1,5.865569990E0
1.611035242E1,-6.284531250E0,2.499053192E0,-3.433859253E-1,6.771891448E0
1.612035542E1,-8.806486816E0,1.309327240E0,-4.721182251E-1,8.915797412E0
1.613035842E1,-1.198243240E1,-1.053359528E0,-1.541793823E-2,1.202865289E1
1.614036042E1,-1.559501999E1,-3.579805756E0,1.104104004E0,1.603866277E1
1.615036342E1,-2.124936172E1,-7.322772217E0,2.639161835E0,2.263014675E1
1.616036642E1,-2.797786972E1,-1.099179245E1,4.649780731E0,3.041711946E1
1.617036842E1,-3.552637253E1,-1.282038986E1,7.549101563E0,3.851589900E1
1.618037142E1,-4.379383026E1,-1.221115677E1,1.231414261E1,4.710254799E1
1.619037342E1,-5.092425247E1,-1.076905563E1,1.816667221E1,5.512966559E1
1.620037642E1,-5.455540146E1,-9.311985626E0,2.244073425E1,5.972094656E1
1.621037942E1,-5.375142334E1,-9.175170135E0,2.312062042E1,5.922805371E1
1.622038142E1,-4.916945160E1,-1.136346954E1,2.192760132E1,5.502347781E1
1.623038442E1,-4.214875122E1,-1.329250809E1,2.148257675E1,4.913968971E1
1.624038742E1,-3.485651550E1,-1.346225510E1,2.196083221E1,4.334151747E1
1.625038942E1,-2.905832291E1,-1.239901611E1,2.243025604E1,3.874581418E1
1.626039242E1,-2.538301575E1,-1.074690170E1,2.161624878E1,3.502935335E1
1.627039542E1,-2.310595093E1,-8.817414093E0,1.919293808E1,3.130496177E1
1.628039742E1,-2.100926102E1,-6.793622589E0,1.566971466E1,2.707549287E1
1.629040042E1,-1.861334335E1,-4.969216461E0,1.175340866E1,2.256750492E1
1.630040342E1,-1.598241440E1,-3.095562744E0,8.193960571E0,1.822528651E1
1.631040542E1,-1.321317307E1,-1.116827545E0,5.196893005E0,1.424229417E1
1.632040842E1,-1.092877350E1,4.429289246E-1,2.885100403E0,1.131185575E1
1.633041042E1,-9.274713135E0,1.253044281E0,1.117575989E0,9.425465495E0
1.634041342E1,-7.689359894E0,1.316512299E0,-6.743476868E-1,7.830338755E0
1.635041642E1,-5.499713287E0,1.063987427E0,-2.781216431E0,6.254125064E0
1.636041842E1,-3.117566986E0,5.138813782E-1,-4.934788055E0,5.859644284E0
1.637042142E1,-7.068301392E-1,-2.854563904E-1,-6.415508881E0,6.460638389E0
1.638042442E1,1.759141846E0,-1.096170502E0,-7.416327667E0,7.700525039E0
1.639042642E1,4.378694458E0,-1.901046753E0,-8.007149048E0,9.322090956E0
1.640042942E1,6.673272858E0,-2.528242493E0,-8.032446442E0,1.074452310E1
1.641043242E1,8.326135712E0,-2.928959198E0,-7.590415649E0,1.164120903E1
1.642043442E1,9.064999237E0,-3.155288544E0,-7.048243103E0,1.190830751E1
1.643043742E1,8.891659698E0,-3.364403687E0,-6.279591522E0,1.139359882E1
1.644044042E1,7.937394104E0,-3.420237579E0,-5.172942810E0,1.007271501E1
1.645044242E1,6.469995575E0,-3.151845703E0,-3.635939026E0,8.063189609E0
1.646044542E1,5.072651367E0,-2.573448486E0,-2.437531128E0,6.188375151E0
1.647044742E1,3.686683502E0,-2.150877228E0,-1.609303436E0,4.561552986E0
1.648045042E1,2.253414001E0,-1.682650909E0,-8.813671875E-1,2.947201531E0
1.649045342E1,1.008901978E0,-1.093027039E0,-3.794609070E-1,1.535116246E0
1.650045542E1,-3.921844482E-2,-6.090834045E-1,-7.125183105E-2,6.144896285E-1
1.651045842E1,-1.060245209E0,-1.960922241E-1,2.764750671E-1,1.113108497E0
1.652046142E1,-1.835632782E0,1.332229614E-1,7.887098694E-1,2.002338464E0
1.653046342E1,-2.327360229E0,3.909869385E-1,1.371448059E0,2.729532231E0
1.654046642E1,-2.411634979E0,6.047424316E-1,1.773811340E0,3.054194387E0
1.655046942E1,-2.187401276E0,7.740403748E-1,1.917662201E0,3.010197860E0
1.656047142E1,-2.021097107E0,8.360115051E-1,1.932930450E0,2.918898573E0
1.657047442E1,-1.878294067E0,8.244854736E-1,1.858086090E0,2.767715451E0
1.658047742E1,-1.592089233E0,9.144483948E-1,1.708097992E0,2.507700689E0
1.659047942E1,-1.317260742E0,1.133293304E0,1.491049347E0,2.289706910E0
1.660048242E1,-9.120533752E-1,1.327888641E0,9.238787842E-1,1.857062630E0
1.661048442E1,-4.421804810E-1,1.397793274E0,1.999841309E-1,1.479642953E0
1.662048742E1,4.640350342E-3,1.492097168E0,-4.284091187E-1,1.552388439E0
1.663049042E1,5.670208740E-1,1.614392853E0,-1.200353851E0,2.090125911E0
1.664049242E1,1.063987427E0,1.748963013E0,-2.035018158E0,2.886561929E0
1.665049542E1,1.504521332E0,1.903292084E0,-2.848726044E0,3.741837151E0
1.666049842E1,1.890119476E0,2.104623413E0,-3.436703339E0,4.451170765E0
1.667050042E1,1.970202942E0,2.330354004E0,-3.770658875E0,4.850785273E0
1.668050342E1,1.821412354E0,2.525847473E0,-3.962559814E0,5.039774668E0
1.669050642E1,1.525178375E0,2.692001953E0,-3.830833740E0,4.924259410E0
1.670050842E1,1.221909027E0,2.884950714E0,-3.423381042E0,4.640640048E0
1.671051142E1,6.682104492E-1,3.063229980E0,-3.074007568E0,4.390832000E0
1.672051429E1,-5.777984619E-1,3.250340881E0,-2.658172302E0,4.238448643E0
1.673051629E1,-2.337389374E0,3.548221436E0,-1.800605621E0,4.614698803E0
1.674051929E1,-4.159550171E0,4.063450012E0,-4.608915710E-1,5.833172779E0
1.675052129E1,-6.268364868E0,4.205953674E0,1.225800934E0,7.647550743E0
1.676052429E1,-9.233698425E0,3.812571716E0,3.073109436E0,1.045183674E1
1.677052729E1,-1.365475479E1,2.451152802E0,4.802912292E0,1.468088706E1
1.678052929E1,-2.039733353E1,-6.786886597E-1,6.859335938E0,2.153049750E1
1.679053229E1,-2.849324799E1,-4.508025513E0,8.599617004E0,3.010217413E1
1.680053529E1,-3.635519897E1,-7.483238525E0,9.693841553E0,3.836235023E1
1.681053729E1,-4.278672455E1,-8.029302979E0,1.121183487E1,4.495418496E1
1.682054029E1,-4.829706573E1,-5.857319641E0,1.435574707E1,5.072476935E1
1.683054329E1,-5.315401566E1,-3.927981720E0,1.722812393E1,5.601416495E1
1.684054529E1,-5.349231216E1,-4.244124298E0,1.776595551E1,5.652494340E1
1.685054829E1,-5.090988235E1,-7.143295441E0,1.780951492E1,5.440608066E1
1.686055029E1,-4.727469177E1,-1.199306030E1,1.920566162E1,5.241743427E1
1.687055329E1,-4.130839874E1,-1.582329529E1,2.187191711E1,4.934715026E1
1.688055629E1,-3.419878326E1,-1.679761917E1,2.415467010E1,4.511280167E1
1.689055829E1,-2.854504028E1,-1.612836090E1,2.434791824E1,4.083827216E1
1.690056129E1,-2.472184067E1,-1.445124847E1,2.234373596E1,3.632148848E1
1.691056429E1,-2.168345901E1,-1.221564743E1,1.850167557E1,3.101139203E1
1.692056629E1,-1.906989395E1,-9.869127045E0,1.339040451E1,2.530540371E1
1.693056929E1,-1.704670120E1,-7.332801361E0,8.487051086E0,2.040563731E1
1.694057229E1,-1.563813034E1,-4.863386536E0,4.377646637E0,1.695191550E1
1.695057429E1,-1.419677765E1,-2.610720978E0,7.737409973E-1,1.445555377E1
1.696057729E1,-1.219274506E1,-9.638456726E-1,-2.392025757E0,1.246249645E1
1.697057929E1,-9.600136414E0,-2.888992310E-2,-5.000202026E0,1.082430017E1
1.698058229E1,-6.609355774E0,3.474275208E-1,-6.878645782E0,9.545682659E0
1.699058529E1,-3.589984589E0,2.300715637E-1,-8.052055664E0,8.819099880E0
1.700058729E1,-7.917036438E-1,2.157014465E-1,-8.563991089E0,8.603212490E0
1.701059029E1,1.619781647E0,4.650828552E-1,-8.728948059E0,8.890136605E0
1.702059329E1,3.117716675E0,3.147953796E-1,-8.827592926E0,9.367264823E0
1.703059529E1,3.772006073E0,-7.851173401E-1,-8.715925140E0,9.529522029E0
1.704059829E1,4.423601074E0,-1.784738617E0,-9.238039398E0,1.039687022E1
1.705060129E1,4.576283569E0,-2.637664948E0,-9.189540253E0,1.059940082E1
1.706060329E1,5.177283783E0,-3.034789124E0,-9.514813843E0,1.124926197E1
1.707060629E1,5.947132874E0,-3.047512665E0,-1.031370255E1,1.228935243E1
1.708060929E1,6.512507172E0,-2.843037872E0,-1.084958817E1,1.296954808E1
1.709061129E1,6.553671570E0,-2.602787476E0,-1.069885162E1,1.281368564E1
1.710061429E1,6.082301788E0,-2.490970001E0,-9.752669220E0,1.176069231E1
1.711061629E1,4.904101868E0,-2.577190704E0,-8.029153290E0,9.754969483E0
1.712061929E1,3.888613586E0,-2.819536743E0,-6.397246857E0,7.999741897E0
1.713062229E1,3.335214386E0,-3.146606598E0,-4.929848328E0,6.732621526E0
1.714062429E1,3.035537567E0,-3.487896881E0,-3.304528198E0,5.683293023E0
1.715062729E1,2.689756622E0,-3.738326111E0,-1.396595764E0,4.812520392E0
1.716063029E1,2.576142883E0,-3.724105682E0,6.295907593E-1,4.571855183E0
1.717063229E1,2.588417358E0,-3.588936768E0,2.678080902E0,5.172280818E0
1.718063529E1,2.484683075E0,-3.308569794E0,4.460424500E0,6.084050524E0
1.719063829E1,2.153721313E0,-2.978506165E0,5.811514893E0,6.876315861E0
1.720064029E1,1.608405304E0,-2.471211090E0,6.661597137E0,7.284965909E0
1.721064329E1,1.060544586E0,-1.831591187E0,6.967261505E0,7.281635391E0
1.722064629E1,6.002517700E-1,-1.231638794E0,6.690337372E0,6.829191054E0
1.723064829E1,1.272354126E-2,-6.878196716E-1,5.791606293E0,5.832320399E0
1.724065129E1,-5.373825073E-1,-4.041595459E-3,4.712500305E0,4.743042844E0
1.725065329E1,-1.115480347E0,6.947053528E-1,3.804638214E0,4.025193644E0
1.726065629E1,-1.600771179E0,1.229243774E0,2.862647095E0,3.502607174E0
1.727065929E1,-1.644480286E0,1.652413788E0,1.704355774E0,2.887839216E0
1.728066129E1,-1.452429657E0,1.976340179E0,5.523513794E-1,2.514073280E0
1.729066429E1,-1.292412415E0,2.180365906E0,-2.703378296E-1,2.549001348E0
1.730066729E1,-1.099912720E0,2.317331085E0,-9.045689392E-1,2.719940498E0
1.731066929E1,-9.689350891E-1,2.297871552E0,-1.619781647E0,2.973674740E0
1.732067229E1,-1.015637970E0,2.051932983E0,-2.271226959E0,3.224968427E0
1.733067529E1,-1.537901917E0,1.638492737E0,-2.792293396E0,3.584229787E0
1.734067729E1,-1.964963837E0,1.340163116E0,-3.583697662E0,4.301163679E0
1.735068029E1,-2.382745056E0,9.948312378E-1,-4.471800842E0,5.163735660E0
1.736068229E1,-2.449206848E0,6.285429382E-1,-5.202730865E0,5.784642501E0
1.737068529E1,-2.667602692E0,7.759863281E-1,-5.543422394E0,6.200628253E0
1.738068829E1,-3.830534363E0,1.037642212E0,-4.961582336E0,6.353502510E0
1.739069029E1,-5.928122406E0,7.298822021E-1,-3.414699097E0,6.880082355E0
1.740069329E1,-9.016799469E0,-7.927514648E-1,-1.165326691E0,9.126286969E0
1.741069629E1,-1.354323669E1,-2.599494324E0,1.288670197E0,1.385053435E1
1.742069829E1,-2.041694275E1,-5.062921600E0,3.790118408E0,2.137404323E1
1.743070129E1,-2.887914551E1,-8.868607635E0,7.026238861E0,3.101653235E1
1.744070429E1,-3.689003677E1,-1.181118851E1,9.900411987E0,3.997995929E1
1.745070629E1,-4.296290817E1,-1.264480499E1,1.234138596E1,4.645441184E1
1.746070929E1,-4.587210846E1,-1.180579971E1,1.440978470E1,4.951029324E1
1.747071229E1,-4.477039948E1,-1.021041733E1,1.503862701E1,4.831978470E1
1.748071429E1,-4.076113678E1,-9.306447144E0,1.493504242E1,4.439747428E1
1.749071729E1,-3.654934525E1,-9.852661285E0,1.634900208E1,4.123371728E1
1.750071929E1,-3.417408463E1,-1.216580109E1,1.948318451E1,4.117607624E1
1.751072229E1,-3.312222198E1,-1.410382095E1,2.321522369E1,4.283626928E1
1.752072529E1,-3.196707413E1,-1.414633255E1,2.593207397E1,4.352568223E1
1.753072729E1,-3.070789261E1,-1.305450302E1,2.647484528E1,4.259474322E1
1.754073029E1,-3.004387344E1,-1.191028244E1,2.510309784E1,4.092254489E1
1.755073329E1,-2.989268784E1,-1.102936432E1,2.215797226E1,3.880973329E1
1.756073529E1,-2.853965149E1,-9.880353699E0,1.721584946E1,3.476375366E1
1.757073829E1,-2.577325424E1,-8.035140839E0,1.184801193E1,2.948218970E1
1.758074129E1,-2.266481827E1,-5.818849640E0,7.506440277E0,2.457436965E1
1.759074329E1,-1.942660217E1,-3.545227661E0,3.874692535E0,2.012398453E1
1.760074629E1,-1.624137589E1,-1.561552734E0,1.168170776E0,1.635803657E1
1.761074829E1,-1.315569260E1,-1.631607056E-2,-3.025209045E-1,1.315918055E1
1.762075129E1,-1.003887405E1,9.536668396E-1,-8.469387817E-1,1.011957400E1
1.763075429E1,-6.848258972E0,1.201401672E0,-1.141825562E0,7.045976337E0
1.764075629E1,-3.587589569E0,1.176553345E0,-1.578168182E0,4.092149985E0
1.765075929E1,-6.228547668E-1,1.282233582E0,-2.445314941E0,2.830483383E0
1.766076229E1,1.571581879E0,1.068328400E0,-3.190764771E0,3.713781764E0
1.767076429E1,3.172203369E0,6.427633667E-1,-3.551364899E0,4.805019418E0
1.768076729E1,4.313729553E0,4.634362793E-1,-3.798800354E0,5.766621192E0
1.769077029E1,5.038971405E0,4.728666687E-1,-3.827989655E0,6.345734040E0
1.770077229E1,5.014572144E0,1.237925720E-1,-3.855233002E0,6.326458716E0
1.771077529E1,4.451293488E0,-5.349874878E-1,-4.161945190E0,6.117353439E0
1.772077733E1,3.583398285E0,-1.291364594E0,-4.671335907E0,6.027416108E0
1.773078033E1,3.032843170E0,-1.919308777E0,-5.537883911E0,6.599245570E0
1.774078333E1,3.102897491E0,-2.164498901E0,-6.903643799E0,7.872313893E0
1.775078533E1,3.255430298E0,-2.148781586E0,-8.309819641E0,9.179770759E0
1.776078833E1,3.172203369E0,-1.967658234E0,-9.163793793E0,9.894931522E0
1.777079133E1,2.782713318E0,-1.636995850E0,-9.128766632E0,9.682852320E0
1.778079333E1,2.058668976E0,-1.215322723E0,-8.119714966E0,8.464330948E0
1.779079633E1,7.508386230E-1,-1.331780548E0,-6.656807098E0,6.830115578E0
1.780079933E1,-5.565426636E-1,-1.872306519E0,-5.202132111E0,5.556748144E0
1.781080133E1,-1.479373627E0,-2.413580933E0,-3.732039185E0,4.684232672E0
1.782080433E1,-2.229463806E0,-2.504891052E0,-1.791324921E0,3.801819698E0
1.783080733E1,-2.288740540E0,-2.091450806E0,5.602848816E-1,3.150621983E0
1.784080933E1,-1.842668152E0,-1.422342224E0,2.856809235E0,3.685083761E0
1.785081233E1,-1.201102295E0,-8.726852417E-1,4.803361359E0,5.027574624E0
1.786081433E1,-5.840853882E-1,-5.409750366E-1,6.122268677E0,6.173814338E0
1.787081733E1,1.790277100E-1,-1.567240906E-1,6.668033752E0,6.672277534E0
1.788082033E1,9.294172668E-1,1.932481384E-1,6.460116119E0,6.529491678E0
1.789082233E1,1.517993317E0,3.264710999E-1,5.560337219E0,5.773061327E0
1.790082533E1,1.739832001E0,2.874023438E-1,4.140689392E0,4.500547093E0
1.791082833E1,1.724264374E0,4.043092346E-1,2.687511292E0,3.218582068E0
1.792083033E1,1.623523865E0,7.423063660E-1,1.239272919E0,2.173164938E0
1.793083333E1,1.531914368E0,1.171912994E0,-3.490740967E-1,1.960100615E0
1.794083633E1,1.504072266E0,1.617985382E0,-1.918111267E0,2.925621457E0
1.795083833E1,1.597478027E0,2.168839874E0,-3.368744659E0,4.313263617E0
1.796084133E1,1.759291534E0,2.541864166E0,-4.470004578E0,5.434806442E0
1.797084333E1,1.968556366E0,2.949915619E0,-5.119653625E0,6.228006870E0
1.798084633E1,2.373015289E0,3.546874237E0,-5.199737091E0,6.726721656E0
1.799084933E1,2.434687042E0,3.820804596E0,-4.505630493E0,6.389597397E0
1.800085133E1,1.961970062E0,3.838018799E0,-3.155587921E0,5.342045484E0
1.801085433E1,1.433568878E0,3.797303467E0,-1.474583588E0,4.318452281E0
1.802085733E1,5.897735596E-1,3.521277466E0,6.586303711E-2,3.570933461E0
1.803085933E1,-5.489085388E-1,3.410358124E0,1.086740112E0,3.621166551E0
1.804086233E1,-2.124981079E0,3.832630005E0,2.008822632E0,4.820784760E0
1.805086533E1,-4.406237183E0,4.932842102E0,3.041375427E0,7.279960289E0
1.806086733E1,-8.352630615E0,5.395230560E0,4.030668182E0,1.072945651E1
1.807087033E1,-1.412298111E1,4.792434082E0,4.901257782E0,1.569867344E1
1.808087233E1,-2.227847168E1,1.859582977E0,6.235283661E0,2.320920317E1
1.809087533E1,-3.063529358E1,-3.063379669E0,8.275690613E0,3.188091220E1
1.810087833E1,-3.739673309E1,-6.258934479E0,1.073268127E1,3.940660293E1
1.811088033E1,-4.303685440E1,-4.452640686E0,1.376672195E1,4.540395885E1
1.812088333E1,-4.940566040E1,-6.185137939E-1,1.810320419E1,5.262155301E1
1.813088633E1,-5.675402939E1,1.178798676E0,2.179467773E1,6.080639272E1
1.814088833E1,-5.920398468E1,5.653742981E-1,2.125594803E1,6.290665129E1
1.815089133E1,-5.395140747E1,-3.194207611E0,1.724908035E1,5.673172043E1
1.816089433E1,-4.536451401E1,-9.146579590E0,1.460153595E1,4.852632174E1
1.817089633E1,-3.629891602E1,-1.371807312E1,1.466230957E1,4.148228726E1
1.818089933E1,-3.010719177E1,-1.568633011E1,1.679058380E1,3.787383864E1
1.819090133E1,-2.590602814E1,-1.477652206E1,1.857592117E1,3.513591817E1
1.820090433E1,-2.348481308E1,-1.378543304E1,1.858999191E1,3.297214596E1
1.821090733E1,-2.172252777E1,-1.275407776E1,1.549802170E1,2.957572296E1
1.822090933E1,-1.971101074E1,-1.153770721E1,1.101813766E1,2.535827261E1
1.823091233E1,-1.802297104E1,-9.923014984E0,6.838229828E0,2.168075411E1
1.824091533E1,-1.634166733E1,-8.034242706E0,3.084934845E0,1.846932511E1
1.825091733E1,-1.460692474E1,-5.829776917E0,4.851411438E-1,1.573479937E1
1.826092033E1,-1.292861481E1,-3.442690887E0,-1.192719727E0,1.343219199E1
1.827092333E1,-1.139774826E1,-1.106199646E0,-2.238594818E0,1.166806110E1
1.828092533E1,-9.876012726E0,7.451504517E-1,-2.613115997E0,1.024300990E1
1.829092833E1,-7.982899475E0,1.878743134E0,-2.627186737E0,8.611531219E0
1.830093033E1,-5.807173920E0,2.537523193E0,-2.544857941E0,6.829245553E0
1.831093333E1,-3.629951477E0,2.664908295E0,-2.483036499E0,5.142349094E0
1.832093633E1,-1.704804840E0,2.424807587E0,-2.476450195E0,3.862493617E0
1.833093833E1,-6.780899048E-2,1.897154846E0,-2.579585724E0,3.202820175E0
1.834094133E1,1.803898773E0,1.347797241E0,-3.016227722E0,3.764071978E0
1.835094433E1,3.689527588E0,6.685098267E-1,-3.954776001E0,5.449749758E0
1.836094633E1,5.052742767E0,-3.201841736E-1,-5.031337280E0,7.137722480E0
1.837094933E1,6.196663971E0,-1.120120697E0,-5.941444702E0,8.657602433E0
1.838095233E1,7.165299683E0,-1.527723083E0,-6.660699005E0,9.901533649E0
1.839095433E1,7.805368652E0,-1.752256165E0,-7.202871552E0,1.076455016E1
1.840095733E1,7.752977600E0,-1.827250214E0,-7.257208557E0,1.077564759E1
1.841095933E1,6.906338196E0,-1.776954803E0,-6.340514832E0,9.542389846E0
1.842096233E1,5.353916473E0,-1.527423706E0,-4.354594574E0,7.068234482E0
1.843096533E1,3.589685211E0,-1.035097504E0,-2.425406342E0,4.454196076E0
1.844096733E1,1.805545349E0,-4.620890808E-1,-9.708810425E-1,2.101459094E0
1.845097033E1,2.469863892E-2,-9.175918579E-2,4.128414917E-1,4.236364812E-1
1.846097333E1,-1.612446899E0,3.996688843E-1,1.609153748E0,2.312811277E0
1.847097533E1,-2.645748138E0,1.117276611E0,2.570155334E0,3.854087270E0
1.848097833E1,-3.198548584E0,1.714684296E0,3.229683838E0,4.858159422E0
1.849098133E1,-3.187920685E0,2.171983337E0,3.254681854E0,5.047108468E0
1.850098333E1,-2.961890717E0,2.328857117E0,2.794389038E0,4.690946832E0
1.851098633E1,-2.482587433E0,2.240391083E0,2.091750183E0,3.944364511E0
1.852098833E1,-1.602118378E0,2.063459015E0,1.328038330E0,2.930585643E0
1.853099133E1,-8.866062927E-1,1.698368225E0,8.011340332E-1,2.076617703E0
1.854099433E1,-2.833607483E-1,1.431024170E0,7.774832153E-1,1.653058873E0
1.855099633E1,2.341131592E-1,1.267713776E0,1.092278595E0,1.689668523E0
1.856099933E1,5.391787720E-1,1.103505249E0,1.336420898E0,1.815064297E0
1.857100233E1,5.516029358E-1,1.018182678E0,1.657652893E0,2.022071927E0
1.858100433E1,1.318757629E-1,9.707313538E-1,2.023941193E0,2.248565883E0
1.859100733E1,-2.453398132E-1,1.040635986E0,2.071392517E0,2.331047370E0
1.860101033E1,-3.585044861E-1,1.150058441E0,1.698966980E0,2.082702255E0
1.861101233E1,-3.594026184E-1,1.167122955E0,1.048120422E0,1.609317450E0
1.862101533E1,-4.514611816E-1,1.213227081E0,3.164419556E-1,1.332618723E0
1.863101733E1,-4.960684204E-1,1.371148682E0,-2.498304749E-1,1.479374142E0
1.864102033E1,-4.135899353E-1,1.455423431E0,-6.500981140E-1,1.646797364E0
1.865102333E1,-1.725910950E-1,1.349593506E0,-1.053060150E0,1.720501670E0
1.866102533E1,1.152603149E-1,1.137035522E0,-1.331032104E0,1.754360619E0
1.867102833E1,1.133143616E-1,9.758207703E-1,-1.317709808E0,1.643601369E0
1.868103133E1,-2.588117981E-1,9.098080444E-1,-1.101559296E0,1.451952860E0
1.869103333E1,-1.256786499E0,9.357041931E-1,-7.785310364E-1,1.749618592E0
1.870103633E1,-2.877915344E0,9.813592529E-1,-3.273692322E-1,3.058207535E0
1.871103833E1,-4.192182312E0,1.494791565E0,1.113684082E-1,4.452100323E0
1.872104129E1,-5.797444153E0,1.956581268E0,3.820056152E-1,6.130619647E0
1.873104429E1,-8.835825806E0,1.125958557E0,8.171507263E-1,8.944681976E0
1.874104629E1,-1.295451096E1,-3.975732422E-1,1.864223328E0,1.309399661E1
1.875104929E1,-1.869567215E1,-2.058818665E0,3.284320221E0,1.909328811E1
1.876105229E1,-2.618729324E1,-4.541256409E0,4.982538757E0,2.704113588E1
1.877105429E1,-3.385315201E1,-7.810607758E0,7.075187073E0,3.545560275E1
1.878105729E1,-3.956677048E1,-9.643546143E0,8.118068390E0,4.152626088E1
1.879106029E1,-4.276112778E1,-8.809779968E0,9.312135315E0,4.464126047E1
1.880106229E1,-4.458942581E1,-6.981631622E0,1.181852325E1,4.665444852E1
1.881106529E1,-4.607837952E1,-6.237978058E0,1.445978073E1,4.869511975E1
1.882106729E1,-4.690795441E1,-6.705455933E0,1.677441742E1,5.026629493E1
1.883107029E1,-4.706782196E1,-8.765621796E0,1.949321365E1,5.169333969E1
1.884107329E1,-4.516183548E1,-1.087698120E1,2.186697739E1,5.134262171E1
1.885107529E1,-4.095887558E1,-1.122650436E1,2.282124298E1,4.821278897E1
1.886107829E1,-3.579207001E1,-1.011611343E1,2.206651245E1,4.324741609E1
1.887108129E1,-3.035387878E1,-8.865763550E0,1.968526428E1,3.724874965E1
1.888108329E1,-2.526476166E1,-7.579787750E0,1.599962860E1,3.085043726E1
1.889108629E1,-2.093785950E1,-6.061345367E0,1.211550568E1,2.493831080E1
1.890108929E1,-1.734937180E1,-4.138593750E0,9.064849548E0,2.000750252E1
1.891109129E1,-1.443493240E1,-2.133363647E0,7.044051819E0,1.620299910E1
1.892109429E1,-1.223091568E1,-3.149450684E-1,5.983507233E0,1.361972274E1
1.893109629E1,-1.033855087E1,1.252744904E0,5.296136627E0,1.168349550E1
1.894109929E1,-8.322243805E0,2.234702911E0,4.186643829E0,9.580272731E0
1.895110229E1,-6.045178986E0,2.727178802E0,2.976410522E0,7.269161766E0
1.896110429E1,-3.669768677E0,2.728076935E0,1.769021301E0,4.902962601E0
1.897110729E1,-1.214574280E0,2.357447662E0,7.138655090E-1,2.746334671E0
1.898111029E1,8.497828674E-1,1.515149231E0,-7.065307617E-2,1.738620134E0
1.899111229E1,2.416874084E0,3.252735901E-1,-1.060843964E0,2.659412184E0
1.900111529E1,3.987557831E0,-6.054908752E-1,-2.693498840E0,4.849966253E0
1.901111829E1,5.434598694E0,-1.295256500E0,-4.637655945E0,7.260881835E0
1.902112029E1,6.275998993E0,-1.858086090E0,-6.258784790E0,9.056104810E0
1.903112329E1,6.483018494E0,-2.267185364E0,-7.097041626E0,9.876115537E0
1.904112529E1,6.074068909E0,-2.422562256E0,-7.026837616E0,9.598935768E0
1.905112829E1,5.400918732E0,-2.272574158E0,-6.608457642E0,8.832113498E0
1.906113129E1,4.646038513E0,-1.909429321E0,-6.033652954E0,7.850895628E0
1.907113329E1,3.903133392E0,-1.482517090E0,-5.397326202E0,6.823740714E0
1.908113629E1,3.002905426E0,-1.150657196E0,-4.676425323E0,5.675421287E0
1.909113929E1,1.951342163E0,-7.785310364E-1,-3.846101990E0,4.382504687E0
1.910114129E1,1.186732178E0,-3.414399719E-1,-2.906805267E0,3.158232319E0
1.911114429E1,9.151968384E-1,8.457412720E-2,-2.113305359E0,2.304516777E0
1.912114629E1,8.265811157E-1,3.124003601E-1,-1.547182617E0,1.781741950E0
1.913114929E1,7.396119690E-1,3.616479492E-1,-1.014141083E0,1.306253130E0
1.914115229E1,6.032455444E-1,3.390449524E-1,-3.394940186E-1,7.707871660E-1
1.915115429E1,6.213578796E-1,3.662882996E-1,3.426374817E-1,7.985318884E-1
1.916115729E1,7.315287781E-1,2.243833923E-1,9.207353210E-1,1.197178262E0
1.917116029E1,9.589059448E-1,2.799179077E-2,1.308578796E0,1.622548187E0
1.918116229E1,1.281185760E0,-4.745132446E-2,1.616787872E0,2.063417458E0
1.919116529E1,1.578916626E0,-1.011895752E-1,1.720671844E0,2.337504789E0
1.920116829E1,2.034419403E0,-1.046324158E-1,1.399888916E0,2.471740121E0
1.921117029E1,2.270179138E0,-6.721023560E-2,6.785389709E-1,2.370368256E0
1.922117329E1,2.051932983E0,-7.783813477E-3,-7.933502197E-3,2.051963084E0
1.923117629E1,1.771715698E0,1.854643250E-1,-4.291575623E-1,1.832361794E0
1.924117829E1,1.479822693E0,4.760101318E-1,-7.075785828E-1,1.707960274E0
1.925118129E1,9.485774231E-1,5.221142578E-1,-1.038540344E0,1.500322789E0
1.926118329E1,5.857319641E-1,4.308041382E-1,-1.421294403E0,1.596481105E0
1.927118629E1,4.442761230E-1,5.542973328E-1,-1.827399902E0,1.960616538E0
1.928118929E1,3.418890381E-1,7.212002563E-1,-2.238594818E0,2.376620433E0
1.929119129E1,1.709445190E-1,8.352630615E-1,-2.753524017E0,2.882495607E0
1.930119429E1,-4.797523499E-1,1.076261902E0,-3.307222595E0,3.510872156E0
1.931119729E1,-1.472637634E0,1.028960266E0,-3.684138794E0,4.098816840E0
1.932119929E1,-2.483934631E0,7.450007629E-1,-3.771856384E0,4.577319955E0
1.933120229E1,-3.423830109E0,5.369334412E-1,-3.456312561E0,4.894589529E0
1.934120429E1,-4.049379272E0,5.315446472E-1,-2.704875183E0,4.898608166E0
1.935120729E1,-4.262985077E0,4.134402466E-1,-1.867067413E0,4.672249493E0
1.936121029E1,-4.694238281E0,-4.715194702E-2,-1.102607117E0,4.822223429E0
1.937121229E1,-6.037544861E0,-1.313069458E0,1.511856079E-1,6.180530433E0
1.938121529E1,-8.859925690E0,-2.996917877E0,2.230960693E0,9.615455559E0
1.939121829E1,-1.360595627E1,-4.543202362E0,4.805606689E0,1.512800679E1
1.940122029E1,-2.009645920E1,-6.871311035E0,8.125852203E0,2.274009810E1
1.941122329E1,-2.791140793E1,-9.653275909E0,1.226489502E1,3.197905687E1
1.942122629E1,-3.621823380E1,-1.131646729E1,1.661919022E1,4.142487628E1
1.943122829E1,-4.320375732E1,-1.145747406E1,2.001966888E1,4.897576442E1
1.944123129E1,-4.687038254E1,-1.048075516E1,2.168585403E1,5.269682394E1
1.945123329E1,-4.695091507E1,-8.486003265E0,2.165382065E1,5.239550196E1
1.946123629E1,-4.437267654E1,-7.585625610E0,2.072934311E1,4.955988101E1
1.947123929E1,-4.039335159E1,-8.656349030E0,2.031515442E1,4.603542908E1
1.948124129E1,-3.670966187E1,-1.029109955E1,2.224958176E1,4.414238204E1
1.949124429E1,-3.356739624E1,-1.078507233E1,2.602503067E1,4.382225572E1
1.950124729E1,-3.149929688E1,-1.050575317E1,2.936099350E1,4.432431040E1
1.951124929E1,-2.990346542E1,-1.022134460E1,3.015479279E1,4.368071265E1
1.952125229E1,-2.787982361E1,-9.774673462E0,2.716910156E1,4.013712602E1
1.953125529E1,-2.540711563E1,-9.071884918E0,2.141686340E1,3.444564789E1
1.954125729E1,-2.263742523E1,-7.855214996E0,1.508817398E1,2.831625713E1
1.955126029E1,-2.011352371E1,-5.950426025E0,9.678423615E0,2.310050410E1
1.956126229E1,-1.786160660E1,-4.043990479E0,5.958209839E0,1.925853353E1
1.957126529E1,-1.568677917E1,-2.664309540E0,3.525468750E0,1.629731622E1
1.958126829E1,-1.304941360E1,-1.730700989E0,1.872007141E0,1.329612470E1
1.959127029E1,-1.016685791E1,-8.958869934E-1,8.562194824E-1,1.024210550E1
1.960127329E1,-7.410340118E0,-2.929408264E-1,4.363426208E-1,7.428953485E0
1.961127629E1,-4.931943970E0,-1.231938171E-1,4.249662781E-1,4.951751647E0
1.962127829E1,-2.662662964E0,-6.406677246E-2,3.773652649E-1,2.690034043E0
1.963128129E1,-5.059478760E-1,2.026785278E-1,5.822891235E-2,5.481354259E-1
1.964128329E1,9.828561401E-1,5.545967102E-1,-6.435118103E-1,1.299111678E0
1.965128629E1,1.797911224E0,7.039860535E-1,-1.372645569E0,2.369016039E0
1.966128929E1,2.061363373E0,4.873864746E-1,-2.063608704E0,2.957236110E0
1.967129129E1,2.049238586E0,-5.553451538E-2,-2.670895844E0,3.366919582E0
1.968129429E1,2.544408875E0,-5.977070618E-1,-3.585493927E0,4.437007658E0
1.969129729E1,3.403173065E0,-1.028960266E0,-5.087919617E0,6.207034088E0
1.970129929E1,4.120481415E0,-1.479972382E0,-6.652466125E0,7.963918062E0
1.971130229E1,4.940775604E0,-1.730700989E0,-7.799231415E0,9.393327427E0
1.972130542E1,5.732928314E0,-1.823807373E0,-8.430169373E0,1.035666433E1
1.973130742E1,5.861810303E0,-1.912273407E0,-8.366102600E0,1.039275143E1
1.974131042E1,5.291346588E0,-1.914069672E0,-7.459737396E0,9.343965617E0
1.975131242E1,4.501588898E0,-1.807640991E0,-5.723198547E0,7.502457609E0
1.976131542E1,3.655697937E0,-1.781146088E0,-3.769012299E0,5.544552507E0
1.977131842E1,2.568059692E0,-1.800156555E0,-1.640139313E0,3.539145543E0
1.978132042E1,1.361867981E0,-1.667532349E0,5.652246094E-1,2.225944157E0
1.979132342E1,3.421884155E-1,-1.419947205E0,2.701282654E0,3.070874623E0
1.980132642E1,-5.373825073E-1,-1.187031555E0,4.369713135E0,4.559848326E0
1.981132842E1,-1.055604858E0,-8.812174988E-1,5.345234528E0,5.519273326E0
1.982133142E1,-1.288520508E0,-5.632786560E-1,5.591023407E0,5.765163543E0
1.983133442E1,-1.605411530E0,-2.662962341E-1,5.592071228E0,5.824046745E0
1.984133642E1,-1.558708649E0,1.326242065E-1,5.282215576E0,5.508989311E0
1.985133942E1,-1.086291046E0,2.839595032E-1,4.287833405E0,4.432400765E0
1.986134142E1,-3.888912964E-1,3.561094666E-1,2.943628693E0,2.990484956E0
1.987134442E1,-6.661148071E-2,4.203259277E-1,1.752854919E0,1.803776966E0
1.988134742E1,-4.415817261E-2,5.375321960E-1,7.723937988E-1,9.420631542E-1
1.989134942E1,2.007325745E-1,7.303312683E-1,-1.221459961E-1,7.672007379E-1
1.990135242E1,6.379733276E-1,9.580078125E-1,-1.043929138E0,1.553890917E0
1.991135542E1,1.006506958E0,1.066083069E0,-1.868863678E0,2.375340147E0
1.992135742E1,1.456920319E0,1.157393188E0,-2.571203156E0,3.173840178E0
1.993136042E1,2.107168121E0,1.339264984E0,-3.218756561E0,4.073595708E0
1.994136242E1,2.656675415E0,1.578168182E0,-3.664978638E0,4.793809288E0
1.995136542E1,2.801574097E0,1.860780487E0,-3.899690552E0,5.149651235E0
1.996136842E1,2.643652496E0,2.208208008E0,-3.960164795E0,5.248617564E0
1.997137042E1,2.061962128E0,2.495909729E0,-3.730991364E0,4.939792480E0
1.998137342E1,1.117875366E0,2.783461761E0,-3.183430023E0,4.373960611E0
1.999137642E1,-1.878593445E-1,3.066523132E0,-2.469564514E0,3.941776775E0
2.000137842E1,-1.771116943E0,3.270848236E0,-1.559606781E0,4.033320806E0
2.001138142E1,-3.437451782E0,3.552263031E0,-5.215155029E-1,4.970576004E0
2.002138442E1,-5.464536438E0,3.704346771E0,6.312373352E-1,6.631877868E0
2.003138642E1,-8.033494263E0,3.984114990E0,1.937271423E0,9.174051607E0
2.004138942E1,-1.113279922E1,4.348607025E0,2.798280945E0,1.227517731E1
2.005139142E1,-1.558094925E1,3.063828735E0,3.163671112E0,1.619141257E1
2.006139442E1,-2.170935516E1,-1.124162292E-1,3.716321869E0,2.202543501E1
2.007139742E1,-2.834610397E1,-4.264781342E0,4.975204010E0,2.909368704E1
2.008139942E1,-3.439457611E1,-8.955876160E0,6.684649200E0,3.616461141E1
2.009140242E1,-3.810999985E1,-1.183573746E1,8.650960236E0,4.083253461E1
2.010140542E1,-4.020773758E1,-1.047821045E1,1.312261139E1,4.357359275E1
2.011140742E1,-4.256832870E1,-7.175777893E0,2.004197250E1,4.759448559E1
2.012141042E1,-4.419858856E1,-5.110672302E0,2.580199448E1,5.143322974E1
2.013141242E1,-4.379817123E1,-6.027815094E0,2.781440964E1,5.223270759E1
2.014141542E1,-4.035024124E1,-9.561516724E0,2.700938370E1,4.948809330E1
2.015141842E1,-3.430970261E1,-1.304911423E1,2.538556046E1,4.463027845E1
2.016142042E1,-2.828832413E1,-1.441292816E1,2.369138351E1,3.961367735E1
2.017142342E1,-2.418221283E1,-1.357931168E1,2.215303253E1,3.549554864E1
2.018142642E1,-2.209600113E1,-1.145897095E1,2.011397278E1,3.200176842E1
2.019142842E1,-2.081661163E1,-8.807384949E0,1.714789078E1,2.837166734E1
2.020143142E1,-1.944486420E1,-6.043831787E0,1.347183517E1,2.441558906E1
2.021143442E1,-1.780292862E1,-3.493135986E0,1.012524445E1,2.077659360E1
2.022143642E1,-1.623643616E1,-1.202748871E0,7.622299347E0,1.797687157E1
2.023143942E1,-1.509955032E1,5.942642212E-1,5.575455780E0,1.610699466E1
2.024144142E1,-1.422027878E1,2.267933807E0,3.971391449E0,1.493759694E1
2.025144442E1,-1.321182587E1,3.660787354E0,2.714904327E0,1.397585104E1
2.026144742E1,-1.188752975E1,4.285588074E0,1.413360901E0,1.271523566E1
2.027144942E1,-9.994566193E0,4.103117523E0,2.134561157E-1,1.080613207E1
2.028145242E1,-7.443271637E0,3.533701630E0,-1.006656647E0,8.300764873E0
2.029145542E1,-4.717140656E0,2.912343750E0,-2.288740540E0,5.997624141E0
2.030145742E1,-1.982178040E0,2.816093903E0,-3.845952301E0,5.162437772E0
2.031146042E1,1.083746338E-1,2.447111206E0,-5.364694061E0,5.897460529E0
2.032146242E1,1.567989349E0,1.621727600E0,-6.397246857E0,6.783314703E0
2.033146542E1,2.696492615E0,1.043480072E0,-7.038363647E0,7.609105461E0
2.034146842E1,3.284170532E0,5.706134033E-1,-7.125781860E0,7.866901732E0
2.035147042E1,3.348237305E0,-8.577163696E-2,-6.848857727E0,7.623968913E0
2.036147342E1,3.315904541E0,-6.668632507E-1,-6.368656311E0,7.211082632E0
2.037147642E1,3.269051971E0,-9.589059448E-1,-5.714067535E0,6.652576133E0
2.038147842E1,3.093018036E0,-1.075962524E0,-4.812642059E0,5.821166508E0
2.039148142E1,2.847079468E0,-1.124162292E0,-3.613934784E0,4.736045500E0
2.040148442E1,2.679278412E0,-1.047671356E0,-2.448308716E0,3.777613486E0
2.041148642E1,2.430346069E0,-9.352551270E-1,-1.508263550E0,3.009342637E0
2.042148942E1,1.958676910E0,-8.078700256E-1,-5.551954651E-1,2.190276517E0
2.043149142E1,1.347048798E0,-6.366261292E-1,4.572990417E-1,1.558510733E0
2.044149442E1,7.003935242E-1,-4.510121155E-1,1.360820160E0,1.595554613E0
2.045149742E1,1.441502380E-1,-3.737727356E-1,1.952988739E0,1.993652518E0
2.046149942E1,-9.295669556E-2,-3.418890381E-1,2.323468323E0,2.350326383E0
2.047150242E1,-1.086740112E-1,-4.016148376E-1,2.521057434E0,2.555158528E0
2.048150542E1,4.775070190E-2,-4.281097412E-1,2.378553772E0,2.417245566E0
2.049150742E1,4.670288086E-1,-3.781137085E-1,1.750908966E0,1.851153179E0
2.050151042E1,6.236032104E-1,-4.361929321E-1,1.005159760E0,1.260750324E0
2.051151242E1,7.137158203E-1,-4.462220764E-1,3.911366272E-1,9.281660815E-1
2.052151542E1,1.101409607E0,-4.794529724E-1,-1.555265808E-1,1.211266607E0
2.053151842E1,1.427281952E0,-5.942642212E-1,-7.280859375E-1,1.708915699E0
2.054152042E1,1.644330597E0,-6.078858948E-1,-1.138831787E0,2.090522952E0
2.055152342E1,1.825004883E0,-6.053411865E-1,-1.324146423E0,2.334618711E0
2.056152642E1,1.790576477E0,-4.962181091E-1,-1.435365143E0,2.347907499E0
2.057152842E1,1.726060638E0,-1.422042847E-1,-1.553469543E0,2.326537128E0
2.058153142E1,1.057101746E0,5.538482666E-2,-1.636696472E0,1.949181090E0
2.059153442E1,-4.580474854E-2,2.924917603E-1,-1.869013367E0,1.892316165E0
2.060153642E1,-1.239572296E0,8.289761353E-1,-2.392774200E0,2.819416479E0
2.061153942E1,-1.981728973E0,1.296753387E0,-3.245550842E0,4.017762977E0
2.062154142E1,-2.652783508E0,1.240620117E0,-4.033212891E0,4.984295822E0
2.063154442E1,-2.043849792E0,1.168021088E0,-4.526736603E0,5.102248476E0
2.064154742E1,-1.793869629E0,9.672885132E-1,-4.621339874E0,5.050781875E0
2.065154942E1,-3.293451233E0,4.447251892E-1,-4.233795776E0,5.382344117E0
2.066155242E1,-3.511847076E0,6.385720825E-1,-3.876788177E0,5.269756234E0
2.067155542E1,-3.804039459E0,6.821315002E-1,-2.949316864E0,4.861531606E0
2.068155742E1,-5.439388733E0,-5.932164001E-1,-1.659299469E0,5.717703229E0
2.069156042E1,-8.379724274E0,-1.294358368E0,-6.496490479E-1,8.503951221E0
2.070156242E1,-1.172257278E1,-2.171833649E0,9.560618591E-1,1.196033563E1
2.071156542E1,-1.525956757E1,-3.735332336E0,3.313060455E0,1.605563700E1
2.072156883E1,-1.962778381E1,-5.306016083E0,6.303990784E0,2.128717933E1
2.073157083E1,-2.518737259E1,-6.476432190E0,9.516909485E0,2.769331107E1
2.074157383E1,-3.086446701E1,-6.936425629E0,1.264989441E1,3.406976890E1
2.075157683E1,-3.575973724E1,-5.981710968E0,1.544368469E1,3.940871821E1
2.076157883E1,-3.950135651E1,-4.398303680E0,1.774919037E1,4.352856533E1
2.077158183E1,-4.098447235E1,-3.234623566E0,1.920970322E1,4.537843608E1
2.078158483E1,-4.067566452E1,-3.498824158E0,1.934457275E1,4.517702900E1
2.079158683E1,-3.951782227E1,-5.605992279E0,1.908695847E1,4.424248422E1
2.080158983E1,-3.788247299E1,-8.028853912E0,1.940938797E1,4.331591620E1
2.081159183E1,-3.614907761E1,-9.420659637E0,2.020528290E1,4.247067337E1
2.082159483E1,-3.459590744E1,-9.770332489E0,2.059387482E1,4.142998779E1
2.083159783E1,-3.289544357E1,-9.613159332E0,1.954605377E1,3.945340617E1
2.084159983E1,-3.069097778E1,-9.132508850E0,1.684447174E1,3.618114237E1
2.085160283E1,-2.786530380E1,-8.291108551E0,1.328547272E1,3.196437740E1
2.086160583E1,-2.496792892E1,-7.402406616E0,1.014215927E1,2.794738795E1
2.087160783E1,-2.220033417E1,-6.471043396E0,8.186476135E0,2.453054486E1
2.088161083E1,-1.938738373E1,-5.459447021E0,7.084617462E0,2.135106588E1
2.089161283E1,-1.662532745E1,-4.456831970E0,6.502627716E0,1.839970194E1
2.090161583E1,-1.401221146E1,-3.291505280E0,6.245911560E0,1.569036291E1
2.091161883E1,-1.160521683E1,-2.188299408E0,6.135291595E0,1.330832502E1
2.092162083E1,-9.213340759E0,-1.230291595E0,5.954617310E0,1.103887370E1
2.093162383E1,-6.863976288E0,-5.230123901E-1,5.540278931E0,8.836424790E0
2.094162683E1,-4.576133881E0,-8.083190918E-2,4.672383728E0,6.540543157E0
2.095162883E1,-2.419867859E0,1.224453735E-1,3.261268158E0,4.062834395E0
2.096163183E1,-5.483097839E-1,-2.160008240E-1,1.464255066E0,1.578398832E0
2.097163383E1,1.222507782E0,-1.022972717E0,-6.132746887E-1,1.707953249E0
2.098163683E1,3.284769287E0,-1.709145813E0,-3.128045197E0,4.847221413E0
2.099163983E1,5.060376892E0,-2.185305634E0,-5.834117889E0,8.026201253E0
2.100164183E1,6.343059540E0,-2.575394440E0,-8.034392395E0,1.055549724E1
2.101164483E1,7.141199799E0,-2.892884216E0,-9.555379486E0,1.227480308E1
2.102164783E1,7.309898987E0,-3.050356750E0,-1.051952454E1,1.316813183E1
2.103164983E1,6.618337097E0,-3.057541809E0,-1.058389069E1,1.285183605E1
2.104165283E1,4.910388794E0,-2.867886200E0,-9.368118896E0,1.095893886E1
2.105165583E1,2.914589081E0,-2.450703735E0,-7.427704010E0,8.346949453E0
2.106165783E1,1.009351044E0,-1.973047028E0,-5.570066986E0,5.994776921E0
2.107166083E1,-9.357041931E-1,-1.578317871E0,-3.773952026E0,4.196348834E0
2.108166283E1,-2.893782349E0,-1.117575989E0,-1.867217102E0,3.620697734E0
2.109166583E1,-4.400249634E0,-4.805007935E-1,-1.275347900E-1,4.428243780E0
2.110166883E1,-4.991669769E0,2.148033142E-1,8.888516235E-1,5.074737900E0
2.111167083E1,-5.173242188E0,8.352630615E-1,1.327140198E0,5.405682216E0
2.112167383E1,-4.605921936E0,1.263372803E0,1.362017670E0,4.966459489E0
2.113167683E1,-3.592379608E0,1.460662537E0,9.954299927E-1,4.003699185E0
2.114167883E1,-2.531385956E0,1.460812225E0,6.107299805E-1,2.985779350E0
2.115168183E1,-1.739532623E0,1.257085876E0,4.343966675E-1,2.189734941E0
2.116168383E1,-9.451345825E-1,1.081950073E0,3.784130859E-1,1.485628420E0
2.117168683E1,-2.865042114E-1,9.415420532E-1,3.918850708E-1,1.059320542E0
2.118168983E1,-1.886077881E-2,7.083270264E-1,4.339476013E-1,8.308991671E-1
2.119169183E1,1.730401611E-1,4.640350342E-1,4.074526978E-1,6.413182605E-1
2.120169483E1,3.131488037E-1,3.573069763E-1,2.933898926E-1,5.583977773E-1
2.121169783E1,2.526745605E-1,3.203338623E-1,1.755848694E-1,4.441714345E-1
2.122169983E1,3.611988831E-1,4.888833618E-1,2.017803955E-1,6.404583535E-1
2.123170283E1,4.962181091E-1,6.508465576E-1,2.821632385E-1,8.657076565E-1
2.124170483E1,5.990542603E-1,7.785310364E-1,2.842588806E-1,1.022633704E0
2.125170783E1,7.836204529E-1,8.620573425E-1,1.520837402E-1,1.174875883E0
2.126171083E1,1.292412415E0,9.954299927E-1,-4.954696655E-2,1.632074025E0
2.127171283E1,1.979034576E0,1.215023346E0,-2.498304749E-1,2.335652982E0
2.128171583E1,2.480342102E0,1.340761871E0,-4.613406372E-1,2.857021967E0
2.129171883E1,2.780168610E0,1.366208954E0,-6.629713440E-1,3.167869222E0
2.130172083E1,2.819836121E0,1.231189728E0,-7.881111145E-1,3.176227798E0
2.131172383E1,2.432441711E0,9.280700684E-1,-7.789801025E-1,2.717516648E0
2.132172583E1,1.379531250E0,7.185058594E-1,-5.821394348E-1,1.660796032E0
2.133172883E1,-1.308279419E-1,7.927514648E-1,-4.812492371E-1,9.365744303E-1
2.134173183E1,-1.592987366E0,9.177415466E-1,-3.068618774E-1,1.863872985E0
2.135173383E1,-3.242407379E0,1.106648712E0,-7.813751221E-2,3.426949439E0
2.136173683E1,-5.900429993E0,2.941383362E-1,8.068222046E-2,5.908307802E0
2.137173983E1,-1.009575577E1,-2.030677185E0,2.603086853E-1,1.030124725E1
2.138174183E1,-1.559621750E1,-5.119354248E0,6.469546509E-1,1.642766990E1
2.139174483E1,-2.191727280E1,-8.505911865E0,1.915566559E0,2.358785236E1
2.140174783E1,-2.872706177E1,-1.152363647E1,4.175566864E0,3.123257329E1
2.141174983E1,-3.477718048E1,-1.272458908E1,7.391928406E0,3.776252183E1
2.142175283E1,-4.016896820E1,-1.143337418E1,1.190010361E1,4.342672584E1
2.143175483E1,-4.481126450E1,-1.009276199E1,1.676962738E1,4.889921955E1
2.144175783E1,-4.726406387E1,-1.004531067E1,1.992192215E1,5.226550471E1
2.145176083E1,-4.662848557E1,-1.145103745E1,2.056498489E1,5.223275341E1
2.146176283E1,-4.363456146E1,-1.421878189E1,2.066213287E1,5.032963786E1
2.147176583E1,-3.857702866E1,-1.620739655E1,2.177521820E1,4.717019155E1
2.148176883E1,-3.318194778E1,-1.598016907E1,2.322914474E1,4.354308932E1
2.149177083E1,-2.955933105E1,-1.502365814E1,2.403132660E1,4.095081213E1
2.150177383E1,-2.608775024E1,-1.419378387E1,2.191966782E1,3.691213961E1
2.151177583E1,-2.480401978E1,-1.302411621E1,1.755504410E1,3.306125487E1
2.152177883E1,-2.648068314E1,-1.242236755E1,1.491543320E1,3.283309219E1
2.153178183E1,-2.544289124E1,-9.533075867E0,1.155761581E1,2.952623805E1
2.154178383E1,-2.260239807E1,-5.250930634E0,7.138804779E0,2.427762766E1
2.155178683E1,-1.984423370E1,-2.692900085E0,3.665876770E0,2.035887950E1
2.156178983E1,-1.667726944E1,-6.924600220E-1,1.611698456E0,1.676926918E1
2.157179183E1,-1.345806381E1,8.069718933E-1,1.430724792E0,1.355793711E1
2.158179483E1,-1.036429733E1,1.644330597E0,1.961221619E0,1.067562048E1
2.159179783E1,-7.164102173E0,1.621128845E0,2.043251038E0,7.624125752E0
2.160179983E1,-3.706891479E0,1.140328674E0,1.337917786E0,4.102611111E0
2.161180283E1,-1.511856079E-1,6.511459351E-1,-1.008901978E-1,6.760376830E-1
2.162180483E1,3.026107178E0,5.703140259E-1,-2.054777069E0,3.701984811E0
2.163180783E1,5.393284607E0,3.848497009E-1,-3.797602844E0,6.607375841E0
2.164181083E1,6.910230103E0,2.823129272E-1,-5.037624207E0,8.556204667E0
2.165181283E1,7.569010162E0,4.110452271E-1,-5.825885010E0,9.560324742E0
2.166181583E1,7.211852875E0,1.128652954E-1,-6.111940155E0,9.454066475E0
2.167181883E1,6.449039154E0,-2.625540161E-1,-6.159840546E0,8.922033186E0
2.168182083E1,5.590574341E0,-5.093907166E-1,-6.020180969E0,8.231438469E0
2.169182383E1,4.466112671E0,-7.849676514E-1,-5.585484924E0,7.194440801E0
2.170182583E1,3.268153839E0,-9.141490173E-1,-5.076842651E0,6.106621754E0
2.171182883E1,1.959724731E0,-9.159452820E-1,-4.422104187E0,4.922853057E0
2.172183142E1,9.898915100E-1,-5.980064392E-1,-3.723506927E0,3.898974319E0
2.173183342E1,3.376977539E-1,-2.409988403E-1,-2.928959198E0,2.958195767E0
2.174183642E1,-1.029858398E-1,-6.271957397E-2,-2.057471466E0,2.061001859E0
2.175183942E1,-5.972579956E-1,-6.436614990E-3,-1.032552795E0,1.192863705E0
2.176184142E1,-9.108558655E-1,4.415817261E-2,1.431024170E-1,9.230853989E-1
2.177184442E1,-7.653584290E-1,1.287322998E-1,1.143621826E0,1.382105789E0
2.178184642E1,-4.495152283E-1,-7.559280396E-2,1.826801147E0,1.882811898E0
2.179184942E1,2.309696960E-1,-5.158273315E-1,2.272424469E0,2.341652793E0
2.180185242E1,9.752220154E-1,-8.825646973E-1,2.746788025E0,3.045459387E0
2.181185442E1,1.609902191E0,-1.155746613E0,3.327879639E0,3.873282611E0
2.182185742E1,2.166145477E0,-1.391656036E0,3.727698212E0,4.530411318E0
2.183186042E1,2.629581757E0,-1.541195068E0,3.582051086E0,4.703304417E0
2.184186242E1,2.613864441E0,-1.561253357E0,3.028651886E0,4.294476872E0
2.185186542E1,2.443368988E0,-1.311871948E0,2.233206024E0,3.560655721E0
2.186186742E1,2.249372406E0,-1.075363770E0,1.246158600E0,2.787291645E0
2.187187042E1,2.250719604E0,-7.908055115E-1,1.815724182E-1,2.392505097E0
2.188187342E1,2.511627045E0,-3.754193115E-1,-1.005309448E0,2.731273907E0
2.189187542E1,2.678080902E0,-4.041595459E-3,-2.120490417E0,3.415935196E0
2.190187842E1,2.972219238E0,5.607339478E-1,-3.132685547E0,4.354564099E0
2.191188142E1,3.084635468E0,1.103804626E0,-4.042942657E0,5.203724239E0
2.192188342E1,2.765499115E0,1.409618683E0,-4.685107269E0,5.620074760E0
2.193188642E1,2.429298248E0,1.572030945E0,-5.342989197E0,6.076208096E0
2.194188842E1,2.044897614E0,1.495839386E0,-5.950126648E0,6.467081942E0
2.195189142E1,1.514400787E0,1.231040039E0,-6.071224823E0,6.377196890E0
2.196189442E1,7.656578064E-1,8.382568359E-1,-5.629942474E0,5.743270729E0
2.197189642E1,-4.815486145E-1,1.423539734E-1,-4.466711426E0,4.494848683E0
2.198189942E1,-1.550775146E0,-5.659730530E-1,-2.680924988E0,3.148426248E0
2.199190242E1,-2.433040466E0,-1.265917511E0,-8.202941895E-1,2.862711235E0
2.200190442E1,-4.079616394E0,-2.471211090E0,1.518292694E0,5.005533626E0
2.201190742E1,-6.724616089E0,-3.895798645E0,3.978726196E0,8.730863117E0
2.202190942E1,-1.008812164E1,-5.627248077E0,5.716612244E0,1.288859088E1
2.203191242E1,-1.458536957E1,-7.760162659E0,6.903045044E0,1.790545059E1
2.204191542E1,-1.984962250E1,-1.017269577E1,8.081394653E0,2.372341021E1
2.205191742E1,-2.592608643E1,-1.231444199E1,9.816137238E0,3.033420494E1
2.206192042E1,-3.247152512E1,-1.331047073E1,1.256591904E1,3.727560725E1
2.207192342E1,-3.794998260E1,-1.191911407E1,1.584095856E1,4.281591326E1
2.208192542E1,-4.112772446E1,-8.485254822E0,1.849314331E1,4.588557091E1
2.209192842E1,-4.196358627E1,-5.346282349E0,2.013178574E1,4.684884315E1
2.210193142E1,-4.065904907E1,-4.465214539E0,2.011457153E1,4.558171125E1
2.211193342E1,-3.762276306E1,-6.034551086E0,1.941552521E1,4.276506432E1
2.212193642E1,-3.459366211E1,-8.164621582E0,1.960697708E1,4.059330060E1
2.213193842E1,-3.310560654E1,-1.003662872E1,2.041828995E1,4.016990994E1
2.214194142E1,-3.331576950E1,-1.133592682E1,2.046559158E1,4.070975526E1
2.215194442E1,-3.388593384E1,-1.168739594E1,1.870046219E1,4.042967996E1
2.216194642E1,-3.377770889E1,-1.110241241E1,1.491528351E1,3.855726730E1
2.217194942E1,-3.270219543E1,-9.702673187E0,1.009964767E1,3.557496783E1
2.218195242E1,-3.077809662E1,-8.287516022E0,5.669909363E0,3.237471275E1
2.219195442E1,-2.855147690E1,-6.801556091E0,3.177891541E0,2.952197475E1
2.220195742E1,-2.636362656E1,-5.349276123E0,2.605481873E0,2.702672929E1
2.221195942E1,-2.422592194E1,-4.205055542E0,3.391647034E0,2.482098015E1
2.222196242E1,-2.175441147E1,-3.096760254E0,4.475093994E0,2.242478113E1
2.223196542E1,-1.864971771E1,-1.991309052E0,5.100643158E0,1.943691959E1
2.224196742E1,-1.510598694E1,-1.150956573E0,5.323379974E0,1.605783039E1
2.225197042E1,-1.147528702E1,-6.616241455E-1,4.939727783E0,1.251083008E1
2.226197342E1,-8.010591888E0,-5.031037903E-1,3.898343353E0,8.922991467E0
2.227197542E1,-4.753065948E0,-6.164181519E-1,2.307301941E0,5.319327918E0
2.228197842E1,-1.756896515E0,-7.732919312E-1,5.707630920E-1,2.002607371E0
2.229198042E1,8.948391724E-1,-7.966433716E-1,-1.238225098E0,1.722956528E0
2.230198342E1,3.115321655E0,-9.566606140E-1,-2.905458069E0,4.366018224E0
2.231198642E1,4.847968597E0,-1.164578247E0,-4.009711761E0,6.398189621E0
2.232198842E1,6.284381561E0,-1.192270660E0,-4.672683105E0,7.921422116E0
2.233199142E1,7.349566498E0,-1.197210388E0,-5.132826233E0,9.044077927E0
2.234199442E1,7.589367828E0,-1.497336273E0,-5.392685852E0,9.429823999E0
2.235199642E1,7.203470306E0,-1.824106750E0,-5.441933441E0,9.210428300E0
2.236199942E1,6.349047089E0,-1.958227844E0,-5.263504486E0,8.476410484E0
2.237200142E1,4.740791473E0,-2.193089447E0,-4.477189636E0,6.879678201E0
2.238200442E1,3.323089600E0,-2.091600494E0,-3.613036652E0,5.335892705E0
2.239200742E1,2.100132751E0,-1.815873871E0,-3.298989716E0,4.311761662E0
2.240200942E1,9.987231445E-1,-1.588047638E0,-3.243305511E0,3.746781800E0
2.241201242E1,1.100212097E-1,-1.174008636E0,-3.233575745E0,3.441861857E0
2.242201542E1,-5.490582275E-1,-6.032455444E-1,-3.155438232E0,3.259165624E0
2.243201742E1,-1.099912720E0,-1.038839722E-1,-2.784359894E0,2.995540000E0
2.244202042E1,-1.739832001E0,1.555265808E-1,-1.967957611E0,2.631361067E0
2.245202242E1,-2.137255554E0,4.522096252E-1,-7.655081177E-1,2.314812633E0
2.246202542E1,-2.102378082E0,4.788542175E-1,4.474195862E-1,2.202153321E0
2.247202842E1,-1.767075348E0,2.523751831E-1,1.458566895E0,2.305139021E0
2.248203042E1,-1.077908478E0,-2.125579834E-2,2.132465515E0,2.389507830E0
2.249203342E1,-1.535806274E-1,-4.725672913E-1,2.629132690E0,2.675676654E0
2.250203642E1,8.393046570E-1,-8.014334106E-1,2.968327332E0,3.187113893E0
2.251203842E1,1.804647217E0,-9.379495239E-1,2.924169159E0,3.561918887E0
2.252204142E1,2.744842072E0,-1.034199371E0,2.354004822E0,3.760992560E0
2.253204342E1,3.477867737E0,-1.014590149E0,1.461710358E0,3.906603939E0
2.254204642E1,3.940256195E0,-8.321195984E-1,4.429289246E-1,4.051447635E0
2.255204942E1,4.038002930E0,-5.941145325E-1,-5.237608337E-1,4.114944125E0
2.256205142E1,4.220772858E0,-2.809657288E-1,-1.551224213E0,4.505570088E0
2.257205442E1,4.497846680E0,2.519261169E-1,-2.577340393E0,5.190065031E0
2.258205742E1,4.360282745E0,7.511380005E-1,-3.297343140E0,5.518038211E0
2.259205942E1,3.895798645E0,1.385668488E0,-3.649860077E0,5.515324362E0
2.260206242E1,3.529360657E0,2.101180573E0,-3.834276581E0,5.618987751E0
2.261206442E1,3.154091034E0,2.412383423E0,-4.147126007E0,5.741649427E0
2.262206742E1,2.953059082E0,2.388732605E0,-4.731061707E0,6.067087132E0
2.263207042E1,3.224295044E0,2.391876068E0,-5.495971069E0,6.806089013E0
2.264207242E1,3.681893463E0,2.000140686E0,-6.633006592E0,7.845615252E0
2.265207542E1,4.558620300E0,1.422641602E0,-7.981402588E0,9.300952394E0
2.266207842E1,5.020859070E0,9.551637268E-1,-8.485105133E0,9.905471855E0
2.267208042E1,4.186793518E0,8.861572266E-1,-7.173831940E0,8.353345395E0
2.268208342E1,9.014254761E-1,1.461710358E0,-3.682342529E0,4.063103686E0
2.269208542E1,-4.706812134E0,2.639610901E0,1.413360901E0,5.578459931E0
2.270208842E1,-1.184127594E1,3.452720032E0,6.805747375E0,1.408741597E1
2.271209142E1,-2.121298737E1,3.249891815E0,1.206341400E1,2.461866339E1
2.272209392E1,-3.210912872E1,1.018332367E0,1.659389282E1,3.615785429E1
2.273209692E1,-4.238031967E1,-2.299368439E0,1.922422302E1,4.659344741E1
2.274209992E1,-4.889342560E1,-4.186943207E0,1.936957077E1,5.275677996E1
2.275210192E1,-5.106061890E1,-3.522774353E0,1.904729095E1,5.461131782E1
2.276210492E1,-5.182073822E1,-1.318907318E0,1.996443375E1,5.554914078E1
2.277210692E1,-4.969351181E1,-6.610253906E-1,1.900537811E1,5.320795493E1
2.278210992E1,-4.292413879E1,-2.315235443E0,1.616892654E1,4.592685698E1
2.279211292E1,-3.579416565E1,-6.060596924E0,1.460123657E1,3.912990211E1
2.280211492E1,-3.106684616E1,-1.048165329E1,1.604752899E1,3.650393366E1
2.281211792E1,-3.009746201E1,-1.394021118E1,1.868504425E1,3.806990393E1
2.282212092E1,-3.228665955E1,-1.564037567E1,2.017309982E1,4.115827611E1
2.283212292E1,-3.441179031E1,-1.605366623E1,1.923934158E1,4.256810750E1
2.284212592E1,-3.441538284E1,-1.465183136E1,1.562031738E1,4.053503489E1
2.285212792E1,-3.216870483E1,-1.199994598E1,1.091769653E1,3.602804979E1
2.286213092E1,-2.800541245E1,-9.584269409E0,6.618037720E0,3.033083859E1
2.287213392E1,-2.338197693E1,-8.068970490E0,3.197500763E0,2.494091299E1
2.288213592E1,-1.901974823E1,-7.404202881E0,8.143066406E-1,2.042635891E1
2.289213892E1,-1.493070145E1,-6.921456757E0,-1.939965820E-1,1.645813003E1
2.290214192E1,-1.105900269E1,-6.176306305E0,1.679507446E-1,1.266793225E1
2.291214392E1,-7.987839203E0,-4.956492920E0,1.607656860E0,9.537135722E0
2.292214692E1,-5.803731079E0,-3.535048828E0,3.547472992E0,7.665796063E0
2.293214892E1,-4.262685699E0,-2.014361115E0,5.015021210E0,6.883209848E0
2.294215192E1,-3.253334656E0,-6.950047302E-1,5.611830139E0,6.523791495E0
2.295215492E1,-2.549348602E0,-1.197509766E-2,5.442083130E0,6.009624821E0
2.296215692E1,-1.695973206E0,4.248165894E-1,4.206702118E0,4.555561102E0
2.297215992E1,-9.508227539E-1,3.686833191E-1,2.090103607E0,2.325623441E0
2.298216292E1,3.570075989E-1,-2.918930054E-1,-5.309458923E-1,7.032492395E-1
2.299216492E1,2.175875244E0,-5.547463989E-1,-3.645968170E0,4.281969237E0
2.300216792E1,3.879033508E0,-7.911048889E-1,-6.457122345E0,7.574112283E0
2.301216992E1,5.415887604E0,-1.347198486E0,-8.681945801E0,1.032099633E1
2.302217292E1,6.681805115E0,-2.012115784E0,-1.055814423E1,1.265581048E1
2.303217592E1,6.930587769E0,-2.759062500E0,-1.140104141E1,1.362458139E1
2.304217792E1,6.743626556E0,-3.257975006E0,-1.122186401E1,1.349152075E1
2.305218092E1,6.188580780E0,-3.415297852E0,-1.016895355E1,1.238428067E1
2.306218392E1,4.986430664E0,-3.479214935E0,-8.258177032E0,1.025509216E1
2.307218592E1,3.747157745E0,-3.150498505E0,-6.283633118E0,7.965605887E0
2.308218892E1,2.597099304E0,-2.618654480E0,-4.479285278E0,5.802264445E0
2.309219092E1,1.433119812E0,-2.107916565E0,-2.675087128E0,3.695028522E0
2.310219392E1,2.351609802E-1,-1.663790131E0,-8.273295593E-1,1.872958218E0
2.311219692E1,-1.113384705E0,-1.371448059E0,1.082997894E0,2.072047229E0
2.312219892E1,-2.142644348E0,-1.124761047E0,2.655028839E0,3.592379483E0
2.313220192E1,-2.299667816E0,-7.934999084E-1,3.646716614E0,4.383680672E0
2.314220492E1,-2.094594269E0,-7.529342651E-1,4.258045349E0,4.804704502E0
2.315220692E1,-1.809287567E0,-9.662406921E-1,4.699627075E0,5.127732171E0
2.316220992E1,-9.470805359E-1,-7.731422424E-1,5.034181366E0,5.180510833E0
2.317221192E1,1.631607056E-2,-6.623725891E-1,4.913232880E0,4.957707231E0
2.318221492E1,7.409591675E-1,-7.309300232E-1,4.452341309E0,4.572376003E0
2.319221792E1,1.487456818E0,-6.878196716E-1,3.790866852E0,4.129926776E0
2.320221992E1,2.363884277E0,-5.078938293E-1,3.225193176E0,4.030853017E0
2.321222292E1,2.883004761E0,-3.932322693E-1,2.888842621E0,4.100214599E0
2.322222592E1,3.189267883E0,-1.923500061E-1,2.730771332E0,4.203039403E0
2.323222792E1,3.461102600E0,4.760101318E-2,2.465822296E0,4.249914900E0
2.324223092E1,3.333118744E0,1.236428833E-1,2.071841583E0,3.926511896E0
2.325223292E1,3.156336365E0,2.643502808E-1,1.596579895E0,3.547028007E0
2.326223592E1,2.889591064E0,3.436853027E-1,1.023421783E0,3.084679603E0
2.327223892E1,2.645598450E0,4.122427368E-1,4.520599365E-2,2.677905677E0
2.328224092E1,2.301015015E0,3.712280273E-1,-1.137933655E0,2.593718055E0
2.329224392E1,1.997296600E0,4.782554626E-1,-2.443818054E0,3.192204361E0
2.330224692E1,1.524280243E0,6.767427063E-1,-3.817810822E0,4.166184156E0
2.331224892E1,7.854167175E-1,8.165519714E-1,-4.743186493E0,4.876623283E0
2.332225192E1,-7.809260559E-1,9.862989807E-1,-4.604574738E0,4.773336328E0
2.333225392E1,-3.247197418E0,1.611848145E0,-3.208428040E0,4.841111029E0
2.334225692E1,-6.451284485E0,2.617007904E0,-1.480421448E0,7.117545190E0
2.335225992E1,-1.001851639E1,3.284020844E0,9.639953613E-2,1.054346985E1
2.336226192E1,-1.321796310E1,2.768941956E0,1.116079102E0,1.355091217E1
2.337226492E1,-1.631352585E1,1.115330658E0,1.794169006E0,1.644974561E1
2.338226792E1,-1.923080933E1,-8.029302979E-1,2.724185028E0,1.943939064E1
2.339226992E1,-2.252111710E1,-3.072360992E0,4.170477448E0,2.310915402E1
2.340227292E1,-2.599988297E1,-5.260211334E0,5.892945557E0,2.717334254E1
2.341227492E1,-2.929408264E1,-6.737938385E0,7.834108887E0,3.106310277E1
2.342227792E1,-3.160722244E1,-6.976242828E0,9.843979340E0,3.383176619E1
2.343228092E1,-3.321398117E1,-6.961273956E0,1.156794434E1,3.585310609E1
2.344228292E1,-3.444262619E1,-7.331753540E0,1.319116882E1,3.760393655E1
2.345228592E1,-3.497222488E1,-7.303761749E0,1.490570343E1,3.871151565E1
2.346228892E1,-3.533971069E1,-7.379354553E0,1.684776489E1,3.983964367E1
2.347229092E1,-3.594535126E1,-8.034841461E0,1.926643524E1,4.156708411E1
2.348229392E1,-3.677881805E1,-8.742270355E0,2.190784241E1,4.369281757E1
2.349229592E1,-3.730841675E1,-9.183103638E0,2.415212540E1,4.538251330E1
2.350229892E1,-3.702640320E1,-9.293124847E0,2.540921127E1,4.585787523E1
2.351230192E1,-3.580389542E1,-9.500892792E0,2.491119690E1,4.464026906E1
2.352230392E1,-3.356979126E1,-9.922715607E0,2.216066666E1,4.143049984E1
2.353230692E1,-3.016841446E1,-1.016446289E1,1.837234451E1,3.675585096E1
2.354230992E1,-2.626602951E1,-1.039737854E1,1.412268173E1,3.158258897E1
2.355231192E1,-2.264056870E1,-1.044976959E1,1.012210098E1,2.691189261E1
2.356231492E1,-1.959934296E1,-9.740993500E0,7.154372406E0,2.302620775E1
2.357231692E1,-1.715432739E1,-8.446485443E0,5.360951843E0,1.985834508E1
2.358231992E1,-1.509371246E1,-6.882537689E0,4.247716827E0,1.712403513E1
2.359232292E1,-1.317560120E1,-5.337750092E0,3.302282867E0,1.459428364E1
2.360232492E1,-1.099897751E1,-3.961062927E0,2.107766876E0,1.187898173E1
2.361232792E1,-8.637039185E0,-2.879262543E0,6.700067139E-1,9.128937926E0
2.362232992E1,-6.043831787E0,-2.185605011E0,-8.134085083E-1,6.478148295E0
2.363233292E1,-3.185375977E0,-1.784439240E0,-2.381098480E0,4.358953256E0
2.364233592E1,-5.104385376E-1,-1.536105652E0,-3.827690277E0,4.155885096E0
2.365233792E1,1.905238037E0,-1.291663971E0,-5.015470276E0,5.518448141E0
2.366234092E1,3.897894287E0,-1.349294128E0,-5.911057892E0,7.207966421E0
2.367234392E1,5.799988861E0,-1.705852661E0,-6.438261566E0,8.831818391E0
2.368234592E1,7.596852264E0,-1.733096008E0,-6.596632233E0,1.020937525E1
2.369234892E1,8.531658325E0,-1.316811676E0,-6.090684357E0,1.056501882E1
2.370235092E1,8.187374268E0,-1.000968475E0,-4.910987549E0,9.599626763E0
2.371235392E1,6.659052429E0,-1.129251709E0,-3.545527039E0,7.628168237E0
2.372235704E1,4.763244781E0,-1.339564362E0,-2.771786041E0,5.671484055E0
2.373235904E1,3.226390686E0,-1.435065765E0,-2.877466278E0,4.555087572E0
2.374236204E1,1.853296051E0,-1.560355225E0,-3.682941284E0,4.408341092E0
2.375236504E1,8.376580811E-1,-1.437760162E0,-4.534819794E0,4.830467463E0
2.376236704E1,2.806663513E-1,-1.023272095E0,-5.284161530E0,5.389640290E0
2.377237004E1,-1.029858398E-1,-5.569917297E-1,-5.764512634E0,5.792275182E0
2.378237204E1,-5.248086548E-1,-1.935475159E-1,-5.829477539E0,5.856252483E0
2.379237504E1,-1.038390656E0,1.065783691E-1,-5.140610046E0,5.245520541E0
2.380237804E1,-1.696571960E0,2.917433167E-1,-3.672163696E0,4.055645053E0
2.381238004E1,-2.167792053E0,3.838018799E-1,-1.787133636E0,2.835572765E0
2.382238304E1,-2.483784943E0,5.257067871E-1,3.022215271E-1,2.556734855E0
2.383238604E1,-2.794239349E0,6.102809143E-1,2.242786102E0,3.634598442E0
2.384238804E1,-2.645748138E0,7.000941467E-1,3.743265839E0,4.637041532E0
2.385239104E1,-1.902543640E0,6.610253906E-1,4.471800842E0,4.904449984E0
2.386239304E1,-8.017327881E-1,3.492237854E-1,4.498445435E0,4.582656876E0
2.387239604E1,2.999761963E-1,-2.260299683E-2,4.334985352E0,4.345410753E0
2.388239904E1,1.360371094E0,-1.555265808E-1,4.127367096E0,4.348558057E0
2.389240104E1,2.159409485E0,-1.953437805E-1,3.885619812E0,4.449634798E0
2.390240404E1,2.645149384E0,-1.776805115E-1,3.591780853E0,4.464221693E0
2.391240704E1,2.836002502E0,-1.661544800E-1,3.203787689E0,4.281912314E0
2.392240904E1,2.766846313E0,-2.341131592E-1,2.663112030E0,3.847390437E0
2.393241204E1,2.677182770E0,-2.927911377E-1,2.114203491E0,3.423870709E0
2.394241404E1,2.664608917E0,-2.640509033E-1,1.393751678E0,3.018676416E0
2.395241704E1,2.870730286E0,-1.935475159E-1,4.782554626E-1,2.916724413E0
2.396242004E1,3.177891541E0,5.598358154E-2,-2.432441711E-1,3.187678863E0
2.397242204E1,3.153492279E0,3.224295044E-1,-8.035290527E-1,3.270188569E0
2.398242504E1,2.629432068E0,4.149371338E-1,-1.050665131E0,2.861814641E0
2.399242704E1,1.923050995E0,4.552033997E-1,-9.592053223E-1,2.196681614E0
2.400243004E1,1.096769257E0,4.788542175E-1,-8.581654358E-1,1.472634401E0
2.401243304E1,2.502795410E-1,5.041516113E-1,-6.071374512E-1,8.279037266E-1
2.402243504E1,-1.033001862E0,6.659651184E-1,-7.753875732E-2,1.231509092E0
2.403243804E1,-2.628683624E0,9.014254761E-1,3.052153015E-1,2.795657680E0
2.404244104E1,-4.574038239E0,4.893324280E-1,5.194198608E-1,4.629370262E0
2.405244304E1,-7.442223816E0,-8.020321655E-1,7.280859375E-1,7.520642263E0
2.406244604E1,-1.083267334E1,-2.197879486E0,5.797444153E-1,1.106858571E1
2.407244904E1,-1.479313751E1,-4.147126007E0,1.207987976E-1,1.536392411E1
2.408245104E1,-1.996293686E1,-7.132517853E0,3.299139404E-1,2.120142689E1
2.409245404E1,-2.547552338E1,-1.067250641E1,1.543889465E0,2.766384426E1
2.410245604E1,-2.998714142E1,-1.326601318E1,3.254083099E0,3.295155251E1
2.411245904E1,-3.274814987E1,-1.385728363E1,5.227878571E0,3.594156847E1
2.412246204E1,-3.387785065E1,-1.369337448E1,7.855514374E0,3.737547826E1
2.413246404E1,-3.363580399E1,-1.442265793E1,1.059496765E1,3.810031117E1
2.414246704E1,-3.252182053E1,-1.502021530E1,1.313413742E1,3.815470146E1
2.415247004E1,-3.160497711E1,-1.536360123E1,1.577584396E1,3.852002172E1
2.416247204E1,-3.229893402E1,-1.637744293E1,1.907004364E1,4.092808743E1
2.417247504E1,-3.392814606E1,-1.675929886E1,2.237546997E1,4.396197049E1
2.418247704E1,-3.542578171E1,-1.629481476E1,2.502675659E1,4.633406461E1
2.419248004E1,-3.663661377E1,-1.548170563E1,2.622516449E1,4.764119992E1
2.420248304E1,-3.650249268E1,-1.455423431E1,2.485596176E1,4.649813483E1
2.421248504E1,-3.458512985E1,-1.392943359E1,2.089010880E1,4.273823783E1
2.422248804E1,-3.080803436E1,-1.325119400E1,1.581146988E1,3.707737455E1
2.423249104E1,-2.673784836E1,-1.215457443E1,1.103026245E1,3.137376140E1
2.424249304E1,-2.321746902E1,-1.071771240E1,7.157515869E0,2.655466551E1
2.425249604E1,-2.014331177E1,-8.925189972E0,4.772226105E0,2.254298487E1
2.426249804E1,-1.736493942E1,-6.991211700E0,3.789819031E0,1.909923796E1
2.427250104E1,-1.474194397E1,-5.008434906E0,3.666774902E0,1.599545468E1
2.428250404E1,-1.217538116E1,-3.025658112E0,3.794309692E0,1.310691800E1
2.429250604E1,-9.860445099E0,-1.108894043E0,3.712579651E0,1.059439811E1
2.430250904E1,-7.922125854E0,6.547384644E-1,3.477418671E0,8.676474003E0
2.431251104E1,-6.492299194E0,2.024539948E0,3.135679321E0,7.488737920E0
2.432251404E1,-5.336552582E0,2.924318848E0,2.533930664E0,6.591755365E0
2.433251704E1,-4.195176086E0,3.450624390E0,1.640289001E0,5.674227620E0
2.434251904E1,-2.964435425E0,3.791465607E0,4.159849548E-1,4.830748629E0
2.435252204E1,-1.894011383E0,3.800446930E0,-7.482939148E-1,4.311684099E0
2.436252504E1,-9.327104187E-1,3.664529572E0,-1.325643311E0,4.007000860E0
2.437252704E1,-1.371148682E-1,3.370241547E0,-1.696422272E0,3.775602878E0
2.438253004E1,4.857398987E-1,2.556383972E0,-2.160756683E0,3.382293853E0
2.439253204E1,9.903405762E-1,1.333576813E0,-2.918331299E0,3.357954607E0
2.440253504E1,1.582509155E0,2.993774414E-3,-3.982618103E0,4.285509438E0
2.441253804E1,2.721041565E0,-9.181906128E-1,-5.677244110E0,6.362251322E0
2.442254004E1,3.935765533E0,-1.681004333E0,-7.692802734E0,8.803138066E0
2.443254304E1,4.961282959E0,-2.373614044E0,-9.411828003E0,1.090095769E1
2.444254604E1,5.634283447E0,-2.649041290E0,-1.038615189E1,1.210928242E1
2.445254804E1,5.806126099E0,-2.645897827E0,-1.048734146E1,1.227583832E1
2.446255104E1,5.337899780E0,-2.448608093E0,-9.502239990E0,1.117056044E1
2.447255304E1,4.386478271E0,-2.146835632E0,-7.531438293E0,8.976227360E0
2.448255604E1,3.135829010E0,-1.775158539E0,-5.278173981E0,6.390910106E0
2.449255904E1,1.727108459E0,-1.357676697E0,-3.117117920E0,3.813477910E0
2.450256104E1,3.007246399E-1,-1.000968475E0,-7.894583130E-1,1.309815875E0
2.451256404E1,-6.179150391E-1,-6.004014587E-1,1.670975189E0,1.880015689E0
2.452256704E1,-8.939410400E-1,-1.034349060E-1,3.906576233E0,4.008886033E0
2.453256904E1,-8.192463684E-1,3.845503235E-1,5.527705078E0,5.601300473E0
2.454257204E1,-4.426295471E-1,6.336323547E-1,6.264173584E0,6.311678189E0
2.455257404E1,-1.047821045E-2,6.102809143E-1,5.998925171E0,6.029896831E0
2.456257704E1,5.438191223E-1,2.257305908E-1,4.894521790E0,4.929811060E0
2.457258004E1,1.337169342E0,-1.996847534E-1,3.188220062E0,3.463039563E0
2.458258204E1,2.188149719E0,-3.558100891E-1,1.363364868E0,2.602568688E0
2.459258504E1,2.097887421E0,-2.652484131E-1,-1.960922241E-2,2.114680324E0
2.460258704E1,2.068249054E0,1.553768921E-1,-1.658101959E0,2.655390411E0
2.461259004E1,2.295027466E0,5.423222351E-1,-3.456312561E0,4.184179847E0
2.462259304E1,2.477647705E0,6.881190491E-1,-5.052443390E0,5.669164858E0
2.463259504E1,2.755020905E0,7.861651611E-1,-6.302493896E0,6.923122501E0
2.464259804E1,2.585722961E0,8.765771484E-1,-6.881489868E0,7.403327194E0
2.465260104E1,1.798060913E0,9.889933777E-1,-6.657854919E0,6.966933549E0
2.466260304E1,1.494791565E0,1.436113586E0,-5.953569489E0,6.304110858E0
2.467260604E1,1.055455170E0,1.319356384E0,-4.478836212E0,4.786926018E0
2.468260804E1,-6.842271423E-1,4.569996643E-1,-2.863994293E0,2.979845430E0
2.469261104E1,-1.998194733E0,4.647834778E-1,-1.604812775E0,2.604655431E0
2.470261404E1,-4.595743103E0,7.932005310E-1,-1.092877350E0,4.790031592E0
2.471261604E1,-6.811435547E0,1.359023895E0,-9.436376953E-1,7.009497290E0
2.472261867E1,-8.098010101E0,1.563199310E0,-6.843768311E-1,8.275852302E0
2.473262167E1,-1.130419281E1,5.818400574E-1,-4.471202087E-1,1.132798435E1
2.474262367E1,-1.821831482E1,-2.119592285E-1,-1.390608215E0,1.827253986E1
2.475262667E1,-1.988345215E1,-4.248165894E-1,1.037791901E0,1.991504834E1
2.476262867E1,-1.974948074E1,-4.123026123E0,7.057523804E0,2.137404913E1
2.477263167E1,-2.588522141E1,-9.188492432E0,1.041219772E1,2.937493731E1
2.478263467E1,-3.191109055E1,-1.059885956E1,1.349997665E1,3.623400190E1
2.479263667E1,-3.602768005E1,-9.897418213E0,1.748693573E1,4.125221859E1
2.480263967E1,-3.854888718E1,-9.691446533E0,2.010379395E1,4.454327524E1
2.481264267E1,-3.918177109E1,-9.680219879E0,2.125909149E1,4.561651909E1
2.482264467E1,-3.840698227E1,-1.012509476E1,2.168735092E1,4.525433704E1
2.483264767E1,-3.705559250E1,-1.173529633E1,2.195155151E1,4.463972143E1
2.484264967E1,-3.536919937E1,-1.371986938E1,2.278127609E1,4.425157196E1
2.485265267E1,-3.362637360E1,-1.491947479E1,2.470013580E1,4.431050031E1
2.486265567E1,-3.201991425E1,-1.470796463E1,2.682406906E1,4.428464534E1
2.487265767E1,-3.056074860E1,-1.354982300E1,2.761098267E1,4.335808370E1
2.488266067E1,-2.891028076E1,-1.226938568E1,2.634356827E1,4.099177659E1
2.489266267E1,-2.671045532E1,-1.110316086E1,2.281061508E1,3.683819709E1
2.490266567E1,-2.391621597E1,-9.790690155E0,1.794558197E1,3.146246831E1
2.491266867E1,-2.088995911E1,-8.323890381E0,1.298983749E1,2.596947094E1
2.492267067E1,-1.810649734E1,-6.655459900E0,8.515641632E0,2.108688087E1
2.493267367E1,-1.579126190E1,-4.941074982E0,4.587210846E0,1.717034297E1
2.494267667E1,-1.353889572E1,-3.446433105E0,1.289418640E0,1.403004629E1
2.495267867E1,-1.107531876E1,-2.274370422E0,-1.088686066E0,1.135872720E1
2.496268167E1,-8.167615356E0,-1.464853821E0,-2.762355652E0,8.745647264E0
2.497268367E1,-4.660408630E0,-8.653504944E-1,-3.894002380E0,6.134451452E0
2.498268667E1,-1.095422058E0,7.274871826E-2,-4.740342407E0,4.865808052E0
2.499268967E1,1.245709534E0,4.200265503E-1,-5.198389893E0,5.362039912E0
2.500269167E1,2.769840088E0,6.990463257E-2,-4.932243347E0,5.657201181E0
2.501269467E1,3.804488525E0,4.700225830E-2,-4.379592590E0,5.801480277E0
2.502269767E1,4.148622894E0,-3.577560425E-1,-3.721411285E0,5.584618453E0
2.503269967E1,4.486320648E0,-1.085542603E0,-3.519780579E0,5.804681819E0
2.504270267E1,5.381908264E0,-1.815275116E0,-4.361330566E0,7.161100797E0
2.505270467E1,6.046226807E0,-2.417622528E0,-6.043083344E0,8.883727460E0
2.506270767E1,6.271508331E0,-2.650388489E0,-7.735464020E0,1.030503661E1
2.507271067E1,6.033952332E0,-2.789149933E0,-9.074729004E0,1.124893971E1
2.508271267E1,5.544919281E0,-2.680775299E0,-1.012449600E1,1.185065843E1
2.509271567E1,4.813839569E0,-2.335593109E0,-1.058164536E1,1.185745609E1
2.510271767E1,3.624862061E0,-1.982028351E0,-9.996811523E0,1.081685268E1
2.511272067E1,2.225571899E0,-1.657054138E0,-8.136031036E0,8.596161918E0
2.512272367E1,1.118324432E0,-1.421294403E0,-5.528603210E0,5.816887550E0
2.513272567E1,2.377056885E-1,-1.289119263E0,-2.789748688E0,3.082374119E0
2.514272867E1,-5.514532471E-1,-1.304088135E0,7.723937988E-2,1.417995934E0
2.515273167E1,-1.242266693E0,-1.373543701E0,2.786156158E0,3.345521630E0
2.516273367E1,-1.403331757E0,-1.390757904E0,4.848417664E0,5.235523031E0
2.517273667E1,-7.445516968E-1,-1.310973816E0,6.031108246E0,6.216693353E0
2.518273867E1,3.149450684E-1,-1.274449768E0,6.292913818E0,6.428388362E0
2.519274167E1,1.135538635E0,-1.279838562E0,5.929918671E0,6.171820653E0
2.520274467E1,1.751807098E0,-1.183439026E0,5.127437439E0,5.546167211E0
2.521274667E1,1.997595978E0,-9.871971130E-1,4.154760132E0,4.714549775E0
2.522274967E1,2.027234344E0,-7.795788574E-1,3.358266449E0,3.999421936E0
2.523275267E1,2.036065979E0,-5.285508728E-1,2.381547546E0,3.177530395E0
2.524275467E1,2.048041077E0,-2.811154175E-1,1.152154083E0,2.366634142E0
2.525275767E1,2.205962677E0,2.709365845E-2,-1.648072815E-1,2.212276393E0
2.526275967E1,2.442470856E0,3.477268982E-1,-1.358874207E0,2.816578951E0
2.527276267E1,2.485581207E0,6.472540283E-1,-2.240690460E0,3.408481400E0
2.528276567E1,2.390379181E0,1.049168243E0,-2.717449036E0,3.768182041E0
2.529276767E1,2.314936066E0,1.395248566E0,-2.945275269E0,3.997535986E0
2.530277067E1,1.959125977E0,1.585951996E0,-2.823728027E0,3.785083658E0
2.531277267E1,1.407373352E0,1.787582703E0,-2.262245636E0,3.208411911E0
2.532277567E1,8.216413879E-1,1.982327728E0,-1.444196777E0,2.586585031E0
2.533277867E1,2.927911377E-1,2.033072205E0,-6.532415771E-1,2.155419634E0
2.534278067E1,-6.496490479E-2,2.044598236E0,-1.345701599E-1,2.050051588E0
2.535278367E1,-5.824388123E-1,1.809586945E0,2.477348328E-1,1.917084356E0
2.536278667E1,-1.535357208E0,1.561253357E0,5.075944519E-1,2.247773549E0
2.537278867E1,-2.674188995E0,1.534908142E0,7.622149658E-1,3.176192916E0
2.538279167E1,-4.145778809E0,1.688937836E0,7.267387390E-1,4.535211366E0
2.539279367E1,-6.732399902E0,9.596543884E-1,7.367678833E-1,6.840246480E0
2.540279667E1,-1.085512665E1,-1.060394897E0,1.077010345E0,1.095984321E1
2.541279967E1,-1.598944977E1,-3.810176697E0,2.270628204E0,1.659324268E1
2.542280167E1,-2.224808487E1,-6.960824890E0,4.404440918E0,2.372402713E1
2.543280467E1,-2.967878265E1,-9.993518372E0,7.211703186E0,3.213579332E1
2.544280767E1,-3.710079849E1,-1.138307877E1,1.010593460E1,4.010204041E1
2.545280967E1,-4.347259827E1,-1.067579956E1,1.356763596E1,4.677520969E1
2.546281267E1,-4.757197357E1,-8.754245453E0,1.724264374E1,5.135210070E1
2.547281467E1,-4.765729614E1,-7.392377472E0,1.858475281E1,5.168421575E1
2.548281767E1,-4.421580276E1,-7.946525116E0,1.768272858E1,4.827901579E1
2.549282067E1,-4.017899734E1,-1.044153671E1,1.799632645E1,4.524649469E1
2.550282267E1,-3.729853729E1,-1.325239151E1,2.066467758E1,4.465238700E1
2.551282567E1,-3.555451401E1,-1.450019669E1,2.354379044E1,4.504097288E1
2.552282767E1,-3.415073318E1,-1.445558945E1,2.467992783E1,4.454588063E1
2.553283067E1,-3.251927582E1,-1.406969193E1,2.333003494E1,4.242346121E1
2.554283367E1,-3.048904770E1,-1.348485809E1,1.967044510E1,3.870852410E1
2.555283567E1,-2.760020508E1,-1.242236755E1,1.470646774E1,3.365065719E1
2.556283867E1,-2.413895279E1,-1.088686066E1,9.702074432E0,2.820182663E1
2.557284167E1,-2.062381256E1,-9.102720795E0,5.349425812E0,2.316932297E1
2.558284367E1,-1.765608398E1,-7.238198090E0,1.865420837E0,1.917312202E1
2.559284667E1,-1.533411255E1,-5.245691528E0,-1.618135071E-1,1.620735854E1
2.560284867E1,-1.346614700E1,-3.353177032E0,-8.924441528E-1,1.390601912E1
2.561285167E1,-1.185759201E1,-1.809736633E0,-9.051676941E-1,1.202900509E1
2.562285467E1,-1.005489075E1,-5.504054260E-1,-6.542893982E-1,1.009117777E1
2.563285667E1,-8.051157532E0,2.857557678E-1,-5.917195129E-1,8.077928320E0
2.564285967E1,-5.766159210E0,7.900570679E-1,-4.593946838E-1,5.838135463E0
2.565286267E1,-3.140319672E0,1.147813110E0,-2.875520325E-1,3.355855889E0
2.566286467E1,-7.295828247E-1,1.277293854E0,-3.646417236E-1,1.515498028E0
2.567286767E1,1.493444366E0,1.394949188E0,-9.241781616E-1,2.242847429E0
2.568286967E1,3.313359833E0,1.373394012E0,-1.778302002E0,4.003363899E0
2.569287267E1,4.473746796E0,1.154100037E0,-2.309547272E0,5.165304046E0
2.570287567E1,4.850962372E0,9.424401855E-1,-2.474953308E0,5.526791412E0
2.571287767E1,4.663552094E0,6.950047302E-1,-2.338886261E0,5.263282117E0
2.572288042E1,4.377347260E0,4.293072510E-1,-2.384990387E0,5.003364157E0
2.573288242E1,3.849544830E0,-1.838177490E-1,-2.770289154E0,4.746291854E0
2.574288542E1,3.466192017E0,-8.577163696E-1,-3.571572876E0,5.050375954E0
2.575288842E1,3.423530731E0,-1.320553894E0,-4.468358002E0,5.781924289E0
2.576289042E1,3.493734741E0,-1.487456818E0,-5.201982422E0,6.440444965E0
2.577289342E1,3.161276093E0,-1.583556976E0,-5.562432861E0,6.591052918E0
2.578289642E1,2.301164703E0,-1.570683746E0,-5.371280365E0,6.050872597E0
2.579289842E1,1.275497589E0,-1.415456543E0,-4.556973724E0,4.939273312E0
2.580290142E1,3.851490784E-1,-1.053060150E0,-3.406915283E0,3.586690290E0
2.581290342E1,-5.975573730E-1,-6.155200195E-1,-2.186652832E0,2.348912582E0
2.582290642E1,-1.451232147E0,-2.634521484E-1,-1.121168518E0,1.852700900E0
2.583290942E1,-2.024839325E0,-1.526824951E-2,-1.523831177E-1,2.030622571E0
2.584291142E1,-2.135459290E0,1.109193420E-1,6.592291260E-1,2.237648882E0
2.585291442E1,-1.954036560E0,8.187973022E-2,1.342408447E0,2.372134821E0
2.586291642E1,-1.655108185E0,-9.729766846E-2,1.922152863E0,2.538409259E0
2.587291942E1,-1.247805176E0,-3.797602844E-1,2.381697235E0,2.715458958E0
2.588292242E1,-6.020480347E-1,-5.276527405E-1,2.697241058E0,2.813536667E0
2.589292442E1,6.122268677E-2,-6.111790466E-1,2.827021179E0,2.892980607E0
2.590292742E1,5.782475281E-1,-7.357200623E-1,2.737956390E0,2.893451124E0
2.591293042E1,8.045768738E-1,-9.701325989E-1,2.464175720E0,2.767790307E0
2.592293242E1,9.268725586E-1,-1.129850464E0,1.994602203E0,2.472669157E0
2.593293542E1,1.173709259E0,-1.164877625E0,1.346749420E0,2.132666712E0
2.594293742E1,1.403631134E0,-1.263672180E0,6.447093201E-1,1.995669774E0
2.595294042E1,1.619033203E0,-1.396895142E0,-4.490661621E-4,2.138360295E0
2.596294342E1,1.877395935E0,-1.408121796E0,-5.300477600E-1,2.405903804E0
2.597294542E1,2.106719055E0,-1.297202454E0,-1.111438751E0,2.712249155E0
2.598294842E1,2.156565399E0,-1.159937897E0,-1.664987640E0,2.961150805E0
2.599295142E1,2.029479675E0,-1.005758514E0,-2.025288391E0,3.038442201E0
2.600295342E1,1.775757294E0,-9.605525208E-1,-1.981579285E0,2.828892287E0
2.601295642E1,1.681902466E0,-6.491999817E-1,-1.577419739E0,2.395518640E0
2.602295842E1,1.608854370E0,5.343887329E-2,-1.179397430E0,1.995556663E0
2.603296142E1,8.903485107E-1,6.905140686E-1,-1.198707275E0,1.645122877E0
2.604296442E1,-4.475692749E-1,9.864486694E-1,-1.467398529E0,1.823912738E0
2.605296642E1,-2.171234894E0,1.543440399E0,-1.204245758E0,2.923470040E0
2.606296942E1,-4.836891632E0,1.849853210E0,-3.927832031E-1,5.193433951E0
2.607297142E1,-8.494086456E0,9.963281250E-1,5.568420410E-1,8.570428666E0
2.608297442E1,-1.223645416E1,-3.787124634E-1,1.382375336E0,1.232011344E1
2.609297742E1,-1.614063538E1,-2.472857666E0,2.227218475E0,1.648015890E1
2.610297942E1,-1.996203873E1,-5.101092224E0,3.494932251E0,2.089781528E1
2.611298242E1,-2.381682266E1,-6.745572510E0,5.326373749E0,2.532023001E1
2.612298542E1,-2.740740601E1,-7.218139801E0,7.403454437E0,2.929297840E1
2.613298742E1,-3.106145737E1,-6.967411194E0,9.830657043E0,3.331667406E1
2.614299042E1,-3.486205399E1,-5.895639954E0,1.245320343E1,3.748604613E1
2.615299242E1,-3.750121582E1,-4.511917419E0,1.492591141E1,4.061380822E1
2.616299542E1,-3.918820770E1,-4.437073059E0,1.700703369E1,4.294930075E1
2.617299842E1,-4.045846619E1,-6.134992218E0,1.840587479E1,4.486983221E1
2.618300042E1,-4.038586716E1,-8.381520538E0,1.964395020E1,4.568536890E1
2.619300342E1,-3.860112854E1,-1.000983444E1,2.075269455E1,4.495462425E1
2.620300542E1,-3.546829330E1,-1.061876816E1,2.061707657E1,4.237713904E1
2.621300842E1,-3.200030502E1,-1.081381256E1,1.846215775E1,3.849427662E1
2.622301142E1,-2.892779434E1,-1.137349869E1,1.498997818E1,3.450903076E1
2.623301342E1,-2.618684418E1,-1.204664886E1,1.069585785E1,3.074530748E1
2.624301642E1,-2.379975815E1,-1.191986252E1,6.349945221E0,2.736482075E1
2.625301942E1,-2.198912338E1,-1.100825821E1,2.649041290E0,2.473298841E1
2.626302142E1,-2.053834030E1,-9.545949097E0,2.761756897E-1,2.265005164E1
2.627302442E1,-1.943588287E1,-7.795638885E0,-4.379891968E-1,2.094558100E1
2.628302642E1,-1.845841553E1,-6.033952332E0,3.525169373E-1,1.942282041E1
2.629302942E1,-1.718516327E1,-4.612807617E0,1.848056946E0,1.788919074E1
2.630303242E1,-1.564471664E1,-3.462749176E0,3.283422089E0,1.635630311E1
2.631303442E1,-1.364756973E1,-2.286644897E0,4.551734619E0,1.456719577E1
2.632303742E1,-1.127724884E1,-1.225351868E0,5.315446472E0,1.252724231E1
2.633303942E1,-8.846154327E0,-5.737568665E-1,5.466332703E0,1.041462609E1
2.634304242E1,-6.476282501E0,-1.017883301E-1,5.075495453E0,8.228806110E0
2.635304542E1,-4.117637329E0,6.646179199E-2,4.063450012E0,5.785410992E0
2.636304742E1,-1.863025818E0,-1.001417542E-1,2.524200897E0,3.138866633E0
2.637305042E1,3.457809448E-1,-4.354444885E-1,7.926017761E-1,9.681910658E-1
2.638305342E1,2.366728363E0,-8.041278076E-1,-1.222956848E0,2.782741118E0
2.639305542E1,4.098926239E0,-1.078956299E0,-3.167263641E0,5.291209879E0
2.640305842E1,5.517226868E0,-1.163231049E0,-4.682412872E0,7.329248876E0
2.641306042E1,6.209237823E0,-1.267264709E0,-5.674250336E0,8.506333585E0
2.642306342E1,6.026168518E0,-1.531465302E0,-6.057453461E0,8.680601097E0
2.643306642E1,5.433401184E0,-1.723515930E0,-6.112389221E0,8.357850057E0
2.644306842E1,4.750820618E0,-1.697320404E0,-6.024222565E0,7.857636452E0
2.645307142E1,3.813619537E0,-1.569635925E0,-5.742807770E0,7.070169163E0
2.646307342E1,2.873574371E0,-1.311422882E0,-5.258714447E0,6.134438628E0
2.647307642E1,1.847009125E0,-1.044378204E0,-4.683161316E0,5.141416969E0
2.648307942E1,7.253915405E-1,-7.902067566E-1,-4.056863708E0,4.196279633E0
2.649308142E1,-2.766247559E-1,-4.885839844E-1,-3.322041779E0,3.369153773E0
2.650308442E1,-1.082099762E0,-1.901046753E-1,-2.616558838E0,2.837861842E0
2.651308742E1,-1.798210602E0,1.107696533E-1,-1.991608429E0,2.685579159E0
2.652308942E1,-2.347717896E0,3.438349915E-1,-1.388961639E0,2.749402890E0
2.653309242E1,-2.764451294E0,5.827381897E-1,-7.367678833E-1,2.919692050E0
2.654309442E1,-2.829416199E0,9.270222473E-1,-1.178050232E-1,2.979738964E0
2.655309742E1,-2.713108063E0,1.151705017E0,4.149371338E-1,2.976500064E0
2.656310042E1,-2.460882568E0,1.248104553E0,8.919950867E-1,2.899890209E0
2.657310242E1,-2.207758942E0,1.309626617E0,1.460213470E0,2.953226168E0
2.658310542E1,-1.883832550E0,1.420995026E0,2.136656799E0,3.183292983E0
2.659310742E1,-1.374142456E0,1.566193085E0,2.571203156E0,3.309428037E0
2.660311042E1,-8.258326721E-1,1.396446075E0,2.546803894E0,3.019647549E0
2.661311342E1,-8.038284302E-2,1.061293030E0,2.155068512E0,2.403564975E0
2.662311542E1,7.592211914E-1,8.170010376E-1,1.435065765E0,1.817504130E0
2.663311842E1,1.430575104E0,6.550378418E-1,7.768844604E-1,1.754756156E0
2.664312142E1,2.063908081E0,6.477030945E-1,4.547543335E-1,2.210438275E0
2.665312342E1,2.529889069E0,6.791377258E-1,3.029699707E-1,2.636921985E0
2.666312642E1,2.847528534E0,6.999444580E-1,1.218466187E-1,2.934823265E0
2.667312842E1,2.951412506E0,6.732998657E-1,-7.888595581E-2,3.028265425E0
2.668313142E1,2.793341217E0,6.851252747E-1,-1.498384094E-1,2.880035303E0
2.669313442E1,2.277064819E0,7.779322815E-1,-5.792953491E-2,2.406981233E0
2.670313642E1,1.409918060E0,6.779402161E-1,7.469467163E-2,1.566221941E0
2.671313942E1,4.667294312E-1,6.456074524E-1,1.829196167E-1,8.173768596E-1
2.672314279E1,-3.519181824E-1,8.036787415E-1,2.122586060E-1,9.026625296E-1
2.673314479E1,-1.109792175E0,8.143066406E-1,2.489323425E-1,1.398821393E0
2.674314779E1,-2.111658783E0,7.194039917E-1,2.094145203E-1,2.240647085E0
2.675314979E1,-3.415148163E0,2.526745605E-1,1.203497314E-1,3.426596776E0
2.676315279E1,-5.386249237E0,-8.083190918E-1,1.115180969E-1,5.447705653E0
2.677315579E1,-8.749455414E0,-2.456541595E0,4.613406372E-1,9.099472613E0
2.678315779E1,-1.276111313E1,-4.450545044E0,1.307830353E0,1.357806244E1
2.679316079E1,-1.708681778E1,-6.768923950E0,2.626438293E0,1.856544778E1
2.680316279E1,-2.203612564E1,-9.526190186E0,4.460424500E0,2.441791390E1
2.681316579E1,-2.831781281E1,-1.191207870E1,7.078031158E0,3.152609500E1
2.682316879E1,-3.482493118E1,-1.271785309E1,1.036893768E1,3.849720104E1
2.683317079E1,-4.073853378E1,-1.198707275E1,1.450378922E1,4.487402310E1
2.684317379E1,-4.556584534E1,-1.154070099E1,1.846575027E1,5.050166308E1
2.685317579E1,-4.782898911E1,-1.177556259E1,2.134052216E1,5.368141167E1
2.686317879E1,-4.707365982E1,-1.244092896E1,2.225122833E1,5.353338514E1
2.687318179E1,-4.302443024E1,-1.305345520E1,2.220766891E1,5.014653376E1
2.688318379E1,-3.730706955E1,-1.347123642E1,2.207220062E1,4.539244088E1
2.689318679E1,-3.190270798E1,-1.420411240E1,2.116134476E1,4.083310051E1
2.690318979E1,-2.729813324E1,-1.492665985E1,1.910971115E1,3.651265963E1
2.691319179E1,-2.326267502E1,-1.507649826E1,1.600875961E1,3.201145472E1
2.692319479E1,-2.014480865E1,-1.467862564E1,1.201835770E1,2.767157907E1
2.693319679E1,-1.809212723E1,-1.355895401E1,7.837551727E0,2.392900998E1
2.694319979E1,-1.666379745E1,-1.167841461E1,4.473597107E0,2.083460066E1
2.695320279E1,-1.583437225E1,-9.200766907E0,2.659220123E0,1.850548319E1
2.696320479E1,-1.559142746E1,-6.597380676E0,2.387684784E0,1.709734133E1
2.697320779E1,-1.594678848E1,-4.334386597E0,2.919229431E0,1.678120587E1
2.698320979E1,-1.642998367E1,-2.561323700E0,3.309767303E0,1.695462480E1
2.699321279E1,-1.571851318E1,-9.818083191E-1,3.301833801E0,1.609154159E1
2.700321579E1,-1.384935013E1,4.017645264E-1,2.932252350E0,1.416206262E1
2.701321779E1,-1.162407761E1,1.067879333E0,2.241438904E0,1.188627758E1
2.702322079E1,-8.886570282E0,1.391805725E0,1.246607666E0,9.080874695E0
2.703322379E1,-5.841302948E0,1.384620667E0,-3.564088440E-1,6.013736092E0
2.704322579E1,-2.957400055E0,8.816665649E-1,-2.256856842E0,3.823212500E0
2.705322879E1,-5.192701721E-1,1.128652954E-1,-3.908821564E0,3.944777066E0
2.706323079E1,1.507215729E0,-5.595364380E-1,-5.209017792E0,5.451481141E0
2.707323379E1,3.330723724E0,-9.506730652E-1,-6.224655762E0,7.123471005E0
2.708323679E1,4.731361084E0,-1.163979492E0,-6.905140686E0,8.451129739E0
2.709323879E1,5.451064453E0,-1.549877014E0,-7.238946533E0,9.193398139E0
2.710324179E1,5.842201080E0,-1.901046753E0,-7.334148560E0,9.567393967E0
2.711324379E1,5.977968750E0,-1.971699829E0,-7.329508209E0,9.661542381E0
2.712324679E1,5.819149017E0,-1.876348114E0,-7.223678284E0,9.463863137E0
2.713324979E1,5.429209900E0,-1.782493286E0,-6.967860260E0,9.011363884E0
2.714325179E1,4.820874939E0,-1.681902466E0,-6.399342499E0,8.186648612E0
2.715325479E1,4.008364563E0,-1.424437866E0,-5.114264832E0,6.652196214E0
2.716325779E1,3.209775238E0,-1.125808868E0,-3.555406494E0,4.920469289E0
2.717325979E1,2.394420776E0,-9.791139221E-1,-2.127076721E0,3.349084995E0
2.718326279E1,1.549727325E0,-9.439370728E-1,-7.378157043E-1,1.958837409E0
2.719326479E1,7.270381165E-1,-9.412426758E-1,6.376739502E-1,1.349500005E0
2.720326779E1,4.071533203E-2,-9.424401855E-1,1.878892822E0,2.102400885E0
2.721327079E1,-4.227209473E-1,-8.116122437E-1,2.986739044E0,3.123782571E0
2.722327279E1,-5.480104065E-1,-5.028044128E-1,3.774401093E0,3.846976903E0
2.723327579E1,-6.117778015E-1,-2.565664673E-1,4.131857758E0,4.184775616E0
2.724327779E1,-5.743556213E-1,-2.326162720E-1,4.094884644E0,4.141506363E0
2.725328079E1,-1.284329224E-1,-2.591111755E-1,3.748205566E0,3.759345500E0
2.726328379E1,8.141569519E-1,-3.559597778E-1,2.879262543E0,3.013255996E0
2.727328579E1,1.906734924E0,-6.135740662E-1,1.590292969E0,2.557565822E0
2.728328879E1,2.711311798E0,-8.083190918E-1,4.468208313E-1,2.864304501E0
2.729329179E1,3.390898590E0,-7.997868347E-1,-2.642005920E-1,3.493945360E0
2.730329379E1,3.861220551E0,-7.096742249E-1,-7.641609192E-1,3.999575422E0
2.731329679E1,3.936214600E0,-6.509962463E-1,-1.242566071E0,4.178702182E0
2.732329879E1,3.738775177E0,-5.056484985E-1,-1.710343323E0,4.142389951E0
2.733330179E1,3.490441589E0,-9.610015869E-2,-1.924398193E0,3.986944461E0
2.734330479E1,3.148253174E0,3.218307495E-1,-1.961520996E0,3.723256330E0
2.735330679E1,2.518363037E0,5.700146484E-1,-1.875150604E0,3.191121883E0
2.736330979E1,1.421593781E0,7.393125916E-1,-1.614991608E0,2.275018654E0
2.737331179E1,2.604583740E-1,6.798861694E-1,-1.222358093E0,1.422758966E0
2.738331479E1,-1.053808594E0,5.204676819E-1,-6.001020813E-1,1.319667257E0
2.739331779E1,-2.503394165E0,5.189707947E-1,2.131567383E-1,2.565491927E0
2.740331979E1,-3.554957428E0,8.776249695E-1,1.017434235E0,3.800410547E0
2.741332279E1,-4.882696381E0,1.063538361E0,1.697470093E0,5.277617124E0
2.742332479E1,-7.159461823E0,3.923341370E-1,2.096989288E0,7.470554447E0
2.743332779E1,-1.016685791E1,-5.785469055E-1,2.591560822E0,1.050789721E1
2.744333079E1,-1.385174515E1,-1.548529816E0,3.824247437E0,1.445315387E1
2.745333279E1,-1.881227966E1,-3.416944427E0,5.702840881E0,1.995243768E1
2.746333579E1,-2.441243408E1,-5.870492249E0,7.895032196E0,2.632035620E1
2.747333879E1,-3.015868469E1,-7.549400940E0,9.697583771E0,3.256659098E1
2.748334079E1,-3.518059158E1,-8.183033295E0,1.107531876E1,3.777960751E1
2.749334379E1,-3.852673325E1,-7.985743561E0,1.222462875E1,4.120100512E1
2.750334579E1,-4.069602219E1,-7.482190704E0,1.314820816E1,4.341687204E1
2.751334879E1,-4.189652573E1,-7.416627045E0,1.358709549E1,4.466468838E1
2.752335179E1,-4.209770737E1,-8.246800690E0,1.391790756E1,4.509916671E1
2.753335379E1,-4.115197403E1,-9.466913452E0,1.552676193E1,4.499097413E1
2.754335679E1,-3.896502182E1,-1.007345215E1,1.801488785E1,4.409403075E1
2.755335879E1,-3.608246613E1,-1.059451859E1,1.994242950E1,4.256628572E1
2.756336179E1,-3.283152649E1,-1.125629242E1,2.091675339E1,4.052312701E1
2.757336479E1,-2.948628296E1,-1.198437836E1,2.033521271E1,3.777018776E1
2.758336679E1,-2.610451538E1,-1.249840942E1,1.773227554E1,3.394244478E1
2.759336979E1,-2.246318756E1,-1.198318085E1,1.410816193E1,2.910724397E1
2.760337279E1,-1.930370773E1,-1.070439011E1,1.018332367E1,2.430878814E1
2.761337479E1,-1.691527451E1,-9.010063477E0,6.589447174E0,2.026643949E1
2.762337779E1,-1.539922714E1,-7.172035675E0,3.896696777E0,1.742867000E1
2.763337979E1,-1.442340637E1,-5.444627838E0,2.148931274E0,1.556587708E1
2.764338279E1,-1.347946930E1,-3.714675293E0,1.278940430E0,1.404032029E1
2.765338579E1,-1.240006393E1,-2.145638123E0,9.496252441E-1,1.262010842E1
2.766338779E1,-1.106139771E1,-7.650590515E-1,9.502239990E-1,1.112846621E1
2.767339079E1,-9.507030029E0,4.981640625E-1,1.408870239E0,9.623757206E0
2.768339279E1,-7.811056824E0,1.505419464E0,2.113754425E0,8.230847723E0
2.769339579E1,-6.004463654E0,1.953886871E0,2.528092804E0,6.801655012E0
2.770339879E1,-3.870950317E0,2.157912598E0,2.481988678E0,5.079479396E0
2.771340079E1,-1.534459076E0,2.253563690E0,1.956431580E0,3.355702384E0
2.772340342E1,5.331912231E-1,2.158511353E0,1.091679840E0,2.476939445E0
2.773340642E1,2.242636414E0,1.880838776E0,1.689985657E-1,2.931813960E0
2.774340842E1,3.661685486E0,1.570683746E0,-8.306227112E-1,4.070002717E0
2.775341142E1,4.454886017E0,1.290616150E0,-1.773362274E0,4.965532522E0
2.776341342E1,4.715494080E0,8.011340332E-1,-2.509082336E0,5.401221559E0
2.777341642E1,4.664300537E0,3.447331238E-1,-3.259621582E0,5.700848471E0
2.778341942E1,4.396208038E0,-4.161346436E-2,-4.142785034E0,6.040781790E0
2.779342142E1,4.153412933E0,-4.444258118E-1,-4.974156189E0,6.495427860E0
2.780342442E1,3.971541138E0,-7.328759766E-1,-5.621110840E0,6.921497907E0
2.781342642E1,3.827390900E0,-8.122109985E-1,-6.041736145E0,7.197998573E0
2.782342942E1,3.452420654E0,-8.491841125E-1,-5.962700500E0,6.942198448E0
2.783343242E1,2.546654205E0,-9.151968384E-1,-5.166356506E0,5.832175619E0
2.784343442E1,1.525926819E0,-7.857160950E-1,-3.811523895E0,4.180133591E0
2.785343742E1,6.697073364E-1,-5.240602112E-1,-2.363435211E0,2.511766912E0
2.786343942E1,-2.662962341E-1,-4.049079895E-1,-1.042881317E0,1.149985046E0
2.787344242E1,-1.023421783E0,-2.273771667E-1,3.167413330E-1,1.095179252E0
2.788344542E1,-1.449286194E0,7.649093628E-2,1.457668762E0,2.056958812E0
2.789344742E1,-1.578168182E0,2.299218750E-1,2.261796570E0,2.767526441E0
2.790345042E1,-1.306932220E0,2.875520325E-1,2.664608917E0,2.981761004E0
2.791345342E1,-6.857240295E-1,3.844006348E-1,2.682870941E0,2.795671257E0
2.792345542E1,8.173004150E-2,3.573069763E-1,2.247576141E0,2.277267351E0
2.793345842E1,7.366181946E-1,3.236270142E-1,1.563947754E0,1.758770419E0
2.794346042E1,1.185684357E0,4.174818420E-1,1.081051941E0,1.657954095E0
2.795346342E1,1.468745728E0,5.578898621E-1,8.114625549E-1,1.768311790E0
2.796346642E1,1.628014526E0,7.688012695E-1,4.569996643E-1,1.857507842E0
2.797346842E1,1.665137329E0,1.050665131E0,5.478607178E-2,1.969665214E0
2.798347142E1,1.691931610E0,1.290765839E0,-3.254232788E-1,2.152814282E0
2.799347342E1,1.772164764E0,1.598076782E0,-7.304809570E-1,2.495600085E0
2.800347642E1,1.727707214E0,1.899100800E0,-1.063089294E0,2.778797386E0
2.801347942E1,1.460812225E0,2.217039642E0,-1.310375061E0,2.960797179E0
2.802348142E1,8.454418945E-1,2.537672882E0,-1.338067474E0,2.990815979E0
2.803348442E1,1.311273193E-1,2.858306122E0,-1.255888367E0,3.124798209E0
2.804348742E1,-6.671626282E-1,3.201392670E0,-1.564396820E0,3.625101158E0
2.805348942E1,-1.479223938E0,3.179837494E0,-2.006726990E0,4.040596881E0
2.806349242E1,-1.884131927E0,3.103196869E0,-2.567910004E0,4.446790496E0
2.807349442E1,-2.485880585E0,3.194806366E0,-3.144510956E0,5.125850090E0
2.808349742E1,-3.424428864E0,3.285667419E0,-3.264411621E0,5.760096064E0
2.809350042E1,-4.917573853E0,3.036735077E0,-2.610571289E0,6.341874721E0
2.810350242E1,-7.174281006E0,1.689386902E0,-1.542242889E0,7.530129427E0
2.811350542E1,-1.043075912E1,-8.720864868E-1,-3.085084534E-1,1.047169749E1
2.812350742E1,-1.453522385E1,-3.436254272E0,1.439556427E0,1.500509575E1
2.813351042E1,-1.990859985E1,-6.315067749E0,3.329376526E0,2.114987416E1
2.814351342E1,-2.539843369E1,-9.465266876E0,5.766159210E0,2.771137497E1
2.815351542E1,-3.046345093E1,-1.046174469E1,8.671018524E0,3.335650621E1
2.816351842E1,-3.541350723E1,-8.256081390E0,1.259331207E1,3.848208523E1
2.817352042E1,-3.942232086E1,-5.411396942E0,1.708771591E1,4.330580370E1
2.818352342E1,-4.099270523E1,-3.973636780E0,2.015902908E1,4.585387797E1
2.819352642E1,-4.059333572E1,-4.899461517E0,2.044673080E1,4.571534129E1
2.820352842E1,-3.934627899E1,-8.233179016E0,1.908591064E1,4.449929092E1
2.821353142E1,-3.743355652E1,-1.165790726E1,1.873953094E1,4.345512600E1
2.822353442E1,-3.580150040E1,-1.370040985E1,2.012205597E1,4.329371545E1
2.823353642E1,-3.546964050E1,-1.464778976E1,2.174962143E1,4.411008019E1
2.824353942E1,-3.557547043E1,-1.469838455E1,2.180740128E1,4.424047191E1
2.825354142E1,-3.461970795E1,-1.427716049E1,1.941806992E1,4.218320672E1
2.826354442E1,-3.216226822E1,-1.388557480E1,1.523022858E1,3.819922181E1
2.827354742E1,-2.863260818E1,-1.350820953E1,1.039528290E1,3.332206300E1
2.828354942E1,-2.455553650E1,-1.310854065E1,5.936804352E0,2.846144509E1
2.829355242E1,-2.078547638E1,-1.230396378E1,2.754721527E0,2.431073926E1
2.830355442E1,-1.777403870E1,-1.081980011E1,1.265468445E0,2.084672484E1
2.831355742E1,-1.542257858E1,-9.188941498E0,1.368454285E0,1.800458950E1
2.832356042E1,-1.312246170E1,-7.616311798E0,1.966460724E0,1.529948281E1
2.833356242E1,-1.077189972E1,-5.951174469E0,2.286944275E0,1.251720477E1
2.834356542E1,-8.346194000E0,-4.218078461E0,2.483335876E0,9.675644540E0
2.835356742E1,-6.045178986E0,-2.631378021E0,2.483784943E0,7.045390472E0
2.836357042E1,-3.776197357E0,-1.442250824E0,2.056723022E0,4.535401141E0
2.837357342E1,-1.296903076E0,-5.101391602E-1,1.194366302E0,1.835404701E0
2.838357542E1,1.109642487E0,2.574645996E-2,-1.603166199E-1,1.121459204E0
2.839357842E1,3.354823608E0,3.787124634E-2,-1.995500336E0,3.903626169E0
2.840358142E1,5.201683044E0,-8.831634521E-3,-3.771257629E0,6.424948918E0
2.841358342E1,6.489904175E0,1.356179810E-1,-5.066963196E0,8.234765599E0
2.842358642E1,6.980434113E0,3.799099731E-1,-5.965694275E0,9.190228516E0
2.843358842E1,6.014193420E0,1.266366577E-1,-6.206842804E0,8.643578942E0
2.844359142E1,4.033661957E0,-4.090992737E-1,-5.799090729E0,7.075821103E0
2.845359442E1,2.273921356E0,-4.601431274E-1,-5.415288849E0,5.891332901E0
2.846359642E1,5.677693176E-1,-6.897656250E-1,-5.272785187E0,5.347934390E0
2.847359942E1,-9.946815491E-1,-1.172362061E0,-5.020859070E0,5.250985620E0
2.848360142E1,-2.096091156E0,-1.616937561E0,-4.629872131E0,5.333273025E0
2.849360442E1,-2.362986145E0,-1.758992157E0,-4.084855499E0,5.036248741E0
2.850360742E1,-1.833686829E0,-1.682800598E0,-3.398682404E0,4.212513183E0
2.851360942E1,-1.059197388E0,-1.831591187E0,-2.641706543E0,3.384558884E0
2.852361242E1,-2.752775574E-1,-1.869761810E0,-1.592388611E0,2.471333334E0
2.853361542E1,4.987628174E-1,-1.717977448E0,-2.673440552E-1,1.808779617E0
2.854361742E1,1.073417816E0,-1.686991882E0,1.366208954E0,2.421713097E0
2.855362042E1,1.283730469E0,-1.751657410E0,3.175197144E0,3.846835647E0
2.856362242E1,1.126407623E0,-1.928439789E0,4.496499481E0,5.020575837E0
2.857362542E1,1.013392639E0,-1.879940643E0,5.176984406E0,5.600206157E0
2.858362842E1,8.027806091E-1,-1.456321564E0,5.245242462E0,5.502535569E0
2.859363042E1,3.845503235E-1,-1.057550812E0,4.640500031E0,4.774990388E0
2.860363342E1,-1.136137390E-1,-7.725434875E-1,3.481460266E0,3.567954191E0
2.861363542E1,-4.055067444E-1,-2.986289978E-1,1.863624573E0,1.930469255E0
2.862363842E1,-4.149371338E-1,3.516188049E-1,2.183958435E-1,5.860932976E-1
2.863364142E1,-3.948788452E-1,9.478289795E-1,-1.027762756E0,1.452792263E0
2.864364342E1,-1.829196167E-1,1.462159424E0,-1.902393951E0,2.406340066E0
2.865364642E1,2.266287231E-1,1.918111267E0,-2.435285797E0,3.108235565E0
2.866364842E1,6.174659729E-1,2.282902679E0,-2.621199188E0,3.530381574E0
2.867365142E1,9.303153992E-1,2.582130432E0,-2.535128174E0,3.736276110E0
2.868365442E1,1.330732727E0,3.051254883E0,-2.339035950E0,4.068426615E0
2.869365642E1,1.893562317E0,3.810326385E0,-2.498753815E0,4.934362779E0
2.870365942E1,2.125579834E0,4.712949371E0,-3.004701691E0,5.979817193E0
2.871366242E1,2.312990112E0,5.677842865E0,-3.490291901E0,7.054782804E0
2.872366442E1,2.771187286E0,6.441105652E0,-3.561543732E0,7.864598829E0
2.873366783E1,3.179687805E0,7.192842407E0,-2.767445068E0,8.337034763E0
2.874366983E1,2.762205963E0,7.932304688E0,-1.653461609E0,8.560676067E0
2.875367283E1,1.558708649E0,8.118068390E0,-4.679269409E-1,8.279587107E0
2.876367583E1,-3.891906738E-2,7.947423248E0,1.083147583E0,8.020988696E0
2.877367783E1,-2.323767700E0,7.749235382E0,3.019221497E0,8.635174797E0
2.878368083E1,-5.387895813E0,7.327861633E0,5.270390167E0,1.051208780E1
2.879368283E1,-8.953032074E0,6.419550476E0,6.716383209E0,1.290260497E1
2.880368583E1,-1.288340881E1,4.567302246E0,6.842570801E0,1.528604748E1
2.881368883E1,-1.607836487E1,1.897753601E0,6.120771790E0,1.730835442E1
2.882369083E1,-1.875584702E1,-1.468596039E0,4.705165558E0,1.939270880E1
2.883369383E1,-2.157957504E1,-4.369264069E0,2.859503632E0,2.220237124E1
2.884369583E1,-2.526161819E1,-6.168821869E0,1.241967316E0,2.603355911E1
2.885369883E1,-2.950214996E1,-6.661148071E0,6.563850403E-1,3.025191874E1
2.886370183E1,-3.392859512E1,-5.780828705E0,1.452429657E0,3.444817992E1
2.887370383E1,-3.810655701E1,-5.059029694E0,3.631747742E0,3.861208438E1
2.888370683E1,-4.074287476E1,-6.021827545E0,6.933581543E0,4.176504284E1
2.889370983E1,-4.155538513E1,-7.704628143E0,1.096933914E1,4.366391794E1
2.890371183E1,-4.056773895E1,-8.689579926E0,1.547437088E1,4.427986447E1
2.891371483E1,-3.926200424E1,-9.368717651E0,2.061363373E1,4.532328036E1
2.892371683E1,-3.900169556E1,-1.055185730E1,2.494682281E1,4.748492305E1
2.893371983E1,-3.936499008E1,-1.183543808E1,2.623115204E1,4.876221258E1
2.894372283E1,-3.877521652E1,-1.283610718E1,2.403327255E1,4.739072961E1
2.895372483E1,-3.649201447E1,-1.324191330E1,1.920596100E1,4.331148030E1
2.896372783E1,-3.263962555E1,-1.257040970E1,1.360730347E1,3.753024199E1
2.897372983E1,-2.812995346E1,-1.167661835E1,9.000184021E0,3.175910909E1
2.898373283E1,-2.376742538E1,-1.109941864E1,5.610183563E0,2.682464843E1
2.899373583E1,-1.983330643E1,-1.048195267E1,3.497926025E0,2.270389531E1
2.900373783E1,-1.636337219E1,-9.723330231E0,2.286195831E0,1.917106652E1
2.901374083E1,-1.332199677E1,-8.769962769E0,1.689686279E0,1.603879311E1
2.902374283E1,-1.072878937E1,-7.782615967E0,1.755100250E0,1.336998166E1
2.903374583E1,-8.734486542E0,-6.878346405E0,2.625240784E0,1.142343178E1
2.904374883E1,-7.083270264E0,-6.005810852E0,3.812571716E0,1.003883383E1
2.905375083E1,-5.845793610E0,-5.010380859E0,4.837191010E0,9.092614373E0
2.906375383E1,-4.990172882E0,-3.824995880E0,5.651347961E0,8.454002168E0
2.907375683E1,-4.056414642E0,-2.666105804E0,5.928870850E0,7.662514565E0
2.908375883E1,-2.919528809E0,-1.630259857E0,5.389991455E0,6.342980652E0
2.909376183E1,-1.669478302E0,-6.459068298E-1,4.354145508E0,4.707752812E0
2.910376383E1,-3.644920349E-1,3.478765869E-1,3.216960297E0,3.256179681E0
2.911376683E1,9.467811584E-1,1.100810852E0,2.209106140E0,2.643544785E0
2.912376983E1,2.314037933E0,1.332678680E0,1.030008087E0,2.862118216E0
2.913377183E1,3.720513153E0,1.338965607E0,-2.983296204E-1,3.965355921E0
2.914377483E1,4.921316071E0,1.119521942E0,-1.408421173E0,5.239878953E0
2.915377683E1,5.600603485E0,6.030958557E-1,-2.270777893E0,6.073459990E0
2.916377983E1,5.777385864E0,5.134323120E-2,-3.057691498E0,6.536841810E0
2.917378283E1,5.464835815E0,-4.638853455E-1,-3.908671875E0,6.734785515E0
2.918378483E1,4.742887115E0,-1.098266144E0,-4.872816925E0,6.888070230E0
2.919378783E1,3.722608795E0,-1.481618958E0,-5.809269562E0,7.056955705E0
2.920378983E1,2.522254944E0,-1.476679230E0,-6.187233582E0,6.842821855E0
2.921379283E1,1.237476654E0,-1.219514008E0,-5.803431702E0,6.057918983E0
2.922379583E1,7.484436035E-3,-8.590635681E-1,-4.833149414E0,4.908908177E0
2.923379783E1,-1.194366302E0,-6.155200195E-1,-3.566483459E0,3.811191418E0
2.924380083E1,-2.434537354E0,-3.917353821E-1,-2.204465790E0,3.307581919E0
2.925380283E1,-3.365451508E0,1.796264648E-3,-9.364526367E-1,3.493309408E0
2.926380583E1,-3.766317902E0,4.278103638E-1,1.706451416E-1,3.794376366E0
2.927380883E1,-3.653302917E0,5.110372925E-1,1.070424042E0,3.841040087E0
2.928381083E1,-3.205284576E0,4.737648010E-1,1.927391968E0,3.770032109E0
2.929381383E1,-2.638563080E0,6.577322388E-1,2.736459503E0,3.857828072E0
2.930381683E1,-1.863923950E0,7.252418518E-1,3.408711548E0,3.952151648E0
2.931381883E1,-9.735754395E-1,6.825805664E-1,3.850592651E0,4.029991208E0
2.932382183E1,-2.151026917E-1,7.458988953E-1,4.073628845E0,4.146936978E0
2.933382383E1,2.326162720E-1,8.907975769E-1,4.076023865E0,4.178708078E0
2.934382683E1,4.125421143E-1,1.006806335E0,3.841162262E0,3.992289759E0
2.935382983E1,5.767506409E-1,1.195713501E0,3.384162598E0,3.635234321E0
2.936383183E1,6.511459351E-1,1.489402771E0,2.663411407E0,3.120267932E0
2.937383483E1,5.897735596E-1,1.729353790E0,1.624272308E0,2.444740869E0
2.938383683E1,6.134243774E-1,2.110910339E0,4.788542175E-1,2.249785165E0
2.939383983E1,7.987390137E-1,2.499202881E0,-7.265890503E-1,2.722486125E0
2.940384283E1,1.024918671E0,2.698139191E0,-2.138153687E0,3.591951358E0
2.941384483E1,1.342408447E0,2.829565887E0,-3.847748566E0,4.961216844E0
2.942384783E1,1.628313904E0,2.947670288E0,-5.430108032E0,6.389541418E0
2.943384983E1,1.792821808E0,3.298840027E0,-6.317163391E0,7.348680757E0
2.944385283E1,1.380878448E0,3.638932800E0,-6.790479126E0,7.826829753E0
2.945385583E1,4.457730103E-1,3.646866302E0,-6.742429047E0,7.678456671E0
2.946385783E1,-7.295828247E-1,3.444187775E0,-6.064937897E0,7.012716465E0
2.947386083E1,-1.647923126E0,3.315006409E0,-5.391188965E0,6.539865180E0
2.948386283E1,-2.391576691E0,3.063978424E0,-5.000052338E0,6.333097680E0
2.949386583E1,-2.829565887E0,2.586321716E0,-4.253105621E0,5.725767246E0
2.950386883E1,-3.262166290E0,2.071841583E0,-3.101999359E0,4.955467332E0
2.951387083E1,-4.431684265E0,1.012793884E0,-1.590442657E0,4.816127565E0
2.952387383E1,-6.494544525E0,6.915618896E-2,3.219804382E-1,6.502888787E0
2.953387683E1,-9.371412048E0,-5.140310669E-1,2.255958710E0,9.652820387E0
2.954387883E1,-1.335612579E1,-1.484463043E0,4.015699310E0,1.402553271E1
2.955388183E1,-1.807072174E1,-2.711012421E0,5.416186981E0,1.905874219E1
2.956388383E1,-2.255195297E1,-4.130061493E0,5.971681824E0,2.369196013E1
2.957388683E1,-2.622366760E1,-5.275928650E0,5.947132874E0,2.740227281E1
2.958388983E1,-2.806947922E1,-5.522765350E0,5.720803528E0,2.917403287E1
2.959389183E1,-2.758014679E1,-5.299429779E0,6.219865723E0,2.876517308E1
2.960389483E1,-2.636976379E1,-6.003864899E0,7.933352509E0,2.818419625E1
2.961389683E1,-2.607562546E1,-7.698041840E0,1.033016830E1,2.908454002E1
2.962389983E1,-2.760948578E1,-9.793983307E0,1.350461700E1,3.225802992E1
2.963390283E1,-3.149405777E1,-1.203617065E1,1.723770401E1,3.786665444E1
2.964390483E1,-3.636912003E1,-1.323936859E1,2.062456100E1,4.385620012E1
2.965390783E1,-4.037149704E1,-1.295016998E1,2.293036606E1,4.820131081E1
2.966390983E1,-4.233661057E1,-1.232417175E1,2.312136887E1,4.978826671E1
2.967391283E1,-4.234065216E1,-1.304402481E1,2.079400864E1,4.894147734E1
2.968391583E1,-3.915557556E1,-1.310195435E1,1.696467178E1,4.463877680E1
2.969391783E1,-3.402574310E1,-1.294792465E1,1.304387512E1,3.867224618E1
2.970392083E1,-2.884426804E1,-1.369352417E1,9.607171783E0,3.334369734E1
2.971392283E1,-2.409105240E1,-1.421279434E1,7.625592499E0,2.899192973E1
2.972392583E1,-2.047726730E1,-1.393751678E1,6.993007965E0,2.573858991E1
2.973392892E1,-1.830857712E1,-1.320000046E1,6.717431030E0,2.354926512E1
2.974393092E1,-1.719624023E1,-1.227043350E1,6.533762970E0,2.211253660E1
2.975393392E1,-1.642669052E1,-1.133847153E1,6.395600281E0,2.095950383E1
2.976393692E1,-1.592059296E1,-1.023885818E1,6.070775757E0,1.987847618E1
2.977393892E1,-1.541135193E1,-9.072333984E0,5.664221191E0,1.875900887E1
2.978394192E1,-1.478385681E1,-7.761509857E0,5.294340363E0,1.751666342E1
2.979394392E1,-1.407882294E1,-6.496490479E0,4.687352600E0,1.619842333E1
2.980394692E1,-1.306408310E1,-5.307662659E0,3.906276855E0,1.463217513E1
2.981394992E1,-1.166494263E1,-4.034410400E0,3.065475311E0,1.271788082E1
2.982395192E1,-1.024125320E1,-2.756966858E0,2.074236603E0,1.080678449E1
2.983395492E1,-8.848399658E0,-1.496288452E0,1.185384979E0,9.051971785E0
2.984395692E1,-7.432344360E0,-3.150947571E-1,5.589376831E-1,7.459989191E0
2.985395992E1,-5.858666840E0,7.605683899E-1,4.445755005E-2,5.907996097E0
2.986396292E1,-4.296814728E0,1.712289276E0,-4.782554626E-1,4.650083833E0
2.987396492E1,-2.830763397E0,2.358794861E0,-9.165440369E-1,3.796997179E0
2.988396792E1,-1.437011719E0,2.624342651E0,-1.331930237E0,3.275090104E0
2.989396992E1,2.305206299E-2,2.647394714E0,-1.876198425E0,3.244896100E0
2.990397292E1,1.446292419E0,2.321522369E0,-2.407593384E0,3.643862480E0
2.991397592E1,2.777623901E0,1.531914368E0,-2.949915619E0,4.331738488E0
2.992397792E1,4.117337952E0,2.965333557E-1,-3.881428528E0,5.666206072E0
2.993398092E1,5.575904846E0,-7.780819702E-1,-4.972509613E0,7.511456467E0
2.994398292E1,6.801556091E0,-1.528172150E0,-5.789510651E0,9.061727703E0
2.995398592E1,6.992109833E0,-2.226919098E0,-5.858367462E0,9.389847597E0
2.996398892E1,6.135890350E0,-2.804567871E0,-5.189707947E0,8.511628511E0
2.997399092E1,4.769382019E0,-3.028651886E0,-4.301455078E0,7.100862826E0
2.998399392E1,3.270698547E0,-2.995420990E0,-3.472778320E0,5.632957053E0
2.999399692E1,1.786684570E0,-2.862796783E0,-2.478845215E0,4.187185305E0
3.000399892E1,4.936734009E-1,-2.476749573E0,-1.138382721E0,2.770183585E0
3.001400192E1,-1.127754822E0,-1.999990997E0,3.921844482E-1,2.329292504E0
3.002400392E1,-2.513273621E0,-1.554217987E0,2.011367340E0,3.574595980E0
3.003400692E1,-3.376079407E0,-1.190624084E0,3.384312286E0,4.926364534E0
3.004400992E1,-3.657344513E0,-8.493338013E-1,4.280798035E0,5.694099455E0
3.005401192E1,-3.514092407E0,-6.491999817E-1,4.765041046E0,5.956166740E0
3.006401492E1,-3.018173676E0,-5.102888489E-1,5.077441406E0,5.928758578E0
3.007401692E1,-2.529140625E0,-5.281018066E-1,5.196294250E0,5.803181693E0
3.008401992E1,-2.083816681E0,-5.956114197E-1,5.050198059E0,5.495593267E0
3.009402292E1,-1.726210327E0,-6.676116943E-1,4.455933838E0,4.825023713E0
3.010402492E1,-1.509461060E0,-6.812333679E-1,3.392994232E0,3.775574321E0
3.011402792E1,-1.205892334E0,-4.572990417E-1,2.165097656E0,2.520108449E0
3.012402992E1,-1.130748596E0,-1.083746338E-1,8.081694031E-1,1.394085806E0
3.013403292E1,-1.326391754E0,2.204914856E-1,-6.322851562E-1,1.485838517E0
3.014403592E1,-1.591939545E0,6.782395935E-1,-1.907183990E0,2.575195378E0
3.015403792E1,-1.759890289E0,1.221609650E0,-3.055745544E0,3.731906322E0
3.016404092E1,-1.596130829E0,1.834584961E0,-4.079915771E0,4.749636650E0
3.017404392E1,-1.147962799E0,2.585273895E0,-5.133424988E0,5.861186894E0
3.018404592E1,-3.441343689E-1,3.467239838E0,-6.553821259E0,7.422449302E0
3.019404892E1,5.926176453E-1,4.412224731E0,-8.408614197E0,9.514395171E0
3.020405092E1,1.779349823E0,5.134472809E0,-1.042342438E1,1.175485740E1
3.021405392E1,2.807711334E0,5.400319977E0,-1.187046524E1,1.333996416E1
3.022405692E1,4.963228912E0,6.467600555E0,-1.256337433E1,1.497671101E1
3.023405892E1,7.478448486E0,8.119415588E0,-1.150717072E1,1.594575427E1
3.024406192E1,7.179071045E0,8.024812317E0,-8.037984924E0,1.343673604E1
3.025406392E1,4.447850647E0,6.968159637E0,-3.081192627E0,8.822265702E0
3.026406692E1,1.295256500E0,6.468049622E0,2.138003998E0,6.934292783E0
3.027406992E1,-1.338067474E0,6.172564087E0,6.415957947E0,9.003082158E0
3.028407192E1,-2.927162933E0,5.796246643E0,9.033265228E0,1.112495567E1
3.029407492E1,-3.355721741E0,5.516777802E0,1.011701157E1,1.200206769E1
3.030407692E1,-4.756658478E0,4.283941498E0,9.997709656E0,1.187148487E1
3.031407992E1,-7.732919312E0,1.233435059E0,9.023834839E0,1.194776123E1
3.032408292E1,-1.132005981E1,-2.461631012E0,8.428672485E0,1.432640574E1
3.033408492E1,-1.659059967E1,-6.128854980E0,8.999285889E0,1.984434447E1
3.034408792E1,-2.338616821E1,-8.300988007E0,1.041219772E1,2.691157979E1
3.035408992E1,-2.969360184E1,-7.824379120E0,1.249257156E1,3.315109716E1
3.036409292E1,-3.454830643E1,-5.805677032E0,1.457968140E1,3.794546709E1
3.037409592E1,-3.896322556E1,-4.167333984E0,1.548574722E1,4.213440382E1
3.038409792E1,-4.107114212E1,-4.629572754E0,1.429018341E1,4.373192199E1
3.039410092E1,-3.913357132E1,-6.612050171E0,1.167661835E1,4.137026744E1
3.040410292E1,-3.599893982E1,-9.431886292E0,9.438771973E0,3.839237637E1
3.041410592E1,-3.494393372E1,-1.275198212E1,1.002974304E1,3.852644932E1
3.042410892E1,-3.635415115E1,-1.540281967E1,1.255918304E1,4.143192294E1
3.043411092E1,-3.838333145E1,-1.636950943E1,1.472158630E1,4.424891045E1
3.044411392E1,-3.989039749E1,-1.608854370E1,1.583242630E1,4.583394782E1
3.045411692E1,-3.982228912E1,-1.555729843E1,1.559352310E1,4.550826527E1
3.046411892E1,-3.732682846E1,-1.468730759E1,1.340357712E1,4.229261173E1
3.047412192E1,-3.323658417E1,-1.372720413E1,1.005908203E1,3.734021681E1
3.048412392E1,-2.944960922E1,-1.371747437E1,7.159312134E0,3.326716604E1
3.049412692E1,-2.609313904E1,-1.397119675E1,5.130431213E0,3.003943355E1
3.050412992E1,-2.268936722E1,-1.378722931E1,3.730093231E0,2.681060746E1
3.051413192E1,-1.935789505E1,-1.335073700E1,2.637215881E0,2.366273836E1
3.052413492E1,-1.608465179E1,-1.262055542E1,1.629960480E0,2.050978336E1
3.053413692E1,-1.299657349E1,-1.134775223E1,9.383985901E-1,1.727897552E1
3.054413992E1,-1.037971527E1,-9.667196960E0,9.520202637E-1,1.421617138E1
3.055414292E1,-8.443491669E0,-7.980205078E0,1.588347015E0,1.172599978E1
3.056414492E1,-7.077282715E0,-6.465055847E0,2.506837006E0,9.908032575E0
3.057414792E1,-6.051615601E0,-5.078189850E0,3.099604340E0,8.486319025E0
3.058414992E1,-5.111121368E0,-3.864962769E0,3.399580536E0,7.253871150E0
3.059415292E1,-4.085005188E0,-2.650987244E0,3.522774353E0,6.010402640E0
3.060415592E1,-2.856509857E0,-1.539847870E0,3.364703064E0,4.674613004E0
3.061415792E1,-1.654060364E0,-6.738986206E-1,2.914589081E0,3.418316040E0
3.062416092E1,-3.041674805E-1,-6.721023560E-2,2.283800812E0,2.304947119E0
3.063416392E1,1.358874207E0,2.603086853E-1,1.454525299E0,2.007471934E0
3.064416592E1,3.012635193E0,2.119592285E-1,4.270619202E-1,3.050127768E0
3.065416892E1,4.334386597E0,-3.532653809E-1,-7.054829407E-1,4.405611170E0
3.066417092E1,5.320535889E0,-1.330283661E0,-1.923050995E0,5.811702151E0
3.067417392E1,6.334976349E0,-2.250270538E0,-3.472928009E0,7.566827062E0
3.068417692E1,7.328460388E0,-2.885250092E0,-5.130431213E0,9.399591703E0
3.069417892E1,7.746840363E0,-3.301235046E0,-6.371500397E0,1.055972091E1
3.070418192E1,7.372618561E0,-3.379222870E0,-6.727011108E0,1.053695070E1
3.071418392E1,6.187383270E0,-3.116070099E0,-6.077511749E0,9.215734027E0
3.072418692E1,4.264332275E0,-2.858755188E0,-4.572391663E0,6.874865562E0
3.073418929E1,2.102827148E0,-2.622097321E0,-2.832409973E0,4.395432019E0
3.074419129E1,-3.080593872E-1,-2.277513885E0,-1.113833771E0,2.553937304E0
3.075419429E1,-2.377505951E0,-1.835782471E0,5.427713013E-1,3.052414210E0
3.076419629E1,-3.643124084E0,-1.346300354E0,1.730850677E0,4.252143201E0
3.077419929E1,-4.268972626E0,-8.669970703E-1,2.398462372E0,4.972769143E0
3.078420229E1,-4.319268036E0,-1.651066589E-1,2.789748688E0,5.144514974E0
3.079420429E1,-4.038901062E0,3.745211792E-1,3.145259399E0,5.132800853E0
3.080420729E1,-3.779340820E0,5.282514954E-1,3.330723724E0,5.065193699E0
3.081420929E1,-3.346890106E0,6.224057007E-1,3.267106018E0,4.718373022E0
3.082421229E1,-2.729124756E0,6.926097107E-1,2.967728577E0,4.090873140E0
3.083421529E1,-2.143692169E0,7.170089722E-1,2.531984711E0,3.394180985E0
3.084421729E1,-1.717229004E0,7.125183105E-1,2.270628204E0,2.934673787E0
3.085422029E1,-1.482367401E0,6.698570251E-1,1.977388000E0,2.560504804E0
3.086422229E1,-1.182391205E0,8.352630615E-1,1.572180634E0,2.137162906E0
3.087422529E1,-7.324269104E-1,1.078507233E0,1.124761047E0,1.721834616E0
3.088422829E1,-4.105961609E-1,1.204545135E0,6.897656250E-1,1.447513319E0
3.089423029E1,-1.842668152E-1,1.372346191E0,2.396516418E-1,1.405247750E0
3.090423329E1,-1.242416382E-2,1.874551849E0,-1.231938171E-1,1.878636663E0
3.091423529E1,2.863545227E-1,2.505789185E0,-6.044430542E-1,2.593516870E0
3.092423829E1,4.993615723E-1,3.272644501E0,-1.262923737E0,3.543238684E0
3.093424129E1,8.876541138E-1,4.345313873E0,-2.010169830E0,4.869339301E0
3.094424329E1,1.475032654E0,5.287903748E0,-3.185974731E0,6.347289371E0
3.095424629E1,2.307152252E0,6.079008636E0,-4.763244781E0,8.060136374E0
3.096424929E1,2.825374603E0,6.669830017E0,-6.201603699E0,9.535683643E0
3.097425129E1,2.684218140E0,6.861281891E0,-6.830146637E0,1.004654763E1
3.098425429E1,1.938917999E0,6.635551300E0,-6.869963837E0,9.746093945E0
3.099425629E1,6.132746887E-1,6.084996185E0,-6.224057007E0,8.725948089E0
3.100425929E1,-9.943821716E-1,5.805826721E0,-4.910239105E0,7.668563613E0
3.101426229E1,-2.765199738E0,5.547463989E0,-2.907404022E0,6.846435894E0
3.102426429E1,-5.043611755E0,5.114115143E0,-2.634521484E-1,7.187600453E0
3.103426729E1,-8.105344849E0,4.356540527E0,2.406545563E0,9.511441638E0
3.104426929E1,-1.242775635E1,1.783092041E0,4.682861938E0,1.339991571E1
3.105427229E1,-1.760354324E1,-2.586920471E0,6.227948914E0,1.885110713E1
3.106427529E1,-2.290821213E1,-6.860683136E0,6.842421112E0,2.487315586E1
3.107427729E1,-2.713871475E1,-9.734107819E0,7.217241669E0,2.972122593E1
3.108428029E1,-3.023263092E1,-1.070543793E1,8.266260223E0,3.312022693E1
3.109428229E1,-3.178205887E1,-9.523346100E0,1.042192749E1,3.477657199E1
3.110428529E1,-3.189013412E1,-8.231831818E0,1.327484482E1,3.551007202E1
3.111428829E1,-3.126129181E1,-9.324260101E0,1.563319061E1,3.617467126E1
3.112429029E1,-2.863051254E1,-1.284703445E1,1.712423996E1,3.574901589E1
3.113429329E1,-2.447320770E1,-1.751552628E1,1.786609726E1,3.499898552E1
3.114429529E1,-2.051319260E1,-2.061662750E1,1.930879715E1,3.490939770E1
3.115429829E1,-1.944351700E1,-2.109233826E1,2.097722763E1,3.553844630E1
3.116430129E1,-2.234268814E1,-2.003628433E1,2.258084290E1,3.755719464E1
3.117430329E1,-2.668934921E1,-1.829001572E1,2.287453217E1,3.962436445E1
3.118430629E1,-2.996064651E1,-1.658850403E1,2.006547363E1,3.969183843E1
3.119430829E1,-3.227663040E1,-1.431967209E1,1.393302612E1,3.796001970E1
3.120431129E1,-3.322311218E1,-1.219903198E1,6.767277374E0,3.603314596E1
3.121431429E1,-3.251074356E1,-1.098715210E1,1.765578461E0,3.436252647E1
3.122431629E1,-3.012111282E1,-1.032283356E1,3.715274048E-1,3.184305832E1
3.123431929E1,-2.670341995E1,-9.991273041E0,2.185155945E0,2.859498349E1
3.124432229E1,-2.319336914E1,-9.845326538E0,5.114414520E0,2.571031043E1
3.125432429E1,-1.977911911E1,-9.435927887E0,7.231911163E0,2.307706279E1
3.126432729E1,-1.685255493E1,-8.477920074E0,8.015232239E0,2.049701647E1
3.127432929E1,-1.498219437E1,-7.168143768E0,8.133935394E0,1.849349448E1
3.128433229E1,-1.370654709E1,-5.773194580E0,7.633526001E0,1.671735410E1
3.129433529E1,-1.253403534E1,-4.252057800E0,6.630162506E0,1.480341489E1
3.130433729E1,-1.142678787E1,-2.749931488E0,5.623056793E0,1.302890525E1
3.131434029E1,-1.016970200E1,-1.429227905E0,4.695884857E0,1.129233659E1
3.132434229E1,-8.782686310E0,-3.255729675E-1,3.662284241E0,9.521234291E0
3.133434529E1,-6.972500610E0,3.999682617E-1,2.668351135E0,7.476351861E0
3.134434829E1,-4.623585205E0,6.010002136E-1,1.635498962E0,4.941011866E0
3.135435029E1,-1.998793488E0,5.929170227E-1,5.782475281E-1,2.163584111E0
3.136435329E1,5.785469055E-1,9.345066833E-1,-1.537303162E-1,1.109798303E0
3.137435529E1,2.605332184E0,9.404942322E-1,-3.921844482E-1,2.797515653E0
3.138435829E1,4.038601685E0,6.807843018E-1,-4.855902100E-1,4.124265836E0
3.139436129E1,4.853656769E0,7.161108398E-1,-6.631210327E-1,4.950810870E0
3.140436329E1,4.928501129E0,7.186555481E-1,-7.833210754E-1,5.041843025E0
3.141436629E1,4.619842987E0,6.012995911E-1,-9.759704590E-1,4.759939995E0
3.142436829E1,4.362079010E0,5.020559692E-1,-1.415755920E0,4.613475730E0
3.143437129E1,4.275409241E0,2.377056885E-1,-2.002835083E0,4.727258882E0
3.144437429E1,4.779710541E0,4.954696655E-2,-2.769989777E0,5.524575198E0
3.145437629E1,5.738766174E0,-1.125659180E-1,-3.997736664E0,6.994855733E0
3.146437929E1,6.543043671E0,-4.968168640E-1,-5.510490875E0,8.568766373E0
3.147438129E1,7.048243103E0,-7.095245361E-1,-6.484515381E0,9.603650120E0
3.148438429E1,6.871161346E0,-7.095245361E-1,-6.431375885E0,9.438160790E0
3.149438729E1,5.745502167E0,-6.587800598E-1,-5.168152771E0,7.755938975E0
3.150438929E1,3.848047943E0,-5.433700562E-1,-2.973416748E0,4.893253636E0
3.151439229E1,1.892065430E0,-3.517684937E-1,-6.150709534E-1,2.020387325E0
3.152439529E1,5.298980713E-2,-1.736389160E-2,1.183588715E0,1.184901544E0
3.153439729E1,-1.455273743E0,1.453477478E-1,2.194586334E0,2.637263129E0
3.154440029E1,-2.180515594E0,2.086660767E-1,2.159259796E0,3.075807643E0
3.155440229E1,-2.381397858E0,2.230361938E-2,1.404529266E0,2.764824708E0
3.156440529E1,-2.268233185E0,-1.107696533E-2,2.838098145E-1,2.285946738E0
3.157440829E1,-2.578986969E0,1.113684082E-1,-8.270301819E-1,2.710637495E0
3.158441029E1,-2.917882233E0,2.273771667E-1,-1.672621765E0,3.370964353E0
3.159441329E1,-3.109034729E0,4.523593140E-1,-2.376607819E0,3.939415010E0
3.160441529E1,-3.319796448E0,7.511380005E-1,-3.048261108E0,4.569152278E0
3.161441829E1,-3.103945312E0,1.020128632E0,-3.510948944E0,4.796029756E0
3.162442129E1,-2.927312622E0,1.156345367E0,-3.608695679E0,4.788421274E0
3.163442329E1,-2.771486664E0,1.239272919E0,-3.557352448E0,4.676718094E0
3.164442629E1,-2.113155670E0,1.546883240E0,-3.519930267E0,4.387275206E0
3.165442829E1,-1.294957123E0,1.799408112E0,-3.533851318E0,4.171676958E0
3.166443129E1,-5.586383057E-1,1.944606171E0,-3.459755402E0,4.007926815E0
3.167443429E1,-6.915618896E-2,2.138303375E0,-3.123554535E0,3.785989545E0
3.168443629E1,3.767665100E-1,2.304457855E0,-2.886746979E0,3.712921643E0
3.169443929E1,5.953120422E-1,2.313588867E0,-2.843037872E0,3.713482761E0
3.170444129E1,6.706054688E-2,2.304607544E0,-2.694696350E0,3.546420938E0
3.171444429E1,-1.767225037E0,2.371967468E0,-2.319875793E0,3.759140553E0
3.172444729E1,-3.677253113E0,2.745889893E0,-1.244212646E0,4.755014918E0
3.173444996E1,-5.287005615E0,3.363206177E0,-2.145039368E-1,6.269736526E0
3.174445296E1,-6.818919983E0,3.636986847E0,7.592211914E-1,7.765420779E0
3.175445496E1,-8.093519440E0,3.891906738E0,1.845512238E0,9.168310117E0
3.176445796E1,-9.991871796E0,3.516936493E0,2.971021729E0,1.100151419E1
3.177446096E1,-1.234228409E1,2.428998871E0,4.528532867E0,1.336935383E1
3.178446296E1,-1.506302628E1,9.774673462E-1,6.334976349E0,1.637015969E1
3.179446596E1,-1.821292603E1,-1.044228516E0,7.764054565E0,1.982628636E1
3.180446796E1,-2.139291321E1,-3.762276306E0,8.825497284E0,2.344570026E1
3.181447096E1,-2.428340240E1,-6.199508057E0,9.521400146E0,2.680997190E1
3.182447396E1,-2.611559235E1,-7.150031433E0,9.656718750E0,2.874716212E1
3.183447596E1,-2.643877029E1,-6.345903625E0,9.785301361E0,2.889690624E1
3.184447896E1,-2.576352448E1,-4.524940338E0,1.060814026E1,2.822706003E1
3.185448096E1,-2.549198914E1,-3.471880188E0,1.170011948E1,2.826284235E1
3.186448396E1,-2.460568222E1,-3.283871155E0,1.267863464E1,2.787420284E1
3.187448696E1,-2.308514420E1,-4.243824921E0,1.368124969E1,2.716818959E1
3.188448896E1,-2.253384064E1,-5.916446686E0,1.549787201E1,2.798146444E1
3.189449196E1,-2.380784134E1,-7.312743073E0,1.775622574E1,3.058713901E1
3.190449496E1,-2.627336426E1,-7.978259125E0,1.948034042E1,3.366639201E1
3.191449696E1,-2.888004364E1,-7.517666931E0,1.957359650E1,3.568890467E1
3.192449996E1,-3.147759201E1,-6.611301727E0,1.796399368E1,3.684091718E1
3.193450196E1,-3.297358109E1,-5.347779236E0,1.545086975E1,3.680468949E1
3.194450496E1,-3.314362747E1,-4.354145508E0,1.197614548E1,3.550896627E1
3.195450796E1,-3.233156616E1,-4.571343842E0,8.444240112E0,3.372732640E1
3.196450996E1,-3.027589096E1,-5.726940765E0,5.940696259E0,3.138023735E1
3.197451296E1,-2.722508514E1,-7.114854584E0,5.145100708E0,2.860591684E1
3.198451496E1,-2.419628357E1,-8.508157196E0,6.135890350E0,2.637229660E1
3.199451796E1,-2.166744232E1,-9.712103577E0,7.996970215E0,2.505503034E1
3.200452096E1,-1.904369843E1,-1.020472916E1,9.902657318E0,2.376681655E1
3.201452296E1,-1.637370071E1,-9.789642334E0,1.127380600E1,2.215928415E1
3.202452596E1,-1.424961777E1,-8.947044525E0,1.191567123E1,2.061757583E1
3.203452796E1,-1.272833130E1,-8.070766754E0,1.181253571E1,1.914898675E1
3.204453096E1,-1.140882523E1,-7.145540771E0,1.091290649E1,1.732950011E1
3.205453396E1,-9.945917358E0,-6.044729919E0,9.564211121E0,1.506433425E1
3.206453596E1,-8.543633423E0,-5.089715881E0,8.058941345E0,1.280021154E1
3.207453896E1,-7.198081512E0,-4.134103088E0,6.504423981E0,1.054564920E1
3.208454096E1,-5.716312866E0,-3.049458618E0,4.793930969E0,8.059603265E0
3.209454396E1,-4.195325775E0,-1.911974030E0,3.002156982E0,5.501758773E0
3.210454696E1,-2.914439392E0,-9.871971130E-1,1.183289337E0,3.296769444E0
3.211454896E1,-1.712738342E0,-3.412902832E-1,-6.535409546E-1,1.864689643E0
3.212455196E1,-2.779719543E-1,-5.448669434E-2,-2.508184204E0,2.524128604E0
3.213455396E1,1.086440735E0,-1.829196167E-1,-4.074227600E0,4.220562000E0
3.214455696E1,2.265239410E0,-3.327580261E-1,-5.130431213E0,5.618127973E0
3.215455996E1,2.857108612E0,-4.957690430E-1,-5.728138275E0,6.420313440E0
3.216456196E1,2.829416199E0,-8.919950867E-1,-5.924080811E0,6.625404494E0
3.217456496E1,2.702929230E0,-1.250798950E0,-6.101911011E0,6.789966305E0
3.218456796E1,2.544109497E0,-1.321901093E0,-6.365512848E0,6.981380197E0
3.219456996E1,2.301763458E0,-1.313518524E0,-6.650669861E0,7.159249648E0
3.220457296E1,1.836231537E0,-1.537901917E0,-6.664141846E0,7.081502320E0
3.221457496E1,1.403631134E0,-1.715283051E0,-6.392007751E0,6.765363213E0
3.222457796E1,8.322692871E-1,-1.820364532E0,-5.856122131E0,6.188745076E0
3.223458096E1,2.365081787E-2,-2.035317535E0,-4.994364166E0,5.393213352E0
3.224458296E1,-5.766009521E-1,-2.100432129E0,-3.852388916E0,4.425515128E0
3.225458596E1,-7.912545776E-1,-1.884730682E0,-2.591261444E0,3.300443822E0
3.226458796E1,-6.926097107E-1,-1.523980865E0,-1.410816193E0,2.189207212E0
3.227459096E1,-6.953041077E-1,-1.209634552E0,-2.888992310E-1,1.424825013E0
3.228459396E1,-7.322772217E-1,-7.475454712E-1,5.525010681E-1,1.183347621E0
3.229459596E1,-8.026309204E-1,-1.507365417E-1,1.113235016E0,1.380662920E0
3.230459896E1,-7.484436035E-1,1.576222229E-1,1.675765228E0,1.842064519E0
3.231460096E1,-1.930984497E-1,4.495152283E-1,2.496508484E0,2.543994018E0
3.232460396E1,3.671864319E-1,8.409512329E-1,3.208877106E0,3.337501630E0
3.233460696E1,4.818479919E-1,8.416996765E-1,3.624862061E0,3.752367358E0
3.234460896E1,4.264631653E-1,8.482859802E-1,3.653901672E0,3.775242690E0
3.235461196E1,4.593946838E-1,1.275048523E0,3.098556519E0,3.381988278E0
3.236461396E1,4.114942932E-1,1.775906982E0,2.239942017E0,2.887994702E0
3.237461696E1,3.032693481E-1,2.177521820E0,1.287173309E0,2.547624129E0
3.238461996E1,3.204835510E-1,2.605481873E0,1.802252197E-1,2.631297517E0
3.239462196E1,3.659889221E-1,3.062930603E0,-1.112037506E0,3.279042419E0
3.240462496E1,5.319937134E-1,3.599115601E0,-2.557132416E0,4.446973871E0
3.241462696E1,8.663983154E-1,4.252656555E0,-3.867657166E0,5.813304204E0
3.242462996E1,1.090332642E0,4.780309296E0,-4.815785522E0,6.872552105E0
3.243463296E1,1.407523041E0,5.197042694E0,-5.271587677E0,7.535251191E0
3.244463496E1,1.858385468E0,5.665568390E0,-5.137167206E0,7.870371569E0
3.245463796E1,2.267335052E0,6.047274628E0,-4.367767181E0,7.796648563E0
3.246463996E1,2.481689301E0,6.052962799E0,-3.311563568E0,7.332366173E0
3.247464296E1,2.463876343E0,6.114484863E0,-2.048490143E0,6.903182139E0
3.248464596E1,1.994452515E0,6.588249664E0,-5.770500183E-1,6.907666842E0
3.249464796E1,5.950126648E-1,6.940916290E0,8.181985474E-1,7.014257472E0
3.250465096E1,-1.600920868E0,7.125033417E0,2.167792053E0,7.617635539E0
3.251465296E1,-4.442312164E0,7.336842957E0,3.432811432E0,9.238376278E0
3.252465596E1,-7.388485565E0,7.746690674E0,4.619992676E0,1.165955692E1
3.253465896E1,-1.033870056E1,7.932903442E0,5.214256897E0,1.403595958E1
3.254466096E1,-1.454824677E1,6.766678619E0,5.068460083E0,1.682642895E1
3.255466396E1,-1.991937744E1,4.099375305E0,4.781955872E0,2.089147141E1
3.256466596E1,-2.487467285E1,7.300318909E-1,5.299280090E0,2.544336191E1
3.257466896E1,-2.900189026E1,-2.340981903E0,6.896907806E0,2.990246097E1
3.258467196E1,-3.171380081E1,-4.065845032E0,9.258995819E0,3.328701340E1
3.259467396E1,-3.358730484E1,-4.543651428E0,1.241892471E1,3.609683512E1
3.260467696E1,-3.500126450E1,-4.815186768E0,1.588796082E1,3.873889310E1
3.261467896E1,-3.543401459E1,-4.740492096E0,1.863759293E1,4.031626874E1
3.262468196E1,-3.361619476E1,-3.648662567E0,1.886990982E1,3.872253589E1
3.263468496E1,-3.107837219E1,-4.229604492E0,1.727168335E1,3.580594669E1
3.264468696E1,-2.973656250E1,-7.638166351E0,1.650572617E1,3.485747740E1
3.265468996E1,-2.910532516E1,-1.154115005E1,1.752824982E1,3.588255341E1
3.266469196E1,-2.954451187E1,-1.432191742E1,1.980157242E1,3.834185403E1
3.267469496E1,-3.156965057E1,-1.641172165E1,2.272169998E1,4.221685795E1
3.268469796E1,-3.419459198E1,-1.744756760E1,2.515818329E1,4.589795118E1
3.269469996E1,-3.563489685E1,-1.701436844E1,2.545351913E1,4.698102003E1
3.270470296E1,-3.400673264E1,-1.527244080E1,2.171743835E1,4.314339394E1
3.271470496E1,-3.023682220E1,-1.360880035E1,1.573946960E1,3.670416553E1
3.272470796E1,-2.624836624E1,-1.270018982E1,1.012808853E1,3.086826411E1
3.273471096E1,-2.269610321E1,-1.227926514E1,5.910758514E0,2.647320380E1
3.274471296E1,-1.936762482E1,-1.194441147E1,3.496878204E0,2.302177260E1
3.275471596E1,-1.611758331E1,-1.173918823E1,2.450853424E0,2.008959220E1
3.276471896E1,-1.303100189E1,-1.149714157E1,2.077829132E0,1.750167559E1
3.277472096E1,-9.892029419E0,-1.108714417E1,2.020348663E0,1.499529328E1
3.278472396E1,-7.087910614E0,-1.044947021E1,2.220931549E0,1.282039163E1
3.279472596E1,-4.924609222E0,-9.626032562E0,2.632276154E0,1.112839416E1
3.280472896E1,-3.581452332E0,-8.598718872E0,3.295397186E0,9.880506549E0
3.281473196E1,-2.745141449E0,-7.191345520E0,3.872297516E0,8.616608382E0
3.282473396E1,-2.553090820E0,-5.741460571E0,4.208199005E0,7.562511560E0
3.283473696E1,-2.661315765E0,-4.351451111E0,4.350403290E0,6.704009036E0
3.284473896E1,-2.538870392E0,-2.939736786E0,3.960015106E0,5.547038388E0
3.285474196E1,-2.261796570E0,-1.731299744E0,2.974913635E0,4.118644639E0
3.286474496E1,-1.880988464E0,-1.062191162E0,1.556613007E0,2.662594922E0
3.287474696E1,-9.475296021E-1,-8.904981995E-1,-2.797682190E-1,1.330063775E0
3.288474996E1,4.969665527E-1,-1.186432800E0,-2.404599609E0,2.727030954E0
3.289475196E1,1.968706055E0,-1.931283875E0,-4.213138733E0,5.035493910E0
3.290475496E1,3.741619263E0,-2.862347717E0,-5.513484650E0,7.251983325E0
3.291475796E1,5.219046936E0,-3.954177246E0,-6.487060089E0,9.217153422E0
3.292475996E1,6.014492798E0,-4.954097900E0,-6.887627106E0,1.039983734E1
3.293476296E1,6.056405640E0,-5.589975586E0,-6.776258698E0,1.066984340E1
3.294476496E1,5.483696594E0,-5.663772125E0,-6.265221405E0,1.006986804E1
3.295476796E1,4.426445160E0,-5.189408569E0,-5.471571808E0,8.744225300E0
3.296477096E1,2.907553711E0,-4.588108978E0,-4.277654572E0,6.913967111E0
3.297477296E1,1.455273743E0,-3.893104248E0,-2.860252075E0,5.045307155E0
3.298477596E1,3.447331238E-1,-3.094514923E0,-1.598675537E0,3.500089572E0
3.299477796E1,-3.971241760E-1,-2.476001129E0,-5.101391602E-1,2.559009802E0
3.300478096E1,-9.340576172E-1,-2.097138977E0,5.346881104E-1,2.357190467E0
3.301478396E1,-1.253343658E0,-1.793121185E0,1.521136780E0,2.664584586E0
3.302478596E1,-1.143023071E0,-1.562001801E0,2.268382874E0,2.981930956E0
3.303478896E1,-7.982899475E-1,-1.440155182E0,2.791844330E0,3.241251078E0
3.304479096E1,-2.362088013E-1,-1.281185760E0,3.358865204E0,3.602666652E0
3.305479396E1,4.156855774E-1,-1.010249176E0,3.980073395E0,4.127272965E0
3.306479696E1,1.102008362E0,-7.773335266E-1,4.537065125E0,4.733247277E0
3.307479896E1,1.565594330E0,-5.623805237E-1,5.076393585E0,5.342015471E0
3.308480196E1,1.669178925E0,-1.511856079E-1,5.507946167E0,5.757298529E0
3.309480396E1,1.476978607E0,3.296145630E-1,5.605692902E0,5.806367580E0
3.310480696E1,9.809101868E-1,6.852749634E-1,5.346881104E0,5.479135343E0
3.311480996E1,4.920268250E-1,1.122964783E0,4.757406921E0,4.912846519E0
3.312481196E1,1.080752563E-1,1.765129395E0,3.858975220E0,4.244885368E0
3.313481496E1,-3.552113342E-1,2.265239410E0,3.086731110E0,3.845177970E0
3.314481696E1,-6.884184265E-1,2.617906036E0,2.398013306E0,3.616326832E0
3.315481996E1,-1.012494507E0,2.990630951E0,1.825004883E0,3.646870087E0
3.316482296E1,-1.288221130E0,3.433260498E0,1.461261292E0,3.947413823E0
3.317482496E1,-1.529219971E0,3.606600037E0,1.357676697E0,4.146005735E0
3.318482796E1,-1.657203827E0,3.686833191E0,1.628762970E0,4.357973418E0
3.319482996E1,-1.605411530E0,3.843108215E0,1.936672668E0,4.593204541E0
3.320483296E1,-1.782942352E0,3.671115875E0,2.208058319E0,4.640204386E0
3.321483596E1,-1.951791229E0,3.309018860E0,2.410587158E0,4.535418973E0
3.322483796E1,-2.258503418E0,2.961741028E0,2.430944824E0,4.447723052E0
3.323484096E1,-2.892584839E0,2.568508759E0,2.455643463E0,4.581972186E0
3.324484296E1,-3.681294708E0,2.269430695E0,2.341131592E0,4.917635970E0
3.325484596E1,-4.739593964E0,1.799857178E0,2.093097382E0,5.484915081E0
3.326484896E1,-6.868167572E0,7.137158203E-1,1.840123444E0,7.146129747E0
3.327485096E1,-9.584269409E0,-3.731739807E-1,1.723066864E0,9.745072516E0
3.328485396E1,-1.236773117E1,-1.626966705E0,1.517544250E0,1.256625384E1
3.329485596E1,-1.522259445E1,-3.434308319E0,1.550775146E0,1.568205213E1
3.330485896E1,-1.812026871E1,-5.176385651E0,2.148332520E0,1.896719376E1
3.331486196E1,-2.093935638E1,-6.028862915E0,3.798500977E0,2.211859949E1
3.332486396E1,-2.346520386E1,-6.116879883E0,6.954837341E0,2.522700486E1
3.333486696E1,-2.593925903E1,-5.936504974E0,1.094553864E1,2.877311360E1
3.334486896E1,-2.810001572E1,-6.120173035E0,1.465347794E1,3.227679998E1
3.335487196E1,-2.998729111E1,-6.990313568E0,1.779873734E1,3.556539276E1
3.336487496E1,-3.127087189E1,-8.753047943E0,2.001353165E1,3.814478635E1
3.337487696E1,-3.200913666E1,-1.135463791E1,2.172327621E1,4.031641553E1
3.338487996E1,-3.277853668E1,-1.342662918E1,2.380394943E1,4.267709979E1
3.339488296E1,-3.397320236E1,-1.418255722E1,2.616873184E1,4.516775326E1
3.340488496E1,-3.585613678E1,-1.415067352E1,2.801963287E1,4.765505149E1
3.341488796E1,-3.753205170E1,-1.405562119E1,2.815540054E1,4.897899520E1
3.342488996E1,-3.754687088E1,-1.451127365E1,2.533167252E1,4.756088948E1
3.343489296E1,-3.504527298E1,-1.548574722E1,1.918680084E1,4.284988742E1
3.344489596E1,-3.113375702E1,-1.634271515E1,1.192644882E1,3.712997907E1
3.345489796E1,-2.745306107E1,-1.659943130E1,6.307882690E0,3.269558174E1
3.346490096E1,-2.427995956E1,-1.576596451E1,2.286046143E0,2.903976722E1
3.347490296E1,-2.134366562E1,-1.400218231E1,-4.125421143E-1,2.553004823E1
3.348490596E1,-1.905911636E1,-1.200443665E1,-1.941313019E0,2.260807626E1
3.349490896E1,-1.759830414E1,-1.011940659E1,-2.795137482E0,2.049183964E1
3.350491096E1,-1.624706406E1,-8.278983765E0,-3.223247223E0,1.851750483E1
3.351491396E1,-1.463581467E1,-6.555617523E0,-3.059787140E0,1.632622092E1
3.352491596E1,-1.301453613E1,-5.199437714E0,-2.205962677E0,1.418726805E1
3.353491896E1,-1.124566452E1,-4.015848999E0,-7.737409973E-1,1.196623119E1
3.354492196E1,-9.188193054E0,-3.087030487E0,5.788462830E-1,9.710185984E0
3.355492396E1,-7.139403534E0,-2.481988678E0,1.460363159E0,7.698312229E0
3.356492696E1,-4.943320312E0,-2.067350922E0,1.725162506E0,5.629079962E0
3.357492896E1,-2.417772217E0,-1.816023560E0,1.197210388E0,3.252211059E0
3.358493196E1,8.532257080E-3,-1.799707489E0,-8.637039185E-2,1.801799015E0
3.359493496E1,2.195035400E0,-2.049388275E0,-1.704355774E0,3.452969927E0
3.360493696E1,4.204007721E0,-2.296374664E0,-3.016676788E0,5.661038453E0
3.361493996E1,5.855523376E0,-2.611020355E0,-3.908073120E0,7.508502968E0
3.362494196E1,7.037016449E0,-2.959046631E0,-4.504283295E0,8.863640644E0
3.363494496E1,7.961044922E0,-3.074007568E0,-4.662504272E0,9.724541371E0
3.364494796E1,8.621321869E0,-3.037184143E0,-4.514312439E0,1.019464051E1
3.365494996E1,8.753047943E0,-2.971470795E0,-4.316723328E0,1.020194037E1
3.366495296E1,8.212521973E0,-3.006797333E0,-4.038451996E0,9.633039078E0
3.367495496E1,7.257358246E0,-2.957699432E0,-3.589834900E0,8.619985455E0
3.368495796E1,6.212081909E0,-2.764600983E0,-2.784210205E0,7.347435383E0
3.369496096E1,5.288801880E0,-2.544109497E0,-1.538201294E0,6.067123015E0
3.370496296E1,4.382436676E0,-2.314786377E0,-1.442999268E-1,4.958307136E0
3.371496596E1,3.288810883E0,-1.995350647E0,1.182241516E0,4.024350411E0
3.372496796E1,2.289339294E0,-1.502126312E0,2.382745056E0,3.629728897E0
3.373497104E1,1.439556427E0,-9.449848938E-1,3.434158630E0,3.841713765E0
3.374497404E1,7.246430969E-1,-4.519102478E-1,4.148024139E0,4.235024764E0
3.375497604E1,2.423460388E-1,-1.472937012E-1,4.408033447E0,4.417146806E0
3.376497904E1,-3.412902832E-2,-7.170089722E-2,4.232897644E0,4.233642436E0
3.377498104E1,1.697470093E-1,-1.580712891E-1,3.484004974E0,3.491717520E0
3.378498404E1,9.292675781E-1,-4.349954224E-1,2.302960968E0,2.521187908E0
3.379498704E1,1.612746277E0,-7.155120850E-1,1.211281128E0,2.140119171E0
3.380498904E1,2.172432404E0,-8.071215820E-1,5.821394348E-1,2.389517549E0
3.381499204E1,2.444566498E0,-7.493417358E-1,2.529739380E-1,2.569321742E0
3.382499404E1,2.149080963E0,-6.822811890E-1,2.321672058E-1,2.266706469E0
3.383499704E1,1.611399078E0,-4.806504822E-1,6.042933655E-1,1.786841444E0
3.384500004E1,1.133143616E0,-1.935475159E-1,1.028960266E0,1.542800805E0
3.385500204E1,6.375242615E-1,5.987548828E-4,1.126407623E0,1.294307412E0
3.386500504E1,2.158511353E-1,7.185058594E-3,6.171665955E-1,6.538638575E-1
3.387500704E1,-9.924362183E-2,-8.666976929E-2,-2.092648315E-1,2.472907501E-1
3.388501004E1,-1.140628052E-1,-1.959425354E-1,-1.208886108E0,1.229963180E0
3.389501304E1,1.139131165E-1,-4.559518433E-1,-2.521057434E0,2.564488032E0
3.390501504E1,1.323248291E-1,-9.889933777E-1,-3.738026733E0,3.868909617E0
3.391501804E1,2.665956116E-1,-1.862427063E0,-4.723577271E0,5.084475392E0
3.392502104E1,7.783813477E-1,-2.883304138E0,-5.428162079E0,6.195503517E0
3.393502304E1,1.214723969E0,-3.394042053E0,-5.429060211E0,6.516883500E0
3.394502604E1,1.026864624E0,-3.235222321E0,-5.240153046E0,6.243422007E0
3.395502804E1,-1.568737793E-1,-3.590134277E0,-5.001848602E0,6.158909234E0
3.396503104E1,-1.775906982E0,-5.007985840E0,-4.918621674E0,7.240622000E0
3.397503404E1,-3.737877045E0,-7.282206573E0,-4.368665314E0,9.278334657E0
3.398503604E1,-5.693260803E0,-1.004486160E1,-2.944975891E0,1.191576041E1
3.399503904E1,-8.686586151E0,-1.327574295E1,-8.951385498E-1,1.589035566E1
3.400504104E1,-1.244317429E1,-1.594723755E1,2.293231201E0,2.035696149E1
3.401504404E1,-1.618703888E1,-1.683369415E1,6.923402710E0,2.435830437E1
3.402504704E1,-1.952464828E1,-1.617925507E1,1.241293716E1,2.823227221E1
3.403504904E1,-2.318019653E1,-1.535222488E1,1.823942093E1,3.325189913E1
3.404505204E1,-2.665432205E1,-1.483654724E1,2.342613510E1,3.846244693E1
3.405505404E1,-2.909035629E1,-1.386506744E1,2.677242645E1,4.189572463E1
3.406505704E1,-3.044952988E1,-1.240919495E1,2.818039856E1,4.330469780E1
3.407506004E1,-3.314886658E1,-1.182600769E1,2.784614365E1,4.487883164E1
3.408506204E1,-3.746139862E1,-1.303474411E1,2.694875977E1,4.795306657E1
3.409506504E1,-4.268358902E1,-1.508532990E1,2.585977432E1,5.213620506E1
3.410506704E1,-4.721421753E1,-1.589290054E1,2.172626999E1,5.434884941E1
3.411507004E1,-4.763154968E1,-1.478460526E1,1.266531235E1,5.145638167E1
3.412507304E1,-4.301425140E1,-1.133023865E1,2.011517029E0,4.452691694E1
3.413507504E1,-3.641552353E1,-8.220006409E0,-5.917344818E0,3.779780191E1
3.414507804E1,-3.070145599E1,-7.522456970E0,-8.990005188E0,3.286315493E1
3.415508004E1,-2.650777679E1,-8.750952301E0,-7.381749573E0,2.887441122E1
3.416508304E1,-2.302766373E1,-9.952353973E0,-3.113226013E0,2.527874250E1
3.417508604E1,-1.955548416E1,-1.033780243E1,1.444795532E0,2.216696989E1
3.418508804E1,-1.591924576E1,-9.659562836E0,5.552104340E0,1.943078491E1
3.419509104E1,-1.283625687E1,-8.183931427E0,8.849896545E0,1.760871639E1
3.420509304E1,-1.039438477E1,-6.499783630E0,1.082608704E1,1.635526161E1
3.421509604E1,-8.270601196E0,-4.633015594E0,1.138966507E1,1.481864191E1
3.422509904E1,-6.958878937E0,-2.962040405E0,1.086455704E1,1.323775959E1
3.423510104E1,-6.239325256E0,-1.808988190E0,9.718091125E0,1.168943596E1
3.424510404E1,-5.446274414E0,-1.012045441E0,7.903265076E0,9.651307674E0
3.425510604E1,-4.168980560E0,-2.591111755E-1,5.605842590E0,6.990923305E0
3.426510904E1,-2.509531403E0,3.987707520E-1,3.127446442E0,4.029601372E0
3.427511204E1,-4.791535950E-1,1.117276611E0,6.107299805E-1,1.360472823E0
3.428511404E1,1.573228455E0,2.145937500E0,-1.888023834E0,3.262626170E0
3.429511704E1,2.753374329E0,2.528841248E0,-3.772305450E0,5.310969465E0
3.430511904E1,3.119812317E0,2.205064545E0,-5.083728333E0,6.359232053E0
3.431512204E1,3.291355591E0,1.833686829E0,-6.219266968E0,7.271499888E0
3.432512504E1,3.471580811E0,1.349593506E0,-7.181466064E0,8.089915376E0
3.433512704E1,3.488495636E0,6.529421997E-1,-7.859855347E0,8.623993355E0
3.434513004E1,3.518583069E0,-4.924758911E-2,-7.962691498E0,8.705590619E0
3.435513204E1,3.514391785E0,-4.647834778E-1,-7.644004211E0,8.426017664E0
3.436513504E1,3.771557007E0,-9.177415466E-1,-6.756799164E0,7.792382610E0
3.437513804E1,2.218237152E0,-5.565426636E-1,-6.120771790E0,6.534077066E0
3.438514004E1,8.430468750E-1,-2.897973633E-1,-4.907993774E0,4.988297649E0
3.439514304E1,3.233276367E-2,-9.418414307E-1,-2.788251801E0,2.943205530E0
3.440514504E1,-1.509461060E0,-1.235830078E0,-1.433419189E0,2.420834411E0
3.441514804E1,-2.083966370E0,-1.269360352E0,1.654060364E-1,2.445720893E0
3.442515104E1,-2.305355988E0,-1.400787048E0,1.617536316E0,3.145360761E0
3.443515304E1,-1.848506012E0,-1.597028961E0,2.665207672E0,3.615357232E0
3.444515604E1,-6.252497864E-1,-1.567989349E0,3.245850220E0,3.658561404E0
3.445515804E1,6.824308777E-1,-1.626517639E0,3.366050262E0,3.800206034E0
3.446516104E1,1.773062897E0,-1.715582428E0,3.316952362E0,4.133902282E0
3.447516404E1,2.655028839E0,-1.580263824E0,3.075803833E0,4.359699658E0
3.448516604E1,3.246448975E0,-1.373543701E0,2.774181061E0,4.485770146E0
3.449516904E1,3.605851593E0,-1.098415833E0,2.475701752E0,4.509743032E0
3.450517104E1,3.899241486E0,-7.399113464E-1,1.825004883E0,4.368317272E0
3.451517404E1,3.954027557E0,-5.315446472E-1,7.542814636E-1,4.060272671E0
3.452517704E1,3.813170471E0,-3.460803223E-1,-3.998185730E-1,3.849661741E0
3.453517904E1,3.661386108E0,-5.448669434E-2,-1.401535492E0,3.920844140E0
3.454518204E1,3.174149323E0,2.731819153E-1,-2.091001740E0,3.810792641E0
3.455518404E1,2.280956726E0,6.655160522E-1,-2.506387939E0,3.453643830E0
3.456518704E1,1.471140747E0,1.107546844E0,-2.654130707E0,3.230375353E0
3.457519004E1,9.544152832E-1,1.405876465E0,-2.620450745E0,3.123164945E0
3.458519204E1,5.646258545E-1,1.546134796E0,-2.441273346E0,2.944342153E0
3.459519504E1,4.340972900E-2,1.427132263E0,-2.122286682E0,2.557868578E0
3.460519704E1,-8.831634521E-1,1.110989685E0,-1.348695374E0,1.957870010E0
3.461520004E1,-1.778751068E0,1.147513733E0,-6.795867920E-2,2.117867208E0
3.462520304E1,-2.663261719E0,1.369352417E0,1.234333191E0,3.239084354E0
3.463520504E1,-4.108805695E0,1.350192261E0,2.190544739E0,4.848070712E0
3.464520804E1,-6.018833771E0,8.869056702E-1,2.641856232E0,6.632674120E0
3.465521004E1,-7.737260284E0,-3.858975220E-1,2.121987305E0,8.032244003E0
3.466521304E1,-9.910441132E0,-2.402653656E0,1.099164276E0,1.025659544E1
3.467521604E1,-1.217508179E1,-4.554429016E0,4.725672913E-1,1.300764237E1
3.468521804E1,-1.460378128E1,-6.598578186E0,4.137396240E-1,1.603068440E1
3.469522104E1,-1.730641113E1,-8.715476074E0,1.130299530E0,1.941002232E1
3.470522304E1,-2.008867538E1,-1.062924637E1,2.877615967E0,2.290887231E1
3.471522604E1,-2.311762665E1,-1.205563019E1,5.967789917E0,2.674653992E1
3.472522904E1,-2.551055054E1,-1.297097672E1,9.879305878E0,3.027598240E1
3.473523071E1,-2.701387436E1,-1.374920837E1,1.401580399E1,3.339510294E1
3.474523371E1,-2.804088867E1,-1.483085907E1,1.758977188E1,3.627183333E1
3.475523571E1,-2.875625107E1,-1.643148056E1,1.977627502E1,3.857481799E1
3.476523871E1,-2.987173141E1,-1.782298691E1,2.079400864E1,4.052616433E1
3.477524171E1,-3.139870605E1,-1.815005676E1,2.145263901E1,4.213690808E1
3.478524371E1,-3.296055817E1,-1.761192581E1,2.184467377E1,4.328704307E1
3.479524671E1,-3.384686508E1,-1.662173492E1,2.118724091E1,4.325264761E1
3.480524971E1,-3.335887985E1,-1.574650497E1,1.832639008E1,4.119009416E1
3.481525171E1,-3.178729797E1,-1.549248322E1,1.369142853E1,3.791971207E1
3.482525471E1,-2.964809647E1,-1.559771439E1,8.678652649E0,3.460660818E1
3.483525671E1,-2.778836380E1,-1.557106979E1,4.466711426E0,3.216524348E1
3.484525971E1,-2.635314835E1,-1.503997421E1,1.591340790E0,3.038456216E1
3.485526171E1,-2.508917679E1,-1.371897125E1,6.586303711E-2,2.859512724E1
3.486526471E1,-2.424448334E1,-1.163814835E1,-9.759704590E-2,2.689332621E1
3.487526771E1,-2.361309631E1,-1.000699036E1,1.009201355E0,2.566586568E1
3.488526971E1,-2.225197678E1,-9.113049316E0,2.146536255E0,2.414137022E1
3.489527271E1,-2.002670425E1,-7.946674805E0,3.157384186E0,2.177584898E1
3.490527571E1,-1.731359619E1,-6.715934143E0,4.093986511E0,1.901644315E1
3.491527771E1,-1.456905350E1,-5.774691467E0,4.657265167E0,1.634914371E1
3.492528071E1,-1.176209061E1,-4.753515015E0,4.592300262E0,1.349191988E1
3.493528271E1,-8.872200165E0,-3.697461090E0,3.887416077E0,1.036818007E1
3.494528571E1,-6.004912720E0,-2.798580322E0,2.672392731E0,7.143718324E0
3.495528871E1,-3.245401154E0,-2.089205475E0,1.265019379E0,4.061733890E0
3.496529071E1,-6.953041077E-1,-1.435814209E0,1.017883301E-2,1.595341297E0
3.497529371E1,1.386566620E0,-7.402107239E-1,-1.063837738E0,1.897954067E0
3.498529571E1,2.698288879E0,-2.204914856E-1,-1.849104767E0,3.278500848E0
3.499529871E1,3.482059021E0,1.044827271E-1,-2.205214233E0,4.122938452E0