"Time (s)","Acceleration x (m/s^2)","Acceleration y (m/s^2)","Acceleration z (m/s^2)","Absolute acceleration (m/s^2)"
6.248416670E-3,1.357571915E1,-1.354398514E1,3.144960022E0,1.943271616E1
1.618841666E-2,1.181493073E1,-1.367810623E1,2.398162994E0,1.823278267E1
2.612841665E-2,1.039707916E1,-1.332289490E1,1.177750854E0,1.694065762E1
3.606741666E-2,9.930200043E0,-1.270363266E1,2.372566223E-1,1.612598668E1
4.600741665E-2,9.314230957E0,-1.202733902E1,-4.430786133E-2,1.521228929E1
5.594641666E-2,8.359965363E0,-1.121527771E1,1.645079041E-1,1.398922935E1
6.588641665E-2,7.525301056E0,-1.034768188E1,6.420149231E-1,1.281081026E1
7.582541666E-2,6.409072266E0,-8.978479156E0,9.342073059E-1,1.107077407E1
8.576541665E-2,5.009931793E0,-7.147037659E0,1.350791016E0,8.831998655E0
9.570541666E-2,3.608995056E0,-5.136568451E0,1.583706665E0,6.474357695E0
1.056444166E-1,2.206860809E0,-3.406765594E0,1.657353516E0,4.384416395E0
1.155844167E-1,8.265811157E-1,-2.056423645E0,1.763183441E0,2.832124714E0
1.255234167E-1,-2.002835083E-1,-9.020242310E-1,1.673968964E0,1.912049499E0
1.354634167E-1,-9.427395630E-1,6.421646118E-2,1.434017944E0,1.717349441E0
1.454024167E-1,-1.522633667E0,6.918612671E-1,1.282832336E0,2.107781796E0
1.553424167E-1,-2.118544464E0,1.180894318E0,1.210981750E0,2.710944270E0
1.652824167E-1,-2.511926422E0,1.434916077E0,9.304650879E-1,3.038835925E0
1.752214167E-1,-2.664010162E0,1.496138763E0,9.912387085E-1,3.212154343E0
1.851614167E-1,-3.152594147E0,1.337768097E0,1.800455933E0,3.869123273E0
1.951004167E-1,-3.673510895E0,9.584568787E-1,2.272424469E0,4.424616916E0
2.050404167E-1,-3.497027893E0,5.852828979E-1,1.320254517E0,3.783494700E0
2.149794167E-1,-2.820285187E0,4.843927002E-1,-2.948867798E-2,2.861732763E0
2.249194167E-1,-2.284848633E0,5.146298218E-1,-5.792953491E-1,2.412666622E0
2.348594167E-1,-1.743574219E0,4.885839844E-1,-5.167254639E-1,1.883021660E0
2.447984167E-1,-1.036594391E0,2.761756897E-1,-3.505709839E-1,1.128583607E0
2.547384167E-1,-7.502398682E-1,9.385482788E-2,-4.598437500E-1,8.849434236E-1
2.646774166E-1,-7.340734863E-1,2.005828857E-2,-5.766009521E-1,9.336674335E-1
2.746174167E-1,-7.640112305E-1,1.796264648E-3,-6.056405640E-1,9.749445520E-1
2.845564166E-1,-7.589218140E-1,4.490661621E-4,-6.099815369E-1,9.736734549E-1
2.944964167E-1,-6.872209167E-1,1.975891113E-2,-6.288423157E-1,9.317218796E-1
3.044354166E-1,-5.294490051E-1,4.969665527E-2,-6.474037170E-1,8.378052157E-1
3.143754167E-1,-4.135899353E-1,8.083190918E-2,-7.259902954E-1,8.394357278E-1
3.243154167E-1,-3.906875610E-1,8.756790161E-2,-7.673043823E-1,8.654830575E-1
3.342544167E-1,-3.225791931E-1,-4.745132446E-2,-7.277865601E-1,7.974849472E-1
3.441944167E-1,-2.683918762E-1,-4.185296631E-1,-5.114863586E-1,7.133159000E-1
3.541334167E-1,-5.563929749E-1,-1.454225922E0,2.747835846E0,3.158314109E0
3.640734167E-1,-4.799020386E-1,-2.962489471E0,8.001311188E0,8.545620548E0
3.740124167E-1,-4.355941772E-2,-2.727478180E0,2.037862244E0,3.404984166E0
3.839524167E-1,1.608105927E0,-3.980672150E0,-5.821394348E-1,4.332509868E0
3.938924167E-1,6.505322113E0,-9.229207764E0,3.806135101E0,1.191571048E1
4.038314167E-1,1.008991791E1,-1.504371643E1,1.717737946E1,2.496361777E1
4.137714167E-1,1.052655991E1,-1.670795563E1,6.624324646E0,2.082896833E1
4.237104167E-1,1.267743713E1,-1.921599014E1,-4.224814453E0,2.340557085E1
4.336504167E-1,2.073233688E1,-2.804672653E1,-2.138752441E0,3.494313844E1
4.435904167E-1,2.900503372E1,-3.828483627E1,3.740721130E0,4.817689970E1
4.535294167E-1,3.097239258E1,-4.322576157E1,7.338040466E0,5.368055889E1
4.634694167E-1,2.555770248E1,-4.099465118E1,6.149512024E0,4.869880984E1
4.734084167E-1,1.833791611E1,-3.355706772E1,6.302942963E0,3.875671621E1
4.833484167E-1,1.524609558E1,-2.227098724E1,3.483705597E0,2.721353538E1
4.932874167E-1,1.612042740E1,-1.545101944E1,2.118843842E0,2.242970531E1
5.032274167E-1,1.591565323E1,-1.257954071E1,1.944306793E0,2.037972500E1
5.131664167E-1,1.452190155E1,-1.232731522E1,1.416204987E0,1.910115079E1
5.231064167E-1,1.278416519E1,-1.371118744E1,1.006806335E0,1.877352390E1
5.330464166E-1,1.132649643E1,-1.542227921E1,9.240284729E-1,1.915698426E1
5.429852083E-1,1.022583527E1,-1.587448883E1,1.477277985E0,1.894068248E1
5.529252083E-1,9.030421143E0,-1.476514572E1,2.571801910E0,1.749777698E1
5.628642083E-1,8.251590729E0,-1.243254639E1,4.106560364E0,1.547645945E1
5.728042083E-1,7.884254608E0,-9.561666412E0,5.214256897E0,1.344527465E1
5.827432083E-1,7.319029999E0,-6.969806213E0,5.021607513E0,1.128551908E1
5.926832083E-1,6.202501831E0,-5.068909149E0,3.749702454E0,8.844497579E0
6.026232083E-1,4.521198120E0,-4.058210907E0,2.439926147E0,6.547025875E0
6.125622083E-1,2.966381378E0,-3.393143921E0,1.493144989E0,4.747875957E0
6.225022083E-1,1.578018494E0,-2.750530243E0,6.721023560E-1,3.241493569E0
6.324412083E-1,2.119592285E-1,-2.179018707E0,-1.447489929E-1,2.194083297E0
6.423812083E-1,-9.957293701E-1,-1.555714874E0,-9.240284729E-1,2.065321856E0
6.523212083E-1,-1.940414886E0,-7.595205688E-1,-1.550924835E0,2.597585277E0
6.622602083E-1,-2.651735687E0,-7.155120850E-2,-1.730551300E0,3.167274780E0
6.722002083E-1,-3.040926361E0,4.531077576E-1,-1.327289886E0,3.348766671E0
6.821392083E-1,-3.020568695E0,7.562274170E-1,-5.752537537E-1,3.166485754E0
6.920792083E-1,-2.597099304E0,8.376580811E-1,1.034349060E-1,2.730804760E0
7.020182083E-1,-2.190844116E0,7.644602966E-1,4.179309082E-1,2.357724269E0
7.119582083E-1,-1.900148621E0,6.253994751E-1,-4.236190796E-2,2.000870764E0
7.218982083E-1,-1.670526123E0,4.975653076E-1,-9.765692139E-1,1.997978026E0
7.318372083E-1,-1.464853821E0,4.216731262E-1,-1.252295837E0,1.972777181E0
7.417772083E-1,-1.179696808E0,3.525169373E-1,-7.321275330E-1,1.432467617E0
7.517162083E-1,-8.777746582E-1,2.877017212E-1,-3.754193115E-1,9.970959284E-1
7.616562083E-1,-6.798861694E-1,2.974314880E-1,-2.495310974E-1,7.829281334E-1
7.715952083E-1,-4.760101318E-1,3.183879089E-1,-2.173480225E-1,6.125329942E-1
7.815352083E-1,-2.812651062E-1,2.993774414E-1,-2.195933533E-1,4.657876696E-1
7.914742083E-1,-1.835183716E-1,3.023712158E-1,-1.422042847E-1,3.812209378E-1
8.014142083E-1,-1.396595764E-1,3.502716064E-1,-4.715194702E-2,3.800240804E-1
8.113542083E-1,-1.073268127E-1,4.093986511E-1,5.867797852E-2,4.272814125E-1
8.212932083E-1,-1.089733887E-1,4.827461243E-1,2.246827698E-1,5.435083872E-1
8.312332083E-1,-7.439529419E-2,6.340814209E-1,9.445358276E-1,1.140062208E0
8.411722083E-1,2.344125366E-1,1.257235565E0,6.256988525E0,6.386352317E0
8.511122083E-1,7.667056274E-1,8.310717773E-1,1.146840134E1,1.152400742E1
8.610512083E-1,4.207749939E-1,-1.259480896E0,1.008452911E0,1.667429458E0
8.709912083E-1,1.150357819E0,-3.228486328E0,-2.380050659E0,4.172659610E0
8.809312083E-1,6.527925110E-1,-1.990560608E0,-7.806266785E-1,2.235586636E0
8.908702083E-1,6.158193970E-1,-1.782792664E0,2.100132751E0,2.822789540E0
9.008102083E-1,1.795665894E0,-3.736080780E0,6.873256989E0,8.026479753E0
9.107492083E-1,3.074456635E0,-6.015091553E0,-1.190025330E-1,6.756313461E0
9.206892083E-1,8.495134277E0,-1.572988953E1,3.280278625E0,1.817572444E1
9.306282083E-1,1.442310699E1,-3.203892471E1,6.408623199E0,3.571539113E1
9.405682083E-1,2.066767136E1,-3.905767914E1,1.133592682E0,4.420339321E1
9.505082083E-1,2.706252319E1,-5.389901642E1,6.834786987E-1,6.031543149E1
9.604472083E-1,2.574301712E1,-6.263889175E1,1.394949188E0,6.773684060E1
9.703872083E-1,1.511152542E1,-5.163272919E1,4.339326324E0,5.397338860E1
9.803262083E-1,1.079510147E1,-3.475697250E1,6.843169556E0,3.703255761E1
9.902662083E-1,1.067415298E1,-2.111973129E1,6.648424530E0,2.458011677E1
1.000205208E0,1.165566193E1,-1.547032928E1,4.828059998E0,1.996235724E1
1.010145208E0,1.166614014E1,-1.238778946E1,4.175117798E0,1.752106623E1
1.020085208E0,1.053434372E1,-1.073402847E1,3.168910217E0,1.536989775E1
1.030024208E0,1.014380585E1,-1.021400986E1,1.808688812E0,1.450841651E1
1.039964208E0,9.994865570E0,-1.003977219E1,8.890013123E-1,1.419453017E1
1.049903208E0,9.124874725E0,-9.687554626E0,1.945953369E-2,1.330835948E1
1.059843208E0,7.920628967E0,-9.041498108E0,-4.608915710E-1,1.202902624E1
1.069782208E0,6.440806274E0,-8.295449524E0,-4.643344116E-1,1.051256747E1
1.079722208E0,4.919968872E0,-7.496710510E0,-1.972897339E-1,8.969151878E0
1.089662208E0,3.312761078E0,-6.596781921E0,2.395019531E-2,7.381902959E0
1.099601208E0,1.739532623E0,-5.531596985E0,2.359094238E-1,5.803463811E0
1.109541208E0,4.957690430E-1,-4.387077026E0,1.598675537E-1,4.417894228E0
1.119480208E0,-5.516029358E-1,-3.133134613E0,5.688171387E-3,3.181325299E0
1.129420208E0,-1.539548492E0,-1.731748810E0,1.137634277E-2,2.317173477E0
1.139359208E0,-2.446662140E0,-2.546205139E-1,6.854246521E-1,2.553584576E0
1.149299208E0,-3.318000183E0,1.258133698E0,2.489024048E0,4.334428028E0
1.159239208E0,-3.881578217E0,2.324067078E0,4.449048157E0,6.345231811E0
1.169178208E0,-3.890858917E0,2.509830780E0,4.780608673E0,6.655242516E0
1.179118208E0,-3.741469574E0,1.879790955E0,3.219804382E0,5.281983422E0
1.189057208E0,-3.130739594E0,1.065484314E0,8.336164856E-1,3.410528357E0
1.198997208E0,-2.404449921E0,4.490661621E-1,-8.972341919E-1,2.605392299E0
1.208936208E0,-2.027982788E0,1.112187195E-1,-1.354682922E0,2.441362245E0
1.218876208E0,-1.578916626E0,-1.664538574E-1,-1.102906494E0,1.933154762E0
1.228816208E0,-9.934840393E-1,-3.363505554E-1,-9.211843872E-1,1.395966657E0
1.238755208E0,-7.228468323E-1,-3.538641357E-1,-8.267308044E-1,1.153781259E0
1.248695208E0,-5.349874878E-1,-3.209326172E-1,-7.312294006E-1,9.612001837E-1
1.258634208E0,-4.266128540E-1,-2.761756897E-1,-7.370672607E-1,8.952874877E-1
1.268574208E0,-4.664300537E-1,-2.393522644E-1,-7.048841858E-1,8.784692464E-1
1.278513208E0,-6.529421997E-1,-2.282752991E-1,-4.520599365E-1,8.263179258E-1
1.288453208E0,-9.839039612E-1,-1.812730408E-1,3.302133179E-1,1.053550073E0
1.298393208E0,-1.288221130E0,-2.155517578E-1,1.298100586E0,1.841478040E0
1.308332208E0,-1.665436707E0,-5.066963196E-1,1.730251923E0,2.454423007E0
1.318272208E0,-1.713337097E0,-1.120719452E0,1.581461334E0,2.586997497E0
1.328211208E0,-1.488654327E0,-2.326911163E0,1.557062073E0,3.170969815E0
1.338151208E0,-1.245709534E0,-4.646337891E0,3.038231964E0,5.689560748E0
1.348090208E0,-5.134323120E-1,-5.127287750E0,2.887345734E0,5.906729873E0
1.358030208E0,1.777254181E0,-5.328020325E0,1.808539124E0,5.900614101E0
1.367970208E0,4.878056030E0,-6.896758118E0,3.349135437E0,9.087211417E0
1.377909208E0,8.189020844E0,-9.868378601E0,7.949069824E0,1.508750044E1
1.387849208E0,1.039737854E1,-1.307635757E1,6.264023895E0,1.784193384E1
1.397788208E0,1.151151169E1,-1.496004044E1,3.225193176E0,1.914992382E1
1.407728208E0,1.318592972E1,-1.682845505E1,3.953728180E0,2.174161007E1
1.417667208E0,1.596115860E1,-1.968541397E1,4.370611267E0,2.571723838E1
1.427607208E0,1.888517807E1,-2.300461166E1,4.159400482E0,3.005266579E1
1.437547208E0,1.916659286E1,-2.477977020E1,4.852908325E-1,3.133098786E1
1.447486208E0,1.849778366E1,-2.677556992E1,-9.282197571E-1,3.255703820E1
1.457426208E0,1.745205826E1,-2.984688309E1,8.970845032E-1,3.458634887E1
1.467365208E0,1.617296814E1,-3.018053925E1,9.092092896E-1,3.425283213E1
1.477305208E0,1.615650238E1,-2.974569351E1,1.451980591E-1,3.385055294E1
1.487244208E0,1.490390717E1,-2.749123169E1,1.409019928E0,3.130302870E1
1.497184208E0,1.250978577E1,-2.117691238E1,2.711162109E0,2.474483296E1
1.507124208E0,1.126198059E1,-1.589364899E1,4.282294922E0,1.994438103E1
1.517063208E0,1.047027695E1,-1.283446060E1,5.953270111E0,1.760089496E1
1.527003208E0,1.030457153E1,-1.123114471E1,6.591393127E0,1.660630210E1
1.536942208E0,1.116138977E1,-1.054886353E1,5.991740112E0,1.648502632E1
1.546881417E0,1.220696548E1,-1.004531067E1,4.733007660E0,1.650211000E1
1.556820417E0,1.205817490E1,-8.987610168E0,3.632795563E0,1.547171361E1
1.566760417E0,1.096439941E1,-7.475005646E0,2.669249268E0,1.353582859E1
1.576700417E0,9.529782715E0,-5.825585632E0,2.093396759E0,1.136382491E1
1.586639417E0,7.763306122E0,-4.384682007E0,1.669328613E0,9.070888394E0
1.596579417E0,5.429658966E0,-3.213367767E0,1.355281677E0,6.453194350E0
1.606518417E0,3.060535583E0,-2.565814362E0,1.049617310E0,4.129404060E0
1.616458417E0,9.595046997E-1,-2.281854858E0,4.951702881E-1,2.524421613E0
1.626397417E0,-9.517208862E-1,-1.970502319E0,1.028361511E-1,2.190713881E0
1.636337417E0,-2.627336426E0,-1.561403046E0,-1.902543640E-1,3.062200661E0
1.646277417E0,-3.932322693E0,-1.146615601E0,-5.968089294E-1,4.139332071E0
1.656216417E0,-4.860542450E0,-8.002359009E-1,-7.508386230E-1,4.982871566E0
1.666156417E0,-5.577252045E0,-5.492079163E-1,-9.075627136E-1,5.677238746E0
1.676095417E0,-5.718258820E0,-5.626799011E-1,-9.921368408E-1,5.830902855E0
1.686035417E0,-5.578748932E0,-9.409432983E-1,-6.988966370E-1,5.700550012E0
1.695974417E0,-5.424719238E0,-1.394051056E0,-1.200503540E-1,5.602264654E0
1.705914417E0,-4.647086334E0,-1.806742859E0,2.880010986E-1,4.994264289E0
1.715854417E0,-3.247646484E0,-2.051184540E0,1.736389160E-1,3.845089879E0
1.725793417E0,-1.921554108E0,-2.093546448E0,-1.182540894E-2,2.841733055E0
1.735733417E0,-9.481283569E-1,-1.960772552E0,-4.954696655E-2,2.178538796E0
1.745672417E0,-4.914280701E-1,-1.555116119E0,1.826202393E-1,1.641108724E0
1.755612417E0,-3.993695068E-1,-8.412506104E-1,6.267466736E-1,1.122501664E0
1.765551417E0,-2.871029663E-1,-1.537303162E-1,9.861492920E-1,1.038533365E0
1.775491417E0,-6.047424316E-2,3.842509460E-1,9.966275024E-1,1.069846859E0
1.785431417E0,1.634600830E-1,7.120692444E-1,7.147636414E-1,1.022080658E0
1.795370417E0,3.459306335E-1,9.110055542E-1,3.043171692E-1,1.020885920E0
1.805310417E0,6.360273743E-1,9.684860229E-1,1.655557251E-1,1.170429278E0
1.815249417E0,1.268462219E0,9.110055542E-1,9.868977356E-1,1.847402139E0
1.825189417E0,2.033371582E0,1.472937012E-1,3.240311737E0,3.828304531E0
1.835128417E0,2.141596527E0,-1.324445801E0,4.159250793E0,4.862094150E0
1.845068417E0,1.752106476E0,-2.131118317E0,1.279838562E0,3.041303853E0
1.855007417E0,2.036215668E0,-2.822979584E0,-4.372407532E-1,3.508071757E0
1.864947417E0,3.911665649E0,-4.626578979E0,9.282197571E-1,6.129270195E0
1.874887417E0,6.849755859E0,-7.925419006E0,3.108136597E0,1.092666165E1
1.884826417E0,9.589807892E0,-1.182331329E1,2.999612274E0,1.551621173E1
1.894766417E0,1.241997253E1,-1.664194290E1,3.302432556E0,2.102655564E1
1.904705417E0,1.474838058E1,-2.045795746E1,1.630708923E0,2.527255359E1
1.914645417E0,1.718621109E1,-2.437516159E1,9.351054382E-1,2.983938298E1
1.924584417E0,1.953018677E1,-2.787548264E1,-1.067280579E-1,3.403648217E1
1.934524417E0,2.123199783E1,-3.065894440E1,-3.852987671E-1,3.729500045E1
1.944464417E0,2.097109039E1,-3.338372818E1,2.857407990E0,3.952751851E1
1.954403417E0,2.017429733E1,-3.231734573E1,3.101849670E0,3.822348204E1
1.964343417E0,2.113559830E1,-2.751039185E1,1.666783905E0,3.473202187E1
1.974282417E0,2.168660248E1,-2.074835358E1,1.129700775E0,3.003463213E1
1.984222417E0,1.965128494E1,-1.607731705E1,1.772164764E0,2.545179151E1
1.994161417E0,1.741912674E1,-1.334534821E1,3.948788452E0,2.229612579E1
2.004101417E0,1.615156265E1,-1.253687943E1,5.649252319E0,2.121226941E1
2.014041417E0,1.544637909E1,-1.244272522E1,5.393284607E0,2.055479401E1
2.023980417E0,1.430380508E1,-1.204245758E1,4.512516174E0,1.923492726E1
2.033920417E0,1.285646484E1,-1.141870468E1,3.455564117E0,1.753899736E1
2.043859417E0,1.129730713E1,-1.036564453E1,2.341131592E0,1.550988820E1
2.053799417E0,9.639354858E0,-9.009614410E0,1.468596039E0,1.327580838E1
2.063739417E0,7.794441376E0,-7.646399231E0,6.912625122E-1,1.094068469E1
2.073678417E0,6.248605957E0,-6.418652344E0,7.349716187E-2,8.958212776E0
2.083618417E0,4.594695282E0,-5.331014099E0,-3.100053406E-1,7.044646149E0
2.093557417E0,2.620450745E0,-4.344415741E0,-5.725593567E-1,5.105735447E0
2.103497417E0,1.013242950E0,-3.364852753E0,-8.931925964E-1,3.625836226E0
2.113436417E0,-1.459465027E-1,-2.560575256E0,-1.204395447E0,2.833445679E0
2.123376417E0,-1.093326416E0,-1.681004333E0,-1.384470978E0,2.436780275E0
2.133315417E0,-1.915566559E0,-7.429051208E-1,-1.294508057E0,2.428385136E0
2.143255417E0,-2.657124481E0,3.308120728E-2,-7.887098694E-1,2.771906949E0
2.153195417E0,-2.982398071E0,5.292993164E-1,-1.384620667E-1,3.032165524E0
2.163134417E0,-2.736609192E0,7.743397522E-1,1.877096558E-1,2.850239786E0
2.173074417E0,-2.707419891E0,7.080276489E-1,6.002517700E-2,2.799112117E0
2.183013417E0,-2.910547485E0,4.174818420E-1,2.215393066E-2,2.940419791E0
2.192953417E0,-3.433110809E0,3.832031250E-2,4.152365112E-1,3.458343481E0
2.202892417E0,-3.884122925E0,-3.373983765E-1,8.021818542E-1,3.980420114E0
2.212832417E0,-4.059857483E0,-5.786965942E-1,8.644523621E-1,4.191015440E0
2.222772417E0,-4.105811920E0,-7.286846924E-1,8.458909607E-1,4.254903574E0
2.232711417E0,-3.609893188E0,-7.801776123E-1,1.021775208E0,3.831974754E0
2.242651417E0,-2.627935181E0,-6.447093201E-1,1.237177277E0,2.975281673E0
2.252590417E0,-1.695673828E0,-3.356021118E-1,1.287921753E0,2.155616142E0
2.262530417E0,-1.101409607E0,1.175056458E-1,1.291813660E0,1.701673656E0
2.272469417E0,-7.933502197E-1,5.728587341E-1,1.322050781E0,1.644806970E0
2.282409417E0,-5.948629761E-1,8.985813904E-1,1.448537750E0,1.805428506E0
2.292349417E0,-3.917353821E-1,1.018631744E0,1.556912384E0,1.901326750E0
2.302288417E0,2.065704346E-2,6.571334839E-1,1.688039703E0,1.811554352E0
2.312228417E0,1.017883301E-1,-7.711962891E-1,2.356699219E0,2.481760623E0
2.322167417E0,-2.640509033E-1,-2.516117706E0,4.464017029E0,5.131083631E0
2.332107417E0,-2.655477905E-1,-3.951931915E0,6.083648987E0,7.259412269E0
2.342046417E0,9.864486694E-2,-4.003724213E0,2.693947906E0,4.826685582E0
2.351986417E0,6.239025879E-1,-3.650758209E0,-7.554789734E-1,3.779952172E0
2.361926417E0,2.216141510E0,-4.776716766E0,2.276765442E-1,5.270687134E0
2.371865417E0,5.458249512E0,-8.081394653E0,5.507946167E0,1.119995081E1
2.381805417E0,8.562943268E0,-1.231848358E1,5.776787109E0,1.607607864E1
2.391744417E0,1.096664474E1,-1.517993317E1,2.022444305E0,1.883581559E1
2.401684417E0,1.490330841E1,-1.924907135E1,4.740492096E0,2.480136316E1
2.411623417E0,1.971550140E1,-2.440000992E1,3.647315369E0,3.158107644E1
2.421563417E0,2.397549271E1,-2.949735992E1,4.236190796E-1,3.801444391E1
2.431503417E0,2.844190475E1,-3.518792633E1,6.993457031E-1,4.525064850E1
2.441442417E0,2.979030075E1,-3.715603363E1,1.544637909E0,4.764891143E1
2.451382417E0,2.535352707E1,-3.365676041E1,2.207459564E0,4.219539944E1
2.461321417E0,2.033536240E1,-2.655358154E1,1.953288116E0,3.350276095E1
2.471261417E0,1.743454468E1,-1.834300552E1,1.264869690E0,2.533829306E1
2.481200417E0,1.706047256E1,-1.321511902E1,1.297352142E0,2.161902443E1
2.491140417E0,1.652788010E1,-1.038555313E1,2.578837280E0,1.968961493E1
2.501079417E0,1.491064316E1,-9.587412872E0,3.689976654E0,1.810695150E1
2.511019417E0,1.288355850E1,-1.010922775E1,4.041296082E0,1.686756175E1
2.520959417E0,1.137260056E1,-1.068912186E1,3.954925690E0,1.610077038E1
2.530898417E0,1.033121613E1,-1.101050354E1,3.648363190E0,1.553305407E1
2.540838792E0,9.038803711E0,-1.070424042E1,3.406915283E0,1.441831499E1
2.550777792E0,7.535928955E0,-9.697883148E0,3.384162598E0,1.273937672E1
2.560717792E0,5.965993652E0,-8.030051422E0,3.158581696E0,1.049054071E1
2.570656792E0,4.143832855E0,-6.260880432E0,2.575843506E0,7.937565388E0
2.580596792E0,2.310445404E0,-4.904101868E0,1.829345856E0,5.721440322E0
2.590536792E0,9.870474243E-1,-3.814667358E0,1.222507782E0,4.125587831E0
2.600475792E0,-1.901046753E-2,-2.953657837E0,9.375004578E-1,3.098929351E0
2.610415792E0,-9.470805359E-1,-2.056872711E0,7.909552002E-1,2.398603139E0
2.620354792E0,-1.864822083E0,-1.096469879E0,8.388555908E-1,2.320234104E0
2.630294792E0,-2.829565887E0,-2.715353394E-1,7.412585449E-1,2.937624684E0
2.640233792E0,-3.809577942E0,3.902384949E-1,6.830296326E-1,3.889948542E0
2.650173792E0,-4.671784973E0,8.912466431E-1,1.099014587E0,4.881365432E0
2.660113792E0,-4.934488678E0,1.079704742E0,1.788031769E0,5.358357813E0
2.670052792E0,-5.059778137E0,6.873706055E-1,1.733096008E0,5.392351521E0
2.679992792E0,-4.644841003E0,2.059716797E-1,8.723858643E-1,4.730542186E0
2.689931792E0,-3.275937653E0,-9.759704590E-2,-1.381626892E-1,3.280302062E0
2.699871792E0,-1.347048798E0,-2.742297363E-1,-6.668632507E-1,1.527890378E0
2.709810792E0,-3.110531616E-1,-3.026705933E-1,-7.241940308E-1,8.442870078E-1
2.719750792E0,1.966909790E-1,-2.685415649E-1,-6.285429382E-1,7.112440780E-1
2.729690792E0,5.533992004E-1,-1.537303162E-1,-5.287005615E-1,7.806458665E-1
2.739629792E0,7.129673767E-1,3.338058472E-2,-4.632865906E-1,8.509237385E-1
2.749569792E0,7.075785828E-1,2.734812927E-1,-5.255570984E-1,9.228595407E-1
2.759508792E0,6.107299805E-1,4.956193542E-1,-5.963598633E-1,9.870535648E-1
2.769448792E0,5.126838684E-1,6.249504089E-1,-6.559359741E-1,1.040989800E0
2.779387792E0,4.787045288E-1,7.104226685E-1,-8.062234497E-1,1.176373514E0
2.789327792E0,5.993536377E-1,7.292834473E-1,-1.051263885E0,1.412881767E0
2.799267792E0,7.997868347E-1,6.616241455E-1,-1.063238983E0,1.485894554E0
2.809206792E0,9.092092896E-1,1.827699280E-1,-6.562353516E-1,1.136094721E0
2.819146792E0,1.010099487E0,-8.765771484E-1,1.631008301E0,2.109236011E0
2.829085792E0,1.705702972E0,-2.383343811E0,6.250102844E0,6.903154056E0
2.839025792E0,1.967358856E0,-2.728975067E0,2.206860809E0,4.023436394E0
2.848964792E0,3.358865204E0,-3.675756226E0,-3.082090759E-1,4.988802674E0
2.858904792E0,6.944059753E0,-6.759643250E0,1.942809906E0,9.883686208E0
2.868844792E0,1.240305771E1,-1.315000443E1,1.085916824E1,2.108743682E1
2.878783792E0,1.328622116E1,-1.407987076E1,5.441035309E0,2.010898552E1
2.888723792E0,1.545685730E1,-1.595756607E1,-9.018745422E-1,2.223447166E1
2.898662792E0,2.222652969E1,-2.365905075E1,3.668571167E0,3.266845143E1
2.908602792E0,2.683140381E1,-2.817905136E1,2.246977386E0,3.897476200E1
2.918541792E0,2.805780350E1,-2.950065308E1,-7.497908020E-1,4.071966423E1
2.928481792E0,2.749407578E1,-3.129137924E1,7.509883118E-1,4.166099616E1
2.938421792E0,2.289563828E1,-2.960708176E1,4.459676056E0,3.769188577E1
2.948360792E0,1.902947800E1,-2.402249496E1,5.838758240E0,3.119763444E1
2.958300792E0,1.918395676E1,-1.808613968E1,4.867428131E0,2.681090267E1
2.968239792E0,1.814317108E1,-1.512140488E1,5.908213806E0,2.434622214E1
2.978179792E0,1.596834366E1,-1.374741211E1,6.716083832E0,2.211526895E1
2.988118792E0,1.497261429E1,-1.337543564E1,6.346203003E0,2.105601457E1
2.998058792E0,1.452250031E1,-1.319281540E1,5.329367523E0,2.033114732E1
3.007998792E0,1.365415604E1,-1.278132111E1,4.160148926E0,1.915998396E1
3.017937792E0,1.214978439E1,-1.196446976E1,3.281027069E0,1.736464615E1
3.027877792E0,9.843829651E0,-1.028690826E1,2.573448486E0,1.446872838E1
3.037816792E0,7.413633270E0,-8.487200775E0,1.814826050E0,1.141438254E1
3.047756792E0,5.326074371E0,-6.846013641E0,1.009800110E0,8.732391840E0
3.057695792E0,3.423081665E0,-5.415887604E0,2.207908630E-1,6.410778052E0
3.067635792E0,1.782942352E0,-4.287833405E0,-2.351609802E-1,4.649698853E0
3.077575792E0,3.375480652E-1,-3.520529022E0,-6.629713440E-1,3.598276573E0
3.087514792E0,-1.014141083E0,-2.975961456E0,-9.773176575E-1,3.292412266E0
3.097454792E0,-1.999541931E0,-2.354902954E0,-1.144519958E0,3.294489610E0
3.107393792E0,-2.802771606E0,-1.707499237E0,-1.350341949E0,3.548873864E0
3.117333792E0,-3.577859802E0,-1.027613068E0,-1.483265533E0,4.007136886E0
3.127272792E0,-4.213438110E0,-4.328997803E-1,-1.143621826E0,4.387292310E0
3.137212792E0,-7.554041290E0,-6.704557800E-1,-6.311774597E0,9.866688874E0
3.147151792E0,-1.838686432E1,-1.712888031E0,-1.999392242E1,2.721704794E1
3.157091792E0,-2.075134735E0,-1.829196167E-1,4.034410400E0,4.540496783E0
3.167031792E0,-3.227288818E0,-3.980223083E-1,1.141017242E1,1.186447848E1
3.176970792E0,-3.022215271E0,-1.832189941E-1,1.068942123E1,1.110995413E1
3.186910792E0,-1.568139038E0,-7.870632935E-1,6.995852051E0,7.212522068E0
3.196849792E0,1.275347900E-1,-7.304809570E-1,4.266128540E0,4.330094719E0
3.206789792E0,1.440005493E0,1.113684082E-1,1.310225372E0,1.950053658E0
3.216728792E0,2.115101624E0,3.971241760E-1,1.893562317E-1,2.160374567E0
3.226668792E0,1.999242554E0,5.523513794E-1,-2.874023438E-1,2.093958677E0
3.236608792E0,1.379082184E0,3.601510620E-1,-6.179150391E-1,1.553510686E0
3.246547792E0,5.043013000E-1,1.784289551E-1,-7.086264038E-1,8.878671485E-1
3.256487792E0,-5.658233643E-2,2.522254944E-1,-3.119512939E-1,4.051331517E-1
3.266426792E0,-5.343887329E-2,3.457809448E-1,8.322692871E-2,3.596482958E-1
3.276366792E0,5.631289673E-1,1.285826111E-1,3.752696228E-1,6.888214656E-1
3.286305792E0,1.255289612E0,-8.978329468E-1,1.153351593E0,1.926674832E0
3.296245792E0,1.390009460E0,-2.691552887E0,3.955374756E0,4.982125320E0
3.306185792E0,1.405876465E0,-4.309238892E0,4.731361084E0,6.552236730E0
3.316124792E0,1.695823517E0,-4.326752472E0,2.308200073E-1,4.652943394E0
3.326064792E0,2.900368652E0,-4.611610107E0,-1.586101685E0,5.674046586E0
3.336003792E0,5.834866333E0,-6.734196167E0,1.684147797E0,9.068153998E0
3.345943792E0,1.167676804E1,-1.154848480E1,1.399649414E1,2.157814314E1
3.355882792E0,1.394275589E1,-1.344698685E1,8.030949554E0,2.096945511E1
3.365822792E0,1.281036072E1,-1.272593628E1,-2.787353668E0,1.827085483E1
3.375762792E0,1.536539749E1,-1.619781647E1,-5.812413025E-1,2.233388770E1
3.385701792E0,2.002894958E1,-2.085238724E1,1.907333679E0,2.897617637E1
3.395641792E0,2.318977661E1,-2.245285904E1,-1.967358856E0,3.233832276E1
3.405580792E0,2.452814346E1,-2.445389786E1,-2.251018982E0,3.470864487E1
3.415520792E0,2.526176788E1,-2.817007004E1,-1.154249725E0,3.785554193E1
3.425459792E0,2.309981369E1,-2.992621811E1,9.973759460E-1,3.781765040E1
3.435399792E0,2.025303360E1,-2.932177505E1,3.125650177E0,3.577319599E1
3.445339792E0,1.810365326E1,-2.451991058E1,5.003794556E0,3.088699138E1
3.455278792E0,1.619527176E1,-1.795097076E1,6.438111877E0,2.501946169E1
3.465218792E0,1.464479599E1,-1.386117554E1,6.972051544E0,2.133569168E1
3.475157792E0,1.342752731E1,-1.139640106E1,7.202721863E0,1.902775996E1
3.485097792E0,1.249781067E1,-9.859696655E0,6.699019318E0,1.727095103E1
3.495036792E0,1.171119644E1,-8.820407867E0,5.361400909E0,1.561077630E1
3.504976792E0,1.111708191E1,-8.151448975E0,3.799249420E0,1.429929812E1
3.514916792E0,1.021221359E1,-7.407196655E0,2.468965759E0,1.285502472E1
3.524855792E0,9.154213715E0,-6.566395111E0,1.510808258E0,1.136660526E1
3.534795792E0,7.724237366E0,-5.722899170E0,8.207432556E-1,9.648266025E0
3.544734958E0,6.159241791E0,-4.973856812E0,3.004252625E-1,7.922484860E0
3.554674958E0,4.486769714E0,-4.184548187E0,-2.309696960E-1,6.139616682E0
3.564613958E0,2.741698608E0,-3.392395477E0,-7.267387390E-1,4.421923510E0
3.574553958E0,1.094523926E0,-2.719694366E0,-1.014141083E0,3.102128657E0
3.584492958E0,-4.186793518E-1,-2.362237701E0,-1.163081360E0,2.666124079E0
3.594432958E0,-1.795815582E0,-2.105072479E0,-1.222058716E0,3.024848964E0
3.604372958E0,-3.312312012E0,-1.758243713E0,-1.142124939E0,3.920112396E0
3.614311958E0,-4.900659027E0,-1.548380127E0,-8.993298340E-1,5.217540998E0
3.624251958E0,-6.317313080E0,-1.689985657E0,-5.014572144E-1,6.558655000E0
3.634190958E0,-6.676266632E0,-2.021995239E0,-6.780899048E-2,6.976073319E0
3.644130958E0,-6.283483429E0,-2.599045258E0,2.719844055E-1,6.805231500E0
3.654069958E0,-4.839885406E0,-3.119213562E0,6.911128235E-1,5.799277621E0
3.664009958E0,-3.118764496E0,-2.957549744E0,1.249302063E0,4.475996885E0
3.673949958E0,-1.782642975E0,-2.406096497E0,1.806593170E0,3.497269679E0
3.683888958E0,-7.267387390E-1,-1.608105927E0,2.167043610E0,2.794679207E0
3.693828958E0,9.580078125E-2,-6.414161682E-1,2.161505127E0,2.256700446E0
3.703767958E0,6.020480347E-1,2.273771667E-1,1.878294067E0,1.985485033E0
3.713707958E0,8.436456299E-1,8.511300659E-1,1.494043121E0,1.915287233E0
3.723646958E0,8.328680420E-1,1.260828094E0,1.045725403E0,1.837633880E0
3.733586958E0,7.378157043E-1,1.470092926E0,6.204597473E-1,1.757986212E0
3.743526958E0,7.372169495E-1,1.522483978E0,2.472857666E-1,1.709560337E0
3.753465958E0,6.216572571E-1,1.338815918E0,-2.387535095E-1,1.495288951E0
3.763405958E0,4.670288086E-1,1.030906219E0,-7.066804504E-1,1.334271637E0
3.773344958E0,6.069877625E-1,5.947132874E-1,-6.460565186E-1,1.067476961E0
3.783284958E0,1.167122955E0,-4.987628174E-1,1.139729919E0,1.705850119E0
3.793223958E0,1.874402161E0,-1.948947144E0,3.598666534E0,4.501353047E0
3.803163958E0,2.441872101E0,-2.835553436E0,1.689536591E0,4.105805224E0
3.813103958E0,3.695814514E0,-3.721560974E0,-6.941065979E-1,5.290637483E0
3.823042958E0,5.992937622E0,-5.498366089E0,2.203417969E-1,8.136085146E0
3.832982958E0,1.012075378E1,-9.496551819E0,6.065386963E0,1.514605799E1
3.842921958E0,1.330912354E1,-1.371897125E1,9.119036865E0,2.117781327E1
3.852861958E0,1.473700424E1,-1.564172287E1,2.479593658E0,2.163310364E1
3.862800958E0,1.879072449E1,-1.965532654E1,1.400936737E0,2.722840083E1
3.872740958E0,2.304038727E1,-2.239118729E1,-1.034349060E0,3.214489993E1
3.882680958E0,2.669982742E1,-2.520249115E1,-2.791245575E0,3.682169736E1
3.892619958E0,3.012829788E1,-2.866898254E1,-2.231409760E0,4.164857840E1
3.902559958E0,3.094305359E1,-3.028861450E1,3.354524231E-1,4.330110001E1
3.912498958E0,2.779030975E1,-2.782174438E1,3.493435364E0,3.947853679E1
3.922438958E0,2.438504105E1,-2.043206131E1,6.321803741E0,3.243554468E1
3.932377958E0,2.191158463E1,-1.419213730E1,8.610693970E0,2.748960444E1
3.942317958E0,1.903426804E1,-1.118114868E1,9.303303680E0,2.395564453E1
3.952257958E0,1.677800995E1,-1.072384964E1,8.378227386E0,2.160317715E1
3.962196958E0,1.490720032E1,-1.072175400E1,6.138884125E0,1.936147020E1
3.972136958E0,1.338621323E1,-1.068253555E1,4.134103088E0,1.761811791E1
3.982075958E0,1.157168655E1,-1.028930328E1,2.812501373E0,1.573797496E1
3.992015958E0,9.287586365E0,-9.583371277E0,1.875899048E0,1.347661911E1
4.001954958E0,7.268435211E0,-8.580756226E0,1.053209839E0,1.129463496E1
4.011894958E0,5.433999939E0,-7.247179413E0,2.420466614E-1,9.061376902E0
4.021834958E0,3.667223969E0,-5.836213531E0,-2.818638611E-1,6.898504712E0
4.031773958E0,2.049238586E0,-4.707261200E0,-5.984555054E-1,5.168736381E0
4.041713958E0,6.355783081E-1,-3.666774902E0,-7.985893250E-1,3.806171683E0
4.051652958E0,-7.081773376E-1,-2.889591064E0,-7.364685059E-1,3.064904162E0
4.061592958E0,-1.847607880E0,-2.118993530E0,-5.388793945E-1,2.862547722E0
4.071531958E0,-2.932252350E0,-1.515448608E0,-4.930746460E-1,3.337335904E0
4.081471958E0,-3.873045959E0,-9.948312378E-1,-5.233117676E-1,4.032868632E0
4.091411958E0,-4.472848663E0,-6.604266357E-1,-2.643502808E-1,4.529063874E0
4.101350958E0,-4.585115204E0,-4.405339050E-1,3.141966248E-1,4.616933081E0
4.111290958E0,-4.679119720E0,-4.480183411E-1,9.719288635E-1,4.799950782E0
4.121229958E0,-5.167104950E0,-7.834707642E-1,1.514700165E0,5.441242192E0
4.131169958E0,-5.651048584E0,-1.301244049E0,2.414778442E0,6.281619306E0
4.141108958E0,-5.682782593E0,-1.683998108E0,3.708987122E0,6.991884803E0
4.151048958E0,-4.715045013E0,-1.677112427E0,3.978875885E0,6.393419185E0
4.160987958E0,-2.915038147E0,-1.202748871E0,3.015030212E0,4.362849920E0
4.170927958E0,-9.954299927E-1,-5.749543762E-1,1.913620605E0,2.232352398E0
4.180867958E0,2.317181396E-1,-1.423539734E-1,1.161285095E0,1.192703242E0
4.190806958E0,6.885681152E-1,6.721023560E-2,6.092330933E-1,9.218504364E-1
4.200746958E0,8.599617004E-1,1.683998108E-1,2.299218750E-1,9.059562302E-1
4.210685958E0,8.768765259E-1,1.933978271E-1,1.496887207E-4,8.979505463E-1
4.220625958E0,8.084687805E-1,2.008822632E-1,-2.125579834E-2,8.333230236E-1
4.230564958E0,6.556365967E-1,2.380050659E-1,1.471440125E-1,7.128514002E-1
4.240504958E0,6.508465576E-1,2.124082947E-1,3.625460815E-1,7.746987714E-1
4.250444958E0,8.566685486E-1,-1.196012878E-1,3.128494263E-1,9.198153259E-1
4.260383958E0,1.134341125E0,-9.180409241E-1,1.682501221E-1,1.468957804E0
4.270323958E0,1.588796082E0,-2.227966919E0,1.565594330E0,3.152648916E0
4.280262958E0,2.431992645E0,-3.611090698E0,3.059338074E0,5.321100798E0
4.290202958E0,3.400029602E0,-4.072431335E0,1.150956573E0,5.428590914E0
4.300141958E0,4.940625916E0,-4.861739960E0,6.259982300E-1,6.959753850E0
4.310081958E0,7.657476196E0,-7.313341827E0,5.370531921E0,1.187284816E1
4.320021958E0,1.008422974E1,-1.004007156E1,5.948480072E0,1.542333108E1
4.329960958E0,1.128428421E1,-1.126721970E1,9.364526367E-1,1.597379896E1
4.339900958E0,1.455243805E1,-1.457938202E1,2.408042450E0,2.073958779E1
4.349839958E0,2.005155258E1,-1.890059601E1,8.882528687E-1,2.756966238E1
4.359779958E0,2.576756607E1,-2.340862152E1,-1.480720825E0,3.484427581E1
4.369718958E0,3.270369232E1,-2.972129425E1,-8.967851257E-1,4.420057745E1
4.379658958E0,3.766213120E1,-3.416585175E1,1.142873383E0,5.086302892E1
4.389598958E0,3.604594208E1,-3.321068802E1,3.901636505E0,4.916790118E1
4.399537958E0,2.919663528E1,-2.498274811E1,6.895710297E0,3.904013365E1
4.409477958E0,2.401890244E1,-1.474418930E1,7.648943939E0,2.920282753E1
4.419416958E0,2.193343918E1,-1.028017227E1,6.596332855E0,2.510516487E1
4.429356958E0,1.905702072E1,-8.075107727E0,6.088888092E0,2.157433572E1
4.439295958E0,1.629182098E1,-7.637268219E0,5.134323120E0,1.871129527E1
4.449235958E0,1.478714996E1,-8.220605164E0,3.179089050E0,1.721466702E1
4.459175958E0,1.378498398E1,-8.321944427E0,1.482966156E0,1.617033491E1
4.469114958E0,1.213840805E1,-8.264014893E0,2.474354553E-1,1.468659649E1
4.479054958E0,1.012838791E1,-8.027357025E0,-4.261637878E-1,1.293075087E1
4.488993958E0,7.985294495E0,-7.435487823E0,-6.201603699E-1,1.092867816E1
4.498933958E0,5.667963409E0,-6.688840485E0,-3.561094666E-1,8.774577494E0
4.508872958E0,3.363804932E0,-5.963898010E0,-9.669891357E-2,6.847818176E0
4.518812958E0,1.258582764E0,-5.020559692E0,-8.232879639E-3,5.175917115E0
4.528752958E0,-7.300318909E-1,-4.078718262E0,2.874023438E-2,4.143635508E0
4.538691958E0,-2.405497742E0,-2.989283752E0,2.155517578E-2,3.837017248E0
4.548632042E0,-3.728296967E0,-1.985022125E0,3.141966248E-1,4.235472893E0
4.558571042E0,-5.095703430E0,-1.223405914E0,6.909631348E-1,5.285862799E0
4.568511042E0,-6.297404480E0,-7.417076111E-1,8.566685486E-1,6.398540018E0
4.578450042E0,-6.819369049E0,-4.234693909E-1,8.596623230E-1,6.886373491E0
4.588390042E0,-6.939569092E0,-4.788542175E-1,1.167272644E0,7.053328715E0
4.598329042E0,-6.941515045E0,-9.874964905E-1,1.548829193E0,7.180435384E0
4.608269042E0,-6.319857788E0,-1.655108185E0,1.749412079E0,6.763167023E0
4.618209042E0,-4.815186768E0,-2.096839600E0,1.820364532E0,5.558460843E0
4.628148042E0,-3.110531616E0,-2.002236328E0,1.606609039E0,4.033057135E0
4.638088042E0,-1.766775970E0,-1.659898224E0,1.368304596E0,2.783705608E0
4.648027042E0,-8.125103760E-1,-1.210083618E0,1.433718567E0,2.044510798E0
4.657967042E0,-3.682342529E-2,-5.599855042E-1,1.416504364E0,1.523622113E0
4.667906042E0,4.662803650E-1,-5.134323120E-2,9.005273438E-1,1.015383180E0
4.677846042E0,5.535488892E-1,1.056802368E-1,2.727328491E-1,6.260733920E-1
4.687786042E0,4.185296631E-1,1.555265808E-1,-2.769241333E-2,4.473504957E-1
4.697725042E0,3.327580261E-1,2.130070496E-1,-1.082249451E-1,4.096492962E-1
4.707665042E0,3.543132019E-1,2.619552612E-1,-2.386038208E-1,5.010890013E-1
4.717604042E0,4.090992737E-1,2.017803955E-1,-5.647755432E-1,7.259813758E-1
4.727544042E0,3.113525391E-1,2.004331970E-1,-7.696994019E-1,8.541375997E-1
4.737483042E0,3.594026184E-1,1.082249451E-1,-6.783892822E-1,7.753031014E-1
4.747423042E0,7.385641479E-1,-3.552113342E-1,1.830693054E-1,8.397419027E-1
4.757363042E0,2.441872101E0,-1.634600830E0,7.873477020E0,8.403945479E0
4.767302042E0,3.768712921E0,-2.832859039E0,7.342531128E0,8.725883954E0
4.777242042E0,3.862567749E0,-3.214415588E0,-2.636018372E-1,5.032035683E0
4.787181042E0,4.588258667E0,-3.893253937E0,-4.796026611E-1,6.036519073E0
4.797121042E0,6.905140686E0,-5.933211823E0,3.140469360E0,9.630499376E0
4.807060042E0,1.107097778E1,-1.003468277E1,9.154363403E0,1.752323534E1
4.817000042E0,1.525747192E1,-1.418764664E1,6.374643860E0,2.178797492E1
4.826940042E0,1.826771210E1,-1.702529572E1,4.893324280E0,2.544630861E1
4.836879042E0,2.171459427E1,-1.922976151E1,8.822653198E-1,2.901871334E1
4.846819042E0,2.764256699E1,-2.372311752E1,-6.264472961E-1,3.643199488E1
4.856758042E0,3.291535217E1,-2.903332489E1,1.047521667E0,4.390275236E1
4.866698042E0,3.444307526E1,-3.204146942E1,2.915636902E0,4.713260161E1
4.876637042E0,3.052646988E1,-3.077585129E1,2.701432343E0,4.343174096E1
4.886577042E0,2.449685852E1,-2.606095596E1,2.487078094E0,3.585324338E1
4.896516042E0,2.099638779E1,-1.872770554E1,2.914439392E0,2.828549472E1
4.906456042E0,1.873653717E1,-1.412402893E1,3.621269531E0,2.374151662E1
4.916396042E0,1.592628113E1,-1.213885712E1,4.662653961E0,2.056060857E1
4.926335042E0,1.320718552E1,-1.150896698E1,5.310955811E0,1.830552708E1
4.936275042E0,1.168051025E1,-1.059736267E1,5.189707947E0,1.660335761E1
4.946214042E0,1.091290649E1,-9.199868774E0,4.559518433E0,1.498393546E1
4.956154042E0,1.015009277E1,-8.047565002E0,3.625760193E0,1.345116436E1
4.966093042E0,9.027277679E0,-7.008575592E0,2.452200623E0,1.168867666E1
4.976033042E0,7.664212189E0,-5.921685791E0,1.425335999E0,9.789693243E0
4.985973042E0,6.296356659E0,-4.849016418E0,7.280859375E-1,7.980424584E0
4.995912042E0,4.836292877E0,-3.931873627E0,3.817062378E-1,6.244602362E0
5.005852042E0,3.358715515E0,-3.076402588E0,2.068698120E-1,4.559387888E0
5.015791042E0,1.795815582E0,-2.443069611E0,3.353027344E-2,3.032270932E0
5.025731042E0,3.273692322E-1,-2.063908081E0,-2.454895020E-2,2.089854022E0
5.035670042E0,-9.598040771E-1,-1.576222229E0,-9.744735718E-2,1.848024991E0
5.045610042E0,-2.126927032E0,-1.050665131E0,-7.095245361E-2,2.373341541E0
5.055550042E0,-3.334465942E0,-5.607339478E-1,4.026626587E-2,3.381524368E0
5.065489042E0,-4.453987885E0,-2.683918762E-1,4.215234375E-1,4.481933097E0
5.075429042E0,-5.215155029E0,-2.483335876E-1,9.270222473E-1,5.302723998E0
5.085368042E0,-5.562432861E0,-4.355941772E-1,1.510059814E0,5.780197425E0
5.095308042E0,-5.790259094E0,-9.117539978E-1,2.255659332E0,6.280636493E0
5.105247042E0,-5.240901489E0,-1.451531525E0,2.398761749E0,5.943740415E0
5.115187042E0,-3.613635406E0,-1.627415771E0,1.495540009E0,4.235974842E0
5.125126042E0,-1.829196167E0,-1.410965881E0,3.713777161E-1,2.339808698E0
5.135066042E0,-5.233117676E-1,-1.152154083E0,-2.683918762E-1,1.293579699E0
5.145006042E0,1.212478638E-2,-9.285191345E-1,-3.827540588E-1,1.004388104E0
5.154945042E0,8.367599487E-2,-5.604345703E-1,-3.772155762E-1,6.807203322E-1
5.164885042E0,-5.658233643E-2,-1.288819885E-1,-2.697390747E-1,3.042553141E-1
5.174824042E0,-3.564088440E-1,2.386038208E-1,2.739303589E-2,4.297783450E-1
5.184764042E0,-5.956114197E-1,4.212240601E-1,2.746788025E-1,7.795069702E-1
5.194703042E0,-6.833290100E-1,4.364923096E-1,2.944377136E-1,8.626457207E-1
5.204643042E0,-7.328759766E-1,3.055146790E-1,1.221459961E-1,8.033467872E-1
5.214583042E0,-7.411088562E-1,-4.954696655E-2,-2.134561157E-1,7.728264695E-1
5.224522042E0,-7.381150818E-1,-8.442443848E-1,-1.149609375E-1,1.127288105E0
5.234462042E0,-6.893165588E-1,-2.355052643E0,1.929188232E0,3.121409538E0
5.244401042E0,-4.050576782E-1,-4.632267151E0,6.026018829E0,7.611496148E0
5.254341042E0,5.736071777E-1,-5.805677032E0,5.763913879E0,8.201073967E0
5.264280042E0,1.868414612E0,-5.633984070E0,2.227368164E0,6.339867396E0
5.274220042E0,3.978576508E0,-6.101461945E0,2.002086639E0,7.554155135E0
5.284160042E0,7.659122772E0,-8.690777435E0,7.614066467E0,1.386238732E1
5.294099042E0,1.098969681E1,-1.167572021E1,7.578290863E0,1.773489134E1
5.304039042E0,1.194471085E1,-1.245664627E1,4.082011414E-1,1.726298878E1
5.313978042E0,1.563573532E1,-1.550266205E1,7.726931763E-1,2.203192693E1
5.323918042E0,2.295775909E1,-2.103006775E1,1.929786987E0,3.119369375E1
5.333857042E0,2.879966080E1,-2.482482651E1,-3.577560425E-1,3.802394591E1
5.343797042E0,3.427542389E1,-3.067421265E1,2.221679993E0,4.605049257E1
5.353737042E0,3.623574738E1,-3.301594299E1,4.861141205E0,4.926167449E1
5.363676042E0,3.174074478E1,-2.926100143E1,5.100643158E0,4.347065268E1
5.373616042E0,2.640673691E1,-2.170561295E1,3.688629456E0,3.438103219E1
5.383555042E0,2.393537613E1,-1.438089478E1,2.879262543E0,2.807138254E1
5.393495042E0,2.100147720E1,-1.088880661E1,2.064806213E0,2.374640139E1
5.403434042E0,1.672636734E1,-9.010811920E0,1.898202667E0,1.909369711E1
5.413374042E0,1.339714050E1,-8.126001892E0,2.215393066E0,1.582476688E1
5.423313042E0,1.112756012E1,-7.692203979E0,2.176773376E0,1.370149403E1
5.433253042E0,9.866432648E0,-7.401807861E0,1.635948029E0,1.244224975E1
5.443193042E0,9.479187927E0,-6.927444305E0,9.119036865E-1,1.177607985E1
5.453132042E0,9.237590332E0,-6.306685181E0,4.941224670E-1,1.119604886E1
5.463072042E0,8.355325012E0,-5.479505310E0,6.563850403E-1,1.001335487E1
5.473011042E0,7.015610962E0,-4.446054382E0,8.369096375E-1,8.347850890E0
5.482951042E0,5.281018066E0,-3.425177307E0,8.602610779E-1,6.353033962E0
5.492890042E0,3.559597778E0,-2.524949341E0,1.184037781E0,4.521952121E0
5.502830042E0,2.199526062E0,-1.606159973E0,1.550026703E0,3.133727419E0
5.512770042E0,8.267308044E-1,-9.113049316E-1,1.745969238E0,2.135970291E0
5.522709042E0,-7.206015015E-1,-2.089654541E-1,1.927691345E0,2.068556745E0
5.532649042E0,-2.451452179E0,5.028044128E-1,2.184856567E0,3.322051818E0
5.542588042E0,-4.052522736E0,7.960446167E-1,2.570155334E0,4.864393693E0
5.552527833E0,-5.443580017E0,5.225633240E-1,3.010240173E0,6.242369881E0
5.562466833E0,-6.478976898E0,-3.484753418E-1,3.583248596E0,7.412033946E0
5.572406833E0,-6.728058929E0,-1.810335388E0,4.239184570E0,8.155659201E0
5.582345833E0,-5.885610809E0,-3.510799255E0,4.318519592E0,8.100354158E0
5.592285833E0,-4.754263458E0,-4.440216522E0,2.944826202E0,7.140766426E0
5.602225833E0,-3.033741302E0,-4.453838196E0,7.593708801E-1,5.442141591E0
5.612164833E0,-1.243763580E0,-3.810775452E0,-1.111588440E0,4.159878153E0
5.622104833E0,-2.510279846E-1,-3.249592438E0,-1.957030334E0,3.801688282E0
5.632043833E0,2.469863892E-2,-2.717748413E0,-2.038011932E0,3.397095685E0
5.641983833E0,-2.993774414E-4,-2.046095123E0,-1.933229828E0,2.814939237E0
5.651922833E0,-1.272354126E-2,-1.409918060E0,-1.736089783E0,2.236523767E0
5.661862833E0,4.819976807E-2,-7.948471069E-1,-1.571881256E0,1.762077133E0
5.671802833E0,4.879852295E-2,-2.694396973E-1,-1.415456543E0,1.441699092E0
5.681741833E0,8.292755127E-2,1.251397705E-1,-1.223854980E0,1.233027962E0
5.691681833E0,1.746867371E-1,4.189787292E-1,-1.098415833E0,1.188518394E0
5.701620833E0,2.236349487E-1,6.228547668E-1,-9.575587463E-1,1.163992871E0
5.711560833E0,4.915777588E-1,7.517367554E-1,-5.983058167E-1,1.079225043E0
5.721499833E0,1.873054962E0,1.154100037E0,1.990560608E0,2.966919837E0
5.731439833E0,3.387904816E0,5.318440247E-1,5.696553955E0,6.649171683E0
5.741379833E0,2.389930115E0,-9.726773071E-1,2.199975128E0,3.390834361E0
5.751318833E0,2.611170044E0,-2.142644348E0,-3.906875610E-1,3.400260368E0
5.761258833E0,5.435945892E0,-4.123325500E0,1.432970123E0,6.971708851E0
5.771197833E0,9.389973450E0,-8.042625275E0,1.107352249E1,1.659753967E1
5.781137833E0,1.274165359E1,-1.080812439E1,7.682923279E0,1.839001357E1
5.791076833E0,1.711944992E1,-1.410681473E1,3.214714966E0,2.241455285E1
5.801016833E0,2.170022415E1,-1.749726425E1,7.165599060E-1,2.788489632E1
5.810956833E0,2.931548813E1,-2.365680542E1,1.063238983E0,3.768517963E1
5.820895833E0,3.775239349E1,-3.266731796E1,6.296356659E0,5.031938975E1
5.830835833E0,3.909255661E1,-3.647794373E1,7.720345459E0,5.402288492E1
5.840774833E0,3.187306961E1,-3.182516922E1,3.779640198E0,4.519977480E1
5.850714833E0,2.248803589E1,-2.275508057E1,2.982996826E0,3.213103982E1
5.860653833E0,1.964844086E1,-1.537363037E1,2.761158142E0,2.510047277E1
5.870593833E0,1.852248230E1,-1.287727158E1,2.601589966E0,2.270847296E1
5.880533833E0,1.551089493E1,-1.179562088E1,2.686164093E0,1.967079081E1
5.890472833E0,1.269869293E1,-1.223660385E1,2.370470581E0,1.779354958E1
5.900412833E0,1.173918823E1,-1.283071838E1,2.014660492E0,1.750699093E1
5.910351833E0,1.151734955E1,-1.264600250E1,1.665586395E0,1.718560147E1
5.920291833E0,1.087323898E1,-1.168604874E1,1.305585022E0,1.601548043E1
5.930230833E0,1.004635849E1,-1.028990204E1,8.866062927E-1,1.440824325E1
5.940170833E0,8.778944092E0,-8.682245178E0,6.942562866E-1,1.236661767E1
5.950109833E0,7.211553497E0,-6.915469208E0,1.246607666E0,1.006897457E1
5.960049833E0,5.363795929E0,-4.871170349E0,2.000140686E0,7.516592985E0
5.969989833E0,3.331322479E0,-3.007994843E0,2.617007904E0,5.195620541E0
5.979928833E0,1.705403595E0,-1.773362274E0,2.629432068E0,3.600989888E0
5.989868833E0,4.968168640E-1,-1.220262451E0,2.103575592E0,2.482115573E0
5.999807833E0,-7.032376099E-1,-8.539741516E-1,1.550775146E0,1.904919563E0
6.009747833E0,-2.114502869E0,-3.007246399E-1,1.282233582E0,2.491120360E0
6.019686833E0,-3.764222260E0,1.368154907E-1,1.653012543E0,4.113458176E0
6.029626833E0,-5.263654175E0,2.830613708E-1,2.699336700E0,5.922212225E0
6.039566833E0,-6.475683746E0,-1.856140137E-1,4.431833954E0,7.849209179E0
6.049505833E0,-7.275470581E0,-1.470092926E0,6.099515991E0,9.607171317E0
6.059445833E0,-6.888225861E0,-3.201692047E0,6.418652344E0,9.944726511E0
6.069384833E0,-5.247038727E0,-4.350403290E0,4.622836761E0,8.235778282E0
6.079324833E0,-3.291654968E0,-4.230502625E0,1.861528931E0,5.674278355E0
6.089263833E0,-1.061592407E0,-3.405717773E0,-1.850152588E-1,3.572131386E0
6.099203833E0,4.451742554E-1,-2.572550354E0,-1.193318481E0,2.870575629E0
6.109142833E0,7.155120850E-1,-1.895208893E0,-1.361418915E0,2.440744918E0
6.119082833E0,6.906637573E-1,-1.232087860E0,-1.298250275E0,1.918465714E0
6.129022833E0,6.068380737E-1,-6.887178040E-1,-1.446442108E0,1.713119795E0
6.138961833E0,3.927832031E-1,-2.658471680E-1,-1.658551025E0,1.725034743E0
6.148901833E0,2.517764282E-1,6.511459351E-2,-1.772613831E0,1.791588980E0
6.158840833E0,2.212399292E-1,3.282673645E-1,-1.838027802E0,1.880173600E0
6.168780833E0,2.357597351E-1,5.523513794E-1,-1.852098541E0,1.947034593E0
6.178719833E0,2.630030823E-1,7.259902954E-1,-1.928140411E0,2.077006976E0
6.188659833E0,3.823049927E-1,7.813751221E-1,-1.948797455E0,2.134131137E0
6.198599833E0,9.087602234E-1,5.319937134E-1,-1.691632233E0,1.992606852E0
6.208538833E0,1.342408447E0,-2.700384521E-1,-1.189725952E0,1.813953981E0
6.218478833E0,1.486708374E0,-1.272204437E0,-7.761360168E-1,2.105039913E0
6.228417833E0,2.065255280E0,-2.189197540E0,-3.333567810E-1,3.028034343E0
6.238357833E0,3.903133392E0,-4.184847565E0,4.160448303E0,7.075078056E0
6.248296833E0,6.545588379E0,-5.882018280E0,7.038513336E0,1.126869719E1
6.258236833E0,8.283474426E0,-7.478298798E0,6.366111603E0,1.284789004E1
6.268176833E0,1.402463562E1,-1.247984802E1,1.108415039E1,2.180127062E1
6.278115833E0,1.573707458E1,-1.370849304E1,4.825066223E0,2.142100749E1
6.288055833E0,1.672322388E1,-1.463282089E1,2.383343811E0,2.234873580E1
6.297994833E0,2.095821716E1,-1.761656616E1,2.543211365E-1,2.737982741E1
6.307934833E0,2.602293503E1,-2.211650848E1,-7.153623962E-1,3.415911062E1
6.317873833E0,2.841930176E1,-2.564122879E1,2.111060028E0,3.833517837E1
6.327813833E0,2.783641388E1,-2.655223434E1,3.926634521E0,3.866918082E1
6.337752833E0,2.486105118E1,-2.479533783E1,2.994373169E0,3.523984839E1
6.347692833E0,2.200528976E1,-2.177731384E1,2.987936554E0,3.110324647E1
6.357632833E0,2.132061356E1,-1.834240677E1,2.569706268E0,2.824209339E1
6.367571833E0,2.036934174E1,-1.594035187E1,2.164798279E0,2.595556303E1
6.377511833E0,1.750175491E1,-1.416489395E1,3.132835236E0,2.273258239E1
6.387450833E0,1.508293488E1,-1.292741730E1,4.085903320E0,2.028072110E1
6.397390833E0,1.393257706E1,-1.157767410E1,4.323459320E0,1.862395075E1
6.407329833E0,1.307156754E1,-1.039663010E1,4.165837097E0,1.721365719E1
6.417269833E0,1.218885315E1,-9.409732361E0,3.823199615E0,1.586594023E1
6.427209833E0,1.097936829E1,-8.270002441E0,3.390000458E0,1.415738576E1
6.437148833E0,9.605525208E0,-7.046746216E0,2.791844330E0,1.223589562E1
6.447088833E0,7.966134338E0,-5.884413300E0,2.070494385E0,1.011793275E1
6.457027833E0,6.166726227E0,-4.796475677E0,1.505120087E0,7.956134599E0
6.466967833E0,4.402045898E0,-3.841910706E0,1.187630310E0,5.962277393E0
6.476906833E0,2.779120789E0,-3.147205353E0,7.752378845E-1,4.269591042E0
6.486846833E0,1.289867706E0,-2.623444519E0,2.342628479E-1,2.932763019E0
6.496786833E0,6.795867920E-2,-2.196232910E0,-3.126997375E-1,2.219423011E0
6.506725833E0,-9.208850098E-1,-1.842668152E0,-6.248007202E-1,2.152633517E0
6.516665833E0,-1.917662201E0,-1.464554443E0,-7.599696350E-1,2.529802736E0
6.526604833E0,-2.832409973E0,-1.137933655E0,-7.541317749E-1,3.144225500E0
6.536544833E0,-3.690874786E0,-8.655001831E-1,-4.617897034E-1,3.819017804E0
6.546484042E0,-4.548890533E0,-7.991880798E-1,1.944456482E-1,4.622652462E0
6.556424042E0,-5.399721222E0,-1.061442719E0,1.241218872E0,5.641300755E0
6.566363042E0,-6.185587006E0,-1.759441223E0,2.319576416E0,6.836487020E0
6.576303042E0,-6.626270599E0,-2.817291412E0,3.031645660E0,7.812519976E0
6.586243042E0,-6.006858673E0,-3.650758209E0,3.584446106E0,7.890414470E0
6.596182042E0,-4.481979675E0,-3.700155487E0,3.058439941E0,6.567598291E0
6.606122042E0,-2.444716187E0,-3.081042938E0,1.539398804E0,4.223649074E0
6.616061042E0,-4.969665527E-1,-2.122136993E0,1.438508606E-1,2.184292619E0
6.626001042E0,6.432124329E-1,-1.466350708E0,-4.816983032E-1,1.672106422E0
6.635940042E0,1.063388672E0,-8.285270691E-1,-6.081852722E-1,1.478898880E0
6.645880042E0,1.196162567E0,-2.318678284E-1,-6.858737183E-1,1.398209689E0
6.655820042E0,1.063238983E0,2.460882568E-1,-6.373745728E-1,1.263836584E0
6.665759042E0,1.006057892E0,5.592370605E-1,-6.206094360E-1,1.307690576E0
6.675699042E0,9.629475403E-1,6.744973755E-1,-7.801776123E-1,1.410989646E0
6.685638042E0,9.791139221E-1,7.602690125E-1,-8.966354370E-1,1.529911158E0
6.695578042E0,1.065035248E0,7.176077271E-1,-8.307723999E-1,1.529524014E0
6.705517042E0,1.297801208E0,1.315763855E-1,-3.463796997E-1,1.349658927E0
6.715457042E0,2.548151093E0,-8.183482361E-1,4.551734619E0,5.280251497E0
6.725396042E0,4.711153107E0,-2.151176605E0,1.212373856E1,1.318360956E1
6.735336042E0,4.787494354E0,-3.240311737E0,5.135370941E0,7.732512984E0
6.745276042E0,7.248526611E0,-5.102439423E0,1.403780823E0,8.974777250E0
6.755215042E0,7.229516144E0,-6.270161133E0,1.601519623E0,9.702870163E0
6.765155042E0,1.120779327E1,-1.143367355E1,8.092471619E0,1.793966605E1
6.775094042E0,1.638253235E1,-1.607028168E1,2.866239624E0,2.312696800E1
6.785034042E0,2.150682632E1,-1.980830841E1,-7.274871826E-2,2.923898003E1
6.794973042E0,2.665057983E1,-2.403417068E1,-4.995112610E-1,3.589072690E1
6.804913042E0,3.167054077E1,-2.812291809E1,-2.139201508E0,4.240870026E1
6.814853042E0,3.297552704E1,-3.203772720E1,-8.767268372E-1,4.598445387E1
6.824792042E0,2.864727768E1,-3.297088669E1,4.384382629E0,4.389725161E1
6.834732042E0,2.342089600E1,-2.874247971E1,6.968309326E0,3.772566558E1
6.844671042E0,2.215168533E1,-1.935235657E1,7.198081512E0,3.028239167E1
6.854611042E0,2.210647934E1,-1.292247757E1,7.170987854E0,2.659153854E1
6.864550042E0,1.963197510E1,-9.886490936E0,5.806874542E0,2.273492778E1
6.874490042E0,1.648252441E1,-8.214467926E0,4.902305603E0,1.905737901E1
6.884430042E0,1.402298904E1,-7.562423859E0,3.982618103E0,1.642241527E1
6.894369042E0,1.272279282E1,-7.769293671E0,2.846331024E0,1.517672499E1
6.904309042E0,1.172107590E1,-8.139922943E0,2.060914307E0,1.441836792E1
6.914248042E0,1.030487091E1,-8.251291351E0,1.386267242E0,1.327388076E1
6.924188042E0,8.760682068E0,-7.909252625E0,5.484594727E-1,1.181552518E1
6.934127042E0,7.114255829E0,-7.175628204E0,-6.676116943E-2,1.010478764E1
6.944067042E0,5.335953827E0,-6.168821869E0,-1.658551025E-1,8.158080314E0
6.954006042E0,3.422782288E0,-5.047803040E0,-2.338137817E-1,6.103312461E0
6.963946042E0,1.608704681E0,-4.046235809E0,-2.938389587E-1,4.364206263E0
6.973886042E0,1.695973206E-1,-3.374732208E0,-2.540217590E-1,3.388525901E0
6.983825042E0,-9.821076965E-1,-2.631527710E0,-5.125341797E-1,2.855199625E0
6.993765042E0,-2.096540222E0,-1.784888306E0,-7.358697510E-1,2.850054641E0
7.003704042E0,-3.156036987E0,-9.743238831E-1,-4.947212219E-1,3.339854126E0
7.013644042E0,-4.183200989E0,-1.969903564E-1,4.373904419E-1,4.210615883E0
7.023583042E0,-4.899162140E0,4.957690430E-1,1.969604187E0,5.303481618E0
7.033523042E0,-5.396877136E0,6.667135620E-1,3.534001007E0,6.485364517E0
7.043463042E0,-6.064638519E0,-5.388793945E-2,4.189038849E0,7.370942325E0
7.053402042E0,-6.193370819E0,-1.271455994E0,4.035607910E0,7.500704877E0
7.063342042E0,-5.178032227E0,-2.221829681E0,3.241658936E0,6.500530557E0
7.073281042E0,-3.315156097E0,-2.406395874E0,2.011517029E0,4.563682922E0
7.083221042E0,-1.259331207E0,-2.087109833E0,7.424560547E-1,2.548172588E0
7.093160042E0,4.417314148E-1,-1.518741760E0,1.901046753E-2,1.581791571E0
7.103100042E0,1.188229065E0,-9.672885132E-1,-1.059796143E-1,1.535827808E0
7.113040042E0,1.374142456E0,-3.360511780E-1,-5.284011841E-2,1.415623524E0
7.122979042E0,1.193168793E0,1.878593445E-1,-2.148033142E-1,1.226818391E0
7.132919042E0,7.813751221E-1,5.195695496E-1,-4.742138672E-1,1.051369768E0
7.142858042E0,6.120771790E-1,7.390132141E-1,-7.110214233E-1,1.194290780E0
7.152798042E0,5.185217285E-1,8.476872253E-1,-8.939410400E-1,1.336625975E0
7.162737042E0,4.031117249E-1,8.915460205E-1,-1.005159760E0,1.402747130E0
7.172677042E0,2.832110596E-1,7.824229431E-1,-9.786648560E-1,1.284592958E0
7.182616042E0,9.460327148E-2,1.745370483E-1,-5.751040649E-1,6.084058232E-1
7.192556042E0,1.170565796E-1,-7.408094788E-1,1.086740112E-1,7.578330735E-1
7.202496042E0,1.757345581E-1,-2.952011261E0,7.419620819E0,7.987241465E0
7.212435042E0,1.399290161E0,-4.945116577E0,8.710835724E0,1.011389391E1
7.222375042E0,4.974455566E0,-6.234235840E0,2.429148560E0,8.337365736E0
7.232314042E0,6.666836243E0,-6.793173523E0,2.492915955E0,9.839133191E0
7.242254042E0,9.256900177E0,-9.692194977E0,9.308692474E0,1.631810651E1
7.252193042E0,1.082593735E1,-1.176328812E1,4.204007721E0,1.653026157E1
7.262133042E0,1.345087875E1,-1.381522110E1,-1.732347565E0,1.935942926E1
7.272073042E0,1.945728836E1,-1.997072067E1,7.875123596E-1,2.789329544E1
7.282012042E0,2.434267914E1,-2.283261932E1,-5.695655823E-1,3.337991818E1
7.291952042E0,2.878813477E1,-2.590527969E1,-1.517693939E0,3.875749752E1
7.301891042E0,3.147579575E1,-3.001528290E1,1.472787323E0,4.351795064E1
7.311831042E0,2.975901581E1,-2.989388535E1,5.424868927E0,4.252849169E1
7.321770042E0,2.676718735E1,-2.554842178E1,5.912405090E0,3.747213242E1
7.331710042E0,2.577355362E1,-1.905627228E1,5.405259705E0,3.250591349E1
7.341649042E0,2.392774200E1,-1.468910385E1,4.006268921E0,2.836118474E1
7.351589042E0,1.996652939E1,-1.177960419E1,4.052373047E0,2.353387129E1
7.361529042E0,1.598585724E1,-1.024589355E1,4.539160767E0,1.952254970E1
7.371468042E0,1.328382614E1,-9.860744476E0,3.796704712E0,1.697378229E1
7.381408042E0,1.185504730E1,-9.166039124E0,3.029250641E0,1.528838707E1
7.391347042E0,1.079061081E1,-8.500074005E0,2.306403809E0,1.392867683E1
7.401287042E0,9.799521790E0,-7.783963165E0,1.782792664E0,1.264116528E1
7.411226042E0,8.753796387E0,-6.884034576E0,1.339714050E0,1.121667139E1
7.421166042E0,7.669301605E0,-5.811215515E0,6.444099426E-1,9.643841405E0
7.431106042E0,6.358477478E0,-4.727768555E0,3.095562744E-1,7.929555879E0
7.441045042E0,4.998705139E0,-3.615132294E0,3.577560425E-1,6.179338472E0
7.450985042E0,3.318299561E0,-2.615810394E0,2.865042114E-1,4.235051435E0
7.460924042E0,1.455273743E0,-1.897903290E0,5.987548828E-2,2.392371969E0
7.470864042E0,-1.992356873E-1,-1.307381287E0,-1.017883301E-1,1.326386652E0
7.480803042E0,-1.419947205E0,-7.924520874E-1,-5.104385376E-2,1.626909908E0
7.490743042E0,-2.450853424E0,-3.835025024E-1,3.263214111E-2,2.480891278E0
7.500683042E0,-3.501668243E0,-5.628295898E-2,2.613565063E-1,3.511859263E0
7.510622042E0,-4.281546478E0,2.210902405E-1,6.153703308E-1,4.331189419E0
7.520562042E0,-4.821324005E0,1.917512512E-1,1.252595215E0,4.985070559E0
7.530501042E0,-5.398972778E0,-4.763095093E-1,2.117646332E0,5.818952122E0
7.540441042E0,-5.639223175E0,-1.746268616E0,2.867137756E0,6.562832545E0
7.550379542E0,-4.942721558E0,-3.186723175E0,3.335513763E0,6.761017161E0
7.560319542E0,-3.647015991E0,-3.946842499E0,2.986739044E0,6.148081121E0
7.570258542E0,-2.093396759E0,-3.862118683E0,1.884431305E0,4.780099586E0
7.580198542E0,-4.884342957E-1,-3.067570953E0,7.837701416E-1,3.203569142E0
7.590138542E0,5.972579956E-1,-2.250270538E0,5.149291992E-2,2.328752054E0
7.600077542E0,9.446855164E-1,-1.640438690E0,-2.983296204E-1,1.916369062E0
7.610017542E0,1.009051666E0,-9.846524048E-1,-4.093986511E-1,1.468105200E0
7.619956542E0,9.803114319E-1,-3.390449524E-1,-3.269201660E-1,1.087583918E0
7.629896542E0,8.237370300E-1,2.201921082E-1,-1.883084106E-1,8.732051973E-1
7.639835542E0,7.170089722E-1,5.572911072E-1,-2.655477905E-1,9.461452708E-1
7.649775542E0,5.891748047E-1,6.271957397E-1,-6.379733276E-1,1.071219591E0
7.659714542E0,4.429289246E-1,6.623725891E-1,-9.111552429E-1,1.210424453E0
7.669654542E0,4.053570557E-1,6.863227844E-1,-8.132588196E-1,1.138746335E0
7.679594542E0,5.843847656E-1,3.369493103E-1,-2.978805542E-1,7.374098023E-1
7.689533542E0,1.281485138E0,-7.249424744E-1,5.360652466E0,5.559167259E0
7.699473542E0,2.386187897E0,-2.910996552E0,1.029963181E1,1.096586563E1
7.709412542E0,2.972069550E0,-3.110980682E0,1.265318756E0,4.484688369E0
7.719352542E0,3.774101715E0,-3.279979248E0,-1.174906769E0,5.136391101E0
7.729291542E0,6.447542267E0,-5.509742432E0,2.941533051E0,8.976674197E0
7.739231542E0,1.314581314E1,-1.096604599E1,1.462668365E1,2.251680356E1
7.749171542E0,1.554622147E1,-1.309506866E1,3.547472992E0,2.063371973E1
7.759110542E0,1.882455414E1,-1.632744690E1,-2.131567383E-1,2.491976718E1
7.769050542E0,2.480806137E1,-2.082439545E1,-2.453547821E0,3.248253764E1
7.778989542E0,3.095472931E1,-2.580379074E1,-4.668042755E0,4.056872572E1
7.788929542E0,3.607183823E1,-3.245296371E1,-3.725752258E0,4.866470586E1
7.798868542E0,3.475936752E1,-3.570809464E1,-3.254232788E-1,4.983359864E1
7.808808542E0,2.678170715E1,-3.315051315E1,1.963317261E0,4.266228985E1
7.818747542E0,1.958467346E1,-2.631093613E1,5.620512085E0,3.327784474E1
7.828687542E0,1.892334869E1,-1.680106201E1,1.022164398E1,2.729195516E1
7.838627542E0,2.017729111E1,-1.123563538E1,1.075154205E1,2.547465869E1
7.848566542E0,1.974124786E1,-8.081544342E0,1.006162674E1,2.358526147E1
7.858506542E0,1.777748154E1,-6.585106201E0,8.612190857E0,2.082239911E1
7.868445542E0,1.576521606E1,-6.048172760E0,6.651717682E0,1.814849248E1
7.878385542E0,1.454181015E1,-6.240373077E0,4.140240326E0,1.635689728E1
7.888324542E0,1.322020844E1,-6.550827484E0,2.108964386E0,1.490419346E1
7.898264542E0,1.112785950E1,-6.643035736E0,1.131646729E0,1.300922000E1
7.908204542E0,8.752299500E0,-6.486760712E0,6.149212646E-1,1.091141325E1
7.918143542E0,5.901178436E0,-5.708079987E0,3.704795837E-1,8.218475479E0
7.928083542E0,3.326233063E0,-4.678371277E0,3.643423462E-1,5.751845750E0
7.938022542E0,1.498833160E0,-3.885470123E0,1.945953369E-1,4.169082185E0
7.947962542E0,-1.103205872E-1,-3.210373993E0,-3.433859253E-1,3.230570491E0
7.957901542E0,-1.705253906E0,-2.775228882E0,-6.092330933E-1,3.313751830E0
7.967841542E0,-2.971620483E0,-2.120340729E0,-4.575984192E-1,3.679098995E0
7.977780542E0,-4.280348969E0,-1.370250549E0,-2.630030823E-1,4.502015602E0
7.987720542E0,-5.695206757E0,-8.928932190E-1,-1.197509766E-2,5.764788088E0
7.997660542E0,-6.761589203E0,-7.138655090E-1,3.608995056E-1,6.808740043E0
8.007599542E0,-7.073690186E0,-8.086184692E-1,6.837780762E-1,7.152517678E0
8.017539542E0,-7.205266571E0,-1.394350433E0,1.015937347E0,7.408927600E0
8.027478542E0,-7.121889954E0,-2.270777893E0,1.481768646E0,7.620589680E0
8.037418542E0,-5.775739288E0,-2.886896667E0,1.697769470E0,6.676507910E0
8.047357542E0,-3.914958801E0,-3.042423248E0,1.187181244E0,5.098297848E0
8.057297542E0,-2.094594269E0,-2.830913086E0,7.866142273E-1,3.608345326E0
8.067237542E0,-5.905220032E-1,-2.486928406E0,6.890171814E-1,2.647314452E0
8.077176542E0,4.758604431E-1,-1.967059479E0,6.571334839E-1,2.127813566E0
8.087116542E0,1.124761047E0,-1.337319031E0,4.456233215E-1,1.803355137E0
8.097055542E0,1.399888916E0,-7.753875732E-1,1.411564636E-1,1.606499304E0
8.106995542E0,1.405427399E0,-3.447331238E-1,-1.083746338E-1,1.451141675E0
8.116934542E0,1.157692566E0,-6.496490479E-2,-3.022215271E-1,1.198253048E0
8.126874542E0,8.322692871E-1,1.857637024E-1,-3.873944092E-1,9.366187846E-1
8.136813542E0,6.670129395E-1,4.257147217E-1,-4.550537109E-1,9.128051082E-1
8.146753542E0,6.417155457E-1,5.533992004E-1,-6.020480347E-1,1.039476480E0
8.156693542E0,7.342231750E-1,5.972579956E-1,-6.233038330E-1,1.133273335E0
8.166632542E0,1.808539124E0,8.798703003E-1,3.808679810E0,4.307090363E0
8.176572542E0,4.121229858E0,1.023272095E0,1.240350677E1,1.311024796E1
8.186511542E0,3.730392609E0,-8.502319336E-2,5.779481506E0,6.879350583E0
8.196451542E0,2.431094513E0,-1.081201630E0,-1.054107971E0,2.861880695E0
8.206390542E0,2.905458069E0,-1.955982513E0,-6.360273743E-1,3.559787213E0
8.216330542E0,6.177054749E0,-3.968397675E0,5.973927155E0,9.465304597E0
8.226270542E0,1.074031540E1,-7.394772491E0,1.001507355E1,1.644198082E1
8.236209542E0,1.575967758E1,-1.269779480E1,7.731721802E0,2.166520141E1
8.246149542E0,1.832848572E1,-1.617895569E1,6.198609924E0,2.522131561E1
8.256088542E0,2.201367233E1,-1.957075241E1,4.939727783E-3,2.945532454E1
8.266028542E0,2.937222015E1,-2.552192688E1,-3.961511993E0,3.911252543E1
8.275967542E0,3.665188202E1,-3.393188828E1,-3.634891205E0,5.007939628E1
8.285907542E0,3.533237595E1,-3.737951889E1,-4.373904419E-1,5.143730682E1
8.295847542E0,2.605781250E1,-3.512475769E1,2.188149719E0,4.378979555E1
8.305786542E0,1.780442551E1,-2.973551468E1,1.719324646E0,3.470092907E1
8.315726542E0,1.517993317E1,-2.216919891E1,2.296075287E0,2.696619575E1
8.325665542E0,1.628867752E1,-1.577060486E1,4.425547028E0,2.310018310E1
8.335605542E0,1.664793045E1,-1.207314377E1,6.894213409E0,2.168973414E1
8.345544542E0,1.573378143E1,-9.603878632E0,8.535550232E0,2.031359103E1
8.355484542E0,1.488579483E1,-7.975115662E0,9.433832245E0,1.934390210E1
8.365423542E0,1.460228439E1,-6.947652283E0,9.024882660E0,1.851877665E1
8.375363542E0,1.393197830E1,-6.212381287E0,7.073839874E0,1.681466358E1
8.385303542E0,1.247700394E1,-5.776487732E0,4.724924469E0,1.453851261E1
8.395242542E0,1.069660629E1,-5.286556549E0,2.689157867E0,1.223097038E1
8.405182542E0,8.585695953E0,-4.752317505E0,1.492845612E0,9.926091108E0
8.415121542E0,6.163732452E0,-4.296515350E0,7.743397522E-1,7.553227387E0
8.425061542E0,3.798051910E0,-3.713777161E0,1.061293030E-1,5.313059622E0
8.435000542E0,1.635948029E0,-3.305426331E0,-3.311114502E-1,3.702945310E0
8.444940542E0,-3.103047180E-1,-3.140319672E0,-5.463638306E-1,3.202563051E0
8.454880542E0,-2.053280182E0,-2.714754639E0,-7.644602966E-1,3.488588798E0
8.464819542E0,-3.789669342E0,-2.342179413E0,-1.163380737E0,4.604438387E0
8.474759542E0,-5.178181915E0,-1.963916016E0,-1.357227631E0,5.701982191E0
8.484698542E0,-6.131998444E0,-1.641336823E0,-1.029109955E0,6.430743252E0
8.494638542E0,-6.623127136E0,-1.357826385E0,-1.612147522E-1,6.762802359E0
8.504577542E0,-6.846762085E0,-1.257385254E0,1.156045990E0,7.056600531E0
8.514517542E0,-6.995402985E0,-1.576072540E0,2.222877502E0,7.507386493E0
8.524456542E0,-6.261329498E0,-2.140698395E0,2.519710236E0,7.080662142E0
8.534396542E0,-4.420158234E0,-2.353855133E0,1.879790955E0,5.349022979E0
8.544336542E0,-2.588417358E0,-2.122286682E0,7.463479614E-1,3.429437339E0
8.554275542E0,-1.088985443E0,-1.824555817E0,1.815724182E-1,2.132571632E0
8.564215542E0,-1.682501221E-1,-1.526076508E0,3.230282593E-1,1.568937496E0
8.574154542E0,3.192860413E-1,-9.129515076E-1,1.001417542E0,1.392214468E0
8.584094542E0,7.704478455E-1,-3.502716064E-2,1.915267181E0,2.064719148E0
8.594033542E0,1.071920929E0,6.047424316E-1,2.002685394E0,2.350633250E0
8.603973542E0,9.244775391E-1,7.966433716E-1,1.132245483E0,1.664715957E0
8.613913542E0,5.348377991E-1,7.381150818E-1,1.389111328E-1,9.220421076E-1
8.623852542E0,3.552113342E-1,7.517367554E-1,-3.733236694E-1,9.114021086E-1
8.633792542E0,3.388952637E-1,9.304650879E-1,-5.972579956E-1,1.156430885E0
8.643731542E0,2.591111755E-1,1.054557037E0,-8.487350464E-1,1.378252635E0
8.653671542E0,2.730322266E-1,9.532177734E-1,-9.865983582E-1,1.398766257E0
8.663610542E0,2.667453003E-1,2.682421875E-1,-6.475534058E-1,7.499548918E-1
8.673550542E0,4.956193542E-1,-1.165177002E0,3.655248871E0,3.868348523E0
8.683489542E0,1.866468658E0,-3.645070038E0,1.073298065E1,1.148769405E1
8.693429542E0,2.523452454E0,-3.950734406E0,5.034331055E0,6.878997296E0
8.703369542E0,3.813020782E0,-4.137396240E0,2.437980194E0,6.131959113E0
8.713308542E0,7.054829407E0,-6.301895142E0,5.211712189E0,1.080029834E1
8.723248542E0,1.121827148E1,-1.003423370E1,8.863667908E0,1.746711395E1
8.733187542E0,1.410726379E1,-1.301229080E1,5.638923798E0,2.000330136E1
8.743127542E0,1.745804581E1,-1.722992020E1,4.808450775E0,2.499549384E1
8.753066542E0,2.303544754E1,-2.252276367E1,1.055904236E0,3.223385892E1
8.763006542E0,2.823668152E1,-2.575469284E1,-3.400328979E0,3.836895390E1
8.772946542E0,3.364613251E1,-3.086162292E1,-3.921245728E0,4.582442766E1
8.782885542E0,3.605806686E1,-3.640998505E1,-1.457818451E0,5.126398767E1
8.792825542E0,3.132086792E1,-3.752651321E1,3.567082214E0,4.900979531E1
8.802764542E0,2.441542786E1,-3.200509506E1,5.942642212E0,4.069095998E1
8.812704542E0,2.018163208E1,-2.096210907E1,9.156309357E0,3.050485684E1
8.822643542E0,1.910387329E1,-1.295061905E1,1.211879883E1,2.606802243E1
8.832583542E0,1.743409561E1,-8.499026184E0,1.232581833E1,2.298057731E1
8.842522542E0,1.469658829E1,-6.433471527E0,1.028735733E1,1.905804250E1
8.852462542E0,1.255274643E1,-5.989345093E0,7.481442261E0,1.579289954E1
8.862402542E0,1.152258865E1,-5.995033264E0,4.602778473E0,1.378027731E1
8.872341542E0,1.171538773E1,-6.326144714E0,2.251168671E0,1.350326542E1
8.882281542E0,1.078447357E1,-6.316414948E0,5.343887329E-1,1.250949796E1
8.892220542E0,9.064550171E0,-6.009403381E0,-5.766009521E-1,1.089088920E1
8.902160542E0,7.123985596E0,-5.351820831E0,-1.180295563E0,8.988117411E0
8.912099542E0,5.187462616E0,-4.499343567E0,-1.238225098E0,6.977611505E0
8.922039542E0,3.502716064E0,-3.565435638E0,-8.756790161E-1,5.074264958E0
8.931979542E0,1.754202118E0,-2.799777832E0,-6.119274902E-1,3.360124437E0
8.941918542E0,-1.990859985E-2,-2.062111816E0,-5.483097839E-1,2.133856864E0
8.951858542E0,-1.736688538E0,-1.381028137E0,-6.954537964E-1,2.325291761E0
8.961797542E0,-3.201991425E0,-7.765850830E-1,-9.376501465E-1,3.425641731E0
8.971737542E0,-4.205504608E0,-4.010160828E-1,-7.283853149E-1,4.286913584E0
8.981676542E0,-4.554129639E0,-2.007325745E-1,-4.345463562E-1,4.579216185E0
8.991616542E0,-4.714745636E0,-2.177970886E-1,-2.817141724E-1,4.728173522E0
9.001555542E0,-5.001249847E0,-4.432283020E-1,9.400451660E-2,5.021731595E0
9.011495542E0,-5.304818573E0,-7.872129822E-1,7.388635254E-1,5.413568479E0
9.021435542E0,-5.395380249E0,-1.152603149E0,1.158441010E0,5.637429168E0
9.031374542E0,-4.885091400E0,-1.518741760E0,1.001716919E0,5.212881287E0
9.041314542E0,-3.451372833E0,-1.569486237E0,5.921685791E-1,3.837437310E0
9.051253542E0,-2.142644348E0,-1.440903625E0,5.140310669E-1,2.632746854E0
9.061193542E0,-1.360820160E0,-1.287173309E0,5.954617310E-1,1.965507901E0
9.071132542E0,-8.973838806E-1,-9.943821716E-1,8.339158630E-1,1.577817923E0
9.081072542E0,-6.655160522E-1,-4.969665527E-1,1.100810852E0,1.379011205E0
9.091011542E0,-4.839436340E-1,1.100212097E-1,1.210083618E0,1.307902317E0
9.100951542E0,-2.680924988E-1,6.126759338E-1,1.118324432E0,1.303032971E0
9.110891542E0,-1.170565796E-1,1.001118164E0,9.719288635E-1,1.400209105E0
9.120830542E0,6.242019653E-2,1.324894867E0,9.708810425E-1,1.643731331E0
9.130770542E0,3.617976379E-1,1.540746002E0,1.135388947E0,1.947794608E0
9.140709542E0,8.199948120E-1,1.563498688E0,1.601819000E0,2.383850614E0
9.150649542E0,1.489851837E0,1.006806335E0,2.603086853E0,3.163760209E0
9.160588542E0,1.329834595E0,-7.735913086E-1,3.348386993E0,3.684915063E0
9.170528542E0,7.485932922E-1,-2.036515045E0,2.402204590E0,3.237031408E0
9.180468542E0,5.098397827E-1,-2.239043884E0,-2.850073242E-1,2.313975647E0
9.190407542E0,1.243913269E0,-3.028651886E0,1.681752777E0,3.680807638E0
9.200347542E0,4.596790924E0,-5.716462555E0,1.013527359E1,1.251128298E1
9.210286542E0,7.854466553E0,-8.110134888E0,6.553222504E0,1.305418163E1
9.220226542E0,8.692424011E0,-9.508676605E0,-4.248165894E-1,1.289005955E1
9.230165542E0,1.142095001E1,-1.265558258E1,1.414558411E-1,1.704763560E1
9.240105542E0,1.987432114E1,-2.068832840E1,6.214476929E0,2.935328425E1
9.250045542E0,2.865670807E1,-2.900563248E1,7.829169159E0,4.151902603E1
9.259984542E0,3.494647842E1,-3.483675659E1,1.540296936E0,4.936829427E1
9.269924542E0,3.916066498E1,-3.904061462E1,9.812095642E-1,5.530542509E1
9.279863542E0,3.380375473E1,-3.623769333E1,2.668650513E0,4.962847920E1
9.289803542E0,2.739617935E1,-2.866643784E1,1.170266418E0,3.966969655E1
9.299742542E0,2.467723343E1,-1.967598358E1,-3.981719971E-1,3.156372476E1
9.309682542E0,2.414973038E1,-1.395188690E1,3.203338623E-1,2.789206409E1
9.319621542E0,2.105506577E1,-1.022568558E1,1.636696472E0,2.346399828E1
9.329561542E0,1.711001953E1,-8.378676453E0,2.474653931E0,1.921142628E1
9.339501542E0,1.357706635E1,-7.224426727E0,3.009342041E0,1.567115859E1
9.349440542E0,1.075184143E1,-6.527625732E0,3.513493652E0,1.305973313E1
9.359380542E0,9.464967499E0,-6.038742371E0,3.774700470E0,1.184484626E1
9.369319542E0,9.209448853E0,-6.148613892E0,3.592080231E0,1.164141062E1
9.379259542E0,9.294022980E0,-6.396498413E0,3.565585327E0,1.183247454E1
9.389198542E0,8.891510010E0,-5.994434509E0,3.500620422E0,1.128036075E1
9.399138542E0,7.709867249E0,-5.083279266E0,3.049757996E0,9.725369141E0
9.409077542E0,5.689368896E0,-4.273313599E0,2.172881470E0,7.439861654E0
9.419017542E0,3.382516022E0,-3.736230469E0,1.279389496E0,5.199775979E0
9.428957542E0,1.362616425E0,-3.029550018E0,7.484436035E-1,3.405152663E0
9.438896542E0,-2.094145203E-1,-2.363584900E0,4.767585754E-1,2.420265845E0
9.448836542E0,-1.686243439E0,-1.549427948E0,4.885839844E-1,2.341550386E0
9.458775542E0,-3.217559052E0,-7.723937988E-1,4.974156189E-1,3.346147147E0
9.468715542E0,-4.552483063E0,-2.845582581E-1,6.394702148E-1,4.605974120E0
9.478654542E0,-5.534141693E0,-6.346801758E-2,1.146465912E0,5.652002880E0
9.488594542E0,-6.005212097E0,-3.254232788E-1,1.808539124E0,6.280070573E0
9.498534542E0,-6.238876190E0,-1.094972992E0,2.321372681E0,6.746207312E0
9.508473542E0,-6.262676697E0,-1.989363098E0,2.780767365E0,7.135219133E0
9.518413542E0,-4.953050079E0,-2.710114288E0,2.744991760E0,6.277929938E0
9.528352542E0,-3.258723450E0,-3.065924377E0,1.970502319E0,4.888972305E0
9.538292542E0,-1.734592896E0,-3.075055389E0,5.697152710E-1,3.576220582E0
9.548231792E0,-3.140469360E-1,-2.702330475E0,-7.545808411E-1,2.823226473E0
9.558171792E0,3.573069763E-1,-2.274071045E0,-1.458267517E0,2.724997531E0
9.568110792E0,1.785786438E-1,-1.891316986E0,-1.575473785E0,2.468012950E0
9.578050792E0,-2.531236267E-1,-1.421743469E0,-1.324296112E0,1.959384152E0
9.587990792E0,-5.716612244E-1,-8.788224792E-1,-6.743476868E-1,1.246543344E0
9.597929792E0,-6.741979980E-1,-2.633024597E-1,5.613327026E-2,7.259628571E-1
9.607869792E0,-5.177732849E-1,2.236349487E-1,2.951861572E-1,6.365819918E-1
9.617808792E0,-3.179388428E-1,5.191204834E-1,1.610650635E-1,6.296928924E-1
9.627748792E0,-2.927911377E-1,6.251000977E-1,-5.927673340E-2,6.928134767E-1
9.637687792E0,-2.891986084E-1,5.712121582E-1,-2.098635864E-1,6.737669402E-1
9.647627792E0,-2.664459229E-2,5.448669434E-1,2.880010986E-1,6.168748277E-1
9.657567792E0,8.283773804E-1,-8.487350464E-2,3.151246948E0,3.259412512E0
9.667506792E0,1.639839935E0,-2.011666718E0,6.204447784E0,6.725403356E0
9.677446792E0,2.638114014E0,-3.334316254E0,5.466183014E0,6.925060806E0
9.687385792E0,3.383114777E0,-3.734883270E0,1.604363708E0,5.288553823E0
9.697325792E0,4.504283295E0,-4.477039948E0,-7.705975342E-1,6.397364711E0
9.707264792E0,6.953789520E0,-6.406826935E0,2.561174011E-1,9.458763988E0
9.717204792E0,1.235276230E1,-1.047237259E1,8.819210358E0,1.844016799E1
9.727143792E0,1.737077728E1,-1.426084442E1,8.612639923E0,2.406850958E1
9.737083792E0,1.940878922E1,-1.602926697E1,5.316943359E-1,2.517779175E1
9.747023792E0,2.332898712E1,-1.928858917E1,-1.004710693E0,3.028697337E1
9.756962792E0,2.940051132E1,-2.352747437E1,-2.193538513E0,3.771927527E1
9.766902792E0,3.530079163E1,-2.879502045E1,4.415817261E-2,4.555547214E1
9.776841792E0,3.885604843E1,-3.357413223E1,4.619393921E0,5.155922473E1
9.786781792E0,3.758474213E1,-3.421120743E1,8.516988831E0,5.153211283E1
9.796720792E0,2.971380981E1,-2.665656738E1,9.552984467E0,4.104561597E1
9.806660792E0,2.340547806E1,-1.615425705E1,8.119565277E0,2.957539119E1
9.816600792E0,1.988479935E1,-1.079135925E1,7.157665558E0,2.372953552E1
9.826539792E0,1.577285019E1,-7.549101563E0,6.012846222E0,1.849124272E1
9.836479792E0,1.258852203E1,-6.540049896E0,4.266577606E0,1.481373768E1
9.846418792E0,1.215083221E1,-7.657176819E0,2.446811829E0,1.456921304E1
9.856358792E0,1.309581711E1,-8.616382141E0,1.227148132E0,1.572413303E1
9.866297792E0,1.266067200E1,-8.586893463E0,5.478607178E-2,1.529805073E1
9.876237792E0,1.122036713E1,-7.962990875E0,-3.653901672E-1,1.376369762E1
9.886176792E0,9.529333649E0,-7.075336761E0,4.351451111E-1,1.187678161E1
9.896116792E0,7.552394714E0,-5.810018005E0,1.032103729E0,9.584373389E0
9.906056792E0,5.318889313E0,-4.404889984E0,1.093326416E0,6.992067072E0
9.915995792E0,3.222049713E0,-3.193159790E0,7.845185852E-1,4.603622835E0
9.925935792E0,9.961784363E-1,-2.291434937E0,1.939965820E-1,2.506128532E0
9.935874792E0,-9.821076965E-1,-1.740730133E0,-2.598596191E-1,2.015490994E0
9.945814792E0,-2.581831055E0,-1.313967590E0,-1.508862305E-1,2.900884189E0
9.955753792E0,-4.094136200E0,-7.400610352E-1,2.671943665E-1,4.169056774E0
9.965693792E0,-5.567821655E0,-4.086502075E-1,9.593550110E-1,5.664626644E0
9.975633792E0,-6.664740601E0,-4.927752686E-1,1.789528656E0,6.918381859E0
9.985572792E0,-7.533983002E0,-1.226250000E0,2.472857666E0,8.023690795E0
9.995512792E0,-8.651109924E0,-2.609673157E0,3.463497620E0,9.677185162E0
1.000545179E1,-8.724607086E0,-4.112847290E0,4.220024414E0,1.052819489E1
1.001539179E1,-6.722670135E0,-5.028942261E0,3.984713745E0,9.293142506E0
1.002533079E1,-4.124523010E0,-4.751419373E0,2.748284912E0,6.865911889E0
1.003527079E1,-1.958227844E0,-3.635639648E0,1.088237000E0,4.270455679E0
1.004520979E1,-5.153782654E-1,-2.341730347E0,-3.697311401E-1,2.426111475E0
1.005514979E1,4.026626587E-2,-1.738185425E0,-9.717791748E-1,1.991799364E0
1.006508979E1,3.194357300E-1,-1.249002686E0,-1.112336884E0,1.702744912E0
1.007502879E1,4.957690430E-1,-8.717871094E-1,-1.175206146E0,1.544962522E0
1.008496879E1,5.818400574E-1,-5.231620789E-1,-1.224902802E0,1.453486597E0
1.009490779E1,7.179071045E-1,-6.795867920E-2,-1.233734436E0,1.429024021E0
1.010484779E1,8.952882385E-1,4.123924255E-1,-1.046623535E0,1.437716720E0
1.011478679E1,9.240284729E-1,7.990383911E-1,-1.085542603E0,1.634225722E0
1.012472679E1,6.810836792E-1,9.668394470E-1,-1.329984283E0,1.779750457E0
1.013466679E1,5.263055420E-1,9.865983582E-1,-1.514251099E0,1.882373564E0
1.014460579E1,6.340814209E-1,6.915618896E-1,-1.363065491E0,1.654770264E0
1.015454579E1,8.488847351E-1,5.987548828E-2,-8.872050476E-1,1.229358843E0
1.016448479E1,9.885443115E-1,-7.206015015E-1,3.520678711E-1,1.272964322E0
1.017442479E1,1.401236115E0,-2.139800262E0,4.523892517E0,5.196904013E0
1.018436379E1,2.330952759E0,-3.063679047E0,5.298531647E0,6.549344065E0
1.019430379E1,4.138294373E0,-3.640579376E0,2.337239685E0,5.986817840E0
1.020424279E1,8.304879913E0,-5.653892670E0,7.025939484E0,1.225974544E1
1.021418279E1,1.220127731E1,-7.489076385E0,1.590128311E1,2.139645386E1
1.022412279E1,1.287742126E1,-8.605155487E0,8.197553101E0,1.752359998E1
1.023406179E1,1.184067719E1,-8.756191406E0,-4.104315033E0,1.528783588E1
1.024400179E1,1.597642685E1,-1.158560760E1,-3.315455475E0,2.001161571E1
1.025394079E1,2.289144699E1,-1.660946045E1,-1.417402496E0,2.831786630E1
1.026388079E1,2.790527069E1,-2.130354904E1,-4.445755005E-1,3.511043978E1
1.027381979E1,3.327969452E1,-2.710488510E1,4.079017639E-1,4.292294547E1
1.028375979E1,3.706502289E1,-3.126443527E1,5.046006775E-1,4.849263301E1
1.029369879E1,3.503060349E1,-3.196408035E1,2.536325684E0,4.748977323E1
1.030363879E1,2.882106628E1,-2.980541931E1,6.831643524E0,4.202009323E1
1.031357879E1,2.263532959E1,-2.265748352E1,7.781867523E0,3.295871914E1
1.032351779E1,2.064716400E1,-1.661260391E1,6.229745178E0,2.722303648E1
1.033345779E1,1.801892944E1,-1.304043228E1,6.549779663E0,2.318694258E1
1.034339679E1,1.471574844E1,-1.086575455E1,6.383774872E0,1.937447950E1
1.035333679E1,1.280721725E1,-1.006761429E1,5.438191223E0,1.717427131E1
1.036327579E1,1.247670456E1,-9.107959900E0,4.325704651E0,1.604165861E1
1.037321579E1,1.239901611E1,-7.832911377E0,3.097359009E0,1.498945409E1
1.038315579E1,1.180669785E1,-6.518794098E0,1.975891113E0,1.363073498E1
1.039309479E1,1.043854294E1,-5.278024292E0,1.099763031E0,1.174862536E1
1.040303479E1,8.303981781E0,-4.202061768E0,5.234614563E-1,9.321343702E0
1.041297379E1,6.044280853E0,-3.259621582E0,2.318678284E-1,6.871115381E0
1.042291379E1,4.110901337E0,-2.337838440E0,1.555265808E-1,4.731721345E0
1.043285279E1,2.344873810E0,-1.625020752E0,6.586303711E-2,2.853675449E0
1.044279279E1,7.372169495E-1,-1.203197937E0,-2.106120300E-1,1.426720552E0
1.045273179E1,-8.711883545E-1,-8.473878479E-1,-4.903802490E-1,1.310537333E0
1.046267179E1,-2.248174896E0,-3.778143311E-1,-6.480024719E-1,2.370008700E0
1.047261179E1,-3.389551392E0,-3.622467041E-2,-5.608836365E-1,3.435834879E0
1.048255079E1,-4.410129089E0,8.816665649E-2,4.206253052E-2,4.411210854E0
1.049249079E1,-5.323379974E0,-4.490661621E-2,1.051263885E0,5.426375099E0
1.050242979E1,-6.063740387E0,-5.649252319E-1,2.201921082E0,6.475843146E0
1.051236979E1,-6.843019867E0,-1.679956512E0,3.091521149E0,7.694587565E0
1.052230879E1,-6.811435547E0,-3.042722626E0,3.585942993E0,8.277246060E0
1.053224879E1,-5.595813446E0,-3.872746582E0,3.229534149E0,7.532674494E0
1.054218879E1,-4.023333435E0,-3.760180664E0,1.833686829E0,5.804186243E0
1.055212796E1,-2.137854309E0,-2.893033905E0,3.472778320E-1,3.613954637E0
1.056206796E1,-7.815248108E-1,-2.214494934E0,-6.270460510E-1,2.430628642E0
1.057200696E1,-1.865121460E-1,-1.844464417E0,-9.280700684E-1,2.073197968E0
1.058194696E1,9.789642334E-2,-1.317560120E0,-8.662486267E-1,1.579852861E0
1.059188596E1,2.532733154E-1,-7.020401001E-1,-7.526348877E-1,1.059937238E0
1.060182596E1,3.418890381E-1,-9.669891357E-2,-6.704557800E-1,7.587817520E-1
1.061176496E1,5.114863586E-1,4.355941772E-1,-5.764512634E-1,8.852438316E-1
1.062170496E1,5.870791626E-1,8.652008057E-1,-6.625222778E-1,1.237808606E0
1.063164496E1,5.755531311E-1,1.079555054E0,-9.080117798E-1,1.523543866E0
1.064158396E1,5.740562439E-1,1.180744629E0,-1.094972992E0,1.709580154E0
1.065152396E1,5.038522339E-1,1.178499298E0,-1.006207581E0,1.629472726E0
1.066146296E1,4.302053833E-1,8.228388977E-1,-5.598358154E-1,1.084230909E0
1.067140296E1,4.794529724E-1,1.960922241E-2,3.381468201E-1,5.870289143E-1
1.068134196E1,1.555265808E0,-1.395547943E0,7.160659332E0,7.459319531E0
1.069128196E1,2.504142609E0,-3.139720917E0,9.392518158E0,1.021508566E1
1.070122196E1,3.378624115E0,-3.797902222E0,1.535806274E0,5.310166015E0
1.071116096E1,4.128115540E0,-3.476520538E0,-1.220711517E0,5.533323556E0
1.072110096E1,5.865851898E0,-4.539609833E0,-2.085163879E-1,7.420226075E0
1.073103996E1,1.121258331E1,-8.297395477E0,9.837542725E0,1.706886180E1
1.074097996E1,1.552152283E1,-1.207958038E1,8.539292450E0,2.144186206E1
1.075091896E1,1.724039841E1,-1.387135437E1,-1.727108459E0,2.219524077E1
1.076085896E1,2.344559464E1,-1.958691879E1,1.193917236E0,3.057398786E1
1.077079796E1,2.893258438E1,-2.351265518E1,-8.190966797E-1,3.729088779E1
1.078073796E1,3.397694458E1,-2.787772797E1,-9.794132996E-1,4.396088864E1
1.079067796E1,3.665068451E1,-3.254187881E1,3.069816284E0,4.910876015E1
1.080061696E1,3.310770218E1,-3.238994476E1,6.789580994E0,4.681161048E1
1.081055696E1,2.756682449E1,-2.675087128E1,7.973618774E0,3.923158833E1
1.082049596E1,2.464594849E1,-1.839360031E1,7.391179962E0,3.162873457E1
1.083043596E1,2.240361145E1,-1.387359970E1,5.459447021E0,2.691104116E1
1.084037496E1,1.875554764E1,-1.136751114E1,4.632865906E0,2.241549293E1
1.085031496E1,1.560519882E1,-9.939630432E0,3.758683777E0,1.887978250E1
1.086025396E1,1.372944946E1,-9.342821503E0,2.968926086E0,1.687011020E1
1.087019396E1,1.301019516E1,-9.289532318E0,2.177821198E0,1.613392370E1
1.088013396E1,1.223510696E1,-9.065747681E0,1.530417480E0,1.530450264E1
1.089007296E1,1.073762100E1,-8.312813416E0,9.211843872E-1,1.361058237E1
1.090001296E1,8.888366547E0,-7.233408051E0,4.704716492E-1,1.146937642E1
1.090995196E1,6.956184540E0,-6.039939880E0,3.480262756E-1,9.219029200E0
1.091989196E1,5.049748993E0,-4.755460968E0,5.363346863E-1,6.957156661E0
1.092983096E1,3.456911316E0,-3.468137970E0,9.586065674E-1,4.989703736E0
1.093977096E1,2.000589752E0,-2.430495758E0,1.221310272E0,3.376576338E0
1.094971096E1,5.769003296E-1,-1.638193359E0,1.058299255E0,2.033835978E0
1.095964996E1,-9.659413147E-1,-1.018781433E0,5.438191223E-1,1.505555535E0
1.096958996E1,-2.357747040E0,-2.402503967E-1,4.715194702E-2,2.370424996E0
1.097952896E1,-3.444337463E0,3.418890381E-1,-8.622070312E-2,3.462337749E0
1.098946896E1,-4.166435852E0,7.219487000E-1,3.570075989E-1,4.243565960E0
1.099940796E1,-4.738695831E0,8.711883545E-1,1.142274628E0,4.951666250E0
1.100934796E1,-4.995112610E0,5.812413025E-1,1.981429596E0,5.405095252E0
1.101928696E1,-5.160967712E0,-5.426216125E-1,2.830164642E0,5.910994658E0
1.102922696E1,-4.902006226E0,-2.264341278E0,3.531755676E0,6.452147287E0
1.103916696E1,-4.000730438E0,-3.653602295E0,3.821403351E0,6.630066164E0
1.104910596E1,-3.199596405E0,-4.172124023E0,3.203787689E0,6.156970974E0
1.105904596E1,-2.165097656E0,-3.868106232E0,1.796414337E0,4.782990503E0
1.106898496E1,-9.448352051E-1,-2.981050873E0,2.186952209E-1,3.134837391E0
1.107892496E1,-2.118095398E-1,-2.166295166E0,-9.259744263E-1,2.365402009E0
1.108886396E1,2.604583740E-2,-1.690285034E0,-1.438059540E0,2.219404677E0
1.109880396E1,7.918533325E-2,-1.169068909E0,-1.557810516E0,1.949298857E0
1.110874296E1,9.041198730E-2,-6.625222778E-1,-1.384470978E0,1.537488206E0
1.111868296E1,1.453477478E-1,-1.683998108E-1,-1.102607117E0,1.124823061E0
1.112862296E1,2.429447937E-1,2.896476746E-1,-7.887098694E-1,8.746320405E-1
1.113856196E1,4.189787292E-1,5.930667114E-1,-6.348298645E-1,9.645103714E-1
1.114850196E1,5.833369446E-1,7.685018921E-1,-7.295828247E-1,1.209614917E0
1.115844096E1,6.966513062E-1,8.442443848E-1,-8.072712708E-1,1.360058281E0
1.116838096E1,9.755213928E-1,7.439529419E-1,-4.239184570E-1,1.298004170E0
1.117831996E1,1.495989075E0,9.265731812E-2,3.265908508E0,3.593428318E0
1.118825996E1,1.715432739E0,-1.764231262E0,9.067843323E0,9.395797143E0
1.119819896E1,2.324067078E0,-3.678600311E0,6.882837067E0,8.142900842E0
1.120813896E1,3.574866028E0,-4.202660522E0,6.408174133E-1,5.554517940E0
1.121807896E1,3.708837433E0,-3.747906189E0,-9.304650879E-1,5.354254494E0
1.122801796E1,5.854325867E0,-5.622458038E0,1.160686340E0,8.199534043E0
1.123795796E1,1.028870453E1,-1.016386414E1,1.007405090E1,1.762521139E1
1.124789696E1,1.376642258E1,-1.300076477E1,3.327729950E0,1.922519341E1
1.125783696E1,1.743289810E1,-1.550984711E1,9.868977356E-1,2.335455546E1
1.126777596E1,2.201232513E1,-1.942151276E1,1.589694214E0,2.939837994E1
1.127771596E1,2.996184402E1,-2.693304245E1,4.251758423E0,4.051145915E1
1.128765496E1,3.636717407E1,-3.237078461E1,6.268813934E0,4.908907286E1
1.129759496E1,3.757471298E1,-3.299214249E1,5.281467133E0,5.028155145E1
1.130753496E1,3.149181244E1,-2.873634247E1,4.371060333E0,4.285577905E1
1.131747396E1,2.458442642E1,-2.076122681E1,2.321372681E0,3.226160771E1
1.132741396E1,2.188179657E1,-1.524010803E1,-1.163081360E-1,2.666622286E1
1.133735296E1,1.986414230E1,-1.262759079E1,-1.224453735E-1,2.353837699E1
1.134729296E1,1.699610641E1,-1.104448288E1,5.539979553E-1,2.027696104E1
1.135723196E1,1.404978333E1,-1.017284546E1,1.016685791E0,1.737575455E1
1.136717196E1,1.206206680E1,-9.078471222E0,1.542691956E0,1.517537458E1
1.137711196E1,1.166928360E1,-8.201594696E0,1.881287842E0,1.438671537E1
1.138705096E1,1.184426971E1,-7.762108612E0,1.703906708E0,1.426325185E1
1.139699096E1,1.152887558E1,-7.627987518E0,1.404678955E0,1.389511744E1
1.140692996E1,1.045381119E1,-7.282655640E0,1.309476929E0,1.280757476E1
1.141686996E1,9.046138458E0,-6.445446625E0,1.404828644E0,1.119597904E1
1.142680896E1,7.138954468E0,-5.186414795E0,1.588197327E0,8.965820658E0
1.143674896E1,4.933740234E0,-3.982019348E0,1.654509430E0,6.552531743E0
1.144668796E1,3.101999359E0,-2.893632660E0,1.503323822E0,4.500610237E0
1.145662796E1,1.525926819E0,-1.920655975E0,1.193468170E0,2.727954968E0
1.146656796E1,-2.679428101E-2,-1.304686890E0,7.244934082E-1,1.492587187E0
1.147650696E1,-1.490749969E0,-8.419990540E-1,5.700146484E-1,1.804498428E0
1.148644696E1,-2.761906586E0,-3.162922668E-1,8.572673035E-1,2.909136644E0
1.149638596E1,-3.903432770E0,9.116043091E-2,1.523382111E0,4.191156245E0
1.150632596E1,-4.639302521E0,3.766168213E-1,2.414778442E0,5.243674574E0
1.151626496E1,-5.269641724E0,3.591032410E-1,3.689826965E0,6.443050680E0
1.152620496E1,-5.792953491E0,-3.531156921E-1,4.850213928E0,7.563568998E0
1.153614496E1,-5.307512970E0,-1.579964447E0,4.508923645E0,7.141174554E0
1.154608396E1,-4.190984802E0,-2.342029724E0,2.998115387E0,5.660225500E0
1.155602408E1,-3.475772095E0,-2.592009888E0,1.387165375E0,4.552332884E0
1.156596308E1,-2.460732880E0,-2.493963776E0,2.185455322E-2,3.503646563E0
1.157590308E1,-1.657503204E0,-2.235900421E0,-6.828799438E-1,2.865814471E0
1.158584208E1,-1.326840820E0,-2.013013916E0,-7.586224365E-1,2.527496704E0
1.159578208E1,-1.027613068E0,-1.643282776E0,-6.647676086E-1,2.048971174E0
1.160572108E1,-5.766009521E-1,-1.166224823E0,-6.068380737E-1,1.435549178E0
1.161566108E1,-1.260379028E-1,-7.283853149E-1,-7.360194397E-1,1.043146843E0
1.162560108E1,2.031275940E-1,-4.857398987E-1,-1.101259918E0,1.220646335E0
1.163554008E1,4.540058899E-1,-3.381468201E-1,-1.439556427E0,1.546863707E0
1.164548008E1,6.234535217E-1,-1.044827271E-1,-1.667232971E0,1.783052639E0
1.165541908E1,7.882608032E-1,1.344204712E-1,-1.855990448E0,2.020921696E0
1.166535908E1,1.061143341E0,2.371069336E-1,-1.979633331E0,2.258582081E0
1.167529808E1,1.284628601E0,1.484912109E-1,-1.899250488E0,2.297710317E0
1.168523808E1,1.317560120E0,-2.797682190E-1,-1.505269775E0,2.019918816E0
1.169517708E1,1.246008911E0,-1.034498749E0,-1.081201630E0,1.947234663E0
1.170511708E1,1.782493286E0,-2.405048676E0,2.725831604E0,4.048666371E0
1.171505708E1,3.560046844E0,-4.528532867E0,1.078058167E1,1.222303090E1
1.172499608E1,5.448819122E0,-5.171296234E0,7.270680542E0,1.045441199E1
1.173493608E1,9.672885132E0,-6.976991272E0,7.369924164E0,1.401994637E1
1.174487508E1,1.019784348E1,-8.301437073E0,6.531517639E0,1.468232242E1
1.175481508E1,1.159339142E1,-9.449250183E0,4.710704041E-1,1.496385515E1
1.176475408E1,1.470901245E1,-1.122006775E1,-3.358715515E0,1.880228543E1
1.177469408E1,2.331880829E1,-1.835902222E1,2.109862518E0,2.975352142E1
1.178463408E1,3.091461273E1,-2.604419083E1,6.876550140E0,4.100365957E1
1.179457308E1,3.409310303E1,-2.939691879E1,5.959557037E0,4.540963365E1
1.180451308E1,3.656985260E1,-3.148821991E1,6.111790466E0,4.864376728E1
1.181445208E1,3.306309494E1,-2.973970596E1,8.551566925E0,4.528518140E1
1.182439208E1,2.679293381E1,-2.214794312E1,6.114784241E0,3.529565515E1
1.183433108E1,2.367267242E1,-1.598630630E1,2.023791504E0,2.863656999E1
1.184427108E1,2.138677597E1,-1.353365662E1,1.041833496E0,2.533060333E1
1.185421008E1,1.901211411E1,-1.243374390E1,1.798060913E0,2.278796816E1
1.186415008E1,1.677845901E1,-1.297591644E1,1.681303711E0,2.127716797E1
1.187409008E1,1.528142212E1,-1.352617218E1,1.679208069E0,2.047679017E1
1.188402908E1,1.408750488E1,-1.302321808E1,1.937271423E0,1.928250563E1
1.189396908E1,1.252804779E1,-1.193602890E1,2.208058319E0,1.744409037E1
1.190390808E1,1.081830322E1,-1.055604858E1,2.318977661E0,1.529194244E1
1.191384808E1,9.058562622E0,-8.766669617E0,2.625091095E0,1.287645744E1
1.192378708E1,7.650141449E0,-6.734196167E0,2.906805267E0,1.059828189E1
1.193372708E1,6.648424530E0,-4.712051239E0,2.878065033E0,8.642235471E0
1.194366608E1,5.413791962E0,-3.131038971E0,2.749482422E0,6.831705646E0
1.195360608E1,3.849395142E0,-2.149679718E0,2.275567932E0,4.961569838E0
1.196354608E1,2.079176331E0,-1.694326630E0,1.392404480E0,3.022003835E0
1.197348508E1,2.354603577E-1,-1.303788757E0,3.393443298E-1,1.367648083E0
1.198342508E1,-1.626817017E0,-8.289761353E-1,-4.766088867E-1,1.887032345E0
1.199336408E1,-3.239413605E0,-1.901046753E-1,-7.197033691E-1,3.323840133E0
1.200330408E1,-4.621190186E0,5.875282288E-1,-1.413061523E-1,4.660531684E0
1.201324308E1,-6.111790466E0,1.018931122E0,1.543739777E0,6.385556815E0
1.202318308E1,-7.127428436E0,5.243595886E-1,3.404819641E0,7.916311381E0
1.203312208E1,-7.425907745E0,-8.963360596E-1,4.659360809E0,8.812330414E0
1.204306208E1,-6.162834320E0,-3.112926636E0,5.771398315E0,8.998882020E0
1.205300208E1,-3.877686310E0,-4.880451050E0,6.519392853E0,9.019852368E0
1.206294108E1,-2.159708862E0,-5.390141144E0,5.301525421E0,7.862832550E0
1.207288108E1,-1.076112213E0,-4.669389954E0,2.512824554E0,5.410684548E0
1.208282008E1,-4.376898193E-1,-3.127745819E0,-1.552272034E-1,3.162034436E0
1.209276008E1,1.252894592E-1,-1.888023834E0,-2.020049286E0,2.767838609E0
1.210269908E1,5.445675659E-1,-1.323098602E0,-2.787503357E0,3.133260077E0
1.211263908E1,5.815406799E-1,-8.496331787E-1,-2.805316315E0,2.988288093E0
1.212257808E1,4.043092346E-1,-3.478765869E-1,-2.743794250E0,2.795154909E0
1.213251808E1,2.716850281E-1,7.723937988E-2,-2.650837555E0,2.665842910E0
1.214245808E1,2.059716797E-1,4.058061218E-1,-2.473905487E0,2.515414737E0
1.215239708E1,1.809736633E-1,6.191125488E-1,-2.090702362E0,2.187941540E0
1.216233708E1,1.944456482E-1,7.619155884E-1,-1.641935577E0,1.820515563E0
1.217227608E1,9.145980835E-2,8.602610779E-1,-1.188378754E0,1.469917712E0
1.218221608E1,-6.032455444E-2,8.545729065E-1,-7.619155884E-1,1.146494338E0
1.219215508E1,-1.827699280E-1,8.074209595E-1,-4.391867065E-1,9.371330832E-1
1.220209508E1,-1.953437805E-1,5.541476440E-1,-2.261796570E-1,6.295999057E-1
1.221203508E1,1.431024170E-1,-1.434017944E-1,2.633024597E-1,3.322206521E-1
1.222197408E1,9.961784363E-1,-1.596579895E0,8.231981506E0,8.444344756E0
1.223191408E1,2.228415985E0,-3.165916443E0,9.002129974E0,9.799347366E0
1.224185308E1,5.342839508E0,-5.286556549E0,4.932243347E0,8.990029955E0
1.225179308E1,7.333849182E0,-7.177424469E0,5.922583923E0,1.184811235E1
1.226173208E1,1.036594391E1,-1.015623001E1,1.233435059E1,1.904568207E1
1.227167208E1,1.375833939E1,-1.171703430E1,4.010759583E0,1.851126651E1
1.228161108E1,1.858235779E1,-1.415516418E1,-2.851570129E-1,2.336137857E1
1.229155108E1,2.266661453E1,-1.632789597E1,-9.141490173E-1,2.795015688E1
1.230149108E1,2.664294571E1,-1.880748962E1,-2.620750122E0,3.271752670E1
1.231143008E1,3.083901993E1,-2.363809433E1,-2.660717010E0,3.894719590E1
1.232137008E1,3.220477982E1,-2.852752670E1,9.497749329E-1,4.303335561E1
1.233130908E1,3.119767410E1,-2.987098297E1,3.845203857E0,4.336307284E1
1.234124908E1,2.804822342E1,-2.742042892E1,5.476062469E0,3.960517668E1
1.235118808E1,2.447171082E1,-2.143737076E1,6.969806213E0,3.327166503E1
1.236112808E1,2.207579315E1,-1.461860046E1,6.392456818E0,2.723798133E1
1.237106708E1,2.012549881E1,-1.160686340E1,6.572831726E0,2.414450449E1
1.238100708E1,1.747256561E1,-1.014739838E1,6.717131653E0,2.129272412E1
1.239094708E1,1.598840195E1,-9.569899292E0,6.747817841E0,1.981779541E1
1.240088608E1,1.652877823E1,-9.947264557E0,5.265151062E0,1.999675968E1
1.241082608E1,1.659284500E1,-9.818083191E0,3.168461151E0,1.953858769E1
1.242076508E1,1.494881378E1,-8.868457947E0,1.635798340E0,1.745830507E1
1.243070508E1,1.280976196E1,-7.970325623E0,6.382727051E-1,1.510044649E1
1.244064408E1,1.011970596E1,-6.859635315E0,-4.400848389E-2,1.222558719E1
1.245058408E1,7.386689301E0,-5.732778625E0,-1.425036621E-1,9.351376203E0
1.246052308E1,4.947661285E0,-4.619543610E0,2.588117981E-1,6.773958880E0
1.247046308E1,2.747835846E0,-3.590882721E0,5.144801331E-1,4.550794476E0
1.248040308E1,9.442364502E-1,-2.856060791E0,3.815565491E-1,3.032202354E0
1.249034208E1,-3.329077148E-1,-2.362237701E0,1.938468933E-1,2.393443361E0
1.250028208E1,-1.319206696E0,-2.015408936E0,-8.816665649E-2,2.410384376E0
1.251022108E1,-2.223476257E0,-1.573228455E0,-5.752537537E-1,2.783848293E0
1.252016108E1,-3.239712982E0,-1.003513184E0,-8.463400269E-1,3.495578687E0
1.253010008E1,-4.194128265E0,-3.965254211E-1,-4.839436340E-1,4.240536022E0
1.254004008E1,-5.000800781E0,9.280700684E-2,7.551795959E-1,5.058351294E0
1.254998008E1,-5.714666290E0,2.207908630E-1,3.057841187E0,6.485102323E0
1.255991879E1,-6.749314728E0,-7.617658997E-1,5.343438263E0,8.642098648E0
1.256985879E1,-6.091283112E0,-2.546803894E0,5.300327911E0,8.466605931E0
1.257979779E1,-4.229305115E0,-3.175197144E0,3.107238464E0,6.133826663E0
1.258973779E1,-2.644999695E0,-2.808908844E0,8.488847351E-1,3.950518646E0
1.259967679E1,-1.478176117E0,-2.183359680E0,-4.432283020E-1,2.673670783E0
1.260961679E1,-7.381150818E-1,-1.688189392E0,-7.551795959E-1,1.991254258E0
1.261955579E1,-3.962260437E-1,-1.090781708E0,-3.855981445E-1,1.222900544E0
1.262949579E1,-7.604187012E-2,-2.841091919E-1,-1.872605896E-1,3.486644911E-1
1.263943579E1,1.812730408E-1,3.141966248E-1,-7.099736023E-1,7.972715662E-1
1.264937479E1,2.487826538E-1,6.334826660E-1,-1.381177826E0,1.539754943E0
1.265931479E1,2.154020691E-1,7.667056274E-1,-1.828298035E0,1.994218963E0
1.266925379E1,2.056723022E-1,8.327183533E-1,-1.943558350E0,2.124415216E0
1.267919379E1,2.893482971E-1,8.400531006E-1,-1.874551849E0,2.074453250E0
1.268913279E1,4.216731262E-1,8.837622070E-1,-1.858385468E0,2.100580970E0
1.269907279E1,5.965095520E-1,7.993377686E-1,-1.621877289E0,1.904009048E0
1.270901179E1,5.252577209E-1,4.254153442E-1,-1.217118988E0,1.392211377E0
1.271895179E1,1.736389160E-1,-2.064207458E-1,-9.309141541E-1,9.692064588E-1
1.272889179E1,-6.152206421E-2,-8.478369141E-1,-7.021897888E-1,1.102580109E0
1.273883079E1,3.637435913E-2,-1.531165924E0,-2.865042114E-1,1.558164575E0
1.274877079E1,6.971003723E-1,-3.250939636E0,4.494703217E0,5.590788357E0
1.275870979E1,2.830314331E0,-4.196672974E0,6.797065430E0,8.474835793E0
1.276864979E1,6.623426514E0,-5.535189514E0,9.345815277E0,1.272212109E1
1.277858879E1,1.192959229E1,-9.401948547E0,1.418076096E1,2.077993720E1
1.278852879E1,9.129664764E0,-9.119635620E0,-3.891906738E-3,1.290420659E1
1.279846779E1,1.135987701E1,-1.084988754E1,-3.853736115E0,1.617461429E1
1.280840779E1,1.909129944E1,-1.692395645E1,1.215472412E0,2.554164030E1
1.281834779E1,3.019730438E1,-2.550366486E1,4.610262909E0,3.979407792E1
1.282828679E1,3.725078659E1,-3.078917358E1,2.643353119E0,4.840022342E1
1.283822679E1,3.687761261E1,-3.389880707E1,5.262157288E0,5.036643457E1
1.284816579E1,3.328762802E1,-3.281536011E1,5.553601227E0,4.707182305E1
1.285810579E1,2.803115891E1,-2.688484268E1,4.149670715E0,3.906098312E1
1.286804479E1,2.598401596E1,-1.878443756E1,2.895428925E0,3.219328639E1
1.287798479E1,2.429358124E1,-1.394904282E1,1.256487122E0,2.804162343E1
1.288792479E1,2.076377151E1,-1.109507767E1,6.840774536E-1,2.355213192E1
1.289786379E1,1.717438568E1,-9.635313263E0,1.254990234E0,1.973255649E1
1.290780379E1,1.513547562E1,-8.866212616E0,1.595681763E0,1.761358988E1
1.291774279E1,1.519265671E1,-8.609646149E0,1.578916626E0,1.753384733E1
1.292768279E1,1.545521072E1,-8.417595520E0,1.135538635E0,1.763544445E1
1.293762179E1,1.470616837E1,-7.931705933E0,9.461824036E-1,1.673554923E1
1.294756179E1,1.343097015E1,-7.470514984E0,9.651928711E-1,1.539906331E1
1.295750079E1,1.160162430E1,-6.718927917E0,1.127754822E0,1.345412612E1
1.296744079E1,9.321565704E0,-5.514682159E0,1.236129456E0,1.090097805E1
1.297737979E1,6.626869354E0,-3.930825806E0,1.192570038E0,7.796730869E0
1.298731979E1,3.688779144E0,-2.303559723E0,8.214916992E-1,4.425870263E0
1.299725979E1,8.915460205E-1,-8.961863708E-1,-1.113235016E0,1.684427653E0
1.300719879E1,-4.930746460E-1,-3.709286499E-1,-9.154962158E-1,1.104012677E0
1.301713879E1,-1.373693390E0,-5.128335571E-1,4.337979126E-1,1.529121452E0
1.302707779E1,-2.532583466E0,-5.303471375E-1,9.928852844E-1,2.771474027E0
1.303701779E1,-3.766766968E0,-1.965412903E-1,8.978329468E-1,3.877275573E0
1.304695679E1,-4.776567078E0,8.786727905E-2,1.158590698E0,4.915856600E0
1.305689679E1,-5.631738739E0,1.206491089E-1,1.945204926E0,5.959434506E0
1.306683679E1,-6.158193970E0,-1.625619507E-1,2.957400055E0,6.833446747E0
1.307677579E1,-6.149661713E0,-9.633966064E-1,3.662134552E0,7.222028917E0
1.308671579E1,-4.683311005E0,-2.229014740E0,3.626508636E0,6.328781365E0
1.309665479E1,-3.308420105E0,-3.176843719E0,3.024161224E0,5.493954015E0
1.310659479E1,-2.517764282E0,-3.615731049E0,2.246378632E0,4.945590455E0
1.311653379E1,-1.876497803E0,-3.549418945E0,1.449884949E0,4.268698305E0
1.312647379E1,-1.554816742E0,-3.126398621E0,6.939569092E-1,3.559971858E0
1.313641279E1,-1.238973541E0,-2.562221832E0,1.582209778E-1,2.850450847E0
1.314635279E1,-9.491761780E-1,-1.909129944E0,-2.580633545E-1,2.147628751E0
1.315629279E1,-7.870632935E-1,-1.290466461E0,-6.415658569E-1,1.642065487E0
1.316623179E1,-4.189787292E-1,-8.623567200E-1,-1.079105988E0,1.443492993E0
1.317617179E1,5.927673340E-2,-5.906716919E-1,-1.650318146E0,1.753840575E0
1.318611079E1,3.700305176E-1,-3.299139404E-1,-1.961221619E0,2.022907815E0
1.319605079E1,6.023474121E-1,1.377136230E-2,-1.870659943E0,1.965294043E0
1.320598979E1,6.304888916E-1,3.176394653E-1,-1.652563477E0,1.797046776E0
1.321592979E1,4.161346436E-1,5.174739075E-1,-1.568737793E0,1.703492163E0
1.322586879E1,1.523831177E-1,4.689747620E-1,-1.355431366E0,1.442342584E0
1.323580879E1,5.284011841E-2,5.433700562E-2,-1.022823029E0,1.025627387E0
1.324574879E1,2.163002014E-1,-8.250842285E-1,-7.397616577E-1,1.129069117E0
1.325568779E1,5.393284607E-1,-1.894310760E0,-3.115022278E-1,1.994071735E0
1.326562779E1,1.492845612E0,-4.284091187E0,6.426735535E0,7.866699114E0
1.327556679E1,3.925287323E0,-5.603597260E0,8.091573486E0,1.059630805E1
1.328550679E1,8.586294708E0,-6.744375000E0,6.871610413E0,1.290077830E1
1.329544579E1,1.093386292E1,-8.405171356E0,4.945266266E0,1.465100414E1
1.330538579E1,1.207089844E1,-9.582173767E0,6.089337158E-1,1.542385955E1
1.331532479E1,1.559487030E1,-1.174397827E1,9.834548950E-2,1.952256841E1
1.332526479E1,2.269146286E1,-1.612940872E1,4.303550720E0,2.817056729E1
1.333520479E1,2.989178970E1,-2.106374771E1,5.261408844E0,3.694432273E1
1.334514379E1,3.133044800E1,-2.384661072E1,4.309687958E0,3.960847415E1
1.335508379E1,3.367502243E1,-2.779465073E1,7.971672821E0,4.438577827E1
1.336502279E1,3.216690857E1,-2.894485886E1,7.804769897E0,4.397077773E1
1.337496279E1,2.673186081E1,-2.682122498E1,5.447621613E0,3.825764071E1
1.338490179E1,2.407174255E1,-2.271795776E1,3.971092072E0,3.333652602E1
1.339484179E1,2.188104813E1,-1.786310349E1,1.899849243E0,2.831042494E1
1.340478079E1,1.855451569E1,-1.470841370E1,2.802172852E0,2.384239205E1
1.341472079E1,1.583946167E1,-1.317649933E1,2.607427826E0,2.076794069E1
1.342466079E1,1.444331497E1,-1.214903595E1,2.009720764E0,1.898018439E1
1.343459979E1,1.392494293E1,-1.108130630E1,1.632654877E0,1.787078473E1
1.344453979E1,1.350536545E1,-1.008422974E1,1.040336609E0,1.688694423E1
1.345447879E1,1.271934998E1,-9.129515076E0,3.811074829E-1,1.566126279E1
1.346441879E1,1.149339935E1,-8.379574585E0,-3.863465881E-1,1.422901130E1
1.347435779E1,1.037956558E1,-7.411687317E0,-7.231462097E-1,1.277464015E1
1.348429779E1,9.221124573E0,-6.236331482E0,-6.242019653E-1,1.114946621E1
1.349423679E1,7.702532501E0,-4.780608673E0,-2.315684509E-1,9.068453571E0
1.350417679E1,5.696104889E0,-3.133883057E0,3.647914124E-1,6.511521074E0
1.351411679E1,3.529959412E0,-1.699266357E0,7.391629028E-1,3.986788356E0
1.352405579E1,1.396895142E0,-8.416996765E-1,7.958949280E-1,1.814723979E0
1.353399579E1,-5.453160095E-1,-4.400848389E-1,5.783972168E-1,9.086184876E-1
1.354393479E1,-2.286046143E0,-3.251239014E-1,2.841091919E-1,2.326463099E0
1.355387546E1,-3.737877045E0,-1.236428833E-1,3.733236694E-1,3.758508072E0
1.356381446E1,-4.894222412E0,2.435435486E-1,9.425898743E-1,4.990110435E0
1.357375446E1,-5.685476990E0,5.025050354E-1,1.783092041E0,5.979680354E0
1.358369346E1,-6.153104553E0,2.935395813E-1,2.727178802E0,6.736791918E0
1.359363346E1,-6.262527008E0,-6.478527832E-1,3.789819031E0,7.348583948E0
1.360357346E1,-5.046156464E0,-2.360142059E0,4.720134430E0,7.301618631E0
1.361351246E1,-3.465593262E0,-3.714525604E0,5.035229187E0,7.152731652E0
1.362345246E1,-2.692900085E0,-4.262835388E0,4.496499481E0,6.755885138E0
1.363339146E1,-2.145039368E0,-4.132157135E0,3.240311737E0,5.672348423E0
1.364333146E1,-1.526525574E0,-3.406765594E0,1.592089233E0,4.058457868E0
1.365327046E1,-7.430548096E-1,-2.484533386E0,1.606159973E-1,2.598236728E0
1.366321046E1,3.255729675E-1,-1.578916626E0,-9.204359436E-1,1.856388374E0
1.367315046E1,1.034648438E0,-1.069825287E0,-1.866618347E0,2.387318074E0
1.368308946E1,1.272803192E0,-7.313790894E-1,-2.589165802E0,2.976360679E0
1.369302946E1,1.388213196E0,-1.037342834E-1,-2.456541595E0,2.823560392E0
1.370296846E1,1.142723694E0,3.171903992E-1,-2.109114075E0,2.419667202E0
1.371290846E1,6.673123169E-1,5.295986938E-1,-1.806144104E0,1.996981980E0
1.372284746E1,2.207908630E-1,6.144721985E-1,-1.450483704E0,1.590668935E0
1.373278746E1,-7.514373779E-2,6.438111877E-1,-1.100212097E0,1.276951873E0
1.374272646E1,-2.769241333E-1,5.839356995E-1,-6.514453125E-1,9.176322095E-1
1.375266646E1,-4.441264343E-1,3.849993896E-1,-2.276765442E-1,6.303248595E-1
1.376260546E1,-4.605921936E-1,-1.460961914E-1,1.369651794E-1,5.022436922E-1
1.377254546E1,7.873626709E-2,-1.562750244E0,4.384232941E0,4.655092502E0
1.378248546E1,1.392554169E0,-3.780538330E0,1.128129044E1,1.197911479E1
1.379242446E1,3.219355316E0,-3.571123810E0,2.327809296E0,5.341897606E0
1.380236446E1,7.858657837E0,-5.966891785E0,4.726720734E0,1.094094098E1
1.381230346E1,1.138562347E1,-9.980794830E0,1.682710785E1,2.263625954E1
1.382224346E1,1.476334946E1,-1.283236496E1,1.415935547E1,2.414774161E1
1.383218246E1,1.718112167E1,-1.407687698E1,-2.034269714E-1,2.221240172E1
1.384212246E1,2.268382874E1,-1.795201859E1,4.017645264E-1,2.893082218E1
1.385206146E1,2.823488525E1,-2.196577194E1,8.282276917E-1,3.578253545E1
1.386200146E1,3.142385376E1,-2.449326599E1,1.368154907E-1,3.984215585E1
1.387194146E1,3.181858292E1,-2.661660049E1,2.176923065E0,4.154039762E1
1.388188046E1,2.610735947E1,-2.527883240E1,4.900808716E0,3.666921750E1
1.389182046E1,1.855990448E1,-1.985426285E1,4.960534515E0,2.762731819E1
1.390175946E1,1.653536453E1,-1.583063004E1,4.511168976E0,2.333190462E1
1.391169946E1,1.692904587E1,-1.441367661E1,4.026626587E0,2.259558339E1
1.392163846E1,1.691722046E1,-1.395473099E1,2.919678497E0,2.212354826E1
1.393157846E1,1.748334320E1,-1.458013046E1,1.612596588E0,2.282209372E1
1.394151746E1,1.776071640E1,-1.532572998E1,8.440946960E-1,2.347410365E1
1.395145746E1,1.641381729E1,-1.505509277E1,1.363963623E0,2.231433650E1
1.396139746E1,1.450798050E1,-1.353934479E1,2.626887360E0,2.001738976E1
1.397133646E1,1.332603836E1,-1.110914841E1,4.149521027E0,1.783858182E1
1.398127646E1,1.271875122E1,-8.571176147E0,5.429958344E0,1.627009959E1
1.399121546E1,1.184801193E1,-6.313570862E0,5.937403107E0,1.467955447E1
1.400115546E1,1.041504181E1,-4.405339050E0,5.417085114E0,1.253893613E1
1.401109446E1,8.359665985E0,-3.044518890E0,4.205354919E0,9.840636192E0
1.402103446E1,6.065985718E0,-2.141147461E0,2.993624725E0,7.095243771E0
1.403097446E1,3.803590393E0,-1.614243164E0,1.970502319E0,4.577768044E0
1.404091346E1,1.727407837E0,-1.434616699E0,8.048762512E-1,2.385348756E0
1.405085346E1,1.336720276E-1,-1.282832336E0,-2.891986084E-1,1.321802878E0
1.406079246E1,-1.035097504E0,-1.244811401E0,-9.562115479E-1,1.880245407E0
1.407073246E1,-2.187700653E0,-1.230141907E0,-1.152603149E0,2.761843094E0
1.408067146E1,-3.511547699E0,-1.162931671E0,-9.228309631E-1,3.812478761E0
1.409061146E1,-4.906945953E0,-1.105451202E0,-7.508386230E-1,5.085656259E0
1.410055046E1,-6.125711517E0,-1.172362061E0,-6.113287354E-1,6.266777259E0
1.411049046E1,-6.931485901E0,-1.454674988E0,6.661148071E-2,7.082796990E0
1.412043046E1,-6.920259247E0,-2.264940033E0,1.741478577E0,7.486834380E0
1.413036946E1,-5.825136566E0,-3.537294159E0,3.563639374E0,7.690526092E0
1.414030946E1,-4.832850037E0,-4.495002594E0,5.407355347E0,8.532349011E0
1.415024846E1,-3.918401642E0,-4.654421082E0,5.893095245E0,8.470305697E0
1.416018846E1,-2.866239624E0,-4.203109589E0,3.872447205E0,6.393536357E0
1.417012746E1,-1.810934143E0,-3.263214111E0,1.102906494E0,3.891587278E0
1.418006746E1,-9.786648560E-1,-2.211950226E0,-1.001267853E0,2.617832312E0
1.419000646E1,-7.554789734E-1,-1.785187683E0,-2.045196991E0,2.817884716E0
1.419994646E1,-8.298742676E-1,-1.479822693E0,-2.071392517E0,2.677542430E0
1.420988646E1,-6.457571411E-1,-1.046473846E0,-1.788031769E0,2.170061613E0
1.421982546E1,-2.420466614E-1,-5.691165161E-1,-1.438957672E0,1.566230946E0
1.422976546E1,1.561253357E-1,-8.532257080E-2,-1.171164551E0,1.184601818E0
1.423970446E1,5.278024292E-1,3.363505554E-1,-8.692424011E-1,1.071115985E0
1.424964446E1,9.879455566E-1,7.842192078E-1,1.047821045E-3,1.261363265E0
1.425958346E1,1.739382935E0,1.375339966E0,2.084116058E0,3.043115634E0
1.426952346E1,2.477647705E0,1.524878998E0,4.444407806E0,5.311944546E0
1.427946246E1,2.595452728E0,5.999523926E-1,5.640720062E0,6.238111939E0
1.428940246E1,2.780318298E0,-1.037043457E0,7.030729523E0,7.631303073E0
1.429934246E1,4.054468689E0,-3.295696564E0,6.832691345E0,8.601511682E0
1.430928146E1,3.388054504E0,-3.971990204E0,1.530716858E0,5.440469980E0
1.431922146E1,3.739074554E0,-4.854554901E0,-5.337899780E-1,6.150797798E0
1.432916046E1,7.475454712E0,-8.331075439E0,6.833140411E0,1.311415453E1
1.433910046E1,1.261127472E1,-1.189710983E1,7.650291138E0,1.895026192E1
1.434903946E1,1.525896881E1,-1.357107880E1,-2.254312134E-1,2.042207453E1
1.435897946E1,1.858595032E1,-1.878967667E1,2.154020691E0,2.651658544E1
1.436891846E1,2.539903244E1,-2.790661789E1,3.993844757E0,3.794523642E1
1.437885846E1,3.100712036E1,-3.259082703E1,1.768721924E0,4.501923918E1
1.438879846E1,3.537818069E1,-3.506757660E1,1.500330048E0,4.983574609E1
1.439873746E1,3.185061630E1,-3.325125366E1,5.151836700E0,4.633194417E1
1.440867746E1,2.310625031E1,-2.453592728E1,5.812413025E0,3.420079934E1
1.441861646E1,1.922871368E1,-1.615650238E1,3.516786804E0,2.536027974E1
1.442855646E1,1.958796661E1,-1.279060181E1,1.845661926E0,2.346687876E1
1.443849546E1,1.945010330E1,-1.148816025E1,1.048719177E0,2.261380455E1
1.444843546E1,1.832998260E1,-1.154159912E1,8.006849670E-1,2.167574379E1
1.445837446E1,1.716285965E1,-1.163231049E1,5.977070618E-1,2.074202623E1
1.446831446E1,1.596400269E1,-1.072340057E1,2.885998535E-1,1.923340821E1
1.447825446E1,1.459105774E1,-9.782307587E0,1.444496155E-1,1.756739518E1
1.448819346E1,1.321017929E1,-8.810229034E0,7.791297913E-1,1.589767328E1
1.449813346E1,1.189995392E1,-7.406897278E0,2.203118591E0,1.418889573E1
1.450807246E1,1.074420731E1,-5.610183563E0,3.934418335E0,1.274330404E1
1.451801246E1,9.574240265E0,-3.838318176E0,5.120102692E0,1.151582453E1
1.452795146E1,7.953859863E0,-2.454445953E0,5.296885071E0,9.866366257E0
1.453789146E1,6.028264160E0,-1.588646393E0,4.780608673E0,7.856079520E0
1.454783046E1,3.955973511E0,-1.116528168E0,3.899690552E0,5.666034589E0
1.455777054E1,1.923200684E0,-8.729846191E-1,2.891986084E0,3.581115263E0
1.456771054E1,1.742376709E-1,-6.686595154E-1,1.834884338E0,1.960679690E0
1.457764954E1,-1.474134521E0,-5.839356995E-1,8.616082764E-1,1.804555987E0
1.458758954E1,-2.847977600E0,-4.327500916E-1,4.011657715E-2,2.880947482E0
1.459752854E1,-3.702251129E0,-1.968406677E-1,-4.146377563E-1,3.730594341E0
1.460746854E1,-4.210893402E0,-1.576222229E-1,-5.465135193E-1,4.249134622E0
1.461740754E1,-4.721631317E0,-3.218307495E-1,-4.330494690E-1,4.752358274E0
1.462734754E1,-4.959935760E0,-7.661068726E-1,2.038760376E-1,5.022892387E0
1.463728654E1,-4.559368744E0,-1.454525299E0,1.275796967E0,4.952892598E0
1.464722654E1,-3.681743774E0,-2.354304199E0,2.054028625E0,4.828769934E0
1.465716654E1,-2.883154449E0,-3.122207336E0,2.240840149E0,4.804385788E0
1.466710554E1,-2.170187073E0,-3.501069489E0,1.662442932E0,4.441949572E0
1.467704554E1,-1.744322662E0,-3.395239563E0,5.318440247E-1,3.853981228E0
1.468698454E1,-1.321601715E0,-2.919828186E0,-6.532415771E-1,3.270894723E0
1.469692454E1,-8.963360596E-1,-2.335892487E0,-1.537901917E0,2.936827258E0
1.470686354E1,-8.412506104E-1,-1.828447723E0,-1.801803131E0,2.701373390E0
1.471680354E1,-1.012644196E0,-1.350341949E0,-1.716031494E0,2.406997245E0
1.472674254E1,-1.126557312E0,-9.292675781E-1,-1.582808533E0,2.153590597E0
1.473668254E1,-1.159039764E0,-5.933660889E-1,-1.329535217E0,1.860946099E0
1.474662254E1,-1.083147583E0,-3.067121887E-1,-9.984237671E-1,1.504702985E0
1.475656154E1,-1.068927155E0,1.218466187E-1,-1.758842468E-1,1.090131702E0
1.476650154E1,-1.003064117E0,6.032455444E-1,9.252259827E-1,1.492007349E0
1.477644054E1,-5.761518860E-1,8.366102600E-1,1.698368225E0,1.978970023E0
1.478638054E1,-2.739303589E-2,6.620732117E-1,2.198478241E0,2.296170266E0
1.479631954E1,3.815565491E-1,-4.089495850E-1,3.456911316E0,3.501865361E0
1.480625954E1,1.125359802E0,-2.597398682E0,5.088368683E0,5.822749389E0
1.481619854E1,2.621797943E0,-4.713847504E0,5.637426910E0,7.802228202E0
1.482613854E1,3.931873627E0,-5.548362122E0,4.484225006E0,8.145687592E0
1.483607854E1,5.652844849E0,-6.064039764E0,2.708767090E0,8.721505162E0
1.484601754E1,8.159232788E0,-8.137078857E0,2.352657623E0,1.176095787E1
1.485595754E1,1.142020157E1,-1.106693619E1,2.137704620E0,1.604580511E1
1.486589654E1,1.531225800E1,-1.397987869E1,1.599723358E0,2.079570552E1
1.487583654E1,2.034149963E1,-1.777643372E1,3.716022491E0,2.726879217E1
1.488577554E1,2.432247116E1,-2.127989822E1,5.459596710E0,3.277535458E1
1.489571554E1,2.652214691E1,-2.350756577E1,4.009113007E0,3.566655173E1
1.490565454E1,2.951786728E1,-2.630405045E1,5.899232483E0,3.997509853E1
1.491559454E1,3.160572556E1,-2.714455261E1,9.502389679E0,4.273223647E1
1.492553354E1,3.052856552E1,-2.313723587E1,6.478827209E0,3.884971298E1
1.493547354E1,2.774794785E1,-1.779289948E1,1.690883789E0,3.300598384E1
1.494541354E1,2.378718430E1,-1.426368851E1,5.554948425E-1,2.774151260E1
1.495535254E1,2.003059616E1,-1.190040298E1,1.101259918E0,2.332503263E1
1.496529254E1,1.723605743E1,-1.163246017E1,9.285191345E-1,2.081484935E1
1.497523154E1,1.527827866E1,-1.200533478E1,6.975494385E-1,1.944326200E1
1.498517154E1,1.410995819E1,-1.200743042E1,5.990542603E-1,1.853721045E1
1.499511054E1,1.301618271E1,-1.177017380E1,5.363346863E-1,1.755692622E1
1.500505054E1,1.180729660E1,-1.114222961E1,9.090596008E-1,1.626000994E1
1.501498954E1,1.049377808E1,-1.020068756E1,1.556912384E0,1.471724775E1
1.502492954E1,9.246571655E0,-9.023984528E0,2.248623962E0,1.311440787E1
1.503486954E1,8.243208160E0,-7.545658722E0,2.847378845E0,1.153234636E1
1.504480854E1,7.630831604E0,-5.810616760E0,3.202889557E0,1.011194144E1
1.505474854E1,7.153623962E0,-4.151466980E0,3.267405396E0,8.892972051E0
1.506468754E1,6.309529266E0,-2.799478455E0,3.054548035E0,7.548344380E0
1.507462754E1,5.012775879E0,-1.722917175E0,2.580334167E0,5.895293888E0
1.508456654E1,3.525019684E0,-8.666976929E-1,2.107168121E0,4.197271275E0
1.509450654E1,1.721420288E0,-2.694396973E-1,1.560055847E0,2.338730383E0
1.510444554E1,-2.959346008E-1,3.134481812E-1,1.073118439E0,1.156464541E0
1.511438554E1,-2.253863068E0,6.845265198E-1,8.511300659E-1,2.504575348E0
1.512432554E1,-3.434907074E0,9.340576172E-1,8.809181213E-1,3.667024267E0
1.513426454E1,-4.002975769E0,1.080453186E0,9.704319763E-1,4.258278093E0
1.514420454E1,-4.406386871E0,1.008602600E0,1.002315674E0,4.630136194E0
1.515414354E1,-4.775070190E0,6.062393188E-1,1.416055298E0,5.017373221E0
1.516408354E1,-4.902305603E0,-2.011816406E-1,2.354453888E0,5.442106889E0
1.517402254E1,-4.200115814E0,-1.635049896E0,3.122506714E0,5.483102151E0
1.518396254E1,-2.899171143E0,-2.820434875E0,3.424728241E0,5.299887709E0
1.519390154E1,-1.689686279E0,-3.409310303E0,2.998115387E0,4.844288631E0
1.520384154E1,-9.383985901E-1,-3.470832367E0,1.813329163E0,4.026838945E0
1.521378154E1,-7.803273010E-1,-3.126548309E0,2.941383362E-1,3.235851107E0
1.522372054E1,-7.255412292E-1,-2.582130432E0,-1.075663147E0,2.889785260E0
1.523366054E1,-6.246510315E-1,-2.080074463E0,-1.947150879E0,2.916898220E0
1.524359954E1,-5.400769043E-1,-1.722168732E0,-2.286944275E0,2.913359284E0
1.525353954E1,-2.966830444E-1,-1.299148407E0,-2.198627930E0,2.570947721E0
1.526347854E1,-1.592687988E-1,-7.800279236E-1,-1.906884613E0,2.066402439E0
1.527341854E1,-1.887574768E-1,-2.878514099E-1,-1.564247131E0,1.601673159E0
1.528335754E1,-1.898052979E-1,7.828720093E-2,-1.244212646E0,1.261039272E0
1.529329754E1,-1.583706665E-1,2.639012146E-1,-9.792636108E-1,1.026490301E0
1.530323754E1,-1.197509766E-2,3.014730835E-1,-6.168672180E-1,6.866983236E-1
1.531317654E1,3.694317627E-1,-5.927673340E-2,-7.364685059E-2,3.813363568E-1
1.532311654E1,1.142574005E0,-1.262624359E0,1.976040802E0,2.608530790E0
1.533305554E1,2.272574158E0,-3.053949280E0,6.437363434E0,7.478692900E0
1.534299554E1,3.555556183E0,-5.048701172E0,7.035519562E0,9.361084275E0
1.535293454E1,6.588549042E0,-7.401508484E0,5.461093597E0,1.131436475E1
1.536287454E1,8.267757111E0,-8.986562347E0,6.461463318E0,1.381537617E1
1.537281354E1,9.948462067E0,-1.122740250E1,5.902076569E0,1.612020385E1
1.538275354E1,1.269644760E1,-1.302621185E1,1.743274841E0,1.827350498E1
1.539269354E1,1.762659531E1,-1.601564529E1,1.578916626E0,2.386819503E1
1.540263254E1,2.023626846E1,-1.810365326E1,-5.643264771E-2,2.715238493E1
1.541257254E1,2.233460495E1,-2.146311722E1,1.763632507E0,3.102596298E1
1.542251154E1,2.540472061E1,-2.615436172E1,5.681884460E0,3.690168394E1
1.543245154E1,2.727448242E1,-2.771756104E1,7.766599274E0,3.965451608E1
1.544239054E1,2.834984619E1,-2.540981003E1,6.490353241E0,3.861990303E1
1.545233054E1,2.634850800E1,-2.067889801E1,4.992268524E0,3.386419114E1
1.546226954E1,2.371982437E1,-1.523756332E1,3.736380157E0,2.843895112E1
1.547220954E1,2.249686752E1,-1.149983597E1,1.490001526E0,2.530959068E1
1.548214954E1,2.140384048E1,-1.007764343E1,7.003935242E-1,2.366799180E1
1.549208854E1,1.989108627E1,-1.058838135E1,1.413061523E-1,2.253417627E1
1.550202854E1,1.837608673E1,-1.153336624E1,-6.584806824E-1,2.170559138E1
1.551196754E1,1.704340805E1,-1.136032608E1,-1.160686340E0,2.051540785E1
1.552190754E1,1.548125656E1,-1.034229309E1,-1.156195679E0,1.865393040E1
1.553184654E1,1.341959381E1,-9.164392548E0,-9.102571106E-1,1.627575365E1
1.554178654E1,1.107501938E1,-7.869734802E0,-5.457650757E-1,1.359730266E1
1.555172554E1,9.003477173E0,-6.696624298E0,4.399351501E-1,1.122946664E1
1.556166467E1,7.233557739E0,-5.478607178E0,2.226619720E0,9.343303996E0
1.557160467E1,5.495971069E0,-4.270319824E0,3.794160004E0,7.926977957E0
1.558154367E1,3.855233002E0,-3.290307770E0,4.248914337E0,6.613790121E0
1.559148367E1,2.343676300E0,-2.585423584E0,3.697461090E0,5.084137313E0
1.560142267E1,9.788145447E-1,-2.079625397E0,2.736010437E0,3.573327975E0
1.561136267E1,-2.323168945E-1,-1.753753052E0,1.773212585E0,2.504776193E0
1.562130167E1,-1.479822693E0,-1.450034637E0,1.074765015E0,2.334008459E0
1.563124167E1,-2.745291138E0,-8.843609619E-1,9.300160217E-1,3.030453356E0
1.564118067E1,-4.314477997E0,-3.761677551E-1,1.283580780E0,4.517056805E0
1.565112067E1,-5.723647614E0,-1.865121460E-1,1.736838226E0,5.984274042E0
1.566105967E1,-6.369704132E0,-3.900888062E-1,2.238744507E0,6.762934051E0
1.567099967E1,-6.668782196E0,-1.082548828E0,2.880460052E0,7.344495766E0
1.568093967E1,-6.013744354E0,-2.391726379E0,3.526067505E0,7.370117250E0
1.569087867E1,-4.119583282E0,-3.916455688E0,4.368815002E0,7.169109855E0
1.570081867E1,-2.442171478E0,-4.885690155E0,4.384382629E0,7.004068879E0
1.571075767E1,-9.422904968E-1,-4.801116028E0,2.656974792E0,5.567597466E0
1.572069767E1,4.454736328E-1,-3.656596069E0,1.881587219E-1,3.688433987E0
1.573063667E1,1.359922028E0,-2.297123108E0,-1.506766663E0,3.065372452E0
1.574057667E1,1.132993927E0,-1.482367401E0,-1.796264648E0,2.589914099E0
1.575051567E1,6.018983459E-1,-7.104226685E-1,-1.716929626E0,1.953158808E0
1.576045567E1,3.186872864E-1,-1.600172424E-1,-1.634151764E0,1.672608469E0
1.577039567E1,3.215313721E-1,2.389031982E-1,-1.648072815E0,1.696054588E0
1.578033467E1,3.544628906E-1,5.634283447E-1,-1.644779663E0,1.774371883E0
1.579027467E1,4.710704041E-1,8.086184692E-1,-1.580413513E0,1.836703032E0
1.580021367E1,5.923182678E-1,9.481283569E-1,-1.441203003E0,1.823966668E0
1.581015367E1,6.435118103E-1,9.017248535E-1,-1.119821320E0,1.575187274E0
1.582009267E1,6.378236389E-1,4.032614136E-1,-6.132746887E-1,9.723911794E-1
1.583003267E1,7.487429810E-1,-4.474195862E-1,-1.901046753E-1,8.927150302E-1
1.583997167E1,1.920206909E0,-1.500479736E0,2.804118805E0,3.715066121E0
1.584991167E1,3.873045959E0,-2.692301331E0,7.289241943E0,8.682281933E0
1.585985167E1,3.730542297E0,-3.204985199E0,2.745291138E-1,4.925874764E0
1.586979067E1,6.815926208E0,-5.137915649E0,3.347638550E0,9.168517392E0
1.587973067E1,1.393572052E1,-1.006716522E1,1.462937805E1,2.257367547E1
1.588966967E1,1.375714188E1,-1.131062943E1,5.059778137E0,1.851460627E1
1.589960967E1,1.535476959E1,-1.234931946E1,-4.067940674E0,2.012020829E1
1.590954867E1,2.175066925E1,-1.644016251E1,-3.377127228E0,2.747317864E1
1.591948867E1,3.080848343E1,-2.331207230E1,-1.154698792E0,3.865163250E1
1.592942767E1,3.619069107E1,-2.863934418E1,1.187031555E0,4.616694921E1
1.593936767E1,3.636118652E1,-3.128284698E1,4.775070190E0,4.820325400E1
1.594930767E1,3.220433075E1,-2.981350250E1,5.517675934E0,4.423130790E1
1.595924667E1,2.624028305E1,-2.469339981E1,5.868845673E0,3.650698287E1
1.596918667E1,2.320983490E1,-1.799991898E1,3.622167664E0,2.959414837E1
1.597912567E1,2.172058182E1,-1.407852356E1,3.504212952E0,2.612026050E1
1.598906567E1,1.914204391E1,-1.208706482E1,2.939886475E0,2.282888332E1
1.599900467E1,1.654150177E1,-1.117635864E1,1.727707214E0,2.003789524E1
1.600894467E1,1.523576706E1,-1.045620621E1,1.284329224E0,1.852323805E1
1.601888367E1,1.443553116E1,-9.486971741E0,1.465302887E0,1.733592528E1
1.602882367E1,1.311318100E1,-8.339308319E0,1.379980316E0,1.560140778E1
1.603876367E1,1.144040955E1,-7.212152252E0,1.137484589E0,1.357173467E1
1.604870267E1,9.648785248E0,-6.057303772E0,1.002914429E0,1.143660015E1
1.605864267E1,7.819589081E0,-4.922363892E0,1.106349335E0,9.305893215E0
1.606858167E1,5.733377380E0,-3.812122650E0,1.329684906E0,7.012271903E0
1.607852167E1,3.580404510E0,-2.917882233E0,1.320553894E0,4.803872997E0
1.608846067E1,1.652264099E0,-2.171085205E0,1.040785675E0,2.920072335E0
1.609840067E1,-1.692979431E-1,-1.597478027E0,5.300477600E-1,1.691611205E0
1.610833967E1,-1.758543091E0,-1.189725952E0,-1.037342834E-1,2.125719277E0
1.611827967E1,-2.959944763E0,-8.195457458E-1,-4.698728943E-1,3.107041803E0
1.612821967E1,-3.838318176E0,-4.140390015E-1,-4.641847229E-1,3.888390692E0
1.613815867E1,-4.491110687E0,-1.032852173E-2,-1.381626892E-1,4.493247246E0
1.614809867E1,-4.988226929E0,1.826202393E-1,6.366261292E-1,5.032002670E0
1.615803767E1,-5.469775543E0,1.107696533E-2,1.801653442E0,5.758864673E0
1.616797767E1,-5.811215515E0,-8.681945801E-1,3.019221497E0,6.606034063E0
1.617791667E1,-5.108726349E0,-2.613565063E0,4.055217133E0,7.026705718E0
1.618785667E1,-3.996688843E0,-4.239783325E0,4.430636444E0,7.319824018E0
1.619779567E1,-3.093317413E0,-4.960384827E0,3.486399994E0,6.806542086E0
1.620773567E1,-1.972148895E0,-4.642445984E0,1.759890289E0,5.342180249E0
1.621767467E1,-9.324110413E-1,-3.663930817E0,2.052232361E-1,3.786277322E0
1.622761467E1,-3.841012573E-1,-2.778222656E0,-6.598278809E-1,2.881219835E0
1.623755467E1,-2.628533936E-1,-2.061063995E0,-8.033793640E-1,2.227665842E0
1.624749367E1,-2.495310974E-1,-1.187630310E0,-6.822811890E-1,1.392206573E0
1.625743367E1,-9.624984741E-2,-3.598516846E-1,-5.932164001E-1,7.004733867E-1
1.626737267E1,2.052232361E-1,2.757266235E-1,-6.950047302E-1,7.753536758E-1
1.627731267E1,3.909869385E-1,6.014492798E-1,-1.007854156E0,1.237086102E0
1.628725167E1,4.263134766E-1,6.511459351E-1,-1.376687164E0,1.581455582E0
1.629719167E1,4.799020386E-1,6.879693604E-1,-1.512005768E0,1.729094922E0
1.630713067E1,2.915936279E-1,8.051756287E-1,-1.435963898E0,1.671923130E0
1.631707067E1,1.561253357E-1,7.458988953E-1,-1.275347900E0,1.485682520E0
1.632701067E1,3.760180664E-1,1.306782532E-1,-9.795629883E-1,1.057359939E0
1.633694967E1,6.471043396E-1,-7.337741089E-1,-7.095245361E-1,1.208550180E0
1.634688967E1,1.005908203E0,-1.852397919E0,5.963598633E-1,2.190633344E0
1.635682867E1,2.158062286E0,-3.923041992E0,6.214476929E0,7.659452644E0
1.636676867E1,4.311334534E0,-4.450844421E0,4.422702942E0,7.613010104E0
1.637670767E1,8.687633972E0,-5.633834381E0,6.226901093E0,1.208260614E1
1.638664767E1,1.411355072E1,-8.231682129E0,1.331286575E1,2.107570400E1
1.639658667E1,1.448148560E1,-9.711055756E0,7.708070984E0,1.906390273E1
1.640652667E1,1.342797638E1,-9.930649109E0,-4.248016205E0,1.723293309E1
1.641646667E1,1.676124481E1,-1.217972214E1,-4.370611267E0,2.117515530E1
1.642640567E1,2.256781998E1,-1.655811722E1,1.145118713E-1,2.799090669E1
1.643634567E1,2.801604034E1,-2.222727814E1,3.984863434E0,3.598374003E1
1.644628467E1,2.835433685E1,-2.394166306E1,6.578819275E-1,3.711609431E1
1.645622467E1,2.843037872E1,-2.600721771E1,1.545685730E0,3.856229962E1
1.646616367E1,2.834580460E1,-2.764765640E1,4.816833344E0,3.988833697E1
1.647610367E1,2.736848694E1,-2.562970276E1,5.017715607E0,3.782979263E1
1.648604267E1,2.561398544E1,-2.027653473E1,2.873424683E0,3.279436964E1
1.649598267E1,2.265074753E1,-1.539368866E1,2.196382599E0,2.747446288E1
1.650592167E1,2.005035507E1,-1.287727158E1,2.637365570E0,2.397491520E1
1.651586167E1,1.855810822E1,-1.161689255E1,2.915786591E0,2.208749385E1
1.652580167E1,1.796204773E1,-1.063134201E1,3.364253998E0,2.114187306E1
1.653574067E1,1.745580048E1,-9.602830811E0,3.817062378E0,2.028519892E1
1.654568067E1,1.608704681E1,-8.354127502E0,3.381468201E0,1.843960002E1
1.655562054E1,1.379037277E1,-6.942263489E0,2.327659607E0,1.561369280E1
1.656556054E1,1.110765152E1,-5.603447571E0,1.287322998E0,1.250742769E1
1.657549954E1,8.771908722E0,-4.611610107E0,6.035449219E-1,9.928625125E0
1.658543954E1,6.764433289E0,-3.807781677E0,2.303709412E-1,7.765940367E0
1.659537854E1,4.756808167E0,-3.125201111E0,9.610015869E-2,5.692393271E0
1.660531854E1,2.920576630E0,-2.635868683E0,4.355941772E-2,3.934395632E0
1.661525854E1,1.350641327E0,-2.290087738E0,-5.059478760E-2,2.659190417E0
1.662519754E1,1.148112488E-1,-2.006876678E0,-2.841091919E-1,2.030136364E0
1.663513754E1,-1.137783966E0,-1.786834259E0,-6.030958557E-1,2.202510757E0
1.664507654E1,-2.394720154E0,-1.542841644E0,-7.179071045E-1,2.937760297E0
1.665501654E1,-3.702550507E0,-1.346150665E0,-4.828958130E-1,3.969154851E0
1.666495554E1,-4.769681396E0,-1.241967316E0,8.232879639E-2,4.929413907E0
1.667489554E1,-5.280868378E0,-1.242266693E0,8.448431396E-1,5.490405931E0
1.668483454E1,-5.481900330E0,-1.553918610E0,1.467548218E0,5.883841606E0
1.669477454E1,-4.907095642E0,-2.468816071E0,2.257904663E0,5.939088642E0
1.670471454E1,-3.741619263E0,-3.603306885E0,3.262016602E0,6.133863996E0
1.671465354E1,-2.952160950E0,-4.617897034E0,4.273014221E0,6.949739407E0
1.672459354E1,-2.842439117E0,-5.233866119E0,5.108277283E0,7.846484021E0
1.673453254E1,-3.007096710E0,-5.093907166E0,5.122797089E0,7.825188231E0
1.674447254E1,-2.961441650E0,-4.206103363E0,3.654051361E0,6.309796629E0
1.675441154E1,-2.393223267E0,-2.996618500E0,1.508862305E0,4.121153418E0
1.676435154E1,-1.249451752E0,-1.960173798E0,-4.372407532E-1,2.365288666E0
1.677429054E1,-2.736309814E-1,-1.626367950E0,-1.584455109E0,2.287016532E0
1.678423054E1,2.785707092E-1,-1.248553619E0,-1.832639008E0,2.234961636E0
1.679417054E1,6.965016174E-1,-3.998185730E-1,-1.697470093E0,1.877864242E0
1.680410954E1,8.906478882E-1,4.267625427E-1,-1.349443817E0,1.672237586E0
1.681404954E1,1.084794159E0,9.648934937E-1,-1.073118439E0,1.805375586E0
1.682398854E1,1.274599457E0,1.271006927E0,-9.177415466E-1,2.020473195E0
1.683392854E1,1.297052765E0,1.451830902E0,-7.933502197E-1,2.102275770E0
1.684386754E1,1.169967041E0,1.518741760E0,-5.912704468E-1,2.006240303E0
1.685380754E1,1.272204437E0,1.234782257E0,-1.974394226E-1,1.783864815E0
1.686374654E1,2.337389374E0,6.292913818E-1,2.282902679E0,3.327317444E0
1.687368654E1,3.434757385E0,-6.215075684E-1,4.691543884E0,5.847598992E0
1.688362554E1,3.281925201E0,-2.067949677E0,5.110372925E-1,3.912621628E0
1.689356554E1,4.603826294E0,-3.301534424E0,-1.114432526E0,5.773846720E0
1.690350554E1,8.819360046E0,-5.795049133E0,3.829187164E0,1.122614718E1
1.691344454E1,1.450259171E1,-9.968520355E0,1.367331619E1,2.228578336E1
1.692338454E1,1.422476944E1,-1.118099899E1,6.390361176E0,1.918842151E1
1.693332354E1,1.508682678E1,-1.130823441E1,-4.261039124E0,1.932989814E1
1.694326354E1,1.950249435E1,-1.389695114E1,-3.681743774E0,2.422865606E1
1.695320254E1,2.389720551E1,-1.726135483E1,-3.502716064E0,2.968669435E1
1.696314254E1,2.666854248E1,-2.223506195E1,-1.588796082E0,3.475821358E1
1.697308154E1,2.594449814E1,-2.971695328E1,5.865552521E0,3.988256514E1
1.698302154E1,2.551893311E1,-3.064666992E1,5.101690979E0,4.020524313E1
1.699296154E1,2.553749451E1,-3.136128387E1,6.991960144E0,4.104365065E1
1.700290054E1,2.667722443E1,-3.018697586E1,9.738448792E0,4.144593104E1
1.701284054E1,2.558434708E1,-2.240555740E1,8.965605927E0,3.517029866E1
1.702277954E1,2.204256226E1,-1.567076248E1,8.080346832E0,2.822657175E1
1.703271954E1,1.881437531E1,-1.199635345E1,7.525001678E0,2.354822423E1
1.704265854E1,1.638013733E1,-1.021625519E1,6.376589813E0,2.033080585E1
1.705259854E1,1.515164200E1,-9.430988159E0,5.011129303E0,1.853718452E1
1.706253754E1,1.506242752E1,-8.815019073E0,2.828368378E0,1.767995904E1
1.707247754E1,1.482996094E1,-7.973020020E0,5.072950745E-1,1.684500335E1
1.708241654E1,1.334684509E1,-6.909182281E0,-8.619076538E-1,1.505383534E1
1.709235654E1,1.091545120E1,-6.053561554E0,-1.416055298E0,1.256176321E1
1.710229654E1,8.146060181E0,-5.467380524E0,-2.005529480E0,1.001362545E1
1.711223554E1,5.595663757E0,-4.606969757E0,-2.090402985E0,7.543567317E0
1.712217554E1,3.677103424E0,-3.698808289E0,-1.491498413E0,5.424651128E0
1.713211454E1,2.183808746E0,-2.884202271E0,-9.870474243E-1,3.749920799E0
1.714205454E1,6.276448059E-1,-2.124382324E0,-1.065484314E0,2.458087689E0
1.715199354E1,-7.529342651E-1,-1.544338531E0,-1.208736420E0,2.100698750E0
1.716193354E1,-1.905238037E0,-9.509724426E-1,-1.248403931E0,2.468358349E0
1.717187254E1,-2.809657288E0,-3.273692322E-1,-1.021625519E0,3.007501187E0
1.718181254E1,-3.535647583E0,2.823129272E-1,-5.237608337E-1,3.585363277E0
1.719175254E1,-3.996389465E0,7.066804504E-1,2.393522644E-1,4.065441615E0
1.720169154E1,-4.194577332E0,1.147513733E0,1.475032654E0,4.592057065E0
1.721163154E1,-4.072131958E0,1.563947754E0,3.294049988E0,5.466164705E0
1.722157054E1,-4.179159393E0,1.614841919E0,5.102589111E0,6.790397875E0
1.723151054E1,-3.762276306E0,6.526428223E-1,5.854176178E0,6.989423752E0
1.724144954E1,-2.884052582E0,-8.014334106E-1,5.185965729E0,5.987845635E0
1.725138954E1,-2.036964111E0,-1.615590363E0,3.682791595E0,4.508027168E0
1.726132854E1,-1.363364868E0,-1.634151764E0,2.208657074E0,3.067145549E0
1.727126854E1,-8.042774963E-1,-1.248553619E0,1.271156616E0,1.954888123E0
1.728120754E1,-3.879931641E-1,-9.241781616E-1,9.500743103E-1,1.381044954E0
1.729114754E1,6.286926270E-3,-6.271957397E-1,8.126600647E-1,1.026562420E0
1.730108754E1,5.715115356E-1,-3.748205566E-1,4.287084961E-1,8.067879893E-1
1.731102654E1,9.478289795E-1,-3.981719971E-1,-1.326242065E-1,1.036585691E0
1.732096654E1,1.038839722E0,-5.093907166E-1,-7.451504517E-1,1.376196231E0
1.733090554E1,1.052461395E0,-5.513035583E-1,-1.241368561E0,1.718315019E0
1.734084554E1,1.091230774E0,-4.417314148E-1,-1.461111603E0,1.876368397E0
1.735078454E1,9.815089417E-1,-3.240760803E-1,-1.609602814E0,1.912905206E0
1.736072454E1,7.719447327E-1,-3.800596619E-1,-1.754052429E0,1.953725657E0
1.737066354E1,7.144642639E-1,-5.893244934E-1,-1.637594604E0,1.881350215E0
1.738060354E1,7.002438354E-1,-9.668394470E-1,-1.519639893E0,1.932466131E0
1.739054354E1,7.351213074E-1,-1.649120636E0,-1.326541443E0,2.240471916E0
1.740048254E1,1.011596375E0,-2.523003387E0,-1.091081085E0,2.929049548E0
1.741042254E1,1.853595428E0,-3.554358673E0,-8.696914673E-1,4.101907463E0
1.742036154E1,3.640729065E0,-4.451443176E0,6.870712280E-2,5.751084693E0
1.743030154E1,8.484506378E0,-6.508615265E0,1.170056854E1,1.585093768E1
1.744024054E1,1.325059525E1,-9.131011963E0,1.492336670E1,2.194676576E1
1.745018054E1,1.358260483E1,-1.096260315E1,2.303260345E0,1.760598847E1
1.746011954E1,1.405187897E1,-1.159548706E1,-2.486629028E0,1.838733114E1
1.747005954E1,1.920491318E1,-1.501422775E1,-7.105723572E-1,2.438771490E1
1.747999854E1,2.472004440E1,-1.903830963E1,-8.906478882E-2,3.120169485E1
1.748993854E1,3.094440079E1,-2.544408875E1,2.081122284E0,4.011594025E1
1.749987854E1,3.172113556E1,-2.967773483E1,7.755971375E0,4.412656205E1
1.750981754E1,3.088362717E1,-2.965079086E1,8.225095825E0,4.359610105E1
1.751975754E1,3.066867416E1,-2.885624313E1,1.035142410E1,4.336360598E1
1.752969654E1,2.915846466E1,-2.426259567E1,1.167107986E1,3.968757633E1
1.753963654E1,2.527793427E1,-1.688324112E1,8.096363525E0,3.145741397E1
1.754957554E1,2.102378082E1,-1.266022293E1,5.705385590E0,2.519587326E1
1.755951504E1,1.764410889E1,-1.076501404E1,4.081712036E0,2.106799655E1
1.756945404E1,1.550191360E1,-9.863887939E0,3.028053131E0,1.862188810E1
1.757939404E1,1.424737244E1,-9.901609497E0,2.301314392E0,1.750215815E1
1.758933404E1,1.348710342E1,-1.021296204E1,1.981130219E0,1.703324482E1
1.759927304E1,1.231653763E1,-9.674980774E0,1.598525848E0,1.574349507E1
1.760921304E1,1.085018692E1,-8.392597504E0,1.157842255E0,1.376600333E1
1.761915204E1,9.214987335E0,-6.823111267E0,6.710545349E-1,1.148569341E1
1.762909204E1,7.382647705E0,-5.163063354E0,4.502636719E-1,9.020168940E0
1.763903104E1,5.377567291E0,-3.524420929E0,4.020639038E-1,6.442160215E0
1.764897104E1,3.299438782E0,-2.316582642E0,4.882846069E-1,4.060944874E0
1.765891004E1,1.470092926E0,-1.676813049E0,6.661148071E-1,2.327355613E0
1.766885004E1,-7.813751221E-2,-1.365610199E0,6.822811890E-1,1.528562824E0
1.767878904E1,-1.520538025E0,-1.304986267E0,7.003935242E-1,2.122634243E0
1.768872904E1,-2.815195770E0,-1.116528168E0,6.144721985E-1,3.090232751E0
1.769866904E1,-3.926634521E0,-7.605683899E-1,4.596940613E-1,4.025946047E0
1.770860804E1,-4.769232330E0,-3.703298950E-1,3.758683777E-1,4.798332866E0
1.771854804E1,-5.362299042E0,-7.140151978E-2,3.363505554E-1,5.373311910E0
1.772848704E1,-5.112318878E0,2.113604736E-1,5.776487732E-1,5.149189807E0
1.773842704E1,-3.830534363E0,3.085084534E-1,1.393152924E0,4.087670001E0
1.774836604E1,-1.608704681E0,2.409988403E-2,2.532134399E0,3.000036029E0
1.775830604E1,3.854484558E-1,-1.005758514E0,3.454067230E0,3.618107396E0
1.776824504E1,1.187330933E0,-2.483784943E0,4.019291840E0,4.871719335E0
1.777818504E1,6.774911499E-1,-3.251987457E0,4.024231567E0,5.218127671E0
1.778812504E1,-6.818321228E-1,-3.296594696E0,3.069666595E0,4.555796817E0
1.779806404E1,-1.566492462E0,-2.703677673E0,1.420545959E0,3.432451372E0
1.780800404E1,-1.383273468E0,-1.745370483E0,-1.353186035E-1,2.231159953E0
1.781794304E1,-7.831713867E-1,-8.931925964E-1,-1.183289337E0,1.676700358E0
1.782788304E1,-2.767744446E-1,-3.930825806E-1,-1.649719391E0,1.718339919E0
1.783782204E1,-2.847079468E-1,2.649490356E-2,-1.485959930E0,1.513220906E0
1.784776204E1,-3.650907898E-1,5.504054260E-1,-1.013093262E0,1.209378094E0
1.785770104E1,-3.981719971E-1,1.022074585E0,-2.381547546E-1,1.122450482E0
1.786764104E1,-1.993853760E-1,1.493594055E0,7.711962891E-1,1.692726040E0
1.787758104E1,1.739382935E-1,1.937570801E0,1.602417755E0,2.520352713E0
1.788752004E1,4.715194702E-1,2.212848358E0,2.185455322E0,3.145670586E0
1.789746004E1,7.432044983E-1,2.270328827E0,3.148702240E0,3.952350150E0
1.790739904E1,1.470991058E0,2.205812988E0,6.984176331E0,7.470484901E0
1.791733904E1,1.892963562E0,8.607101440E-2,7.344477081E0,7.584989312E0
1.792727804E1,7.020401001E-1,-2.215393066E0,2.487826538E-1,2.337246147E0
1.793721804E1,7.574249268E-1,-3.623664551E0,-2.376607819E0,4.399193337E0
1.794715704E1,2.980452118E0,-5.034929810E0,-1.875449982E0,6.144178191E0
1.795709704E1,5.599705353E0,-6.877448273E0,-1.666783905E0,9.024087952E0
1.796703604E1,1.016805542E1,-1.274928772E1,9.331744537E0,1.878869725E1
1.797697604E1,1.726240265E1,-1.747825378E1,5.676046600E0,2.521304039E1
1.798691604E1,2.099548965E1,-1.853116425E1,-1.564396820E0,2.804749492E1
1.799685504E1,2.762220932E1,-2.257201126E1,6.911128235E-1,3.567856187E1
1.800679504E1,3.522729446E1,-2.614882324E1,3.455863495E0,4.400757008E1
1.801673404E1,3.740122375E1,-2.700953339E1,5.739215240E0,4.648983785E1
1.802667404E1,3.518044189E1,-2.526012131E1,9.755213928E0,4.439483550E1
1.803661304E1,3.319182724E1,-2.151969955E1,1.236623428E1,4.144536904E1
1.804655304E1,3.026241898E1,-1.697514999E1,8.314160614E0,3.568045664E1
1.805649204E1,2.647185150E1,-1.481963242E1,4.429438934E0,3.065942524E1
1.806643204E1,2.232053421E1,-1.356838440E1,3.555556183E0,2.636189072E1
1.807637104E1,1.806293793E1,-1.246143631E1,3.046315155E0,2.215484501E1
1.808631104E1,1.498833160E1,-1.203182968E1,2.054178314E0,1.932963161E1
1.809625104E1,1.293879364E1,-1.227297821E1,1.312919769E0,1.788189401E1
1.810619004E1,1.089614136E1,-1.281335449E1,1.161883850E0,1.685995029E1
1.811613004E1,8.570577393E0,-1.348650467E1,7.958949280E-1,1.599918916E1
1.812606904E1,6.405629425E0,-1.311258224E1,5.089416504E-2,1.459364559E1
1.813600904E1,5.000800781E0,-1.169323380E1,-2.767744446E-1,1.272070474E1
1.814594804E1,4.274660797E0,-9.263037415E0,6.301895142E-1,1.022123896E1
1.815588804E1,3.589236145E0,-6.571634216E0,1.485959930E0,7.633941924E0
1.816582704E1,3.081192627E0,-4.204007721E0,1.736987915E0,5.494047319E0
1.817576704E1,2.408042450E0,-2.422861633E0,1.983076172E0,3.949875699E0
1.818570604E1,1.365310822E0,-1.067430267E0,2.150428162E0,2.761851244E0
1.819564604E1,3.764671326E-1,1.333726501E-1,2.157313843E0,2.193973287E0
1.820558604E1,-6.668632507E-1,1.129850464E0,1.812880096E0,2.237812081E0
1.821552504E1,-1.836830292E0,1.741478577E0,1.215472412E0,2.807857963E0
1.822546504E1,-2.749183044E0,1.955383759E0,3.927832031E-1,3.396441034E0
1.823540404E1,-2.953358459E0,1.839824066E0,1.679507446E-1,3.483602480E0
1.824534404E1,-2.519261169E0,1.682201843E0,7.885601807E-1,3.130224759E0
1.825528304E1,-1.664089508E0,1.744771729E0,2.520458679E0,3.487998599E0
1.826522304E1,-4.420307922E-1,1.350491638E0,4.885091400E0,5.087566891E0
1.827516204E1,5.974076843E-1,-6.593788147E-1,6.455625458E0,6.516653774E0
1.828510204E1,6.692582703E-1,-2.618205414E0,6.462511139E0,7.004780970E0
1.829504204E1,1.047821045E-2,-3.619323578E0,4.965623932E0,6.144675255E0
1.830498104E1,-7.435038757E-1,-3.812122650E0,2.888992310E0,4.840594352E0
1.831492104E1,-1.040186920E0,-3.240760803E0,9.457333374E-1,3.532553037E0
1.832486004E1,-1.128503265E0,-2.581381989E0,-4.122427368E-1,2.847278818E0
1.833480004E1,-1.131646729E0,-2.131118317E0,-1.136137390E0,2.667039139E0
1.834473904E1,-1.092577972E0,-1.807191925E0,-1.487007751E0,2.582801063E0
1.835467904E1,-9.963281250E-1,-1.560953979E0,-1.770218811E0,2.561819997E0
1.836461804E1,-8.978329468E-1,-1.370549927E0,-2.087409210E0,2.653636809E0
1.837455804E1,-8.372090149E-1,-1.118623810E0,-2.359692993E0,2.742332800E0
1.838449804E1,-8.048762512E-1,-8.081694031E-1,-2.408790894E0,2.665189887E0
1.839443704E1,-8.692424011E-1,-5.658233643E-1,-2.329156494E0,2.549648683E0
1.840437704E1,-8.331674194E-1,-4.059558105E-1,-2.096989288E0,2.292669218E0
1.841431604E1,-5.635780334E-1,-4.819976807E-1,-1.855691071E0,1.998382174E0
1.842425604E1,-2.730322266E-1,-7.388635254E-1,-1.687291260E0,1.862100347E0
1.843419504E1,-8.771759033E-2,-1.113684082E0,-1.582209778E0,1.936846507E0
1.844413504E1,1.487905884E-1,-1.849853210E0,-1.426234131E0,2.340563893E0
1.845407404E1,7.502398682E-1,-3.047512665E0,-1.153201904E0,3.343660858E0
1.846401404E1,2.087409210E0,-5.122198334E0,1.481169891E0,5.726085681E0
1.847395304E1,6.044280853E0,-7.850724335E0,1.201222046E1,1.557114781E1
1.848389304E1,1.154504196E1,-8.720116425E0,1.252146149E1,1.913414284E1
1.849383304E1,1.341210938E1,-1.007000931E1,1.178648987E0,1.681305977E1
1.850377204E1,1.377690079E1,-1.098400864E1,-3.835773468E0,1.803232096E1
1.851371204E1,1.897259628E1,-1.397119675E1,-2.756368103E0,2.372238001E1
1.852365104E1,2.542642548E1,-1.857951370E1,3.135679321E0,3.164702082E1
1.853359104E1,3.295771408E1,-2.525578033E1,1.166928360E1,4.313047110E1
1.854353004E1,3.659365311E1,-3.000480469E1,1.047282166E1,4.846714088E1
1.855347004E1,3.309752335E1,-2.988430527E1,5.130281525E0,4.488694177E1
1.856340883E1,3.239518387E1,-2.829101852E1,6.869664459E0,4.355481554E1
1.857334883E1,2.877151932E1,-2.175426178E1,6.616690521E0,3.667190782E1
1.858328883E1,2.412218765E1,-1.594334564E1,2.366578674E-1,2.891584711E1
1.859322783E1,2.041739182E1,-1.267863464E1,1.142124939E-1,2.403394910E1
1.860316783E1,1.679642166E1,-9.902507629E0,3.086431732E0,1.974095993E1
1.861310683E1,1.451531525E1,-9.661957855E0,3.119812317E0,1.771386562E1
1.862304683E1,1.349069595E1,-1.037776932E1,1.885479126E0,1.712460233E1
1.863298583E1,1.336869965E1,-1.028720764E1,1.875449982E0,1.697250965E1
1.864292583E1,1.325209213E1,-9.246122589E0,1.715582428E0,1.624967544E1
1.865286483E1,1.280212784E1,-7.923023987E0,1.403780823E0,1.512082626E1
1.866280483E1,1.157991943E1,-6.323899384E0,1.147214355E0,1.324395478E1
1.867274383E1,9.960287476E0,-4.654720459E0,1.059646454E0,1.104520709E1
1.868268383E1,8.249046021E0,-3.214565277E0,1.106948090E0,8.922192793E0
1.869262383E1,6.425837402E0,-2.031575317E0,1.017284546E0,6.815684297E0
1.870256283E1,4.428989868E0,-1.250948639E0,4.894821167E-1,4.628219581E0
1.871250283E1,2.239942017E0,-8.120613098E-1,-1.305285645E-1,2.386172985E0
1.872244183E1,3.074606323E-1,-5.020559692E-1,-3.791615295E-1,7.002540269E-1
1.873238183E1,-1.401086426E0,-2.008822632E-1,-5.932164001E-1,1.534699499E0
1.874232083E1,-2.926863556E0,1.160087585E-1,-8.289761353E-1,3.044205929E0
1.875226083E1,-4.202211456E0,4.258644104E-1,-8.975335693E-1,4.318044480E0
1.876219983E1,-5.098996582E0,4.457730103E-1,-5.504054260E-1,5.147953560E0
1.877213983E1,-5.488037567E0,1.971400452E-1,1.079255676E-1,5.492637660E0
1.878207883E1,-5.608237610E0,-2.362088013E-1,7.646099854E-1,5.665046524E0
1.879201883E1,-5.412444763E0,-9.261241150E-1,1.285526733E0,5.639578280E0
1.880195883E1,-4.749323730E0,-1.798659668E0,1.625918884E0,5.332435158E0
1.881189783E1,-3.982318726E0,-2.573598175E0,1.853894806E0,5.091089859E0
1.882183783E1,-3.305426331E0,-3.006647644E0,2.037413177E0,4.910888488E0
1.883177683E1,-2.519111481E0,-2.961591339E0,1.916165314E0,4.334585957E0
1.884171683E1,-1.500779114E0,-2.517464905E0,1.426533508E0,3.259595887E0
1.885165583E1,-7.337741089E-1,-2.062860260E0,9.180409241E-1,2.374155857E0
1.886159583E1,-4.489164734E-1,-1.688638458E0,6.876699829E-1,1.877742221E0
1.887153483E1,-5.284011841E-1,-1.282233582E0,7.458988953E-1,1.574705030E0
1.888147483E1,-6.867718506E-1,-7.887098694E-1,9.333091736E-1,1.401707832E0
1.889141383E1,-5.158273315E-1,-1.437011719E-1,1.024170227E0,1.155704338E0
1.890135383E1,-2.228865051E-1,4.421804810E-1,8.541238403E-1,9.872839037E-1
1.891129383E1,2.634521484E-2,9.448352051E-1,5.962101746E-1,1.117530406E0
1.892123283E1,3.447331238E-1,1.383273468E0,6.709048462E-1,1.575563305E0
1.893117283E1,7.155120850E-1,1.616039429E0,1.016087036E0,2.038620574E0
1.894111183E1,1.018781433E0,1.427581329E0,1.469793549E0,2.288273833E0
1.895105183E1,1.480571136E0,5.848338318E-1,3.082090759E0,3.468919853E0
1.896099083E1,2.369871826E0,-7.378157043E-1,6.088888092E0,6.575349624E0
1.897093083E1,2.471809845E0,-2.382894745E0,4.075275421E0,5.328780445E0
1.898086983E1,2.561473389E0,-3.401376801E0,-4.788542175E-1,4.284835052E0
1.899080983E1,4.876858521E0,-4.727918243E0,-9.500743103E-1,6.858542202E0
1.900074883E1,9.498348083E0,-8.541088715E0,4.685256958E0,1.360589745E1
1.901068883E1,1.596070953E1,-1.457863358E1,1.204320602E1,2.474509279E1
1.902062883E1,1.901271286E1,-1.744053223E1,3.195105743E0,2.599738670E1
1.903056783E1,2.420556427E1,-2.146311722E1,-2.834505615E0,3.247474656E1
1.904050783E1,3.280248688E1,-2.937461517E1,-2.180814972E0,4.408658658E1
1.905044683E1,3.870905411E1,-3.407484100E1,-1.528621216E0,5.159285166E1
1.906038683E1,3.622511948E1,-3.430266724E1,7.964936829E-1,4.989555755E1
1.907032583E1,3.112896698E1,-3.211436783E1,6.015989685E0,4.512801057E1
1.908026583E1,2.763014282E1,-2.382206177E1,9.412875824E0,3.767648671E1
1.909020483E1,2.605481873E1,-1.644420410E1,9.888287201E0,3.235805388E1
1.910014483E1,2.311283661E1,-1.174891800E1,1.044183609E1,2.795124740E1
1.911008483E1,2.008942383E1,-8.892707520E0,9.079818420E0,2.377200663E1
1.912002383E1,1.736808289E1,-7.891888733E0,6.135291595E0,2.003931171E1
1.912996383E1,1.522663605E1,-7.363188171E0,3.883075104E0,1.735353732E1
1.913990283E1,1.384650604E1,-7.033723297E0,2.083816681E0,1.566975702E1
1.914984283E1,1.244661713E1,-7.055577850E0,6.354286194E-1,1.432142543E1
1.915978183E1,1.079929276E1,-7.117099915E0,-4.430786133E-1,1.294118054E1
1.916972183E1,8.832532654E0,-6.780150604E0,-1.326691132E0,1.121357145E1
1.917966083E1,6.897805939E0,-6.022126923E0,-1.336271210E0,9.253721424E0
1.918960083E1,4.846920776E0,-4.993166656E0,-8.919950867E-1,7.015697364E0
1.919953983E1,2.652334442E0,-3.901935883E0,-6.984475708E-1,4.769466494E0
1.920947983E1,8.657995605E-1,-2.778522034E0,-8.072712708E-1,3.020178881E0
1.921941983E1,-2.972817993E-1,-1.900897064E0,-5.155279541E-1,1.991872282E0
1.922935883E1,-1.328637085E0,-1.149759064E0,3.173400879E-2,1.757335897E0
1.923929883E1,-2.557282104E0,-4.403842163E-1,-1.140628052E-1,2.597429565E0
1.924923783E1,-3.667074280E0,2.221380615E-1,-1.737886047E-1,3.677904508E0
1.925917783E1,-4.644391937E0,7.458988953E-1,1.257385254E-1,4.705587297E0
1.926911683E1,-5.021308136E0,1.182540894E0,6.277944946E-1,5.196735926E0
1.927905683E1,-4.726121979E0,1.399739227E0,1.090182953E0,5.048167760E0
1.928899583E1,-4.677622833E0,1.319356384E0,1.683249664E0,5.143363303E0
1.929893583E1,-4.863985291E0,7.604187012E-1,2.621049500E0,5.577319247E0
1.930887483E1,-4.006268921E0,-4.373904419E-1,2.785108337E0,4.898808990E0
1.931881483E1,-2.600093079E0,-1.518143005E0,1.852547607E0,3.535134345E0
1.932875483E1,-1.434317322E0,-1.938019867E0,9.093589783E-1,2.576843211E0
1.933869383E1,-3.013233948E-1,-1.985171814E0,3.670367432E-1,2.041180759E0
1.934863383E1,5.960604858E-1,-1.802551575E0,1.339714050E-1,1.903267879E0
1.935857283E1,1.128054199E0,-1.444945221E0,2.881507874E-1,1.855641087E0
1.936851283E1,1.348395996E0,-7.129673767E-1,5.917195129E-1,1.636039799E0
1.937845183E1,1.464704132E0,-1.721420288E-2,5.613327026E-1,1.568677445E0
1.938839183E1,1.435514832E0,2.872526550E-1,5.284011841E-2,1.464926277E0
1.939833083E1,1.221609650E0,3.873944092E-1,-6.529421997E-1,1.438310843E0
1.940827083E1,8.378077698E-1,4.152365112E-1,-1.099313965E0,1.443202831E0
1.941820983E1,5.574407959E-1,4.242178345E-1,-1.127305756E0,1.327222392E0
1.942814983E1,4.334985352E-1,3.222798157E-1,-8.689430237E-1,1.023155530E0
1.943808983E1,3.580554199E-1,1.392105103E-1,-5.727090454E-1,6.896222884E-1
1.944802883E1,5.089416504E-1,-1.910028076E-1,-4.730163574E-1,7.205887526E-1
1.945796883E1,8.731343079E-1,-8.114625549E-1,-4.516108704E-1,1.274671478E0
1.946790783E1,9.439370728E-1,-1.648671570E0,-2.983296204E-1,1.923053745E0
1.947784783E1,1.313817902E0,-2.750679932E0,1.077758789E-2,3.048355905E0
1.948778683E1,2.340532837E0,-4.400698700E0,1.221160583E0,5.131810224E0
1.949772683E1,4.800367584E0,-5.583089905E0,1.382075958E0,7.491632384E0
1.950766583E1,9.561666412E0,-8.085885315E0,6.698570251E0,1.420133266E1
1.951760583E1,1.497920059E1,-1.134086655E1,1.175685150E1,2.216337658E1
1.952754583E1,1.518367538E1,-1.156749527E1,2.049238586E0,1.919766454E1
1.953748483E1,1.582434311E1,-1.202569244E1,-4.054019623E0,2.028453077E1
1.954742483E1,2.092648315E1,-1.539099426E1,-3.163222046E0,2.616880539E1
1.955736442E1,2.992217651E1,-2.079879868E1,6.799759827E0,3.706971011E1
1.956730442E1,3.496578827E1,-2.467543716E1,6.986122284E0,4.336230452E1
1.957724342E1,3.355437332E1,-2.540247528E1,1.696122894E0,4.211957445E1
1.958718342E1,3.212933670E1,-2.602428223E1,6.874005432E0,4.191431131E1
1.959712242E1,2.861928589E1,-2.191742249E1,8.517288208E0,3.704026365E1
1.960706242E1,2.480880981E1,-1.633029099E1,3.059787140E0,2.985829442E1
1.961700142E1,2.233206024E1,-1.333277435E1,3.451073456E0,2.623725776E1
1.962694142E1,1.990530670E1,-1.159339142E1,5.888155518E0,2.377600334E1
1.963688042E1,1.820139999E1,-1.203467377E1,4.556524658E0,2.229094550E1
1.964682042E1,1.739502686E1,-1.295121780E1,1.539548492E0,2.174146296E1
1.965676042E1,1.653925644E1,-1.262444733E1,-1.429527283E-1,2.080730904E1
1.966669942E1,1.490241028E1,-1.171478897E1,-9.325607300E-1,1.897861381E1
1.967663942E1,1.276665161E1,-1.050260971E1,-1.119971008E0,1.656944595E1
1.968657842E1,1.038615189E1,-8.847052460E0,-8.734336853E-1,1.367133405E1
1.969651842E1,8.365952911E0,-7.077432404E0,-7.583230591E-1,1.098427382E1
1.970645742E1,7.025191040E0,-5.330714722E0,-2.535726929E-1,8.822365199E0
1.971639742E1,5.695655823E0,-3.814517670E0,3.052153015E-1,6.861792527E0
1.972633642E1,4.190984802E0,-2.554138641E0,5.815406799E-1,4.942283619E0
1.973627642E1,2.491119690E0,-1.461710358E0,4.676275635E-1,2.925910118E0
1.974621642E1,8.505313110E-1,-3.665876770E-1,1.776805115E-1,9.430590650E-1
1.975615542E1,-9.222322083E-1,6.086343384E-1,2.125579834E-2,1.105169586E0
1.976609542E1,-2.738255768E0,1.428030396E0,4.278103638E-1,3.117745526E0
1.977603442E1,-4.204456787E0,2.189347229E0,1.507066040E0,4.974127684E0
1.978597442E1,-4.971611481E0,2.813848572E0,2.722538452E0,6.328260434E0
1.979591342E1,-4.708458710E0,3.200344849E0,3.417992249E0,6.640366073E0
1.980585342E1,-4.219874725E0,3.094365234E0,3.621718597E0,6.363904815E0
1.981579242E1,-3.646716614E0,2.077829132E0,4.010160828E0,5.804938055E0
1.982573242E1,-2.282902679E0,-4.424798584E-1,4.161346436E0,4.766994569E0
1.983567142E1,-1.703457642E0,-2.389481049E0,3.565285950E0,4.617645669E0
1.984561142E1,-1.422940979E0,-3.048410797E0,2.354004822E0,4.105960073E0
1.985555142E1,-1.100661163E0,-3.359463959E0,1.171912994E0,3.724356744E0
1.986549042E1,-7.851173401E-1,-3.451672211E0,4.415817261E-1,3.567274129E0
1.987543042E1,-5.331912231E-1,-3.210224304E0,7.095245361E-2,3.254975762E0
1.988536942E1,-7.036866760E-1,-2.734064484E0,-8.322692871E-2,2.824395557E0
1.989530942E1,-9.041198730E-1,-2.194736023E0,-1.396595764E-1,2.377772856E0
1.990524842E1,-8.045768738E-1,-1.584155731E0,-2.543211365E-1,1.794873970E0
1.991518842E1,-3.869453430E-1,-1.033450928E0,-4.959187317E-1,1.209827635E0
1.992512742E1,-5.852828979E-2,-5.993536377E-1,-8.686436462E-1,1.056973097E0
1.993506742E1,1.245410156E-1,-2.501298523E-1,-1.272054749E0,1.302381930E0
1.994500642E1,4.475692749E-1,2.499801636E-2,-1.478026428E0,1.544508103E0
1.995494642E1,6.592291260E-1,1.043330383E-1,-1.465003510E0,1.609876923E0
1.996488642E1,8.126600647E-1,2.409988403E-2,-1.392853546E0,1.612773445E0
1.997482542E1,1.068927155E0,-1.318757629E-1,-1.291813660E0,1.681897443E0
1.998476542E1,1.251996460E0,-5.602848816E-1,-1.199306030E0,1.822017903E0
1.999470442E1,1.484912109E0,-1.347497864E0,-1.035845947E0,2.256920754E0
2.000464442E1,2.003284149E0,-2.397115173E0,-7.746391296E-1,3.218598191E0
2.001458342E1,3.522924042E0,-4.011058960E0,2.079026642E0,5.729043512E0
2.002452342E1,7.544610901E0,-6.712640991E0,1.061652283E1,1.465234656E1
2.003446242E1,1.095062805E1,-8.558302917E0,8.645421753E0,1.636777691E1
2.004440242E1,1.054886353E1,-8.197253723E0,-1.317709808E0,1.342422621E1
2.005434142E1,1.370040985E1,-9.773625641E0,-1.336720276E0,1.688229278E1
2.006428142E1,2.056962524E1,-1.430335602E1,3.417393494E0,2.528584692E1
2.007422142E1,2.930755463E1,-2.007864624E1,3.598067780E0,3.570757461E1
2.008416042E1,3.493974243E1,-2.529859131E1,3.462898865E0,4.327581301E1
2.009410042E1,3.717369690E1,-3.033247330E1,6.116281128E0,4.836684373E1
2.010403942E1,3.600851990E1,-3.213741989E1,6.327192535E0,4.867710579E1
2.011397942E1,2.919768311E1,-3.011213150E1,6.798861694E0,4.249081880E1
2.012391842E1,2.323558136E1,-2.403671539E1,6.795269165E0,3.411497635E1
2.013385842E1,2.195484467E1,-1.751477783E1,4.981640625E0,2.852366369E1
2.014379742E1,2.051977890E1,-1.403975418E1,4.597389679E0,2.528462014E1
2.015373742E1,1.821547073E1,-1.190399551E1,4.945715332E0,2.231520969E1
2.016367642E1,1.656335632E1,-1.099388809E1,3.587439880E0,2.020099188E1
2.017361642E1,1.569695801E1,-1.016401382E1,2.100581818E0,1.881791996E1
2.018355542E1,1.486259308E1,-9.071136475E0,9.117539978E-1,1.743598249E1
2.019349542E1,1.354488327E1,-8.011040955E0,-2.865042114E-1,1.573920978E1
2.020343542E1,1.164159119E1,-6.810238037E0,-1.137933655E0,1.353517198E1
2.021337442E1,9.249565430E0,-5.723497925E0,-1.704056396E0,1.100984547E1
2.022331442E1,6.887627106E0,-4.613556061E0,-1.697320404E0,8.461985773E0
2.023325342E1,4.880151672E0,-3.390748901E0,-1.125659180E0,6.048154020E0
2.024319342E1,3.235521698E0,-2.225122833E0,-4.549040222E-1,3.953063363E0
2.025313242E1,1.641037445E0,-1.460213470E0,5.748046875E-2,2.197391927E0
2.026307242E1,1.682501221E-1,-9.403445435E-1,1.797761536E-1,9.720470304E-1
2.027301142E1,-1.211580505E0,-6.297404480E-1,-3.682342529E-2,1.365963513E0
2.028295142E1,-2.403402100E0,-1.848655701E-1,-3.224295044E-1,2.431969925E0
2.029289042E1,-3.426374817E0,3.561094666E-1,-4.773573303E-1,3.477747598E0
2.030283042E1,-4.102668457E0,9.036708069E-1,1.028361511E-1,4.202271370E0
2.031277042E1,-4.263434143E0,1.278940430E0,1.017583923E0,4.565964997E0
2.032270942E1,-4.029620361E0,1.428928528E0,1.875150604E0,4.668604372E0
2.033264942E1,-3.507955170E0,1.030606842E0,3.271896057E0,4.906445123E0
2.034258842E1,-2.464774475E0,-7.631130981E-1,5.078189850E0,5.696092254E0
2.035252842E1,-2.061662750E0,-2.962938538E0,6.195616150E0,7.170433568E0
2.036246742E1,-2.410587158E0,-4.227209473E0,6.014043732E0,7.736210466E0
2.037240742E1,-2.572700043E0,-4.370311890E0,4.643793182E0,6.876280000E0
2.038234642E1,-2.407294006E0,-3.817511444E0,2.879711609E0,5.353615321E0
2.039228642E1,-1.905836792E0,-2.697690125E0,1.423988800E0,3.596872251E0
2.040222542E1,-1.196312256E0,-1.453028412E0,6.354286194E-1,1.986510536E0
2.041216542E1,-4.312532043E-1,-7.450007629E-1,7.948471069E-2,8.644786187E-1
2.042210542E1,2.830613708E-1,-4.031117249E-1,-3.694317627E-1,6.157131066E-1
2.043204442E1,8.128097534E-1,-6.301895142E-2,-7.217990112E-1,1.088864039E0
2.044198442E1,1.086889801E0,1.995350647E-1,-1.125509491E0,1.577312682E0
2.045192342E1,1.158441010E0,3.472778320E-1,-1.459914093E0,1.895768083E0
2.046186342E1,1.325643311E0,3.841012573E-1,-1.641935577E0,2.144951375E0
2.047180242E1,1.366208954E0,4.197271729E-1,-1.607656860E0,2.151106317E0
2.048174242E1,1.245260468E0,4.278103638E-1,-1.449735260E0,1.958424791E0
2.049168142E1,1.143322449E0,3.668870544E-1,-1.419198761E0,1.859009805E0
2.050162142E1,1.134939880E0,2.137554932E-1,-1.395997009E0,1.811791266E0
2.051156042E1,1.236279144E0,-2.480342102E-1,-1.266366577E0,1.787062226E0
2.052150042E1,1.582658844E0,-1.089883575E0,-1.072669373E0,2.200744149E0
2.053144042E1,2.254312134E0,-2.129771118E0,-8.774752808E-1,3.223012734E0
2.054137942E1,3.535198517E0,-3.219055939E0,-6.950047302E-1,4.831457468E0
2.055131942E1,5.941295013E0,-5.051395569E0,2.289039917E0,8.127440395E0
2.056125821E1,1.078731766E1,-8.662635956E0,1.206161774E1,1.835456636E1
2.057119821E1,1.682201843E1,-1.225845840E1,6.427933044E0,2.178459157E1
2.058113721E1,1.844988327E1,-1.250739075E1,-9.461824036E-1,2.230982468E1
2.059107721E1,2.394675247E1,-1.682156937E1,6.635700989E-1,2.927204255E1
2.060101621E1,3.190630051E1,-2.333886658E1,2.443069611E0,3.960660670E1
2.061095621E1,3.797647751E1,-2.866074966E1,2.807561646E0,4.766061076E1
2.062089521E1,3.682282654E1,-3.001677979E1,4.619543610E0,4.773120369E1
2.063083521E1,3.264366714E1,-2.926100143E1,8.286019135E0,4.461472092E1
2.064077521E1,2.541953979E1,-2.314741470E1,9.019643555E0,3.554306938E1
2.065071421E1,2.278082703E1,-1.654269928E1,7.428153076E0,2.911708154E1
2.066065421E1,2.207938568E1,-1.385683456E1,7.145540771E0,2.702905639E1
2.067059321E1,2.056438614E1,-1.298414932E1,6.856342163E0,2.526839011E1
2.068053321E1,1.898921173E1,-1.341794724E1,5.361849976E0,2.386170374E1
2.069047221E1,1.777942749E1,-1.345387253E1,3.191064148E0,2.252326837E1
2.070041221E1,1.651440811E1,-1.209559708E1,1.983076172E0,2.056603353E1
2.071035121E1,1.479373627E1,-1.042297531E1,1.469943237E0,1.815637024E1
2.072029121E1,1.303743851E1,-8.704249420E0,9.966275024E-1,1.570770598E1
2.073023021E1,1.117650833E1,-6.828949127E0,6.707551575E-1,1.311483119E1
2.074017021E1,9.050180054E0,-5.028343506E0,4.255650330E-1,1.036200285E1
2.075011021E1,6.744674377E0,-3.408112793E0,4.085005188E-1,7.567875391E0
2.076004921E1,4.746779022E0,-2.071392517E0,5.011578369E-1,5.203242953E0
2.076998921E1,3.172203369E0,-1.116677856E0,5.875282288E-1,3.413946846E0
2.077992821E1,1.651365967E0,-4.134402466E-1,5.848338318E-1,1.799992501E0
2.078986821E1,1.466949463E-1,7.858657837E-2,3.409909058E-1,3.794338617E-1
2.079980721E1,-1.266216888E0,2.691403198E-1,-1.372645569E-1,1.301761606E0
2.080974721E1,-2.397414551E0,3.376977539E-1,-6.590794373E-1,2.509187519E0
2.081968621E1,-3.210823059E0,5.888754272E-1,-1.098864899E0,3.444366858E0
2.082962621E1,-3.788771210E0,9.120533752E-1,-1.104553070E0,4.050514304E0
2.083956521E1,-4.250560913E0,1.227447510E0,-5.882766724E-1,4.463178790E0
2.084950521E1,-4.521347809E0,1.299298096E0,3.312611389E-1,4.715982983E0
2.085944521E1,-4.682263184E0,6.571334839E-1,1.433568878E0,4.940701637E0
2.086938421E1,-4.092190247E0,-8.123606873E-1,2.401605835E0,4.813902937E0
2.087932421E1,-3.363655243E0,-2.544109497E0,3.301684113E0,5.356098179E0
2.088926321E1,-3.079695740E0,-3.642974396E0,3.695066071E0,6.034012062E0
2.089920321E1,-2.837499390E0,-3.876788177E0,3.118315430E0,5.727545764E0
2.090914221E1,-2.253563690E0,-3.317102051E0,1.911974030E0,4.442674871E0
2.091908221E1,-1.316961365E0,-2.007924500E0,6.114784241E-1,2.477913214E0
2.092902121E1,-4.861889648E-1,-1.133143616E0,-3.890409851E-1,1.292960576E0
2.093896121E1,-1.972897339E-1,-7.905061340E-1,-9.990225220E-1,1.289135054E0
2.094890021E1,-1.371148682E-1,-4.433779907E-1,-1.294807434E0,1.375467492E0
2.095884021E1,-1.098715210E-1,-1.043330383E-1,-1.296154633E0,1.304980446E0
2.096878021E1,-8.008346558E-2,2.263293457E-1,-1.202299805E0,1.226035544E0
2.097871921E1,4.730163574E-2,4.499642944E-1,-1.137484589E0,1.224163592E0
2.098865921E1,8.457412720E-2,5.198689270E-1,-1.117875366E0,1.235743428E0
2.099859821E1,4.565505981E-2,4.846920776E-1,-1.096469879E0,1.199690373E0
2.100853821E1,7.679031372E-2,3.020718384E-1,-9.976753235E-1,1.045227343E0
2.101847721E1,1.505868530E-1,-9.026229858E-2,-8.479866028E-1,8.659705315E-1
2.102841721E1,7.259902954E-2,-5.941145325E-1,-7.015910339E-1,9.222107545E-1
2.103835621E1,-6.990463257E-2,-1.549577637E0,3.986210632E-1,1.601554327E0
2.104829621E1,1.573228455E-1,-2.982697449E0,2.476599884E0,3.880049166E0
2.105823521E1,1.288520508E0,-3.467090149E0,4.462220764E-1,3.725602413E0
2.106817521E1,3.162623291E0,-3.785927124E0,-7.713459778E-1,4.993035638E0
2.107811421E1,5.934559021E0,-5.065615997E0,9.355545044E-2,7.803089698E0
2.108805421E1,1.261531631E1,-9.445208588E0,1.037013519E1,1.886525576E1
2.109799421E1,1.698443069E1,-1.236578522E1,6.390660553E0,2.195960092E1
2.110793321E1,1.813583633E1,-1.335971832E1,-4.510570221E0,2.297250263E1
2.111787321E1,2.455179428E1,-1.840377914E1,-4.465962982E0,3.100700751E1
2.112781221E1,3.316832611E1,-2.640359344E1,1.311572571E0,4.241471238E1
2.113775221E1,3.915916809E1,-3.347084702E1,6.318510590E0,5.190049732E1
2.114769121E1,3.489393768E1,-3.119527908E1,3.698059845E0,4.695112321E1
2.115763121E1,2.916445221E1,-2.616154678E1,4.220772858E0,3.940566871E1
2.116757021E1,2.761277893E1,-1.910581924E1,8.206983490E0,3.456663807E1
2.117751021E1,2.715443207E1,-1.442101135E1,7.604187012E0,3.167258135E1
2.118744921E1,2.520623337E1,-1.186268143E1,6.001769257E0,2.849734453E1
2.119738921E1,2.305341019E1,-9.307794342E0,7.287745056E0,2.590764337E1
2.120732921E1,2.125924118E1,-8.525670776E0,6.911726990E0,2.392518271E1
2.121726821E1,1.966969666E1,-8.464298401E0,4.431085510E0,2.186723194E1
2.122720821E1,1.798450104E1,-8.228987732E0,2.715503082E0,1.996327813E1
2.123714721E1,1.620934250E1,-7.946674805E0,1.846560059E0,1.814668589E1
2.124708721E1,1.444436279E1,-7.814499664E0,6.301895142E-1,1.643481549E1
2.125702621E1,1.289643173E1,-7.372768250E0,-5.216651917E-1,1.486431289E1
2.126696621E1,1.094344299E1,-6.610104218E0,-2.077380066E0,1.295252602E1
2.127690521E1,8.169112244E0,-5.532644806E0,-7.437134399E0,1.235538431E1
2.128684521E1,3.742367706E0,-3.866459656E0,-1.237985596E1,1.349872808E1
2.129678421E1,3.378923492E0,-2.580633545E0,-5.823939056E0,7.210759987E0
2.130672421E1,1.706750793E0,-2.177521820E0,-2.548749847E0,3.761744985E0
2.131666421E1,-1.287322998E-2,-1.543290710E0,-5.801934814E-1,1.648798476E0
2.132660321E1,-1.625619507E0,-1.401984558E0,1.833387451E0,2.823031886E0
2.133654321E1,-3.434008942E0,-1.296004944E0,2.959645386E0,4.715034150E0
2.134648221E1,-5.190755768E0,-9.746232605E-1,2.914888458E0,6.032446491E0
2.135642221E1,-6.507567444E0,-4.791535950E-1,2.119741974E0,6.860854775E0
2.136636121E1,-6.815477142E0,9.729766846E-3,1.269809418E0,6.932765632E0
2.137630121E1,-6.945556641E0,-6.137237549E-3,1.018332367E0,7.019814494E0
2.138624021E1,-6.948700104E0,-5.746549988E-1,1.123114471E0,7.062297616E0
2.139618021E1,-5.416785736E0,-1.639091492E0,1.509610748E0,5.857227436E0
2.140611921E1,-3.352278900E0,-3.051554260E0,2.235900421E0,5.054602647E0
2.141605921E1,-2.386187897E0,-4.160597992E0,3.083437958E0,5.701934581E0
2.142599821E1,-1.661844177E0,-4.616699524E0,3.406466217E0,5.973244734E0
2.143593821E1,-1.004561005E0,-4.218677216E0,2.935395813E0,5.236690638E0
2.144587821E1,-4.415817261E-1,-3.126847687E0,1.998643799E0,3.737211248E0
2.145581721E1,1.347198486E-3,-1.953886871E0,9.786648560E-1,2.185282733E0
2.146575721E1,2.246827698E-1,-1.160386963E0,9.879455566E-3,1.181980480E0
2.147569621E1,3.438349915E-1,-7.279362488E-1,-6.782395935E-1,1.052674038E0
2.148563621E1,5.505551147E-1,-1.203497314E-1,-9.244775391E-1,1.082706660E0
2.149557521E1,8.845106506E-1,5.542973328E-1,-1.029858398E0,1.466360442E0
2.150551521E1,1.046922913E0,9.987231445E-1,-1.164278870E0,1.857159334E0
2.151545421E1,1.034798126E0,1.115630035E0,-1.363065491E0,2.042886455E0
2.152539421E1,1.047970734E0,1.087638245E0,-1.420545959E0,2.073439276E0
2.153533321E1,1.136287079E0,8.864566040E-1,-1.164278870E0,1.852700441E0
2.154527321E1,1.312021637E0,5.339396667E-1,-8.256829834E-1,1.639586757E0
2.155521321E1,1.603764954E0,1.164578247E-1,-7.026388550E-1,1.754800790E0
2.156515146E1,1.938169556E0,-4.712200928E-1,-5.625302124E-1,2.072435727E0
2.157509146E1,2.637066193E0,-1.604513397E0,1.267115021E0,3.336789149E0
2.158503046E1,4.153562622E0,-3.773203583E0,6.452182617E0,8.551012119E0
2.159497046E1,7.285350037E0,-5.645061035E0,8.543483734E0,1.256718559E1
2.160490946E1,1.212538513E1,-8.085885315E0,9.994266815E0,1.767178189E1
2.161484946E1,1.256067993E1,-8.659642181E0,3.012635193E0,1.555107886E1
2.162478846E1,1.495061005E1,-1.025412643E1,-5.800437927E-1,1.813847569E1
2.163472846E1,2.058324692E1,-1.289732986E1,-3.521576843E0,2.454409654E1
2.164466746E1,2.793984879E1,-1.709639786E1,-2.955005035E0,3.288850901E1
2.165460746E1,3.537548630E1,-2.399944290E1,1.609902191E0,4.277838327E1
2.166454746E1,3.555795685E1,-2.662842590E1,1.459165649E0,4.444739054E1
2.167448646E1,3.055805420E1,-2.693379089E1,2.707719269E0,4.082346766E1
2.168442646E1,2.777878372E1,-2.690879288E1,4.972359924E0,3.899318302E1
2.169436546E1,2.640733566E1,-2.462349518E1,5.557493134E0,3.653148808E1
2.170430546E1,2.445674194E1,-1.906106232E1,5.068160706E0,3.141882519E1
2.171424446E1,2.184018311E1,-1.535476959E1,4.963827667E0,2.715514928E1
2.172418446E1,1.870001312E1,-1.330418381E1,4.134103088E0,2.331914677E1
2.173412346E1,1.641875702E1,-1.213017517E1,3.638633423E0,2.073538967E1
2.174406346E1,1.557600952E1,-1.095631622E1,3.204835510E0,1.931123788E1
2.175400246E1,1.527274017E1,-9.315129089E0,2.497107239E0,1.806277296E1
2.176394246E1,1.444855408E1,-7.292385406E0,1.668280792E0,1.627030303E1
2.177388146E1,1.322275314E1,-5.237009583E0,9.196875000E-1,1.425178217E1
2.178382146E1,1.147573608E1,-3.451073456E0,4.450245667E-1,1.199168352E1
2.179376146E1,9.130712585E0,-2.162702637E0,2.305206299E-1,9.386177858E0
2.180370046E1,6.824907532E0,-1.278341675E0,3.787124634E-2,6.943698905E0
2.181364046E1,5.137017517E0,-6.953041077E-1,9.624984741E-2,5.184752724E0
2.182357946E1,3.829037476E0,-4.767585754E-1,1.179547119E-1,3.860406720E0
2.183351946E1,2.307900696E0,-3.902384949E-1,1.224453735E-1,2.343861040E0
2.184345846E1,6.984475708E-1,-4.614903259E-1,1.074765015E-1,8.440103841E-1
2.185339846E1,-7.834707642E-1,-6.785389709E-1,3.847000122E-2,1.037169954E0
2.186333746E1,-2.261796570E0,-8.701405334E-1,5.463638306E-2,2.424015966E0
2.187327746E1,-3.799698486E0,-8.675958252E-1,2.034269714E-1,3.902795618E0
2.188321646E1,-5.421575775E0,-7.979905701E-1,7.420069885E-1,5.529995227E0
2.189315646E1,-6.821464691E0,-1.149309998E0,1.482367401E0,7.074652438E0
2.190309646E1,-7.070397034E0,-2.101929016E0,2.210453339E0,7.700306732E0
2.191303546E1,-5.422773285E0,-3.744163971E0,2.988535309E0,7.235784493E0
2.192297546E1,-3.564986572E0,-5.483097839E0,3.679947510E0,7.504365719E0
2.193291446E1,-2.217638397E0,-6.352190552E0,3.397784271E0,7.537452011E0
2.194285446E1,-1.050365753E0,-5.953270111E0,1.852248230E0,6.322619452E0
2.195279346E1,-1.432521057E-1,-4.488715668E0,-1.724414062E-1,4.494310353E0
2.196273346E1,5.962101746E-1,-2.857557678E0,-1.699416046E0,3.377738497E0
2.197267246E1,9.268725586E-1,-2.033371582E0,-2.161355438E0,3.108882446E0
2.198261246E1,7.723937988E-1,-1.090182953E0,-1.811233521E0,2.250701650E0
2.199255146E1,4.935237122E-1,-7.454498291E-2,-1.187630310E0,1.288250116E0
2.200249146E1,4.231700134E-1,7.433541870E-1,-4.923262024E-1,9.869313032E-1
2.201243046E1,4.258644104E-1,1.272952881E0,-1.817221069E-1,1.354545111E0
2.202237046E1,1.716929626E-1,1.409019928E0,-2.046244812E-1,1.434115340E0
2.203231046E1,-1.601669312E-2,1.430575104E0,-8.202941895E-2,1.433014476E0
2.204224946E1,-1.914518738E-1,1.526525574E0,8.068222046E-2,1.540598510E0
2.205218946E1,-3.839515686E-1,1.631008301E0,3.237767029E-1,1.706586721E0
2.206212846E1,-3.412902832E-1,1.572330322E0,7.363188171E-1,1.769425641E0
2.207206846E1,3.757186890E-2,6.840774536E-1,1.314865723E0,1.482648130E0
2.208200746E1,4.857398987E-1,-1.009351044E0,2.067051544E0,2.351049737E0
2.209194746E1,1.355730743E0,-2.639760590E0,3.289259949E0,4.430075939E0
2.210188646E1,2.788401489E0,-3.766018524E0,1.252295837E0,4.850394134E0
2.211182646E1,4.704117737E0,-4.165986786E0,-1.523681488E0,6.465738539E0
2.212176546E1,7.367529144E0,-5.502557373E0,-9.738748169E-1,9.247002514E0
2.213170546E1,1.348949844E1,-9.461075592E0,9.354197845E0,1.894675531E1
2.214164546E1,1.811293396E1,-1.140178986E1,1.076636124E1,2.395816610E1
2.215158446E1,1.801638474E1,-1.047536636E1,-3.686683502E0,2.116400375E1
2.216152446E1,2.031156189E1,-1.193138855E1,-4.228856049E0,2.393325725E1
2.217146346E1,2.383074371E1,-1.464075439E1,-1.705403595E0,2.802078580E1
2.218140346E1,2.688154953E1,-1.874596756E1,2.640359344E0,3.287857209E1
2.219134246E1,2.689097992E1,-2.259132111E1,6.256689148E0,3.567406270E1
2.220128246E1,2.666045929E1,-2.428385147E1,4.277355194E0,3.631502856E1
2.221122146E1,2.743509842E1,-2.549079163E1,3.998485107E0,3.766235476E1
2.222116146E1,2.682676346E1,-2.473561203E1,3.285218353E0,3.663766368E1
2.223110046E1,2.448323685E1,-2.196532288E1,2.532284088E0,3.298964623E1
2.224104046E1,2.224104950E1,-1.830872681E1,3.296894073E0,2.899557329E1
2.225097946E1,2.071976303E1,-1.554861649E1,3.967349854E0,2.620702042E1
2.226091946E1,1.922946213E1,-1.353620132E1,3.692820740E0,2.380415689E1
2.227085946E1,1.794198944E1,-1.158875107E1,3.331472168E0,2.161741990E1
2.228079846E1,1.689761124E1,-9.364676056E0,3.114573212E0,1.956852037E1
2.229073846E1,1.548335220E1,-7.235503693E0,2.191891937E0,1.723052812E1
2.230067746E1,1.360026810E1,-5.530249786E0,9.566606140E-1,1.471278881E1
2.231061746E1,1.184861069E1,-4.287384338E0,1.654060364E-1,1.260153161E1
2.232055646E1,1.023661285E1,-3.190465393E0,-6.706054688E-2,1.072249081E1
2.233049646E1,8.552914124E0,-2.074535980E0,1.160087585E-1,8.801675839E0
2.234043546E1,6.896159363E0,-1.141376495E0,3.962260437E-1,7.001196279E0
2.235037546E1,5.113516388E0,-6.204597473E-1,6.860234070E-1,5.196503465E0
2.236031446E1,3.362308044E0,-3.923341370E-1,7.382647705E-1,3.464689933E0
2.237025446E1,1.598376160E0,-3.722758484E-1,4.348457336E-1,1.697788699E0
2.238019446E1,8.846603394E-2,-3.447331238E-1,-4.206253052E-2,3.583802761E-1
2.239013346E1,-1.247505798E0,-3.457809448E-2,-5.131329346E-1,1.349359763E0
2.240007346E1,-2.459834747E0,2.354603577E-1,-6.072871399E-1,2.544607285E0
2.241001246E1,-3.340752869E0,4.986131287E-1,-1.848655701E-1,3.382812448E0
2.241995246E1,-4.167932739E0,6.397695923E-1,4.683760071E-1,4.242681291E0
2.242989146E1,-4.654570770E0,3.626957703E-1,1.109193420E0,4.798633902E0
2.243983146E1,-4.650229797E0,-6.277944946E-1,1.705702972E0,4.992813408E0
2.244977046E1,-3.802692261E0,-2.231409760E0,2.225871277E0,4.939044532E0
2.245971046E1,-2.826272736E0,-3.592379608E0,2.582130432E0,5.249800605E0
2.246964946E1,-2.718347168E0,-4.273762665E0,2.620151367E0,5.702600444E0
2.247958946E1,-3.035088501E0,-4.416416016E0,2.097588043E0,5.754682288E0
2.248952846E1,-2.746488647E0,-4.010310516E0,1.079555054E0,4.979079176E0
2.249946846E1,-1.760638733E0,-3.146307220E0,1.197509766E-3,3.605426370E0
2.250940846E1,-8.177494812E-1,-2.307751007E0,-6.846762085E-1,2.542284491E0
2.251934746E1,-3.367996216E-1,-1.714235229E0,-1.016386414E0,2.021157527E0
2.252928746E1,-1.814227295E-1,-1.239721985E0,-1.063388672E0,1.643356405E0
2.253922646E1,-1.532812500E-1,-8.102650452E-1,-9.449848938E-1,1.254201353E0
2.254916646E1,-1.907034302E-1,-4.085005188E-1,-8.354127502E-1,9.492918073E-1
2.255910579E1,-2.189945984E-1,-4.191284180E-3,-8.289761353E-1,8.574250019E-1
2.256904579E1,-1.745370483E-1,3.623963928E-1,-8.247848511E-1,9.176406581E-1
2.257898479E1,-7.229965210E-2,7.089257812E-1,-3.353027344E-1,7.875474123E-1
2.258892479E1,2.547702026E-1,1.003812561E0,1.150657196E0,1.548082523E0
2.259886379E1,8.536747742E-1,8.705895996E-1,3.323239288E0,3.539859635E0
2.260880379E1,1.280587006E0,-8.711883545E-2,5.175487518E0,5.332275670E0
2.261874279E1,1.909878387E0,-1.523531799E0,6.469995575E0,6.915896713E0
2.262868279E1,2.748733978E0,-3.071612549E0,6.451134796E0,7.655552383E0
2.263862279E1,3.344944153E0,-4.064647522E0,2.822530518E0,5.972996684E0
2.264856179E1,5.339546356E0,-4.820575562E0,1.358574829E0,7.320821648E0
2.265850179E1,9.212143250E0,-6.600374451E0,4.404590607E0,1.215849269E1
2.266844079E1,1.322260345E1,-9.493408356E0,4.575984192E0,1.690862726E1
2.267838079E1,1.744172974E1,-1.299552567E1,2.000140686E0,2.184257737E1
2.268831979E1,2.230017654E1,-1.663056656E1,1.299597473E0,2.784892406E1
2.269825979E1,2.891806458E1,-2.137779465E1,1.240171051E0,3.598336542E1
2.270819879E1,3.550002731E1,-2.595482666E1,1.764530640E0,4.401157273E1
2.271813879E1,3.760420166E1,-2.807516739E1,2.887345734E0,4.701731353E1
2.272807779E1,3.297088669E1,-2.750829620E1,5.564079437E0,4.329832224E1
2.273801779E1,2.429477875E1,-2.309816711E1,8.403674469E0,3.455985161E1
2.274795779E1,2.133722900E1,-1.718306763E1,7.069049835E0,2.829322569E1
2.275789679E1,2.155637329E1,-1.366553238E1,5.607339478E0,2.613170987E1
2.276783679E1,2.141716278E1,-1.178334641E1,5.138963470E0,2.497901238E1
2.277777579E1,2.132764893E1,-1.146136597E1,3.678600311E0,2.449007184E1
2.278771579E1,2.070329727E1,-1.235740265E1,2.025587769E0,2.419576252E1
2.279765479E1,1.899235519E1,-1.278775772E1,1.184337158E0,2.292681744E1
2.280759479E1,1.673355240E1,-1.190953400E1,9.958790588E-1,2.056308710E1
2.281753379E1,1.451351898E1,-1.033256332E1,1.362616425E0,1.786787121E1
2.282747379E1,1.263327896E1,-8.310717773E0,2.197729797E0,1.528063426E1
2.283741279E1,1.050530411E1,-6.215075684E0,2.862647095E0,1.253727756E1
2.284735279E1,8.412805481E0,-4.110751648E0,3.085683289E0,9.858753295E0
2.285729179E1,6.315816193E0,-2.175725555E0,2.748883667E0,7.223550186E0
2.286723179E1,4.165537720E0,-1.339414673E0,2.126178589E0,4.864809508E0
2.287717179E1,2.330952759E0,-1.170416107E0,1.347198486E0,2.935670007E0
2.288711079E1,8.416996765E-1,-9.473799133E-1,7.075785828E-1,1.451431878E0
2.289705079E1,-2.444416809E-1,-4.821473694E-1,2.270777893E-1,5.863293815E-1
2.290698979E1,-1.436113586E0,-1.020877075E-1,-1.981878662E-1,1.453314337E0
2.291692979E1,-2.734962616E0,2.005828857E-1,-6.144721985E-1,2.810307828E0
2.292686879E1,-3.818259888E0,5.776487732E-1,-6.589297485E-1,3.917521549E0
2.293680879E1,-4.529880066E0,7.994874573E-1,-6.029461670E-1,4.639238912E0
2.294674779E1,-4.725523224E0,7.358697510E-1,-3.335064697E-1,4.794090174E0
2.295668779E1,-4.633614349E0,1.996847534E-1,8.640032959E-1,4.717706819E0
2.296662679E1,-4.377496948E0,-9.942324829E-1,2.401156769E0,5.090828183E0
2.297656679E1,-3.882925415E0,-3.107537842E0,3.973038025E0,6.365448324E0
2.298650579E1,-3.470532990E0,-4.864733734E0,5.178181915E0,7.907199345E0
2.299644579E1,-2.962190094E0,-5.536237335E0,4.941524048E0,7.990191105E0
2.300638579E1,-2.140698395E0,-5.298232269E0,3.299438782E0,6.598496122E0
2.301632479E1,-1.435664520E0,-4.265230408E0,1.595981140E0,4.774984696E0
2.302626479E1,-6.298901367E-1,-2.931503906E0,4.622387695E-1,3.033832793E0
2.303620379E1,-7.065307617E-2,-2.071542206E0,-2.906954956E-1,2.093031973E0
2.304614379E1,1.657054138E-1,-1.631307678E0,-7.110214233E-1,1.787225361E0
2.305608279E1,2.469863892E-1,-1.166973267E0,-9.452842712E-1,1.521969525E0
2.306602279E1,2.884501648E-1,-6.212081909E-1,-1.242266693E0,1.418566054E0
2.307596179E1,2.839595032E-1,-1.067280579E-1,-1.605860596E0,1.634261953E0
2.308590179E1,3.998185730E-1,2.956352234E-1,-1.769769745E0,1.838298133E0
2.309584079E1,5.510041809E-1,4.237687683E-1,-1.792073364E0,1.922163500E0
2.310578079E1,3.969744873E-1,5.108876038E-1,-1.736089783E0,1.852728426E0
2.311571979E1,6.556365967E-2,6.608757019E-1,-1.673968964E0,1.800896271E0
2.312565979E1,8.457412720E-2,6.119274902E-1,-1.748364258E0,1.854288439E0
2.313559979E1,6.737489319E-1,2.324665833E-1,-1.713037720E0,1.855391216E0
2.314553879E1,1.435065765E0,-4.574487305E-1,-1.491947479E0,2.120042540E0
2.315547879E1,2.174078979E0,-1.268611908E0,-1.257085876E0,2.813584988E0
2.316541779E1,3.109932861E0,-2.252665558E0,-1.034199371E0,3.976902420E0
2.317535779E1,5.235213318E0,-3.855083313E0,2.902164917E0,7.119809481E0
2.318529679E1,1.116543137E1,-6.909481659E0,1.922332489E1,2.327969102E1
2.319523679E1,1.880030457E1,-9.921069031E0,2.274041107E1,3.112885090E1
2.320517579E1,1.846215775E1,-1.050455566E1,4.625680847E0,2.173922449E1
2.321511579E1,1.879341888E1,-1.162452667E1,-3.691174164E0,2.240417328E1
2.322505479E1,2.354379044E1,-1.440634186E1,-5.053341522E0,2.806045285E1
2.323499479E1,2.927088089E1,-1.755040375E1,-4.778962097E0,3.446214762E1
2.324493379E1,3.270024948E1,-2.107632156E1,-2.336191864E0,3.897403545E1
2.325487379E1,3.191333588E1,-2.956217514E1,1.034079620E1,4.471370340E1
2.326481379E1,2.597922592E1,-2.893722473E1,7.264543304E0,3.956079807E1
2.327475279E1,2.577579895E1,-2.641437103E1,2.266436920E0,3.697631059E1
2.328469279E1,2.670611435E1,-2.326297440E1,8.797655182E0,3.649357831E1
2.329463179E1,2.432232147E1,-1.707693832E1,7.687863007E0,3.069691160E1
2.330457179E1,2.119397690E1,-1.352632187E1,4.396208038E0,2.552396296E1
2.331451079E1,1.858639938E1,-1.160342056E1,4.145928497E0,2.229982811E1
2.332445079E1,1.615889740E1,-1.044782364E1,3.890409851E0,1.963166505E1
2.333438979E1,1.451292023E1,-9.529034271E0,4.203109589E0,1.786318779E1
2.334432979E1,1.377480515E1,-8.317453766E0,4.760999451E0,1.678071541E1
2.335426879E1,1.325792999E1,-7.155569916E0,4.579127655E0,1.574621537E1
2.336420879E1,1.194695618E1,-5.451214142E0,3.668571167E0,1.363465848E1
2.337414779E1,1.001073257E1,-3.692221985E0,2.327210541E0,1.092076823E1
2.338408779E1,7.840844879E0,-2.269879761E0,9.958790588E-1,8.223319138E0
2.339402779E1,5.661377106E0,-1.399140472E0,2.053729248E-1,5.835320285E0
2.340396679E1,3.830833740E0,-7.884104919E-1,-7.753875732E-2,3.911890912E0
2.341390679E1,2.179467773E0,-2.986289978E-1,-1.951940918E-1,2.208474539E0
2.342384579E1,4.749623108E-1,-7.708969116E-2,-3.617976379E-1,6.020212189E-1
2.343378579E1,-1.581012268E0,-1.398092651E-1,-8.313711548E-1,1.791737821E0
2.344372479E1,-3.918850708E0,-5.307962036E-1,-1.955832825E0,4.411849671E0
2.345366479E1,-5.917045441E0,-1.064286804E0,-2.628384247E0,6.561443202E0
2.346360379E1,-6.671626282E0,-1.432221680E0,-1.723665619E0,7.037959885E0
2.347354379E1,-6.543043671E0,-1.583706665E0,-7.550299072E-1,6.774187585E0
2.348348279E1,-6.460864563E0,-2.062710571E0,1.721420288E-1,6.784333326E0
2.349342279E1,-5.629643097E0,-2.590363312E0,1.302142181E0,6.332332725E0
2.350336279E1,-4.153862000E0,-3.209775238E0,1.851799164E0,5.566541721E0
2.351330179E1,-2.664758606E0,-3.721710663E0,2.204615479E0,5.080590329E0
2.352324179E1,-1.428778839E0,-3.736978912E0,2.289039917E0,4.609351810E0
2.353318079E1,-5.164260864E-1,-3.238216095E0,1.866468658E0,3.773121338E0
2.354312079E1,-9.340576172E-2,-2.449655914E0,1.192570038E0,2.726125828E0
2.355305979E1,-6.227050781E-2,-1.635948029E0,4.629872131E-1,1.701340862E0
2.356299979E1,-1.281335449E-1,-9.871971130E-1,-2.209405518E-1,1.019701463E0
2.357293879E1,-7.753875732E-2,-5.878276062E-1,-6.634204102E-1,8.897641227E-1
2.358287879E1,4.221221924E-2,-3.522175598E-1,-7.376660156E-1,8.185293101E-1
2.359281779E1,1.398092651E-1,-6.855743408E-2,-4.108955383E-1,4.394108508E-1
2.360275779E1,4.146377563E-2,3.852987671E-1,4.580474854E-2,3.902210394E-1
2.361269679E1,-2.402503967E-1,8.776249695E-1,3.993695068E-1,9.937010834E-1
2.362263679E1,-2.785707092E-1,1.176253967E0,5.152285767E-1,1.314015039E0
2.363257679E1,-3.981719971E-2,1.140178986E0,4.085005188E-1,1.211802873E0
2.364251579E1,3.852987671E-1,8.137078857E-1,4.469705200E-1,1.005165812E0
2.365245579E1,8.520281982E-1,1.100212097E-1,1.077908478E0,1.378384345E0
2.366239479E1,1.577569427E0,-9.122030640E-1,2.456691284E0,3.058786000E0
2.367233479E1,2.825823669E0,-2.250270538E0,5.131628723E0,6.275556570E0
2.368227379E1,4.260290680E0,-4.126019897E0,5.596861267E0,8.154690240E0
2.369221379E1,6.582561493E0,-6.225254517E0,5.148244171E0,1.042057233E1
2.370215279E1,1.074794952E1,-8.415350189E0,7.746840363E0,1.569554311E1
2.371209279E1,1.441756851E1,-1.027433441E1,8.325986023E0,1.956400451E1
2.372203179E1,1.665990555E1,-1.101409607E1,3.097359009E0,2.021030425E1
2.373197179E1,1.861918121E1,-1.199186279E1,-2.777923279E0,2.232029435E1
2.374191079E1,2.301733521E1,-1.474448868E1,-3.501967621E0,2.755832803E1
2.375185079E1,2.830972961E1,-1.775098663E1,-2.366129608E0,3.349831170E1
2.376179079E1,3.179104019E1,-2.262934204E1,3.040327606E0,3.914078371E1
2.377172979E1,3.145169586E1,-2.525982193E1,5.371729431E0,4.069549427E1
2.378166979E1,2.905158691E1,-2.460927475E1,4.234394531E0,3.830850040E1
2.379160879E1,2.780303329E1,-2.334245911E1,7.021299133E0,3.697536611E1
2.380154879E1,2.670267151E1,-1.918844742E1,8.402926025E0,3.393874402E1
2.381148779E1,2.430720291E1,-1.561822174E1,6.063441010E0,2.952175944E1
2.382142779E1,2.137569901E1,-1.351763992E1,5.646408234E0,2.591387704E1
2.383136679E1,1.901121597E1,-1.289463547E1,4.796775055E0,2.346714741E1
2.384130679E1,1.787672516E1,-1.277817764E1,2.989732819E0,2.217651074E1
2.385124579E1,1.679148193E1,-1.193108917E1,2.439477081E0,2.074260839E1
2.386118579E1,1.539129364E1,-1.008782227E1,2.704426117E0,1.860026878E1
2.387112479E1,1.389650208E1,-7.885751495E0,3.139870605E0,1.628363086E1
2.388106479E1,1.221909027E1,-5.553301849E0,3.410058746E0,1.384824282E1
2.389100379E1,1.033151550E1,-3.352578278E0,3.145858154E0,1.130824554E1
2.390094379E1,8.311166840E0,-1.623823242E0,2.443219299E0,8.813717530E0
2.391088379E1,6.276298370E0,-5.990542603E-1,1.564247131E0,6.495972316E0
2.392082279E1,4.390220490E0,-4.171824646E-1,7.435038757E-1,4.472233801E0
2.393076279E1,2.927612000E0,-3.083587646E-1,2.321672058E-1,2.952947470E0
2.394070179E1,1.495390320E0,-4.565505981E-2,-1.580712891E-1,1.504414546E0
2.395064179E1,-6.541397095E-2,2.445913696E-1,-3.472778320E-1,4.297741480E-1
2.396058079E1,-1.484163666E0,4.767585754E-1,-3.535647583E-1,1.598451927E0
2.397052079E1,-2.860551453E0,6.024971008E-1,-2.817141724E-1,2.936855503E0
2.398045979E1,-4.223167877E0,5.945635986E-1,-6.120771790E-1,4.308513812E0
2.399039979E1,-5.218298492E0,4.989125061E-1,-1.284778290E0,5.397240786E0
2.400033879E1,-5.576054535E0,1.848655701E-1,-5.891748047E-1,5.610141389E0
2.401027879E1,-5.475912781E0,-8.574169922E-1,9.051676941E-1,5.616058514E0
2.402021879E1,-4.647685089E0,-2.648442535E0,1.830543365E0,5.653858290E0
2.403015779E1,-3.268902283E0,-4.446054382E0,3.219804382E0,6.389073639E0
2.404009779E1,-2.625839539E0,-5.637127533E0,4.624183960E0,7.749536593E0
2.405003679E1,-2.264490967E0,-5.876629486E0,4.265380096E0,7.606323739E0
2.405997679E1,-1.875599670E0,-5.233716431E0,2.527344360E0,6.107137735E0
2.406991579E1,-1.325194244E0,-3.875590668E0,8.536747742E-1,4.183910065E0
2.407985579E1,-7.090754700E-1,-2.446512451E0,-2.716850281E-1,2.561644774E0
2.408979479E1,-2.341131592E-1,-1.734443207E0,-8.192463684E-1,1.932425114E0
2.409973479E1,-6.586303711E-2,-1.217867432E0,-9.737251282E-1,1.560666411E0
2.410967379E1,-5.284011841E-2,-5.551954651E-1,-1.005459137E0,1.149774830E0
2.411961379E1,3.742218018E-3,4.565505981E-2,-8.858578491E-1,8.870414407E-1
2.412955279E1,1.417552185E-1,5.887257385E-1,-5.965095520E-1,8.500095192E-1
2.413949279E1,1.640588379E-1,9.948312378E-1,-2.848576355E-1,1.047734874E0
2.414943279E1,2.444416809E-1,1.142424316E0,-3.143463135E-2,1.168705776E0
2.415937179E1,3.478765869E-1,1.280287628E0,1.193019104E-1,1.332061364E0
2.416931179E1,4.918771362E-1,1.335073700E0,1.736389160E-1,1.433358076E0
2.417925079E1,8.361611938E-1,1.339264984E0,4.481680298E-1,1.641234542E0
2.418919079E1,1.541943512E0,1.060993652E0,1.073567505E0,2.157740603E0
2.419912979E1,2.246079254E0,1.513352966E-1,1.900597687E0,2.946191772E0
2.420906979E1,3.354673920E0,-1.413211212E0,4.505331116E0,5.792150853E0
2.421900879E1,4.814438324E0,-3.442241821E0,6.552773438E0,8.829874566E0
2.422894879E1,6.657854919E0,-4.983287201E0,4.033961334E0,9.242998837E0
2.423888779E1,9.329050140E0,-6.756799164E0,2.430795135E0,1.177260704E1
2.424882779E1,1.399050659E1,-1.076142151E1,1.013946487E1,2.035561877E1
2.425876679E1,1.933933365E1,-1.413510590E1,8.108039246E0,2.528935241E1
2.426870679E1,2.347702927E1,-1.557451263E1,-2.514920197E0,2.828535258E1
2.427864579E1,3.052138046E1,-1.902693329E1,-4.237837372E0,3.621516425E1
2.428858579E1,3.887041855E1,-2.506148438E1,-1.446442108E0,4.627180169E1
2.429852579E1,4.050636658E1,-3.145124680E1,6.147715759E0,5.165017974E1
2.430846479E1,3.171634552E1,-3.170047852E1,8.803193665E0,4.569839308E1
2.431840479E1,2.283022430E1,-2.934258179E1,1.017509079E1,3.854528143E1
2.432834379E1,2.032024384E1,-2.272888504E1,1.146391068E1,3.257200904E1
2.433828379E1,2.085657852E1,-1.551523590E1,9.536818085E0,2.768881203E1
2.434822279E1,2.031201096E1,-1.105481140E1,7.357050934E0,2.426752650E1
2.435816279E1,1.891601395E1,-8.789122925E0,5.243895264E0,2.150727093E1
2.436810179E1,1.721914261E1,-7.863896942E0,3.248694305E0,1.920660725E1
2.437804179E1,1.594469284E1,-7.563022614E0,1.866468658E0,1.774587969E1
2.438798079E1,1.480556168E1,-7.293433228E0,9.648934937E-1,1.653269017E1
2.439792079E1,1.345282471E1,-6.788982239E0,9.300160217E-1,1.509747337E1
2.440785979E1,1.202748871E1,-6.197113037E0,1.214723969E0,1.358455921E1
2.441779979E1,1.032118698E1,-5.480553131E0,8.171507263E-1,1.171456780E1
2.442773979E1,8.335117035E0,-4.278552704E0,3.528163147E-1,9.375748961E0
2.443767879E1,6.425088959E0,-2.934647369E0,5.599855042E-1,7.085725586E0
2.444761879E1,4.789440308E0,-2.048639832E0,8.967851257E-1,5.285819443E0
2.445755779E1,3.045566711E0,-1.495989075E0,6.414161682E-1,3.453241174E0
2.446749779E1,1.347198486E0,-1.118174744E0,3.433859253E-1,1.784144729E0
2.447743679E1,-1.745370483E-1,-7.340734863E-1,1.908531189E-1,7.783006987E-1
2.448737679E1,-1.788929901E0,-3.234773254E-1,8.622070312E-2,1.819984006E0
2.449731579E1,-3.247197418E0,5.927673340E-2,2.483335876E-1,3.257218810E0
2.450725579E1,-4.696333923E0,3.119512939E-1,6.267466736E-1,4.748228862E0
2.451719479E1,-6.089636536E0,2.441423035E-1,9.479786682E-1,6.167815023E0
2.452713479E1,-6.940167847E0,-2.471360779E-1,8.348139954E-1,6.994563631E0
2.453707379E1,-7.468868408E0,-1.514849854E0,9.264234924E-1,7.677045386E0
2.454701379E1,-6.653064880E0,-3.428320770E0,1.936223602E0,7.730822559E0
2.455695279E1,-5.076393585E0,-5.159620514E0,3.278632050E0,7.946123822E0
2.456689329E1,-4.104165344E0,-6.461463318E0,4.271667023E0,8.765946642E0
2.457683329E1,-3.068768463E0,-6.892566833E0,3.632047119E0,8.373564576E0
2.458677229E1,-2.071392517E0,-6.107898560E0,1.767823792E0,6.687472821E0
2.459671229E1,-1.183738403E0,-4.543501740E0,4.251159668E-2,4.695364938E0
2.460665129E1,-5.477110291E-1,-3.291056213E0,-9.322613525E-1,3.464123208E0
2.461659129E1,-4.411326599E-1,-2.412533112E0,-1.109941864E0,2.692003897E0
2.462653029E1,-6.486012268E-1,-1.482517090E0,-5.806425476E-1,1.719210936E0
2.463647029E1,-7.183561707E-1,-4.355941772E-1,2.067201233E-1,8.651653510E-1
2.464640929E1,-3.911366272E-1,5.104385376E-1,6.686595154E-1,9.277073403E-1
2.465634929E1,-1.065783691E-1,1.121617584E0,4.998106384E-1,1.232556542E0
2.466628829E1,-5.987548828E-4,1.391506348E0,9.340576172E-2,1.394637914E0
2.467622829E1,7.155120850E-2,1.463207245E0,-3.104544067E-1,1.497490219E0
2.468616729E1,3.423381042E-1,1.569486237E0,-4.272116089E-1,1.662225070E0
2.469610729E1,9.274713135E-1,1.596130829E0,-1.336720276E-1,1.850865979E0
2.470604729E1,1.800755310E0,1.087189178E0,1.236578522E0,2.440046401E0
2.471598629E1,2.968926086E0,-2.574645996E-1,4.542753296E0,5.432993432E0
2.472592629E1,4.352049866E0,-2.008074188E0,7.576494598E0,8.965264657E0
2.473586529E1,6.114634552E0,-3.300336914E0,7.655829620E0,1.033889291E1
2.474580529E1,8.455017700E0,-4.420457611E0,5.256319427E0,1.089296396E1
2.475574429E1,1.045111679E1,-5.558391266E0,2.210303650E0,1.204188515E1
2.476568429E1,1.300480637E1,-7.330106964E0,2.419867859E0,1.512320129E1
2.477562329E1,1.670017181E1,-1.039947418E1,7.948471069E-1,1.968950441E1
2.478556329E1,2.296973419E1,-1.531914368E1,-1.888023834E0,2.767398572E1
2.479550229E1,3.286820023E1,-2.320220078E1,2.257305908E-1,4.023321589E1
2.480544229E1,4.094076324E1,-3.094395172E1,2.540966034E0,5.138220267E1
2.481538129E1,4.292473755E1,-3.457285538E1,2.395318909E0,5.516840559E1
2.482532129E1,3.292223785E1,-3.424294144E1,8.971892853E0,4.834198636E1
2.483526129E1,2.144934586E1,-2.860356857E1,1.127724884E1,3.748886387E1
2.484520029E1,1.800141586E1,-1.988165588E1,7.425907745E0,2.782939668E1
2.485514029E1,1.893412628E1,-1.427566360E1,5.134622498E0,2.426231765E1
2.486507929E1,1.731419495E1,-1.194815369E1,3.565585327E0,2.133666145E1
2.487501929E1,1.546030014E1,-1.185190384E1,2.589465179E0,1.965181506E1
2.488495829E1,1.368663849E1,-1.259106674E1,2.813249817E0,1.880886518E1
2.489489829E1,1.231249603E1,-1.298220337E1,2.968477020E0,1.813689661E1
2.490483729E1,1.150477570E1,-1.236024673E1,2.730621643E0,1.710531665E1
2.491477729E1,1.077294754E1,-1.099987564E1,2.775528259E0,1.564471860E1
2.492471629E1,9.681118011E0,-9.318122864E0,3.038231964E0,1.377615016E1
2.493465629E1,8.210875397E0,-7.448510742E0,2.913690948E0,1.146247713E1
2.494459529E1,6.708749084E0,-5.661826172E0,2.671195221E0,9.175994430E0
2.495453529E1,5.187911682E0,-4.062252502E0,2.536924438E0,7.060616731E0
2.496447529E1,3.610941010E0,-2.897075500E0,2.359842682E0,5.196229298E0
2.497441429E1,2.303559723E0,-2.356399841E0,1.700912933E0,3.708384071E0
2.498435429E1,1.256786499E0,-2.222578125E0,8.595126343E-1,2.694091274E0
2.499429329E1,4.640350342E-1,-2.025587769E0,3.423381042E-1,2.106069728E0
2.500423329E1,-3.290158081E-1,-1.569635925E0,9.729766846E-3,1.603777730E0
2.501417229E1,-1.379231873E0,-1.043779449E0,-2.441423035E-1,1.746814690E0
2.502411229E1,-2.534080353E0,-4.430786133E-1,-3.411405945E-1,2.595045047E0
2.503405129E1,-3.563639374E0,1.474433899E-1,3.293151855E-3,3.566689780E0
2.504399129E1,-4.274361420E0,7.399113464E-1,6.644682312E-1,4.388525080E0
2.505393029E1,-4.633913727E0,1.057850189E0,1.282083893E0,4.923001377E0
2.506387029E1,-4.733007660E0,8.523275757E-1,1.640738068E0,5.081323175E0
2.507380929E1,-4.351900177E0,5.598358154E-2,2.201322327E0,4.877293235E0
2.508374929E1,-3.072360992E0,-1.156345367E0,2.900668030E0,4.380686213E0
2.509368829E1,-2.131118317E0,-2.118993530E0,3.160527649E0,4.361276634E0
2.510362829E1,-1.387165375E0,-2.589614868E0,2.831511841E0,4.080170615E0
2.511356829E1,-9.053173828E-1,-2.550695801E0,1.992207184E0,3.360734755E0
2.512350729E1,-6.785389709E-1,-2.171085205E0,9.340576172E-1,2.458961109E0
2.513344729E1,-5.041516113E-1,-1.745370483E0,6.286926270E-3,1.816735120E0
2.514338629E1,-4.537065125E-1,-1.473835144E0,-7.542814636E-1,1.716677069E0
2.515332629E1,-4.328997803E-1,-1.279239807E0,-1.417402496E0,1.957775917E0
2.516326529E1,-4.334985352E-1,-1.133293304E0,-1.787882080E0,2.160739926E0
2.517320529E1,-3.897894287E-1,-9.134005737E-1,-1.963167572E0,2.200059845E0
2.518314429E1,-4.110452271E-1,-6.554869080E-1,-1.934577026E0,2.083556943E0
2.519308429E1,-5.815406799E-1,-4.546046448E-1,-1.858235779E0,1.999473720E0
2.520302329E1,-7.053332520E-1,-4.123924255E-1,-1.743723907E0,1.925651987E0
2.521296329E1,-7.255412292E-1,-6.015989685E-1,-1.540746002E0,1.806164344E0
2.522290229E1,-6.222560120E-1,-1.017134857E0,-1.124611359E0,1.639059660E0
2.523284229E1,-3.650907898E-1,-1.868863678E0,6.233038330E-1,2.003609343E0
2.524278129E1,7.050338745E-2,-3.249143372E0,3.756139069E0,4.966939106E0
2.525272129E1,1.105002136E0,-4.587061157E0,4.782704315E0,6.718364410E0
2.526266129E1,4.233795776E0,-6.443201294E0,7.167694702E0,1.052690443E1
2.527260029E1,9.418713684E0,-8.512049103E0,1.280437317E1,1.803105986E1
2.528254029E1,1.184861069E1,-8.914562073E0,1.158455978E1,1.881650918E1
2.529247929E1,1.320224579E1,-9.848020935E0,1.085841980E0,1.650641884E1
2.530241929E1,1.690135345E1,-1.283206558E1,-3.288062439E0,2.147391465E1
2.531235829E1,2.746548523E1,-1.958961319E1,2.480042725E0,3.382685968E1
2.532229829E1,3.737038788E1,-2.530637512E1,2.939138031E0,4.522827704E1
2.533223729E1,4.261128937E1,-2.946996689E1,4.471950531E0,5.200191604E1
2.534217729E1,4.157903595E1,-2.983550674E1,4.302053833E0,5.135641499E1
2.535211629E1,3.135364975E1,-2.535472458E1,6.271208954E0,4.080737033E1
2.536205629E1,2.409419586E1,-1.832219879E1,1.026595184E1,3.196283795E1
2.537199529E1,2.264371216E1,-1.333666626E1,1.097772171E1,2.848007621E1
2.538193529E1,2.234792725E1,-1.151690048E1,8.112080841E0,2.641731827E1
2.539187529E1,2.147224823E1,-1.168559967E1,3.687881012E0,2.472268493E1
2.540181429E1,2.014510803E1,-1.209305237E1,1.657054138E-1,2.349669661E1
2.541175429E1,1.868549332E1,-1.195264435E1,-1.125359802E0,2.220990324E1
2.542169329E1,1.701212311E1,-1.112381790E1,-1.521735535E0,2.038301588E1
2.543163329E1,1.483325409E1,-9.853858795E0,-1.333576813E0,1.785783826E1
2.544157229E1,1.285347107E1,-8.235873413E0,-4.617897034E-1,1.527267426E1
2.545151229E1,1.076845688E1,-6.256539459E0,4.330494690E-1,1.246160027E1
2.546145129E1,8.553363190E0,-4.276307373E0,1.389111328E0,9.663149429E0
2.547139129E1,6.519392853E0,-2.812052307E0,2.305355988E0,7.464903722E0
2.548133029E1,4.592150574E0,-2.024839325E0,2.459235992E0,5.588887443E0
2.549127029E1,2.765499115E0,-1.800006866E0,2.056573334E0,3.888123449E0
2.550120929E1,1.060993652E0,-1.698068848E0,1.673669586E0,2.609658067E0
2.551114929E1,-7.547305298E-1,-1.348845062E0,1.300645294E0,2.020069146E0
2.552108929E1,-3.085982666E0,-7.743397522E-1,9.325607300E-1,3.315503066E0
2.553102829E1,-5.645959167E0,-4.028123474E-1,1.094523926E0,5.765162212E0
2.554096829E1,-7.511679382E0,-4.882846069E-1,2.286345520E0,7.867091256E0
2.555090729E1,-8.558452606E0,-1.194066925E0,3.435655518E0,9.299281460E0
2.556084729E1,-8.759334869E0,-2.222428436E0,3.892505493E0,9.839549508E0
2.557078592E1,-7.258855133E0,-3.434607697E0,3.810625763E0,8.888665624E0
2.558072592E1,-3.870201874E0,-4.027225342E0,3.002905426E0,6.341486221E0
2.559066492E1,-1.404229889E0,-3.857628021E0,2.065404968E0,4.595547107E0
2.560060492E1,-8.412506104E-2,-3.170407104E0,1.011147308E0,3.328810165E0
2.561054392E1,5.236111450E-1,-2.181264038E0,1.836680603E-1,2.250736633E0
2.562048392E1,5.396278381E-1,-1.366957397E0,-3.793112183E-1,1.517777233E0
2.563042292E1,4.282594299E-1,-1.034947815E0,-8.870553589E-1,1.428772315E0
2.564036292E1,4.158352661E-1,-6.137237549E-1,-1.491947479E0,1.665978120E0
2.565030192E1,5.439688110E-1,-2.649490356E-2,-1.920955353E0,1.996665599E0
2.566024192E1,9.358538818E-1,5.950126648E-1,-1.774110718E0,2.092207303E0
2.567018192E1,1.100810852E0,1.143023071E0,-1.329535217E0,2.070253648E0
2.568012092E1,6.824308777E-1,1.511706390E0,-9.054670715E-1,1.889666302E0
2.569006092E1,-2.694396973E-3,1.577868805E0,-7.125183105E-1,1.731288413E0
2.569999992E1,-4.969665527E-1,1.095571747E0,-3.237767029E-1,1.245826858E0
2.570993992E1,-8.520281982E-1,4.328997803E-1,2.438429260E-1,9.863131566E-1
2.571987892E1,-1.139131165E0,-8.607101440E-2,7.161108398E-1,1.348273995E0
2.572981892E1,-1.301094360E0,-5.683680725E-1,1.137334900E0,1.819180990E0
2.573975792E1,-1.199455719E0,-1.220861206E0,1.536854095E0,2.300242730E0
2.574969792E1,-9.051676941E-1,-2.142794037E0,2.151475983E0,3.168555466E0
2.575963692E1,-7.393125916E-1,-3.432961121E0,3.483106842E0,4.946093250E0
2.576957692E1,-5.661227417E-1,-5.090314636E0,5.994284821E0,7.884367353E0
2.577951592E1,1.407073975E-1,-6.846762085E0,6.642736359E0,9.540644420E0
2.578945592E1,1.658850403E0,-7.030430145E0,2.312690735E-1,7.227186041E0
2.579939492E1,4.369114380E0,-6.707551575E0,-2.607577515E0,8.419018297E0
2.580933492E1,9.861941986E0,-9.013206940E0,2.303110657E0,1.355729021E1
2.581927492E1,1.801219345E1,-1.409888123E1,1.142469223E1,2.556836243E1
2.582921392E1,1.988749374E1,-1.514610352E1,-2.877915344E0,2.516345079E1
2.583915392E1,2.534319855E1,-1.955757980E1,-3.690276031E0,3.222413346E1
2.584909292E1,3.447226456E1,-2.994403107E1,6.511758728E0,4.612358423E1
2.585903292E1,3.767814789E1,-3.138957504E1,6.625522156E0,4.948581406E1
2.586897192E1,3.295052902E1,-2.626064072E1,6.790329437E0,4.267865025E1
2.587891192E1,2.771501633E1,-1.862771347E1,1.318458252E1,3.590190880E1
2.588885092E1,2.541265411E1,-1.252265900E1,8.177494812E0,2.948713955E1
2.589879092E1,2.488874359E1,-1.080078964E1,1.943558350E0,2.720080943E1
2.590872992E1,2.576996109E1,-9.390123138E0,3.088227997E0,2.760076918E1
2.591866992E1,2.525593002E1,-9.204958191E0,3.117417297E0,2.706125546E1
2.592860892E1,2.257021500E1,-1.077324692E1,-5.025050354E-1,2.501459505E1
2.593854892E1,2.043939606E1,-1.121991806E1,-2.860551453E0,2.349123724E1
2.594848792E1,1.818792801E1,-1.068897217E1,-4.111799469E0,2.149329538E1
2.595842792E1,1.533590881E1,-9.946366425E0,-4.986730042E0,1.894697286E1
2.596836792E1,1.258687546E1,-9.002129974E0,-4.172573090E0,1.602741851E1
2.597830692E1,1.062340851E1,-7.915539551E0,-3.059038696E0,1.359670153E1
2.598824692E1,9.081315308E0,-6.508016510E0,-1.842219086E0,1.132335365E1
2.599818592E1,7.314389648E0,-4.968018951E0,-1.917512512E-1,8.844109722E0
2.600812592E1,5.351970520E0,-3.829187164E0,1.792372742E0,6.820473798E0
2.601806492E1,3.336262207E0,-3.302432556E0,3.018023987E0,5.580786243E0
2.602800492E1,1.438807983E0,-2.937641144E0,2.964585114E0,4.414597241E0
2.603794392E1,1.076261902E-1,-2.418071594E0,2.465522919E0,3.455062502E0
2.604788392E1,-8.487350464E-1,-1.900298309E0,2.444865875E0,3.210740412E0
2.605782292E1,-2.184108124E0,-1.440454559E0,3.072959747E0,4.035878993E0
2.606776292E1,-4.384981384E0,-1.260528717E0,4.095483398E0,6.131066682E0
2.607770192E1,-6.882537689E0,-1.659748535E0,5.117258606E0,8.735583889E0
2.608764192E1,-7.896379395E0,-2.164947968E0,5.028792572E0,9.608775259E0
2.609758092E1,-5.847290497E0,-3.422931976E0,4.621489563E0,8.201550783E0
2.610752092E1,-2.748733978E0,-5.017715607E0,4.494403839E0,7.275484469E0
2.611746092E1,-4.837939453E-1,-6.032455444E0,4.486769714E0,7.533636422E0
2.612739992E1,3.261717224E-1,-6.182742920E0,3.881278839E0,7.307326695E0
2.613733992E1,1.941462708E-1,-5.079237671E0,1.960323486E0,5.447863459E0
2.614727892E1,1.326242065E-1,-3.751498718E0,-4.689747620E-1,3.783023809E0
2.615721892E1,8.437953186E-1,-2.607577515E0,-2.377356262E0,3.628122632E0
2.616715792E1,9.777667236E-1,-1.845961304E0,-3.177741852E0,3.802846852E0
2.617709792E1,8.443940735E-1,-1.061592407E0,-3.302282867E0,3.570021278E0
2.618703692E1,7.577243042E-1,-4.046086121E-1,-3.234623566E0,3.346736300E0
2.619697692E1,5.236111450E-1,1.681004333E-1,-3.106490021E0,3.154791061E0
2.620691592E1,4.625381470E-2,5.698649597E-1,-2.822530518E0,2.879854859E0
2.621685592E1,-3.490740967E-1,7.138655090E-1,-2.244881744E0,2.381375807E0
2.622679492E1,-5.777984619E-1,8.439450073E-1,-1.537153473E0,1.846330154E0
2.623673492E1,-7.059320068E-1,9.765692139E-1,-1.015787659E0,1.576024110E0
2.624667392E1,-6.786886597E-1,1.099763031E0,-6.933581543E-1,1.466575109E0
2.625661392E1,-4.855902100E-1,1.103056183E0,-4.334985352E-1,1.280801224E0
2.626655392E1,-1.092727661E-1,9.654922485E-1,-2.248324585E-1,9.973291602E-1
2.627649292E1,1.432521057E-1,7.713459778E-1,-1.143621826E-1,7.928268992E-1
2.628643292E1,5.878276062E-1,5.008584595E-1,1.375339966E0,1.577327015E0
2.629637192E1,2.065704346E0,-4.447251892E-1,8.127798157E0,8.397977007E0
2.630631192E1,2.428400116E0,-2.177970886E0,7.506290588E0,8.184441502E0
2.631625092E1,4.722978516E0,-4.601431274E0,4.496349792E0,7.981031092E0
2.632619092E1,8.083190918E0,-6.457870789E0,4.361929321E0,1.122802289E1
2.633612992E1,1.172272247E1,-8.490942993E0,1.112486572E1,1.825598457E1
2.634606992E1,1.370310425E1,-9.645043030E0,-1.030756531E0,1.678881711E1
2.635600892E1,1.759486130E1,-1.218855377E1,-5.551505585E0,2.211242188E1
2.636594892E1,2.711371674E1,-1.935056030E1,-1.918710022E0,3.336583983E1
2.637588792E1,3.591975449E1,-3.001318726E1,9.401798859E0,4.774320887E1
2.638582792E1,3.973621811E1,-3.325873810E1,8.920399933E0,5.258026459E1
2.639576692E1,3.638109512E1,-3.129646866E1,6.096821594E0,4.837586450E1
2.640570692E1,2.896746185E1,-2.643188461E1,1.053075119E1,4.060363396E1
2.641564692E1,2.424478271E1,-1.831246902E1,9.110055542E0,3.171985376E1
2.642558592E1,2.303065750E1,-1.372046814E1,5.152734833E0,2.729859167E1
2.643552592E1,2.187760529E1,-1.101963455E1,5.130431213E0,2.502765037E1
2.644546492E1,1.998733612E1,-1.184816162E1,1.894909515E0,2.331229764E1
2.645540492E1,1.866304001E1,-1.412567551E1,-1.148561554E0,2.343422635E1
2.646534392E1,1.741269012E1,-1.526046570E1,-2.207459564E0,2.325847090E1
2.647528392E1,1.539892776E1,-1.454046295E1,-2.502046967E0,2.132632829E1
2.648522292E1,1.344953156E1,-1.226639191E1,-2.273322601E0,1.834454320E1
2.649516292E1,1.190294769E1,-9.717342682E0,-2.056423645E0,1.550276720E1
2.650510192E1,1.039124130E1,-7.311246185E0,-1.361269226E0,1.277831251E1
2.651504192E1,8.905880127E0,-4.998405762E0,1.266366577E-1,1.021346160E1
2.652498092E1,7.282056885E0,-2.889441376E0,1.803300018E0,8.039223525E0
2.653492092E1,5.408403168E0,-1.463506622E0,2.884202271E0,6.301690186E0
2.654485992E1,3.603157196E0,-5.472619629E-1,3.021915894E0,4.734365121E0
2.655479992E1,1.947300568E0,-2.372566223E-1,2.412682800E0,3.109551173E0
2.656474042E1,4.923262024E-1,-1.221459961E-1,1.769170990E0,1.840453946E0
2.657467942E1,-9.671388245E-1,1.574725342E-1,1.270707550E0,1.604634782E0
2.658461942E1,-2.768792267E0,6.024971008E-1,8.375083923E-1,2.954764573E0
2.659455842E1,-4.523593140E0,1.149459686E0,8.937913513E-1,4.752159030E0
2.660449842E1,-5.637875977E0,1.592089233E0,1.685794373E0,6.096088608E0
2.661443742E1,-5.888305206E0,1.812730408E0,2.302212524E0,6.577105157E0
2.662437742E1,-5.731281738E0,1.397194519E0,2.743644562E0,6.505945617E0
2.663431642E1,-3.370690613E0,-3.541635132E-1,3.669169922E0,4.994976969E0
2.664425642E1,-1.090033264E0,-2.437830505E0,4.251159668E0,5.020313597E0
2.665419542E1,-4.203259277E-1,-3.701053619E0,4.246519318E0,5.648663390E0
2.666413542E1,-2.481838989E-1,-3.991000671E0,3.285667419E0,5.175450898E0
2.667407442E1,-2.125579834E-1,-3.582500153E0,1.552272034E0,3.910119782E0
2.668401442E1,-2.095642090E-2,-2.725981293E0,-1.869612122E-1,2.732465494E0
2.669395342E1,3.655398560E-1,-1.789528656E0,-1.291065216E0,2.236712228E0
2.670389342E1,2.763253784E-1,-1.372495880E0,-1.774859161E0,2.260580832E0
2.671383342E1,9.430389404E-3,-1.018182678E0,-1.993554382E0,2.238536123E0
2.672377242E1,-1.904040527E-1,-7.619155884E-1,-1.911075897E0,2.066151048E0
2.673371242E1,-2.880010986E-1,-4.237687683E-1,-1.763632507E0,1.836552265E0
2.674365142E1,-2.204914856E-1,-7.259902954E-2,-1.608704681E0,1.625366994E0
2.675359142E1,-1.240919495E-1,1.802252197E-1,-1.451531525E0,1.467931779E0
2.676353042E1,-1.490899658E-1,3.182382202E-1,-1.303339691E0,1.349888045E0
2.677347042E1,-3.378474426E-1,4.119433594E-1,-9.604028320E-1,1.098276753E0
2.678340942E1,-5.469625854E-1,4.022135925E-1,-4.685256958E-1,8.249000979E-1
2.679334942E1,-6.798861694E-1,4.005670166E-1,2.909948730E-1,8.410571647E-1
2.680328842E1,-7.469467163E-1,2.734812927E-1,2.192341003E0,2.332183631E0
2.681322842E1,-6.373745728E-1,-4.836442566E-1,3.768712921E0,3.852707515E0
2.682316742E1,-2.459385681E-1,-1.943708038E0,5.059478760E0,5.425570204E0
2.683310742E1,5.590873718E-1,-3.894451447E0,5.953419800E0,7.136002948E0
2.684304742E1,2.181114349E0,-5.621859283E0,2.987487488E0,6.729609431E0
2.685298642E1,3.404370575E0,-5.350473633E0,-5.584886169E-1,6.366256093E0
2.686292642E1,6.847809906E0,-6.826404419E0,4.048481140E0,1.048248527E1
2.687286542E1,1.324281143E1,-1.028975235E1,1.363409775E1,2.161341434E1
2.688280542E1,1.475541595E1,-1.209859085E1,1.588047638E0,1.914732608E1
2.689274442E1,1.602492599E1,-1.436278244E1,-4.295916595E0,2.194408057E1
2.690268442E1,2.514980072E1,-2.206306961E1,-9.605525208E-1,3.346960081E1
2.691262342E1,3.667179062E1,-3.215613098E1,3.737877045E0,4.891634401E1
2.692256342E1,4.321962433E1,-3.461312164E1,3.783382416E0,5.550061351E1
2.693250242E1,3.892041458E1,-3.303734848E1,7.621101837E0,5.161730581E1
2.694244242E1,2.833697296E1,-2.420960587E1,1.043839325E1,3.870463934E1
2.695238142E1,2.309038330E1,-1.466171082E1,8.577163696E0,2.866529787E1
2.696232142E1,2.224030106E1,-9.690698090E0,6.968608704E0,2.524088207E1
2.697226042E1,2.144365768E1,-7.190597076E0,6.268065491E0,2.346963541E1
2.698220042E1,2.089310257E1,-7.164551239E0,5.463338928E0,2.275303500E1
2.699213942E1,2.019749908E1,-8.554111633E0,4.490062866E0,2.238911476E1
2.700207942E1,1.910611862E1,-1.028675858E1,3.229833527E0,2.193839090E1
2.701201942E1,1.721869354E1,-1.143008102E1,2.751128998E0,2.084943333E1
2.702195842E1,1.466635117E1,-1.127081223E1,2.510130157E0,1.866638203E1
2.703189842E1,1.228420486E1,-1.036250107E1,2.132166138E0,1.621200944E1
2.704183742E1,1.053329590E1,-8.806786194E0,1.420545959E0,1.380317921E1
2.705177742E1,8.621770935E0,-6.906338196E0,5.677693176E-1,1.106141055E1
2.706171642E1,6.515351257E0,-4.986280975E0,2.993774414E-4,8.204437827E0
2.707165642E1,4.597838745E0,-3.376079407E0,-1.345701599E-1,5.705799016E0
2.708159542E1,2.953059082E0,-2.407743073E0,-1.438508606E-1,3.812935577E0
2.709153542E1,1.295555878E0,-1.916764069E0,-1.734892273E-1,2.320031905E0
2.710147442E1,-3.206332397E-1,-1.559756470E0,-2.609074402E-1,1.613604230E0
2.711141442E1,-1.435215454E0,-1.185684357E0,-5.713618469E-1,1.947343101E0
2.712135342E1,-2.392774200E0,-8.524772644E-1,-9.583071899E-1,2.714855158E0
2.713129342E1,-3.391796722E0,-4.851411438E-1,-1.215921478E0,3.635672149E0
2.714123242E1,-4.237687683E0,-7.544311523E-2,-1.150357819E0,4.391698040E0
2.715117242E1,-4.667743378E0,2.677931213E-1,-8.343649292E-1,4.749284813E0
2.716111242E1,-4.625980225E0,5.532495117E-1,-3.335064697E-1,4.670867652E0
2.717105142E1,-4.304748230E0,6.072871399E-1,4.032614136E-1,4.366036505E0
2.718099142E1,-3.579656067E0,4.330494690E-1,1.123563538E0,3.776753159E0
2.719093042E1,-2.497256927E0,-2.694396973E-2,1.611997833E0,2.972466174E0
2.720087042E1,-1.525777130E0,-6.758445740E-1,1.822759552E0,2.471277832E0
2.721080942E1,-8.433462524E-1,-1.443448334E0,1.879192200E0,2.515181766E0
2.722074942E1,-2.195933533E-1,-2.067051544E0,1.726809082E0,2.702368023E0
2.723068842E1,1.537303162E-1,-2.310445404E0,1.421893158E0,2.717272737E0
2.724062842E1,1.326242065E-1,-2.064506836E0,9.815089417E-1,2.289789828E0
2.725056742E1,-8.741821289E-2,-1.512454834E0,4.020639038E-1,1.567423667E0
2.726050742E1,-2.743794250E-1,-1.069076843E0,-1.321751404E-1,1.111611278E0
2.727044642E1,-2.004331970E-1,-6.593788147E-1,-6.364764404E-1,9.381130779E-1
2.728038642E1,2.574645996E-2,-4.299060059E-1,-1.074914703E0,1.157982588E0
2.729032542E1,8.786727905E-2,-1.366658020E-1,-1.085841980E0,1.097930328E0
2.730026542E1,-1.600172424E-1,1.827699280E-1,-7.783813477E-1,8.154065776E-1
2.731020442E1,-3.806584167E-1,3.710783386E-1,-5.771997070E-1,7.847034251E-1
2.732014442E1,-1.781295776E-1,3.558100891E-1,-4.444258118E-1,5.965276759E-1
2.733008442E1,2.267784119E-1,2.448907471E-1,-3.537144470E-1,4.863268820E-1
2.734002342E1,6.474037170E-1,-3.667373657E-2,2.580633545E-1,6.979063194E-1
2.734996342E1,2.259551239E0,-4.661306763E-1,8.744515686E0,9.043749454E0
2.735990242E1,3.605552216E0,-2.393073578E0,1.195608719E1,1.271514171E1
2.736984242E1,4.186793518E0,-3.664828949E0,2.073488159E0,5.937976451E0
2.737978142E1,4.584217072E0,-3.600013733E0,-2.393672333E0,6.301175468E0
2.738972142E1,7.204069061E0,-5.067262573E0,-1.759441223E0,8.981725583E0
2.739966042E1,1.181777481E1,-8.369844818E0,2.397264862E0,1.467858926E1
2.740960042E1,1.679657135E1,-1.220876175E1,1.055604858E0,2.079165636E1
2.741953942E1,2.356100464E1,-1.765413803E1,-4.742138672E-1,2.944510839E1
2.742947942E1,3.224983612E1,-2.543660431E1,9.969268799E-1,4.108608806E1
2.743941842E1,3.882221878E1,-3.082704483E1,7.755372620E-1,4.957895544E1
2.744935842E1,3.904944626E1,-3.524825089E1,4.506528625E0,5.279779582E1
2.745929742E1,3.020658508E1,-3.251957520E1,7.099885712E0,4.494851422E1
2.746923742E1,2.326521973E1,-2.536654999E1,8.230334930E0,3.539026307E1
2.747917742E1,2.282767960E1,-1.720312592E1,7.697742462E0,2.960246165E1
2.748911642E1,2.376353348E1,-1.320553894E1,6.528224487E0,2.795906824E1
2.749905642E1,2.239013947E1,-1.024499542E1,6.476132812E0,2.546013693E1
2.750899542E1,2.043251038E1,-9.090745697E0,5.780229950E0,2.309848904E1
2.751893542E1,1.838416992E1,-8.962761841E0,3.524720306E0,2.075409494E1
2.752887442E1,1.650422928E1,-8.244705048E0,1.844165039E0,1.854091934E1
2.753881442E1,1.474763214E1,-7.325167236E0,7.695497131E-1,1.648462725E1
2.754875342E1,1.276066406E1,-6.912026367E0,-4.315525818E-1,1.451884615E1
2.755869342E1,1.080498093E1,-6.643185425E0,-1.241218872E0,1.274441641E1
2.756863204E1,8.978030090E0,-6.145171051E0,-1.878743134E0,1.104073491E1
2.757857204E1,6.822512512E0,-5.431754608E0,-2.263143768E0,9.009575729E0
2.758851104E1,4.419709167E0,-4.535568237E0,-1.891766052E0,6.609386292E0
2.759845104E1,2.554737396E0,-3.529809723E0,-9.102571106E-1,4.451382690E0
2.760839004E1,1.070424042E0,-2.711760864E0,-1.889071655E-1,2.921496283E0
2.761833004E1,-3.574566650E-1,-1.839075623E0,7.843688965E-2,1.875133798E0
2.762826904E1,-1.385369110E0,-1.081650696E0,4.188290405E-1,1.806829700E0
2.763820904E1,-2.287692719E0,-3.276686096E-1,5.646258545E-1,2.379013881E0
2.764814904E1,-3.324436798E0,4.230203247E-1,5.978567505E-1,3.404153186E0
2.765808804E1,-4.339326324E0,9.744735718E-1,5.779481506E-1,4.484793837E0
2.766802804E1,-5.238955536E0,1.060544586E0,7.400610352E-1,5.396211658E0
2.767796704E1,-5.649851074E0,7.595205688E-1,1.095122681E0,5.804910192E0
2.768790704E1,-4.988077240E0,-1.496887207E-1,1.999541931E0,5.376010528E0
2.769784604E1,-3.725752258E0,-1.612746277E0,3.307671661E0,5.236685236E0
2.770778604E1,-2.813848572E0,-3.443888397E0,4.588108978E0,6.389746088E0
2.771772504E1,-2.095043335E0,-4.821024628E0,5.109325104E0,7.330531226E0
2.772766504E1,-1.523531799E0,-5.278623047E0,4.359384613E0,7.013504446E0
2.773760404E1,-1.399290161E0,-4.967120819E0,2.829116821E0,5.885083192E0
2.774754404E1,-1.389261017E0,-4.028123474E0,1.360520782E0,4.472900814E0
2.775748304E1,-1.050066376E0,-2.858755188E0,5.351371765E-1,3.092166298E0
2.776742304E1,-6.084846497E-1,-1.941462708E0,1.239422607E-1,2.038355390E0
2.777736204E1,8.232879639E-3,-1.110540619E0,-2.646496582E-1,1.141668817E0
2.778730204E1,6.358776855E-1,-3.902384949E-1,-7.394622803E-1,1.050443229E0
2.779724204E1,9.806108093E-1,1.760339355E-1,-1.190025330E0,1.552013464E0
2.780718104E1,1.210532684E0,5.375321960E-1,-1.532363434E0,2.025454995E0
2.781712104E1,1.335073700E0,6.539900208E-1,-1.652114410E0,2.222522611E0
2.782706004E1,1.177451477E0,6.307882690E-1,-1.649120636E0,2.122235777E0
2.783700004E1,1.182091827E0,3.909869385E-1,-1.471440125E0,1.927523778E0
2.784693904E1,1.444496155E0,2.978805542E-2,-1.347198486E0,1.975449374E0
2.785687904E1,1.667981415E0,-4.302053833E-1,-1.296154633E0,2.155749406E0
2.786681804E1,1.922901306E0,-1.060843964E0,-1.190175018E0,2.497890294E0
2.787675804E1,2.509980469E0,-1.967209167E0,-3.906875610E-1,3.212872645E0
2.788669704E1,4.469405823E0,-4.219874725E0,7.840395813E0,9.962667194E0
2.789663704E1,8.710536346E0,-7.204667816E0,1.543380524E1,1.913068284E1
2.790657604E1,1.187555466E1,-8.966504059E0,9.992470551E0,1.792418649E1
2.791651604E1,1.267025208E1,-9.348060608E0,5.951623535E-1,1.575676816E1
2.792645504E1,1.759590912E1,-1.177002411E1,1.386117554E0,2.121487231E1
2.793639504E1,2.431004700E1,-1.398362091E1,-1.495090942E0,2.808478833E1
2.794633404E1,3.268947189E1,-1.838881027E1,-1.140927429E0,3.752401406E1
2.795627404E1,3.838288239E1,-2.400393356E1,8.080795898E0,4.598623434E1
2.796621404E1,3.685276428E1,-2.465268448E1,8.404422913E0,4.512776764E1
2.797615304E1,3.012260971E1,-2.355606491E1,6.468648376E0,3.878276965E1
2.798609304E1,2.636347687E1,-2.176144684E1,9.800719299E0,3.556188381E1
2.799603204E1,2.437725723E1,-1.753992554E1,7.727231140E0,3.100983327E1
2.800597204E1,2.224374390E1,-1.445633789E1,5.897735596E0,2.717633406E1
2.801591104E1,2.000395157E1,-1.388901764E1,4.903952179E0,2.484173175E1
2.802585104E1,1.838162521E1,-1.471140747E1,1.665586395E0,2.360262344E1
2.803579004E1,1.712483871E1,-1.554457489E1,-1.273851013E-1,2.312812436E1
2.804573004E1,1.572045914E1,-1.561268326E1,-5.739065552E-1,2.216344023E1
2.805566904E1,1.348291214E1,-1.478176117E1,-6.201603699E-1,2.001684246E1
2.806560904E1,1.112082413E1,-1.276859756E1,-2.065704346E-1,1.693376758E1
2.807554804E1,9.026379547E0,-1.007105713E1,4.977149963E-1,1.353327158E1
2.808548804E1,7.303612061E0,-7.313491516E0,1.380728760E0,1.042767084E1
2.809542704E1,5.880371704E0,-4.653073883E0,2.389331360E0,7.870118950E0
2.810536704E1,4.547243958E0,-2.174378357E0,3.179987183E0,5.959670069E0
2.811530604E1,3.176694031E0,-2.137554932E-1,3.348836060E0,4.620798560E0
2.812524604E1,1.860630798E0,8.774752808E-1,2.908451843E0,3.562443257E0
2.813518604E1,8.599617004E-1,1.331780548E0,2.298170929E0,2.791910309E0
2.814512504E1,3.140469360E-1,1.491498413E0,1.850601654E0,2.397481903E0
2.815506504E1,-3.421884155E-1,1.459015961E0,1.320553894E0,1.997419103E0
2.816500404E1,-1.227148132E0,1.504072266E0,8.988807678E-1,2.139185021E0
2.817494404E1,-2.188898163E0,1.710493011E0,3.885919189E-1,2.805007164E0
2.818488304E1,-2.951562195E0,1.998943176E0,1.157093811E-1,3.566634530E0
2.819482304E1,-3.293002167E0,2.172432404E0,5.758525085E-1,3.986844859E0
2.820476204E1,-3.039279785E0,2.009571075E0,1.635349274E0,3.993740698E0
2.821470204E1,-2.087259521E0,1.293609924E0,2.647394714E0,3.610924774E0
2.822464104E1,-9.385482788E-1,-3.727249146E-1,3.061733093E0,3.223973677E0
2.823458104E1,-2.236349487E-1,-2.198178864E0,3.198099518E0,3.887138206E0
2.824452004E1,2.499801636E-2,-3.384012909E0,3.307072906E0,4.731690974E0
2.825446004E1,-2.035766602E-1,-3.969894562E0,2.986589355E0,4.972044073E0
2.826439904E1,-8.418493652E-1,-4.088148651E0,1.942061462E0,4.603615152E0
2.827433904E1,-1.363364868E0,-3.790268097E0,5.983058167E-1,4.072206510E0
2.828427904E1,-1.477128296E0,-3.181035004E0,-6.402186584E-1,3.565216912E0
2.829421804E1,-1.352736969E0,-2.633473663E0,-1.347348175E0,3.252756976E0
2.830415804E1,-1.225501556E0,-2.296674042E0,-1.707798615E0,3.113381092E0
2.831409704E1,-9.415420532E-1,-1.867067413E0,-1.912273407E0,2.833589905E0
2.832403704E1,-5.001100159E-1,-1.345551910E0,-1.910926208E0,2.390033252E0
2.833397604E1,-1.478924561E-1,-8.463400269E-1,-1.844165039E0,2.034479862E0
2.834391604E1,-1.901046753E-2,-4.502636719E-1,-1.863624573E0,1.917340690E0
2.835385504E1,1.796264648E-3,-1.713935852E-1,-1.892514496E0,1.900260536E0
2.836379504E1,6.541397095E-2,-1.112187195E-1,-1.787283325E0,1.791934786E0
2.837373404E1,1.501377869E-1,-2.838098145E-1,-1.694925385E0,1.725068528E0
2.838367404E1,4.355941772E-2,-6.477030945E-1,-1.728904724E0,1.846761562E0
2.839361304E1,2.345622253E-1,-1.347198486E0,-1.494043121E0,2.025371089E0
2.840355304E1,1.035546570E0,-2.242636414E0,-4.722679138E-1,2.514917844E0
2.841349204E1,3.177292786E0,-3.622017975E0,6.165229340E0,7.824593054E0
2.842343204E1,7.651937714E0,-3.524271240E0,1.105106918E1,1.389599830E1
2.843337104E1,1.151944519E1,-4.204307098E0,1.043180695E1,1.609957800E1
2.844331104E1,1.116782639E1,-5.982609100E0,1.482517090E0,1.275577574E1
2.845325104E1,1.250813919E1,-7.832162933E0,-2.567161560E0,1.497954074E1
2.846319004E1,1.995605118E1,-1.199365906E1,1.688039703E0,2.334397812E1
2.847313004E1,3.070684479E1,-1.854763000E1,4.655618591E0,3.617457229E1
2.848306904E1,4.070380600E1,-2.542223419E1,5.697452087E0,4.832753640E1
2.849300904E1,4.251593765E1,-2.939452377E1,4.747976532E0,5.190555137E1
2.850294804E1,3.931409592E1,-3.014162018E1,3.187022552E0,4.964143952E1
2.851288804E1,2.923061462E1,-2.895967804E1,5.165757751E0,4.147019215E1
2.852282704E1,2.151535858E1,-2.381966675E1,5.571713562E0,3.257807807E1
2.853276704E1,2.095013397E1,-1.723770401E1,6.482270050E0,2.789384122E1
2.854270604E1,2.127630569E1,-1.290451492E1,6.654711456E0,2.575835542E1
2.855264604E1,2.085029160E1,-1.001357666E1,6.382577362E0,2.399465922E1
2.856258504E1,2.011322433E1,-8.189769287E0,5.733976135E0,2.246091264E1
2.857252504E1,1.870659943E1,-7.637567596E0,3.589834900E0,2.052209091E1
2.858246404E1,1.659628784E1,-7.376061401E0,1.944755859E0,1.826540794E1
2.859240404E1,1.407538010E1,-6.885381775E0,1.030457153E0,1.570307769E1
2.860234304E1,1.159084671E1,-6.158792725E0,2.279759216E-1,1.312746847E1
2.861228304E1,9.096882935E0,-5.316494293E0,-6.039939880E-1,1.055382392E1
2.862222304E1,6.714287567E0,-4.346361694E0,-1.020428009E0,8.063112974E0
2.863216204E1,4.589605865E0,-3.419189758E0,-1.042132874E0,5.817334573E0
2.864210204E1,2.669698334E0,-2.769091644E0,-9.919871521E-1,3.972303644E0
2.865204104E1,9.324110413E-1,-2.431094513E0,-1.006656647E0,2.791588882E0
2.866198104E1,-2.752775574E-1,-2.279759216E0,-9.466314697E-1,2.483785610E0
2.867192004E1,-1.076261902E0,-2.161654816E0,-4.692741394E-1,2.459940943E0
2.868186004E1,-2.071691895E0,-2.136806488E0,4.999603271E-2,2.976633816E0
2.869179904E1,-3.519181824E0,-1.907483368E0,1.091230774E-1,4.004377774E0
2.870173904E1,-4.741689606E0,-1.539099426E0,3.653901672E-1,4.998595536E0
2.871167804E1,-5.642216949E0,-1.330133972E0,8.756790161E-1,5.862651467E0
2.872161804E1,-6.148913269E0,-1.297202454E0,1.138233032E0,6.386504759E0
2.873155704E1,-5.885760498E0,-1.588496704E0,1.335971832E0,6.241019080E0
2.874149704E1,-4.479434967E0,-2.282154236E0,2.507585449E0,5.617966747E0
2.875143604E1,-2.655028839E0,-3.125051422E0,4.144880676E0,5.830536883E0
2.876137604E1,-9.240284729E-1,-3.737727356E0,5.394182739E0,6.627340479E0
2.877131604E1,4.086502075E-2,-3.700005798E0,5.407654724E0,6.552437903E0
2.878125504E1,-1.237925720E-1,-3.093467102E0,3.801494751E0,4.902675357E0
2.879119504E1,-5.773493958E-1,-2.236349487E0,1.768272858E0,2.908845175E0
2.880113404E1,-6.471043396E-1,-1.394649811E0,1.435514832E-1,1.544149976E0
2.881107404E1,-2.713856506E-1,-8.922944641E-1,-8.876541138E-1,1.287543944E0
2.882101304E1,1.856140137E-1,-6.768923950E-1,-1.479673004E0,1.637702072E0
2.883095304E1,2.977308655E-1,-1.938468933E-1,-1.655706940E0,1.693394743E0
2.884089204E1,1.923500061E-1,2.694396973E-1,-1.569486237E0,1.604020986E0
2.885083204E1,8.158035278E-2,4.867877197E-1,-1.389111328E0,1.474193990E0
2.886077104E1,-1.197509766E-3,6.081852722E-1,-1.060245209E0,1.222297289E0
2.887071104E1,1.481918335E-2,8.186476135E-1,-4.909790039E-1,9.547061881E-1
2.888065004E1,2.963836670E-2,1.033301239E0,1.163081360E-1,1.040248752E0
2.889059004E1,8.307723999E-2,1.050066376E0,3.894900513E-1,1.123051077E0
2.890052904E1,1.752854919E-1,6.661148071E-1,1.311273193E-1,7.011621167E-1
2.891046904E1,2.676434326E-1,-6.286926270E-3,-5.161267090E-1,5.814286819E-1
2.892040804E1,5.243595886E-1,-7.923023987E-1,-9.922865295E-1,1.373800796E0
2.893034804E1,1.032552795E0,-1.681902466E0,-1.070573730E0,2.245237024E0
2.894028804E1,2.078577576E0,-3.324287109E0,1.212927704E0,4.103969193E0
2.895022704E1,5.037025452E0,-6.146069183E0,9.084009705E0,1.206917661E1
2.896016704E1,9.336833954E0,-7.855214996E0,7.820487213E0,1.449278756E1
2.897010604E1,1.302052368E1,-9.440568237E0,2.092648315E0,1.621843219E1
2.898004604E1,1.512365021E1,-1.085991669E1,-2.139500885E0,1.874139936E1
2.898998504E1,2.131268005E1,-1.488489670E1,-3.078498230E0,2.617761701E1
2.899992504E1,3.296130661E1,-2.256183243E1,-1.517843628E-1,3.994379870E1
2.900986404E1,4.663147934E1,-3.290711929E1,5.136119385E0,5.730404076E1
2.901980404E1,4.816204651E1,-3.520304489E1,2.696193237E0,5.971688665E1
2.902974304E1,3.910542984E1,-3.262226166E1,5.246290283E0,5.119541152E1
2.903968304E1,3.109588577E1,-2.562251770E1,1.034378998E1,4.159881629E1
2.904962204E1,2.670536591E1,-1.646471146E1,1.045830185E1,3.307021876E1
2.905956204E1,2.475477219E1,-1.101679047E1,7.908204803E0,2.822601852E1
2.906950104E1,2.185560104E1,-7.517068176E0,6.482868805E0,2.400419128E1
2.907944104E1,1.912767380E1,-6.405180359E0,4.994214478E0,2.078067416E1
2.908938004E1,1.729608261E1,-7.122039642E0,3.159479828E0,1.896998248E1
2.909932004E1,1.628972534E1,-8.766669617E0,1.983076172E0,1.860489825E1
2.910926004E1,1.505928406E1,-9.615105286E0,9.945318604E-1,1.789473050E1
2.911919904E1,1.362466736E1,-9.107810211E0,1.320254517E-1,1.638905727E1
2.912913904E1,1.159967834E1,-7.817194061E0,-5.364843750E-1,1.399817403E1
2.913907804E1,9.125473480E0,-6.385271759E0,-6.224057007E-1,1.115496977E1
2.914901804E1,6.574627991E0,-5.165009308E0,-4.203259277E-1,8.371363584E0
2.915895704E1,3.835324402E0,-4.099824371E0,-5.578898621E-1,5.641765171E0
2.916889704E1,1.027613068E0,-3.009342041E0,-1.005459137E0,3.335127616E0
2.917883604E1,-1.126707001E0,-1.962868195E0,-1.297801208E0,2.608947717E0
2.918877604E1,-2.380799103E0,-1.287322998E0,-7.864645386E-1,2.818498064E0
2.919871504E1,-3.450175323E0,-8.125103760E-1,1.956431580E-1,3.549951988E0
2.920865504E1,-4.673132172E0,-4.324507141E-1,6.454577637E-1,4.737277028E0
2.921859404E1,-5.432802429E0,-1.553768921E-1,9.178912354E-1,5.511987712E0
2.922853404E1,-5.911956024E0,6.840774536E-2,1.004261627E0,5.997036357E0
2.923847304E1,-6.085744629E0,1.567240906E-1,1.266815643E0,6.218172722E0
2.924841304E1,-6.062842255E0,2.639012146E-1,1.484762421E0,6.247577090E0
2.925835204E1,-5.137316895E0,2.637515259E-1,1.196761322E0,5.281460726E0
2.926829204E1,-3.084785156E0,-3.589535522E-1,1.331331482E0,3.378933357E0
2.927823204E1,-1.458117828E0,-1.418450317E0,2.211950226E0,3.005134391E0
2.928817104E1,-6.346801758E-1,-2.363135834E0,2.676434326E0,3.626366032E0
2.929811104E1,-1.579216003E-1,-2.731220398E0,2.436782684E0,3.663661276E0
2.930805004E1,-1.751358032E-2,-2.431992645E0,1.750010834E0,2.996236451E0
2.931799004E1,1.315763855E-1,-1.722617798E0,9.722282410E-1,1.982410698E0
2.932792904E1,5.367837524E-1,-8.422984314E-1,4.252656555E-1,1.085566360E0
2.933786904E1,8.062234497E-1,-6.616241455E-2,1.628613281E-1,8.251651520E-1
2.934780804E1,1.029259644E0,3.737727356E-1,-8.756790161E-2,1.098521556E0
2.935774804E1,1.060993652E0,7.659571838E-1,-3.704795837E-1,1.360019507E0
2.936768704E1,8.271798706E-1,1.067130890E0,-4.665797424E-1,1.428527749E0
2.937762704E1,5.900729370E-1,1.154698792E0,-3.192860413E-1,1.335462072E0
2.938756604E1,4.731660461E-1,1.093925171E0,-1.945953369E-1,1.207652985E0
2.939750604E1,4.104464722E-1,9.382489014E-1,-2.499801636E-1,1.054166680E0
2.940744504E1,3.908372498E-1,7.141648865E-1,-3.932322693E-1,9.041110875E-1
2.941738504E1,5.450166321E-1,3.860472107E-1,-5.180726624E-1,8.452661484E-1
2.942732404E1,7.222480774E-1,-1.450483704E-1,-5.698649597E-1,9.313578192E-1
2.943726404E1,8.137078857E-1,-7.894583130E-1,-5.935157776E-1,1.279697593E0
2.944720304E1,8.804690552E-1,-1.483265533E0,-5.978567505E-1,1.825578016E0
2.945714304E1,9.921368408E-1,-2.938688965E0,1.107696533E0,3.293511796E0
2.946708304E1,1.764979706E0,-5.518723755E0,5.673651581E0,8.109364186E0
2.947702204E1,5.266647949E0,-6.340365143E0,5.016368408E0,9.648925472E0
2.948696204E1,1.225756027E1,-8.824299774E0,1.279344589E1,1.979364312E1
2.949690104E1,1.606788666E1,-1.010877869E1,1.122096588E1,2.205163176E1
2.950684104E1,1.573393112E1,-1.068433182E1,-1.735491028E0,1.909773453E1
2.951678004E1,2.035437286E1,-1.437400909E1,-5.092709656E0,2.543321300E1
2.952672004E1,3.052646988E1,-1.994736923E1,-4.337829437E0,3.672301277E1
2.953665904E1,4.224245636E1,-2.875340698E1,8.189469910E-1,5.110630300E1
2.954659904E1,4.454002853E1,-3.145932999E1,3.724554749E0,5.465689246E1
2.955653804E1,3.558624802E1,-2.888079208E1,5.471272430E0,4.615642990E1
2.956647746E1,2.447515366E1,-2.427651672E1,1.019544846E1,3.594898580E1
2.957641646E1,2.105192230E1,-1.727811996E1,1.130868347E1,2.948903498E1
2.958635646E1,2.200738541E1,-1.292382477E1,9.779313812E0,2.733103067E1
2.959629546E1,2.212444199E1,-1.046174469E1,9.430239716E0,2.622724645E1
2.960623546E1,2.090178452E1,-1.013407608E1,7.023694153E0,2.426759925E1
2.961617446E1,1.947809509E1,-1.097712296E1,4.119732971E0,2.273467872E1
2.962611446E1,1.844659012E1,-1.133098709E1,3.593876495E0,2.194502002E1
2.963605446E1,1.666619247E1,-1.116827545E1,4.017794952E0,2.046057244E1
2.964599346E1,1.424333084E1,-1.024319916E1,3.029849396E0,1.780380829E1
2.965593346E1,1.176104279E1,-8.705446930E0,1.503473511E0,1.470943120E1
2.966587246E1,9.491013336E0,-6.835685120E0,3.032693481E-1,1.170033750E1
2.967581246E1,7.090455322E0,-5.219496002E0,-5.893244934E-1,8.824114604E0
2.968575146E1,4.789589996E0,-3.925287323E0,-1.047671356E0,6.280578649E0
2.969569146E1,2.392474823E0,-2.665507050E0,-1.322499847E0,3.818097623E0
2.970563046E1,4.011657715E-1,-1.371597748E0,-1.365909576E0,1.976846815E0
2.971557046E1,-1.287322998E0,-6.336323547E-1,-1.350042572E0,1.970102893E0
2.972550946E1,-2.493514709E0,-3.441343689E-1,-1.079854431E0,2.739001581E0
2.973544946E1,-2.982248383E0,-2.341131592E-1,-5.748046875E-1,3.046147537E0
2.974538846E1,-3.068020020E0,-7.394622803E-2,-3.344046021E-1,3.087076501E0
2.975532846E1,-3.361409912E0,1.465452576E-1,-4.517605591E-1,3.394795975E0
2.976526746E1,-3.955075378E0,3.014730835E-1,-5.170248413E-1,4.000102743E0
2.977520746E1,-4.320166168E0,4.561015320E-1,-4.161346436E-1,4.364061454E0
2.978514646E1,-4.195176086E0,5.263055420E-1,-2.064207458E-1,4.233096909E0
2.979508646E1,-3.664080505E0,4.004173279E-1,5.568420410E-2,3.686315331E0
2.980502646E1,-2.548300781E0,-1.818717957E-1,4.171824646E-1,2.588620372E0
2.981496546E1,-1.754800873E0,-1.011296997E0,9.205856323E-1,2.224752936E0
2.982490546E1,-1.342707825E0,-1.998494110E0,1.483564911E0,2.828039578E0
2.983484446E1,-1.088087311E0,-2.714604950E0,1.912872162E0,3.494580653E0
2.984478446E1,-1.109642487E0,-2.736309814E0,1.976489868E0,3.553197159E0
2.985472346E1,-1.172960815E0,-2.202819214E0,1.473386078E0,2.898122858E0
2.986466346E1,-1.113085327E0,-1.343905334E0,6.956034851E-1,1.878537916E0
2.987460246E1,-9.132508850E-1,-7.223977661E-1,5.553451538E-2,1.165748598E0
2.988454246E1,-7.791297913E-1,-4.258644104E-1,-2.067201233E-1,9.116671196E-1
2.989448146E1,-6.822811890E-1,-1.784289551E-1,-1.781295776E-1,7.273751847E-1
2.990442146E1,-4.650828552E-1,1.821711731E-1,-1.362167358E-2,4.996738421E-1
2.991436046E1,-1.529818726E-1,6.580316162E-1,2.713856506E-1,7.280516689E-1
2.992430046E1,1.585203552E-1,9.021739197E-1,5.662724304E-1,1.076898765E0
2.993423946E1,5.077441406E-1,8.361611938E-1,7.029382324E-1,1.204612723E0
2.994417946E1,8.613088989E-1,5.468128967E-1,1.051263885E0,1.464927684E0
2.995411846E1,1.324445801E0,1.278341675E-1,2.276166687E0,2.636557043E0
2.996405846E1,1.934876404E0,-1.001417542E0,4.187242584E0,4.720125449E0
2.997399846E1,2.511776733E0,-2.620151367E0,3.231779480E0,4.859898574E0
2.998393746E1,4.121529236E0,-3.900588684E0,1.551224213E0,5.882847260E0
2.999387746E1,7.917635193E0,-5.618117065E0,6.246660004E0,1.154439031E1
3.000381646E1,1.188812851E1,-7.281907196E0,1.175954590E1,1.823843994E1
3.001375646E1,1.179906372E1,-7.735613708E0,1.664388885E0,1.420661165E1