"Time (s)","Acceleration x (m/s^2)","Acceleration y (m/s^2)","Acceleration z (m/s^2)","Absolute acceleration (m/s^2)"
-1.410750003E-3,3.251239014E-1,-1.041833496E-1,1.106499023E0,1.157972284E0
8.592250000E-3,9.749226379E-1,-1.270857239E-1,1.444945221E0,1.747710394E0
1.859425000E-2,1.484313354E0,-1.445993042E-1,1.289119263E0,1.971274605E0
2.859725000E-2,1.875899048E0,-1.585203552E-1,1.334325256E0,2.307498609E0
3.859925000E-2,2.128423920E0,-1.568737793E-1,1.117575989E0,2.409102292E0
4.860225000E-2,2.177821198E0,-2.948867798E-1,8.487350464E-1,2.355889335E0
5.860425000E-2,2.406096497E0,-5.086422729E-1,4.082011414E-1,2.492919069E0
6.860725000E-2,2.606978760E0,-7.273374939E-1,-5.001100159E-1,2.752356829E0
7.860925000E-2,2.837948456E0,-8.795709229E-1,-1.229842529E0,3.215604001E0
8.861225000E-2,2.420915680E0,-1.073717194E0,-1.200353851E0,2.907671011E0
9.861425000E-2,1.622326355E0,-1.267115021E0,-1.987417145E0,2.861354607E0
1.086172500E-1,6.379733276E-1,-1.062640228E0,-4.620591431E0,4.783939735E0
1.186192500E-1,1.463955688E-1,-1.083746338E0,-6.187083893E0,6.282988531E0
1.286222500E-1,1.213975525E0,-9.223818970E-1,-3.954776001E0,4.238487720E0
1.386242500E-1,1.538051605E0,-7.053332520E-1,-2.267185364E0,2.828997563E0
1.486272500E-1,1.061592407E0,-6.286926270E-1,-1.565145264E0,1.992965769E0
1.586292500E-1,5.424719238E-1,-5.441184998E-1,-1.056652679E0,1.306466844E0
1.686322500E-1,1.779798889E-1,-3.803590393E-1,-8.520281982E-1,9.498957260E-1
1.786342500E-1,-1.719923401E-1,-6.017486572E-2,-4.948709106E-1,5.273514935E-1
1.886362500E-1,-2.941383362E-1,1.199006653E-1,1.437011719E-1,3.486309756E-1
1.986392500E-1,-2.188449097E-1,1.959425354E-1,9.289682007E-1,9.743041053E-1
2.086412500E-1,-9.077124023E-1,7.005432129E-2,1.404229889E0,1.673532490E0
2.186442500E-1,-1.499581604E0,-4.565505981E-2,1.534758453E0,2.146232253E0
2.286462500E-1,-1.265618134E0,4.445755005E-2,1.833836517E0,2.228614392E0
2.386492500E-1,-5.073100433E0,-2.694396973E-3,2.864742737E0,5.826071250E0
2.486512500E-1,-1.473685455E1,-1.226998444E0,4.804409180E0,1.554872197E1
2.586542500E-1,-2.836316849E1,-2.335443420E0,6.927294617E0,2.929011836E1
2.686562500E-1,-2.938808716E1,3.843257904E0,5.459896088E0,3.013703309E1
2.786592500E-1,-3.258049850E1,1.238434662E1,1.076860657E0,3.487148624E1
2.886612500E-1,-4.200879227E1,1.435365143E1,7.826025696E0,4.507785061E1
2.986642500E-1,-4.051894043E1,9.598639526E0,1.806907516E1,4.539173814E1
3.086662500E-1,-2.984269180E1,1.069076843E1,1.913890045E1,3.702939770E1
3.186692500E-1,-2.331761078E1,1.032477951E1,1.848565887E1,3.149653359E1
3.286712500E-1,-2.169573349E1,8.195457458E0,1.775697418E1,2.920925379E1
3.386742500E-1,-1.680016388E1,5.395529938E0,1.154414383E1,2.108612118E1
3.486762500E-1,-1.436787186E1,2.566862183E0,7.445067902E0,1.638455246E1
3.586792500E-1,-2.105416763E1,2.838397522E0,8.874146118E0,2.302357367E1
3.686812500E-1,-2.869368118E1,4.273762665E0,1.165371597E1,3.126342085E1
3.786842500E-1,-2.879412231E1,4.564458160E0,1.385803207E1,3.227972756E1
3.886862500E-1,-1.894205978E1,4.143832855E0,1.223031693E1,2.292495653E1
3.986892500E-1,-1.339399704E1,3.878584442E0,8.918453979E0,1.655238337E1
4.086912500E-1,-1.130823441E1,4.064048767E0,8.090675354E0,1.448625850E1
4.186942500E-1,-9.955198059E0,4.729864197E0,7.294481049E0,1.321692239E1
4.286962500E-1,-1.030666718E1,5.988746338E0,6.469097443E0,1.356251056E1
4.386992500E-1,-1.218481155E1,7.203021240E0,6.267017670E0,1.547994374E1
4.487012500E-1,-1.267219803E1,7.424710236E0,5.851182404E0,1.580972044E1
4.587042500E-1,-1.188019501E1,6.834786987E0,5.252277832E0,1.467786664E1
4.687062500E-1,-1.184696411E1,6.390361176E0,5.176984406E0,1.442180440E1
4.787092500E-1,-1.259495865E1,5.936954041E0,4.925657043E0,1.476964806E1
4.887112500E-1,-1.313862808E1,5.194048920E0,4.660558319E0,1.487691150E1
4.987142500E-1,-1.264495468E1,4.277953949E0,4.005071411E0,1.393687074E1
5.087162500E-1,-1.173439819E1,3.379971313E0,3.352877655E0,1.266341564E1
5.187182500E-1,-1.005249573E1,2.517614594E0,2.926863556E0,1.076836031E1
5.287212500E-1,-8.116122437E0,1.700763245E0,2.683020630E0,8.715654807E0
5.387232500E-1,-6.292015686E0,1.028511200E0,2.384840698E0,6.806964216E0
5.487262500E-1,-4.829407196E0,5.114863586E-1,2.047891388E0,5.270545636E0
5.587282500E-1,-3.635639648E0,2.442919922E-1,1.962419128E0,4.138676487E0
5.687312500E-1,-2.738106079E0,-4.790039063E-2,1.828597412E0,3.292914794E0
5.787332500E-1,-2.015558624E0,-2.312690735E-1,1.814526672E0,2.721850289E0
5.887362500E-1,-1.412462769E0,-2.847079468E-1,1.650467834E0,2.190925321E0
5.987383750E-1,-8.776249695E-1,-3.294648743E-1,1.356479187E0,1.648880977E0
6.087413750E-1,-4.058061218E-1,-2.145039368E-1,1.208287354E0,1.292535832E0
6.187433750E-1,1.167572021E-2,-1.041833496E-1,1.100212097E0,1.105195526E0
6.287463750E-1,2.505789185E-1,-6.451583862E-2,8.756790161E-1,9.131077850E-1
6.387483750E-1,3.278182983E-1,-2.499801636E-2,8.110134888E-1,8.751186300E-1
6.487513750E-1,3.207829285E-1,-1.197509766E-2,7.352709961E-1,8.022895536E-1
6.587533750E-1,2.239343262E-1,-1.182540894E-2,7.439529419E-1,7.770150594E-1
6.687563750E-1,3.427871704E-1,-4.206253052E-2,3.317102051E-1,4.788569315E-1
6.787583750E-1,2.365081787E-1,-7.050338745E-2,2.830613708E-1,3.755403918E-1
6.887613750E-1,2.218386841E-1,-1.586700439E-2,6.945556641E-2,2.329983676E-1
6.987633750E-1,3.047662354E-1,7.933502197E-2,2.082170105E-1,3.775325514E-1
7.087663750E-1,1.625619507E-1,6.376739502E-2,-8.382568359E-2,1.936992868E-1
7.187683750E-1,5.581892395E-1,8.113128662E-2,-1.621128845E-1,5.868884903E-1
7.287713750E-1,1.181193695E0,1.471440125E-1,-4.923262024E-1,1.288120722E0
7.387733750E-1,1.826352081E0,2.320175171E-1,-8.641529846E-1,2.033753779E0
7.487763750E-1,1.808539124E0,1.585203552E-1,-1.264720001E0,2.212568450E0
7.587783750E-1,1.778451691E0,-1.347198486E-2,-1.562600555E0,2.367444277E0
7.687813750E-1,1.378184052E0,-1.067280579E-1,-1.539847870E0,2.069278527E0
7.787833750E-1,9.816586304E-1,-2.023791504E-1,-1.346450043E0,1.678552562E0
7.887863750E-1,7.345225525E-1,-2.157014465E-1,-1.089584198E0,1.331632163E0
7.987883750E-1,4.920268250E-1,-6.092330933E-2,-6.815327454E-1,8.427864078E-1
8.087913750E-1,1.453477478E-1,7.379653931E-2,-3.359014893E-1,3.733653807E-1
8.187933750E-1,-2.655477905E-1,2.049238586E-1,3.007246399E-1,4.504938689E-1
8.287963750E-1,-3.965254211E-1,3.189866638E-1,4.270619202E-1,6.643544122E-1
8.387983750E-1,-2.647993469E-1,2.248324585E-1,1.570234680E-1,3.812147663E-1
8.488013750E-1,-5.099894714E-1,2.571652222E-1,1.300794983E-1,5.857848482E-1
8.588033750E-1,-8.858578491E-1,4.314028931E-1,1.302291870E-1,9.938874313E-1
8.688063750E-1,-2.619402924E0,1.305585022E0,3.932322693E-1,2.953041744E0
8.788083750E-1,-1.591206070E1,4.505929871E0,2.915487213E0,1.679277063E1
8.888113750E-1,-3.520124863E1,1.016116974E1,2.503244476E0,3.672388199E1
8.988133750E-1,-3.618934387E1,1.540985504E1,-4.556524658E-1,3.933624107E1
9.088163750E-1,-3.693629059E1,1.714983673E1,-9.663903809E-1,4.073500181E1
9.188183750E-1,-3.502207123E1,1.156614807E1,3.337310028E0,3.703321337E1
9.288213750E-1,-2.796080521E1,8.551716614E0,5.966143341E0,2.984180543E1
9.388233750E-1,-2.644415909E1,9.468859406E0,7.561376038E0,2.908826664E1
9.488263750E-1,-3.007845154E1,1.016685791E1,1.009051666E1,3.331511329E1
9.588283750E-1,-2.979359390E1,9.946815491E0,1.180280594E1,3.355448709E1
9.688303750E-1,-2.249252655E1,7.414830780E0,1.050171158E1,2.590713053E1
9.788333750E-1,-2.269984543E1,7.092550964E0,1.063658112E1,2.605233424E1
9.888353750E-1,-3.081267471E1,8.628057861E0,1.131152756E1,3.393839951E1
9.988383750E-1,-3.524974777E1,5.459746399E0,1.236398895E1,3.775210950E1
1.008840375E0,-2.382834869E1,2.361938324E0,9.247918854E0,2.566891032E1
1.018843375E0,-1.532333496E1,2.274071045E0,6.427334290E0,1.677160158E1
1.028845375E0,-1.237267090E1,2.599045258E0,6.046975250E0,1.401441869E1
1.038848375E0,-1.065873505E1,3.043770447E0,5.638325043E0,1.243639339E1
1.048850375E0,-9.761800232E0,3.465293884E0,4.671934662E0,1.136344925E1
1.058853375E0,-8.756341095E0,3.978726196E0,3.687581635E0,1.030058396E1
1.068855375E0,-7.666158142E0,4.024830322E0,2.906356201E0,9.133244010E0
1.078858375E0,-6.377937012E0,3.732488251E0,2.450104980E0,7.785407085E0
1.088860375E0,-4.984933777E0,3.240611115E0,1.885479126E0,6.237479995E0
1.098863375E0,-3.590283966E0,2.503543854E0,1.501377869E0,4.627310913E0
1.108865375E0,-2.563718719E0,1.633553009E0,1.231788483E0,3.280007923E0
1.118868375E0,-1.832489319E0,1.008003845E0,1.044677582E0,2.337828074E0
1.128870375E0,-1.132395172E0,5.893244934E-1,1.294508057E0,1.818068561E0
1.138873375E0,-6.068380737E-1,2.984793091E-1,1.102158051E0,1.293095014E0
1.148875375E0,-3.344046021E-1,1.954934692E-1,1.124461670E0,1.189309960E0
1.158878375E0,4.730163574E-2,7.259902954E-2,1.030756531E0,1.034392135E0
1.168880375E0,3.857478333E-1,-2.005828857E-2,7.318281555E-1,8.275120392E-1
1.178883375E0,6.021977234E-1,-1.347198486E-2,3.674858093E-1,7.055986200E-1
1.188885375E0,7.294331360E-1,6.316864014E-2,-4.924758911E-2,7.338176218E-1
1.198888375E0,6.283932495E-1,5.493576050E-2,-5.598358154E-2,6.332694334E-1
1.208890375E0,8.532257080E-1,4.565505981E-2,-5.384303284E-1,1.009943420E0
1.218893375E0,9.642947388E-1,-1.070274353E-1,-1.087638245E0,1.457489680E0
1.228895375E0,1.292113037E0,-1.553768921E-1,-1.697320404E0,2.138830202E0
1.238898375E0,1.635498962E0,-1.338217163E-1,-2.469714203E0,2.965173410E0
1.248900375E0,1.524579620E0,-1.040336609E-1,-2.654280396E0,3.062739042E0
1.258903375E0,1.100212097E0,1.300794983E-1,-1.807341614E0,2.119875242E0
1.268905375E0,4.569996643E-1,-2.634521484E-2,-5.408253479E-1,7.085441556E-1
1.278908375E0,-1.466949463E-2,-4.067042542E-1,7.379653931E-1,8.427434163E-1
1.288910375E0,2.219883728E-1,-3.754193115E-1,1.019978943E0,1.109313094E0
1.298913375E0,6.429130554E-1,-3.004252625E-1,1.704954529E-1,7.298364437E-1
1.308915375E0,7.081773376E-1,-4.433779907E-1,-7.214996338E-1,1.103929756E0
1.318918375E0,7.863148499E-1,-6.565347290E-1,-8.128097534E-1,1.307665320E0
1.328920375E0,1.061293030E0,-8.502319336E-1,-1.414408722E0,1.962087987E0
1.338923375E0,5.340893555E-1,-3.767665100E-1,-2.817141724E0,2.891970251E0
1.348925375E0,-5.197192383E-1,8.173004150E-1,-3.539539490E0,3.669663180E0
1.358928375E0,-1.826202393E0,1.888472900E0,-2.961441650E0,3.958722234E0
1.368930375E0,-3.240910492E0,2.426154785E0,-2.019300842E0,4.524080431E0
1.378933375E0,-4.060156860E0,2.730621643E0,-1.096469879E0,5.014320939E0
1.388935375E0,-4.530478821E0,2.786156158E0,-6.469546509E-1,5.357840498E0
1.398938375E0,-5.569917297E0,2.797682190E0,-5.718109131E-1,6.259230948E0
1.408940375E0,-8.379275208E0,3.864513702E0,-1.527423706E0,9.353060587E0
1.418943375E0,-1.569860458E1,5.922583923E0,-2.346370697E0,1.694191966E1
1.428945375E0,-2.019630157E1,7.667954407E0,-1.513502655E0,2.165591865E1
1.438947375E0,-2.447021393E1,8.982520752E0,-5.957611084E-2,2.606684864E1
1.448950375E0,-2.666030960E1,8.592881012E0,1.412163391E0,2.804645998E1
1.458952375E0,-2.745740204E1,8.343948669E0,3.077300720E0,2.886174260E1
1.468955375E0,-2.900218964E1,7.881260834E0,5.344186707E0,3.052542559E1
1.478957375E0,-3.103645935E1,7.914342041E0,7.773784332E0,3.295952581E1
1.488960375E0,-3.171170517E1,8.815318451E0,9.957293701E0,3.438734916E1
1.498962375E0,-3.225552429E1,8.935069427E0,1.083237396E1,3.517946331E1
1.508965375E0,-3.305920303E1,7.876171417E0,9.566606140E0,3.530531029E1
1.518967375E0,-3.366439453E1,7.413633270E0,6.179898834E0,3.502063059E1
1.528970375E0,-3.858586029E1,7.678582306E0,5.789510651E0,3.976616243E1
1.538972375E0,-3.577515518E1,8.042924652E0,7.507188721E0,3.742870887E1
1.548975375E0,-2.448488342E1,7.393425293E0,7.741900635E0,2.672282319E1
1.558977375E0,-1.915865936E1,6.643185425E0,6.892117767E0,2.141698925E1
1.568980375E0,-1.577404770E1,5.925428009E0,6.008505249E0,1.788947772E1
1.578982375E0,-1.280018188E1,5.168901215E0,5.460644531E0,1.484522936E1
1.588985375E0,-9.998458099E0,4.509672089E0,4.353995819E0,1.180099938E1
1.598987875E0,-7.695646820E0,4.141437836E0,2.985541534E0,9.235147296E0
1.608990875E0,-6.029761047E0,3.589236145E0,1.860032043E0,7.259500919E0
1.618992875E0,-4.780908051E0,2.653831329E0,1.070124664E0,5.571810236E0
1.628995875E0,-4.028871918E0,1.651964722E0,6.001020813E-1,4.395556720E0
1.638997875E0,-3.373983765E0,4.987628174E-1,-2.074685669E-1,3.416953906E0
1.649000875E0,-2.794987793E0,-5.007087708E-1,-7.140151978E-1,2.927880417E0
1.659002875E0,-2.580633545E0,-1.267564087E0,-1.366807709E0,3.183481038E0
1.669005875E0,-2.023641815E0,-1.720821533E0,-1.232087860E0,2.928206523E0
1.679007875E0,-1.025068359E0,-1.873504028E0,-1.042282562E0,2.376370221E0
1.689010875E0,-1.459465027E-1,-1.763333130E0,-1.350192261E0,2.225682648E0
1.699012875E0,4.553530884E-1,-1.220262451E0,-1.241368561E0,1.799272850E0
1.709015875E0,8.827143860E-1,-6.743476868E-1,-3.761677551E-1,1.172787990E0
1.719017875E0,1.286724243E0,-2.902464294E-1,-9.355545044E-2,1.322367154E0
1.729020875E0,1.323996735E0,-1.347198486E-3,4.011657715E-1,1.383438884E0
1.739022875E0,1.247805176E0,2.535726929E-1,8.662486267E-1,1.540033620E0
1.749025875E0,1.361867981E0,3.727249146E-1,1.391057281E0,1.982081890E0
1.759027875E0,1.100810852E0,5.492079163E-1,8.857081604E-1,1.515880211E0
1.769030875E0,7.813751221E-2,7.461982727E-1,-8.451425171E-1,1.130125306E0
1.779032875E0,-3.836521912E-1,3.992198181E-1,-1.859582977E0,1.940261404E0
1.789035875E0,-1.062789917E-1,1.444496155E-1,-1.312919769E0,1.325111028E0
1.799037875E0,1.116677856E-1,1.001417542E-1,-4.899311829E-1,5.123774285E-1
1.809040875E0,-1.128652954E-1,2.157014465E-1,8.921447754E-2,2.592776734E-1
1.819042875E0,-9.804611206E-2,2.478845215E-1,2.612068176E-1,3.732141177E-1
1.829045875E0,8.666976929E-2,7.289840698E-2,2.586621094E-1,2.823684003E-1
1.839047875E0,1.610650635E-1,-8.352630615E-2,7.783813477E-3,1.816017242E-1
1.849050875E0,5.209167480E-2,-2.697390747E-1,-3.838018799E-1,4.719921546E-1
1.859052875E0,1.724414062E-1,-4.460723877E-1,-5.932164001E-1,7.619857683E-1
1.869054875E0,3.149450684E-1,-5.676196289E-1,-6.463558960E-1,9.160558845E-1
1.879057875E0,4.149371338E-1,-6.794371033E-1,-5.986051941E-1,9.960601291E-1
1.889059875E0,6.427633667E-1,-6.542893982E-1,-6.137237549E-1,1.103583350E0
1.899062875E0,7.436535645E-1,-4.486170959E-1,-9.154962158E-1,1.261907779E0
1.909064875E0,6.710545349E-1,-2.236349487E-1,-1.342558136E0,1.517494358E0
1.919067875E0,7.524851990E-1,-8.681945801E-3,-2.005529480E0,2.142068590E0
1.929069875E0,8.378077698E-1,1.966909790E-1,-2.639161835E0,2.775929464E0
1.939072875E0,2.350112915E-1,6.789880371E-1,-2.283052368E0,2.393445879E0
1.949074875E0,-1.307680664E0,1.120569763E0,-9.063652039E-1,1.946073790E0
1.959077875E0,-2.430495758E0,1.329385529E0,6.218069458E-1,2.839228661E0
1.969079875E0,-3.338357849E0,1.505718842E0,1.457219696E0,3.941485964E0
1.979082875E0,-6.040538635E0,1.461261292E0,1.539099426E0,6.402516584E0
1.989084875E0,-1.003064117E1,2.039957886E0,8.452922058E-1,1.027081834E1
1.999087875E0,-1.435439987E1,3.631747742E0,4.659809875E-1,1.481403138E1
2.009089875E0,-1.877081589E1,5.223537598E0,7.185058594E-3,1.948406851E1
2.019092875E0,-2.318693253E1,6.806795197E0,-7.494914246E-1,2.417701467E1
2.029094875E0,-2.442336136E1,7.402406616E0,-1.356329498E0,2.555652233E1
2.039097875E0,-2.588791580E1,8.189020844E0,-1.707199860E0,2.720585926E1
2.049099875E0,-2.982323227E1,9.801168365E0,-1.267264709E0,3.141805284E1
2.059102875E0,-3.587739258E1,1.157408157E1,5.165757751E-1,3.770163807E1
2.069104875E0,-4.009786606E1,1.137469620E1,3.291954346E0,4.180980195E1
2.079107875E0,-3.829127289E1,9.346414032E0,5.505551147E0,3.979809202E1
2.089109875E0,-2.984358994E1,6.528823242E0,5.073549500E0,3.096782682E1
2.099112875E0,-2.538196793E1,5.171745300E0,4.680766296E0,2.632300930E1
2.109114875E0,-3.441403564E1,6.646029510E0,5.635181580E0,3.550001168E1
2.119117875E0,-4.489149765E1,7.423213348E0,7.569908295E0,4.612650181E1
2.129119875E0,-3.835504028E1,5.837111664E0,8.745862885E0,3.977022888E1
2.139122875E0,-2.371817780E1,5.068160706E0,7.936046906E0,2.551899393E1
2.149124875E0,-1.779379761E1,5.269042969E0,6.989714813E0,1.983023349E1
2.159127875E0,-1.623583740E1,5.350323944E0,7.020251312E0,1.848005170E1
2.169129875E0,-1.504147110E1,5.242847443E0,6.005361786E0,1.702344478E1
2.179132875E0,-1.380998199E1,4.711751862E0,4.707261200E0,1.533213998E1
2.189134875E0,-1.222657471E1,3.638783112E0,3.451372833E0,1.321521267E1
2.199136875E0,-1.004740631E1,2.292482758E0,2.797831879E0,1.067865694E1
2.209139875E0,-8.612939301E0,1.332079926E0,2.482737122E0,9.062071724E0
2.219141875E0,-7.111112366E0,7.993377686E-1,2.018851776E0,7.435228473E0
2.229144875E0,-5.728886719E0,5.551954651E-1,1.682351532E0,5.996556655E0
2.239146875E0,-4.703968048E0,5.264552307E-1,1.062490540E0,4.851119114E0
2.249149875E0,-3.678001556E0,4.701722717E-1,3.634442139E-1,3.725701157E0
2.259151875E0,-2.431393890E0,2.236349487E-1,-3.873944092E-1,2.472198064E0
2.269154875E0,-1.014889526E0,-1.543290710E-1,-1.350042572E0,1.696005059E0
2.279156875E0,2.360591125E-1,-4.763095093E-1,-2.310295715E0,2.370666772E0
2.289159875E0,1.366059265E0,-6.024971008E-1,-3.741469574E0,4.028363842E0
2.299161875E0,1.653461609E0,-6.638694763E-1,-3.775598602E0,4.174901529E0
2.309164875E0,1.991309052E0,-9.660910034E-1,-1.866917725E0,2.895518150E0
2.319166875E0,2.443219299E0,-1.283431091E0,-2.338137817E-1,2.769690379E0
2.329169875E0,2.780467987E0,-1.475481720E0,6.222560120E-1,3.208621367E0
2.339171875E0,3.108585663E0,-1.147064667E0,6.361770630E-2,3.314077456E0
2.349174875E0,2.480791168E0,-8.125103760E-1,-6.255491638E-1,2.684363926E0
2.359176875E0,1.837129669E0,-4.773573303E-1,1.386117554E-1,1.903189077E0
2.369179875E0,7.008425903E-1,5.463638306E-2,3.758683777E-1,7.971464785E-1
2.379181875E0,1.956431580E-1,4.041595459E-1,4.849914551E-2,4.516340896E-1
2.389184875E0,2.377056885E-1,6.861730957E-1,-2.646496582E-1,7.729016452E-1
2.399186875E0,-4.505630493E-1,4.538562012E-1,2.634521484E-2,6.400676395E-1
2.409189875E0,-2.451901245E-1,2.808160400E-1,4.972659302E-1,6.214895420E-1
2.419191875E0,-2.972817993E-1,2.844085693E-2,6.469546509E-1,7.125557317E-1
2.429194875E0,-3.161425781E-1,-2.387535095E-1,4.379891968E-1,5.905792957E-1
2.439196875E0,2.439926147E-2,-4.098477173E-1,5.553451538E-2,4.143121501E-1
2.449199875E0,-2.161505127E-1,-4.255650330E-1,-7.453001404E-1,8.850417734E-1
2.459201875E0,-2.103126526E-1,-3.321592712E-1,-1.110241241E0,1.177793194E0
2.469204875E0,-5.837860107E-2,-3.888912964E-1,-1.128353577E0,1.194916857E0
2.479206875E0,-1.299298096E-1,-3.237767029E-1,-1.140478363E0,1.192645800E0
2.489208875E0,6.945556641E-2,-1.031355286E-1,-4.499642944E-1,4.668285330E-1
2.499211875E0,2.197430420E-1,-2.290237427E-2,-8.397537231E-2,2.363543662E-1
2.509213875E0,2.868035889E-1,6.586303711E-3,-1.134640503E-1,3.085024614E-1
2.519216875E0,8.158035278E-2,-1.730401611E-1,3.849993896E-1,4.299102015E-1
2.529218875E0,-2.709365845E-1,-1.070274353E-1,1.990859985E-1,3.528409550E-1
2.539221875E0,-6.768923950E-1,1.856140137E-1,-7.658074951E-1,1.038795936E0
2.549223875E0,-1.218316498E0,3.507206726E-1,-1.545985107E0,1.999342400E0
2.559226875E0,-1.758393402E0,7.276368713E-1,-1.596130829E0,2.483754496E0
2.569228875E0,-2.475851440E0,1.206491089E0,-1.317410431E0,3.053036414E0
2.579231875E0,-3.939657440E0,1.243613892E0,-7.174580383E-1,4.193116060E0
2.589233875E0,-6.044131165E0,1.045276337E0,-5.517526245E-1,6.158616331E0
2.599237000E0,-9.656269684E0,9.440867615E-1,-3.363505554E-1,9.708139663E0
2.609239000E0,-1.728590378E1,1.952090607E0,6.032455444E-2,1.739588360E1
2.619242000E0,-2.353196503E1,5.514233093E0,-2.243833923E-1,2.417044668E1
2.629244000E0,-2.437576035E1,7.780071259E0,-3.182382202E-1,2.558922579E1
2.639247000E0,-2.220751923E1,7.858508148E0,-3.403921509E-1,2.355941271E1
2.649249000E0,-2.093456635E1,7.064708862E0,-6.451583862E-2,2.209457720E1
2.659252000E0,-2.280118469E1,7.403155060E0,1.327439575E0,2.400964023E1
2.669254000E0,-2.740830414E1,8.429420929E0,3.175646210E0,2.885056328E1
2.679257000E0,-3.380495224E1,9.940378876E0,5.722899170E0,3.569786412E1
2.689259000E0,-3.853766052E1,1.079540085E1,9.902357941E0,4.122800809E1
2.699262000E0,-3.389356796E1,8.711434479E0,1.198617462E1,3.699096406E1
2.709264000E0,-2.018462585E1,4.894222412E0,7.919581146E0,2.222818705E1
2.719266000E0,-2.447051331E1,4.569697266E0,5.422922974E0,2.547736737E1
2.729269000E0,-4.338503036E1,5.941145325E0,8.356522522E0,4.458014733E1
2.739271000E0,-5.054060028E1,5.722150726E0,1.017658768E1,5.187155504E1
2.749274000E0,-3.225253052E1,4.209546204E0,8.451275482E0,3.360610155E1
2.759276000E0,-1.939576630E1,4.349205780E0,6.417754211E0,2.088776939E1
2.769279000E0,-1.713052689E1,5.168751526E0,6.645131378E0,1.908739675E1
2.779281000E0,-1.542841644E1,5.697152710E0,4.986580353E0,1.718602824E1
2.789284000E0,-1.368124969E1,5.458698578E0,4.046535187E0,1.527574648E1
2.799286000E0,-1.180115936E1,4.827012177E0,3.334016876E0,1.317888756E1
2.809289000E0,-1.042402313E1,4.369862823E0,2.465971985E0,1.156879325E1
2.819291000E0,-8.844956818E0,3.953578491E0,1.667083282E0,9.830727881E0
2.829294000E0,-7.573800201E0,3.455713806E0,1.436562653E0,8.447965415E0
2.839296000E0,-6.805298309E0,3.054398346E0,1.423539734E0,7.593938353E0
2.849299000E0,-5.656287689E0,2.344125366E0,1.276695099E0,6.254475560E0
2.859301000E0,-4.623884583E0,1.618284760E0,1.121916962E0,5.025719040E0
2.869304000E0,-3.595972137E0,9.568103027E-1,6.665638733E-1,3.780318633E0
2.879306000E0,-2.440824280E0,3.028202820E-1,-1.306782532E-1,2.463006312E0
2.889309000E0,-1.361418915E0,-3.418890381E-1,-5.309458923E-1,1.500750851E0
2.899311000E0,-5.360353088E-1,-1.009351044E0,-6.707551575E-1,1.325155034E0
2.909314000E0,2.525248718E-1,-1.296154633E0,-1.075513458E0,1.703089792E0
2.919316000E0,1.192570038E0,-1.248403931E0,-2.163600769E0,2.768014443E0
2.929319000E0,1.716779938E0,-9.494755554E-1,-1.782343597E0,2.650582178E0
2.939321000E0,1.959874420E0,-7.203021240E-1,-1.510957947E0,2.577389534E0
2.949323000E0,2.138902130E0,-7.451504517E-1,-8.343649292E-1,2.413776368E0
2.959326000E0,2.395318909E0,-5.402265930E-1,-8.981323242E-2,2.457125122E0
2.969328000E0,2.073787537E0,-1.573228455E-1,-1.145118713E-1,2.082896587E0
2.979331000E0,1.630858612E0,2.812651062E-1,-2.182461548E-1,1.669263687E0
2.989333000E0,6.861730957E-1,3.984713745E-1,-3.806584167E-1,8.800646475E-1
2.999336000E0,-1.465452576E-1,7.863148499E-1,-5.349874878E-1,9.622775939E-1
3.009338000E0,-2.727328491E-1,8.788224792E-1,-1.965412903E-1,9.409254146E-1
3.019341000E0,-2.264790344E-1,7.873626709E-1,8.382568359E-2,8.235650999E-1
3.029343000E0,-3.787124634E-2,7.794291687E-1,1.216969299E-1,7.897811109E-1
3.039346000E0,1.152603149E-1,6.789880371E-1,7.349716187E-2,6.926121047E-1
3.049348000E0,1.564247131E-1,5.186714172E-1,4.041595459E-3,5.417610769E-1
3.059351000E0,2.137554932E-1,3.680845642E-1,-4.161346436E-2,4.276790124E-1
3.069353000E0,2.055226135E-1,1.881587219E-1,4.176315308E-2,2.817577155E-1
3.079356000E0,1.862127686E-1,-1.272354126E-2,5.989045715E-1,6.273147292E-1
3.089358000E0,7.858657837E-2,-1.362167358E-2,1.137185211E0,1.139978774E0
3.099361000E0,1.691482544E-1,-9.430389404E-2,1.535357208E0,1.547522573E0
3.109363000E0,1.917512512E-1,4.954696655E-2,1.332379303E0,1.347018207E0
3.119366000E0,1.528321838E-1,3.725752258E-1,-7.334747314E-2,4.093285076E-1
3.129368000E0,-9.834548950E-2,2.674937439E-1,-8.135581970E-1,8.620334554E-1
3.139371000E0,-3.231779480E-1,-4.849914551E-2,-7.289840698E-1,7.988829246E-1
3.149373000E0,-8.713380432E-1,-2.249821472E-1,-2.480342102E-1,9.334709002E-1
3.159375000E0,-1.442250824E0,-3.005749512E-1,8.382568359E-3,1.473262708E0
3.169378000E0,-1.529369659E0,-8.427474976E-2,1.338217163E-1,1.537524647E0
3.179380000E0,-2.173629913E0,6.559359741E-1,7.644602966E-1,2.395687490E0
3.189383000E0,-2.888692932E0,9.927355957E-1,1.854194183E0,3.573248786E0
3.199385000E0,-6.607559509E0,1.253493347E0,3.102598114E0,7.406564878E0
3.209388000E0,-1.188214096E1,2.862048340E0,2.589614868E0,1.249330619E1
3.219390000E0,-1.796653839E1,5.363047485E0,1.900747375E0,1.884599747E1
3.229393000E0,-2.107018433E1,6.783294067E0,2.092348938E0,2.223384065E1
3.239395000E0,-2.168256088E1,7.862250366E0,2.243235168E0,2.317284038E1
3.249398000E0,-2.141371994E1,8.342900848E0,2.568059692E0,2.312458274E1
3.259400000E0,-2.325129868E1,8.003706207E0,3.259322205E0,2.480534991E1
3.269403000E0,-2.737282791E1,8.268954620E0,4.622387695E0,2.896573469E1
3.279405000E0,-3.007306274E1,8.826395416E0,6.875053253E0,3.208676855E1
3.289408000E0,-3.062167191E1,9.239685974E0,8.923693085E0,3.320678975E1
3.299410000E0,-3.095203491E1,8.394842834E0,1.035606445E1,3.370088904E1
3.309413000E0,-2.508004578E1,6.077062683E0,9.829758911E0,2.761455318E1
3.319415000E0,-1.441457474E1,3.007545776E0,6.507717133E0,1.609893409E1
3.329418000E0,-2.084550156E1,2.434986420E0,6.799161072E0,2.206111251E1
3.339420000E0,-3.718627075E1,3.525019684E0,9.922565918E0,3.864843866E1
3.349423000E0,-4.378170547E1,1.812730408E0,1.124611359E1,4.523935009E1
3.359425000E0,-2.965453308E1,2.020797729E-1,8.056845703E0,3.073019576E1
3.369427000E0,-1.831097214E1,1.085991669E0,7.188351746E0,1.970135730E1
3.379430000E0,-1.588047638E1,2.838247833E0,6.468049622E0,1.738047314E1
3.389432000E0,-1.518098099E1,3.727548523E0,4.856051788E0,1.636881305E1
3.399435000E0,-1.456591003E1,3.690575409E0,4.346661072E0,1.564223592E1
3.409437000E0,-1.366208954E1,3.394341431E0,3.609294434E0,1.453276473E1
3.419440000E0,-1.256861343E1,2.989433441E0,3.420836334E0,1.336446322E1
3.429442000E0,-1.159713364E1,2.406844940E0,3.716621246E0,1.241368940E1
3.439445000E0,-1.041249710E1,1.884730682E0,4.058959351E0,1.133346622E1
3.449447000E0,-9.083111572E0,1.633253632E0,4.277504883E0,1.017189664E1
3.459450000E0,-7.756121063E0,1.446741486E0,4.113895111E0,8.898011455E0
3.469452000E0,-6.435567169E0,1.191522217E0,3.685036926E0,7.511041681E0
3.479455000E0,-5.239853668E0,8.520281982E-1,3.091670837E0,6.143325409E0
3.489457000E0,-4.295467529E0,4.831951904E-1,2.581381989E0,5.034684882E0
3.499460000E0,-3.424728241E0,1.377136230E-2,1.913021851E0,3.922831347E0
3.509462000E0,-2.648292847E0,-1.887574768E-1,1.030307465E0,2.847914651E0
3.519465000E0,-1.700763245E0,-4.463717651E-1,-3.360511780E-1,1.790188192E0
3.529467000E0,-5.517526245E-1,-6.761439514E-1,-1.807640991E0,2.007278644E0
3.539470000E0,4.808001709E-1,-8.747808838E-1,-3.081492004E0,3.239136208E0
3.549472000E0,1.554966431E0,-9.096583557E-1,-4.724475403E0,5.056289821E0
3.559475000E0,1.632056122E0,-7.473957825E-1,-4.244124298E0,4.608123121E0
3.569477000E0,1.939965820E0,-1.162332916E0,-1.779798889E0,2.877875827E0
3.579480000E0,2.776875458E0,-1.186432800E0,-1.729802856E0,3.480068680E0
3.589482000E0,2.892734528E0,-6.854246521E-1,-2.469564514E0,3.864772812E0
3.599484750E0,1.680255890E0,-3.002755737E-1,-1.239123230E0,2.109230109E0
3.609486750E0,6.489006042E-1,-1.577719116E-1,4.155358887E-1,7.865329269E-1
3.619488750E0,1.913021851E-1,-5.209167480E-2,1.099912720E0,1.117639503E0
3.629491750E0,7.753875732E-2,2.671943665E-1,7.369175720E-1,7.876881339E-1
3.639493750E0,-2.787203979E-1,7.376660156E-1,-8.532257080E-3,7.886120784E-1
3.649496750E0,-5.138813782E-1,6.511459351E-1,-2.815644836E-1,8.759815398E-1
3.659498750E0,-4.501139832E-1,3.005749512E-1,-1.526824951E-2,5.414619271E-1
3.669501750E0,-4.454736328E-1,-2.068698120E-1,8.939410400E-1,1.019986500E0
3.679503750E0,-4.917274475E-1,-1.913021851E-1,8.797206116E-1,1.025817120E0
3.689506750E0,1.710942078E-1,4.595443726E-1,-3.637435913E-1,6.105437400E-1
3.699508750E0,3.005749512E-1,7.876620483E-1,-9.026229858E-1,1.235105282E0
3.709511750E0,-1.916015625E-2,5.758525085E-1,-3.839515686E-1,6.923814196E-1
3.719513750E0,1.378633118E-1,5.224136353E-2,8.027806091E-1,8.162059539E-1
3.729516750E0,-2.215393066E-2,-1.618135071E-1,2.260000305E0,2.265894037E0
3.739518750E0,-9.678872681E-1,-4.131408691E-2,3.969744873E-1,1.046948595E0
3.749521750E0,-2.094893646E0,7.418572998E-1,-1.221010895E0,2.535704882E0
3.759523750E0,-3.059188385E0,5.294490051E-1,-1.331630859E0,3.378193388E0
3.769526750E0,-3.730242920E0,1.517843628E-1,-6.322851562E-1,3.786493794E0
3.779528750E0,-4.626129913E0,7.943980408E-1,-2.179467773E-1,4.698898490E0
3.789531750E0,-5.749094696E0,9.416917419E-1,1.302291870E-2,5.825722509E0
3.799533750E0,-7.085665283E0,6.788383484E-1,1.103056183E0,7.203069273E0
3.809536750E0,-9.551038513E0,1.151405640E0,1.831142120E0,9.792913412E0
3.819538750E0,-1.397688492E1,3.573668518E0,1.997296600E0,1.456412072E1
3.829541750E0,-1.912213531E1,6.480922852E0,1.397344208E0,2.023884856E1
3.839543750E0,-2.501897278E1,1.054287598E1,8.779243469E-1,2.716379914E1
3.849545750E0,-2.868694519E1,1.199680252E1,2.601140900E0,3.120304519E1
3.859548750E0,-3.026720901E1,1.066487228E1,4.174818420E0,3.236159068E1
3.869550750E0,-2.994477951E1,9.864337006E0,5.411396942E0,3.198871960E1
3.879553750E0,-3.004297531E1,9.140741730E0,6.985224152E0,3.217027947E1
3.889555750E0,-3.107807281E1,8.317004700E0,8.161029053E0,3.319068502E1
3.899558750E0,-2.969629623E1,6.987918549E0,8.489446106E0,3.166657087E1
3.909560750E0,-1.912048874E1,5.113815765E0,6.089786224E0,2.070820363E1
3.919563750E0,-1.923934158E1,4.442611542E0,4.315076752E0,2.021160432E1
3.929565750E0,-3.502596313E1,5.724845123E0,5.876629486E0,3.597397280E1
3.939568750E0,-4.398647964E1,5.047653351E0,6.075116730E0,4.469000156E1
3.949570750E0,-3.238530441E1,4.589905243E0,7.348219299E0,3.352419274E1
3.959573750E0,-1.967358856E1,5.173092499E0,6.141129456E0,2.124910454E1
3.969575750E0,-1.697380280E1,5.312153320E0,5.238207092E0,1.854097537E1
3.979578750E0,-1.514490601E1,5.397775269E0,4.214186554E0,1.662117698E1
3.989580750E0,-1.381417328E1,5.093158722E0,3.144061890E0,1.505512452E1
3.999583750E0,-1.206790466E1,4.532724152E0,2.223625946E0,1.308145342E1
4.009585750E0,-1.063568298E1,4.119732971E0,1.997595978E0,1.157930663E1
4.019588750E0,-9.565558319E0,3.634442139E0,2.225122833E0,1.047187888E1
4.029590750E0,-8.540340271E0,3.025508423E0,2.174528046E0,9.317708161E0
4.039593750E0,-7.407645721E0,2.545157318E0,1.851350098E0,8.048511545E0
4.049595750E0,-6.069877625E0,2.117646332E0,1.445993042E0,6.589289510E0
4.059597750E0,-4.821174316E0,1.680555267E0,1.024319916E0,5.207419619E0
4.069600750E0,-3.859873352E0,1.290915527E0,8.095166016E-1,4.149747260E0
4.079602750E0,-2.810555420E0,1.011596375E0,4.287084961E-1,3.017671282E0
4.089605750E0,-1.794318695E0,6.369255066E-1,-6.691085815E-2,1.905185225E0
4.099607750E0,-8.069718933E-1,2.692900085E-1,-7.189549255E-1,1.113829848E0
4.109610750E0,1.305285645E-1,-7.409591675E-2,-1.370699615E0,1.378892797E0
4.119612750E0,1.201401672E0,-2.704875183E-1,-2.374661865E0,2.674985692E0
4.129615750E0,1.861828308E0,-4.378395081E-1,-3.403023376E0,3.903674703E0
4.139617750E0,1.804497528E0,-6.876699829E-1,-2.323019257E0,3.020847530E0
4.149620750E0,2.065704346E0,-9.053173828E-1,-1.138682098E0,2.526525466E0
4.159622750E0,2.444716187E0,-9.193881226E-1,-5.354365540E-1,2.666196552E0
4.169625750E0,2.531535645E0,-6.411167908E-1,-8.443940735E-1,2.744577346E0
4.179627750E0,2.317181396E0,-2.445913696E-1,-1.187031555E0,2.614994928E0
4.189630750E0,1.585951996E0,-2.664459229E-2,-8.216413879E-1,1.786350536E0
4.199632750E0,6.011499023E-1,5.313949585E-2,-2.053729248E-1,6.374818032E-1
4.209635750E0,3.550616455E-1,4.116439819E-2,3.176394653E-1,4.781820885E-1
4.219637750E0,3.231779480E-1,-2.020797729E-2,8.857081604E-1,9.430436330E-1
4.229640750E0,1.856140137E-2,1.547781372E-1,9.135502625E-1,9.267550266E-1
4.239642750E0,-2.604583740E-1,1.667532349E-1,2.004331970E-1,3.685358496E-1
4.249645750E0,-7.738906860E-2,-5.074447632E-2,-3.465293884E-1,3.586735101E-1
4.259647750E0,2.207908630E-1,6.511459351E-2,-3.459306335E-1,4.155195768E-1
4.269650750E0,-2.902464294E-1,5.688171387E-2,2.065704346E-1,3.607628911E-1
4.279652750E0,-1.029858398E-1,7.274871826E-2,-7.104226685E-1,7.215253475E-1
4.289654750E0,1.136137390E-1,-3.338058472E-2,-9.982740784E-1,1.005272839E0
4.299657750E0,-1.637594604E-1,-3.767665100E-1,-1.302291870E-1,4.309638095E-1
4.309659750E0,-4.222718811E-1,-6.463558960E-1,2.814147949E-2,7.725810176E-1
4.319662750E0,-8.411009216E-1,-8.306227112E-1,-8.502319336E-2,1.185164036E0
4.329664750E0,-1.028211823E0,-9.041198730E-1,1.935475159E-1,1.382791719E0
4.339667750E0,-1.978585510E0,-4.854405212E-1,8.491841125E-1,2.207162608E0
4.349669750E0,-2.107617188E0,-2.110610962E-2,-5.117857361E-1,2.168967569E0
4.359672750E0,-2.549348602E0,3.037184143E-1,-8.517288208E-2,2.568789129E0
4.369674750E0,-3.689377899E0,5.315446472E-1,-5.613327026E-2,3.727894840E0
4.379677750E0,-4.886288910E0,8.677455139E-1,4.369413757E-1,4.981939317E0
4.389679750E0,-5.178630981E0,1.431173859E0,7.708969116E-1,5.427776663E0
4.399682750E0,-6.362668762E0,1.690285034E0,2.745291138E-1,6.589080627E0
4.409684750E0,-1.316093170E1,2.234403534E0,4.189787292E-1,1.335583115E1
4.419687750E0,-1.879820892E1,4.713398438E0,2.640509033E-1,1.938191184E1
4.429689750E0,-2.399076096E1,8.762628021E0,1.025367737E-1,2.554115845E1
4.439692750E0,-2.873858780E1,1.261711258E1,4.595443726E-1,3.138963427E1
4.449694750E0,-3.061763031E1,1.223361008E1,2.421065369E0,3.305997669E1
4.459697750E0,-3.258319290E1,1.029858398E1,5.405708771E0,3.459692153E1
4.469699750E0,-3.447286331E1,8.941206665E0,7.589816895E0,3.641330529E1
4.479701750E0,-3.533402252E1,7.739056549E0,9.023685150E0,3.728019632E1
4.489704750E0,-3.478840714E1,6.095624084E0,9.455836487E0,3.656231322E1
4.499706750E0,-2.330219284E1,4.005969543E0,7.400760040E0,2.477521407E1
4.509709750E0,-2.385379578E1,4.421954498E0,6.297105103E0,2.506413348E1
4.519711750E0,-4.148518112E1,5.409001923E0,7.266189880E0,4.246263145E1
4.529714750E0,-4.694163437E1,4.489913177E0,5.210664368E0,4.744288546E1
4.539716750E0,-3.190779739E1,5.774990845E0,5.921536102E0,3.296244293E1
4.549719750E0,-2.024240570E1,6.619235229E0,6.026318207E0,2.213336338E1
4.559721750E0,-1.808209808E1,6.275549927E0,5.572162628E0,1.993473838E1
4.569724750E0,-1.595756607E1,5.634133759E0,5.023852844E0,1.765294524E1
4.579726750E0,-1.388198227E1,4.647535400E0,4.050576782E0,1.518934460E1
4.589729750E0,-1.231578918E1,3.976630554E0,3.326981506E0,1.336267412E1
4.599731625E0,-1.124731110E1,3.566782837E0,3.024310913E0,1.218073903E1
4.609734625E0,-1.002031265E1,3.109034729E0,2.651436310E0,1.082140828E1
4.619736625E0,-8.436306610E0,2.588417358E0,2.255060577E0,9.108044348E0
4.629739625E0,-6.760242004E0,2.197280731E0,1.960323486E0,7.373722448E0
4.639741625E0,-5.401367798E0,1.800755310E0,1.209185486E0,5.820620527E0
4.649744625E0,-4.432732086E0,1.357976074E0,6.969506836E-1,4.688171608E0
4.659746625E0,-3.554957428E0,1.069825287E0,4.117936707E-1,3.735213847E0
4.669748625E0,-2.601889343E0,7.385641479E-1,2.333647156E-1,2.714730971E0
4.679751625E0,-1.579814758E0,3.519181824E-1,-1.025367737E-1,1.621781387E0
4.689753625E0,-8.351133728E-1,3.697311401E-2,-4.948709106E-1,9.714311992E-1
4.699756625E0,1.402583313E-1,-2.829116821E-1,-9.952803040E-1,1.044171587E0
4.709758625E0,8.849597168E-1,-4.415817261E-1,-1.772015076E0,2.029331306E0
4.719761625E0,1.419198761E0,-4.834945679E-1,-2.506088562E0,2.920337652E0
4.729763625E0,1.856140137E0,-5.731581116E-1,-2.895428925E0,3.486728421E0
4.739766625E0,1.581311646E0,-6.523434448E-1,-1.699865112E0,2.411563785E0
4.749768625E0,1.939217377E0,-5.650749207E-1,-6.486012268E-1,2.121451685E0
4.759771625E0,2.179916840E0,-4.969665527E-1,-6.768923950E-1,2.336064318E0
4.769773625E0,2.355052643E0,-4.149371338E-1,-7.194039917E-1,2.497196003E0
4.779776625E0,2.699636078E0,-2.746788025E-1,-2.787203979E-1,2.727850520E0
4.789778625E0,2.179168396E0,-1.101708984E-1,6.137237549E-2,2.182814489E0
4.799781625E0,1.681154022E0,-9.280700684E-2,1.076860657E0,1.998629746E0
4.809783625E0,5.396278381E-1,-2.773731995E-1,1.727407837E0,1.830866443E0
4.819786625E0,4.475692749E-1,-3.772155762E-2,-1.032852173E-1,4.608785175E-1
4.829788625E0,7.415579224E-1,3.379971313E-1,-2.600991211E0,2.725675236E0
4.839790625E0,3.667373657E-2,-8.083190918E-2,-1.726060638E0,1.728341427E0
4.849793625E0,3.290158081E-1,4.640350342E-3,-1.222358093E0,1.265872127E0
4.859795625E0,3.077600098E-1,4.355941772E-2,-1.385818176E0,1.420248452E0
4.869798625E0,1.010398865E-1,-4.879852295E-2,-7.553292847E-1,7.636181525E-1
4.879800625E0,-1.202000427E-1,-1.640588379E-1,-1.663041687E-1,2.627173940E-1
4.889803625E0,-9.969268799E-2,-3.055146790E-1,3.153941345E-1,4.502791481E-1
4.899805625E0,-9.729766846E-2,-5.212161255E-1,5.255570984E-1,7.465543178E-1
4.909808625E0,-1.796264648E-2,-6.694079590E-1,6.116281128E-1,9.069281232E-1
4.919810625E0,1.576222229E-1,-5.180726624E-1,9.352551270E-1,1.080715597E0
4.929813625E0,2.168989563E-1,-3.742218018E-1,2.556683350E-1,5.024474218E-1
4.939815625E0,-1.258882141E-1,-1.451980591E-1,-9.225315857E-1,9.423347841E-1
4.949818625E0,-2.074685669E-1,3.909869385E-1,-1.429227905E0,1.496197312E0
4.959820625E0,-1.033450928E0,4.405339050E-1,-2.193239136E0,2.464221753E0
4.969823625E0,-2.179916840E0,6.414161682E-1,-2.115401001E0,3.104573002E0
4.979825625E0,-3.232378235E0,1.132993927E0,-1.707648926E0,3.827271763E0
4.989828625E0,-3.872896271E0,1.434616699E0,4.984634399E-2,4.130367448E0
4.999830625E0,-4.115541687E0,1.440304871E0,1.433718567E0,4.589957563E0
5.009833625E0,-3.619922333E0,1.656605072E0,2.093845825E0,4.498040507E0
5.019835625E0,-4.434827728E0,2.263143768E0,2.864293671E0,5.744013834E0
5.029837625E0,-2.008523254E1,4.181554413E0,4.777165833E0,2.106474014E1
5.039840625E0,-3.071657455E1,1.150462601E1,9.604028320E-1,3.281442892E1
5.049842625E0,-3.774086746E1,1.361912888E1,1.763333130E-1,4.012337027E1
5.059845625E0,-3.998365356E1,1.105600891E1,1.776356049E0,4.152208239E1
5.069847625E0,-3.934403366E1,1.054377411E1,4.596790924E0,4.099090928E1
5.079850625E0,-3.661610641E1,1.045111679E1,6.932384033E0,3.870430260E1
5.089852625E0,-3.925975891E1,9.279054108E0,9.361682281E0,4.141341099E1
5.099855625E0,-4.452910126E1,8.955726471E0,1.146885040E1,4.684634911E1
5.109857625E0,-3.299034622E1,7.294481049E0,1.039588165E1,3.535034304E1
5.119860625E0,-1.478879654E1,5.194497986E0,5.244643707E0,1.652869021E1
5.129862625E0,-2.804762466E1,6.134543152E0,5.557493134E0,2.924359073E1
5.139865625E0,-4.826188889E1,8.343948669E0,1.020293289E1,5.002930379E1
5.149867625E0,-3.536066711E1,9.054071960E0,1.007509872E1,3.786635198E1
5.159870625E0,-1.889505753E1,7.635172577E0,6.769373016E0,2.147425133E1
5.169872625E0,-1.691737015E1,6.930288391E0,5.325176239E0,1.904163365E1
5.179874625E0,-1.705298813E1,6.250851288E0,3.816613312E0,1.855920481E1
5.189877625E0,-1.699401077E1,5.156626740E0,3.418141937E0,1.808510149E1
5.199879625E0,-1.551358932E1,3.866010590E0,3.502865753E0,1.636727100E1
5.209882625E0,-1.317874466E1,2.440375214E0,3.169658661E0,1.377248990E1
5.219884625E0,-1.070513855E1,1.341510315E0,2.604434052E0,1.109877101E1
5.229887625E0,-8.360414429E0,6.462062073E-1,1.793869629E0,8.575084847E0
5.239889625E0,-6.328090668E0,2.451901245E-1,1.100212097E0,6.427699149E0
5.249892625E0,-4.471800842E0,-2.784210205E-2,3.073109436E-1,4.482434380E0
5.259894625E0,-2.835254059E0,-3.348536682E-1,-1.126108246E0,3.069024656E0
5.269897625E0,-1.502425690E0,-6.188131714E-1,-2.322719879E0,2.834649949E0
5.279899625E0,4.445755005E-2,-7.927514648E-1,-3.652554474E0,3.737858417E0
5.289902625E0,9.364526367E-1,-8.175997925E-1,-5.046605530E0,5.197464799E0
5.299904625E0,1.309476929E0,-7.692503357E-1,-4.708009644E0,4.946901122E0
5.309907625E0,1.807640991E0,-1.057700500E0,-2.382894745E0,3.172457039E0
5.319909625E0,2.656974792E0,-1.434467010E0,3.382965088E-2,3.019661421E0
5.329912625E0,3.569177856E0,-1.487606506E0,8.801696777E-2,3.867783690E0
5.339914625E0,4.205803986E0,-1.102008362E0,-8.518785095E-1,4.430452188E0
5.349916625E0,4.055516510E0,-8.753796387E-1,-1.061293030E0,4.282504708E0
5.359919625E0,3.205733643E0,-6.508465576E-1,-4.843927002E-1,3.306805969E0
5.369921625E0,3.204536133E0,-1.191522217E-1,-4.123924255E-1,3.233158918E0
5.379924625E0,2.933898926E0,4.221221924E-2,-3.658392334E-1,2.956921224E0
5.389926625E0,1.632505188E0,2.031275940E-1,-1.586700439E-2,1.645170438E0
5.399929625E0,-8.098159790E-2,5.773493958E-1,6.831793213E-1,8.981226692E-1
5.409931625E0,-6.444099426E-1,7.158114624E-1,1.026116180E0,1.407325350E0
5.419934625E0,-3.312611389E-1,6.560856628E-1,1.869612122E-1,7.583777647E-1
5.429936625E0,2.170486450E-2,3.641926575E-1,-1.195863190E0,1.250278434E0
5.439939625E0,-2.046244812E-1,3.861968994E-2,-7.717950439E-1,7.993936756E-1
5.449941625E0,-8.981323242E-3,2.290237427E-2,-1.685494995E-1,1.703353067E-1
5.459944625E0,2.074685669E-1,-4.385879517E-2,3.092568970E-1,3.749755039E-1
5.469946625E0,1.167572021E-1,-1.242416382E-1,4.945715332E-1,5.231340463E-1
5.479949625E0,2.877017212E-1,-2.754272461E-2,4.863386536E-1,5.657350687E-1
5.489951625E0,3.842509460E-1,-3.701802063E-1,1.078058167E0,1.202868066E0
5.499954625E0,7.035369873E-2,-1.032552795E0,1.904190216E0,2.167269087E0
5.509956625E0,5.980064392E-1,-3.908372498E-1,1.102457428E0,1.313688638E0
5.519958625E0,6.212081909E-2,2.514770508E-2,-8.852590942E-1,8.877922432E-1
5.529961625E0,-1.769320679E-1,2.124082947E-1,-1.865720215E0,1.886089648E0
5.539963625E0,-4.004173279E-1,4.819976807E-2,-1.759590912E0,1.805219497E0
5.549966625E0,-3.953279114E-1,7.170089722E-2,-1.723964996E0,1.770163971E0
5.559968625E0,-3.155438232E-1,6.062393188E-1,-3.763174438E-1,7.801979458E-1
5.569971625E0,-7.946974182E-1,4.911286926E-1,7.640112305E-1,1.206840727E0
5.579973625E0,-1.357826385E0,4.215234375E-1,5.849835205E-1,1.537393971E0
5.589976625E0,-2.283351746E0,5.126838684E-1,-4.206253052E-2,2.340578817E0
5.599978875E0,-2.686014404E0,7.659571838E-1,-2.460882568E-1,2.803912127E0
5.609981875E0,-3.896696777E0,1.501826935E0,-1.010398865E-1,4.177312411E0
5.619983875E0,-5.519771576E0,2.084714813E0,-1.213975525E-1,5.901580421E0
5.629986875E0,-6.614295502E0,2.149380341E0,-8.217910767E-1,7.003147964E0
5.639988875E0,-8.307424622E0,2.019749908E0,-7.533833313E-1,8.582556727E0
5.649991875E0,-1.692245956E1,2.098486176E0,4.453239441E-1,1.705788953E1
5.659993875E0,-2.354678421E1,2.827919312E0,9.852511597E-1,2.373644654E1
5.669995875E0,-2.932596634E1,6.507268066E0,3.107537842E-1,3.004086229E1
5.679998875E0,-2.872182266E1,1.406011185E1,-4.342469788E0,3.227207595E1
5.690000875E0,-3.818469452E1,1.382719620E1,-3.839216309E0,4.079217856E1
5.700003875E0,-3.698344254E1,1.075708054E1,7.433541870E-1,3.852327061E1
5.710005875E0,-3.674064743E1,9.576186218E0,4.495301971E0,3.823331343E1
5.720008875E0,-3.969550278E1,8.192613373E0,6.863227844E0,4.110907140E1
5.730010875E0,-4.252417053E1,8.200097809E0,9.673184509E0,4.437473585E1
5.740013875E0,-3.173086533E1,7.092401276E0,1.075273956E1,3.424574978E1
5.750015875E0,-1.116064133E1,5.091063080E0,5.248086548E0,1.334246044E1
5.760018875E0,-1.668714890E1,4.715494080E0,4.514911194E0,1.791874007E1
5.770020875E0,-4.367377991E1,5.585634613E0,8.438551941E0,4.483087691E1
5.780023875E0,-4.684777954E1,8.565487976E0,9.496701508E0,4.856201573E1
5.790025875E0,-2.399240753E1,8.997789001E0,7.585176544E0,2.672322453E1
5.800027875E0,-1.499731293E1,6.570436707E0,4.686005402E0,1.703081561E1
5.810030875E0,-1.359562775E1,5.905818787E0,3.415896606E0,1.521144763E1
5.820032875E0,-1.351045486E1,4.994214478E0,2.952310638E0,1.470342501E1
5.830035875E0,-1.343097015E1,4.004173279E0,2.377356262E0,1.421535036E1
5.840037875E0,-1.223346039E1,3.189866638E0,2.176773376E0,1.282852854E1
5.850040875E0,-1.108145599E1,2.367776184E0,2.230062561E0,1.154894844E1
5.860042875E0,-9.242230682E0,1.711840210E0,2.000140686E0,9.609879690E0
5.870045875E0,-7.027286682E0,1.210083618E0,1.669328613E0,7.323504523E0
5.880047875E0,-5.256469116E0,7.315287781E-1,1.251098328E0,5.452600201E0
5.890050875E0,-3.487896881E0,2.824626160E-1,8.512797546E-1,3.601372933E0
5.900052875E0,-1.861977997E0,-4.760101318E-2,2.186952209E-1,1.875381432E0
5.910055875E0,-8.087681580E-1,-3.161425781E-1,-8.527766418E-1,1.217078495E0
5.920057875E0,2.198927307E-1,-2.815644836E-1,-2.446961517E0,2.472903564E0
5.930060875E0,8.601113892E-1,-1.907034302E-1,-3.544479218E0,3.652326974E0
5.940062875E0,8.693920898E-1,-2.573149109E-1,-2.658920746E0,2.809254902E0
5.950064875E0,1.176253967E0,-4.161346436E-1,-1.326990509E0,1.821440432E0
5.960067875E0,1.773062897E0,-5.066963196E-1,4.192781067E-1,1.891107434E0
5.970069875E0,2.609074402E0,-5.626799011E-1,6.920109558E-1,2.757309752E0
5.980072875E0,3.070564728E0,-4.677772522E-1,-5.519023132E-1,3.154644111E0
5.990074875E0,3.107687531E0,-2.511776733E-1,-1.357527008E0,3.400542837E0
6.000077875E0,2.819237366E0,5.164260864E-2,-1.387315063E0,3.142516407E0
6.010079875E0,2.496658173E0,6.810836792E-2,-6.538403320E-1,2.581752885E0
6.020082875E0,1.836081848E0,8.382568359E-3,-6.953041077E-1,1.963342717E0
6.030084875E0,5.406756592E-1,9.969268799E-2,-7.785310364E-1,9.530893846E-1
6.040087875E0,8.367599487E-2,3.752696228E-1,-7.804769897E-1,8.700421216E-1
6.050089875E0,4.161346436E-2,3.854484558E-1,-5.108876038E-1,6.413332489E-1
6.060092875E0,1.269360352E-1,4.113446045E-1,-5.367837524E-1,6.880798918E-1
6.070094875E0,8.861572266E-2,3.760180664E-1,-4.989125061E-1,6.309960549E-1
6.080097875E0,8.352630615E-2,3.243754578E-1,-1.749861145E-1,3.779103355E-1
6.090099875E0,1.330732727E-1,1.209484863E-1,1.188528442E-1,2.155528493E-1
6.100101875E0,3.079096985E-1,2.439926147E-2,-2.174977112E-1,3.777683956E-1
6.110104875E0,2.453398132E-1,-0.000000000E0,-6.975494385E-1,7.394368418E-1
6.120106875E0,2.710862732E-1,9.580078125E-2,-8.599617004E-1,9.067522724E-1
6.130109875E0,9.505233765E-2,-3.547622681E-2,-3.177891541E-1,3.335917505E-1
6.140111875E0,-1.574725342E-1,-4.031117249E-1,1.241518250E0,1.314786761E0
6.150114875E0,-2.689906311E-1,-7.556286621E-1,2.620001678E0,2.740025443E0
6.160116875E0,-4.897814941E-1,-4.655319214E-2,1.311722260E0,1.400952675E0
6.170119875E0,-9.818083191E-1,-1.654060364E-1,-4.284091187E-1,1.083900874E0
6.180121875E0,-1.442699890E0,-6.101312256E-1,-1.191821594E0,1.968268731E0
6.190124875E0,-1.781744843E0,-1.724414062E-1,-1.431922302E0,2.292324628E0
6.200126875E0,-1.804198151E0,2.700384521E-1,-1.065334625E0,2.112578897E0
6.210128875E0,-2.019899597E0,5.656736755E-1,2.216889954E-1,2.109295404E0
6.220131875E0,-2.538571014E0,1.022224274E0,9.924362183E-1,2.911050482E0
6.230133875E0,-2.881358185E0,1.350641327E0,1.991758118E0,3.754138700E0
6.240136875E0,-5.935457153E0,1.418899384E0,3.187321930E0,6.884907273E0
6.250138875E0,-1.197150513E1,1.498084717E0,2.545756073E0,1.233053392E1
6.260141875E0,-1.879850830E1,1.921105042E0,1.537752228E0,1.895888290E1
6.270143875E0,-2.336191864E1,6.640940094E0,-4.640350342E-3,2.428747310E1
6.280146875E0,-2.795332077E1,9.554481354E0,-3.109034729E-1,2.954273036E1
6.290148875E0,-2.829970047E1,9.774224396E0,8.289761353E-1,2.995155606E1
6.300151875E0,-2.846585495E1,1.065678909E1,2.431393890E0,3.049235524E1
6.310153875E0,-3.109678391E1,1.051877609E1,4.862787781E0,3.318586031E1
6.320156875E0,-3.564911728E1,9.208550720E0,7.770491180E0,3.763027375E1
6.330158875E0,-3.925541794E1,8.174950104E0,1.131631760E1,4.166385353E1
6.340161875E0,-4.114389084E1,6.997947693E0,1.338486603E1,4.382859413E1
6.350163875E0,-3.730602173E1,4.709506531E0,1.185085602E1,3.942539153E1
6.360165875E0,-1.988614655E1,2.242935791E0,5.289849701E0,2.069956751E1
6.370168875E0,-1.265213974E1,1.954186249E0,1.201251984E0,1.285840154E1
6.380170875E0,-3.451881775E1,3.808530121E0,7.210206299E0,3.546887023E1
6.390173875E0,-4.951403503E1,6.997199249E0,1.401221146E1,5.193209540E1
6.400175875E0,-3.378833679E1,8.007747803E0,1.274374924E1,3.698890202E1
6.410178875E0,-1.736179596E1,5.760920105E0,8.410260773E0,2.013337144E1
6.420180875E0,-1.301438644E1,5.369334412E0,6.025270386E0,1.531365044E1
6.430183875E0,-1.178514267E1,5.349575500E0,4.629572754E0,1.374556254E1
6.440185875E0,-1.130224686E1,4.986131287E0,3.922293549E0,1.296096740E1
6.450188875E0,-1.077983322E1,3.972588959E0,3.549718323E0,1.202442379E1
6.460190875E0,-9.573042755E0,2.746189270E0,2.976260834E0,1.039436538E1
6.470193875E0,-7.900870056E0,1.762734375E0,2.449655914E0,8.457647085E0
6.480195875E0,-6.086942139E0,9.217831421E-1,1.827399902E0,6.421833007E0
6.490197875E0,-4.391567688E0,2.583627319E-1,1.044677582E0,4.521500781E0
6.500200875E0,-2.944975891E0,-3.751199341E-1,4.592449951E-1,3.004081212E0
6.510202875E0,-1.958826599E0,-7.523355103E-1,-6.737489319E-1,2.203848450E0
6.520205875E0,-7.753875732E-1,-9.984237671E-1,-2.431543579E0,2.740525512E0
6.530207875E0,4.484674072E-1,-9.454339600E-1,-5.099745026E0,5.205993442E0
6.540210875E0,1.118623810E0,-6.738986206E-1,-6.441704407E0,6.572747846E0
6.550212875E0,1.132694550E0,-7.427554321E-1,-4.405488739E0,4.609014385E0
6.560215875E0,1.378034363E0,-8.755293274E-1,-1.444795532E0,2.180129454E0
6.570217875E0,2.281256104E0,-1.415905609E0,3.876937866E-1,2.712789077E0
6.580220875E0,3.970493317E0,-9.086105347E-1,-1.628613281E-1,4.076384930E0
6.590222875E0,4.196822662E0,-5.405259705E-1,-9.310638428E-2,4.232511971E0
6.600225625E0,4.196223907E0,-2.469863892E-1,6.731501770E-1,4.257044576E0
6.610227625E0,3.663332062E0,-6.795867920E-2,1.173559570E-1,3.665841322E0
6.620229625E0,2.737058258E0,4.026626587E-2,-1.295855255E0,3.028588800E0
6.630232625E0,1.276246033E0,-1.924996948E-1,-2.079475708E0,2.447463848E0
6.640234625E0,1.824705505E-1,-1.631607056E-2,-2.115999756E0,2.123915413E0
6.650237625E0,-4.954696655E-1,7.708969116E-2,-1.112486572E0,1.220270209E0
6.660239625E0,-6.472540283E-1,1.737886047E-1,4.640350342E-2,6.717838502E-1
6.670242625E0,-7.197033691E-1,3.396437073E-1,3.162922668E-1,8.563711727E-1
6.680244625E0,-6.026467896E-1,3.463796997E-1,4.962181091E-1,8.540459362E-1
6.690247625E0,-5.863307190E-1,2.360591125E-1,5.596861267E-1,8.442488834E-1
6.700249625E0,-4.366419983E-1,1.541793823E-1,4.538562012E-1,6.483926032E-1
6.710252625E0,-3.760180664E-1,6.346801758E-2,2.808160400E-1,4.735772628E-1
6.720254625E0,-3.641926575E-1,-1.053808594E-1,1.472937012E-1,4.067392920E-1
6.730257625E0,-2.619552612E-1,-2.234852600E-1,8.217910767E-2,3.540051215E-1
6.740259625E0,-1.616638184E-1,-2.418969727E-1,5.987548828E-2,2.970427741E-1
6.750261625E0,-1.374142456E-1,-2.168989563E-1,7.963439941E-2,2.688298155E-1
6.760264625E0,-1.163081360E-1,-1.160087585E-1,1.923500061E-1,2.529508636E-1
6.770266625E0,-1.697470093E-1,-3.293151855E-2,1.197509766E-1,2.103302842E-1
6.780269625E0,-4.001179504E-1,1.718426514E-1,-1.827699280E-1,4.722595872E-1
6.790271625E0,-9.039701843E-1,4.128414917E-1,-4.203259277E-1,1.079015327E0
6.800274625E0,-1.202150116E0,5.992039490E-1,-1.074765015E-1,1.347501938E0
6.810276625E0,-1.649869080E0,9.627978516E-1,5.511538696E-1,1.988169578E0
6.820279625E0,-1.983225861E0,1.261875916E0,9.443861389E-1,2.533254985E0
6.830281625E0,-3.682791595E0,1.251996460E0,1.654210052E0,4.226920861E0
6.840284625E0,-6.250551910E0,1.439556427E0,1.575623474E0,6.604870265E0
6.850286625E0,-1.155028107E1,1.889071655E0,1.566193085E0,1.180807119E1
6.860289625E0,-1.789139465E1,5.085674286E0,9.412426758E-1,1.862396369E1
6.870291625E0,-2.608056519E1,1.203676941E1,-6.301895142E-1,2.873111270E1
6.880293625E0,-3.495785477E1,1.264540375E1,6.271957397E-2,3.717474653E1
6.890296625E0,-3.402873688E1,1.187076462E1,1.002016296E0,3.605376572E1
6.900298625E0,-3.119393188E1,1.104807541E1,2.888992310E0,3.321848331E1
6.910301625E0,-3.190974335E1,9.867031403E0,5.444178772E0,3.384123390E1
6.920303625E0,-3.554298798E1,9.456435242E0,8.140821075E0,3.766963140E1
6.930306625E0,-4.039694412E1,9.279503174E0,1.084629501E1,4.284465415E1
6.940308625E0,-3.382141800E1,7.329807587E0,1.083476898E1,3.626301992E1
6.950311625E0,-1.746388367E1,3.990551605E0,4.717889099E0,1.852485391E1
6.960313625E0,-2.313573898E1,4.798421631E0,5.247637482E0,2.420382134E1
6.970316625E0,-3.683120911E1,7.682324524E0,1.076621155E1,3.913396716E1
6.980318625E0,-3.562486771E1,7.318730621E0,1.054781570E1,3.786755119E1
6.990320625E0,-2.809402817E1,5.864804077E0,9.150621185E0,3.012315079E1
7.000323625E0,-2.147973267E1,6.365363159E0,5.197641449E0,2.299809210E1
7.010325625E0,-1.576776077E1,7.835306396E0,3.706292725E-1,1.761112354E1
7.020328625E0,-1.383048935E1,7.483238525E0,2.618055725E-1,1.572735949E1
7.030330625E0,-1.328083237E1,5.879174194E0,1.155447235E0,1.456984063E1
7.040333625E0,-1.265932480E1,3.861070862E0,1.160536652E0,1.328582771E1
7.050335625E0,-1.114133148E1,2.167342987E0,1.521436157E0,1.145169904E1
7.060338625E0,-9.211245117E0,1.195414124E0,1.658700714E0,9.435430016E0
7.070340625E0,-7.561076660E0,5.646258545E-1,1.592388611E0,7.747540520E0
7.080343625E0,-5.875881042E0,1.543290710E-1,1.390159149E0,6.040061088E0
7.090345625E0,-4.246818695E0,-1.047821045E-1,9.322613525E-1,4.349202174E0
7.100348625E0,-2.821333008E0,-2.121089172E-1,2.800675964E-1,2.843122930E0
7.110350625E0,-1.576222229E0,-2.761756897E-1,-6.334826660E-1,1.721060666E0
7.120352625E0,-5.263055420E-1,-2.731819153E-1,-1.771266632E0,1.867889548E0
7.130355625E0,2.558180237E-1,-2.246827698E-1,-2.817890167E0,2.838385140E0
7.140357625E0,8.529263306E-1,-2.592608643E-1,-2.725681915E0,2.867758955E0
7.150360625E0,9.641450500E-1,-5.411247253E-1,-1.573228455E0,1.922872699E0
7.160362625E0,8.532257080E-1,-1.025218048E0,-1.118174744E-1,1.338495163E0
7.170365625E0,2.248324585E0,-9.939331055E-1,3.320095825E-1,2.480543654E0
7.180367625E0,2.962639160E0,-9.572593689E-1,5.990542603E-1,3.170558673E0
7.190370625E0,3.269501038E0,-8.699908447E-1,1.356179810E-1,3.385987794E0
7.200372625E0,3.293451233E0,-4.441264343E-1,1.600172424E-1,3.327112086E0
7.210375625E0,3.238066406E0,5.882766724E-2,-2.812651062E-1,3.250791412E0
7.220377625E0,2.443668365E0,1.868115234E-1,-1.024469604E0,2.656304123E0
7.230379625E0,1.358724518E0,5.643264771E-2,-1.670077057E0,2.153711758E0
7.240382625E0,7.970924377E-1,1.193019104E-1,-1.703607330E0,1.884639816E0
7.250384625E0,1.776805115E-1,5.086422729E-1,-1.484463043E0,1.579214315E0
7.260387625E0,-1.425036621E-1,6.105802917E-1,-8.316705322E-1,1.041533226E0
7.270389625E0,-1.423539734E-1,6.162684631E-1,-3.957769775E-1,7.461172082E-1
7.280392625E0,-1.193019104E-1,6.095324707E-1,-3.122506714E-1,6.951713893E-1
7.290394625E0,-1.440005493E-1,4.679269409E-1,-4.382885742E-1,6.571062734E-1
7.300397625E0,-1.749861145E-1,2.119592285E-1,-3.775149536E-1,4.669736556E-1
7.310399625E0,-1.926493835E-1,-8.382568359E-3,-3.634442139E-1,4.114313418E-1
7.320402625E0,-1.782792664E-1,-2.342628479E-1,-3.707789612E-1,4.734338568E-1
7.330404625E0,-2.630030823E-1,-3.055146790E-1,-3.815565491E-1,5.550632761E-1
7.340407625E0,-2.300715637E-1,-2.583627319E-1,-3.908372498E-1,5.219559191E-1
7.350409625E0,-2.263293457E-1,-3.183879089E-1,-1.580712891E-1,4.214052274E-1
7.360411625E0,-2.653981018E-1,-4.123924255E-1,2.113604736E-1,5.340195829E-1
7.370414625E0,-2.426454163E-1,-3.652404785E-1,4.601431274E-1,6.356171040E-1
7.380416625E0,-3.595523071E-1,-2.113604736E-1,4.587959290E-1,6.200361407E-1
7.390419625E0,-4.700225830E-1,3.143463135E-3,4.680766296E-1,6.633451900E-1
7.400421625E0,-5.405259705E-1,2.502795410E-1,5.499563599E-1,8.107158387E-1
7.410424625E0,-7.185058594E-1,5.400769043E-1,6.872209167E-1,1.131462028E0
7.420426625E0,-1.125210114E0,7.602690125E-1,5.953120422E-1,1.482735040E0
7.430429625E0,-1.764081573E0,9.286688232E-1,5.369334412E-1,2.064632437E0
7.440431625E0,-3.601959686E0,9.295669556E-1,6.295907593E-1,3.772875936E0
7.450434625E0,-5.845494232E0,1.232836304E0,8.726852417E-1,6.037488526E0
7.460436625E0,-1.096993790E1,2.130669250E0,2.445764008E0,1.143945149E1
7.470439625E0,-1.825678482E1,6.795867920E0,1.963317261E0,1.957929078E1
7.480441625E0,-2.878813477E1,1.052162018E1,9.425898743E-1,3.066512139E1
7.490443625E0,-3.373744263E1,1.039528290E1,1.647024994E0,3.534104742E1
7.500446625E0,-3.278123108E1,1.048404831E1,1.942660217E0,3.447170301E1
7.510448625E0,-3.510619629E1,9.041348419E0,3.904330902E0,3.646141521E1
7.520451625E0,-3.627676208E1,7.225773926E0,7.134314117E0,3.767112573E1
7.530453625E0,-3.850712402E1,6.920558624E0,1.069286407E1,4.055897033E1
7.540456625E0,-4.103162430E1,7.128625946E0,1.310539719E1,4.365962592E1
7.550458625E0,-3.551499619E1,7.061715088E0,1.428644119E1,3.892666407E1
7.560461625E0,-3.017664734E1,6.785090332E0,1.403212006E1,3.396421483E1
7.570463625E0,-3.401736053E1,6.692582703E0,1.120764359E1,3.643600905E1
7.580466625E0,-3.828842880E1,4.634662170E0,1.160536652E1,4.027615182E1
7.590468625E0,-3.017604858E1,5.550906830E0,1.129446304E1,3.269512762E1
7.600470667E0,-1.819361618E1,6.249953156E0,9.174721069E0,2.131302632E1
7.610473667E0,-1.451830902E1,5.228327637E0,7.698640594E0,1.724487674E1
7.620475667E0,-1.390473495E1,4.577331390E0,7.122638397E0,1.627960671E1
7.630478667E0,-1.403391632E1,3.983815613E0,5.898484039E0,1.573574619E1
7.640480667E0,-1.296349228E1,3.376827850E0,4.164938965E0,1.402860702E1
7.650483667E0,-1.136481674E1,2.743494873E0,2.956202545E0,1.205922706E1
7.660485667E0,-9.842033386E0,2.469414825E0,2.469564514E0,1.044329352E1
7.670488667E0,-8.299191742E0,2.501897278E0,2.053878937E0,8.908113843E0
7.680490667E0,-6.593189392E0,2.424508209E0,1.505269775E0,7.184303969E0
7.690493667E0,-4.961432648E0,2.212099915E0,1.049018555E0,5.532597932E0
7.700495667E0,-3.725003815E0,2.041604462E0,3.291654968E-1,4.260534253E0
7.710497667E0,-2.354902954E0,1.604812775E0,-5.243595886E-1,2.897575701E0
7.720500667E0,-1.190324707E0,1.113983459E0,-9.891430664E-1,1.906891728E0
7.730502667E0,-3.540138245E-1,5.035528564E-1,-1.716181183E0,1.823230408E0
7.740505667E0,1.788780212E-1,-2.032772827E-1,-2.240690460E0,2.256991967E0
7.750507667E0,3.531156921E-1,-6.459068298E-1,-2.730921021E0,2.828394588E0
7.760510667E0,6.192622375E-1,-6.743476868E-1,-2.297721863E0,2.473409849E0
7.770512667E0,9.737251282E-1,-7.174580383E-1,-1.405726776E0,1.854441811E0
7.780515667E0,1.378782806E0,-8.655001831E-1,-6.481521606E-1,1.752208269E0
7.790517667E0,1.925146637E0,-6.845265198E-1,-3.309617615E-1,2.069855506E0
7.800520667E0,1.931583252E0,-4.028123474E-1,-2.549198914E-1,1.989536579E0
7.810522667E0,1.834435272E0,1.209484863E-1,-2.649490356E-2,1.838609062E0
7.820524667E0,1.757195892E0,5.125341797E-1,-5.794450378E-1,1.919944072E0
7.830527667E0,1.177301788E0,7.255412292E-1,-6.433621216E-1,1.525242406E0
7.840529667E0,8.464897156E-1,7.620652771E-1,-1.941462708E-1,1.155413822E0
7.850532667E0,8.482859802E-1,5.887257385E-1,6.885681152E-3,1.032586322E0
7.860534667E0,6.875202942E-1,4.944218445E-1,-8.846603394E-2,8.514477990E-1
7.870537667E0,-1.062789917E-2,3.812571716E-1,-3.528163147E-1,5.195664876E-1
7.880539667E0,3.293151855E-2,2.881507874E-1,-3.698808289E-1,4.700289233E-1
7.890542667E0,-5.912704468E-2,2.481838989E-1,-3.640429688E-1,4.445430667E-1
7.900544667E0,-1.145118713E-1,1.728904724E-1,-8.966354370E-2,2.259283851E-1
7.910547667E0,-2.284249878E-1,-6.855743408E-2,5.548960876E-1,6.039766261E-1
7.920549667E0,-1.053808594E-1,-9.939331055E-2,9.690847778E-1,9.798517553E-1
7.930551667E0,-2.264790344E-1,-2.760260010E-1,3.501219177E-1,5.000684588E-1
7.940554667E0,-7.095245361E-1,-4.628375244E-1,-3.496728516E-1,9.164686271E-1
7.950556667E0,-7.017407227E-1,-3.183879089E-1,-8.887019348E-1,1.176266140E0
7.960559667E0,-3.230282593E-1,-1.695973206E-1,-1.175804901E0,1.231108311E0
7.970561667E0,2.951861572E-1,-2.188449097E-1,-1.495689697E0,1.540167404E0
7.980564667E0,7.473957825E-1,-1.989363098E-1,-1.617835693E0,1.793200614E0
7.990566667E0,8.496331787E-1,-2.921923828E-1,-1.360221405E0,1.630170297E0
8.000569667E0,4.932243347E-1,-2.486329651E-1,-8.096662903E-1,9.801265721E-1
8.010571667E0,-2.552192688E-1,3.769161987E-1,-3.959266663E-1,6.032914893E-1
8.020574667E0,-1.904788971E0,1.307381287E0,2.395019531E-2,2.310419976E0
8.030576667E0,-3.278182983E0,1.728455658E0,5.739065552E-1,3.750121514E0
8.040579667E0,-2.900069275E0,1.991907806E0,1.137634277E0,3.697608722E0
8.050581667E0,-3.366948395E0,2.426005096E0,1.107097778E0,4.295056194E0
8.060583667E0,-5.498515778E0,2.975811768E0,1.020877075E0,6.334928684E0
8.070586667E0,-1.398377060E1,3.925287323E0,1.843416595E0,1.464076178E1
8.080588667E0,-2.316732330E1,6.331234131E0,4.999603271E-1,2.402205976E1
8.090591667E0,-3.192650848E1,8.665480042E0,-5.815406799E-1,3.308671452E1
8.100593667E0,-3.457255600E1,1.074166260E1,-6.885681152E-3,3.620283126E1
8.110596667E0,-3.462135452E1,1.245919098E1,5.950126648E-1,3.679977811E1
8.120598667E0,-3.761602707E1,1.387779099E1,2.826871490E0,4.019390224E1
8.130601667E0,-3.764821014E1,1.435529800E1,5.859415283E0,4.071602946E1
8.140603667E0,-4.064408020E1,1.240709930E1,1.022463776E1,4.370835830E1
8.150606667E0,-4.280513626E1,9.948911133E0,1.213706085E1,4.559132340E1
8.160608667E0,-3.545033066E1,7.741900635E0,1.103969284E1,3.792806068E1
8.170610667E0,-1.427132263E1,4.581223297E0,5.566624146E0,1.598891994E1
8.180613667E0,-1.188393723E1,3.799399109E0,4.530329132E0,1.327355565E1
8.190615667E0,-3.852568542E1,4.636757812E0,9.905202026E0,4.004798357E1
8.200618667E0,-4.285827576E1,5.777385864E0,8.720565491E0,4.411641702E1
8.210620667E0,-2.227547791E1,7.249125366E0,7.103029175E0,2.447855710E1
8.220623667E0,-1.543904434E1,6.385122070E0,6.239175568E0,1.783426998E1
8.230625667E0,-1.404514297E1,5.874533844E0,4.423152008E0,1.585372079E1
8.240628667E0,-1.263986526E1,5.220394135E0,3.423530731E0,1.409749167E1
8.250630667E0,-1.075648178E1,4.156706085E0,2.505639496E0,1.180077688E1
8.260632667E0,-8.717721405E0,3.031495972E0,2.145787811E0,9.475918934E0
8.270635667E0,-6.843319244E0,2.020348663E0,1.961221619E0,7.399947111E0
8.280637667E0,-5.154231720E0,1.293310547E0,1.379381561E0,5.490122975E0
8.290640667E0,-3.751947784E0,8.327183533E-1,9.144483948E-1,3.950537672E0
8.300642667E0,-2.737806702E0,4.059558105E-1,4.607418823E-1,2.805827639E0
8.310645667E0,-1.924248505E0,1.951940918E-1,-7.634124756E-2,1.935629362E0
8.320647667E0,-1.336271210E0,5.867797852E-2,-7.056326294E-1,1.512276846E0
8.330650667E0,-4.652325439E-1,2.185455322E-2,-1.568139038E0,1.635841980E0
8.340652667E0,5.831872559E-1,1.074765015E-1,-2.449655914E0,2.520411211E0
8.350655667E0,1.257834320E0,2.168989563E-1,-3.435356140E0,3.664814340E0
8.360657667E0,1.580263824E0,1.646575928E-1,-3.391048279E0,3.744803641E0
8.370660667E0,2.109114075E0,-2.032772827E-1,-1.996398468E0,2.911235249E0
8.380662667E0,2.626887360E0,-6.533912659E-1,4.128414917E-1,2.738228523E0
8.390664667E0,3.313659210E0,-7.146139526E-1,1.525028687E0,3.717085277E0
8.400667667E0,3.910318451E0,1.471440125E-1,-1.307530975E0,4.125757991E0
8.410669667E0,3.343447266E0,5.902226257E-1,-2.010618896E0,3.945832069E0
8.420672667E0,1.843715973E0,4.939727783E-3,-7.964936829E-1,2.008411107E0
8.430674667E0,7.093748474E-1,-1.736389160E-1,5.176235962E-1,8.951521293E-1
8.440677667E0,5.080435181E-1,2.993774414E-1,6.538403320E-1,8.804784202E-1
8.450679667E0,6.674620056E-1,6.011499023E-1,-7.860154724E-1,1.193610932E0
8.460682667E0,8.442443848E-2,1.916015625E-1,-2.541714478E-1,3.293049793E-1
8.470684667E0,-1.800755310E-1,1.969903564E-1,-9.460327148E-2,2.831645747E-1
8.480687667E0,-2.046244812E-1,1.914518738E-1,4.336482239E-1,5.163097717E-1
8.490689667E0,-4.155358887E-1,2.424957275E-1,3.513194275E0,3.545984809E0
8.500691667E0,-3.222798157E-1,-2.068698120E-1,6.875202942E-1,7.869838331E-1
8.510694667E0,3.414399719E-1,5.089416504E-3,-2.168989563E-1,4.045396320E-1
8.520696667E0,9.580078125E-2,-3.034190369E-1,-1.591490479E0,1.622985781E0
8.530699667E0,-3.323089600E-1,-6.242019653E-1,-1.923350372E0,2.049227658E0
8.540701667E0,6.556365967E-2,-1.508862305E-1,-1.619631958E0,1.627965886E0
8.550704667E0,4.505630493E-2,-8.247848511E-2,-9.098080444E-1,9.146493584E-1
8.560706667E0,2.005828857E-1,1.481918335E-1,5.553451538E-2,2.554963717E-1
8.570709667E0,3.242257690E-1,1.595681763E-1,7.355703735E-1,8.195414124E-1
8.580711667E0,4.305047607E-1,1.660047913E-1,1.038690033E0,1.136560128E0
8.590714667E0,2.174977112E-1,4.963677979E-1,7.339237976E-1,9.123214268E-1
8.600716250E0,-6.553372192E-1,8.765771484E-1,2.285746765E-1,1.118079045E0
8.610718250E0,-9.428892517E-1,8.152047729E-1,-3.028202820E-1,1.282692124E0
8.620721250E0,-1.573078766E0,8.273295593E-1,-8.111631775E-1,1.953723804E0
8.630723250E0,-2.251767426E0,1.019230499E0,-9.002279663E-1,2.630531836E0
8.640726250E0,-3.623215485E0,1.120569763E0,-2.998265076E-1,3.804374190E0
8.650728250E0,-1.049856812E1,1.184486847E0,4.592449951E-1,1.057515236E1
8.660731250E0,-1.848910172E1,1.921703796E0,-2.848576355E-1,1.859088410E1
8.670733250E0,-2.547776871E1,6.004014587E0,-1.371298370E0,2.621154991E1
8.680736250E0,-3.214954468E1,1.026041336E1,-2.626887360E0,3.384922218E1
8.690738250E0,-3.371753403E1,1.150776947E1,-3.064128113E-1,3.562856646E1
8.700740250E0,-3.171604614E1,1.191342590E1,5.864804077E-1,3.388482343E1
8.710743250E0,-3.116998169E1,1.142618912E1,1.330283661E0,3.322491852E1
8.720745250E0,-3.516188049E1,1.121991806E1,4.676275635E0,3.720365513E1
8.730748250E0,-3.986944107E1,1.014739838E1,8.770411835E0,4.206497532E1
8.740750250E0,-3.550257202E1,6.844666443E0,9.557475128E0,3.739822736E1
8.750753250E0,-2.080643280E1,3.639531555E0,7.043003998E0,2.226561791E1
8.760755250E0,-1.466171082E1,3.324137421E0,4.763394470E0,1.577040204E1
8.770758250E0,-3.450175323E1,4.074526978E0,5.992488556E0,3.525454106E1
8.780760250E0,-4.523473389E1,4.540957031E0,4.901108093E0,4.572551040E1
8.790763250E0,-3.591062347E1,7.712262268E0,3.379671936E0,3.688460451E1
8.800765250E0,-2.508738052E1,8.802295532E0,3.531755676E0,2.682033494E1
8.810767250E0,-2.105237137E1,7.479047241E0,3.475622406E0,2.261014018E1
8.820770250E0,-1.858819565E1,5.943240967E0,3.649411011E0,1.985349670E1
8.830772250E0,-1.642803772E1,4.600832520E0,4.234394531E0,1.757777518E1
8.840775250E0,-1.448283279E1,3.483106842E0,4.559518433E0,1.557798727E1
8.850777250E0,-1.243299545E1,2.640509033E0,4.241878967E0,1.339944779E1
8.860780250E0,-1.032672546E1,2.304906921E0,3.355871429E0,1.110025800E1
8.870782250E0,-8.464448090E0,2.192341003E0,2.053280182E0,8.981603423E0
8.880785250E0,-6.972799988E0,1.998943176E0,8.907975769E-1,7.308162137E0
8.890787250E0,-5.658383331E0,1.647923126E0,4.481680298E-1,5.910482818E0
8.900790250E0,-4.242627411E0,1.165476379E0,1.728904724E-1,4.403193574E0
8.910792250E0,-2.856958923E0,5.751040649E-1,-2.392025757E-1,2.924068544E0
8.920794250E0,-1.995799713E0,-8.681945801E-3,-1.328637085E0,2.397617229E0
8.930797250E0,-9.978250122E-1,-2.439926147E-1,-2.144590302E0,2.377909736E0
8.940799250E0,2.360591125E-1,-3.104544067E-1,-3.107537842E0,3.131915912E0
8.950802250E0,7.264393616E-1,-3.989204407E-1,-3.410657501E0,3.509905448E0
8.960804250E0,8.849597168E-1,-6.888674927E-1,-2.264341278E0,2.526842604E0
8.970807250E0,1.138682098E0,-1.390308838E0,-4.191284180E-3,1.797101320E0
8.980809250E0,2.619552612E0,-1.381177826E0,3.459306335E-1,2.981505673E0
8.990812250E0,3.610491943E0,-8.669970703E-1,3.725752258E-1,3.731775488E0
9.000814250E0,3.997736664E0,-5.369334412E-1,5.480104065E-1,4.070689298E0
9.010817250E0,3.002755737E0,-4.793032837E-1,-4.361929321E-1,3.071894844E0
9.020819250E0,1.629810791E0,-2.544708252E-2,-1.021475830E0,1.923627729E0
9.030821250E0,1.233884125E0,2.342628479E-1,-1.234482880E0,1.761049998E0
9.040824250E0,7.134164429E-1,4.899311829E-1,-1.133892059E0,1.426431487E0
9.050826250E0,4.168830872E-1,7.762857056E-1,-5.857319641E-1,1.058060933E0
9.060829250E0,-1.248403931E-1,6.553372192E-1,5.134323120E-2,6.690950023E-1
9.070831250E0,-9.505233765E-2,3.721261597E-1,1.214873657E0,1.274139250E0
9.080834250E0,-7.955955505E-1,-1.541793823E-1,2.906056824E0,3.016937160E0
9.090836250E0,1.842668152E-1,1.669029236E-1,1.176553345E0,1.202534248E0
9.100839250E0,7.930508423E-1,3.156935120E-1,-1.303040314E0,1.557724652E0
9.110841250E0,-1.046324158E-1,-4.808001709E-1,-1.429527283E0,1.511841592E0
9.120844250E0,-5.718109131E-2,-1.916015625E-1,-1.297202454E0,1.312522397E0
9.130846250E0,9.729766846E-2,-7.768844604E-2,-9.982740784E-1,1.006008681E0
9.140848250E0,-1.194515991E-1,-3.861968994E-2,-6.477030945E-1,6.597571247E-1
9.150851250E0,-1.859133911E-1,-8.442443848E-2,-1.218466187E-1,2.377769402E-1
9.160853250E0,-9.909393311E-2,-1.733395386E-1,-1.700463867E-1,2.622631824E-1
9.170856250E0,1.392105103E-2,-3.291654968E-1,-3.793112183E-1,5.024148886E-1
9.180858250E0,1.901046753E-1,-3.713777161E-1,-5.155279541E-1,6.631970047E-1
9.190861250E0,5.318440247E-1,-4.567002869E-1,-6.984475708E-1,9.895767922E-1
9.200863250E0,8.610095215E-1,-3.049159241E-1,-8.210426331E-1,1.228178376E0
9.210866250E0,6.917115784E-1,-2.383044434E-1,-1.050964508E0,1.280539071E0
9.220868250E0,-1.779798889E-1,-8.562194824E-2,-1.279688873E0,1.294840365E0
9.230871250E0,-1.386267242E0,5.016069031E-1,-1.091679840E0,1.834423949E0
9.240873250E0,-1.721869354E0,7.812254333E-1,-6.810836792E-2,1.892032241E0
9.250875250E0,-1.860780487E0,1.144519958E0,6.213578796E-1,2.271236573E0
9.260878250E0,-3.414100342E0,1.169068909E0,1.254092102E0,3.820412315E0
9.270880250E0,-6.198909302E0,1.439257050E0,2.041005707E0,6.683086239E0
9.280883250E0,-1.153650970E1,2.555186462E0,2.895279236E0,1.216563504E1
9.290885250E0,-1.857651993E1,7.809559937E0,1.024619293E0,2.017736761E1
9.300888250E0,-2.836481506E1,1.248897903E1,-3.629951477E-1,3.099466239E1
9.310890250E0,-3.433904160E1,1.172347092E1,8.256829834E-1,3.629450785E1
9.320893250E0,-3.209999771E1,1.077998291E1,1.122815094E0,3.388035712E1
9.330895250E0,-3.445070938E1,1.008437943E1,2.892435150E0,3.601266814E1
9.340897250E0,-3.745466263E1,9.861193542E0,6.215225372E0,3.922657157E1
9.350900250E0,-3.897879318E1,9.678124237E0,9.279802551E0,4.122046994E1
9.360902250E0,-4.157095276E1,1.012255005E1,1.212463669E1,4.447040530E1
9.370905250E0,-3.170601700E1,8.110434265E0,1.026684998E1,3.429954615E1
9.380907250E0,-1.489717117E1,4.551734619E0,5.277425537E0,1.644673880E1
9.390910250E0,-3.271267365E1,4.999902649E0,9.414821777E0,3.440576859E1
9.400912250E0,-5.128560104E1,5.013524323E0,1.101798798E1,5.269482289E1
9.410915250E0,-3.402559341E1,6.103407898E0,9.133257294E0,3.575484560E1
9.420917250E0,-1.848012039E1,5.948480072E0,7.693551178E0,2.088276789E1
9.430920250E0,-1.557900330E1,5.577701111E0,6.499035187E0,1.777789503E1
9.440922250E0,-1.476155319E1,5.519472198E0,5.124743042E0,1.657199497E1
9.450924250E0,-1.461276260E1,5.000351715E0,4.400099945E0,1.605917892E1
9.460927250E0,-1.342288696E1,3.869154053E0,2.961890717E0,1.427995253E1
9.470929250E0,-1.153067184E1,3.174897766E0,1.884880371E0,1.210740034E1
9.480932250E0,-9.683812408E0,2.698588257E0,1.987566833E0,1.024739105E1
9.490934250E0,-8.348738708E0,2.032623138E0,2.170486450E0,8.862505643E0
9.500937250E0,-6.919810181E0,1.327289886E0,1.767075348E0,7.264160424E0
9.510939250E0,-5.633984070E0,6.526428223E-1,1.206640778E0,5.798594754E0
9.520942250E0,-4.688101044E0,1.845661926E-1,8.412506104E-1,4.766556269E0
9.530944250E0,-3.497177582E0,-6.556365967E-2,5.230123901E-1,3.536678045E0
9.540946250E0,-2.495011597E0,-2.549198914E-1,3.406915283E-1,2.531034914E0
9.550949250E0,-1.549278259E0,-4.986131287E-1,-1.451980591E-1,1.634001424E0
9.560951250E0,-8.878038025E-1,-7.309300232E-1,-7.065307617E-1,1.349681447E0
9.570954250E0,-1.419049072E-1,-7.670050049E-1,-1.539548492E0,1.725874631E0
9.580956250E0,5.206173706E-1,-6.421646118E-1,-2.520907745E0,2.652997116E0
9.590959250E0,9.481283569E-1,-4.843927002E-1,-2.848127289E0,3.040627028E0
9.600961792E0,1.034947815E0,-5.408253479E-1,-2.526595917E0,2.783396480E0
9.610964792E0,1.367705841E0,-7.776329041E-1,-2.052831116E0,2.586396681E0
9.620966792E0,1.758842468E0,-9.136999512E-1,-8.857081604E-1,2.170910725E0
9.630969792E0,2.033221893E0,-8.093669128E-1,1.434017944E-1,2.193086898E0
9.640971792E0,2.208058319E0,-6.477030945E-1,-1.466949463E-2,2.301142332E0
9.650973792E0,2.705473938E0,-3.543132019E-1,2.755769348E-1,2.742456877E0
9.660976792E0,2.803520050E0,-1.077758789E-2,7.767347717E-1,2.909150689E0
9.670978792E0,2.570454712E0,1.651066589E-1,9.144483948E-1,2.733260599E0
9.680981792E0,1.878892822E0,5.197192383E-1,8.912466431E-1,2.143517414E0
9.690983792E0,1.095571747E0,7.602690125E-1,-1.195713501E0,1.791093856E0
9.700986792E0,3.620970154E-1,5.849835205E-1,-2.128723297E0,2.237137198E0
9.710988792E0,4.147874451E-1,3.676354980E-1,-1.444346466E0,1.547042727E0
9.720991792E0,4.490661621E-4,3.888912964E-1,1.209784241E0,1.270753537E0
9.730993792E0,-5.411247253E-1,-2.433938599E-1,2.177072754E0,2.256480072E0
9.740996792E0,1.263372803E-1,2.462379456E-1,4.805007935E-1,5.545045056E-1
9.750998792E0,3.418890381E-1,7.354206848E-1,-2.142644348E0,2.290994653E0
9.761000792E0,-4.128414917E-1,-5.429209900E-1,-2.637066193E0,2.723842764E0
9.771003792E0,-1.332229614E-1,-4.531077576E-1,-1.756447449E0,1.818835517E0
9.781005792E0,1.049317932E-1,1.945953369E-3,-2.020947418E0,2.023670659E0
9.791008792E0,-2.312690735E-1,-2.005828857E-1,-1.528920593E0,1.559268116E0
9.801010792E0,-8.125103760E-1,-6.150709534E-1,-7.283853149E-1,1.252609499E0
9.811013792E0,-1.097068634E0,-7.289840698E-1,4.819976807E-2,1.318066986E0
9.821015792E0,-1.282083893E0,-4.243675232E-1,-4.373904419E-1,1.419555318E0
9.831018792E0,-1.566492462E0,9.400451660E-2,-7.126679993E-1,1.723551902E0
9.841020792E0,-1.829495544E0,5.704637146E-1,-2.639012146E-1,1.934457714E0
9.851022792E0,-2.290985870E0,8.782237244E-1,3.709286499E-1,2.481427257E0
9.861025792E0,-2.925666046E0,1.439406738E0,5.575904846E-1,3.307917883E0
9.871027792E0,-6.945257263E0,2.093097382E0,8.092172241E-1,7.298800423E0
9.881030792E0,-1.977417938E1,3.951632538E0,1.508113861E0,2.022147318E1
9.891032792E0,-2.697390747E1,9.957293701E0,-1.227297821E0,2.877925715E1
9.901035792E0,-3.537982727E1,1.266336639E1,-4.271517334E0,3.781982134E1
9.911037792E0,-3.460443970E1,8.688681793E0,-2.143542480E0,3.574290436E1
9.921040792E0,-2.388942169E1,6.225254517E0,-3.367996216E-2,2.468723145E1
9.931042792E0,-2.364273468E1,7.595205688E0,1.781595154E0,2.489658880E1
9.941044792E0,-2.988490402E1,9.174571381E0,5.294490051E0,3.170665346E1
9.951047792E0,-3.610521881E1,9.940528564E0,8.047265625E0,3.830351704E1
9.961049792E0,-3.260160461E1,8.732091522E0,8.363108826E0,3.477147732E1
9.971052792E0,-1.470482117E1,4.924309845E0,5.743705902E0,1.653695106E1
9.981054792E0,-1.944396606E1,4.648882599E0,4.692891083E0,2.053541216E1
9.991057792E0,-4.597494461E1,6.086343384E0,6.689588928E0,4.685605305E1
1.000105979E1,-5.051754822E1,5.204377441E0,7.175628204E0,5.128935428E1
1.001106279E1,-2.946233276E1,6.166875916E0,5.639821930E0,3.062461431E1
1.002106479E1,-2.111628845E1,6.231691132E0,4.475543060E0,2.246691118E1
1.003106779E1,-1.902857986E1,6.170169067E0,3.720513153E0,2.034699133E1
1.004106979E1,-1.725611572E1,5.974076843E0,3.153192902E0,1.853121014E1
1.005107179E1,-1.527079422E1,5.616470490E0,2.958597565E0,1.653769018E1
1.006107479E1,-1.331690735E1,4.956043854E0,2.313738556E0,1.439638073E1
1.007107679E1,-1.129191833E1,4.402794342E0,1.777852936E0,1.224960321E1
1.008107979E1,-9.013206940E0,3.976780243E0,1.720073090E0,1.000056658E1
1.009108179E1,-7.687713318E0,3.261866913E0,1.190474396E0,8.435516647E0
1.010108479E1,-6.536906433E0,2.346071320E0,9.728269958E-1,7.012958628E0
1.011108679E1,-5.327122192E0,1.579365692E0,8.207432556E-1,5.616604520E0
1.012108979E1,-4.042343903E0,9.870474243E-1,4.116439819E-1,4.181418134E0
1.013109179E1,-2.915936279E0,5.107379150E-1,-4.340972900E-2,2.960645539E0
1.014109479E1,-1.924248505E0,1.062789917E-1,-6.152206421E-2,1.928162985E0
1.015109679E1,-1.372196503E0,-1.399589539E-1,-1.260379028E-1,1.385062202E0
1.016109879E1,-6.848258972E-1,-3.737727356E-1,-4.670288086E-2,7.815841135E-1
1.017110179E1,-2.133064270E-1,-5.128335571E-1,-3.180885315E-1,6.400610932E-1
1.018110379E1,2.365081787E-2,-5.227130127E-1,-8.662486267E-1,1.012015286E0
1.019110679E1,3.953279114E-1,-5.839356995E-1,-1.786085815E0,1.920251962E0
1.020110879E1,7.842192078E-1,-6.053411865E-1,-2.225422211E0,2.435968336E0
1.021111179E1,1.143771515E0,-6.400689697E-1,-2.646795959E0,2.953545398E0
1.022111379E1,1.299148407E0,-7.378157043E-1,-2.467169495E0,2.884282218E0
1.023111679E1,1.241817627E0,-9.334588623E-1,-1.638343048E0,2.257791932E0
1.024111879E1,1.351240082E0,-1.170116730E0,-2.432441711E-1,1.803937540E0
1.025112079E1,1.678908691E0,-1.159339142E0,6.629713440E-1,2.145304790E0
1.026112379E1,2.196681976E0,-8.416996765E-1,7.641609192E-1,2.473421105E0
1.027112579E1,2.372266846E0,-6.248007202E-1,1.758842468E-1,2.459463599E0
1.028112879E1,2.627037048E0,-2.317181396E-1,2.052232361E-1,2.645209543E0
1.029113079E1,2.494113464E0,3.124003601E-1,8.232879639E-2,2.514950097E0
1.030113379E1,1.482816467E0,6.246510315E-1,-8.187973022E-1,1.805370491E0
1.031113579E1,8.304730225E-1,6.242019653E-1,-1.143322449E0,1.544830009E0
1.032113879E1,7.852670288E-1,2.914439392E-1,-1.036744080E0,1.332824881E0
1.033114079E1,3.481759644E-1,2.646496582E-1,-1.305585022E0,1.376887139E0
1.034114279E1,3.637435913E-2,3.674858093E-1,-1.084345093E0,1.145501285E0
1.035114579E1,6.960525513E-2,2.891986084E-1,-1.517843628E-1,3.339449347E-1
1.036114779E1,-5.358856201E-2,1.962419128E-1,2.585124207E-1,3.289548510E-1
1.037115079E1,-4.834945679E-2,1.345701599E-1,2.942880249E-1,3.271883854E-1
1.038115279E1,-7.499404907E-2,7.933502197E-2,2.427951050E-1,2.662097220E-1
1.039115579E1,-2.294728088E-1,2.230361938E-2,1.736389160E-1,2.886272589E-1
1.040115779E1,-3.418890381E-1,4.790039063E-2,-1.335223389E-1,3.701496681E-1
1.041116079E1,-4.614903259E-1,2.058219910E-1,-4.641847229E-1,6.861512004E-1
1.042116279E1,-6.547384644E-1,3.463796997E-1,-4.626878357E-1,8.733506663E-1
1.043116579E1,-9.867480469E-1,5.183720398E-1,-3.852987671E-1,1.179337280E0
1.044116779E1,-1.470242615E0,8.303233337E-1,-5.508544922E-2,1.689403620E0
1.045116979E1,-1.660496979E0,9.502239990E-1,8.235873413E-1,2.082899895E0
1.046117279E1,-1.706900482E0,1.052760773E0,1.781295776E0,2.682317868E0
1.047117479E1,-2.256407776E0,1.450334015E0,2.210453339E0,3.475765925E0
1.048117779E1,-1.466021393E1,3.175945587E0,4.266128540E0,1.559513884E1
1.049117979E1,-2.831062775E1,1.122755219E1,1.381626892E0,3.048702124E1
1.050118279E1,-3.800192459E1,1.408780426E1,5.239105225E-1,4.053254228E1
1.051118479E1,-3.533417221E1,7.824229431E0,3.706891479E0,3.637943563E1
1.052118779E1,-2.527943115E1,3.837869110E0,4.022435303E0,2.588356360E1
1.053118979E1,-2.479488876E1,4.433480530E0,6.072572021E0,2.590981261E1
1.054119179E1,-3.051838669E1,5.779631195E0,9.547895050E0,3.249520523E1
1.055119479E1,-3.629307816E1,7.887248383E0,1.265992355E1,3.923862731E1
1.056119679E1,-3.339705048E1,8.701105957E0,1.400323013E1,3.724463290E1
1.057119979E1,-1.719624023E1,5.964197388E0,1.169652695E1,2.163541244E1
1.058120179E1,-2.345622253E1,7.885901184E0,1.328472427E1,2.808675332E1
1.059120479E1,-4.831008865E1,1.036774017E1,1.668969360E1,5.215266604E1
1.060120700E1,-4.878924225E1,8.871302032E0,1.444481186E1,5.165019602E1
1.061121000E1,-2.814312607E1,7.468868408E0,1.050710037E1,3.095510779E1
1.062121200E1,-1.919862625E1,6.295009460E0,7.258406067E0,2.146855497E1
1.063121400E1,-1.728276031E1,5.810916138E0,6.155200195E0,1.924440282E1
1.064121700E1,-1.581446365E1,5.217400360E0,5.661676483E0,1.758900531E1
1.065121900E1,-1.418061127E1,4.517605591E0,5.195845184E0,1.576373380E1
1.066122200E1,-1.255109985E1,3.622167664E0,5.175936584E0,1.405135316E1
1.067122400E1,-1.135239258E1,2.856659546E0,4.532125397E0,1.255298696E1
1.068122700E1,-1.002465363E1,2.428100739E0,3.748954010E0,1.097469861E1
1.069122900E1,-8.628806305E0,2.161056061E0,2.935395813E0,9.367123898E0
1.070123200E1,-7.425608368E0,1.839075623E0,2.300416260E0,7.988352380E0
1.071123400E1,-6.298003235E0,1.552272034E0,1.864073639E0,6.749012057E0
1.072123700E1,-5.203329620E0,1.335971832E0,1.351689148E0,5.539541807E0
1.073123900E1,-4.118086395E0,1.154100037E0,6.834786987E-1,4.331019001E0
1.074124100E1,-3.182382202E0,8.416996765E-1,2.395019531E-3,3.291811137E0
1.075124400E1,-2.064506836E0,4.658312988E-1,-6.924600220E-1,2.226811208E0
1.076124600E1,-1.176553345E0,5.748046875E-2,-5.447172546E-1,1.297805326E0
1.077124900E1,-6.327342224E-1,-2.707868958E-1,-5.706134033E-1,8.940233751E-1
1.078125100E1,-9.849517822E-2,-4.197271729E-1,-6.695576477E-1,7.963539686E-1
1.079125400E1,3.215313721E-1,-4.046086121E-1,-8.590635681E-1,1.002537165E0
1.080125600E1,4.328997803E-1,-4.058061218E-1,-1.005908203E0,1.167875054E0
1.081125900E1,3.502716064E-1,-4.528083801E-1,-1.085243225E0,1.226979415E0
1.082126100E1,5.078938293E-1,-5.393284607E-1,-1.266216888E0,1.467016203E0
1.083126300E1,5.779481506E-1,-7.463479614E-1,-1.174308014E0,1.506671383E0
1.084126600E1,6.396199036E-1,-9.568103027E-1,-1.195414124E0,1.659401851E0
1.085126800E1,8.084687805E-1,-1.030157776E0,-1.358874207E0,1.887163459E0
1.086127100E1,1.605860596E0,-1.109343109E0,-2.138902130E0,2.895571223E0
1.087127300E1,2.538870392E0,-8.680448914E-1,-2.062860260E0,3.384487739E0
1.088127600E1,3.258873138E0,-3.767665100E-1,-6.248007202E-1,3.339548334E0
1.089127800E1,3.428769836E0,6.182144165E-2,4.420307922E-1,3.457698035E0
1.090128100E1,2.991080017E0,3.640429688E-1,4.206253052E-2,3.013445903E0
1.091128300E1,2.173180847E0,4.638853455E-1,-2.354603577E-1,2.234579645E0
1.092128500E1,1.892963562E0,3.878434753E-1,6.520440674E-1,2.039336920E0
1.093128800E1,1.142723694E0,2.642005920E-1,5.213658142E-1,1.283527057E0
1.094129000E1,8.958869934E-1,-2.650987244E-1,7.933502197E-2,9.376485932E-1
1.095129300E1,1.324894867E0,4.490661621E-2,-1.660197601E0,2.124527968E0
1.096129500E1,7.737409973E-1,3.218307495E-2,-2.434687042E0,2.554880012E0
1.097129800E1,4.519102478E-1,-2.395019531E-2,-1.882784729E0,1.936407710E0
1.098130000E1,4.665797424E-1,2.782713318E-1,-1.311273193E0,1.419355127E0
1.099130300E1,1.508862305E-1,2.656974792E-1,-4.326004028E-1,5.296271458E-1
1.100130500E1,-9.505233765E-2,3.984713745E-1,-1.106199646E-1,4.243243568E-1
1.101130800E1,-5.692662048E-1,4.300556946E-1,-2.481838989E-1,7.553854381E-1
1.102131000E1,-8.589138794E-1,4.429289246E-1,2.067201233E-1,9.882572002E-1
1.103131200E1,-9.496252441E-1,5.984555054E-1,7.232958984E-1,1.335325448E0
1.104131500E1,-9.663903809E-1,6.352789307E-1,9.397457886E-1,1.490171747E0
1.105131700E1,-8.837622070E-1,5.333409119E-1,1.024170227E0,1.454102067E0
1.106132000E1,-1.224603424E0,5.403762817E-1,8.596623230E-1,1.590810920E0
1.107132200E1,-2.354902954E0,8.580157471E-1,7.300318909E-1,2.610499092E0
1.108132500E1,-1.376312943E1,3.548371124E0,2.918031921E0,1.450963747E1
1.109132700E1,-3.276760941E1,1.311153442E1,1.902543640E-1,3.529397623E1
1.110133000E1,-4.089421005E1,1.553095322E1,3.896397400E-1,4.374584258E1
1.111133200E1,-3.990297134E1,9.592053223E0,4.775219879E0,4.131655034E1
1.112133400E1,-3.087554398E1,6.937024384E0,5.101391602E0,3.205379415E1
1.113133700E1,-2.882226379E1,7.513176270E0,6.141428833E0,3.041196896E1
1.114133900E1,-3.385120605E1,8.067623291E0,9.546996918E0,3.608511947E1
1.115134200E1,-3.655039307E1,8.909322968E0,1.217597992E1,3.954189874E1
1.116134400E1,-3.046060684E1,8.116571503E0,1.219169724E1,3.379888731E1
1.117134700E1,-1.702604416E1,5.779182129E0,9.691745911E0,2.042584306E1
1.118134900E1,-3.072495712E1,8.128396912E0,1.240665024E1,3.411771969E1
1.119135100E1,-5.290463425E1,8.572074280E0,1.464449661E1,5.555935622E1
1.120135400E1,-4.305975677E1,7.418273621E0,1.350297043E1,4.573296019E1
1.121135600E1,-2.226245499E1,6.740333405E0,9.980196075E0,2.531113016E1
1.122135900E1,-1.598136658E1,6.685996399E0,7.329358521E0,1.881026639E1
1.123136100E1,-1.394799500E1,6.533912659E0,6.315666504E0,1.664710853E1
1.124136400E1,-1.277593231E1,6.109694824E0,5.285808105E0,1.511597118E1
1.125136600E1,-1.128144012E1,5.473368073E0,3.863016815E0,1.312065350E1
1.126136900E1,-9.366023254E0,4.497247925E0,3.276087341E0,1.089405245E1
1.127137100E1,-7.587272186E0,3.349285126E0,2.794239349E0,8.751696043E0
1.128137400E1,-5.770949249E0,2.311044159E0,2.282902679E0,6.622418364E0
1.129137600E1,-4.521647186E0,1.507515106E0,1.380429382E0,4.962205190E0
1.130137800E1,-3.456911316E0,9.410929871E-1,4.581971741E-1,3.611902062E0
1.131138100E1,-2.744093628E0,5.162763977E-1,-4.010160828E-1,2.820887282E0
1.132138300E1,-1.908680878E0,1.145118713E-1,-1.112037506E0,2.211968145E0
1.133138600E1,-1.087787933E0,-4.761598206E-1,-1.125060425E0,1.635778629E0
1.134138800E1,-6.673123169E-1,-8.174501038E-1,-1.146166534E0,1.557956394E0
1.135139100E1,-1.896556091E-1,-8.898994446E-1,-1.033151550E0,1.376696189E0
1.136139300E1,1.667532349E-1,-8.168513489E-1,-1.216969299E0,1.475149837E0
1.137139600E1,4.613406372E-1,-9.608518982E-1,-1.918560333E0,2.194754042E0
1.138139800E1,6.533912659E-1,-1.101708984E0,-2.600242767E0,2.898610923E0
1.139140000E1,8.599617004E-1,-1.326691132E0,-3.021317139E0,3.409985445E0
1.140140300E1,1.337319031E0,-1.404978333E0,-3.553161163E0,4.048128031E0
1.141140500E1,1.584904175E0,-1.280137939E0,-3.115171967E0,3.722226587E0
1.142140800E1,1.357676697E0,-9.785151672E-1,-1.860032043E0,2.502098549E0
1.143141000E1,1.383123779E0,-5.939648438E-1,-1.974394226E-1,1.518159395E0
1.144141300E1,1.816772003E0,-9.774673462E-2,2.583627319E-1,1.837652371E0
1.145141500E1,2.118843842E0,1.895059204E-1,-1.781295776E-2,2.127376088E0
1.146141800E1,1.848955078E0,3.866459656E-1,1.883084106E-1,1.898312419E0
1.147142000E1,1.442400513E0,5.095404053E-1,9.551637268E-1,1.803465666E0
1.148142200E1,1.102906494E0,5.080435181E-1,1.545086975E0,1.965147504E0
1.149142500E1,1.101409607E0,4.661306763E-1,1.943408661E0,2.281932986E0
1.150142700E1,1.495989075E0,7.861651611E-1,7.152127075E-1,1.835093510E0
1.151143000E1,1.039139099E0,7.819738770E-1,-1.920206909E0,2.319156697E0
1.152143200E1,1.375639343E-1,6.182144165E-2,-1.115480347E0,1.125629660E0
1.153143500E1,3.577560425E-1,-3.796105957E-1,-4.385879517E-1,6.815078735E-1
1.154143700E1,8.571176147E-1,-2.737806702E-1,-1.167122955E0,1.473696866E0
1.155144000E1,6.810836792E-1,-1.143621826E-1,-1.698517914E0,1.833553051E0
1.156144200E1,2.697390747E-1,-1.447489929E-1,-9.996212769E-1,1.045444468E0
1.157144500E1,4.745132446E-2,-3.472778320E-2,-2.971321106E-1,3.028945993E-1
1.158144700E1,-3.242257690E-1,-1.710942078E-1,1.890568542E-1,4.124779647E-1
1.159144900E1,-3.435356140E-1,-1.899549866E-1,2.644999695E-1,4.733496053E-1
1.160145150E1,-5.433700562E-1,-5.643264771E-2,-1.016386414E-1,5.556672341E-1
1.161145350E1,-1.180445251E0,2.065704346E-2,-6.186634827E-1,1.332899925E0
1.162145650E1,-1.760489044E0,3.110531616E-1,-1.293011169E0,2.206343951E0
1.163145850E1,-2.494861908E0,6.866221619E-1,-1.420695648E0,2.951975958E0
1.164146150E1,-3.128494263E0,1.015338593E0,-7.496411133E-1,3.373477524E0
1.165146350E1,-3.307521973E0,1.633702698E0,4.683760071E-1,3.718610250E0
1.166146650E1,-3.806883545E0,2.590662689E0,1.926194458E0,4.991404670E0
1.167146850E1,-1.204679855E1,7.086713104E0,3.822301483E0,1.448988774E1
1.168147050E1,-3.759626816E1,1.596834366E1,-2.024390259E0,4.089701132E1
1.169147350E1,-4.513848404E1,1.728979568E1,-3.634292450E0,4.847296007E1
1.170147550E1,-4.146572159E1,1.176014465E1,3.198847961E-1,4.310231311E1
1.171147850E1,-3.074172226E1,7.488477631E0,3.575015717E0,3.184197736E1
1.172148050E1,-3.003968216E1,8.529113617E0,6.877448273E0,3.197542147E1
1.173148350E1,-3.484663605E1,1.024125320E1,8.795409851E0,3.737018257E1
1.174148550E1,-3.948668701E1,1.224124420E1,1.045845154E1,4.264300317E1
1.175148850E1,-2.416799240E1,9.792636108E0,8.229287109E0,2.734426347E1
1.176149050E1,-1.568019287E1,7.515720978E0,7.323820038E0,1.886777279E1
1.177149250E1,-4.121140045E1,1.066292633E1,1.076396622E1,4.390831919E1
1.178149550E1,-5.591457504E1,8.925489349E0,1.173739197E1,5.782620887E1
1.179149750E1,-3.537593536E1,6.915169830E0,1.143442200E1,3.781563675E1
1.180150050E1,-1.876303207E1,6.210585022E0,9.259444885E0,2.182567430E1
1.181150250E1,-1.550266205E1,5.660778351E0,7.208559723E0,1.800944961E1
1.182150550E1,-1.445783478E1,5.390739899E0,5.781876526E0,1.647783843E1
1.183150750E1,-1.334504883E1,5.118156738E0,4.037703552E0,1.485223574E1
1.184151050E1,-1.115989288E1,4.758903809E0,2.860401764E0,1.246484147E1
1.185151250E1,-8.661139069E0,3.774251404E0,2.238894196E0,9.709425876E0
1.186151450E1,-6.523434448E0,2.557731171E0,1.655856628E0,7.199933813E0
1.187151750E1,-5.139412537E0,1.567839661E0,9.722282410E-1,5.460486258E0
1.188151950E1,-3.880231018E0,9.172924805E-1,4.176315308E-2,3.987400458E0
1.189152250E1,-2.275567932E0,4.921765137E-1,-2.267784119E-1,2.339204049E0
1.190152450E1,-1.395697632E0,1.240919495E-1,-9.906399536E-1,1.716023954E0
1.191152750E1,-5.797444153E-1,-2.183958435E-1,-1.118174744E0,1.278325111E0
1.192152950E1,3.891906738E-2,-4.929249573E-1,-1.357527008E0,1.444773091E0
1.193153250E1,5.143304443E-1,-6.457571411E-1,-2.370620270E0,2.510254679E0
1.194153450E1,7.024891663E-1,-6.664141846E-1,-3.076552277E0,3.225332976E0
1.195153650E1,8.566685486E-1,-8.198451233E-1,-3.393592987E0,3.594787948E0
1.196153950E1,9.765692139E-1,-9.626481628E-1,-3.620221710E0,3.871225148E0
1.197154150E1,1.060095520E0,-1.206191711E0,-2.885100403E0,3.301894197E0
1.198154450E1,9.599537659E-1,-1.388362885E0,-1.449435883E0,2.224843165E0
1.199154650E1,1.129102020E0,-1.361269226E0,-1.228944397E-1,1.772858799E0
1.200154950E1,1.493144989E0,-1.093476105E0,5.754034424E-1,1.938107601E0
1.201155150E1,2.338736572E0,-7.117698669E-1,8.482859802E-1,2.587642596E0
1.202155450E1,3.172502747E0,-6.129753113E-1,5.882766724E-1,3.284293204E0
1.203155650E1,3.163222046E0,-2.065704346E-1,4.490661621E-4,3.169959820E0
1.204155950E1,2.271526337E0,1.999841309E-1,3.203338623E-1,2.302702615E0
1.205156150E1,1.582209778E0,3.917353821E-1,2.417472839E-1,1.647812532E0
1.206156350E1,9.505233765E-1,2.677931213E-1,-4.966671753E-1,1.105389582E0
1.207156650E1,6.553372192E-1,1.035845947E-1,-7.605683899E-1,1.009287330E0
1.208156850E1,1.504371643E-1,-1.956431580E-1,5.583389282E-2,2.530316369E-1
1.209157150E1,9.195378113E-1,2.377056885E-1,-5.197192383E-1,1.082664245E0
1.210157350E1,9.433383179E-1,3.903881836E-1,-2.320025482E0,2.534720567E0
1.211157650E1,-4.041595459E-2,-4.408332825E-1,-1.011296997E0,1.103942502E0
1.212157850E1,2.806663513E-1,-1.157093811E-1,-5.390290833E-1,6.186393248E-1
1.213158150E1,9.175918579E-2,1.410067749E-1,-6.141728210E-1,6.367973876E-1
1.214158350E1,3.008743286E-2,9.370513916E-2,-7.185058594E-2,1.218540661E-1
1.215158550E1,2.619552612E-2,3.683839417E-1,1.267863464E-1,3.904711407E-1
1.216158850E1,8.292755127E-2,3.718267822E-1,-1.257385254E-1,4.011761602E-1
1.217159050E1,5.822891235E-2,2.047741699E-1,-2.899470520E-1,3.597114953E-1
1.218159350E1,-1.901046753E-1,2.002835083E-1,-5.174739075E-1,5.865428511E-1
1.219159550E1,-4.688250732E-1,3.867956543E-1,-6.447093201E-1,8.860349513E-1
1.220159850E1,-8.352630615E-1,5.031037903E-1,-5.655239868E-1,1.127206807E0
1.221160050E1,-1.087338867E0,5.050497437E-1,-2.865042114E-1,1.232666102E0
1.222160350E1,-1.291813660E0,6.544390869E-1,4.007167053E-1,1.502546814E0
1.223160550E1,-1.480720825E0,8.978329468E-1,1.114432526E0,2.059271234E0
1.224160850E1,-1.667981415E0,1.304686890E0,1.861379242E0,2.819415287E0
1.225161050E1,-3.732039185E0,2.961591339E0,2.302661591E0,5.291633976E0
1.226161250E1,-2.305999649E1,9.054970093E0,3.907923431E0,2.508042637E1
1.227161550E1,-3.903477676E1,1.647833313E1,-1.387764130E0,4.239310261E1
1.228161750E1,-4.218572433E1,1.442490326E1,1.704954529E-1,4.458410300E1
1.229162050E1,-3.414220093E1,1.001821701E1,3.045566711E0,3.571176323E1
1.230162250E1,-2.916954163E1,9.173972626E0,4.712799683E0,3.093920512E1
1.231162550E1,-3.088242966E1,9.940378876E0,8.216862946E0,3.346718438E1
1.232162750E1,-3.646028046E1,1.062969543E1,1.162138321E1,3.971648302E1
1.233163050E1,-4.096800659E1,1.136631363E1,1.439855804E1,4.488751634E1
1.234163250E1,-3.062780914E1,1.016521133E1,1.465826797E1,3.544374464E1
1.235163550E1,-1.157108780E1,6.440806274E0,9.434730377E0,1.626001832E1
1.236163750E1,-2.382700150E1,7.642956390E0,1.283925064E1,2.812449359E1
1.237163950E1,-4.981700500E1,8.744964752E0,1.827175369E1,5.377792651E1
1.238164250E1,-3.982737854E1,7.457641754E0,1.460198502E1,4.307034326E1
1.239164450E1,-1.863953888E1,5.857319641E0,9.424850922E0,2.169258901E1
1.240164750E1,-1.352033432E1,5.232219543E0,7.246281281E0,1.620753386E1
1.241164950E1,-1.236473740E1,5.686375122E0,6.148913269E0,1.493421331E1
1.242165250E1,-1.230950226E1,5.700595551E0,5.062622223E0,1.447932247E1
1.243165450E1,-1.195219528E1,5.056934052E0,3.374881897E0,1.340960036E1
1.244165750E1,-1.057895096E1,4.030518494E0,2.445314941E0,1.158183266E1
1.245165950E1,-8.664581909E0,2.824626160E0,2.305355988E0,9.400433970E0
1.246166150E1,-6.746620331E0,1.792223053E0,1.936672668E0,7.244283980E0
1.247166450E1,-5.451812897E0,1.079105988E0,1.322649536E0,5.712804512E0
1.248166650E1,-4.193230133E0,6.583309937E-1,7.059320068E-1,4.302896541E0
1.249166950E1,-2.918630676E0,4.535568237E-1,1.191522217E-1,2.956064287E0
1.250167150E1,-1.894161072E0,2.468367004E-1,-5.899232483E-1,1.999195829E0
1.251167450E1,-7.059320068E-1,-5.134323120E-2,-4.794529724E-1,8.548984024E-1
1.252167650E1,-6.797364807E-1,-2.137554932E-1,-1.206640778E0,1.401326179E0
1.253167950E1,-2.835104370E-1,-5.080435181E-1,-1.079704742E0,1.226478175E0
1.254168150E1,2.603086853E-1,-6.427633667E-1,-1.244811401E0,1.424942379E0
1.255168450E1,6.227050781E-1,-7.722441101E-1,-1.969604187E0,2.205326106E0
1.256168650E1,9.930349731E-1,-9.653425598E-1,-2.428849182E0,2.795945827E0
1.257168850E1,1.455273743E0,-1.207389221E0,-3.205733643E0,3.721872994E0
1.258169150E1,1.676064606E0,-1.275347900E0,-3.141966248E0,3.782546329E0
1.259169350E1,1.469793549E0,-1.055904236E0,-2.285896454E0,2.915570172E0
1.260169650E1,1.245110779E0,-8.388555908E-1,-1.200204163E0,1.922100306E0
1.261169850E1,1.173409882E0,-6.110293579E-1,-1.285826111E-1,1.329203188E0
1.262170150E1,1.363364868E0,-3.248245239E-1,-2.174977112E-1,1.418301798E0
1.263170350E1,1.492097168E0,-1.110690308E-1,-9.535171509E-2,1.499260564E0
1.264170650E1,1.550026703E0,2.091151428E-1,1.550775146E-1,1.571738196E0
1.265170850E1,1.116977234E0,2.529739380E-1,5.065466309E-1,1.252287285E0
1.266171150E1,9.008267212E-1,2.299218750E-1,1.104702759E0,1.443856307E0
1.267171350E1,6.783892822E-1,1.860630798E-1,1.584604797E0,1.733725426E0
1.268171550E1,7.785310364E-1,4.802014160E-1,1.480421448E0,1.740215974E0
1.269171850E1,9.621990967E-1,8.557704163E-1,-1.215322723E0,1.770643789E0
1.270172050E1,2.495310974E-1,2.395019531E-3,-1.475631409E0,1.496582627E0
1.271172350E1,4.472698975E-1,-2.558180237E-1,-1.110690308E0,1.224388085E0
1.272172550E1,9.406439209E-1,1.800755310E-1,-1.647923126E0,1.906013854E0
1.273172850E1,9.521699524E-1,2.152523804E-1,-1.656754761E0,1.922965819E0
1.274173050E1,6.252497864E-1,2.396516418E-1,-1.087638245E0,1.277234182E0
1.275173350E1,6.655160522E-1,1.930984497E-1,-4.661306763E-1,8.351505460E-1
1.276173550E1,8.747808838E-1,2.393522644E-1,-1.683998108E-1,9.224367715E-1
1.277173850E1,1.049168243E0,4.839436340E-1,-1.146615601E-1,1.161078256E0
1.278174050E1,9.024732971E-1,9.021739197E-1,-2.525248718E-1,1.300824602E0
1.279174250E1,2.634521484E-2,1.054257660E0,-4.252656555E-1,1.137103408E0
1.280174550E1,-6.950047302E-1,1.002465363E0,-2.058219910E-1,1.237065508E0
1.281174750E1,-1.032103729E0,8.680448914E-1,5.944139099E-1,1.473793723E0
1.282175050E1,-1.095422058E0,9.154962158E-1,1.156794434E0,1.837459161E0
1.283175250E1,-1.283131714E0,9.979747009E-1,1.892664185E0,2.494906454E0
1.284175550E1,-1.811682587E0,1.506018219E0,2.374961243E0,3.345254187E0
1.285175750E1,-1.865615433E1,5.350922699E0,3.350183258E0,1.969538514E1
1.286176050E1,-3.685006989E1,1.520777527E1,2.700384521E-1,3.986573717E1
1.287176250E1,-4.604395111E1,1.799153641E1,2.575993195E0,4.950127834E1
1.288176550E1,-4.064123611E1,1.216280731E1,5.676645355E0,4.280033011E1
1.289176750E1,-3.082824234E1,8.849447479E0,6.691235504E0,3.276378914E1
1.290176950E1,-3.236883865E1,1.031549881E1,1.006192612E1,3.543153382E1
1.291177250E1,-3.837569733E1,1.165416504E1,1.505194931E1,4.283777406E1
1.292177450E1,-4.326917130E1,1.207628723E1,1.676199326E1,4.794812109E1
1.293177750E1,-3.843063309E1,1.021430923E1,1.612851059E1,4.291124009E1
1.294177950E1,-1.516750900E1,5.751938782E0,8.529113617E0,1.832713584E1
1.295178250E1,-2.560350723E1,6.234984283E0,1.080138840E1,2.847954710E1
1.296178450E1,-5.297394012E1,7.377857666E0,1.755654099E1,5.629301242E1
1.297178750E1,-3.861385208E1,6.227050781E0,1.455917404E1,4.173458138E1
1.298178950E1,-1.844254852E1,4.983885956E0,9.615105286E0,2.138730850E1
1.299179250E1,-1.484672607E1,4.815486145E0,7.338788910E0,1.724737675E1
1.300179450E1,-1.356329498E1,5.402565308E0,6.074368286E0,1.581292613E1
1.301179650E1,-1.343605957E1,5.551804962E0,4.820575562E0,1.531627187E1
1.302179950E1,-1.240365646E1,5.185965729E0,3.357967072E0,1.385715978E1
1.303180150E1,-1.033361115E1,4.178560638E0,2.901865540E0,1.151801684E1
1.304180450E1,-9.031918030E0,3.022215271E0,2.928959198E0,9.964342950E0
1.305180650E1,-7.602839813E0,2.182311859E0,2.421364746E0,8.272162082E0
1.306180950E1,-6.220763855E0,1.667083282E0,1.697619781E0,6.660253939E0
1.307181150E1,-5.083578644E0,1.239572296E0,1.004561005E0,5.328081655E0
1.308181450E1,-3.542682953E0,8.982820129E-1,1.462458801E-1,3.657717996E0
1.309181650E1,-2.087109833E0,4.884342957E-1,-4.308041382E-1,2.186364041E0
1.310181950E1,-1.028660889E0,1.767823792E-1,-1.272803192E0,1.646032563E0
1.311182150E1,-3.047662354E-1,-2.058219910E-1,-2.233206024E0,2.263283963E0
1.312182350E1,4.528083801E-1,-5.276527405E-1,-3.053500214E0,3.131663519E0
1.313182650E1,1.027463379E0,-6.655160522E-1,-4.040697327E0,4.222064364E0
1.314182850E1,1.551972656E0,-7.945477295E-1,-4.705315247E0,5.017959425E0
1.315183150E1,1.496737518E0,-1.178948364E0,-3.920646973E0,4.359084208E0
1.316183350E1,1.612147522E0,-1.339264984E0,-2.481539612E0,3.248182442E0
1.317183650E1,1.629960480E0,-1.247805176E0,-1.234782257E0,2.395511667E0
1.318183850E1,1.493594055E0,-9.255253601E-1,-1.794767761E-1,1.766248088E0
1.319184150E1,1.794019318E0,-7.756869507E-1,3.406915283E-1,1.984002589E0
1.320184350E1,2.912343750E0,-6.285429382E-1,2.170037384E0,3.685902141E0
1.321184650E1,4.118685150E0,-3.680845642E-1,1.644180908E0,4.449987019E0
1.322184850E1,3.340303802E0,1.995350647E-1,-2.189945984E-1,3.353416522E0
1.323185050E1,7.771838379E-1,2.320175171E-1,7.182064819E-1,1.083359311E0
1.324185350E1,6.915618896E-1,-1.068777466E-1,3.173700256E0,3.249931387E0
1.325185550E1,6.968009949E-1,-4.158352661E-1,2.616109772E0,2.739065704E0
1.326185850E1,1.851200409E0,4.113446045E-1,-3.108286285E0,3.641097495E0
1.327186050E1,7.918533325E-1,-4.260140991E-1,-4.328099670E0,4.420516539E0
1.328186350E1,6.078858948E-1,-4.465214539E-1,-3.426524506E0,3.508557661E0
1.329186550E1,6.972500610E-1,4.484674072E-1,-1.577419739E0,1.782002720E0
1.330186850E1,5.941145325E-1,5.875282288E-1,2.504292297E-1,8.722822344E-1
1.331187050E1,3.260220337E-1,6.746470642E-1,1.111588440E0,1.340547607E0
1.332187250E1,1.393601990E-1,5.189707947E-1,1.435065765E0,1.532372573E0
1.333187550E1,3.092568970E-1,4.158352661E-1,1.208736420E0,1.315143539E0
1.334187750E1,4.080514526E-1,3.080593872E-1,7.268884277E-1,8.886919379E-1
1.335188050E1,2.189945984E-1,1.353186035E-1,3.534150696E-1,4.372321694E-1
1.336188250E1,2.775228882E-1,-1.255888367E-1,-6.676116943E-2,3.118470188E-1
1.337188550E1,2.243833923E-1,-2.423460388E-1,-5.219645691E-1,6.176783311E-1
1.338188750E1,-6.855743408E-2,-2.170486450E-1,-7.319778442E-1,7.665518903E-1
1.339189050E1,-4.920268250E-1,1.107696533E-1,-8.777746582E-1,1.012348094E0
1.340189250E1,-8.622070313E-1,4.481680298E-1,-1.180744629E0,1.529187178E0
1.341189550E1,-1.356928253E0,6.490502930E-1,-1.197659454E0,1.922734702E0
1.342189750E1,-2.102228394E0,8.397537231E-1,-8.626560974E-1,2.422545371E0
1.343189950E1,-2.437231750E0,9.484277344E-1,-3.921844482E-1,2.644507972E0
1.344190250E1,-2.569706268E0,1.081201630E0,-7.185058594E-3,2.787909413E0
1.345190450E1,-2.483485565E0,1.235830078E0,4.595443726E-1,2.811789033E0
1.346190750E1,-4.695884857E0,2.344424744E0,1.908680878E0,5.584865680E0
1.347190950E1,-2.118155273E1,5.127437439E0,4.392016754E0,2.223147773E1
1.348191250E1,-3.504871582E1,1.317859497E1,6.301895142E-2,3.744451652E1
1.349191450E1,-4.067102417E1,1.739323059E1,-1.474134521E0,4.425866864E1
1.350191750E1,-3.730153107E1,1.263357834E1,2.083966370E0,3.943798217E1
1.351191950E1,-2.799074295E1,9.288634186E0,4.671036530E0,2.985932012E1
1.352192250E1,-2.754676620E1,9.494456177E0,7.643405457E0,3.012292604E1
1.353192450E1,-3.260609528E1,9.560319214E0,1.049003586E1,3.556118678E1
1.354192650E1,-3.705035339E1,9.530082092E0,1.220980957E1,4.015757215E1
1.355192950E1,-3.612363052E1,9.116492157E0,1.425216248E1,3.988923723E1
1.356193150E1,-1.642055328E1,6.042035522E0,1.040396484E1,2.035640557E1
1.357193450E1,-8.200097809E0,5.068759460E0,6.422095184E0,1.158348968E1
1.358193650E1,-3.462045639E1,7.890541534E0,1.322170532E1,3.788997411E1
1.359193950E1,-5.565172165E1,9.230405273E0,1.685405182E1,5.887591670E1
1.360194150E1,-3.656281723E1,1.004411316E1,1.227058319E1,3.985336905E1
1.361194425E1,-1.938947937E1,8.113428040E0,7.974816284E0,2.248059874E1
1.362194625E1,-1.589080490E1,6.882837067E0,5.778733063E0,1.825609165E1
1.363194825E1,-1.584335358E1,6.400240631E0,4.433929596E0,1.765317717E1
1.364195125E1,-1.574321182E1,6.143225098E0,4.282743988E0,1.743358337E1
1.365195325E1,-1.498384094E1,5.110971680E0,4.745880890E0,1.652758017E1
1.366195625E1,-1.307935135E1,3.932622070E0,4.785398712E0,1.447186888E1
1.367195825E1,-1.102277802E1,2.899919586E0,4.049978027E0,1.209601136E1
1.368196125E1,-9.222172394E0,2.070494385E0,3.361858978E0,1.003182468E1
1.369196325E1,-7.717201996E0,1.517993317E0,2.589914246E0,8.280529340E0
1.370196625E1,-6.318660278E0,1.078956299E0,1.862277374E0,6.675154787E0
1.371196825E1,-5.163811798E0,7.367678833E-1,1.160536652E0,5.343652732E0
1.372197025E1,-4.109703827E0,3.766168213E-1,5.057981873E-1,4.157804418E0
1.373197325E1,-3.104693756E0,1.444496155E-1,-2.993774414E-2,3.108196467E0
1.374197525E1,-2.164648590E0,-2.200424194E-2,-2.405497742E-1,2.178084456E0
1.375197825E1,-1.315314789E0,-4.035607910E-1,6.436614990E-3,1.375847279E0
1.376198025E1,-6.310876465E-1,-6.074368286E-1,-4.863386536E-1,1.001886423E0
1.377198325E1,-1.077758789E-2,-6.635700989E-1,-7.173083496E-1,9.772270468E-1
1.378198525E1,9.139993286E-1,-7.249424744E-1,-1.773062897E0,2.122425122E0
1.379198825E1,1.831890564E0,-6.812333679E-1,-3.804338837E0,4.277019514E0
1.380199025E1,2.601889343E0,-9.231303406E-1,-4.919519806E0,5.641247460E0
1.381199325E1,2.314786377E0,-1.276844788E0,-3.737278290E0,4.577752461E0
1.382199525E1,2.249522095E0,-1.114133148E0,-1.652862854E0,3.005594440E0
1.383199725E1,2.087708588E0,-9.888436890E-1,-1.162482605E0,2.586059704E0
1.384200025E1,2.113604736E0,-7.327262878E-1,-7.250921631E-1,2.351589131E0
1.385200225E1,2.067051544E0,-4.752616882E-1,-6.556365967E-2,2.121997727E0
1.386200525E1,1.698218536E0,-4.581971741E-1,9.089099121E-1,1.979901027E0
1.387200725E1,1.149609375E0,-5.131329346E-1,1.480870514E0,1.943678112E0
1.388201025E1,2.400707703E0,3.037184143E-1,-3.240760803E-1,2.441447860E0
1.389201225E1,1.443298645E0,2.776725769E-1,5.706134033E-1,1.576646027E0
1.390201525E1,6.236032104E-1,1.202000427E-1,2.402503967E-1,6.790060880E-1
1.391201725E1,7.029382324E-1,2.905458069E-1,-3.332070923E-1,8.304011024E-1
1.392202025E1,6.704557800E-1,3.957769775E-1,-6.683601379E-1,1.026087542E0
1.393202225E1,7.255412292E-1,4.589456177E-1,-1.021625519E0,1.334451144E0
1.394202425E1,4.396357727E-1,5.195695496E-1,-1.051712952E0,1.252729924E0
1.395202725E1,9.400451660E-2,4.378395081E-1,-7.125183105E-1,8.415596395E-1
1.396202925E1,-2.152523804E-1,3.126997375E-1,-1.710942078E-1,4.163987765E-1
1.397203225E1,-2.272274780E-1,1.445993042E-1,3.195854187E-1,4.179427298E-1
1.398203425E1,-5.014572144E-2,2.215393066E-2,5.451663208E-1,5.479157849E-1
1.399203725E1,-1.266366577E-1,-1.300794983E-1,4.995112610E-1,5.314781452E-1
1.400203925E1,-1.950444031E-1,-2.200424194E-1,3.002755737E-1,4.202694442E-1
1.401204225E1,-2.353106689E-1,-1.727407837E-1,-4.805007935E-2,2.958366093E-1
1.402204425E1,-3.641926575E-1,-1.031355286E-1,-6.370751953E-1,7.410384831E-1
1.403204625E1,-5.839356995E-1,9.565109253E-2,-1.143921204E0,1.287899745E0
1.404204925E1,-1.066681824E0,4.102967834E-1,-1.360221405E0,1.776613586E0
1.405205125E1,-1.518741760E0,7.002438354E-1,-9.746232605E-1,1.935667446E0
1.406205425E1,-1.963017883E0,9.011260986E-1,-8.023315430E-2,2.161458955E0
1.407205625E1,-1.837129669E0,1.107696533E0,9.773176575E-1,2.357368625E0
1.408205925E1,-1.574425964E0,1.374890900E0,1.960024109E0,2.865455742E0
1.409206125E1,-1.873204651E0,1.476379852E0,2.884351959E0,3.742736881E0
1.410206425E1,-1.033091675E1,3.706292725E0,5.589077454E0,1.231674606E1
1.411206625E1,-2.805480972E1,1.394395340E1,2.301763458E0,3.141344139E1
1.412206925E1,-4.141991684E1,2.102213425E1,-7.991880798E-1,4.645619809E1
1.413207125E1,-3.948399261E1,1.441053314E1,5.009782104E0,4.232903324E1
1.414207325E1,-3.156620773E1,9.995913391E0,7.236551514E0,3.389264571E1
1.415207625E1,-2.895653458E1,1.014590149E1,9.615105286E0,3.215385609E1
1.416207825E1,-3.179538116E1,9.966424713E0,1.395802414E1,3.612619995E1
1.417208125E1,-3.881638092E1,1.030876282E1,1.747780472E1,4.380017895E1
1.418208325E1,-4.044993393E1,1.016790573E1,1.709909225E1,4.507729382E1
1.419208625E1,-2.268921753E1,6.176156616E0,1.038675064E1,2.570661571E1
1.420208825E1,-1.841141327E1,5.436245270E0,9.177864532E0,2.127830112E1
1.421209125E1,-4.060665802E1,9.541159058E0,1.542227921E1,4.447225076E1
1.422209325E1,-4.777764587E1,9.656718750E0,1.684312454E1,5.157176075E1
1.423209525E1,-2.468950790E1,8.250692596E0,1.221714432E1,2.875594450E1
1.424209825E1,-1.424632462E1,6.888674927E0,8.133636017E0,1.779234785E1
1.425210025E1,-1.149833908E1,6.688690796E0,6.261329498E0,1.470219825E1
1.426210325E1,-1.040635986E1,6.720125427E0,5.057083740E0,1.338007875E1
1.427210525E1,-1.024559418E1,6.329587555E0,4.173620911E0,1.274578323E1
1.428210825E1,-9.383237457E0,5.426964569E0,3.430416412E0,1.136946993E1
1.429211025E1,-8.394543457E0,4.194427643E0,2.759212189E0,9.781351390E0
1.430211325E1,-7.074139252E0,3.114124146E0,2.189646606E0,8.033415687E0
1.431211525E1,-5.753435669E0,2.281106415E0,1.678908691E0,6.412815518E0
1.432211725E1,-4.808600464E0,1.689087524E0,9.925859070E-1,5.192386914E0
1.433212025E1,-3.923790436E0,1.268162842E0,1.613644409E-1,4.126791352E0
1.434212225E1,-3.039429474E0,8.984317017E-1,-5.149291992E-1,3.210990989E0
1.435212525E1,-2.256407776E0,5.522016907E-1,-8.364605713E-1,2.469001629E0
1.436212725E1,-1.512754211E0,-2.110610962E-2,-1.096769257E0,1.868628795E0
1.437213025E1,-9.551637268E-1,-6.957531738E-1,-1.029409332E0,1.567192967E0
1.438213225E1,-2.110610962E-1,-1.098266144E0,-1.466650085E0,1.844396319E0
1.439213525E1,5.661227417E-1,-1.055904236E0,-3.043321381E0,3.270662584E0
1.440213725E1,1.571731567E0,-1.161883850E0,-4.116739197E0,4.557176298E0
1.441214025E1,1.354982300E0,-1.308279419E0,-4.370461578E0,4.759044702E0
1.442214225E1,1.281335449E0,-1.160237274E0,-2.593506775E0,3.116768913E0
1.443214425E1,1.089733887E0,-9.530680847E-1,-1.165626068E0,1.858640054E0
1.444214725E1,1.027912445E0,-6.372248840E-1,3.802093506E-2,1.210002124E0
1.445214925E1,1.090632019E0,-3.692820740E-1,7.044351196E-1,1.349843061E0
1.446215225E1,9.291178894E-1,2.709365845E-2,1.346599731E0,1.636253329E0
1.447215425E1,9.728269958E-1,4.743635559E-1,9.650431824E-1,1.450076374E0
1.448215725E1,1.386416931E0,6.273454285E-1,6.280938721E-1,1.646273399E0
1.449215925E1,1.659748535E0,6.304888916E-1,4.058061218E-1,1.821252330E0
1.450216225E1,9.743238831E-1,4.906796265E-1,3.915856934E-1,1.159056893E0
1.451216425E1,8.396040344E-1,2.676434326E-1,9.437873840E-1,1.291240709E0
1.452216625E1,1.435514832E-1,2.230361938E-2,1.299298096E0,1.307394363E0
1.453216925E1,1.130598907E0,3.821553040E-1,-8.652008057E-1,1.474065467E0
1.454217125E1,-6.735992432E-2,-3.742218018E-3,-1.935624847E0,1.936800174E0
1.455217425E1,-1.836680603E-1,-3.728746033E-1,-1.163231049E0,1.235263494E0
1.456217625E1,2.314187622E-1,-2.177970886E-1,-9.601034546E-1,1.011330242E0
1.457217925E1,3.064128113E-1,-2.888992310E-1,-1.051862640E0,1.133034241E0
1.458218125E1,4.659809875E-1,-1.459465027E-1,-1.118623810E0,1.220556386E0
1.459218425E1,5.149291992E-1,-2.287243652E-1,-5.355862427E-1,7.773799192E-1
1.460218625E1,5.804928589E-1,-1.625619507E-1,-3.354524231E-1,6.898743909E-1
1.461218875E1,4.676275635E-1,-2.155517578E-2,-6.038442993E-1,7.640471854E-1
1.462219175E1,1.396595764E-1,1.377136230E-1,-9.316625977E-1,9.520845735E-1
1.463219375E1,-6.300398254E-1,5.111869812E-1,-1.057850189E0,1.333157655E0
1.464219675E1,-1.832489319E0,8.640032959E-1,-1.227597198E0,2.368863373E0
1.465219875E1,-3.116519165E0,1.059496765E0,-8.866062927E-1,3.409002174E0
1.466220175E1,-3.885320435E0,1.344055023E0,1.252894592E-1,4.113137031E0
1.467220375E1,-4.302053833E0,1.653012543E0,1.003363495E0,4.716657286E0
1.468220675E1,-6.430777130E0,1.923200684E0,2.090852051E0,7.030309927E0
1.469220875E1,-1.129461273E1,3.145708466E0,3.280428314E0,1.217476770E1
1.470221175E1,-1.903875870E1,8.916957092E0,2.289638672E0,2.114778716E1
1.471221375E1,-2.974629227E1,1.547481995E1,-5.089416504E-3,3.353076173E1
1.472221575E1,-3.480666916E1,1.490270966E1,1.593586121E0,3.789636513E1
1.473221875E1,-2.943508942E1,1.194650711E1,4.189936981E0,3.204214557E1
1.474222075E1,-2.811917587E1,9.610464935E0,6.697223053E0,3.046148198E1
1.475222375E1,-3.063244949E1,9.513766022E0,9.810000000E0,3.354243292E1
1.476222575E1,-3.290966400E1,9.647138672E0,1.151196075E1,3.617510898E1
1.477222875E1,-3.544808533E1,9.966724091E0,1.314266968E1,3.909772511E1
1.478223075E1,-2.623115204E1,9.124725037E0,1.261381943E1,3.050315369E1
1.479223375E1,-1.533890259E1,6.239175568E0,7.869884491E0,1.833423918E1
1.480223575E1,-3.306534027E1,8.238268433E0,1.030786469E1,3.560109364E1
1.481223775E1,-4.934383896E1,9.057365112E0,1.302127213E1,5.183052994E1
1.482224075E1,-3.451043518E1,7.954608307E0,1.155956177E1,3.725411921E1
1.483224275E1,-1.923170746E1,6.949448547E0,8.082741852E0,2.198827239E1
1.484224575E1,-1.637864044E1,6.868466949E0,6.337970123E0,1.885750689E1
1.485224775E1,-1.637160507E1,6.826105042E0,5.383105774E0,1.853653124E1
1.486225075E1,-1.576611420E1,6.734645233E0,4.698878632E0,1.777653689E1
1.487225275E1,-1.479732880E1,6.211183777E0,4.081113281E0,1.655884142E1
1.488225575E1,-1.339743988E1,5.446274414E0,3.293301544E0,1.483236783E1
1.489225775E1,-1.157138718E1,4.484674072E0,2.774779816E0,1.271647379E1
1.490225975E1,-9.892328796E0,3.409909058E0,2.305954742E0,1.071461974E1
1.491226275E1,-8.263565826E0,2.469115448E0,1.785636749E0,8.807471252E0
1.492226475E1,-6.598727875E0,1.713037720E0,1.225052490E0,6.926648641E0
1.493226775E1,-5.108876038E0,9.467811584E-1,4.561015320E-1,5.215844854E0
1.494226975E1,-4.073329468E0,2.996768188E-1,-1.311273193E-1,4.086442649E0
1.495227275E1,-2.633922729E0,-3.097059631E-1,-1.242416382E-2,2.652097488E0
1.496227475E1,-1.653760986E0,-8.192463684E-1,-7.447013855E-1,1.990143253E0
1.497227775E1,-8.759783936E-1,-1.081950073E0,-2.069895630E0,2.494478307E0
1.498227975E1,8.247848511E-2,-1.088386688E0,-2.904559937E0,3.102878778E0
1.499228175E1,8.975335693E-1,-1.146316223E0,-4.229903870E0,4.473443208E0
1.500228475E1,1.179247742E0,-1.271455994E0,-3.907174988E0,4.274721273E0
1.501228675E1,1.458566895E0,-1.581461334E0,-2.475552063E0,3.279755380E0
1.502228975E1,2.125879211E0,-1.686692505E0,-6.574328613E-1,2.792223486E0
1.503229175E1,2.960094452E0,-1.527274017E0,-7.753875732E-1,3.419934353E0
1.504229475E1,3.259022827E0,-1.068478088E0,-1.193917236E0,3.631571778E0
1.505229675E1,2.897973633E0,-6.791377258E-1,-4.761598206E-1,3.014333658E0
1.506229975E1,2.633773041E0,-4.948709106E-1,4.234693909E-1,2.713113336E0
1.507230175E1,2.963387604E0,-1.263372803E-1,6.047424316E-2,2.966695861E0
1.508230475E1,2.708767090E0,3.025209045E-1,-4.713697815E-1,2.766067157E0
1.509230675E1,2.158511353E0,2.642005920E-1,-4.221221924E-1,2.215211132E0
1.510230875E1,1.634301453E0,1.555265808E-1,-5.328918457E-2,1.642549693E0
1.511231175E1,8.993298340E-1,-2.076182556E-1,8.671467590E-1,1.266429229E0
1.512231375E1,5.842350769E-1,-1.890568542E-1,6.044430542E-1,8.616406008E-1
1.513231675E1,6.423143005E-1,1.103355560E0,-7.183561707E-1,1.464922094E0
1.514231875E1,-2.975811768E-1,1.374142456E-1,-9.786648560E-1,1.032095990E0
1.515232175E1,-2.386038208E-1,-2.393522644E-1,-7.364685059E-1,8.103129950E-1
1.516232375E1,1.228944397E-1,9.220825195E-2,-9.551637268E-1,9.674415486E-1
1.517232675E1,8.966354370E-2,-1.836680603E-1,-6.915618896E-2,2.157685934E-1
1.518232875E1,-1.173559570E-1,-1.529818726E-1,6.185137939E-1,6.478697302E-1
1.519233075E1,9.445358276E-2,1.200503540E-1,-2.903961182E-2,1.554891181E-1
1.520233375E1,1.441502380E-1,-1.016386414E-1,-6.242019653E-2,1.870988655E-1
1.521233575E1,-3.058140564E-1,-5.034031677E-1,4.168830872E-1,7.216151985E-1
1.522233875E1,-5.755531311E-1,-4.090992737E-1,1.148112488E-1,7.154056509E-1
1.523234075E1,-8.637039185E-1,-1.197509766E-3,3.592529297E-2,8.644515715E-1
1.524234375E1,-1.113235016E0,2.794688416E-1,4.311035156E-1,1.226069034E0
1.525234575E1,-1.629661102E0,5.629792786E-1,7.361691284E-1,1.874749573E0
1.526234875E1,-2.329904938E0,7.637118530E-1,6.405180359E-1,2.534161827E0
1.527235075E1,-2.704725494E0,8.595126343E-1,7.354206848E-1,2.931747866E0
1.528235275E1,-2.758463745E0,1.036744080E0,1.198557587E0,3.181273457E0
1.529235575E1,-7.005881195E0,1.072070618E0,2.343825989E0,7.464933154E0
1.530235775E1,-1.566971466E1,2.408790894E0,2.959346008E0,1.612761482E1
1.531236075E1,-2.580438950E1,9.157506866E0,2.683769073E0,2.751234388E1
1.532236275E1,-3.692147141E1,1.859822479E1,-1.296304321E0,4.136144849E1
1.533236575E1,-3.951527756E1,1.420620804E1,2.357597351E-1,4.199201222E1
1.534236775E1,-3.048785019E1,8.249644775E0,2.184706879E0,3.165973140E1
1.535237075E1,-2.750694901E1,6.812932434E0,4.525838470E0,2.869723864E1
1.536237275E1,-3.368145905E1,7.444020081E0,9.819430389E0,3.586468084E1
1.537237475E1,-3.909809509E1,7.851023712E0,1.357122849E1,4.212455170E1
1.538237775E1,-4.484000473E1,6.803202667E0,1.839000778E1,4.893977909E1
1.539237975E1,-2.984044647E1,6.545139313E0,1.781131119E1,3.536288875E1
1.540238275E1,-9.652377777E0,4.518503723E0,7.175927582E0,1.284831543E1
1.541238475E1,-1.763886978E1,6.176755371E0,9.941875763E0,2.116891418E1
1.542238775E1,-4.771283066E1,9.469308472E0,1.881198029E1,5.215431540E1
1.543238975E1,-4.536645996E1,9.518705750E0,1.488863892E1,4.868668213E1
1.544239275E1,-2.164663559E1,6.876699829E0,9.538913727E0,2.463446180E1
1.545239475E1,-1.431997147E1,5.344635773E0,8.159232788E0,1.732627467E1
1.546239675E1,-1.272818161E1,4.863236847E0,6.511159973E0,1.510141993E1
1.547239975E1,-1.191372528E1,4.986879730E0,4.235891418E0,1.359222556E1
1.548240175E1,-1.000579285E1,4.935835876E0,2.733765106E0,1.148702912E1
1.549240475E1,-8.382418671E0,4.171674957E0,1.650916901E0,9.507541287E0
1.550240675E1,-7.399562531E0,3.096011810E0,9.557624817E-1,8.077889371E0
1.551240975E1,-6.289770355E0,2.308948517E0,5.141807556E-1,6.719883647E0
1.552241175E1,-5.216801605E0,1.706002350E0,-1.830693054E-1,5.491718982E0
1.553241475E1,-4.345613251E0,1.106499023E0,-9.409432983E-1,4.581928514E0
1.554241675E1,-3.201093292E0,5.688171387E-1,-1.199006653E0,3.465280386E0
1.555241975E1,-2.208657074E0,7.559280396E-2,-1.334175568E0,2.581454007E0
1.556242175E1,-1.482217712E0,-3.373983765E-1,-1.737436981E0,2.308569747E0
1.557242375E1,-5.035528564E-1,-8.620573425E-1,-2.819985809E0,2.991492655E0
1.558242675E1,3.158432007E-1,-8.792715454E-1,-3.659889221E0,3.777256212E0
1.559242875E1,8.741821289E-1,-7.274871826E-1,-4.416715393E0,4.560790157E0
1.560243175E1,9.672885132E-1,-7.729925537E-1,-4.134252777E0,4.315693523E0
1.561243329E1,9.298663330E-1,-9.186396790E-1,-2.930755463E0,3.209030670E0
1.562243629E1,9.919871521E-1,-1.203497314E0,-1.582958221E0,2.222206342E0
1.563243829E1,1.076261902E0,-1.436113586E0,2.387535095E-1,1.810459929E0
1.564244129E1,1.571881256E0,-1.434916077E0,9.714797974E-1,2.339565735E0
1.565244329E1,2.135459290E0,-1.168619843E0,6.557862854E-1,2.521093883E0
1.566244529E1,2.734962616E0,-8.878038025E-1,3.646417236E-1,2.898478858E0
1.567244829E1,3.157683563E0,-7.427554321E-1,8.652008057E-2,3.245017233E0
1.568245029E1,2.952460327E0,-4.004173279E-1,3.938310242E-1,3.005404947E0
1.569245329E1,2.399210815E0,-2.212399292E-1,5.120851135E-1,2.463207423E0
1.570245529E1,2.178120575E0,-8.397537231E-2,-2.835104370E-1,2.198099013E0
1.571245829E1,1.910177765E0,9.924362183E-2,-1.152902527E0,2.233341135E0
1.572246029E1,1.163829803E0,2.576142883E-1,-1.142873383E0,1.651370492E0
1.573246329E1,1.378633118E-1,-2.859054565E-2,5.807922363E-2,1.523053126E-1
1.574246529E1,8.922944641E-1,5.343887329E-2,8.080197144E-1,1.204965138E0
1.575246729E1,1.306333466E0,1.032253418E0,-1.876946869E0,2.508980628E0
1.576247029E1,3.797602844E-1,1.124910736E0,-1.680106201E0,2.057279486E0
1.577247229E1,1.314266968E-1,5.057981873E-1,-8.195457458E-1,9.719876606E-1
1.578247529E1,1.919009399E-1,7.900570679E-1,2.874023438E-2,8.135368107E-1
1.579247729E1,-2.653981018E-1,5.641767883E-1,8.042774963E-1,1.017641338E0
1.580248029E1,-2.839595032E-1,2.585124207E-1,5.876779175E-1,7.020163857E-1
1.581248229E1,-3.918850708E-1,2.694396973E-2,2.113604736E-1,4.460640493E-1
1.582248529E1,-3.110531616E-1,5.014572144E-2,8.981323242E-3,3.151972825E-1
1.583248729E1,-3.611988831E-1,3.056643677E-1,-3.353027344E-2,4.743623278E-1
1.584248929E1,-7.295828247E-1,6.033952332E-1,2.267784119E-1,9.735529537E-1
1.585249229E1,-1.075812836E0,9.306147766E-1,2.281256104E-1,1.440645138E0
1.586249429E1,-1.242566071E0,1.055155792E0,2.971321106E-1,1.656988738E0
1.587249729E1,-1.353335724E0,1.153351593E0,8.922944641E-1,1.989453917E0
1.588249929E1,-1.713337097E0,1.447938995E0,2.041754150E0,3.033283922E0
1.589250229E1,-2.842588806E0,1.915865936E0,2.226769409E0,4.087707843E0
1.590250429E1,-6.397695923E0,3.519032135E0,2.817441101E0,7.826370464E0
1.591250729E1,-2.962100281E1,1.008018814E1,6.131998444E0,3.188440693E1
1.592250929E1,-4.326872223E1,1.688668396E1,-3.853137360E0,4.660674936E1
1.593251129E1,-4.305107483E1,1.406969193E1,6.047424316E-1,4.529588269E1
1.594251429E1,-3.312566483E1,9.112450562E0,5.250331879E0,3.475503431E1
1.595251629E1,-2.566173615E1,1.057071808E1,7.495213623E0,2.874792184E1
1.596251929E1,-3.009222290E1,1.141840530E1,1.160042679E1,3.421245037E1
1.597252129E1,-3.753474609E1,1.159009827E1,1.570099960E1,4.230495161E1
1.598252429E1,-3.941363892E1,1.179187866E1,1.854792938E1,4.512769681E1
1.599252629E1,-3.020868073E1,9.438921661E0,1.462024704E1,3.486272016E1
1.600252929E1,-1.150312912E1,4.987478485E0,4.078867950E0,1.318461546E1
1.601253129E1,-1.232147736E1,4.024830322E0,3.546724548E0,1.343865017E1
1.602253329E1,-3.961691620E1,7.580835571E0,1.292038193E1,4.235452026E1
1.603253629E1,-5.218313461E1,9.851164398E0,1.677681244E1,5.569188822E1
1.604253829E1,-2.906490921E1,7.780220947E0,1.129176865E1,3.213728091E1
1.605254129E1,-1.465138229E1,5.665119324E0,6.796316986E0,1.711568008E1
1.606254329E1,-1.182525925E1,5.396727448E0,4.889132996E0,1.388758600E1
1.607254629E1,-1.102861588E1,5.524860992E0,3.497177582E0,1.282126001E1
1.608254829E1,-1.134401001E1,5.475763092E0,2.551444244E0,1.285225320E1
1.609255129E1,-1.020188507E1,4.290527802E0,3.767665100E0,1.169112433E1
1.610255329E1,-8.639134827E0,2.752326508E0,2.953807526E0,9.535980844E0
1.611255529E1,-7.032974854E0,1.965562592E0,-1.796264648E-3,7.302477307E0
1.612255829E1,-5.414690094E0,1.542093201E0,-6.709048462E-1,5.669835409E0
1.613256029E1,-4.275558929E0,1.127455444E0,4.770579529E-1,4.447374982E0
1.614256329E1,-2.732866974E0,7.467970276E-1,8.912466431E-1,2.969947521E0
1.615256529E1,-1.512903900E0,2.068698120E-1,-6.750961304E-2,1.528473382E0
1.616256829E1,-2.872526550E-1,-2.418969727E-1,-1.576072540E0,1.620195323E0
1.617257029E1,3.492237854E-1,-6.161187744E-1,-3.194057922E0,3.271630420E0
1.618257329E1,1.098415833E0,-1.033450928E0,-2.978057098E0,3.338167498E0
1.619257529E1,1.474134521E0,-1.588197327E0,-2.292033691E0,3.154181634E0
1.620257829E1,1.483115845E0,-1.949845276E0,-1.693727875E0,2.978295372E0
1.621258029E1,1.897903290E0,-1.916464691E0,-1.487756195E0,3.080307177E0
1.622258229E1,2.133962402E0,-1.473535767E0,-1.429227905E0,2.961046368E0
1.623258529E1,2.182311859E0,-1.078806610E0,-8.969348145E-1,2.594378695E0
1.624258729E1,2.180515594E0,-6.176156616E-1,4.176315308E-2,2.266680728E0
1.625259029E1,2.276316376E0,-2.877017212E-1,3.953279114E-1,2.328233811E0
1.626259229E1,2.017654266E0,-6.062393188E-2,1.927990723E-1,2.027751336E0
1.627259529E1,1.638343048E0,2.323168945E-1,-1.883084106E-1,1.665412604E0
1.628259729E1,1.395997009E0,4.444258118E-1,-1.933978271E-1,1.477743101E0
1.629260029E1,1.032253418E0,2.456391907E-1,-3.638932800E-1,1.121741526E0
1.630260229E1,3.314108276E-1,4.101470947E-2,-6.405180359E-1,7.223425070E-1
1.631260429E1,-1.884580994E-1,2.237846375E-1,-3.749702454E-1,4.756035156E-1
1.632260729E1,-2.791694641E-1,2.457888794E-1,1.190025330E-1,3.905244753E-1
1.633260929E1,-2.701881409E-1,2.124082947E-1,3.938310242E-1,5.227062184E-1
1.634261229E1,-2.773731995E-1,1.369651794E-1,4.924758911E-1,5.815736028E-1
1.635261429E1,-2.788700867E-1,-3.263214111E-2,5.364843750E-1,6.055153726E-1
1.636261729E1,-1.196012878E-1,-1.757345581E-1,1.713935852E-1,2.730620150E-1
1.637261929E1,2.320175171E-2,-1.185534668E-1,-9.430389404E-2,1.532529615E-1
1.638262229E1,1.047821045E-3,-1.517843628E-1,-1.805245972E-1,2.358574165E-1
1.639262429E1,-3.802093506E-2,-1.907034302E-1,-2.974314880E-1,3.553573974E-1
1.640262629E1,-1.688488770E-1,-2.818638611E-1,-5.222639465E-1,6.170225355E-1
1.641262929E1,-3.920347595E-1,-3.519181824E-1,-8.312214661E-1,9.841071006E-1
1.642263129E1,-8.828640747E-1,-2.791694641E-1,-1.012793884E0,1.372274031E0
1.643263429E1,-1.804946594E0,-7.155120850E-2,-9.966275024E-1,2.063060387E0
1.644263629E1,-3.024011536E0,2.125579834E-1,-8.249345398E-1,3.141710308E0
1.645263929E1,-3.905378723E0,5.132826233E-1,-1.327738953E-1,3.941201711E0
1.646264129E1,-5.667214966E0,8.961863708E-1,2.392025757E-1,5.742620774E0
1.647264429E1,-7.899522858E0,1.261277161E0,3.956272888E-1,8.009357178E0
1.648264629E1,-1.142798538E1,1.768422546E0,7.403604126E-1,1.158767888E1
1.649264829E1,-1.637205414E1,3.905378723E0,2.093097382E0,1.696104939E1
1.650265129E1,-2.179422867E1,1.059631485E1,1.142873383E0,2.426059462E1
1.651265329E1,-3.014386551E1,1.480885483E1,-2.279609528E0,3.366231467E1
1.652265629E1,-3.378025360E1,1.358290421E1,6.227050781E-1,3.641412613E1
1.653265829E1,-3.205134888E1,1.152558243E1,2.978356476E0,3.419062185E1
1.654266129E1,-3.104888351E1,9.869127045E0,6.111191711E0,3.314784307E1
1.655266329E1,-3.703254044E1,9.335636444E0,9.015901337E0,3.924091788E1
1.656266629E1,-3.928819977E1,8.828640747E0,1.268746628E1,4.221941898E1
1.657266829E1,-2.830748428E1,7.088808746E0,1.456710754E1,3.261541810E1
1.658267029E1,-2.188823318E1,5.078938293E0,1.362556549E1,2.627824958E1
1.659267329E1,-3.690874786E1,6.388415222E0,1.283595749E1,3.959582456E1
1.660267529E1,-4.630455917E1,6.889872437E0,1.210472809E1,4.835397589E1
1.661267838E1,-3.115067184E1,7.021748199E0,9.554331665E0,3.333098495E1
1.662268037E1,-1.793031372E1,6.389463043E0,6.316115570E0,2.005529117E1
1.663268337E1,-1.530567169E1,6.265371094E0,5.473966827E0,1.742075698E1
1.664268538E1,-1.514310974E1,6.336024170E0,5.353168030E0,1.726601815E1
1.665268837E1,-1.420007080E1,5.648354187E0,4.445755005E0,1.591573603E1
1.666269038E1,-1.231623825E1,4.632865906E0,3.103645935E0,1.351982948E1
1.667269237E1,-1.007629623E1,3.626059570E0,2.444117432E0,1.098425072E1
1.668269537E1,-7.766748962E0,2.676883392E0,2.016007690E0,8.458864058E0
1.669269738E1,-5.826184387E0,1.772015076E0,1.367556152E0,6.241367781E0
1.670270037E1,-4.269272003E0,9.400451660E-1,6.167175293E-1,4.414828294E0
1.671270237E1,-3.111729126E0,2.791694641E-1,-3.486250305E-1,3.143617845E0
1.672270537E1,-2.143841858E0,-9.744735718E-2,-8.756790161E-1,2.317836845E0
1.673270737E1,-1.010548553E0,-2.534230042E-1,-4.881349182E-1,1.150524792E0
1.674271038E1,-7.509883118E-1,-5.899232483E-1,-1.913620605E0,2.138676391E0
1.675271237E1,1.938468933E-1,-5.676196289E-1,-2.168540497E0,2.249963677E0
1.676271437E1,1.091380463E0,-5.697152710E-1,-3.268602905E0,3.492771358E0
1.677271737E1,1.373992767E0,-8.454418945E-1,-3.649411011E0,3.990091333E0
1.678271937E1,1.499581604E0,-1.154399414E0,-2.563868408E0,3.186660354E0
1.679272238E1,1.740730133E0,-1.336271210E0,-1.490899658E0,2.653025430E0
1.680272437E1,1.932331696E0,-1.062191162E0,-8.107141113E-1,2.349343146E0
1.681272737E1,2.208357697E0,-8.256829834E-1,-1.094523926E0,2.599341980E0
1.682272937E1,2.242337036E0,-6.402186584E-1,-5.309458923E-1,2.391622641E0
1.683273237E1,2.334245911E0,-3.134481812E-1,-3.068618774E-2,2.355397074E0
1.684273438E1,1.880240021E0,-1.014889526E-1,7.179071045E-1,2.015190600E0
1.685273637E1,1.984423370E0,2.514770508E-2,7.831713867E-1,2.133524301E0
1.686273937E1,1.863175507E0,1.016386414E-1,-1.672023010E-1,1.873422000E0
1.687274138E1,1.483564911E0,1.061293030E-1,-6.339317322E-1,1.616817156E0
1.688274437E1,1.102307739E0,2.544708252E-2,-6.715036011E-1,1.290986829E0
1.689274638E1,6.818321228E-1,-9.624984741E-2,-2.368075562E-1,7.281736712E-1
1.690274937E1,1.172062683E-1,-3.891906738E-1,1.487007751E0,1.541557246E0
1.691275137E1,-5.438191223E-1,-3.173400879E-1,2.059267731E0,2.153375851E0
1.692275437E1,2.194436646E-1,7.837701416E-1,-1.132993927E0,1.395036342E0
1.693275637E1,5.942642212E-2,4.064048767E-1,-1.655557251E0,1.705745067E0
1.694275838E1,5.538482666E-2,-6.137237549E-2,-8.391549683E-1,8.432171181E-1
1.695276137E1,3.049159241E-1,1.862127686E-1,-1.312470703E0,1.360230959E0
1.696276337E1,1.377136230E-1,1.851649475E-1,-9.343569946E-1,9.624313447E-1
1.697276638E1,1.496887207E-2,2.650987244E-1,-3.195854187E-1,4.154951752E-1
1.698276837E1,-2.076182556E-1,3.315605164E-1,-6.391708374E-2,3.963875751E-1
1.699277138E1,-1.725910950E-1,2.186952209E-1,-9.819580078E-2,2.953941452E-1
1.700277337E1,-4.625381470E-1,1.468446350E-1,-5.140310669E-1,7.069178325E-1
1.701277637E1,-1.274898834E0,2.574645996E-1,-8.509803772E-1,1.554291691E0
1.702277838E1,-1.778152313E0,2.743794250E-1,-4.415817261E-1,1.852593895E0
1.703278137E1,-2.567910004E0,3.659889221E-1,5.882766724E-2,2.594527004E0
1.704278338E1,-3.029550018E0,7.821235657E-1,-2.240840149E-1,3.136894042E0
1.705278537E1,-3.015179901E0,1.145867157E0,2.802172852E-1,3.237721900E0
1.706278837E1,-4.486620026E0,1.682800598E0,2.220332794E0,5.281236108E0
1.707279038E1,-1.801024750E1,3.379821625E0,5.702391815E0,1.919139082E1
1.708279337E1,-2.964884491E1,1.238524475E1,2.223925323E0,3.220860344E1
1.709279537E1,-4.175207611E1,1.776221329E1,-2.149080963E0,4.542411947E1
1.710279837E1,-4.237942154E1,1.239257950E1,1.609153748E0,4.418348982E1
1.711280037E1,-3.390644119E1,8.241711273E0,5.605842590E0,3.534116623E1
1.712280338E1,-3.360856064E1,8.194259949E0,8.390950928E0,3.559619786E1
1.713280537E1,-3.797692657E1,9.197324066E0,1.303579193E1,4.119186319E1
1.714280837E1,-4.323189880E1,9.771380310E0,1.842877716E1,4.800100806E1
1.715281037E1,-3.351186172E1,1.051907547E1,1.837473953E1,3.963996566E1
1.716281237E1,-1.209484863E1,6.486611023E0,9.100924530E0,1.646779625E1
1.717281538E1,-1.995635056E1,6.924300842E0,1.074315948E1,2.369846715E1
1.718281737E1,-4.937826736E1,8.998238068E0,1.752884857E1,5.316429355E1
1.719282037E1,-4.391163528E1,8.865015106E0,1.427281952E1,4.701631188E1
1.720282237E1,-1.997566040E1,6.906936951E0,8.414751434E0,2.274952369E1
1.721282537E1,-1.389380768E1,5.367388458E0,5.890849915E0,1.601714280E1
1.722282738E1,-1.137275024E1,5.148244171E0,3.815116425E0,1.305369601E1
1.723283037E1,-1.027238846E1,4.968917084E0,2.869682465E0,1.176635794E1
1.724283237E1,-9.458081818E0,4.425547028E0,1.594035187E0,1.056322519E1
1.725283438E1,-8.030500488E0,3.447929993E0,8.351133728E-1,8.779212588E0
1.726283737E1,-6.280489655E0,2.232008514E0,3.993695068E-1,6.677268028E0
1.727283938E1,-4.778363342E0,1.145268402E0,-1.022673340E0,5.018989610E0
1.728284237E1,-3.657344513E0,4.013154602E-1,-1.803749084E0,4.097649783E0
1.729284437E1,-1.908531189E0,2.329156494E-1,-2.646496582E-1,1.940819528E0
1.730284738E1,-1.408271484E0,-2.552192688E-1,-1.885030060E0,2.366791874E0
1.731284937E1,-3.062631226E-1,-3.680845642E-1,-2.159858551E0,2.212300230E0
1.732285238E1,6.948550415E-1,-4.923262024E-1,-3.296295319E0,3.404522205E0
1.733285437E1,1.096320190E0,-6.559359741E-1,-3.931274872E0,4.133653599E0
1.734285737E1,1.228794708E0,-7.930508423E-1,-3.175945587E0,3.496497740E0
1.735285938E1,1.382674713E0,-8.958869934E-1,-2.256707153E0,2.794124200E0
1.736286137E1,1.467398529E0,-1.039588165E0,-1.276395721E0,2.205263711E0
1.737286438E1,1.581012268E0,-9.723779297E-1,-4.457730103E-1,1.908882450E0
1.738286637E1,1.868863678E0,-7.562274170E-1,1.736389160E-2,2.016143065E0
1.739286937E1,1.821562042E0,-4.833448792E-1,9.056167603E-2,1.886772897E0
1.740287138E1,1.657952271E0,-3.330574036E-1,4.628375244E-1,1.753268815E0
1.741287437E1,1.744921417E0,4.266128540E-2,5.050497437E-1,1.817043197E0
1.742287637E1,1.616039429E0,2.008822632E-1,3.664379883E-1,1.669195590E0
1.743287937E1,1.520538025E0,1.866618347E-1,2.514770508E-1,1.552455871E0
1.744288137E1,1.686243439E0,2.046244812E-1,-4.504133606E-1,1.757316223E0
1.745288438E1,1.704954529E0,2.532733154E-1,-7.059320068E-1,1.862621088E0
1.746288637E1,1.362766113E0,1.660047913E-1,-2.002835083E-1,1.387372536E0
1.747288837E1,7.758366394E-1,-3.562591553E-2,3.472778320E-2,7.774302000E-1
1.748289137E1,7.566764832E-1,5.867797852E-2,-6.685098267E-1,1.011389042E0
1.749289337E1,5.532495117E-1,-2.290237427E-2,-8.050259399E-1,9.770753834E-1
1.750289638E1,4.183799744E-1,-3.456312561E-1,-7.884104919E-1,9.571279287E-1
1.751289837E1,5.507048035E-1,-2.216889954E-1,-8.686436462E-1,1.052123365E0
1.752290137E1,6.667135620E-1,-2.294728088E-1,-5.742059326E-1,9.093278819E-1
1.753290337E1,2.601589966E-1,-6.695576477E-1,6.524931335E-1,9.704315723E-1
1.754290637E1,-1.472937012E-1,-8.800199890E-1,1.604663086E0,1.836048538E0
1.755290838E1,7.746391296E-1,-2.883004761E-1,-3.965254211E-1,9.167417059E-1
1.756291137E1,2.356100464E-1,-8.502319336E-1,-1.299747162E0,1.570907101E0
1.757291337E1,-4.251159668E-2,-1.020727386E0,-1.514550476E0,1.826897583E0
1.758291538E1,5.897735596E-2,-1.074016571E0,-1.295555878E0,1.683880921E0
1.759291837E1,-6.665638733E-1,-4.040098572E-1,-1.525028687E0,1.712671555E0
1.760292038E1,-1.755249939E0,9.184899902E-1,-1.249152374E0,2.341988015E0
1.761292317E1,-2.817890167E0,1.625769196E0,2.820135498E-1,3.265449757E0
1.762292517E1,-3.331172791E0,1.835034027E0,1.920206909E0,4.260429159E0
1.763292817E1,-3.601360931E0,2.038760376E0,2.195035400E0,4.684498355E0
1.764293017E1,-3.870501251E0,2.493215332E0,2.363435211E0,5.175203245E0
1.765293317E1,-6.638395386E0,3.853436737E0,3.863765259E0,8.593366625E0
1.766293517E1,-2.185649918E1,9.059011688E0,6.304888916E0,2.448517660E1
1.767293817E1,-3.596436172E1,1.793315781E1,-1.024020538E0,4.020052340E1
1.768294017E1,-4.107982407E1,1.633238663E1,-1.478924561E0,4.423218304E1
1.769294217E1,-3.248933807E1,9.846374359E0,2.315534821E0,3.402748709E1
1.770294517E1,-2.618699387E1,7.285050659E0,4.214485931E0,2.750622661E1
1.771294717E1,-2.894620605E1,8.418942719E0,8.716823273E0,3.138063813E1
1.772295017E1,-3.527744019E1,8.505911865E0,1.301453613E1,3.855160792E1
1.773295217E1,-4.326288437E1,7.993227997E0,1.755130188E1,4.736683497E1
1.774295517E1,-3.804189148E1,7.107819214E0,1.840108475E1,4.285214722E1
1.775295717E1,-1.919817719E1,5.101541290E0,9.500892792E0,2.201959797E1
1.776296017E1,-7.271578674E0,4.516857147E0,3.135230255E0,9.116332797E0
1.777296217E1,-2.221470428E1,6.124214630E0,7.986492004E0,2.438817635E1
1.778296517E1,-5.126314774E1,7.628885651E0,1.693233902E1,5.452352077E1
1.779296717E1,-3.957650024E1,9.395811310E0,1.201865707E1,4.241495915E1
1.780296917E1,-1.693982346E1,7.832911377E0,6.379134521E0,1.972322176E1
1.781297217E1,-1.293714706E1,7.052733765E0,5.572162628E0,1.575308935E1
1.782297417E1,-1.337813004E1,6.911726990E0,4.835843811E0,1.581555306E1
1.783297717E1,-1.446666641E1,6.015091553E0,4.268822937E0,1.623849170E1
1.784297917E1,-1.430485291E1,4.670288086E0,3.795207825E0,1.551914978E1
1.785298217E1,-1.255035141E1,3.189567261E0,3.668122101E0,1.345881791E1
1.786298417E1,-1.042492126E1,2.213447113E0,3.263214111E0,1.114571208E1
1.787298717E1,-8.435857544E0,1.624421997E0,2.740201721E0,9.017269254E0
1.788298917E1,-6.594386902E0,1.103505249E0,2.221230927E0,7.045390640E0
1.789299217E1,-5.223687286E0,7.432044983E-1,1.320853271E0,5.439109776E0
1.790299417E1,-3.987258453E0,3.969744873E-1,5.619314575E-1,4.046181617E0
1.791299617E1,-2.778522034E0,8.981323242E-2,1.426533508E-1,2.783630918E0
1.792299917E1,-1.672472076E0,-2.752775574E-1,-9.041198730E-2,1.697384726E0
1.793300117E1,-5.396278381E-1,-4.933740234E-1,-3.953279114E-1,8.312041195E-1
1.794300417E1,4.824467468E-1,-5.167254639E-1,-2.740800476E-1,7.582083757E-1
1.795300617E1,6.056405640E-1,-8.837622070E-1,-3.084336090E0,3.265113359E0
1.796300917E1,1.526375885E0,-7.244934082E-1,-4.221670990E0,4.547221128E0
1.797301117E1,1.485211487E0,-1.019380188E0,-4.935835876E0,5.254280629E0
1.798301417E1,1.738933868E0,-1.428629150E0,-3.815116425E0,4.429445290E0
1.799301617E1,2.643053741E0,-1.681902466E0,-2.417023773E0,3.956833697E0
1.800301817E1,3.205883331E0,-1.531764679E0,-1.976789246E0,4.065917693E0
1.801302117E1,2.937790833E0,-1.263522491E0,-1.156644745E0,3.400725089E0
1.802302317E1,2.623743896E0,-6.667135620E-1,-1.167572021E-1,2.709644119E0
1.803302617E1,2.079475708E0,-1.056802368E-1,5.774990845E-1,2.160762070E0
1.804302817E1,1.659299469E0,1.119671631E-1,3.847000122E-1,1.706987250E0
1.805303117E1,1.315614166E0,1.469943237E-1,7.875123596E-1,1.540332329E0
1.806303317E1,9.854008484E-1,-1.339714050E-1,1.151255951E0,1.521299916E0
1.807303617E1,1.001267853E0,1.475930786E-1,-4.799020386E-1,1.120101333E0
1.808303817E1,5.647755432E-1,7.484436035E-4,-1.727856903E0,1.817817772E0
1.809304117E1,2.589614868E-2,-1.392105103E-1,-1.657054138E0,1.663093080E0
1.810304317E1,2.180964661E-1,4.373904419E-1,-9.891430664E-1,1.103304343E0
1.811304517E1,1.981878662E-1,5.135820007E-1,-7.933502197E-2,5.561824768E-1
1.812304817E1,1.841171265E-2,3.556604004E-1,9.383985901E-1,1.003705746E0
1.813305017E1,-4.616400146E-1,-3.583547974E-1,3.507655792E0,3.556006021E0
1.814305317E1,3.525169373E-1,-2.556683350E-1,1.473984833E0,1.536966420E0
1.815305517E1,2.537223816E-1,7.171586609E-1,-1.562151489E0,1.737529530E0
1.816305817E1,-6.502478027E-1,-2.555186462E-1,-9.148974609E-1,1.151151314E0
1.817306017E1,-4.031117249E-1,-1.920506287E-1,-1.066831512E0,1.156508531E0
1.818306317E1,-4.987628174E-1,-7.589218140E-2,-1.602118378E0,1.679674750E0
1.819306517E1,-1.156045990E0,3.544628906E-1,-1.112336884E0,1.642978884E0
1.820306817E1,-1.685794373E0,7.321275330E-1,3.739224243E-1,1.875561615E0
1.821307017E1,-1.619931335E0,8.626560974E-1,1.432521057E0,2.328190210E0
1.822307217E1,-1.568588104E0,1.077758789E0,1.755100250E0,2.588901222E0
1.823307517E1,-1.671873322E0,1.353784790E0,2.123484192E0,3.022760125E0
1.824307717E1,-3.537144470E0,1.732048187E0,2.719993744E0,4.786412842E0
1.825308017E1,-1.260229340E1,3.419938202E0,4.380939789E0,1.377339499E1
1.826308217E1,-2.064461929E1,9.647887115E0,3.174149323E0,2.300776511E1
1.827308517E1,-3.174014603E1,1.688219330E1,4.790039062E-3,3.595059587E1
1.828308717E1,-3.569147919E1,1.463641342E1,1.898951111E0,3.862269151E1
1.829309017E1,-2.910248108E1,1.080992065E1,3.237317963E0,3.121360308E1
1.830309217E1,-2.518527695E1,9.235943756E0,5.178331604E0,2.732061402E1
1.831309517E1,-2.938404556E1,8.850195923E0,8.799451447E0,3.192457435E1
1.832309717E1,-3.653677139E1,9.162596283E0,1.387210281E1,4.014130131E1
1.833309917E1,-4.092654282E1,8.388406219E0,1.847982101E1,4.568206487E1
1.834310217E1,-3.672043945E1,7.675887909E0,1.867276978E1,4.190444201E1
1.835310417E1,-1.925939987E1,6.087241516E0,1.052925430E1,2.277815157E1
1.836310717E1,-1.335702393E1,5.533842316E0,7.851772156E0,1.645247170E1
1.837310917E1,-3.420087891E1,6.564000092E0,1.384680542E1,3.747692938E1
1.838311217E1,-4.595189255E1,7.261250153E0,1.387973694E1,4.854842201E1
1.839311417E1,-2.732792130E1,7.307354279E0,8.295449524E0,2.947926715E1
1.840311717E1,-1.463761093E1,6.905589752E0,6.988966370E0,1.762930726E1
1.841311917E1,-1.336735245E1,7.223528595E0,6.574178925E0,1.655552190E1
1.842312117E1,-1.306408310E1,7.587870941E0,5.134921875E0,1.595661228E1
1.843312417E1,-1.225232117E1,6.661746826E0,3.376079407E0,1.434908209E1
1.844312617E1,-1.027493317E1,5.056634674E0,2.648442535E0,1.175406541E1
1.845312917E1,-8.237070923E0,3.543431396E0,1.476529541E0,9.087650023E0
1.846313117E1,-6.799759827E0,2.391427002E0,5.384303284E-1,7.228109298E0
1.847313417E1,-5.063220978E0,1.559457092E0,1.429527283E-1,5.299863071E0
1.848313617E1,-3.497476959E0,8.397537231E-1,-3.049159241E-1,3.609779095E0
1.849313917E1,-2.254461823E0,3.489244080E-1,-6.466552734E-1,2.371183121E0
1.850314117E1,-1.305884399E0,-6.601272583E-2,-1.251248016E0,1.809782678E0
1.851314417E1,-2.718347168E-1,-4.567002869E-1,-1.902992706E0,1.975816415E0
1.852314617E1,8.277786255E-1,-5.972579956E-1,-2.308798828E0,2.524378457E0
1.853314817E1,8.906478882E-1,-7.503895569E-1,-4.981490936E0,5.115817637E0
1.854315117E1,1.229543152E0,-7.491920471E-1,-4.411326599E0,4.640352083E0
1.855315317E1,1.389410706E0,-1.203048248E0,-3.374582520E0,3.842602553E0
1.856315617E1,1.797911224E0,-1.527124329E0,-1.493594055E0,2.792027344E0
1.857315817E1,2.678080902E0,-1.579216003E0,-7.872129822E-1,3.207139658E0
1.858316117E1,3.134032745E0,-1.426982574E0,-1.028960266E0,3.594050604E0
1.859316317E1,3.453318787E0,-1.231638794E0,-3.258723450E-1,3.680833811E0
1.860316617E1,3.759282532E0,-6.637197876E-1,-1.372645569E-1,3.819891447E0
1.861316837E1,2.471660156E0,-1.541793823E-2,-5.516029358E-1,2.532510107E0
1.862317137E1,1.236279144E0,1.595681763E-1,1.917512512E-1,1.261196522E0
1.863317337E1,9.964778137E-1,3.757186890E-2,1.082848206E0,1.472052959E0
1.864317538E1,3.141966248E-1,3.472778320E-2,2.008822632E-1,3.745386784E-1
1.865317837E1,-5.388793945E-3,1.609153748E-1,-1.497785339E0,1.506414193E0
1.866318037E1,-3.867956543E-1,6.466552734E-2,-1.362915802E0,1.418214367E0
1.867318338E1,1.323248291E-1,3.329077148E-1,-5.974076843E-1,6.965869280E-1
1.868318537E1,5.852828979E-2,3.356021118E-1,5.855822754E-1,6.774665596E-1
1.869318838E1,-1.122665405E-2,-1.585203552E-1,2.850821686E0,2.855247629E0
1.870319037E1,-2.332150269E-1,2.308200073E-1,3.922143860E0,3.935845472E0
1.871319337E1,-5.116360474E-1,1.247206421E0,-1.744172974E0,2.204412544E0
1.872319538E1,-1.845661926E-1,2.424957275E-2,-3.514541473E0,3.519467927E0
1.873319837E1,6.147715759E-1,-7.319778442E-2,-2.185006256E0,2.271024955E0
1.874320038E1,3.421884155E-1,3.616479492E-1,-1.119222565E0,1.224965836E0
1.875320237E1,8.307723999E-2,1.642085266E-1,-5.284011841E-2,1.914636940E-1
1.876320537E1,-1.297801208E-1,4.056564331E-2,5.730084229E-1,5.889202865E-1
1.877320738E1,-7.943980408E-1,8.382568359E-2,2.188449097E-1,8.282439779E-1
1.878321037E1,-1.858385468E0,4.189787292E-1,-2.167492676E-1,1.917321039E0
1.879321237E1,-2.938688965E0,8.659492493E-1,1.697470093E-1,3.068317940E0
1.880321537E1,-3.993844757E0,1.353784790E0,7.720944214E-1,4.287150452E0
1.881321737E1,-5.275329895E0,1.592089233E0,1.008452911E0,5.601859593E0
1.882322038E1,-6.927893372E0,1.252445526E0,1.006357269E0,7.111756556E0
1.883322237E1,-1.008138565E1,1.526525574E0,2.183509369E0,1.042747957E1
1.884322537E1,-1.641726013E1,3.410657501E0,3.293151855E0,1.708812055E1
1.885322737E1,-2.346280884E1,1.051443512E1,6.201603699E-1,2.571850197E1
1.886323037E1,-3.161725159E1,1.412627426E1,-3.567830658E0,3.481280853E1
1.887323238E1,-3.336576553E1,1.060454773E1,-1.061742096E0,3.502653335E1
1.888323437E1,-3.110441803E1,9.868228912E0,2.043550415E0,3.269622090E1
1.889323737E1,-3.294124832E1,9.527238007E0,6.169270935E0,3.484184279E1
1.890323937E1,-3.644366501E1,9.088500366E0,8.968450012E0,3.861573065E1
1.891324237E1,-3.930691086E1,8.354277191E0,9.192234650E0,4.122286218E1
1.892324438E1,-3.858032181E1,6.772815857E0,8.646319885E0,4.011322865E1
1.893324737E1,-2.299563034E1,4.740492096E0,5.811365204E0,2.418766722E1
1.894324937E1,-1.788211395E1,4.894671478E0,3.023861847E0,1.878487553E1
1.895325237E1,-4.121304703E1,6.687493286E0,5.004542999E0,4.205096030E1
1.896325437E1,-4.566883118E1,6.148763580E0,7.769293671E0,4.673126746E1
1.897325738E1,-2.622232040E1,7.038812714E0,7.571554871E0,2.818658218E1
1.898325937E1,-1.988659561E1,7.900720367E0,6.644532623E0,2.240642500E1
1.899326137E1,-1.844224915E1,7.529791718E0,5.018613739E0,2.054265807E1
1.900326438E1,-1.708591965E1,5.570366364E0,4.133354645E0,1.844023460E1
1.901326637E1,-1.616293900E1,4.089795227E0,2.652933197E0,1.688209337E1
1.902326938E1,-1.380100067E1,3.530857544E0,1.424288177E0,1.431653489E1
1.903327137E1,-1.105376358E1,3.304528198E0,7.339237976E-1,1.156046020E1
1.904327437E1,-8.792416077E0,2.803220673E0,3.505709839E-1,9.235124613E0
1.905327638E1,-6.927743683E0,2.109413452E0,-2.923420715E-1,7.247670076E0
1.906327937E1,-5.345084839E0,1.348994751E0,-9.428892517E-1,5.592741628E0
1.907328138E1,-3.930077362E0,6.448590088E-1,-1.301244049E0,4.189819482E0
1.908328437E1,-2.482138367E0,1.225950623E-1,-1.221010895E0,2.768918205E0
1.909328637E1,-1.074315948E0,-3.007246399E-1,-1.289268951E0,1.704935335E0
1.910328838E1,-3.866459656E-1,-6.393205261E-1,-2.038311310E0,2.170930407E0
1.911329137E1,4.779560852E-1,-7.023394775E-1,-2.516417084E0,2.655951374E0
1.912329337E1,9.262738037E-1,-8.882528687E-1,-2.580334167E0,2.881857168E0
1.913329637E1,1.025966492E0,-1.127156067E0,-1.920655975E0,2.451939521E0
1.914329837E1,1.443298645E0,-1.290466461E0,-1.201251984E0,2.278469002E0
1.915330138E1,1.804796906E0,-1.361568604E0,-6.680607605E-1,2.357427859E0
1.916330337E1,2.271226959E0,-1.443747711E0,-7.382647705E-1,2.790683469E0
1.917330637E1,2.658022614E0,-1.350491638E0,-5.418731689E-1,3.030270353E0
1.918330837E1,2.758463745E0,-1.268611908E0,-1.160087585E-1,3.038413474E0
1.919331137E1,3.018473053E0,-1.216819611E0,-4.752616882E-1,3.289027700E0
1.920331338E1,2.433339844E0,-6.664141846E-1,2.290237427E-1,2.533318483E0
1.921331637E1,1.551972656E0,-2.291734314E-1,1.253792725E0,2.008266861E0
1.922331837E1,1.378333740E0,5.688171387E-1,2.189945984E-1,1.507088408E0
1.923332037E1,2.872526550E-1,1.201401672E0,-1.202748871E0,1.724089589E0
1.924332337E1,-5.619314575E-1,5.605842590E-1,-1.434467010E0,1.639425899E0
1.925332538E1,-1.315763855E-1,1.058299255E-1,-6.349795532E-1,6.570474499E-1
1.926332837E1,1.207987976E-1,1.986369324E-1,-3.225791931E-1,3.976258496E-1
1.927333037E1,1.190025330E-1,1.987866211E-1,5.134323120E-2,2.373053960E-1
1.928333337E1,3.592529297E-1,2.049238586E-1,3.697311401E-1,5.547590209E-1
1.929333537E1,3.864962769E-1,5.069956970E-1,6.062393188E-1,8.797443495E-1
1.930333838E1,-1.758842468E-1,3.257226562E-1,2.728226624E0,2.753225568E0
1.931334037E1,-4.929249573E-1,8.497828674E-1,1.325343933E0,1.649740124E0
1.932334337E1,-9.958790588E-1,2.185455322E-1,-2.170785828E0,2.398301140E0
1.933334538E1,-1.064436493E0,-6.355783081E-1,-1.548978882E0,1.984016232E0
1.934334837E1,-5.551954651E-1,-4.745132446E-2,-1.889371033E0,1.969826523E0
1.935335038E1,-5.448669434E-1,4.191284180E-3,-1.561852112E0,1.654170358E0
1.936335237E1,-3.032693481E-1,8.517288208E-2,-9.627978516E-1,1.013018470E0
1.937335537E1,1.899549866E-1,2.380050659E-2,-6.480024719E-1,6.756896955E-1
1.938335738E1,5.242098999E-1,-6.227050781E-2,-6.039939880E-1,8.021735304E-1
1.939336037E1,1.797761536E-1,-1.248403931E-1,-5.881269836E-1,6.275332167E-1
1.940336238E1,-8.289761353E-1,4.670288086E-2,-7.337741089E-1,1.108064544E0
1.941336537E1,-2.459535370E0,7.225474548E-1,-7.385641479E-1,2.667745502E0
1.942336737E1,-3.651356964E0,1.520687714E0,2.604583740E-1,3.963929536E0
1.943337038E1,-4.311334534E0,1.917512512E0,1.347198486E0,4.907076875E0
1.944337237E1,-4.654720459E0,2.158062286E0,1.880389709E0,5.464386593E0
1.945337538E1,-9.006620636E0,1.930086365E0,2.291584625E0,9.491881202E0
1.946337737E1,-1.408795395E1,3.698957977E0,2.103425903E0,1.471655996E1
1.947337937E1,-2.384631134E1,1.226489502E1,5.763015747E-2,2.681562111E1
1.948338238E1,-3.705020370E1,1.645064072E1,-2.778372345E0,4.063324412E1
1.949338437E1,-3.817511444E1,1.160012741E1,-9.255253601E-1,3.990938381E1
1.950338737E1,-3.255804520E1,8.803942108E0,1.196012878E-1,3.372758527E1
1.951338937E1,-3.222109589E1,7.712262268E0,4.413571930E0,3.342390801E1
1.952339237E1,-3.544374435E1,8.496182098E0,8.624016266E0,3.745420912E1
1.953339438E1,-3.979968613E1,9.187294922E0,1.148666336E1,4.243070632E1
1.954339737E1,-3.664305038E1,9.921069031E0,1.215307755E1,3.986023138E1
1.955339937E1,-1.786564819E1,7.181466064E0,8.232131195E0,2.094093656E1
1.956340237E1,-2.076407089E1,6.183940430E0,6.655908966E0,2.266470568E1
1.957340437E1,-4.212959106E1,8.288563843E0,9.949659576E0,4.407491871E1
1.958340638E1,-5.012745941E1,7.122039642E0,1.158650574E1,5.193970303E1
1.959340937E1,-2.905338318E1,6.686595154E0,1.089793762E1,3.174231676E1
1.960341137E1,-1.681647995E1,5.689817963E0,7.301965485E0,1.919600808E1
1.961341454E1,-1.432101929E1,4.747976532E0,5.186115417E0,1.595401729E1
1.962341654E1,-1.397478928E1,4.148323517E0,3.954626312E0,1.510438322E1
1.963341954E1,-1.571417221E1,4.107907562E0,2.964585114E0,1.651056867E1
1.964342154E1,-1.519115982E1,4.079167328E0,2.842139740E0,1.598401392E1
1.965342454E1,-1.297756302E1,3.390898590E0,2.870131531E0,1.371688704E1
1.966342654E1,-1.036848862E1,2.510728912E0,2.100731506E0,1.087301194E1
1.967342954E1,-7.681127014E0,1.819466400E0,8.863069153E-1,7.943280817E0
1.968343154E1,-5.155878296E0,1.091979218E0,-2.769241333E-1,5.277517086E0
1.969343454E1,-3.385060730E0,6.183641052E-1,-7.656578064E-1,3.525229381E0
1.970343654E1,-1.723815308E0,9.340576172E-2,-1.366358643E0,2.201635708E0
1.971343854E1,-6.231541443E-1,-2.887495422E-1,-3.054398346E0,3.130662333E0
1.972344154E1,4.411326599E-1,-3.391946411E-1,-3.167113953E0,3.215627749E0
1.973344354E1,9.882449341E-1,-4.544549561E-1,-3.312312012E0,3.486340233E0
1.974344654E1,1.112037506E0,-8.684939575E-1,-2.496059418E0,2.867267303E0
1.975344854E1,1.385219421E0,-1.377285919E0,-6.402186584E-1,2.055633547E0
1.976345154E1,2.302062836E0,-1.403182068E0,-4.415817261E-2,2.696361096E0
1.977345354E1,2.545307007E0,-1.231638794E0,-8.981323242E-2,2.829061380E0
1.978345654E1,2.926863556E0,-1.032253418E0,-1.257385254E-2,3.103584298E0
1.979345854E1,2.861000519E0,-8.663983154E-1,1.088237000E-1,2.991289456E0
1.980346154E1,2.359094238E0,-7.222480774E-1,8.060737610E-1,2.595519759E0
1.981346354E1,2.733615417E0,-4.405339050E-1,1.418150940E0,3.110928392E0
1.982346554E1,3.192411346E0,5.514532471E-1,4.456233215E-1,3.270194342E0
1.983346854E1,2.221230927E0,8.144563293E-1,-2.513423309E0,3.451739080E0
1.984347054E1,7.785310364E-1,3.224295044E-1,-1.914518738E0,2.091758437E0
1.985347354E1,6.857240295E-1,4.490661621E-3,-1.195414124E0,1.378133715E0
1.986347554E1,4.155358887E-1,1.303788757E-1,-7.795788574E-1,8.929792388E-1
1.987347854E1,-3.158432007E-2,3.453318787E-1,8.442443848E-2,3.569021736E-1
1.988348054E1,-1.597178650E-1,4.474195862E-1,7.523355103E-1,8.897768273E-1
1.989348354E1,-4.354444885E-1,4.866380310E-1,2.666405182E0,2.745204012E0
1.990348554E1,-6.909631348E-1,2.577639771E-1,3.742367706E0,3.814339834E0
1.991348854E1,-5.387297058E-1,4.698728943E-1,-1.534309387E-1,7.311301428E-1
1.992349054E1,3.421884155E-1,1.070424042E0,-2.126178589E0,2.404898321E0
1.993349354E1,6.530918884E-1,6.165678406E-1,-2.645149384E0,2.793474571E0
1.994349554E1,5.161267090E-1,5.625302124E-1,-2.806364136E0,2.908351196E0
1.995349754E1,2.722837830E-1,6.276448059E-1,-2.349065094E0,2.446667790E0
1.996350054E1,7.349716187E-2,3.197351074E-1,-6.680607605E-1,7.442698109E-1
1.997350254E1,1.362167358E-1,1.570234680E-1,4.058061218E-1,4.559495335E-1
1.998350554E1,1.727407837E-1,-4.969665527E-2,5.957611084E-1,6.222864567E-1
1.999350754E1,1.694476318E-1,-1.763333130E-1,2.577639771E-1,3.553142343E-1
2.000351054E1,-4.026626587E-2,-2.502795410E-1,-2.474354553E-1,3.542393617E-1
2.001351254E1,-7.255412292E-1,-1.839674377E-1,-9.623487854E-1,1.219167453E0
2.002351554E1,-1.833986206E0,2.073188782E-1,-1.502874756E0,2.380151057E0
2.003351754E1,-2.643203430E0,7.412585449E-1,-1.004261627E0,2.923102807E0
2.004352054E1,-3.562741241E0,1.041234741E0,-2.273771667E-1,3.718735715E0
2.005352254E1,-4.409829712E0,1.381776581E0,4.243675232E-1,4.640688785E0
2.006352454E1,-5.270539856E0,1.919907532E0,6.631210327E-1,5.648394888E0
2.007352754E1,-1.175520493E1,2.266885986E0,2.487227783E0,1.222742479E1
2.008352954E1,-2.161535065E1,7.472460938E0,4.022734680E0,2.322161602E1
2.009353254E1,-3.479574188E1,1.640184219E1,-1.209484863E0,3.848671114E1
2.010353454E1,-4.220204041E1,1.609647720E1,-1.255888367E0,4.518502018E1
2.011353754E1,-3.760629730E1,1.250364853E1,2.137405243E0,3.968807534E1
2.012353954E1,-3.352039398E1,1.081007034E1,4.331991577E0,3.548578003E1
2.013354254E1,-3.662374054E1,9.419761505E0,7.440128174E0,3.854070297E1
2.014354454E1,-4.300182724E1,8.601263580E0,1.050066376E1,4.509326802E1
2.015354754E1,-4.442851044E1,8.384065247E0,1.256262589E1,4.692552247E1
2.016354954E1,-3.377740952E1,7.494764557E0,1.141032211E1,3.643185886E1
2.017355154E1,-1.080034058E1,4.448150024E0,5.042264557E0,1.272233575E1
2.018355454E1,-1.657937302E1,4.879702606E0,5.922134857E0,1.826906644E1
2.019355654E1,-4.549369537E1,7.771988068E0,1.104672821E1,4.745640443E1
2.020355954E1,-4.778513031E1,7.856412506E0,1.222403000E1,4.994565853E1
2.021356154E1,-2.183434525E1,6.529122620E0,8.709787903E0,2.439730476E1
2.022356454E1,-1.360715378E1,5.312602386E0,5.307512970E0,1.554181688E1
2.023356654E1,-1.157917099E1,5.107229462E0,4.422253876E0,1.340586897E1
2.024356954E1,-1.083192490E1,5.043013000E0,2.997666321E0,1.231862738E1
2.025357154E1,-1.055859329E1,4.727169800E0,2.155966644E0,1.176767686E1
2.026357454E1,-9.262738037E0,3.660637665E0,2.003733215E0,1.015940603E1
2.027357654E1,-7.410938873E0,2.468067627E0,1.571432190E0,7.967607666E0
2.028357954E1,-5.687722321E0,1.498833160E0,9.336085510E-1,5.955527765E0
2.029358154E1,-4.253554688E0,6.722520447E-1,-1.621128845E-1,4.309400292E0
2.030358354E1,-3.223396912E0,2.100132751E-1,-1.125958557E0,3.420844325E0
2.031358654E1,-2.221979370E0,6.301895142E-2,-8.449928284E-1,2.378061519E0
2.032358854E1,-1.411864014E0,-1.648072815E-1,-1.625469818E0,2.159322478E0
2.033359154E1,-5.996530151E-1,-2.415975952E-1,-2.434836731E0,2.519202859E0
2.034359354E1,3.890409851E-1,-4.920268250E-1,-2.113155670E0,2.204284503E0
2.035359654E1,7.768844604E-1,-7.780819702E-1,-2.279010773E0,2.530385567E0
2.036359854E1,1.184935913E0,-9.045689392E-1,-1.935325470E0,2.442908668E0
2.037360154E1,1.118474121E0,-1.016985168E0,-1.337468719E0,2.018431512E0
2.038360354E1,1.232536926E0,-1.024170227E0,-9.689350891E-1,1.872673793E0
2.039360654E1,1.537303162E0,-8.330177307E-1,-3.974235535E-1,1.793088127E0
2.040360854E1,1.822909241E0,-6.403683472E-1,3.757186890E-1,1.968307459E0
2.041361054E1,1.940863953E0,-6.289920044E-1,1.175804901E0,2.354803811E0
2.042361354E1,2.340682526E0,-4.513114929E-1,1.153800659E0,2.648345278E0
2.043361554E1,2.562820587E0,-1.588197327E-1,8.711883545E-2,2.569214425E0
2.044361854E1,1.755399628E0,8.337661743E-2,-6.255491638E-1,1.865393060E0
2.045362054E1,1.422791290E0,2.215393066E-1,-1.431473236E0,2.030401523E0
2.046362354E1,1.259630585E0,3.276686096E-1,-1.174308014E0,1.753007484E0
2.047362554E1,7.469467163E-1,3.394940186E-1,-8.671467590E-1,1.193787706E0
2.048362854E1,-1.945953369E-1,1.935475159E-1,-1.704954529E-1,3.231047593E-1
2.049363054E1,-2.829116821E-1,3.122506714E-1,1.192270660E0,1.264535025E0
2.050363354E1,-5.270539856E-1,1.938468933E-1,5.700146484E-1,8.001744942E-1
2.051363554E1,-4.023632813E-1,6.761439514E-1,-5.821394348E-1,9.787508236E-1
2.052363754E1,-3.185375977E-1,4.957690430E-1,-1.458716583E0,1.573247347E0
2.053364054E1,-7.604187012E-2,4.263134766E-1,-1.616189117E0,1.673198377E0
2.054364254E1,6.286926270E-3,4.308041382E-1,-1.315464478E0,1.384224882E0
2.055364554E1,-1.977388000E-1,4.007167053E-1,-8.818162537E-1,9.885719074E-1
2.056364754E1,-2.300715637E-1,4.547543335E-1,-3.146456909E-1,5.989460235E-1
2.057365054E1,-1.778302002E-1,3.568579102E-1,4.266128540E-2,4.009876973E-1
2.058365254E1,-1.619631958E-1,1.794767761E-1,2.157014465E-1,3.239924444E-1
2.059365554E1,-4.273612976E-1,1.011895752E-1,7.125183105E-2,4.449200290E-1
2.060365754E1,-9.035211182E-1,5.224136353E-1,-7.279362488E-1,1.272461237E0
2.061366042E1,-1.594334564E0,8.655001831E-1,-9.886940002E-1,2.066037051E0
2.062366242E1,-2.611020355E0,1.084943848E0,-6.093827820E-1,2.892382724E0
2.063366442E1,-2.824775848E0,1.283880157E0,6.845265198E-1,3.177464934E0
2.064366742E1,-3.282823334E0,1.419947205E0,1.616638184E0,3.925136701E0
2.065366942E1,-3.570525055E0,1.639540558E0,2.041155396E0,4.427534049E0
2.066367242E1,-9.888736267E0,1.952689362E0,3.307372284E0,1.060843118E1
2.067367442E1,-1.491363693E1,5.964197388E0,2.834954681E0,1.631027851E1
2.068367742E1,-2.468217316E1,1.355625961E1,1.787283325E-1,2.816050053E1
2.069367942E1,-3.505440399E1,1.370325394E1,9.279203796E-1,3.764905635E1
2.070368242E1,-3.410417999E1,1.041968216E1,2.174677734E0,3.572665801E1
2.071368442E1,-3.277733917E1,9.273365936E0,4.360881500E0,3.434190686E1
2.072368742E1,-3.229100052E1,8.669521637E0,7.647447052E0,3.429799945E1
2.073368942E1,-3.505500275E1,8.623118134E0,1.063882645E1,3.763503703E1
2.074369142E1,-3.868839706E1,8.958570557E0,1.270932083E1,4.169622153E1
2.075369442E1,-3.055131821E1,7.994874573E0,1.224468704E1,3.387083442E1
2.076369642E1,-1.838776245E1,6.214925995E0,9.457932129E0,2.159137775E1
2.077369942E1,-2.953328522E1,6.699468384E0,9.229507141E0,3.165883154E1
2.078370142E1,-4.489389267E1,7.619305573E0,1.242176880E1,4.719974318E1
2.079370442E1,-4.143473602E1,8.250393219E0,1.244556931E1,4.404314399E1
2.080370642E1,-2.520024582E1,7.273225250E0,8.940009155E0,2.771057485E1
2.081370942E1,-1.720297623E1,6.382427673E0,6.502478027E0,1.946689484E1
2.082371142E1,-1.534069885E1,5.570815430E0,5.680237885E0,1.728109164E1
2.083371442E1,-1.400547546E1,4.962779846E0,4.616400146E0,1.555935979E1
2.084371642E1,-1.209365112E1,4.141288147E0,2.867437134E0,1.310071985E1
2.085371842E1,-1.094374237E1,2.975362701E0,2.030527496E0,1.152134203E1
2.086372142E1,-1.021176453E1,2.152074738E0,1.660047913E0,1.056727588E1
2.087372342E1,-9.335486755E0,1.951192474E0,1.621727600E0,9.674113160E0
2.088372642E1,-7.308402100E0,1.872007141E0,1.474284210E0,7.687045331E0
2.089372842E1,-5.262456665E0,1.378782806E0,8.921447754E-1,5.512750174E0
2.090373142E1,-3.640429688E0,8.705895996E-1,2.052232361E-1,3.748702594E0
2.091373342E1,-2.278262329E0,3.953279114E-1,-5.099894714E-1,2.367879359E0
2.092373642E1,-6.508465576E-1,-2.679428101E-2,-5.391787720E-1,8.455961939E-1
2.093373842E1,4.894821167E-2,-3.823049927E-1,-2.048639832E0,2.084581060E0
2.094374142E1,8.493338013E-1,-2.902464294E-1,-3.033441925E0,3.163444453E0
2.095374342E1,1.323098602E0,-3.031196594E-1,-3.535198517E0,3.786832448E0
2.096374542E1,1.296304321E0,-7.418572998E-1,-3.338806915E0,3.657647983E0
2.097374842E1,1.669029236E0,-1.204545135E0,-1.852098541E0,2.768908915E0
2.098375042E1,2.686463470E0,-1.459465027E0,-9.644444275E-1,3.205819271E0
2.099375342E1,3.130889282E0,-1.189276886E0,-1.413061523E0,3.635050217E0
2.100375542E1,3.108585663E0,-7.670050049E-1,-1.080902252E0,3.379341826E0
2.101375842E1,3.128344574E0,-5.346881104E-1,-3.335064697E-1,3.191184375E0
2.102376042E1,2.282004547E0,-3.372486877E-1,1.040336609E-1,2.309134997E0
2.103376342E1,1.478625183E0,-1.935475159E-1,5.538482666E-1,1.590767417E0
2.104376542E1,9.776170349E-1,-2.683918762E-1,1.173110504E0,1.550470097E0
2.105376842E1,1.151705017E0,-9.550140381E-2,1.089584198E0,1.588313158E0
2.106377042E1,1.143172760E0,7.589218140E-2,-8.141569519E-1,1.405508849E0
2.107377242E1,1.107696533E-2,-1.746867371E-1,-8.834628296E-1,9.006357347E-1
2.108377542E1,1.654060364E-1,2.511776733E-1,-8.530760193E-1,9.045374924E-1
2.109377742E1,2.469863892E-2,5.966592407E-1,-7.209008789E-1,9.361144959E-1
2.110378042E1,-2.125579834E-1,4.388873291E-1,-4.490661621E-2,4.897137818E-1
2.111378242E1,-2.492317200E-1,5.893244934E-1,2.194436646E-1,6.764431467E-1
2.112378542E1,-1.483415222E-1,5.363346863E-1,4.343966675E-1,7.059465756E-1
2.113378742E1,-2.746788025E-1,1.122665405E-1,8.961863708E-1,9.440350798E-1
2.114379042E1,-4.049079895E-1,1.685494995E-1,9.225315857E-1,1.021481248E0
2.115379242E1,-2.110610962E-1,-3.817062378E-2,1.115779724E0,1.136207805E0
2.116379442E1,8.382568359E-2,-1.531315613E-1,-7.619155884E-2,1.904761768E-1
2.117379742E1,3.532653809E-2,-2.180964661E-1,-1.930086365E0,1.942690765E0
2.118379942E1,2.032772827E-1,-3.701802063E-1,-2.434537354E0,2.470896025E0
2.119380242E1,1.727407837E-1,-4.546046448E-1,-2.333946533E0,2.384074492E0
2.120380442E1,-1.621128845E-1,-9.101074219E-2,-1.031954041E0,1.048566967E0
2.121380742E1,-1.200054474E0,5.780978394E-1,-4.219725037E-1,1.397279015E0
2.122380942E1,-2.835104370E0,1.051862640E0,-1.383123779E-1,3.027104577E0
2.123381242E1,-3.551664276E0,1.230291595E0,3.478765869E-1,3.774778756E0
2.124381442E1,-3.504362640E0,1.559906158E0,8.577163696E-1,3.930590555E0
2.125381742E1,-4.061054993E0,1.848056946E0,1.019829254E0,4.576847587E0
2.126381942E1,-5.400619354E0,2.435285797E0,1.658551025E0,6.152080772E0
2.127382242E1,-1.402987473E1,4.110302582E0,4.776716766E0,1.538014939E1
2.128382442E1,-2.443309113E1,1.263118332E1,3.138224030E0,2.768340991E1
2.129382642E1,-4.026551743E1,2.010184799E1,-1.895059204E-1,4.500480084E1
2.130382942E1,-4.255051575E1,1.614512604E1,2.065255280E0,4.555740077E1
2.131383142E1,-3.685321335E1,1.151285889E1,3.817511444E0,3.879792066E1
2.132383442E1,-3.308809296E1,9.815388794E0,5.911956024E0,3.501592462E1
2.133383642E1,-3.755839691E1,8.687633972E0,9.557475128E0,3.971716875E1
2.134383942E1,-4.267326050E1,8.631650391E0,1.212493607E1,4.519432071E1
2.135384142E1,-4.129163361E1,7.980654144E0,1.331765579E1,4.411405447E1
2.136384442E1,-2.086720642E1,4.949457550E0,8.787626038E0,2.317670825E1
2.137384642E1,-9.807006226E0,3.741918640E0,4.414769440E0,1.138725232E1
2.138384842E1,-3.075788864E1,7.973918152E0,1.145627655E1,3.377687607E1
2.139385142E1,-5.230947189E1,1.130179779E1,1.792492493E1,5.643858978E1
2.140385342E1,-3.729434601E1,9.208550720E0,1.549233353E1,4.142074418E1
2.141385642E1,-1.689761124E1,6.583010559E0,9.211245117E0,2.033991962E1
2.142385842E1,-1.223331070E1,5.963299255E0,2.989283752E0,1.393379511E1
2.143386142E1,-9.884694672E0,6.481371918E0,-2.915936279E-1,1.182372181E1
2.144386342E1,-8.839717712E0,6.145919495E0,4.656816101E-1,1.077635351E1
2.145386642E1,-8.333171082E0,4.645888824E0,1.123713226E0,9.606703631E0
2.146386842E1,-7.412585449E0,2.933898926E0,-7.427554321E-1,8.006614240E0
2.147387142E1,-6.500831451E0,1.690434723E0,-2.013163605E0,7.012218394E0
2.148387342E1,-5.702391815E0,4.998106384E-1,-1.321452026E0,5.874803703E0
2.149387642E1,-4.691992950E0,-4.019142151E-1,-9.824070740E-1,4.810556781E0
2.150387842E1,-3.103496246E0,-7.622149658E-1,-1.402583313E0,3.489971426E0
2.151388042E1,-1.577569427E0,-8.858578491E-1,-2.383643188E0,2.992528075E0
2.152388342E1,-3.375480652E-1,-8.289761353E-1,-2.498604126E0,2.654084156E0
2.153388542E1,-3.442840576E-3,-7.066804504E-1,-2.613714752E0,2.707566051E0
2.154388842E1,9.764195251E-1,-7.129673767E-1,-1.629212036E0,2.028804926E0
2.155389042E1,1.279688873E0,-8.523275757E-1,-9.613009644E-1,1.813329935E0
2.156389342E1,1.639241180E0,-8.574169922E-1,-4.430786133E-1,1.902260288E0
2.157389542E1,1.985770569E0,-7.967930603E-1,3.953279114E-1,2.175878694E0
2.158389842E1,2.368225250E0,-5.046006775E-1,1.006057892E0,2.622072684E0
2.159390042E1,3.169359283E0,-3.016227722E-1,5.468128967E-1,3.230297031E0
2.160390242E1,3.312312012E0,6.616241455E-2,-5.385800171E-1,3.356464921E0
2.161390538E1,2.300565948E0,4.640350342E-2,-7.779322815E-1,2.428978304E0
2.162390737E1,1.834435272E0,-1.377136230E-2,-9.144483948E-1,2.049770301E0
2.163391037E1,1.452878723E0,-2.086660767E-1,-2.541714478E-1,1.489631243E0
2.164391237E1,9.616003418E-1,-4.346960449E-1,2.767744446E-1,1.090981192E0
2.165391537E1,1.556762695E-2,-5.164260864E-1,3.658392334E-1,6.330691893E-1
2.166391738E1,-2.905458069E-1,-2.884501648E-1,4.565505981E-1,6.132363428E-1
2.167392037E1,-2.263293457E-1,-1.930984497E-1,5.978567505E-1,6.677908940E-1
2.168392237E1,-4.082011414E-1,-1.139131165E-1,4.435276794E-1,6.134502199E-1
2.169392537E1,-2.754272461E-1,5.448669434E-2,-2.814147949E-2,2.821717750E-1
2.170392737E1,-1.513352966E-1,2.650987244E-1,-3.278182983E-1,4.479336361E-1
2.171392938E1,-1.187031555E-1,3.873944092E-1,-2.739303589E-1,4.890835398E-1
2.172393237E1,1.187031555E-1,4.409829712E-1,-1.546284485E-1,4.821476715E-1
2.173393437E1,2.186952209E-1,4.370910645E-1,-1.460961914E-1,5.101179231E-1
2.174393737E1,1.049317932E-1,3.585044861E-1,-3.601510620E-1,5.188881722E-1
2.175393937E1,1.999841309E-1,3.495231628E-1,-5.905220032E-1,7.147561334E-1
2.176394238E1,2.751278687E-1,2.501298523E-1,-6.520440674E-1,7.506142504E-1
2.177394437E1,2.769241333E-1,1.770817566E-1,-7.291337585E-1,7.998005764E-1
2.178394737E1,1.836680603E-1,7.574249268E-2,-9.539662170E-1,9.744344128E-1
2.179394938E1,3.263214111E-2,-2.095642090E-2,-1.076561279E0,1.077259586E0
2.180395237E1,-1.061293030E-1,-9.864486694E-2,-1.281185760E0,1.289353013E0
2.181395438E1,-6.276448059E-1,1.047821045E-3,-1.354832611E0,1.493154548E0
2.182395637E1,-1.646875305E0,4.911286926E-1,-1.008153534E0,1.992430478E0
2.183395937E1,-3.200045471E0,1.183888092E0,-6.758445740E-1,3.478311073E0
2.184396138E1,-4.221371613E0,1.736239471E0,1.980381775E-1,4.568777179E0
2.185396437E1,-5.785768433E0,1.909129944E0,1.196012878E0,6.208892035E0
2.186396638E1,-7.740852814E0,2.050436096E0,2.027982788E0,8.260617692E0
2.187396937E1,-9.916129303E0,2.421963501E0,2.374811554E0,1.048023175E1
2.188397137E1,-1.442714859E1,5.332211609E0,3.198398895E0,1.571002395E1
2.189397438E1,-2.322884537E1,1.279883469E1,3.540138245E-1,2.652385251E1
2.190397637E1,-3.649620575E1,1.451591400E1,2.174977112E-1,3.927762848E1
2.191397837E1,-4.055007568E1,1.216310669E1,2.351011047E0,4.240020112E1
2.192398137E1,-3.801449844E1,1.099343903E1,5.149741058E0,3.990585955E1
2.193398337E1,-4.027330124E1,1.013931519E1,8.961863708E0,4.248599188E1
2.194398638E1,-4.199996063E1,8.995693359E0,1.162826889E1,4.449871717E1
2.195398837E1,-3.686399094E1,8.164022827E0,1.439466614E1,4.040806243E1
2.196399137E1,-2.493409927E1,6.819668427E0,1.260783188E1,2.876064340E1
2.197399337E1,-3.364164185E1,7.165299683E0,9.531878357E0,3.569255231E1
2.198399637E1,-3.772380295E1,5.830675049E0,6.336473236E0,3.869409481E1
2.199399838E1,-3.217109985E1,5.827681274E0,6.189478912E0,3.327538406E1
2.200400137E1,-2.919858124E1,6.621779938E0,8.471782837E0,3.111553021E1
2.201400337E1,-2.340592712E1,6.211183777E0,8.069868622E0,2.552526215E1
2.202400537E1,-1.896346527E1,5.340145111E0,6.585555267E0,2.077257093E1
2.203400837E1,-1.572629700E1,4.366419983E0,5.582042084E0,1.724938360E1
2.204401038E1,-1.318128937E1,3.572920074E0,4.613256683E0,1.441507144E1
2.205401337E1,-1.168350403E1,3.250640259E0,3.448678436E0,1.260810499E1
2.206401537E1,-1.040052200E1,3.006647644E0,2.538121948E0,1.111993035E1
2.207401837E1,-8.474926300E0,2.565065918E0,2.011367340E0,9.080172770E0
2.208402037E1,-6.566694489E0,2.034569092E0,1.412462769E0,7.018261820E0
2.209402338E1,-5.002597046E0,1.432371368E0,5.974076843E-1,5.237801150E0
2.210402537E1,-3.663481750E0,1.052910461E0,-3.077600098E-1,3.824190790E0
2.211402837E1,-2.512674866E0,6.038442993E-1,-6.743476868E-1,2.670750404E0
2.212403038E1,-1.670077057E0,2.121089172E-1,-1.067579956E0,1.993457933E0
2.213403237E1,-9.006770325E-1,-1.697470093E-1,-1.040336609E0,1.386482392E0
2.214403538E1,-1.302291870E-1,-4.379891968E-1,-1.873953094E0,1.928858309E0
2.215403737E1,7.137158203E-1,-6.116281128E-1,-2.180066528E0,2.374061770E0
2.216404037E1,9.128018188E-1,-1.074016571E0,-2.586471405E0,2.945598935E0
2.217404238E1,9.354048157E-1,-1.301393738E0,-1.145867157E0,1.970182573E0
2.218404537E1,1.349743195E0,-1.664987640E0,-1.893562317E-1,2.151707767E0
2.219404738E1,1.845362549E0,-1.501228180E0,-6.436614990E-3,2.378884279E0
2.220405037E1,2.218835907E0,-1.297950897E0,7.484436035E-3,2.570596299E0
2.221405237E1,2.575993195E0,-8.641529846E-1,-4.531077576E-1,2.754597604E0
2.222405538E1,2.229463806E0,-2.565664673E-1,-3.225791931E-1,2.267243381E0
2.223405737E1,1.821262665E0,5.388793945E-2,-4.469705200E-1,1.876082154E0
2.224405937E1,1.643282776E0,1.779798889E-1,-7.429051208E-1,1.812170837E0
2.225406237E1,1.429527283E0,2.839595032E-1,-6.557862854E-1,1.598198018E0
2.226406437E1,1.269959106E0,1.880090332E-1,-4.679269409E-1,1.366418366E0
2.227406738E1,1.073717194E0,-1.092727661E-2,4.837939453E-1,1.177728576E0
2.228406937E1,1.041983185E0,1.047821045E-2,3.682342529E-2,1.042686297E0
2.229407237E1,1.540296936E-1,7.424560547E-2,-1.134490814E0,1.147304216E0
2.230407437E1,-7.349716187E-2,1.199006653E-1,-7.084767151E-1,7.222999780E-1
2.231407737E1,-2.170486450E-1,7.499404907E-2,-7.969427490E-1,8.293684145E-1
2.232407938E1,-2.799179077E-1,3.490740967E-1,-2.534230042E-1,5.142275557E-1
2.233408137E1,-3.083587646E-1,2.968327332E-1,-3.338058472E-2,4.293123136E-1
2.234408437E1,-1.936972046E-1,-4.311035156E-2,8.307723999E-2,2.151253990E-1
2.235408637E1,1.594184875E-1,2.727328491E-1,-6.527925110E-1,7.252141226E-1
2.236408937E1,1.112187195E-1,2.398013306E-1,-1.056502991E0,1.089069718E0
2.237409138E1,6.945556641E-2,4.352947998E-1,-9.987231445E-1,1.091674658E0
2.238409437E1,-2.772235107E-1,3.451821899E-1,-1.268312531E0,1.343361565E0
2.239409637E1,-3.504212952E-1,2.594105530E-1,-1.136885834E0,1.217619940E0
2.240409937E1,-3.944297791E-1,1.713935852E-1,-8.607101440E-1,9.621707560E-1
2.241410137E1,-9.214837646E-1,9.729766846E-2,-3.519181824E-1,9.911839243E-1
2.242410438E1,-1.874551849E0,9.145980835E-1,-3.751199341E-1,2.119233176E0
2.243410637E1,-2.947819977E0,1.243164825E0,-3.170407104E-1,3.214905319E0
2.244410837E1,-2.719245300E0,1.357377319E0,1.144669647E0,3.247620174E0
2.245411138E1,-2.878963165E0,1.588047638E0,2.205663300E0,3.959201283E0
2.246411337E1,-7.022496643E0,1.723815308E0,3.412004700E0,7.995547160E0
2.247411638E1,-1.333007996E1,3.514242096E0,3.841012573E0,1.431063614E1
2.248411837E1,-2.386726776E1,1.221025864E1,1.270557861E0,2.683935923E1
2.249412137E1,-3.956886612E1,1.710223572E1,-1.505419464E0,4.313290994E1
2.250412338E1,-3.934897339E1,1.212089447E1,2.038460999E0,4.122393859E1
2.251412637E1,-3.528267929E1,9.054221649E0,3.376079407E0,3.658202154E1
2.252412838E1,-3.745945267E1,8.641978912E0,6.170767822E0,3.893549498E1
2.253413037E1,-4.154311066E1,8.185578003E0,9.985135803E0,4.350329490E1
2.254413337E1,-4.539265549E1,7.429500275E0,1.305165894E1,4.781251350E1
2.255413538E1,-3.388294006E1,6.921905823E0,1.542826675E1,3.786816371E1
2.256413837E1,-1.970292755E1,5.209766235E0,1.117725677E1,2.324388279E1
2.257414037E1,-3.388009598E1,7.301516418E0,1.184636536E1,3.662662171E1
2.258414337E1,-4.774306778E1,8.947194214E0,1.500434830E1,5.083879693E1
2.259414537E1,-3.708807495E1,8.129594421E0,1.191911407E1,3.979548830E1
2.260414838E1,-1.948647766E1,6.512357483E0,7.383994904E0,2.183247564E1
2.261415042E1,-1.476963638E1,5.725892944E0,5.146447906E0,1.665574781E1
2.262415242E1,-1.226324844E1,5.293741608E0,3.457809448E0,1.379736963E1
2.263415542E1,-1.099358871E1,4.577032013E0,2.055076447E0,1.208435162E1
2.264415742E1,-9.838590546E0,3.921096039E0,1.320553894E0,1.067317763E1
2.265416042E1,-8.488997040E0,3.125799866E0,8.472381592E-1,9.085786044E0
2.266416242E1,-6.653663635E0,2.307601318E0,4.872367859E-1,7.059296233E0
2.267416542E1,-4.792284393E0,1.547781372E0,-5.987548828E-4,5.036031894E0
2.268416742E1,-3.404819641E0,8.093669128E-1,-1.084943848E0,3.664010745E0
2.269417042E1,-2.389331360E0,1.434017944E-1,-2.179018707E0,3.236910711E0
2.270417242E1,-1.603166199E0,-2.297721863E-1,-2.830763397E0,3.261312394E0
2.271417542E1,-5.273533630E-1,-3.225791931E-1,-2.497855682E0,2.573216259E0
2.272417742E1,6.682104492E-1,-5.710624695E-1,-2.476300507E0,2.627676112E0
2.273418042E1,1.219364319E0,-6.162684631E-1,-3.853586426E0,4.088614007E0
2.274418242E1,1.364263000E0,-9.355545044E-1,-2.947370911E0,3.379862579E0
2.275418442E1,1.206042023E0,-1.091979218E0,-1.467847595E0,2.191239954E0
2.276418742E1,1.839973755E0,-8.993298340E-1,-1.252744904E0,2.400763912E0
2.277418942E1,2.425406342E0,-7.679031372E-1,-9.349557495E-1,2.710426794E0
2.278419242E1,3.106490021E0,-4.796026611E-1,1.921554108E0,3.684110361E0
2.279419442E1,3.631148987E0,-9.654922485E-2,1.057401123E0,3.783207879E0
2.280419742E1,2.174977112E0,5.836363220E-1,9.819580078E-2,2.254062823E0
2.281419942E1,6.010002136E-1,1.802252197E-1,5.289999390E-1,8.206846666E-1
2.282420242E1,3.559597778E-1,-2.670446777E-1,2.393522644E-1,5.052818321E-1
2.283420442E1,3.872447205E-1,-4.996609497E-1,2.984793091E-1,6.990775609E-1
2.284420642E1,2.335144043E-1,-8.304730225E-1,8.882528687E-1,1.238227595E0
2.285420942E1,4.020639038E-1,-6.237528992E-1,-8.095166016E-1,1.098198611E0
2.286421142E1,9.851014709E-1,-1.453477478E-1,-2.557132416E0,2.744171472E0
2.287421442E1,1.713935852E-1,-3.731739807E-1,-2.815046082E0,2.844840773E0
2.288421642E1,3.906875610E-2,3.065625000E-1,-9.752220154E-1,1.023017553E0
2.289421942E1,-4.559518433E-1,6.230044556E-1,6.438111877E-1,1.005245980E0
2.290422142E1,-5.004093933E-1,9.662406921E-1,7.834707642E-1,1.340841927E0
2.291422442E1,-6.351292419E-1,8.921447754E-1,7.674540710E-1,1.337272300E0
2.292422642E1,-4.070036316E-1,8.174501038E-1,8.485853577E-1,1.246584830E0
2.293422942E1,-3.150947571E-1,6.587800598E-1,3.568579102E-1,8.127874514E-1
2.294423142E1,5.388793945E-3,4.827461243E-1,-4.640350342E-2,4.850011801E-1
2.295423342E1,9.160949707E-2,2.098635864E-1,-2.844085693E-1,3.651345768E-1
2.296423642E1,1.332229614E-2,-1.227447510E-1,-5.412744141E-1,5.551772229E-1
2.297423842E1,2.077679443E-1,-3.788621521E-1,-5.674699402E-1,7.132504343E-1
2.298424142E1,4.885839844E-1,-6.417155457E-1,-4.492158508E-1,9.232053033E-1
2.299424342E1,4.833448792E-1,-7.285350037E-1,-4.305047607E-1,9.745357217E-1
2.300424642E1,-3.891906738E-3,-6.107299805E-1,-6.333329773E-1,8.798391422E-1
2.301424842E1,-9.157955933E-1,1.053808594E-1,-1.207389221E0,1.519070580E0
2.302425142E1,-2.325114899E0,8.948391724E-1,-1.476230164E0,2.895885345E0
2.303425342E1,-3.644620972E0,1.196012878E0,-1.159788208E0,4.007345446E0
2.304425642E1,-4.728067932E0,1.442699890E0,2.290237427E-2,4.943332263E0
2.305425842E1,-6.651867371E0,1.710642700E0,8.563691711E-1,6.921488721E0
2.306426042E1,-9.845925293E0,2.202370148E0,1.231489105E0,1.016411553E1
2.307426342E1,-1.591535385E1,4.909191284E0,2.660267944E0,1.686640664E1
2.308426542E1,-2.581531677E1,1.458117828E1,1.389859772E0,2.968119018E1
2.309426842E1,-3.912039871E1,1.785861282E1,-1.013991394E0,4.301585552E1
2.310427042E1,-3.948773483E1,1.289149200E1,8.616082764E-1,4.154773324E1
2.311427342E1,-3.244712585E1,9.758207703E0,2.020797729E0,3.394292588E1
2.312427542E1,-3.448319183E1,8.861721954E0,6.442901917E0,3.618192394E1
2.313427842E1,-4.089929947E1,8.865164795E0,1.056981995E1,4.316323595E1
2.314428042E1,-4.332335861E1,8.579259338E0,1.158860138E1,4.565975004E1
2.315428242E1,-2.893482971E1,7.514673157E0,1.086066513E1,3.180642593E1
2.316428542E1,-2.216934860E1,5.872138824E0,7.677684174E0,2.418488921E1
2.317428742E1,-3.805296844E1,7.137307892E0,7.799081726E0,3.949424322E1
2.318429042E1,-4.509252960E1,8.029153290E0,8.452772369E0,4.657523901E1
2.319429242E1,-3.101580231E1,8.220754852E0,8.730444946E0,3.325329265E1
2.320429542E1,-1.943079346E1,6.739884338E0,7.946525116E0,2.204833410E1
2.321429742E1,-1.623957962E1,5.627397766E0,5.866899719E0,1.816072862E1
2.322430042E1,-1.441846664E1,4.918771362E0,4.738546143E0,1.595431953E1
2.323430242E1,-1.352991440E1,4.077969818E0,3.364553375E0,1.452613647E1
2.324430542E1,-1.198018707E1,3.390299835E0,2.161505127E0,1.263689518E1
2.325430742E1,-1.015143997E1,2.555336151E0,1.237776031E0,1.054104197E1
2.326430942E1,-8.351582794E0,1.706451416E0,4.718188477E-1,8.537184819E0
2.327431242E1,-6.409970398E0,1.202599182E0,2.799179077E-2,6.521866975E0
2.328431442E1,-4.770429840E0,8.105644226E-1,-2.926414490E-1,4.847644228E0
2.329431742E1,-3.565435638E0,4.447251892E-1,-7.209008789E-1,3.664670499E0
2.330431942E1,-2.379751282E0,1.181044006E-1,-1.155147858E0,2.647929641E0
2.331432242E1,-1.377884674E0,-6.197113037E-2,-1.164129181E0,1.804883195E0
2.332432442E1,-4.680766296E-1,-2.168989563E-1,-1.102607117E0,1.217326309E0
2.333432742E1,4.610412598E-2,-3.597019958E-1,-1.578916626E0,1.620027416E0
2.334432942E1,4.345463562E-1,-4.074526978E-1,-1.871408386E0,1.963929119E0
2.335433142E1,9.813592529E-1,-5.977070618E-1,-1.405577087E0,1.815479734E0
2.336433442E1,8.701405334E-1,-1.011446686E0,-1.215771790E0,1.805067863E0
2.337433642E1,1.106199646E0,-1.118623810E0,-4.662803650E-1,1.640857783E0
2.338433942E1,1.682650909E0,-1.123563538E0,-3.507206726E-1,2.053463926E0
2.339434142E1,2.120939484E0,-9.204359436E-1,-6.315367126E-1,2.396753062E0
2.340434442E1,2.436183929E0,-8.638536072E-1,-5.864804077E-1,2.650508340E0
2.341434642E1,2.422262878E0,-7.514373779E-1,-3.083587646E-2,2.536329323E0
2.342434942E1,2.682122498E0,-4.893324280E-1,1.516346741E-1,2.730608063E0
2.343435142E1,2.891986084E0,1.431024170E-1,2.128573608E-1,2.903337746E0
2.344435442E1,2.108515320E0,6.963519287E-1,-7.695497131E-1,2.350095663E0
2.345435642E1,1.355131989E0,6.047424316E-1,-1.619931335E0,2.196878159E0
2.346435842E1,1.969903564E-1,2.049238586E-1,-1.436712341E0,1.464561825E0
2.347436142E1,-1.616638184E-1,4.408332825E-1,-9.147477722E-1,1.028218197E0
2.348436342E1,-2.739303589E-1,5.893244934E-1,1.698966980E-1,6.717187567E-1
2.349436642E1,-3.010240173E-1,5.736071777E-1,1.793420563E0,1.906829297E0
2.350436842E1,-6.126759338E-1,3.906875610E-1,1.650467834E0,1.803344849E0
2.351437142E1,-3.754193115E-1,4.957690430E-1,5.860313416E-1,8.544936142E-1
2.352437342E1,-3.293151855E-2,3.156935120E-1,-8.434959412E-1,9.012393029E-1
2.353437642E1,-1.020877075E-1,2.972817993E-1,-1.458866272E0,1.492343515E0
2.354437842E1,4.236190796E-2,1.957928467E-1,-1.113384705E0,1.131262512E0
2.355438042E1,1.222956848E-1,1.474433899E-1,-9.566606140E-1,9.756512277E-1
2.356438342E1,9.804611206E-2,1.007405090E-1,-5.839356995E-1,6.006185073E-1
2.357438542E1,1.077758789E-2,-1.302291870E-1,-2.703378296E-1,3.002637835E-1
2.358438842E1,-8.562194824E-2,-1.627116394E-1,-2.371069336E-1,3.000431529E-1
2.359439042E1,-1.607656860E-1,-5.897735596E-2,-1.742376709E-1,2.443004304E-1
2.360439342E1,-6.038442993E-1,2.148033142E-1,-3.347039795E-1,7.230457492E-1
2.361439550E1,-1.504521332E0,5.613327026E-1,-5.480104065E-1,1.696759926E0
2.362439850E1,-1.859732666E0,9.885443115E-1,-3.203338623E-2,2.106383532E0
2.363440050E1,-2.557282104E0,1.363664246E0,7.761360168E-1,3.000276496E0
2.364440350E1,-3.042423248E0,1.850451965E0,1.439855804E0,3.841054079E0
2.365440550E1,-6.804549866E0,2.648592224E0,2.735411682E0,7.797398073E0
2.366440750E1,-1.719773712E1,6.099066925E0,3.671265564E0,1.861287109E1
2.367441050E1,-3.036854828E1,1.273910889E1,3.400927734E-1,3.293401407E1
2.368441250E1,-4.031910599E1,1.388617355E1,-8.744815063E-1,4.265232516E1
2.369441550E1,-3.656596069E1,1.205622894E1,1.599124603E0,3.853542964E1
2.370441750E1,-3.198922806E1,1.073208252E1,3.341351624E0,3.390653237E1
2.371442050E1,-3.268513092E1,1.051308792E1,6.606212311E0,3.496405071E1
2.372442250E1,-3.902549606E1,1.061188248E1,1.163979492E1,4.208427519E1
2.373442550E1,-3.706801666E1,1.006956024E1,1.429317719E1,4.098449483E1
2.374442750E1,-2.633877823E1,7.044351196E0,1.486483841E1,3.105346266E1
2.375442950E1,-3.656147003E1,7.074438629E0,1.719579117E1,4.101809365E1
2.376443250E1,-4.583753036E1,6.797514496E0,1.509970001E1,4.873690936E1
2.377443450E1,-3.567456436E1,6.620283051E0,1.083267334E1,3.786620527E1
2.378443750E1,-2.387969193E1,7.912246399E0,8.715775452E0,2.662344965E1
2.379443950E1,-1.904309967E1,8.058941345E0,7.412585449E0,2.196662477E1
2.380444250E1,-1.523112671E1,7.185507660E0,5.191803589E0,1.762309750E1
2.381444450E1,-1.427731018E1,5.676645355E0,3.498524780E0,1.575771443E1
2.382444750E1,-1.417641998E1,4.362827454E0,2.950364685E0,1.512315439E1
2.383444950E1,-1.287981628E1,3.056643677E0,2.831661530E0,1.353702497E1
2.384445250E1,-1.062131287E1,2.478096771E0,2.798580322E0,1.125989798E1
2.385445450E1,-8.405919800E0,2.141297150E0,2.523602142E0,9.034002930E0
2.386445650E1,-6.591393127E0,1.634301453E0,1.709295502E0,7.002791994E0
2.387445950E1,-4.887336731E0,1.227746887E0,8.177494812E-1,5.105108907E0
2.388446150E1,-3.465742950E0,7.750881958E-1,-7.289840698E-2,3.552105022E0
2.389446450E1,-2.597099304E0,3.350033569E-1,-1.009051666E0,2.806303139E0
2.390446650E1,-1.736987915E0,-1.152603149E-2,-1.656754761E0,2.400436669E0
2.391446950E1,-7.194039917E-1,-3.601510620E-1,-1.704954529E0,1.885237607E0
2.392447150E1,4.632865906E-1,-5.736071777E-1,-2.266287231E0,2.383215784E0
2.393447450E1,5.547463989E-1,-7.893086243E-1,-3.883224792E0,4.001273105E0
2.394447650E1,1.028810577E0,-8.858578491E-1,-3.197949829E0,3.474201843E0
2.395447850E1,1.077609100E0,-1.194066925E0,-2.349663849E0,2.847447523E0
2.396448150E1,1.816173248E0,-1.581311646E0,-1.332528992E0,2.752210984E0
2.397448350E1,2.283351746E0,-1.506616974E0,-1.621128845E-1,2.740414291E0
2.398448650E1,2.566712494E0,-1.098565521E0,5.203179932E-1,2.839998247E0
2.399448850E1,3.372636566E0,-5.125341797E-1,9.313632202E-1,3.536213532E0
2.400449150E1,2.927462311E0,-7.798782349E-2,1.829196167E-1,2.934208116E0
2.401449350E1,1.778302002E0,1.790277100E-1,5.486091614E-1,1.869593791E0
2.402449650E1,1.697769470E0,1.992356873E-1,3.875440979E-1,1.752799607E0
2.403449850E1,1.573078766E0,1.815724182E-1,-7.045848083E-1,1.733200825E0
2.404450150E1,1.036893768E0,-7.649093628E-2,-1.584455109E0,1.895124677E0
2.405450350E1,8.421487427E-1,-1.079255676E-1,-1.354233856E0,1.598377856E0
2.406450550E1,5.777984619E-1,1.025367737E-1,-6.605763245E-1,8.835869697E-1
2.407450850E1,2.424957275E-2,3.219804382E-1,-2.336640930E-1,3.985703862E-1
2.408451050E1,-3.649411011E-1,5.060975647E-1,3.611988831E-1,7.209586572E-1
2.409451350E1,-4.087998962E-1,5.239105225E-1,7.726931763E-1,1.019143923E0
2.410451550E1,-4.231700134E-1,4.830455017E-1,3.546125793E-1,7.335910976E-1
2.411451850E1,-5.704637146E-1,2.993774414E-1,-1.420545959E-1,6.597235863E-1
2.412452050E1,-6.562353516E-1,-1.722917175E-1,-1.880090332E-1,7.040430876E-1
2.413452350E1,-9.342073059E-1,-5.008584595E-1,-3.968247986E-1,1.131844692E0
2.414452550E1,-6.487509155E-1,-3.156935120E-1,-7.099736023E-1,1.012226585E0
2.415452850E1,-7.788304138E-1,-2.180964661E-1,-8.683442688E-1,1.186661136E0
2.416453050E1,-2.989283752E-1,-8.442443848E-2,-1.383722534E0,1.418158563E0
2.417453250E1,-3.128494263E-2,-2.097138977E-1,-1.304088135E0,1.321213279E0
2.418453550E1,1.799258423E-1,-1.675016785E-1,-8.228388977E-1,8.587746926E-1
2.419453750E1,-2.420466614E-1,2.978805542E-2,-6.191125488E-1,6.654128513E-1
2.420454050E1,-1.233734436E0,4.324507141E-1,-3.674858093E-1,1.357998564E0
2.421454250E1,-2.761008453E0,8.493338013E-1,-1.574725342E-1,2.892979983E0
2.422454550E1,-3.756737823E0,1.193767548E0,2.803669739E-1,3.951805369E0
2.423454750E1,-4.405788116E0,1.475332031E0,8.391549683E-1,4.721414469E0
2.424455050E1,-5.131029968E0,1.670526123E0,6.117778015E-1,5.430690393E0
2.425455250E1,-9.104517059E0,2.072290649E0,1.730700989E0,9.496417500E0
2.426455450E1,-1.916225189E1,4.215084686E0,4.351002045E0,2.009701608E1
2.427455750E1,-2.872212204E1,1.281110916E1,1.639241180E0,3.149241058E1
2.428455950E1,-4.071937363E1,1.707334579E1,-1.632056122E0,4.418404839E1
2.429456250E1,-3.916021591E1,1.110001740E1,7.192543030E-1,4.070933828E1
2.430456450E1,-3.534704544E1,8.788374481E0,3.287912750E0,3.657129363E1
2.431456750E1,-3.679318817E1,9.616003418E0,7.200177155E0,3.870463498E1
2.432456950E1,-4.107248932E1,8.949439545E0,1.007315277E1,4.322626810E1
2.433457250E1,-3.636657532E1,8.561446381E0,1.159174484E1,3.911770332E1
2.434457450E1,-2.228760269E1,6.537654877E0,9.232500916E0,2.499434412E1
2.435457650E1,-3.992886749E1,5.748795319E0,9.166937256E0,4.136902036E1
2.436457950E1,-5.025634140E1,5.190755768E0,8.677305450E0,5.126343167E1
2.437458150E1,-3.347189484E1,7.500901794E0,8.312963104E0,3.529499437E1
2.438458450E1,-2.049927155E1,7.895630951E0,8.344846802E0,2.349888487E1
2.439458650E1,-1.705104218E1,7.098388824E0,6.833589478E0,1.969322493E1
2.440458950E1,-1.504536301E1,6.536157990E0,5.700595551E0,1.736609049E1
2.441459150E1,-1.365325790E1,5.547164612E0,4.208348694E0,1.532620910E1
2.442459450E1,-1.206296494E1,4.108805695E0,2.021097107E0,1.290279973E1
2.443459650E1,-1.099194214E1,3.023412781E0,7.656578064E-1,1.142585002E1
2.444459950E1,-9.403744812E0,2.255509644E0,4.146377563E-2,9.670545977E0
2.445460150E1,-7.691006470E0,1.728156281E0,-7.544311523E-1,7.918792270E0
2.446460350E1,-5.853727112E0,1.071771240E0,-1.764231262E0,6.207038476E0
2.447460650E1,-4.438120880E0,3.254232788E-1,-2.217638397E0,4.971995305E0
2.448460850E1,-2.945424957E0,-5.074447632E-2,-1.632954254E0,3.368180930E0
2.449461150E1,-1.167572021E0,-4.477189636E-1,-1.574575653E0,2.010712606E0
2.450461350E1,-5.147795105E-1,-8.506809998E-1,-2.602937164E0,2.786384394E0
2.451461650E1,2.224374390E-1,-7.566764832E-1,-2.420017548E0,2.545294216E0
2.452461850E1,6.125262451E-1,-8.671467590E-1,-1.864672394E0,2.145724828E0
2.453462150E1,8.373587036E-1,-1.191222839E0,-1.056502991E0,1.798994169E0
2.454462350E1,9.949809265E-1,-1.347048798E0,-4.737648010E-1,1.740396677E0
2.455462550E1,1.667232971E0,-1.438658295E0,8.382568359E-3,2.202152069E0
2.456462850E1,2.202370148E0,-1.373693390E0,7.319778442E-2,2.596695152E0
2.457463050E1,2.534828796E0,-1.188678131E0,-3.906875610E-2,2.799971267E0
2.458463350E1,2.669398956E0,-1.066981201E0,-1.911524963E-1,2.881089889E0
2.459463550E1,2.629432068E0,-8.307723999E-1,-2.005828857E-1,2.764838019E0
2.460463850E1,3.338507538E0,-4.510121155E-1,-4.959187317E-1,3.405140217E0
2.461464075E1,3.143762512E0,-9.939331055E-2,-9.419911194E-1,3.283362458E0
2.462464375E1,2.888992310E0,1.670526123E-1,-1.509910126E0,3.264048365E0
2.463464575E1,2.261497192E0,3.118016052E-1,-1.523531799E0,2.744583563E0
2.464464875E1,1.319805450E0,3.272195435E-1,-6.604266357E-1,1.511662131E0
2.465465075E1,4.641847229E-1,4.345463562E-1,-8.681945801E-2,6.417441943E-1
2.466465275E1,-1.303788757E-1,7.223977661E-1,2.707868958E-1,7.824210674E-1
2.467465575E1,-1.573228455E-1,7.042854309E-1,4.457730103E-1,8.482228614E-1
2.468465775E1,-4.311035156E-2,7.044351196E-1,2.680924988E-1,7.549575671E-1
2.469466075E1,-2.110610962E-2,4.194277954E-1,-7.903564453E-2,4.273309918E-1
2.470466275E1,-8.173004150E-2,1.487905884E-1,-3.659889221E-1,4.034430939E-1
2.471466575E1,-1.440005493E-1,-1.941462708E-1,-6.180647278E-1,6.636512189E-1
2.472466775E1,-9.145980835E-2,-5.029541016E-1,-4.044589233E-1,6.518548500E-1
2.473467075E1,-7.379653931E-2,-8.869056702E-1,-1.317260742E-1,8.996662468E-1
2.474467275E1,-3.890409851E-1,-1.288221130E0,4.330494690E-1,1.413647202E0
2.475467575E1,-1.281335449E-1,-8.966354370E-1,-3.936813354E-2,9.065997806E-1
2.476467775E1,-2.564167786E-1,-4.415817261E-1,-1.080602875E0,1.195176371E0
2.477467975E1,-3.359014893E-1,5.987548828E-4,-1.432521057E0,1.471375801E0
2.478468275E1,-1.262175293E0,2.305206299E-1,-8.246351624E-1,1.525204702E0
2.479468475E1,-1.913470917E0,4.676275635E-1,3.852987671E-1,2.007112759E0
2.480468775E1,-2.394420776E0,1.159039764E0,1.484313354E0,3.046278084E0
2.481468975E1,-3.008294220E0,1.712139587E0,1.979783020E0,3.987580330E0
2.482469275E1,-3.178490295E0,1.883682861E0,2.605481873E0,4.521017305E0
2.483469475E1,-3.994593201E0,2.275717621E0,1.918859711E0,4.981735452E0
2.484469775E1,-2.016666321E1,4.417164459E0,5.839506683E0,2.145473107E1
2.485469975E1,-3.326397720E1,1.324296112E1,4.796026611E0,3.612298534E1
2.486470175E1,-4.206522491E1,2.005484573E1,-4.260140991E-1,4.660323457E1
2.487470475E1,-4.276606750E1,1.268073029E1,5.352868652E-1,4.460968485E1
2.488470675E1,-3.572665604E1,8.684490509E0,2.805615692E0,3.687391770E1
2.489470975E1,-3.695470230E1,8.585097198E0,5.998925171E0,3.841016818E1
2.490471175E1,-4.479105652E1,8.112529907E0,1.180160843E1,4.702477908E1
2.491471475E1,-5.076019363E1,7.668553162E0,1.606159973E1,5.379013805E1
2.492471675E1,-3.866534500E1,5.066065063E0,1.675570633E1,4.244322813E1
2.493471975E1,-1.622356293E1,4.409380646E0,1.050739975E1,1.982554113E1
2.494472175E1,-1.604887619E1,4.650080109E0,9.044042816E0,1.899958901E1
2.495472475E1,-3.513463715E1,4.386627960E0,1.268851410E1,3.761228021E1
2.496472675E1,-3.852553574E1,6.731801147E0,1.219244568E1,4.096571471E1
2.497472875E1,-2.189736420E1,6.987170105E0,1.034004776E1,2.520380314E1
2.498473175E1,-1.323876984E1,5.606740723E0,7.214996338E0,1.608591746E1
2.499473375E1,-1.011371841E1,4.929698639E0,3.225342865E0,1.170436096E1
2.500473675E1,-8.663384399E0,3.962110748E0,1.218466187E-1,9.527192526E0
2.501473875E1,-8.336464233E0,3.445684662E0,-9.457333374E-1,9.069938823E0
2.502474175E1,-7.664810944E0,2.643353119E0,-8.000862122E-1,8.147194637E0
2.503474375E1,-6.501130829E0,1.604812775E0,-1.067879333E0,6.780891709E0
2.504474675E1,-4.902006226E0,7.212002563E-1,-1.241069183E0,5.107841772E0
2.505474875E1,-3.279380493E0,2.799179077E-2,-1.495689697E0,3.604470506E0
2.506475075E1,-1.774559784E0,-5.080435181E-1,-1.878144379E0,2.633362290E0
2.507475375E1,-6.822811890E-1,-8.331674194E-1,-1.835632782E0,2.128197190E0
2.508475575E1,1.112187195E-1,-8.327183533E-1,-2.522853699E0,2.659056270E0
2.509475875E1,1.028960266E0,-7.173083496E-1,-2.888543243E0,3.149122507E0
2.510476075E1,1.289568329E0,-1.056053925E0,-2.766097870E0,3.229478873E0
2.511476375E1,1.109492798E0,-1.230441284E0,-1.777104492E0,2.429621452E0
2.512476575E1,1.457968140E0,-1.307680664E0,-4.806504822E-1,2.016612184E0
2.513476875E1,2.539319458E0,-1.416803741E0,-5.872288513E-1,2.966532298E0
2.514477075E1,2.977158966E0,-1.325194244E0,-4.032614136E-1,3.283631383E0
2.515477375E1,3.251388702E0,-1.003513184E0,5.710624695E-1,3.450315862E0
2.516477575E1,3.877536621E0,-6.047424316E-1,1.471440125E-1,3.927168830E0
2.517477775E1,3.504512329E0,-2.022294617E-1,-3.652404785E-1,3.529292284E0
2.518478075E1,3.231180725E0,2.398013306E-1,-1.687141571E0,3.653009750E0
2.519478275E1,2.123933258E0,3.043171692E-1,-2.084415436E0,2.991402536E0
2.520478575E1,1.041384430E0,-1.722917175E-1,-1.622326355E0,1.935486701E0
2.521478775E1,5.801934814E-1,-1.483415222E-1,-9.608518982E-1,1.132195236E0
2.522479075E1,-1.098715210E-1,4.343966675E-1,-1.010398865E-1,4.593269799E-1
2.523479275E1,-1.574725342E-1,6.839277649E-1,4.478686523E-1,8.325509692E-1
2.524479575E1,-2.481838989E-1,7.586224365E-1,5.126838684E-1,9.486558901E-1
2.525479775E1,-2.700384521E-1,8.544232178E-1,3.691323853E-1,9.691328694E-1
2.526479975E1,-3.568579102E-1,7.096742249E-1,7.339237976E-1,1.081493973E0
2.527480275E1,-4.468208313E-1,6.920109558E-1,8.045768738E-1,1.151465138E0
2.528480475E1,-2.122586060E-1,4.417314148E-1,3.611988831E-1,6.088062021E-1
2.529480775E1,-4.385879517E-1,2.157014465E-1,-3.201841736E-1,5.842982204E-1
2.530480975E1,-6.361770630E-1,1.297801208E-1,-7.203021240E-1,9.697418652E-1
2.531481275E1,-3.588038635E-1,-2.980302429E-1,-1.498384094E-1,4.899120198E-1
2.532481475E1,-3.243754578E-1,-2.909948730E-1,-2.649490356E-2,4.365769504E-1
2.533481775E1,-3.320095825E-1,-6.032455444E-2,-4.379891968E-1,5.529050111E-1
2.534481975E1,-5.292993164E-1,9.864486694E-2,-4.376898193E-1,6.938738748E-1
2.535482175E1,-8.988807678E-1,6.047424316E-1,-2.679428101E-2,1.083705669E0
2.536482475E1,-1.976489868E0,8.161029053E-1,3.839515686E-1,2.172545732E0
2.537482675E1,-2.283501434E0,1.060694275E0,1.402583313E0,2.882133081E0
2.538482975E1,-2.516566772E0,1.362766113E0,2.056573334E0,3.524164252E0
2.539483175E1,-2.540966034E0,1.308728485E0,2.350711670E0,3.700692366E0
2.540483475E1,-2.769840088E0,1.713486786E0,2.554438019E0,4.139227545E0
2.541483675E1,-1.324385925E1,2.913241882E0,5.894891510E0,1.478636304E1
2.542483975E1,-2.232128265E1,1.001716919E1,3.002606049E0,2.464952294E1
2.543484175E1,-3.717234970E1,1.765743118E1,-1.996847534E-1,4.115347291E1
2.544484475E1,-4.413003113E1,1.352183121E1,5.467081146E0,4.647782851E1
2.545484675E1,-3.484349258E1,9.982740784E0,7.346572723E0,3.698237715E1
2.546484875E1,-3.363011581E1,9.067244568E0,9.585017853E0,3.612578277E1
2.547485175E1,-3.986524979E1,8.092920685E0,1.562855026E1,4.357734605E1
2.548485375E1,-4.156571365E1,7.523804169E0,1.947435287E1,4.651415484E1
2.549485675E1,-3.478616180E1,7.012467499E0,1.839928848E1,3.997231004E1
2.550485875E1,-2.151984924E1,6.017636261E0,1.278296768E1,2.574335099E1
2.551486175E1,-3.309393082E1,7.443421326E0,1.241144028E1,3.612003084E1
2.552486375E1,-4.161106934E1,7.788154449E0,1.338381821E1,4.439890799E1
2.553486675E1,-3.273168411E1,7.959548035E0,1.269899231E1,3.599974938E1
2.554486875E1,-2.240630585E1,7.514074402E0,1.010309052E1,2.570167881E1
2.555487075E1,-1.718486389E1,5.916596375E0,6.827601929E0,1.941498925E1
2.556487375E1,-1.483609818E1,4.756209412E0,5.101990356E0,1.639395140E1
2.557487575E1,-1.430365540E1,3.967649231E0,4.977000275E0,1.565590399E1
2.558487875E1,-1.298145493E1,3.335813141E0,4.565206604E0,1.415934083E1
2.559488075E1,-1.065199905E1,2.675087128E0,3.787124634E0,1.161737871E1
2.560488375E1,-8.743318176E0,2.016307068E0,3.015030212E0,9.465807631E0
2.561488529E1,-7.085515594E0,1.463955688E0,2.036814423E0,7.516402763E0
2.562488829E1,-5.575006714E0,1.051413574E0,1.063089294E0,5.772029904E0
2.563489029E1,-4.001029816E0,6.262976074E-1,-3.068618774E-2,4.049867889E0
2.564489229E1,-2.980003052E0,2.323168945E-1,-1.023571472E0,3.159444237E0
2.565489529E1,-2.152374115E0,-8.921447754E-2,-1.832040253E0,2.827904709E0
2.566489729E1,-1.185384979E0,-3.983216858E-1,-2.352358246E0,2.664092159E0
2.567490029E1,-3.032693481E-1,-4.640350342E-1,-2.442021790E0,2.504150800E0
2.568490229E1,8.168513489E-1,-4.303550720E-1,-2.951262817E0,3.092313670E0
2.569490529E1,1.647474060E0,-3.526666260E-1,-3.972289581E0,4.314815065E0
2.570490729E1,1.379381561E0,-5.092410278E-1,-3.906276855E0,4.173849397E0
2.571491029E1,1.369053040E0,-6.827302551E-1,-2.281555481E0,2.746984208E0
2.572491229E1,1.370400238E0,-7.256909180E-1,-1.166823578E0,1.940644579E0
2.573491529E1,1.624122620E0,-7.364685059E-1,4.929249573E-1,1.850171656E0
2.574491729E1,2.658621368E0,-5.210664368E-1,1.635199585E0,3.164436047E0
2.575491929E1,3.801345062E0,-2.133064270E-1,5.694158936E-1,3.849669905E0
2.576492229E1,3.417243805E0,1.886077881E-2,-6.122268677E-1,3.471704580E0
2.577492429E1,2.650089111E0,1.498384094E-1,-4.273612976E-1,2.688505445E0
2.578492729E1,1.971101074E0,9.280700684E-3,-5.278024292E-1,2.040563888E0
2.579492929E1,1.714534607E0,-6.077362061E-2,-7.087760925E-1,1.856255882E0
2.580493229E1,1.625619507E0,-9.774673462E-2,-8.000862122E-1,1.814478204E0
2.581493429E1,1.273701324E0,-2.305206299E-2,-8.916957092E-1,1.554981575E0
2.582493729E1,2.998265076E-1,-6.765930176E-2,-2.899470520E-1,4.225434992E-1
2.583493929E1,-1.196012878E-1,-6.137237549E-2,7.029382324E-1,7.156767393E-1
2.584494229E1,-4.140390015E-1,-3.966751099E-2,1.310375061E0,1.374803479E0
2.585494429E1,-7.035369873E-2,5.339396667E-1,-3.152444458E-1,6.240354728E-1
2.586494629E1,-1.531315613E-1,4.960684204E-1,-2.167941742E0,2.229238558E0
2.587494929E1,-6.795867920E-2,2.538720703E-1,-1.672472076E0,1.692995055E0
2.588495129E1,7.589218140E-2,4.568499756E-1,-5.614823914E-1,7.278282759E-1
2.589495429E1,-2.143542480E-1,4.885839844E-1,-5.912704468E-2,5.368035589E-1
2.590495629E1,-2.565664673E-1,2.544708252E-1,4.251159668E-1,5.579474332E-1
2.591495929E1,-2.412982178E-1,-5.164260864E-2,6.096821594E-1,6.577264815E-1
2.592496129E1,-1.333726501E-1,-1.627116394E-1,1.936972046E-1,2.859754333E-1
2.593496429E1,-1.496887207E-4,-2.249821472E-1,-2.347119141E-1,3.251256243E-1
2.594496629E1,-5.987548828E-2,-2.312690735E-1,-2.721340942E-1,3.621152078E-1
2.595496829E1,-9.243278503E-1,5.328918457E-2,4.860392761E-1,1.045684412E0
2.596497129E1,-1.901795197E0,8.202941895E-1,2.784210205E-1,2.089790849E0
2.597497329E1,-2.486179962E0,8.858578491E-1,-6.712042236E-1,2.723297641E0
2.598497629E1,-3.461401978E0,9.488768005E-1,2.430944824E-1,3.597327586E0
2.599497829E1,-4.521796875E0,1.347048798E0,-2.245330811E-1,4.723515909E0
2.600498129E1,-5.098547516E0,2.047741699E0,-4.293072510E-1,5.511146664E0
2.601498329E1,-9.335037689E0,3.374283142E0,1.845961304E0,1.009635026E1
2.602498629E1,-2.493275208E1,9.141490173E0,4.076921997E0,2.686689899E1
2.603498829E1,-4.151571762E1,1.723201584E1,-2.563419342E0,4.502297523E1
2.604499029E1,-4.710584290E1,1.558304489E1,-2.680176544E0,4.968878213E1
2.605499329E1,-3.694781662E1,1.022852966E1,2.493814087E-1,3.833831195E1
2.606499529E1,-2.850836655E1,9.163793793E0,3.992048492E0,3.020990783E1
2.607499829E1,-3.307252533E1,9.530830536E0,7.417824554E0,3.520870324E1
2.608500029E1,-4.177617599E1,1.065873505E1,1.254077133E1,4.490131912E1
2.609500329E1,-4.755565750E1,1.024005569E1,1.753423737E1,5.170927171E1
2.610500529E1,-3.847733597E1,7.137307892E0,1.615665207E1,4.233773675E1
2.611500829E1,-1.508817398E1,3.701352997E0,1.014215927E1,1.855306990E1
2.612501029E1,-5.902375946E0,3.210823059E0,5.531596985E0,8.703217321E0
2.613501329E1,-2.809402817E1,4.812043304E0,1.013766861E1,3.025231403E1
2.614501529E1,-4.930566833E1,5.503455505E0,1.345896194E1,5.140506404E1
2.615501729E1,-2.930351303E1,6.518345032E0,8.479117584E0,3.119423237E1
2.616502029E1,-1.472218506E1,6.016289062E0,6.138734436E0,1.704765460E1
2.617502229E1,-1.171703430E1,5.491779785E0,4.984933777E0,1.386715915E1
2.618502529E1,-1.090063202E1,4.683760071E0,3.200793915E0,1.228846892E1
2.619502729E1,-1.001821701E1,3.871249695E0,1.698517914E0,1.087364747E1
2.620503029E1,-8.226742401E0,2.868934021E0,8.690927124E-1,8.755877745E0
2.621503229E1,-6.204597473E0,1.739981689E0,5.924679565E-1,6.471134704E0
2.622503529E1,-4.602628784E0,7.674540710E-1,-7.274871826E-2,4.666740817E0
2.623503729E1,-3.423081665E0,1.091230774E-1,-1.440304871E0,3.715356517E0
2.624503929E1,-2.254461823E0,-2.779719543E-1,-1.811532898E0,2.905429049E0
2.625504229E1,-1.336271210E0,-4.581971741E-1,-1.756297760E0,2.253918192E0
2.626504429E1,-1.326242065E-1,-3.417393494E-1,-1.457818451E0,1.503199787E0
2.627504729E1,8.186476135E-1,-5.896238708E-1,-2.269131317E0,2.483303678E0
2.628504929E1,1.472637634E0,-8.818162537E-1,-3.644321594E0,4.028317439E0
2.629505229E1,1.259929962E0,-1.142723694E0,-3.093467102E0,3.530266231E0
2.630505429E1,1.374142456E0,-1.316212921E0,-1.783241730E0,2.607802717E0
2.631505729E1,1.582808533E0,-1.407373352E0,-9.657916260E-1,2.327817877E0
2.632505929E1,1.778302002E0,-1.507515106E0,5.430706787E-1,2.393717938E0
2.633506129E1,2.668201447E0,-1.194965057E0,1.362017670E0,3.225264730E0
2.634506429E1,2.865790558E0,-6.491999817E-1,3.284170532E-1,2.956699832E0
2.635506629E1,2.238295441E0,-1.826202393E-1,2.023791504E-1,2.254833464E0
2.636506929E1,2.171234894E0,3.115022278E-1,-1.116677856E-1,2.196306968E0
2.637507129E1,1.393152924E0,3.450325012E-1,-1.415905609E0,2.016112891E0
2.638507429E1,1.052012329E0,2.073188782E-1,-1.096320190E0,1.533502207E0
2.639507629E1,8.584648132E-1,7.933502197E-2,-1.502126312E0,1.731946691E0
2.640507929E1,2.441423035E-1,2.185455322E-2,-1.589544525E0,1.608332952E0
2.641508129E1,2.805166626E-1,1.194515991E-1,-1.778302002E-1,3.529615597E-1
2.642508429E1,-7.828720093E-2,3.933819580E-1,9.657916260E-1,1.045768481E0
2.643508629E1,-3.409909058E-1,5.306465149E-1,2.168540497E0,2.258412807E0
2.644508829E1,-4.760101318E-2,1.978884888E-1,1.361269226E0,1.376400965E0
2.645509129E1,-1.199006653E-1,3.667373657E-2,4.532574463E-1,4.702801772E-1
2.646509329E1,1.764830017E-1,1.320254517E-1,-1.736838226E0,1.750766688E0
2.647509629E1,-3.956272888E-1,-2.002835083E-1,-1.954785004E0,2.004449761E0
2.648509829E1,-3.842509460E-1,1.404080200E-1,-1.475930786E0,1.531579213E0
2.649510129E1,-4.390370178E-1,1.359173584E-1,-1.321901093E0,1.399517606E0
2.650510329E1,-2.820135498E-1,-1.574725342E-1,-4.149371338E-1,5.258346378E-1
2.651510629E1,4.520599365E-2,-3.367996216E-2,1.246907043E-1,1.368418557E-1
2.652510829E1,5.108876038E-1,2.969824219E-1,-1.977388000E-1,6.231415053E-1
2.653511129E1,4.484674072E-1,2.294728088E-1,-3.511697388E-1,6.140854751E-1
2.654511329E1,-3.866459656E-1,5.812413025E-1,-4.646337891E-1,8.385827999E-1
2.655511529E1,-1.762884064E0,1.020278320E0,-3.869453430E-1,2.073271514E0
2.656511829E1,-2.398162994E0,1.106798401E0,3.134481812E-1,2.659781609E0
2.657512029E1,-2.916834412E0,1.143771515E0,1.260379028E0,3.377083292E0
2.658512329E1,-4.827910309E0,1.071172485E0,2.309996338E0,5.458224210E0
2.659512529E1,-6.498586121E0,1.080902252E0,2.431693268E0,7.022328915E0
2.660512829E1,-1.223750198E1,1.413959656E0,3.885021057E0,1.291700915E1
2.661513075E1,-2.221141113E1,9.128018188E0,3.685186615E0,2.429502214E1
2.662513275E1,-3.992048492E1,1.970936417E1,-1.168320465E0,4.453615526E1
2.663513575E1,-4.507396820E1,1.519969208E1,7.182064819E-1,4.757319696E1
2.664513775E1,-3.530288727E1,1.102502335E1,1.483714600E0,3.701413782E1
2.665514075E1,-3.342399445E1,8.606802063E0,3.508703613E0,3.469223901E1
2.666514275E1,-3.675516724E1,7.980354767E0,8.216413879E0,3.849854332E1
2.667514575E1,-4.018348801E1,7.973918152E0,1.131422195E1,4.250067879E1
2.668514775E1,-3.089485382E1,5.762416992E0,1.131302444E1,3.340182576E1
2.669515075E1,-1.992626312E1,3.762575684E0,8.905431061E0,2.214767799E1
2.670515275E1,-3.694991226E1,6.771019592E0,1.310854065E1,3.978663796E1
2.671515575E1,-4.934234207E1,8.693621521E0,1.581087112E1,5.253788559E1
2.672515775E1,-3.077510284E1,8.554111633E0,1.139595200E1,3.391382466E1
2.673515975E1,-1.733275635E1,6.651717682E0,6.574627991E0,1.969506344E1
2.674516275E1,-1.432206711E1,6.420149231E0,3.905528412E0,1.617383920E1
2.675516475E1,-1.325388840E1,6.209537201E0,2.527344360E0,1.485299227E1
2.676516775E1,-1.287293060E1,5.336851959E0,2.264041901E0,1.411808120E1
2.677516975E1,-1.191013275E1,4.336332550E0,2.020049286E0,1.283493830E1
2.678517275E1,-1.021101608E1,3.126398621E0,1.415905609E0,1.077237237E1
2.679517475E1,-8.057294769E0,2.143841858E0,7.824229431E-1,8.374260718E0
2.680517775E1,-6.135141907E0,1.337468719E0,-3.176394653E-1,6.287263604E0
2.681517975E1,-4.751718750E0,7.881111145E-1,-1.000818787E0,4.919510997E0
2.682518175E1,-3.609144745E0,3.921844482E-1,-1.314266968E0,3.860962586E0
2.683518475E1,-2.367327118E0,6.780899048E-2,-1.296004944E0,2.699715644E0
2.684518675E1,-1.247954865E0,-2.983296204E-1,-1.052461395E0,1.659538157E0
2.685518975E1,-3.230282593E-1,-5.038522339E-1,-1.030756531E0,1.191920029E0
2.686519175E1,3.742218018E-2,-5.557942200E-1,-8.972341919E-1,1.056095086E0
2.687519475E1,3.954776001E-1,-6.053411865E-1,-7.779322815E-1,1.062082444E0
2.688519675E1,8.806187439E-1,-7.291337585E-1,-6.249504089E-1,1.302953730E0
2.689519975E1,1.430425415E0,-9.789642334E-1,-3.278182983E-2,1.733655816E0
2.690520175E1,1.428030396E0,-1.038839722E0,-6.896159363E-1,1.895792425E0
2.691520475E1,1.818268890E0,-7.500901794E-1,-3.508703613E-1,1.997960722E0
2.692520675E1,2.177821198E0,-5.236111450E-1,-8.801696777E-2,2.241611203E0
2.693520875E1,2.103126526E0,-3.788621521E-1,-1.568737793E-1,2.142728890E0
2.694521175E1,1.802252197E0,-1.276844788E-1,5.059478760E-2,1.807477840E0
2.695521375E1,1.512305145E0,2.133064270E-1,-2.095642090E-2,1.527417970E0
2.696521675E1,1.364412689E0,4.417314148E-1,-2.065704346E-2,1.434285656E0
2.697521875E1,1.257684631E0,5.273533630E-1,-1.495390320E-1,1.371945379E0
2.698522175E1,1.099763031E0,3.332070923E-1,4.451742554E-1,1.232349710E0
2.699522375E1,2.492317200E-1,2.604583740E-1,1.499731293E0,1.542449015E0
2.700522675E1,-2.245330811E-3,8.861572266E-1,-1.701960754E-1,9.023560139E-1
2.701522875E1,-2.173480225E-1,5.511538696E-1,-1.603615265E0,1.709559203E0
2.702523075E1,-5.254074097E-1,2.972817993E-1,-1.268013153E0,1.404381277E0
2.703523375E1,-8.472381592E-2,4.685256958E-1,-2.339634705E-1,5.305029294E-1
2.704523575E1,-1.480421448E-1,2.628533936E-1,4.270619202E-1,5.228673510E-1
2.705523875E1,-2.583627319E-1,3.442840576E-2,2.291734314E-1,3.470692698E-1
2.706524075E1,-2.267784119E-1,-2.245330811E-1,-5.550457764E-1,6.402494564E-1
2.707524375E1,1.945953369E-3,-6.179150391E-1,-1.169218597E0,1.322457905E0
2.708524575E1,1.597178650E-1,-1.018631744E0,-1.533710632E0,1.848077036E0
2.709524875E1,3.112028503E-1,-1.283281403E0,-1.485061798E0,1.987225935E0
2.710525075E1,2.968327332E-1,-1.318009186E0,-1.147064667E0,1.772290957E0
2.711525375E1,-1.788780212E-1,-1.228195953E0,-1.094673615E0,1.654923856E0
2.712525575E1,-1.310824127E0,-5.737568665E-1,-8.979826355E-1,1.689328165E0
2.713525775E1,-2.996618500E0,2.176473999E-1,-6.403683472E-1,3.071996817E0
2.714526075E1,-4.355642395E0,7.713459778E-1,-8.367599487E-2,4.424205800E0
2.715526275E1,-5.927523651E0,9.876461792E-1,5.028044128E-1,6.030239953E0
2.716526575E1,-7.584577789E0,1.585203552E0,8.720864868E-1,7.797385805E0
2.717526775E1,-1.056742493E1,2.690505066E0,1.620679779E0,1.102433173E1
2.718527075E1,-1.661065796E1,6.916666718E0,2.406246185E0,1.815335388E1
2.719527275E1,-2.803145828E1,1.387180344E1,-2.305206299E-1,3.127687203E1
2.720527575E1,-3.850053772E1,1.555849594E1,-1.445693665E0,4.155055031E1
2.721527775E1,-3.622047913E1,1.256591904E1,-5.201683044E-1,3.834183100E1
2.722527975E1,-3.308944016E1,9.722132721E0,4.180805969E-1,3.449066114E1
2.723528275E1,-3.775688416E1,8.930429077E0,5.410498810E0,3.917407768E1
2.724528475E1,-4.089825165E1,8.545279999E0,8.992849274E0,4.273827484E1
2.725528775E1,-3.686593689E1,7.139553223E0,1.112965576E1,3.916554302E1
2.726528975E1,-3.125201111E1,5.671855316E0,1.182136734E1,3.389104405E1
2.727529275E1,-4.235247757E1,5.225633240E0,1.256277557E1,4.448441220E1
2.728529475E1,-4.049753494E1,3.034938812E0,1.025816803E1,4.188664705E1
2.729529775E1,-2.467394028E1,5.010380859E0,8.827143860E0,2.668006210E1
2.730529975E1,-1.951701416E1,5.651198273E0,6.302942963E0,2.127385658E1
2.731530175E1,-1.765084488E1,5.425317993E0,4.903353424E0,1.910573932E1
2.732530475E1,-1.541689041E1,4.990322571E0,3.294948120E0,1.653603678E1
2.733530675E1,-1.318712723E1,4.366719360E0,2.056872711E0,1.404276639E1
2.734530975E1,-1.175969559E1,3.444187775E0,1.920206909E0,1.240322798E1
2.735531175E1,-1.025756927E1,2.420316925E0,2.218386841E0,1.077018577E1
2.736531475E1,-7.479945374E0,1.681752777E0,1.617686005E0,7.835482321E0
2.737531675E1,-5.056185608E0,1.151854706E0,7.623646545E-1,5.241467546E0
2.738531975E1,-3.052452393E0,5.801934814E-1,-3.746708679E-1,3.129611532E0
2.739532175E1,-2.035616913E0,2.409988403E-1,-1.515747986E0,2.549374161E0
2.740532475E1,-1.408421173E0,2.103126526E-1,-1.677411804E0,2.200361782E0
2.741532675E1,-3.989204407E-1,2.146536255E-1,-1.318907318E0,1.394535841E0
2.742532875E1,5.095404053E-1,2.981799316E-1,-1.531165924E0,1.641039848E0
2.743533175E1,7.699987793E-1,-1.685494995E-1,-2.239343262E0,2.374018807E0
2.744533375E1,9.708810425E-1,-5.200186157E-1,-2.426753540E0,2.664988199E0
2.745533675E1,1.237476654E0,-6.382727051E-1,-1.604064331E0,2.124091075E0
2.746533875E1,1.668580170E0,-7.616162109E-1,-1.169368286E0,2.175233602E0
2.747534175E1,1.775008850E0,-7.774832153E-1,-7.984396362E-1,2.095863168E0
2.748534375E1,1.825304260E0,-6.976991272E-1,-1.932481384E-1,1.963635546E0
2.749534675E1,2.196532288E0,-3.628454590E-1,6.071374512E-1,2.307601959E0
2.750534875E1,2.423161011E0,-3.502716064E-2,4.574487305E-1,2.466210763E0
2.751535075E1,1.930984497E0,4.266128540E-2,-1.365161133E-1,1.936274196E0
2.752535375E1,1.537452850E0,1.122665405E-2,-6.283932495E-1,1.660953154E0
2.753535575E1,1.419198761E0,3.667373657E-2,-1.169068909E0,1.839073734E0
2.754535875E1,1.065783691E0,6.406677246E-2,-1.463356934E0,1.811467069E0
2.755536075E1,4.498146057E-1,5.164260864E-2,-1.265618134E0,1.344168664E0
2.756536375E1,1.589694214E-1,2.414479065E-1,-8.625064087E-1,9.096623954E-1
2.757536575E1,-1.588197327E-1,3.119512939E-1,5.304968262E-1,6.355817806E-1
2.758536875E1,-3.674858093E-1,5.231620789E-1,2.539469147E0,2.618711120E0
2.759537075E1,-6.698570251E-1,2.818638611E-1,2.414628754E0,2.521624018E0
2.760537275E1,3.248245239E-2,5.017565918E-1,1.061442719E0,1.174510720E0
2.761537600E1,6.439608765E-1,4.158352661E-1,-2.294279022E0,2.418950353E0
2.762537800E1,-1.097218323E-1,-3.272195435E-1,-3.332519989E0,3.350343413E0
2.763538100E1,3.802093506E-2,-3.520678711E-1,-2.847528534E0,2.869462690E0
2.764538300E1,-4.909790039E-2,-4.185296631E-1,-1.612147522E0,1.666312490E0
2.765538600E1,-3.128494263E-1,-4.179309082E-1,-9.939331055E-2,5.314320631E-1
2.766538800E1,-4.267625427E-1,-1.646575928E-1,5.495072937E-1,7.149801791E-1
2.767539100E1,-4.616400146E-1,-1.377136230E-2,8.870553589E-1,1.000084178E0
2.768539300E1,-6.333329773E-1,3.742218018E-3,7.969427490E-1,1.017959925E0
2.769539500E1,-1.081650696E0,3.302133179E-1,5.824388123E-1,1.272102210E0
2.770539800E1,-1.277443542E0,9.692344666E-1,4.221221924E-1,1.658150958E0
2.771540000E1,-1.712738342E0,1.248852997E0,4.397854614E-1,2.164836643E0
2.772540300E1,-2.285148010E0,1.437011719E0,9.556127930E-1,2.863581659E0
2.773540500E1,-3.766317902E0,1.599274292E0,2.043101349E0,4.573520736E0
2.774540800E1,-8.480015717E0,2.113604736E0,3.244053955E0,9.322117656E0
2.775541000E1,-1.450483704E1,5.919141083E0,2.954106903E0,1.594218543E1
2.776541300E1,-2.779165695E1,1.270153702E1,7.828720093E-2,3.055669105E1
2.777541500E1,-3.796390366E1,1.297531769E1,9.755213928E-1,4.013188872E1
2.778541800E1,-3.848212601E1,1.015877472E1,3.034190369E0,3.991592460E1
2.779542000E1,-3.608171768E1,8.196056213E0,5.699248352E0,3.743724242E1
2.780542200E1,-3.450968674E1,7.817493439E0,8.343050537E0,3.635434190E1
2.781542500E1,-3.891547485E1,7.752229156E0,1.258777359E1,4.162887560E1
2.782542700E1,-3.648677536E1,7.171137543E0,1.487262222E1,4.004878128E1
2.783543000E1,-2.022234741E1,5.855523376E0,1.094239517E1,2.372691512E1
2.784543200E1,-3.035028625E1,7.405550079E0,1.157722504E1,3.331687541E1
2.785543500E1,-5.186534546E1,8.846902771E0,1.498773285E1,5.470753042E1
2.786543700E1,-4.313220612E1,8.704249420E0,1.170565796E1,4.553211604E1
2.787544000E1,-2.167163361E1,6.659950562E0,7.666158142E0,2.393291928E1
2.788544200E1,-1.574770248E1,5.563630371E0,5.850583649E0,1.769670719E1
2.789544400E1,-1.550954773E1,5.656736755E0,4.829706573E0,1.720089553E1
2.790544700E1,-1.581476303E1,5.434598694E0,4.331093445E0,1.727425724E1
2.791544900E1,-1.488699234E1,4.528981934E0,3.724405060E0,1.600016910E1
2.792545200E1,-1.313683182E1,3.366199951E0,3.170706482E0,1.392698933E1
2.793545400E1,-1.097936829E1,2.476749573E0,2.844534760E0,1.160914271E1
2.794545700E1,-8.870553589E0,1.879192200E0,2.264341278E0,9.345872122E0
2.795545900E1,-7.206314392E0,1.449884949E0,1.407223663E0,7.484210842E0
2.796546200E1,-5.588329010E0,1.163829803E0,5.983058167E-1,5.739502660E0
2.797546400E1,-4.031266937E0,8.563691711E-1,-1.179547119E-1,4.122910937E0
2.798546600E1,-2.803220673E0,5.495072937E-1,-9.464817810E-1,3.009290974E0
2.799546900E1,-1.709894257E0,1.381626892E-1,-1.647324371E0,2.378340783E0
2.800547100E1,-5.614823914E-1,-2.396516418E-1,-2.121837616E0,2.207915364E0
2.801547400E1,1.481918335E-1,-4.098477173E-1,-2.227966919E0,2.270192186E0
2.802547600E1,9.162446594E-1,-4.020639038E-1,-2.799927521E0,2.973340509E0
2.803547900E1,1.171314240E0,-7.942483521E-1,-3.696263580E0,3.957925207E0
2.804548100E1,9.877958679E-1,-1.094374237E0,-2.309547272E0,2.739964279E0
2.805548400E1,1.103355560E0,-1.099313965E0,-7.026388550E-1,1.708679621E0
2.806548600E1,1.943558350E0,-1.194216614E0,-4.098477173E-1,2.317659926E0
2.807548900E1,2.334395599E0,-1.116228790E0,-1.077758789E-2,2.587563658E0
2.808549100E1,2.680625610E0,-7.457492065E-1,-3.468287659E-1,2.803958940E0
2.809549300E1,2.901266785E0,-4.300556946E-1,4.523593140E-1,2.967646509E0
2.810549600E1,3.770808563E0,-5.673202515E-2,-1.444496155E-1,3.774000720E0
2.811549800E1,3.284619598E0,1.785786438E-1,-7.478448486E-1,3.373408981E0
2.812550100E1,2.482587433E0,3.281176758E-1,-1.207538910E0,2.780117226E0
2.813550300E1,1.506916351E0,-1.755848694E-1,-2.254910889E0,2.717765636E0
2.814550600E1,6.885681152E-1,-2.561174011E-1,-1.278641052E0,1.474667797E0
2.815550800E1,-1.796264648E-3,-4.188290405E-1,1.340013428E0,1.403943367E0
2.816551100E1,-3.818559265E-1,9.834548950E-2,2.110461273E0,2.146982201E0
2.817551300E1,3.541635132E-1,1.351240082E0,6.750961304E-2,1.398513175E0
2.818551500E1,1.390608215E-1,8.660989380E-1,-1.837728424E0,2.036347476E0
2.819551800E1,1.221459961E-1,5.685177612E-1,-1.048719177E0,1.199143028E0
2.820552000E1,4.174818420E-1,8.267308044E-1,-1.199006653E-1,9.338902939E-1
2.821552300E1,4.311035156E-2,8.759783936E-1,-4.812492371E-1,1.000398659E0
2.822552500E1,5.104385376E-2,6.119274902E-1,-6.656657410E-1,9.056332630E-1
2.823552800E1,-1.736389160E-2,2.122586060E-1,-3.135978699E-1,3.790763044E-1
2.824553000E1,-1.636097717E-1,2.035766602E-2,6.137237549E-3,1.649856286E-1
2.825553300E1,-3.471281433E-1,-5.822891235E-2,6.780899048E-2,3.584502940E-1
2.826553500E1,-5.754034424E-1,-7.200027466E-2,1.230441284E-1,5.928009941E-1
2.827553700E1,-1.046324158E0,1.556762695E-2,8.666976929E-2,1.050022973E0
2.828554000E1,-1.203048248E0,3.432362366E-1,1.335223389E-1,1.258159138E0
2.829554200E1,-1.574425964E0,8.198451233E-1,3.617976379E-1,1.811590648E0
2.830554500E1,-2.315684509E0,1.184037781E0,9.225315857E-1,2.759602279E0
2.831554700E1,-3.410807190E0,1.391506348E0,1.135688324E0,3.854826011E0
2.832555000E1,-8.720266113E0,1.525178375E0,1.977837067E0,9.070890233E0
2.833555200E1,-1.610036911E1,3.251538391E0,3.251538391E0,1.674415986E1
2.834555500E1,-2.595078506E1,1.082084793E1,1.521286469E0,2.815756218E1
2.835555700E1,-3.705304779E1,1.646052017E1,-1.434916077E0,4.057013753E1
2.836556000E1,-3.853481644E1,1.260259277E1,1.953437805E0,4.059031093E1
2.837556200E1,-3.245371216E1,1.047865952E1,4.356839905E0,3.438063106E1
2.838556400E1,-3.279679871E1,1.056443115E1,8.443042603E0,3.547565615E1
2.839556700E1,-3.984608963E1,1.058868073E1,1.188678131E1,4.290835103E1
2.840556900E1,-4.489583862E1,9.918674011E0,1.403376663E1,4.807247680E1
2.841557200E1,-4.151137665E1,7.914342041E0,1.397448990E1,4.450974690E1
2.842557400E1,-1.972044113E1,5.346432037E0,7.699987793E0,2.183506231E1
2.843557700E1,-1.789274185E1,4.894671478E0,4.150269470E0,1.900875473E1
2.844557900E1,-3.855682068E1,7.151378632E0,6.436465302E0,3.973913339E1
2.845558200E1,-4.974320847E1,8.291856995E0,9.836644592E0,5.137996942E1
2.846558400E1,-2.968297394E1,6.860683136E0,9.186995544E0,3.182057199E1
2.847558600E1,-1.582628906E1,5.445376282E0,5.772895203E0,1.770451545E1
2.848558900E1,-1.289328827E1,4.934488678E0,4.283941498E0,1.445469528E1
2.849559100E1,-1.152618118E1,4.318968658E0,3.397185516E0,1.276899418E1
2.850559400E1,-1.041878403E1,3.600462799E0,2.186952209E0,1.123820061E1
2.851559600E1,-9.052275696E0,2.588117981E0,1.152603149E0,9.485280385E0
2.852559900E1,-7.344177704E0,1.561103668E0,-5.972579956E-2,7.508499050E0
2.853560100E1,-5.610033875E0,5.709127808E-1,-1.165326691E0,5.758160103E0
2.854560400E1,-3.832031250E0,-9.490264893E-2,-1.638492737E0,4.168708249E0
2.855560600E1,-2.315235443E0,-5.789959717E-1,-1.894610138E0,3.047146053E0
2.856560800E1,-8.388555908E-1,-7.915539551E-1,-2.437830505E0,2.696897095E0
2.857561100E1,3.061134338E-1,-8.231382751E-1,-3.542982330E0,3.650203535E0
2.858561300E1,1.187330933E0,-5.906716919E-1,-3.152294769E0,3.419884516E0
2.859561600E1,1.070274353E0,-9.621990967E-1,-2.935096436E0,3.268960902E0
2.860561800E1,7.716453552E-1,-1.203048248E0,-1.464404755E0,2.046275379E0
2.861562100E1,1.849104767E0,-1.233285370E0,-1.281335449E0,2.565541225E0
2.862562229E1,2.212548981E0,-1.039737854E0,-6.325845337E-1,2.525191278E0
2.863562529E1,2.372416534E0,-9.285191345E-1,-4.176315308E-2,2.547989827E0
2.864562729E1,2.761307831E0,-7.866142273E-1,-5.493576050E-2,2.871689540E0
2.865563029E1,2.796634369E0,-6.411167908E-1,-1.052311707E-1,2.871109216E0
2.866563229E1,2.765648804E0,-3.249742126E-1,-3.179388428E-1,2.802767677E0
2.867563429E1,2.836900635E0,2.215393066E-1,-9.785151672E-1,3.009082386E0
2.868563729E1,2.338586884E0,5.941145325E-1,-1.252744904E0,2.718700146E0
2.869563929E1,2.190245361E0,4.403842163E-1,-7.327262878E-1,2.351170095E0
2.870564229E1,6.529421997E-1,-2.038760376E-1,-1.773811340E-1,7.066562259E-1
2.871564429E1,-4.095483398E-1,-1.393601990E-1,2.865042114E-1,5.188793414E-1
2.872564729E1,-1.956431580E-1,9.415420532E-2,5.297483826E-1,5.725160334E-1
2.873564929E1,-4.267625427E-1,3.122506714E-1,3.314108276E-1,6.240672130E-1
2.874565229E1,-5.638774109E-1,3.814068604E-1,5.664221191E-1,8.855862153E-1
2.875565429E1,-4.840933228E-1,4.652325439E-1,1.077609100E0,1.269657055E0
2.876565629E1,-3.724255371E-1,6.587800598E-1,1.993853760E-1,7.825895962E-1
2.877565929E1,-3.243754578E-1,6.081852722E-1,-8.922944641E-1,1.127518591E0
2.878566129E1,-2.005828857E-2,6.174659729E-1,-8.819659424E-1,1.076814973E0
2.879566429E1,-6.316864014E-2,6.489006042E-1,-3.356021118E-1,7.332741975E-1
2.880566629E1,-8.442443848E-2,5.023553467E-1,1.951940918E-1,5.455172899E-1
2.881566929E1,1.044827271E-1,2.975811768E-1,5.153782654E-1,6.042234301E-1
2.882567129E1,-4.041595459E-3,1.567240906E-1,2.014810181E-1,2.552907670E-1
2.883567429E1,-1.200503540E-1,-7.170089722E-2,-8.502319336E-2,1.636522214E-1
2.884567629E1,-1.197509766E-1,-3.930825806E-1,-2.986289978E-1,5.079699694E-1
2.885567829E1,-1.743873596E-1,-5.266049194E-1,-6.635700989E-1,8.648982417E-1
2.886568129E1,-5.180726624E-1,-3.838018799E-1,-6.715036011E-1,9.309244076E-1
2.887568329E1,-1.350491638E0,1.559756470E-1,-3.028202820E-1,1.392787202E0
2.888568629E1,-2.069745941E0,9.449848938E-1,2.779719543E-1,2.292185228E0
2.889568829E1,-2.586920471E0,1.407073975E0,1.054706726E0,3.128005910E0
2.890569129E1,-2.958896942E0,1.700463867E0,1.494941254E0,3.725788216E0
2.891569329E1,-4.730013885E0,1.715283051E0,2.257006531E0,5.514463327E0
2.892569629E1,-7.691754913E0,1.733994141E0,2.636317749E0,8.313843912E0
2.893569829E1,-1.492546234E1,4.007765808E0,4.265978851E0,1.603216107E1
2.894570129E1,-2.543211365E1,1.292547134E1,1.269360352E0,2.855646144E1
2.895570329E1,-4.256877777E1,1.768512360E1,-3.387455750E-1,4.609749653E1
2.896570529E1,-4.710629196E1,1.236743179E1,2.825673981E0,4.878463431E1
2.897570829E1,-4.182452545E1,9.053622894E0,5.069208527E0,4.309241107E1
2.898571029E1,-3.918102264E1,8.128396912E0,7.682025146E0,4.074600449E1
2.899571329E1,-4.233002426E1,7.876021729E0,1.247924927E1,4.482849913E1
2.900571529E1,-3.267495209E1,7.593708801E0,1.366253860E1,3.622129026E1
2.901571829E1,-2.393238235E1,6.476731567E0,1.176972473E1,2.744509787E1
2.902572029E1,-4.518159439E1,6.622229004E0,1.067879333E1,4.689634331E1
2.903572329E1,-4.682248215E1,5.994733887E0,9.047635345E0,4.806393007E1
2.904572529E1,-2.678724564E1,7.257058868E0,7.145840149E0,2.865806106E1
2.905572729E1,-2.167372925E1,7.379204865E0,6.392905884E0,2.377125259E1
2.906573029E1,-2.233610184E1,7.381450195E0,6.974446564E0,2.453630284E1
2.907573229E1,-1.772748550E1,6.906338196E0,6.331533508E0,2.005117368E1
2.908573529E1,-1.471080872E1,5.270539856E0,5.369184723E0,1.652315430E1
2.909573729E1,-1.334280350E1,3.155138855E0,4.618046722E0,1.446760733E1
2.910574029E1,-1.307530975E1,1.778900757E0,4.461322632E0,1.392952306E1
2.911574229E1,-1.152034332E1,1.959425354E0,3.798650665E0,1.228769323E1
2.912574529E1,-9.230554962E0,2.198478241E0,2.950065308E0,9.936766919E0
2.913574729E1,-7.099137268E0,2.099683685E0,1.671573944E0,7.589504660E0
2.914574929E1,-5.210065613E0,1.873504028E0,1.981878662E-1,5.540223774E0
2.915575229E1,-3.738475800E0,1.403032379E0,-1.475781097E0,4.257068358E0
2.916575429E1,-2.533182220E0,9.053173828E-1,-2.491119690E0,3.666372735E0
2.917575729E1,-1.207239532E0,2.504292297E-1,-1.954335938E0,2.310751186E0
2.918575929E1,-3.053649902E-2,-2.808160400E-1,-2.705174561E0,2.719882264E0
2.919576229E1,6.972500610E-1,-6.765930176E-1,-3.070864105E0,3.220891509E0
2.920576429E1,8.244854736E-1,-1.078207855E0,-2.953657837E0,3.250600420E0
2.921576729E1,9.976753235E-1,-1.372495880E0,-1.068927155E0,2.005419221E0
2.922576929E1,1.271755371E0,-1.611099701E0,-8.217910767E-2,2.054204804E0
2.923577129E1,1.694027252E0,-1.589095459E0,-1.793270874E-1,2.329616044E0
2.924577429E1,1.928140411E0,-1.362616425E0,-1.314266968E-1,2.364682208E0
2.925577629E1,1.970801697E0,-9.268725586E-1,-2.390528870E-1,2.190958318E0
2.926577929E1,2.042951660E0,-5.433700562E-1,4.052073669E-1,2.152462663E0
2.927578129E1,2.424957275E0,-2.469863892E-1,1.440005493E-1,2.441752695E0
2.928578429E1,2.288890228E0,3.787124634E-1,-8.604107666E-1,2.474418779E0
2.929578629E1,1.950743408E0,6.128256226E-1,-1.977837067E0,2.844783744E0
2.930578929E1,1.281036072E0,4.260140991E-1,-1.740580444E0,2.202762292E0
2.931579129E1,1.220561829E0,3.647914124E-1,-1.239721985E0,1.777569844E0
2.932579329E1,1.042282562E0,2.891986084E-1,-8.084687805E-1,1.350411250E0
2.933579629E1,7.170089722E-1,4.083508301E-1,-1.112187195E-1,8.325994656E-1
2.934579829E1,8.831634521E-2,5.289999390E-1,3.591032410E-1,6.454423676E-1
2.935580129E1,-2.305206299E-2,5.908213806E-1,4.704716492E-1,7.556089426E-1
2.936580329E1,1.297801208E-1,5.869294739E-1,3.177891541E-1,6.799404632E-1
2.937580629E1,3.207829285E-1,4.417314148E-1,-9.385482788E-2,5.539287488E-1
2.938580829E1,3.071612549E-1,3.360511780E-1,-3.957769775E-1,6.032560374E-1
2.939581129E1,4.242178345E-1,2.559677124E-1,-2.525248718E-1,5.561016560E-1
2.940581329E1,5.297483826E-1,-4.655319214E-2,-1.874102783E-1,5.638467531E-1
2.941581629E1,4.061054993E-1,-5.162763977E-1,1.939965820E-1,6.849070515E-1
2.942581829E1,3.266207886E-1,-3.341052246E-1,3.418890381E-1,5.789607543E-1
2.943582029E1,2.737806702E-1,-3.299139404E-1,2.957849121E-1,5.208529329E-1
2.944582329E1,-3.338058472E-2,-3.881428528E-1,6.990463257E-2,3.957976696E-1
2.945582529E1,-2.604583740E-2,-1.919009399E-1,2.978805542E-2,1.959379612E-1
2.946582829E1,-1.188528442E-1,-1.333726501E-1,-7.679031372E-2,1.944505456E-1
2.947583029E1,-5.453160095E-1,-9.565109253E-2,-8.041278076E-1,9.762890006E-1
2.948583329E1,-9.732760620E-1,2.315684509E-1,-1.591340790E0,1.879695653E0
2.949583529E1,-1.771715698E0,5.577401733E-1,-1.565294952E0,2.429032504E0
2.950583829E1,-2.678380280E0,8.568182373E-1,-9.512718201E-1,2.968632091E0
2.951584029E1,-3.071163483E0,1.139430542E0,-6.900650024E-2,3.276447618E0
2.952584229E1,-3.986210632E0,1.417851562E0,6.935078430E-1,4.287322170E0
2.953584529E1,-6.072871399E0,1.720971222E0,1.337468719E0,6.452157124E0
2.954584729E1,-1.625170441E1,2.764301605E0,3.149300995E0,1.678324630E1
2.955585029E1,-2.853665771E1,9.174421692E0,2.660717010E0,3.009302680E1
2.956585229E1,-4.119089310E1,1.732182907E1,-2.209854584E0,4.473945567E1
2.957585529E1,-4.494748123E1,1.573917023E1,-1.323697357E0,4.764189042E1
2.958585729E1,-3.308435074E1,1.020128632E1,3.981719971E-2,3.462141089E1
2.959586029E1,-3.184148529E1,7.552394714E0,4.374952240E0,3.301604244E1
2.960586229E1,-3.632376434E1,9.169182587E0,7.472311249E0,3.820111518E1
2.961586429E1,-4.570325958E1,1.089344696E1,1.014320709E1,4.806599394E1
2.962586750E1,-4.297862549E1,1.241638000E1,1.096829132E1,4.606117840E1
2.963586950E1,-2.053804092E1,8.128097534E0,8.948541412E0,2.383177475E1
2.964587250E1,-2.457275070E1,6.019282837E0,9.124126282E0,2.689426562E1
2.965587450E1,-4.116484726E1,5.291047211E0,1.079210770E1,4.288367311E1
2.966587750E1,-4.026042801E1,4.301006012E0,1.129895370E1,4.203649689E1
2.967587950E1,-2.449416412E1,6.600823517E0,9.038055267E0,2.692993484E1
2.968588250E1,-1.677995590E1,6.279142456E0,5.384902039E0,1.870806564E1
2.969588450E1,-1.372885071E1,5.959107971E0,3.252586212E0,1.531573135E1
2.970588750E1,-1.095287338E1,4.891977081E0,2.148033142E0,1.218650571E1
2.971588950E1,-9.452094269E0,3.582799530E0,1.489103394E0,1.021743449E1
2.972589150E1,-8.783584442E0,2.342927856E0,1.425934753E0,9.201845278E0
2.973589450E1,-8.027955780E0,1.639241180E0,1.627266083E0,8.353632776E0
2.974589650E1,-6.461912384E0,1.185983734E0,1.744023285E0,6.797388197E0
2.975589950E1,-4.691244507E0,7.081773376E-1,1.316362610E0,4.923626782E0
2.976590150E1,-3.226240997E0,4.614903259E-1,5.149291992E-1,3.299508505E0
2.977590450E1,-2.153122559E0,2.022294617E-1,-5.589376831E-1,2.233661756E0
2.978590650E1,-1.428329773E0,-2.194436646E-1,-1.341660004E0,1.971885653E0
2.979590850E1,-6.140231323E-1,-5.019062805E-1,-1.282982025E0,1.508302754E0
2.980591150E1,-7.783813477E-3,-6.915618896E-1,-1.165326691E0,1.355103218E0
2.981591350E1,6.265969849E-1,-8.027806091E-1,-1.270408173E0,1.628194525E0
2.982591650E1,1.757046204E0,-9.259744263E-1,-1.992057495E0,2.812993612E0
2.983591850E1,1.706750793E0,-1.184935913E0,-2.786156158E0,3.475591680E0
2.984592150E1,1.541644135E0,-1.239871674E0,-1.856589203E0,2.713092677E0
2.985592350E1,1.887724457E0,-9.946815491E-1,-9.162446594E-1,2.322154018E0
2.986592650E1,2.376607819E0,-5.107379150E-1,9.928852844E-1,2.625821610E0
2.987592850E1,2.836002502E0,-1.255888367E-1,9.969268799E-2,2.840531884E0
2.988593150E1,2.463576965E0,3.017724609E-1,8.367599487E-2,2.483400844E0
2.989593350E1,1.770518188E0,4.079017639E-1,-1.255888367E-1,1.821233390E0
2.990593550E1,1.491648102E0,2.860551453E-1,-3.893403625E-1,1.567937347E0
2.991593850E1,1.113833771E0,1.038839722E-1,-5.490582275E-1,1.246147056E0
2.992594050E1,8.108638000E-1,1.092727661E-2,-5.614823914E-1,9.863478004E-1
2.993594350E1,7.773335266E-1,2.499801636E-2,-3.327580261E-1,8.459315672E-1
2.994594550E1,3.546125793E-1,-1.121168518E-1,7.247927856E-1,8.146440032E-1
2.995594850E1,-3.712280273E-1,-5.870791626E-1,3.022514648E0,3.101300855E0
2.996595050E1,7.173083496E-1,-1.832189941E-1,7.734416199E-1,1.070659800E0
2.997595350E1,9.006770325E-1,4.926255798E-1,-1.010548553E0,1.440523328E0
2.998595550E1,-4.596940613E-1,1.389111328E-1,9.160949707E-2,4.888836597E-1
2.999595750E1,-2.347119141E-1,5.583389282E-1,5.911207581E-1,8.463189659E-1
3.000596050E1,-5.598358154E-2,7.665559387E-1,-1.363215179E0,1.564959359E0
3.001596250E1,1.571731567E-2,9.386979675E-1,-1.813329163E0,2.041950920E0
3.002596550E1,2.954855347E-1,7.194039917E-1,-2.341281281E0,2.467073537E0
3.003596750E1,-7.619155884E-2,2.378553772E-1,-1.881886597E0,1.898388131E0
3.004597050E1,-3.832031250E-1,1.092727661E-2,-1.283580780E0,1.339605785E0
3.005597250E1,-4.755610657E-1,7.484436035E-4,-1.233435059E0,1.321938323E0
3.006597550E1,-4.252656555E-1,-1.407073975E-1,-8.298742676E-1,9.430486464E-1
3.007597750E1,-6.285429382E-1,1.766326904E-2,-9.379495239E-1,1.129215447E0
3.008597950E1,-1.747615814E0,4.468208313E-1,-1.334175568E0,2.243620809E0
3.009598250E1,-3.101101227E0,9.047186279E-1,-1.314266968E0,3.487497997E0
3.010598450E1,-4.038601685E0,1.521436157E0,-6.911128235E-1,4.370664536E0
3.011598750E1,-5.507497101E0,2.022144928E0,-3.412902832E-1,5.876910199E0
3.012598950E1,-7.024741974E0,2.516417084E0,5.498066711E-1,7.482088085E0
3.013599250E1,-1.522663605E1,3.631298676E0,3.576662292E0,1.605706351E1
3.014599450E1,-2.387445282E1,8.977431335E0,4.386478271E0,2.588097685E1
3.015599750E1,-3.275967590E1,1.699445984E1,-1.046024780E0,3.692021395E1
3.016599950E1,-4.238421158E1,1.712304245E1,-3.123554535E0,4.581895423E1
3.017600150E1,-4.078763168E1,1.435978867E1,9.231303406E-1,4.325143464E1
3.018600450E1,-3.413292023E1,1.219124817E1,4.899012451E0,3.657435028E1
3.019600650E1,-3.636956909E1,1.119611755E1,8.378526764E0,3.896534762E1
3.020600950E1,-4.370072388E1,1.119896164E1,1.371403152E1,4.715129553E1
3.021601150E1,-4.585010422E1,1.004725662E1,1.716330872E1,4.997758086E1
3.022601450E1,-2.986709106E1,7.369175720E0,1.316287766E1,3.346056227E1
3.023601650E1,-1.189920547E1,5.610183563E0,4.054917755E0,1.376617625E1
3.024601950E1,-1.399424881E1,4.298461304E0,2.965483246E0,1.493686246E1
3.025602150E1,-3.915123459E1,8.834628296E0,1.120644608E1,4.167078426E1
3.026602350E1,-4.781461899E1,9.759854279E0,1.389365799E1,5.073978988E1
3.027602650E1,-2.341386063E1,6.597979431E0,8.099806366E0,2.563881950E1
3.028602850E1,-1.279194901E1,5.185965729E0,4.366869049E0,1.447749098E1
3.029603150E1,-1.002315674E1,4.977449341E0,1.747316437E0,1.132659647E1
3.030603350E1,-8.208480377E0,4.685556335E0,2.272274780E-1,9.454375738E0
3.031603650E1,-7.442074127E0,4.039799194E0,-1.103205872E-1,8.468566318E0
3.032603850E1,-6.591991882E0,3.064128113E0,-5.046006775E-1,7.286827836E0
3.033604150E1,-5.279221802E0,2.074086914E0,-9.395960999E-1,5.749335630E0
3.034604350E1,-3.852239227E0,1.237027588E0,-1.028660889E0,4.174700892E0
3.035604650E1,-2.617606659E0,4.810995483E-1,-1.171463928E0,2.907859889E0
3.036604850E1,-1.543440399E0,-1.754351807E-1,-1.529818726E0,2.180213545E0
3.037605050E1,-4.532574463E-1,-4.929249573E-1,-1.642833710E0,1.774068748E0
3.038605350E1,2.833607483E-1,-6.147715759E-1,-2.153721313E0,2.257598924E0
3.039605550E1,6.477030945E-1,-7.036866760E-1,-2.746937714E0,2.908669978E0
3.040605850E1,9.129515076E-1,-8.479866028E-1,-2.161205750E0,2.494668721E0
3.041606050E1,9.425898743E-1,-1.062490540E0,-9.475296021E-1,1.707388112E0
3.042606350E1,1.030307465E0,-1.186133423E0,-4.358935547E-1,1.630475133E0
3.043606550E1,1.708247681E0,-1.173559570E0,-4.336482239E-1,2.117404776E0
3.044606850E1,1.940714264E0,-1.100212097E0,2.888992310E-1,2.249511342E0
3.045607050E1,2.734663239E0,-9.843530273E-1,1.390009460E0,3.221716966E0
3.046607250E1,3.776646423E0,-7.018904114E-1,4.412823486E-1,3.866579686E0
3.047607550E1,3.224893799E0,-2.546205139E-1,-6.075865173E-1,3.291494037E0
3.048607750E1,2.613565063E0,7.200027466E-2,-1.112336884E0,2.841337664E0
3.049608050E1,1.323248291E0,-0.000000000E0,-2.470013580E0,2.802133674E0
3.050608250E1,1.287023621E0,-4.288581848E-1,-1.604962463E0,2.101488437E0
3.051608550E1,7.539820862E-1,-6.791377258E-1,-1.504072266E0,1.814373285E0
3.052608750E1,1.447489929E-1,-3.270698547E-1,-7.699987793E-1,8.490141818E-1
3.053609050E1,-4.355941772E-2,1.442999268E-1,4.400848389E-1,4.651822838E-1
3.054609250E1,-3.734733582E-1,4.944218445E-1,4.830455017E-1,7.856642198E-1
3.055609450E1,-3.878434753E-1,7.402107239E-1,2.457888794E-1,8.710606468E-1
3.056609750E1,-3.495231628E-1,7.111711121E-1,-2.993774414E-2,7.929861667E-1
3.057609950E1,-2.737806702E-1,5.953120422E-1,-2.619552612E-1,7.056719081E-1
3.058610250E1,-2.453398132E-1,2.754272461E-1,-1.893562317E-1,4.146173831E-1
3.059610450E1,-2.694396973E-1,1.481918335E-2,-1.115180969E-1,2.919822676E-1
3.060610750E1,-1.725910950E-1,1.481918335E-2,-5.373825073E-2,1.813700467E-1
3.061610950E1,-6.421646118E-2,2.814147949E-2,1.200503540E-1,1.390244016E-1
3.062611242E1,2.604583740E-2,7.469467163E-2,8.921447754E-2,1.192346536E-1
3.063611442E1,7.185058594E-3,7.394622803E-2,2.978805542E-2,8.004372525E-2
3.064611642E1,-1.309776306E-1,2.110610962E-1,-1.317260742E-2,2.487477510E-1
3.065611942E1,-3.733236694E-1,3.695814514E-1,-2.222877502E-1,5.704146345E-1
3.066612142E1,-1.070873108E0,7.232958984E-1,-2.353106689E-1,1.313505722E0
3.067612442E1,-2.376607819E0,1.059047699E0,-1.104702759E-1,2.604237016E0
3.068612642E1,-3.156486053E0,1.121467896E0,1.886077881E-1,3.355095728E0
3.069612942E1,-3.923191681E0,1.351389771E0,1.069076843E0,4.284928538E0
3.070613142E1,-5.456602936E0,1.575324097E0,2.242786102E0,6.106246892E0
3.071613442E1,-1.043180695E1,1.519789581E0,3.706292725E0,1.117447817E1
3.072613642E1,-1.527543457E1,3.965553589E0,5.210364990E0,1.661963958E1
3.073613942E1,-2.313454147E1,1.181358353E1,3.539090424E0,2.621627216E1
3.074614142E1,-3.537862976E1,1.742182114E1,2.769241333E-1,3.943658178E1
3.075614342E1,-4.191254242E1,1.590098373E1,3.897594910E0,4.499659700E1
3.076614642E1,-3.821223724E1,1.312904800E1,5.856720886E0,4.082705177E1
3.077614842E1,-3.841012573E1,1.101993393E1,9.428742828E0,4.105700785E1
3.078615142E1,-4.339820297E1,1.003333557E1,1.438987610E1,4.680961844E1
3.079615342E1,-4.518892914E1,8.441246338E0,1.719100113E1,4.907977665E1
3.080615642E1,-3.171514801E1,5.138813782E0,1.336465805E1,3.479758763E1
3.081615842E1,-1.137843842E1,3.865711212E0,4.452940063E0,1.281566460E1
3.082616042E1,-1.717453537E1,5.430557098E0,6.502927094E0,1.915055290E1
3.083616342E1,-4.112038971E1,8.977581024E0,1.466290833E1,4.456999317E1
3.084616542E1,-4.535538300E1,8.542585602E0,1.511032791E1,4.856344865E1
3.085616842E1,-2.264416122E1,6.012995911E0,8.367300110E0,2.487822077E1
3.086617042E1,-1.223450821E1,4.842430115E0,6.315367126E0,1.459507391E1
3.087617342E1,-1.001447479E1,3.730542297E0,5.565276947E0,1.204902314E1
3.088617542E1,-1.029828461E1,2.943479004E0,3.983965302E0,1.142762941E1
3.089617842E1,-1.006851242E1,3.563938751E0,1.556163940E0,1.079343541E1
3.090618042E1,-8.095315704E0,3.928281097E0,1.169068909E-1,8.998844145E0
3.091618342E1,-6.975644073E0,3.138972473E0,-2.267784119E-1,7.652724147E0
3.092618542E1,-5.784271545E0,2.231709137E0,2.281256104E-1,6.204060306E0
3.093618742E1,-4.270918579E0,1.305734711E0,1.272354126E-2,4.466077757E0
3.094619042E1,-3.181484070E0,5.222639465E-1,-2.233355713E-1,3.231791963E0
3.095619242E1,-2.385289764E0,-1.047821045E-1,-1.031355286E-1,2.389816622E0
3.096619542E1,-1.660496979E0,-5.439688110E-1,-5.837860107E-2,1.748302132E0
3.097619742E1,-9.638456726E-1,-8.473878479E-1,-2.957849121E-1,1.317024434E0
3.098620042E1,-4.222718811E-1,-7.750881958E-1,-5.737568665E-1,1.052745076E0
3.099620242E1,-2.387535095E-1,-8.390052795E-1,-5.298980713E-1,1.020649334E0
3.100620542E1,1.348695374E-1,-9.550140381E-1,-1.502874756E-1,9.761290542E-1
3.101620742E1,8.059240723E-1,-9.407936096E-1,-5.863307190E-1,1.370543665E0
3.102620942E1,1.100361786E0,-9.577084351E-1,-8.734336853E-1,1.700261130E0
3.103621242E1,2.073338470E0,-6.236032104E-1,-1.126108246E0,2.440437084E0
3.104621442E1,2.763852539E0,-1.908531189E-1,-8.216413879E-1,2.889705926E0
3.105621742E1,2.803969116E0,1.089733887E-1,-1.648072815E-1,2.810921458E0
3.106621942E1,2.869832153E0,3.318598938E-1,-1.175505524E0,3.118955084E0
3.107622242E1,2.227817230E0,2.128573608E-1,-1.858984222E0,2.909347041E0
3.108622442E1,1.495989075E0,2.320175171E-2,-1.706301727E0,2.269358327E0
3.109622742E1,8.735833740E-1,-2.544708252E-1,-1.349593506E0,1.627668868E0
3.110622942E1,4.969665527E-1,-3.409909058E-1,-8.530760193E-1,1.044504307E0
3.111623142E1,2.610571289E-1,1.365161133E-1,-2.406994629E-1,3.804256894E-1
3.112623442E1,1.257385254E-2,6.277944946E-1,8.038284302E-2,6.330445724E-1
3.113623642E1,-1.583706665E-1,6.722520447E-1,1.140628052E-1,7.000102879E-1
3.114623942E1,-1.071771240E-1,6.818321228E-1,1.272354126E-1,7.018339047E-1
3.115624142E1,-3.682342529E-2,5.483097839E-1,1.164578247E-1,5.617490621E-1
3.116624442E1,4.311035156E-2,2.454895020E-1,1.219963074E-1,2.775008054E-1
3.117624642E1,-8.532257080E-3,-7.035369873E-3,9.804611206E-2,9.866780595E-2
3.118624942E1,-8.202941895E-2,-9.190887451E-2,-1.038839722E-1,1.611457305E-1
3.119625142E1,-1.686991882E-1,-1.471440125E-1,-2.532733154E-1,3.380209296E-1
3.120625342E1,-2.025288391E-1,-2.125579834E-1,-3.222798157E-1,4.359622765E-1
3.121625642E1,-1.269360352E-1,-7.768844604E-2,-4.989125061E-1,5.206360921E-1
3.122625842E1,-1.791773987E-1,3.652404785E-2,-6.253994751E-1,6.515850288E-1
3.123626142E1,-6.444099426E-1,1.442999268E-1,-6.831793213E-1,9.501687366E-1
3.124626342E1,-1.302291870E0,4.532574463E-1,-7.433541870E-1,1.566519031E0
3.125626642E1,-2.102078705E0,7.761360168E-1,-4.201762390E-1,2.279839922E0
3.126626842E1,-2.627935181E0,1.079704742E0,6.671626282E-1,2.918374825E0
3.127627142E1,-3.531156921E0,1.271755371E0,1.338217163E0,3.984627474E0
3.128627342E1,-5.963149567E0,1.242566071E0,1.670975189E0,6.316271153E0
3.129627542E1,-9.015152893E0,1.533710632E0,2.313139801E0,9.432701931E0
3.130627842E1,-1.383393219E1,5.215304718E0,2.183060303E0,1.494465909E1
3.131628042E1,-2.454041794E1,1.100750977E1,-5.490582275E-1,2.690165141E1
3.132628342E1,-3.254876450E1,1.239811798E1,1.083446960E0,3.484694043E1
3.133628542E1,-3.261732193E1,1.175086395E1,3.463497620E0,3.484204801E1
3.134628842E1,-3.432018082E1,1.135957764E1,4.907993774E0,3.648291680E1
3.135629042E1,-3.825819168E1,1.159144547E1,7.736511841E0,4.071737288E1
3.136629342E1,-3.902878922E1,1.073971664E1,1.142544067E1,4.206101040E1
3.137629542E1,-3.727174301E1,8.493487701E0,1.368080063E1,4.060155744E1
3.138629742E1,-4.186434265E1,7.548203430E0,1.562705338E1,4.531890729E1
3.139630042E1,-4.306664246E1,8.281378784E0,1.392090134E1,4.601204648E1
3.140630242E1,-3.316263794E1,6.673871613E0,1.050530411E1,3.542121584E1
3.141630542E1,-2.513767593E1,5.840105438E0,7.507039032E0,2.687685283E1
3.142630742E1,-2.761637146E1,5.465434570E0,9.322763214E0,2.965550306E1
3.143631042E1,-2.321327774E1,5.995332642E0,9.021739197E0,2.561624592E1
3.144631242E1,-1.803404800E1,5.536237335E0,6.742279358E0,2.003335075E1
3.145631542E1,-1.529953445E1,4.607269135E0,4.817581787E0,1.668867214E1
3.146631742E1,-1.293624893E1,4.070635071E0,3.042423248E0,1.389866704E1
3.147631942E1,-1.096454910E1,3.940854950E0,2.411185913E0,1.189812978E1
3.148632242E1,-9.000633087E0,3.678600311E0,1.945354614E0,9.916042597E0
3.149632442E1,-7.199428711E0,3.106190643E0,1.491648102E0,7.981554243E0
3.150632742E1,-5.426964569E0,2.551444244E0,7.337741089E-1,6.041542569E0
3.151632942E1,-4.059857483E0,1.933828583E0,-5.927673340E-2,4.497293575E0
3.152633242E1,-2.793041840E0,1.233135681E0,-1.031205597E0,3.222590776E0
3.153633442E1,-2.031126251E0,5.340893555E-1,-1.662742310E0,2.678700669E0
3.154633742E1,-1.285227356E0,-1.092727661E-1,-1.894759827E0,2.292131038E0
3.155633942E1,-7.698490906E-1,-7.289840698E-1,-2.054178314E0,2.311651778E0
3.156634242E1,-2.971321106E-1,-9.291178894E-1,-2.074835358E0,2.292703493E0
3.157634442E1,3.008743286E-1,-1.054856415E0,-2.311044159E0,2.558158033E0
3.158634642E1,8.376580811E-1,-1.382375336E0,-2.243235168E0,2.764911689E0
3.159634942E1,1.431922302E0,-1.650916901E0,-1.470991058E0,2.634339156E0
3.160635142E1,1.231040039E0,-1.866618347E0,-1.784738617E0,2.860946620E0
3.161635442E1,1.956132202E0,-1.681154022E0,-1.237177277E0,2.860653711E0
3.162635713E1,2.306703186E0,-1.738335114E0,-1.198108521E0,3.127003771E0
3.163636012E1,2.232307892E0,-1.256187744E0,-8.702902222E-1,2.705293190E0
3.164636213E1,2.253264313E0,-7.827223206E-1,-1.538800049E-1,2.390299845E0
3.165636512E1,2.060764618E0,-2.547702026E-1,1.963916016E-1,2.085720098E0
3.166636712E1,1.758692780E0,1.426533508E-1,6.780899048E-2,1.765771313E0
3.167636913E1,1.197360077E0,2.329156494E-1,7.156617737E-1,1.414246311E0
3.168637212E1,1.089883575E0,1.278341675E-1,1.294358368E0,1.696924090E0
3.169637413E1,1.374292145E0,4.541555786E-1,2.573149109E-1,1.470084063E0
3.170637712E1,7.882608032E-1,6.480024719E-1,-1.285975800E0,1.641644314E0
3.171637912E1,-6.765930176E-2,4.364923096E-1,-6.432124329E-1,7.802727416E-1
3.172638213E1,-5.089416504E-3,6.996450806E-1,9.348060608E-1,1.167643572E0
3.173638412E1,-1.437011719E-2,6.490502930E-1,-2.092648315E-1,6.821030368E-1
3.174638713E1,2.336640930E-1,4.312532043E-1,-3.891906738E-1,6.261370579E-1
3.175638912E1,9.505233765E-2,1.290316772E-1,-2.616558838E-1,3.068353339E-1
3.176639112E1,1.411564636E-1,-6.586303711E-3,3.812571716E-1,4.066024564E-1
3.177639413E1,8.217910767E-2,7.020401001E-2,7.563771057E-1,7.640604261E-1
3.178639612E1,-1.963916016E-1,4.281097412E-2,3.799099731E-1,4.298069664E-1
3.179639912E1,-1.444496155E-1,-1.932481384E-1,-3.502716064E-2,2.437979417E-1
3.180640112E1,-1.571731567E-1,-5.486091614E-1,-4.361929321E-1,7.182894174E-1
3.181640412E1,-2.769241333E-2,-7.027885437E-1,-7.352709961E-1,1.017497933E0
3.182640613E1,-4.861889648E-1,-7.812254333E-1,-1.196911011E0,1.509731385E0
3.183640912E1,-1.512903900E0,-5.565426636E-1,-1.624272308E0,2.288422706E0
3.184641112E1,-2.764301605E0,1.481918335E-1,-1.807940369E0,3.306353363E0
3.185641312E1,-3.806733856E0,9.524693298E-1,-1.697021027E0,4.275312952E0
3.186641612E1,-5.203628998E0,1.707050171E0,-1.287173309E0,5.625707970E0
3.187641813E1,-6.649023285E0,2.238594818E0,-9.446855164E-1,7.079071135E0
3.188642112E1,-7.523504791E0,2.652783508E0,-7.982899475E-1,8.017334440E0
3.189642312E1,-1.359083771E1,4.004173279E0,2.311493225E0,1.435574011E1
3.190642612E1,-2.189916046E1,9.704469452E0,1.905687103E0,2.402876609E1
3.191642812E1,-2.971590546E1,1.680091232E1,-3.794160004E0,3.434678067E1
3.192643113E1,-3.784909241E1,1.766895721E1,-3.349584503E0,4.190424276E1
3.193643312E1,-3.822945145E1,1.308698547E1,1.446142731E0,4.043329662E1
3.194643512E1,-3.664469696E1,1.017404297E1,4.335434418E0,3.827715973E1
3.195643813E1,-3.833153915E1,9.976753235E0,8.196205902E0,4.044774765E1
3.196644012E1,-3.777439774E1,8.981323242E0,1.125988495E1,4.042714806E1
3.197644313E1,-2.602009094E1,7.238796844E0,1.042102936E1,2.894897520E1
3.198644512E1,-3.778098404E1,7.786507874E0,8.796008606E0,3.956516431E1
3.199644812E1,-4.904850311E1,6.935377808E0,6.733148346E0,4.999190344E1
3.200645013E1,-3.626493668E1,6.894213409E0,5.982609100E0,3.739608833E1
3.201645312E1,-2.424972244E1,8.382268982E0,5.748196564E0,2.629359685E1
3.202645513E1,-2.049313431E1,7.192393341E0,4.422553253E0,2.216434193E1
3.203645712E1,-1.717722977E1,5.824537811E0,3.386108551E0,1.845123829E1
3.204646012E1,-1.514715134E1,4.648732910E0,2.666405182E0,1.606725328E1
3.205646213E1,-1.577150299E1,4.331243134E0,2.961890717E0,1.662145512E1
3.206646512E1,-1.511092667E1,4.485123138E0,3.502566376E0,1.614696273E1
3.207646712E1,-1.252340744E1,3.886068878E0,3.067870331E0,1.346659176E1
3.208647012E1,-9.107660522E0,3.006198578E0,1.922003174E0,9.781656623E0
3.209647212E1,-6.166576538E0,2.196232910E0,9.358538818E-1,6.612558331E0
3.210647513E1,-4.039050751E0,1.501078491E0,-1.767823792E-1,4.312588505E0
3.211647712E1,-2.531984711E0,9.472302246E-1,-1.131796417E0,2.930725986E0
3.212647912E1,-1.261127472E0,3.971241760E-1,-1.894011383E0,2.309854807E0
3.213648212E1,-3.132984924E-1,-1.926493835E-1,-2.075883179E0,2.108212679E0
3.214648412E1,2.264790344E-1,-5.528004456E-1,-2.247276764E0,2.325324480E0
3.215648713E1,5.692662048E-1,-5.969586182E-1,-2.212698669E0,2.361452732E0
3.216648912E1,1.226250000E0,-6.968009949E-1,-1.899549866E0,2.365905827E0
3.217649212E1,1.172062683E0,-1.079405365E0,-1.087638245E0,1.929197716E0
3.218649412E1,1.345252533E0,-1.307830353E0,-2.106120300E-1,1.887983590E0
3.219649712E1,1.954186249E0,-1.190025330E0,-4.966671753E-1,2.341299311E0
3.220649913E1,2.189047852E0,-9.487271118E-1,-1.163081360E-1,2.388627474E0
3.221650112E1,2.232307892E0,-5.773493958E-1,1.071771240E-1,2.308249940E0
3.222650412E1,2.116149445E0,-4.692741394E-1,-3.267704773E-1,2.192050555E0
3.223650613E1,1.935774536E0,-2.309696960E-1,-8.382568359E-1,2.122084960E0
3.224650912E1,1.894610138E0,2.395019531E-3,-8.193960571E-1,2.064210069E0
3.225651113E1,1.652413788E0,1.151106262E-1,-6.706054688E-1,1.787018041E0
3.226651412E1,1.729952545E0,1.683998108E-1,-4.276606750E-1,1.789968703E0
3.227651612E1,1.529669037E0,4.580474854E-2,-2.128573608E-1,1.545086953E0
3.228651913E1,1.334175568E0,6.256988525E-2,2.514770508E-1,1.359110055E0
3.229652112E1,7.306306458E-1,1.631607056E-2,1.564247131E0,1.726544654E0
3.230652413E1,-1.029858398E-1,1.360670471E-1,7.644602966E-1,7.832750919E-1
3.231652612E1,-5.388793945E-1,2.764750671E-1,1.089733887E-1,6.153898472E-1
3.232652812E1,-2.571652222E-1,4.432283020E-1,-3.824546814E-1,6.394191603E-1
3.233653113E1,-6.710545349E-1,1.532812500E-1,-1.190324707E0,1.375020814E0
3.234653312E1,-3.808081055E-1,5.553451538E-1,-1.764380951E0,1.888508192E0
3.235653613E1,-2.194436646E-1,8.017327881E-1,-1.277144165E0,1.523820266E0
3.236653812E1,-1.640588379E-1,7.801776123E-1,-6.108796692E-1,1.004373625E0
3.237654112E1,6.092330933E-2,6.885681152E-1,-2.065704346E-1,7.214631268E-1
3.238654313E1,1.731898499E-1,4.831951904E-1,-1.683998108E-1,5.402136729E-1
3.239654612E1,3.778143311E-1,2.037263489E-1,-2.884501648E-1,5.171572213E-1
3.240654812E1,4.393363953E-1,-1.016386414E-1,-3.372486877E-1,5.631017306E-1
3.241655012E1,3.900888062E-1,-2.176473999E-1,-4.538562012E-1,6.368085416E-1
3.242655312E1,-3.338058472E-2,-1.682501221E-1,-6.939569092E-1,7.148416320E-1
3.243655513E1,-9.711804199E-1,6.601272583E-2,-8.750802612E-1,1.308936420E0
3.244655812E1,-2.250869293E0,4.569996643E-1,-8.767268372E-1,2.458436742E0
3.245656012E1,-2.973566437E0,8.475375366E-1,-3.159928894E-1,3.108097285E0
3.246656312E1,-3.565735016E0,1.237776031E0,5.661227417E-1,3.816680582E0
3.247656512E1,-4.085753632E0,1.644779663E0,7.375163269E-1,4.465715308E0
3.248656813E1,-5.345982971E0,2.369422760E0,1.253193970E0,5.980317155E0
3.249657012E1,-1.637519760E1,5.105882263E0,4.855453033E0,1.782673706E1
3.250657212E1,-3.512775146E1,1.195893127E1,-2.273771667E-1,3.710830986E1
3.251657512E1,-4.478282364E1,1.417447403E1,-4.812342682E0,4.721838253E1
3.252657712E1,-4.334236908E1,1.164263901E1,-2.108215942E0,4.492834935E1
3.253658013E1,-3.720019180E1,1.022284149E1,1.761387177E0,3.861946715E1
3.254658212E1,-3.635474991E1,9.774074707E0,6.845714264E0,3.826309163E1
3.255658512E1,-4.003170364E1,9.433682556E0,1.034408936E1,4.240910100E1
3.256658712E1,-3.638049637E1,8.164172516E0,1.079570023E1,3.881676664E1
3.257659012E1,-3.267480240E1,8.076305237E0,1.175700119E1,3.565244024E1
3.258659213E1,-3.053350525E1,6.876999207E0,1.013227982E1,3.289758586E1
3.259659412E1,-2.921489731E1,5.169949036E0,7.742499390E0,3.066243458E1
3.260659712E1,-3.709930161E1,7.186705170E0,8.117170258E0,3.865094260E1
3.261659913E1,-3.503045380E1,6.840475159E0,6.482719116E0,3.627603122E1
3.262660163E1,-2.168390808E1,5.670358429E0,5.303920441E0,2.303207343E1
3.263660362E1,-1.573527832E1,4.751119995E0,4.199217682E0,1.696483287E1
3.264660662E1,-1.261202316E1,3.803291016E0,3.061733093E0,1.352413991E1
3.265660862E1,-1.080393311E1,3.049757996E0,2.284848633E0,1.145628769E1
3.266661162E1,-9.340576172E0,2.427052917E0,1.690434723E0,9.797679248E0
3.267661363E1,-7.648345184E0,2.062860260E0,1.338067474E0,8.033865886E0
3.268661562E1,-6.040688324E0,1.630708923E0,1.007554779E0,6.337530564E0
3.269661862E1,-4.602329407E0,1.221759338E0,3.637435913E-1,4.775608993E0
3.270662063E1,-3.347638550E0,8.879534912E-1,-4.385879517E-1,3.491060678E0
3.271662362E1,-2.120191040E0,6.792874146E-1,-1.145118713E0,2.503585091E0
3.272662563E1,-1.033301239E0,3.805087280E-1,-1.467248840E0,1.834480172E0
3.273662862E1,-1.448986816E-1,2.017803955E-1,-1.695673828E0,1.713773815E0
3.274663062E1,2.948867798E-1,4.430786133E-2,-1.637893982E0,1.664817736E0
3.275663363E1,7.030879211E-1,-2.386038208E-1,-2.037263489E0,2.168341977E0
3.276663562E1,7.226971436E-1,-6.460565186E-1,-1.420845337E0,1.720023738E0
3.277663763E1,1.396296387E0,-1.105451202E0,-3.106040955E-1,1.807800007E0
3.278664062E1,1.432820435E0,-1.713037720E0,4.209246826E-1,2.272586679E0
3.279664262E1,2.230511627E0,-1.796713715E0,2.380050659E-1,2.874023087E0
3.280664563E1,2.692451019E0,-1.398392029E0,-1.743873596E-1,3.038947796E0
3.281664762E1,2.818189545E0,-7.711962891E-1,-3.532653809E-2,2.922017110E0
3.282665063E1,2.454296265E0,-1.023870850E-1,-9.785151672E-1,2.644153022E0
3.283665262E1,1.513951721E0,1.874102783E-1,-9.156459045E-1,1.779207646E0
3.284665562E1,1.366358643E0,1.953437805E-1,-1.161734161E0,1.804084642E0
3.285665763E1,8.081694031E-1,-1.907034302E-1,-1.942959595E0,2.112959434E0
3.286665962E1,4.001179504E-1,-3.396437073E-1,-1.548978882E0,1.635477850E0
3.287666262E1,3.552113342E-1,-2.728825378E-1,-5.604345703E-1,7.174446871E-1
3.288666462E1,2.606080627E-1,4.565505981E-2,-6.885681152E-2,2.733902108E-1
3.289666762E1,-2.769241333E-2,2.903961182E-1,3.971241760E-1,4.927518507E-1
3.290666963E1,-4.724176025E-1,4.855902100E-1,6.863227844E-1,9.643729608E-1
3.291667262E1,-5.522016907E-1,6.012995911E-1,7.896080017E-1,1.135767891E0
3.292667462E1,-4.956193542E-1,5.273533630E-1,7.652087402E-1,1.053225773E0
3.293667762E1,-4.438270569E-1,4.704716492E-1,4.041595459E-1,7.626735656E-1
3.294667962E1,-3.626957703E-1,4.734654236E-1,4.071533203E-2,5.978088887E-1
3.295668163E1,6.436614990E-3,5.625302124E-1,-3.215313721E-1,6.479692069E-1
3.296668462E1,2.421963501E-1,4.779560852E-1,-7.012916565E-1,8.825593911E-1
3.297668662E1,3.243754578E-1,2.480342102E-1,-9.770182800E-1,1.058916959E0
3.298668962E1,3.523672485E-1,2.155517578E-2,-9.186396790E-1,9.841372685E-1
3.299669162E1,2.854563904E-1,-2.023791504E-1,-7.949967957E-1,8.685980523E-1
3.300669463E1,-1.007405090E-1,-1.128652954E-1,-8.416996765E-1,8.551874476E-1
3.301669662E1,-9.159452820E-1,3.872447205E-1,-1.053958282E0,1.449048755E0
3.302669962E1,-2.345472565E0,9.084608459E-1,-1.121916962E0,2.754131502E0
3.303670163E1,-3.968996429E0,1.050066376E0,-2.874023438E-1,4.115601069E0
3.304670362E1,-5.066813507E0,1.325942688E0,1.098864899E0,5.351469629E0
3.305670663E1,-7.525450745E0,1.693428497E0,2.202968903E0,8.022043441E0
3.306670862E1,-1.078432388E1,2.213596802E0,3.232378235E0,1.147387997E1
3.307671162E1,-1.650542679E1,6.975045319E0,4.277804260E0,1.842226859E1
3.308671363E1,-2.838741806E1,1.524280243E1,9.220825195E-1,3.223412425E1
3.309671662E1,-3.678345840E1,1.642908554E1,-2.088157654E-1,4.028624167E1
3.310671863E1,-3.809802475E1,1.495090942E1,1.657802582E0,4.096019399E1
3.311672162E1,-3.793381622E1,1.422387131E1,5.416336670E0,4.087333643E1
3.312672362E1,-3.953623398E1,1.257070908E1,9.459279327E0,4.255131595E1
3.313672563E1,-3.833887390E1,1.113190109E1,1.241652969E1,4.180859581E1
3.314672862E1,-4.046325623E1,1.003468277E1,1.433898193E1,4.408601100E1
3.315673062E1,-4.808091522E1,9.285341034E0,1.415187103E1,5.097320296E1
3.316673362E1,-3.954476624E1,6.704857178E0,1.069451065E1,4.151043489E1
3.317673562E1,-2.686478439E1,6.725514221E0,9.536518707E0,2.928983392E1
3.318673863E1,-2.252920029E1,7.091353455E0,7.401658173E0,2.475149901E1
3.319674062E1,-2.019824753E1,6.096971283E0,5.992338867E0,2.193286090E1
3.320674362E1,-1.814287170E1,5.256319427E0,5.697452087E0,1.972951210E1
3.321674562E1,-1.421459061E1,4.677024078E0,3.992198181E0,1.548763335E1
3.322674762E1,-1.309402084E1,3.924838257E0,3.235072632E0,1.404718591E1
3.323675063E1,-1.195878159E1,3.348836060E0,2.604583740E0,1.268901164E1
3.324675262E1,-8.949589233E0,2.951861572E0,1.685195618E0,9.573323271E0
3.325675562E1,-6.855893097E0,2.531535645E0,8.385562134E-1,7.356297941E0
3.326675762E1,-5.153483276E0,1.963466949E0,-2.330653381E-1,5.519774614E0
3.327676062E1,-3.581901398E0,1.443747711E0,-1.161883850E0,4.032914474E0
3.328676263E1,-2.216889954E0,9.442364502E-1,-1.597627716E0,2.891123979E0
3.329676562E1,-1.028062134E0,3.372486877E-1,-2.068099365E0,2.334027295E0
3.330676762E1,-2.541714478E-1,-2.980302429E-1,-2.112107849E0,2.148121206E0
3.331676963E1,1.601669312E-1,-7.015910339E-1,-1.925745392E0,2.055815833E0
3.332677262E1,6.237528992E-1,-8.397537231E-1,-2.239792328E0,2.472028250E0
3.333677463E1,7.867639160E-1,-1.112486572E0,-1.601968689E0,2.103075727E0
3.334677762E1,9.457333374E-1,-1.347497864E0,-1.122665405E-1,1.650080548E0
3.335677962E1,1.571132813E0,-1.494641876E0,8.306227112E-1,2.322142705E0
3.336678263E1,2.011666718E0,-1.582209778E0,3.354524231E-1,2.581224340E0
3.337678462E1,2.616708527E0,-1.355431366E0,-4.564009094E-1,2.982056252E0
3.338678763E1,3.452720032E0,-9.354048157E-1,-5.340893555E-1,3.616836909E0
3.339678962E1,3.711082764E0,-5.673202515E-1,-1.927691345E0,4.220187374E0
3.340679162E1,3.047512665E0,-3.067121887E-1,-2.273322601E0,3.814367767E0
3.341679463E1,2.471660156E0,-3.373983765E-1,-2.181413727E0,3.313835759E0
3.342679662E1,2.155966644E0,-3.252735901E-1,-1.121018829E0,2.451668472E0
3.343679963E1,1.270108795E0,-5.007087708E-1,5.489085388E-1,1.471457172E0
3.344680162E1,9.493258667E-1,-2.582130432E-1,8.463400269E-1,1.297761541E0
3.345680462E1,1.048719177E0,5.194198608E-1,-4.622387695E-1,1.258281997E0
3.346680663E1,-1.809736633E-1,4.249662781E-1,-9.385482788E-1,1.046050035E0
3.347680962E1,-4.068539429E-1,5.786965942E-1,-5.644761658E-1,9.050155914E-1
3.348681162E1,-4.700225830E-2,1.113534393E0,-1.117426300E0,1.578229892E0
3.349681362E1,9.250762939E-2,8.634045410E-1,-9.129515076E-1,1.259962507E0
3.350681662E1,-5.328918457E-2,1.832189941E-1,-1.459465027E-1,2.402276392E-1
3.351681863E1,8.981323242E-4,1.574725342E-1,6.945556641E-1,7.121839482E-1
3.352682162E1,-5.044509888E-2,1.428030396E-1,1.077309723E0,1.087903330E0
3.353682362E1,4.610412598E-2,2.544708252E-2,1.245709534E0,1.246822115E0
3.354682662E1,-8.816665649E-2,8.008346558E-2,1.517244873E0,1.521912851E0
3.355682862E1,-4.490661621E-4,-3.667373657E-2,-2.171983337E-1,2.202731958E-1
3.356683163E1,-1.185534668E-1,-4.234693909E-1,-1.779798889E-1,4.744028777E-1
3.357683362E1,-4.037104797E-1,-2.050735474E-1,-1.154848480E0,1.240448436E0
3.358683562E1,-1.091979218E0,-1.643582153E-1,-1.052910461E0,1.525795751E0
3.359683862E1,-2.027982788E0,3.088078308E-1,-7.084767151E-1,2.170257063E0
3.360684062E1,-2.658321991E0,7.053332520E-1,-2.489323425E-1,2.761546327E0
3.361684363E1,-3.157084808E0,1.122665405E0,6.918612671E-1,3.421437434E0
3.362684550E1,-3.843557281E0,1.375489655E0,6.550378418E-1,4.134486539E0
3.363684850E1,-4.268673248E0,1.666634216E0,1.197809143E0,4.736453067E0
3.364685050E1,-6.324797516E0,2.389481049E0,2.816692657E0,7.324373067E0
3.365685350E1,-2.102961868E1,6.283333740E0,6.242169342E0,2.281862886E1
3.366685550E1,-3.325963623E1,1.533531006E1,2.436932373E-1,3.662559929E1
3.367685750E1,-4.643733307E1,2.164214493E1,-1.881437531E0,5.126741798E1
3.368686050E1,-4.424319580E1,1.806428513E1,1.840871887E0,4.782434088E1
3.369686250E1,-3.327700012E1,1.318907318E1,5.370531921E0,3.619603572E1
3.370686550E1,-3.538506638E1,1.163515457E1,8.503965912E0,3.820729224E1
3.371686750E1,-4.445276001E1,1.163635208E1,1.178244827E1,4.743710204E1
3.372687050E1,-4.178021759E1,1.015233810E1,1.272728348E1,4.484016387E1
3.373687250E1,-2.010873367E1,5.333858185E0,8.385262756E0,2.243042230E1
3.374687550E1,-1.101065323E1,4.777165833E0,5.678291931E0,1.327775573E1
3.375687750E1,-3.337369904E1,6.789431305E0,1.215906509E1,3.616272983E1
3.376687950E1,-5.131374252E1,8.550818481E0,1.627939682E1,5.450903989E1
3.377688250E1,-3.127162033E1,7.612120514E0,1.008452911E1,3.372767920E1
3.378688450E1,-1.674118652E1,5.891748047E0,6.715485077E0,1.897571503E1
3.379688750E1,-1.357167755E1,5.553601227E0,4.658163300E0,1.538607824E1
3.380688950E1,-1.219139786E1,5.862858124E0,1.871707764E0,1.365674108E1
3.381689250E1,-1.079300583E1,5.784121857E0,9.975256348E-1,1.228576810E1
3.382689450E1,-9.658964081E0,4.491410065E0,1.271006927E0,1.072771225E1
3.383689750E1,-8.084089050E0,3.130889282E0,1.731299744E0,8.840382473E0
3.384689950E1,-6.340963898E0,1.881437531E0,1.772913208E0,6.847689506E0
3.385690150E1,-4.852159882E0,8.309220886E-1,1.505718842E0,5.147919605E0
3.386690450E1,-3.700454865E0,8.337661743E-2,8.819659424E-1,3.805020603E0
3.387690650E1,-2.702779541E0,-4.522096252E-1,3.137475586E-1,2.758250954E0
3.388690950E1,-1.870510254E0,-6.475534058E-1,2.767744446E-1,1.998684096E0
3.389691150E1,-1.316661987E0,-8.918453979E-1,-1.511856079E-2,1.590350771E0
3.390691450E1,-7.152127075E-1,-9.714797974E-1,-4.272116089E-1,1.279770281E0
3.391691650E1,7.679031372E-2,-1.019829254E0,-1.009500732E0,1.437024770E0
3.392691950E1,1.160536652E0,-8.940907288E-1,-1.563199310E0,2.142390169E0
3.393692150E1,1.721420288E0,-9.421408081E-1,-1.737886047E0,2.621290717E0
3.394692350E1,1.665137329E0,-9.496252441E-1,-1.293759613E0,2.312635805E0
3.395692650E1,1.808539124E0,-5.873785400E-1,-7.467970276E-1,2.042922688E0
3.396692850E1,2.100282440E0,-2.409988403E-1,-5.896238708E-1,2.194748979E0
3.397693150E1,2.109712830E0,-1.631607056E-1,-5.643264771E-1,2.189971235E0
3.398693350E1,2.080373840E0,6.661148071E-2,-5.102888489E-1,2.143078887E0
3.399693650E1,1.906285858E0,1.275347900E-1,-7.613168335E-1,2.056646352E0
3.400693850E1,1.505120087E0,-5.239105225E-2,-9.704319763E-1,1.791610872E0
3.401694150E1,1.112636261E0,-2.739303589E-1,-8.526269531E-1,1.428275188E0
3.402694350E1,8.048762512E-1,-4.180805969E-1,-7.797285461E-1,1.196074317E0
3.403694550E1,3.394940186E-1,-4.451742554E-1,-4.998106384E-1,7.504978218E-1
3.404694850E1,2.694396973E-3,-2.438429260E-1,-2.447410583E-1,3.454921388E-1
3.405695050E1,-3.579057312E-1,3.083587646E-1,-2.835104370E-1,5.509626195E-1
3.406695350E1,-4.586462402E-1,4.623884583E-1,-1.454974365E-1,6.673297266E-1
3.407695550E1,-3.215313721E-1,4.830455017E-1,6.286926270E-2,5.836676487E-1
3.408695850E1,-1.847158813E-1,3.617976379E-1,1.260379028E-1,4.253269808E-1
3.409696050E1,3.861968994E-2,2.480342102E-1,1.309776306E-1,2.831388168E-1
3.410696350E1,2.255809021E-1,1.020877075E-1,8.502319336E-2,2.617968427E-1
3.411696550E1,4.632865906E-1,3.712280273E-2,-1.757345581E-1,4.968855023E-1
3.412696850E1,8.027806091E-1,-8.607101440E-2,-2.712359619E-1,8.517240592E-1
3.413697050E1,9.502239990E-1,-1.631607056E-1,-1.930984497E-1,9.832772119E-1
3.414697250E1,1.012494507E0,-1.411564636E-1,-3.505709839E-1,1.080726741E0
3.415697550E1,9.611512756E-1,-1.303788757E-1,-6.363267517E-1,1.160052654E0
3.416697750E1,4.207749939E-1,-1.061293030E-1,-1.088536377E0,1.171847460E0
3.417698050E1,-5.096900940E-1,7.125183105E-2,-1.483864288E0,1.570577614E0
3.418698250E1,-1.816023560E0,5.810916138E-1,-1.438059540E0,2.388226177E0
3.419698550E1,-2.364932098E0,1.030906219E0,-8.029302979E-1,2.701919415E0
3.420698750E1,-2.946921844E0,1.371747437E0,4.646337891E-1,3.283584009E0
3.421699050E1,-5.335804138E0,1.570234680E0,1.631756744E0,5.796470721E0
3.422699250E1,-9.740095367E0,1.987417145E0,2.400857391E0,1.022660261E1
3.423699450E1,-1.620784561E1,5.729036407E0,2.143392792E0,1.732369043E1
3.424699750E1,-2.979553986E1,1.306438248E1,-1.541943512E0,3.257038340E1
3.425699950E1,-4.029455704E1,1.483969070E1,-1.226699066E0,4.295779950E1
3.426700250E1,-3.629622162E1,1.142678787E1,2.698887634E-1,3.805338388E1
3.427700450E1,-3.103615997E1,8.249195709E0,2.121687927E0,3.218375390E1
3.428700750E1,-3.160333054E1,7.035220184E0,5.634283447E0,3.286350520E1
3.429700950E1,-3.703927643E1,8.279732208E0,1.088476501E1,3.948341517E1
3.430701150E1,-4.012406158E1,9.310339050E0,1.421968002E1,4.357547511E1
3.431701450E1,-4.799693985E1,9.282796326E0,1.750774246E1,5.192684844E1
3.432701650E1,-4.159699860E1,7.945776672E0,1.469149887E1,4.482505770E1
3.433701950E1,-2.347089203E1,6.320606232E0,8.354875946E0,2.570285564E1
3.434702150E1,-2.180470688E1,7.188950500E0,7.317832489E0,2.409723892E1
3.435702450E1,-2.757999710E1,7.114255829E0,9.061855774E0,2.988956517E1
3.436702650E1,-2.489697647E1,6.274202728E0,8.402626648E0,2.701535104E1
3.437702950E1,-1.884012177E1,4.879403229E0,6.674620056E0,2.057448218E1
3.438703150E1,-1.550745209E1,3.385809174E0,4.509372711E0,1.650088532E1
3.439703350E1,-1.329595093E1,2.960992584E0,2.749781799E0,1.389644156E1
3.440703650E1,-1.112800919E1,2.734363861E0,1.921703796E0,1.161904814E1
3.441703850E1,-9.402996368E0,2.365530853E0,1.418899384E0,9.799252644E0
3.442704150E1,-7.444618835E0,2.139650574E0,5.864804077E-1,7.768166672E0
3.443704350E1,-5.614973602E0,1.700763245E0,-5.264552307E-1,5.890473604E0
3.444704650E1,-4.216731262E0,1.199156342E0,-1.532513123E0,4.644070945E0
3.445704850E1,-3.040327606E0,7.164102173E-1,-1.668580170E0,3.541326776E0
3.446705150E1,-1.773811340E0,1.318757629E-1,-1.447639618E0,2.293350900E0
3.447705350E1,-4.950205994E-1,-2.083666992E-1,-1.444346466E0,1.540973325E0
3.448705550E1,2.894979858E-1,-4.432283020E-1,-2.050585785E0,2.117820217E0
3.449705850E1,6.640191650E-1,-6.261479187E-1,-2.180814972E0,2.364093190E0
3.450706050E1,7.750881958E-1,-8.312214661E-1,-1.374591522E0,1.783589832E0
3.451706350E1,1.491648102E0,-1.066981201E0,-7.289840698E-1,1.973545215E0
3.452706550E1,1.776655426E0,-1.129251709E0,-1.329235840E-1,2.109355969E0
3.453706850E1,2.040706329E0,-9.428892517E-1,-1.591191101E-1,2.253628486E0
3.454707050E1,2.798879700E0,-4.248165894E-1,-1.661544800E-1,2.835807472E0
3.455707350E1,3.123255157E0,2.103126526E-1,-1.183588715E0,3.346615669E0
3.456707550E1,2.387086029E0,4.417314148E-1,-1.628912659E0,2.923467599E0
3.457707850E1,1.727707214E0,2.210902405E-1,-1.202299805E0,2.116454094E0
3.458708050E1,1.288819885E0,4.475692749E-2,-6.264472961E-1,1.433700141E0
3.459708250E1,1.188079376E0,-1.055305481E-1,-2.642005920E-1,1.221667407E0
3.460708550E1,1.148411865E0,-1.600172424E-1,2.106120300E-1,1.178479002E0
3.461708750E1,1.058299255E0,-1.513352966E-1,4.396357727E-1,1.155932221E0
3.462709162E1,9.837542725E-1,-1.023870850E-1,5.363346863E-1,1.125126873E0
3.463709362E1,9.509724426E-1,4.311035156E-2,4.254153442E-1,1.042681785E0
3.464709662E1,8.173004150E-1,2.465373230E-1,-5.822891235E-2,8.556583584E-1
3.465709863E1,-9.699829102E-2,2.110610962E-1,-3.854484558E-1,4.500288512E-1
3.466710062E1,-4.176315308E-2,2.180964661E-1,-2.803669739E-1,3.576532811E-1
3.467710362E1,-1.188528442E-1,1.941462708E-1,-4.043092346E-1,4.639878557E-1
3.468710563E1,1.103205872E-1,2.032772827E-1,-3.823049927E-1,4.468214331E-1
3.469710862E1,4.104464722E-1,-3.891906738E-2,-3.243754578E-1,5.245954993E-1
3.470711063E1,4.200265503E-1,-1.137634277E-1,-3.303630066E-1,5.463553208E-1
3.471711362E1,3.321592712E-1,-2.547702026E-1,-2.050735474E-1,4.661467553E-1
3.472711562E1,2.297721863E-1,-3.951782227E-1,-2.908451843E-1,5.418043987E-1
3.473711863E1,1.119671631E-1,-5.789959717E-1,-3.014730835E-1,6.623133706E-1
3.474712062E1,-3.038681030E-2,-7.655081177E-1,-4.650828552E-1,8.962299363E-1
3.475712363E1,-5.923182678E-1,-6.276448059E-1,-8.367599487E-1,1.202059127E0
3.476712562E1,-1.731748810E0,-2.752775574E-1,-1.619631958E0,2.387035683E0
3.477712762E1,-2.855012970E0,1.432521057E-1,-1.680854645E0,3.316156293E0
3.478713063E1,-3.537892914E0,5.535488892E-1,-3.053649902E-1,3.593932445E0
3.479713262E1,-4.806504822E0,1.145567780E0,1.315763855E0,5.113320708E0
3.480713563E1,-6.857689362E0,1.528022461E0,1.771865387E0,7.245844531E0
3.481713762E1,-1.406325531E1,1.259031830E0,1.744921417E0,1.422691329E1
3.482714062E1,-2.104847946E1,2.848276978E0,3.083138580E0,2.146291949E1
3.483714263E1,-2.919888062E1,1.073432785E1,9.410929871E-1,3.112372214E1
3.484714462E1,-3.424503708E1,1.718007385E1,-1.089733887E0,3.832838403E1
3.485714762E1,-3.562052673E1,1.468955292E1,-2.293231201E-1,3.853125327E1
3.486714962E1,-3.497297333E1,1.157408157E1,2.492466888E0,3.692263017E1
3.487715262E1,-3.855053375E1,1.089344696E1,6.532116394E0,4.058915352E1
3.488715463E1,-4.506214279E1,1.054272629E1,1.121288269E1,4.761800635E1
3.489715762E1,-4.555985779E1,8.257578278E0,1.304357574E1,4.810429408E1
3.490715962E1,-3.162623291E1,4.819228363E0,1.212807953E1,3.421306597E1
3.491716262E1,-1.525597504E1,3.966900787E0,6.553671570E0,1.707137040E1
3.492716462E1,-2.539349396E1,5.046156464E0,6.719376984E0,2.674777107E1
3.493716663E1,-3.901531723E1,6.566245422E0,9.181756439E0,4.061545530E1
3.494716962E1,-3.798366257E1,6.912625122E0,9.678722992E0,3.980226987E1
3.495717162E1,-2.300670731E1,6.180347900E0,7.291187897E0,2.491318330E1
3.496717462E1,-1.611728394E1,5.427263947E0,4.402045898E0,1.756701578E1
3.497717662E1,-1.287831940E1,5.066514130E0,1.451830902E0,1.391504541E1
3.498717963E1,-1.237925720E1,4.968917084E0,1.253044281E0,1.339799484E1
3.499718162E1,-1.274105484E1,4.151167603E0,2.376308441E0,1.360931713E1