"Time (s)","Acceleration x (m/s^2)","Acceleration y (m/s^2)","Acceleration z (m/s^2)","Absolute acceleration (m/s^2)"
2.236541652E-3,3.996239777E0,-3.969295807E0,9.490264893E0,1.103586740E1
1.217554166E-2,4.111799469E0,-3.714076538E0,-4.198319550E0,6.951772899E0
2.211554165E-2,5.273234253E0,-4.022584991E0,-5.055586853E0,8.339493266E0
3.205554164E-2,8.420589294E0,-5.870641937E0,-4.186494141E0,1.108591422E1
4.199554166E-2,1.184202438E1,-8.134833527E0,-4.611460419E0,1.508889079E1
5.193554165E-2,1.500000732E1,-9.851014709E0,-5.394631805E0,1.873885703E1
6.187454166E-2,1.839210342E1,-1.130673752E1,-5.862558746E0,2.237144110E1
7.181454165E-2,2.294787964E1,-1.382899246E1,-5.626200256E0,2.737700389E1
8.175454166E-2,2.968836273E1,-1.781699936E1,-4.882397003E0,3.496687216E1
9.169454165E-2,4.026461929E1,-2.387175842E1,-5.568420410E-1,4.681250357E1
1.016345416E-1,4.347978333E1,-2.621723099E1,1.039932449E1,5.182644796E1
1.115735417E-1,3.137999496E1,-2.155951675E1,3.200195160E1,4.973571908E1
1.215135416E-1,2.124532013E1,-1.769844589E1,8.582253113E0,2.895261099E1
1.314535417E-1,1.747136810E1,-1.522933044E1,-4.555776215E0,2.362067539E1
1.413935416E-1,1.453522385E1,-1.183843185E1,-7.715854797E0,2.027204026E1
1.513335417E-1,1.202659058E1,-9.051078186E0,-6.666387177E0,1.646212669E1
1.612725416E-1,8.706943817E0,-7.347919922E0,-3.107088776E0,1.180918280E1
1.712125417E-1,4.771028595E0,-6.350993042E0,4.757107544E-1,7.957645832E0
1.811525417E-1,3.040776672E0,-5.114564209E0,1.059347076E0,6.043782429E0
1.910925416E-1,3.248095551E0,-4.079317017E0,2.700384521E-1,5.221481858E0
2.010325417E-1,3.391946411E0,-3.315605164E0,-2.088157654E-1,4.747856578E0
2.109715416E-1,3.075205078E0,-2.406994629E0,-2.266287231E-1,3.911760473E0
2.209115417E-1,2.369871826E0,-1.209035797E0,2.371069336E-1,2.671007250E0
2.308515417E-1,1.425485687E0,5.915698242E-1,4.393363953E-1,1.604674662E0
2.407915416E-1,1.881587219E-1,2.317031708E0,6.340814209E-1,2.409584796E0
2.507315417E-1,-4.890330505E-1,2.892584839E0,9.274713135E-1,3.076752088E0
2.606705416E-1,-5.197192383E-1,2.729873199E0,8.725355530E-1,2.912667860E0
2.706105417E-1,-2.880010986E-1,2.370769958E0,6.042933655E-1,2.463466115E0
2.805505416E-1,-2.356100464E-1,1.828148346E0,-1.913021851E-1,1.853168906E0
2.904905417E-1,-1.368154907E-1,1.234782257E0,-1.129700775E0,1.679175257E0
3.004305417E-1,-9.400451660E-2,8.482859802E-1,-1.585053864E0,1.800228237E0
3.103705416E-1,-2.713856506E-1,7.216493225E-1,-1.676214294E0,1.845026362E0
3.203095417E-1,-5.375321960E-1,7.379653931E-1,-1.646126862E0,1.882356881E0
3.302495416E-1,-7.450007629E-1,1.038240967E0,-1.121617584E0,1.700293047E0
3.401895417E-1,-7.429051208E-1,1.844913483E0,3.580554199E-1,2.020845729E0
3.501295416E-1,-2.200424194E-2,1.953138428E0,1.381477203E0,2.392428299E0
3.600695417E-1,7.453001404E-1,1.605112152E0,2.380499725E0,2.966249528E0
3.700085416E-1,1.253044281E0,8.086184692E-1,3.925137634E0,4.198891431E0
3.799485417E-1,1.971400452E0,-7.140151978E-1,5.879772949E0,6.242432809E0
3.898885417E-1,2.670596466E0,-2.165397034E0,6.356830902E0,7.227055342E0
3.998285416E-1,3.419189758E0,-2.906954956E0,2.234104156E0,5.013229209E0
4.097685417E-1,3.788322144E0,-3.069666595E0,-2.610720978E0,5.530831917E0
4.197075416E-1,5.004093933E0,-3.649560699E0,-3.516487427E0,7.122214067E0
4.296475417E-1,7.754923553E0,-5.018913116E0,-3.469934235E0,9.867561593E0
4.395875417E-1,1.197345108E1,-7.598498840E0,-3.321443024E0,1.456477597E1
4.495275416E-1,1.607073074E1,-9.731263733E0,-3.970942383E0,1.920245463E1
4.594675417E-1,2.091405899E1,-1.200758011E1,-4.557871857E0,2.454290202E1
4.694065416E-1,2.911505493E1,-1.617671036E1,-4.109404449E0,3.355979122E1
4.793465417E-1,4.031237000E1,-2.187281525E1,-8.331674194E-1,4.587157496E1
4.892865416E-1,5.047623413E1,-2.744363068E1,8.000263367E0,5.800868289E1
4.992265417E-1,4.189323257E1,-2.778626816E1,1.873309433E1,5.364744595E1
5.091665417E-1,2.379392029E1,-2.092798004E1,9.481283569E0,3.307605976E1
5.191065416E-1,1.727841934E1,-1.643642029E1,-7.988887024E-1,2.386080279E1
5.290455417E-1,1.406714722E1,-1.357571915E1,-6.221661987E0,2.051569787E1
5.389855416E-1,1.018976028E1,-1.143277542E1,-5.034780121E0,1.612106012E1
5.489255417E-1,6.277346191E0,-9.536668396E0,-1.074166260E0,1.146764808E1
5.588655417E-1,5.938750305E0,-7.296876068E0,-4.314028931E-1,9.418028668E0
5.688045417E-1,6.060447235E0,-5.118456116E0,-1.665287018E0,8.105602664E0
5.787445416E-1,5.080135803E0,-3.350482635E0,-2.737207947E0,6.672767118E0
5.886845417E-1,4.062252502E0,-2.101180573E0,-3.349584503E0,5.668912730E0
5.986245417E-1,2.553240509E0,-1.169817352E0,-2.766546936E0,3.942244498E0
6.085645416E-1,1.434916077E0,-1.148112488E-1,-1.194965057E0,1.870857359E0
6.185045417E-1,9.925859070E-1,9.030720520E-1,5.819897461E-1,1.462695450E0
6.284435416E-1,8.196954346E-1,1.598376160E0,1.798959045E0,2.542235355E0
6.383835417E-1,5.620811462E-1,2.338137817E0,2.370769958E0,3.376888192E0
6.483235417E-1,2.665956116E-1,2.916684723E0,2.168839874E0,3.644446377E0
6.582635416E-1,8.517288208E-2,3.005899200E0,1.161434784E0,3.223602826E0
6.682035417E-1,-1.178050232E-1,2.793341217E0,-2.439926147E-1,2.806450708E0
6.781425416E-1,-3.917353821E-1,2.719694366E0,-1.199306030E0,2.998087559E0
6.880825417E-1,-6.661148071E-1,2.778671722E0,-1.285975800E0,3.133442075E0
6.980225416E-1,-7.845185852E-1,2.875220947E0,-5.686674500E-1,3.034097489E0
7.079625417E-1,-1.240769806E0,3.062930603E0,1.175206146E0,3.507443952E0
7.179025417E-1,-1.758393402E0,2.863844604E0,3.189716949E0,4.633340857E0
7.278415417E-1,-1.263821869E0,2.115999756E0,3.874991913E0,4.592413636E0
7.377815417E-1,6.092330933E-2,1.310225372E0,2.818039856E0,3.108335697E0
7.477215416E-1,9.198371887E-1,6.251000977E-1,1.026265869E0,1.513298457E0
7.576615417E-1,1.020577698E0,-4.281097412E-2,-5.373825073E-1,1.154206037E0
7.676015417E-1,8.587641907E-1,-6.985972595E-1,-1.265618134E0,1.681458690E0
7.775405417E-1,1.196012878E0,-1.124162292E0,-1.037193146E0,1.941637785E0
7.874805417E-1,2.009421387E0,-1.960473175E0,2.827619934E-1,2.821556968E0
7.974205417E-1,4.025878143E0,-4.087699585E0,5.427114258E0,7.897502889E0
8.073605417E-1,5.207969971E0,-4.869673462E0,4.409530334E0,8.383354258E0
8.173005416E-1,4.892276459E0,-3.862717438E0,-2.663261719E0,6.778489355E0
8.272395417E-1,6.066734161E0,-4.087250519E0,-4.696034546E0,8.692733784E0
8.371795416E-1,8.898395691E0,-5.307962036E0,-4.676125946E0,1.136758817E1
8.471195417E-1,1.348111588E1,-7.294481049E0,-5.443280640E0,1.626589202E1
8.570595417E-1,2.111778534E1,-1.096709381E1,-5.550757141E0,2.443458428E1
8.669995416E-1,3.729479507E1,-1.766551437E1,-5.054988098E-1,4.127017890E1
8.769385417E-1,4.352992905E1,-2.183524338E1,-5.693111115E0,4.903105231E1
8.868785416E-1,5.444852371E1,-2.717449036E1,4.514761505E0,6.102030590E1
8.968185417E-1,4.561868546E1,-2.745710266E1,1.932496353E1,5.664283860E1
9.067585416E-1,2.501298523E1,-2.099818405E1,6.853348389E0,3.336976997E1
9.166985417E-1,1.896765656E1,-1.725641510E1,-2.393372955E0,2.575430239E1
9.266385417E-1,1.323832077E1,-1.475496689E1,-4.298161926E0,2.028389461E1
9.365775417E-1,7.273824005E0,-1.277698013E1,4.550537109E-2,1.470244224E1
9.465175417E-1,6.578669586E0,-1.037732025E1,1.236428833E-1,1.228751223E1
9.564579583E-1,7.464228058E0,-8.357270966E0,-1.478026428E0,1.130235553E1
9.663979583E-1,6.814728699E0,-6.620432739E0,-1.497785339E0,9.618420755E0
9.763379583E-1,5.773493958E0,-5.142705688E0,-1.646575928E0,7.905179730E0
9.862769583E-1,4.912185059E0,-3.735182648E0,-2.020348663E0,6.493301178E0
9.962169583E-1,4.132456512E0,-2.476001129E0,-2.046544189E0,5.234130447E0
1.006156958E0,3.178939362E0,-1.460363159E0,-1.762135620E0,3.917070074E0
1.016096958E0,1.992057495E0,-5.909710693E-1,-9.470805359E-1,2.283528281E0
1.026036958E0,7.897576904E-1,5.936654663E-1,1.024020538E0,1.422945522E0
1.035975958E0,1.649569702E-1,1.881287842E0,2.651136932E0,3.254993361E0
1.045915958E0,3.158432007E-2,2.623743896E0,2.054028625E0,3.332275979E0
1.055855958E0,-1.511856079E-1,2.859503632E0,1.642085266E-1,2.868201971E0
1.065795958E0,-4.816983032E-1,3.187172241E0,-1.724414062E-1,3.227977105E0
1.075735958E0,-6.831793213E-1,4.203858032E0,1.972298584E0,4.693518727E0
1.085674958E0,-1.106049957E0,5.615572357E0,4.591402130E0,7.337504544E0
1.095614958E0,-1.696422272E0,5.791007538E0,2.775228882E0,6.641950931E0
1.105554958E0,-1.960622864E0,4.872218170E0,-3.614982605E-1,5.264335941E0
1.115494958E0,-9.334588623E-1,3.781286774E0,-1.989662476E0,4.373583414E0
1.125434958E0,1.104702759E-1,3.028053131E0,-2.606230316E0,3.996716891E0
1.135373958E0,5.629792786E-1,2.374063110E0,-2.690056000E0,3.631738234E0
1.145313958E0,1.040486298E0,1.790277100E0,-1.996099091E0,2.876128545E0
1.155253958E0,1.152752838E0,1.260528717E0,-1.382525024E0,2.197532069E0
1.165193958E0,1.190773773E0,7.014413452E-1,-6.450086975E-1,1.525122408E0
1.175133958E0,2.432441711E0,-2.953358459E-1,4.107458496E0,4.782803701E0
1.185072958E0,2.685415649E0,-2.884202271E0,1.425380905E1,1.478854802E1
1.195012958E0,2.473905487E0,-4.224515076E0,1.076651093E1,1.182727752E1
1.204952958E0,2.604284363E0,-3.199895782E0,9.868977356E-1,4.242121781E0
1.214892958E0,2.786754913E0,-2.252515869E0,-4.328698425E0,5.619382595E0
1.224832958E0,4.366719360E0,-3.181783447E0,-4.000131683E0,6.722576691E0
1.234771958E0,7.436086578E0,-4.791835327E0,-3.671564941E0,9.577967348E0
1.244711958E0,1.259450958E1,-7.289541321E0,-4.395908661E0,1.520141761E1
1.254651958E0,2.028761169E1,-1.131287476E1,-5.577252045E0,2.388878532E1
1.264591958E0,3.085009689E1,-1.701631439E1,-6.782545624E0,3.587877310E1
1.274531958E0,4.560730911E1,-2.320339828E1,-3.053799591E0,5.126158433E1
1.284470958E0,5.767566284E1,-2.753643768E1,2.000440063E0,6.394325019E1
1.294410958E0,4.751658875E1,-2.565889206E1,5.868097229E0,5.431978933E1
1.304350958E0,2.966276596E1,-1.928140411E1,1.603450607E1,3.884272923E1
1.314290958E0,1.937855209E1,-1.586850128E1,6.354136505E0,2.584013670E1
1.324230958E0,1.400861893E1,-1.352317841E1,-7.997868347E-1,1.948736558E1
1.334170958E0,1.141376495E1,-1.146091690E1,-4.023632812E0,1.666782132E1
1.344109958E0,7.005432129E0,-9.594448242E0,4.171824646E-1,1.188711730E1
1.354049958E0,3.854634247E0,-7.800578613E0,4.346062317E0,9.726021260E0
1.363989958E0,4.211641846E0,-6.217321014E0,3.758085022E0,8.397393087E0
1.373929958E0,5.316045227E0,-4.818330231E0,1.084345093E0,7.256200614E0
1.383869958E0,5.396727448E0,-3.664379883E0,-1.241069183E0,6.640225884E0
1.393808958E0,4.508773956E0,-2.645448761E0,-2.324067078E0,5.720902859E0
1.403748958E0,3.343896332E0,-1.343156891E0,-2.484683075E0,4.377140973E0
1.413688958E0,2.175276489E0,1.029858398E-1,-2.167941742E0,3.072849701E0
1.423628958E0,1.277144165E0,1.271455994E0,-1.537602539E0,2.368948951E0
1.433568958E0,6.210585022E-1,2.098186798E0,-1.159189453E0,2.476251540E0
1.443507958E0,3.188369751E-1,2.744991760E0,-1.811981964E0,3.304529531E0
1.453447958E0,2.960842896E-1,3.259022827E0,-3.148851929E0,4.541383508E0
1.463387958E0,4.225712585E-1,3.763473816E0,-3.399430847E0,5.089050178E0
1.473327958E0,3.344046021E-1,4.055516510E0,-2.728076935E0,4.899126898E0
1.483267958E0,2.031275940E-1,4.377496948E0,-1.250649261E0,4.557177188E0
1.493206958E0,-1.086740112E-1,5.340743866E0,2.370320892E0,5.844123220E0
1.503146958E0,-9.084608459E-1,6.021677856E0,4.773722992E0,7.737850898E0
1.513086958E0,-1.413809967E0,5.669460297E0,3.553610229E0,6.838843787E0
1.523026958E0,-1.775457916E0,4.471501465E0,1.379680939E0,5.005007058E0
1.532966958E0,-1.553469543E0,3.258873138E0,2.559677124E-2,3.610287655E0
1.542905958E0,-1.190324707E0,2.349514160E0,-3.876937866E-1,2.662216402E0
1.552845958E0,-7.059320068E-1,1.370699615E0,7.005432129E-2,1.543394001E0
1.562785958E0,-3.552113342E-1,2.986289978E-1,1.248254242E0,1.331725581E0
1.572725958E0,2.035766602E-2,-1.845961304E0,8.276738434E0,8.480117138E0
1.582665958E0,1.976938934E0,-5.118755493E0,1.689042618E1,1.775940432E1
1.592604958E0,3.766916656E0,-5.249882812E0,7.384743347E0,9.812510634E0
1.602544958E0,2.387385406E0,-3.016377411E0,-5.071753235E0,6.365596802E0
1.612484958E0,3.880829773E0,-3.486549683E0,-5.422623596E0,7.524740200E0
1.622424958E0,6.867119751E0,-4.943619690E0,-4.591252441E0,9.626853499E0
1.632364958E0,1.102367615E1,-6.649622040E0,-5.244643707E0,1.390126601E1
1.642304958E0,1.758094025E1,-9.448202362E0,-6.650370483E0,2.103771412E1
1.652243958E0,2.795811081E1,-1.483370316E1,-8.337661743E0,3.272936468E1
1.662183958E0,4.101485916E1,-2.174288544E1,-8.684041443E0,4.722694480E1
1.672123958E0,5.629104218E1,-2.772175232E1,-3.503314819E0,6.284465129E1
1.682063958E0,5.960425232E1,-2.699396576E1,2.126283371E1,6.880006671E1
1.692003958E0,3.763608536E1,-1.917722076E1,2.015543655E1,4.680258903E1
1.701942958E0,2.429163528E1,-1.496108826E1,-1.778601379E0,2.858463100E1
1.711882958E0,1.849074829E1,-1.229318619E1,-3.977678375E0,2.255775087E1
1.721822958E0,1.011835876E1,-1.037372772E1,1.906285858E0,1.461606434E1
1.731762958E0,5.015919342E0,-9.325607300E0,4.828209686E0,1.163778360E1
1.741702958E0,5.581892395E0,-8.058492279E0,8.414002991E-1,9.838941761E0
1.751641958E0,5.929469604E0,-6.522835693E0,-8.044271851E-1,8.851728553E0
1.761581958E0,5.429060211E0,-5.006788330E0,-1.901795197E0,7.626234269E0
1.771521958E0,4.292623444E0,-3.447929993E0,-2.243384857E0,5.945385848E0
1.781461958E0,3.259022827E0,-2.199975128E0,-2.849923553E0,4.856252116E0
1.791401958E0,2.670147400E0,-1.171014862E0,-3.221750336E0,4.345185631E0
1.801340958E0,2.130818939E0,-7.783813477E-3,-2.293979645E0,3.130941160E0
1.811280958E0,1.594184875E0,1.179098053E0,-9.919871521E-1,2.217145946E0
1.821220958E0,1.231339417E0,2.380350037E0,1.751358032E-2,2.680031675E0
1.831160958E0,9.279203796E-1,3.892655182E0,1.039887543E0,4.134630177E0
1.841100958E0,1.127156067E0,5.217849426E0,1.412013702E0,5.521794648E0
1.851039958E0,1.417851562E0,5.515430603E0,-1.106199646E-1,5.695833088E0
1.860979958E0,1.652713165E0,5.589077454E0,-6.216572571E-1,5.861374014E0
1.870919958E0,2.035916290E0,6.637646942E0,2.886447601E0,7.518968801E0
1.880859958E0,-6.810836792E-2,8.710536346E0,1.075109299E1,1.383705469E1
1.890799958E0,-3.339106293E0,6.805597687E0,7.846682739E0,1.091037216E1
1.900738958E0,-3.026107178E0,4.087400208E0,2.565215607E0,5.696007041E0
1.910678958E0,-2.250869293E0,2.153272247E0,1.710942078E-1,3.119658182E0
1.920618958E0,-1.441801758E0,9.577084351E-1,-2.328707428E0,2.901529948E0
1.930558958E0,-1.153650970E0,1.889071655E-1,-3.411405945E0,3.606145726E0
1.940498958E0,-9.786648560E-1,-3.519181824E-1,-3.162623291E0,3.329236758E0
1.950437958E0,-1.231938171E-1,-7.406597900E-1,-2.686912537E0,2.789848136E0
1.960377542E0,8.930429077E-1,-1.479074249E0,-2.064955902E0,2.692439256E0
1.970317542E0,2.190544739E0,-2.889591064E0,-7.444020081E-1,3.701669505E0
1.980257542E0,4.090094604E0,-4.519102478E0,1.570833435E0,6.294337039E0
1.990197542E0,5.228776703E0,-4.861290894E0,1.483265533E0,7.291936067E0
2.000136542E0,9.213640137E0,-7.649542694E0,6.912325745E0,1.382703566E1
2.010076542E0,1.320479050E1,-9.221124573E0,4.741240540E0,1.678913316E1
2.020016542E0,1.563618439E1,-9.388476563E0,-2.836451569E0,1.845749744E1
2.029956542E0,2.171130112E1,-1.174667267E1,-6.522386627E0,2.553245860E1
2.039896542E0,3.623844177E1,-1.732886444E1,-3.731590118E0,4.034152909E1
2.049836542E0,5.130700653E1,-2.258099258E1,-1.647773438E0,5.608052516E1
2.059775542E0,5.604480423E1,-2.394286057E1,-2.525099030E0,6.099718664E1
2.069715542E0,4.589141830E1,-1.783151917E1,4.149970093E0,4.940857822E1
2.079655542E0,2.694187408E1,-1.085557571E1,1.194605804E1,3.140726677E1
2.089595542E0,1.696556992E1,-8.761580200E0,6.784940643E0,2.026403883E1
2.099535542E0,1.272967850E1,-8.275540924E0,-1.775906982E0,1.528669807E1
2.109474542E0,9.448501740E0,-6.914720764E0,-3.296744385E0,1.216371949E1
2.119414542E0,5.669909363E0,-5.393284607E0,-1.038540344E0,7.893918994E0
2.129354542E0,3.235671387E0,-4.123924255E0,9.994715881E-1,5.336221888E0
2.139294542E0,2.045945435E0,-2.889890442E0,1.178648987E0,3.731832381E0
2.149234542E0,1.152902527E0,-1.762434998E0,4.984634399E-1,2.164215137E0
2.159173542E0,1.039139099E0,-7.535330200E-1,-3.385958862E-1,1.327504898E0
2.169113542E0,1.056053925E0,3.128494263E-1,-7.638615417E-1,1.340376481E0
2.179053542E0,8.562194824E-1,1.277742920E0,-5.884263611E-1,1.646810358E0
2.188993542E0,2.694396973E-1,2.115850067E0,8.509803772E-1,2.296429154E0
2.198933542E0,-2.200424194E-1,3.047961731E0,2.136357422E0,3.728607302E0
2.208872542E0,-9.116043091E-2,3.387306061E0,1.339714050E0,3.643759914E0
2.218812542E0,7.080276489E-2,3.347039795E0,2.330653381E-1,3.355891517E0
2.228752542E0,4.819976807E-2,3.521127777E0,2.067201233E-1,3.527519986E0
2.238692542E0,1.085243225E-1,3.892655182E0,7.816744995E-1,3.971845530E0
2.248632542E0,2.975811768E-1,4.321513367E0,1.035546570E0,4.453806129E0
2.258571542E0,3.357518005E-1,4.377946014E0,4.466711426E-1,4.413463004E0
2.268511542E0,9.774673462E-2,4.261338501E0,-2.655477905E-1,4.270723109E0
2.278451542E0,-4.442761230E-1,4.165837097E0,-7.352709961E-1,4.253493086E0
2.288391542E0,-8.583151245E-1,3.441493378E0,-1.652713165E0,3.913060481E0
2.298331542E0,-9.725276184E-1,2.327809296E0,-2.161954193E0,3.322431642E0
2.308270542E0,-1.303938446E0,1.150208130E0,-1.075812836E0,2.044653386E0
2.318210542E0,-9.539662170E-1,-2.474354553E-1,1.910926208E0,2.150096468E0
2.328150542E0,1.743873596E0,-2.986439667E0,9.744586029E0,1.034006160E1
2.338090542E0,2.699935455E0,-2.963986359E0,4.894970856E0,6.327369617E0
2.348030542E0,1.828896790E0,-1.334175568E0,-4.058809662E0,4.647453473E0
2.357969542E0,4.226760406E0,-2.724334717E0,-3.219355316E0,5.970908795E0
2.367909542E0,1.070483917E1,-6.067332916E0,9.289682007E-1,1.233973632E1
2.377849542E0,2.593851059E1,-1.398032776E1,1.069930069E1,3.134853954E1
2.387789542E0,3.216511230E1,-1.564022598E1,-8.572673035E-1,3.577633332E1
2.397729542E0,4.278926926E1,-1.961700623E1,-4.894372101E0,4.732550449E1
2.407668542E0,5.438251099E1,-2.387130936E1,-4.184548187E0,5.953828478E1
2.417608542E0,5.365637100E1,-2.183150116E1,-1.971849518E0,5.796126968E1
2.427548542E0,3.965433838E1,-1.334699478E1,3.790567474E0,4.201163201E1
2.437488542E0,2.320444611E1,-6.746770020E0,7.070097656E0,2.517839363E1
2.447428542E0,1.342872482E1,-4.471052399E0,4.262985077E0,1.478154260E1
2.457368542E0,7.794591064E0,-3.654949493E0,8.779243469E-1,8.653615246E0
2.467307542E0,4.728666687E0,-3.125650177E0,5.924679565E-1,5.699210116E0
2.477247542E0,2.634970551E0,-3.012335815E0,1.232237549E0,4.187558506E0
2.487187542E0,1.126108246E0,-2.746189270E0,2.092648315E0,3.631645944E0
2.497127542E0,-6.511459351E-2,-2.048041077E0,2.906505890E0,3.556190188E0
2.507067542E0,-1.396595764E0,-1.269809418E0,3.221301270E0,3.733587759E0
2.517006542E0,-1.990710297E0,-5.023553467E-1,2.969674530E0,3.610298491E0
2.526946542E0,-1.573378143E0,3.197351074E-1,2.621947632E0,3.074468849E0
2.536886542E0,-2.157014465E-1,1.182989960E0,1.751807098E0,2.124810690E0
2.546826542E0,1.527274017E0,1.413510590E0,-8.472381592E-2,2.082728075E0
2.556766542E0,2.725232849E0,1.169817352E0,-1.748364258E0,3.442694337E0
2.566705542E0,2.484234009E0,1.266366577E0,-2.072440338E0,3.474206654E0
2.576645542E0,1.769170990E0,1.917063446E0,-1.308878174E0,2.918605887E0
2.586585542E0,7.125183105E-1,2.755170593E0,-1.960922241E-1,2.852560166E0
2.596525542E0,-2.167492676E-1,3.691922607E0,1.558409271E0,4.013217193E0
2.606465542E0,-1.085542603E0,4.772974548E0,3.961961060E0,6.297366451E0
2.616404542E0,-1.562301178E0,4.706662445E0,2.470312958E0,5.540388294E0
2.626344542E0,-1.518442383E0,3.292553101E0,-6.860234070E-1,3.690149225E0
2.636284542E0,-1.127605133E0,2.016157379E0,-1.748813324E0,2.897366383E0
2.646224542E0,-8.379574585E-1,8.271798706E-1,-1.325493622E0,1.772944608E0
2.656164542E0,1.142124939E-1,-7.951464844E-1,9.129515076E-1,1.216052170E0
2.666103542E0,1.570384369E0,-2.813249817E0,3.855382690E0,5.024386260E0
2.676043542E0,2.839894409E0,-4.725972290E0,5.096900940E0,7.508542704E0
2.685983542E0,3.920048218E0,-5.529800720E0,2.328557739E0,7.167123215E0
2.695923542E0,5.154980164E0,-4.788991241E0,-2.883753204E0,7.604228438E0
2.705863542E0,7.880362701E0,-5.481301575E0,-3.519032135E0,1.022391170E1
2.715802542E0,1.450498672E1,-9.022936707E0,-6.822811890E-1,1.709600931E1
2.725742542E0,2.512899399E1,-1.320404205E1,1.970502319E0,2.845515673E1
2.735682542E0,3.258424072E1,-1.495195724E1,-1.128802643E0,3.586876028E1
2.745622542E0,4.242672318E1,-1.744367569E1,-1.034049683E0,4.588439734E1
2.755562542E0,5.346387131E1,-1.914398987E1,2.359543304E0,5.683700668E1
2.765502542E0,5.122512680E1,-1.574440933E1,1.655557251E0,5.361567784E1
2.775441542E0,3.225148270E1,-9.193581848E0,1.827699280E0,3.358601745E1
2.785381542E0,1.869851624E1,-6.192023621E0,4.610412598E0,2.022947281E1
2.795321542E0,1.193872330E1,-5.836363220E0,4.673880615E0,1.408692335E1
2.805261542E0,7.910150757E0,-6.123166809E0,1.871707764E0,1.017678469E1
2.815201542E0,5.971681824E0,-6.097120972E0,3.153941345E-1,8.540219049E0
2.825140542E0,4.189188538E0,-5.827082520E0,6.574328613E-1,7.206691978E0
2.835080542E0,2.784958649E0,-5.558241577E0,1.023571472E0,6.300614467E0
2.845020542E0,1.871558075E0,-4.765041046E0,5.845344543E-1,5.152671766E0
2.854960542E0,6.535409546E-1,-3.636537781E0,2.820135498E-1,3.705543746E0
2.864900542E0,-1.594184875E-1,-2.447111206E0,3.053649902E-1,2.471237602E0
2.874839542E0,-2.646496582E-1,-1.337618408E0,-7.634124756E-2,1.365683138E0
2.884779542E0,1.743873596E-1,-4.646337891E-1,-1.035845947E0,1.148595810E0
2.894719542E0,5.676196289E-1,-4.535568237E-2,-1.851948853E0,1.937514834E0
2.904659542E0,7.020401001E-1,2.368075562E-1,-2.171384583E0,2.294307984E0
2.914599542E0,4.697232056E-1,7.041357422E-1,-2.362686768E0,2.509728231E0
2.924538542E0,1.380130005E-1,1.231189728E0,-2.554438019E0,2.839019078E0
2.934478542E0,-2.209405518E-1,1.785037994E0,-2.512225800E0,3.089733619E0
2.944418542E0,-3.129991150E-1,2.441872101E0,-2.307451630E0,3.374172614E0
2.954358958E0,-1.441502380E-1,2.988684998E0,-2.223176880E0,3.727671223E0
2.964298958E0,1.751358032E-2,3.280727692E0,-1.864672394E0,3.773656589E0
2.974237958E0,4.842430115E-1,4.056264954E0,1.122515717E0,4.236486540E0
2.984177958E0,7.334747314E-1,5.268593903E0,6.621330872E0,8.493414473E0
2.994117958E0,3.574566650E-1,5.156027985E0,9.571695557E0,1.087794814E1
3.004057958E0,-1.389111328E-1,2.922821960E0,9.187743988E0,9.642449072E0
3.013997958E0,6.526428223E-1,4.537065125E-1,8.462352448E0,8.499600061E0
3.023936958E0,2.799777832E0,-1.813927917E0,6.778504028E0,7.554945881E0
3.033876958E0,3.290607147E0,-2.581082611E0,6.233038330E-1,4.228308233E0
3.043816958E0,2.391726379E0,-1.444346466E0,-5.003644867E0,5.730877223E0
3.053756958E0,4.583318939E0,-2.188449097E0,-4.861440582E0,7.030627745E0
3.063696958E0,9.251810760E0,-4.041894836E0,-4.743934937E0,1.115517077E1
3.073636958E0,1.686482941E1,-7.076234894E0,-4.765190735E0,1.889980460E1
3.083575958E0,2.534080353E1,-9.991273041E0,-5.999673615E0,2.789225598E1
3.093515958E0,3.651925781E1,-1.422432037E1,-6.137237549E0,3.966929752E1
3.103455958E0,4.900943436E1,-1.839300156E1,-3.065325623E0,5.243685139E1
3.113395958E0,5.705894531E1,-2.015828064E1,5.223088531E0,6.074010349E1
3.123335958E0,4.542932922E1,-1.706885513E1,1.541180099E1,5.091849742E1
3.133274958E0,2.633084473E1,-1.285571640E1,7.654332733E0,3.028484172E1
3.143214958E0,1.844165039E1,-1.152782776E1,8.936416626E-2,2.174840840E1
3.153154958E0,1.227597198E1,-1.098760117E1,-1.414857788E0,1.653567931E1
3.163094958E0,6.860832825E0,-1.028421387E1,1.304237823E0,1.243129592E1
3.173034958E0,4.546944580E0,-8.704698486E0,2.172582092E0,1.005816055E1
3.182973958E0,4.627626801E0,-6.436315613E0,9.157955933E-1,7.979960529E0
3.192913958E0,4.715793457E0,-4.323609009E0,-2.502795410E-1,6.402729312E0
3.202853958E0,4.427343292E0,-2.922821960E0,-1.312770081E0,5.465127823E0
3.212793958E0,4.042792969E0,-1.971699829E0,-1.933080139E0,4.895771035E0
3.222733958E0,3.101699982E0,-1.207089844E0,-2.045346680E0,3.906539608E0
3.232672958E0,1.716181183E0,-2.427951050E-1,-1.796264648E0,2.496155845E0
3.242612958E0,6.737489319E-1,5.361849976E-1,-1.981728973E0,2.160713238E0
3.252552958E0,1.676513672E-1,9.491761780E-1,-2.543660431E0,2.720156390E0
3.262492958E0,-2.263293457E-1,1.329086151E0,-2.336790619E0,2.697829751E0
3.272432958E0,-4.085005188E-1,1.801354065E0,-1.792821808E0,2.574093855E0
3.282371958E0,-2.634521484E-1,2.262844391E0,-1.483415222E0,2.718527633E0
3.292311958E0,-2.841091919E-1,2.535726929E0,-1.396296387E0,2.908654790E0
3.302251958E0,-3.427871704E-1,2.676134949E0,-1.315614166E0,3.001673190E0
3.312191958E0,-3.742218018E-1,2.611768799E0,-1.170865173E0,2.886572963E0
3.322131958E0,-3.718267822E-1,2.429447937E0,-9.012757874E-1,2.617779685E0
3.332070958E0,-5.069956970E-1,2.020498352E0,-5.745053101E-1,2.160905962E0
3.342010958E0,-7.735913086E-1,1.450783081E0,-3.417393494E-1,1.679285814E0
3.351950958E0,-1.049018555E0,9.737251282E-1,-4.056564331E-2,1.431861070E0
3.361890958E0,-1.642534332E0,4.561015320E-1,1.462009735E0,2.245756021E0
3.371830958E0,-4.267924805E0,-2.249671783E0,1.029633865E1,1.137061102E1
3.381770958E0,-3.097359009E0,-4.104913788E0,1.254316635E1,1.355636279E1
3.391709958E0,1.945055237E0,-2.962938538E0,6.409671021E0,7.324351660E0
3.401649958E0,3.394940186E0,-1.156495056E0,-8.867559814E-1,3.694514291E0
3.411589958E0,3.178490295E0,-5.242098999E-1,-5.598956909E0,6.459559973E0
3.421529958E0,4.183949432E0,-8.048762512E-1,-5.555547180E0,7.001240112E0
3.431468958E0,6.330635376E0,-1.387165375E0,-5.353018341E0,8.405710999E0
3.441408958E0,1.157557846E1,-2.869532776E0,-6.337521057E0,1.350527335E1
3.451348958E0,2.376637756E1,-6.314319305E0,-5.115462341E0,2.511731048E1
3.461288958E0,4.116260193E1,-1.098176331E1,-4.588558044E0,4.284873146E1
3.471228958E0,5.502871719E1,-1.613509689E1,-5.899831238E0,5.764814894E1
3.481168958E0,7.058257278E1,-2.466585709E1,1.026355682E1,7.546949506E1
3.491107958E0,5.425632339E1,-2.802023163E1,3.190704895E1,6.889805354E1
3.501047958E0,2.889935349E1,-2.016980667E1,1.180310532E1,3.716593909E1
3.510987958E0,2.152134613E1,-1.366074234E1,-3.124901733E0,2.568169059E1
3.520927958E0,1.542602142E1,-9.519304504E0,-5.732928314E0,1.901172697E1
3.530867958E0,9.428593140E0,-5.737868042E0,-5.710175629E0,1.242689036E1
3.540806958E0,5.823939056E0,-2.890339508E0,-4.587360535E0,7.957148062E0
3.550746958E0,2.429897003E0,-1.021176453E0,-3.066223755E0,4.043380876E0
3.560686958E0,-7.424560547E-2,2.537223816E-1,-2.147883453E0,2.164091215E0
3.570626958E0,-1.043031006E0,9.189390564E-1,-1.779499512E0,2.258092376E0
3.580566958E0,-1.232686615E0,1.159788208E0,-1.716181183E0,2.410374002E0
3.590505958E0,-1.266067200E0,1.289867706E0,-1.814676361E0,2.561197991E0
3.600445958E0,-1.232387238E0,1.356329498E0,-2.013163605E0,2.722358483E0
3.610385958E0,-1.169817352E0,1.521885223E0,-1.934577026E0,2.725288158E0
3.620325958E0,-1.109343109E0,1.936822357E0,-1.589993591E0,2.740438395E0
3.630265958E0,-1.046473846E0,2.300565948E0,-1.136586456E0,2.771198291E0
3.640204958E0,-1.171613617E0,2.669997711E0,-3.953279114E-1,2.942422540E0
3.650144958E0,-1.609602814E0,3.630999298E0,1.580114136E0,4.274545333E0
3.660084958E0,-2.589764557E0,5.146447906E0,4.184847565E0,7.120797403E0
3.670024958E0,-2.833308105E0,5.517526245E0,4.037104797E0,7.400604423E0
3.679964958E0,-2.779120789E0,5.197342072E0,3.065475311E0,6.643268461E0
3.689903958E0,-3.052153015E0,4.704716492E0,2.221230927E0,6.031903690E0
3.699843958E0,-2.654130707E0,3.608695679E0,-1.796264648E-3,4.479631406E0
3.709783958E0,-1.686842194E0,2.465971985E0,-1.381626892E0,3.291708870E0
3.719723958E0,-1.364562378E0,1.461261292E0,-2.499801636E-1,2.014895811E0
3.729663958E0,-6.313870239E-1,-2.396516418E-1,3.933669891E0,3.991220527E0
3.739602958E0,1.638941803E0,-2.081571350E0,8.935668182E0,9.320152112E0
3.749542958E0,3.662284241E0,-2.642604675E0,7.084318085E0,8.401383699E0
3.759482958E0,1.891017609E0,-5.969586182E-1,-1.855840759E0,2.715962465E0
3.769422958E0,1.360071716E0,-1.178050232E-1,-3.569776611E0,3.821907659E0
3.779362958E0,2.372266846E0,-3.576063538E-1,-3.703448639E0,4.412602873E0
3.789301958E0,4.042044525E0,-5.319937134E-1,-4.828808441E0,6.319693997E0
3.799241958E0,1.019799316E1,-2.014211426E0,-5.672603760E0,1.184206678E1
3.809181958E0,2.422652069E1,-5.394332428E0,-5.618715820E0,2.544785049E1
3.819121958E0,4.334251877E1,-1.009096573E1,-4.234394531E0,4.470270260E1
3.829061958E0,6.383235992E1,-1.713352066E1,-3.611539764E0,6.619041413E1
3.839000958E0,7.772766449E1,-2.411066162E1,1.577419739E0,8.139657292E1
3.848940958E0,5.745621918E1,-2.166295166E1,2.217339020E1,6.528521907E1
3.858880958E0,2.661974396E1,-1.499177444E1,1.828417786E1,3.560442710E1
3.868820958E0,1.760114822E1,-1.177975388E1,6.277944946E-1,2.118860888E1
3.878760958E0,1.267249741E1,-8.843459930E0,-5.108576660E0,1.627564222E1
3.888700958E0,7.780370636E0,-6.373895416E0,-5.071453857E0,1.126411800E1
3.898639958E0,2.720293121E0,-4.358486481E0,-1.031205597E0,5.240208398E0
3.908579958E0,-7.560777283E-1,-2.953358459E0,1.510808258E0,3.402428738E0
3.918519958E0,-1.920506287E0,-1.959425354E0,6.291416931E-1,2.814873245E0
3.928459958E0,-2.079775085E0,-1.232087860E0,-6.068380737E-1,2.492339734E0
3.938399958E0,-2.123633881E0,-6.014492798E-1,-1.438059540E0,2.634307753E0
3.948338958E0,-2.151925049E0,-1.095721436E-1,-1.556014252E0,2.657812601E0
3.958278833E0,-2.203268280E0,3.474275208E-1,-1.147663422E0,2.508431447E0
3.968218833E0,-2.076631622E0,8.529263306E-1,-6.048921204E-1,2.325032623E0
3.978158833E0,-1.698667603E0,1.377136230E0,-1.761836243E-1,2.193858813E0
3.988098833E0,-1.232387238E0,1.730850677E0,2.739303589E-2,2.124940646E0
3.998037833E0,-9.330097961E-1,2.025887146E0,1.881587219E-1,2.238331904E0
4.007977833E0,-7.279362488E-1,2.211052094E0,3.177891541E-1,2.349389812E0
4.017917833E0,-6.107299805E-1,2.301314392E0,2.140548706E-1,2.390577028E0
4.027857833E0,-6.011499023E-1,2.325114899E0,-2.359094238E-1,2.413129452E0
4.037797833E0,-5.400769043E-1,2.307451630E0,-6.545887756E-1,2.458557006E0
4.047736833E0,-4.492158508E-1,2.295775909E0,-8.680448914E-1,2.495172106E0
4.057676833E0,-4.291575623E-1,2.333347778E0,-9.589059448E-1,2.558942883E0
4.067616833E0,-3.550616455E-1,2.315834198E0,-8.728349304E-1,2.500199516E0
4.077556833E0,-3.692820740E-1,2.060165863E0,-1.122665405E-1,2.096009640E0
4.087496833E0,6.715036011E-1,9.448352051E-1,5.914351044E0,6.026871404E0
4.097435833E0,3.047812042E0,-8.439450073E-1,1.161644348E1,1.203923422E1
4.107375833E0,2.240989838E0,-6.905140686E-1,5.486091614E-1,2.408280952E0
4.117315833E0,1.403780823E0,-1.613644409E-1,-2.800376587E0,3.136677878E0
4.127255833E0,3.513942719E0,-1.103355560E0,-1.916015625E-2,3.683144585E0
4.137195833E0,9.630672913E0,-3.300486603E0,4.530478821E0,1.114308355E1
4.147134833E0,1.659164749E1,-4.774621124E0,9.991722107E-1,1.729387517E1
4.157074833E0,2.653651703E1,-6.896758118E0,-4.741390228E0,2.782503890E1
4.167014833E0,4.496843765E1,-1.098819992E1,-4.136498108E0,4.647592429E1
4.176954833E0,6.344631271E1,-1.563184341E1,-1.315614166E0,6.535686625E1
4.186894833E0,7.107235428E1,-1.851290222E1,3.864813080E0,7.354552244E1
4.196833833E0,4.641667603E1,-1.414618286E1,9.708511047E0,4.948613432E1
4.206773833E0,2.257021500E1,-9.108109589E0,4.948559418E0,2.483667662E1
4.216713833E0,1.333891159E1,-6.871610413E0,-4.022135925E-1,1.501024210E1
4.226653833E0,8.538244629E0,-5.594017181E0,-1.748064880E0,1.035617595E1
4.236593833E0,4.954996033E0,-4.549189911E0,-4.396357727E-1,6.740949054E0
4.246532833E0,2.988385620E0,-3.566633148E0,7.976911926E-1,4.720977851E0
4.256472833E0,1.531016235E0,-2.623444519E0,1.398242340E0,3.343882997E0
4.266412833E0,2.487826538E-1,-1.965861969E0,1.384770355E0,2.417456313E0
4.276352833E0,-5.411247253E-1,-1.462309113E0,7.188052368E-1,1.716928909E0
4.286292833E0,-7.851173401E-1,-1.016835480E0,-1.254391479E-1,1.290774423E0
4.296232833E0,-4.293072510E-1,-4.483177185E-1,-8.461903381E-1,1.049443462E0
4.306171833E0,-1.749861145E-1,1.242416382E-1,-1.140328674E0,1.160347194E0
4.316111833E0,-1.178050232E-1,6.825805664E-1,-1.382375336E0,1.546206914E0
4.326051833E0,3.188369751E-2,1.035845947E0,-1.716031494E0,2.004683887E0
4.335991833E0,1.152603149E-2,1.368304596E0,-1.850302277E0,2.301305897E0
4.345931833E0,-2.682421875E-1,1.745520172E0,-1.867815857E0,2.570511742E0
4.355870833E0,-6.131250000E-1,2.129322052E0,-1.901196442E0,2.919671656E0
4.365810833E0,-7.340734863E-1,2.489473114E0,-1.765728149E0,3.139129842E0
4.375750833E0,-5.893244934E-1,2.856809235E0,-1.234482880E0,3.167429611E0
4.385690833E0,-4.724176025E-1,3.348536682E0,-2.694396973E-3,3.381698325E0
4.395630833E0,-4.764591980E-1,4.048032074E0,2.032772827E0,4.554749434E0
4.405569833E0,-8.575666809E-1,4.591402130E0,3.935615845E0,6.107820087E0
4.415509833E0,-1.349743195E0,3.710184631E0,4.919220428E0,6.307614947E0
4.425449833E0,-2.456391907E-1,1.258882141E0,6.294111328E0,6.423469488E0
4.435389833E0,2.081571350E0,-1.415905609E0,9.459578705E0,9.788838402E0
4.445329833E0,4.277804260E0,-2.580483856E0,6.736591187E0,8.386904497E0
4.455268833E0,3.459156647E0,-1.069825287E0,-1.893861694E0,4.086196638E0
4.465208833E0,3.337160339E0,-4.553530884E-1,-5.021008759E0,6.046032957E0
4.475148833E0,7.498955841E0,-1.843865662E0,-3.373235321E0,8.426914964E0
4.485088833E0,1.519729706E1,-3.575913849E0,-3.039429474E0,1.590544338E1
4.495028833E0,2.447470459E1,-5.434598694E0,-6.112987976E0,2.580532212E1
4.504967833E0,3.988934967E1,-8.594677277E0,-6.663842468E0,4.134532006E1
4.514907833E0,5.992204147E1,-1.262669266E1,-1.176403656E0,6.124923140E1
4.524847833E0,6.797888718E1,-1.515822830E1,8.206534424E0,7.013022312E1
4.534787833E0,4.314627686E1,-1.242685822E1,1.099358871E1,4.622647515E1
4.544727833E0,2.283980438E1,-9.171876984E0,3.287763062E0,2.483121780E1
4.554666833E0,1.707005264E1,-8.108937378E0,-1.261426849E0,1.894024182E1
4.564606833E0,1.136002670E1,-7.404502258E0,-2.190844116E0,1.373596223E1
4.574546833E0,6.977590027E0,-6.495143280E0,-4.453239441E-1,9.543163114E0
4.584486833E0,5.072351990E0,-4.998854828E0,3.390449524E-1,7.129674311E0
4.594426833E0,4.466861115E0,-3.394341431E0,-1.251397705E-1,5.611600656E0
4.604365833E0,3.436403961E0,-2.290087738E0,-5.554948425E-1,4.166767158E0
4.614305833E0,2.387684784E0,-1.257085876E0,-6.616241455E-1,2.778317843E0
4.624245833E0,1.315763855E0,-4.337979126E-1,-8.062234497E-1,1.602938365E0
4.634185833E0,2.859054565E-1,9.984237671E-2,-1.010847931E0,1.055236452E0
4.644125833E0,-2.944377136E-1,3.629951477E-1,-1.370400238E0,1.447914313E0
4.654064833E0,-4.020639038E-1,4.480183411E-1,-1.834435272E0,1.930680860E0
4.664004833E0,-6.430627441E-1,5.697152710E-1,-1.715283051E0,1.918411094E0
4.673944833E0,-8.792715454E-1,9.286688232E-1,-1.298849030E0,1.822787161E0
4.683884833E0,-9.265731812E-1,1.300345917E0,-1.049168243E0,1.910547400E0
4.693824833E0,-1.253493347E0,1.665586395E0,-7.524851990E-1,2.216225978E0
4.703764833E0,-1.977238312E0,2.116748199E0,-2.335144043E-2,2.896660072E0
4.713703833E0,-2.336341553E0,2.381996613E0,3.561094666E-1,3.355475177E0
4.723643833E0,-2.152374115E0,2.322570190E0,2.649490356E-1,3.177616184E0
4.733583833E0,-1.957778778E0,2.159259796E0,4.098477173E-1,2.943344316E0
4.743523833E0,-2.247276764E0,2.123184814E0,1.062490540E0,3.269105804E0
4.753463833E0,-2.893183594E0,1.936073914E0,2.190993805E0,4.113313428E0
4.763402833E0,-2.327509918E0,1.244811401E0,3.116668854E0,4.084174652E0
4.773342833E0,4.164340210E-1,4.730163574E-1,3.801644440E0,3.853525946E0
4.783282833E0,3.945345612E0,-2.374063110E-1,5.595813446E0,6.850930001E0
4.793222833E0,4.254452820E0,-4.101470947E-2,1.627415771E0,4.555275304E0
4.803162833E0,1.613943787E0,4.691244507E-1,-3.419938202E0,3.810625881E0
4.813101833E0,2.213896179E0,1.326242065E-1,-3.035836945E0,3.759685017E0
4.823041833E0,5.888454895E0,-1.337768097E0,-9.110055542E-1,6.106836796E0
4.832981833E0,1.442041260E1,-3.736978912E0,1.584006042E0,1.498073383E1
4.842921833E0,2.353720413E1,-5.132975922E0,-2.300266571E0,2.419997203E1
4.852861833E0,3.557397354E1,-7.499404907E0,-6.780749359E0,3.698279640E1
4.862800833E0,5.734110855E1,-1.245290405E1,-8.548722839E-1,5.868397018E1
4.872740833E0,7.290559204E1,-1.779050446E1,5.079986115E0,7.521657835E1
4.882680833E0,5.186848892E1,-1.695314575E1,1.199755096E1,5.587209073E1
4.892620833E0,2.504651550E1,-1.212074478E1,7.586224365E0,2.884079044E1
4.902560833E0,1.686453003E1,-9.294172668E0,1.103056183E0,1.928758024E1
4.912499833E0,1.219813385E1,-7.022646332E0,-1.316661987E0,1.413667676E1
4.922439833E0,7.971523132E0,-5.017116852E0,-2.270478516E0,9.688741675E0
4.932379833E0,4.974605255E0,-3.316802673E0,-1.489103394E0,6.161599333E0
4.942319833E0,3.988006897E0,-2.013313293E0,-1.305884399E0,4.654348880E0
4.952259833E0,3.410058746E0,-1.106199646E0,-1.707948303E0,3.971053477E0
4.962198708E0,2.990181885E0,-3.344046021E-1,-2.635120239E0,3.999609083E0
4.972138708E0,2.855312347E0,1.898052979E-1,-3.464246063E0,4.493310076E0
4.982078708E0,2.589914246E0,4.668791199E-1,-3.431763611E0,4.324654136E0
4.992018708E0,2.158960419E0,7.084767151E-1,-3.060086517E0,3.811453639E0
5.001958708E0,1.399589539E0,1.032852173E0,-2.652633820E0,3.172081441E0
5.011897708E0,7.473957825E-1,1.312321014E0,-2.392175446E0,2.829008707E0
5.021837708E0,1.068777466E-1,1.497485962E0,-1.804497528E0,2.347359876E0
5.031777708E0,-3.183879089E-1,1.763931885E0,-1.356030121E0,2.247586315E0
5.041717708E0,-4.676275635E-1,2.125879211E0,-1.142574005E0,2.458355816E0
5.051657708E0,-5.340893555E-1,2.355052643E0,-9.804611206E-1,2.606305508E0
5.061596708E0,-5.349874878E-1,2.455044708E0,-7.851173401E-1,2.632463745E0
5.071536708E0,-6.366261292E-1,2.405497742E0,-5.619314575E-1,2.550976122E0
5.081476708E0,-6.965016174E-1,2.307751007E0,-2.853067017E-1,2.427391425E0
5.091416708E0,-7.785310364E-1,2.205663300E0,1.323248291E-1,2.342769947E0
5.101356708E0,-9.714797974E-1,2.042352905E0,4.730163574E-1,2.310567649E0
5.111295708E0,-2.014959869E0,1.374441833E0,3.880081329E0,4.583032266E0
5.121235708E0,-5.326673126E0,-1.646426239E0,1.982267853E1,2.059181269E1
5.131175708E0,-2.800077209E0,-3.563639374E0,1.798285446E1,1.854516143E1
5.141115708E0,5.117857361E-1,-1.911075897E0,3.660637665E0,4.161058019E0
5.151055708E0,5.611830139E-1,8.078700256E-1,-5.595065002E0,5.680874293E0
5.160995708E0,1.758393402E0,3.047662354E-1,-4.807103577E0,5.127677312E0
5.170934708E0,2.868185577E0,-3.128494263E-2,-5.090763702E0,5.843230470E0
5.180874708E0,4.677323456E0,-2.951861572E-1,-5.342839508E0,7.107068565E0
5.190814708E0,9.760902100E0,-1.261875916E0,-2.977608032E0,1.028268886E1
5.200754708E0,1.479044312E1,-1.799557800E0,-7.204967194E0,1.655014103E1
5.210694708E0,2.503184601E1,-3.623365173E0,-9.747280426E0,2.710593229E1
5.220633708E0,5.263414673E1,-1.042836411E1,-1.372196503E0,5.367482746E1
5.230573708E0,7.842536362E1,-1.918350769E1,1.556148972E1,8.222350387E1
5.240513708E0,6.899018417E1,-2.062201630E1,7.986791382E0,7.244792547E1
5.250453708E0,3.308270416E1,-1.318967194E1,-7.830216980E-1,3.562367027E1
5.260393708E0,1.710986984E1,-9.117240601E0,-1.163680115E0,1.942230351E1
5.270332708E0,1.007719437E1,-7.864495697E0,1.919757843E0,1.292615987E1
5.280272708E0,7.050189056E0,-6.753805389E0,2.794838104E0,1.015530270E1
5.290212708E0,6.647376709E0,-5.535488892E0,1.719174957E0,8.819570109E0
5.300152708E0,5.517675934E0,-4.082460480E0,5.298980713E-1,6.884186462E0
5.310092708E0,4.161047058E0,-2.745740204E0,-9.415420532E-2,4.986207667E0
5.320031708E0,2.716850281E0,-1.765728149E0,-7.086264038E-1,3.316809118E0
5.329971708E0,1.600172424E0,-9.804611206E-1,-1.369352417E0,2.323140512E0
5.339911708E0,8.894503784E-1,-3.472778320E-1,-1.825453949E0,2.060098538E0
5.349851708E0,3.263214111E-1,2.568658447E-1,-1.834135895E0,1.880563800E0
5.359791708E0,8.427474976E-2,8.253836060E-1,-1.578317871E0,1.783100567E0
5.369730708E0,2.914439392E-1,1.091230774E0,-1.768871613E0,2.098721266E0
5.379670708E0,3.323089600E-1,1.214873657E0,-1.901645508E0,2.280921499E0
5.389610708E0,8.577163696E-2,1.365011444E0,-1.793121185E0,2.255193251E0
5.399550708E0,-2.377056885E-1,1.562301178E0,-1.711840210E0,2.329739442E0
5.409490708E0,-4.837939453E-1,1.863624573E0,-1.320553894E0,2.334741038E0
5.419429708E0,-8.026309204E-1,2.497556305E0,-1.459465027E-1,2.627413990E0
5.429369708E0,-1.622176666E0,3.620970154E0,2.177521820E0,4.525978708E0
5.439309708E0,-2.251318359E0,4.029171295E0,3.190016327E0,5.610602450E0
5.449249708E0,-2.594404907E0,3.856430511E0,3.664379883E0,5.918671560E0
5.459189708E0,-3.498524780E0,3.393443298E0,4.853956146E0,6.878664356E0
5.469128708E0,-4.185446320E0,2.272723846E0,5.203479309E0,7.054036539E0
5.479068708E0,-2.375559998E0,6.167175293E-1,4.226161652E0,4.887132914E0
5.489008708E0,1.570234680E-1,-9.997709656E-1,3.960464172E0,4.087722448E0
5.498948708E0,2.782114563E0,-2.092947693E0,3.814966736E0,5.164742267E0
5.508888708E0,3.861819305E0,-9.172924805E-1,-1.452579346E0,4.226708010E0
5.518827708E0,2.907703400E0,2.647993469E-1,-5.142705688E0,5.913736514E0
5.528767708E0,4.043990479E0,-1.471440125E-1,-4.826712799E0,6.298624199E0
5.538707708E0,7.281907196E0,-7.161108398E-1,-5.373825073E0,9.078379980E0
5.548647708E0,1.446397202E1,-2.199675751E0,-5.385650482E0,1.559007027E1
5.558587708E0,2.722179199E1,-4.706213379E0,-3.991898804E0,2.791253589E1
5.568526708E0,3.927068619E1,-7.000342712E0,-6.649771729E0,4.044021582E1
5.578466708E0,5.828549469E1,-1.176777878E1,1.712438965E-1,5.946182669E1
5.588406708E0,7.416282761E1,-1.762255371E1,3.053634933E1,8.211667327E1
5.598346708E0,4.711317764E1,-1.897828445E1,1.369202728E1,5.260511762E1
5.608286708E0,2.393148422E1,-1.499042725E1,-2.480940857E0,2.834755569E1
5.618225708E0,1.529923508E1,-1.354638016E1,-1.272054749E0,2.047410884E1
5.628165708E0,8.900641022E0,-1.257145752E1,1.827998657E0,1.551143236E1
5.638105708E0,7.066355438E0,-8.570427704E0,-1.162033539E0,1.116852417E1
5.648045708E0,6.819219360E0,-5.147346039E0,-3.220253448E0,9.130550706E0
5.657985708E0,6.047124939E0,-3.075803833E0,-3.632346497E0,7.695598113E0
5.667924708E0,4.266876984E0,-1.701960754E0,-2.855911102E0,5.409171640E0
5.677864708E0,2.451452179E0,-8.490344238E-1,-1.204395447E0,2.860252721E0
5.687804708E0,1.186283112E0,-1.860630798E-1,1.043330383E-1,1.205310115E0
5.697744708E0,4.659809875E-1,2.523751831E-1,6.256988525E-1,8.199576622E-1
5.707684708E0,2.553689575E-1,3.879931641E-1,3.568579102E-1,5.857470169E-1
5.717623708E0,7.978408813E-2,3.755690002E-1,-2.040257263E-1,4.347919867E-1
5.727563708E0,-3.662882996E-1,5.399272156E-1,-3.317102051E-1,7.319290790E-1
5.737503708E0,-6.041436768E-1,9.440867615E-1,-1.844165039E-1,1.135913220E0
5.747443708E0,-8.047265625E-1,1.474882965E0,3.004252625E-1,1.706786436E0
5.757383708E0,-1.156045990E0,2.055076447E0,1.173110504E0,2.633622939E0
5.767323708E0,-1.865271149E0,2.823428650E0,2.166594543E0,4.018098769E0
5.777262708E0,-1.749262390E0,3.243006134E0,1.746418304E0,4.077619966E0
5.787202708E0,-8.601113892E-1,3.009042664E0,3.311114502E-1,3.147024650E0
5.797142708E0,-4.676275635E-1,2.605930939E0,-7.623646545E-1,2.755131841E0
5.807082708E0,-6.096821594E-1,2.372416534E0,-1.003962250E0,2.647265145E0
5.817022708E0,-1.452729034E0,2.842738495E0,4.864883423E-1,3.229280834E0
5.826961708E0,-3.316503296E0,3.162174225E0,5.048102417E0,6.817761946E0
5.836901708E0,-3.446732483E0,1.493743744E0,7.837252350E0,8.691016027E0
5.846841708E0,-1.852248230E0,-6.054908752E-1,5.382507019E0,5.724406040E0
5.856781708E0,4.519102478E-1,-4.340972900E-1,-1.742077332E0,1.851349983E0
5.866721708E0,1.553469543E0,4.294569397E-1,-4.540657654E0,4.818222993E0
5.876660708E0,2.142195282E0,4.775070190E-2,-4.056564331E0,4.587700396E0
5.886600708E0,2.972518616E0,-2.868035889E-1,-4.008663940E0,4.998750825E0
5.896540708E0,8.315358124E0,-2.472558289E0,-3.067121887E-1,8.680598918E0
5.906480708E0,2.001442978E1,-5.775140533E0,2.442770233E0,2.097371627E1
5.916420708E0,3.416914490E1,-7.663463745E0,1.478475494E0,3.504918015E1
5.926359708E0,5.088189056E1,-1.024454636E1,1.034648438E0,5.191327397E1
5.936299708E0,6.622348755E1,-1.401475616E1,3.695664825E0,6.779101439E1
5.946239708E0,6.697612244E1,-1.563723221E1,6.315367126E0,6.906669146E1
5.956179792E0,3.985237656E1,-1.190534271E1,6.764283600E0,4.213911051E1
5.966119792E0,1.966221222E1,-9.686057739E0,6.113586731E0,2.275518065E1
5.976058792E0,1.296139664E1,-9.148076477E0,7.479945374E-1,1.588221023E1
5.985998792E0,1.043330383E1,-7.889044647E0,-3.311713257E0,1.349289810E1
5.995938792E0,7.889643402E0,-6.249653778E0,-3.846101990E0,1.077483855E1
6.005878792E0,5.928870850E0,-4.415817261E0,-3.108435974E0,8.019558955E0
6.015818792E0,4.611310730E0,-2.832409973E0,-2.281106415E0,5.872834016E0
6.025757792E0,3.214565277E0,-1.608704681E0,-1.390009460E0,3.854022181E0
6.035697792E0,2.121538239E0,-8.286767578E-1,-1.365310822E0,2.655504341E0
6.045637792E0,1.525328064E0,-3.607498169E-1,-1.871857452E0,2.441437375E0
6.055577792E0,7.541317749E-1,1.556762695E-2,-2.274969177E0,2.396756525E0
6.065517792E0,-2.475851440E-1,4.399351501E-1,-2.062111816E0,2.123004118E0
6.075456792E0,-1.067579956E0,8.190966797E-1,-1.604663086E0,2.094180019E0
6.085396792E0,-1.376387787E0,9.976753235E-1,-1.339264984E0,2.164123400E0
6.095336792E0,-1.288221130E0,1.303040314E0,-1.091380463E0,2.132730422E0
6.105276792E0,-1.134490814E0,1.525926819E0,-8.247848511E-1,2.072629276E0
6.115216792E0,-1.149309998E0,1.749262390E0,-4.102967834E-1,2.132879704E0
6.125155792E0,-1.605112152E0,2.302362213E0,4.637356567E-1,2.844698146E0
6.135095792E0,-2.071691895E0,2.976410522E0,9.104067993E-1,3.738952720E0
6.145035792E0,-2.201472015E0,3.190764771E0,1.154249725E0,4.044718938E0
6.154975792E0,-5.324577484E0,3.530258789E0,8.381969604E0,1.053903539E1
6.164915792E0,-6.906038818E0,3.271147614E0,9.917326813E0,1.251987021E1
6.174854792E0,-4.271816711E0,2.410886536E0,3.732637939E0,6.163876856E0
6.184794792E0,-4.694238281E-1,1.178050232E0,1.286424866E0,1.806391434E0
6.194734792E0,2.330653381E0,5.918692017E-1,1.035845947E0,2.618249637E0
6.204674792E0,2.681823120E0,7.771838379E-1,-1.840123444E0,3.343986282E0
6.214614792E0,1.585951996E0,8.491841125E-1,-3.502266998E0,3.937287330E0
6.224554792E0,1.831890564E0,6.132746887E-1,-3.094215546E0,3.647752558E0
6.234493792E0,2.697839813E0,3.980223083E-1,-3.013533325E0,4.064252024E0
6.244433792E0,6.533463593E0,-5.439688110E-1,-2.117197266E0,6.889453741E0
6.254373792E0,1.388512573E1,-2.321522369E0,-4.164938965E0,1.468103877E1
6.264313792E0,2.679143692E1,-5.286855927E0,-7.378007355E0,2.828722203E1
6.274252792E0,4.659001556E1,-1.071217392E1,-7.893984375E0,4.845302065E1
6.284192792E0,7.012407623E1,-1.897588943E1,-4.451143799E0,7.278243695E1
6.294132792E0,7.558157730E1,-2.604808273E1,1.182735489E1,8.081437845E1
6.304072792E0,4.435441452E1,-2.357507538E1,2.623040359E1,5.666685397E1
6.314012792E0,2.254865982E1,-1.708621902E1,9.884994049E0,2.996821729E1
6.323952792E0,1.682501221E1,-1.281155823E1,-1.435814209E0,2.119619358E1
6.333891792E0,1.202479431E1,-9.307045898E0,-6.586902466E0,1.657118178E1
6.343831792E0,8.978479156E0,-6.159541168E0,-8.184979248E0,1.362156087E1
6.353771792E0,6.074218597E0,-4.335733795E0,-6.573131104E0,9.944886707E0
6.363711792E0,2.339185638E0,-2.658022614E0,-4.004772034E0,5.345565705E0
6.373651792E0,-8.208929443E-1,-9.512718201E-1,-1.126707001E0,1.687676500E0
6.383590792E0,-2.007325745E0,3.867956543E-1,8.008346558E-1,2.195518998E0
6.393530792E0,-1.801952820E0,7.933502197E-1,2.046244812E-1,1.979472080E0
6.403470792E0,-1.309925995E0,7.123686218E-1,-1.086440735E0,1.844919683E0
6.413410792E0,-1.230141907E0,8.021818542E-1,-1.067879333E0,1.815794897E0
6.423350792E0,-1.548080750E0,1.222058716E0,-3.620970154E-1,2.005267005E0
6.433289792E0,-2.154170380E0,1.849404144E0,4.966671753E-1,2.882260224E0
6.443229792E0,-2.515219574E0,2.265389099E0,1.218466187E0,3.597634935E0
6.453169792E0,-2.244282990E0,2.156116333E0,8.845106506E-1,3.235429318E0
6.463109792E0,-1.791175232E0,1.986219635E0,2.704875183E-1,2.688222581E0
6.473049792E0,-1.779948578E0,1.871558075E0,-3.712280273E-2,2.583084333E0
6.482988792E0,-1.866318970E0,1.740730133E0,-2.965333557E-1,2.569283932E0
6.492928792E0,-1.815574493E0,1.476679230E0,-4.008663940E-1,2.374360157E0
6.502868792E0,-1.756746826E0,1.127006378E0,-2.125579834E-1,2.097971326E0
6.512808792E0,-2.397264862E0,7.360194397E-1,1.517693939E0,2.931211068E0
6.522748792E0,-4.821773071E0,1.571731567E-2,6.926396484E0,8.439473375E0
6.532687792E0,-4.024530945E0,-8.684939575E-1,5.061873779E0,6.524852277E0
6.542627792E0,-2.089055786E0,-1.368903351E0,2.327509918E0,3.413993685E0
6.552567792E0,-3.418890381E-1,-9.716294861E-1,-1.742376709E-1,1.044658192E0
6.562507792E0,9.674382019E-1,-1.472937012E-1,-2.530038757E0,2.712697591E0
6.572447792E0,1.817520447E0,-2.733316040E-1,-2.927612000E0,3.456732960E0
6.582386792E0,2.684218140E0,-5.995033264E-1,-3.616329803E0,4.543376774E0
6.592326792E0,4.250411224E0,-1.100062408E0,-4.446802826E0,6.249014982E0
6.602266792E0,8.772956543E0,-1.915117493E0,-5.081932068E0,1.031787163E1
6.612206792E0,2.346670074E1,-4.791236572E0,-4.318070526E0,2.433696211E1
6.622146792E0,4.850393555E1,-9.685608673E0,-3.591182098E0,4.959172681E1
6.632085792E0,6.851432373E1,-1.698907104E1,-7.224277039E0,7.095795424E1
6.642025792E0,7.856202942E1,-2.615002075E1,1.039094193E1,8.344931231E1
6.651965792E0,5.796216705E1,-2.317750214E1,3.099619308E1,6.969629402E1
6.661905792E0,2.566592743E1,-1.480346603E1,1.181014069E1,3.189611043E1
6.671845792E0,1.630753830E1,-1.039827667E1,-2.261347504E0,1.947238187E1
6.681784792E0,1.195518906E1,-7.094047852E0,-6.822961578E0,1.548563415E1
6.691724792E0,8.578959961E0,-4.533023529E0,-7.639363861E0,1.234936179E1
6.701664792E0,4.590503998E0,-3.034639435E0,-4.833299103E0,7.324107022E0
6.711604792E0,7.455995178E-1,-1.592538300E0,-1.849404144E0,2.551938982E0
6.721544792E0,-1.843865662E0,-3.712280273E-1,-9.864486694E-1,2.123848348E0
6.731483792E0,-2.539020081E0,5.406756592E-1,-1.175056458E0,2.849510628E0
6.741423792E0,-2.423759766E0,9.854008484E-1,-1.663041687E0,3.100215135E0
6.751363792E0,-2.466720428E0,1.221609650E0,-1.947150879E0,3.371711191E0
6.761303792E0,-2.325863342E0,1.646575928E0,-1.964365082E0,3.461153384E0
6.771243792E0,-2.022743683E0,2.175276489E0,-1.560055847E0,3.355159319E0
6.781183792E0,-2.370320892E0,2.851869507E0,-5.863307190E-1,3.754379380E0
6.791122792E0,-3.314407654E0,3.723506927E0,5.611830139E-1,5.016445785E0
6.801062792E0,-3.367397461E0,4.394112396E0,7.036866760E-1,5.580570253E0
6.811002792E0,-3.580254822E0,5.122946777E0,2.731370087E0,6.820791070E0
6.820942792E0,-4.800517273E0,6.024372253E0,7.004983063E0,1.041190736E1
6.830882792E0,-3.665427704E0,5.369334412E0,2.404898987E0,6.931713454E0
6.840821792E0,-2.477647705E0,4.230053558E0,-1.645079041E0,5.170916389E0
6.850761792E0,-2.367626495E0,3.503165131E0,-2.386038208E0,4.854997372E0
6.860701792E0,-2.671195221E0,2.904110870E0,-2.195334778E0,4.515378018E0
6.870641792E0,-2.862048340E0,2.000889130E0,-1.088386688E0,3.657794908E0
6.880581792E0,-3.067271576E0,-1.014889526E-1,4.046235809E0,5.078432746E0
6.890520792E0,-1.090033264E0,-1.482068024E0,6.158493347E0,6.427420824E0
6.900460792E0,1.926044769E0,-1.459165649E0,3.610791321E0,4.344724020E0
6.910400792E0,1.960473175E0,-2.803669739E-1,-2.070195007E0,2.864920257E0
6.920340792E0,2.072140961E0,-3.143463135E-2,-3.891757050E0,4.409141552E0
6.930280792E0,3.845652924E0,-3.251239014E-1,-3.494932251E0,5.206659524E0
6.940219792E0,1.137918686E1,-1.373244324E0,9.520202637E-1,1.150121890E1
6.950159792E0,2.384077286E1,-3.552113342E0,-8.141569519E-1,2.411768669E1
6.960100417E0,3.827645370E1,-5.623805237E0,-6.978787537E0,3.931179936E1
6.970040417E0,6.468917816E1,-1.123788071E1,-4.232149200E0,6.579430690E1
6.979980417E0,7.911093796E1,-2.279100586E1,2.665357361E0,8.237156416E1
6.989919417E0,6.765511047E1,-2.634057449E1,1.148127457E1,7.350414617E1
6.999859417E0,2.867676636E1,-1.789813065E1,1.032238449E1,3.534475394E1
7.009799417E0,1.294223648E1,-1.204949295E1,1.522933044E0,1.774855179E1
7.019739417E0,8.394393768E0,-7.996521149E0,-2.839445343E0,1.193619064E1
7.029679417E0,5.957461395E0,-4.876110077E0,-3.354075165E0,8.397476762E0
7.039618417E0,3.349734192E0,-3.484004974E0,-2.491568756E0,5.437547672E0
7.049558417E0,6.963519287E-1,-2.222129059E0,-1.588945770E0,2.819133240E0
7.059498417E0,-1.050216064E0,-1.097667389E0,-9.526190186E-1,1.793128683E0
7.069438417E0,-2.017803955E0,-4.616400146E-1,-5.825885010E-1,2.150361287E0
7.079378417E0,-2.397863617E0,-3.981719971E-2,-6.544390869E-1,2.485885326E0
7.089317417E0,-2.453098755E0,2.824626160E-1,-1.059197388E0,2.686889975E0
7.099257417E0,-2.512974243E0,5.337899780E-1,-1.415755920E0,2.933314868E0
7.109197417E0,-2.849773865E0,9.053173828E-1,-1.571731567E0,3.378039485E0
7.119137417E0,-3.375480652E0,1.621128845E0,-1.578766937E0,4.063795443E0
7.129077417E0,-3.122057648E0,2.158511353E0,-1.687740326E0,4.153899689E0
7.139016417E0,-2.645598450E0,2.589315491E0,-1.732796631E0,4.087337768E0
7.148956417E0,-2.448308716E0,2.722538452E0,-1.478625183E0,3.948767355E0
7.158896417E0,-2.344275055E0,2.700085144E0,-1.157393188E0,3.758409811E0
7.168836417E0,-2.282004547E0,2.873274994E0,-8.508306885E-1,3.766585563E0
7.178776417E0,-2.167492676E0,2.826422424E0,-5.912704468E-1,3.610580142E0
7.188715417E0,-2.305505676E0,2.605332184E0,-1.871109009E-1,3.483980870E0
7.198655417E0,-3.652554474E0,2.251018982E0,3.139870605E0,5.316674530E0
7.208595417E0,-5.161865845E0,1.015937347E0,7.134912872E0,8.864759974E0
7.218535417E0,-3.211721191E0,-2.965333557E-1,5.670508118E0,6.523629922E0
7.228475417E0,-7.535330200E-1,-6.746470642E-1,4.458628235E0,4.571906212E0
7.238414417E0,-2.375559998E-1,-6.885681152E-3,7.185058594E-1,7.567898887E-1
7.248354417E0,4.875361633E-1,4.450245667E-1,-1.866468658E0,1.979758477E0
7.258294417E0,1.405277710E0,3.950285339E-1,-2.703078918E0,3.072049580E0
7.268234417E0,2.598296814E0,1.236428833E-1,-4.140689392E0,4.889963450E0
7.278174417E0,4.803511047E0,-3.025209045E-1,-5.657185822E0,7.427582965E0
7.288113417E0,1.011296997E1,-9.252259827E-1,-3.828139343E0,1.085278101E1
7.298053417E0,2.371907593E1,-2.696342926E0,9.282197571E-1,2.388988112E1
7.307993417E0,3.737921951E1,-5.017565918E0,-5.519322510E0,3.811620312E1
7.317933417E0,5.888709366E1,-9.962083740E0,-3.007246399E0,5.979946858E1
7.327873417E0,7.828615311E1,-2.232592300E1,4.141886902E0,8.151272191E1
7.337813417E0,7.264977402E1,-2.638084076E1,1.113294891E1,7.808892992E1
7.347752417E0,3.483466095E1,-1.662427963E1,1.123069565E1,4.019886567E1
7.357692417E0,1.319910233E1,-1.020398071E1,2.817890167E0,1.691975265E1
7.367632417E0,8.293653259E0,-6.115382996E0,-3.106939087E0,1.076269781E1
7.377572417E0,5.314398651E0,-2.946173401E0,-5.133125610E0,7.954354107E0
7.387512417E0,3.080743561E0,-1.757046204E0,-4.267026672E0,5.548487080E0
7.397451417E0,3.237767029E-1,-1.200503540E0,-2.951711884E0,3.202911667E0
7.407391417E0,-1.789378967E0,-6.216572571E-1,-2.172731781E0,2.882550646E0
7.417331417E0,-2.863844604E0,-2.204914856E-1,-1.643133087E0,3.309094854E0
7.427271417E0,-3.197800140E0,1.010398865E-1,-1.254990234E0,3.436733229E0
7.437211417E0,-2.976560211E0,5.017565918E-1,-1.184486847E0,3.242634648E0
7.447150417E0,-2.466421051E0,7.988887024E-1,-1.285227356E0,2.893659502E0
7.457090417E0,-2.041454773E0,1.091530151E0,-1.155746613E0,2.587416838E0
7.467030417E0,-1.858235779E0,1.475781097E0,-7.270381165E-1,2.481844975E0
7.476970417E0,-1.889221344E0,1.961820374E0,-1.592687988E-1,2.728234413E0
7.486910417E0,-2.046993256E0,2.345173187E0,5.754034424E-1,3.165613335E0
7.496849417E0,-2.531685333E0,3.017574921E0,2.558329926E0,4.696833086E0
7.506789417E0,-2.584076385E0,3.429817657E0,3.695964203E0,5.665796618E0
7.516729417E0,-2.174078979E0,3.127895508E0,1.774260406E0,4.202183921E0
7.526669417E0,-1.523531799E0,2.631527710E0,-4.378395081E-1,3.072098740E0
7.536609417E0,-1.146166534E0,2.112257538E0,-1.039887543E0,2.618529307E0
7.546548417E0,-1.326391754E0,1.775308228E0,-9.773176575E-1,2.422020684E0
7.556488417E0,-1.487905884E0,1.559008026E0,-9.229806519E-1,2.344411062E0
7.566428417E0,-1.722917175E0,1.165775757E0,-8.584648132E-1,2.250430746E0
7.576368417E0,-1.607656860E0,5.345384216E-1,-5.728587341E-1,1.788423617E0
7.586308417E0,-2.285746765E-1,1.510359192E-1,-2.264790344E-1,3.554588368E-1
7.596247417E0,1.084494781E0,1.691482544E-2,-5.930667114E-1,1.236180879E0
7.606187417E0,1.929487610E0,-1.270857239E-1,-1.694775696E0,2.571252200E0
7.616127417E0,3.900438995E0,-6.128256226E-1,-2.329904938E0,4.584477791E0
7.626067417E0,1.215427505E1,-2.718197479E0,3.877386932E0,1.304412240E1
7.636007417E0,2.132151169E1,-5.036277008E0,6.951544189E-1,2.191926519E1
7.645946417E0,3.141202835E1,-6.185736694E0,-5.631439362E0,3.250679887E1
7.655886417E0,5.271677490E1,-8.631051636E0,-8.680448914E-1,5.342571394E1
7.665826417E0,7.349042587E1,-1.755489441E1,5.629792786E-1,7.556013472E1
7.675766417E0,7.761943954E1,-2.452724533E1,3.334615631E0,8.147074825E1
7.685706417E0,4.877232742E1,-1.798644699E1,7.232809296E0,5.248395686E1
7.695645417E0,1.978705261E1,-1.051533325E1,2.271376648E0,2.252240743E1
7.705585417E0,1.107217529E1,-6.531667328E0,-2.748584290E0,1.314573921E1
7.715525417E0,6.154900818E0,-3.605402527E0,-3.481011200E0,7.937201675E0
7.725465417E0,2.679278412E0,-2.048639832E0,-1.975142670E0,3.908535088E0
7.735405417E0,3.992198181E-1,-1.056952057E0,-6.903643799E-1,1.324057057E0
7.745344417E0,-1.537901917E0,-7.554789734E-1,-4.420307922E-1,1.769542880E0
7.755284417E0,-3.005300446E0,-5.402265930E-1,-2.646496582E-1,3.064916798E0
7.765224417E0,-3.536246338E0,-1.152603149E-2,1.136137390E-1,3.538089752E0
7.775164417E0,-3.314108276E0,5.656736755E-1,1.242416382E-2,3.362061084E0
7.785104417E0,-2.765948181E0,9.879455566E-1,-7.038363647E-1,3.020246909E0
7.795044417E0,-2.255809021E0,1.365011444E0,-9.978250122E-1,2.819146207E0
7.804983417E0,-2.543061676E0,2.010768585E0,-7.295828247E-1,3.323047410E0
7.814923417E0,-2.747985535E0,2.819686432E0,-3.963757324E-1,3.957166890E0
7.824863417E0,-2.084116058E0,3.258424072E0,-6.122268677E-1,3.916080811E0
7.834803417E0,-1.956431580E0,4.107608185E0,1.126257935E0,4.687059468E0
7.844742417E0,-1.969304810E0,4.583768005E0,2.212099915E0,5.457332370E0
7.854682417E0,-1.664688263E0,3.881727905E0,-5.906716919E-1,4.264726438E0
7.864622417E0,-1.430874481E0,3.360661469E0,-1.422641602E0,3.919866887E0
7.874562417E0,-1.759141846E0,3.070564728E0,-1.196012878E0,3.735424285E0
7.884502417E0,-2.550396423E0,3.054248657E0,2.200424194E-2,3.979125653E0
7.894442417E0,-4.802463226E0,2.531685333E0,4.327949982E0,6.942926956E0
7.904381417E0,-4.149371338E0,1.405128021E0,2.891986084E0,5.249309551E0
7.914321417E0,-1.982926483E0,6.517446899E-1,4.776567078E-1,2.141243683E0
7.924261417E0,-2.197430420E-1,4.206253052E-1,-3.821553040E-1,6.093072527E-1
7.934201417E0,7.122189331E-1,6.882687378E-1,-1.493294678E0,1.791898060E0
7.944141417E0,1.156644745E0,7.569758606E-1,-2.123633881E0,2.533902204E0
7.954080417E0,2.157463531E0,6.903643799E-1,-2.938389587E0,3.710173208E0
7.964020417E0,4.574187927E0,7.625143433E-1,-2.580633545E0,5.307004128E0
7.973960417E0,1.455887466E1,2.724334717E-1,4.365222473E0,1.520165184E1
7.983900417E0,2.788191925E1,-2.902464294E0,-4.202959900E0,2.834590962E1
7.993840417E0,5.653623230E1,-9.749525757E0,-4.281396790E0,5.753024573E1
8.003779417E0,7.864720230E1,-2.322660004E1,3.990850983E0,8.210227933E1
8.013719417E0,7.622868164E1,-3.022514648E1,9.694290619E0,8.257330474E1
8.023659417E0,4.362318512E1,-1.974888199E1,1.153082153E1,4.925404009E1
8.033599417E0,1.568064194E1,-1.165057251E1,2.851570129E0,1.974208255E1
8.043539417E0,9.228309631E0,-6.928192749E0,-3.959865417E0,1.220008555E1
8.053478417E0,4.606071625E0,-3.265908508E0,-6.755751343E0,8.804670942E0
8.063418417E0,2.211052094E0,-1.477427673E0,-5.597310333E0,6.196888482E0
8.073358417E0,3.203338623E-1,-6.960525513E-1,-2.963237915E0,3.060699573E0
8.083298417E0,-1.433269501E0,-7.304809570E-2,-1.461860046E0,2.048568349E0
8.093238417E0,-2.372566223E0,3.791615295E-1,-1.448837128E0,2.805701868E0
8.103177417E0,-2.594853973E0,6.011499023E-1,-1.559008026E0,3.086284882E0
8.113117417E0,-2.349514160E0,1.037492523E0,-1.292412415E0,2.875228230E0
8.123057417E0,-1.628762970E0,1.660347290E0,-1.122964783E0,2.582764379E0
8.132997417E0,-1.342857513E0,2.153571625E0,-1.033750305E0,2.740397186E0
8.142937417E0,-1.320254517E0,2.807711334E0,-9.662406921E-1,3.249605515E0
8.152876417E0,-1.862127686E0,3.911515961E0,-3.481759644E-1,4.346113566E0
8.162816417E0,-2.912792816E0,5.246290283E0,1.051114197E0,6.092024686E0
8.172756417E0,-2.488724670E0,5.871989136E0,1.207688599E0,6.490956682E0
8.182696417E0,-2.902314606E0,6.728657684E0,4.423301697E0,8.559431185E0
8.192636417E0,-3.277434540E0,6.592590637E0,2.912643127E0,7.917532347E0
8.202575417E0,-2.836301880E0,6.051765289E0,-1.950593719E0,6.962276016E0
8.212515417E0,-3.722010040E0,5.119803314E0,-2.421963501E0,6.777289422E0
8.222455417E0,-5.666017456E0,3.774401093E0,7.484436035E-1,6.849089374E0
8.232395417E0,-6.755152588E0,1.072519684E0,6.602170715E0,9.506368555E0
8.242335417E0,-3.916904755E0,-6.659651184E-1,6.665189667E0,7.759536435E0
8.252274417E0,-1.403780823E0,-3.709286499E-1,1.771116943E0,2.290206080E0
8.262214417E0,-2.802172852E-1,5.469625854E-1,-2.657124481E0,2.727269753E0
8.272154417E0,8.240364075E-1,4.367916870E-1,-3.266806641E0,3.397329629E0
8.282094417E0,1.425036621E0,2.323168945E-1,-3.565585327E0,3.846829764E0
8.292034417E0,2.102827148E0,2.107617188E-1,-3.955225067E0,4.484429490E0
8.301973417E0,3.091670837E0,3.156935120E-1,-4.412823486E0,5.397323604E0
8.311913417E0,5.946085052E0,1.119521942E0,-2.967279510E0,6.738991358E0
8.321853417E0,1.523546768E1,4.800517273E-1,1.451082458E0,1.531194192E1
8.331793417E0,2.998384827E1,-2.845283203E0,-4.892725525E0,3.051336685E1
8.341733417E0,6.752937195E1,-1.211191315E1,7.951015778E0,6.906615067E1
8.351672417E0,7.933921326E1,-2.579316284E1,1.281440231E1,8.440501713E1
8.361612417E0,7.158399033E1,-2.952325607E1,5.180876312E0,7.760626134E1
8.371552417E0,3.479484375E1,-1.973211685E1,8.577163696E-1,4.000966464E1
8.381492417E0,1.270258484E1,-1.272458908E1,-2.487527161E0,1.815099502E1
8.391432417E0,5.854774933E0,-8.423583069E0,-2.139351196E0,1.047912042E1
8.401371417E0,3.938759308E0,-4.743186493E0,-1.878294067E0,6.445124638E0
8.411311417E0,4.210594025E0,-2.693199463E0,-2.404599609E0,5.546577744E0
8.421251417E0,3.733685760E0,-1.356030121E0,-3.083737335E0,5.028783451E0
8.431191417E0,2.696492615E0,-4.297563171E-1,-3.350332947E0,4.322093679E0
8.441131417E0,1.128802643E0,1.008901978E-1,-3.200195160E0,3.394940839E0
8.451070417E0,-3.288661194E-1,6.409671021E-1,-2.491868134E0,2.593915678E0
8.461010417E0,-1.916614380E0,1.378184052E0,-1.273551636E0,2.682300455E0
8.470950417E0,-2.823129272E0,2.415377197E0,2.125579834E-2,3.715448520E0
8.480890417E0,-2.226769409E0,2.625989227E0,-6.583309937E-1,3.505384590E0
8.490830417E0,-1.622176666E0,2.730322266E0,-1.070573730E0,3.351454151E0
8.500769417E0,-1.665586395E0,3.262166290E0,-2.368075562E-1,3.670420244E0
8.510709417E0,-2.564317474E0,4.457730103E0,2.099983063E0,5.554908698E0
8.520649417E0,-3.755240936E0,5.503156128E0,3.964056702E0,7.752438803E0
8.530589417E0,-3.675756226E0,5.378016357E0,2.751877441E0,7.071567947E0
8.540529417E0,-3.101999359E0,4.552483063E0,1.023272095E0,5.603087349E0
8.550469417E0,-2.675386505E0,3.897744598E0,-9.744735718E-2,4.728594072E0
8.560408417E0,-2.630330200E0,3.147654419E0,-9.168434143E-1,4.203209149E0
8.570348417E0,-3.190764771E0,2.121987305E0,-1.317260742E-1,3.834209397E0
8.580288417E0,-3.734883270E0,5.698649597E-1,2.529889069E0,4.546915198E0
8.590228417E0,-2.559228058E0,-1.544039154E0,6.366860046E0,7.033534816E0
8.600168417E0,-3.498225403E-1,-1.827399902E0,4.644691315E0,5.003491143E0
8.610107417E0,4.496649170E-1,1.832189941E-1,-2.662064209E0,2.705984773E0
8.620047417E0,1.115180969E0,2.888992310E-1,-3.460054779E0,3.646789058E0
8.629987417E0,1.662891998E0,1.137634277E-2,-3.082689514E0,3.502615289E0
8.639927417E0,2.029928741E0,-1.646575928E-3,-3.110980682E0,3.714675519E0
8.649867417E0,2.917732544E0,7.589218140E-2,-2.838996277E0,4.071710044E0
8.659806417E0,8.705895996E0,-4.162843323E-1,2.189646606E0,8.986682925E0
8.669746417E0,1.488639359E1,-1.289867706E0,-1.775607605E0,1.504730059E1
8.679686417E0,2.743973877E1,-2.864742737E0,-4.876708832E0,2.801657195E1
8.689626417E0,5.141777618E1,-8.568930817E0,-5.903274078E0,5.246010797E1
8.699566417E0,7.642567200E1,-1.735026993E1,-4.869224396E0,7.852149103E1
8.709505417E0,7.632448242E1,-1.984677841E1,3.035238190E0,7.892106120E1
8.719445417E0,4.358456543E1,-1.232312393E1,1.088476501E1,4.658274183E1
8.729385417E0,1.423240356E1,-8.415948944E0,1.551299057E1,2.267250282E1
8.739325417E0,8.548423462E0,-7.735164642E0,9.240434418E0,1.477477391E1
8.749265417E0,7.958200836E0,-6.851402435E0,2.534230042E0,1.080263846E1
8.759204417E0,6.084247742E0,-5.360951843E0,-7.174580383E-1,8.140799794E0
8.769144417E0,3.863166504E0,-3.619173889E0,-6.843768311E-1,5.337681774E0
8.779084417E0,1.289718018E0,-2.291135559E0,6.128256226E-1,2.699672195E0
8.789024417E0,-1.322050781E0,-1.278191986E0,1.249751129E0,2.223391757E0
8.798964417E0,-2.712509308E0,-3.671864319E-1,8.437953186E-1,2.864353882E0
8.808903417E0,-2.837499390E0,4.875361633E-1,2.010319519E-1,2.886088727E0
8.818843417E0,-1.713037720E0,7.015910339E-1,-1.284478912E0,2.253134325E0
8.828783417E0,-1.390608215E-1,7.342231750E-1,-2.841840363E0,2.938448269E0
8.838723417E0,1.278341675E-1,1.398841095E0,-2.542313232E0,2.904557549E0
8.848663417E0,-4.296066284E-1,1.802850952E0,-2.025887146E0,2.745733443E0
8.858602417E0,-5.649252319E-1,2.161056061E0,-1.671723633E0,2.789975577E0
8.868542417E0,-4.562512207E-1,2.689756622E0,-1.073268127E0,2.931699223E0
8.878482417E0,-3.345542908E-1,3.246448975E0,-1.670526123E-1,3.267914334E0
8.888422417E0,-4.285588074E-1,3.776347046E0,2.070195007E-1,3.806220794E0
8.898362417E0,-5.550457764E-1,4.066743164E0,-3.359014893E-1,4.118167746E0
8.908301417E0,-6.020480347E-1,3.848946075E0,-9.861492920E-1,4.018623913E0
8.918241417E0,-1.123713226E0,3.685336304E0,1.137634277E-2,3.852864455E0
8.928181417E0,-2.737357635E0,3.429368591E0,4.932842102E0,6.602016886E0
8.938121417E0,-3.792663116E0,1.409768372E0,1.163201111E1,1.231565763E1
8.948061417E0,-2.103874969E0,-1.414259033E0,9.593999176E0,9.923267541E0
8.957999792E0,1.021775208E0,-2.144440613E0,3.250939636E0,4.026320732E0
8.967939792E0,2.245031433E0,-5.677693176E-1,-2.073937225E0,3.108656261E0
8.977879792E0,2.107317810E0,1.761836243E-1,-3.298840027E0,3.918440320E0
8.987819792E0,3.428769836E0,-7.499404907E-2,-2.385289764E0,4.177522467E0
8.997759792E0,8.368347931E0,-1.260379028E0,-1.393601990E-1,8.463877578E0
9.007698792E0,1.433733536E1,-2.026036835E0,-2.690056000E0,1.472753923E1
9.017638792E0,2.502211624E1,-3.745511169E0,-4.956193542E0,2.578175730E1
9.027578792E0,4.594276154E1,-6.974147186E0,-3.029699707E0,4.656774793E1
9.037518792E0,6.907251297E1,-1.186522614E1,-8.113128662E-2,7.008425088E1
9.047458792E0,7.466428482E1,-1.489896744E1,8.067323914E0,7.656249979E1
9.057397792E0,4.076278336E1,-1.247116608E1,1.321407120E1,4.462898350E1
9.067337792E0,2.022429337E1,-1.016326538E1,3.019371185E0,2.283485511E1
9.077277792E0,1.558079956E1,-8.950187988E0,-2.321821747E0,1.811789271E1
9.087217792E0,1.180939224E1,-7.788154449E0,-2.415676575E0,1.435104833E1
9.097157792E0,7.861801300E0,-6.654561768E0,-6.318360901E-1,1.031941514E1
9.107096792E0,6.005212097E0,-4.951702881E0,-1.112187195E-1,7.784234282E0
9.117036792E0,5.500910797E0,-2.985541534E0,-4.505630493E-1,6.275068519E0
9.126976792E0,4.822970581E0,-1.541344757E0,-6.985972595E-1,5.111245153E0
9.136916792E0,3.590583344E0,-7.132667542E-1,-8.381071472E-1,3.755457602E0
9.146856792E0,2.605930939E0,-1.260379028E-1,-1.519190826E0,3.019056538E0
9.156795792E0,1.669178925E0,2.920426941E-1,-2.425556030E0,2.958845936E0
9.166735792E0,6.870712280E-1,5.760021973E-1,-2.548600159E0,2.701704679E0
9.176675792E0,-1.601669312E-1,9.437873840E-1,-1.930236053E0,2.154576361E0
9.186615792E0,-8.036787415E-1,1.301393738E0,-1.378483429E0,2.059063317E0
9.196555792E0,-1.009201355E0,1.513951721E0,-1.310524750E0,2.242322972E0
9.206495792E0,-8.066725159E-1,1.645079041E0,-1.388063507E0,2.298635660E0
9.216434792E0,-5.342390442E-1,1.792971497E0,-1.222956848E0,2.235124515E0
9.226374792E0,-3.999682617E-1,1.989063721E0,-8.072712708E-1,2.183583294E0
9.236314792E0,-5.879772949E-1,2.182012482E0,-1.935475159E-1,2.268117371E0
9.246254792E0,-8.610095215E-1,2.349963226E0,4.797523499E-1,2.548298820E0
9.256194792E0,-1.016835480E0,2.348166962E0,9.047186279E-1,2.714103585E0
9.266133792E0,-1.130000153E0,2.219883728E0,1.240620117E0,2.782790396E0
9.276073792E0,-1.639989624E0,1.884580994E0,2.227667542E0,3.347194970E0
9.286013792E0,-4.492906952E0,6.685098267E-1,7.587721252E0,8.843451366E0
9.295953792E0,-5.925577698E0,-1.159339142E0,1.035516632E1,1.198690985E1
9.305893792E0,-2.929258575E0,-2.011966095E0,6.903045044E0,7.764057847E0
9.315832792E0,4.571493530E-1,-8.699908447E-1,6.756948853E-1,1.192658031E0
9.325772792E0,1.037492523E0,4.664300537E-1,-3.299438782E0,3.490020631E0
9.335712792E0,1.903441772E0,3.740721130E-1,-3.508703613E0,4.009242020E0
9.345652792E0,3.168461151E0,3.097059631E-1,-4.030069427E0,5.135807964E0
9.355592792E0,5.968089294E0,6.227050781E-2,-4.076173553E0,7.227527812E0
9.365531792E0,1.101499420E1,-4.945715332E-1,-5.947432251E0,1.252783495E1
9.375471792E0,2.143018570E1,-1.714235229E0,-8.126151581E0,2.298316343E1
9.385411792E0,4.339715515E1,-5.694608002E0,-6.723418579E0,4.428256985E1
9.395351792E0,7.210026672E1,-1.370744522E1,-7.342231750E-1,7.339537860E1
9.405291792E0,7.802165314E1,-1.864552643E1,1.308204575E1,8.127837311E1
9.415230792E0,4.827356461E1,-1.430545166E1,3.000929535E1,5.861348645E1
9.425170792E0,2.030078430E1,-1.007165588E1,6.209387512E0,2.349716129E1
9.435110792E0,1.143352386E1,-8.169710999E0,-4.123026123E0,1.464475982E1
9.445050792E0,7.249724121E0,-6.924450531E0,-5.062771912E0,1.123112525E1
9.454990792E0,4.693938904E0,-6.092779999E0,-6.656657410E-1,7.719983253E0
9.464929792E0,4.143383789E0,-4.740043030E0,-1.145118713E-1,6.296725349E0
9.474869792E0,5.230722656E0,-2.921474762E0,-1.970801697E0,6.307101840E0
9.484809792E0,4.899461517E0,-1.718276825E0,-2.881956940E0,5.938255149E0
9.494749792E0,3.868555298E0,-9.731263733E-1,-2.947520599E0,4.959896442E0
9.504689792E0,2.729723511E0,-4.070036316E-1,-2.505938873E0,3.727837448E0
9.514628792E0,1.632505188E0,1.275347900E-1,-2.021246796E0,2.601302927E0
9.524568792E0,4.598437500E-1,6.875202942E-1,-1.410965881E0,1.635532069E0
9.534508792E0,-6.182144165E-1,1.179996185E0,-5.610333252E-1,1.445454411E0
9.544448792E0,-1.048270111E0,1.491498413E0,-4.565505981E-2,1.823601417E0
9.554388792E0,-9.882449341E-1,1.654958496E0,-2.245330811E-2,1.927698064E0
9.564327792E0,-9.373507690E-1,1.568438416E0,2.023791504E-1,1.838364177E0
9.574267792E0,-1.191522217E0,1.575773163E0,9.921368408E-1,2.210683551E0
9.584207792E0,-1.945354614E0,1.560055847E0,2.468965759E0,3.509126778E0
9.594147792E0,-2.655178528E0,1.171613617E0,3.536994781E0,4.575257760E0
9.604087792E0,-2.848276978E0,5.451663208E-1,3.706891479E0,4.706477717E0
9.614026792E0,-2.921474762E0,-5.224136353E-2,3.305426331E0,4.411755566E0
9.623966792E0,-2.789748688E0,-5.295986938E-1,2.347717896E0,3.684420149E0
9.633906792E0,-2.516267395E0,-8.255332947E-1,1.289867706E0,2.945651969E0
9.643846792E0,-2.204765167E0,-9.836045837E-1,6.339317322E-1,2.496064274E0
9.653786792E0,-1.656605072E0,-1.215771790E0,6.640191650E-1,2.159482082E0
9.663725792E0,-5.249583435E-1,-1.822460175E0,1.368154907E0,2.338544462E0
9.673665792E0,1.789229279E0,-2.112407227E0,1.395847321E0,3.100321829E0
9.683605792E0,3.185974731E0,-1.249002686E0,-1.073567505E0,3.586501064E0
9.693545792E0,3.247646484E0,-9.057664490E-1,-2.522404633E0,4.210717953E0
9.703485792E0,4.163442078E0,-1.175056458E0,-2.852468262E0,5.181851290E0
9.713424792E0,6.661746826E0,-1.436562653E0,-3.842659149E0,7.823593316E0
9.723364792E0,1.363200211E1,-2.098486176E0,-5.734574890E0,1.493721777E1
9.733304792E0,2.896806061E1,-4.462071075E0,-7.870782623E0,3.034811086E1
9.743244792E0,5.108861069E1,-8.158035278E0,-5.555397491E0,5.203327899E1
9.753184792E0,7.489226074E1,-1.438748108E1,1.938319244E0,7.628635142E1
9.763124792E0,7.588754105E1,-1.765503616E1,1.970681946E1,8.036776668E1
9.773063792E0,4.181943604E1,-1.384336258E1,3.853840897E1,5.852958981E1
9.783003792E0,1.903845932E1,-1.105436234E1,4.911286926E0,2.255620977E1
9.792943792E0,1.055619827E1,-8.361013184E0,-6.137237549E0,1.479883604E1
9.802883792E0,5.771398315E0,-5.838009796E0,-7.881560211E0,1.138026310E1
9.812823792E0,2.475252686E0,-4.127965851E0,-3.115471344E0,5.733510235E0
9.822762792E0,3.026705933E0,-2.287243652E0,-1.830992432E0,4.212477372E0
9.832702792E0,4.050726471E0,-7.559280396E-1,-2.380948792E0,4.759068112E0
9.842642792E0,3.595373383E0,7.619155884E-2,-3.305576019E0,4.884603130E0
9.852582792E0,2.892285461E0,4.364923096E-1,-4.119283905E0,5.052161975E0
9.862522792E0,1.873953094E0,8.803193665E-1,-4.031117249E0,4.531729103E0
9.872461792E0,7.726931763E-1,1.499282227E0,-3.194806366E0,3.612712230E0
9.882401792E0,-6.750961304E-2,2.270179138E0,-1.667083282E0,2.817345832E0
9.892341792E0,-5.351371765E-1,2.991379395E0,-6.179150391E-1,3.101054897E0
9.902281792E0,-8.725355530E-1,3.122955780E0,-8.903485107E-1,3.362572165E0
9.912221792E0,-9.475296021E-1,2.998115387E0,-1.203946381E0,3.366896955E0
9.922160792E0,-1.010398865E0,3.448229370E0,1.008901978E-1,3.594630786E0
9.932100792E0,-1.744472351E0,3.813918915E0,2.581831055E0,4.924937854E0
9.942040792E0,-2.627037048E0,3.371588745E0,3.888912964E0,5.778631184E0
9.951980792E0,-2.443518677E0,2.385738831E0,2.580932922E0,4.280624726E0
9.961920917E0,-1.754950562E0,1.418450317E0,1.019679565E0,2.476206613E0
9.971859917E0,-1.185684357E0,6.682104492E-1,2.170486450E-2,1.361184668E0
9.981799917E0,-9.494755554E-1,-4.999603271E-2,-2.131567383E-1,9.743917224E-1
9.991739917E0,-9.515711975E-1,-7.930508423E-1,1.667532349E-1,1.249889605E0
1.000167992E1,-7.390132141E-1,-1.421593781E0,6.230044556E-1,1.719070667E0
1.001161992E1,-4.513114929E-1,-1.894161072E0,1.015787659E0,2.196213286E0
1.002155892E1,-1.981878662E-1,-2.951262817E0,2.971919861E0,4.193034499E0
1.003149892E1,1.617835693E0,-4.981041870E0,6.857389984E0,8.628555374E0
1.004143892E1,4.158053284E0,-4.624932404E0,3.090323639E0,6.944746723E0
1.005137892E1,4.660708008E0,-2.869532776E0,-2.640658722E0,6.076964371E0
1.006131892E1,7.273824005E0,-2.923271027E0,-3.362607422E0,8.530015113E0
1.007125792E1,1.324086548E1,-3.958967285E0,-4.636757812E0,1.457715554E1
1.008119792E1,2.265868103E1,-5.450615387E0,-6.571634216E0,2.421386814E1
1.009113792E1,3.657030167E1,-7.688761139E0,-7.811206512E0,3.817746664E1
1.010107792E1,5.571743500E1,-1.097607513E1,-4.075724487E0,5.693433339E1
1.011101792E1,7.104541031E1,-1.316676956E1,3.775149536E-1,7.225618772E1
1.012095692E1,6.047199783E1,-8.141120453E0,1.882724854E1,6.385613245E1
1.013089692E1,2.903676773E1,-2.948269043E0,2.792922089E1,4.039638041E1
1.014083692E1,1.550221298E1,-2.688559113E0,1.644929352E0,1.581937894E1
1.015077692E1,1.132724487E1,-2.916085968E0,-5.439239044E0,1.289943236E1
1.016071692E1,8.501870270E0,-3.339255981E0,-4.117637329E0,1.001934957E1
1.017065592E1,5.043312378E0,-3.616778870E0,7.485932922E-1,6.251118384E0
1.018059592E1,4.466711426E0,-3.114722900E0,3.962260437E-1,5.459853916E0
1.019053592E1,4.874463501E0,-2.506986694E0,-1.832189941E0,5.779472008E0
1.020047592E1,4.259691925E0,-2.008523254E0,-3.356769562E0,5.783341841E0
1.021041592E1,3.222947845E0,-1.502874756E0,-4.032913513E0,5.376840778E0
1.022035492E1,2.330354004E0,-1.006357269E0,-3.612737274E0,4.415334115E0
1.023029492E1,1.420695648E0,-5.954617310E-1,-2.702330475E0,3.110553133E0
1.024023492E1,4.188290405E-1,-1.419049072E-1,-1.592238922E0,1.652507051E0
1.025017492E1,-5.959107971E-1,4.534071350E-1,-5.423222351E-1,9.245545494E-1
1.026011492E1,-1.173110504E0,1.048270111E0,2.125579834E-1,1.587526182E0
1.027005392E1,-1.322948914E0,1.523980865E0,5.116360474E-1,2.081942110E0
1.027999392E1,-1.201850739E0,1.942061462E0,4.207749939E-1,2.322304786E0
1.028993392E1,-1.113384705E0,2.220781860E0,3.821553040E-1,2.513471752E0
1.029987392E1,-1.279539185E0,2.402204590E0,7.194039917E-1,2.815199730E0
1.030981392E1,-1.623224487E0,2.508483582E0,1.410067749E0,3.303882364E0
1.031975292E1,-2.143392792E0,2.418221283E0,2.343825989E0,3.991922732E0
1.032969292E1,-3.000809784E0,2.111060028E0,3.597319336E0,5.138301296E0
1.033963292E1,-3.428620148E0,1.597627716E0,3.584146729E0,5.210945999E0
1.034957292E1,-3.114423523E0,1.020727386E0,2.298320618E0,4.002973387E0
1.035951292E1,-2.629881134E0,6.447093201E-1,1.185534668E0,2.955912268E0
1.036945192E1,-1.927990723E0,3.941304016E-1,2.541714478E-1,1.984210202E0
1.037939192E1,-4.207749939E-1,-4.430786133E-2,3.305126953E-1,5.368923764E-1
1.038933192E1,1.763931885E0,-6.411167908E-1,1.126407623E0,2.188899396E0
1.039927192E1,3.208428040E0,-7.316784668E-1,8.866062927E-1,3.408142395E0
1.040921192E1,3.253035278E0,-4.516108704E-1,-1.012793884E0,3.436850644E0
1.041915092E1,3.360661469E0,-4.077520752E-1,-2.731669464E0,4.349979922E0
1.042909092E1,6.186934204E0,-9.181906128E-1,-3.253484344E0,7.050275826E0
1.043903092E1,1.333591782E1,-2.080523529E0,-3.841761017E0,1.403333210E1
1.044897092E1,2.799059326E1,-4.564308472E0,-4.147425385E0,2.866194969E1
1.045891092E1,4.878475159E1,-8.654852142E0,-4.697381744E0,4.976870350E1
1.046884992E1,7.203200867E1,-1.453043381E1,-9.235794067E-1,7.348875273E1
1.047878992E1,7.600205292E1,-1.869462433E1,1.144400208E1,7.909972320E1
1.048872992E1,4.461262756E1,-1.554756866E1,2.026201492E1,5.140586229E1
1.049866992E1,2.181084412E1,-1.206042023E1,3.833228760E0,2.521627054E1
1.050860992E1,1.293939240E1,-9.955048370E0,-3.064128113E0,1.661083215E1
1.051854992E1,8.811576233E0,-8.724307709E0,-4.448898468E0,1.317384220E1
1.052848892E1,5.764662323E0,-7.851772156E0,-2.095342712E0,9.963539470E0
1.053842892E1,4.668641510E0,-5.989644470E0,-1.139729919E0,7.679260298E0
1.054836892E1,4.399501190E0,-3.882775726E0,-1.895358582E0,6.166355667E0
1.055830892E1,3.514391785E0,-2.276915131E0,-2.823278961E0,5.050365949E0
1.056824892E1,2.337688751E0,-1.019380188E0,-3.162772980E0,4.062887838E0
1.057818792E1,1.439556427E0,5.538482666E-3,-2.571652222E0,2.947159400E0
1.058812792E1,9.099577332E-1,8.660989380E-1,-1.872755585E0,2.255075149E0
1.059806792E1,6.978488159E-1,1.386416931E0,-1.491348724E0,2.152502240E0
1.060800792E1,6.018983459E-1,1.739233246E0,-1.185983734E0,2.189468273E0
1.061794792E1,5.213658142E-1,2.106419678E0,-7.101232910E-1,2.283221684E0
1.062788692E1,3.462300110E-1,2.509531403E0,-4.858895874E-1,2.579478973E0
1.063782692E1,1.092727661E-2,2.813698883E0,-4.652325439E-1,2.851922532E0
1.064776692E1,-2.279759216E-1,3.283571777E0,3.083587646E-2,3.291620800E0
1.065770692E1,-7.354206848E-1,3.787573700E0,1.600471802E0,4.177088472E0
1.066764692E1,-1.616338806E0,3.791615295E0,3.508404236E0,5.412744033E0
1.067758592E1,-2.349065094E0,3.320395203E0,4.236340485E0,5.872794209E0
1.068752592E1,-2.693947906E0,2.571951599E0,3.627257080E0,5.198969540E0
1.069746592E1,-2.440824280E0,1.742077332E0,2.349065094E0,3.809273344E0
1.070740592E1,-1.891316986E0,1.090931396E0,1.087338867E0,2.439163190E0
1.071734592E1,-1.365161133E0,6.518943787E-1,5.777984619E-2,1.513925266E0
1.072728492E1,-8.761280823E-1,2.466870117E-1,-4.664300537E-1,1.022747228E0
1.073722492E1,-4.700225830E-2,-2.520758057E-1,-4.165837097E-1,4.891762579E-1
1.074716492E1,1.253643036E0,-1.099763031E0,1.671124878E0,2.360880756E0
1.075710492E1,3.668720856E0,-2.884801025E0,9.945468292E0,1.098607888E1
1.076704492E1,4.698579254E0,-3.527863770E0,6.109245758E0,8.476163844E0
1.077698392E1,3.782484283E0,-1.722468109E0,-4.727169800E0,6.294459314E0
1.078692392E1,5.470374298E0,-1.374890900E0,-6.266867981E0,8.431426584E0
1.079686392E1,8.914412384E0,-1.853595428E0,-5.748645630E0,1.076798453E1
1.080680392E1,1.475077560E1,-2.896476746E0,-6.636449432E0,1.643220678E1
1.081674392E1,2.496508484E1,-4.858746185E0,-7.421417084E0,2.649415609E1
1.082668292E1,4.543262238E1,-9.265582123E0,-2.381248169E0,4.642891912E1
1.083662292E1,6.197382477E1,-1.474179428E1,-4.385280762E0,6.385378722E1
1.084656292E1,6.795837982E1,-1.909623917E1,-3.097658386E0,7.065835567E1
1.085650292E1,5.014602081E1,-1.805335785E1,2.285417450E1,5.799017525E1
1.086644292E1,2.388133850E1,-1.474927872E1,2.279295181E1,3.615768526E1
1.087638192E1,1.726599518E1,-1.253972351E1,1.208437042E0,2.137333795E1
1.088632192E1,1.210263245E1,-9.958341522E0,-4.728966064E0,1.637087041E1
1.089626192E1,8.636141052E0,-7.317084045E0,-6.474935303E0,1.304022386E1
1.090620192E1,5.504653015E0,-5.403912506E0,-3.179089050E0,8.343265690E0
1.091614192E1,2.521656189E0,-4.018094330E0,6.527925110E-1,4.788524829E0
1.092608092E1,1.092128906E0,-2.347568207E0,2.450703735E0,3.565076553E0
1.093602092E1,1.289718018E0,-8.550219727E-1,1.736838226E0,2.326164690E0
1.094596092E1,2.064357147E0,-1.853146362E-1,4.664300537E-1,2.124492631E0
1.095590092E1,1.416953430E0,5.471122742E-1,4.580474854E-2,1.519600914E0
1.096584021E1,1.122665405E-2,1.356179810E0,2.478845215E-1,1.378693748E0
1.097577921E1,-3.207829285E-1,1.742676086E0,-7.616162109E-1,1.928699272E0
1.098571921E1,-1.871109009E-1,1.707050171E0,-2.352957001E0,2.912977415E0
1.099565921E1,-5.047503662E-1,2.049687653E0,-3.107537842E0,3.756698530E0
1.100559921E1,-9.568103027E-1,2.663112030E0,-3.551514587E0,4.541024940E0
1.101553921E1,-6.753955078E-1,3.460803223E0,-3.486399994E0,4.958659391E0
1.102547821E1,-3.373983765E-1,4.541855164E0,-2.215243378E0,5.064542350E0
1.103541821E1,-7.634124756E-2,5.357059937E0,-6.283932495E-1,5.394330100E0
1.104535821E1,1.146615601E-1,5.900879059E0,6.165678406E-1,5.934111293E0
1.105529821E1,-1.451980591E-2,6.352340240E0,1.247206421E0,6.473635857E0
1.106523821E1,-6.236032104E-1,6.500831451E0,8.583151245E-1,6.586835005E0
1.107517721E1,-7.524851990E-1,5.747897186E0,-8.641529846E-1,5.860999609E0
1.108511721E1,-8.496331787E-1,4.644841003E0,-1.775308228E0,5.044615326E0
1.109505721E1,-1.164428558E0,3.546275482E0,-1.345851288E0,3.967780154E0
1.110499721E1,-1.310225372E0,2.150727539E0,5.766009521E-1,2.583561134E0
1.111493721E1,-8.460406494E-1,1.582209778E-1,5.463039551E0,5.530426728E0
1.112487621E1,9.915380859E-1,-2.212548981E0,1.215667007E1,1.239609406E1
1.113481621E1,3.434907074E0,-2.464175720E0,7.694598999E0,8.779385078E0
1.114475621E1,3.294948120E0,-7.768844604E-1,-2.628533936E0,4.285956513E0
1.115469621E1,5.051395569E0,-1.384470978E0,-2.326462097E0,5.731124058E0
1.116463621E1,1.110061615E1,-3.616180115E0,2.528242493E-1,1.167751505E1
1.117457521E1,1.417477341E1,-3.451372833E0,-4.904401245E0,1.539120941E1
1.118451521E1,2.438354416E1,-6.042334900E0,-5.779631195E0,2.577733837E1
1.119445521E1,4.084675873E1,-1.012928604E1,-5.380561066E0,4.242653146E1
1.120439521E1,5.371295334E1,-1.346135696E1,-6.615043945E0,5.576780697E1
1.121433521E1,6.485967361E1,-1.717722977E1,-4.347858582E0,6.723643624E1
1.122427421E1,6.002936829E1,-1.567375626E1,7.621700592E0,6.250825555E1
1.123421421E1,3.124168259E1,-9.043444061E0,2.406021652E1,4.045640407E1
1.124415421E1,1.781056274E1,-7.274572449E0,5.583239594E0,2.003267616E1
1.125409421E1,1.322380096E1,-6.886579285E0,-3.559148712E0,1.532845151E1
1.126403421E1,8.903485107E0,-6.389163666E0,-3.868555298E0,1.162149644E1
1.127397321E1,5.543272705E0,-5.686075745E0,-2.026186523E0,8.195411002E0
1.128391321E1,2.958747253E0,-4.799319763E0,1.183289337E0,5.760887879E0
1.129385321E1,1.366807709E0,-3.698508911E0,1.927841034E0,4.389043464E0
1.130379321E1,1.104702759E0,-2.441273346E0,7.566764832E-1,2.784374801E0
1.131373321E1,1.813478851E0,-1.626068573E0,-7.608677673E-1,2.551808047E0
1.132367321E1,2.380499725E0,-1.244362335E0,-2.071093140E0,3.391849548E0
1.133361221E1,1.838626556E0,-8.217910767E-1,-3.020568695E0,3.630388881E0
1.134355221E1,3.281176758E-1,-1.312770081E-1,-3.359314270E0,3.377852458E0
1.135349221E1,-8.776249695E-1,5.536985779E-1,-3.357518005E0,3.514218954E0
1.136343221E1,-1.490899658E0,1.173260193E0,-2.951412506E0,3.508583340E0
1.137337221E1,-1.466500397E0,1.669478302E0,-2.503394165E0,3.347351723E0
1.138331121E1,-1.246457977E0,2.023791504E0,-2.102378082E0,3.173229135E0
1.139325121E1,-9.686357117E-1,2.419119415E0,-1.284927979E0,2.905414565E0
1.140319121E1,-7.948471069E-1,3.189417572E0,9.590556335E-1,3.424026005E0
1.141313121E1,-9.981243896E-1,4.288731537E0,4.441114655E0,6.254036286E0
1.142307121E1,-1.351389771E0,4.712799683E0,5.226231995E0,7.165907899E0
1.143301021E1,-1.329684906E0,4.441863098E0,3.078647919E0,5.565634082E0
1.144295021E1,-1.385518799E0,3.954925690E0,1.029259644E0,4.315144837E0
1.145289021E1,-1.335822144E0,3.425626373E0,-6.589297485E-1,3.735441776E0
1.146283021E1,-1.116827545E0,2.773582306E0,-1.879940643E0,3.531888927E0
1.147277021E1,1.401086426E-1,1.938468933E0,-1.096469879E0,2.231487941E0
1.148270921E1,2.720293121E0,1.078507233E0,1.762434998E0,3.416042979E0
1.149264921E1,3.175047455E0,8.842112732E-1,8.852590942E-1,3.412688029E0
1.150258921E1,2.850522308E0,7.186555481E-1,-3.559597778E-1,2.961190739E0
1.151252921E1,7.700736237E0,-8.099656677E-1,5.343737640E0,9.408130257E0
1.152246921E1,9.822124786E0,-1.046324158E0,1.767075348E0,1.003451468E1
1.153240821E1,9.956844635E0,-2.784210205E-1,-6.130800934E0,1.169628118E1
1.154234821E1,2.209585144E1,-2.075434113E0,-5.900729370E0,2.296416088E1
1.155228821E1,4.649990295E1,-7.230414276E0,-1.671723633E0,4.708836932E1
1.156222821E1,6.381873825E1,-1.297112640E1,-5.095853119E0,6.532265450E1
1.157216821E1,7.251116226E1,-1.935490128E1,-3.078348541E0,7.511296217E1
1.158210721E1,5.004767532E1,-1.953617432E1,9.354497223E0,5.453382923E1
1.159204721E1,2.133648056E1,-1.384411102E1,8.696914673E0,2.688012533E1
1.160198721E1,1.471140747E1,-9.711953888E0,-4.039948883E0,1.808504203E1
1.161192721E1,1.060888870E1,-6.900051270E0,-6.394253082E0,1.417905848E1
1.162186721E1,7.505392456E0,-4.694238281E0,-5.376519470E0,1.035730421E1
1.163180621E1,6.069578247E0,-3.363954620E0,-3.563040619E0,7.800719790E0
1.164174621E1,4.681365051E0,-2.625390472E0,-1.661844177E0,5.618681335E0
1.165168621E1,2.765648804E0,-2.244282990E0,2.791694641E-1,3.572611794E0
1.166162621E1,7.006929016E-1,-2.043550415E0,2.008672943E0,2.949887427E0
1.167156621E1,-8.303233337E-1,-1.676363983E0,3.089724884E0,3.611929249E0
1.168150521E1,-1.514849854E0,-1.076710968E0,3.140768738E0,3.649452678E0
1.169144521E1,-1.686243439E0,-5.358856201E-1,2.049837341E0,2.707844800E0
1.170138521E1,-1.949695587E0,-1.351689148E-1,7.771838379E-1,2.103235183E0
1.171132521E1,-2.246378632E0,2.186952209E-1,-6.706054688E-2,2.257995056E0
1.172126521E1,-2.277813263E0,5.334906006E-1,-9.461824036E-1,2.523550400E0
1.173120421E1,-1.991608429E0,7.593708801E-1,-1.677711182E0,2.712538125E0
1.174114421E1,-1.699715424E0,1.027014313E0,-1.929038544E0,2.768570140E0
1.175108421E1,-1.502425690E0,1.206640778E0,-2.025737457E0,2.795867873E0
1.176102421E1,-1.255439301E0,1.368005219E0,-1.798659668E0,2.585100137E0
1.177096421E1,-8.701405334E-1,1.610051880E0,-1.169517975E0,2.171907893E0
1.178090321E1,-5.331912231E-1,1.958377533E0,-3.359014893E-1,2.057271312E0
1.179084321E1,-7.659571838E-1,3.045866089E0,1.978585510E0,3.711979426E0
1.180078321E1,-1.580862579E0,4.932692413E0,7.004084930E0,8.711359633E0
1.181072321E1,-1.445244598E0,4.453838196E0,7.614964600E0,8.939412312E0
1.182066321E1,-1.017883301E-2,2.615061951E0,5.299429779E0,5.909535396E0
1.183060221E1,2.412682800E0,6.378236389E-1,3.720064087E0,4.479590841E0
1.184054221E1,4.140839081E0,-4.944218445E-1,9.232800293E-1,4.271234864E0
1.185048221E1,2.721041565E0,-2.429447937E-1,-2.623743896E0,3.787759418E0
1.186042221E1,2.626737671E0,-4.532574463E-1,-2.811453552E0,3.874204974E0
1.187036221E1,6.012097778E0,-2.099234619E0,-1.218017120E0,6.483492222E0
1.188030121E1,1.082294357E1,-3.487298126E0,-1.568139038E0,1.147851976E1
1.189024121E1,1.624377090E1,-4.700076141E0,-3.693120117E0,1.730866676E1
1.190018121E1,2.595662292E1,-6.998247070E0,-4.660408630E0,2.728444876E1
1.191012121E1,4.113535858E1,-1.142993134E1,-3.753145294E0,4.285845489E1
1.192006121E1,5.561280258E1,-1.617356689E1,-4.161645813E0,5.806623264E1
1.193000021E1,6.488916229E1,-2.015109558E1,-3.069067841E0,6.801536013E1
1.193994021E1,5.290119141E1,-1.823702591E1,1.161030624E1,5.714826662E1
1.194988021E1,2.688663895E1,-1.181058975E1,1.192540100E1,3.169537148E1
1.195982021E1,1.709774506E1,-8.195457458E0,-1.063837738E0,1.899026487E1
1.196976067E1,1.053194870E1,-5.997577972E0,-5.717210999E0,1.340072336E1
1.197969967E1,6.936126251E0,-4.220922546E0,-5.295537872E0,9.693748288E0
1.198963967E1,4.375850372E0,-3.070714417E0,-2.226020966E0,5.790727316E0
1.199957967E1,2.306852875E0,-2.506537628E0,1.041085052E0,3.562044238E0
1.200951967E1,1.169817352E0,-2.018851776E0,2.277962952E0,3.260881835E0
1.201945967E1,1.015787659E0,-1.550176392E0,2.035317535E0,2.752705738E0
1.202939867E1,1.229243774E0,-1.187181244E0,1.322649536E0,2.160981573E0
1.203933867E1,1.154399414E0,-4.770579529E-1,3.008743286E-1,1.284814251E0
1.204927867E1,1.327289886E0,6.855743408E-2,-6.670129395E-1,1.487045670E0
1.205921867E1,9.232800293E-1,5.828878784E-1,-9.707313538E-1,1.461000908E0
1.206915867E1,-1.749861145E-1,1.607806549E0,-1.895059204E-1,1.628365602E0
1.207909767E1,-5.999523926E-1,2.132016449E0,-4.056564331E-1,2.251664752E0
1.208903767E1,-5.507048035E-1,2.123035126E0,-1.696571960E0,2.772888448E0
1.209897767E1,-4.851411438E-1,2.454745331E0,-2.104024658E0,3.269259294E0
1.210891767E1,-3.760180664E-1,3.041974182E0,-1.723216553E0,3.516315088E0
1.211885767E1,-4.460723877E-1,3.731440430E0,-9.491761780E-1,3.876024209E0
1.212879667E1,-6.376739502E-1,4.261637878E0,-2.157014465E-1,4.314477093E0
1.213873667E1,-7.258406067E-1,4.491410065E0,2.109114075E-1,4.554568320E0
1.214867667E1,-9.616003418E-1,4.402345276E0,1.381626892E-1,4.508259983E0
1.215861667E1,-1.187031555E0,4.279600525E0,-3.046165466E-1,4.451608227E0
1.216855667E1,-9.812095642E-1,4.235891418E0,-6.159690857E-1,4.391465158E0
1.217849667E1,-7.982899475E-1,3.850742340E0,-4.399351501E-1,3.957148765E0
1.218843567E1,6.761439514E-1,2.390079803E0,1.354682922E0,2.829278694E0
1.219837567E1,2.917732544E0,7.476951599E-1,4.633764038E0,5.526660874E0
1.220831567E1,4.763095093E0,-3.164419556E-1,3.491339722E0,5.914107154E0
1.221825567E1,4.784201202E0,-2.963836670E-1,-1.161434784E0,4.932074126E0
1.222819567E1,5.954766998E0,-5.390290833E-1,-2.572999420E0,6.509234085E0
1.223813467E1,1.073163345E1,-1.721719666E0,-1.805245972E0,1.101776693E1
1.224807467E1,1.665077454E1,-2.748883667E0,-3.869303741E0,1.731404532E1
1.225801467E1,2.662079178E1,-4.586761780E0,-5.627397766E0,2.759297998E1
1.226795467E1,4.214261398E1,-8.654552765E0,-6.436914368E0,4.350097773E1
1.227789467E1,5.923377274E1,-1.410741348E1,-4.564907227E0,6.106142256E1
1.228783367E1,6.931635590E1,-1.953288116E1,8.912915497E0,7.256535471E1
1.229777367E1,4.486739777E1,-1.640199188E1,2.569676331E1,5.424419199E1
1.230771367E1,2.402144714E1,-1.111498627E1,4.760400696E0,2.689301503E1
1.231765367E1,1.548170563E1,-9.010512543E0,-6.684349823E0,1.911944241E1
1.232759367E1,1.018018021E1,-7.836503906E0,-8.119714966E0,1.519791544E1
1.233753267E1,7.096742249E0,-7.181016998E0,-2.739303589E0,1.046109649E1
1.234747267E1,4.748724976E0,-5.848338318E0,1.555265808E0,7.692353457E0
1.235741267E1,4.085154877E0,-3.767814789E0,1.423539734E0,5.736844431E0
1.236735267E1,4.285139008E0,-2.480940857E0,1.113684082E-1,4.952765568E0
1.237729267E1,4.256847839E0,-1.876198425E0,-7.734416199E-1,4.715833542E0
1.238723167E1,3.848197632E0,-1.341061249E0,-1.370549927E0,4.299474083E0
1.239717167E1,3.079546051E0,-6.029461670E-1,-2.115700378E0,3.784618350E0
1.240711167E1,1.993255005E0,-1.182540894E-2,-2.365381165E0,3.093256117E0
1.241705167E1,1.020877075E0,3.608995056E-1,-2.142045593E0,2.400166198E0
1.242699167E1,9.864486694E-2,5.848338318E-1,-1.752854919E0,1.850476098E0
1.243693067E1,-5.589376831E-1,8.161029053E-1,-1.324146423E0,1.652815488E0
1.244687067E1,-9.360035706E-1,1.321002960E0,-8.563691711E-1,1.831534783E0
1.245681067E1,-1.392254791E0,2.239193573E0,3.273692322E-1,2.656977959E0
1.246675067E1,-1.787133636E0,3.223845978E0,1.545236664E0,3.996846991E0
1.247669067E1,-1.652713165E0,3.638783112E0,1.832489319E0,4.396614657E0
1.248662967E1,-1.506467285E0,3.694766693E0,1.652413788E0,4.318705353E0
1.249656967E1,-1.506616974E0,3.695066071E0,1.018182678E0,4.118264676E0
1.250650967E1,-1.604812775E0,3.303630066E0,1.362167358E-1,3.675316402E0
1.251644967E1,-1.647623749E0,2.660866699E0,-5.014572144E-1,3.169595392E0
1.252638967E1,-1.883383484E0,2.018402710E0,-3.884422302E-1,2.787825356E0
1.253632867E1,-2.376308441E0,9.806108093E-1,8.113128662E-1,2.695675784E0
1.254626867E1,-1.876797180E0,-4.972659302E-1,3.859424286E0,4.320277408E0
1.255620867E1,1.259630585E0,-8.655001831E-1,6.246510315E0,6.430758189E0
1.256614867E1,2.604284363E0,1.341210938E-1,4.758604431E-1,2.650797742E0
1.257608867E1,1.572779388E0,6.204597473E-1,-4.031716003E0,4.371880515E0
1.258602767E1,2.253563690E0,3.043171692E-1,-3.772006073E0,4.404450937E0
1.259596767E1,4.600533142E0,-1.815724182E-1,-2.969973907E0,5.478924963E0
1.260590767E1,9.606123962E0,-9.991722107E-1,-2.637066193E0,1.001149743E1
1.261584767E1,1.672142761E1,-2.126328278E0,-5.436245270E0,1.771101849E1
1.262578767E1,3.361424881E1,-5.538632355E0,-5.204976196E0,3.446281980E1
1.263572667E1,5.745083038E1,-1.249840942E1,-5.259013824E0,5.902936029E1
1.264566667E1,7.678013489E1,-2.210318619E1,1.243314514E0,7.990798323E1
1.265560667E1,6.558790924E1,-2.696672241E1,2.894470917E1,7.659487023E1
1.266554667E1,3.042034058E1,-1.924308380E1,1.519819519E1,3.907273387E1
1.267548667E1,1.828956665E1,-1.302740936E1,-2.595153351E0,2.260434613E1
1.268542567E1,1.265303787E1,-9.119336243E0,-8.165070648E0,1.760483001E1
1.269536567E1,9.123527527E0,-5.841003571E0,-8.525820465E0,1.378570607E1
1.270530567E1,7.016958160E0,-3.686384125E0,-5.132676544E0,9.443066147E0
1.271524567E1,4.573289795E0,-2.239642639E0,-1.908381500E0,5.438096970E0
1.272518567E1,2.678829346E0,-1.036893768E0,-8.732839966E-1,3.002315821E0
1.273512467E1,1.679507446E0,-2.767744446E-1,-1.590891724E0,2.329868200E0
1.274506467E1,1.011147308E0,2.261796570E-1,-2.466720428E0,2.675497297E0
1.275500467E1,3.103047180E-1,4.879852295E-1,-2.593057709E0,2.656758718E0
1.276494467E1,-6.426136780E-1,6.911128235E-1,-1.922751617E0,2.141859719E0
1.277488467E1,-1.541344757E0,1.047671356E0,-9.873468018E-1,2.109078623E0
1.278482367E1,-2.229164429E0,1.568288727E0,-2.284249878E-1,2.735120026E0
1.279476367E1,-2.516566772E0,1.999092865E0,-4.984634399E-2,3.214337453E0
1.280470367E1,-2.266287231E0,2.183808746E0,-2.314187622E-1,3.155730201E0
1.281464367E1,-1.751208344E0,2.257754974E0,-2.547702026E-1,2.868640103E0
1.282458367E1,-1.406026154E0,2.357896729E0,-3.300636292E-1,2.765054887E0
1.283452267E1,-1.337169342E0,2.178719330E0,-4.984634399E-1,2.604477984E0
1.284446267E1,-1.365310822E0,1.945953369E0,-6.065386963E-1,2.453303354E0
1.285440267E1,-1.359622650E0,1.856738892E0,-3.805087280E-1,2.332560815E0
1.286434267E1,-1.601968689E0,1.975741425E0,4.155358887E-1,2.577310213E0
1.287428267E1,-2.860701141E0,2.150428162E0,2.868484955E0,4.586519185E0
1.288422167E1,-4.440665588E0,1.325493622E0,5.656287689E0,7.312320742E0
1.289416167E1,-3.900738373E0,-2.212399292E-1,5.901777191E0,7.077830245E0
1.290410167E1,-1.863175507E0,-1.678759003E0,6.146817627E0,6.638751516E0
1.291404167E1,5.547463989E-1,-2.258802795E0,5.238506470E0,5.731656276E0
1.292398167E1,1.217568054E0,-8.864566040E-1,-4.748126221E-1,1.579153034E0
1.293392067E1,1.148411865E0,-2.766247559E-1,-2.865640869E0,3.099559430E0
1.294386067E1,1.769170990E0,-2.844085693E-1,-2.614014130E0,3.169215060E0
1.295380067E1,3.704197083E0,-4.574487305E-1,-1.492546234E0,4.019705167E0
1.296374104E1,9.445358276E0,-1.266366577E0,1.469643860E0,9.642527177E0
1.297368104E1,1.485136642E1,-1.559606781E0,-1.482068024E0,1.500639809E1
1.298362104E1,2.499577103E1,-3.187022552E0,-4.963528290E0,2.568233430E1
1.299356004E1,4.627192703E1,-8.872050476E0,-4.577481079E0,4.733664378E1
1.300350004E1,7.073495590E1,-1.720342529E1,-4.009861450E0,7.290727547E1
1.301344004E1,7.820726715E1,-2.124816422E1,2.051783295E0,8.106831028E1
1.302338004E1,5.117917236E1,-1.327649139E1,9.178463287E0,5.366392732E1
1.303332004E1,2.272574158E1,-6.647227020E0,1.308728485E0,2.371408289E1
1.304325904E1,1.418480255E1,-4.246818695E0,-4.397704926E0,1.544616137E1
1.305319904E1,9.242380371E0,-2.868784332E0,-4.154460754E0,1.053143213E1
1.306313904E1,6.087540894E0,-2.194137268E0,-2.503244476E0,6.938200443E0
1.307307904E1,4.101171570E0,-1.649869080E0,-2.336640930E-1,4.426768023E0
1.308301904E1,2.740501099E0,-1.229543152E0,1.041683807E0,3.179186655E0
1.309295804E1,1.812880096E0,-9.174421692E-1,9.957293701E-1,2.262677917E0
1.310289804E1,1.197509766E0,-6.390211487E-1,6.060896301E-1,1.486513474E0
1.311283804E1,4.770579529E-1,-5.520520020E-1,5.542973328E-1,9.162921130E-1
1.312277804E1,-5.532495117E-1,-6.191125488E-1,6.991960144E-1,1.085477055E0
1.313271804E1,-1.293609924E0,-4.794529724E-1,7.024891663E-1,1.548157879E0
1.314265704E1,-1.815873871E0,-2.797682190E-1,9.141490173E-1,2.052154136E0
1.315259704E1,-2.627785492E0,-1.179547119E-1,1.573976898E0,3.065383040E0
1.316253704E1,-3.107837219E0,3.863465881E-1,1.638343048E0,3.534414210E0
1.317247704E1,-2.627336426E0,7.023394775E-1,5.870791626E-1,2.782236399E0
1.318241704E1,-1.953587494E0,1.019978943E0,-4.864883423E-2,2.204365634E0
1.319235604E1,-1.736239471E0,1.534010010E0,1.222956848E-1,2.320058285E0
1.320229604E1,-2.058818665E0,2.182461548E0,9.559121704E-1,3.148911047E0
1.321223604E1,-2.533481598E0,2.766247559E0,2.118843842E0,4.308149694E0
1.322217604E1,-2.711760864E0,3.064726868E0,2.622845764E0,4.860608775E0
1.323211604E1,-2.204316101E0,3.146606598E0,2.697989502E0,4.694602210E0
1.324205504E1,-4.740641785E-1,2.603386230E0,3.882326660E0,4.698384510E0
1.325199504E1,1.684147797E0,1.907333679E0,5.117108917E0,5.714812266E0
1.326193504E1,3.920197906E0,1.632205811E0,4.238735504E0,5.999910508E0
1.327187504E1,4.519701233E0,1.199755096E0,5.333409119E-1,4.706544811E0
1.328181504E1,2.783761139E0,4.902305603E-1,-2.699785767E0,3.908771580E0
1.329175404E1,2.671494598E0,2.106120300E-1,-2.993924103E0,4.018062014E0
1.330169404E1,4.544998627E0,-1.673519897E-1,-2.603086853E0,5.240332086E0
1.331163404E1,9.124725037E0,-9.551637268E-1,-1.044378204E0,9.233832930E0
1.332157404E1,1.678699127E1,-2.315385132E0,-3.688330078E-1,1.694992985E1
1.333151404E1,2.603595795E1,-4.400998077E0,-2.523003387E0,2.652556194E1
1.334145304E1,4.107159119E1,-8.387508087E0,-1.509011993E0,4.194643026E1
1.335139304E1,5.761683517E1,-1.305016205E1,1.736838226E0,5.910180227E1
1.336133304E1,6.112688599E1,-1.682561096E1,2.139051819E0,6.343636904E1
1.337127304E1,4.275708618E1,-1.756597137E1,2.674937439E-1,4.622557000E1
1.338121304E1,2.541549820E1,-1.369591919E1,-4.341871033E0,2.919550642E1
1.339115204E1,1.850871094E1,-1.060544586E1,-6.290069733E0,2.223989298E1
1.340109204E1,1.294463150E1,-6.953639832E0,-6.331832886E0,1.600027185E1
1.341103204E1,9.583670654E0,-4.485422516E0,-4.929998016E0,1.167350157E1
1.342097204E1,6.717730408E0,-3.077450409E0,-3.226690063E0,8.062886060E0
1.343091204E1,3.657643890E0,-2.281106415E0,-1.898202667E0,4.710093276E0
1.344085104E1,1.352886658E0,-1.896705780E0,-3.839515686E-1,2.361189093E0
1.345079104E1,-9.145980835E-2,-1.452729034E0,1.192570038E0,1.881757115E0
1.346073104E1,-1.621428223E0,-1.417402496E0,3.193309479E0,3.851659999E0
1.347067104E1,-3.187770996E0,-1.430874481E0,5.234913940E0,6.293934355E0
1.348061104E1,-3.504662018E0,-8.884025574E-1,5.799689484E0,6.834348035E0
1.349055004E1,-2.846630402E0,9.550140381E-2,4.989125061E0,5.744892866E0
1.350049004E1,-2.222129059E0,9.756710815E-1,3.866459656E0,4.565008421E0
1.351043004E1,-1.395547943E0,1.451830902E0,2.302362213E0,3.058796951E0
1.352037004E1,-6.572831726E-1,1.383572845E0,4.454736328E-1,1.595224669E0
1.353031004E1,-2.713856506E-1,7.171586609E-1,-1.073118439E0,1.318919975E0
1.354024904E1,-3.854484558E-1,4.923262024E-1,-1.725312195E0,1.835117918E0
1.355018904E1,-4.703219604E-1,7.719447327E-1,-1.897154846E0,2.101498971E0
1.356012904E1,-4.418811035E-1,1.087787933E0,-1.904190216E0,2.237069931E0
1.357006904E1,-4.671784973E-1,1.403032379E0,-1.936373291E0,2.436451749E0
1.358000904E1,-6.105802917E-1,1.642983398E0,-1.927391968E0,2.605195297E0
1.358994804E1,-6.493496704E-1,1.780098267E0,-1.898801422E0,2.682508467E0
1.359988804E1,-5.307962036E-1,1.869013367E0,-1.608704681E0,2.522476229E0
1.360982804E1,2.209405518E-1,2.088906097E0,-5.361849976E-1,2.167910921E0
1.361976804E1,4.208498383E0,2.720592499E0,6.460415497E0,8.176188022E0
1.362970804E1,8.390801239E0,2.086960144E0,1.002674927E1,1.323996408E1
1.363964804E1,6.109395447E0,1.107846222E0,-3.270698547E-1,6.217637065E0
1.364958704E1,4.899611206E0,4.933740234E-1,-5.639672241E0,7.487022832E0
1.365952704E1,8.584049377E0,-5.532495117E-1,-4.815037079E0,9.857817751E0
1.366946704E1,1.770443344E1,-3.229683838E0,-1.726060638E0,1.807918987E1
1.367940704E1,3.041031143E1,-7.147935791E0,-1.835932159E0,3.129298123E1
1.368934704E1,4.265275314E1,-1.123234222E1,-4.548142090E0,4.434082159E1
1.369928604E1,5.839042648E1,-1.722662704E1,1.577120361E0,6.089898105E1
1.370922604E1,5.996096054E1,-2.146506317E1,9.975705414E0,6.446379158E1
1.371916604E1,3.907923431E1,-1.914234329E1,8.569679260E0,4.435149675E1
1.372910604E1,2.364213593E1,-1.417896469E1,2.352358246E0,2.766816257E1
1.373904604E1,1.756731857E1,-1.162093414E1,-1.127904510E0,2.109333925E1
1.374898504E1,1.185250259E1,-9.144184570E0,-3.530707855E0,1.538063156E1
1.375892504E1,7.350314941E0,-6.125861206E0,-3.629801788E0,1.023370736E1
1.376886504E1,5.598208466E0,-3.471730499E0,-2.831811218E0,7.170216556E0
1.377880504E1,4.637955322E0,-1.932780762E0,-2.768492889E0,5.736795615E0
1.378874504E1,3.657494202E0,-1.041534119E0,-2.648292847E0,4.634167903E0
1.379868404E1,2.462080078E0,-5.685177612E-1,-2.361040192E0,3.458259901E0
1.380862404E1,1.101409607E0,1.901046753E-2,-1.805545349E0,2.115055207E0
1.381856404E1,-1.800755310E-1,8.557704163E-1,-1.068029022E0,1.380382626E0
1.382850404E1,-9.282197571E-1,1.669478302E0,-5.245092773E-1,1.980873469E0
1.383844404E1,-1.130898285E0,2.154769135E0,-3.269201660E-1,2.455369168E0
1.384838304E1,-1.238674164E0,2.452350311E0,-2.815644836E-1,2.761813587E0
1.385832304E1,-1.288071442E0,2.647843781E0,-3.502716064E-1,2.965281593E0
1.386826304E1,-1.177301788E0,2.697241058E0,-6.375242615E-1,3.011243267E0
1.387820304E1,-9.123527527E-1,2.964884491E0,-3.541635132E-1,3.122236279E0
1.388814304E1,-4.761598206E-1,3.777245178E0,1.105900269E0,3.964508130E0
1.389808204E1,-3.281176758E-1,4.695585480E0,2.981949005E0,5.572091535E0
1.390802204E1,-6.487509155E-1,5.081033936E0,3.331172791E0,6.110196050E0
1.391796204E1,-1.144220581E0,4.667294312E0,1.779649200E0,5.124453942E0
1.392790204E1,-1.367705841E0,3.757037201E0,-1.219963074E-1,4.000103861E0
1.393784204E1,-1.359323273E0,3.027154999E0,-1.197958832E0,3.527964358E0
1.394778104E1,-1.326092377E0,2.167642365E0,-1.478924561E0,2.940138138E0
1.395772104E1,-7.503895569E-1,9.867480469E-1,-9.581575012E-1,1.566787156E0
1.396766104E1,5.869294739E-1,-1.492396545E-1,4.745132446E-1,7.693643487E-1
1.397760104E1,3.139870605E0,-1.256936188E0,3.312012634E0,4.733719857E0
1.398754104E1,4.343667297E0,-1.293909302E0,2.643203430E0,5.246729576E0
1.399748004E1,2.586022339E0,-3.992198181E-1,-2.458337860E0,3.590308209E0
1.400742004E1,4.448150024E0,-1.017134857E0,-1.738784180E0,4.883029017E0
1.401736004E1,1.181493073E1,-3.552113342E0,1.592089233E0,1.243964812E1
1.402730004E1,1.604917557E1,-3.886068878E0,-3.892505493E0,1.696552878E1
1.403724004E1,2.770798096E1,-6.813830566E0,-5.519771576E0,2.906249084E1
1.404717904E1,4.542678452E1,-1.147244293E1,-4.423451385E0,4.706141329E1
1.405711904E1,6.109260727E1,-1.599708389E1,-2.796784058E0,6.321420218E1
1.406705904E1,6.845819046E1,-2.043715073E1,2.336191864E0,7.148187717E1
1.407699904E1,4.612957306E1,-1.850466934E1,1.352093307E1,5.150898882E1
1.408693904E1,2.275852341E1,-1.369097946E1,1.200383789E1,2.914593334E1
1.409687804E1,1.610471008E1,-1.099718124E1,1.888323212E0,1.959248444E1
1.410681804E1,1.160970749E1,-8.517886963E0,-1.522933044E0,1.447960743E1
1.411675804E1,7.368726654E0,-5.772895203E0,-1.603465576E0,9.497133956E0
1.412669804E1,5.067412262E0,-3.701652374E0,-8.566685486E-1,6.333622844E0
1.413663804E1,3.519331512E0,-2.244133301E0,-1.125060425E0,4.322914471E0
1.414657704E1,2.747536469E0,-1.270108795E0,-1.729952545E0,3.486383342E0
1.415651704E1,2.187401276E0,-7.321275330E-1,-2.604883118E0,3.479389475E0
1.416645704E1,1.338366852E0,-1.986369324E-1,-3.190764771E0,3.465784512E0
1.417639704E1,3.565585327E-1,3.282673645E-1,-3.114573212E0,3.152056430E0
1.418633704E1,-6.147715759E-1,7.613168335E-1,-2.778971100E0,2.946222630E0
1.419627604E1,-1.289718018E0,1.228794708E0,-2.454445953E0,3.032756821E0
1.420621604E1,-1.579814758E0,1.887574768E0,-1.895957336E0,3.106993305E0
1.421615604E1,-1.498982849E0,2.593357086E0,-1.098565521E0,3.190501021E0
1.422609604E1,-1.402134247E0,2.874921570E0,-5.896238708E-1,3.252508384E0
1.423603604E1,-1.568288727E0,3.347039795E0,2.299218750E-1,3.703386152E0
1.424597504E1,-1.845063171E0,4.491709442E0,1.212478638E0,5.004979147E0
1.425591504E1,-1.969005432E0,5.369633789E0,2.141596527E0,6.107076642E0
1.426585504E1,-2.236648865E0,6.049519958E0,3.821253662E0,7.496750591E0
1.427579504E1,-2.742596741E0,5.645809479E0,3.701951752E0,7.287074058E0
1.428573504E1,-2.278112640E0,4.275558929E0,8.801696777E-1,4.923911049E0
1.429567404E1,-1.888921967E0,3.091820526E0,-6.542893982E-1,3.681776063E0
1.430561404E1,-1.747166748E0,1.925146637E0,-1.944456482E-1,2.607027106E0
1.431555404E1,-1.321002960E0,5.135820007E-1,1.806293793E0,2.295977473E0
1.432549404E1,5.523513794E-2,-2.345622253E-1,2.595752106E0,2.606913760E0
1.433543404E1,1.485660553E0,-2.306703186E-1,8.951385498E-1,1.749762583E0
1.434537404E1,2.965333557E0,-6.903643799E-1,9.876461792E-1,3.200820373E0
1.435531304E1,4.866230621E0,-1.434017944E0,1.420545959E0,5.268259556E0
1.436525304E1,4.900060272E0,-1.066532135E0,-1.575174408E0,5.256353858E0
1.437519304E1,6.565946045E0,-1.040486298E0,-3.373983765E0,7.455067112E0
1.438513304E1,1.519370453E1,-2.867287445E0,-3.066373444E0,1.576301496E1
1.439507304E1,3.119602753E1,-6.608457642E0,-2.486179962E0,3.198507365E1
1.440501204E1,4.799499390E1,-1.105451202E1,-5.655239868E0,4.957522983E1
1.441495204E1,7.028244690E1,-1.838626556E1,-4.332440643E0,7.277669370E1
1.442489204E1,7.652326904E1,-2.262784515E1,7.311545563E0,8.013294441E1
1.443483204E1,4.382541458E1,-1.532318527E1,1.934202805E1,5.029494029E1
1.444477204E1,2.113619705E1,-9.976154480E0,3.396886139E0,2.361781784E1
1.445471104E1,1.547901123E1,-7.870333557E0,-3.601510620E0,1.773450923E1
1.446465104E1,1.009800110E1,-6.416556702E0,-4.186194763E0,1.267541134E1
1.447459104E1,5.953419800E0,-4.833149414E0,-2.435285797E0,8.045691859E0
1.448453104E1,3.019670563E0,-3.491788788E0,3.303630066E-1,4.628189599E0
1.449447104E1,1.034798126E0,-1.947899323E0,1.356179810E0,2.589274533E0
1.450441004E1,-4.273612976E-1,-9.316625977E-1,8.764274597E-1,1.348613350E0
1.451435004E1,-1.452729034E0,-5.285508728E-1,-5.078938293E-1,1.627188930E0
1.452429004E1,-1.892215118E0,-8.771759033E-2,-1.319655762E0,2.308606454E0
1.453423004E1,-1.867217102E0,4.093986511E-1,-1.258433075E0,2.288615469E0
1.454417004E1,-1.638193359E0,8.379574585E-1,-1.189576263E0,2.191105171E0
1.455410904E1,-1.415157166E0,1.185684357E0,-1.278790741E0,2.245845711E0
1.456404904E1,-1.360670471E0,1.646426239E0,-1.185834045E0,2.443019827E0
1.457398904E1,-1.350791016E0,2.205663300E0,-1.013093262E0,2.777758974E0
1.458392904E1,-1.197360077E0,2.509531403E0,-1.304088135E0,3.071166696E0
1.459386904E1,-9.654922485E-1,2.462229767E0,-1.786684570E0,3.191706826E0
1.460380804E1,-7.831713867E-1,2.407892761E0,-1.635498962E0,3.014326098E0
1.461374804E1,-5.746549988E-1,2.522105255E0,-1.030307465E0,2.784380857E0
1.462368804E1,-1.922003174E-1,2.810854797E0,-3.291654968E-1,2.836581671E0
1.463362804E1,6.915618896E-2,3.265908508E0,1.049467621E0,3.431081936E0
1.464356804E1,-2.441423035E-1,4.133803711E0,4.006119232E0,5.761677697E0
1.465350704E1,-1.889221344E0,4.635560303E0,7.021149445E0,8.622883284E0
1.466344704E1,-2.244732056E0,3.351530457E0,7.028334503E0,8.103645124E0
1.467338704E1,-1.499880981E-1,1.277593231E0,5.087021484E0,5.247144793E0
1.468332704E1,2.801723785E0,-1.266366577E-1,2.855312347E0,4.002312034E0
1.469326704E1,3.350482635E0,2.826123047E-1,-1.759441223E0,3.794896181E0
1.470320604E1,3.252137146E0,3.993695068E-1,-3.230881348E0,4.601574329E0
1.471314604E1,7.952662354E0,-1.315314789E0,1.375489655E0,8.177216109E0
1.472308604E1,1.144744492E1,-2.173779602E0,-2.588117981E-1,1.165488294E1
1.473302604E1,1.461381042E1,-2.320624237E0,-3.721560974E0,1.525774453E1
1.474296604E1,2.636332718E1,-4.820276184E0,-2.034269714E0,2.687746892E1
1.475290504E1,3.949626709E1,-7.450007629E0,-3.372486877E0,4.033399801E1
1.476284504E1,5.477230042E1,-1.135314102E1,-3.134182434E0,5.602429654E1
1.477278504E1,6.348418396E1,-1.498294281E1,-2.396666107E0,6.527230804E1
1.478272504E1,5.261603439E1,-1.539548492E1,1.753154297E0,5.485017394E1
1.479266504E1,2.895443893E1,-1.164338745E1,5.458548889E0,3.168159973E1
1.480260404E1,1.730087265E1,-9.419761505E0,2.015558624E0,1.980188319E1
1.481254404E1,1.270602768E1,-7.843988342E0,-7.777825928E-1,1.495246596E1
1.482248404E1,8.435109100E0,-5.640420685E0,-1.901046753E0,1.032372945E1
1.483242404E1,5.127138062E0,-3.443439331E0,-1.847009125E0,6.446414650E0
1.484236404E1,2.469414825E0,-2.141147461E0,-7.086264038E-1,3.344349475E0
1.485230304E1,2.537223816E-1,-1.192270660E0,7.957452393E-1,1.455711118E0
1.486224304E1,-1.402433624E0,-6.475534058E-1,1.848206635E0,2.408736857E0
1.487218304E1,-2.647694092E0,-4.929249573E-1,2.311642914E0,3.549218502E0
1.488212304E1,-3.068169708E0,-2.580633545E-1,2.402354279E0,3.905325612E0
1.489206304E1,-2.672991486E0,3.770658875E-1,2.306254120E0,3.550474649E0
1.490200304E1,-2.567610626E0,1.282832336E0,2.249821472E0,3.646913735E0
1.491194204E1,-2.352058868E0,2.397115173E0,1.932331696E0,3.874564215E0
1.492188204E1,-1.550924835E0,2.903212738E0,6.355783081E-1,3.352308433E0
1.493182204E1,-8.132588196E-1,2.608176270E0,-7.306306458E-1,2.828037217E0
1.494176204E1,-5.945635986E-1,2.368824005E0,-9.862989807E-1,2.633935975E0
1.495170204E1,-3.650907898E-1,2.366129608E0,-7.340734863E-1,2.504141468E0
1.496164104E1,-9.894424438E-2,2.422861633E0,-1.380579071E0,2.790348908E0
1.497158067E1,-8.592132568E-2,2.339185638E0,-2.896776123E0,3.724309846E0
1.498152067E1,-2.520758057E-1,2.370470581E0,-2.718347168E0,3.615533752E0
1.499146067E1,-2.779719543E-1,2.485730896E0,-1.869163055E0,3.122482510E0
1.500140067E1,-6.182144165E-2,2.506986694E0,-7.183561707E-1,2.608608779E0
1.501133967E1,-3.161425781E-1,2.184407501E0,2.499801636E0,3.334754935E0
1.502127967E1,-8.328680420E-1,8.089178467E-1,1.280093033E1,1.285347558E1
1.503121967E1,8.339158630E-1,2.046244812E-1,5.285658417E0,5.354948342E0
1.504115967E1,1.913021851E0,4.834945679E-1,-1.675016785E0,2.588262125E0
1.505109967E1,3.930227051E0,1.029858398E-1,-3.141966248E-1,3.944110834E0
1.506103867E1,5.852978668E0,-3.809577942E-1,-1.089883575E0,5.965763517E0
1.507097867E1,1.281215698E1,-3.106639709E0,3.072211304E0,1.353665613E1
1.508091867E1,2.203747284E1,-6.615493011E0,7.236252136E0,2.412008089E1
1.509085867E1,2.729948044E1,-7.494614868E0,9.036708069E-1,2.832397404E1
1.510079867E1,3.792603241E1,-1.023466690E1,-2.508782959E0,3.936275312E1
1.511073767E1,5.266468323E1,-1.419153854E1,-6.700067139E-1,5.454738797E1
1.512067767E1,5.780304794E1,-1.436532715E1,-3.870950317E0,5.968701058E1
1.513061767E1,4.659121307E1,-8.471483459E0,-6.935078430E-1,4.736019553E1
1.514055767E1,2.840253662E1,-2.062261505E0,3.275039520E0,2.866501165E1
1.515049767E1,1.961476089E1,-1.017883301E-1,1.652713165E0,1.968452861E1
1.516043667E1,1.430066162E1,-3.626957703E-1,-1.634600830E-1,1.430619412E1
1.517037667E1,1.060005707E1,-1.805545349E0,-5.384303284E-1,1.076620226E1
1.518031667E1,7.962841187E0,-3.112776947E0,-1.574725342E-1,8.551082837E0
1.519025667E1,6.087540894E0,-3.832330627E0,1.187031555E-1,7.194372982E0
1.520019667E1,4.196672974E0,-3.712280273E0,1.782792664E-1,5.605789184E0
1.521013567E1,2.581681366E0,-3.012186127E0,4.116439819E-1,3.988457685E0
1.522007567E1,1.648821259E0,-2.153571625E0,6.466552734E-1,2.788305100E0
1.523001567E1,1.251846771E0,-1.352287903E0,5.075944519E-1,1.911401328E0
1.523995567E1,8.655001831E-1,-3.659889221E-1,2.219883728E-1,9.655657905E-1
1.524989567E1,2.713856506E-1,5.890251160E-1,-3.278182983E-2,6.493653879E-1
1.525983467E1,-2.766247559E-1,1.446741486E0,4.939727783E-2,1.473778231E0
1.526977467E1,-6.942562866E-1,2.265688477E0,6.768923950E-1,2.464451131E0
1.527971467E1,-8.976832581E-1,3.005150757E0,1.036295013E0,3.303130887E0
1.528965467E1,-6.313870239E-1,3.092718658E0,-2.815644836E-1,3.169043520E0
1.529959467E1,-9.445358276E-2,2.679128723E0,-2.188149719E0,3.460440924E0
1.530953467E1,3.944297791E-1,2.329455872E0,-2.911894684E0,3.749809350E0
1.531947367E1,5.806425476E-1,2.271526337E0,-2.427501984E0,3.374869412E0
1.532941367E1,3.968247986E-1,2.342029724E0,-1.364562378E0,2.739453163E0
1.533935367E1,-3.535647583E-1,2.794239349E0,8.060737610E-1,2.929596643E0
1.534929367E1,-1.776356049E0,3.223097534E0,4.068090363E0,5.485723081E0
1.535923367E1,-2.771037598E0,2.493963776E0,6.484665070E0,7.479932202E0
1.536917267E1,-2.694396973E0,7.518864441E-1,5.915847931E0,6.543879966E0
1.537911267E1,-1.368005219E0,-1.150357819E0,4.723427582E0,5.050299942E0
1.538905267E1,9.386979675E-1,-3.235671387E0,6.827751617E0,7.613732025E0
1.539899267E1,3.702550507E0,-4.369563446E0,6.560407562E0,8.708668804E0
1.540893267E1,5.269192657E0,-2.989882507E0,3.272195435E-1,6.067195505E0
1.541887167E1,5.154980164E0,-1.130149841E0,-5.296885071E0,7.477168622E0
1.542881167E1,6.943760376E0,-1.405577087E0,-5.745801544E0,9.121715326E0
1.543875167E1,1.121662491E1,-2.322121124E0,-6.188131714E0,1.301913572E1
1.544869167E1,1.924607758E1,-3.828588409E0,-5.700296173E0,2.043435753E1
1.545863167E1,3.368684784E1,-6.316864014E0,-2.850222931E0,3.439229942E1
1.546857067E1,4.466022858E1,-8.814420319E0,-5.981860657E0,4.591309921E1
1.547851067E1,5.840838913E1,-1.166928360E1,-1.288370819E0,5.957660615E1
1.548845067E1,6.634413666E1,-1.090033264E1,2.318633377E1,7.111939113E1
1.549839067E1,4.007331711E1,-7.265890503E0,1.850332214E1,4.473295026E1
1.550833067E1,2.151610703E1,-6.262527008E0,-3.520678711E-1,2.241173929E1
1.551826967E1,1.354563171E1,-6.367009735E0,-3.050057373E0,1.527500578E1
1.552820967E1,1.010578491E1,-7.079677734E0,-1.686542816E0,1.245364012E1
1.553814967E1,6.876550140E0,-7.522906036E0,3.275189209E0,1.070550893E1
1.554808967E1,5.493426361E0,-6.463409271E0,2.433040466E0,8.824572426E0
1.555802967E1,5.286107483E0,-4.408632202E0,-1.369651794E-1,6.884600909E0
1.556796867E1,4.891528015E0,-2.493215332E0,-1.552122345E0,5.705458158E0
1.557790867E1,4.003574524E0,-1.409618683E0,-1.815424805E0,4.616427301E0
1.558784867E1,2.389031982E0,-6.215075684E-1,-1.291065216E0,2.785784425E0
1.559778867E1,6.727011108E-1,1.547781372E-1,-3.942800903E-1,7.949464422E-1
1.560772867E1,-6.876699829E-1,9.047186279E-1,4.695735168E-1,1.229595498E0
1.561766767E1,-1.377435608E0,1.489402771E0,5.827381897E-1,2.110742349E0
1.562760767E1,-1.242266693E0,1.755848694E0,-2.597099304E-1,2.166490346E0
1.563754767E1,-7.943980408E-1,1.691332855E0,-1.340163116E0,2.299502610E0
1.564748767E1,-5.316943359E-1,1.676813049E0,-1.845661926E0,2.549680140E0
1.565742767E1,-3.776646423E-1,1.663341064E0,-2.112407227E0,2.715068760E0
1.566736667E1,-2.683918762E-1,1.863025818E0,-2.137854309E0,2.848389096E0
1.567730667E1,-1.182540894E-1,2.162403259E0,-1.774709473E0,2.799922427E0
1.568724667E1,1.194515991E-1,2.480192413E0,-1.323847046E0,2.813928587E0
1.569718667E1,2.689906311E-1,2.674787750E0,-8.738827515E-1,2.826750171E0
1.570712667E1,2.676434326E-1,2.777025146E0,-3.393443298E-1,2.810454811E0
1.571706667E1,1.067280579E-1,2.749033356E0,2.219883728E-1,2.760046033E0
1.572700567E1,-2.028282166E-1,2.396666107E0,5.221142578E-1,2.461249888E0
1.573694567E1,-6.174659729E-1,1.782642975E0,6.691085815E-1,2.001695905E0
1.574688567E1,-9.472302246E-1,1.071621552E0,9.851014709E-1,1.736675777E0
1.575682567E1,-1.112935638E0,2.168989563E-1,2.491419067E0,2.737305219E0
1.576676567E1,1.371148682E-1,-1.085093536E0,5.627846832E0,5.733139492E0
1.577670467E1,2.453248444E0,-1.076860657E0,3.555556183E0,4.451969965E0
1.578664467E1,3.207978973E0,-6.355783081E-1,-5.665718079E-1,3.319049938E0
1.579658467E1,5.917195129E0,-1.270857239E0,-2.192939758E-1,6.056101565E0
1.580652467E1,1.214753906E1,-2.590363312E0,1.133892059E0,1.247230526E1
1.581646467E1,1.748379227E1,-2.862946472E0,-2.507435760E0,1.789320230E1
1.582640367E1,3.057721436E1,-5.076393585E0,-3.070714417E0,3.114747336E1
1.583634367E1,4.825395538E1,-8.382268982E0,-2.624342651E0,4.904685329E1
1.584628367E1,6.641898102E1,-1.299866913E1,2.294728088E-1,6.767938457E1
1.585622367E1,7.492758728E1,-1.556029221E1,9.247020721E0,7.708289967E1
1.586616367E1,4.322965347E1,-1.062640228E1,1.482711685E1,4.692085633E1
1.587610267E1,1.906690018E1,-6.815477142E0,5.725593567E0,2.104233430E1
1.588604267E1,1.137334900E1,-5.752088470E0,-1.374591522E0,1.281909088E1
1.589598267E1,8.690927124E0,-5.481002197E0,-2.943628693E0,1.068824351E1
1.590592267E1,6.941215668E0,-5.115462341E0,-1.841320953E0,8.816966188E0
1.591586267E1,5.498515778E0,-4.002676392E0,-9.470805359E-1,6.866735439E0
1.592580167E1,4.308640137E0,-2.565065918E0,-6.999444580E-1,5.062989753E0
1.593574167E1,3.418141937E0,-1.316661987E0,-8.249345398E-1,3.754705060E0
1.594568167E1,2.405647430E0,-6.527925110E-1,-1.229243774E0,2.779265709E0
1.595562167E1,9.485774231E-1,-2.974314880E-1,-1.287173309E0,1.626370113E0
1.596556242E1,-5.084925842E-1,1.362167358E-2,-1.682650909E0,1.757857884E0
1.597550142E1,-1.368903351E0,4.354444885E-1,-1.986668701E0,2.451603723E0
1.598544142E1,-1.677112427E0,7.533833313E-1,-1.747466125E0,2.536519347E0
1.599538142E1,-1.665137329E0,9.630972290E-1,-1.705553284E0,2.570826832E0
1.600532142E1,-1.458866272E0,1.180894318E0,-1.621577911E0,2.480386484E0
1.601526142E1,-1.228645020E0,1.443448334E0,-1.275946655E0,2.284983926E0
1.602520042E1,-9.907896423E-1,1.582209778E0,-1.036744080E0,2.135389937E0
1.603514042E1,-5.920188904E-1,1.694775696E0,-7.710466003E-1,1.953781944E0
1.604508042E1,-2.234852600E-1,1.939067688E0,-4.727169800E-1,2.008330277E0
1.605502042E1,5.553451538E-2,2.257305908E0,-2.204914856E-1,2.268728838E0
1.606496042E1,1.110690308E-1,2.467618561E0,-7.349716187E-2,2.471210134E0
1.607490042E1,-1.257385254E-2,2.481240234E0,2.874023438E-2,2.481438535E0
1.608483942E1,-2.540217590E-1,2.162852325E0,2.029779053E-1,2.187157348E0
1.609477942E1,-8.719367981E-1,1.199904785E0,1.234033813E0,1.929477838E0
1.610471942E1,-1.610650635E0,-1.353934479E0,9.512568512E0,9.742499358E0
1.611465942E1,-7.469467163E-1,-3.102897491E0,1.321287369E1,1.359286332E1
1.612459942E1,-1.911524963E-1,-2.366578674E-1,-1.800006866E0,1.825533057E0
1.613453842E1,7.042854309E-1,1.133143616E-1,-3.548371124E0,3.619363998E0
1.614447842E1,2.422861633E0,-1.881587219E-1,-3.126398621E0,3.959801830E0
1.615441842E1,4.200265503E0,-3.495231628E-1,-3.284619598E0,5.343512201E0
1.616435842E1,9.980495453E0,-1.280587006E0,-2.243833923E-1,1.006481696E1
1.617429842E1,1.592388611E1,-1.475032654E0,-3.762126617E0,1.642861731E1
1.618423742E1,2.773866714E1,-2.569406891E0,-5.654940491E0,2.842558458E1
1.619417742E1,5.147031693E1,-8.043673096E0,-3.398682404E0,5.220579703E1
1.620411742E1,7.487220245E1,-1.550864960E1,-5.757028198E-1,7.646369299E1
1.621405742E1,7.306755524E1,-1.781550247E1,2.660552353E1,7.977539495E1
1.622399742E1,3.558026047E1,-1.242850479E1,1.798659668E1,4.176051157E1
1.623393642E1,1.662218399E1,-8.231233063E0,-4.165837097E0,1.901063905E1
1.624387642E1,1.099433716E1,-5.918392639E0,-7.683222656E0,1.466065249E1
1.625381642E1,5.278323669E0,-4.198169861E0,-3.410657501E0,7.557639548E0
1.626375642E1,2.130968628E0,-2.711760864E0,5.249583435E-1,3.488589334E0
1.627369642E1,2.893183594E0,-1.284179535E0,-7.512876892E-1,3.253315475E0
1.628363542E1,3.049009552E0,-4.819976807E-1,-1.456171875E0,3.413095009E0
1.629357542E1,2.446662140E0,1.683998108E-1,-1.405277710E0,2.826538442E0
1.630351542E1,1.078806610E0,4.755610657E-1,-1.591041412E0,1.980251197E0
1.631345542E1,-3.737727356E-1,5.938151550E-1,-1.870659943E0,1.997921699E0
1.632339542E1,-1.405427399E0,7.056326294E-1,-2.255958710E0,2.749998778E0
1.633333442E1,-1.713786163E0,9.795629883E-1,-2.497705994E0,3.183573761E0
1.634327442E1,-1.525028687E0,1.130149841E0,-2.498753815E0,3.137948659E0
1.635321442E1,-1.271006927E0,1.235081635E0,-2.107018433E0,2.753254788E0
1.636315442E1,-9.782157898E-1,1.398392029E0,-1.472188568E0,2.253829092E0
1.637309442E1,-5.921685791E-1,1.610950012E0,-8.400531006E-1,1.910893189E0
1.638303342E1,-5.896238708E-1,2.009271698E0,1.534309387E-1,2.099611897E0
1.639297342E1,-1.085243225E0,2.747087402E0,1.747017059E0,3.431662958E0
1.640291342E1,-1.702559509E0,3.198249207E0,2.552042999E0,4.431752513E0
1.641285342E1,-1.705253906E0,2.975362701E0,2.004930725E0,3.972457841E0
1.642279342E1,-1.536255341E0,2.573149109E0,1.667682037E0,3.429626829E0
1.643273342E1,-1.464105377E0,1.916913757E0,1.364712067E0,2.771389892E0
1.644267242E1,-1.361269226E0,7.098239136E-1,2.534230042E0,2.962975835E0
1.645261242E1,-4.634362793E-1,-1.316212921E0,8.703351288E0,8.814505844E0
1.646255242E1,2.420466614E0,-1.677711182E0,6.620432739E0,7.245930105E0
1.647249242E1,2.765349426E0,-1.983375549E-1,-7.033872986E-1,2.860288259E0
1.648243242E1,2.072140961E0,1.413061523E-1,-2.746488647E0,3.443390114E0
1.649237142E1,3.543581085E0,-3.676354980E-1,-2.340682526E0,4.262735912E0
1.650231142E1,6.787934418E0,-1.116079102E0,-2.047142944E0,7.177219549E0
1.651225142E1,1.128652954E1,-1.772015076E0,-3.519930267E0,1.195473528E1
1.652219142E1,2.107347748E1,-3.009491730E0,-4.152814178E0,2.168857670E1
1.653213142E1,3.560840195E1,-5.034181366E0,-5.483397217E0,3.637813789E1
1.654207042E1,5.332421173E1,-8.829389191E0,-6.164181519E0,5.440061400E1
1.655201042E1,7.361347000E1,-1.460632599E1,-1.579216003E0,7.506518266E1
1.656195042E1,6.385241821E1,-1.538710236E1,1.006566833E1,6.644706096E1
1.657189042E1,2.956995895E1,-1.140149048E1,1.927885941E1,3.709515976E1
1.658183042E1,1.941447739E1,-9.250164185E0,4.281995544E0,2.192767556E1
1.659176942E1,1.398526749E1,-7.637567596E0,-5.752537537E-1,1.594525203E1
1.660170942E1,8.760233002E0,-6.611750793E0,-8.144563293E-1,1.100546546E1
1.661164942E1,5.046156464E0,-5.598956909E0,7.391629028E-1,7.573531232E0
1.662158942E1,1.093027039E0,-4.658762054E0,3.601360931E0,5.989037698E0
1.663152942E1,-7.012916565E-1,-3.459156647E0,3.084336090E0,4.687291735E0
1.664146842E1,-6.277944946E-1,-2.214644623E0,8.997789001E-1,2.471513464E0
1.665140842E1,-2.300715637E-1,-1.414408722E0,-3.791615295E-1,1.482311851E0
1.666134842E1,2.680924988E-1,-7.990383911E-1,-1.272503815E0,1.526303344E0
1.667128842E1,5.429209900E-1,-1.722917175E-1,-2.154469757E0,2.228494463E0
1.668122842E1,5.242098999E-1,2.671943665E-1,-3.350183258E0,3.401458027E0
1.669116742E1,5.201683044E-1,5.016069031E-1,-4.173321533E0,4.235421723E0
1.670110742E1,4.909790039E-2,8.414002991E-1,-3.740571442E0,3.834349981E0
1.671104742E1,-5.589376831E-1,1.130748596E0,-2.970572662E0,3.227275269E0
1.672098742E1,-9.698332214E-1,1.199156342E0,-2.395618286E0,2.849129583E0
1.673092742E1,-1.103205872E0,1.258882141E0,-2.023641815E0,2.626208986E0
1.674086642E1,-1.109492798E0,1.302441559E0,-1.617536316E0,2.354517364E0
1.675080642E1,-1.422192535E0,1.675914917E0,-4.927752686E-1,2.252587375E0
1.676074642E1,-2.369273071E0,2.568059692E0,1.623374176E0,3.852756051E0
1.677068642E1,-2.073937225E0,2.692001953E0,1.251397705E0,3.621337646E0
1.678062642E1,-1.197509766E0,2.374961243E0,1.655557251E-1,2.664935129E0
1.679056642E1,-7.839198303E-1,2.192939758E0,1.815724182E-1,2.335911734E0
1.680050542E1,-3.658392334E-1,1.964065704E0,2.493215332E0,3.194920207E0
1.681044542E1,1.487756195E0,1.111139374E0,7.264094238E0,7.497673926E0
1.682038542E1,2.836301880E0,4.920268250E-1,3.516337738E0,4.544373426E0
1.683032542E1,1.706002350E0,4.893324280E-1,-1.480122070E0,2.310984982E0
1.684026542E1,1.902094574E0,7.798782349E-2,-1.630409546E0,2.506447916E0
1.685020442E1,5.186863861E0,-9.246272278E-1,1.990859985E-2,5.268670475E0
1.686014442E1,1.060020676E1,-2.113155670E0,6.637197876E-1,1.082914282E1
1.687008442E1,1.674822189E1,-3.055446167E0,-1.062340851E0,1.705776234E1
1.688002442E1,2.955184662E1,-5.282514954E0,-4.340972900E-1,3.002340826E1
1.688996442E1,4.434258911E1,-7.879614258E0,-2.370470581E0,4.509958604E1
1.689990342E1,6.336772614E1,-1.211430817E1,2.139949951E0,6.455079057E1
1.690984342E1,7.094706482E1,-1.508428207E1,9.619595947E0,7.316801349E1
1.691978342E1,4.197750732E1,-1.127650040E1,9.232650604E0,4.443548604E1
1.692972342E1,1.980621277E1,-7.196135559E0,3.903582458E0,2.143148122E1
1.693966342E1,1.238075409E1,-5.338348846E0,5.051994324E-1,1.349208163E1
1.694960242E1,9.050030365E0,-3.995042267E0,-6.099815369E-1,9.911381831E0
1.695954242E1,7.673792267E0,-3.105741577E0,-1.239422607E-1,8.279376799E0
1.696948179E1,6.964866486E0,-2.312091980E0,4.525090027E-1,7.352543702E0
1.697942179E1,5.848188629E0,-1.566791840E0,9.048683167E-1,6.121677350E0
1.698936179E1,4.910239105E0,-1.334774323E0,8.348139954E-1,5.156450811E0
1.699930079E1,4.183500366E0,-1.369651794E0,5.962101746E-1,4.442194044E0
1.700924079E1,3.340453491E0,-1.377585297E0,8.403524780E-1,3.709792860E0
1.701918079E1,2.469414825E0,-1.214274902E0,5.999523926E-1,2.816454507E0
1.702912079E1,2.015558624E0,-1.047072601E0,-6.400689697E-1,2.359772423E0
1.703906079E1,2.140848083E0,-8.288264465E-1,-2.279160461E0,3.234927542E0
1.704900079E1,1.676513672E0,-4.302053833E-1,-2.928659821E0,3.401885229E0
1.705893979E1,6.239025879E-1,2.260299683E-2,-2.753374329E0,2.823266818E0
1.706887979E1,-2.887495422E-1,4.278103638E-1,-2.384092255E0,2.439322423E0
1.707881979E1,-9.553134155E-1,8.342152405E-1,-2.093546448E0,2.447749072E0
1.708875979E1,-1.213526459E0,1.160237274E0,-1.813778229E0,2.471555879E0
1.709869979E1,-1.215023346E0,1.370549927E0,-1.610650635E0,2.439033477E0
1.710863879E1,-1.109193420E0,1.419348450E0,-1.472338257E0,2.326508115E0
1.711857879E1,-8.863069153E-1,1.436862030E0,-1.254391479E0,2.103238081E0
1.712851879E1,-5.857319641E-1,1.567540283E0,-9.851014709E-1,1.941826300E0
1.713845879E1,-4.577481079E-1,1.629661102E0,-6.680607605E-1,1.819789498E0
1.714839879E1,-4.297563171E-1,1.559606781E0,-4.243675232E-1,1.672468714E0
1.715833779E1,-4.141886902E-1,1.390757904E0,-1.300794983E-1,1.456942173E0
1.716827779E1,-3.911366272E-1,1.113983459E0,1.896556091E-1,1.195791060E0
1.717821779E1,-6.168672180E-1,6.390211487E-1,1.410965881E0,1.667242607E0
1.718815779E1,4.137396240E-1,-1.547931061E0,1.214873657E1,1.225394105E1
1.719809779E1,4.989274750E0,-3.496728516E0,1.305570053E1,1.440733456E1
1.720803679E1,6.898105316E0,-3.989653473E0,6.584806824E0,1.033735327E1
1.721797679E1,5.379662933E0,-2.415227509E0,-3.362457733E0,6.788241245E0
1.722791679E1,4.750371552E0,-1.131347351E0,-7.338040466E0,8.814352761E0
1.723785679E1,7.857160950E0,-1.231040039E0,-5.680836639E0,9.773553228E0
1.724779679E1,1.836471039E1,-1.169817352E0,5.054988098E-1,1.840887257E1
1.725773579E1,3.051135132E1,-2.831362152E0,-2.673141174E0,3.075881751E1
1.726767579E1,4.533367813E1,-6.959627380E0,-5.420527954E0,4.618398975E1
1.727761579E1,6.930557831E1,-1.293639862E1,3.134032745E0,7.057220243E1
1.728755579E1,7.284436935E1,-1.400607422E1,9.214538269E0,7.474877910E1
1.729749579E1,3.514107376E1,-8.290360107E0,2.768343201E0,3.621172269E1
1.730743579E1,1.649809204E1,-5.137616272E0,-3.579057312E0,1.764629687E1
1.731737479E1,1.157198593E1,-3.692671051E0,-5.163362732E0,1.319874966E1
1.732731479E1,7.412884827E0,-2.570754089E0,-3.476969604E0,8.581896974E0
1.733725479E1,3.746259613E0,-1.881587219E0,-5.882766724E-1,4.233308516E0
1.734719479E1,1.902843018E0,-1.126856689E0,1.110690308E0,2.474722309E0
1.735713479E1,1.966760101E0,-2.330653381E-1,1.000070343E0,2.218694535E0
1.736707379E1,1.617985382E0,2.248324585E-1,3.089575195E-1,1.662492430E0
1.737701379E1,7.470964050E-1,3.513194275E-1,-5.004093933E-1,9.653952245E-1
1.738695379E1,2.559677124E-1,6.686595154E-1,-1.054407349E0,1.274519468E0
1.739689379E1,5.987548828E-4,1.200204163E0,-1.005010071E0,1.565418677E0
1.740683379E1,-7.131170654E-1,1.555265808E0,-7.033872986E-1,1.849903072E0
1.741677279E1,-1.479373627E0,2.088007965E0,8.382568359E-2,2.560341839E0
1.742671279E1,-1.840572510E0,2.716999969E0,1.004561005E0,3.432045864E0
1.743665279E1,-1.539698181E0,3.139571228E0,1.049018555E0,3.650755800E0
1.744659279E1,-9.584568787E-1,3.446882172E0,8.982820129E-1,3.688705311E0
1.745653279E1,-1.570234680E-1,3.510948944E0,1.272952881E0,3.737890835E0
1.746647179E1,5.825885010E-1,3.700604553E0,2.208357697E0,4.348646587E0
1.747641179E1,5.019062805E-1,3.451821899E0,1.998045044E0,4.019846805E0
1.748635179E1,-9.475296021E-2,2.160906372E0,-1.055305481E-1,2.165555626E0
1.749629179E1,-3.201841736E-1,1.259480896E0,-1.136885834E0,1.726649771E0
1.750623179E1,-4.468208313E-1,7.051835632E-1,-9.400451660E-2,8.401009239E-1
1.751617079E1,3.591032410E-1,-2.457888794E-1,3.307222595E0,3.335729096E0
1.752611079E1,2.419568481E0,-1.172960815E0,3.511098633E0,4.422438504E0
1.753605079E1,3.910617828E0,-1.413061523E0,2.443368988E0,4.822833885E0
1.754599079E1,3.531905365E0,-1.043330383E-1,-3.217858429E0,4.779105958E0
1.755593079E1,3.785927124E0,7.185058594E-2,-4.784500580E0,6.101627037E0
1.756586979E1,6.694678345E0,-7.659571838E-1,-2.922223206E0,7.344712180E0
1.757580979E1,1.189246948E1,-2.239343262E0,-7.679031372E-1,1.212580570E1
1.758574979E1,1.485810242E1,-2.795586548E0,-3.595373383E0,1.554043826E1
1.759568979E1,2.135863449E1,-4.228107605E0,-3.716321869E0,2.208798790E1
1.760562979E1,3.372097687E1,-6.363117828E0,-1.785337372E0,3.436249378E1
1.761556979E1,4.711587204E1,-7.375762024E0,1.254241791E0,4.770618813E1
1.762550879E1,5.954183212E1,-7.361691284E0,9.408235474E0,6.072840493E1
1.763544879E1,4.922588425E1,-6.827452240E0,1.189321793E1,5.110039546E1
1.764538879E1,2.782907913E1,-7.433841248E0,5.091512146E0,2.925137838E1
1.765532879E1,1.952928864E1,-8.373437347E0,2.033820648E0,2.134581912E1
1.766526879E1,1.542736862E1,-9.419611816E0,2.006128235E0,1.818673527E1
1.767520779E1,1.149220184E1,-9.329499207E0,1.510059814E0,1.487919821E1
1.768514779E1,8.438102875E0,-7.810907135E0,-1.166075134E-1,1.149893246E1
1.769508779E1,6.423741760E0,-5.810167694E0,-1.108744354E0,8.732228861E0
1.770502779E1,4.454137573E0,-3.793561249E0,-1.228944397E-1,5.851969883E0
1.771496779E1,2.589165802E0,-1.839225311E0,9.083111572E-1,3.303264817E0
1.772490679E1,1.953138428E0,-1.182540894E-1,-2.191442871E-1,1.968948442E0
1.773484679E1,2.636617126E0,8.411009216E-1,-2.235451355E0,3.557589548E0
1.774478679E1,2.990331573E0,1.271455994E0,-3.066972198E0,4.468221316E0
1.775472679E1,2.216590576E0,1.700164490E0,-2.966231689E0,4.074599798E0
1.776466679E1,1.423689423E0,1.855541382E0,-2.606380005E0,3.501876943E0
1.777460579E1,6.951544189E-1,1.861229553E0,-2.349364471E0,3.076837424E0
1.778454579E1,1.504371643E-1,1.916764069E0,-1.993105316E0,2.769311221E0
1.779448579E1,-4.450245667E-1,2.035616913E0,-1.384171600E0,2.501542344E0
1.780442579E1,-1.116827545E0,2.242187347E0,-2.266287231E-1,2.515167677E0
1.781436579E1,-1.872605896E0,2.496209106E0,1.031055908E0,3.286455390E0
1.782430579E1,-1.887125702E0,2.225122833E0,9.470805359E-1,3.067470714E0
1.783424479E1,-1.579814758E0,1.674268341E0,3.992198181E-1,2.336314536E0
1.784418479E1,-1.381177826E0,1.111738129E0,-1.751358032E-2,1.773110425E0
1.785412479E1,-1.284927979E0,7.125183105E-1,-2.260299683E-1,1.486543575E0
1.786406479E1,-1.238374786E0,3.914360046E-1,-3.324586487E-1,1.340642760E0
1.787400479E1,-1.243314514E0,1.260379028E-1,-2.080673218E-1,1.266889318E0
1.788394379E1,-1.936972046E0,-8.888516235E-1,2.290686493E0,3.128763737E0
1.789388379E1,-1.470841370E0,-2.871927795E0,8.416547699E0,9.013857042E0
1.790382379E1,1.964814148E0,-2.365979919E0,4.070335693E0,5.101567237E0
1.791376379E1,3.021766205E0,-5.099894714E-1,-2.847827911E0,4.183453606E0
1.792370379E1,3.739523621E0,-3.445834351E-1,-3.079845428E0,4.856770791E0
1.793364279E1,7.301366730E0,-1.185235291E0,-9.226812744E-1,7.454265863E0
1.794358279E1,1.379531250E1,-2.367776184E0,1.216969299E-1,1.399756483E1
1.795352279E1,2.002131546E1,-2.656376038E0,-2.739752655E0,2.038174799E1
1.796346279E1,3.341052246E1,-3.824696503E0,-1.624721375E0,3.366795263E1
1.797340317E1,5.030918152E1,-5.935606842E0,1.241069183E0,5.067332066E1
1.798334217E1,6.444503586E1,-9.126820679E0,5.713917847E0,6.533842942E1
1.799328217E1,5.743511307E1,-1.185863983E1,8.320447540E0,5.923385349E1
1.800322217E1,3.225642242E1,-1.044438080E1,6.518494720E0,3.452611550E1
1.801316217E1,2.151745422E1,-7.813302155E0,2.748284912E0,2.305648709E1
1.802310217E1,1.650572617E1,-5.673052826E0,2.688409424E-1,1.745550916E1
1.803304117E1,1.093251572E1,-3.753294983E0,-5.578898621E-1,1.157231024E1
1.804298117E1,8.132139130E0,-2.547103271E0,-1.601819000E0,8.670942625E0
1.805292117E1,6.643484802E0,-1.908231812E0,-2.420765991E0,7.323752245E0
1.806286117E1,5.033283234E0,-1.456770630E0,-2.411485291E0,5.768135061E0
1.807280117E1,3.688180389E0,-9.466314697E-1,-1.874402161E0,4.244074597E0
1.808274117E1,3.297792206E0,-5.134323120E-1,-1.805844727E0,3.794749181E0
1.809268017E1,3.604504395E0,-3.141966248E-1,-2.454296265E0,4.372040897E0
1.810262017E1,3.806434479E0,-1.495390320E-1,-2.969973907E0,4.830326115E0
1.811256017E1,2.972219238E0,-8.128097534E-2,-2.657124481E0,3.987606338E0
1.812250017E1,1.837429047E0,1.481918335E-2,-1.844015350E0,2.603220644E0
1.813244017E1,8.225395203E-1,1.691482544E-1,-9.415420532E-1,1.261619528E0
1.814237917E1,5.134323120E-2,2.433938599E-1,-3.643423462E-1,4.411598844E-1
1.815231917E1,-6.614744568E-1,2.830613708E-1,1.932481384E-1,7.449946575E-1
1.816225917E1,-1.330433350E0,3.107537842E-1,8.589138794E-1,1.613801061E0
1.817219917E1,-1.998643799E0,3.261717224E-1,1.541195068E0,2.544847199E0
1.818213917E1,-2.522853699E0,2.071691895E-1,1.905836792E0,3.168583869E0
1.819207817E1,-2.741099854E0,5.074447632E-2,1.837429047E0,3.300355876E0
1.820201817E1,-2.921025696E0,-7.080276489E-2,1.786534882E0,3.424778975E0
1.821195817E1,-3.225193176E0,-3.088078308E-1,1.941462708E0,3.777103486E0
1.822189817E1,-3.399281158E0,-6.834786987E-1,2.056723022E0,4.031422220E0
1.823183817E1,-2.667752380E0,-1.034498749E0,1.955982513E0,3.465971439E0
1.824177717E1,-1.488654327E0,-1.412013702E0,2.243235168E0,3.040062240E0
1.825171717E1,-4.249662781E-1,-1.782343597E0,3.273842010E0,3.751717813E0
1.826165717E1,1.129850464E0,-1.528471527E0,5.221441956E0,5.556639576E0
1.827159717E1,2.460433502E0,-7.843688965E-1,4.130211182E0,4.871099669E0
1.828153717E1,2.810555420E0,-3.772155762E-1,-2.243983612E0,3.616210145E0
1.829147617E1,2.485730896E0,-8.981323242E-4,-5.041815491E0,5.621277643E0
1.830141617E1,3.209026794E0,6.990463257E-2,-4.603377228E0,5.611935631E0
1.831135617E1,5.791007538E0,-8.322692871E-2,-3.953428802E0,7.012295938E0
1.832129617E1,1.264720001E1,-7.732919312E-1,-3.286116486E0,1.309000421E1
1.833123617E1,2.255539581E1,-1.780996399E0,-7.172185364E0,2.373516529E1
1.834117617E1,4.151466980E1,-4.336631927E0,-4.934638367E0,4.203123649E1
1.835111517E1,6.531577515E1,-8.128546600E0,3.918102264E0,6.593614546E1
1.836105517E1,7.727261078E1,-1.454839645E1,2.057531342E1,8.127764599E1
1.837099517E1,5.090599045E1,-1.714729202E1,1.977223343E1,5.723976504E1
1.838093517E1,2.514216660E1,-1.367690872E1,2.514770508E0,2.873169755E1
1.839087517E1,1.692709991E1,-1.148007706E1,-2.396965485E0,2.059282215E1
1.840081417E1,1.033690430E1,-1.001941452E1,-1.142274628E0,1.444108892E1
1.841075417E1,5.792654114E0,-8.127349091E0,1.267115021E0,1.006052809E1
1.842069417E1,4.695884857E0,-5.416636047E0,-1.208437042E0,7.269910642E0
1.843063417E1,4.706812134E0,-2.766696625E0,-3.422482910E0,6.443762872E0
1.844057417E1,4.216731262E0,-1.351090393E0,-3.584296417E0,5.696792834E0
1.845051317E1,2.526745605E0,-6.486012268E-1,-2.514620819E0,3.623319579E0
1.846045317E1,1.508562927E0,2.160008240E-1,-1.697619781E0,2.281300371E0
1.847039317E1,1.452579346E0,8.306227112E-1,-1.627864838E0,2.334494543E0
1.848033317E1,1.455423431E0,1.048719177E0,-1.632505188E0,2.425519010E0
1.849027317E1,1.080004120E0,1.056502991E0,-1.500479736E0,2.129330155E0
1.850021217E1,6.354286194E-1,9.497749329E-1,-1.220412140E0,1.671899442E0
1.851015217E1,1.785786438E-1,9.547146606E-1,-7.890092468E-1,1.251361661E0
1.852009217E1,-3.034190369E-1,1.002016296E0,-3.445834351E-1,1.102196677E0
1.853003217E1,-5.158273315E-1,1.046473846E0,-5.703140259E-2,1.168091575E0
1.853997217E1,-6.968009949E-1,1.161584473E0,2.366578674E-1,1.375069838E0
1.854991217E1,-9.093589783E-1,1.306632843E0,4.993615723E-1,1.668407959E0
1.855985117E1,-1.036444702E0,1.445843353E0,5.252577209E-1,1.854879052E0
1.856979117E1,-1.240620117E0,1.487157440E0,5.580395508E-1,2.015485963E0
1.857973117E1,-1.553469543E0,1.407822418E0,8.408015442E-1,2.258800306E0
1.858967117E1,-1.962718506E0,1.073118439E0,1.340612183E0,2.607889595E0
1.859961117E1,-2.465522919E0,4.219725037E-1,2.207459564E0,3.336126764E0
1.860955017E1,-4.051025848E0,-1.354982300E0,7.083120575E0,8.271480190E0
1.861949017E1,-4.794080658E0,-3.748055878E0,1.428000458E1,1.552255336E1
1.862943017E1,-1.357676697E0,-4.251159668E0,7.655230865E0,8.861049833E0
1.863937017E1,1.841021576E0,-1.835034027E0,-1.469344482E0,2.985914187E0
1.864931017E1,2.527044983E0,-1.978884888E-1,-4.795427856E0,5.424135371E0
1.865924917E1,3.646716614E0,-3.370989990E-1,-4.569996643E0,5.856368082E0
1.866918917E1,7.037016449E0,-9.601034546E-1,-2.996319122E0,7.708393311E0
1.867912917E1,1.092293564E1,-1.200054474E0,-5.180726624E0,1.214868643E1
1.868906917E1,1.727811996E1,-1.180594940E0,-8.314909058E0,1.921106313E1
1.869900917E1,3.572006973E1,-2.552492065E0,-4.255051575E0,3.606305674E1
1.870894817E1,6.097405380E1,-6.437662811E0,8.490344238E-1,6.131883560E1
1.871888817E1,7.795204788E1,-1.157333313E1,1.907049271E1,8.108111680E1
1.872882817E1,5.818400574E1,-1.313563431E1,1.881183060E1,6.254445125E1
1.873876817E1,2.555590622E1,-9.900561676E0,-1.546733551E0,2.745027958E1
1.874870817E1,1.559591812E1,-8.986562347E0,-2.426603851E0,1.816258162E1
1.875864817E1,1.088686066E1,-9.177415466E0,3.465892639E0,1.465472966E1
1.876858717E1,9.151818695E0,-8.289312286E0,1.266067200E0,1.241255049E1
1.877852717E1,8.020471344E0,-6.281986542E0,-2.068398743E0,1.039565240E1
1.878846717E1,5.863007812E0,-4.384682007E0,-2.907404022E0,7.877391387E0
1.879840717E1,4.506678314E0,-2.327509918E0,-2.270179138E0,5.557082433E0
1.880834717E1,3.648363190E0,-8.042774963E-1,-1.156045990E0,3.910736323E0
1.881828617E1,2.380649414E0,2.987786865E-1,-7.195536804E-1,2.504898767E0
1.882822617E1,1.821412354E0,1.135239258E0,-1.400637360E0,2.562829715E0
1.883816617E1,1.703607330E0,1.344803467E0,-2.548749847E0,3.347670845E0
1.884810617E1,1.568139038E0,1.334624634E0,-3.196602631E0,3.802440182E0
1.885804617E1,1.031055908E0,1.335073700E0,-2.994073792E0,3.436564555E0
1.886798517E1,3.284170532E-1,1.395398254E0,-2.343376923E0,2.747072888E0
1.887792517E1,-2.363584900E-1,1.592388611E0,-1.686243439E0,2.331305162E0
1.888786517E1,-4.249662781E-1,1.780098267E0,-1.176403656E0,2.175608360E0
1.889780517E1,-6.334826660E-1,1.976789246E0,-5.084925842E-1,2.137185232E0
1.890774517E1,-1.158890076E0,2.115850067E0,3.005749512E-1,2.431088854E0
1.891768417E1,-1.314566345E0,2.008972321E0,4.317022705E-1,2.439348542E0
1.892762417E1,-1.108444977E0,1.716779938E0,1.422042847E-1,2.048464225E0
1.893756417E1,-1.005010071E0,1.371597748E0,-2.439926147E-2,1.700564891E0
1.894750417E1,-1.132844238E0,9.559121704E-1,1.266366577E-1,1.487662928E0
1.895744417E1,-1.284927979E0,5.029541016E-1,5.210664368E-1,1.474962023E0
1.896738329E1,-1.481918335E0,-2.724334717E-1,1.925296326E0,2.444804264E0
1.897732229E1,-3.041525116E0,-3.761078796E0,1.263537460E1,1.352957058E1
1.898726229E1,-2.242786102E0,-7.018904114E0,2.177806229E1,2.299084821E1
1.899720229E1,2.030677185E0,-4.709057465E0,5.961802368E0,7.863965890E0
1.900714229E1,1.467847595E0,-4.864883423E-1,-6.176156616E0,6.366801239E0
1.901708229E1,2.680475922E0,-3.062631226E-1,-5.790708160E0,6.388352625E0
1.902702129E1,4.946463776E0,-7.565267944E-1,-4.478387146E0,6.715339761E0
1.903696129E1,8.038433990E0,-1.295555878E0,-4.285288696E0,9.201010013E0
1.904690129E1,1.084854034E1,-1.327589264E0,-7.535030823E0,1.327516517E1
1.905684129E1,1.831411560E1,-1.346599731E0,-8.810378723E0,2.036769340E1
1.906678129E1,3.578099304E1,-3.201242981E0,-4.947661285E0,3.626302210E1
1.907672029E1,5.600663361E1,-8.634943542E0,-5.790558472E0,5.696346044E1
1.908666029E1,7.601702179E1,-1.465587296E1,1.116378479E1,7.821772372E1
1.909660029E1,6.115637466E1,-1.445244598E1,2.709171249E1,6.843198260E1
1.910654029E1,2.768717422E1,-9.549541626E0,6.366261292E-1,2.929468646E1
1.911648029E1,1.649539764E1,-6.938221893E0,-6.582262115E0,1.906733440E1
1.912641929E1,1.033989807E1,-5.918841705E0,-3.153043213E0,1.232427932E1
1.913635929E1,5.243745575E0,-5.526058502E0,4.182452545E0,8.690632861E0
1.914629929E1,4.611310730E0,-4.597988434E0,4.081113281E0,7.685126538E0
1.915623929E1,5.824837189E0,-3.051554260E0,-2.496807861E-1,6.580505465E0
1.916617929E1,6.418053589E0,-1.614243164E0,-2.183359680E0,6.968805662E0
1.917611929E1,5.241649933E0,-1.024619293E0,-2.323019257E0,5.824187255E0
1.918605829E1,3.517235870E0,-4.569996643E-1,-2.062111816E0,4.102694481E0
1.919599829E1,1.765129395E0,1.586700439E-1,-1.939666443E0,2.627387271E0
1.920593829E1,4.866380310E-1,5.330415344E-1,-2.285746765E0,2.396995646E0
1.921587829E1,-3.209326172E-1,7.649093628E-1,-2.599793701E0,2.728921283E0
1.922581829E1,-9.105564880E-1,9.550140381E-1,-2.446961517E0,2.780069351E0
1.923575729E1,-1.228046265E0,1.231189728E0,-2.038610687E0,2.679525948E0
1.924569729E1,-1.084494781E0,1.546733551E0,-1.569785614E0,2.456163774E0
1.925563729E1,-9.080117798E-1,1.612147522E0,-1.243015137E0,2.229033794E0
1.926557729E1,-7.427554321E-1,1.514700165E0,-1.083297272E0,2.004877852E0
1.927551729E1,-5.207670593E-1,1.551523590E0,-8.681945801E-1,1.852615883E0
1.928545629E1,-7.030879211E-1,1.770817566E0,-4.035607910E-1,1.947559701E0
1.929539629E1,-1.800904999E0,2.069745941E0,9.722282410E-1,2.910727543E0
1.930533629E1,-2.485431519E0,1.978435822E0,1.669777679E0,3.588834857E0
1.931527629E1,-2.169887695E0,1.450334015E0,1.269210663E0,2.902202107E0
1.932521629E1,-3.034489746E0,1.978884888E-1,4.310286713E0,5.275022220E0
1.933515629E1,-5.493576050E0,-2.969973907E0,1.560040878E1,1.680395421E1
1.934509529E1,-1.724414063E0,-4.311933289E0,1.291184967E1,1.372159737E1
1.935503529E1,3.175047455E0,-2.661166077E0,4.797523499E0,6.338687794E0
1.936497529E1,2.480641479E0,-1.456471252E-1,-4.533622284E0,5.169963854E0
1.937491529E1,3.004851379E0,-1.562750244E-1,-5.123994598E0,5.942127089E0
1.938485529E1,5.741310883E0,-9.545649719E-1,-3.041225739E0,6.566802793E0
1.939479429E1,9.717192993E0,-1.801803131E0,-2.063159637E0,1.009588837E1
1.940473429E1,1.211580505E1,-1.600471802E0,-5.200635223E0,1.328159813E1
1.941467429E1,1.957165054E1,-1.847607880E0,-4.759652252E0,2.022665196E1
1.942461429E1,3.591780853E1,-4.004023590E0,-2.308798828E0,3.621397143E1
1.943455429E1,5.402789841E1,-8.066725159E0,-2.962639160E0,5.470706620E1
1.944449329E1,7.230743591E1,-1.146765289E1,1.644180908E0,7.322960933E1
1.945443329E1,5.843772812E1,-1.070409073E1,6.984326019E0,5.981911430E1
1.946437329E1,2.499831573E1,-6.783294067E0,3.311413879E0,2.611310648E1
1.947431329E1,1.570339462E1,-5.169799347E0,-1.056502991E0,1.656621944E1
1.948425329E1,1.149130371E1,-4.517904968E0,-1.177002411E0,1.240350196E1
1.949419229E1,6.947951660E0,-4.249962158E0,1.309027863E0,8.249228119E0
1.950413229E1,3.779640198E0,-3.732039185E0,3.144211578E0,6.172508643E0
1.951407229E1,2.694546661E0,-2.888094177E0,2.398013306E0,4.620837316E0
1.952401229E1,2.284549255E0,-2.018253021E0,1.194815369E0,3.274155513E0
1.953395229E1,2.439028015E0,-1.424886932E0,5.807922363E-1,2.883830794E0
1.954389229E1,2.150428162E0,-1.190025330E0,8.339158630E-1,2.595364566E0
1.955383129E1,1.266665955E0,-1.012793884E0,1.015787659E0,1.913640160E0
1.956377129E1,3.233276367E-1,-5.533992004E-1,6.432124329E-1,9.080273506E-1
1.957371129E1,-2.163002014E-1,1.700463867E-1,-1.453477478E-1,3.111712046E-1
1.958365129E1,-1.993853760E-1,7.414082336E-1,-1.321002960E0,1.527903635E0
1.959359129E1,-3.213816833E-1,1.099912720E0,-2.213896179E0,2.492875944E0
1.960353029E1,-7.515870667E-1,1.578317871E0,-2.128723297E0,2.754529596E0
1.961347029E1,-1.031804352E0,2.163600769E0,-1.661694489E0,2.916679119E0
1.962341029E1,-9.436376953E-1,2.709964600E0,-8.753796387E-1,3.000108289E0
1.963335029E1,-7.664062500E-1,3.271446991E0,4.165837097E-1,3.385747472E0
1.964329029E1,-9.900411987E-1,3.912713470E0,1.748813324E0,4.398619820E0
1.965322929E1,-1.608405304E0,4.061354370E0,2.065554657E0,4.831985408E0
1.966316929E1,-1.864373016E0,3.471580811E0,1.083446960E0,4.086761234E0
1.967310929E1,-2.001487885E0,2.608325958E0,9.413923645E-1,3.419873922E0
1.968304929E1,-2.157014465E-1,8.214916992E-1,4.185446320E0,4.270753636E0
1.969298929E1,3.833378448E0,-1.689835968E0,1.031819321E1,1.113622229E1
1.970292929E1,6.844217377E0,-3.136727142E0,8.664282532E0,1.147833439E1
1.971286829E1,6.634503479E0,-2.566413116E0,3.144960022E-1,7.120535123E0
1.972280829E1,8.325387268E0,-3.131488037E0,-1.578018494E0,9.033738587E0
1.973274829E1,1.353620132E1,-4.688550110E0,-5.893244934E-1,1.433731327E1
1.974268829E1,1.708726685E1,-4.895719299E0,-3.574716339E0,1.813067436E1
1.975262829E1,2.334709946E1,-5.885461121E0,-5.285658417E0,2.465083955E1
1.976256729E1,3.375121399E1,-7.405400391E0,-4.923711090E0,3.490311349E1
1.977250729E1,4.465738449E1,-8.088579712E0,-3.280428314E0,4.550239907E1
1.978244729E1,5.395035965E1,-6.823260956E0,2.278561707E0,5.442784251E1
1.979238729E1,4.656741257E1,-2.614014130E0,9.070837097E0,4.751459848E1
1.980232729E1,2.624896500E1,-5.038522339E-1,7.282206573E0,2.724504658E1
1.981226629E1,1.787208481E1,-1.060843964E0,1.747166748E0,1.798859074E1
1.982220629E1,1.402089340E1,-2.379601593E0,9.258247375E-1,1.425149490E1
1.983214629E1,1.062071411E1,-3.979474640E0,2.214644623E0,1.155596978E1
1.984208629E1,8.381969604E0,-5.112169189E0,1.855691071E0,9.991760487E0
1.985202629E1,7.095245361E0,-5.257217560E0,3.475772095E-1,8.837513967E0
1.986196629E1,5.539081421E0,-4.662653961E0,-1.156345367E0,7.332046069E0
1.987190529E1,4.471501465E0,-3.560196533E0,-2.027683411E0,6.064719674E0
1.988184529E1,4.149970093E0,-2.177072754E0,-2.616409149E0,5.367261348E0
1.989178529E1,3.240012360E0,-1.203497314E0,-2.694846039E0,4.382725299E0
1.990172529E1,1.634600830E0,-5.399272156E-1,-2.757715302E0,3.250912942E0
1.991166529E1,1.207987976E-1,-1.913021851E-1,-3.161575470E0,3.169660601E0
1.992160429E1,-4.249662781E-1,1.040336609E-1,-3.163222046E0,3.193335725E0
1.993154429E1,-9.171427917E-1,4.980143738E-1,-2.661315765E0,2.858630935E0
1.994148429E1,-1.409468994E0,7.653584290E-1,-2.176024933E0,2.703231562E0
1.995142429E1,-1.370400238E0,1.078956299E0,-1.679806824E0,2.421547950E0
1.996136429E1,-1.249900818E0,1.207987976E0,-1.186432800E0,2.104545033E0
1.997130379E1,-1.064735870E0,1.162781982E0,-7.319778442E-1,1.738250838E0
1.998124379E1,-7.967930603E-1,1.016685791E0,-3.288661194E-1,1.332922392E0
1.999118379E1,-5.394781494E-1,9.593550110E-1,5.239105225E-2,1.101881815E0
2.000112379E1,-1.213526459E0,1.157842255E0,2.139650574E0,2.718703686E0
2.001106379E1,-4.508025513E0,1.398092651E0,8.674311676E0,9.875253928E0
2.002100379E1,-5.676795044E0,5.545967102E-1,1.010174332E1,1.160081021E1
2.003094279E1,-4.013903046E0,-7.229965210E-1,7.497309265E0,8.534857225E0
2.004088279E1,-7.367678833E-1,-2.154619446E0,6.682703247E0,7.060009530E0
2.005082279E1,2.218835907E0,-2.738405457E0,4.490062866E0,5.708131198E0
2.006076279E1,3.122656403E0,-1.573078766E0,-8.155041504E-1,3.590349124E0
2.007070279E1,3.095862122E0,-8.259823608E-1,-2.662662964E0,4.166099278E0
2.008064179E1,5.629044342E0,-1.468596039E0,-1.859133911E0,6.107314748E0
2.009058179E1,1.009994705E1,-1.882784729E0,-2.958896942E0,1.069153309E1
2.010052179E1,1.611608643E1,-2.108814697E0,-5.951174469E0,1.730872088E1
2.011046179E1,3.168985062E1,-2.942880249E0,-5.220244446E0,3.225148258E1
2.012040179E1,5.164021362E1,-3.151097260E0,-6.286926270E-1,5.174008438E1
2.013034079E1,6.743716370E1,-4.865332489E0,4.318968658E0,6.775024722E1
2.014028079E1,6.928836411E1,-6.636599121E0,6.728058929E0,6.992988364E1
2.015022079E1,4.095513336E1,-5.958958282E0,4.410278778E0,4.162070028E1
2.016016079E1,2.192251190E1,-5.268294525E0,-3.585044861E-1,2.254950068E1
2.017010079E1,1.355446335E1,-5.181924133E0,-2.340532837E0,1.469877234E1
2.018003979E1,7.107519836E0,-5.774092712E0,-1.145118713E-1,9.158061904E0
2.018997979E1,4.232747955E0,-5.796396332E0,1.240620117E0,7.283783630E0
2.019991979E1,3.940854950E0,-4.741240540E0,1.311273193E-1,6.166595006E0
2.020985979E1,3.777394867E0,-3.292702789E0,-6.454577637E-1,5.052446869E0
2.021979979E1,3.215613098E0,-1.725012817E0,-7.271878052E-1,3.720838470E0
2.022973979E1,2.861299896E0,-8.036787415E-1,-5.625302124E-1,3.024793688E0
2.023967879E1,2.424657898E0,-2.070195007E-1,-4.483177185E-1,2.474431606E0
2.024961879E1,1.994602203E0,1.306782532E-1,-4.457730103E-1,2.047981526E0
2.025955879E1,1.603465576E0,2.948867798E-1,-6.294410706E-1,1.747643021E0
2.026949879E1,9.059161377E-1,5.170248413E-1,-8.690927124E-1,1.357689537E0
2.027943879E1,2.275268555E-2,7.506889343E-1,-1.166673889E0,1.387508387E0
2.028937779E1,-7.569758606E-1,9.009764099E-1,-1.402882690E0,1.831079132E0
2.029931779E1,-1.055006104E0,9.797126770E-1,-1.490001526E0,2.071950616E0
2.030925779E1,-1.194366302E0,9.933343506E-1,-1.454076233E0,2.127806779E0
2.031919779E1,-1.297950897E0,9.484277344E-1,-1.241667938E0,2.031238777E0
2.032913779E1,-1.244811401E0,8.943901062E-1,-8.340655518E-1,1.745037086E0
2.033907679E1,-1.592687988E0,8.797206116E-1,2.963836670E-1,1.843476786E0
2.034901679E1,-2.911445618E0,8.092172241E-1,2.871329041E0,4.168438384E0
2.035895679E1,-3.431015167E0,3.520678711E-1,3.781436462E0,5.118112795E0
2.036889679E1,-3.429518280E0,-3.342549133E-1,3.487747192E0,4.902825967E0
2.037883679E1,-4.122876434E0,-1.346300354E0,4.290827179E0,6.100969809E0
2.038877679E1,-4.142635345E0,-2.548899536E0,5.383255463E0,7.255188201E0
2.039871579E1,-1.572480011E0,-3.622766418E0,6.325246582E0,7.456934640E0
2.040865579E1,2.554737396E0,-3.388802948E0,4.528981934E0,6.206637249E0
2.041859579E1,3.410807190E0,-1.401535492E0,-2.737058258E0,4.592319167E0
2.042853579E1,3.013233948E0,-6.515950012E-1,-4.458628235E0,5.420656843E0
2.043847579E1,5.425018616E0,-1.398841095E0,-1.945504303E0,5.930646709E0
2.044841479E1,7.902217255E0,-1.628912659E0,-2.192041626E0,8.360827739E0
2.045835479E1,1.028750702E1,-1.339115295E0,-5.050347748E0,1.153828596E1
2.046829479E1,2.238549911E1,-2.444117432E0,-3.658392334E0,2.281377030E1
2.047823479E1,4.164639587E1,-3.221750336E0,-8.916957092E-1,4.178034329E1
2.048817479E1,6.013609634E1,-5.816005554E0,1.426533508E0,6.043352548E1
2.049811479E1,7.736436996E1,-9.131161652E0,6.002517700E0,7.813228572E1
2.050805379E1,5.908632935E1,-6.824009399E0,6.790329437E0,5.986543238E1
2.051799379E1,2.467723343E1,-4.159400482E0,4.720134430E0,2.546656889E1
2.052793379E1,1.330208817E1,-4.323309631E0,1.209484863E0,1.403920971E1
2.053787379E1,8.861272888E0,-5.122946777E0,6.864724731E-1,1.025855669E1
2.054781379E1,7.154671783E0,-5.697601776E0,1.474433899E-1,9.147334797E0
2.055775279E1,6.160289612E0,-5.456752625E0,-7.990383911E-1,8.268239211E0
2.056769279E1,5.096002808E0,-4.348157959E0,-6.096821594E-1,6.726621335E0
2.057763279E1,3.683090973E0,-3.026406555E0,-2.827619934E-1,4.775379576E0
2.058757279E1,2.255210266E0,-1.961221619E0,-4.203259277E-1,3.018118200E0
2.059751279E1,1.400787048E0,-1.195713501E0,-9.101074219E-1,2.054319997E0
2.060745179E1,7.801776123E-1,-7.514373779E-1,-1.488205261E0,1.840676544E0
2.061739179E1,1.242416382E-2,-4.695735168E-1,-1.802850952E0,1.863041922E0
2.062733179E1,-8.065228271E-1,-2.445913696E-1,-2.050885162E0,2.217303308E0
2.063727179E1,-1.304088135E0,7.918533325E-2,-2.099384308E0,2.472717261E0
2.064721179E1,-1.350940704E0,3.112028503E-1,-1.956880646E0,2.398180532E0
2.065715179E1,-1.191971283E0,4.170327759E-1,-1.546883240E0,1.996887486E0
2.066709079E1,-1.098415833E0,5.300477600E-1,-1.103954315E0,1.645048054E0
2.067703079E1,-1.157842255E0,5.628295898E-1,-7.982899475E-1,1.514807801E0
2.068697079E1,-1.337019653E0,6.149212646E-1,-3.332070923E-1,1.508899162E0
2.069691079E1,-2.027084656E0,8.128097534E-1,1.048719177E0,2.422714141E0
2.070685079E1,-2.736758881E0,8.734336853E-1,2.107317810E0,3.562797205E0
2.071678979E1,-2.584076385E0,6.412664795E-1,1.643133087E0,3.128667417E0
2.072672979E1,-2.574945374E0,1.796264648E-1,1.494791565E0,2.982785806E0
2.073666979E1,-2.805615692E0,-7.117698669E-1,2.362237701E0,3.736075844E0
2.074660979E1,-1.911974030E0,-2.259251862E0,5.451812897E0,6.203396451E0
2.075654979E1,1.549427948E0,-3.552861786E0,9.236243134E0,1.001657332E1
2.076648979E1,4.509372711E0,-3.681893463E0,5.617518311E0,8.089950166E0
2.077642879E1,3.925586700E0,-1.969005432E0,-1.672472076E0,4.699401683E0
2.078636879E1,3.698359222E0,-1.294508057E0,-2.808759155E0,4.821072499E0
2.079630879E1,6.692732391E0,-2.221979370E0,-3.360511780E-1,7.059942604E0
2.080624879E1,9.703721008E0,-2.362387390E0,-1.344055023E0,1.007718014E1
2.081618879E1,1.448088684E1,-2.520907745E0,-2.361638947E0,1.488718906E1
2.082612779E1,2.591935043E1,-3.555107117E0,-1.176703033E0,2.618847349E1
2.083606779E1,4.163741455E1,-4.535119171E0,6.283932495E-1,4.188838114E1
2.084600779E1,5.883006226E1,-6.681206360E0,2.511477356E0,5.926147367E1
2.085594779E1,6.713748688E1,-8.998687134E0,-1.526974640E0,6.775507484E1
2.086588779E1,4.998345886E1,-7.059619446E0,-2.602488098E0,5.054658575E1
2.087582679E1,2.455403961E1,-3.918251953E0,-8.494834900E-1,2.487921184E1
2.088576679E1,1.372495880E1,-3.110531616E0,-1.297202454E0,1.413267969E1
2.089570679E1,9.262887726E0,-2.943329315E0,-1.848805389E0,9.893551326E0
2.090564679E1,7.156617737E0,-2.735261993E0,-2.118394775E0,7.948989371E0
2.091558679E1,5.746250610E0,-2.232158203E0,-1.127156067E0,6.266770071E0
2.092552579E1,4.372856598E0,-1.754800873E0,1.239422607E-1,4.713444877E0
2.093546579E1,3.248095551E0,-1.111738129E0,1.193318481E0,3.634569489E0
2.094540579E1,2.622546387E0,-5.960604858E-1,2.030228119E0,3.369697890E0
2.095534579E1,2.135608978E0,-2.245330811E-1,2.073637848E0,2.985165780E0
2.096528579E1,1.634900208E0,-2.365081787E-2,1.443148956E0,2.180856932E0
2.097522617E1,7.161108398E-1,1.002914429E-1,1.171463928E0,1.376662938E0
2.098516517E1,-6.218069458E-1,2.640509033E-1,1.664239197E0,1.796123287E0
2.099510517E1,-2.163301392E0,3.438349915E-1,2.551294556E0,3.362617927E0
2.100504517E1,-3.116818542E0,5.655239868E-1,2.570903778E0,4.079696244E0
2.101498517E1,-2.851719818E0,7.225474548E-1,9.108558655E-1,3.079616722E0
2.102492517E1,-2.328707428E0,6.056405640E-1,-9.234297180E-1,2.577285631E0
2.103486417E1,-1.961221619E0,5.354365540E-1,-1.976340179E0,2.835313571E0
2.104480417E1,-1.542392578E0,6.972500610E-1,-2.355651398E0,2.900728533E0
2.105474417E1,-1.322948914E0,9.590556335E-1,-2.253264313E0,2.783375936E0
2.106468417E1,-1.216669922E0,1.254241791E0,-1.831890564E0,2.531645948E0
2.107462417E1,-1.032253418E0,1.371298370E0,-1.256487122E0,2.127149789E0
2.108456417E1,-9.122030640E-1,1.135688324E0,-6.146218872E-1,1.581032088E0
2.109450317E1,-7.538323975E-1,5.974076843E-1,-2.409988403E-2,9.621538490E-1
2.110444317E1,4.504133606E-1,-6.605763245E-1,4.349804535E0,4.422672582E0
2.111438317E1,4.083059235E0,-3.777544556E0,1.674388092E1,1.764366073E1
2.112432317E1,5.404511261E0,-3.656147003E0,6.970404968E0,9.547915914E0
2.113426317E1,2.922672272E0,-1.081201630E0,-4.424798584E0,5.412010041E0
2.114420217E1,3.210823059E0,-7.216493225E-1,-4.421206055E0,5.511553814E0
2.115414217E1,5.843099213E0,-1.119521942E0,-3.492836609E0,6.898916246E0
2.116408217E1,1.206925186E1,-2.113005981E0,-1.726210327E0,1.237382063E1
2.117402217E1,2.197280731E1,-3.702999573E0,-1.642384644E0,2.234309500E1
2.118396217E1,2.965183868E1,-5.055736542E0,-6.233637085E0,3.071889062E1
2.119390117E1,4.554952927E1,-7.363637238E0,-1.754501495E0,4.617424656E1
2.120384117E1,6.440506897E1,-9.407786407E0,7.875422974E0,6.556326442E1
2.121378117E1,5.996275681E1,-8.397986298E0,4.319417725E0,6.070185950E1
2.122372117E1,3.432512054E1,-5.584137726E0,-2.952460327E0,3.490148301E1
2.123366117E1,2.071871521E1,-3.961811371E0,-1.542542267E0,2.115042661E1
2.124360117E1,1.421997940E1,-4.047283630E0,-1.207239532E0,1.483393900E1
2.125354017E1,9.060358887E0,-4.907395020E0,4.248165894E-1,1.031276385E1
2.126348017E1,7.649393005E0,-5.575904846E0,1.336720276E-1,9.466878916E0
2.127342017E1,7.295528870E0,-5.240901489E0,-9.937834167E-1,9.037665373E0
2.128336017E1,5.925128632E0,-3.821553040E0,-7.867639160E-1,7.094393166E0
2.129330017E1,4.255201263E0,-2.873125305E0,4.147874451E-1,5.151080997E0
2.130323917E1,2.907703400E0,-2.225871277E0,1.490450592E0,3.953566108E0
2.131317917E1,2.023342438E0,-1.503623199E0,1.583706665E0,2.977066366E0
2.132311917E1,1.508862305E0,-1.081950073E0,1.049916687E0,2.132980653E0
2.133305917E1,1.094374237E0,-7.764353943E-1,5.258564758E-1,1.441191148E0
2.134299917E1,6.746470642E-1,-1.862127686E-1,2.650987244E-1,7.483990848E-1
2.135293917E1,1.957928467E-1,3.412902832E-1,2.050735474E-1,4.436992856E-1
2.136287817E1,-6.095324707E-1,1.039288788E0,6.494993591E-1,1.368758720E0
2.137281817E1,-1.696571960E0,2.162702637E0,1.589245148E0,3.175112479E0
2.138275817E1,-2.022144928E0,3.228636017E0,1.550475769E0,4.113044584E0
2.139269817E1,-1.577419739E0,3.232378235E0,-3.938310242E-1,3.618235062E0
2.140263817E1,-1.086590424E0,1.935475159E0,-3.079695740E0,3.796217682E0
2.141257717E1,-6.514453125E-1,1.232087860E0,-3.836821289E0,4.082109638E0
2.142251717E1,-4.794529724E-1,1.123713226E0,-3.173101501E0,3.400173482E0
2.143245717E1,-2.811154175E-1,1.130748596E0,-2.332150269E0,2.607018055E0
2.144239717E1,-3.258723450E-1,1.331780548E0,-9.276210022E-1,1.655389059E0
2.145233717E1,-1.295256500E0,1.132245483E0,6.134842529E0,6.371496064E0
2.146227617E1,-2.607577515E0,-1.247056732E0,1.608255615E1,1.634023327E1
2.147221617E1,-1.495090942E0,-2.677033081E0,7.517666931E0,8.118935837E0
2.148215617E1,1.787133636E0,-1.010548553E0,-3.269201660E0,3.860406003E0
2.149209617E1,3.608396301E0,2.972817993E-1,-4.599784698E0,5.853795317E0
2.150203617E1,5.272336121E0,-1.465452576E-1,-3.522175598E0,6.342296479E0
2.151197617E1,9.909842377E0,-1.368005219E0,-1.289119263E0,1.008653770E1
2.152191517E1,1.584140762E1,-2.668800201E0,-2.148631897E0,1.620769290E1
2.153185517E1,2.139111694E1,-3.812871094E0,-5.870941315E0,2.250746147E1
2.154179517E1,3.252990372E1,-5.704038391E0,-5.614524536E0,3.350005337E1
2.155173517E1,4.833942764E1,-7.590265961E0,-1.057401123E0,4.894313536E1
2.156167517E1,5.933151947E1,-8.109536133E0,3.494932251E0,5.998506756E1
2.157161417E1,5.434059814E1,-8.127199402E0,8.379275208E0,5.558025036E1
2.158155417E1,3.234743317E1,-8.160130920E0,6.679410095E0,3.402291417E1
2.159149417E1,2.199286560E1,-8.562494202E0,1.482068024E0,2.364738823E1
2.160143417E1,1.683384384E1,-9.012009430E0,-1.030008087E0,1.912212146E1
2.161137417E1,1.098790054E1,-8.671467590E0,-1.879790955E0,1.412309890E1
2.162131417E1,6.419849854E0,-7.683072968E0,-4.742138672E-1,1.002342063E1
2.163125317E1,3.990252228E0,-5.899681549E0,9.081614685E-1,7.180049615E0
2.164119317E1,2.398612061E0,-4.137845306E0,1.276695099E0,4.950257970E0
2.165113317E1,1.011746063E0,-2.390828247E0,1.208886108E0,2.863755476E0
2.166107317E1,4.415817261E-2,-1.206640778E0,9.813592529E-1,1.555955621E0
2.167101317E1,-7.873626709E-2,-5.441184998E-1,3.836521912E-1,6.704128171E-1
2.168095217E1,3.140469360E-1,1.131646729E-1,-4.547543335E-1,5.641216403E-1
2.169089217E1,5.659730530E-1,8.396040344E-1,-1.033001862E0,1.446496898E0
2.170083217E1,1.505868530E-1,1.702709198E0,-1.072070618E0,2.017729026E0
2.171077217E1,-2.257305908E-1,2.624492340E0,-1.178199921E0,2.885666196E0
2.172071217E1,-1.290316772E-1,3.172203369E0,-1.982926483E0,3.743196605E0
2.173065217E1,-2.130070496E-1,3.310964813E0,-2.606380005E0,4.219132224E0
2.174059117E1,-6.529421997E-1,3.616180115E0,-2.208507385E0,4.287259849E0
2.175053117E1,-7.258406067E-1,3.742367706E0,-2.106868744E0,4.355577636E0
2.176047117E1,-3.610491943E-1,3.037034454E0,-2.245929565E0,3.794487371E0
2.177041117E1,7.993377686E-2,2.745291138E0,-1.590592346E0,3.173798489E0
2.178035117E1,2.152523804E-1,3.357068939E0,3.215313721E-1,3.379293990E0
2.179029017E1,-4.607418823E-1,4.689298553E0,4.304299164E0,6.381911571E0
2.180023017E1,-1.668430481E0,4.317022705E0,6.844666443E0,8.262554328E0
2.181017017E1,-7.679031372E-1,2.132615204E0,5.736221466E0,6.167816432E0
2.182011017E1,2.229912872E0,-4.031117249E-1,6.659202118E0,7.034200973E0
2.183005017E1,6.147715759E0,-2.424358521E0,7.267387390E0,9.822771644E0
2.183999017E1,6.788533173E0,-1.404678955E0,-4.797523499E-1,6.948918471E0
2.184992917E1,5.705984344E0,-4.317022705E-1,-5.105882263E0,7.669071513E0
2.185986917E1,1.021071671E1,-2.503244476E0,-1.976190491E0,1.069720980E1
2.186980917E1,1.528336807E1,-4.268822937E0,-2.278561707E0,1.603109579E1
2.187974917E1,1.870824600E1,-4.823120270E0,-5.921236725E0,2.020697904E1
2.188968917E1,2.860701141E1,-7.392976227E0,-5.162614288E0,2.999449593E1
2.189962817E1,4.232987457E1,-1.060739182E1,-7.060816956E-1,4.364439934E1
2.190956817E1,5.082845169E1,-1.174592422E1,3.603157196E0,5.229226500E1
2.191950817E1,4.619259201E1,-1.142424316E1,7.821235657E0,4.822282256E1
2.192944817E1,3.104289597E1,-1.040127045E1,5.774691467E0,3.324447140E1
2.193938817E1,2.345322876E1,-9.942324829E0,1.031654663E0,2.549447143E1
2.194932717E1,1.820334595E1,-1.009650421E1,-6.938072205E-1,2.082744750E1
2.195926717E1,1.221100708E1,-9.853858795E0,-8.515791321E-1,1.571408330E1
2.196920717E1,7.581733704E0,-8.700058136E0,-2.282752991E-1,1.154234842E1
2.197914692E1,5.098547516E0,-6.210585022E0,-4.117936707E-1,8.045876404E0
2.198908692E1,4.040547638E0,-3.664379883E0,-1.112636261E0,5.567015771E0
2.199902692E1,2.891836395E0,-2.055974579E0,-9.274713135E-1,3.667417653E0
2.200896592E1,1.812131653E0,-8.455915833E-1,-7.436535645E-1,2.133510459E0
2.201890592E1,1.327589264E0,5.987548828E-2,-9.978250122E-1,1.661846287E0
2.202884592E1,1.122216339E0,6.866221619E-1,-1.276246033E0,1.832927560E0
2.203878592E1,8.716374207E-1,1.136137390E0,-1.456471252E0,2.042515232E0
2.204872592E1,5.275030518E-1,1.550475769E0,-1.676962738E0,2.344021887E0
2.205866492E1,8.562194824E-2,1.973196716E0,-1.898651733E0,2.739655965E0
2.206860492E1,-3.754193115E-1,2.444716187E0,-1.991758118E0,3.175638092E0
2.207854492E1,-4.697232056E-1,2.867586823E0,-1.744921417E0,3.389460846E0
2.208848492E1,-3.282673645E-1,2.944227448E0,-1.331481171E0,3.247934241E0
2.209842492E1,-1.146615601E-1,2.887345734E0,-9.213340759E-1,3.032947269E0
2.210836492E1,2.047741699E-1,3.135829010E0,-1.017883301E-2,3.142524407E0
2.211830392E1,5.852828979E-1,3.734134827E0,1.291364594E0,3.994238537E0
2.212824392E1,7.265890503E-1,4.350852356E0,2.649041290E0,5.145412290E0
2.213818392E1,1.338217163E-1,4.466412048E0,3.277584229E0,5.541597533E0
2.214812392E1,-1.028511200E0,2.922073517E0,2.267484741E0,3.838988927E0
2.215806392E1,-9.897418213E-1,6.557862854E-1,2.180665283E0,2.482930849E0
2.216800292E1,2.820135498E-1,-1.999541931E0,8.581205292E0,8.815598893E0
2.217794292E1,4.251309357E0,-5.058730316E0,1.630125137E1,1.758963274E1
2.218788292E1,6.638245697E0,-4.091142426E0,5.694158936E0,9.655423257E0
2.219782292E1,4.778662720E0,-8.090675354E-1,-6.716532898E0,8.282633750E0
2.220776292E1,6.613696747E0,-1.209634552E0,-6.268813934E0,9.192509372E0
2.221770192E1,1.023781036E1,-2.017205200E0,-6.093229065E0,1.208343156E1
2.222764192E1,1.560355225E1,-2.884351959E0,-6.989714813E0,1.733915921E1
2.223758192E1,2.573493393E1,-4.285737762E0,-4.913681946E0,2.654804405E1
2.224752192E1,3.673810272E1,-5.446424103E0,-4.740342407E0,3.744092111E1
2.225746192E1,4.256219147E1,-6.834038544E0,-8.450227661E0,4.392778816E1
2.226740192E1,5.316419449E1,-8.763526154E0,-8.081694031E-1,5.388769900E1
2.227734092E1,5.572117722E1,-9.065747681E0,2.389585831E1,6.130293154E1
2.228728092E1,3.590164215E1,-8.687783661E0,2.050316345E1,4.224671828E1
2.229722092E1,2.346625168E1,-8.516988831E0,-8.258326721E-1,2.497771139E1
2.230716092E1,1.571102875E1,-8.255033569E0,-3.197351074E0,1.803344275E1
2.231710092E1,1.049557434E1,-7.718848572E0,-3.716172180E0,1.354797548E1
2.232704092E1,4.753664703E0,-7.884404297E0,1.916015625E-2,9.206602323E0
2.233697992E1,1.302740936E0,-7.239096222E0,2.912942505E0,7.911187148E0
2.234691992E1,1.948947144E0,-5.121599579E0,1.438807983E0,5.665628441E0
2.235685992E1,2.772833862E0,-3.490291901E0,-4.550537109E-2,4.457893664E0
2.236679992E1,2.421514435E0,-2.272424469E0,-4.754113770E-1,3.354647687E0
2.237673992E1,1.725312195E0,-1.449884949E0,-6.909631348E-1,2.357180220E0
2.238667892E1,7.764353943E-1,-8.539741516E-1,-7.464976501E-1,1.374548113E0
2.239661892E1,9.804611206E-2,-2.326162720E-1,-8.598120117E-1,8.961027093E-1
2.240655892E1,-2.019300842E-1,3.451821899E-1,-1.151705017E0,1.219159936E0
2.241649892E1,-3.558100891E-1,7.234455872E-1,-1.417552185E0,1.630775440E0
2.242643892E1,-6.240522766E-1,8.563691711E-1,-1.671873322E0,1.979386219E0
2.243637792E1,-8.232879639E-1,1.004261627E0,-1.758094025E0,2.185689614E0
2.244631792E1,-8.437953186E-1,1.173260193E0,-1.603764954E0,2.158840440E0
2.245625792E1,-8.162525940E-1,1.209335175E0,-1.493294678E0,2.087747316E0
2.246619792E1,-7.607180786E-1,1.143771515E0,-1.357826385E0,1.931475541E0
2.247613792E1,-6.596781921E-1,1.114432526E0,-1.151405640E0,1.732879141E0
2.248607792E1,-5.694158936E-1,1.046922913E0,-8.045768738E-1,1.437924195E0
2.249601692E1,-6.481521606E-1,1.027164001E0,2.248324585E-1,1.235199070E0
2.250595692E1,-2.480042725E0,1.103355560E0,7.984096985E0,8.432900454E0
2.251589692E1,-3.605851593E0,-1.553768921E-1,1.332753525E1,1.380758862E1
2.252583692E1,-1.809886322E0,-1.852547607E0,1.014874557E1,1.047399914E1
2.253577692E1,1.185834045E0,-2.784359894E0,5.861810303E0,6.596944931E0
2.254571592E1,3.782035217E0,-1.980681152E0,1.047371979E0,4.395893114E0
2.255565592E1,3.407064972E0,-2.442919922E-1,-4.038302307E0,5.289201814E0
2.256559592E1,3.598067780E0,-5.179229736E-2,-5.240452423E0,6.356973792E0
2.257553592E1,6.054010620E0,-4.531077576E-1,-5.344935150E0,8.088552589E0
2.258547592E1,1.129027176E1,-1.089733887E0,-6.092630310E0,1.287547671E1
2.259541592E1,2.247381546E1,-2.475701752E0,-5.625152435E0,2.329900900E1
2.260535492E1,4.214994873E1,-5.433101807E0,-1.856738892E0,4.253920841E1
2.261529492E1,5.537569565E1,-8.644822998E0,-6.000122681E0,5.636667549E1
2.262523492E1,6.703584824E1,-1.285332138E1,-4.087998962E0,6.837926992E1
2.263517492E1,6.152865051E1,-1.363215179E1,1.202060303E1,6.415688033E1
2.264511492E1,3.076462463E1,-1.087473587E1,3.116339539E1,4.512071831E1
2.265505392E1,1.862741409E1,-9.863887939E0,1.050814819E1,2.355202793E1
2.266499392E1,1.427745987E1,-8.200846252E0,1.495390320E-1,1.646578578E1
2.267493392E1,8.435857544E0,-6.253845062E0,-3.921545105E0,1.120949538E1
2.268487392E1,4.057013397E0,-4.538861389E0,-3.800446930E0,7.176629939E0
2.269481392E1,1.849853210E0,-2.846780090E0,-1.676513672E0,3.786398272E0
2.270475392E1,1.154399414E0,-1.505569153E0,-8.161029053E-1,2.065284589E0
2.271469292E1,7.611671448E-1,-8.716374207E-1,-7.225474548E-1,1.364258788E0
2.272463292E1,-1.676513672E-2,-5.227130127E-1,-4.625381470E-1,6.981772704E-1
2.273457292E1,-6.700067139E-1,-2.692900085E-1,-4.077520752E-1,8.292694738E-1
2.274451292E1,-6.670129395E-1,-1.363664246E-1,-8.466394043E-1,1.086416285E0
2.275445292E1,4.236190796E-2,-4.041595459E-3,-1.312021637E0,1.312711561E0
2.276439192E1,3.838018799E-1,1.416055298E-1,-1.411115570E0,1.469218555E0
2.277433192E1,-1.216969299E-1,3.951782227E-1,-1.194665680E0,1.264200165E0
2.278427192E1,-6.298901367E-1,6.439608765E-1,-1.005159760E0,1.349738248E0
2.279421192E1,-9.487271118E-1,8.318202209E-1,-1.041534119E0,1.636093314E0
2.280415192E1,-1.147364044E0,9.577084351E-1,-1.098116455E0,1.854591450E0
2.281409192E1,-1.200802917E0,1.119521942E0,-8.199948120E-1,1.835115396E0
2.282403092E1,-1.143771515E0,1.485361176E0,2.448907471E-1,1.890630207E0
2.283397092E1,-1.351240082E0,1.996997223E0,1.876048737E0,3.055062443E0
2.284391092E1,-1.720522156E0,2.342329102E0,2.959495697E0,4.147929229E0
2.285385092E1,-1.755249939E0,2.339335327E0,2.765349426E0,4.024990630E0
2.286379092E1,-1.586401062E0,1.998194733E0,1.924398193E0,3.195740748E0
2.287372992E1,-1.227746887E0,1.177002411E0,2.015558624E0,2.637266324E0
2.288366992E1,-5.343887329E-2,-3.781137085E-1,5.017565918E0,5.032076453E0
2.289360992E1,1.185235291E0,-2.162403259E0,1.090138046E1,1.117680037E1
2.290354992E1,2.862946472E0,-3.119662628E0,9.554331665E0,1.045055075E1
2.291348992E1,2.677332458E0,-1.209634552E0,-1.232536926E0,3.185980558E0
2.292342992E1,1.898801422E0,-5.089416504E-3,-5.107828217E0,5.449346918E0
2.293336892E1,3.452720032E0,-4.737648010E-1,-4.599784698E0,5.770939956E0
2.294330892E1,7.370522919E0,-1.185384979E0,-4.014950867E0,8.476412927E0
2.295324892E1,1.797492096E1,-3.211122437E0,-1.840871887E0,1.835205438E1
2.296318892E1,3.058275284E1,-4.838238831E0,-5.426964569E0,3.143509616E1
2.297312942E1,4.647580307E1,-7.997868347E0,-7.876171417E0,4.781213492E1
2.298306842E1,6.510186996E1,-1.335268295E1,-6.122717743E0,6.673855923E1
2.299300842E1,7.450232162E1,-1.551209244E1,1.459315338E0,7.611406270E1
2.300294842E1,4.912619156E1,-1.064331711E1,1.727856903E1,5.315272189E1
2.301288842E1,2.190365112E1,-7.653434601E0,2.062785416E1,3.104598784E1
2.302282842E1,1.382480118E1,-7.508984985E0,5.499413910E0,1.666593941E1
2.303276842E1,9.050928497E0,-7.314239960E0,4.306544495E-1,1.164486480E1
2.304270742E1,5.441484375E0,-6.715185699E0,-3.899391174E-1,8.651908674E0
2.305264742E1,3.102747803E0,-6.063740387E0,6.682104492E-1,6.844157845E0
2.306258742E1,1.829944611E0,-4.923711090E0,1.092877350E0,5.365259460E0
2.307252742E1,1.091829529E0,-3.927083588E0,5.436694336E-1,4.112134929E0
2.308246742E1,2.914439392E-1,-3.105142822E0,-3.053649902E-2,3.118939562E0
2.309240642E1,-4.387376404E-1,-2.373614044E0,-3.754193115E-1,2.442841380E0
2.310234642E1,-9.162446594E-1,-1.758543091E0,-4.701722717E-1,2.037900891E0
2.311228642E1,-9.367520142E-1,-1.134041748E0,-4.099974060E-1,1.526975080E0
2.312222642E1,-7.268884277E-1,-3.023712158E-1,-2.971321106E-1,8.414764582E-1
2.313216642E1,-5.233117676E-1,6.295907593E-1,-3.122506714E-1,8.762078589E-1
2.314210642E1,-4.251159668E-1,1.122815094E0,-7.152127075E-1,1.397485792E0
2.315204542E1,-5.191204834E-1,1.194965057E0,-1.479223938E0,1.971175036E0
2.316198542E1,-7.505392456E-1,1.269659729E0,-1.929038544E0,2.428278133E0
2.317192542E1,-9.593550110E-1,1.490300903E0,-2.132764893E0,2.773093022E0
2.318186542E1,-9.711804199E-1,1.660047913E0,-2.236648865E0,2.949838745E0
2.319180542E1,-8.078700256E-1,1.971849518E0,-1.918260956E0,2.867153570E0
2.320174442E1,-4.370910645E-1,2.588267670E0,-6.764433289E-1,2.710674032E0
2.321168442E1,2.439926147E-2,3.526965637E0,1.925895081E0,4.018600974E0
2.322162442E1,3.457809448E-2,4.383035431E0,4.533023529E0,6.305592561E0
2.323156442E1,-5.063969421E-1,4.411775665E0,5.751190338E0,7.266112626E0
2.324150442E1,-3.370989990E-1,3.017874298E0,5.239853668E0,6.056175978E0
2.325144442E1,8.530760193E-1,1.312021637E0,4.542304230E0,4.804338371E0
2.326138342E1,2.457439728E0,-3.836521912E-1,3.879931641E0,4.608694886E0
2.327132342E1,4.394112396E0,-1.528172150E0,2.842588806E0,5.451957904E0
2.328126342E1,5.523364105E0,-1.537153473E0,7.080276489E-2,5.733707777E0
2.329120342E1,6.940616913E0,-1.637444916E0,-2.423610077E0,7.531751110E0
2.330114342E1,1.294582901E1,-3.319197693E0,-4.028123474E-1,1.337063274E1
2.331108342E1,2.153541687E1,-5.012775879E0,-4.101470947E-1,2.211493438E1
2.332102242E1,3.212918701E1,-6.813980255E0,-2.539319458E0,3.294181428E1
2.333096242E1,4.806953888E1,-9.914033661E0,-1.027164001E0,4.909199219E1
2.334090242E1,5.977384964E1,-1.211700256E1,-8.484356689E-1,6.099553012E1
2.335084242E1,5.799240417E1,-1.208751389E1,1.025517426E0,5.924760434E1
2.336078242E1,3.508015045E1,-8.495134277E0,2.955005035E0,3.621486320E1
2.337072142E1,2.066991669E1,-6.276747437E0,2.180066528E0,2.171164905E1
2.338066142E1,1.380713791E1,-5.961203613E0,1.188678131E0,1.508595245E1
2.339060142E1,9.625284119E0,-6.045478363E0,1.113983459E0,1.142080830E1
2.340054142E1,7.253765717E0,-5.939498749E0,1.038690033E0,9.432583922E0
2.341048142E1,5.612578583E0,-5.237308960E0,6.670129395E-1,7.705540199E0
2.342042142E1,3.834875336E0,-4.110751648E0,6.087840271E-1,5.654658782E0
2.343036042E1,2.298919373E0,-2.944975891E0,1.176852722E0,3.917000844E0
2.344030042E1,1.408271484E0,-1.804198151E0,1.772763519E0,2.895004324E0
2.345024042E1,7.738906860E-1,-9.880952454E-1,2.041903839E0,2.396791667E0
2.346018042E1,2.314187622E-1,-2.525248718E-1,2.071392517E0,2.099521473E0
2.347012042E1,-4.053570557E-1,3.944297791E-1,1.641486511E0,1.736193296E0
2.348005942E1,-1.178798676E0,1.111139374E0,8.419990540E-1,1.825694233E0
2.348999942E1,-1.381327515E0,1.718725891E0,-6.975494385E-2,2.206116530E0
2.349993942E1,-7.432044983E-1,1.922152863E0,-1.746118927E0,2.701102712E0
2.350987942E1,-3.201841736E-1,1.922302551E0,-3.048410797E0,3.618089743E0
2.351981942E1,-2.011816406E-1,2.315385132E0,-3.299289093E0,4.035689641E0
2.352975942E1,2.637515259E-1,2.747835846E0,-2.971620483E0,4.055945636E0
2.353969842E1,7.653584290E-1,3.190315704E0,-2.278112640E0,3.994206432E0
2.354963842E1,8.864566040E-1,3.614234161E0,-1.555864563E0,4.033510682E0
2.355957842E1,6.700067139E-1,3.987108765E0,-8.467890930E-1,4.130738078E0
2.356951842E1,2.802172852E-1,4.121678925E0,2.758763123E-1,4.140394501E0
2.357945842E1,-5.791456604E-1,3.597169647E0,2.109114075E0,4.209917024E0
2.358939842E1,-1.719624023E0,2.216740265E0,4.013304291E0,4.896698430E0
2.359933742E1,-1.822160797E0,1.936972046E-1,6.359824677E0,6.618546554E0
2.360927742E1,-3.320095825E-1,-2.061063995E0,8.659941559E0,8.908019025E0
2.361921742E1,2.545307007E0,-3.238814850E0,7.670349426E0,8.706478606E0
2.362915742E1,4.587061157E0,-2.408042450E0,1.598675537E0,5.421767422E0
2.363909742E1,4.848118286E0,-1.066382446E0,-4.362378387E0,6.608461821E0
2.364903642E1,8.135581970E0,-2.008972321E0,-4.261637878E0,9.401341457E0
2.365897642E1,1.737347168E1,-4.836592255E0,-2.510279846E0,1.820801054E1
2.366891642E1,2.678634750E1,-6.935677185E0,-5.375471649E0,2.818701343E1
2.367885642E1,3.883584045E1,-1.002704865E1,-6.698719940E0,4.066493646E1
2.368879642E1,5.122168396E1,-1.314596283E1,-4.155807953E0,5.304477341E1
2.369873642E1,6.117269073E1,-1.423045761E1,2.227517853E0,6.284557145E1
2.370867542E1,4.950205994E1,-9.546248474E0,9.458081818E0,5.129366539E1
2.371861542E1,2.779779419E1,-4.916526031E0,7.038962402E0,2.909358317E1
2.372855542E1,1.771536072E1,-4.047732697E0,1.437161407E0,1.822864719E1
2.373849542E1,1.265737885E1,-3.834426270E0,-2.237846375E-1,1.322732564E1
2.374843542E1,9.124874725E0,-3.573967896E0,1.935624847E0,9.989155561E0
2.375837442E1,6.381379852E0,-3.315006409E0,5.218298492E0,8.884926306E0
2.376831442E1,5.572312317E0,-3.306623840E0,4.768184509E0,8.044874722E0
2.377825442E1,5.103187866E0,-3.234773254E0,2.714305573E0,6.623725473E0
2.378819442E1,4.281845856E0,-3.084485779E0,9.868977356E-1,5.368633308E0
2.379813442E1,2.987337799E0,-2.683918762E0,4.355941772E-1,4.039473893E0
2.380807442E1,1.520088959E0,-2.095342712E0,4.367916870E-1,2.625246370E0
2.381801342E1,2.375559998E-1,-1.546134796E0,3.338058472E-2,1.564634118E0
2.382795342E1,-1.204994202E-1,-1.008153534E0,-1.452878723E0,1.772498305E0
2.383789342E1,3.180885315E-1,-5.773493958E-1,-3.360960846E0,3.424992036E0
2.384783342E1,-2.514770508E-2,-1.688488770E-1,-3.816613312E0,3.820429233E0
2.385777342E1,-9.794132996E-1,3.135978699E-1,-3.368295593E0,3.521790630E0
2.386771342E1,-1.368304596E0,7.813751221E-1,-3.027154999E0,3.412692769E0
2.387765242E1,-1.156794434E0,1.112935638E0,-2.628533936E0,3.079933400E0
2.388759242E1,-7.755372620E-1,1.258433075E0,-2.254761200E0,2.696119418E0
2.389753242E1,-4.387376404E-1,1.381626892E0,-1.751208344E0,2.273348686E0
2.390747242E1,-1.296304321E-1,1.498833160E0,-1.191971283E0,1.919401061E0
2.391741242E1,1.101708984E-1,1.598076782E0,-7.276368713E-1,1.759386952E0
2.392735142E1,2.233355713E-1,1.622625732E0,-4.263134766E-1,1.692494084E0
2.393729142E1,1.739382935E-1,1.556762695E0,-5.164260864E-2,1.567300730E0
2.394723142E1,-4.457730103E-1,1.182091827E0,1.792672119E0,2.193109207E0
2.395717142E1,-3.514541473E0,-1.042432251E0,1.676423859E1,1.716037185E1
2.396711142E1,-3.222947845E0,-2.789898376E0,1.721270599E1,1.773268658E1
2.397705058E1,-2.052232361E-1,-1.237776031E0,-6.777905273E-1,1.426045609E0
2.398698958E1,1.159638519E0,-1.586700439E-1,-3.724854126E0,3.904417490E0
2.399692958E1,2.444716187E0,-6.134243774E-1,-2.811154175E0,3.775647560E0
2.400686958E1,4.632566528E0,-1.346899109E0,-2.627785492E0,5.493638725E0
2.401680958E1,1.035277130E1,-3.190315704E0,-1.712438965E0,1.096769963E1
2.402674958E1,1.750115616E1,-4.654421082E0,-4.303550720E0,1.861382957E1
2.403668958E1,2.955289444E1,-6.467450867E0,-6.650220795E0,3.097461746E1
2.404662858E1,4.612193893E1,-1.021999741E1,-6.497687988E0,4.768544377E1
2.405656858E1,6.411063126E1,-1.647429153E1,-5.375471649E0,6.641137717E1
2.406650858E1,7.616775833E1,-1.910626831E1,-3.577410736E0,7.860899927E1
2.407644858E1,5.438370850E1,-1.174367889E1,3.884721680E0,5.577268871E1
2.408638858E1,1.922317520E1,-4.520299988E0,3.730168076E1,4.220638535E1
2.409632758E1,1.013841705E1,-4.821024628E0,2.581127518E1,2.814696618E1
2.410626758E1,1.151181107E1,-5.384902039E0,1.792971497E0,1.283486310E1
2.411620758E1,9.868528290E0,-4.797224121E0,-3.929328918E0,1.165507768E1
2.412614758E1,6.275849304E0,-4.115242310E0,-3.219355316E0,8.166134484E0
2.413608758E1,2.645448761E0,-3.684288483E0,3.517684937E-1,4.549299050E0
2.414602758E1,5.628295898E-2,-3.304079132E0,2.599045258E0,4.204181601E0
2.415596658E1,-9.500743103E-1,-2.501298523E0,2.061513062E0,3.377716921E0
2.416590658E1,-3.739224243E-1,-1.573976898E0,-4.564009094E-1,1.680929221E0
2.417584658E1,5.544470215E-1,-8.101153564E-1,-3.123404846E0,3.274042795E0
2.418578658E1,-9.310638428E-2,-2.680924988E-1,-4.159101105E0,4.168772528E0
2.419572658E1,-1.710942078E0,2.827619934E-1,-4.131708069E0,4.480880349E0
2.420566658E1,-2.466121674E0,8.551716614E-1,-3.659290466E0,4.494828294E0
2.421560558E1,-2.416425018E0,1.243763580E0,-3.103346558E0,4.125144551E0
2.422554558E1,-2.051633606E0,1.453327789E0,-2.595901794E0,3.613871642E0
2.423548558E1,-1.649420013E0,1.632654877E0,-2.051034851E0,3.097239462E0
2.424542558E1,-1.179247742E0,1.829794922E0,-1.496587830E0,2.641694499E0
2.425536558E1,-7.135661316E-1,2.130519562E0,-1.095422058E0,2.499647918E0
2.426530458E1,-3.757186890E-1,2.598596191E0,-8.196954346E-1,2.750593991E0
2.427524458E1,-2.353106689E-1,2.868185577E0,-6.303392029E-1,2.946046016E0
2.428518458E1,-2.526745605E-1,2.968626709E0,-4.845423889E-1,3.018504646E0
2.429512458E1,-4.746629333E-1,3.003953247E0,-2.833607483E-1,3.054395738E0
2.430506458E1,-7.490423584E-1,2.572700043E0,1.478924561E-1,2.683602456E0
2.431500458E1,-8.660989380E-1,1.880389709E0,9.057664490E-1,2.259735757E0
2.432494358E1,4.445755005E-1,9.743238831E-1,7.699389038E0,7.773515676E0
2.433488358E1,3.081042938E0,1.601669312E-1,9.112300873E0,9.620421312E0
2.434482358E1,1.757944336E0,6.092330933E-1,-8.427474976E-1,2.042487844E0
2.435476358E1,1.771116943E0,7.098239136E-1,-2.927312622E0,3.494261639E0
2.436470358E1,3.360960846E0,7.072792053E-1,-2.934497681E0,4.517474772E0
2.437464358E1,7.444169769E0,3.712280273E-1,-3.400778046E0,8.192604294E0
2.438458258E1,2.137450150E1,-1.684746552E0,-2.492466888E0,2.158518187E1
2.439452258E1,4.851441376E1,-7.353009338E0,-3.623215485E0,4.920206072E1
2.440446258E1,7.417195862E1,-1.584964050E1,-6.984026642E0,7.616736294E1
2.441440258E1,7.854122269E1,-2.408446609E1,-5.310207367E0,8.232243601E1
2.442434258E1,5.416695923E1,-2.216036728E1,1.570429276E1,6.059510014E1
2.443428258E1,1.418121002E1,-1.673983932E1,4.104374908E1,4.653942713E1
2.444422158E1,1.058074722E1,-1.313862808E1,1.250275040E1,2.099748859E1
2.445416158E1,1.043210632E1,-8.501421204E0,-2.347717896E0,1.366070218E1
2.446410158E1,9.553433533E0,-4.524940338E0,-7.604486389E0,1.302195802E1
2.447404158E1,8.785979462E0,-2.898871765E0,-8.045319672E0,1.226067132E1
2.448398158E1,5.958658905E0,-1.815724182E0,-6.378535767E0,8.915614885E0
2.449392158E1,2.456990662E0,-8.746311951E-1,-4.808450775E0,5.470190280E0
2.450386058E1,2.076182556E-1,-2.583627319E-1,-3.836970978E0,3.851259914E0
2.451380058E1,-1.186283112E0,2.567161560E-1,-3.235970764E0,3.456107289E0
2.452374058E1,-2.205064545E0,5.399272156E-1,-2.950214996E0,3.722579693E0
2.453368058E1,-2.476150818E0,8.018824768E-1,-2.693199463E0,3.745352016E0
2.454362058E1,-2.468666382E0,1.204395447E0,-2.367776184E0,3.626464691E0
2.455355958E1,-2.472558289E0,1.424886932E0,-2.003583527E0,3.486860222E0
2.456349958E1,-2.412084045E0,1.447789307E0,-1.681752777E0,3.277580773E0
2.457343958E1,-2.307451630E0,1.998943176E0,-1.308429108E0,3.321459555E0
2.458337958E1,-2.333946533E0,3.107837219E0,-6.102809143E-1,3.934259955E0
2.459331958E1,-2.404599609E0,3.688330078E0,-6.541397095E-2,4.403425602E0
2.460325958E1,-2.121238861E0,3.668870544E0,-2.926414490E-1,4.248047127E0
2.461319858E1,-2.144590302E0,3.032992859E0,-9.907896423E-1,3.844473613E0
2.462313858E1,-2.550396423E0,2.158960419E0,-1.246158600E0,3.566306670E0
2.463307858E1,-2.802621918E0,1.503174133E0,-8.291258240E-1,3.286589679E0
2.464301858E1,-2.684068451E0,8.520281982E-1,-2.357597351E-1,2.825908377E0
2.465295858E1,-2.460732880E0,-1.700463867E-1,9.644444275E-1,2.648447684E0
2.466289858E1,-2.025587769E0,-2.665806427E0,1.337319031E1,1.378592575E1
2.467283758E1,2.438429260E-1,-3.363056488E0,1.527992523E1,1.564754688E1
2.468277758E1,-1.055904236E0,-1.743873596E-1,-2.606380005E0,2.817545286E0
2.469271758E1,-8.117619324E-1,2.812651062E-1,-4.292174377E0,4.377308349E0
2.470265758E1,1.333277435E0,3.662882996E-1,-4.276007996E0,4.494000469E0
2.471259758E1,2.216141510E0,7.387138367E-1,-4.810396729E0,5.347606755E0
2.472253758E1,3.777993622E0,1.520088959E0,-5.572462006E0,6.901901119E0
2.473247658E1,1.122949814E1,2.257455597E0,-1.869612122E-1,1.145568369E1
2.474241658E1,2.328991837E1,1.192120972E0,-3.382066956E0,2.356437622E1
2.475235658E1,4.924160156E1,-7.938441925E0,-7.976013794E0,5.051109760E1
2.476229658E1,7.800982773E1,-2.697989502E1,-3.863465881E-1,8.254451660E1
2.477223658E1,7.697248489E1,-3.834037079E1,2.891058014E1,9.072248402E1
2.478217658E1,4.805232468E1,-2.580977829E1,1.279943344E1,5.602674414E1
2.479211558E1,1.832519257E1,-1.142349472E1,-5.525010681E0,2.228978818E1
2.480205558E1,9.137149200E0,-6.134543152E0,-7.014712830E0,1.305091228E1
2.481199558E1,3.434757385E0,-2.995720367E0,-5.405708771E0,7.070614268E0
2.482193558E1,-6.758445740E-1,-2.164498901E0,-2.970722351E0,3.737246670E0
2.483187558E1,-3.622017975E0,-1.813478851E0,-9.922865295E-1,4.170413926E0
2.484181558E1,-4.387975159E0,-8.129594421E-1,-7.569758606E-1,4.526393874E0
2.485175458E1,-3.643273773E0,-1.338217163E-1,-1.901046753E0,4.111609271E0
2.486169458E1,-2.951113129E0,2.212399292E-1,-2.326911163E0,3.764642263E0
2.487163458E1,-2.387385406E0,5.468128967E-1,-1.834584961E0,3.060116894E0
2.488157458E1,-2.126028900E0,1.143172760E0,-1.364263000E0,2.772734459E0
2.489151458E1,-1.965113525E0,1.869612122E0,-8.156538391E-1,2.832386245E0
2.490145458E1,-2.354753265E0,2.797981567E0,2.522254944E-1,3.665676130E0
2.491139358E1,-3.493585052E0,4.575684814E0,3.071163483E0,6.524881085E0
2.492133358E1,-3.547472992E0,6.804250488E0,7.528145142E0,1.074966784E1
2.493127358E1,-2.781815186E0,7.057673492E0,6.302044830E0,9.862302971E0
2.494121358E1,-2.150577850E0,4.900209961E0,9.894424438E-1,5.442062027E0
2.495115358E1,-1.221759338E0,3.872896271E0,-1.060843964E0,4.197310010E0
2.496109358E1,-1.368454285E0,3.525319061E0,-1.217867432E0,3.972875872E0
2.497103258E1,-1.839674377E0,3.337310028E0,-6.809339905E-1,3.871138223E0
2.498097283E1,-2.559826813E0,2.764451294E0,9.559121704E-1,3.886987567E0
2.499091283E1,-2.969075775E0,1.284628601E0,3.141367493E0,4.509309407E0
2.500085283E1,-1.664987640E0,-1.541793823E-2,3.867657166E0,4.210842375E0
2.501079283E1,4.493655396E-1,-7.228468323E-1,4.062551880E0,4.150754715E0
2.502073283E1,1.974394226E0,-5.342390442E-1,2.073338470E0,2.912451945E0
2.503067183E1,2.036515045E0,-3.255729675E-1,1.481918335E-2,2.062428397E0
2.504061183E1,2.515369263E0,-3.812571716E-1,1.404080200E-1,2.547970559E0
2.505055183E1,5.803431702E0,-7.896080017E-1,2.034718781E0,6.200272641E0
2.506049183E1,1.244482086E1,-1.781595154E0,1.449136505E0,1.265494544E1
2.507043183E1,2.082993393E1,-2.884351959E0,-3.515439606E0,2.132050537E1
2.508037183E1,3.878255127E1,-5.073399811E0,-4.370611267E0,3.935642148E1
2.509031083E1,6.198594955E1,-1.039169037E1,-3.357667694E0,6.294059980E1
2.510025083E1,7.831803680E1,-1.810679672E1,-7.053332520E-1,8.038699193E1
2.511019083E1,6.690247559E1,-1.879267044E1,8.667875061E0,7.003026317E1
2.512013083E1,2.934662338E1,-1.195129715E1,1.048674271E1,3.337708166E1
2.513007083E1,1.371103775E1,-7.929460602E0,-6.792874146E-1,1.585340131E1
2.514001083E1,7.913743286E0,-5.380112000E0,-5.293442230E0,1.093587987E1
2.514994983E1,4.418811035E0,-3.930227051E0,-3.249293060E0,6.747627807E0
2.515988983E1,2.624642029E0,-2.751428375E0,-1.718426514E-1,3.806393803E0
2.516982983E1,2.176473999E0,-1.424886932E0,4.489164734E-1,2.639861329E0
2.517976983E1,2.043400726E0,-6.077362061E-1,-2.221380615E-1,2.143402702E0
2.518970983E1,1.817071381E0,-3.623963928E-1,-9.159452820E-1,2.066890250E0
2.519964983E1,1.220711517E0,-2.447410583E-1,-1.168919220E0,1.707749085E0
2.520958883E1,2.742297363E-1,-5.688171387E-2,-1.175954590E0,1.208845182E0
2.521952883E1,-6.358776855E-1,1.826202393E-2,-9.461824036E-1,1.140146953E0
2.522946883E1,-1.270408173E0,1.716929626E-1,-8.906478882E-1,1.560983363E0
2.523940883E1,-1.630559235E0,3.803590393E-1,-9.367520142E-1,1.918567370E0
2.524934883E1,-1.878593445E0,5.873785400E-1,-9.803114319E-1,2.198894582E0
2.525928883E1,-1.974843292E0,7.948471069E-1,-1.050964508E0,2.374092321E0
2.526922783E1,-1.921404419E0,9.301657104E-1,-1.009351044E0,2.361311652E0
2.527916783E1,-1.699865112E0,9.624984741E-1,-8.116122437E-1,2.115339015E0
2.528910783E1,-1.551822968E0,1.023272095E0,-4.555027771E-1,1.913824204E0
2.529904783E1,-1.824256439E0,1.228495331E0,1.782792664E-1,2.206557461E0
2.530898783E1,-2.081870728E0,1.399739227E0,6.959028625E-1,2.603408617E0
2.531892783E1,-1.904639282E0,1.425635376E0,7.306306458E-1,2.488756348E0
2.532886683E1,-1.397044830E0,1.236428833E0,3.397933960E-1,1.896299045E0
2.533880683E1,-1.211879883E0,8.752299500E-1,3.962260437E-1,1.546504249E0
2.534874683E1,-7.646099854E-1,-3.138972473E-1,8.035889282E0,8.078284253E0
2.535868683E1,1.715582428E0,-1.160686340E0,9.684860229E0,9.903884769E0
2.536862683E1,1.433568878E0,-7.155120850E-2,-1.722917175E-1,1.445656854E0
2.537856683E1,1.555864563E0,1.892065430E-1,-1.457219696E0,2.140094133E0
2.538850583E1,4.510719910E0,-2.709365845E-1,9.898915100E-1,4.626001074E0
2.539844583E1,1.061068497E1,-1.055305481E0,3.926185455E0,1.136288860E1
2.540838583E1,1.594978226E1,-1.328637085E0,8.283773804E-1,1.602644813E1
2.541832583E1,2.407054504E1,-1.090781708E0,-1.864971771E0,2.416731394E1
2.542826583E1,4.109838547E1,-3.273243256E0,-1.362915802E0,4.125104785E1
2.543820583E1,6.345349777E1,-9.964778137E0,-1.027313690E0,6.423938478E1
2.544814483E1,7.822478073E1,-1.670256683E1,3.301534424E0,8.005618145E1
2.545808483E1,5.409001923E1,-1.366628082E1,8.562194824E0,5.644296760E1
2.546802483E1,2.037443115E1,-7.131769409E0,1.281036072E0,2.162453775E1
2.547796483E1,1.072070618E1,-4.854554901E0,-5.136718140E0,1.284079894E1
2.548790483E1,6.328539734E0,-3.267106018E0,-3.764671326E0,8.055876556E0
2.549784483E1,3.905229034E0,-2.269580383E0,-5.221142578E-1,4.546912384E0
2.550778383E1,2.262694702E0,-1.358724518E0,-4.281097412E-2,2.639650054E0
2.551772383E1,1.651365967E0,-6.330335999E-1,-9.277706909E-1,1.997122818E0
2.552766383E1,2.287692719E0,8.292755127E-2,-1.703307953E0,2.853361690E0
2.553760383E1,2.344424744E0,4.155358887E-1,-1.914818115E0,3.055409280E0
2.554754383E1,1.466201019E0,6.083349609E-1,-1.671573944E0,2.305206347E0
2.555748383E1,1.691482544E-2,9.874964905E-1,-1.334175568E0,1.659957793E0
2.556742283E1,-1.273401947E0,1.271006927E0,-1.006357269E0,2.061496079E0
2.557736283E1,-1.690883789E0,1.510808258E0,-1.084494781E0,2.513515170E0
2.558730283E1,-1.507365417E0,1.653162231E0,-1.601669312E0,2.751443339E0
2.559724283E1,-1.264869690E0,1.709594879E0,-1.768123169E0,2.765658967E0
2.560718283E1,-8.821156311E-1,1.777254181E0,-1.207838287E0,2.322850348E0
2.561712283E1,-3.969744873E-1,1.833387451E0,-4.825964355E-1,1.936955758E0
2.562706283E1,-3.107537842E-1,2.013912048E0,2.836601257E-1,2.057394644E0
2.563700183E1,-5.110372925E-1,2.186353455E0,8.837622070E-1,2.412951757E0
2.564694183E1,-1.148561554E0,2.170486450E0,1.724264374E0,3.000548734E0
2.565688183E1,-3.128494263E0,1.647024994E0,5.113217010E0,6.216522813E0
2.566682183E1,-5.082830200E0,4.671784973E-1,7.614665222E0,9.167144868E0
2.567676183E1,-3.276087341E0,-1.924996948E-1,3.507955170E0,4.803702101E0
2.568670183E1,-2.071093140E0,-1.001716919E0,3.179538116E0,3.924579750E0
2.569664083E1,-3.796105957E-1,-1.761536865E0,3.893403625E0,4.290187423E0
2.570658083E1,1.625020752E0,-9.542655945E-1,3.944297791E-1,1.925328574E0
2.571652083E1,2.184257813E0,-3.531156921E-1,-1.446891174E0,2.643703265E0
2.572646083E1,4.390220490E0,-1.172511749E0,1.550775146E-1,4.546742656E0
2.573640083E1,8.990304565E0,-2.365381165E0,2.004182281E0,9.509855459E0
2.574634083E1,1.016730698E1,-1.443897400E0,-1.544937286E0,1.038488334E1
2.575627983E1,1.449091599E1,-1.048719177E0,-2.891237640E0,1.481370018E1
2.576621983E1,2.597608246E1,-1.471290436E0,-2.819686432E0,2.617006280E1
2.577615983E1,4.606445847E1,-4.466112671E0,-2.432441711E0,4.634433373E1
2.578609983E1,7.002049164E1,-1.078282700E1,-3.679797821E0,7.094138087E1
2.579603983E1,7.783648819E1,-1.519101013E1,6.096222839E0,7.953898173E1
2.580597983E1,4.747991501E1,-1.190414520E1,1.471514969E1,5.111346821E1
2.581591883E1,1.959290634E1,-7.900271301E0,2.254312134E0,2.124566282E1
2.582585883E1,1.266112106E1,-6.267915802E0,-2.779120789E0,1.439841198E1
2.583579883E1,7.466623077E0,-5.589975586E0,-8.789721680E-1,9.368611386E0
2.584573883E1,4.325554962E0,-5.169350281E0,1.309925995E0,6.866477566E0
2.585567883E1,3.674409027E0,-4.113146667E0,7.005432129E-1,5.559677868E0
2.586561883E1,3.115621033E0,-2.642305298E0,-8.011340332E-1,4.163014226E0
2.587555783E1,2.502945099E0,-1.199605408E0,-9.955796814E-1,2.948722809E0
2.588549783E1,1.466201019E0,-4.915777588E-1,-4.921765137E-1,1.622846833E0
2.589543783E1,1.829196167E-1,-1.291813660E-1,-2.643502808E-1,3.464512699E-1
2.590537783E1,-4.498146057E-1,1.158590698E-1,-1.125509491E0,1.217591113E0
2.591531783E1,-5.605842590E-1,1.818717957E-1,-2.037712555E0,2.121227126E0
2.592525783E1,-9.574090576E-1,3.956272888E-1,-1.930685120E0,2.191049540E0
2.593519783E1,-1.328337708E0,7.238946533E-1,-1.648821259E0,2.237658615E0
2.594513683E1,-1.320404205E0,1.104403381E0,-1.356179810E0,2.191437375E0
2.595507683E1,-1.229692841E0,1.403331757E0,-1.109941864E0,2.171049387E0
2.596501683E1,-1.065035248E0,1.450034637E0,-9.963281250E-1,2.056591904E0
2.597495692E1,-8.460406494E-1,1.461111603E0,-6.878196716E-1,1.823109376E0
2.598489692E1,-1.051862640E0,1.846560059E0,-2.350112915E-2,2.125265011E0
2.599483692E1,-1.349294128E0,2.118095398E0,2.552192688E-1,2.524293888E0
2.600477592E1,-1.278940430E0,1.934577026E0,5.837860107E-3,2.319118577E0
2.601471592E1,-1.207838287E0,1.564696198E0,-1.651066589E-1,1.983534151E0
2.602465592E1,-1.203796692E0,1.192719727E0,-9.280700684E-3,1.694636525E0
2.603459592E1,-1.214274902E0,7.688012695E-1,3.447331238E-1,1.477958002E0
2.604453592E1,-1.117875366E0,-1.121168518E-1,2.183359680E0,2.455458209E0
2.605447592E1,-6.586303711E-3,-1.811682587E0,1.514251099E1,1.525050413E1
2.606441492E1,2.315385132E0,-1.760489044E0,1.079135925E1,1.117648265E1
2.607435492E1,1.202449493E0,-2.682421875E-1,-2.528990936E0,2.813118165E0
2.608429492E1,1.147064667E0,2.317181396E-1,-2.790646820E0,3.026080025E0
2.609423492E1,3.816313934E0,-1.862127686E-1,6.182144165E-2,3.821354358E0
2.610417492E1,7.281458130E0,-5.054988098E-1,7.625143433E-1,7.338704904E0
2.611411492E1,8.784033508E0,7.634124756E-2,-3.974983978E0,9.641865498E0
2.612405492E1,2.192700256E1,-1.450483704E0,-3.137176208E0,2.219773004E1
2.613399392E1,4.949487488E1,-5.914201355E0,-1.091679840E0,4.985892279E1
2.614393392E1,7.573231384E1,-1.393437332E1,-1.186582489E0,7.701271387E1
2.615387392E1,7.750283203E1,-2.007804749E1,1.067340454E1,8.076966342E1
2.616381392E1,4.841621796E1,-1.413720154E1,1.211370941E1,5.187227182E1
2.617375392E1,1.911495026E1,-7.710615692E0,-4.831951904E-1,2.061718689E1
2.618369392E1,1.110271179E1,-5.453609161E0,-6.371650085E0,1.391438058E1
2.619363292E1,7.295379181E0,-4.181404724E0,-6.495143280E0,1.062513949E1
2.620357292E1,4.838089142E0,-3.201093292E0,-4.001628571E0,7.047491470E0
2.621351292E1,2.792443085E0,-2.015558624E0,-2.401007080E0,4.198219855E0
2.622345292E1,1.674418030E0,-8.437953186E-1,-2.208357697E0,2.896982912E0
2.623339292E1,1.273252258E0,-6.511459351E-2,-2.158661041E0,2.507035842E0
2.624333292E1,8.548722839E-1,3.415896606E-1,-1.833836517E0,2.051937253E0
2.625327192E1,5.508544922E-2,5.022056580E-1,-1.530267792E0,1.611509989E0
2.626321192E1,-9.129515076E-1,5.993536377E-1,-1.387614441E0,1.765836650E0
2.627315192E1,-1.828148346E0,6.923103333E-1,-1.100062408E0,2.243113300E0
2.628309192E1,-2.229613495E0,8.762777710E-1,-7.966433716E-1,2.524614769E0
2.629303192E1,-2.148332520E0,1.199605408E0,-4.537065125E-1,2.502046232E0
2.630297192E1,-1.801803131E0,1.390159149E0,-2.740800476E-1,2.292194768E0
2.631291192E1,-1.331032104E0,1.512155457E0,1.526824951E-2,2.014570353E0
2.632285092E1,-1.401535492E0,1.738335114E0,6.318360901E-1,2.320630851E0
2.633279092E1,-1.839075623E0,1.901495819E0,1.303339691E0,2.948996413E0
2.634273092E1,-2.398013306E0,1.931583252E0,1.738035736E0,3.535852075E0
2.635267092E1,-2.991978149E0,1.831591187E0,2.077829132E0,4.077258077E0
2.636261092E1,-3.287014618E0,1.514550476E0,2.235601044E0,4.253967592E0
2.637255092E1,-3.457809448E0,1.072070618E0,2.244133301E0,4.259332795E0
2.638248992E1,-3.195854187E0,7.759863281E-1,1.500180359E0,3.614717122E0
2.639242992E1,-2.446961517E0,5.589376831E-1,1.103205872E-1,2.512409726E0
2.640236992E1,-2.114802246E0,2.303709412E-1,-1.251397705E-1,2.130990209E0
2.641230992E1,-2.123484192E0,-4.887336731E-1,1.435065765E0,2.609110858E0
2.642224992E1,-9.604028320E-1,-1.132395172E0,3.582949219E0,3.878429776E0
2.643218992E1,6.301895142E-1,-3.885919189E-1,1.750459900E0,1.900592635E0
2.644212892E1,1.048719177E0,2.303709412E-1,-1.019230499E0,1.480443681E0
2.645206892E1,1.644480286E0,-2.305206299E-2,-1.724414063E0,2.382949992E0
2.646200892E1,6.168821869E0,-8.797206116E-1,2.503394165E0,6.715299990E0
2.647194892E1,1.038660095E1,-1.272952881E0,7.376660156E-1,1.049028310E1
2.648188892E1,1.376941635E1,-1.008153534E0,-4.540507965E0,1.453373361E1
2.649182892E1,3.325319962E1,-2.464924164E0,-2.514770508E0,3.343912688E1
2.650176892E1,6.572532349E1,-8.787626038E0,-1.381477203E0,6.632457311E1
2.651170792E1,7.927110489E1,-1.739053619E1,6.362219696E0,8.140526186E1
2.652164792E1,7.192797501E1,-1.610890137E1,1.401041519E1,7.502947438E1
2.653158792E1,3.290592178E1,-8.740474091E0,5.786965942E0,3.453526532E1
2.654152792E1,9.212891693E0,-5.572162628E0,-1.932481384E0,1.093896037E1
2.655146792E1,4.476141815E0,-4.621190186E0,-3.658691711E0,7.401166754E0
2.656140792E1,4.270918579E0,-3.956123199E0,-3.701802063E0,6.898912580E0
2.657134692E1,3.938010864E0,-2.922522583E0,-3.250640259E0,5.883513398E0
2.658128692E1,2.847079468E0,-1.794618073E0,-3.165467377E0,4.620248828E0
2.659122692E1,1.801952820E0,-1.040486298E0,-3.028502197E0,3.674434822E0
2.660116692E1,7.156617737E-1,-5.731581116E-1,-2.324067078E0,2.498393439E0
2.661110692E1,-5.224136353E-1,-1.663041687E-1,-1.118025055E0,1.245212073E0
2.662104692E1,-1.402134247E0,1.914518738E-1,-3.700305176E-1,1.462722410E0
2.663098692E1,-1.741029510E0,4.237687683E-1,-2.201921082E-1,1.805338830E0
2.664092592E1,-1.769470367E0,6.873706055E-1,-2.543211365E-1,1.915250107E0
2.665086592E1,-1.588796082E0,1.099313965E0,-4.423301697E-1,1.982024258E0
2.666080592E1,-1.300495605E0,1.506616974E0,-6.071374512E-1,2.080817006E0
2.667074592E1,-1.177900543E0,1.669178925E0,-6.057902527E-1,2.130865975E0
2.668068592E1,-1.001716919E0,1.515897675E0,-4.891827393E-1,1.881670082E0
2.669062592E1,-8.476872253E-1,1.369801483E0,-4.086502075E-1,1.661903946E0
2.670056492E1,-8.077203369E-1,1.374591522E0,-1.308279419E-1,1.599696829E0
2.671050492E1,-1.692380676E0,1.482217712E0,8.602610779E-1,2.408561982E0
2.672044492E1,-3.246748352E0,1.504371643E0,2.476001129E0,4.351446943E0
2.673038492E1,-3.506757660E0,1.306932220E0,2.636766815E0,4.577986495E0
2.674032492E1,-2.701582031E0,1.014889526E0,1.746118927E0,3.373051664E0
2.675026492E1,-3.074306946E0,2.933898926E-1,3.705095215E0,4.823398322E0
2.676020492E1,-5.923781433E0,-1.683099976E0,1.090197922E1,1.252106876E1
2.677014392E1,-3.301384735E0,-1.998793488E0,5.700745239E0,6.884243812E0
2.678008392E1,-3.381468201E-1,-1.647773438E0,3.306923218E0,3.710153870E0
2.679002392E1,3.480262756E-1,-6.292913818E-1,-4.963677979E-1,8.737911207E-1
2.679996392E1,6.128256226E-1,2.737806702E-1,-4.260739746E0,4.313283469E0
2.680990392E1,1.761087799E0,2.272274780E-1,-5.010680237E0,5.316011569E0
2.681984392E1,2.575993195E0,5.373825073E-2,-5.217400360E0,5.818925610E0
2.682978292E1,4.203109589E0,1.546284485E-1,-5.042713623E0,6.566505985E0
2.683972292E1,1.165012344E1,4.444258118E-1,1.916015625E-2,1.165861302E1
2.684966292E1,3.033606583E1,-8.078700256E-1,-2.134561157E-1,3.034757169E1
2.685960292E1,5.738766174E1,-9.897118835E0,-1.006671616E1,5.909852330E1
2.686954292E1,7.892502457E1,-2.421469528E1,-8.662486267E-1,8.256065260E1
2.687948292E1,7.465650101E1,-2.390214523E1,2.487287659E1,8.224090028E1
2.688942292E1,3.759432220E1,-1.392284729E1,2.394121399E1,4.669433013E1
2.689936192E1,9.657766571E0,-9.620494080E0,2.240989838E0,1.381478907E1
2.690930192E1,3.977678375E0,-6.054160309E0,-5.017116852E0,8.811710606E0
2.691924192E1,2.109712830E0,-3.823049927E0,-5.302423553E0,6.868936927E0
2.692918192E1,1.737886047E0,-2.541714478E0,-3.193908234E0,4.436396083E0
2.693912192E1,1.177451477E0,-1.190923462E0,-2.321672058E0,2.862665160E0
2.694906192E1,8.711883545E-2,-5.269042969E-2,-2.312241669E0,2.314482125E0
2.695900092E1,-1.174607391E0,2.948867798E-1,-2.116299133E0,2.438315558E0
2.696894092E1,-1.994153137E0,3.802093506E-1,-1.678160248E0,2.633899714E0
2.697888108E1,-2.297721863E0,5.519023132E-1,-1.201701050E0,2.651076637E0
2.698882108E1,-2.226170654E0,8.042774963E-1,-1.007704468E0,2.572579711E0
2.699876108E1,-2.114502869E0,1.128353577E0,-7.189549255E-1,2.502239069E0
2.700870108E1,-1.977837067E0,1.507814484E0,-5.921685791E-1,2.556561676E0
2.701864108E1,-1.690135345E0,1.842368774E0,-8.695417786E-1,2.647070662E0
2.702858008E1,-1.401984558E0,1.987716522E0,-1.013093262E0,2.634945091E0
2.703852008E1,-1.162332916E0,1.888173523E0,-7.860154724E-1,2.352453482E0
2.704846008E1,-8.339158630E-1,2.053579559E0,-3.927832031E-1,2.250973860E0
2.705840008E1,-1.095422058E0,2.835104370E0,8.249345398E-1,3.149330607E0
2.706834008E1,-1.852098541E0,3.451223145E0,2.141596527E0,4.464039189E0
2.707828008E1,-2.481389923E0,3.522774353E0,2.547851715E0,5.005874894E0
2.708821908E1,-3.379372559E0,3.245401154E0,3.471281433E0,5.831173323E0
2.709815908E1,-4.772824860E0,2.481988678E0,6.518794098E0,8.451911111E0
2.710809908E1,-3.595223694E0,1.365460510E0,6.298452301E0,7.379743708E0
2.711803908E1,-1.462458801E-1,5.447172546E-1,2.831362152E0,2.886990887E0
2.712797908E1,1.979034576E0,2.553689575E-1,1.535357208E0,2.517759503E0
2.713791908E1,2.524799652E0,4.167333984E-1,2.492317200E-1,2.571069128E0
2.714785908E1,3.168012085E0,4.682263184E-1,-1.293310547E-1,3.205037126E0
2.715779808E1,4.688999176E0,4.233197021E-1,2.671943665E-1,4.715644778E0
2.716773808E1,5.630990295E0,5.287005615E-1,-2.061662750E0,6.019803094E0
2.717767808E1,8.368946686E0,4.836442566E-1,-4.569547577E0,9.547457539E0
2.718761808E1,1.805769882E1,-3.134481812E-1,-5.131179657E0,1.877518951E1
2.719755808E1,4.087475052E1,-3.058589630E0,-4.891677704E0,4.127988265E1
2.720749808E1,7.133086670E1,-1.120794296E1,-3.935765533E0,7.231321304E1
2.721743808E1,7.887682480E1,-2.140698395E1,2.311044159E0,8.176278724E1
2.722737708E1,5.627098389E1,-2.299069061E1,1.756192978E1,6.327256009E1
2.723731708E1,2.230825974E1,-1.723920090E1,1.272024811E1,3.092981106E1
2.724725708E1,1.452998474E1,-1.195459030E1,-3.823049927E-1,1.881963982E1
2.725719708E1,9.749974823E0,-8.415799255E0,-4.585863647E0,1.367178962E1
2.726713708E1,5.143005066E0,-5.873635712E0,-4.100123749E0,8.818226145E0
2.727707708E1,2.377655640E0,-4.413721619E0,-8.475375366E-1,5.084535843E0
2.728701608E1,1.585203552E-1,-3.560645599E0,1.386865997E0,3.824489911E0
2.729695608E1,-9.891430664E-1,-2.561922455E0,1.954186249E0,3.370562945E0
2.730689608E1,-1.368753662E0,-1.904489594E0,1.841770020E0,2.982060362E0
2.731683608E1,-1.754052429E0,-1.502725067E0,1.972597961E0,3.037437286E0
2.732677608E1,-1.834584961E0,-9.491761780E-1,1.643432465E0,2.639603694E0
2.733671608E1,-1.684297485E0,-3.580554199E-1,5.950126648E-1,1.821840216E0
2.734665608E1,-1.309925995E0,1.169068909E-1,-5.379812622E-1,1.420914203E0
2.735659508E1,-8.681945801E-1,4.755610657E-1,-1.601819000E0,1.883014675E0
2.736653508E1,-1.016835480E0,8.734336853E-1,-2.062411194E0,2.459752168E0
2.737647508E1,-1.311871948E0,1.367855530E0,-2.221230927E0,2.919914997E0
2.738641508E1,-1.422641602E0,1.705852661E0,-2.346969452E0,3.231425078E0
2.739635508E1,-1.505120087E0,1.865271149E0,-2.809507599E0,3.692960314E0
2.740629508E1,-1.419198761E0,2.002236328E0,-3.362906799E0,4.163197999E0
2.741623408E1,-8.647517395E-1,2.294428711E0,-2.833906860E0,3.747429355E0
2.742617408E1,-3.379971313E-1,2.561024323E0,-1.781445465E0,3.137934924E0
2.743611408E1,6.750961304E-2,2.789299622E0,-9.361532593E-1,2.942980267E0
2.744605408E1,2.668949890E-1,3.101550293E0,-3.519181824E-1,3.132841133E0
2.745599408E1,2.125579834E-2,3.356021118E0,-2.020797729E-2,3.356149269E0
2.746593408E1,-3.811074829E-1,3.632047119E0,1.321152649E0,3.883613461E0
2.747587408E1,-7.146139526E-1,3.764072571E0,1.332020050E1,1.386025457E1
2.748581308E1,1.917811890E0,2.161804504E0,1.782493286E1,1.805767517E1
2.749575308E1,5.159770203E0,7.493417358E-1,8.047714691E0,9.589079900E0
2.750569308E1,3.367547150E0,1.115929413E0,-3.316353607E0,4.856323044E0
2.751563308E1,2.827769623E0,1.321901093E0,-6.591991882E0,7.293700057E0
2.752557308E1,5.953868866E0,6.737489319E-1,-5.315446472E0,8.009772986E0
2.753551308E1,1.422551788E1,-9.108558655E-1,-2.996468811E0,1.456618834E1
2.754545308E1,2.680161575E1,-2.950963440E0,-5.361101532E0,2.749138414E1
2.755539208E1,4.999034454E1,-7.166946259E0,-5.830675049E0,5.083695937E1
2.756533208E1,7.327786789E1,-1.239497452E1,-2.865790558E0,7.437401476E1
2.757527208E1,7.734640732E1,-1.586101685E1,1.084225342E1,7.969688225E1
2.758521208E1,4.831308243E1,-1.387090530E1,2.460508347E1,5.596397127E1
2.759515208E1,2.321148148E1,-1.066113007E1,5.897885284E0,2.621483583E1
2.760509208E1,1.405397461E1,-1.015488281E1,-5.269941101E0,1.812203428E1
2.761503108E1,9.122629395E0,-9.386231232E0,-5.279820557E0,1.411383041E1
2.762497108E1,5.282365265E0,-8.314909058E0,-1.030606842E0,9.904708269E0
2.763491108E1,2.663112030E0,-6.613696747E0,1.067879333E0,7.209266025E0
2.764485108E1,1.212328949E0,-4.392765198E0,7.366181946E-1,4.616138422E0
2.765479108E1,6.836283875E-1,-2.561623077E0,-4.888833618E-1,2.695972460E0
2.766473108E1,8.039781189E-1,-1.284778290E0,-1.832189941E0,2.377804881E0
2.767467108E1,5.016069031E-1,-6.411167908E-1,-2.394570465E0,2.529151624E0
2.768461008E1,-4.038601685E-1,-2.609074402E-1,-2.284100189E0,2.334157107E0
2.769455008E1,-1.657353516E0,2.694396973E-1,-1.642384644E0,2.348796659E0
2.770449008E1,-2.993475037E0,1.067280579E0,-3.088078308E-1,3.193014705E0
2.771443008E1,-3.244203644E0,1.581760712E0,-1.504371643E-1,3.612403019E0
2.772437008E1,-2.709216156E0,1.586850128E0,-9.030720520E-1,3.267029942E0
2.773431008E1,-2.128872986E0,1.704355774E0,-1.218915253E0,2.987086070E0
2.774425008E1,-1.484762421E0,1.925296326E0,-1.191222839E0,2.707452168E0
2.775418908E1,-1.072968750E0,2.068548431E0,-9.470805359E-1,2.515375935E0
2.776412908E1,-1.042881317E0,2.242037659E0,-5.748046875E-1,2.538648210E0
2.777406908E1,-1.475781097E0,2.803669739E0,7.560777283E-1,3.257322118E0
2.778400908E1,-2.099084930E0,3.492237854E0,2.315235443E0,4.686384313E0
2.779394908E1,-2.574196930E0,3.492088165E0,3.119063873E0,5.343194647E0
2.780388908E1,-4.348756714E0,2.799478455E0,6.212381287E0,8.083467438E0
2.781382808E1,-4.572391663E0,1.155746613E0,6.022126923E0,7.649086770E0
2.782376808E1,-3.410507812E0,-7.116201782E-1,5.699697418E0,6.680158492E0
2.783370808E1,-8.918453979E-1,-2.857707367E0,8.324189758E0,8.846129930E0
2.784364808E1,1.564845886E0,-2.517913971E0,4.667893066E0,5.529725047E0
2.785358808E1,1.453327789E0,-2.041754150E-1,-2.609972534E0,2.994295559E0
2.786352808E1,1.866768036E0,1.320254517E-1,-3.861220551E0,4.290836487E0
2.787346808E1,3.052602081E0,-1.901046753E-2,-4.207600250E0,5.198330571E0
2.788340708E1,7.787106628E0,-8.000862122E-1,-2.961291962E0,8.369493274E0
2.789334708E1,2.282528458E1,-3.754043427E0,-1.942959595E-1,2.313275187E1
2.790328708E1,4.114628586E1,-6.357429657E0,-7.597750397E0,4.232209308E1
2.791322708E1,6.612439362E1,-1.131122818E1,-5.296735382E0,6.729364546E1
2.792316708E1,7.903564453E1,-1.747930161E1,1.132095795E0,8.095332440E1
2.793310708E1,6.458843765E1,-1.537258255E1,1.343381424E1,6.773809813E1
2.794304708E1,2.840927261E1,-9.677974548E0,1.714235229E1,3.456313360E1
2.795298608E1,1.570728653E1,-8.308173065E0,3.875440979E0,1.818690827E1
2.796292608E1,1.180505127E1,-7.353159027E0,-2.770588531E0,1.418112633E1
2.797286608E1,6.962621155E0,-6.155050507E0,-3.671265564E0,9.992043381E0
2.798280558E1,3.398832092E0,-4.950056305E0,-1.646276550E0,6.226182096E0
2.799274558E1,1.029708710E0,-3.731141052E0,9.699829102E-2,3.871837064E0
2.800268558E1,-1.932481384E-1,-2.344724121E0,8.619076538E-1,2.505585930E0
2.801262458E1,-9.026229858E-1,-1.128652954E0,7.869136047E-1,1.645545128E0
2.802256458E1,-1.431473236E0,-6.472540283E-1,2.272274780E-1,1.587351798E0
2.803250458E1,-1.843117218E0,-3.192860413E-1,-5.001100159E-1,1.936268236E0
2.804244458E1,-2.248025208E0,8.876541138E-2,-6.185137939E-1,2.333250082E0
2.805238458E1,-2.706521759E0,9.213340759E-1,-5.179229736E-2,2.859510265E0
2.806232458E1,-2.475701752E0,1.603465576E0,-3.001258850E-1,2.964840057E0
2.807226458E1,-1.778900757E0,1.733096008E0,-1.144969025E0,2.734787696E0
2.808220358E1,-1.396595764E0,1.744172974E0,-1.293909302E0,2.582018662E0
2.809214358E1,-1.136137390E0,1.770817566E0,-1.362466736E0,2.506575079E0
2.810208358E1,-8.496331787E-1,2.300715637E0,-1.530267792E0,2.890828341E0
2.811202358E1,-8.241860962E-1,2.858605499E0,-1.779200134E0,3.466476776E0
2.812196358E1,-9.563612366E-1,3.044668579E0,-2.064057770E0,3.800653634E0
2.813190358E1,-1.070573730E0,3.111579437E0,-2.094145203E0,3.900448543E0
2.814184358E1,-1.278191986E0,3.122506714E0,-1.683099976E0,3.770497110E0
2.815178258E1,-1.351838837E0,3.060385895E0,-8.804690552E-1,3.459574515E0
2.816172258E1,-1.174457703E0,2.827769623E0,1.368154907E-1,3.065020459E0
2.817166258E1,5.093907166E-1,1.188229065E0,7.703580322E0,7.811306997E0
2.818160258E1,4.168232117E0,-1.422940979E0,2.019794815E1,2.067259126E1
2.819154258E1,4.270918579E0,-4.764591980E-1,5.935906219E0,7.328215439E0
2.820148258E1,2.845732269E0,8.409512329E-1,-3.381019135E0,4.498519925E0
2.821142258E1,4.128115540E0,8.547225952E-1,-3.080743561E0,5.221385784E0
2.822136158E1,8.423433380E0,-1.047821045E-3,-1.750908966E0,8.603482621E0
2.823130158E1,1.511661484E1,-9.675878906E-1,-2.858006744E0,1.541481343E1
2.824124158E1,2.991693741E1,-3.596870270E0,-2.622995453E0,3.024633407E1
2.825118158E1,5.163168137E1,-7.960895233E0,-3.305126953E0,5.234625333E1
2.826112158E1,7.404023254E1,-1.439062454E1,-1.160836029E0,7.543469792E1
2.827106158E1,7.318341431E1,-1.874252472E1,8.514444122E0,7.602361555E1
2.828100058E1,3.627391800E1,-1.403511383E1,1.444361435E1,4.148975226E1
2.829094058E1,1.764425858E1,-1.004770569E1,1.589095459E0,2.036667559E1
2.830088058E1,1.347587677E1,-7.457492065E0,-5.611381073E0,1.639210298E1
2.831082058E1,8.481961670E0,-5.433850250E0,-6.119873657E0,1.178657100E1
2.832076058E1,4.647685089E0,-3.953279114E0,-2.591710510E0,6.629204764E0
2.833070058E1,1.987566833E0,-2.456242218E0,2.335144043E-1,3.168292399E0
2.834064058E1,3.008743286E-1,-1.226399689E0,9.288185120E-1,1.567573088E0
2.835057958E1,-2.165995789E-1,2.095642090E-3,5.369334412E-1,5.789795243E-1
2.836051958E1,-4.957690430E-1,6.041436768E-1,-1.161584473E-1,7.901071516E-1
2.837045958E1,-1.413211212E0,8.054750061E-1,-2.236349487E-1,1.641940470E0
2.838039958E1,-2.824626160E0,1.240021362E0,7.226971436E-1,3.168352424E0
2.839033958E1,-3.907773743E0,2.108964386E0,2.046095123E0,4.889266986E0
2.840027958E1,-3.259471893E0,2.689457245E0,1.608854370E0,4.521697655E0
2.841021958E1,-2.136357422E0,2.829266510E0,1.222956848E-1,3.547355107E0
2.842015858E1,-1.420096893E0,2.816692657E0,-5.322930908E-1,3.199026203E0
2.843009858E1,-8.629554749E-1,2.948119354E0,-3.053649902E-2,3.071975318E0
2.844003858E1,-4.927752686E-1,3.207978973E0,8.098159790E-1,3.345109636E0
2.844997858E1,-3.391946411E-1,3.668870544E0,1.259780273E0,3.893932513E0
2.845991858E1,-4.415817261E-2,3.386407928E0,3.546125793E-1,3.405210520E0
2.846985858E1,2.053729248E-1,2.618654480E0,-9.183403015E-1,2.782602780E0
2.847979858E1,1.233435059E-1,2.306104431E0,-1.231638794E0,2.617301165E0
2.848973758E1,-7.334747314E-2,1.893262939E0,-1.141975250E0,2.212223289E0
2.849967758E1,-3.269201660E-1,1.430275726E0,-9.391470337E-1,1.741999598E0
2.850961758E1,-4.360432434E-1,9.141490173E-1,-7.000941467E-1,1.231232695E0
2.851955758E1,-3.147953796E-1,4.813989258E-1,-3.956272888E-1,6.981131774E-1
2.852949758E1,4.665797424E-1,1.932481384E-1,-1.722917175E-1,5.335971655E-1
2.853943758E1,2.867886200E0,-5.361849976E-1,1.369502106E0,3.223011267E0
2.854937758E1,6.589596863E0,-2.113005981E0,2.986140289E0,7.536883634E0
2.855931658E1,1.078297668E1,-3.856131134E0,3.091820526E0,1.186177422E1
2.856925658E1,1.538395889E1,-5.158123627E0,1.966909790E0,1.634445364E1
2.857919658E1,2.064701431E1,-5.949378204E0,-1.973346405E0,2.157749747E1
2.858913658E1,2.970333160E1,-8.027656403E0,-3.466192017E0,3.096361837E1
2.859907658E1,4.379038742E1,-1.181103882E1,-2.975512390E0,4.545274846E1
2.860901658E1,5.665568390E1,-1.504476425E1,-4.080963593E0,5.876109013E1
2.861895558E1,6.219955536E1,-1.572390198E1,-1.942809906E0,6.418567045E1
2.862889558E1,4.428361176E1,-1.094299393E1,8.615633698E0,4.642215560E1
2.863883558E1,2.154784103E1,-6.342161407E0,1.371163651E1,2.631618210E1
2.864877558E1,1.382090927E1,-5.998925171E0,8.156837769E0,1.713296935E1
2.865871558E1,1.115136063E1,-6.152206421E0,3.810326385E0,1.329364791E1
2.866865558E1,7.408543854E0,-5.586981812E0,1.894909515E0,9.470563334E0
2.867859558E1,3.553909607E0,-4.625680847E0,1.138382721E0,5.943324996E0
2.868853458E1,1.240919495E0,-3.588038635E0,3.565585327E-1,3.813271093E0
2.869847458E1,2.564167786E-1,-2.675685883E0,-1.097218323E-1,2.690182779E0
2.870841458E1,-3.546125793E-1,-1.730850677E0,-1.266366577E-1,1.771335934E0
2.871835458E1,-1.085841980E0,-4.571493530E-1,2.520758057E-1,1.204815566E0
2.872829458E1,-1.073268127E0,9.951306152E-1,4.170327759E-1,1.521875734E0
2.873823458E1,1.758842468E-1,1.632505188E0,-1.481020203E0,2.211205395E0
2.874817458E1,1.218017120E0,1.063987427E0,-3.898343353E0,4.220511326E0
2.875811358E1,8.376580811E-1,8.800199890E-1,-4.087849274E0,4.264577110E0
2.876805358E1,-1.682501221E-1,1.279688873E0,-3.025209045E0,3.289042639E0
2.877799358E1,-9.150471497E-1,1.603615265E0,-2.300865326E0,2.950063466E0
2.878793358E1,-1.132095795E0,1.882185974E0,-1.756597137E0,2.812454165E0
2.879787358E1,-1.205592957E0,2.355352020E0,-7.213499451E-1,2.742532271E0
2.880781358E1,-2.120191040E0,3.869603119E0,2.081870728E0,4.878854791E0
2.881775358E1,-1.928290100E0,4.405039673E0,1.513352966E0,5.041122338E0
2.882769258E1,-1.201401672E0,3.831881561E0,-4.751119995E-1,4.043811777E0
2.883763258E1,-7.926017761E-1,3.361709290E0,-1.566342773E0,3.792457858E0
2.884757258E1,-5.248086548E-1,2.843337250E0,-1.843566284E0,3.429100098E0
2.885751258E1,-3.330574036E-1,2.183659058E0,-1.316811676E0,2.571631215E0
2.886745258E1,4.451742554E-1,1.719923401E0,-1.026864624E-1,1.779567681E0
2.887739258E1,3.534749451E0,1.111887817E0,6.424939270E0,7.416912621E0
2.888733258E1,5.287454681E0,-1.453477478E-1,6.736740875E0,8.565160862E0
2.889727158E1,7.540569305E0,-1.693129120E0,6.135141907E0,9.867463599E0
2.890721158E1,1.166703827E1,-3.108136597E0,5.849386139E0,1.341624438E1
2.891715158E1,1.137050491E1,-1.960024109E0,-1.435514832E0,1.162715698E1
2.892709158E1,1.943528412E1,-3.898043976E0,-2.838846588E0,2.002458653E1
2.893703158E1,3.659769470E1,-8.070467377E0,-1.801354065E0,3.752024224E1
2.894697158E1,5.198749146E1,-1.212104416E1,-6.670578461E0,5.379698501E1
2.895691158E1,6.571259995E1,-1.680570236E1,-5.002297668E0,6.801176667E1
2.896685058E1,6.036003067E1,-1.684492081E1,5.768404541E0,6.293138446E1
2.897679079E1,2.775318695E1,-1.000100281E1,1.719459366E1,3.414547546E1
2.898673079E1,1.366014359E1,-6.869514771E0,7.592361603E0,1.707142966E1
2.899667079E1,1.146346161E1,-5.656287689E0,-1.641486511E0,1.288794089E1
2.900661079E1,9.332942047E0,-4.517605591E0,-3.982468414E0,1.110732291E1
2.901655079E1,6.934629364E0,-3.499422913E0,-3.380420380E0,8.471262425E0
2.902649079E1,4.564907227E0,-2.603386230E0,-1.389859772E0,5.435780352E0
2.903642979E1,2.082319794E0,-1.949396210E0,4.728666687E-1,2.891332598E0
2.904636979E1,2.020797729E-2,-1.207838287E0,1.312620392E0,1.783887324E0
2.905630979E1,-1.270707550E0,-2.824626160E-1,1.047222290E0,1.670675711E0
2.906624979E1,-1.459465027E0,5.638774109E-1,2.228865051E-1,1.580403206E0
2.907618979E1,-8.158035278E-1,1.039737854E0,-8.554710388E-1,1.574300130E0
2.908612979E1,-9.654922485E-2,1.056203613E0,-1.957030334E0,2.225950484E0
2.909606979E1,1.067280579E-1,1.138233032E0,-2.377206573E0,2.637816598E0
2.910600879E1,-1.678010559E-1,1.442400513E0,-2.260599060E0,2.686816805E0
2.911594879E1,-5.535488892E-1,1.630110168E0,-1.855990448E0,2.531477054E0
2.912588879E1,-1.104852448E0,2.478545837E0,1.526824951E-1,2.717940460E0
2.913582879E1,-1.935774536E0,3.822002106E0,3.030298462E0,5.247631077E0
2.914576879E1,-1.654359741E0,4.305796051E0,2.635120239E0,5.312310652E0
2.915570879E1,-1.072669373E0,4.189787292E0,1.035995636E0,4.447271534E0
2.916564879E1,-1.004860382E0,3.630699921E0,-5.743556213E-1,3.810723118E0
2.917558779E1,-7.102729797E-1,3.099604340E0,-1.549577637E0,3.537403797E0
2.918552779E1,-7.677534485E-1,2.644850006E0,-1.281485138E0,3.037578159E0
2.919546779E1,-1.567540283E0,1.654509430E0,2.248324585E0,3.201491439E0
2.920540779E1,-1.390458527E0,-6.017486572E-2,5.979166260E0,6.139008478E0
2.921534779E1,8.150550842E-1,-1.053209839E0,5.349874878E0,5.513141297E0
2.922528779E1,3.702849884E0,-1.022823029E0,2.624492340E0,4.652442827E0
2.923522679E1,3.400927734E0,-1.511856079E-2,-2.634371796E0,4.301912689E0
2.924516679E1,4.143832855E0,-1.486408997E-1,-3.209026794E0,5.243214455E0
2.925510679E1,8.884624329E0,-1.397194519E0,-9.604028320E-1,9.044947517E0
2.926504679E1,1.348410965E1,-2.021695862E0,-2.232158203E0,1.381633082E1
2.927498679E1,2.366129608E1,-4.463867340E0,-3.133284302E0,2.428169093E1
2.928492679E1,3.852239227E1,-7.567363586E0,-3.215762787E0,3.939011079E1
2.929486679E1,5.376205124E1,-1.120105728E1,-2.665507050E0,5.498114918E1
2.930480579E1,6.935692154E1,-1.517664001E1,8.999285889E-1,7.100368187E1
2.931474579E1,5.816484558E1,-1.357586884E1,6.216572571E0,6.005080558E1
2.932468579E1,2.812695969E1,-8.633147278E0,1.452399719E1,3.281163799E1
2.933462579E1,1.633403320E1,-7.635621643E0,1.063343765E1,2.093259073E1
2.934456579E1,1.344743591E1,-7.667355652E0,3.407963104E0,1.585042863E1
2.935450579E1,1.067804489E1,-7.176975403E0,7.185058594E-2,1.286603207E1
2.936444579E1,6.726262665E0,-5.908812561E0,-7.330256653E-1,8.982984022E0
2.937438479E1,3.640279999E0,-4.456532593E0,1.251397705E-1,5.755691199E0
2.938432479E1,1.267115021E0,-3.291056213E0,9.833052063E-1,3.661081890E0
2.939426479E1,-3.502716064E-1,-2.049687653E0,1.025667114E0,2.318599297E0
2.940420479E1,-1.075812836E0,-8.500822449E-1,7.723937988E-1,1.573723375E0
2.941414479E1,-1.454824677E0,2.847079468E-1,7.908055115E-1,1.680162734E0
2.942408479E1,-1.203946381E0,1.340462494E0,4.830455017E-1,1.865384556E0
2.943402479E1,-3.068618774E-2,1.528920593E0,-1.005459137E0,1.830160621E0
2.944396379E1,1.046024780E0,8.878038025E-1,-2.919678497E0,3.225970545E0
2.945390379E1,9.795629883E-1,8.210426331E-1,-3.432961121E0,3.663178498E0
2.946384379E1,1.531315613E-1,1.203946381E0,-2.956501923E0,3.195909852E0
2.947378379E1,-5.771997070E-1,1.576521606E0,-2.585273895E0,3.082567273E0
2.948372379E1,-8.869056702E-1,1.820514221E0,-1.972448273E0,2.826911015E0
2.949366379E1,-8.714877319E-1,2.337688751E0,-3.511697388E-1,2.519444334E0
2.950360379E1,-1.112935638E0,3.557202759E0,2.455194397E0,4.463215963E0
2.951354279E1,-1.506317596E0,4.147575073E0,2.933599548E0,5.298809111E0
2.952348279E1,-1.521885223E0,4.152365112E0,5.559439087E-1,4.457279920E0
2.953342279E1,-1.550026703E0,3.863615570E0,-1.340163116E0,4.373344856E0
2.954336279E1,-1.502575378E0,3.251987457E0,-2.079475708E0,4.142146112E0
2.955330279E1,-1.068029022E0,2.268233185E0,-1.203197937E0,2.780872713E0
2.956324279E1,1.603166199E-1,3.817062378E-1,2.984942780E0,3.013516960E0
2.957318279E1,1.843117218E0,-1.810485077E0,1.058853104E1,1.089917092E1
2.958312179E1,3.415746918E0,-3.185375977E0,1.158725418E1,1.249313438E1
2.959306179E1,3.757336578E0,-1.664089508E0,4.031117249E-1,4.129076303E0
2.960300179E1,3.036735077E0,-1.089733887E-1,-5.137316895E0,5.968723482E0
2.961294179E1,5.137765961E0,-5.926176453E-1,-3.719315643E0,6.370333084E0
2.962288179E1,1.240230927E1,-2.476599884E0,-8.954379272E-1,1.267882610E1
2.963282179E1,2.076496902E1,-3.650309143E0,-2.102078705E0,2.118790764E1
2.964276179E1,3.507416290E1,-6.108197937E0,-2.951113129E0,3.572416625E1
2.965270079E1,5.493396423E1,-9.292825470E0,-6.984475708E-1,5.571880168E1
2.966264079E1,7.051446442E1,-1.221998840E1,3.651356964E0,7.165856694E1
2.967258079E1,6.574583084E1,-1.186717209E1,8.538244629E0,6.735165676E1
2.968252079E1,3.496743484E1,-7.881560211E0,8.756939850E0,3.689884126E1
2.969246079E1,1.880479523E1,-6.062243500E0,5.509892120E0,2.051170473E1
2.970240079E1,1.200533478E1,-6.727011108E0,3.240760803E0,1.413800807E1
2.971234079E1,7.625592499E0,-7.641609192E0,1.577270050E0,1.091016191E1
2.972227979E1,5.425617371E0,-7.368576965E0,-4.191284180E-3,9.150588392E0
2.973221979E1,4.468657379E0,-6.054459686E0,-1.331032104E0,7.641794771E0
2.974215979E1,3.353626099E0,-4.523443451E0,-1.740730133E0,5.893936720E0
2.975209979E1,2.749033356E0,-3.134332123E0,-1.548230438E0,4.447273292E0
2.976203979E1,1.999242554E0,-2.074086914E0,-1.283880157E0,3.153911155E0
2.977197979E1,7.349716187E-1,-9.656419373E-1,-8.521778870E-1,1.482853594E0
2.978191979E1,-5.113366699E-1,2.136058044E-1,-1.499880981E-1,5.740984752E-1
2.979185879E1,-1.030906219E0,9.916877747E-1,9.879455566E-3,1.430492880E0
2.980179879E1,-1.101858673E0,1.381626892E0,-4.005670166E-1,1.812026308E0
2.981173879E1,-8.589138794E-1,1.519639893E0,-8.878038025E-1,1.958375359E0
2.982167879E1,-6.024971008E-1,1.540895691E0,-1.258133698E0,2.078524161E0
2.983161879E1,-4.592449951E-1,1.698667603E0,-1.338815918E0,2.211064371E0
2.984155879E1,-2.456391907E-1,1.801653442E0,-1.399290161E0,2.294407700E0
2.985149879E1,-2.604583740E-2,2.187700653E0,-1.062789917E0,2.432331174E0
2.986143779E1,5.972579956E-2,2.831062775E0,-3.561094666E-1,2.853996769E0
2.987137779E1,2.230361938E-2,3.475323029E0,2.897973633E-1,3.487456110E0
2.988131779E1,-1.728904724E-1,3.685635681E0,6.245013428E-1,3.742165605E0
2.989125779E1,-4.090992737E-1,3.590882721E0,5.728587341E-1,3.659230528E0
2.990119779E1,-6.982978821E-1,3.227887573E0,3.677851868E-1,3.322972173E0
2.991113779E1,-1.035247192E0,2.456242218E0,2.996768188E-1,2.682287975E0
2.992107779E1,-1.136885834E0,1.557810516E0,1.847158813E-1,1.937370115E0
2.993101679E1,-1.058448944E0,7.720944214E-1,3.004252625E-1,1.344135150E0
2.994095679E1,-5.857319641E-1,-5.462141418E-1,3.621868286E0,3.709361361E0
2.995089679E1,2.379152527E0,-2.109413452E0,8.523874512E0,9.097605649E0
2.996083679E1,5.260211334E0,-1.686093750E0,4.330943756E0,7.019245631E0
2.997077679E1,6.636299744E0,-1.504820709E0,6.646179199E-1,6.837154133E0
2.998071729E1,1.080782501E1,-2.326611786E0,4.058061218E-1,1.106286050E1
2.999065729E1,1.574889999E1,-2.680924988E0,-1.979483643E0,1.609762608E1
3.000059629E1,2.611334702E1,-4.458478546E0,-2.145787811E0,2.657798579E1
3.001053629E1,4.323115036E1,-7.347470856E0,1.446292419E0,4.387492964E1
3.002047629E1,5.636828156E1,-1.037133270E1,1.856140137E-2,5.731446634E1
3.003041629E1,6.668931885E1,-1.376327911E1,2.242187347E0,6.813164099E1
3.004035629E1,5.201982422E1,-1.203287750E1,4.065845032E0,5.354795373E1
3.005029629E1,2.577594864E1,-7.014114075E0,2.524799652E0,2.683229282E1
3.006023629E1,1.552526505E1,-4.923411713E0,-5.092410278E-1,1.629518837E1
3.007017629E1,1.104597977E1,-4.328997803E0,-1.837129669E0,1.200537115E1
3.008011529E1,8.421038361E0,-4.201163635E0,-1.426683197E0,9.518355315E0
3.009005529E1,6.071524200E0,-3.774101715E0,-7.863148499E-1,7.192047060E0
3.009999529E1,3.933071136E0,-3.075654144E0,-4.891827393E-1,5.016771545E0
3.010993529E1,2.581980743E0,-2.156715088E0,-5.454656982E-1,3.408163341E0
3.011987529E1,2.121388550E0,-1.376687164E0,-3.147953796E-1,2.548460920E0
3.012981529E1,1.576671295E0,-7.756869507E-1,-7.963439941E-2,1.758955445E0
3.013975529E1,7.045848083E-1,-3.037184143E-1,2.890489197E-1,8.198987165E-1
3.014969429E1,-1.064286804E-1,9.205856323E-2,5.547463989E-1,5.723158308E-1
3.015963429E1,-6.113287354E-1,4.824467468E-1,5.683680725E-1,9.641161507E-1
3.016957429E1,-8.523275757E-1,7.234455872E-1,2.594105530E-1,1.147662689E0
3.017951429E1,-7.575746155E-1,7.138655090E-1,-3.839515686E-1,1.109478287E0
3.018945429E1,-5.417234802E-1,5.797444153E-1,-1.050665131E0,1.316611231E0
3.019939429E1,-5.545967102E-1,7.047344971E-1,-1.186432800E0,1.487229307E0
3.020933429E1,-6.474037170E-1,9.413923645E-1,-1.150956573E0,1.621743565E0
3.021927329E1,-5.260061646E-1,1.180295563E0,-1.041983185E0,1.659972608E0
3.022921329E1,-2.972817993E-1,1.406774597E0,-8.822653198E-1,1.686944969E0
3.023915329E1,-1.701960754E-1,1.616039429E0,-6.885681152E-1,1.764844522E0
3.024909329E1,-3.802093506E-2,1.736838226E0,-4.311035156E-1,1.789944931E0
3.025903329E1,-6.391708374E-2,1.657203827E0,-1.824705505E-1,1.668444011E0
3.026897329E1,-2.020797729E-1,1.390907593E0,1.272354126E-2,1.405568232E0
3.027891329E1,-4.132905579E-1,9.250762939E-1,1.829196167E-1,1.029579925E0
3.028885229E1,-7.581733704E-1,4.632865906E-1,3.432362366E-1,9.525084979E-1
3.029879229E1,-8.137078857E-1,2.269281006E-1,5.149291992E-1,9.893275324E-1
3.030873229E1,9.430389404E-2,9.729766846E-2,4.605921936E-1,4.801096016E-1
3.031867229E1,1.123713226E0,9.879455566E-3,1.492396545E-1,1.133623171E0
3.032861229E1,2.394271088E0,-2.571652222E-1,5.972579956E-2,2.408782922E0
3.033855229E1,5.087919617E0,-8.518785095E-1,5.315446472E-1,5.186054640E0
3.034849229E1,1.507994110E1,-2.973716125E0,6.609804840E0,1.673132186E1
3.035843129E1,2.297871552E1,-3.695365448E0,2.777324524E0,2.343908326E1
3.036837129E1,3.087689117E1,-4.699178009E0,-3.816613312E0,3.146476156E1
3.037831129E1,4.890495163E1,-8.186925201E0,-1.939067688E0,4.962338180E1
3.038825129E1,6.458858734E1,-1.229632965E1,-2.076481934E0,6.578143442E1
3.039819129E1,6.950152084E1,-1.416863617E1,2.374512177E0,7.097076834E1
3.040813129E1,4.155254105E1,-1.005653732E1,1.605800720E1,4.566844869E1
3.041807129E1,1.924742477E1,-7.340285797E0,9.350006561E0,2.262224080E1
3.042801029E1,1.237207214E1,-5.948480072E0,-2.046843567E0,1.387955881E1
3.043795029E1,9.420659637E0,-4.937781830E0,-4.722529449E0,1.163755996E1
3.044789029E1,7.166497192E0,-4.084705811E0,-3.994293823E0,9.165036100E0
3.045783029E1,5.260211334E0,-3.147804108E0,-2.389930115E0,6.579533413E0
3.046777029E1,3.681145020E0,-1.829944611E0,-1.635049896E0,4.424128626E0
3.047771029E1,2.386936340E0,-7.276368713E-1,-1.467697906E0,2.895005640E0
3.048765029E1,1.085692291E0,-3.038681030E-2,-1.473535767E0,1.830562418E0
3.049758929E1,-1.044827271E-1,2.908451843E-1,-1.419797516E0,1.453042514E0
3.050752929E1,-8.577163696E-1,5.649252319E-1,-1.353485413E0,1.699041097E0
3.051746929E1,-9.925859070E-1,8.571176147E-1,-1.264869690E0,1.822024347E0
3.052740929E1,-9.306147766E-1,9.674382019E-1,-1.153501282E0,1.769899925E0
3.053734929E1,-9.394464111E-1,8.961863708E-1,-1.190474396E0,1.761516068E0
3.054728929E1,-7.771838379E-1,8.152047729E-1,-1.291963348E0,1.713984490E0
3.055722929E1,-6.556365967E-1,8.208929443E-1,-1.063388672E0,1.494831108E0
3.056716829E1,-5.620811462E-1,9.165440369E-1,-7.047344971E-1,1.285550037E0
3.057710829E1,-4.074526978E-1,1.171763306E0,-3.888912964E-1,1.300108990E0
3.058704829E1,-3.158432007E-1,1.441203003E0,8.532257080E-2,1.477871092E0
3.059698829E1,-7.852670288E-1,1.558708649E0,1.255439301E0,2.149963906E0
3.060692829E1,-1.775158539E0,1.342408447E0,3.167563019E0,3.871266428E0
3.061686829E1,-2.366129608E0,7.764353943E-1,3.801494751E0,4.544533374E0
3.062680829E1,-2.545007629E0,2.139051819E-1,3.229234772E0,4.117132069E0
3.063674729E1,-2.874322815E0,-4.574487305E-1,2.969375153E0,4.157905697E0
3.064668729E1,-3.049009552E0,-1.687141571E0,5.098697205E0,6.175728225E0
3.065662729E1,-2.890489197E-1,-2.696642303E0,5.928870850E0,6.519734545E0
3.066656729E1,3.068169708E0,-1.974992981E0,1.236279144E0,3.852615833E0
3.067650729E1,3.203488312E0,-6.831793213E-1,-3.037633209E0,4.467246004E0
3.068644729E1,4.472249908E0,-1.328786774E0,-2.802921295E0,5.442707168E0
3.069638729E1,7.485633545E0,-2.221530304E0,-2.982697449E0,8.358611759E0
3.070632629E1,1.068792435E1,-2.269281006E0,-5.528303833E0,1.224514216E1
3.071626629E1,2.119547379E1,-3.621419220E0,-5.836512909E0,2.228065684E1
3.072620629E1,3.756767761E1,-5.205874329E0,-4.775519257E0,3.822613128E1
3.073614629E1,5.121075668E1,-8.162675629E0,-5.952671356E0,5.219775062E1
3.074608629E1,6.801765656E1,-1.253268814E1,-4.608616333E0,6.931600984E1
3.075602629E1,6.931276337E1,-1.170700516E1,7.872129822E-1,7.029888221E1
3.076596629E1,3.504407547E1,-5.205724640E0,2.278531769E1,4.212312306E1
3.077590529E1,1.440574310E1,-3.260819092E0,2.508812897E1,2.911309998E1
3.078584529E1,1.331825455E1,-3.319048004E0,2.693199463E0,1.398732666E1
3.079578529E1,1.002495300E1,-2.742447052E0,-2.672692108E0,1.073144825E1
3.080572529E1,6.486161957E0,-2.429897003E0,-2.726130981E0,7.443553352E0
3.081566529E1,3.025059357E0,-2.039658508E0,1.581461334E0,3.976457078E0
3.082560529E1,1.068777466E-1,-1.682201843E0,3.388653259E0,3.784732065E0
3.083554529E1,1.422042847E-2,-1.593735809E0,1.265917511E0,2.035372987E0
3.084548529E1,1.227297821E0,-1.039438477E0,-1.321751404E0,2.081758646E0
3.085542429E1,2.084714813E0,-3.429368591E-1,-2.993325348E0,3.663828350E0
3.086536429E1,1.998494110E0,2.644999695E-1,-4.044888611E0,4.519409565E0
3.087530429E1,1.186732178E0,6.137237549E-1,-4.293671265E0,4.496732485E0
3.088524429E1,2.154020691E-1,8.297245789E-1,-4.091292114E0,4.180133023E0
3.089518429E1,-5.806425476E-1,1.022074585E0,-3.340154114E0,3.540961978E0
3.090512429E1,-9.030720520E-1,1.160087585E0,-2.509381714E0,2.908322355E0
3.091506329E1,-1.044078827E0,1.176403656E0,-1.951042786E0,2.506111352E0
3.092500329E1,-1.151106262E0,1.212778015E0,-1.503024445E0,2.248323514E0
3.093494329E1,-1.179397430E0,1.184337158E0,-1.201551361E0,2.058484510E0
3.094488329E1,-1.160087585E0,1.078058167E0,-9.629475403E-1,1.853450993E0
3.095482329E1,-1.099613342E0,8.957373047E-1,-7.601193237E-1,1.609122807E0
3.096476329E1,-1.041534119E0,6.483018494E-1,-5.990542603E-1,1.365267232E0
3.097470329E1,-1.079255676E0,4.502636719E-1,-2.564167786E-1,1.197196623E0
3.098464158E1,-1.522933044E0,-1.242416382E-1,1.558708649E0,2.182735370E0
3.099458158E1,-2.394570465E0,-2.228266296E0,7.126081238E0,7.840929295E0
3.100452158E1,-1.391656036E0,-4.583618317E0,1.129715744E1,1.227077950E1
3.101446158E1,2.175725555E0,-5.020260315E0,8.918753357E0,1.046331481E1
3.102440158E1,3.996988220E0,-3.094065857E0,1.431922302E0,5.253528323E0
3.103434158E1,3.004552002E0,-9.605525208E-1,-3.260669403E0,4.536734380E0
3.104428158E1,4.924160156E0,-1.527723083E0,-2.393971710E0,5.684398967E0
3.105422158E1,8.536897430E0,-2.557880859E0,-2.791544952E0,9.338848722E0
3.106416058E1,1.520612869E1,-4.042044525E0,-3.871698761E0,1.620353434E1
3.107410058E1,2.806468918E1,-5.924529877E0,-2.597847748E0,2.880061885E1
3.108404058E1,4.140315170E1,-8.235574036E0,-5.908662872E0,4.262578970E1
3.109398058E1,5.480972260E1,-1.225860809E1,-7.104076996E0,5.661136876E1
3.110392058E1,6.911996429E1,-1.591789856E1,1.099598373E1,7.177646283E1
3.111386058E1,4.824692001E1,-1.276500504E1,2.572490479E1,5.614696226E1
3.112380058E1,2.718646545E1,-8.058192902E0,-7.661068726E-1,2.836591787E1
3.113373958E1,1.864447861E1,-5.214406586E0,-7.853568420E0,2.089222716E1
3.114367958E1,1.197749268E1,-3.700754242E0,-6.922803955E0,1.432065387E1
3.115361958E1,7.296726379E0,-2.115101624E0,-3.872746582E0,8.527252595E0
3.116355958E1,3.756588135E0,-5.321434021E-1,-8.228388977E-1,3.882292476E0
3.117349958E1,1.756597137E0,7.526348877E-1,9.780661011E-1,2.146789714E0
3.118343958E1,1.384171600E0,1.200653229E0,8.762777710E-1,2.031098699E0
3.119337958E1,1.059945831E0,1.211281128E0,8.771759033E-2,1.611949600E0
3.120331858E1,5.069956970E-1,1.291663971E0,-3.083587646E-1,1.421451926E0
3.121325858E1,2.088157654E-1,1.597927094E0,-3.453318787E-1,1.648098640E0
3.122319858E1,6.152206421E-2,1.768272858E0,-5.727090454E-1,1.859722967E0
3.123313858E1,-1.002914429E-2,1.760189667E0,-8.931925964E-1,1.973869616E0
3.124307858E1,-7.993377686E-2,1.857337646E0,-1.035546570E0,2.128015329E0
3.125301858E1,-2.290237427E-1,2.073039093E0,-1.093625793E0,2.354986270E0
3.126295858E1,-3.568579102E-1,2.307900696E0,-6.804849243E-1,2.432449983E0
3.127289758E1,-4.628375244E-1,2.726430359E0,5.724096680E-1,2.824056286E0
3.128283758E1,-7.535330200E-1,3.093766479E0,1.726958771E0,3.622373481E0
3.129277758E1,-1.172062683E0,2.950664062E0,1.969753876E0,3.736319001E0
3.130271758E1,-1.387614441E0,2.401755524E0,1.359922028E0,3.089221804E0
3.131265758E1,-1.336720276E0,1.685045929E0,4.757107544E-1,2.202839440E0
3.132259758E1,-1.176553345E0,9.975256348E-1,-5.688171387E-2,1.543557804E0
3.133253758E1,-1.199755096E0,3.195854187E-1,1.107696533E-1,1.246521980E0
3.134247658E1,-1.233884125E0,-7.226971436E-1,1.109792175E0,1.810082834E0
3.135241658E1,-3.854484558E-1,-1.763632507E0,2.125430145E0,2.788623932E0
3.136235658E1,2.373164978E0,-2.739303589E0,4.258644104E0,5.592114606E0
3.137229658E1,4.418661346E0,-2.673590240E0,3.476071472E0,6.225409685E0
3.138223658E1,3.744762726E0,-1.137933655E0,-2.936443634E0,4.892937982E0
3.139217658E1,4.959187317E0,-1.109343109E0,-3.799848175E0,6.345315369E0
3.140211658E1,9.561965790E0,-2.087858276E0,-3.473975830E0,1.038551154E1
3.141205658E1,1.960787521E1,-4.018842773E0,-2.074835358E0,2.012274359E1
3.142199558E1,3.168985062E1,-6.006409607E0,-2.357447662E0,3.234008578E1
3.143193558E1,4.120930481E1,-7.898025970E0,-5.024152222E0,4.225905492E1
3.144187558E1,5.704008453E1,-1.112800919E1,-5.002597046E-1,5.811758849E1
3.145181558E1,6.628500961E1,-1.198961746E1,8.760532379E0,6.792790556E1
3.146175558E1,4.067267075E1,-8.122708740E0,1.235545670E1,4.327703609E1
3.147169558E1,2.277947983E1,-6.151607666E0,3.129242706E0,2.380208264E1
3.148163558E1,1.711974930E1,-5.737119598E0,-1.508413239E0,1.811837928E1
3.149157458E1,1.238943604E1,-5.395080872E0,-2.833158417E0,1.380694787E1
3.150151458E1,8.396190033E0,-4.901407471E0,-2.188149719E0,9.965329972E0
3.151145458E1,5.536087646E0,-3.989653473E0,-6.478527832E-1,6.854583466E0
3.152139458E1,3.764970703E0,-2.610720978E0,2.201921082E-1,4.586867448E0
3.153133458E1,2.796484680E0,-1.359472961E0,2.432441711E-1,3.118919849E0
3.154127458E1,2.351310425E0,-4.932243347E-1,-2.430944824E-1,2.414751723E0
3.155121458E1,2.070344696E0,1.131646729E-1,-7.843688965E-1,2.216837380E0
3.156115358E1,1.547631683E0,5.971083069E-1,-8.946894836E-1,1.884720518E0
3.157109358E1,8.056246948E-1,9.789642334E-1,-4.766088867E-1,1.354458619E0
3.158103358E1,1.074765015E-1,1.245709534E0,6.122268677E-2,1.251835316E0
3.159097358E1,-2.670446777E-1,1.380130005E0,-1.933978271E-1,1.418969489E0
3.160091358E1,-2.743794250E-1,1.207538910E0,-1.326541443E0,1.814702865E0
3.161085358E1,-3.784130859E-1,1.011446686E0,-2.094145203E0,2.356197146E0
3.162079358E1,-8.351133728E-1,9.857002258E-1,-2.220332794E0,2.568831835E0
3.163073258E1,-1.231489105E0,1.064586182E0,-2.031275940E0,2.603073395E0
3.164067258E1,-1.332528992E0,1.123563538E0,-1.302890625E0,2.176132468E0
3.165061258E1,-1.433568878E0,1.191073151E0,-1.362167358E-1,1.868777669E0
3.166055258E1,-1.674867096E0,1.171314240E0,8.144563293E-1,2.200112713E0
3.167049258E1,-1.675465851E0,9.364526367E-1,8.056246948E-1,2.081624488E0
3.168043258E1,-1.362317047E0,6.334826660E-1,2.163002014E-1,1.517891235E0
3.169037258E1,-1.009650421E0,3.511697388E-1,-2.308200073E-1,1.093614207E0
3.170031258E1,-6.628216553E-1,8.996292114E-2,-1.998344421E-1,6.981115084E-1
3.171025158E1,4.954696655E-2,-2.423460388E-1,3.243754578E-1,4.079288443E-1
3.172019158E1,1.554217987E0,-9.262738037E-1,1.421893158E0,2.301164241E0
3.173013158E1,3.387006683E0,-1.564247131E0,1.770518188E0,4.129578431E0
3.174007158E1,3.089575195E0,-1.104553070E0,-6.825805664E-1,3.351332362E0
3.175001158E1,4.549638977E0,-1.507664795E0,-8.225395203E-1,4.863007220E0
3.175995158E1,9.191037140E0,-2.625390472E0,-3.299139404E-1,9.564344308E0
3.176989158E1,1.621458160E1,-4.058510284E0,-1.304237823E0,1.676559568E1
3.177983058E1,2.602892258E1,-5.785319366E0,-2.882855072E0,2.681950007E1
3.178977058E1,3.839470779E1,-8.014184418E0,-4.182602234E0,3.944458011E1
3.179971058E1,5.682483215E1,-1.166883453E1,4.049079895E-1,5.801195738E1
3.180965058E1,7.178217819E1,-1.496303421E1,1.057460999E1,7.408370857E1
3.181959058E1,4.841711609E1,-1.225726089E1,1.184397034E1,5.132969129E1
3.182953058E1,2.450643860E1,-8.356672211E0,3.049907684E0,2.607108437E1
3.183947058E1,1.783196823E1,-6.754703522E0,-1.687590637E0,1.914296406E1
3.184940958E1,1.237551498E1,-5.491929474E0,-1.840273132E0,1.366386716E1
3.185934958E1,7.728428650E0,-4.030967560E0,-1.182540894E-2,8.716504386E0
3.186928958E1,5.935756531E0,-2.242337036E0,6.427633667E-1,6.377650486E0
3.187922958E1,4.807103577E0,-8.506809998E-1,1.724414062E-1,4.884837663E0
3.188916958E1,3.426075439E0,-1.737886047E-1,-5.043013000E-1,3.467349881E0
3.189910958E1,1.851499786E0,2.237846375E-1,-5.677693176E-1,1.949485322E0
3.190904958E1,6.237528992E-1,5.635780334E-1,-7.467970276E-1,1.124452613E0
3.191898958E1,2.228865051E-1,8.831634521E-1,-1.012344818E0,1.361799584E0
3.192892858E1,5.987548828E-4,1.385369110E0,-9.439370728E-1,1.676384540E0
3.193886858E1,-2.408491516E-1,1.889071655E0,-8.255332947E-1,2.075597565E0
3.194880858E1,-1.829196167E-1,1.981728973E0,-1.345252533E0,2.402168539E0
3.195874858E1,-2.401007080E-1,1.811832275E0,-2.027384033E0,2.729591648E0
3.196868858E1,-4.782554626E-1,1.917512512E0,-2.179767151E0,2.942272481E0
3.197862858E1,-6.315367126E-1,2.247725830E0,-1.423240356E0,2.734359731E0
3.198856854E1,-7.029382324E-1,2.406994629E0,-5.596861267E-1,2.569239939E0
3.199850754E1,-7.023394775E-1,2.481389923E0,1.947450256E-1,2.586213896E0
3.200844754E1,-7.183561707E-1,2.387535095E0,5.141807556E-1,2.545730007E0
3.201838754E1,-7.491920471E-1,2.103126526E0,2.644999695E-1,2.248197087E0
3.202832754E1,-7.393125916E-1,1.671124878E0,-1.341210938E-1,1.832274525E0
3.203826754E1,-8.072712708E-1,1.207987976E0,-4.233197021E-1,1.513314715E0
3.204820754E1,-7.499404907E-1,7.728428650E-1,-6.783892822E-1,1.272756399E0
3.205814754E1,-5.272036743E-1,2.113604736E-1,-1.951940918E-1,6.005977835E-1
3.206808654E1,1.004411316E0,-8.602610779E-1,2.955753479E0,3.238112080E0
3.207802654E1,2.862647095E0,-9.068142700E-1,3.490142212E0,4.604145216E0
3.208796654E1,1.219514008E0,4.535568237E-2,-1.580114136E0,1.996505005E0
3.209790654E1,1.618434448E0,-1.763333130E-1,-1.697619781E0,2.352091925E0
3.210784654E1,4.125421143E0,-8.164022827E-1,-1.041234741E0,4.332410654E0
3.211778654E1,9.852661285E0,-2.153871002E0,-8.337661743E-2,1.008568522E1
3.212772654E1,1.613988693E1,-3.246149597E0,-1.759590912E0,1.655685953E1
3.213766654E1,2.720233246E1,-5.037175140E0,-2.043251038E0,2.774013157E1
3.214760554E1,4.047283630E1,-7.908953247E0,-2.691552887E0,4.132609922E1
3.215754554E1,6.402036896E1,-1.313802933E1,6.673721924E0,6.569439870E1
3.216748554E1,7.109001755E1,-1.696811462E1,1.569740707E1,7.475370290E1
3.217742554E1,4.057402588E1,-1.325643311E1,5.850284271E0,4.308376052E1
3.218736554E1,2.186323517E1,-8.712033234E0,-2.654280396E0,2.368429394E1
3.219730554E1,1.585757401E1,-7.249275055E0,-5.212460632E0,1.819847213E1
3.220724554E1,1.172466843E1,-6.187532959E0,-4.122127991E0,1.388327602E1
3.221718454E1,8.394393768E0,-5.032684479E0,-1.008003845E0,9.839198725E0
3.222712454E1,5.785319366E0,-3.678300934E0,9.610015869E-2,6.856314839E0
3.223706454E1,4.621040497E0,-1.798509979E0,-6.264472961E-1,4.998108606E0
3.224700454E1,3.951183472E0,-2.721340942E-1,-1.258582764E0,4.155711535E0
3.225694454E1,2.954406281E0,4.369413757E-1,-1.522034912E0,3.352017976E0
3.226688454E1,1.766626282E0,7.930508423E-1,-1.625170441E0,2.528057954E0
3.227682454E1,7.577243042E-1,1.056502991E0,-1.754950562E0,2.184077875E0
3.228676354E1,-8.741821289E-2,1.506167908E0,-1.591939545E0,2.193275000E0
3.229670354E1,-8.464897156E-1,2.042652283E0,-1.039288788E0,2.443173013E0
3.230664354E1,-1.362616425E0,2.777174835E0,-1.646575928E-3,3.093448932E0
3.231658354E1,-1.393302612E0,3.685485992E0,5.920188904E-1,3.984292351E0
3.232652354E1,-9.481283569E-1,4.307292938E0,6.153703308E-1,4.453133782E0
3.233646354E1,-5.402265930E-1,3.911216583E0,4.230203247E-1,3.970945244E0
3.234640354E1,-4.637356567E-1,3.419489136E0,5.801934814E-1,3.499225798E0
3.235634354E1,-6.153703308E-1,3.300935669E0,1.004411316E0,3.504810840E0
3.236628254E1,-9.334588623E-1,3.321892090E0,1.466799774E0,3.749375159E0
3.237622254E1,-1.613345032E0,3.228037262E0,1.845512238E0,4.053273020E0
3.238616254E1,-2.150577850E0,3.002007294E0,1.639839935E0,4.040557869E0
3.239610254E1,-2.204016724E0,2.603086853E0,6.819818115E-1,3.478340132E0
3.240604254E1,-1.952689362E0,1.878144379E0,-5.662724304E-1,2.767866781E0
3.241598254E1,-1.389560394E0,5.295986938E-1,6.346801758E-2,1.488415619E0
3.242592254E1,5.818400574E-1,-1.822460175E0,6.045178986E0,6.340669358E0
3.243586154E1,3.027304688E0,-3.657344513E0,1.094898148E1,1.193402438E1
3.244580154E1,3.651057587E0,-1.829196167E0,-8.616082764E-1,4.173553515E0
3.245574154E1,3.704945526E0,-6.135740662E-1,-5.698200531E0,6.824410874E0
3.246568154E1,9.106163635E0,-3.239263916E0,-6.349795532E-1,9.685981928E0
3.247562154E1,1.746268616E1,-6.430328064E0,3.089275818E0,1.886367281E1
3.248556154E1,2.505474838E1,-7.551795959E0,4.096082153E0,2.648675004E1
3.249550154E1,3.413486618E1,-8.347391510E0,3.665876770E-1,3.514260122E1
3.250544054E1,5.210140457E1,-1.250170258E1,3.151696014E0,5.367291788E1
3.251538054E1,6.241286179E1,-1.549383041E1,5.141807556E-1,6.430931876E1
3.252532054E1,5.712391022E1,-1.536419998E1,1.902992706E0,5.918463602E1
3.253526054E1,3.208383133E1,-9.597741394E0,7.958649902E0,3.442134484E1
3.254520054E1,1.683384384E1,-6.544690247E0,4.728067932E0,1.866991953E1
3.255514054E1,1.158740387E1,-5.333259430E0,-2.288740540E-1,1.275789826E1
3.256508054E1,8.646768951E0,-4.524640961E0,-2.055076447E0,9.973080182E0
3.257502054E1,6.800807648E0,-3.650758209E0,-2.261197815E0,8.043135938E0
3.258495954E1,5.234015808E0,-2.607577515E0,-2.183359680E0,6.241910082E0
3.259489954E1,3.669918365E0,-1.275048523E0,-2.021845551E0,4.379715627E0
3.260483954E1,2.999911652E0,1.676513672E-2,-1.973645782E0,3.590964865E0
3.261477954E1,2.536475372E0,7.524851990E-1,-2.309846649E0,3.512169249E0
3.262471954E1,1.741927643E0,1.211281128E0,-2.848127289E0,3.551526846E0
3.263465954E1,5.472619629E-1,1.686393127E0,-2.727178802E0,3.252832866E0
3.264459954E1,-8.452922058E-1,2.293081512E0,-1.697320404E0,2.975506392E0
3.265453854E1,-1.998194733E0,3.086282043E0,-3.472778320E-2,3.676836284E0
3.266447854E1,-2.358046417E0,3.887416077E0,8.946894836E-1,4.633881303E0
3.267441854E1,-1.776505737E0,4.224814453E0,3.917353821E-1,4.599835476E0
3.268435854E1,-1.389859772E0,4.088448029E0,-4.369413757E-1,4.340280548E0
3.269429854E1,-1.113684082E0,3.809128876E0,-6.215075684E-1,4.016967349E0
3.270423854E1,-1.202299805E0,4.021537170E0,2.782713318E-1,4.206628218E0
3.271417854E1,-1.542242889E0,4.122876434E0,2.103126526E0,4.878500221E0
3.272411854E1,-2.325114899E0,3.057691498E0,3.631897430E0,5.286427483E0
3.273405754E1,-2.643652496E0,1.590891724E0,3.447480927E0,4.626549442E0
3.274399754E1,-1.973196716E0,7.084767151E-1,1.702709198E0,2.700863408E0
3.275393754E1,-1.436562653E0,2.275268555E-2,9.153465271E-1,1.703551938E0
3.276387754E1,-1.346000977E0,-1.784139862E0,3.915258179E0,4.508228065E0
3.277381754E1,-6.122268677E-2,-4.445156250E0,9.185348969E0,1.020459690E1
3.278375754E1,2.673290863E0,-4.676874390E0,9.209448853E0,1.066928237E1
3.279369754E1,3.875141602E0,-2.096689911E0,7.414082336E-1,4.467943283E0
3.280363654E1,3.175795898E0,-6.586303711E-3,-5.589975586E0,6.429117359E0
3.281357654E1,4.271367645E0,-1.496887207E-1,-4.757257233E0,6.395192308E0
3.282351654E1,9.643695831E0,-1.212927704E0,-1.703906708E0,9.867895468E0
3.283345654E1,1.817595291E1,-2.751278687E0,-1.621128845E0,1.845434522E1
3.284339654E1,2.888079208E1,-4.507426758E0,-5.438340912E0,2.973201304E1
3.285333654E1,4.868790298E1,-8.893605652E0,-3.967499542E0,4.965228264E1
3.286327654E1,7.197931824E1,-1.428254929E1,6.317462769E0,7.365408206E1
3.287321554E1,7.108687408E1,-1.756911484E1,1.928125443E1,7.572175536E1
3.288315554E1,3.703508514E1,-1.353290817E1,8.757388916E0,4.039095191E1
3.289309554E1,1.982252884E1,-9.801018677E0,-1.194515991E0,2.214541680E1
3.290303554E1,1.275767029E1,-8.402327271E0,-1.587598572E0,1.535831123E1
3.291297554E1,7.866441650E0,-7.865543518E0,2.249821472E-1,1.112646826E1
3.292291554E1,6.276448059E0,-6.410718842E0,-1.401984558E0,9.080565897E0
3.293285554E1,5.277126160E0,-4.421505432E0,-2.686912537E0,7.390349773E0
3.294279554E1,3.908971252E0,-2.501298523E0,-3.282374268E0,5.684235339E0
3.295273454E1,3.213816833E0,-1.058448944E0,-3.309018860E0,4.732709438E0
3.296267454E1,2.380649414E0,-3.876937866E-1,-2.577639771E0,3.530159329E0
3.297261454E1,1.149759064E0,2.291734314E-1,-1.875300293E0,2.211609720E0
3.298255504E1,-7.514373779E-2,8.488847351E-1,-1.366957397E0,1.610845865E0
3.299249504E1,-1.096918945E0,1.395547943E0,-8.431965637E-1,1.965137573E0
3.300243504E1,-1.766626282E0,1.905387726E0,-5.243595886E-1,2.650740233E0
3.301237504E1,-1.706152039E0,2.396366730E0,-6.601272583E-1,3.014845979E0
3.302231404E1,-1.303040314E0,2.496209106E0,-1.104702759E0,3.024787951E0
3.303225404E1,-5.653742981E-1,2.477348328E0,-1.211879883E0,2.815236346E0
3.304219404E1,6.017486572E-2,2.861299896E0,-7.451504517E-1,2.957348019E0
3.305213404E1,1.998344421E-1,3.287164307E0,-1.145118713E-1,3.295223202E0
3.306207404E1,-1.230441284E-1,3.564986572E0,8.686436462E-1,3.671350011E0
3.307201404E1,-1.227447510E0,3.971241760E0,3.560944977E0,5.473364380E0
3.308195404E1,-4.664450226E0,3.307222595E0,1.065678909E1,1.209388155E1
3.309189304E1,-7.473059692E0,8.689430237E-1,1.414827850E1,1.602421504E1
3.310183304E1,-4.891378326E0,-9.472302246E-1,7.489525452E0,8.995322035E0
3.311177304E1,-2.651286621E0,-2.137854309E0,3.808829498E0,5.109493511E0
3.312171304E1,-7.042854309E-1,-2.453398132E0,5.237608337E-1,2.605668009E0
3.313165304E1,1.064885559E0,-1.938917999E0,-2.639311523E0,3.443740638E0
3.314159304E1,2.364632721E0,-1.427880707E0,-3.906127167E0,4.784157257E0
3.315153304E1,3.000211029E0,-1.334624634E0,-4.040397949E0,5.206467586E0
3.316147304E1,4.216132507E0,-1.438658295E0,-4.040847015E0,6.014478831E0
3.317141204E1,9.194779358E0,-2.573747864E0,-1.465602264E0,9.660027718E0
3.318135204E1,1.537797134E1,-3.568429413E0,-3.051853638E0,1.607885263E1
3.319129204E1,2.432142334E1,-4.713099060E0,-7.032525787E0,2.575269607E1
3.320123204E1,4.403572723E1,-9.533824310E0,-6.634653168E0,4.554182365E1
3.321117204E1,6.567817154E1,-1.528142212E1,-4.306694183E0,6.756990228E1
3.322111204E1,7.754369705E1,-1.521900192E1,1.206895248E1,7.993936819E1
3.323105204E1,4.974410660E1,-6.914271698E0,1.897978134E1,5.368906215E1
3.324099104E1,2.409449524E1,-3.265010376E0,-1.541793823E-2,2.431471224E1
3.325093104E1,1.576416824E1,-2.760559387E0,-4.476740570E0,1.661839026E1
3.326087104E1,1.031654663E1,-2.025887146E0,-4.482428741E0,1.142923972E1
3.327081104E1,4.987328796E0,-1.620081024E0,1.711989899E0,5.516250580E0
3.328075104E1,2.437082062E0,-1.682201843E0,6.580465851E0,7.216072535E0
3.329069104E1,3.084336090E0,-1.651365967E0,3.300336914E0,4.809611462E0
3.330063104E1,3.758534088E0,-1.392404480E0,-1.369651794E-1,4.010502236E0
3.331057104E1,4.057911530E0,-9.669891357E-1,-1.662143555E0,4.490482732E0
3.332051004E1,3.349883881E0,-4.504133606E-1,-2.405946808E0,4.148876264E0
3.333045004E1,2.461181946E0,8.412506104E-2,-2.737357635E0,3.682067411E0
3.334039004E1,1.051114197E0,7.312294006E-1,-2.017055511E0,2.389152659E0
3.335033004E1,-6.029461670E-1,1.536405029E0,-4.438270569E-1,1.709112913E0
3.336027004E1,-1.861379242E0,2.404599609E0,1.055455170E0,3.218822390E0
3.337021004E1,-2.278711395E0,2.737657013E0,1.162931671E0,3.746958982E0
3.338015004E1,-2.070644073E0,2.508184204E0,3.050656128E-1,3.266744543E0
3.339008904E1,-1.795516205E0,2.229613495E0,-2.088157654E-1,2.870306395E0
3.340002904E1,-1.647024994E0,1.998344421E0,-1.740879822E-1,2.595453406E0
3.340996904E1,-1.872456207E0,1.916165314E0,5.703140259E-1,2.739167729E0
3.341990904E1,-2.354603577E0,1.728156281E0,1.443897400E0,3.258146994E0
3.342984904E1,-2.280357971E0,1.310824127E0,1.021625519E0,2.821703576E0
3.343978904E1,-1.678459625E0,1.035247192E0,5.328918457E-2,1.972765369E0
3.344972904E1,-9.726773071E-1,7.920030212E-1,-4.584965515E-1,1.335510770E0
3.345966904E1,-5.236111450E-1,6.593788147E-1,-7.857160950E-1,1.151650483E0
3.346960804E1,-2.213896179E-1,4.499642944E-1,-3.953279114E-1,6.385650998E-1
3.347954804E1,1.167422333E0,2.829116821E-1,8.896000671E-1,1.494758242E0
3.348948804E1,3.247646484E0,1.689985657E-1,2.312091980E0,3.990180137E0
3.349942804E1,3.792962494E0,-1.628613281E-1,1.106648712E0,3.954460730E0
3.350936804E1,5.039869537E0,-1.241069183E0,2.082918549E0,5.592770990E0
3.351930804E1,9.840686188E0,-3.567082214E0,5.724994812E0,1.193058028E1
3.352924804E1,1.387913818E1,-4.261039124E0,1.105151825E0,1.456050451E1
3.353918704E1,1.916030594E1,-4.683460693E0,-3.449127502E0,2.002370116E1
3.354912704E1,3.286505676E1,-8.015531616E0,-4.391867065E0,3.411230276E1
3.355906704E1,5.046845032E1,-1.245559845E1,-4.349654846E0,5.216441227E1
3.356900704E1,6.520560425E1,-1.710193634E1,1.129551086E0,6.742049345E1
3.357894704E1,5.522555786E1,-1.769679932E1,9.568851471E0,5.877586125E1
3.358888704E1,2.994253418E1,-1.257145752E1,6.919361115E0,3.320353077E1
3.359882704E1,1.881063309E1,-9.322463837E0,-6.113287354E-1,2.100290389E1
3.360876704E1,1.242745697E1,-7.313641205E0,-3.845652924E0,1.492380919E1
3.361870604E1,7.771688690E0,-5.755980377E0,-3.364703064E0,1.023971103E1
3.362864604E1,4.764292603E0,-4.329746246E0,-2.046843567E0,6.755350113E0
3.363858604E1,3.311264191E0,-2.563419342E0,-1.042432251E0,4.315351001E0
3.364852604E1,2.399659882E0,-9.330097961E-1,-3.239263916E-1,2.594957251E0
3.365846604E1,1.513802032E0,1.392105103E-1,5.171745300E-1,1.605753921E0
3.366840604E1,1.014889526E0,7.268884277E-1,1.273551636E0,1.783339930E0
3.367834604E1,5.619314575E-1,1.186133423E0,1.510658569E0,2.001191838E0
3.368828504E1,4.101470947E-1,1.766775970E0,1.306483154E0,2.235311209E0
3.369822504E1,6.234535217E-1,2.223775635E0,9.633966064E-1,2.502399926E0
3.370816504E1,7.795788574E-1,2.549797668E0,6.749464417E-1,2.750411614E0
3.371810504E1,1.196911011E0,2.571502533E0,-6.376739502E-2,2.837126632E0
3.372804504E1,1.667232971E0,2.366878052E0,-1.031205597E0,3.073298306E0
3.373798504E1,1.635349274E0,2.595901794E0,-9.997709656E-1,3.226858435E0
3.374792504E1,1.292711792E0,3.311413879E0,-1.948947144E-1,3.560133369E0
3.375786504E1,8.858578491E-1,3.887416077E0,5.598358154E-1,4.026184797E0
3.376780404E1,4.596940613E-1,3.992796936E0,5.629792786E-1,4.058409993E0
3.377774404E1,2.197430420E-1,3.369942169E0,-3.200344849E-1,3.392229252E0
3.378768404E1,3.290158081E-1,2.808160400E0,-9.831555176E-1,2.993427969E0
3.379762404E1,4.191284180E-2,2.564317474E0,-6.137237549E-1,2.637069897E0
3.380756404E1,-1.080453186E0,2.158960419E0,1.414109344E0,2.797891066E0
3.381750404E1,-3.675905914E0,4.959187317E-1,6.531367950E0,7.511124216E0
3.382744404E1,-4.359085236E0,-1.475930786E0,8.493787079E0,9.660456238E0
3.383738304E1,-1.578766937E0,-2.119891663E0,4.334835663E0,5.077129694E0
3.384732304E1,2.157014465E0,-1.421444092E0,-7.038363647E-1,2.677424198E0
3.385726304E1,4.491110687E0,-6.107299805E-1,-3.397784271E0,5.664627461E0
3.386720304E1,6.920408936E0,-8.470884705E-1,-3.544030151E0,7.821110434E0
3.387714304E1,1.382539993E1,-2.310744781E0,-2.112407227E0,1.417545375E1
3.388708304E1,2.369168289E1,-3.731889496E0,-3.650458832E0,2.426002241E1
3.389702304E1,4.015834030E1,-7.048392792E0,-4.683311005E0,4.104029165E1
3.390696304E1,6.267317047E1,-1.145043869E1,7.274871826E-2,6.371062812E1
3.391690204E1,7.336139420E1,-1.338441696E1,1.007225464E1,7.524949893E1
3.392684204E1,4.610113220E1,-9.769284668E0,1.452758972E1,4.931332656E1
3.393678204E1,2.412338516E1,-6.564149780E0,3.896098022E0,2.530227962E1
3.394672204E1,1.823298431E1,-6.073021088E0,-8.614585876E-1,1.923708432E1
3.395666204E1,1.330702789E1,-6.379583588E0,-1.172062683E0,1.480370930E1
3.396660204E1,9.256750488E0,-6.556365967E0,-2.547702026E-1,1.134628892E1
3.397654204E1,6.793622589E0,-6.073170776E0,-1.272054749E0,9.200806185E0
3.398648071E1,5.170847168E0,-5.041366425E0,-2.718047791E0,7.716269802E0
3.399642071E1,4.286037140E0,-3.606450348E0,-3.543281708E0,6.628079943E0
3.400636071E1,3.717070312E0,-2.323168945E0,-3.676354980E0,5.720953732E0
3.401630071E1,2.922073517E0,-1.377734985E0,-3.602857819E0,4.839137505E0
3.402624071E1,1.734592896E0,-3.876937866E-1,-3.158282318E0,3.624067630E0
3.403618071E1,5.227130127E-1,3.347039795E-1,-2.735411682E0,2.804947899E0
3.404612071E1,-4.857398987E-1,7.222480774E-1,-2.586471405E0,2.728996127E0
3.405606071E1,-9.605525208E-1,9.921368408E-1,-2.497406616E0,2.853775826E0
3.406599971E1,-1.092278595E0,1.200054474E0,-2.070644073E0,2.630735667E0
3.407593971E1,-9.795629883E-1,1.423839111E0,-1.560205536E0,2.328326175E0
3.408587971E1,-6.207591248E-1,1.526675262E0,-1.129401398E0,1.997905595E0
3.409581971E1,-2.908451843E-1,1.705104218E0,-8.460406494E-1,1.925553451E0
3.410575971E1,-6.032455444E-2,1.921703796E0,-5.912704468E-1,2.011513180E0
3.411569971E1,-1.378633118E-1,2.089205475E0,-1.176553345E-1,2.097052357E0
3.412563971E1,-1.777403870E0,1.971400452E0,2.426005096E0,3.595981783E0
3.413557971E1,-2.987786865E0,1.148711243E0,4.272714844E0,5.338773268E0
3.414551871E1,-2.654280396E0,1.600172424E-1,4.217330017E0,4.985647642E0
3.415545871E1,-5.058131561E0,-1.770817566E0,9.870474243E0,1.123150709E1
3.416539871E1,-4.978796539E0,-2.954406281E0,9.027427368E0,1.072433571E1
3.417533871E1,-1.604513397E0,-2.746788025E0,3.526815948E0,4.749498756E0
3.418527871E1,1.853296051E0,-4.078867950E0,5.705086212E0,7.253956072E0
3.419521871E1,4.570894775E0,-2.600093079E0,2.010169830E0,5.629773158E0
3.420515871E1,2.729274445E0,3.308120728E-2,-4.417014771E0,5.192307083E0
3.421509771E1,2.944826202E0,-1.086740112E-1,-4.278403015E0,5.195049929E0
3.422503771E1,4.533173218E0,-3.245251465E-1,-4.937033386E0,6.710385581E0
3.423497771E1,8.558602295E0,-8.768765259E-1,-6.220015411E0,1.061636366E1
3.424491771E1,2.026411057E1,-2.370769958E0,-5.782026215E0,2.120581416E1
3.425485771E1,3.983441391E1,-4.077221375E0,-4.700375519E0,4.031746266E1
3.426479771E1,5.789016678E1,-6.801556091E0,-4.873715057E0,5.849175731E1
3.427473771E1,7.747379242E1,-1.258612701E1,7.934550018E0,7.888951888E1
3.428467771E1,5.630571167E1,-1.506182877E1,2.378553772E1,6.295191544E1
3.429461671E1,2.706551697E1,-1.067475174E1,1.043330383E-1,2.909473181E1
3.430455671E1,1.821906326E1,-7.547454987E0,-7.760911102E0,2.119268940E1
3.431449671E1,1.186477707E1,-6.344706116E0,-6.795269165E0,1.507328477E1
3.432443671E1,7.263495483E0,-5.789510651E0,-3.035687256E0,9.772010915E0
3.433437671E1,3.452270966E0,-4.810845795E0,1.271455994E0,6.056320040E0
3.434431671E1,2.428699493E0,-2.915187836E0,1.633702698E0,4.131087732E0
3.435425671E1,3.601510620E0,-1.208886108E0,2.448907471E-1,3.806869560E0
3.436419671E1,4.136947174E0,-4.599934387E-1,-3.026705933E-1,4.173432086E0
3.437413571E1,3.947890320E0,-2.769241333E-2,-5.460644531E-1,3.985572887E0
3.438407571E1,3.516038361E0,2.032772827E-1,-1.390757904E0,3.786562419E0
3.439401571E1,2.586621094E0,2.414479065E-1,-2.148482208E0,3.371184002E0
3.440395571E1,1.491348724E0,3.595523071E-1,-2.201172638E0,2.683013206E0
3.441389571E1,3.878434753E-1,5.966592407E-1,-1.691781921E0,1.835361240E0
3.442383571E1,-7.375163269E-1,8.946894836E-1,-9.548643494E-1,1.502053771E0
3.443377571E1,-1.516047363E0,1.280886383E0,-5.222639465E-1,2.052274144E0
3.444371471E1,-1.701511688E0,1.587299194E0,-2.788700867E-1,2.343593242E0
3.445365471E1,-1.490001526E0,1.703457642E0,-2.701881409E-1,2.279226649E0
3.446359471E1,-1.217268677E0,1.708996124E0,-4.233197021E-1,2.140469657E0
3.447353471E1,-1.111738129E0,1.722917175E0,-1.293310547E-1,2.054539311E0
3.448347471E1,-1.209185486E0,1.939965820E0,9.677375793E-1,2.482360358E0
3.449341471E1,-1.716330872E0,2.094743958E0,2.585423584E0,3.744083201E0
3.450335471E1,-2.211351471E0,1.368005219E0,3.570375366E0,4.416909990E0
3.451329471E1,-2.175575867E0,1.408570862E-1,3.020868073E0,3.725401318E0
3.452323371E1,-1.468146973E0,-7.232958984E-1,2.214644623E0,2.753772557E0
3.453317371E1,-5.828878784E-1,-1.871857452E0,3.796255646E0,4.272606409E0
3.454311371E1,8.403524780E-1,-4.084556122E0,8.876541138E0,9.807281661E0
3.455305371E1,3.511098633E0,-4.125421143E0,7.758067017E0,9.462268071E0
3.456299371E1,3.096011810E0,-7.033872986E-1,-2.556533661E0,4.076261422E0
3.457293371E1,2.889141998E0,8.981323242E-4,-4.559967499E0,5.398189130E0
3.458287371E1,4.842729492E0,-6.801855469E-1,-3.516487427E0,6.023318449E0
3.459281371E1,1.128338608E1,-2.149080963E0,-1.418450317E0,1.157347621E1
3.460275271E1,2.169408691E1,-4.245022430E0,-2.634222107E0,2.226191251E1
3.461269271E1,3.414474564E1,-6.478228455E0,-6.181695099E0,3.529935485E1
3.462263271E1,5.086108383E1,-1.015967285E1,-5.036277008E0,5.210981565E1
3.463257271E1,7.005072876E1,-1.494267654E1,2.899320831E0,7.168538375E1
3.464251271E1,5.889293152E1,-1.410696442E1,1.205278610E1,6.174668801E1
3.465245271E1,2.919199493E1,-8.728798370E0,9.938133545E0,3.204888434E1
3.466239271E1,1.855122253E1,-6.211932220E0,6.418652344E-1,1.957416538E1
3.467233171E1,1.286140457E1,-4.631668396E0,-1.665736084E0,1.377108407E1
3.468227171E1,8.479716339E0,-3.644770660E0,-3.691323853E-1,9.237218254E0
3.469221171E1,5.227429504E0,-2.812950439E0,1.534908142E0,6.131447823E0
3.470215171E1,3.892355804E0,-1.993105316E0,1.060544586E0,4.499739696E0
3.471209171E1,3.074606323E0,-1.410367126E0,-1.369651794E-1,3.385424484E0
3.472203171E1,2.355052643E0,-9.030720520E-1,-1.105750580E0,2.753996446E0
3.473197171E1,1.809886322E0,-4.176315308E-1,-1.628912659E0,2.470518376E0
3.474191171E1,1.114432526E0,-7.469467163E-2,-1.726060638E0,2.055924239E0
3.475185071E1,1.453477478E-1,2.618055725E-1,-1.355281677E0,1.387968498E0
3.476179071E1,-1.260977783E0,5.569917297E-1,-5.387297058E-1,1.480045422E0
3.477173071E1,-2.485431519E0,9.503736877E-1,2.444416809E-1,2.672139913E0
3.478167071E1,-2.854563904E0,1.511407013E0,2.978805542E-1,3.243704528E0
3.479161071E1,-2.253713379E0,1.842668152E0,-2.818638611E-1,2.924738817E0
3.480155071E1,-1.535057831E0,1.890718231E0,-1.183738403E0,2.707850546E0
3.481149071E1,-9.859996033E-1,1.721719666E0,-1.422042847E0,2.441048890E0
3.482143071E1,-4.644841003E-1,1.484762421E0,-1.354084167E0,2.062476390E0
3.483136971E1,-1.312770081E-1,1.203647003E0,-1.200353851E0,1.704948424E0
3.484130971E1,1.219963074E-1,1.109492798E0,-8.437953186E-1,1.399231184E0
3.485124971E1,2.492317200E-1,1.012943573E0,-4.760101318E-1,1.146628439E0
3.486118971E1,2.700384521E-1,9.348060608E-1,-8.367599487E-2,9.766190706E-1
3.487112971E1,2.339634705E-1,8.396040344E-1,3.442840576E-1,9.371261134E-1
3.488106971E1,1.121168518E-1,5.388793945E-1,1.055006104E0,1.189957591E0
3.489100971E1,1.032702484E0,-1.558409271E0,1.329116089E1,1.342199954E1
3.490094871E1,2.684966583E0,-3.382366333E0,1.594304626E1,1.651757161E1
3.491088871E1,2.188299408E0,-1.184037781E0,-1.401535492E0,2.855678816E0
3.492082871E1,3.431763611E0,-4.613406372E-1,-4.848866730E0,5.958300532E0
3.493076871E1,7.445516968E0,-1.125958557E0,-5.326074371E0,9.223371065E0
3.494070871E1,1.406325531E1,-2.325114899E0,-6.746919708E0,1.577029596E1
3.495064871E1,2.469594452E1,-4.476441193E0,-8.124954071E0,2.638073312E1
3.496058871E1,4.653717545E1,-9.062753906E0,1.066981201E0,4.742341885E1
3.497052871E1,6.252542770E1,-1.293205765E1,-2.739004211E0,6.390750636E1
3.498046771E1,6.381888794E1,-1.229513214E1,1.206865311E1,6.610350308E1
3.499040804E1,4.187721588E1,-7.823331299E0,1.704685089E1,4.588573687E1
3.500034804E1,2.507705200E1,-6.016887817E0,-8.854087830E-1,2.580398079E1
3.501028804E1,1.745520172E1,-5.107528839E0,-6.118676147E0,1.918877578E1