"Time (s)","Acceleration x (m/s^2)","Acceleration y (m/s^2)","Acceleration z (m/s^2)","Absolute acceleration (m/s^2)"
1.290666667E-3,3.263214111E-1,1.823208618E-1,3.707789612E-1,5.265012802E-1
1.123066666E-2,-2.674937439E-1,8.440946960E-1,1.164578247E-1,8.930908038E-1
2.117166665E-2,-9.406439209E-1,1.130898285E0,6.295907593E-1,1.600039512E0
3.111166667E-2,-1.706301727E0,1.043180695E0,1.042581940E0,2.255364416E0
4.105166666E-2,-1.989213409E0,9.827064514E-1,1.101409607E0,2.477051691E0
5.099166665E-2,-1.500479736E0,1.164428558E0,1.297202454E0,2.300014677E0
6.093166667E-2,-8.292755127E-2,1.496288452E0,1.567540283E0,2.168625982E0
7.087166666E-2,2.675685883E0,1.702110443E0,1.823657684E0,3.658169249E0
8.081166664E-2,6.481521606E0,1.583407288E0,1.817819824E0,6.915328617E0
9.075166666E-2,1.038225998E1,7.602690125E-1,1.746867371E0,1.055560879E1
1.006916667E-1,1.435200485E1,-5.456153870E-1,3.041375427E0,1.468086182E1
1.106316667E-1,1.902768173E1,-1.555565186E0,3.559897156E0,1.942022973E1
1.205716667E-1,2.542088699E1,-2.093995514E0,2.061063995E0,2.559012109E1
1.305116666E-1,3.207859222E1,-2.379302216E0,1.526675262E0,3.220291750E1
1.404526666E-1,3.621239594E1,-2.269879761E0,2.657872925E0,3.638068529E1
1.503926667E-1,3.717893600E1,-1.629511414E0,2.301314392E0,3.728571627E1
1.603326667E-1,3.368639877E1,-2.677781525E0,3.323838043E0,3.395573406E1
1.702726667E-1,2.731295242E1,-4.496948547E0,4.406386871E0,2.802920194E1
1.802126667E-1,2.197355576E1,-1.756148071E0,4.867727509E0,2.257467563E1
1.901526666E-1,2.453862167E1,2.181114349E0,5.387297058E0,2.521753721E1
2.000926667E-1,2.892509995E1,-1.202449493E0,6.846612396E0,2.974867044E1
2.100326667E-1,2.521746002E1,-6.492299194E0,9.580527191E0,2.774629237E1
2.199726667E-1,2.060914307E1,-4.886139221E0,9.082363129E0,2.304561682E1
2.299126667E-1,1.656889481E1,-3.587290192E0,2.297123108E0,1.710770881E1
2.398526667E-1,7.423213348E0,5.215454407E0,-1.028092072E1,1.371139642E1
2.497926667E-1,5.144651642E0,3.694916382E0,-8.037386169E0,1.023325090E1
2.597336667E-1,3.478765869E0,1.351090393E0,-4.793032837E0,6.074571672E0
2.696736667E-1,2.090702362E0,5.291496277E-1,-3.328179016E0,3.965830463E0
2.796136667E-1,1.319206696E0,1.203497314E-1,-3.023562469E0,3.301018081E0
2.895536667E-1,1.087787933E0,-3.472778320E-2,-2.922672272E0,3.118734008E0
2.994936667E-1,4.098477173E-1,-2.104623413E-1,-2.661615143E0,2.701196905E0
3.094336667E-1,-3.742218018E-2,-2.921923828E-1,-2.506837006E0,2.524085692E0
3.193735417E-1,-2.210902405E-1,-2.627037048E-1,-2.537373505E0,2.560499645E0
3.293135416E-1,-2.344125366E-1,-1.968406677E-1,-1.823208618E0,1.848725277E0
3.392535417E-1,2.570155334E-1,-6.167175293E-2,-1.215023346E0,1.243439633E0
3.491935417E-1,3.353027344E-1,-2.386038208E-1,-7.788304138E-1,8.808725904E-1
3.591335417E-1,1.998344421E-1,-4.213737488E-1,-2.942880249E-1,5.514481680E-1
3.690745417E-1,2.095642090E-2,-5.845344543E-1,1.871109009E-1,6.141092648E-1
3.790145417E-1,-3.005749512E-1,-6.104306030E-1,4.447251892E-1,8.128661122E-1
3.889545416E-1,-7.839198303E-1,-6.375242615E-1,5.471122742E-1,1.149042786E0
3.988945417E-1,-1.108145599E0,-6.101312256E-1,5.999523926E-1,1.400067732E0
4.088345417E-1,-1.220262451E0,-5.902226257E-1,7.488926697E-1,1.548626304E0
4.187745417E-1,-1.108444977E0,-5.466632080E-1,9.160949707E-1,1.538415069E0
4.287145417E-1,-7.927514648E-1,-1.806742859E-1,9.253756714E-1,1.231835304E0
4.386545416E-1,-3.251239014E-1,3.306623840E-1,9.202862549E-1,1.030519264E0
4.485945417E-1,4.225712585E-1,7.006929016E-1,9.782157898E-1,1.275320800E0
4.585345417E-1,1.584305420E0,8.530760193E-1,1.165476379E0,2.143851102E0
4.684745416E-1,3.400328979E0,8.539741516E-1,1.006806335E0,3.647624983E0
4.784145417E-1,5.677693176E0,6.036946106E-1,6.976991272E-1,5.752167510E0
4.883555417E-1,8.207133179E0,3.014730835E-1,1.160087585E-1,8.213487631E0
4.982955416E-1,1.113519424E1,1.639091492E-1,2.140548706E-1,1.113845755E1
5.082355417E-1,1.477427673E1,1.913021851E-1,2.659968567E-1,1.477790932E1
5.181755417E-1,2.011861313E1,6.885681152E-1,-8.116122437E-1,2.014674750E1
5.281155416E-1,2.683634354E1,8.315208435E-1,-1.382075958E0,2.688477069E1
5.380555417E-1,3.222438904E1,-4.802014160E-1,1.233734436E0,3.225157272E1
5.479955417E-1,3.395598816E1,-3.329376526E0,3.294798431E0,3.427753749E1
5.579355417E-1,3.310845062E1,-4.896168365E0,3.553310852E0,3.365661874E1
5.678755417E-1,2.905787384E1,-5.877527618E0,4.615651703E0,3.000349319E1
5.778155416E-1,2.287258621E1,-5.444328461E0,5.416785736E0,2.412752536E1
5.877555417E-1,1.684072952E1,-1.816322937E0,5.323529663E0,1.775525747E1
5.976965417E-1,2.034329590E1,1.415755920E0,5.035977631E0,2.100512136E1
6.076365417E-1,3.056074860E1,-2.103725281E0,5.125790863E0,3.105895598E1
6.175765417E-1,2.462095047E1,-4.993016968E0,7.514673157E0,2.622197043E1
6.275165417E-1,2.006756927E1,-3.854035492E0,7.804320831E0,2.187391940E1
6.374565416E-1,1.626382919E1,3.083587646E-1,3.267405396E0,1.659165945E1
6.473965417E-1,9.796677704E0,4.431833954E0,-8.654103699E0,1.380251995E1
6.573365417E-1,7.005432129E0,4.508175201E0,-8.108937378E0,1.162560056E1
6.672765417E-1,6.177054749E0,3.210823059E0,-4.315076752E0,8.190560265E0
6.772165417E-1,5.090464325E0,2.176623688E0,-2.774480438E0,6.192597147E0
6.871565417E-1,3.596720581E0,1.512305145E0,-2.331850891E0,4.545436653E0
6.970965417E-1,2.044298859E0,4.906796265E-1,-2.006876678E0,2.906454597E0
7.070365417E-1,1.015338593E0,-5.622308350E-1,-1.857637024E0,2.190395234E0
7.169775417E-1,2.098635864E-1,-8.057743835E-1,-2.518512726E0,2.652587686E0
7.269175417E-1,1.474433899E-1,-3.441343689E-1,-2.550246735E0,2.577581507E0
7.368575417E-1,1.437011719E-1,1.954934692E-1,-2.120191040E0,2.134028531E0
7.467975417E-1,1.216969299E-1,2.531236267E-1,-1.731748810E0,1.754376144E0
7.567375417E-1,9.879455566E-3,1.347198486E-2,-1.137185211E0,1.137307919E0
7.666775417E-1,1.788780212E-1,-5.463638306E-2,-6.168672180E-1,6.445988252E-1
7.766175416E-1,-8.981323242E-3,-3.983216858E-1,-3.143463135E-2,3.996610634E-1
7.865575417E-1,-5.309458923E-1,-5.611830139E-1,2.694396973E-1,8.181855940E-1
7.964975417E-1,-8.159532166E-1,-6.297404480E-1,5.026547241E-1,1.146740797E0
8.064375417E-1,-9.092092896E-1,-5.264552307E-1,6.656657410E-1,1.243755410E0
8.163775417E-1,-8.144563293E-1,-3.444337463E-1,7.816744995E-1,1.180249440E0
8.263175417E-1,-5.462141418E-1,-4.400848389E-2,5.270539856E-1,7.603108175E-1
8.362585416E-1,-1.821711731E-1,2.151026917E-1,2.282752991E-1,3.627190599E-1
8.461985417E-1,2.532733154E-1,3.486250305E-1,1.574725342E-1,4.587857705E-1
8.561385417E-1,7.759863281E-1,4.065545654E-1,2.392025757E-1,9.081075202E-1
8.660785417E-1,2.216291199E0,8.119116211E-1,5.769003296E-1,2.429806813E0
8.760185417E-1,4.954546967E0,1.045725403E0,8.785231018E-1,5.139346272E0
8.859585417E-1,7.697143707E0,5.020559692E-1,5.822891235E-1,7.735447115E0
8.958985417E-1,9.965975647E0,-3.451821899E-1,1.752854919E-1,9.973492184E0
9.058385417E-1,1.286933807E1,-9.316625977E-1,9.889933777E-1,1.294086417E1
9.157785416E-1,1.701496719E1,-8.469387817E-1,1.448837128E0,1.709753032E1
9.257185417E-1,2.263503021E1,-2.903961182E-1,1.844614105E0,2.271192471E1
9.356585417E-1,2.946203339E1,1.200503540E-1,2.606380005E0,2.957733998E1
9.455985417E-1,3.643079178E1,-7.451504517E-1,2.058369598E0,3.649650290E1
9.555395417E-1,3.884841431E1,-2.365530853E0,3.518433380E0,3.907907885E1
9.654795417E-1,3.350243134E1,-4.700974274E0,4.933740234E0,3.418850475E1
9.754195416E-1,2.422292816E1,-7.288194122E0,5.196144562E0,2.582378633E1
9.853595417E-1,1.739218277E1,-6.532565460E0,4.663552094E0,1.915492498E1
9.952995417E-1,1.952704330E1,-8.210426331E-1,5.285359039E0,2.024634662E1
1.005239542E0,3.093616791E1,-1.476230164E0,3.594026184E0,3.117920404E1
1.015179542E0,2.627261581E1,-4.009562073E0,4.619992676E0,2.697538252E1
1.025119542E0,1.939397003E1,-2.982847137E0,5.855523376E0,2.047707510E1
1.035059542E0,1.607477234E1,-9.722282410E-1,5.659580841E0,1.706969211E1
1.044999542E0,1.037342834E1,2.663112030E0,-3.812422028E0,1.136814598E1
1.054939542E0,5.124593353E0,5.010979614E0,-9.998907166E0,1.230241920E1
1.064880542E0,3.311413879E0,4.046834564E0,-7.014563141E0,8.749081548E0
1.074820542E0,2.634521484E0,2.747985535E0,-5.006339264E0,6.289321170E0
1.084760542E0,1.551972656E0,1.676813049E0,-4.608167267E0,5.143493627E0
1.094700542E0,7.806266785E-1,8.271798706E-1,-4.099075928E0,4.253942643E0
1.104640542E0,5.357359314E-1,-8.831634521E-3,-3.420836334E0,3.462544182E0
1.114580542E0,4.646337891E-1,-6.125262451E-1,-2.836152191E0,2.938508501E0
1.124520542E0,8.255332947E-1,-1.019829254E0,-2.463427277E0,2.791062679E0
1.134460542E0,1.110540619E0,-1.501527557E0,-1.640887756E0,2.486040647E0
1.144400542E0,1.588945770E0,-1.853894806E0,-4.242178345E-1,2.478232310E0
1.154340542E0,1.338067474E0,-1.840273132E0,7.982899475E-1,2.411285261E0
1.164280542E0,4.860392761E-1,-1.592837677E0,2.089355164E0,2.671847870E0
1.174221542E0,-5.700146484E-1,-1.312171326E0,2.851270752E0,3.190055672E0
1.184161542E0,-1.510059814E0,-1.031055908E0,2.550396423E0,3.138133019E0
1.194101542E0,-1.619631958E0,-6.589297485E-1,1.880689087E0,2.567953959E0
1.204041542E0,-1.842518463E0,-2.209405518E-1,8.183482361E-1,2.028147640E0
1.213981542E0,-1.615141296E0,1.938468933E-1,-2.975811768E-1,1.653726877E0
1.223921542E0,-1.023721161E0,4.337979126E-1,-1.350042572E0,1.748942706E0
1.233861542E0,-1.893562317E-1,7.515870667E-1,-2.295626221E0,2.422940083E0
1.243801542E0,7.259902954E-1,1.086440735E0,-3.270698547E0,3.522056838E0
1.253741542E0,1.682351532E0,1.304537201E0,-3.985162811E0,4.518146370E0
1.263681542E0,2.800975342E0,1.662143555E0,-3.801045685E0,5.005610089E0
1.273621542E0,4.502786407E0,2.017354889E0,-2.051633606E0,5.343594917E0
1.283561542E0,7.222031708E0,1.358125763E0,9.785151672E-1,7.413483628E0
1.293501542E0,1.018766464E1,1.793270874E-1,1.648970947E0,1.032181061E1
1.303442542E0,1.223600510E1,-1.532812500E-1,5.397775269E-1,1.224886426E1
1.313382542E0,1.410322220E1,1.700463867E-1,4.007167053E-1,1.410993856E1
1.323322458E0,1.635004990E1,2.709365845E-2,7.532336426E-1,1.636741356E1
1.333262458E0,1.920221878E1,-1.110690308E-1,9.108558655E-1,1.922413069E1
1.343202458E0,2.390513901E1,-2.152523804E-1,-8.692424011E-1,2.392190600E1
1.353142458E0,3.101984390E1,-1.464255066E0,-1.583107910E0,3.109470999E1
1.363082458E0,3.618350601E1,-3.417094116E0,4.168830872E-1,3.634689025E1
1.373022458E0,3.248230270E1,-5.032834167E0,9.226812744E-1,3.288283366E1
1.382962458E0,2.363465149E1,-3.197351074E0,1.574875031E0,2.390188353E1
1.392902458E0,1.949321365E1,-3.592529297E-2,3.330873413E0,1.977577778E1
1.402842458E0,2.507720169E1,-1.200802917E0,5.023553467E0,2.560359470E1
1.412783458E0,3.356380371E1,-5.173541565E0,6.049819336E0,3.449485130E1
1.422723458E0,2.763208878E1,-5.481451263E0,8.492589569E0,2.942282644E1
1.432663458E0,1.967179230E1,9.166937256E-1,-6.374943237E0,2.069926667E1
1.442603458E0,1.268058060E1,3.441194000E0,-1.104163879E1,1.716265503E1
1.452543458E0,1.070738388E1,1.373394012E0,-2.991978149E0,1.120206293E1
1.462483458E0,1.019350250E1,5.252577209E-1,-2.749781799E-1,1.021072975E1
1.472423458E0,9.007069702E0,8.978329468E-1,-4.314028931E-1,9.061981962E0
1.482363458E0,6.855593719E0,6.165678406E-1,-9.431886292E-1,6.947584180E0
1.492303458E0,4.725074158E0,4.939727783E-3,-1.154998169E0,4.864192735E0
1.502243458E0,2.682721252E0,-8.393046570E-1,-1.188079376E0,3.051713982E0
1.512183458E0,9.740245056E-1,-1.649420013E0,-1.380728760E0,2.361296683E0
1.522123458E0,-6.885681152E-3,-1.670526123E0,-1.407073975E0,2.184161649E0
1.532064458E0,-8.105644226E-1,-1.268911285E0,-1.567689972E0,2.173661055E0
1.542004458E0,-1.605860596E0,-7.981402588E-1,-1.805844727E0,2.544973733E0
1.551944458E0,-2.154020691E0,-5.637277222E-1,-1.688488770E0,2.794385157E0
1.561884458E0,-2.509531403E0,-4.939727783E-1,-1.457519073E0,2.943827239E0
1.571824458E0,-2.346071320E0,-3.957769775E-1,-1.504970398E0,2.815248826E0
1.581764458E0,-1.702110443E0,-3.031196594E-1,-1.233584747E0,2.123862711E0
1.591704458E0,-9.077124023E-1,-2.065704346E-1,-6.297404480E-1,1.123915558E0
1.601644458E0,-4.513114929E-1,3.173400879E-2,-2.007325745E-1,4.949572481E-1
1.611584458E0,-1.401086426E-1,3.694317627E-1,-4.805007935E-2,3.980189306E-1
1.621524458E0,-1.013392639E-1,7.363188171E-1,1.475930786E-1,7.577722374E-1
1.631464458E0,-3.435356140E-1,1.079555054E0,5.095404053E-1,1.242210633E0
1.641405458E0,-5.251080322E-1,1.479673004E0,6.357279968E-1,1.693906943E0
1.651345458E0,-3.631448364E-1,1.783690796E0,8.919950867E-1,2.027087137E0
1.661285458E0,1.489402771E-1,2.145937500E0,1.050216064E0,2.393780429E0
1.671225458E0,1.269360352E0,2.673889618E0,8.403524780E-1,3.076874011E0
1.681165458E0,3.375480652E0,3.157982941E0,1.269360352E-1,4.624158155E0
1.691105458E0,6.295159149E0,2.699636078E0,-3.514691162E-1,6.858614598E0
1.701045458E0,9.370962982E0,1.048419800E0,8.336164856E-1,9.466205562E0
1.710985458E0,1.345581848E1,-5.959107971E-1,1.869462433E0,1.359812673E1
1.720925458E0,1.927841034E1,-1.102457428E0,1.133143616E0,1.934312622E1
1.730865458E0,2.727313522E1,-7.108717346E-1,-4.305047607E-1,2.728579443E1
1.740805458E0,3.554837677E1,-1.157093811E0,-1.112187195E-1,3.556737728E1
1.750745458E0,4.007720901E1,-2.174078979E0,2.209405518E-1,4.013674272E1
1.760686458E0,3.490935562E1,-3.241658936E0,1.044228516E0,3.507508911E1
1.770626458E0,2.864203857E1,-3.616629181E0,2.547103271E0,2.898161685E1
1.780566458E0,2.743330215E1,-5.055437164E0,2.590812378E0,2.801527835E1
1.790506458E0,2.443877930E1,-4.820874939E0,2.941083984E0,2.508275790E1
1.800446458E0,1.741733047E1,-2.479743347E0,2.334395599E0,1.774716684E1
1.810386458E0,1.153351593E1,1.842518463E0,2.673590240E0,1.198185915E1
1.820326458E0,1.972597961E1,3.774101715E0,4.894372101E0,2.067155035E1
1.830266458E0,2.807202393E1,-5.064119110E0,1.107726471E1,3.060048403E1
1.840206458E0,2.055480606E1,-7.416926422E0,1.112247070E1,2.451979209E1
1.850146458E0,1.098550552E1,3.772455139E0,-1.137828873E1,1.625971106E1
1.860086458E0,4.101321259E0,7.436086578E0,-9.903555450E0,1.304594306E1
1.870027458E0,2.670895844E0,4.118535461E0,-4.801116028E0,6.866347942E0
1.879967458E0,1.406924286E0,2.000440063E0,-3.289858704E0,4.099312953E0
1.889907458E0,3.664379883E-1,1.025667114E0,-3.421884155E0,3.591038986E0
1.899847458E0,-6.286926270E-2,8.068222046E-1,-3.302582245E0,3.400288826E0
1.909787458E0,-6.215075684E-1,4.481680298E-1,-2.026785278E0,2.166791362E0
1.919727458E0,-1.890867920E0,5.897735596E-2,-1.792522430E0,2.606145906E0
1.929667458E0,-2.455044708E0,5.068460083E-1,-1.813329163E0,3.093913387E0
1.939607458E0,-1.604064331E0,-1.710942078E-1,-9.666897583E-1,1.880634120E0
1.949547458E0,-1.080153809E0,-4.939727783E-1,-6.240522766E-1,1.341708836E0
1.959487458E0,-4.011657715E-1,-1.080153809E0,2.975811768E-1,1.190050748E0
1.969427458E0,3.891906738E-2,-1.710642700E0,1.426982574E0,2.228024329E0
1.979368458E0,3.372486877E-1,-1.576371918E0,1.893861694E0,2.487045882E0
1.989308458E0,5.712121582E-1,-9.066645813E-1,1.363215179E0,1.733977975E0
1.999248458E0,5.875282288E-1,-5.224136353E-1,7.309300232E-1,1.073482242E0
2.009188458E0,6.054908752E-1,-1.951940918E-1,-2.430944824E-1,6.810395443E-1
2.019128458E0,1.384620667E-1,-4.176315308E-2,-9.168434143E-1,9.281798054E-1
2.029068458E0,-3.882925415E-1,2.278262329E-1,-1.334624634E0,1.408509426E0
2.039008458E0,-2.990780640E-1,7.484436035E-1,-2.618953857E0,2.740170583E0
2.048948458E0,-1.345701599E-1,1.474882965E0,-4.074077911E0,4.334916345E0
2.058888458E0,7.607180786E-1,2.377056885E0,-4.311334534E0,4.981635965E0
2.068828458E0,3.825295258E0,2.948568420E0,-1.566941528E0,5.077622011E0
2.078768458E0,9.420210571E0,2.582280121E0,1.218166809E0,9.843397188E0
2.088708458E0,1.571372314E1,1.055006104E0,8.316705322E-1,1.577104336E1
2.098649458E0,2.308963486E1,-1.368753662E0,4.556524658E-1,2.313465676E1
2.108589458E0,3.256088928E1,-2.520009613E0,-3.682342529E-1,3.266033612E1
2.118529458E0,3.951887009E1,-2.814896393E0,2.960842896E-1,3.962010097E1
2.128469458E0,3.610327286E1,-2.594105530E0,2.905458069E0,3.631277160E1
2.138409458E0,3.012470535E1,-1.290167084E0,3.422033844E0,3.034588472E1
2.148349458E0,2.746877838E1,-2.201322327E0,5.279371490E0,2.805800009E1
2.158289458E0,2.508079422E1,-4.408931580E0,5.100044403E0,2.597104868E1
2.168229458E0,1.710687607E1,-4.843028870E0,3.920796661E0,1.820639404E1
2.178169458E0,7.526348877E0,-6.722520447E-1,3.833528137E0,8.473121515E0
2.188109458E0,1.886541916E1,2.996319122E0,2.394420776E0,1.925136928E1
2.198049458E0,2.983745270E1,-5.313949585E-1,6.619085541E0,3.056743786E1
2.207989458E0,2.095342712E1,-3.786376190E0,1.102083206E1,2.397585227E1
2.217930458E0,1.462398926E1,-1.861229553E0,2.515668640E0,1.495506021E1
2.227870458E0,7.130571899E0,5.585185547E0,-1.176598251E1,1.484849143E1
2.237810458E0,3.536545715E0,7.113806763E0,-9.607920227E0,1.246697771E1
2.247750458E0,2.541564789E0,4.022734680E0,-5.778882751E0,7.485815369E0
2.257690458E0,1.048270111E0,1.024768982E0,-3.503913574E0,3.798214321E0
2.267630458E0,-1.531315613E-1,-3.830534363E-1,-2.816542969E0,2.846593316E0
2.277570458E0,-5.397775269E-1,-5.411247253E-1,-2.619552612E0,2.728778415E0
2.287510458E0,-1.156045990E0,-9.000782776E-1,-1.140478363E0,1.856683638E0
2.297450458E0,-1.990410919E0,-1.204096069E0,-5.855822754E-1,2.398851720E0
2.307390458E0,-2.107317810E0,-6.786886597E-1,-1.015039215E0,2.435510472E0
2.317331042E0,-8.752299500E-1,-1.710043945E0,-5.948629761E-1,2.011004655E0
2.327272042E0,-7.644602966E-1,-1.066981201E0,-5.983058167E-1,1.442504169E0
2.337212042E0,-7.035369873E-1,-3.011737061E-1,-5.987548828E-1,9.716878632E-1
2.347152042E0,-4.785548401E-1,4.790039063E-2,-2.435435486E-1,5.390942797E-1
2.357092042E0,-1.492396545E-1,9.909393311E-2,1.417552185E-1,2.284439188E-1
2.367032042E0,-2.778222656E-1,-7.933502197E-3,2.731819153E-1,3.897133698E-1
2.376972042E0,-1.170565796E-1,-1.083746338E-1,3.083587646E-2,1.624750915E-1
2.386912042E0,-1.516346741E-1,-1.972897339E-1,1.350192261E-1,2.831015805E-1
2.396852042E0,-1.927990723E-1,-9.415420532E-2,-5.703140259E-2,2.220114356E-1
2.406792042E0,5.119354248E-2,4.050576782E-1,-2.917433167E-1,5.018034120E-1
2.416732042E0,1.261726227E0,1.185834045E0,3.932322693E-1,1.775608930E0
2.426673042E0,4.102818146E0,1.888921967E0,3.168910217E-1,4.527865154E0
2.436613042E0,8.360863495E0,1.979783020E0,-1.135838013E0,8.666816438E0
2.446553042E0,1.331795517E1,1.168619843E0,-9.987231445E-1,1.340638095E1
2.456493042E0,1.807640991E1,-1.040336609E-1,1.106798401E0,1.811056104E1
2.466433042E0,2.371174118E1,-9.337582397E-1,1.983824615E0,2.381289849E1
2.476373042E0,3.026690964E1,-7.958949280E-1,1.076261902E0,3.029649497E1
2.486313042E0,3.496833298E1,-1.024170227E0,1.054856415E0,3.499922796E1
2.496253042E0,3.412019669E1,-1.249900818E0,1.816173248E0,3.419135211E1
2.506193042E0,3.170287354E1,-1.241518250E0,3.419938202E0,3.191096262E1
2.516133042E0,2.785482559E1,-3.491938477E0,5.633235626E0,2.863246910E1
2.526073042E0,2.275687683E1,-5.938301239E0,6.125561829E0,2.430352593E1
2.536013042E0,1.549472855E1,-4.667294312E0,4.563859406E0,1.681365700E1
2.545954042E0,8.306975555E0,9.976753235E-1,4.259841614E0,9.388687315E0
2.555894042E0,1.964754272E1,2.006577301E0,2.238145752E0,1.987615617E1
2.565834042E0,2.704545868E1,-2.156116333E0,4.972808990E0,2.758322864E1
2.575774042E0,1.951896011E1,-4.488565979E0,7.815248108E0,2.149918909E1
2.585714042E0,1.565459610E1,-2.055675201E0,6.156996460E0,1.694699929E1
2.595654042E0,8.565188599E0,3.670068054E0,-6.300997009E0,1.124875187E1
2.605594042E0,3.137325897E0,5.810317383E0,-1.057296341E1,1.246555884E1
2.615534042E0,1.851200409E0,4.098477173E0,-7.968828735E0,9.150228932E0
2.625474042E0,9.557624817E-1,1.808389435E0,-5.641767883E0,6.001108158E0
2.635414042E0,-1.278341675E-1,7.586224365E-1,-4.750670929E0,4.812558971E0
2.645354042E0,-1.192270660E0,4.709207153E-1,-4.551884308E0,4.728945591E0
2.655295042E0,-1.956581268E0,2.580633545E-1,-3.516936493E0,4.032821500E0
2.665235042E0,-2.506837006E0,-1.990859985E-1,-2.211351471E0,3.348722493E0
2.675175042E0,-2.010469208E0,-6.062393188E-1,-1.922302551E0,2.846885956E0
2.685115042E0,-7.144642639E-1,-5.602848816E-1,-1.663341064E0,1.895014995E0
2.695055042E0,5.882766724E-2,-5.071453857E-1,-1.009650421E0,1.131393437E0
2.704995042E0,4.454736328E-1,-5.529501343E-1,-3.653901672E-1,7.985678323E-1
2.714935042E0,3.564088440E-1,-4.938230896E-1,2.303709412E-1,6.511215543E-1
2.724875042E0,2.662962341E-1,-3.978726196E-1,5.783972168E-1,7.508392945E-1
2.734815042E0,2.142045593E-1,-3.347039795E-1,8.491841125E-1,9.375628001E-1
2.744755042E0,-3.113525391E-1,-1.240919495E-1,1.037342834E0,1.090146491E0
2.754695042E0,-7.099736023E-1,2.929408264E-1,1.385518799E0,1.584152513E0
2.764636042E0,-8.045768738E-1,9.774673462E-1,1.748963013E0,2.159087302E0
2.774576042E0,1.772314453E-1,1.793869629E0,1.901944885E0,2.620452934E0
2.784516042E0,2.605930939E0,2.112407227E0,1.689536591E0,3.756018402E0
2.794456042E0,6.489455109E0,1.377136230E0,7.429051208E-1,6.675435553E0
2.804396042E0,1.130224686E1,-5.210664368E-1,2.948867798E-2,1.131429025E1
2.814336042E0,1.723575806E1,-2.697839813E0,8.568182373E-1,1.746664916E1
2.824276042E0,2.557012665E1,-4.299958191E0,4.445755005E-2,2.592919192E1
2.834216042E0,3.508598831E1,-5.265749817E0,-5.423222351E-1,3.548307780E1
2.844156042E0,3.890335007E1,-6.238277435E0,1.516197052E0,3.942950171E1
2.854096042E0,3.315395599E1,-5.175188141E0,3.126697998E0,3.370079540E1
2.864036042E0,2.769585617E1,-3.414399719E0,4.709656219E0,2.830016672E1
2.873977042E0,2.490446091E1,-3.213517456E0,6.768624573E0,2.600717490E1
2.883917042E0,2.145653091E1,-3.434458008E0,6.131399689E0,2.257813728E1
2.893857042E0,1.317081116E1,4.013154602E-1,7.247478790E0,1.503852617E1
2.903797042E0,1.528321838E1,4.265380096E0,5.038522339E0,1.664803108E1
2.913737042E0,2.652723633E1,1.161584473E-1,3.793112183E0,2.679730322E1
2.923677042E0,2.205019638E1,-1.999541931E0,6.006708984E0,2.294100872E1
2.933617042E0,1.609498032E1,-2.219584351E0,6.853348389E0,1.763358529E1
2.943557042E0,1.288969574E1,-9.392967224E-1,3.789519653E0,1.346799888E1
2.953497042E0,7.762707367E0,2.816093903E0,-4.953648834E0,9.629571502E0
2.963437042E0,2.424957275E0,3.506757660E0,-8.588240662E0,9.588307710E0
2.973377042E0,-4.694238281E-1,1.717977448E0,-1.082204544E1,1.096761017E1
2.983318042E0,-1.140777740E0,3.388952637E-1,-9.239835663E0,9.316157305E0
2.993258042E0,-2.313738556E0,7.768844604E-2,-7.347021790E0,7.703126039E0
3.003198042E0,-3.062032471E0,-2.010319519E-1,-5.394931183E0,6.206588368E0
3.013138042E0,-3.307222595E0,-2.523751831E-1,-3.905378723E0,5.123806934E0
3.023078042E0,-3.112477570E0,-7.117698669E-1,-1.611548767E0,3.576481846E0
3.033018042E0,-2.061363373E0,-1.183139648E0,-4.790039062E-3,2.376775405E0
3.042958042E0,-3.266207886E-1,-1.215322723E0,9.087602234E-1,1.552267891E0
3.052898042E0,7.873626709E-1,-1.202748871E0,1.138981476E0,1.834072960E0
3.062838042E0,1.581161957E0,-1.249601440E0,7.946974182E-1,2.166361207E0
3.072778042E0,2.337688751E0,-9.867480469E-1,3.056643677E-1,2.555756466E0
3.082719042E0,1.786534882E0,-8.372090149E-1,-8.199948120E-1,2.136590113E0
3.092659042E0,6.053411865E-1,-7.065307617E-1,-1.208287354E0,1.524985901E0
3.102599042E0,-5.173242188E-1,-1.574725342E-1,-1.125060425E0,1.248271968E0
3.112539042E0,-6.048921204E-1,1.065334625E0,-4.932243347E-1,1.320644761E0
3.122479042E0,5.751040649E-1,3.024310913E0,3.158432007E-1,3.094666074E0
3.132419042E0,3.460653534E0,4.289180603E0,4.061054993E-1,5.526130183E0
3.142359042E0,6.968608704E0,3.634591827E0,1.466201019E0,7.995092898E0
3.152299042E0,1.012674133E1,1.231638794E0,3.772604828E0,1.087659742E1
3.162239042E0,1.381013168E1,-7.511380005E-1,4.047433319E0,1.441060935E1
3.172179042E0,1.922018143E1,-1.669478302E0,3.215613098E0,1.955869882E1
3.182120042E0,2.496972519E1,-2.524500275E0,1.856439514E0,2.516558454E1
3.192060042E0,2.868440048E1,-3.714824982E0,1.790576477E0,2.897931883E1
3.202000042E0,3.017784485E1,-5.187013550E0,3.299438782E0,3.079762532E1
3.211940042E0,2.922327988E1,-5.358407135E0,3.816613312E0,2.995461819E1
3.221880042E0,2.606335098E1,-5.223836975E0,4.005071411E0,2.688172863E1
3.231820042E0,2.351849304E1,-3.984713745E0,4.237837372E0,2.422718977E1
3.241760042E0,2.223835510E1,-1.368903351E0,4.925058289E0,2.281829383E1
3.251700042E0,2.898527481E1,-7.195536804E-1,4.100123749E0,2.928267283E1
3.261640042E0,2.966306534E1,-1.132544861E0,4.090393982E0,2.996517022E1
3.271580042E0,2.243130386E1,-1.648372192E0,7.057374115E0,2.357301536E1
3.281520042E0,1.894116165E1,-2.366728363E0,8.460855560E0,2.087953746E1
3.291461042E0,1.377824799E1,4.833448792E-1,4.256847839E0,1.442894637E1
3.301401042E0,8.119265900E0,4.029620361E0,-6.415508881E0,1.110491212E1
3.311341042E0,4.916675720E0,2.888842621E0,-6.753805389E0,8.839287249E0
3.321280792E0,3.612587585E0,1.219963074E0,-6.019282837E0,7.125367698E0
3.331220792E0,1.853445740E0,1.225950623E-1,-3.959266663E0,4.373337760E0
3.341160792E0,5.924679565E-1,-1.947450256E-1,-3.768263855E0,3.819523057E0
3.351100792E0,-2.727328491E-1,-3.379971313E-1,-3.229085083E0,3.258161405E0
3.361040792E0,-8.348139954E-1,-6.141728210E-1,-2.064806213E0,2.310313260E0
3.370980792E0,-1.182989960E0,-7.237449646E-1,-1.789828033E0,2.264234177E0
3.380920792E0,-1.158441010E0,-2.929408264E-1,-1.624871063E0,2.016929813E0
3.390860792E0,-8.301736450E-1,3.496728516E-1,-1.064735870E0,1.394676255E0
3.400801792E0,-4.281097412E-2,9.647438049E-1,-9.110055542E-1,1.327589736E0
3.410741792E0,4.899311829E-1,1.154100037E0,-9.139993286E-1,1.551571536E0
3.420681792E0,7.226971436E-1,9.000782776E-1,-6.530918884E-1,1.326258301E0
3.430621792E0,4.507127380E-1,2.222877502E-1,-3.493734741E-1,6.120585271E-1
3.440561792E0,2.377056885E-1,-3.089575195E-1,-1.827699280E-1,4.305387204E-1
3.450501792E0,1.199006653E-1,-5.234614563E-1,-2.312690735E-1,5.846994528E-1
3.460441792E0,4.939727783E-2,-5.466632080E-1,-4.117936707E-1,6.861885901E-1
3.470381792E0,-1.772314453E-1,-3.700305176E-1,-5.508544922E-1,6.868582392E-1
3.480321792E0,-2.558180237E-1,-8.068222046E-2,-3.736230469E-1,4.599420214E-1
3.490261792E0,1.387614441E-1,5.611830139E-1,1.121168518E-1,5.888559263E-1
3.500202792E0,1.878593445E0,1.557361450E0,1.993853760E-1,2.448314225E0
3.510142792E0,4.853806458E0,2.034718781E0,-2.998265076E-1,5.271566520E0
3.520082792E0,8.173602905E0,1.165775757E0,-4.564009094E-1,8.268924922E0
3.530022792E0,1.158006912E1,-4.980143738E-1,8.457412720E-1,1.162158756E1
3.539962792E0,1.600307144E1,-1.192120972E0,1.803898773E0,1.614848286E1
3.549902792E0,2.193014603E1,-5.315446472E-1,6.756948853E-1,2.194699087E1
3.559842792E0,2.826646957E1,1.395098877E-1,-2.447410583E-1,2.826787334E1
3.569782792E0,3.270024948E1,-7.568261719E-1,1.029858398E-1,3.270916856E1
3.579722792E0,3.430132004E1,-1.843117218E0,5.665718079E-1,3.435547469E1
3.589662792E0,3.147325104E1,-3.558549957E0,2.596650238E0,3.178004722E1
3.599602792E0,2.521476563E1,-5.245242462E0,3.878883820E0,2.604501322E1
3.609543792E0,1.860540985E1,-4.387077026E0,4.024980011E0,1.953479421E1
3.619483792E0,1.569815552E1,-7.180567932E-1,3.859274597E0,1.618152319E1
3.629423792E0,2.592698456E1,-4.328997803E-1,4.344266052E0,2.629198695E1
3.639363792E0,2.667108719E1,-2.638413391E0,9.661359100E0,2.848947133E1
3.649303792E0,2.190185486E1,-3.901337128E0,1.261576538E1,2.557477691E1
3.659243792E0,1.395802414E1,1.557361450E0,-7.132517853E0,1.575197205E1
3.669183792E0,7.774083710E0,4.401596832E0,-5.139861603E0,1.030672642E1
3.679123792E0,5.065765686E0,3.327580261E0,-5.090015259E0,7.914734848E0
3.689063792E0,3.810176697E0,1.776206360E0,-4.015399933E0,5.813414841E0
3.699003792E0,2.521356812E0,1.304836578E0,-3.073708191E0,4.184198933E0
3.708944792E0,1.097966766E0,6.822811890E-1,-3.383114777E0,3.621671469E0
3.718884792E0,-2.538720703E-1,-1.365161133E-1,-2.687062225E0,2.702478692E0
3.728824792E0,-1.161734161E0,-8.075706482E-1,-1.993105316E0,2.444231048E0
3.738764792E0,-1.939217377E0,-9.122030640E-1,-1.574425964E0,2.659228381E0
3.748704792E0,-2.134710846E0,-9.132508850E-1,-1.588496704E0,2.813243565E0
3.758644792E0,-1.564247131E0,-6.426136780E-1,-1.487905884E0,2.252484261E0
3.768584792E0,-6.655160522E-1,-3.379971313E-1,-1.643282776E0,1.804863418E0
3.778524792E0,-3.592529297E-3,1.416055298E-1,-1.321601715E0,1.329171218E0
3.788464792E0,4.070036316E-1,3.122506714E-1,-6.890171814E-1,8.590093796E-1
3.798404792E0,8.852590942E-1,3.260220337E-1,-1.824705505E-1,9.608691546E-1
3.808345792E0,1.222956848E0,1.603166199E-1,2.064207458E-1,1.250573627E0
3.818285792E0,1.516047363E0,-2.380050659E-2,4.549040222E-1,1.583004656E0
3.828225792E0,1.370400238E0,-3.378474426E-1,6.465055847E-1,1.552451989E0
3.838165792E0,6.381230164E-1,-5.837860107E-1,6.938072205E-1,1.108772091E0
3.848105792E0,1.246907043E-1,-3.760180664E-1,7.304809570E-1,8.309872361E-1
3.858045792E0,6.804849243E-1,7.003935242E-1,5.900729370E-1,1.140963142E0
3.867985792E0,3.214415588E0,1.469643860E0,4.559518433E-1,3.563735783E0
3.877925792E0,7.004833374E0,4.730163574E-1,8.861572266E-2,7.021345157E0
3.887865792E0,1.121991806E1,-1.835183716E0,7.854167175E-1,1.139611074E1
3.897805792E0,1.634885239E1,-3.613036652E0,2.349963226E0,1.690743432E1
3.907746792E0,2.341954880E1,-3.144061890E0,1.046773224E0,2.365282489E1
3.917686792E0,3.060011673E1,-1.388213196E0,-3.177891541E-1,3.063323799E1
3.927626792E0,3.469545044E1,-3.514691162E-1,1.538650360E0,3.473132961E1
3.937566792E0,3.367472305E1,3.053649902E-1,2.043400726E0,3.373804539E1
3.947506792E0,3.023936691E1,-8.428971863E-1,3.265908508E0,3.042689510E1
3.957446792E0,2.522284882E1,-2.922672272E0,4.851261749E0,2.585089662E1
3.967386792E0,2.177162567E1,-3.876039734E0,4.330045624E0,2.253390032E1
3.977326792E0,1.490076370E1,-2.888692932E0,3.043620758E0,1.548034021E1
3.987266792E0,1.325778030E1,1.968706055E0,2.957250366E0,1.372551900E1
3.997206792E0,2.333796844E1,-5.466632080E-1,4.344565430E0,2.374520711E1
4.007146792E0,2.373973297E1,-7.312443695E0,1.009231293E1,2.681233922E1
4.017087792E0,1.774200531E1,-4.602628784E0,3.171155548E0,1.860159057E1
4.027027792E0,9.935588837E0,3.048560486E0,-7.925269318E0,1.306979496E1
4.036967792E0,5.460644531E0,3.361858978E0,-5.523214417E0,8.463251856E0
4.046907792E0,2.816692657E0,2.723735962E0,-6.788982239E0,7.838544186E0
4.056847792E0,1.923200684E0,1.460213470E0,-4.962031403E0,5.518394684E0
4.066787792E0,1.135838013E0,7.720944214E-1,-4.226461029E0,4.444010645E0
4.076727792E0,6.496490479E-2,3.731739807E-1,-3.992048492E0,4.009978856E0
4.086667792E0,-3.432362366E-1,1.279838562E-1,-3.682641907E0,3.700816450E0
4.096607792E0,-1.063688049E0,-1.133143616E-1,-2.887196045E0,3.078989024E0
4.106547792E0,-1.290167084E0,-3.555107117E-1,-2.252665558E0,2.620194856E0
4.116488792E0,-1.115330658E0,-3.811074829E-1,-1.835034027E0,2.180952836E0
4.126428792E0,-8.048762512E-1,-4.773573303E-1,-1.190474396E0,1.514240763E0
4.136368792E0,-4.231700134E-1,-5.272036743E-1,-5.719606018E-1,8.855255527E-1
4.146308792E0,-6.631210327E-2,-4.077520752E-1,1.706451416E-1,4.469662339E-1
4.156248792E0,2.818638611E-1,-4.126918030E-1,6.827302551E-1,8.460983168E-1
4.166188792E0,7.342231750E-1,-2.240840149E-1,1.112037506E0,1.351267824E0
4.176128792E0,1.099164276E0,-1.335223389E-1,1.306632843E0,1.712682022E0
4.186068792E0,1.032253418E0,6.346801758E-2,1.398990784E0,1.739755880E0
4.196008792E0,4.808001709E-1,8.397537231E-2,1.586550751E0,1.659928900E0
4.205948792E0,3.171903992E-1,2.411485291E-1,1.984573059E0,2.024177015E0
4.215889792E0,1.162332916E0,6.342311096E-1,2.019600220E0,2.414964173E0
4.225829792E0,3.389701080E0,6.839277649E-1,1.973047028E0,3.981299433E0
4.235769792E0,6.509363708E0,-4.504133606E-1,2.013163605E0,6.828434358E0
4.245709792E0,1.084719315E1,-2.309247894E0,1.999841309E0,1.126914328E1
4.255649792E0,1.705613159E1,-3.293301544E0,2.206561432E0,1.751075022E1
4.265589792E0,2.460373627E1,-2.423161011E0,8.102650452E-1,2.473604813E1
4.275529792E0,3.259127609E1,-7.297325134E-1,8.725355530E-1,3.261111935E1
4.285469792E0,3.736305313E1,8.834628296E-1,1.672322388E0,3.741089291E1
4.295409792E0,3.531516174E1,8.611592102E-1,1.427731018E0,3.535449985E1
4.305349792E0,2.931459000E1,-1.307231598E0,3.749103699E0,2.958225515E1
4.315290792E0,2.327524887E1,-3.611090698E0,4.704566803E0,2.401895366E1
4.325230667E0,1.892798904E1,-3.824696503E0,3.560346222E0,1.963601634E1
4.335170667E0,1.446771423E1,-6.807843018E-1,3.650907898E0,1.493677846E1
4.345110667E0,2.122481277E1,3.652404785E-1,2.219135284E0,2.134363229E1
4.355050667E0,2.316148544E1,-2.323917389E0,2.703378296E0,2.343423253E1
4.364990667E0,1.931149155E1,-4.449497223E0,8.062833252E0,2.139488283E1
4.374930667E0,1.569875427E1,-4.524640961E0,7.753726044E0,1.808434486E1
4.384870667E0,8.360713806E0,1.664089508E0,-7.226372681E0,1.117547276E1
4.394810667E0,1.500030670E0,4.124822388E0,-9.329499207E0,1.031037377E1
4.404750667E0,6.942562866E-1,1.573378143E0,-9.100176086E0,9.261248046E0
4.414690667E0,2.255809021E-1,7.095245361E-1,-6.149062958E0,6.193971833E0
4.424631667E0,1.709445190E-1,7.089257812E-1,-3.378773804E0,3.456574924E0
4.434571667E0,-7.035369873E-2,9.258247375E-1,-1.987716522E0,2.193881961E0
4.444511667E0,-3.002755737E-1,6.493496704E-1,-9.306147766E-1,1.173824636E0
4.454451667E0,-5.896238708E-1,1.028361511E-1,-4.110452271E-1,7.260783441E-1
4.464391667E0,-7.569758606E-1,-5.388793945E-3,-3.083587646E-1,8.173901274E-1
4.474331667E0,-1.923500061E-1,1.167572021E-1,-3.308120728E-2,2.274316059E-1
4.484271667E0,2.784210205E-1,1.469943237E-1,3.802093506E-2,3.171296066E-1
4.494211667E0,4.183799744E-1,-1.945953369E-3,3.062631226E-1,5.185004242E-1
4.504151667E0,3.917353821E-1,-2.745291138E-1,6.771917725E-1,8.291028528E-1
4.514092667E0,4.278103638E-1,-2.052232361E-1,1.080153809E0,1.179775629E0
4.524032667E0,8.268804932E-1,5.837860107E-2,6.468049622E-1,1.051425732E0
4.533972667E0,9.310638428E-1,2.420466614E-1,-2.011816406E-1,9.828227298E-1
4.543912667E0,6.409671021E-1,3.025209045E-1,-7.628137207E-1,1.041269656E0
4.553852667E0,1.079255676E-1,4.793032837E-1,-8.321195984E-1,9.663346170E-1
4.563792667E0,5.912704468E-2,9.768685913E-1,9.490264893E-1,1.363238618E0
4.573732667E0,1.748663635E0,1.874102783E0,2.304607544E0,3.446926411E0
4.583672667E0,6.154451752E0,1.505569153E0,1.782493286E0,6.581891609E0
4.593612667E0,1.114163086E1,-1.464404755E0,2.333796844E0,1.147723953E1
4.603552667E0,1.584080887E1,-3.469185791E0,2.923720093E0,1.647770053E1
4.613492667E0,2.130025589E1,-2.101929016E0,1.898052979E0,2.148770839E1
4.623433667E0,2.710069382E1,1.236428833E-1,1.874102783E-1,2.710162385E1
4.633373667E0,3.077375565E1,1.246757355E0,1.735491028E0,3.084785843E1
4.643313667E0,3.147444855E1,1.076710968E0,2.704426117E0,3.160876680E1
4.653253667E0,3.093018036E1,1.131796417E0,1.806443481E0,3.100355235E1
4.663193667E0,2.686388626E1,-1.876647491E0,2.421065369E0,2.703796864E1
4.673133667E0,2.091540619E1,-4.579427032E0,3.789369965E0,2.174361269E1
4.683073667E0,1.745071106E1,-3.952380981E0,4.144431610E0,1.836640807E1
4.693013667E0,2.385229889E1,-2.082768860E0,2.765199738E0,2.410220774E1
4.702953667E0,2.785198151E1,-2.222129059E0,2.059267731E0,2.801626876E1
4.712893667E0,2.202804245E1,-2.662213898E0,5.708978119E0,2.291101194E1
4.722834667E0,1.729548386E1,-4.040697327E0,1.507500137E1,2.329628003E1
4.732774667E0,1.163246017E1,-1.044078827E0,5.070555725E0,1.273242968E1
4.742714667E0,5.324727173E0,3.429368591E0,-1.494731689E1,1.623377870E1
4.752654667E0,2.490970001E0,3.360062714E0,-1.180714691E1,1.252611956E1
4.762594667E0,2.387086029E0,2.140997772E0,-8.764873352E0,9.333008949E0
4.772534667E0,1.131796417E0,1.053209839E0,-4.467759247E0,4.727693601E0
4.782474667E0,2.713856506E-1,1.166524200E0,-1.341360626E0,1.798242812E0
4.792414667E0,-4.394860840E-1,1.821711731E0,1.755848694E-1,1.882182694E0
4.802354667E0,-8.393046570E-1,1.751358032E0,5.731581116E-1,2.024894438E0
4.812295667E0,-1.131646729E0,1.591789856E0,1.297801208E-1,1.957361015E0
4.822235667E0,-1.040635986E0,1.429976349E0,-2.034269714E-1,1.780207333E0
4.832175667E0,-5.798941040E-1,1.235231323E0,-2.785707092E-1,1.392722239E0
4.842115667E0,-2.231858826E-1,8.861572266E-1,-4.005670166E-1,9.977677601E-1
4.852055667E0,-3.523672485E-1,5.553451538E-1,2.665956116E-1,7.096788977E-1
4.861995667E0,-7.179071045E-1,3.418890381E-1,7.003935242E-1,1.059636642E0
4.871935667E0,-9.125024414E-1,5.658233643E-2,8.774752808E-1,1.267211559E0
4.881875667E0,-8.337661743E-1,-1.980381775E-1,6.421646118E-1,1.070869059E0
4.891815667E0,-5.583389282E-1,-4.966671753E-1,7.155120850E-2,7.506931578E-1
4.901755667E0,-1.401086426E-1,-7.679031372E-1,-1.219963074E-1,7.900561745E-1
4.911696667E0,1.305285645E-1,-1.041085052E0,4.016148376E-1,1.123472416E0
4.921636667E0,8.864566040E-1,-8.352630615E-1,9.960287476E-1,1.573385826E0
4.931576667E0,2.981050873E0,-1.341210938E-1,1.036444702E0,3.158935010E0
4.941516667E0,6.513704681E0,4.327500916E-1,2.776725769E-1,6.533966894E0
4.951456667E0,1.097113541E1,3.847000122E-2,-8.569679260E-1,1.100462112E1
4.961396667E0,1.602088440E1,-1.073717194E0,-6.098318481E-1,1.606840068E1
4.971336667E0,2.085508163E1,-1.557960205E0,2.053729248E-1,2.091420207E1
4.981276667E0,2.729693573E1,-2.340682526E0,9.991722107E-1,2.741532126E1
4.991216667E0,3.131113815E1,-2.646197205E0,9.377998352E-1,3.143674921E1
5.001156667E0,3.308809296E1,-1.228645020E0,1.005758514E0,3.312616812E1
5.011097667E0,3.189208008E1,1.996847534E-1,1.314117279E0,3.191976739E1
5.021037667E0,2.742506927E1,-1.059646454E0,3.868854675E0,2.771687774E1
5.030977667E0,2.263697617E1,-3.320844269E0,5.063520355E0,2.343288149E1
5.040917667E0,1.622461075E1,-3.789220276E0,4.027524719E0,1.714109505E1
5.050857667E0,1.310330154E1,-1.748364258E-1,3.773053894E0,1.363682569E1
5.060797667E0,2.347029327E1,3.079096985E-1,2.892884216E0,2.364991023E1
5.070737667E0,2.404973831E1,-1.981429596E0,4.744833069E0,2.459327991E1
5.080677667E0,1.833836517E1,-3.631598053E0,1.075618240E1,2.156802266E1
5.090617667E0,1.462773148E1,-2.390678558E0,1.227866638E1,1.924711719E1
5.100557667E0,8.309370575E0,2.908451843E0,-1.063209045E1,1.380384290E1
5.110498667E0,1.873054962E0,4.419858856E0,-1.270947052E1,1.358580613E1
5.120438667E0,2.995720367E0,2.536774750E0,-9.221274261E0,1.002204897E1
5.130378667E0,2.195334778E0,1.481918335E0,-6.084996185E0,6.636471601E0
5.140318667E0,1.557062073E0,5.074447632E-1,-3.658392334E0,4.008213686E0
5.150258667E0,8.164022827E-1,2.709365845E-2,-2.711611176E0,2.831974915E0
5.160198667E0,2.326162720E-1,-3.092568970E-1,-1.927391968E0,1.965856036E0
5.170138667E0,-3.354524231E-1,-5.566923523E-1,-1.608854370E0,1.735179267E0
5.180078667E0,-1.016985168E0,-4.721182251E-1,-1.356179810E0,1.759652843E0
5.190018667E0,-8.794212341E-1,-3.134481812E-1,-7.212002563E-1,1.179729324E0
5.199958667E0,-3.626957703E-1,-2.790197754E-1,1.136137390E-1,4.714958521E-1
5.209899667E0,-1.634600830E-1,-4.334985352E-1,1.066532135E0,1.162811667E0
5.219839667E0,-9.340576172E-2,-5.637277222E-1,1.523831177E0,1.627444327E0
5.229779667E0,5.089416504E-1,-1.046623535E0,1.697320404E0,2.057993922E0
5.239719667E0,7.822732544E-1,-1.718276825E0,1.853296051E0,2.645587448E0
5.249659667E0,4.984634399E-1,-2.178719330E0,1.760189667E0,2.844916762E0
5.259599667E0,1.312770081E-1,-1.977537689E0,9.782157898E-1,2.210157256E0
5.269539667E0,3.787124634E-2,-6.459068298E-1,3.632945251E-1,7.420328673E-1
5.279479667E0,1.182091827E0,1.485510864E0,8.216413879E-1,2.068617458E0
5.289419667E0,3.673510895E0,2.110760651E0,9.822573853E-1,4.349117426E0
5.299359667E0,7.586823120E0,3.712280273E-1,9.562115479E-1,7.655849778E0
5.309300667E0,1.246877106E1,-8.530760193E-1,1.434017944E0,1.257992042E1
5.319241167E0,1.872725647E1,5.882766724E-2,2.422113190E0,1.888333201E1
5.329181167E0,2.773088333E1,2.438129883E0,3.551813965E0,2.806353061E1
5.339121167E0,3.569492203E1,3.601211243E0,4.486320648E0,3.615554251E1
5.349061167E0,3.585329269E1,3.000360718E0,4.417613525E0,3.624880785E1
5.359001167E0,2.961127304E1,5.891748047E-1,3.759731598E0,2.985481870E1
5.368941167E0,2.397384613E1,-2.795736237E0,3.101550293E0,2.433477047E1
5.378881167E0,2.112691635E1,-3.150348816E0,3.037932587E0,2.157545658E1
5.388821167E0,1.950264404E1,-2.548450470E0,2.248174896E0,1.979651522E1
5.398761167E0,1.634780457E1,-1.087488556E0,1.258133698E0,1.643217106E1
5.408702167E0,1.894041321E1,-1.047970734E0,3.258723450E-1,1.897218195E1
5.418642167E0,2.218521561E1,-3.400478668E0,7.324269104E-1,2.245625739E1
5.428582167E0,1.776266235E1,-4.955445099E0,7.909552002E0,2.006563288E1
5.438522167E0,1.497321304E1,-6.304140472E0,1.636097717E1,2.305690504E1
5.448462167E0,8.267008667E0,5.385800171E-1,-4.861141205E0,9.605425266E0
5.458402167E0,1.357976074E0,7.526648254E0,-1.648447037E1,1.817229474E1
5.468342167E0,4.308041382E-1,3.852239227E0,-1.396446075E1,1.449246368E1
5.478282167E0,1.035097504E0,3.221450958E0,-9.736053772E0,1.030727491E1
5.488222167E0,1.640588379E-1,1.242416382E0,-5.575006714E0,5.714124047E0
5.498162167E0,-3.833528137E-1,6.134243774E-1,-2.943628693E0,3.031204171E0
5.508103167E0,-8.009843445E-1,3.315605164E-1,-2.092049561E0,2.264548445E0
5.518043167E0,-1.305884399E0,3.402424622E-1,-5.495072937E-1,1.457071468E0
5.527983167E0,-2.287842407E0,1.666035461E0,3.906875610E-1,2.857014842E0
5.537923167E0,-9.892927551E-1,4.158352661E-1,1.345851288E0,1.721317755E0
5.547863167E0,-2.209405518E-1,7.574249268E-1,1.892514496E0,2.050394685E0
5.557803167E0,-3.333567810E-1,1.080453186E0,7.882608032E-1,1.378354426E0
5.567743167E0,-5.554948425E-1,9.734257507E-1,6.414161682E-1,1.291335322E0
5.577683167E0,-5.626799011E-1,8.891510010E-1,1.038240967E0,1.478222743E0
5.587623167E0,-6.081852722E-1,1.639390869E0,1.796264648E-2,1.748660746E0
5.597563167E0,3.586541748E-1,-1.321751404E0,2.410587158E0,2.772470025E0
5.607504167E0,2.784210205E-2,-1.000519409E0,2.055675201E0,2.286397779E0
5.617444167E0,-7.963439941E-2,-7.194039917E-1,2.026336212E0,2.151725397E0
5.627384167E0,6.659651184E-1,-3.987707520E-1,2.617606659E0,2.730273296E0
5.637324167E0,3.246448975E0,-1.161584473E-1,2.527194672E0,4.115778983E0
5.647264167E0,7.918683014E0,2.805166626E-1,2.058818665E0,8.186755436E0
5.657204167E0,1.250304977E1,4.140390015E-1,1.476978607E0,1.259679117E1
5.667144167E0,2.228954865E1,-2.548450470E0,2.430795135E0,2.256606620E1
5.677084167E0,3.000495438E1,-3.149750061E0,8.854087830E-1,3.018281235E1
5.687024167E0,3.742996399E1,-3.983067169E0,3.388952637E-1,3.764281974E1
5.696964167E0,3.662718338E1,-3.899391174E0,1.483415222E0,3.686402494E1
5.706905167E0,3.050596252E1,-3.394191742E0,2.093995514E0,3.076555061E1
5.716845167E0,2.600257736E1,-4.306843872E0,3.488345947E0,2.658667883E1
5.726785167E0,2.229433868E1,-4.433480530E0,4.864733734E0,2.324562155E1
5.736725167E0,1.898277512E1,-2.686164093E0,4.236340485E0,1.963435279E1
5.746665167E0,1.986968079E1,2.477348328E-1,4.610262909E0,2.039902231E1
5.756605167E0,2.526805481E1,4.842430115E-1,2.949616241E0,2.544423945E1
5.766545167E0,2.081032471E1,-7.926017761E-1,3.450025635E0,2.110925174E1
5.776485167E0,1.618165009E1,-1.349743195E0,7.338190155E0,1.781899663E1
5.786425167E0,1.361927856E1,-3.750750275E0,1.423524765E1,2.005480371E1
5.796366167E0,8.085436249E0,-7.515870667E-1,5.346881104E0,9.722566533E0
5.806306167E0,2.251617737E0,1.983974304E0,-1.687156540E1,1.713638397E1
5.816246167E0,-9.196875000E-1,3.545077972E0,-1.329400497E1,1.378927015E1
5.826186167E0,7.030879211E-1,3.989054718E0,-1.052566177E1,1.127814018E1
5.836126167E0,-3.984713745E-1,4.357288971E0,-6.393504639E0,7.747363950E0
5.846066167E0,-8.900491333E-1,4.490960999E0,-3.556753693E0,5.797535250E0
5.856006167E0,-1.214274902E0,3.324586487E0,-2.341281281E0,4.243693778E0
5.865946167E0,-1.494941254E0,1.469045105E0,-8.931925964E-1,2.278318653E0
5.875886167E0,-9.981243896E-1,-3.995191956E-1,-8.261320496E-1,1.355862105E0
5.885826167E0,7.454498291E-2,-2.174378357E0,-5.614823914E-1,2.246940291E0
5.895767167E0,1.019679565E0,-3.089275818E0,-1.243913269E-1,3.255586690E0
5.905707167E0,1.101858673E0,-2.795736237E0,1.200503540E-1,3.007431749E0
5.915647167E0,5.086422729E-1,-1.881736908E0,2.920426941E-1,1.971025035E0
5.925587167E0,2.192939758E-1,-9.735754395E-1,1.648072815E-1,1.011484268E0
5.935527167E0,-2.053729248E-1,-5.297483826E-1,4.363426208E-1,7.163841636E-1
5.945467167E0,-7.961943054E-1,-3.171903992E-1,5.177732849E-1,1.001311288E0
5.955407167E0,-1.082698517E0,-3.323089600E-1,3.466790771E-1,1.184420409E0
5.965347167E0,-7.584727478E-1,-2.674937439E-1,7.053332520E-1,1.069733055E0
5.975287167E0,5.255570984E-1,-3.450325012E-1,1.496587830E0,1.623278418E0
5.985227167E0,3.071762238E0,-5.980064392E-1,1.676214294E0,3.550074549E0
5.995168167E0,6.979535980E0,-8.264314270E-1,2.098486176E0,7.334886204E0
6.005108167E0,1.241802658E1,-9.107061768E-1,1.861079865E0,1.258969373E1
6.015048167E0,1.890014694E1,-2.773731995E-1,1.308429108E0,1.894741347E1
6.024988167E0,2.730861145E1,1.850152588E0,1.960922241E-2,2.737122044E1
6.034928167E0,3.641462540E1,3.611689453E0,-2.878514099E-1,3.659442720E1
6.044868167E0,3.979744080E1,2.101779327E0,5.108876038E-1,3.985617614E1
6.054808167E0,3.436867996E1,-1.852996674E0,1.191073151E0,3.443919880E1
6.064748167E0,2.618160507E1,-5.537883911E0,2.625689850E0,2.688938172E1
6.074688167E0,2.029704208E1,-6.253994751E0,3.119962006E0,2.146663762E1
6.084628167E0,1.750923935E1,-4.056264954E0,3.449726257E0,1.830102072E1
6.094569167E0,1.889161469E1,-1.210981750E0,3.800147552E0,1.930804764E1
6.104509167E0,2.562087112E1,-1.229692841E0,3.473227386E0,2.588444495E1
6.114449167E0,2.244342865E1,-2.563269653E0,6.258186035E0,2.344019482E1
6.124389167E0,1.862352219E1,-4.227658539E0,1.163350800E1,2.236173481E1
6.134329167E0,1.299118469E1,-1.686842194E0,7.696994019E0,1.519407889E1
6.144269167E0,4.891827393E0,4.140689392E0,-1.009994705E1,1.196178140E1
6.154209167E0,1.801803131E0,3.877985687E0,-8.392896881E0,9.419447201E0
6.164149167E0,8.261320496E-1,2.714006195E0,-6.762038269E0,7.333040661E0
6.174089167E0,-1.383123779E-1,1.500629425E0,-3.722908173E0,4.016349617E0
6.184030167E0,-2.071691895E-1,8.584648132E-1,-2.443368988E0,2.598063302E0
6.193970167E0,-1.071172485E0,7.346722412E-1,-2.268233185E0,2.613816286E0
6.203910167E0,-1.265767822E0,6.551875305E-1,-2.817291412E0,3.157304195E0
6.213850167E0,-1.152752838E0,5.598358154E-1,-3.017125854E0,3.278003000E0
6.223790167E0,-7.964936829E-1,3.112028503E-1,-2.903212738E0,3.026531613E0
6.233730167E0,1.996847534E-1,1.077758789E-2,-2.378853149E0,2.387243696E0
6.243670167E0,6.418652344E-1,-3.776646423E-1,-1.466949463E0,1.645163301E0
6.253610167E0,8.309220886E-1,-6.375242615E-1,-7.206015015E-1,1.271273073E0
6.263550167E0,1.015937347E0,-7.807763672E-1,-4.219725037E-1,1.349000083E0
6.273490167E0,8.982820129E-1,-1.029559021E0,-1.715432739E-1,1.377072782E0
6.283431167E0,6.520440674E-1,-1.235081635E0,8.622070312E-2,1.399293436E0
6.293371167E0,7.430548096E-1,-1.274300079E0,5.046006775E-1,1.559035916E0
6.303311167E0,2.368075562E-1,-1.160237274E0,8.509803772E-1,1.458216703E0
6.313251167E0,-1.890568542E-1,-7.610174561E-1,9.728269958E-1,1.249512876E0
6.323190667E0,5.002597046E-1,9.445358276E-2,9.069639587E-1,1.040079263E0
6.333130667E0,2.853366394E0,1.071172485E0,1.085692291E0,3.235403842E0
6.343070667E0,6.956184540E0,1.111438751E0,9.357041931E-1,7.106288890E0
6.353010667E0,1.304821609E1,-2.469863892E-2,1.430425415E0,1.312641117E1
6.362950667E0,2.170875641E1,-1.278940430E0,1.803749084E0,2.182107477E1
6.372891667E0,3.182217545E1,-2.069745941E0,1.776954803E0,3.193888330E1
6.382831667E0,3.836536880E1,-2.088606720E0,1.264270935E0,3.844297312E1
6.392771667E0,3.484918076E1,-1.704355774E0,1.353784790E0,3.491708695E1
6.402711667E0,2.818473953E1,-2.062560883E0,2.125280457E0,2.833991032E1
6.412651667E0,2.307316910E1,-3.214415588E0,3.961212616E0,2.363037886E1
6.422591667E0,2.015408936E1,-2.613115997E0,6.040538635E0,2.120150466E1
6.432531667E0,1.776490768E1,-6.427633667E-1,5.522765350E0,1.861467236E1
6.442471667E0,2.448787720E1,5.177732849E-1,3.854484558E0,2.479478312E1
6.452411667E0,2.661884583E1,8.952882385E-1,4.587360535E0,2.702606836E1
6.462351667E0,1.913081726E1,-1.443598022E0,6.892866211E0,2.038587131E1
6.472292667E0,1.646935181E1,-4.923411713E0,1.068208649E1,2.023824359E1
6.482232667E0,1.085422852E1,2.737806702E-1,-6.819818115E-1,1.087907771E1
6.492172667E0,4.345313873E0,5.079686737E0,-7.877219238E0,1.033128999E1
6.502112667E0,1.186582489E0,3.920197906E0,-8.394842834E0,9.340734224E0
6.512052667E0,4.285588074E-1,2.231110382E0,-6.490203552E0,6.876355018E0
6.521992667E0,-5.056484985E-1,1.205742645E0,-4.360582123E0,4.552380935E0
6.531932667E0,-9.451345825E-1,5.513035583E-1,-3.174748077E0,3.358011368E0
6.541872667E0,-1.517693939E0,5.313949585E-2,-2.579286346E0,2.993148302E0
6.551812667E0,-1.574575653E0,-6.327342224E-1,-2.533331909E0,3.049165729E0
6.561753667E0,-1.140029297E0,-1.017434235E0,-2.644550629E0,3.054257233E0
6.571693667E0,-5.315446472E-1,-1.342258759E0,-2.194137268E0,2.626487510E0
6.581633667E0,1.592687988E-1,-9.428892517E-1,-2.199076996E0,2.397987974E0
6.591573667E0,5.291496277E-1,-7.927514648E-1,-1.757644958E0,1.999442426E0
6.601513667E0,1.223405914E0,-1.529968414E0,-2.116598511E-1,1.970361711E0
6.611453667E0,8.184979248E-1,-9.834548950E-1,-3.246748352E-1,1.320051564E0
6.621393667E0,8.135581970E-1,-8.666976929E-1,2.110610962E-1,1.207306348E0
6.631333667E0,5.448669434E-1,-6.637197876E-1,5.025050354E-1,9.949448492E-1
6.641273667E0,1.425036621E-1,-5.111869812E-1,6.861730957E-1,8.674404537E-1
6.651214667E0,-2.646496582E-1,-3.770658875E-1,9.825567627E-1,1.085189346E0
6.661154667E0,-4.409829712E-1,-1.754351807E-1,1.231040039E0,1.319357064E0
6.671094667E0,4.296066284E-1,4.505630493E-2,1.272054749E0,1.343396892E0
6.681034667E0,2.475701752E0,2.814147949E-1,1.063987427E0,2.709310372E0
6.690974667E0,6.324348450E0,8.981323242E-3,4.969665527E-1,6.343850545E0
6.700914667E0,1.091679840E1,-1.285227356E0,1.316661987E0,1.107076761E1
6.710854667E0,1.549023788E1,-2.546205139E0,3.489094391E0,1.608118186E1
6.720794667E0,2.091585526E1,-2.185305634E0,3.493135986E0,2.131784606E1
6.730734667E0,2.839684845E1,-2.719844055E-1,1.047821045E0,2.841747537E1
6.740674667E0,3.453243942E1,1.832639008E0,7.219487000E-1,3.458856962E1
6.750615667E0,3.510170563E1,2.179617462E0,1.402733002E0,3.519727447E1
6.760555667E0,2.997666321E1,-1.407073975E-1,3.569626923E0,3.018877891E1
6.770495667E0,2.444162338E1,-1.513652344E0,5.484594727E0,2.509511658E1
6.780435667E0,2.055196198E1,-8.020321655E-1,5.004393311E0,2.116767226E1
6.790375667E0,1.880389709E1,4.405339050E-1,4.081712036E0,1.924684362E1
6.800315667E0,2.327734451E1,-2.176473999E-1,2.861599274E0,2.345359010E1
6.810255667E0,2.430495758E1,-3.180585938E0,4.878355408E0,2.499290782E1
6.820195667E0,2.147733765E1,-7.910001068E0,1.215292786E1,2.591404648E1
6.830135667E0,1.598900070E1,-3.896397400E0,3.875440979E0,1.690707245E1
6.840076667E0,9.519005127E0,3.845802612E0,-6.121071167E0,1.195278915E1
6.850016667E0,4.766837311E0,3.117566986E0,-7.001689911E0,9.025830902E0
6.859956667E0,4.056264954E0,2.148482208E0,-7.392527161E0,8.701650360E0
6.869896667E0,3.124452667E0,1.438508606E0,-4.509672089E0,5.671741692E0
6.879836667E0,1.492246857E0,1.024469604E0,-2.328857117E0,2.949561683E0
6.889776667E0,3.561094666E-1,7.521858215E-1,-1.172362061E0,1.437717032E0
6.899716667E0,-7.210505676E-1,5.281018066E-1,-1.344055023E0,1.614090872E0
6.909656667E0,-1.446891174E0,2.154020691E-1,-1.441502380E0,2.053733487E0
6.919596667E0,-1.383123779E0,2.278262329E-1,-1.248403931E0,1.877085122E0
6.929536667E0,-9.686357117E-1,-8.143066406E-2,-1.221909027E0,1.561392893E0
6.939477667E0,-4.209246826E-1,-5.213658142E-1,-1.023272095E0,1.223145813E0
6.949417667E0,1.377136230E-1,-9.318122864E-1,-4.460723877E-1,1.042218669E0
6.959357667E0,4.402345276E-1,-1.232686615E0,7.035369873E-2,1.310828888E0
6.969297667E0,-6.316864014E-2,-7.063810730E-1,3.682342529E-2,7.101552380E-1
6.979237667E0,6.741979980E-1,-2.015408936E0,9.568103027E-1,2.330644133E0
6.989177667E0,2.983296204E-1,-2.355801086E0,1.511856079E0,2.815050288E0
6.999117667E0,-4.117936707E-1,-1.550026703E0,5.162763977E-1,1.684843650E0
7.009057667E0,-8.948391724E-1,-9.566606140E-1,1.429527283E-1,1.317714748E0
7.018997667E0,-2.627037048E-1,1.342707825E-1,-1.175056458E-1,3.175680342E-1
7.028938667E0,2.618654480E0,1.222208405E0,-1.781295776E-2,2.889889612E0
7.038878667E0,6.537654877E0,1.370100861E0,6.101312256E-1,6.707485950E0
7.048818667E0,1.024200165E1,2.155517578E-2,5.613327026E-1,1.025739522E1
7.058758667E0,1.453627167E1,-1.939067688E0,1.229543152E0,1.471648578E1
7.068698667E0,2.060495178E1,-3.130589905E0,1.726809082E0,2.091283101E1
7.078638667E0,2.878124908E1,-2.578238525E0,1.258133698E0,2.892387445E1
7.088578667E0,3.667957443E1,-2.471510468E0,2.091450806E0,3.682219047E1
7.098518667E0,3.739239212E1,-1.556014252E0,3.873794403E0,3.762470534E1
7.108458667E0,3.002591080E1,-1.910028076E-1,4.928800507E0,3.042835644E1
7.118399667E0,2.317780151E1,-5.786965942E-1,4.065545654E0,2.353877725E1
7.128339667E0,1.938858124E1,7.649093628E-2,3.052452393E0,1.962754185E1
7.138279667E0,1.540416687E1,1.217568054E0,2.181114349E0,1.560538653E1
7.148219667E0,1.686842194E1,2.902913361E0,1.800904999E0,1.721086353E1
7.158159667E0,2.178404984E1,9.265731812E-2,2.108066254E0,2.188600822E1
7.168099667E0,1.819137085E1,-4.080813904E0,7.629035339E0,2.014401141E1
7.178039667E0,1.728126343E1,-7.034322052E0,1.293999115E1,2.270610322E1
7.187979667E0,1.114402588E1,-8.319699097E-1,-3.390599213E0,1.167808416E1
7.197919667E0,3.305725708E0,5.583838348E0,-1.088880661E1,1.267569259E1
7.207859667E0,2.714155884E0,2.395917664E0,-7.792495422E0,8.592441360E0
7.217800667E0,2.233655090E0,1.019380188E0,-6.082002411E0,6.558895056E0
7.227740667E0,1.161285095E0,-4.757107544E-1,-3.463347931E0,3.683702307E0
7.237680667E0,2.838098145E-1,-7.607180786E-1,-3.441493378E0,3.535974643E0
7.247620667E0,-8.481362915E-1,-1.041833496E0,-2.966680756E0,3.256677280E0
7.257560667E0,-1.644031219E0,-1.419947205E0,-1.832938385E0,2.842314521E0
7.267500667E0,-2.571801910E0,-1.031055908E0,-2.051633606E0,3.447671940E0
7.277440667E0,-1.556014252E0,-1.932631073E0,-1.743424530E0,3.032453183E0
7.287380667E0,-1.060993652E0,-2.370021515E0,-6.744973755E-1,2.682844800E0
7.297321667E0,-1.778302002E-1,-1.191971283E0,-1.034798126E0,1.588466645E0
7.307261667E0,6.920109558E-1,-1.907034302E-1,-5.906716919E-1,9.295913128E-1
7.317201667E0,1.113684082E0,5.432203674E-1,-4.878355408E-1,1.331677182E0
7.327142292E0,1.307530975E0,8.473878479E-1,-4.209246826E-1,1.613964375E0
7.337082292E0,1.218466187E0,8.256829834E-1,-1.589694214E-1,1.480433556E0
7.347022292E0,1.394799500E0,7.355703735E-1,2.730322266E-1,1.600336219E0
7.356962292E0,1.452429657E0,8.737330627E-1,1.145118713E0,2.045545952E0
7.366902292E0,2.237846375E0,1.284927979E0,1.491049347E0,2.980306102E0
7.376842292E0,4.047433319E0,1.584305420E0,1.285975800E0,4.532711539E0
7.386782292E0,7.166646881E0,1.218765564E0,1.120719452E0,7.355421749E0
7.396723292E0,1.131781448E1,2.381547546E-1,2.274220734E0,1.154650260E1
7.406663292E0,1.605606125E1,-7.460485840E-1,4.878056030E0,1.679729508E1
7.416603292E0,2.225018051E1,-8.512797546E-1,5.240153046E0,2.287475495E1
7.426543292E0,2.971710297E1,-4.781057739E-1,4.093986511E0,3.000159195E1
7.436483292E0,3.440385681E1,-2.874023438E-2,4.688550110E0,3.472187627E1
7.446423292E0,3.273392944E1,-9.105564880E-1,3.636687469E0,3.294790958E1
7.456363292E0,2.620869873E1,-2.867736511E0,4.089944916E0,2.668046947E1
7.466303292E0,2.314531906E1,-3.246448975E0,4.060605927E0,2.372200974E1
7.476243292E0,2.044358734E1,-2.502346344E0,2.524500275E0,2.075030367E1
7.486184292E0,2.157253967E1,-1.625170441E0,1.740879822E0,2.170360130E1
7.496124292E0,2.422158096E1,-1.995650024E0,4.632865906E-1,2.430806940E1
7.506064292E0,1.991892838E1,-1.739532623E0,2.044747925E-1,1.999578684E1
7.516004292E0,1.608435242E1,-2.833457794E0,4.540807343E0,1.695151342E1
7.525944292E0,1.432296524E1,-2.598596191E0,6.295757904E0,1.585990552E1
7.535884292E0,7.640860748E0,1.817670135E0,-1.933678894E0,8.088621129E0
7.545824292E0,8.598120117E-1,4.377946014E0,-1.190055267E1,1.270939975E1
7.555764292E0,1.152752838E0,2.291135559E0,-7.029082947E0,7.482389213E0
7.565704292E0,1.585053864E0,4.162843323E-1,-4.060007172E0,4.378281241E0
7.575645292E0,1.394200745E0,-1.657054138E-1,-2.857557678E0,3.183848282E0
7.585585292E0,7.379653931E-1,-2.395019531E-2,-2.480791168E0,2.588337566E0
7.595525292E0,-2.496807861E-1,5.882766724E-2,-2.028731232E0,2.044884251E0
7.605465292E0,-5.108876038E-1,-1.841171265E-1,-1.203048248E0,1.319935736E0
7.615405292E0,-1.001267853E0,1.133143616E-1,-1.331630859E0,1.669915628E0
7.625345292E0,-9.192384338E-1,1.809736633E-1,-1.568588104E0,1.827079474E0
7.635285292E0,-7.599696350E-1,1.321751404E-1,-1.313518524E0,1.523271160E0
7.645225292E0,-3.653901672E-1,1.618135071E-1,-1.036444702E0,1.110815559E0
7.655165292E0,8.382568359E-3,3.382965088E-2,-6.493496704E-1,6.502843280E-1
7.665106292E0,9.654922485E-2,-7.619155884E-2,-5.831872559E-1,5.960153369E-1
7.675046292E0,3.589535522E-1,-2.344125366E-1,-7.213499451E-1,8.391320714E-1
7.684986292E0,7.170089722E-2,-2.986289978E-1,-3.406915283E-1,4.586840028E-1
7.694926292E0,-1.992356873E-1,-3.308120728E-2,5.174739075E-1,5.554893971E-1
7.704866292E0,6.406677246E-1,8.195457458E-1,6.328839111E-1,1.217642151E0
7.714806292E0,3.062780914E0,2.141446838E0,3.354524231E-1,3.752192668E0
7.724746292E0,7.241940308E0,2.968776398E0,-2.528242493E-1,7.830916474E0
7.734686292E0,1.271979904E1,2.824027405E0,-6.496490479E-2,1.302968299E1
7.744626292E0,1.907393555E1,1.830842743E0,1.865271149E0,1.925217491E1
7.754567292E0,2.579600693E1,2.101629639E-1,3.880530396E0,2.608709754E1
7.764507292E0,3.288197159E1,-2.637365570E0,3.756887512E0,3.320081259E1
7.774447292E0,3.759402283E1,-4.551435242E0,1.659000092E0,3.790485980E1
7.784387292E0,3.359089737E1,-5.200335846E0,2.949915619E0,3.411882004E1
7.794327292E0,2.448667969E1,-5.176834717E0,4.025728455E0,2.534962701E1
7.804267292E0,1.818388641E1,-3.483555908E0,3.876039734E0,1.891593431E1
7.814207292E0,1.663206345E1,-1.554367676E0,3.309767303E0,1.702927341E1
7.824147292E0,2.088891129E1,-7.490423584E-1,3.498075714E0,2.119302274E1
7.834087292E0,2.318244186E1,-4.724176025E-1,2.896776123E0,2.336750096E1
7.844028292E0,1.841904739E1,1.989363098E-1,2.895578613E0,1.864632023E1
7.853968292E0,1.557106979E1,-7.970924377E-1,4.253255310E0,1.616118039E1
7.863908292E0,1.279643967E1,-1.231189728E0,3.752097473E0,1.339189799E1
7.873848292E0,6.417903900E0,1.383722534E0,-3.854035492E0,7.612999941E0
7.883788292E0,8.767268372E-1,3.073408813E0,-1.019934036E1,1.068835981E1
7.893728292E0,-1.077758789E-2,1.308279419E0,-7.244634705E0,7.361823361E0
7.903668292E0,2.106120300E-1,2.149530029E-1,-6.428082733E0,6.435123141E0
7.913608292E0,3.278182983E-1,2.683918762E-1,-5.447322235E0,5.463773290E0
7.923548292E0,-2.022294617E-1,5.397775269E-1,-5.141208801E0,5.173420964E0
7.933489292E0,-1.152752838E0,6.050418091E-1,-4.735252991E0,4.910960760E0
7.943429292E0,-1.053060150E0,2.305206299E-2,-4.091142426E0,4.224560737E0
7.953369292E0,-5.983058167E-1,-5.080435181E-1,-3.234473877E0,3.328347837E0
7.963309292E0,-2.071691895E-1,-7.551795959E-1,-2.541714478E0,2.659610457E0
7.973249292E0,-2.436932373E-1,-5.282514954E-1,-1.484313354E0,1.594246584E0
7.983189292E0,-1.380130005E-1,1.366658020E-1,-4.662803650E-1,5.051163317E-1
7.993129292E0,-4.490661621E-2,8.331674194E-1,7.408094788E-1,1.115788168E0
8.003069292E0,1.514849854E-1,1.443897400E0,1.330732727E0,1.969425549E0
8.013009292E0,4.855902100E-1,1.809886322E0,1.422192535E0,2.352470607E0
8.022950292E0,3.676354980E-1,1.607956238E0,1.718127136E0,2.381730459E0
8.032890292E0,3.938310242E-1,1.344803467E0,1.629960480E0,2.149504688E0
8.042830292E0,1.285377045E0,1.113983459E0,1.760788422E0,2.448168532E0
8.052770292E0,3.709136810E0,8.388555908E-1,8.907975769E-1,3.905751516E0
8.062710292E0,7.336693268E0,1.046324158E-1,6.312373352E-1,7.364541847E0
8.072650292E0,1.251712051E1,-7.994874573E-1,1.182391205E0,1.259823540E1
8.082590292E0,1.990081604E1,-1.412013702E0,1.276096344E0,1.999161533E1
8.092530292E0,3.001333694E1,-1.572330322E0,2.534679108E0,3.016118723E1
8.102470292E0,4.116963730E1,-2.259850616E0,3.192710724E0,4.135504034E1
8.112411292E0,4.158008377E1,-3.939058685E0,3.915856934E0,4.194941579E1
8.122351292E0,2.881792282E1,-6.440955963E0,4.625531158E0,2.988903023E1
8.132291292E0,1.854598343E1,-6.723418579E0,4.664300537E0,2.027100289E1
8.142231292E0,1.536225403E1,-3.946094055E0,4.574337616E0,1.650742475E1
8.152171292E0,2.028357010E1,-3.326981506E0,4.789440308E0,2.110523064E1
8.162111292E0,2.689097992E1,-2.042652283E0,4.632416840E0,2.736341563E1
8.172051292E0,2.265838165E1,-4.674778748E-1,3.801345062E0,2.297979589E1
8.181991292E0,1.606983261E1,-7.403604126E-1,3.183130646E0,1.639877966E1
8.191931292E0,1.313997528E1,-1.024170227E0,3.660487976E0,1.367870781E1
8.201872292E0,1.070753357E1,-3.686833191E-1,2.672392731E0,1.104214134E1
8.211812292E0,6.394552460E0,2.415826263E0,-3.829187164E0,7.835125528E0
8.221752292E0,1.925296326E0,3.339106293E0,-7.774981842E0,8.677945576E0
8.231692292E0,2.487826538E-1,2.170486450E0,-6.788832550E0,7.131700473E0
8.241632292E0,1.333726501E-1,1.476828918E0,-6.031707001E0,6.211304312E0
8.251572292E0,-2.405497742E-1,1.094673615E0,-5.961353302E0,6.065798192E0
8.261512292E0,-8.400531006E-1,1.092727661E0,-5.410349121E0,5.583155073E0
8.271452292E0,-1.137634277E0,1.137035522E0,-4.500990143E0,4.779746206E0
8.281392292E0,-5.836363220E-1,9.571096802E-1,-3.614533539E0,3.784381455E0
8.291333292E0,-1.336720276E-1,7.243437195E-1,-2.489473114E0,2.596154545E0
8.301273292E0,4.369413757E-1,7.036866760E-1,-1.316961365E0,1.555789170E0
8.311213292E0,7.972421265E-1,4.561015320E-1,-4.174818420E-1,1.008917590E0
8.321153292E0,7.003935242E-1,2.757266235E-1,1.429527283E-1,7.661669153E-1
8.331093292E0,7.033872986E-1,2.998265076E-1,4.659809875E-1,8.954261037E-1
8.341033292E0,8.599617004E-1,1.209484863E-1,5.007087708E-1,1.002433008E0
8.350973292E0,7.246430969E-1,-1.672023010E-1,5.807922363E-1,9.436015309E-1
8.360913292E0,3.429368591E-1,-4.584965515E-1,5.707630920E-1,8.084524008E-1
8.370853292E0,3.067121887E-1,-1.914518738E-1,6.721023560E-1,7.631826541E-1
8.380794292E0,9.437873840E-1,3.787124634E-1,8.741821289E-1,1.341026529E0
8.390734292E0,2.887196045E0,8.927435303E-1,8.665480042E-1,3.143850737E0
8.400674292E0,6.009104004E0,3.318598938E-1,1.098715210E0,6.117731363E0
8.410614292E0,1.021999741E1,-1.620081024E0,2.252515869E0,1.058994038E1
8.420554292E0,1.582703751E1,-3.208877106E0,3.704197083E0,1.656843639E1
8.430494292E0,2.297257828E1,-3.450474701E0,4.768633575E0,2.371465780E1
8.440434292E0,2.962998413E1,-2.950364685E0,4.919669495E0,3.018018819E1
8.450374292E0,3.155019104E1,-2.607876892E0,6.363267517E0,3.229097010E1
8.460315292E0,2.771307037E1,-2.893033905E0,6.408473511E0,2.859112533E1
8.470255292E0,2.310041245E1,-4.122577057E0,7.035669250E0,2.449745576E1
8.480195292E0,2.243474670E1,-4.471501465E0,6.887627106E0,2.389040795E1
8.490135292E0,2.417832092E1,-3.919000397E0,7.000791779E0,2.547471005E1
8.500075292E0,2.700294708E1,-2.708318024E0,6.857389984E0,2.799139037E1
8.510015292E0,2.471330841E1,-2.165696411E0,5.185516663E0,2.534417954E1
8.519955292E0,2.066662354E1,-1.357527008E0,2.850821686E0,2.090644380E1
8.529895292E0,1.639360931E1,-3.300636292E-1,1.078656921E0,1.643237259E1
8.539835292E0,1.303249878E1,-2.409988403E-2,1.506167908E0,1.311926625E1
8.549775292E0,1.099733093E1,5.857319641E-1,2.813399506E0,1.136659960E1
8.559716292E0,8.157885590E0,2.116448822E0,1.755848694E0,8.608917327E0
8.569656292E0,4.517904968E0,2.433489532E0,-2.980152740E0,5.934193034E0
8.579596292E0,1.903890839E0,1.767674103E0,-8.808283081E0,9.183426533E0
8.589536292E0,1.995350647E-1,1.281634827E0,-1.074435699E1,1.082236616E1
8.599476292E0,1.339714050E-1,1.162632294E0,-8.718020782E0,8.796223539E0
8.609416292E0,-6.610253906E-1,9.695338440E-1,-6.207291870E0,6.317232211E0
8.619356292E0,-1.948797455E0,7.643106079E-1,-3.989952850E0,4.505741445E0
8.629296292E0,-2.076332245E0,7.602690125E-1,-2.103575592E0,3.051916584E0
8.639236292E0,-1.780547333E0,5.551954651E-1,-1.068627777E0,2.149547891E0
8.649177292E0,-8.752299500E-1,2.149530029E-1,1.901046753E-1,9.210711408E-1
8.659117292E0,-1.872605896E-1,-1.841171265E-2,1.507515106E0,1.519212729E0
8.669057292E0,2.152523804E-1,-8.577163696E-2,1.780547333E0,1.795560961E0
8.678997292E0,5.610333252E-1,6.900650024E-2,9.069639587E-1,1.068692618E0
8.688937292E0,7.749385071E-1,4.665797424E-1,-9.927355957E-1,1.343037717E0
8.698877292E0,1.332528992E0,-1.229393463E0,2.785707092E-1,1.834296443E0
8.708817292E0,6.388714600E-1,-4.909790039E-1,-1.536554718E0,1.734997846E0
8.718757292E0,5.637277222E-1,-4.781057739E-1,-2.147434387E0,2.271089722E0
8.728698292E0,1.297052765E0,3.366499329E-1,-1.611848145E0,2.096123444E0
8.738638292E0,3.402574310E0,1.267264709E0,-5.728587341E-1,3.675818128E0
8.748578292E0,7.225025482E0,1.229393463E0,-9.804611206E-1,7.394166993E0
8.758518292E0,1.224618393E1,1.615141296E-1,5.252577209E-1,1.225850739E1
8.768458292E0,1.968466553E1,-1.592687988E-1,4.332290955E0,2.015639274E1
8.778398292E0,2.941218704E1,9.199868774E-1,6.022126923E0,3.003646343E1
8.788338292E0,3.707924332E1,1.220711517E0,7.254364471E0,3.780193415E1
8.798278292E0,3.492402512E1,-9.966275024E-1,7.412735138E0,3.571595496E1
8.808218292E0,2.700758743E1,-2.877017212E0,4.927602997E0,2.760377290E1
8.818159292E0,2.147643951E1,-3.863166504E0,4.953948212E0,2.237639633E1
8.828099292E0,1.853385864E1,-5.110821991E0,5.920637970E0,2.011661929E1
8.838039292E0,2.309352676E1,-4.423301697E0,5.625751190E0,2.417696533E1
8.847979292E0,2.804073898E1,-3.611689453E0,5.516478424E0,2.880553554E1
8.857919292E0,2.310385529E1,-3.677103424E0,5.077441406E0,2.393929051E1
8.867859292E0,1.800306244E1,-2.177072754E0,4.589905243E0,1.870607209E1
8.877799292E0,1.558244614E1,-5.158273315E-1,4.855153656E0,1.632945873E1
8.887739292E0,1.144504990E1,1.286275177E0,2.899620209E0,1.187650910E1
8.897679292E0,7.368277588E0,3.206931152E0,-1.999691620E0,8.280983553E0
8.907620292E0,3.727548523E0,3.179837494E0,-5.832621002E0,7.617443944E0
8.917560292E0,1.866917725E0,1.930834808E0,-6.370602264E0,6.913615412E0
8.927500292E0,9.208850098E-1,5.301974487E-1,-6.672973480E0,6.757049179E0
8.937440292E0,2.580633545E-1,-3.791615295E-1,-6.121370544E0,6.138528936E0
8.947380292E0,-3.761677551E-1,-3.071612549E-1,-5.231620789E0,5.254113274E0
8.957320292E0,-7.545808411E-1,2.314187622E-1,-4.195924530E0,4.269511629E0
8.967260292E0,-9.491761780E-1,8.120613098E-1,-3.188519440E0,3.424475902E0
8.977200292E0,-6.878196716E-1,1.253044281E0,-2.179168396E0,2.606144810E0
8.987140292E0,9.954299927E-2,1.432521057E0,-1.718276825E0,2.239308071E0
8.997081292E0,7.424560547E-1,1.289568329E0,-1.031954041E0,1.810844170E0
9.007021292E0,8.340655518E-1,1.013542328E0,-5.586383057E-1,1.426537820E0
9.016961292E0,7.908055115E-1,6.185137939E-1,-2.644999695E-1,1.038216213E0
9.026901292E0,7.529342651E-1,1.613644409E-1,-1.410067749E-1,7.828354878E-1
9.036841292E0,7.469467163E-1,-1.983375549E-1,-3.073109436E-1,8.316893643E-1
9.046781292E0,7.614665222E-1,-6.050418091E-1,-1.939965820E-1,9.917366228E-1
9.056721292E0,1.480421448E-1,-9.289682007E-1,-3.234773254E-1,9.947542282E-1
9.066661292E0,-4.581971741E-1,-1.024170227E0,-4.806504822E-1,1.220612219E0
9.076601292E0,-2.987786865E-1,-5.370831299E-1,-2.095642090E-1,6.493413198E-1
9.086542292E0,1.003064117E0,4.730163574E-1,4.314028931E-1,1.189954013E0
9.096482292E0,3.456013184E0,1.403930511E0,1.204545135E0,3.919946044E0
9.106422292E0,6.835086365E0,1.697021027E0,1.997446289E0,7.320387808E0
9.116362292E0,1.056188644E1,1.182840271E0,2.062411194E0,1.082617644E1
9.126302292E0,1.472487946E1,8.217910767E-2,3.300785980E0,1.509052738E1
9.136242292E0,2.046619034E1,-5.649252319E-1,4.198319550E0,2.089999939E1
9.146182292E0,2.915172867E1,-8.783734131E-1,3.190465393E0,2.933894841E1
9.156122292E0,3.670053085E1,-2.029779053E0,3.482358398E0,3.692121054E1
9.166063292E0,3.536680435E1,-4.276457062E0,4.195625153E0,3.587063152E1
9.176003292E0,2.810450638E1,-6.561904449E0,4.296665039E0,2.917847150E1
9.185943292E0,2.281435730E1,-6.609505463E0,4.961133270E0,2.426506346E1
9.195883292E0,2.382131332E1,-5.532794495E0,5.872587891E0,2.515062766E1
9.205823292E0,2.971545639E1,-3.711082764E0,5.892496490E0,3.052051767E1
9.215763292E0,2.728975067E1,-3.209775238E0,6.568341064E0,2.825201326E1
9.225703292E0,2.169992477E1,-1.966011658E0,7.194938049E0,2.294600337E1
9.235643292E0,1.845302673E1,-3.411405945E-1,7.670648804E0,1.998673124E1
9.245583292E0,1.393542114E1,1.793121185E0,3.013832703E0,1.436991418E1
9.255524292E0,9.047485657E0,4.289479980E0,-3.016676788E0,1.045738849E1
9.265464292E0,4.925507355E0,3.854334869E0,-3.973936157E0,7.410039714E0
9.275404292E0,3.361409912E0,1.639989624E0,-4.074377289E0,5.530749755E0
9.285344292E0,2.153421936E0,-5.764512634E-1,-3.868106232E0,4.464500858E0
9.295284292E0,1.121318207E0,-1.686243439E0,-3.814367981E0,4.318584786E0
9.305224292E0,2.146536255E-1,-1.800306244E0,-3.673061829E0,4.096164297E0
9.315164292E0,-5.530998230E-1,-1.585353241E0,-3.449726257E0,3.836649002E0
9.325104083E0,-9.228309631E-1,-1.529070282E0,-3.338806915E0,3.786463328E0
9.335044083E0,-7.532336426E-1,-1.343007202E0,-3.391347656E0,3.724549394E0
9.344985083E0,-5.433700562E-2,-6.947053528E-1,-3.212020569E0,3.286737618E0
9.354925083E0,1.065035248E0,5.287005615E-1,-2.685715027E0,2.937156715E0
9.364865083E0,1.597777405E0,1.380728760E0,-1.960024109E0,2.881145441E0
9.374805083E0,1.648970947E0,1.516945496E0,-1.105451202E0,2.498449756E0
9.384745083E0,1.166823578E0,1.880090332E0,-5.331912231E-1,2.276073329E0
9.394685083E0,1.228345642E0,7.813751221E-1,3.245251465E-1,1.491541709E0
9.404625083E0,5.562432861E-1,3.333567810E-1,6.897656250E-1,9.467364756E-1
9.414565083E0,6.137237549E-3,1.722917175E-1,6.122268677E-2,1.829489519E-1
9.424506083E0,-3.796105957E-1,-2.374063110E-1,-2.486329651E-1,5.121370053E-1
9.434446083E0,-7.506889343E-1,-2.251318359E-1,-4.822970581E-1,9.202329444E-1
9.444386083E0,-3.559597778E-1,5.224136353E-2,-2.011816406E-1,4.122021058E-1
9.454326083E0,1.270857239E0,6.077362061E-1,3.691323853E-1,1.456255519E0
9.464266083E0,4.142335968E0,1.221160583E0,1.169817352E0,4.474220947E0
9.474206083E0,7.747738495E0,1.334474945E0,1.914518738E0,8.091579398E0
9.484146083E0,1.224289078E1,9.440867615E-1,3.231330414E0,1.269728989E1
9.494086083E0,1.858056152E1,6.481521606E-1,3.787873077E0,1.897380695E1
9.504026083E0,2.775573166E1,6.204597473E-1,1.461560669E0,2.780111095E1
9.513967083E0,3.650713303E1,-1.269360352E-1,-1.248104553E0,3.652868242E1
9.523907083E0,3.557936234E1,-2.605631561E0,5.358856201E-1,3.567867029E1
9.533847083E0,2.704590775E1,-5.846841431E0,2.826272736E0,2.781464539E1
9.543787083E0,2.195454529E1,-6.653813324E0,3.152145081E0,2.315623694E1
9.553727083E0,1.998060013E1,-6.120322723E0,3.347937927E0,2.116344537E1
9.563667083E0,2.594913849E1,-3.941154327E0,3.821553040E0,2.652347551E1
9.573607083E0,3.017769516E1,-3.541485443E0,6.394851837E0,3.105043533E1
9.583547083E0,2.472528351E1,-4.295317841E0,1.033316208E1,2.713970594E1
9.593488083E0,1.809631851E1,-3.755690002E-1,1.630259857E0,1.817348461E1
9.603428083E0,1.230156876E1,3.689826965E0,-2.876418457E0,1.316120055E1
9.613368083E0,7.878117371E0,4.205654297E0,-2.834505615E0,9.369454811E0
9.623308083E0,4.733905792E0,2.913990326E0,-3.151396637E0,6.390031646E0
9.633248083E0,3.870501251E0,5.090913391E-1,-1.787433014E0,4.293584832E0
9.643188083E0,2.983745270E0,-2.110610962E-1,-1.722617798E0,3.451766895E0
9.653128083E0,1.025218048E0,-6.134243774E-1,-2.786006470E0,3.031368266E0
9.663068083E0,-6.626719666E-1,-9.592053223E-1,-3.638334045E0,3.820560641E0
9.673008083E0,-1.518292694E0,-1.099912720E0,-3.691473541E0,4.140289555E0
9.682949083E0,-2.485281830E0,-7.670050049E-1,-3.268004150E0,4.176694097E0
9.692889083E0,-2.978955231E0,4.219725037E-1,-2.821782074E0,4.124886560E0
9.702829083E0,-2.165097656E0,1.440155182E0,-2.875969391E0,3.877227714E0
9.712769083E0,-1.474134521E0,1.502276001E0,-1.620380402E0,2.656226349E0
9.722709083E0,-3.772155762E-1,1.585502930E0,-1.100511475E0,1.966529084E0
9.732649083E0,7.982899475E-1,1.836081848E0,-8.229885864E-1,2.164664779E0
9.742589083E0,1.500629425E0,1.698667603E0,6.361770630E-2,2.267467201E0
9.752529083E0,1.627565460E0,1.399290161E0,6.632707214E-1,2.246532958E0
9.762470083E0,1.546284485E0,7.647596741E-1,5.441184998E-1,1.808844385E0
9.772410083E0,1.060095520E0,-1.023870850E-1,4.239184570E-1,1.146295113E0
9.782350083E0,2.716850281E-1,-1.219963074E0,7.447013855E-1,1.454889277E0
9.792290083E0,-8.722361755E-1,-1.782343597E0,1.244512024E0,2.342296912E0
9.802230083E0,-7.360194397E-1,-7.765850830E-1,1.420995026E0,1.778773698E0
9.812170083E0,1.747615814E0,6.524931335E-1,1.734592896E0,2.547296770E0
9.822110083E0,5.130281525E0,6.982978821E-1,3.191662903E0,6.082279222E0
9.832050083E0,1.000459534E1,-1.794767761E-1,4.578678589E0,1.100401915E1
9.841990083E0,1.533620819E1,-1.238075409E0,5.598807220E0,1.637311072E1
9.851931083E0,2.255913803E1,-2.554438019E0,3.279230804E0,2.293890183E1
9.861871083E0,3.419099945E1,-4.099824371E0,-3.737427979E0,3.463814907E1
9.871811083E0,4.341481842E1,-5.343138885E0,-6.887776794E0,4.428133987E1
9.881751083E0,3.885410248E1,-6.353388062E0,1.187031555E-1,3.937030492E1
9.891691083E0,2.834700211E1,-6.248156891E0,4.598587189E0,2.938943683E1
9.901631083E0,2.118514526E1,-6.486311646E0,3.916605377E0,2.249938702E1
9.911571083E0,1.571656723E1,-3.538940735E0,4.809648285E0,1.681271256E1
9.921511083E0,1.638477768E1,-4.903802490E-1,4.917124786E0,1.711372340E1
9.931452083E0,2.750949371E1,-3.128494263E-2,4.958289185E0,2.795277902E1
9.941392083E0,2.922387863E1,-1.241368561E0,8.060587921E0,3.034055299E1
9.951332083E0,2.238055939E1,-3.556604004E0,1.367960312E1,2.647017967E1
9.961272083E0,1.739532623E1,-1.641785889E0,2.363884277E0,1.763181172E1
9.971212083E0,7.013964386E0,6.064638519E0,-5.512137451E0,1.078699198E1
9.981152083E0,4.606221313E0,4.690196686E0,-4.651127930E0,8.052838677E0
9.991092083E0,3.650458832E0,1.844314728E0,-5.702391815E0,7.017451027E0
1.000103208E1,2.484683075E0,-7.330256653E-1,-4.356091461E0,5.068186010E0
1.001097208E1,1.147813110E0,-1.891616364E0,-4.146676941E0,4.700065644E0
1.002091308E1,5.059478760E-2,-1.919009399E0,-4.187541962E0,4.606589258E0
1.003085308E1,-5.363346863E-1,-1.893861694E0,-3.867208099E0,4.339316248E0
1.004079308E1,-1.049018555E0,-2.046544189E0,-3.253933411E0,3.984578483E0
1.005073308E1,-1.442999268E0,-1.685794373E0,-3.238365784E0,3.925705351E0
1.006067308E1,-3.517684937E-1,-2.492616577E0,-2.040257263E0,3.240297544E0
1.007061308E1,-3.249742126E-1,-1.503024445E0,-1.763931885E0,2.340116752E0
1.008055308E1,-1.784289551E-1,-4.580474854E-1,-1.859732666E0,1.923603384E0
1.009049308E1,8.217910767E-2,-1.160087585E-1,-1.326840820E0,1.334435461E0
1.010043408E1,1.113684082E-1,1.727407837E-1,-9.746232605E-1,9.960586331E-1
1.011037408E1,1.335223389E-1,3.619473267E-1,-6.027964783E-1,7.156798701E-1
1.012031408E1,1.046324158E-1,4.857398987E-1,-1.169068909E-1,5.104492264E-1
1.013025408E1,1.541793823E-1,6.373745728E-1,-4.535568237E-2,6.573239429E-1
1.014019408E1,4.037104797E-1,5.403762817E-1,-2.480342102E-1,7.186860558E-1
1.015013408E1,7.363188171E-1,2.163002014E-1,-1.707948303E-1,7.862073846E-1
1.016007408E1,1.274449768E0,2.020797729E-1,-3.921844482E-2,1.290967286E0
1.017001408E1,2.740351410E0,4.454736328E-1,4.079017639E-1,2.806128375E0
1.017995408E1,5.162314911E0,3.950285339E-1,4.641847229E-1,5.198173741E0
1.018989508E1,9.118438110E0,-7.050338745E-1,1.829196167E-1,9.147483038E0
1.019983508E1,1.520807465E1,-2.303709412E0,5.119354248E-1,1.539008412E1
1.020977508E1,2.382116364E1,-3.167862396E0,1.965412903E0,2.411111853E1
1.021971508E1,3.286296112E1,-2.622396698E0,2.202968903E0,3.304094808E1
1.022965508E1,3.721471161E1,-1.719025269E0,2.905907135E0,3.736755417E1
1.023959508E1,3.206601837E1,-1.101708984E0,5.206622772E0,3.250464917E1
1.024953508E1,2.516402115E1,-1.907483368E0,5.552852783E0,2.583990378E1
1.025947508E1,1.908022247E1,-3.104693756E0,6.850504303E0,2.050910583E1
1.026941608E1,1.709145813E1,-1.415755920E0,7.370672607E0,1.866679192E1
1.027935608E1,1.723141708E1,4.920268250E-1,6.045927429E0,1.826792445E1
1.028929608E1,2.163076859E1,9.220825195E-1,4.963677979E0,2.221212473E1
1.029923608E1,2.485102203E1,-1.660946045E0,5.874533844E0,2.558988444E1
1.030917608E1,2.061902252E1,-4.704417114E0,6.342161407E0,2.207937140E1
1.031911608E1,1.638313110E1,-5.138364716E0,6.354286194E0,1.830810557E1
1.032905604E1,1.400397858E1,-3.309018860E0,6.405180359E-1,1.440386355E1
1.033899604E1,7.783514099E0,2.881807251E0,-4.820425873E0,9.598146194E0
1.034893604E1,4.505331116E0,4.600383453E0,-6.668033752E0,9.269531299E0
1.035887704E1,1.698817291E0,2.584675140E0,-7.163802795E0,7.802986368E0
1.036881704E1,7.021897888E-1,9.210346985E-1,-7.051087189E0,7.145572472E0
1.037875704E1,-1.281335449E-1,2.453398132E-1,-6.938521271E0,6.944039693E0
1.038869704E1,-7.942483521E-1,5.929170227E-1,-5.968538361E0,6.050275300E0
1.039863704E1,-1.212628326E0,9.210346985E-1,-4.610412598E0,4.855376061E0
1.040857704E1,-1.054856415E0,6.950047302E-1,-3.062930603E0,3.313200493E0
1.041851704E1,-7.385641479E-1,-6.586303711E-2,-1.739083557E0,1.890562498E0
1.042845704E1,-9.505233765E-2,-7.870632935E-1,-8.616082764E-1,1.170842601E0
1.043839804E1,3.002755737E-1,-1.015188904E0,-3.878434753E-1,1.127473499E0
1.044833804E1,2.616558838E-1,-1.936972046E-1,-6.116281128E-1,6.928718186E-1
1.045827804E1,1.711391144E0,-1.055604858E0,2.260299683E-2,2.010888401E0
1.046821804E1,1.731150055E0,-1.525028687E0,1.110091553E0,2.560253164E0
1.047815804E1,1.287023621E0,-1.385967865E0,6.472540283E-1,1.999068408E0
1.048809804E1,1.000369720E0,-1.733245697E0,6.237528992E-1,2.096174588E0
1.049803804E1,5.724096680E-1,-1.590742035E0,4.314028931E-1,1.744769757E0
1.050797804E1,-3.712280273E-2,-1.228195953E0,5.998027039E-1,1.367335616E0
1.051791904E1,-4.173321533E-1,-6.544390869E-1,6.123765564E-1,9.886666230E-1
1.052785904E1,3.052153015E-1,3.008743286E-1,3.763174438E-1,5.703477540E-1
1.053779904E1,2.516716461E0,8.686436462E-1,6.589297485E-1,2.742734392E0
1.054773904E1,6.015690308E0,3.516188049E-1,1.056053925E0,6.117794991E0
1.055767904E1,1.094987961E1,-1.052162018E0,1.839674377E0,1.115308523E1
1.056761904E1,1.737841141E1,-1.518891449E0,3.767665100E0,1.784689089E1
1.057755904E1,2.941368393E1,-7.973918152E-1,2.726879425E0,2.955057542E1
1.058749904E1,3.893209030E1,5.387297058E-1,4.270469513E0,3.916930935E1
1.059743904E1,3.843123184E1,-2.245330811E-3,6.425987091E0,3.896476480E1
1.060738004E1,2.952684860E1,-3.781885529E0,6.053112488E0,3.037725493E1
1.061732004E1,2.338751541E1,-5.296885071E0,5.964945831E0,2.471059383E1
1.062726004E1,2.214929031E1,-4.191433868E0,5.973029022E0,2.332029706E1
1.063720004E1,2.620390869E1,-1.743125153E0,5.255570984E0,2.678253801E1
1.064714004E1,2.809552505E1,-1.088087311E0,4.465214539E0,2.846894102E1
1.065708004E1,2.314202591E1,-1.003213806E0,3.846401367E0,2.348094131E1
1.066702004E1,1.863205444E1,-1.705553284E0,4.202061768E0,1.917601856E1
1.067696004E1,1.699505859E1,-3.647465057E0,7.987090759E0,1.912928741E1
1.068690104E1,1.425949722E1,-2.714604950E0,4.895419922E0,1.531886018E1
1.069684104E1,6.444698181E0,3.684288483E0,-6.615343323E0,9.943383908E0
1.070678104E1,3.457809448E0,2.239642639E0,-8.104895782E0,9.091852450E0
1.071672104E1,3.475622406E0,7.909552002E-1,-7.586823120E0,8.382448705E0
1.072666104E1,2.976709900E0,4.956193542E-1,-5.895190887E0,6.622666832E0
1.073660104E1,2.067051544E0,-3.106040955E-1,-4.138893127E0,4.636767550E0
1.074654104E1,1.328038330E0,-9.517208862E-1,-3.163970490E0,3.560922312E0
1.075648104E1,7.762857056E-1,-1.532962189E0,-1.925296326E0,2.580573291E0
1.076642204E1,7.020401001E-1,-1.954785004E0,-1.322649536E0,2.462406650E0
1.077636204E1,7.066804504E-1,-2.283651123E0,-1.241817627E0,2.693802281E0
1.078630204E1,6.845265198E-1,-2.128723297E0,-1.375040588E0,2.625028772E0
1.079624204E1,9.777667236E-1,-1.472487946E0,-1.266216888E0,2.174293845E0
1.080618204E1,1.012943573E0,-8.611592102E-1,-1.067879333E0,1.705290632E0
1.081612204E1,6.942562866E-1,-4.589456177E-1,-8.997789001E-1,1.225652863E0
1.082606204E1,1.496887207E-1,-1.978884888E-1,-4.453239441E-1,5.097842507E-1
1.083600204E1,-1.197509766E-1,-1.204994202E-1,1.526824951E-2,1.705682447E-1
1.084594304E1,-2.776725769E-1,-1.095721436E-1,2.161505127E-1,3.685500763E-1
1.085588304E1,-5.119354248E-1,1.691482544E-2,4.034111023E-1,6.520003895E-1
1.086582304E1,-6.001020813E-1,2.526745605E-1,6.054908752E-1,8.891491110E-1
1.087576304E1,-5.427713013E-1,4.357438660E-1,5.851332092E-1,9.093152780E-1
1.088570304E1,-1.365161133E-1,7.102729797E-1,6.638694763E-1,9.817571169E-1
1.089564304E1,8.604107666E-1,1.237626343E0,7.390132141E-1,1.678739462E0
1.090558304E1,2.431842957E0,1.827998657E0,5.162763977E-1,3.085770661E0
1.091552304E1,5.094954987E0,1.851799164E0,2.969824219E-1,5.429173511E0
1.092546304E1,8.418343964E0,7.289840698E-1,4.975653076E-1,8.464484869E0
1.093540404E1,1.234108658E1,-1.178798676E0,1.688937836E0,1.251177427E1
1.094534404E1,1.774200531E1,-2.405647430E0,3.203039246E0,1.818860501E1
1.095528404E1,2.523961395E1,-1.577270050E0,1.909728699E0,2.536085482E1
1.096522404E1,3.209565674E1,-2.215393066E-1,2.466870117E0,3.219108121E1
1.097516404E1,3.304812607E1,4.071533203E-2,5.148244171E0,3.344674442E1
1.098510404E1,2.961411713E1,-1.919159088E0,3.780538330E0,2.991607553E1
1.099504404E1,2.561742828E1,-3.840563507E0,4.385580139E0,2.627234046E1
1.100498404E1,2.309906525E1,-3.851490784E0,5.990841980E0,2.417211170E1
1.101492504E1,2.465687576E1,-2.948418732E0,6.214776306E0,2.559840112E1
1.102486504E1,2.889261749E1,-3.171155548E0,5.435796204E0,2.957004318E1
1.103480504E1,2.577609833E1,-3.111280060E0,5.450166321E0,2.652907125E1
1.104474504E1,2.043939606E1,-2.461481323E0,6.831942902E0,2.169108677E1
1.105468504E1,1.717558319E1,-3.133733368E0,1.023032593E1,2.023562481E1
1.106462504E1,1.334998856E1,-1.422940979E0,5.446274414E0,1.448823179E1
1.107456504E1,7.070397034E0,2.725831604E0,-6.277645569E0,9.840198475E0
1.108450504E1,2.526895294E0,3.154989166E0,-9.207203522E0,1.005543401E1
1.109444604E1,2.238894196E0,1.918111267E0,-8.212072906E0,8.725247244E0
1.110438604E1,1.621128845E0,1.569186859E0,-5.914051666E0,6.329803571E0
1.111432604E1,5.462141418E-1,9.888436890E-1,-4.264631653E0,4.411716771E0
1.112426604E1,4.640350342E-2,5.944139099E-1,-3.852688293E0,3.898549508E0
1.113420604E1,-2.439926147E-2,3.411405945E-1,-3.403322754E0,3.420464588E0
1.114414604E1,3.409909058E-1,2.460882568E-1,-2.645598450E0,2.678810442E0
1.115408604E1,6.996450806E-1,-1.731898499E-1,-2.252216492E0,2.364736156E0
1.116402604E1,9.499246216E-1,-2.877017212E-1,-2.143093414E0,2.361774428E0
1.117396604E1,9.235794067E-1,-2.318678284E-1,-1.856140137E0,2.086149040E0
1.118390704E1,7.123686218E-1,-2.113604736E-1,-1.498533783E0,1.672646347E0
1.119384704E1,4.806504822E-1,-2.966830444E-1,-1.217118988E0,1.341798922E0
1.120378704E1,4.703219604E-1,-2.200424194E-1,-1.150806885E0,1.262528375E0
1.121372704E1,3.603007507E-1,-8.008346558E-2,-1.154998169E0,1.212538974E0
1.122366704E1,2.206411743E-1,1.646575928E-2,-1.001417542E0,1.025568497E0
1.123360704E1,1.070274353E-1,7.140151978E-2,-8.873547363E-1,8.966334128E-1
1.124354704E1,-4.041595459E-3,2.574645996E-1,-8.418493652E-1,8.803491968E-1
1.125348704E1,-1.017883301E-2,5.566923523E-1,-5.110372925E-1,7.557573010E-1
1.126342804E1,3.668870544E-1,7.746391296E-1,9.879455566E-2,8.628048772E-1
1.127336804E1,1.606609039E0,9.035211182E-1,9.222322083E-1,2.061081091E0
1.128330804E1,3.554059296E0,7.893086243E-1,2.144440613E0,4.225277639E0
1.129324804E1,6.381828918E0,5.647755432E-1,3.360362091E0,7.234552173E0
1.130318804E1,1.027208908E1,2.818638611E-1,4.040098572E0,1.104163293E1
1.131312804E1,1.573842178E1,-1.676513672E-2,3.271147614E0,1.607478174E1
1.132306804E1,2.216680389E1,6.248007202E-1,2.205812988E0,2.228504390E1
1.133300817E1,3.195450027E1,5.261558533E-1,2.866539001E0,3.208713097E1
1.134294917E1,3.718103165E1,1.191522217E-1,2.702180786E0,3.727928503E1
1.135288917E1,3.545347412E1,-2.236648865E0,1.888472900E0,3.557411637E1
1.136282917E1,2.808834000E1,-5.585335236E0,2.273172913E0,2.872835061E1
1.137276917E1,2.189646606E1,-6.491550751E0,4.089645538E0,2.320173825E1
1.138270917E1,2.447335739E1,-3.773952026E0,4.727768555E0,2.520991336E1
1.139264917E1,3.140454391E1,-1.619482269E0,5.074148254E0,3.185302312E1
1.140258917E1,2.736294846E1,-2.019151154E0,6.779102783E0,2.826241593E1
1.141252917E1,2.146611099E1,-2.415975952E0,9.565109253E0,2.362460954E1
1.142246917E1,1.831291809E1,-1.372944946E0,8.056696014E0,2.005388485E1
1.143241017E1,1.210173431E1,3.304827576E0,-1.114731903E0,1.259430371E1
1.144235017E1,7.587870941E0,4.722679138E0,-2.776576080E0,9.358891943E0
1.145229017E1,4.575834503E0,3.047213287E0,-3.928281097E0,6.756860410E0
1.146223017E1,3.604504395E0,2.119592285E-1,-2.953358459E0,4.664729878E0
1.147217017E1,2.545007629E0,-1.079555054E0,-2.384541321E0,3.650827339E0
1.148211017E1,1.305884399E0,-1.210233307E0,-2.486928406E0,3.058563653E0
1.149205017E1,1.429527283E-1,-9.273216248E-1,-2.829416199E0,2.980932221E0
1.150199017E1,-8.056246948E-1,-9.693841553E-1,-2.986140289E0,3.241260652E0
1.151193117E1,-1.218915253E0,-7.563771057E-1,-2.830913086E0,3.173630353E0
1.152187117E1,-1.220412140E0,-4.778063965E-1,-2.634820862E0,2.942785367E0
1.153181117E1,-6.228547668E-1,6.795867920E-2,-2.461331635E0,2.539826738E0
1.154175117E1,-4.508624268E-1,3.632945251E-1,-2.384691010E0,2.453978617E0
1.155169117E1,-1.314266968E-1,5.607339478E-1,-1.948498077E0,2.031831758E0
1.156163117E1,1.821711731E-1,9.089099121E-1,-2.206561432E0,2.393369365E0
1.157157117E1,9.505233765E-1,-3.138972473E-1,-9.840536499E-1,1.403705011E0
1.158151117E1,8.891510010E-1,-2.149530029E-1,-1.163979492E0,1.480419722E0
1.159145217E1,9.795629883E-1,-5.050497437E-1,-8.948391724E-1,1.419632359E0
1.160139217E1,8.363108826E-1,-5.333409119E-1,-5.595364380E-1,1.138836883E0
1.161133217E1,6.001020813E-1,-2.486329651E-1,-4.902305603E-1,8.137978014E-1
1.162127217E1,4.369413757E-1,1.320254517E-1,-1.645079041E-1,4.851920612E-1
1.163121217E1,5.634283447E-1,5.285508728E-1,2.552192688E-1,8.136058013E-1
1.164115217E1,1.545386353E0,9.633966064E-1,8.342152405E-1,2.003064419E0
1.165109217E1,3.619922333E0,1.112187195E0,1.510059814E0,4.076895718E0
1.166103217E1,6.650520172E0,5.989045715E-1,2.110461273E0,7.003010212E0
1.167097317E1,1.091844498E1,-4.029620361E-1,2.199675751E0,1.114510621E1
1.168091317E1,1.728276031E1,-1.244811401E0,2.629282379E0,1.752588044E1
1.169085317E1,2.504277328E1,-7.228468323E-1,3.968996429E0,2.536564476E1
1.170079317E1,3.237213181E1,1.352587280E0,5.559738464E0,3.287392739E1
1.171073317E1,3.620805496E1,3.090173950E0,5.462889862E0,3.674800110E1
1.172067317E1,3.280233719E1,2.273472290E0,5.537434845E0,3.334404274E1
1.173061317E1,2.461421448E1,-2.986739044E0,7.055128784E0,2.577896442E1
1.174055317E1,1.966610413E1,-5.113067322E0,7.961793365E0,2.182405239E1
1.175049317E1,1.936552917E1,-4.242477722E0,5.893095245E0,2.068213986E1
1.176043417E1,2.605930939E1,-2.628384247E0,5.277724915E0,2.671797877E1
1.177037417E1,2.920786194E1,-1.734443207E0,4.843927002E0,2.965756431E1
1.178031417E1,2.199002151E1,-2.769091644E0,4.534520416E0,2.262279360E1
1.179025417E1,1.737990829E1,-3.681145020E0,5.560486908E0,1.861534463E1
1.180019417E1,1.430215851E1,-2.077380066E0,5.295088806E0,1.539172542E1
1.181013417E1,8.860225067E0,2.012564850E0,-1.971999207E0,9.297461287E0
1.182007417E1,2.322869568E0,5.669011230E0,-7.343878326E0,9.563783782E0
1.183001417E1,6.128256226E-1,3.683689728E0,-7.176526337E0,8.089972529E0
1.183995517E1,-5.703140259E-1,1.863025818E0,-6.557563477E0,6.840888980E0
1.184989517E1,-5.894741821E-1,6.014492798E-1,-6.124214630E0,6.181846478E0
1.185983517E1,-8.514294434E-1,9.879455566E-3,-5.232967987E0,5.301790608E0
1.186977517E1,-1.229543152E0,2.040257263E-1,-4.216132507E0,4.396495898E0
1.187971517E1,-1.271156616E0,9.505233765E-2,-2.885399780E0,3.154426411E0
1.188965517E1,-1.405577087E-1,-9.280700684E-3,-1.434017944E0,1.440919868E0
1.189959517E1,7.240443420E-1,-9.250762939E-2,-1.011147308E0,1.247083297E0
1.190953517E1,1.409618683E0,-4.370910645E-2,-8.797206116E-1,1.662180397E0
1.191947617E1,1.449435883E0,7.469467163E-2,-9.599537659E-1,1.740101981E0
1.192941617E1,1.552571411E0,2.933898926E-1,-1.125060425E0,1.939669192E0
1.193935617E1,1.303788757E0,1.701960754E-1,-7.216493225E-1,1.499869852E0
1.194929617E1,9.780661011E-1,-1.490899658E-1,-4.734654236E-1,1.096818409E0
1.195923617E1,6.453080750E-1,-4.643344116E-1,-5.652246094E-1,9.754526213E-1
1.196917617E1,4.308041382E-1,-6.539900208E-1,-7.229965210E-1,1.065841978E0
1.197911617E1,3.944297791E-1,-5.532495117E-1,-4.424798584E-1,8.108318555E-1
1.198905617E1,7.213499451E-1,-1.616638184E-1,1.746867371E-1,7.596027840E-1
1.199899617E1,2.070793762E0,5.090913391E-1,7.117698669E-1,2.248105233E0
1.200893717E1,4.647086334E0,1.279239807E0,1.400038605E0,5.019160684E0
1.201887717E1,8.176147614E0,1.792223053E0,2.333198090E0,8.689376652E0
1.202881717E1,1.251053421E1,1.901196442E0,2.762954407E0,1.295229444E1
1.203875717E1,1.772733582E1,1.655108185E0,3.724854126E0,1.818989710E1
1.204869717E1,2.370515488E1,1.573078766E0,4.697232056E0,2.421720326E1
1.205863717E1,3.359089737E1,6.271957397E-2,5.953569489E0,3.411447361E1
1.206857717E1,3.511592606E1,-2.013462982E0,6.246959381E0,3.572403669E1
1.207851717E1,2.710144226E1,-4.735851746E0,5.559588776E0,2.806822922E1
1.208845817E1,2.037667648E1,-4.300556946E0,4.468058624E0,2.129946672E1
1.209839817E1,2.048460205E1,-2.098635864E0,4.603676605E0,2.110016663E1
1.210833817E1,2.549318665E1,2.689906311E-1,6.734944611E0,2.636919415E1
1.211827817E1,2.841555954E1,-9.105564880E-1,6.230044556E0,2.910475206E1
1.212821817E1,2.334949448E1,-2.560874634E0,4.914280701E0,2.399806505E1
1.213815817E1,1.789902878E1,-2.995870056E0,5.043013000E0,1.883566958E1
1.214809817E1,1.574336151E1,-2.124082947E0,5.365891571E0,1.676776528E1
1.215803817E1,1.195503937E1,-3.100053406E-1,2.748284912E0,1.227078398E1
1.216797917E1,8.057893524E0,1.187929688E0,-1.738784180E0,8.328517000E0
1.217791917E1,5.165608063E0,1.066681824E0,-5.220543823E0,7.421279848E0
1.218785917E1,3.735781403E0,2.927911377E-1,-5.827531586E0,6.928341340E0
1.219779917E1,2.841690674E0,-7.611671448E-1,-6.328839111E0,6.979167988E0
1.220773917E1,2.000739441E0,-1.565145264E0,-5.792354736E0,6.324872441E0
1.221767917E1,1.498234406E0,-1.257235565E0,-4.551734619E0,4.954153373E0
1.222761917E1,9.190887451E-1,-2.589614868E-1,-3.514840851E0,3.642237139E0
1.223755917E1,4.058061218E-1,6.554869080E-1,-2.111359406E0,2.247705549E0
1.224749917E1,1.434017944E-1,1.415157166E0,-8.193960571E-1,1.641537016E0
1.225744017E1,-6.406677246E-2,1.383423157E0,9.056167603E-2,1.387863682E0
1.226738017E1,-5.049000549E-1,-9.623487854E-1,-4.514611816E-1,1.176799239E0
1.227732017E1,1.612147522E-1,-9.328601074E-1,2.935395813E-1,9.911526937E-1
1.228726017E1,6.436614990E-3,1.030457153E0,9.485774231E-1,1.400600765E0
1.229720017E1,3.644920349E-1,3.932322693E-1,1.942959595E-1,5.702955208E-1
1.230714017E1,1.790277100E-1,-5.679190063E-1,-1.580712891E-1,6.160920801E-1
1.231708017E1,-2.727328491E-1,-8.443940735E-1,-6.807843018E-1,1.118414871E0
1.232701954E1,-5.908213806E-1,-5.129832458E-1,-1.063987427E0,1.320716078E0
1.233696054E1,-4.278103638E-1,2.297721863E-1,-1.009051666E0,1.119822410E0
1.234690054E1,-2.649490356E-2,1.031804352E0,-9.074130249E-1,1.374307316E0
1.235684054E1,1.566043396E0,2.273322601E0,-1.252445526E0,3.031354048E0
1.236678054E1,4.695435791E0,3.122955780E0,-1.429976349E0,5.817628592E0
1.237672054E1,9.492061157E0,2.733765106E0,-1.630259857E0,1.001151556E1
1.238666054E1,1.554232956E1,1.453926544E0,2.495310974E-1,1.561218038E1
1.239660054E1,2.434956482E1,8.607101440E-2,2.001787262E0,2.443186173E1
1.240654054E1,3.189761856E1,-1.360520782E0,2.139650574E0,3.199823731E1
1.241648154E1,3.107657593E1,-1.893262939E0,2.540516968E0,3.123767345E1
1.242642154E1,2.671554474E1,-5.616320801E-1,1.411414948E0,2.675869678E1
1.243636154E1,2.471705063E1,1.151705017E0,1.395697632E0,2.478319971E1
1.244630154E1,2.580394043E1,1.528621216E0,2.732268219E0,2.599317822E1
1.245624154E1,2.634746017E1,-1.560804291E0,2.565365295E0,2.651802909E1
1.246618154E1,2.786231003E1,-4.813240814E0,3.394790497E0,2.847806541E1
1.247612154E1,2.821782074E1,-6.793323212E0,6.492748260E0,2.974139249E1
1.248606154E1,2.538166855E1,-4.525688782E0,8.442593536E0,2.712910509E1
1.249600154E1,1.888218430E1,1.125210114E0,9.383985901E-1,1.893894330E1
1.250594254E1,1.035606445E1,3.944746857E0,-6.850803680E0,1.302853061E1
1.251588254E1,6.499484253E0,3.548221436E0,-4.922812958E0,8.891977189E0
1.252582254E1,4.845723267E0,1.975442047E0,-3.424728241E0,6.253972240E0
1.253576254E1,4.628674622E0,5.019062805E-1,-3.265758820E0,5.686978049E0
1.254570254E1,4.179309082E0,-1.881587219E-1,-3.735781403E0,5.608751269E0
1.255564254E1,3.207978973E0,-9.888436890E-1,-3.178490295E0,4.622958089E0
1.256558254E1,2.326761475E0,-1.370250549E0,-2.923869781E0,3.980002516E0
1.257552254E1,1.420545959E0,-1.381327515E0,-3.319946136E0,3.866271961E0
1.258546354E1,4.622387695E-1,-8.692424011E-1,-3.700604553E0,3.829323843E0
1.259540354E1,3.562591553E-2,7.589218140E-2,-3.577410736E0,3.578392992E0
1.260534354E1,-4.439767456E-1,1.074016571E0,-3.380719757E0,3.574897624E0
1.261528354E1,-8.610095215E-1,1.670376434E0,-2.931354218E0,3.482001203E0
1.262522354E1,-9.641450500E-1,1.743424530E0,-2.316582642E0,3.055431214E0
1.263516354E1,-9.360035706E-1,1.425036621E0,-1.441951447E0,2.232947834E0
1.264510354E1,-6.393205261E-1,1.288520508E0,-1.023721161E0,1.765508666E0
1.265504354E1,-3.357518005E-1,1.074465637E0,-7.707472229E-1,1.364278915E0
1.266498454E1,-1.902543640E-1,6.861730957E-1,-4.484674072E-1,8.415184226E-1
1.267492454E1,-9.729766846E-3,1.402583313E-1,-3.402424622E-1,3.681467111E-1
1.268486454E1,1.311273193E-1,-1.820214844E-1,-2.170486450E-1,3.121478960E-1
1.269480454E1,6.137237549E-3,-3.345542908E-1,-2.395019531E-2,3.354666168E-1
1.270474454E1,2.414479065E-1,-1.537303162E-1,3.688330078E-1,4.668703132E-1
1.271468454E1,1.036594391E0,1.133143616E-1,8.520281982E-1,1.346595755E0
1.272462454E1,2.551144867E0,5.125341797E-1,1.095721436E0,2.823408734E0
1.273456454E1,4.830305328E0,1.039588165E0,4.412823486E-1,4.960576905E0
1.274450454E1,7.418123932E0,1.482517090E0,-1.199605408E0,7.659338922E0
1.275444554E1,1.266351608E1,-8.457412720E-1,1.500479736E0,1.278011570E1
1.276438554E1,1.691198135E1,-2.192191315E0,5.195246429E0,1.782726568E1
1.277432554E1,2.362656830E1,-3.506757660E0,6.315067749E0,2.470611583E1
1.278426554E1,3.440595245E1,-2.284399567E0,5.084925842E-1,3.448545505E1
1.279420554E1,4.065830063E1,2.196382599E0,-2.106419678E0,4.077203098E1
1.280414554E1,3.454995300E1,4.182602234E0,1.692230988E0,3.484332159E1
1.281408554E1,2.331252136E1,2.161205750E0,3.434008942E0,2.366298544E1
1.282402654E1,1.736853195E1,4.183799744E-1,2.783910828E0,1.759520115E1
1.283396654E1,2.062171692E1,-2.367327118E0,1.376687164E0,2.080275736E1
1.284390654E1,3.029999084E1,-4.966522064E0,5.101241913E0,3.112520611E1
1.285384654E1,3.190076202E1,-9.434580688E0,1.199590439E1,3.536342252E1
1.286378654E1,2.015723282E1,-4.428241425E0,-1.216819611E0,2.067375164E1
1.287372654E1,1.255708740E1,2.670446777E0,-2.828518066E0,1.314580711E1
1.288366654E1,1.015997223E1,2.798730011E0,-2.414029999E0,1.081135820E1
1.289360654E1,7.312144318E0,2.933449860E0,-4.302053833E0,8.976650254E0
1.290354654E1,6.175408173E0,1.013841705E0,-2.594255219E0,6.774489002E0
1.291348754E1,5.015619965E0,-4.043092346E-1,-2.587968292E0,5.658399904E0
1.292342754E1,3.343896332E0,-7.608677673E-1,-2.862647095E0,4.467136759E0
1.293336754E1,1.962119751E0,-1.086740112E0,-3.446433105E0,4.112033456E0
1.294330754E1,6.724017334E-1,-1.479373627E0,-3.801644440E0,4.134388814E0
1.295324754E1,-5.046006775E-1,-1.492246857E0,-3.841910706E0,4.152312656E0
1.296318754E1,-1.485810242E0,-1.253343658E0,-3.758234711E0,4.231173660E0
1.297312754E1,-1.782044220E0,-7.750881958E-1,-3.195554810E0,3.740055328E0
1.298306754E1,-1.968256989E0,-3.585044861E-1,-2.171384583E0,2.952536544E0
1.299300854E1,-1.830992432E0,1.941462708E-1,-1.207688599E0,2.201984971E0
1.300294854E1,-1.443298645E0,5.287005615E-1,-8.116122437E-1,1.738203008E0
1.301288854E1,-7.012916565E-1,8.521778870E-1,-5.396278381E-1,1.228501259E0
1.302282854E1,2.954855347E-1,1.127605133E0,-5.276527405E-1,1.279539938E0
1.303276854E1,8.550219727E-1,1.201401672E0,-5.149291992E-1,1.561915693E0
1.304270854E1,1.001716919E0,1.005010071E0,-6.327342224E-1,1.553652028E0
1.305264854E1,1.125210114E0,8.538244629E-1,-2.821632385E-1,1.440392345E0
1.306258854E1,9.547146606E-1,7.623646545E-1,7.813751221E-2,1.224248921E0
1.307252954E1,1.355281677E0,9.020242310E-1,5.912704468E-1,1.732061454E0
1.308246954E1,2.624043274E0,1.204545135E0,6.737489319E-1,2.964872630E0
1.309240954E1,5.641618195E0,1.410965881E0,4.785548401E-1,5.835040300E0
1.310234954E1,1.058538757E1,1.160087585E0,9.551637268E-1,1.069151865E1
1.311228954E1,1.561028824E1,4.111949158E-1,2.079176331E0,1.575351245E1
1.312222954E1,1.940699295E1,-5.173242188E-1,2.775079193E0,1.961122292E1
1.313216954E1,2.430226318E1,-1.019380188E-1,1.436113586E0,2.434487234E1
1.314210954E1,2.870131531E1,1.968855743E0,2.080673218E-1,2.876951834E1
1.315204954E1,2.909439789E1,3.231929169E0,1.419647827E0,2.930775929E1
1.316199054E1,2.975093262E1,2.592608643E-1,2.642454987E0,2.986917769E1
1.317193054E1,2.624252838E1,-5.972729645E0,4.193230133E0,2.723833648E1
1.318187054E1,1.997012192E1,-7.789651337E0,6.096971283E0,2.228581379E1
1.319181054E1,1.697874252E1,-4.841082916E0,4.506378937E0,1.822144979E1
1.320175054E1,2.192056595E1,-2.020049286E0,2.840343475E0,2.219593120E1
1.321169054E1,2.772579391E1,-9.669891357E-2,3.103346558E0,2.789909960E1
1.322163054E1,2.363809433E1,-7.876620483E-1,5.430557098E0,2.426666160E1
1.323157054E1,1.903771088E1,-3.194207611E0,9.502689056E0,2.151600560E1
1.324151154E1,1.425096497E1,-2.222877502E-1,-2.855611725E0,1.453595310E1
1.325145154E1,7.922724609E0,5.410648499E0,-4.318070526E0,1.052095126E1
1.326139154E1,5.509143677E0,4.476890259E0,-5.693260803E0,9.099803790E0
1.327133154E1,3.557801514E0,2.034120026E0,-5.055736542E0,6.508153952E0
1.328127154E1,3.015479279E0,-4.170327759E-1,-3.928430786E0,4.969869219E0
1.329121154E1,2.253713379E0,-1.312171326E0,-3.947740631E0,4.731350090E0
1.330115154E1,1.253942413E0,-1.411714325E0,-4.231101379E0,4.633306357E0
1.331109154E1,1.339714050E-1,-1.507964172E0,-3.438798981E0,3.757291939E0
1.332103254E1,-8.765771484E-1,-1.772164764E0,-2.657723236E0,3.312468603E0
1.333097267E1,-1.659000092E0,-1.800755310E0,-2.158511353E0,3.264072954E0
1.334091267E1,-2.156266022E0,-1.469045105E0,-1.821562042E0,3.182085001E0
1.335085267E1,-2.122436371E0,-1.745370483E-1,-1.927092590E0,2.872087252E0
1.336079267E1,-1.270707550E0,-6.586303711E-1,-6.427633667E-1,1.568960289E0
1.337073267E1,-5.339396667E-1,7.250921631E-1,-7.929011536E-1,1.199809340E0
1.338067267E1,2.776725769E-1,1.281335449E0,-6.285429382E-1,1.453956264E0
1.339061267E1,6.357279968E-1,1.423839111E0,-6.556365967E-2,1.560694235E0
1.340055367E1,8.192463684E-1,1.466949463E0,1.654060364E-1,1.688331868E0
1.341049367E1,9.334588623E-1,1.260079651E0,7.843688965E-2,1.570126912E0
1.342043367E1,1.090332642E0,9.671388245E-1,3.192860413E-1,1.492020895E0
1.343037367E1,1.584904175E0,9.054670715E-1,4.113446045E-1,1.871094932E0
1.344031367E1,2.517764282E0,1.207688599E0,4.463717651E-1,2.827878442E0
1.345025367E1,4.249962158E0,1.554217987E0,4.547543335E-1,4.548029617E0
1.346019367E1,6.516548767E0,1.395547943E0,7.220983887E-1,6.703311717E0
1.347013367E1,9.618398438E0,5.987548828E-1,1.966909790E0,9.835691640E0
1.348007467E1,1.371867188E1,2.215393066E-2,3.524570618E0,1.416421713E1
1.349001467E1,2.121059235E1,-1.067430267E0,5.232069855E0,2.187242991E1
1.349995467E1,2.638712769E1,-6.213578796E-1,5.135370941E0,2.688937760E1
1.350989467E1,3.109438889E1,-5.867797852E-2,4.183650055E0,3.137462974E1
1.351983467E1,3.238261002E1,-1.312770081E-1,3.900588684E0,3.261694739E1
1.352977467E1,2.686179062E1,-2.799478455E0,3.753444672E0,2.726685207E1
1.353971467E1,2.149559967E1,-4.401596832E0,4.516857147E0,2.240171552E1
1.354965467E1,1.976684464E1,-3.209625549E0,3.200494537E0,2.027986707E1
1.355959567E1,2.418894882E1,-1.357077942E0,1.970652008E0,2.430700259E1
1.356953567E1,2.943179626E1,-6.297404480E-1,2.050436096E0,2.950985416E1
1.357947567E1,2.592878082E1,-2.166295166E0,1.827399902E0,2.608321108E1
1.358941567E1,1.968256989E1,-4.625082092E0,6.677613831E0,2.129285016E1
1.359935567E1,1.777837967E1,-8.079598389E0,1.412417862E1,2.410068703E1
1.360929567E1,1.102487366E1,9.758207703E-1,-2.877316589E0,1.143586534E1
1.361923567E1,6.331383820E0,6.442303162E0,-4.957241364E0,1.030358836E1
1.362917567E1,3.595672760E0,4.220473480E0,-8.427624664E0,1.008791933E1
1.363911667E1,3.982318726E0,2.897973633E0,-7.442373505E0,8.924462840E0
1.364905667E1,3.204236755E0,1.872306519E0,-4.834346924E0,6.094552901E0
1.365899667E1,1.243613892E0,9.789642334E-1,-2.071991272E0,2.607315538E0
1.366893667E1,-4.427792358E-1,2.415975952E-1,-2.300715637E-1,5.543967660E-1
1.367887667E1,-2.206711121E0,-3.817062378E-1,1.328337708E0,2.603796207E0
1.368881667E1,-2.766097870E0,-3.694317627E-1,2.018851776E0,3.444348958E0
1.369875667E1,-1.971250763E0,-2.751278687E-1,1.829046478E0,2.703134465E0
1.370869667E1,-1.515598297E0,-1.227746887E0,2.598596191E0,3.249169553E0
1.371863767E1,-8.213420105E-1,-4.957690430E-1,2.279310150E0,2.472982896E0
1.372857767E1,-1.032103729E0,-2.275268555E-2,1.242266693E0,1.615234450E0
1.373851767E1,-1.664837952E0,5.983058167E-1,1.060245209E0,2.062468220E0
1.374845767E1,-1.423090668E0,5.545967102E-1,3.915856934E-1,1.576738379E0
1.375839767E1,-8.440946960E-1,-2.993774414E-2,1.088087311E0,1.377434616E0
1.376833767E1,-7.122189331E-1,4.177812195E-1,-2.122586060E-1,8.525553776E-1
1.377827767E1,-6.259982300E-1,5.535488892E-1,-8.764274597E-1,1.210956336E0
1.378821767E1,3.285667419E-1,9.205856323E-1,-1.262474670E0,1.596645328E0
1.379815867E1,2.286046143E0,1.769170990E0,-7.921527100E-1,2.997245214E0
1.380809867E1,4.822072449E0,2.585722961E0,-4.272116089E-1,5.488247051E0
1.381803867E1,7.726333008E0,2.402204590E0,-2.326162720E-1,8.094499303E0
1.382797867E1,1.054048096E1,1.276695099E0,7.569758606E-1,1.064446812E1
1.383791867E1,1.503727982E1,-4.031117249E-1,1.795815582E0,1.514949626E1
1.384785867E1,2.018746994E1,-4.550537109E-1,1.678908691E0,2.026227408E1
1.385779867E1,2.623564270E1,5.528004456E-1,1.255588989E0,2.627148720E1
1.386773867E1,3.014446426E1,1.079255676E0,2.489173737E0,3.026630973E1
1.387767867E1,2.982607635E1,3.526666260E-1,3.201392670E0,2.999946865E1
1.388761967E1,2.763777695E1,-1.129102020E0,4.042343903E0,2.795464416E1
1.389755967E1,2.466675522E1,-2.873125305E0,3.921245728E0,2.514119786E1
1.390749967E1,2.107048370E1,-4.339176636E0,3.643423462E0,2.181898879E1
1.391743967E1,1.833836517E1,-2.878663788E0,3.084485779E0,1.881744921E1
1.392737967E1,2.055046509E1,-1.101858673E0,2.032772827E0,2.068013233E1
1.393731967E1,2.534080353E1,-7.479945374E-1,1.743424530E0,2.541171675E1
1.394725967E1,2.320998459E1,-5.577401733E-1,2.314936066E0,2.333181064E1
1.395719967E1,1.797087936E1,-1.751058655E0,1.178574142E1,2.156205956E1
1.396714067E1,1.502305939E1,-6.031557312E0,2.836107285E1,3.265612423E1
1.397708067E1,9.668095093E0,4.327351227E0,-1.218376373E1,1.614441483E1
1.398702067E1,4.976551208E0,7.745942230E0,-1.430889450E1,1.701499764E1
1.399696067E1,5.684129791E0,4.736300812E0,-1.048524582E1,1.283285848E1
1.400690067E1,8.075257416E0,2.702779541E0,-6.587950287E0,1.076642413E1
1.401684067E1,5.275778961E0,5.942642212E-1,-1.521735535E0,5.522922474E0
1.402678067E1,2.849624176E0,-3.757186890E-2,1.371747437E0,3.162824785E0
1.403672167E1,1.732946320E0,-3.109034729E-1,1.791025543E0,2.511480920E0
1.404666167E1,-4.505630493E-2,-3.739224243E-1,2.097737732E0,2.131279344E0
1.405660167E1,-1.495989075E0,-5.688171387E-3,1.480271759E0,2.104571250E0
1.406654167E1,-2.027234344E0,-1.618284760E0,1.788331146E0,3.150659128E0
1.407648167E1,-2.684517517E0,-6.273454285E-1,8.482859802E-1,2.884403871E0
1.408642167E1,-2.793041840E0,-3.963757324E-1,2.240840149E-1,2.829913441E0
1.409636167E1,-2.316133575E0,-2.393522644E-1,-1.963916016E-1,2.336735738E0
1.410630167E1,-1.687141571E0,1.109043732E0,-1.020877075E0,2.262435564E0
1.411624167E1,-2.724334717E-1,2.170486450E-1,-2.270777893E-1,4.158057638E-1
1.412618267E1,3.622467041E-1,1.272354126E-2,5.683680725E-1,6.741118817E-1
1.413612267E1,7.301815796E-1,6.706054688E-1,-4.409829712E-1,1.085054291E0
1.414606267E1,7.309300232E-1,1.091829529E0,-5.665718079E-1,1.430857796E0
1.415600267E1,1.596280518E0,7.304809570E-1,-1.315763855E-1,1.760405142E0
1.416594267E1,3.293900299E0,3.498225403E-1,1.450633392E0,3.616143281E0
1.417588267E1,5.476361847E0,1.810185699E0,8.162525940E-1,5.825253612E0
1.418582267E1,9.875863037E0,2.943928070E0,6.574328613E-1,1.032625785E1
1.419576367E1,1.481169891E1,2.791544952E0,2.002386017E0,1.520489058E1
1.420570367E1,1.876976807E1,1.014889526E0,3.236569519E0,1.907379292E1
1.421564367E1,2.412203796E1,-1.753753052E0,4.843028870E0,2.466583252E1
1.422558367E1,2.729888168E1,-3.236719208E0,3.830534363E0,2.775568925E1
1.423552367E1,2.750515274E1,-2.771187286E0,1.931732941E0,2.771181153E1
1.424546367E1,2.563224747E1,-1.450483704E0,2.513572998E0,2.579600865E1
1.425540367E1,2.491029877E1,-1.300645294E0,3.024610291E0,2.512693635E1
1.426534367E1,2.317899902E1,-3.028352509E0,3.631148987E0,2.365633441E1
1.427528367E1,2.131926636E1,-4.061953125E0,4.835843811E0,2.223501668E1
1.428522467E1,2.194107330E1,-1.979483643E0,3.838916931E0,2.236216305E1
1.429516467E1,2.259536270E1,-5.463638306E-2,2.564616852E0,2.274050704E1
1.430510467E1,2.118828873E1,1.804347839E0,1.922003174E0,2.135165910E1
1.431504467E1,1.729099319E1,2.651885376E0,2.197879486E0,1.763070095E1
1.432498467E1,1.281245636E1,1.240919495E0,1.179397430E1,1.745842917E1
1.433492471E1,1.007165588E1,-1.980082397E0,1.991249176E1,2.240237279E1
1.434486471E1,5.559289398E0,4.731660461E0,-6.486161957E0,9.765480340E0
1.435480471E1,3.658542023E0,4.314927063E0,-1.763422943E1,1.851943771E1
1.436474571E1,3.503464508E0,1.122366028E0,-1.244347366E1,1.297590097E1
1.437468571E1,5.620212708E0,-1.280437317E0,-5.686973877E0,8.097405910E0
1.438462571E1,2.636916504E0,-2.768492889E0,-1.568139038E0,4.132425628E0
1.439456571E1,4.007167053E-1,-1.785037994E0,-7.607180786E-1,1.981319387E0
1.440450571E1,-3.794609070E-1,-6.264472961E-1,-2.833607483E-1,7.853152924E-1
1.441444571E1,-2.095492401E0,-4.725672913E-1,-2.574645996E-1,2.163491684E0
1.442438571E1,-2.801424408E0,-5.701643372E-1,5.849835205E-1,2.918093865E0
1.443432571E1,-2.979853363E0,-1.091081085E0,1.445543976E0,3.487059131E0
1.444426671E1,-2.584824829E0,-1.318757629E0,1.325044556E0,3.190013191E0
1.445420671E1,-1.976938934E0,-9.162446594E-1,3.838018799E-1,2.212486318E0
1.446414671E1,-1.295406189E0,-3.870950317E-1,-3.077600098E-1,1.386591498E0
1.447408671E1,-6.963519287E-1,-1.945953369E-2,-9.907896423E-1,1.211176617E0
1.448402671E1,-5.284011841E-1,1.118174744E-1,-1.649420013E0,1.735597113E0
1.449396671E1,-3.014730835E-1,9.400451660E-2,-1.405726776E0,1.440760438E0
1.450390671E1,4.228706360E-1,4.691244507E-1,-6.343807983E-1,8.951739062E-1
1.451384671E1,2.071392517E0,1.478625183E0,2.722837830E-1,2.559519066E0
1.452378771E1,4.364174652E0,2.484533386E0,9.653425598E-1,5.113786542E0
1.453372771E1,7.415579224E0,3.084036713E0,1.618135071E0,8.192707658E0
1.454366771E1,1.086320984E1,2.915038147E0,1.856738892E0,1.139974801E1
1.455360771E1,1.456710754E1,9.385482788E-1,2.304457855E0,1.477809261E1
1.456354771E1,1.812880096E1,-1.027164001E0,3.963757324E0,1.858547450E1
1.457348771E1,2.226215561E1,-2.584675140E0,5.024900665E0,2.296810277E1
1.458342771E1,2.685280930E1,-2.792293396E0,5.374872894E0,2.752743228E1
1.459336771E1,3.053604996E1,-2.377505951E0,6.094276886E0,3.122888234E1
1.460330871E1,2.996633469E1,-1.502874756E0,7.410190430E0,3.090551357E1
1.461324871E1,2.405168427E1,-2.289938049E0,7.661068726E0,2.534599192E1
1.462318871E1,2.063518890E1,-3.290756836E0,6.478527832E0,2.187718959E1
1.463312871E1,2.101450012E1,-3.914809113E0,5.024152222E0,2.195853026E1
1.464306871E1,2.118619308E1,-2.839894409E0,5.254972229E0,2.201214462E1
1.465300871E1,2.421095306E1,-2.465672607E0,4.771327972E0,2.479950323E1
1.466294871E1,2.749557266E1,-3.844904480E0,3.564687195E0,2.799101287E1
1.467288871E1,2.099773499E1,-2.045646057E0,3.596421204E0,2.140149032E1
1.468282971E1,1.388497604E1,-3.722758484E-1,5.366640015E0,1.489066735E1
1.469276971E1,1.194905182E1,-1.384021912E0,1.312321014E1,1.780207854E1
1.470270971E1,8.754245453E0,-1.208287354E0,8.335416412E0,1.214808374E1
1.471264971E1,4.184847565E0,3.817062378E0,-1.155566986E1,1.286920434E1
1.472258971E1,1.020278320E0,2.506238251E0,-1.400996613E1,1.426889445E1
1.473252971E1,1.507365417E0,8.527766418E-1,-9.275611267E0,9.435907104E0
1.474246971E1,2.438728638E0,-5.409750366E-1,-6.031407623E0,6.528240902E0
1.475240971E1,1.067430267E0,-1.196461945E0,-3.455713806E0,3.809578254E0
1.476235071E1,4.041595459E-1,-2.465373230E-1,-1.998045044E0,2.053365430E0
1.477229071E1,8.592132568E-2,3.068618774E-1,-1.675166473E0,1.705206556E0
1.478223071E1,3.173400879E-2,4.309538269E-1,-1.954934692E0,2.002123348E0
1.479217071E1,3.216810608E-1,6.655160522E-1,-1.956431580E0,2.091414556E0
1.480211071E1,4.378395081E-1,-2.779719543E-1,-5.698649597E-1,7.705309303E-1
1.481205071E1,4.073030090E-1,2.993774414E-4,-4.270619202E-1,5.901505862E-1
1.482199071E1,-2.552192688E-1,3.863465881E-1,-1.567240906E-1,4.888384211E-1
1.483193071E1,-5.601351929E-1,1.044527893E0,6.682104492E-1,1.360623077E0
1.484187171E1,-5.188211060E-1,1.718576202E0,7.614665222E-1,1.950002761E0
1.485181171E1,-5.213658142E-1,1.666334839E0,3.023712158E-1,1.771982635E0
1.486175171E1,-4.296066284E-1,1.131047974E0,7.783813477E-2,1.212390263E0
1.487169171E1,1.655557251E-1,9.840536499E-1,3.487747192E-2,9.984922243E-1
1.488163171E1,1.475032654E0,1.162033539E0,2.544708252E-3,1.877777876E0
1.489157171E1,3.999832306E0,1.236877899E0,5.721102905E-1,4.225616594E0
1.490151171E1,7.665709076E0,1.294358368E0,1.184935913E0,7.864002310E0
1.491145171E1,1.177197006E1,1.102457428E0,2.283950500E0,1.204205636E1
1.492139271E1,1.530597107E1,2.109114075E-1,3.881428528E0,1.579185617E1
1.493133271E1,1.774110718E1,-1.319057007E0,4.834646301E0,1.843530852E1
1.494127271E1,2.168660248E1,-3.266207886E0,5.104535065E0,2.251739592E1
1.495121271E1,2.717299347E1,-3.888014832E0,1.980531464E0,2.752109624E1
1.496115271E1,3.097778137E1,-4.929848328E0,-4.909790039E-1,3.137144249E1
1.497109271E1,2.863874542E1,-4.849016418E0,5.842350769E-1,2.905222935E1
1.498103271E1,2.492751297E1,-4.428540802E0,4.554129639E0,2.572417099E1
1.499097271E1,2.432860840E1,-3.885769501E0,6.724466400E0,2.553818395E1
1.500091371E1,2.513093994E1,-2.771935730E0,7.182813263E0,2.628384630E1
1.501085371E1,2.610795822E1,-1.634750519E0,6.544390869E0,2.696529146E1
1.502079371E1,2.248070114E1,-1.348845062E0,5.595364380E0,2.320580551E1
1.503073371E1,1.751328094E1,-9.177415466E-1,4.362079010E0,1.807166269E1
1.504067371E1,1.455333618E1,-4.294569397E-1,6.602619781E0,1.598682630E1
1.505061371E1,1.228180984E1,-5.682183838E-1,1.014874557E1,1.594248293E1
1.506055371E1,8.240214386E0,-1.047821045E-3,5.648803253E0,9.990501109E0
1.507049371E1,3.653003540E0,3.732188873E0,-9.898765411E0,1.119192679E1
1.508043471E1,2.514022064E0,1.896406403E0,-9.066047058E0,9.597388887E0
1.509037471E1,2.542612610E0,1.837878113E0,-8.504564667E0,9.064783230E0
1.510031471E1,2.173779602E0,9.865983582E-1,-6.091582489E0,6.542634890E0
1.511025471E1,6.939569092E-1,1.871109009E-1,-4.491559753E0,4.548702639E0
1.512019471E1,6.511459351E-2,2.204914856E-1,-3.841012573E0,3.847886952E0
1.513013471E1,-2.415975952E-1,3.875440979E-1,-3.316503296E0,3.347798372E0
1.514007471E1,-1.097218323E-1,2.505789185E-1,-2.437231750E0,2.452534868E0
1.515001471E1,-9.250762939E-2,-3.800596619E-1,-1.374890900E0,1.429450242E0
1.515995571E1,3.273692322E-1,-8.614585876E-1,-4.514611816E-1,1.026205979E0
1.516989571E1,1.372645569E-1,-9.960287476E-1,-2.811154175E-1,1.044002252E0
1.517983571E1,1.960922241E-2,-6.315367126E-1,-2.597099304E-1,6.831342394E-1
1.518977571E1,8.981323242E-4,-5.822891235E-2,-3.992198181E-1,4.034450099E-1
1.519971571E1,-1.074765015E-1,2.737806702E-1,-3.698808289E-1,4.725662718E-1
1.520965571E1,-1.353186035E-1,2.568658447E-1,-1.442999268E-1,3.242123617E-1
1.521959571E1,1.140628052E-1,1.725910950E-1,6.421646118E-2,2.166143196E-1
1.522953571E1,3.866459656E-1,4.266128540E-2,2.243833923E-1,4.490690311E-1
1.523947671E1,1.073567505E0,-7.484436035E-3,5.218148804E-1,1.193689228E0
1.524941671E1,2.578088837E0,3.893403625E-1,1.688488770E-1,2.612783556E0
1.525935671E1,5.675747223E0,-1.010698242E0,2.056723022E0,6.120925344E0
1.526929671E1,9.388177185E0,-1.308878174E0,2.540067902E0,9.813408066E0
1.527923671E1,1.446801361E1,-2.416275330E0,3.917653198E0,1.518254955E1
1.528917671E1,2.041589493E1,-4.129911804E0,5.916446686E0,2.165338954E1
1.529911671E1,2.554078766E1,-5.022805023E0,5.468578033E0,2.659822833E1
1.530905671E1,2.962444565E1,-3.376827850E0,2.160906372E0,2.989448549E1
1.531899671E1,2.986858795E1,-2.253414001E0,-1.209784241E0,2.997789183E1
1.532893817E1,2.534155197E1,-3.616778870E0,5.313949585E-1,2.560386155E1
1.533887817E1,2.246004410E1,-4.361031189E0,6.270011444E0,2.372309460E1
1.534881817E1,2.394525558E1,-3.228636017E0,5.797294464E0,2.484769564E1
1.535875817E1,2.830104767E1,-3.799099731E-1,5.722300415E0,2.887625933E1
1.536869817E1,2.812471436E1,1.619182892E0,6.634054413E0,2.894187259E1
1.537863817E1,2.154020691E1,6.620732117E-1,5.771997070E0,2.230997097E1
1.538857817E1,1.648926041E1,3.438349915E-1,5.217400360E0,1.729841605E1
1.539851917E1,1.441008408E1,-1.727258148E0,7.929011536E0,1.653793118E1
1.540845917E1,1.424123520E1,-5.405110016E0,1.183873123E1,1.929205928E1
1.541839917E1,8.357270966E0,1.347348175E0,5.394781494E-1,8.482355909E0
1.542833917E1,3.169658661E0,8.041876831E0,-8.430169373E0,1.207419872E1
1.543827917E1,1.992955627E0,2.067650299E0,-7.008575592E0,7.574112603E0
1.544821917E1,1.517095184E0,1.052910461E0,-7.052135010E0,7.289911278E0
1.545815917E1,2.731819153E-1,6.213578796E-1,-5.705535278E0,5.745767728E0
1.546809917E1,-9.208850098E-1,1.598675537E-1,-5.135370941E0,5.219733857E0
1.547803917E1,-1.713187408E0,-3.600013733E-1,-4.604724426E0,4.926266246E0
1.548798017E1,-2.094893646E0,-1.192570038E0,-3.922293549E0,4.603823342E0
1.549792017E1,-1.925296326E0,-2.379002838E0,-3.190166016E0,4.420812103E0
1.550786017E1,-9.608518982E-1,-2.791544952E0,-2.983146515E0,4.197037374E0
1.551780017E1,-2.874023438E-2,-2.309247894E0,-2.946772156E0,3.743917464E0
1.552774017E1,8.461903381E-1,-9.599537659E-1,-2.737207947E0,3.021565267E0
1.553768017E1,2.038910065E0,9.047186279E-1,-2.578388214E0,3.409362965E0
1.554762017E1,2.574795685E0,2.391726379E0,-2.020049286E0,4.053458648E0
1.555756017E1,2.529290314E0,3.045866089E0,-1.508712616E0,4.236841215E0
1.556750117E1,2.303410034E0,2.464774475E0,-7.213499451E-1,3.449805319E0
1.557744117E1,1.805545349E0,1.266665955E0,-4.644841003E-1,2.253925937E0
1.558738117E1,1.222507782E0,2.631527710E-1,-1.046324158E-1,1.254879516E0
1.559732117E1,1.024020538E0,-4.281097412E-1,6.011499023E-1,1.262250854E0
1.560726117E1,1.863025818E0,-8.128097534E-1,1.209335175E0,2.365167321E0
1.561720117E1,3.408861237E0,-7.966433716E-1,1.636247406E0,3.864230993E0
1.562714117E1,6.359674988E0,-1.499880981E0,1.747017059E0,6.763665982E0
1.563708117E1,1.056383240E1,-4.271217957E0,5.326673126E0,1.257820752E1
1.564702217E1,1.471020996E1,-4.447251892E0,5.524860992E0,1.633071999E1
1.565696217E1,2.101973923E1,-4.734205170E0,5.598956909E0,2.226186098E1
1.566690217E1,2.749527328E1,-4.320315857E0,4.302353210E0,2.816319274E1
1.567684217E1,3.238246033E1,-2.810405731E0,1.645528107E0,3.254581202E1
1.568678217E1,3.263184174E1,1.486408997E-1,-8.696914673E-1,3.264376744E1
1.569672217E1,2.783356979E1,1.082249451E0,5.393284607E-1,2.785982316E1
1.570666217E1,2.345801880E1,-7.625143433E-1,4.983736267E0,2.399370128E1
1.571660217E1,2.543675400E1,-4.839436340E-1,5.924230499E0,2.612200533E1
1.572654317E1,3.112702103E1,-2.140548706E-1,5.883515167E0,3.167890478E1
1.573648317E1,2.842753464E1,-4.115541687E0,7.910001068E0,2.979312884E1
1.574642317E1,2.170501419E1,-5.925577698E0,9.382489014E0,2.437726835E1
1.575636317E1,2.048265610E1,-4.327650604E0,1.023317001E1,2.330204989E1
1.576630317E1,1.729114288E1,2.604583740E-1,3.752696228E0,1.769559803E1
1.577624317E1,1.198722244E1,3.792513428E0,-2.435285797E0,1.280653259E1
1.578618317E1,9.202263794E0,4.146227875E0,-2.307900696E0,1.035370804E1
1.579612317E1,7.582931213E0,2.249671783E0,-1.938019867E0,8.143573535E0
1.580606317E1,5.144052887E0,6.032455444E-1,-2.086211700E0,5.583678407E0
1.581600417E1,2.865640869E0,-5.704637146E-1,-2.336341553E0,3.741098541E0
1.582594417E1,9.110055542E-1,-1.252295837E0,-3.189118195E0,3.545229308E0
1.583588417E1,-6.655160522E-1,-2.090253296E0,-4.487967224E0,4.995389901E0
1.584582417E1,-2.138752441E0,-2.729424133E0,-5.557642822E0,6.550680258E0
1.585576417E1,-3.088976440E0,-2.682421875E0,-5.238506470E0,6.646736989E0
1.586570417E1,-3.552263031E0,-1.500779114E0,-4.198319550E0,5.700596252E0
1.587564417E1,-3.287164307E0,3.348536682E-1,-3.028502197E0,4.482120226E0
1.588558417E1,-2.956352234E0,1.804497528E0,-1.952689362E0,3.976081690E0
1.589552517E1,-1.801653442E0,2.887794800E0,-1.442400513E0,3.696732770E0
1.590546517E1,-8.421487427E-1,3.124003601E0,-1.136736145E0,3.429399666E0
1.591540517E1,-2.914439392E-1,2.789299622E0,-6.286926270E-1,2.874088789E0
1.592534517E1,3.113525391E-1,2.048789520E0,-2.680924988E-1,2.089581894E0
1.593528517E1,8.210426331E-1,1.261426849E0,3.966751099E-2,1.505616888E0
1.594522517E1,1.410516815E0,1.052910461E0,-1.362167358E-2,1.760216940E0
1.595516517E1,1.631906433E0,9.277706909E-1,-4.939727783E-2,1.877849076E0
1.596510517E1,1.703757019E0,6.379733276E-1,1.990859985E-1,1.830145672E0
1.597504617E1,2.720143433E0,6.077362061E-2,1.074016571E0,2.925129967E0
1.598498617E1,4.737049255E0,-1.856140137E-1,1.673519897E0,5.027400626E0
1.599492617E1,8.150550842E0,1.842668152E-1,1.682501221E0,8.324436536E0
1.600486617E1,1.249017654E1,5.450166321E-1,2.285447388E0,1.270924164E1
1.601480617E1,1.722318420E1,5.730084229E-1,3.350183258E0,1.755534507E1
1.602474617E1,2.177970886E1,2.880010986E-1,3.080893250E0,2.199842190E1
1.603468617E1,2.607966705E1,1.865121460E-1,2.852019196E0,2.623581205E1
1.604462617E1,2.957594650E1,1.047821045E-3,9.575587463E-1,2.959144355E1
1.605456717E1,3.247841080E1,-1.880689087E0,2.068698120E-1,3.253347437E1
1.606450717E1,3.140604080E1,-4.001029816E0,2.273921356E0,3.174142966E1
1.607444717E1,2.464055969E1,-6.404581604E0,2.636317749E0,2.559542965E1
1.608438717E1,1.591086319E1,-4.679269409E0,4.251608734E0,1.712096103E1
1.609432717E1,1.514894760E1,-3.748654633E0,2.729723511E0,1.584280327E1
1.610426717E1,2.277992889E1,-4.237537994E0,2.561174011E0,2.331183178E1
1.611420717E1,2.767639664E1,-9.319619751E-1,2.809956665E0,2.783428354E1
1.612414717E1,2.179542618E1,-8.565188599E-1,7.048093414E0,2.292269285E1
1.613408717E1,1.705403595E1,-2.179767151E0,9.616901550E0,1.969965285E1
1.614402817E1,1.201925583E1,-2.233355713E-1,2.030078430E0,1.219153837E1
1.615396817E1,4.758454742E0,3.871100006E0,-7.721093903E0,9.861216854E0
1.616390817E1,1.257235565E0,5.423222351E0,-7.026987305E0,8.964961378E0
1.617384817E1,2.333647156E-1,4.015399933E0,-6.014492798E0,7.235469530E0
1.618378817E1,-1.504371643E-1,2.420316925E0,-5.080285492E0,5.629375280E0
1.619372817E1,-4.104464722E-1,1.439257050E0,-4.507576447E0,4.749544461E0
1.620366817E1,-9.807604980E-1,7.228468323E-1,-4.099824371E0,4.277026838E0
1.621360817E1,-1.252146149E0,2.450404358E-1,-3.187321930E0,3.433210724E0
1.622354917E1,-1.336869965E0,-3.203338623E-2,-2.152074738E0,2.533707386E0
1.623348917E1,-7.255412292E-1,-7.873626709E-2,-1.631307678E0,1.787113375E0
1.624342917E1,-1.745370483E-1,-3.138972473E-1,-1.075962524E0,1.134323595E0
1.625336917E1,1.649569702E-1,-6.738986206E-1,-6.709048462E-1,9.651235494E-1
1.626330917E1,3.546125793E-1,-7.952961731E-1,-6.947053528E-1,1.113939680E0
1.627324917E1,2.674937439E-1,-9.889933777E-1,-5.484594727E-1,1.162096639E0
1.628318917E1,-3.143463135E-2,-9.648934937E-1,-1.347198486E-2,9.654993964E-1
1.629312917E1,-9.654922485E-2,-8.593629456E-1,3.097059631E-1,9.185555011E-1
1.630306917E1,-1.661544800E-2,-3.734733582E-1,6.586303711E-1,7.573324158E-1
1.631301017E1,2.713856506E-1,1.291813660E-1,7.045848083E-1,7.660141962E-1
1.632295017E1,1.327439575E0,6.032455444E-1,1.016536102E0,1.777455108E0
1.633288992E1,3.451372833E0,7.993377686E-1,1.556762695E0,3.869680270E0
1.634282992E1,6.153553619E0,8.632548523E-1,2.387684784E0,6.656761203E0
1.635276992E1,8.822802887E0,1.094374237E0,2.287992096E0,9.180109672E0
1.636270992E1,1.435829178E1,-1.884580994E0,5.420827332E0,1.546277974E1
1.637264992E1,1.884131927E1,-1.960173798E0,4.506229248E0,1.947161255E1
1.638258992E1,2.432247116E1,-1.827699280E0,3.030448151E0,2.457858222E1
1.639253092E1,2.976260834E1,-2.606080627E0,3.253035278E0,3.005306556E1
1.640247092E1,3.066193817E1,-2.300865326E0,1.494342499E0,3.078443589E1
1.641241092E1,2.824057343E1,-2.911744995E0,8.472381592E-1,2.840292342E1
1.642235092E1,2.349095032E1,-3.130290527E0,5.080285492E0,2.423701232E1
1.643229092E1,2.193778015E1,-1.955084381E0,5.050198059E0,2.259630619E1
1.644223092E1,2.327494949E1,9.999206543E-2,2.068698120E0,2.336691645E1
1.645217092E1,2.720068588E1,9.635462952E-1,2.837948456E0,2.736530075E1
1.646211092E1,2.666629715E1,3.564088440E-1,2.942730560E0,2.683054405E1
1.647205192E1,1.968167175E1,-2.181413727E0,2.862647095E0,2.000803632E1
1.648199192E1,1.577973587E1,-4.444108429E0,6.649172974E0,1.769072257E1
1.649193192E1,1.459539871E1,-6.799610138E0,1.537003784E1,2.225979391E1
1.650187192E1,9.380243683E0,-2.129022675E0,1.159488831E0,9.688453099E0
1.651181192E1,1.477876740E0,7.093449097E0,-1.412822021E1,1.587790119E1
1.652175192E1,1.102607117E0,3.164569244E0,-8.808732147E0,9.424648694E0
1.653169192E1,1.562750244E0,3.114722900E0,-7.127278748E0,7.933586164E0
1.654163192E1,4.150868225E-1,1.951940918E0,-4.136049042E0,4.592305749E0
1.655157192E1,-8.162525940E-1,9.256750488E-1,-2.270777893E0,2.584487344E0
1.656151292E1,-1.274000702E0,-2.543211365E-1,-1.433269501E0,1.934429759E0
1.657145292E1,-1.534908142E0,-9.286688232E-1,-7.631130981E-1,1.949541071E0
1.658139292E1,-1.634750519E0,-7.008425903E-1,-1.004111938E0,2.042505907E0
1.659133292E1,-6.872209167E-1,-2.070045319E0,-4.872367859E-1,2.234895947E0
1.660127292E1,-2.231858826E-1,-1.839225311E0,2.594105530E-1,1.870790079E0
1.661121292E1,3.589535522E-1,-6.225553894E-1,-6.280938721E-1,9.544237935E-1
1.662115292E1,5.530998230E-1,-2.228865051E-1,-7.798782349E-1,9.817371693E-1
1.663109292E1,4.523593140E-1,1.721420288E-1,-8.175997925E-1,9.501217015E-1
1.664103392E1,2.192939758E-1,5.266049194E-1,-8.132588196E-1,9.933742984E-1
1.665097392E1,7.649093628E-2,7.494914246E-1,-8.083190918E-1,1.104974214E0
1.666091392E1,-9.131011963E-3,8.652008057E-1,-8.080197144E-1,1.183871475E0
1.667085392E1,1.892065430E-1,9.783654785E-1,-3.556604004E-1,1.058060700E0
1.668079392E1,1.330732727E0,1.366358643E0,-2.865042114E-1,1.928696501E0
1.669073392E1,3.530558167E0,1.702559509E0,-8.152047729E-1,4.003512042E0
1.670067392E1,6.438710632E0,9.569599915E-1,-5.728587341E-1,6.534595180E0
1.671061392E1,1.016655853E1,-5.584886169E-1,5.465135193E-1,1.019654348E1
1.672055392E1,1.555355621E1,-1.661993866E0,1.885928192E0,1.575538193E1
1.673049492E1,2.324291611E1,-1.618733826E0,2.723735962E0,2.345788111E1
1.674043492E1,3.173685287E1,-8.023315430E-1,2.921774139E0,3.188115949E1
1.675037492E1,3.546799393E1,2.441423035E-1,4.127367096E0,3.570816934E1
1.676031492E1,3.198788086E1,1.212478638E-1,4.401447144E0,3.228950232E1
1.677025492E1,2.543151489E1,-2.073338470E0,4.016447754E0,2.583007036E1
1.678019492E1,2.144455582E1,-3.243604889E0,6.560257874E0,2.265892606E1
1.679013492E1,1.930640213E1,-2.698737946E0,5.578748932E0,2.027665627E1
1.680007492E1,2.316133575E1,-1.627864838E0,5.051994324E0,2.376173530E1
1.681001592E1,2.969869125E1,-7.433541870E-1,4.317621460E0,3.002010481E1
1.681995592E1,2.520967621E1,-2.129621429E0,4.035458221E0,2.561928932E1
1.682989592E1,1.827295120E1,-3.028651886E0,6.693181458E0,1.969447019E1
1.683983592E1,1.570354431E1,-3.897594910E0,1.144340332E1,1.981777055E1
1.684977592E1,1.234168533E1,-2.540966034E0,4.004322968E0,1.322150928E1
1.685971592E1,4.472848663E0,4.579876099E0,-1.177586197E1,1.340345349E1
1.686965592E1,1.435215454E0,4.357738037E0,-1.070918015E1,1.165059070E1
1.687959592E1,1.665287018E0,2.313439178E0,-8.848699036E0,9.296486234E0
1.688953592E1,1.474583588E0,8.149053955E-1,-6.046975250E0,6.277290597E0
1.689947692E1,5.295986938E-1,-3.963757324E-1,-4.262985077E0,4.314003971E0
1.690941692E1,8.801696777E-2,-6.575825500E-1,-3.446882172E0,3.510150781E0
1.691935692E1,-1.047821045E-1,-3.817062378E-1,-2.225422211E0,2.260350185E0
1.692929692E1,-5.987548828E-4,-1.163081360E-1,-1.730850677E0,1.734754164E0
1.693923692E1,7.180567932E-1,2.477348328E-1,-1.632804565E0,1.800841152E0
1.694917692E1,6.653663635E-1,1.269659729E0,-2.403851166E0,2.798794143E0
1.695911692E1,1.713935852E0,9.325607300E-2,-1.385668488E0,2.205980498E0
1.696905692E1,1.047222290E0,6.382727051E-1,-8.165519714E-1,1.473371539E0
1.697899792E1,4.227209473E-1,7.530839539E-1,-3.691323853E-1,9.391949524E-1
1.698893792E1,-1.448986816E-1,5.298980713E-1,2.095642090E-2,5.497515489E-1
1.699887792E1,-4.565505981E-1,3.781137085E-1,2.868035889E-1,6.585322496E-1
1.700881792E1,-5.981561279E-1,1.133143616E-1,5.783972168E-1,8.397465322E-1
1.701875792E1,-7.732919312E-1,2.484832764E-2,1.102008362E0,1.346484415E0
1.702869792E1,-7.949967957E-1,3.306623840E-1,1.363514557E0,1.612615721E0
1.703863792E1,2.405497742E-1,1.262324982E0,1.055754547E0,1.663113411E0
1.704857792E1,2.732567596E0,1.944157104E0,1.314716034E0,3.602103658E0
1.705851792E1,6.607858887E0,1.929038544E0,1.859582977E0,7.130430395E0
1.706845892E1,1.096395035E1,8.089178467E-1,1.778302002E0,1.113664731E1
1.707839892E1,1.622371262E1,-1.053359528E0,1.886377258E0,1.636694341E1
1.708833892E1,2.163031952E1,-3.047063599E0,2.276615753E0,2.196220158E1
1.709827892E1,2.730950958E1,-4.430037689E0,1.313069458E0,2.769762984E1
1.710821892E1,3.219759476E1,-5.379962311E0,6.149212646E-1,3.264976617E1
1.711815892E1,3.421240494E1,-5.480253754E0,5.822891235E-1,3.465343985E1
1.712809892E1,3.083437958E1,-4.914430389E0,2.127675476E0,3.129596768E1
1.713803892E1,2.461241821E1,-4.172273712E0,3.991150360E0,2.528059096E1
1.714797892E1,2.152553741E1,-9.912387085E-1,3.590583344E0,2.184544813E1
1.715791992E1,2.394360901E1,6.789880371E-1,4.562811584E0,2.438394321E1
1.716785992E1,2.528646652E1,4.417314148E-1,4.343816986E0,2.566065591E1
1.717779992E1,1.966580475E1,-1.436263275E0,4.193230133E0,2.015911475E1
1.718773992E1,1.614198257E1,-3.264411621E0,9.009614410E0,1.877213724E1
1.719767992E1,1.502515503E1,-4.485422516E0,1.340148148E1,2.062702122E1
1.720761992E1,8.338859253E0,-2.478845215E-1,-7.274422760E0,1.106866057E1
1.721755992E1,2.628384247E0,4.067192230E0,-1.051503387E1,1.157654498E1
1.722749992E1,3.398832092E0,3.629203033E0,-7.475903778E0,8.978435919E0
1.723744092E1,3.345991974E0,2.269730072E0,-5.454656982E0,6.789743713E0
1.724738092E1,2.444566498E0,1.028960266E0,-3.255130920E0,4.198873885E0
1.725732092E1,1.672771454E0,4.433779907E-1,-3.053051147E0,3.509397340E0
1.726726092E1,1.032552795E0,-2.896476746E-1,-3.924987946E0,4.068856280E0
1.727720092E1,3.953279114E-1,-6.978488159E-1,-3.845353546E0,3.928106544E0
1.728714092E1,-1.046324158E-1,-1.169517975E0,-3.243754578E0,3.449733902E0
1.729708092E1,-2.064207458E-1,-1.682650909E0,-2.618055725E0,3.118996535E0
1.730702092E1,-9.966275024E-1,-1.325792999E0,-2.537074127E0,3.031128269E0
1.731696092E1,3.712280273E-2,-2.260149994E0,-1.227597198E0,2.572285167E0
1.732690192E1,-2.871029663E-1,-1.573677521E0,-1.018032990E0,1.896122417E0
1.733684129E1,-1.082249451E-1,-7.062313843E-1,-9.803114319E-1,1.213048190E0
1.734678129E1,2.893482971E-1,-4.089495850E-1,-6.548881531E-1,8.245245255E-1
1.735672129E1,4.358935547E-1,-2.733316040E-1,-6.324348450E-1,8.152835028E-1
1.736666129E1,5.138813782E-1,-3.402424622E-1,-3.483256531E-1,7.079334464E-1
1.737660129E1,2.824626160E-1,-4.836442566E-1,7.839198303E-1,9.634454820E-1
1.738654129E1,2.170486450E-1,-1.204994202E-1,2.142045593E0,2.156383442E0
1.739648129E1,1.227297821E0,1.252146149E0,2.267784119E0,2.866526596E0
1.740642129E1,4.063150635E0,2.742896118E0,1.463057556E0,5.115975919E0
1.741636229E1,8.480015717E0,2.949167175E0,1.188229065E0,9.056497220E0
1.742630229E1,1.312889832E1,1.500629425E0,1.360221405E0,1.328420347E1
1.743624229E1,1.791788956E1,-6.795867920E-1,2.052980804E0,1.804791773E1
1.744618229E1,2.325923218E1,-1.778152313E0,2.376607819E0,2.344785645E1
1.745612229E1,2.815195770E1,-1.204096069E0,1.540895691E0,2.821979676E1
1.746606229E1,3.066732697E1,-3.370989990E-1,9.331594849E-1,3.068337279E1
1.747600229E1,3.093003067E1,-1.189725952E0,1.592238922E0,3.099382955E1
1.748594229E1,2.764481232E1,-3.915557556E0,3.203039246E0,2.810385560E1
1.749588329E1,2.325623840E1,-3.969595184E0,5.813311157E0,2.429824885E1
1.750582329E1,2.003523651E1,-2.528841248E0,4.152814178E0,2.061677971E1
1.751576329E1,2.406335999E1,-1.370998993E0,4.104015656E0,2.444929194E1
1.752570329E1,2.842963028E1,-8.952882385E-1,3.420087891E0,2.864860241E1
1.753564329E1,2.135234756E1,-3.942202148E0,6.671925659E0,2.271515565E1
1.754558329E1,1.628209122E1,-6.838080139E0,1.355670868E1,2.226320248E1
1.755552329E1,1.234542755E1,3.817062378E-2,-1.067579956E0,1.239156025E1
1.756546329E1,6.096222839E0,5.566624146E0,-7.495213623E0,1.115031231E1
1.757540329E1,4.109703827E0,4.478985901E0,-7.372019806E0,9.554980705E0
1.758534429E1,3.945046234E0,4.562512207E0,-7.140900421E0,9.347318667E0
1.759528429E1,2.778372345E0,2.356100464E0,-4.246070251E0,5.594611234E0
1.760522429E1,1.617835693E0,6.836283875E-1,-2.910098419E0,3.399031173E0
1.761516429E1,6.218069458E-1,-3.462300110E-1,-2.586920471E0,2.683034965E0
1.762510429E1,-1.107696533E-2,-7.475454712E-1,-1.753603363E0,1.906324129E0
1.763504429E1,-5.114863586E-1,-1.010099487E0,-7.183561707E-1,1.340878390E0
1.764498429E1,-7.334747314E-1,-9.479786682E-1,-2.986289978E-1,1.235244112E0
1.765492429E1,-9.337582397E-1,-5.575904846E-1,1.013392639E-1,1.092282585E0
1.766486429E1,-1.003363495E0,4.331991577E-1,2.466870117E-1,1.120381317E0
1.767480529E1,-8.780740356E-1,8.550219727E-1,-3.173400879E-2,1.226003113E0
1.768474529E1,1.592687988E-1,-1.883084106E-1,1.520538025E0,1.540409846E0
1.769468529E1,-2.260299683E-2,2.291734314E-1,2.546205139E-1,3.433117581E-1
1.770462529E1,6.517446899E-1,-1.746867371E-1,7.454498291E-2,6.788545879E-1
1.771456529E1,9.036708069E-1,-9.413923645E-1,2.234852600E-1,1.323928311E0
1.772450529E1,4.897814941E-1,-1.548829193E0,4.902305603E-1,1.696786311E0
1.773444529E1,-5.842350769E-1,-1.786684570E0,5.897735596E-1,1.970128227E0
1.774438529E1,-1.360820160E0,-1.460812225E0,3.808081055E-1,2.032441556E0
1.775432529E1,-3.017724609E-1,-2.589614868E-1,5.451663208E-1,6.747844005E-1
1.776426629E1,3.141517181E0,7.702981567E-1,8.280780029E-1,3.338892426E0
1.777420629E1,7.737409973E0,3.918850708E-1,1.167871399E0,7.834858684E0
1.778414629E1,1.239198074E1,-1.219064941E0,1.710493011E0,1.256873472E1
1.779408629E1,1.723530899E1,-2.642155609E0,3.121758270E0,1.771389954E1
1.780402629E1,2.316193451E1,-2.483036499E0,3.134930878E0,2.350464788E1
1.781396629E1,2.873274994E1,-1.399888916E0,1.479822693E0,2.880486909E1
1.782390629E1,3.259561707E1,-8.900491333E-1,1.189725952E0,3.262946348E1
1.783384629E1,3.291325653E1,-1.092877350E0,1.568737793E0,3.296873935E1
1.784378629E1,3.089665009E1,-2.604434052E0,1.686692505E0,3.105206909E1
1.785372729E1,2.676643890E1,-3.129093018E0,3.267555084E0,2.714609347E1
1.786366729E1,2.175994995E1,-1.954934692E0,3.297043762E0,2.209496977E1
1.787360729E1,2.209345642E1,9.017248535E-1,2.899021454E0,2.230108181E1
1.788354729E1,2.631437897E1,3.059338074E0,3.008144531E0,2.666186459E1
1.789348729E1,2.412398392E1,2.913391571E0,3.449426880E0,2.454288077E1
1.790342729E1,1.949051926E1,-3.459755402E0,1.742691055E1,2.637323378E1
1.791336729E1,1.607926300E1,-7.728877716E0,1.669163956E1,2.443131352E1
1.792330729E1,6.875352631E0,7.900870056E0,-1.466006424E1,1.801698379E1
1.793324729E1,2.465672607E0,2.985391846E0,-1.354638016E1,1.408887935E1
1.794318829E1,4.971312103E0,4.946613464E0,-1.232716553E1,1.418245179E1
1.795312829E1,4.861141205E0,1.742526398E0,-7.162305908E0,8.829819816E0
1.796306829E1,2.371967468E0,-1.028361511E0,-8.434959412E-1,2.719419510E0
1.797300829E1,9.720785522E-1,-3.183130646E0,7.197033691E-1,3.405176994E0
1.798294829E1,-4.909790039E-1,-3.155587921E0,1.451232147E0,3.507829850E0
1.799288829E1,-1.469344482E0,-2.912792816E0,5.536985779E-1,3.309065928E0
1.800282829E1,-9.851014709E-1,-4.586312714E0,1.784139862E0,5.018749273E0
1.801276829E1,-1.042581940E0,-3.854185181E0,1.491648102E0,4.262245250E0
1.802270829E1,-1.262175293E0,-1.783241730E0,3.233276367E-1,2.208524009E0
1.803264929E1,-8.592132568E-1,-6.530918884E-1,4.655319214E-1,1.175370752E0
1.804258929E1,-4.929249573E-1,-4.619393921E-1,2.917433167E-1,7.358513289E-1
1.805252929E1,-4.590953064E-1,5.433700562E-2,-8.764274597E-1,9.908814776E-1
1.806246929E1,1.027613068E0,-1.810934143E0,1.335822144E0,2.473841524E0
1.807240929E1,3.995191956E-1,-6.301895142E-1,2.662962341E-1,7.922550698E-1
1.808234929E1,-7.514373779E-2,-3.040177917E-1,-6.309379578E-1,7.043834933E-1
1.809228929E1,-6.538403320E-1,1.582209778E-1,-1.314266968E0,1.476427689E0
1.810222929E1,-1.234482880E0,5.213658142E-1,-1.350940704E0,1.902842894E0
1.811216929E1,-8.454418945E-1,1.128054199E0,-6.042933655E-1,1.533769456E0
1.812211029E1,1.397044830E0,2.594404907E0,3.332070923E-1,2.965417011E0
1.813205029E1,5.273383942E0,3.750450897E0,-2.983296204E-1,6.477921016E0
1.814199029E1,1.019574783E1,2.595602417E0,-1.357676697E-1,1.052182772E1
1.815193029E1,1.489791962E1,-6.152206421E-2,9.744735718E-1,1.492988254E1
1.816187029E1,1.914413956E1,-1.584305420E0,8.737330627E-1,1.922944389E1
1.817181029E1,2.402264465E1,-1.473835144E0,-2.257305908E-1,2.406887202E1
1.818175029E1,2.898377792E1,-1.760189667E0,-8.062234497E-1,2.904836737E1
1.819169029E1,3.147863983E1,-2.302511902E0,1.126108246E0,3.158281885E1
1.820163129E1,3.112462601E1,-2.242935791E0,9.653425598E-1,3.122026571E1
1.821157129E1,2.806932953E1,-1.447639618E0,2.143093414E0,2.818822041E1
1.822151129E1,2.236633896E1,-1.580563202E0,4.058959351E0,2.278654097E1
1.823145129E1,2.046963318E1,-1.897903290E0,3.854783936E0,2.091571846E1
1.824139129E1,1.962583786E1,-4.415817261E-2,3.365301819E0,1.991232578E1
1.825133129E1,1.938783279E1,3.996988220E0,4.365072784E0,2.027110840E1
1.826127129E1,2.139560760E1,3.579656067E0,3.712280273E0,2.200833904E1
1.827121129E1,2.512614990E1,-3.857328644E0,1.871977203E1,3.156948302E1
1.828115129E1,2.063623672E1,-1.108744354E1,1.214679062E1,2.638806914E1
1.829109229E1,9.903405762E0,7.236850891E0,-8.213120728E0,1.476159912E1
1.830103229E1,4.719086609E0,4.243675232E0,-1.347916992E1,1.489854287E1
1.831097229E1,3.623963928E0,6.395450592E0,-1.462413895E1,1.636766149E1
1.832091229E1,5.245841217E0,3.982917480E0,-7.594906311E0,1.005311313E1
1.833085258E1,2.388283539E0,6.459068298E-1,-1.988015900E0,3.173846422E0
1.834079258E1,8.675958252E-1,-7.012916565E-1,9.325607300E-1,1.454029580E0
1.835073258E1,-2.796185303E-1,-3.083587646E-1,-4.240681458E-1,5.942267601E-1
1.836067258E1,-6.355783081E-1,-2.051483917E0,6.459068298E-1,2.242708559E0
1.837061258E1,-1.933678894E0,-2.221081238E0,8.783734131E-1,3.073085710E0
1.838055258E1,-2.180066528E0,-2.124082947E0,5.885760498E-1,3.100135513E0
1.839049358E1,-1.877395935E0,-1.561552734E0,-5.897735596E-2,2.442650357E0
1.840043358E1,-2.134860535E0,-6.054908752E-1,-8.957373047E-1,2.393030301E0
1.841037358E1,-1.798959045E0,-2.348616028E-1,-4.932243347E-1,1.880075494E0
1.842031358E1,-1.090632019E0,5.837860107E-3,1.661544800E-2,1.090774200E0
1.843025358E1,-3.646417236E-1,5.089416504E-2,2.639012146E-1,4.529874763E-1
1.844019358E1,2.074685669E-1,-2.372566223E-1,5.099894714E-1,5.995191173E-1
1.845013358E1,1.654060364E-1,-3.757186890E-1,8.916957092E-1,9.816541794E-1
1.846007358E1,-9.445358276E-2,3.637435913E-2,9.633966064E-1,9.686989185E-1
1.847001358E1,-1.278341675E-1,6.991960144E-1,1.172511749E0,1.371131082E0
1.847995458E1,1.030457153E0,1.720222778E0,1.379531250E0,2.433950456E0
1.848989458E1,3.554658051E0,2.890638885E0,1.016985168E0,4.693148821E0
1.849983458E1,6.972500610E0,4.138294373E0,-5.074447632E-1,8.123961181E0
1.850977458E1,1.245799347E1,2.912942505E0,8.496331787E-1,1.282219606E1
1.851971458E1,1.609393250E1,1.143172760E0,1.770817566E-1,1.613545367E1
1.852965458E1,2.032084259E1,-1.266965332E0,2.207908630E-1,2.036149782E1
1.853959458E1,2.603251511E1,-3.057242432E0,2.963836670E-1,2.621309629E1
1.854953458E1,3.081926102E1,-2.118544464E0,-6.438111877E-1,3.089869857E1
1.855947558E1,3.515903641E1,-8.129594421E-1,-4.778063965E-1,3.517167956E1
1.856941558E1,3.373534698E1,1.457968140E-1,1.102906494E0,3.375368566E1
1.857935558E1,2.602083939E1,-4.357438660E-1,3.751049652E0,2.629342748E1
1.858929558E1,1.978346008E1,-2.556683350E0,3.509751434E0,2.025438910E1
1.859923558E1,1.877126495E1,-3.994593201E0,2.025288391E0,1.929815939E1
1.860917558E1,1.625245285E1,-1.483864288E0,3.379971313E0,1.666638182E1
1.861911558E1,1.737496857E1,1.276395721E0,3.869902496E0,1.784642441E1
1.862905558E1,2.624013336E1,1.621727600E0,1.744023285E0,2.634798316E1
1.863899558E1,2.281390823E1,4.379891968E-1,8.248147888E0,2.426310341E1
1.864893558E1,1.780247955E1,-7.095544739E0,3.044189575E1,3.597198980E1
1.865887658E1,1.082144669E1,-1.829196167E-1,-9.688003693E0,1.452565260E1
1.866881658E1,1.253942413E0,8.835376740E0,-2.061049026E1,2.245948714E1
1.867875658E1,2.384990387E0,6.302643585E0,-1.363813934E1,1.521217736E1
1.868869658E1,4.781357117E0,2.931952972E0,-7.939489746E0,9.720762395E0
1.869863658E1,2.071093140E0,9.623487854E-1,-2.276765442E0,3.224779505E0
1.870857658E1,6.256988525E-1,8.201445007E-1,-1.291364594E0,1.652803246E0
1.871851658E1,-1.139580231E0,8.527766418E-1,-7.668553162E-1,1.616767819E0
1.872845658E1,-2.571053467E0,8.683442688E-1,-8.681945801E-1,2.849227883E0
1.873839658E1,-2.856060791E0,-1.057101746E0,1.502725067E0,3.395987334E0
1.874833758E1,-2.381996613E0,-1.020428009E0,1.153650970E0,2.836563369E0
1.875827758E1,-2.067949677E0,-2.415975952E-1,-3.713777161E-1,2.114877460E0
1.876821758E1,-1.913770294E0,-1.261875916E-1,-3.342549133E-1,1.946834968E0
1.877815758E1,-1.472038879E0,1.613644409E-1,-8.286767578E-1,1.696950828E0
1.878809758E1,-4.087998962E-1,-1.862427063E0,1.323098602E0,2.320849377E0
1.879803758E1,1.939965820E-1,-1.051263885E0,-4.760101318E-2,1.070073029E0
1.880797758E1,4.905299377E-1,-1.102008362E0,4.411326599E-1,1.284383149E0
1.881791758E1,2.853067017E-1,-1.394649811E0,1.106049957E0,1.802718646E0
1.882785758E1,1.269360352E-1,-1.234782257E0,1.417252808E0,1.883986598E0
1.883779858E1,1.162632294E0,-4.808001709E-1,1.770069122E0,2.171641626E0
1.884773858E1,3.714375916E0,1.231638794E0,2.334096222E0,4.556481947E0
1.885767858E1,7.272027740E0,2.792742462E0,1.979483643E0,8.037422062E0
1.886761858E1,1.183932999E1,2.805765381E0,1.066981201E0,1.221394706E1
1.887755858E1,1.727437775E1,5.514532471E-1,1.818717957E0,1.737860645E1
1.888749858E1,2.140608582E1,-1.496737518E0,1.305585022E0,2.149802980E1
1.889743858E1,2.667812256E1,-2.660717010E0,5.953120422E-1,2.681708475E1
1.890737858E1,3.115905441E1,-1.959874420E0,-3.357518005E-1,3.122243599E1
1.891731858E1,3.377366730E1,8.053253174E-2,-5.592370605E-1,3.377839301E1
1.892725958E1,3.115576126E1,2.018702087E0,1.349294128E0,3.125023540E1
1.893719958E1,2.497451523E1,1.139879608E0,2.959944763E0,2.517512680E1
1.894713958E1,1.991593460E1,-1.111438751E0,2.798879700E0,2.014233042E1
1.895707958E1,1.698128723E1,-3.206033020E0,2.459235992E0,1.745538901E1
1.896701958E1,1.544099030E1,-1.151555328E0,2.876867523E0,1.574886116E1
1.897695958E1,2.131238068E1,1.342408447E0,2.208058319E0,2.146846879E1
1.898689958E1,2.438653793E1,1.953587494E0,1.926344147E0,2.454038586E1
1.899683958E1,1.849299362E1,7.111711121E-1,7.822283478E0,2.009190624E1
1.900677958E1,1.467039276E1,-4.666096802E0,2.489233612E1,2.926809322E1
1.901671958E1,8.920250244E0,-8.098159790E-1,2.264041901E0,9.238644493E0
1.902666058E1,6.792874146E-1,9.014554138E0,-2.512285675E1,2.669984174E1
1.903660058E1,1.233135681E0,4.746180267E0,-1.400607422E1,1.483970909E1
1.904654058E1,3.816613312E0,1.988614655E0,-7.703730011E0,8.824317622E0
1.905648058E1,6.114784241E-1,3.269201660E-1,-2.012714539E0,2.128803061E0
1.906642058E1,-1.288071442E0,5.028044128E-1,1.935475159E-1,1.396209496E0
1.907636058E1,-2.586471405E0,-8.053253174E-2,1.471739502E0,2.976967749E0
1.908630058E1,-3.740870819E0,9.366023254E-1,7.714956665E-1,3.932752721E0
1.909624058E1,-3.008144531E0,-6.828799438E-1,2.119891663E0,3.742886480E0
1.910618058E1,-2.065105591E0,-9.849517822E-2,8.428971863E-1,2.232675092E0
1.911612158E1,-1.991309052E0,-1.437011719E-2,-6.346801758E-1,2.090056737E0
1.912606158E1,-1.641037445E0,-9.963281250E-1,-6.451583862E-1,2.025315524E0
1.913600158E1,-1.251846771E0,-1.448986816E0,-3.405418396E-1,1.944904079E0
1.914594158E1,-5.770500183E-1,-6.551875305E-1,-1.178050232E0,1.466308212E0
1.915588158E1,3.730242920E-1,-2.011517029E0,9.515711975E-1,2.256288019E0
1.916582158E1,9.879455566E-2,-9.036708069E-1,1.444496155E0,1.706736779E0
1.917576158E1,3.701802063E-1,-2.439926147E-1,1.270707550E0,1.345831884E0
1.918570158E1,1.334924011E0,5.388793945E-1,1.325643311E0,1.956972995E0
1.919564158E1,3.703448639E0,2.033820648E0,2.065854034E0,4.703159698E0
1.920558158E1,7.859705658E0,3.280128937E0,1.546883240E0,8.656042204E0
1.921552258E1,1.359652588E1,2.849025421E0,7.539820862E-1,1.391225901E1
1.922546258E1,1.851020782E1,1.339414673E0,1.236728210E0,1.859976672E1
1.923540258E1,2.507914764E1,-1.453327789E0,1.830094299E0,2.518779572E1
1.924534258E1,2.865146896E1,-1.851350098E0,3.752696228E-1,2.871367267E1
1.925528258E1,3.115950348E1,-6.709048462E-1,4.834945679E-1,3.117047541E1
1.926522258E1,3.113600235E1,1.179547119E0,1.364263000E0,3.118818987E1
1.927516258E1,2.820913879E1,1.256786499E0,2.394720154E0,2.833848458E1
1.928510258E1,2.439791428E1,-6.827302551E-1,3.542982330E0,2.466327362E1
1.929504258E1,2.126747406E1,-3.249891815E0,3.713028717E0,2.183240326E1
1.930498358E1,1.759725632E1,-3.963457947E0,3.665876770E0,1.840682160E1
1.931492358E1,1.656874512E1,-1.896556091E0,3.896247711E0,1.712603241E1
1.932486358E1,2.237217682E1,2.613565063E-1,2.904110870E0,2.256139319E1
1.933480392E1,2.383433624E1,1.253792725E0,2.659220123E0,2.401497516E1
1.934474392E1,1.783780609E1,1.114133148E0,7.120393066E0,1.923872699E1
1.935468392E1,1.422267380E1,-1.917063446E0,2.107287872E1,2.549560354E1
1.936462392E1,9.332792358E0,-3.081941071E0,1.090602081E1,1.468130321E1
1.937456392E1,2.368075562E-1,6.143225098E0,-2.588028168E1,2.660045624E1
1.938450392E1,1.157093811E-1,4.090094604E0,-1.460991852E1,1.517207902E1
1.939444392E1,2.759062500E0,1.957329712E0,-8.465046844E0,9.115952148E0
1.940438492E1,3.718267822E-1,4.873864746E-1,-3.393892365E0,3.448812276E0
1.941432492E1,-1.262324982E0,1.053958282E0,-5.760021973E-1,1.742432481E0
1.942426492E1,-2.524799652E0,7.667056274E-1,1.420545959E-1,2.642466709E0
1.943420492E1,-3.414250031E0,1.121767273E0,2.746788025E-1,3.604290989E0
1.944414492E1,-2.633623352E0,7.532336426E-1,-6.933581543E-1,2.825611157E0
1.945408492E1,-9.939331055E-1,-7.702981567E-1,3.852987671E-1,1.315187214E0
1.946402492E1,-7.424560547E-1,-5.161267090E-1,-9.270222473E-1,1.294989583E0
1.947396492E1,-4.457730103E-1,-1.100511475E0,-8.304730225E-1,1.448973610E0
1.948390492E1,-1.788780212E-1,-1.483714600E0,-2.399510193E-1,1.513599303E0
1.949384592E1,3.079096985E-1,-1.651665344E0,1.438508606E-1,1.686268028E0
1.950378592E1,5.646258545E-1,-1.775607605E0,8.577163696E-1,2.051161157E0
1.951372592E1,3.897894287E-1,-1.496887207E0,1.722767487E0,2.315282903E0
1.952366592E1,3.644920349E-1,-1.073118439E0,1.787133636E0,2.116195705E0
1.953360592E1,1.479673004E0,-2.923420715E-1,1.815424805E0,2.360225266E0
1.954354592E1,3.771557007E0,7.068301392E-1,1.674567719E0,4.186696567E0
1.955348592E1,7.344028015E0,1.872755585E0,9.454339600E-1,7.637788053E0
1.956342592E1,1.291244843E1,2.127525787E0,-5.203179932E-1,1.309688593E1
1.957336592E1,1.825603638E1,-4.836442566E-1,1.630259857E0,1.833506267E1
1.958330592E1,2.179976715E1,-9.586065674E-1,1.587897949E0,2.187853273E1
1.959324692E1,2.751383469E1,-1.575024719E0,1.266216888E0,2.758795221E1
1.960318692E1,3.166455322E1,-1.616937561E0,8.096662903E-1,3.171614695E1
1.961312692E1,3.271881088E1,-8.303233337E-1,1.709295502E0,3.277394870E1
1.962306692E1,2.966261627E1,-5.730084229E-1,2.889141998E0,2.980849349E1
1.963300692E1,2.482497620E1,-1.526375885E0,4.903952179E0,2.535070045E1
1.964294692E1,1.931209030E1,-2.436632996E0,4.712350616E0,2.002748762E1
1.965288692E1,1.821621918E1,-9.443861389E-1,3.787124634E0,1.862967577E1
1.966282692E1,2.154978699E1,5.270539856E-1,3.819906464E0,2.189207141E1
1.967276692E1,2.554617645E1,9.382489014E-1,2.917133789E0,2.572930454E1
1.968270792E1,2.248249741E1,4.206253052E-1,3.438948669E0,2.274787865E1
1.969264792E1,1.713726288E1,-1.430126038E0,9.015751648E0,1.941686940E1
1.970258792E1,1.479268845E1,-5.708678741E0,2.026725403E1,2.573274626E1
1.971252792E1,8.294401703E0,-2.884950714E0,-1.926793213E0,8.990693650E0
1.972246792E1,-1.656006317E0,6.161487122E0,-2.185380478E1,2.276609461E1
1.973240792E1,1.516346741E-1,3.658542023E0,-1.135867950E1,1.193430027E1
1.974234792E1,2.968327332E-1,2.624492340E0,-6.939269714E0,7.424926524E0
1.975228792E1,-1.588945770E0,1.954485626E0,-3.251987457E0,4.113415265E0
1.976222792E1,-2.016905823E0,9.912387085E-1,-1.257235565E0,2.575093113E0
1.977216792E1,-2.814896393E0,5.450166321E-1,-1.607656860E0,3.287133312E0
1.978210892E1,-2.385140076E0,-6.777905273E-1,-1.418600006E0,2.856697246E0
1.979204892E1,-1.024170227E0,-1.560055847E0,-4.056564331E-1,1.909779056E0
1.980198892E1,2.073188782E-1,-1.338217163E0,-3.924838257E-1,1.409911290E0
1.981192892E1,8.628057861E-1,-1.895208893E0,5.179229736E-2,2.083010565E0
1.982186892E1,7.312294006E-1,-1.399888916E0,-2.785707092E-1,1.603741579E0
1.983180892E1,6.325845337E-1,-1.232387238E0,-2.082170105E-1,1.400819695E0
1.984174892E1,3.547622681E-1,-1.402733002E0,1.478924561E-1,1.454437458E0
1.985168892E1,2.677931213E-1,-1.448986816E0,4.824467468E-1,1.550493732E0
1.986162892E1,2.221380615E-1,-1.611698456E0,8.743318176E-1,1.846990351E0
1.987156892E1,-1.377136230E-2,-1.435514832E0,1.391356659E0,1.999191295E0
1.988150992E1,4.953199768E-1,-3.884422302E-1,1.764231262E0,1.873163418E0
1.989144992E1,2.223027191E0,1.162033539E0,1.791923676E0,3.082719951E0
1.990138992E1,5.029840393E0,2.147284698E0,1.728605347E0,5.735695459E0
1.991132992E1,8.870852966E0,1.917362823E0,9.412426758E-1,9.124376709E0
1.992126992E1,1.296783325E1,9.264234924E-1,1.356179810E-1,1.300159036E1
1.993120992E1,1.848371292E1,-5.592370605E-1,1.271605682E0,1.853584016E1
1.994114992E1,2.274744644E1,-1.172062683E0,2.429597626E0,2.290683294E1
1.995108992E1,2.709680191E1,-5.816903687E-1,1.910327454E0,2.717028503E1
1.996102992E1,3.042617844E1,8.652008057E-2,2.749632111E0,3.055029127E1
1.997096992E1,3.154989166E1,7.788304138E-1,3.343896332E0,3.173616050E1
1.998091092E1,2.851959320E1,9.337582397E-1,4.772076416E0,2.893115646E1
1.999085092E1,2.252770340E1,-5.264552307E-1,5.989045715E0,2.331615843E1
2.000079092E1,1.954650284E1,-8.604107666E-1,4.353097687E0,2.004384043E1
2.001073092E1,1.949950058E1,-1.796264648E-2,3.793112183E0,1.986500807E1
2.002067092E1,2.306388840E1,2.993774414E-2,2.936443634E0,2.325008700E1
2.003061092E1,2.404524765E1,-4.641847229E-1,1.613943787E0,2.410382162E1
2.004055092E1,1.914743271E1,-3.158432007E-1,1.660946045E0,1.922193221E1
2.005049092E1,1.554696991E1,-2.244133301E0,1.030232620E1,1.878516257E1
2.006043092E1,1.426877792E1,-5.807922363E0,1.658431274E1,2.263557852E1
2.007037092E1,4.889731750E0,2.445614319E0,-1.116857483E1,1.243493344E1
2.008031192E1,-7.631130981E-1,6.752907257E0,-2.012040939E1,2.123711308E1
2.009025192E1,1.865271149E0,2.917582855E0,-1.172661438E1,1.222722417E1
2.010019192E1,1.444346466E0,1.276695099E0,-6.345753937E0,6.632094700E0
2.011013192E1,-7.875123596E-1,2.260299683E-1,-3.311563568E0,3.411410050E0
2.012007192E1,-1.460812225E0,-2.659968567E-1,-1.601070557E0,2.183610225E0
2.013001192E1,-1.932780762E0,-1.336720276E-1,-1.041833496E0,2.199756059E0
2.013995192E1,-2.262095947E0,-1.408271484E0,-2.371069336E-1,2.675168471E0
2.014989192E1,-1.866169281E0,-1.447340240E0,8.544232178E-1,2.511457862E0
2.015983192E1,-1.243613892E0,-4.248165894E-1,8.336164856E-1,1.556265109E0
2.016977192E1,-8.704399109E-1,-3.189866638E-1,2.029779053E-1,9.490090412E-1
2.017971292E1,-1.008602600E0,-7.256909180E-1,1.187031555E0,1.718415091E0
2.018965292E1,-1.135388947E0,-5.182223511E-1,1.209035797E0,1.737650720E0
2.019959292E1,-1.097817078E0,-4.209246826E-1,1.367406464E0,1.803380260E0
2.020953292E1,-9.475296021E-1,-3.811074829E-1,1.115180969E0,1.512178513E0
2.021947292E1,-6.698570251E-1,-8.816665649E-2,1.656605072E0,1.789084167E0
2.022941292E1,4.595443726E-1,5.378315735E-1,2.490071869E0,2.588610002E0
2.023935292E1,3.106040955E0,1.405277710E0,3.171305237E0,4.656122073E0
2.024929292E1,6.809339905E0,2.139500885E0,3.381617889E0,7.898095563E0
2.025923292E1,1.137289993E1,2.367177429E0,2.916984100E0,1.197727757E1
2.026917292E1,1.568797668E1,1.680405579E0,2.060165863E0,1.591165167E1
2.027911392E1,1.955922638E1,2.004331970E-1,1.275647278E0,1.960180568E1
2.028905392E1,2.387130936E1,-1.108744354E0,1.004710693E0,2.391815561E1
2.029899392E1,2.778881287E1,-2.184407501E0,9.364526367E-1,2.789026174E1
2.030893392E1,3.008653473E1,-1.366957397E0,1.814526672E0,3.017218341E1
2.031887392E1,3.026002396E1,-5.905220032E-1,1.834884338E0,3.032135496E1
2.032881392E1,2.755694504E1,-1.437311096E0,3.319796448E0,2.779338287E1
2.033875358E1,2.355561584E1,-2.298470306E0,3.714824982E0,2.395725210E1
2.034869358E1,2.043415695E1,-2.921923828E0,3.847898254E0,2.099758868E1
2.035863358E1,2.087573868E1,-1.628463593E0,3.668720856E0,2.125812484E1
2.036857358E1,2.258069321E1,-1.024020538E0,3.186274109E0,2.282736661E1
2.037851458E1,2.171534271E1,-1.916015625E-2,3.169808350E0,2.194548157E1
2.038845458E1,1.855765915E1,7.156617737E-1,4.069587250E0,1.901211259E1
2.039839458E1,1.521121811E1,3.459306335E-1,1.347153580E1,2.032198566E1
2.040833458E1,1.104508163E1,-1.912273407E0,2.207100311E1,2.475438944E1
2.041827458E1,4.191134491E0,2.812201996E0,-7.762557678E0,9.259124694E0
2.042821458E1,-9.111552429E-1,4.446802826E0,-2.102153549E1,2.150602738E1
2.043815458E1,9.270222473E-1,1.909878387E0,-1.159443924E1,1.178719759E1
2.044809458E1,1.543141022E0,5.298980713E-1,-6.526877289E0,6.727719028E0
2.045803458E1,-1.447639618E0,-4.867877197E-1,-3.583547974E0,3.895438207E0
2.046797458E1,-2.501298523E0,-1.675016785E-1,-2.366428986E0,3.447395721E0
2.047791558E1,-2.915337524E0,-3.709286499E-1,-1.857337646E0,3.476562106E0
2.048785558E1,-2.629731445E0,4.933740234E-1,-1.832639008E0,3.243065083E0
2.049779558E1,-1.238823853E0,-1.954934692E-1,-1.113833771E0,1.677357417E0
2.050773558E1,-1.794767761E-1,2.668949890E-1,-3.475772095E-1,4.735554507E-1
2.051767558E1,3.580554199E-1,-2.989283752E-1,-1.857637024E-1,5.020657431E-1
2.052761558E1,6.063890076E-1,-2.164498901E-1,-2.065704346E-1,6.761874946E-1
2.053755558E1,6.518943787E-1,-3.977229309E-1,-8.637039185E-2,7.685113241E-1
2.054749558E1,2.950364685E-1,-9.809101868E-1,2.447410583E-1,1.053152172E0
2.055743558E1,1.571731567E-2,-1.491049347E0,3.399430847E-1,1.529390888E0
2.056737558E1,-2.004331970E-1,-1.475332031E0,9.301657104E-1,1.755558691E0
2.057731658E1,2.095642090E-3,-8.081694031E-1,1.976340179E0,2.135196169E0
2.058725658E1,1.882635040E0,2.706372070E-1,2.972518616E0,3.528941217E0
2.059719658E1,5.526058502E0,1.397942963E0,3.027304688E0,6.454156860E0
2.060713658E1,1.011925690E1,1.644031219E0,1.982028351E0,1.044177356E1
2.061707658E1,1.491917542E1,5.905220032E-1,9.011260986E-1,1.495802592E1
2.062701658E1,1.917377792E1,-1.796713715E0,1.708397369E0,1.933340533E1
2.063695658E1,2.405348053E1,-3.379372559E0,2.649939423E0,2.443383440E1
2.064689658E1,2.842543900E1,-3.918850708E0,1.575623474E0,2.873752881E1
2.065683658E1,3.118629776E1,-2.763852539E0,7.524851990E-1,3.131757147E1
2.066677658E1,3.170811264E1,-9.361532593E-1,7.999365234E-1,3.173201362E1
2.067671658E1,2.746294052E1,-5.007087708E-1,2.349364471E0,2.756779507E1
2.068665758E1,2.185290665E1,-1.367556152E0,4.636009369E0,2.238107061E1
2.069659758E1,1.876961838E1,-1.196761322E0,4.016298065E0,1.923178260E1
2.070653758E1,2.217788086E1,5.128335571E-1,3.852987671E0,2.251592573E1
2.071647758E1,2.663755692E1,7.111711121E-1,2.998414764E0,2.681521385E1
2.072641758E1,2.408177170E1,-2.158511353E-1,2.523901520E0,2.421463191E1
2.073635758E1,1.862501907E1,-1.245709534E0,7.319928131E0,2.005054801E1
2.074629758E1,1.569456299E1,-4.512067108E0,1.844045288E1,2.463185660E1
2.075623758E1,1.003109024E1,-4.192631378E0,5.373525696E0,1.212747738E1
2.076617758E1,-1.104702759E-1,8.481811981E0,-2.080209183E1,2.246509209E1
2.077611758E1,-7.562274170E-1,2.674039307E0,-1.236803055E1,1.267637747E1
2.078605858E1,1.411864014E0,7.478448486E-1,-7.555987244E0,7.723054780E0
2.079599858E1,-2.380050659E-1,-3.424877930E-1,-2.735711060E0,2.767319877E0
2.080593858E1,-1.807491302E0,-6.569837952E-1,-3.983216858E-1,1.964004247E0
2.081587858E1,-2.781216431E0,2.709365845E-2,-4.739144897E-1,2.821434714E0
2.082581858E1,-3.392545166E0,-5.303471375E-1,-4.441264343E-1,3.462351669E0
2.083575858E1,-2.704126740E0,-9.066645813E-1,8.174501038E-1,2.966911990E0
2.084569858E1,-1.353635101E0,-9.728269958E-1,1.222956848E0,2.067448622E0
2.085563858E1,-1.042432251E0,-1.236578522E0,1.214873657E0,2.022797430E0
2.086557858E1,-1.268911285E0,-6.810836792E-1,3.158432007E-1,1.474370291E0
2.087551858E1,-9.919871521E-1,-4.132905579E-1,-4.664300537E-1,1.171496731E0
2.088545958E1,-6.653663635E-1,-4.076023865E-1,-6.586303711E-1,1.021100421E0
2.089539958E1,-1.606159973E-1,-4.047583008E-1,-4.617897034E-1,6.347255397E-1
2.090533958E1,1.496887207E-2,-4.195774841E-1,1.447489929E-1,4.440963896E-1
2.091527958E1,3.405418396E-1,-7.903564453E-2,9.372010803E-1,1.000280582E0
2.092521958E1,1.546583862E0,7.500901794E-1,1.206640778E0,2.100128302E0
2.093515958E1,3.730841675E0,1.890269165E0,7.764353943E-1,4.253839329E0
2.094509958E1,6.811734924E0,2.490371246E0,3.565585327E-1,7.261460983E0
2.095503958E1,1.105271576E1,1.998194733E0,9.234297180E-1,1.126978395E1
2.096497958E1,1.615006577E1,4.694238281E-1,9.406439209E-1,1.618424524E1
2.097491958E1,2.231559448E1,-1.425934753E0,8.891510010E-2,2.236128245E1
2.098486058E1,2.786739944E1,-3.544179840E0,9.993218994E-1,2.810963904E1
2.099480058E1,3.075459549E1,-3.974235535E0,2.680326233E0,3.112593518E1
2.100474058E1,3.200374786E1,-1.762584686E0,2.740052032E0,3.216915397E1
2.101468058E1,2.857527740E1,7.222480774E-1,2.315684509E0,2.867804937E1
2.102462058E1,2.237382339E1,8.396040344E-1,4.000880127E0,2.274422894E1
2.103456058E1,1.872411301E1,-9.307644653E-1,4.134252777E0,1.919767633E1
2.104450058E1,1.739263184E1,-1.187031555E0,4.126169586E0,1.791474146E1
2.105444058E1,1.788241333E1,1.811233521E-2,4.156556396E0,1.835913929E1
2.106438058E1,2.426184723E1,-8.086184692E-1,2.480791168E0,2.440175034E1
2.107432058E1,2.607562546E1,-1.606908417E0,1.751358032E0,2.618372878E1
2.108426158E1,2.007250900E1,-1.156045990E0,5.069358215E0,2.073500549E1
2.109420158E1,1.683848419E1,-2.005379791E0,1.661275360E1,2.373899072E1
2.110414158E1,1.144744492E1,-3.622916107E0,1.432401306E1,1.869082305E1
2.111408158E1,1.782942352E0,8.048014069E0,-2.134336624E1,2.287987536E1
2.112402158E1,3.064128113E-1,3.688629456E0,-1.663790131E1,1.704463657E1
2.113396158E1,3.767964478E0,1.599423981E0,-9.273515625E0,1.013675517E1
2.114390158E1,2.192191315E0,-1.935475159E-1,-4.518653412E0,5.026071235E0
2.115384158E1,-3.074606323E-1,-3.905378723E-1,-1.899100800E0,1.963067935E0
2.116378158E1,-1.614243164E0,-5.031037903E-1,-7.297325134E-1,1.841576487E0
2.117372158E1,-2.852917328E0,1.137634277E-1,-4.668791199E-1,2.893104822E0
2.118366158E1,-2.815345459E0,-2.002835083E-1,-1.413061523E-1,2.825995571E0
2.119360258E1,-1.738185425E0,-2.504292297E-1,1.076710968E0,2.059929581E0
2.120354258E1,-1.159488831E0,1.014141083E0,3.815565491E-1,1.586972553E0
2.121348258E1,-9.494755554E-1,1.422342224E0,-4.834945679E-1,1.777168599E0
2.122342258E1,-6.637197876E-1,1.044228516E0,-1.136137390E-1,1.242515686E0
2.123336258E1,-3.673361206E-1,4.480183411E-1,5.138813782E-1,7.744225786E-1
2.124330258E1,1.660047913E-1,-6.661148071E-2,4.796026611E-1,5.118724379E-1
2.125324258E1,3.555107117E-1,-4.881349182E-1,8.864566040E-1,1.072599121E0
2.126318258E1,4.052073669E-1,-5.533992004E-1,1.305585022E0,1.474786742E0
2.127312258E1,1.184636536E0,6.735992432E-3,1.393901367E0,1.829308644E0
2.128306258E1,3.429518280E0,1.111738129E0,9.758207703E-1,3.734940893E0
2.129300358E1,6.385870514E0,2.262245636E0,3.381468201E-1,6.783173358E0
2.130294358E1,1.022388931E1,2.969824219E0,-4.260140991E-1,1.065501087E1
2.131288358E1,1.499461853E1,1.280587006E0,1.905687103E0,1.516938137E1
2.132282358E1,1.723755432E1,4.162843323E-1,2.060315552E0,1.736523745E1
2.133276367E1,2.217353989E1,-1.202748871E0,2.029329987E0,2.229866938E1
2.134270367E1,2.692166611E1,-2.441423035E0,1.477427673E0,2.707248502E1
2.135264367E1,2.951517288E1,-3.158132629E0,1.356179810E0,2.971461687E1
2.136258367E1,3.032618637E1,-2.765798492E0,1.195114746E0,3.047549049E1
2.137252367E1,2.747805908E1,-2.777623901E0,2.014361115E0,2.769145312E1
2.138246367E1,2.312630859E1,-3.437451782E0,2.965183868E0,2.356765876E1
2.139240467E1,1.903336990E1,-3.638633423E0,1.863624573E0,1.946745797E1
2.140234467E1,1.890044632E1,-1.454525299E0,2.029479675E0,1.906466110E1
2.141228467E1,2.305715240E1,-1.140628052E-1,2.305954742E0,2.317245595E1
2.142222467E1,2.389241547E1,3.821553040E-1,2.682571564E0,2.404557651E1
2.143216467E1,1.972747650E1,9.334588623E-1,2.617157593E0,1.992220340E1
2.144210467E1,1.619691833E1,6.595285034E-1,1.019395157E1,1.914919815E1
2.145204467E1,1.231638794E1,-1.116528168E0,2.014196457E1,2.363554069E1
2.146198467E1,5.887556763E0,1.992207184E0,-6.244264984E0,8.810394956E0
2.147192467E1,7.888595581E-2,5.025499420E0,-2.025183609E1,2.086621030E1
2.148186467E1,3.626209259E0,2.970273285E0,-1.241248810E1,1.326807363E1
2.149180567E1,5.278473358E0,5.746549988E-1,-6.285130005E0,8.227719522E0
2.150174567E1,2.217189331E0,-1.007405090E-1,-1.605561218E0,2.739325465E0
2.151168567E1,3.011737061E-1,8.137078857E-1,-2.279759216E-1,8.971059834E-1
2.152162567E1,-1.324445801E0,9.220825195E-1,-1.528321838E-1,1.621033784E0
2.153156567E1,-2.190694427E0,5.926176453E-1,1.056203613E0,2.503178743E0
2.154150567E1,-2.411485291E0,1.167572021E0,5.532495117E-1,2.735794355E0
2.155144567E1,-1.670077057E0,-2.335144043E-2,1.199006653E-1,1.674538395E0
2.156138567E1,-1.320104828E0,-5.785469055E-1,3.236270142E-1,1.477202668E0
2.157132567E1,-1.181343384E0,-1.597178650E-1,-4.927752686E-1,1.289926142E0
2.158126567E1,-8.289761353E-1,-5.417234802E-1,1.661544800E-1,1.004128016E0
2.159120667E1,-3.077600098E-1,-7.140151978E-1,6.303392029E-1,1.000930286E0
2.160114667E1,5.987548828E-4,-8.460406494E-1,9.342073059E-1,1.260368371E0
2.161108667E1,1.369651794E-1,-8.776249695E-1,5.733078003E-1,1.057197655E0
2.162102667E1,-7.155120850E-2,-5.914201355E-1,4.266128540E-1,7.327317922E-1
2.163096667E1,5.388793945E-3,-1.469943237E-1,8.608598328E-1,8.733361449E-1
2.164090667E1,1.878892822E0,6.596781921E-1,1.330583038E0,2.394966550E0
2.165084667E1,5.475014648E0,1.910626831E0,8.794212341E-1,5.865122505E0
2.166078667E1,1.018317398E1,2.905308380E0,-4.775070190E-2,1.058962366E1
2.167072667E1,1.499626511E1,2.467319183E0,1.294807434E-1,1.519843401E1
2.168066667E1,1.880509460E1,5.854325867E-1,1.568887482E0,1.887950535E1
2.169060767E1,2.231469635E1,-1.332978058E0,1.355431366E0,2.239552852E1
2.170054767E1,2.818324265E1,-2.682272186E0,2.658471680E-1,2.831184248E1
2.171048767E1,3.189657074E1,-3.259920959E0,-2.285746765E-1,3.206353936E1
2.172042767E1,3.301848770E1,-2.603535919E0,-2.188449097E-1,3.312169716E1
2.173036767E1,2.991244675E1,-2.781216431E0,1.646276550E0,3.008653954E1
2.174030767E1,2.339589798E1,-3.966152344E0,3.315305786E0,2.396016818E1
2.175024767E1,1.866199219E1,-3.923790436E0,3.525319061E0,1.939314204E1
2.176018767E1,1.788076675E1,-1.932481384E0,3.067121887E0,1.824454825E1
2.177012767E1,2.302766373E1,-6.050418091E-1,2.940185852E0,2.322249050E1
2.178006767E1,2.370994492E1,5.032534790E-1,2.513872375E0,2.384815100E1
2.179000867E1,1.856514359E1,1.174457703E0,5.403014374E0,1.937102144E1
2.179994867E1,1.560968948E1,-7.322772217E-1,1.644270721E1,2.268394270E1
2.180988867E1,1.097532669E1,-3.346590729E0,1.605276810E1,1.973192411E1
2.181982867E1,1.122366028E0,6.881489868E0,-2.104294098E1,2.216799435E1
2.182976867E1,-1.121168518E-1,4.988975372E0,-1.569022202E1,1.646467468E1
2.183970867E1,3.825894012E0,1.464255066E0,-9.735005951E0,1.056181087E1
2.184964867E1,1.995650024E0,-2.586621094E-1,-4.157454529E0,4.618869263E0
2.185958867E1,-5.507048035E-1,-2.017803955E-1,-1.361119537E0,1.482105767E0
2.186952867E1,-2.406096497E0,-1.526824951E-1,-1.128503265E0,2.661978947E0
2.187946867E1,-3.442840576E0,-1.163081360E-1,-2.088157654E-1,3.451127763E0
2.188940867E1,-3.597169647E0,9.988728333E-1,-4.508624268E-1,3.760406007E0
2.189934967E1,-2.083068237E0,2.131567383E-1,-7.903564453E-1,2.238140386E0
2.190928967E1,-9.208850098E-1,-5.691165161E-1,6.719526672E-1,1.274144104E0
2.191922967E1,-8.081694031E-1,-2.966830444E-1,-3.278182983E-2,8.615296056E-1
2.192916967E1,-4.457730103E-1,-8.726852417E-1,9.669891357E-2,9.847049241E-1
2.193910967E1,7.050338745E-2,-1.067280579E0,1.706451416E-2,1.069742847E0
2.194904967E1,4.294569397E-1,-1.242416382E0,1.989363098E-1,1.329513965E0
2.195898967E1,1.392105103E-1,-1.384920044E0,8.641529846E-1,1.638335581E0
2.196892967E1,-2.820135498E-1,-1.129700775E0,1.530567169E0,1.923120210E0
2.197886967E1,4.328997803E-1,-6.077362061E-2,1.822759552E0,1.874446061E0
2.198880967E1,2.837050323E0,1.611099701E0,1.748663635E0,3.701664665E0
2.199875067E1,7.085066528E0,2.674488373E0,1.094074860E0,7.651670116E0
2.200869067E1,1.273581573E1,2.136207733E0,6.885681152E-1,1.293207300E1
2.201863067E1,1.718980362E1,4.275109863E-1,9.894424438E-1,1.722356265E1
2.202857067E1,2.425017151E1,-2.570305023E0,1.333277435E0,2.442242647E1
2.203851067E1,2.910263077E1,-3.687132568E0,-9.253756714E-1,2.934986174E1
2.204845067E1,3.308509918E1,-3.027903442E0,-1.359323273E0,3.325116159E1
2.205839067E1,3.313763992E1,-1.494192810E0,-9.312135315E-1,3.318437811E1
2.206833067E1,2.825060257E1,-6.864724731E-1,4.149371338E-1,2.826198795E1
2.207827067E1,2.250659729E1,-1.306782532E0,3.294648743E0,2.278397052E1
2.208821067E1,1.873399246E1,-2.715652771E0,3.184477844E0,1.919578450E1
2.209815167E1,1.720252716E1,-1.286424866E0,3.031346283E0,1.751487625E1
2.210809167E1,2.021306671E1,8.818162537E-1,3.359913025E0,2.050938033E1
2.211803167E1,2.428744400E1,2.326162720E-1,3.050057373E0,2.447931568E1
2.212797167E1,2.053893906E1,3.207829285E-1,4.359534302E0,2.099896327E1
2.213791167E1,1.647084869E1,-1.405277710E0,1.248493744E1,2.071562997E1
2.214785167E1,1.427117294E1,-5.249134369E0,2.099983063E1,2.592706453E1
2.215779167E1,3.820355530E0,4.223766632E0,-1.513936752E1,1.617515904E1
2.216773167E1,-2.036814423E0,6.908583527E0,-1.796369431E1,1.935384852E1
2.217767167E1,1.855691071E0,3.127596130E0,-1.063283890E1,1.123755801E1
2.218761167E1,6.810836792E-1,1.130149841E0,-4.722080383E0,4.902974280E0
2.219755267E1,-1.888323212E0,1.648072815E-1,-5.396278381E-1,1.970818154E0
2.220749267E1,-3.444636841E0,-5.249583435E-1,1.215472412E-1,3.486528067E0
2.221743267E1,-4.467160492E0,-7.491920471E-1,6.860234070E-1,4.581205049E0
2.222737267E1,-4.094285889E0,-1.546284485E-1,-5.022056580E-1,4.127868387E0
2.223731267E1,-1.905387726E0,-2.568957825E0,6.282435608E-1,3.259560808E0
2.224725267E1,-8.213420105E-1,-1.411864014E0,-4.261637878E-1,1.688069390E0
2.225719267E1,-2.354603577E-1,-1.131497040E0,-9.598040771E-1,1.502315212E0
2.226713267E1,1.933978271E-1,-9.461824036E-1,-4.920268250E-1,1.083860811E0
2.227707267E1,5.620811462E-1,-6.245013428E-1,-4.026626587E-1,9.317050814E-1
2.228701267E1,7.424560547E-1,-3.571572876E-1,5.718109131E-2,8.258765031E-1
2.229695367E1,5.098397827E-1,-1.802252197E-1,7.179071045E-1,8.987815889E-1
2.230689367E1,8.226892090E-1,3.870950317E-1,1.209933929E0,1.513472898E0
2.231683367E1,2.547402649E0,1.309327240E0,1.922601929E0,3.449637119E0
2.232677367E1,6.386169891E0,2.456541595E0,1.552571411E0,7.016283951E0
2.233671442E1,1.187675217E1,3.187621307E0,-8.649014282E-1,1.232745822E1
2.234665442E1,1.822969116E1,2.451003113E0,-1.520837402E0,1.845648944E1
2.235659442E1,2.410153061E1,-1.152154083E0,2.096839600E0,2.421999119E1
2.236653442E1,2.763493286E1,-2.300116882E0,2.373015289E0,2.783183884E1
2.237647442E1,3.090129044E1,-3.092718658E0,1.387165375E0,3.108663518E1
2.238641442E1,3.002171951E1,-2.753074951E0,8.625064087E-1,3.016002290E1
2.239635542E1,2.686882599E1,-1.441352692E0,1.646575928E0,2.695779145E1
2.240629542E1,2.318977661E1,-1.013242950E0,3.202739868E0,2.343181477E1
2.241623542E1,1.897259628E1,-2.672243042E0,3.308270416E0,1.944337794E1
2.242617542E1,1.605471405E1,-1.954635315E0,2.862347717E0,1.642459975E1
2.243611542E1,1.786924072E1,-3.113525391E-2,2.190245361E0,1.800299720E1
2.244605542E1,2.259416519E1,-5.239105225E-2,2.080822906E0,2.268984067E1
2.245599542E1,2.078547638E1,9.654922485E-2,1.817071381E0,2.086497300E1
2.246593542E1,1.537602539E1,-3.772155762E-2,5.663622437E0,1.638597568E1
2.247587542E1,1.310390030E1,-1.388811951E0,1.525717255E1,2.015991855E1
2.248581542E1,8.441545715E0,-2.988235931E0,8.777746582E0,1.253946104E1
2.249575642E1,-2.149979095E0,6.743925934E0,-2.068084396E1,2.185864255E1
2.250569642E1,-1.935325470E0,4.289929047E0,-1.490720032E1,1.563245333E1
2.251563642E1,9.848020935E-1,1.888023834E0,-8.532855835E0,8.794549327E0
2.252557642E1,-1.280437317E0,2.903961182E-1,-3.706592102E0,3.932260754E0
2.253551642E1,-2.550546112E0,-2.233355713E-1,-1.106499023E0,2.789176283E0
2.254545642E1,-3.172053680E0,-2.586621094E-1,-4.546046448E-1,3.214886627E0
2.255539642E1,-3.562441864E0,1.005459137E0,-4.721182251E-1,3.731599621E0
2.256533642E1,-2.236499176E0,-8.198451233E-1,2.305206299E-1,2.393159909E0
2.257527642E1,-4.146377563E-1,-1.393302612E0,1.240021362E0,1.910724893E0
2.258521642E1,2.245330811E-3,-9.550140381E-1,2.318678284E-1,9.827611837E-1
2.259515742E1,2.377056885E-1,-9.517208862E-1,-3.303630066E-1,1.035092438E0
2.260509742E1,4.550537109E-1,-6.355783081E-1,-2.311193848E-1,8.151379243E-1
2.261503742E1,2.963836670E-1,-4.022135925E-1,1.442999268E-1,5.200399224E-1
2.262497742E1,7.979905701E-1,-3.876937866E-2,3.080593872E-1,8.562666645E-1
2.263491742E1,2.242636414E0,6.253994751E-1,7.018904114E-1,2.431705726E0
2.264485742E1,4.841082916E0,1.466949463E0,1.257085876E0,5.212320925E0
2.265479742E1,8.818162537E0,2.147883453E0,1.393452301E0,9.182325586E0
2.266473742E1,1.349773132E1,2.078876953E0,8.301736450E-1,1.368209299E1
2.267467742E1,1.852637421E1,8.393046570E-1,7.577243042E-1,1.856084911E1
2.268461742E1,2.245585281E1,-6.741979980E-1,9.431886292E-1,2.248576157E1
2.269455842E1,2.777803528E1,-2.814297638E0,1.700014801E0,2.797194247E1
2.270449842E1,2.783835983E1,-2.488874359E0,9.190887451E-1,2.796450425E1
2.271443842E1,2.836960510E1,-1.038540344E0,7.716453552E-1,2.839909323E1
2.272437842E1,2.659235092E1,-1.073717194E0,1.913021851E0,2.668268444E1
2.273431842E1,2.263802399E1,-1.869013367E0,3.897744598E0,2.304703352E1
2.274425842E1,1.987357269E1,-2.004481659E0,3.866759033E0,2.034523688E1
2.275419842E1,2.209076202E1,-7.762857056E-1,3.578458557E0,2.239218060E1
2.276413842E1,2.436872498E1,-6.906637573E-1,2.919678497E0,2.455272482E1
2.277407842E1,2.211590973E1,-5.289999390E-1,2.059567108E0,2.221790091E1
2.278401842E1,1.826546677E1,-6.201603699E-1,5.624403992E0,1.912186694E1
2.279395942E1,1.533022064E1,-1.644480286E0,1.334400101E1,2.039074161E1
2.280389942E1,1.136766083E1,-1.758393402E0,1.227103226E1,1.681944983E1
2.281383942E1,2.144141235E0,5.016069031E0,-1.465063385E1,1.563327740E1
2.282377942E1,-8.297245789E-1,4.834646301E0,-1.446501984E1,1.527412998E1
2.283371942E1,1.594184875E0,2.124831390E0,-9.329948273E0,9.700735468E0
2.284365942E1,1.670526123E-1,-3.083587646E-2,-5.150040436E0,5.152841344E0
2.285359942E1,-1.936972046E0,-8.722361755E-1,-2.179767151E0,3.043688796E0
2.286353942E1,-2.745590515E0,-6.541397095E-1,-1.146914978E0,3.046568562E0
2.287347942E1,-3.212170258E0,-2.544708252E-2,-7.101232910E-1,3.289826805E0
2.288341942E1,-3.056643677E0,1.294657745E0,-7.171586609E-1,3.396104502E0
2.289336042E1,-9.806108093E-1,1.351539459E0,-1.133742371E0,2.018323124E0
2.290330042E1,6.104306030E-1,7.447013855E-1,-2.540217590E-1,9.958577854E-1
2.291324042E1,7.417076111E-1,7.144642639E-1,-6.864724731E-1,1.237672744E0
2.292318042E1,8.077203369E-1,6.256988525E-2,-3.791615295E-1,8.944778358E-1
2.293312042E1,6.918612671E-1,-2.505789185E-1,-1.823208618E-1,7.580914878E-1
2.294306042E1,6.198609924E-1,-3.011737061E-1,-2.230361938E-2,6.895148313E-1
2.295300042E1,4.070036316E-1,-3.799099731E-1,5.804928589E-1,8.043354419E-1
2.296294042E1,8.092172241E-1,-5.613327026E-2,1.205143890E0,1.452706184E0
2.297288042E1,2.625540161E0,9.207353210E-1,1.446891174E0,3.136033919E0
2.298282042E1,5.782175903E0,2.292632446E0,2.094145203E0,6.563167363E0
2.299276142E1,9.219328308E0,3.142115936E0,2.258952484E0,9.998588567E0
2.300270142E1,1.427027481E1,2.061213684E0,2.029329987E0,1.456047819E1
2.301264142E1,1.816188217E1,-1.573677521E0,2.561922455E0,1.840907036E1
2.302258142E1,2.084175934E1,-3.516786804E0,1.635498962E0,2.119956553E1
2.303252142E1,2.538720703E1,-4.649331665E0,1.606609039E0,2.585938434E1
2.304246142E1,2.900054306E1,-3.699556732E0,-3.917353821E-1,2.923818863E1
2.305240142E1,3.059996704E1,-1.606459351E0,-1.839674377E-1,3.064265880E1
2.306234142E1,2.774106216E1,-1.668729858E0,2.081122284E0,2.786901970E1
2.307228142E1,2.366428986E1,-3.187621307E0,4.207600250E0,2.424589540E1
2.308222142E1,2.145877625E1,-2.374212799E0,4.055965576E0,2.196740360E1
2.309216242E1,2.368674316E1,-1.410367126E0,3.700005798E0,2.401543212E1
2.310210242E1,2.435136108E1,-7.753875732E-1,3.726650391E0,2.464706749E1
2.311204242E1,2.015109558E1,3.953279114E-1,2.871329041E0,2.035847410E1
2.312198242E1,1.709520035E1,4.191284180E-3,6.638844452E0,1.833903346E1
2.313192242E1,1.451531525E1,-1.206640778E0,1.343725708E1,1.981691794E1
2.314186242E1,9.536967773E0,-2.568658447E-1,8.572822723E0,1.282626305E1
2.315180242E1,1.424587555E0,4.562961273E0,-1.509191620E1,1.583085594E1
2.316174242E1,5.313949585E-2,4.706662445E0,-1.333576813E1,1.414207222E1
2.317168242E1,2.936892700E0,2.318079529E0,-8.755143585E0,9.521101335E0
2.318162242E1,1.711391144E0,7.384144592E-1,-4.966671753E0,5.304898101E0
2.319156342E1,-3.228785706E-1,8.129594421E-1,-3.032992859E0,3.156611998E0
2.320150342E1,-1.682950287E0,8.928932190E-1,-2.780767365E0,3.370793246E0
2.321144342E1,-2.215842133E0,7.930508423E-1,-2.211351471E0,3.229390240E0
2.322138342E1,-1.887574768E0,4.707710266E-1,-1.736987915E0,2.608005154E0
2.323132342E1,-9.300160217E-1,3.659889221E-1,-1.247805176E0,1.598716813E0
2.324126342E1,-3.381468201E-1,5.760021973E-1,-1.461410980E0,1.606811705E0
2.325120342E1,6.063890076E-1,-7.951464844E-1,-6.836283875E-1,1.211327095E0
2.326114342E1,2.553689575E-1,-1.658700714E0,8.168513489E-1,1.866479973E0
2.327108342E1,-2.338137817E-1,-1.390458527E0,4.908293152E-1,1.492969261E0
2.328102342E1,-3.112028503E-1,-1.479673004E0,6.673123169E-1,1.652750780E0
2.329096342E1,-2.059716797E-1,-1.203796692E0,1.152902527E0,1.679504404E0
2.330090442E1,1.556762695E-2,-5.960604858E-1,1.774410095E0,1.871913898E0
2.331084442E1,7.342231750E-1,6.054908752E-1,1.825004883E0,2.058238493E0
2.332078442E1,3.068918152E0,2.102677460E0,1.734592896E0,4.104670953E0
2.333072442E1,6.698570251E0,2.993924103E0,1.411864014E0,7.471799311E0
2.334066392E1,1.077983322E1,2.819087677E0,1.577719116E0,1.125349978E1
2.335060392E1,1.403047348E1,2.590063934E0,1.688638458E0,1.436711930E1
2.336054392E1,1.920880508E1,1.076710968E0,2.480192413E0,1.939816625E1
2.337048392E1,2.268203247E1,2.734812927E-1,7.042854309E-1,2.269461185E1
2.338042392E1,2.837499390E1,-1.275347900E0,-4.034111023E-1,2.840650509E1
2.339036392E1,3.266806641E1,-2.898722076E0,-2.188299408E0,3.286934448E1
2.340030492E1,3.261133438E1,-3.682641907E0,-6.533912659E-1,3.282511084E1
2.341024492E1,2.558180237E1,-4.672084351E0,2.365830231E0,2.611233688E1
2.342018492E1,1.986474106E1,-4.123475189E0,3.490591278E0,2.058628700E1
2.343012492E1,2.024270508E1,-2.312541046E0,3.304528198E0,2.064061195E1
2.344006492E1,2.525383438E1,-1.003962250E0,3.946243744E0,2.558001038E1
2.345000492E1,2.496119293E1,-1.184187469E0,3.461551666E0,2.522787729E1
2.345994492E1,2.026530807E1,-1.252445526E0,4.745731201E0,2.085121809E1
2.346988492E1,1.764515671E1,-2.020049286E0,1.159518768E1,2.121038736E1
2.347982492E1,1.501647308E1,-2.290836182E0,1.561627579E1,2.178555631E1
2.348976492E1,6.894662476E0,2.365081787E0,-1.049811905E1,1.278047284E1
2.349970592E1,2.769241333E0,4.942422180E0,-1.273671387E1,1.393987499E1
2.350964592E1,5.092110901E0,2.368674316E0,-8.218060455E0,9.953729406E0
2.351958592E1,5.283263397E0,7.529342651E-2,-4.826114044E0,7.156110535E0
2.352952592E1,3.564088440E0,1.001417542E-1,-2.027683411E0,4.101738021E0
2.353946592E1,2.105371857E0,5.408253479E-1,-1.404978333E0,2.588251693E0
2.354940592E1,7.276368713E-1,1.079255676E0,-1.620679779E0,2.078665720E0
2.355934592E1,-2.877017212E-1,1.040935364E0,-1.947450256E0,2.226854556E0
2.356928592E1,-6.979985046E-1,8.138575745E-1,-2.023492126E0,2.289997041E0
2.357922592E1,-9.279203796E-1,6.036946106E-1,-1.667083282E0,2.001162183E0
2.358916592E1,-7.295828247E-1,4.914280701E-1,-1.395398254E0,1.649523851E0
2.359910692E1,-3.918850708E-1,3.718267822E-1,-1.154249725E0,1.274410253E0
2.360904692E1,-3.730242920E-1,8.053253174E-2,-6.571334839E-1,7.599059328E-1
2.361898692E1,-1.413061523E-1,-2.549198914E-1,-5.472619629E-1,6.200380922E-1
2.362892692E1,1.842668152E-1,-3.867956543E-1,-3.155438232E-1,5.321024730E-1
2.363886692E1,2.692900085E-1,-4.879852295E-1,-1.013392639E-1,5.664947831E-1
2.364880692E1,1.233435059E-1,-4.842430115E-1,2.170486450E-1,5.448073319E-1
2.365874692E1,2.514770508E-2,-3.177891541E-1,5.887257385E-1,6.694926054E-1
2.366868692E1,3.836521912E-1,1.977388000E-1,8.830137634E-1,9.828544873E-1
2.367862692E1,1.647773438E0,1.077908478E0,1.360221405E0,2.393166576E0
2.368856692E1,3.867956543E0,1.765129395E0,1.942211151E0,4.674286443E0
2.369850792E1,6.528823242E0,1.915117493E0,2.417472839E0,7.220622055E0
2.370844792E1,9.344767456E0,1.535207520E0,2.620899811E0,9.826019375E0
2.371838792E1,1.214933533E1,1.309027863E0,2.845582581E0,1.254660285E1
2.372832792E1,1.574755280E1,1.276844788E0,2.708767090E0,1.602975891E1
2.373826792E1,2.076646591E1,1.169667664E0,2.055525513E0,2.090070367E1
2.374820792E1,2.643442932E1,4.522096252E-1,1.873354340E0,2.650458458E1
2.375814792E1,3.139945450E1,-1.047072601E0,1.835632782E0,3.147048858E1
2.376808792E1,3.266986267E1,-3.318299561E0,1.504521332E0,3.287239911E1
2.377802792E1,2.994672546E1,-4.982089691E0,2.635419617E0,3.047249613E1
2.378796792E1,2.544438812E1,-4.843927002E0,4.466412048E0,2.628363278E1
2.379790792E1,2.275567932E1,-2.703228607E0,5.548811188E0,2.357790686E1
2.380784892E1,2.487227783E1,-2.140548706E-1,4.195325775E0,2.522452740E1
2.381778892E1,2.518677383E1,2.829116821E-1,3.602109375E0,2.544462236E1
2.382772892E1,1.983555176E1,5.559439087E-1,3.669768677E0,2.017982630E1
2.383766892E1,1.630080231E1,-5.614823914E-1,1.177960419E1,2.011940588E1
2.384760892E1,1.335163513E1,-4.710704041E-1,1.711870148E1,2.171492593E1
2.385754892E1,8.095166016E0,3.854035492E0,-9.259295197E0,1.288874897E1
2.386748892E1,4.745431824E0,5.442681885E0,-1.284074753E1,1.473182631E1
2.387742892E1,6.245761871E0,3.326682129E0,-9.113947449E0,1.153864782E1
2.388736892E1,7.990383911E0,6.313870239E-1,-6.030958557E0,1.003081979E1
2.389730892E1,5.288203125E0,-1.148860931E0,-1.882784729E0,5.729734031E0
2.390724992E1,2.716550903E0,-1.055604858E0,-5.239105225E-3,2.914442979E0
2.391718992E1,8.666976929E-1,-9.228309631E-1,-2.170486450E-2,1.266196264E0
2.392712992E1,-6.724017334E-1,-1.044827271E0,1.472937012E-1,1.251192851E0
2.393706992E1,-1.820514221E0,-6.923103333E-1,-3.203338623E-2,1.947971192E0
2.394700992E1,-2.124681702E0,-7.694000244E-2,-2.968327332E-1,2.146695546E0
2.395694992E1,-2.246079254E0,8.113128662E-1,-1.401834869E0,2.769159003E0
2.396688992E1,-2.111209717E0,-7.132667542E-1,-2.011816406E-1,2.237505304E0
2.397682992E1,-2.571352844E0,-2.823129272E-1,-6.843768311E-1,2.675804119E0
2.398676992E1,-2.370769958E0,-2.537223816E-1,-3.132984924E-1,2.404803773E0
2.399670992E1,-1.925595703E0,-1.595681763E-1,4.640350342E-2,1.932752985E0
2.400665092E1,-1.773661652E0,8.098159790E-2,3.234773254E-1,1.804735785E0
2.401659092E1,-1.384620667E0,4.263134766E-1,2.683918762E-1,1.473415003E0
2.402653092E1,-7.198530579E-1,8.220904541E-1,5.379812622E-1,1.217967560E0
2.403647092E1,3.706292725E-1,1.647623749E0,1.311572571E0,2.138282648E0
2.404641092E1,2.538571014E0,3.019520874E0,1.790426788E0,4.332144641E0
2.405635092E1,5.645510101E0,4.165388031E0,1.542691956E0,7.183462969E0
2.406629092E1,8.702602844E0,3.816313934E0,1.571731567E0,9.631712643E0
2.407623092E1,1.071876022E1,2.058219910E0,1.118474121E0,1.097173980E1
2.408617092E1,1.512439865E1,-1.992207184E0,2.477647705E0,1.545493650E1
2.409611092E1,1.746433273E1,-3.809727631E0,1.580413513E0,1.794476663E1
2.410605092E1,2.320519455E1,-3.505859528E0,5.269042969E-2,2.346859351E1
2.411599192E1,2.886178162E1,-3.483705597E0,-5.129832458E-1,2.907579396E1
2.412593192E1,3.189492416E1,-3.653602295E0,1.407073975E-1,3.210381279E1
2.413587192E1,3.111459686E1,-3.151546326E0,1.134041748E0,3.129435145E1
2.414581192E1,2.804882217E1,-3.228336639E0,2.775079193E0,2.837004842E1
2.415575192E1,2.425181808E1,-3.841910706E0,4.238735504E0,2.491742035E1
2.416569192E1,2.194541428E1,-2.085912323E0,5.431006165E0,2.270348136E1
2.417563192E1,2.104383911E1,-8.809181213E-1,4.920717316E0,2.162943920E1
2.418557192E1,2.395648224E1,-2.420466614E0,4.188290405E0,2.443999747E1
2.419551192E1,2.369901764E1,-1.380279694E0,3.376977539E0,2.397816895E1
2.420545192E1,1.863983826E1,-8.437953186E-1,9.555828552E0,2.096352595E1
2.421539292E1,1.460991852E1,-2.236499176E0,2.080239120E1,2.551844681E1
2.422533292E1,9.319320374E0,1.852547607E0,1.732497253E0,9.658323436E0
2.423527292E1,3.735631714E0,4.963827667E0,-1.595726669E1,1.712392740E1
2.424521292E1,4.135300598E0,1.383123779E0,-1.032672546E1,1.120959416E1
2.425515292E1,7.371570740E0,-2.213896179E0,-5.318739624E0,9.355767347E0
2.426509292E1,4.207749939E0,-2.736160126E0,-8.261320496E-1,5.086671401E0
2.427503292E1,1.391057281E0,-9.788145447E-1,6.033952332E-1,1.804772584E0
2.428497292E1,-6.078858948E-1,6.506968689E-1,-1.811233521E-1,9.087009106E-1
2.429491292E1,-1.828896790E0,1.048569489E0,-1.003064117E0,2.334630391E0
2.430485292E1,-2.235151978E0,7.548802185E-1,-1.423839111E0,2.755551909E0
2.431479292E1,-1.623523865E0,-9.386979675E-1,-1.282682648E0,2.272060384E0
2.432473392E1,-9.372010803E-1,-9.639953613E-1,-1.380279694E0,1.926864021E0
2.433467392E1,-2.627037048E-1,-1.118923187E0,-1.262175293E0,1.707070240E0
2.434461371E1,3.049159241E-1,-9.050180054E-1,-7.159611511E-1,1.193579357E0
2.435455371E1,5.474116516E-1,-4.492158508E-1,-1.624122620E-1,7.265205708E-1
2.436449371E1,4.611909485E-1,1.182540894E-1,1.511856079E-1,4.995379952E-1
2.437443371E1,1.002914429E-1,6.358776855E-1,1.326242065E-1,6.572579286E-1
2.438437371E1,-3.222798157E-1,1.364861755E0,-1.731898499E-1,1.413048695E0
2.439431371E1,-1.416055298E-1,6.119274902E-1,5.426216125E-1,8.300274657E-1
2.440425371E1,-7.634124756E-2,3.305126953E-1,3.150947571E-1,4.629809216E-1
2.441419371E1,1.073567505E0,6.030958557E-1,1.538800049E-1,1.240947563E0
2.442413371E1,3.848796387E0,6.477030945E-1,7.954458618E-1,3.983150392E0
2.443407471E1,6.582411804E0,-1.812730408E-1,1.415306854E0,6.735287564E0
2.444401471E1,9.216633911E0,-1.199156342E0,4.471202087E-1,9.305064915E0
2.445395471E1,1.260828094E1,-2.443818054E0,-9.116043091E-2,1.284325914E1
2.446389471E1,1.621727600E1,-1.637295227E0,-2.847079468E-1,1.630220338E1
2.447383471E1,2.163705551E1,-6.134243774E-1,6.406677246E-1,2.165522837E1
2.448377471E1,2.475043121E1,4.272116089E-1,2.661465454E-1,2.475554865E1
2.449371471E1,2.883783142E1,4.071533203E-2,1.134041748E0,2.886014951E1
2.450365471E1,3.107208527E1,-1.381028137E0,2.148332520E0,3.117686729E1
2.451359471E1,2.871463760E1,-3.706292725E0,2.422711945E0,2.905402815E1
2.452353471E1,2.572729980E1,-5.247637482E0,3.312312012E0,2.646512923E1
2.453347571E1,2.302691528E1,-5.348527679E0,5.070705414E0,2.417762662E1
2.454341571E1,2.023671753E1,-4.135599976E0,5.753884735E0,2.144143449E1
2.455335571E1,2.208612167E1,-3.069965973E0,5.937253418E0,2.307536435E1
2.456329571E1,2.382445679E1,-2.947221222E0,5.467530212E0,2.462081925E1
2.457323571E1,1.903845932E1,-1.999990997E0,1.123473724E1,2.219644607E1
2.458317571E1,1.678998505E1,-4.370012512E0,1.450842957E1,2.261625822E1
2.459311571E1,9.633966064E0,1.306782532E0,-7.066056061E0,1.201874082E1
2.460305571E1,3.293301544E0,3.613336029E0,-9.564959564E0,1.074199627E1
2.461299571E1,5.783223724E0,2.165995789E0,-7.801177368E0,9.949652393E0
2.462293571E1,6.146667938E0,-7.005432129E-2,-4.299359436E0,7.501394931E0
2.463287571E1,3.827540588E0,3.914360046E-1,-1.385818176E0,4.089471985E0
2.464281671E1,2.132166138E0,6.129753113E-1,-1.535506897E0,2.698083135E0
2.465275671E1,4.596940613E-1,1.088237000E0,-2.709365845E0,2.955713396E0
2.466269671E1,-1.003363495E0,1.084345093E0,-2.543660431E0,2.941555876E0
2.467263671E1,-1.557211761E0,4.254153442E-1,-2.537523193E0,3.007475792E0
2.468257671E1,-1.212628326E0,-9.485774231E-1,-2.049687653E0,2.563490991E0
2.469251671E1,-9.081614685E-1,-9.113049316E-1,-1.539249115E0,2.006121075E0
2.470245671E1,-6.786886597E-1,-9.605525208E-1,-7.138655090E-1,1.375820994E0
2.471239671E1,-9.931846619E-1,-1.039288788E0,-5.710624695E-1,1.546819091E0
2.472233671E1,-9.066645813E-1,-1.154698792E0,-4.354444885E-1,1.531333362E0
2.473227671E1,-5.551954651E-1,-1.310524750E0,-4.775070190E-2,1.424077685E0
2.474221771E1,-1.320254517E-1,-1.195414124E0,2.076182556E-1,1.220471625E0
2.475215771E1,-4.625381470E-2,-1.119821320E0,5.998027039E-1,1.271181532E0
2.476209771E1,-1.589694214E-1,-1.356928253E0,1.065484314E0,1.732565261E0
2.477203771E1,-2.960842896E-1,-1.722468109E0,1.600621490E0,2.369926465E0
2.478197771E1,1.724414062E-1,-1.631607056E0,2.353106689E0,2.868621396E0
2.479191771E1,1.936972046E0,-6.611750793E-1,2.918331299E0,3.564501475E0
2.480185771E1,4.865931244E0,1.121168518E-1,3.115920410E0,5.779170967E0
2.481179771E1,8.037236481E0,1.654060364E-1,3.080593872E0,8.608982983E0
2.482173771E1,1.110450806E1,-6.264472961E-1,2.718496857E0,1.144957469E1
2.483167771E1,1.491273880E1,-9.975256348E-1,2.196232910E0,1.510656397E1
2.484161771E1,2.001083725E1,-5.655239868E-1,1.449286194E0,2.007121958E1
2.485155871E1,2.523916489E1,4.490661621E-3,1.241967316E0,2.526970414E1
2.486149871E1,2.960797989E1,2.966830444E-1,2.322270813E0,2.970039454E1
2.487143871E1,3.323119537E1,-4.924758911E-2,3.595523071E0,3.342517850E1
2.488137871E1,3.264336777E1,-7.099736023E-1,3.923640747E0,3.288599213E1
2.489131871E1,2.718451950E1,-1.539847870E0,4.966821442E0,2.767740138E1
2.490125871E1,2.154305099E1,-1.585353241E0,6.712191925E0,2.262012183E1
2.491119871E1,2.057127182E1,-8.921447754E-2,6.411467285E0,2.154743828E1
2.492113871E1,2.308918579E1,7.081773376E-1,4.635111237E0,2.356048115E1
2.493107871E1,2.524470337E1,-1.128652954E-1,3.835324402E0,2.553463334E1
2.494101871E1,2.110790588E1,4.270619202E-1,2.356399841E0,2.124332114E1
2.495095871E1,1.526435760E1,-5.111869812E-1,5.454806671E0,1.621779396E1
2.496089971E1,1.301079391E1,-4.764292603E0,1.802102509E1,2.273184083E1
2.497083971E1,9.129066010E0,-3.547472992E0,4.966671753E0,1.098144977E1
2.498077971E1,2.218386841E0,6.822063446E0,-2.343317047E1,2.450663723E1
2.499071971E1,2.652783508E0,3.190465393E0,-1.470302490E1,1.527727957E1
2.500065971E1,6.045628052E0,1.954186249E0,-8.734486542E0,1.080091281E1
2.501059971E1,3.386407928E0,4.367916870E-1,-3.032394104E0,4.566613585E0
2.502053971E1,2.029629364E0,3.128494263E-2,-3.918850708E-1,2.067352900E0
2.503047971E1,1.110091553E0,-7.671546936E-1,4.923262024E-1,1.436389456E0
2.504041971E1,6.134243774E-1,-1.363963623E0,6.454577637E-1,1.628895932E0
2.505035971E1,4.248165894E-1,-1.319206696E0,-8.982820129E-1,1.651570772E0
2.506029971E1,4.564009094E-1,-3.594924316E0,1.522184601E0,3.930499789E0
2.507024071E1,-5.584886169E-1,-2.481988678E0,7.685018921E-1,2.657587720E0
2.508018071E1,-1.314117279E0,-2.076931000E0,5.596861267E-1,2.520673553E0
2.509012071E1,-1.819466400E0,-1.531614990E0,3.680845642E-1,2.406613535E0
2.510006071E1,-1.780697021E0,-8.394543457E-1,1.616638184E-2,1.968711973E0
2.511000071E1,-1.261726227E0,-3.329077148E-1,4.355941772E-1,1.375689974E0
2.511994071E1,-7.620652771E-1,2.450404358E-1,1.124311981E0,1.380168733E0
2.512988071E1,-3.772155762E-1,1.174308014E0,1.292262726E0,1.786402490E0
2.513982071E1,-3.412902832E-1,1.677561493E0,9.517208862E-1,1.958689425E0
2.514976071E1,-3.442840576E-2,2.188149719E0,3.064128113E-1,2.209767707E0
2.515970071E1,1.455573120E0,3.257825317E0,-4.311035156E-1,3.594157641E0
2.516964071E1,5.244194641E0,4.406087494E0,-1.122815094E0,6.940885979E0
2.517958171E1,1.038031403E1,3.891607361E0,-2.821632385E-1,1.108941582E1
2.518952171E1,1.479179031E1,1.513951721E0,7.270381165E-1,1.488682958E1
2.519946171E1,1.994138168E1,1.004411316E-1,3.531156921E-1,1.994476078E1
2.520940171E1,2.759586411E1,-2.017654266E0,2.908900909E0,2.782201195E1
2.521934171E1,3.161410812E1,-1.493743744E0,3.307821350E0,3.182176590E1
2.522928171E1,3.207784378E1,-1.430575104E0,3.727099457E0,3.232531326E1
2.523922171E1,3.111699188E1,-1.154998169E0,3.802093506E0,3.136968472E1
2.524916171E1,2.859937729E1,-2.065404968E0,3.988605652E0,2.894994394E1
2.525910171E1,2.225781464E1,-3.395089874E0,4.401896210E0,2.294152649E1
2.526904171E1,1.796593964E1,-2.965333557E0,5.237458649E0,1.894727324E1
2.527898271E1,1.899235519E1,-2.455194397E0,3.314257965E0,1.943506731E1
2.528892271E1,2.177417038E1,-8.999285889E-1,1.486259308E0,2.184338192E1
2.529886271E1,1.844554230E1,1.849553833E0,1.437909851E0,1.859372111E1
2.530880271E1,1.383153717E1,2.698588257E0,2.739303589E0,1.435609916E1
2.531874271E1,1.102951401E1,5.807922363E-2,1.766042496E1,2.082172332E1
2.532868271E1,8.061486053E0,-2.991828461E0,1.276186157E1,1.538842766E1
2.533862283E1,3.488196259E0,5.712720337E0,-2.378029861E1,2.470435769E1
2.534856283E1,1.963317261E0,6.156697083E0,-1.698308350E1,1.817098398E1
2.535850283E1,8.293952637E0,3.164718933E0,-1.180235687E1,1.476823361E1
2.536844283E1,7.855514374E0,9.428892517E-1,-2.160756683E0,8.201647131E0
2.537838283E1,4.687951355E0,7.828720093E-1,4.942721558E-1,4.778502009E0
2.538832383E1,2.835104370E0,4.562512207E-1,7.869136047E-1,2.977451089E0
2.539826383E1,9.532177734E-1,4.219725037E-1,9.193881226E-1,1.389949437E0
2.540820383E1,-5.828878784E-1,1.029109955E0,4.517605591E-1,1.266062076E0
2.541814383E1,-9.490264893E-1,-5.493576050E-2,9.496252441E-1,1.343673070E0
2.542808383E1,-1.494342499E0,-6.734495544E-1,1.835483093E0,2.460811247E0
2.543802383E1,-2.077679443E0,-7.553292847E-1,1.601669312E0,2.729948494E0
2.544796383E1,-2.481240234E0,-7.060816956E-1,1.773212585E0,3.130397313E0
2.545790383E1,-2.553240509E0,-3.242257690E-1,1.411714325E0,2.935489189E0
2.546784383E1,-2.028431854E0,-5.493576050E-2,1.131347351E0,2.323252150E0
2.547778383E1,-1.757644958E0,7.159611511E-1,2.713856506E-1,1.917176659E0
2.548772383E1,-1.270258484E0,-3.182382202E-1,7.801776123E-1,1.524306166E0
2.549766383E1,-1.027912445E0,2.797682190E-1,-3.442840576E-2,1.065860951E0
2.550760483E1,-8.027806091E-1,5.984555054E-1,-7.155120850E-2,1.003855206E0
2.551754483E1,9.777667236E-1,1.194515991E0,3.544628906E-1,1.583837163E0
2.552748483E1,4.271966400E0,2.119592285E0,2.246827698E-1,4.774185871E0
2.553742483E1,8.130941620E0,2.499502258E0,6.477030945E-1,8.531075106E0
2.554736483E1,1.198856964E1,1.122815094E0,1.470242615E0,1.213046286E1
2.555730483E1,1.574455902E1,-8.068222046E-1,2.287992096E0,1.593038005E1
2.556724483E1,2.116823044E1,-2.574945374E0,2.593057709E0,2.148134707E1
2.557718483E1,2.630464920E1,-3.064128113E0,2.727627869E0,2.662261077E1
2.558712483E1,3.116249725E1,-2.195334778E0,1.946103058E0,3.130028829E1
2.559706483E1,3.388383820E1,-1.655706940E0,1.717678070E0,3.396772401E1
2.560700483E1,3.290906525E1,-9.876461792E-1,2.668800201E0,3.303187120E1
2.561694583E1,2.928150879E1,-5.707630920E-1,2.674188995E0,2.940890706E1
2.562688583E1,2.453996887E1,-2.874023438E-1,4.634512482E0,2.497541548E1
2.563682583E1,2.093726074E1,1.157991943E0,5.124443665E0,2.158633261E1
2.564676583E1,2.011382309E1,2.205513611E0,3.001258850E0,2.045575040E1
2.565670583E1,2.241992752E1,1.824406128E0,1.120420074E0,2.252192152E1
2.566664583E1,2.151535858E1,2.435585175E0,3.278182983E-1,2.165525790E1
2.567658583E1,1.486438934E1,8.777746582E-1,1.015952316E1,1.802599428E1
2.568652583E1,9.524992676E0,-6.175108795E0,3.511427948E1,3.690352392E1
2.569646583E1,8.014783173E0,4.934788055E0,-1.904235123E1,2.124146941E1
2.570640583E1,2.918780365E0,5.001399536E0,-2.347448456E1,2.417818648E1
2.571634583E1,7.171736298E0,2.445464630E0,-1.773362274E1,1.928459163E1
2.572628683E1,8.883726196E0,-1.869312744E0,-5.411097565E0,1.056858071E1
2.573622683E1,5.145250397E0,-2.205663300E0,3.737727356E-1,5.610548841E0
2.574616683E1,2.312840424E0,-1.210682373E0,1.191073151E0,2.869431631E0
2.575610683E1,3.381468201E-1,-5.644761658E-1,2.694995728E0,2.774162682E0
2.576604683E1,-1.504671021E0,-2.152523804E-1,2.170037384E0,2.649420826E0
2.577598683E1,-1.958676910E0,-5.399272156E-1,1.877994690E0,2.766731048E0
2.578592683E1,-2.055226135E0,-2.239193573E0,1.938468933E0,3.604941626E0
2.579586683E1,-2.271676025E0,-1.939217377E0,8.708889771E-1,3.111193277E0
2.580580683E1,-2.566263428E0,-1.410217438E0,6.870712280E-2,2.929017219E0
2.581574683E1,-2.432142334E0,-1.013991394E0,-1.736389160E-2,2.635108420E0
2.582568683E1,-1.749561768E0,1.103205872E-1,-3.071612549E-1,1.779742972E0
2.583562783E1,-5.318440247E-1,-3.477268982E-1,8.846603394E-1,1.089218058E0
2.584556783E1,-1.806742859E-1,1.215472412E-1,7.526348877E-1,7.835025230E-1
2.585550783E1,-5.324427795E-1,7.057823181E-1,8.499325562E-1,1.226380587E0
2.586544783E1,-5.516029358E-1,1.204545135E0,1.148112488E-1,1.329803145E0
2.587538783E1,3.002755737E-1,2.404449921E0,-7.149133301E-1,2.526389897E0
2.588532783E1,2.078427887E0,3.656296692E0,-1.259630585E0,4.390334519E0
2.589526783E1,5.905968475E0,3.679648132E0,-1.297501831E0,7.078402716E0
2.590520783E1,1.037103333E1,1.863474884E0,-9.759704590E-1,1.058222043E1
2.591514783E1,1.427940582E1,-4.604425049E-1,4.870870972E-1,1.429512825E1
2.592508783E1,1.992311966E1,-1.891316986E0,1.235381012E0,2.005078410E1
2.593502783E1,2.639311523E1,-1.408271484E0,6.496490479E-1,2.643864225E1
2.594496783E1,3.238844788E1,-8.601113892E-1,1.194515991E0,3.242187866E1
2.595490883E1,3.594340530E1,2.709365845E-2,1.922452240E0,3.599479048E1
2.596484883E1,3.506443314E1,1.484313354E0,1.028062134E0,3.511088961E1
2.597478883E1,2.691567856E1,1.132095795E0,1.910477142E0,2.700713454E1
2.598472883E1,2.041843964E1,-7.768844604E-1,3.597469025E0,2.074748202E1
2.599466883E1,1.637684418E1,-3.787124634E0,3.788322144E0,1.723063327E1
2.600460883E1,1.420740555E1,-1.212927704E0,4.195625153E0,1.486354051E1
2.601454883E1,1.808134964E1,1.157542877E0,2.199975128E0,1.825143832E1
2.602448883E1,2.234687943E1,1.399739227E0,1.453327789E0,2.243779070E1
2.603442883E1,2.021785675E1,2.389930115E0,4.853956146E0,2.092927108E1
2.604436883E1,1.328577209E1,-5.476810913E0,3.393099014E1,3.684859957E1
2.605430883E1,9.924960938E0,-3.424877930E-1,-6.902895355E0,1.209430080E1
2.606424883E1,4.100123749E0,6.407425690E0,-2.997860916E1,3.092867805E1
2.607418983E1,3.627107391E0,3.660487976E0,-1.902573578E1,1.971125826E1
2.608412983E1,8.913364563E0,-7.917036438E-1,-8.455616455E0,1.231147075E1
2.609406983E1,6.316265259E0,-2.970422974E0,-1.493594055E0,7.137887829E0
2.610400983E1,3.278632050E0,-2.823278961E0,-2.874023438E-2,4.326795374E0
2.611394983E1,1.464255066E0,-2.242935791E0,2.180365906E0,3.453809396E0
2.612388983E1,-7.741900635E-1,-1.881886597E0,2.443668365E0,3.179997248E0
2.613382983E1,-1.911375275E0,-1.368603973E0,1.114432526E0,2.601613371E0
2.614376983E1,-2.064057770E0,-2.100432129E0,1.678459625E0,3.389598253E0
2.615370983E1,-3.185076599E0,-1.328038330E0,9.767189026E-1,3.586415838E0
2.616364983E1,-3.599564667E0,-9.258247375E-1,4.364923096E-1,3.742264391E0
2.617358983E1,-3.313659210E0,-1.516346741E-1,-2.894979858E-1,3.329735653E0
2.618353083E1,-2.176174622E0,7.255412292E-1,-5.212161255E-1,2.352405643E0
2.619347083E1,-1.529519348E0,1.389261017E0,1.745370483E-1,2.073629376E0
2.620341083E1,-1.391506348E0,1.681603088E0,1.322050781E0,2.551841909E0
2.621335083E1,-1.375040588E0,1.609602814E0,1.961820374E0,2.886225392E0
2.622329083E1,-9.192384338E-1,1.722617798E0,2.075883179E0,2.849860058E0
2.623323083E1,3.875440979E-1,2.318827972E0,1.353784790E0,2.712911140E0
2.624317083E1,2.787653046E0,2.622995453E0,1.093625793E0,3.980845642E0
2.625311083E1,6.616989899E0,1.997146912E0,7.298822021E-1,6.950243099E0
2.626305083E1,1.086156326E1,3.233276367E-2,-4.442761230E-1,1.087069378E1
2.627299083E1,1.506976227E1,-1.701811066E0,-1.993853760E0,1.529605663E1
2.628293083E1,2.170291855E1,-3.385809174E0,-1.570983124E0,2.202154321E1
2.629287183E1,2.430226318E1,-2.816842346E0,-9.538165283E-1,2.448355290E1
2.630281183E1,2.889516220E1,-2.892584839E0,2.029779053E0,2.911043539E1
2.631275183E1,3.260878967E1,-2.916684723E0,1.525477753E0,3.277449155E1
2.632269183E1,3.573533798E1,-2.338437195E0,-1.923350372E0,3.586337890E1
2.633263183E1,3.187561432E1,-5.626799011E-1,3.221301270E-1,3.188220765E1
2.634257142E1,2.357297974E1,8.256829834E-1,5.314398651E0,2.417870880E1
2.635251142E1,1.953482712E1,1.038540344E0,2.149530029E0,1.968015538E1
2.636245142E1,1.429018341E1,1.673819275E0,4.045038300E0,1.494567990E1
2.637239142E1,1.219499039E1,4.230502625E0,5.904321899E0,1.419422277E1
2.638233142E1,1.791010574E1,4.553830261E0,2.125430145E0,1.860179322E1
2.639227142E1,2.381323013E1,3.271896057E0,7.831713867E-1,2.404971082E1
2.640221142E1,1.778766037E1,-1.393901367E0,1.585053864E1,2.386594640E1
2.641215242E1,1.280033157E1,-1.282982025E1,3.375241150E1,3.831028658E1
2.642209242E1,7.255861359E0,4.684059448E0,-3.523388077E1,3.627691127E1
2.643203242E1,-8.425978088E-1,5.174888763E0,-2.250450165E1,2.310718588E1
2.644197242E1,5.789061584E0,2.684218140E0,-1.698038910E1,1.813978707E1
2.645191242E1,5.996230774E0,-4.950205994E-1,-4.579876099E0,7.561421425E0
2.646185242E1,1.556613007E0,-1.084045715E0,1.691482544E-1,1.904418624E0
2.647179242E1,-3.960763550E-1,-2.415077820E0,2.607727203E0,3.576271595E0
2.648173242E1,-2.466570740E0,-2.081122284E0,2.364333344E0,4.000639116E0
2.649167242E1,-3.274291077E0,-4.878804474E0,3.118165741E0,6.651817251E0
2.650161242E1,-3.600911865E0,-3.847149811E0,1.058748322E0,5.374762873E0
2.651155242E1,-3.548670502E0,-2.613115997E0,-3.345542908E-1,4.419656561E0
2.652149242E1,-3.186723175E0,-1.341959381E0,5.436694336E-1,3.500233710E0
2.653143342E1,-2.327360229E0,3.007246399E-1,7.520361328E-1,2.464264453E0
2.654137342E1,-9.765692139E-1,1.555864563E0,2.826123047E-1,1.858567105E0
2.655131342E1,-5.285508728E-1,2.235002289E0,6.830296326E-1,2.396065678E0
2.656125342E1,-5.528004456E-1,2.539768524E0,1.267115021E0,2.891641915E0
2.657119342E1,-5.186714172E-1,2.141596527E0,1.726659393E0,2.799430011E0
2.658113342E1,-2.537223816E-1,1.225202179E0,2.002984772E0,2.361661157E0
2.659107342E1,9.139993286E-1,8.433462524E-1,2.324965210E0,2.636681798E0
2.660101342E1,3.460503845E0,1.037791901E0,1.942809906E0,4.102025015E0
2.661095342E1,7.346123657E0,1.394350433E0,6.584806824E-1,7.506220269E0
2.662089342E1,1.203108124E1,5.354365540E-1,-2.154020691E-1,1.204491619E1
2.663083342E1,1.622012009E1,1.242416382E-1,-1.782044220E0,1.631819271E1
2.664077342E1,1.850511841E1,-4.661306763E-1,-3.921844482E-1,1.851514228E1
2.665071442E1,2.330383942E1,-1.202599182E0,2.495310974E-1,2.333618311E1
2.666065442E1,2.911984497E1,-1.970352631E0,-5.613327026E-1,2.919182685E1
2.667059442E1,3.406496155E1,-1.070573730E0,-4.257596283E0,3.434668630E1
2.668053442E1,3.668376572E1,-1.255139923E0,-2.803220673E0,3.681211879E1
2.669047442E1,3.065984253E1,-1.595382385E0,3.509901123E0,3.090130409E1
2.670041442E1,2.055375824E1,-9.270222473E-1,6.782545624E0,2.166377791E1
2.671035442E1,1.764261200E1,2.836601257E-1,5.538782043E0,1.849379160E1
2.672029442E1,1.680031357E1,-2.517764282E-1,4.624183960E0,1.742690462E1
2.673023442E1,1.518666916E1,1.619332581E0,5.010680237E0,1.607370756E1
2.674017442E1,1.741478577E1,3.068918152E0,3.489693146E0,1.802417766E1
2.675011442E1,2.439492050E1,2.116299133E0,1.516496429E0,2.453345939E1
2.676005542E1,1.945698898E1,3.529660034E-1,9.010512543E0,2.144500738E1
2.676999542E1,1.236279144E1,-7.081473999E0,3.436194397E1,3.719850911E1
2.677993542E1,7.640711060E0,1.717678070E0,-2.485356674E1,2.605821681E1
2.678987542E1,-1.459165649E0,7.277117157E0,-2.374527145E1,2.487817346E1
2.679981542E1,3.082240448E0,4.870721283E0,-1.644974258E1,1.743038046E1
2.680975542E1,2.926115112E0,-7.875123596E-1,-6.097120972E0,6.808612892E0
2.681969542E1,-1.212927704E0,-2.409239960E0,1.438059540E0,3.056737810E0
2.682963542E1,-2.144889679E0,-3.553310852E0,2.643353119E0,4.920760658E0
2.683957542E1,-2.896327057E0,-2.351160736E0,1.728006592E0,4.111286175E0
2.684951542E1,-9.075627136E-1,-2.325563965E0,1.097218323E0,2.726867412E0
2.685945542E1,-1.350192261E-1,-3.457809448E-2,-8.825646973E-1,8.935022557E-1
2.686939542E1,-2.365081787E-2,2.165995789E-1,-8.232879639E-3,2.180424708E-1
2.687933642E1,-5.369334412E-1,3.462300110E-1,3.857478333E-1,7.463069955E-1
2.688927642E1,-5.436694336E-1,5.330415344E-1,2.121089172E-1,7.903796070E-1
2.689921642E1,3.472778320E-2,5.643264771E-1,4.813989258E-1,7.425734424E-1
2.690915642E1,3.264710999E-1,5.438191223E-1,6.812333679E-1,9.308069179E-1
2.691909642E1,4.457730103E-1,2.821632385E-1,9.327104187E-1,1.071577526E0
2.692903642E1,5.125341797E-1,-4.400848389E-2,7.128176880E-1,8.790546560E-1
2.693897642E1,9.291178894E-1,-1.360670471E-1,3.471281433E-1,1.001135476E0
2.694891642E1,2.263293457E0,5.498066711E-1,8.068222046E-2,2.330513735E0
2.695885642E1,4.485721893E0,1.180894318E0,3.089575195E-1,4.648835020E0
2.696879642E1,8.375233612E0,1.929038544E0,1.892065430E-1,8.596599728E0
2.697873642E1,1.275243118E1,2.904260559E0,-1.415905609E0,1.315537986E1
2.698867642E1,1.807117081E1,3.435356140E-1,6.224057007E-1,1.808514915E1
2.699861742E1,2.046244812E1,-1.416953430E0,4.062551880E-1,2.051547180E1
2.700855742E1,2.473186981E1,-1.813778229E0,7.629634094E-1,2.481002396E1
2.701849742E1,2.910697174E1,-7.268884277E-1,-3.957769775E-1,2.911873641E1
2.702843742E1,3.191872467E1,1.423839111E0,-9.063652039E-1,3.196331961E1
2.703837742E1,3.050117249E1,2.512974243E0,2.063908081E0,3.067403265E1
2.704831742E1,2.522254944E1,1.704505463E0,6.114933929E0,2.600912832E1
2.705825742E1,2.280567535E1,-1.535806274E-1,5.961053925E0,2.357236898E1
2.706819742E1,1.968361771E1,-4.528083801E-1,6.941664734E0,2.087669875E1
2.707813742E1,1.903217239E1,2.115999756E0,7.797285461E0,2.067604173E1
2.708807742E1,2.243759079E1,2.116448822E0,4.919819183E0,2.306793135E1
2.709801742E1,2.401620804E1,-7.454498291E-2,3.651207275E0,2.429228520E1
2.710795742E1,1.973211685E1,-9.204359436E-1,6.995852051E0,2.095580072E1
2.711789842E1,1.480481323E1,-5.672903137E0,2.648532349E1,3.086805282E1
2.712783842E1,9.636810150E0,-2.780767365E0,4.350852356E0,1.093300934E1
2.713777842E1,1.329385529E0,5.562133484E0,-2.554722427E1,2.617948171E1
2.714771842E1,-9.298663330E-1,3.958667908E0,-1.610635666E1,1.661175571E1
2.715765842E1,4.258943481E0,1.758543091E0,-1.201266953E1,1.286605233E1
2.716759842E1,1.949396210E0,-1.554217987E0,-2.910697174E0,3.832479246E0
2.717753842E1,3.686833191E-1,-2.000889130E0,1.031055908E0,2.280912314E0
2.718747842E1,-4.568499756E-1,-1.835932159E0,1.433868256E0,2.373886469E0
2.719741842E1,-1.127605133E0,-2.229763184E0,4.619393921E-1,2.541008696E0
2.720735842E1,-4.683760071E-1,-2.939587097E0,1.251098328E0,3.228900031E0
2.721729842E1,-2.050735474E-1,-1.291813660E0,5.511538696E-1,1.419368972E0
2.722723842E1,4.833448792E-1,-5.617817688E-1,-4.117936707E-1,8.478178196E-1
2.723717842E1,5.242098999E-1,-2.872526550E-1,-1.250798950E0,1.386292942E0
2.724711942E1,3.439846802E-1,2.920426941E-1,-1.449585571E0,1.518193902E0
2.725705942E1,-1.932481384E-1,6.295907593E-1,-1.245110779E0,1.408556076E0
2.726699942E1,-4.028123474E-1,8.680448914E-1,-6.514453125E-1,1.157644469E0
2.727693942E1,-3.888912964E-1,1.145717468E0,4.670288086E-2,1.210820431E0
2.728687942E1,-5.930667114E-1,1.216969299E0,5.090913391E-1,1.446345875E0
2.729681942E1,-6.134243774E-1,8.940907288E-1,7.298822021E-1,1.307063781E0
2.730675942E1,-2.528242493E-1,5.710624695E-1,6.331832886E-1,8.893556780E-1
2.731669942E1,1.292562103E0,7.330256653E-1,8.764274597E-1,1.725157532E0
2.732663942E1,3.855682068E0,1.072968750E0,8.846603394E-1,4.098801052E0
2.733657942E1,7.416477356E0,1.622176666E0,-7.349716187E-2,7.592166709E0
2.734652004E1,1.136930740E1,1.544338531E0,-5.153782654E-1,1.148528394E1
2.735646004E1,1.465961517E1,1.457369385E0,-4.694238281E-1,1.473935552E1
2.736640104E1,2.053489746E1,-2.409988403E-1,1.085841980E0,2.056499810E1
2.737634104E1,2.385843613E1,-1.281335449E-1,-3.637435913E-2,2.385880793E1
2.738628104E1,2.885923691E1,8.619076538E-1,-9.288185120E-1,2.888704110E1
2.739622104E1,3.279170929E1,1.157093811E0,-3.405418396E-1,3.281388476E1
2.740616104E1,3.161650314E1,5.164260864E-2,3.217559052E0,3.177984620E1
2.741610104E1,2.536250839E1,-9.354048157E-1,6.497837677E0,2.619835317E1
2.742604104E1,2.099728592E1,-1.941762085E0,5.568420410E0,2.180971714E1
2.743598104E1,1.898711609E1,-1.753453674E0,5.621110840E0,1.987918671E1
2.744592104E1,1.976010864E1,-7.090754700E-1,5.843548279E0,2.061823800E1
2.745586104E1,2.260479309E1,-2.091001740E0,4.367467804E0,2.311760658E1
2.746580104E1,2.446886673E1,-2.479294281E0,2.598446503E0,2.473103846E1
2.747574104E1,1.959066101E1,-1.671124878E0,6.580914917E0,2.073391180E1
2.748568204E1,1.546823364E1,-3.079695740E0,2.309846649E1,2.796944640E1
2.749562204E1,1.197988770E1,8.547225952E-2,2.374661865E0,1.221327285E1
2.750556204E1,5.224735107E0,3.846700745E0,-1.856544296E1,1.966648509E1
2.751550204E1,4.839586029E0,6.680158539E0,-1.483729568E1,1.697620259E1
2.752544204E1,8.671617279E0,3.873794403E0,-1.016566040E1,1.391200491E1
2.753538204E1,6.513105927E0,1.612596588E0,-3.069816284E0,7.378671194E0
2.754532204E1,4.075125732E0,3.213816833E-1,-5.043013000E-1,4.118768714E0
2.755526204E1,2.197580109E0,-1.414708099E0,-8.616082764E-1,2.751931351E0
2.756520204E1,2.234852600E-1,-2.147135010E0,-1.361718292E0,2.552334445E0
2.757514204E1,-1.151555328E0,-2.445464630E0,-1.057401123E0,2.902494456E0
2.758508204E1,-1.779499512E0,-2.079625397E0,-1.093476105E0,2.947397207E0
2.759502204E1,-1.892963562E0,-1.433269501E0,-6.849755859E-1,2.471186772E0
2.760496304E1,-1.846410370E0,-8.204438782E-1,-1.137634277E-2,2.020516972E0
2.761490304E1,-1.817670135E0,5.541476440E-1,-4.818479919E-1,1.960403484E0
2.762484304E1,-1.142574005E0,-8.012837219E-1,5.117857361E-1,1.486423762E0
2.763478304E1,-1.238524475E0,-4.505630493E-1,5.956114197E-1,1.446272070E0
2.764472304E1,-8.744815063E-1,-2.682421875E-1,6.005511475E-1,1.094227333E0
2.765466304E1,-6.759942627E-1,-3.947291565E-1,7.261399841E-1,1.067735279E0
2.766460304E1,-8.337661743E-1,-4.649331665E-1,8.617579651E-1,1.286062080E0
2.767454304E1,-8.267308044E-1,-6.725514221E-1,7.978408813E-1,1.331299857E0
2.768448304E1,-3.867956543E-1,-4.113446045E-1,3.990701294E-1,6.914276752E-1
2.769442304E1,7.505392456E-1,3.311114502E-1,2.944377136E-1,8.715718667E-1
2.770436304E1,3.066373444E0,1.046324158E0,4.935237122E-1,3.277347402E0
2.771430304E1,6.216123505E0,1.307980042E0,7.887098694E-1,6.401020737E0
2.772424304E1,9.347162476E0,1.156644745E0,2.923420715E-1,9.422989828E0
2.773418404E1,1.291289749E1,8.238867188E-1,-4.480183411E-1,1.294690818E1
2.774412404E1,1.718531296E1,6.345304871E-1,-3.920347595E-1,1.720149126E1
2.775406404E1,2.197684891E1,8.571176147E-1,-5.953120422E-1,2.200161210E1
2.776400404E1,2.782668411E1,1.015188904E0,-4.038601685E-1,2.784812490E1
2.777394404E1,3.352727966E1,9.566606140E-1,8.177494812E-1,3.355089262E1
2.778388404E1,3.581976242E1,6.421646118E-1,2.180665283E0,3.589182437E1
2.779382404E1,2.989298721E1,1.444496155E-1,4.734354858E0,3.026591591E1
2.780376404E1,2.307631256E1,-1.396296387E0,5.047353973E0,2.366308575E1
2.781370404E1,1.819780746E1,-2.505340118E0,4.725373535E0,1.896750064E1
2.782364404E1,1.631053207E1,-4.665797424E-1,4.658762054E0,1.696924327E1
2.783358404E1,2.180844910E1,1.839674377E-1,4.551734619E0,2.227915133E1
2.784352404E1,2.655522812E1,-5.233117676E-1,3.182082825E0,2.675032050E1
2.785346404E1,2.129591492E1,-6.623725891E-1,3.680246887E0,2.162172395E1
2.786340504E1,1.556912384E1,-4.215384064E0,1.703278015E1,2.345810478E1
2.787334504E1,1.355970245E1,-4.530927887E0,2.356070526E1,2.755905787E1
2.788328504E1,7.067403259E0,4.669689331E0,-2.457574448E1,2.599464183E1
2.789322504E1,3.493585052E0,5.772595825E0,-1.598944977E1,1.735484091E1
2.790316504E1,7.692503357E0,3.525917816E0,-1.193483139E1,1.463034192E1
2.791310504E1,6.577771454E0,-8.000862122E-1,-4.809049530E0,8.187439931E0
2.792304504E1,3.748355255E0,-2.241588593E0,-1.379830627E0,4.580264086E0
2.793298504E1,1.995350647E0,-2.792143707E0,-2.239343262E-1,3.439133215E0
2.794292504E1,1.187031555E-1,-2.675536194E0,1.889071655E-1,2.684822207E0
2.795286504E1,-8.918453979E-1,-2.114502869E0,-4.947212219E-1,2.347607225E0
2.796280504E1,-9.436376953E-1,-1.329385529E0,-1.470242615E0,2.195297549E0
2.797274504E1,-8.333171082E-1,-1.366658020E-1,-2.168091431E0,2.326739220E0
2.798268604E1,-4.004173279E-1,-1.103505249E0,-1.579216003E-1,1.184481787E0
2.799262604E1,-7.225474548E-1,1.306782532E-1,-6.658154297E-1,9.911921190E-1
2.800256604E1,-8.446934509E-1,4.664300537E-1,-6.491999817E-1,1.162980927E0
2.801250604E1,-8.174501038E-1,5.751040649E-1,-3.811074829E-1,1.069678583E0
2.802244604E1,-5.147795105E-1,5.659730530E-1,-2.475851440E-1,8.041280027E-1
2.803238604E1,-5.192701721E-1,5.572911072E-1,1.193019104E-1,7.710044329E-1
2.804232604E1,-4.813989258E-1,2.900967407E-1,4.257147217E-1,7.050773496E-1
2.805226604E1,-3.538641357E-1,-2.993774414E-4,5.992039490E-1,6.958917219E-1
2.806220604E1,-1.633103943E-1,-1.206491089E-1,5.507048035E-1,5.869431599E-1
2.807214604E1,2.423460388E-1,1.311273193E-1,6.994953918E-1,7.518109999E-1
2.808208604E1,1.585502930E0,6.493496704E-1,8.402027893E-1,1.908249266E0
2.809202604E1,4.051624603E0,1.021924896E0,9.666897583E-1,4.288878817E0
2.810196604E1,7.242089996E0,9.131011963E-1,1.092278595E0,7.380697382E0
2.811190704E1,1.065828598E1,4.879852295E-1,1.069825287E0,1.072295275E1
2.812184704E1,1.460991852E1,5.499563599E-1,1.578317871E0,1.470521195E1
2.813178704E1,2.005679169E1,9.963281250E-1,1.060694275E0,2.010951603E1
2.814172704E1,2.691702576E1,1.591490479E0,3.915856934E-1,2.696687703E1
2.815166704E1,3.320799362E1,1.436412964E0,1.072070618E0,3.325632959E1
2.816160704E1,3.547487961E1,5.872288513E-1,1.834285583E0,3.552712379E1
2.817154704E1,3.103765686E1,-2.365081787E-1,3.727398834E0,3.126156716E1
2.818148704E1,2.524694870E1,-1.358275452E0,5.613027649E0,2.589902335E1
2.819142704E1,2.039718384E1,-2.199825439E0,5.441184998E0,2.122476937E1
2.820136704E1,1.921374481E1,-1.414708099E0,6.265820160E0,2.025906935E1
2.821130704E1,2.395318909E1,-8.876541138E-1,5.964347076E0,2.470053913E1
2.822124704E1,2.794553696E1,-1.922601929E0,4.757855988E0,2.841278986E1
2.823118704E1,2.225077927E1,-2.090852051E0,4.240531769E0,2.274754822E1
2.824112804E1,1.646007111E1,-2.972668304E0,1.413615372E1,2.189980684E1
2.825106804E1,1.424886932E1,-3.688030701E0,2.613265686E1,2.999245909E1
2.826100804E1,9.516460419E0,2.352657623E0,-1.484957016E1,1.779347495E1
2.827094804E1,3.798650665E0,5.236710205E0,-1.837503891E1,1.948062975E1
2.828088804E1,6.815926208E0,5.677094421E0,-1.250394791E1,1.533085009E1
2.829082804E1,7.857610016E0,2.173779602E0,-7.325616302E0,1.096047477E1
2.830076804E1,5.143005066E0,5.040019226E-1,-2.450703735E0,5.719306588E0
2.831070804E1,3.215613098E0,-8.050259399E-1,-1.252445526E0,3.543565176E0
2.832064804E1,1.289268951E0,-1.313668213E0,1.308279419E-1,1.845278991E0
2.833058804E1,1.047821045E-1,-1.346450043E0,-9.951306152E-1,1.677555349E0
2.834052779E1,2.130070496E-1,-8.125103760E-1,-1.845512238E0,2.027673675E0
2.835046779E1,4.625381470E-2,-1.993853760E-1,-1.453776855E0,1.468114808E0
2.836040779E1,-4.622387695E-1,9.677375793E-1,-1.089733887E0,1.528954102E0
2.837034879E1,1.285826111E-1,-2.326162720E-1,-2.258802795E-1,3.488061332E-1
2.838028879E1,-5.734574890E-1,-3.206332397E-1,-1.493893433E-1,6.737776651E-1
2.839022879E1,-1.159788208E0,-8.949888611E-1,4.999603271E-2,1.465814911E0
2.840016879E1,-1.242416382E0,-1.619931335E0,4.111949158E-1,2.082512246E0
2.841010879E1,-1.284628601E0,-1.311123505E0,4.122427368E-1,1.881291993E0
2.842004879E1,-5.900729370E-1,-1.394350433E0,-2.619552612E-2,1.514293699E0
2.842998879E1,-7.274871826E-1,-2.434237976E0,1.480421448E0,2.940476116E0
2.843992879E1,-1.077609100E0,-1.321302338E0,2.957849121E-1,1.730482579E0
2.844986879E1,-7.774832153E-1,-7.050338745E-1,4.805007935E-1,1.154311018E0
2.845980879E1,4.923262024E-1,4.164340210E-1,5.993536377E-1,8.803562724E-1
2.846974879E1,2.896476746E0,1.379830627E0,9.303153992E-1,3.340508470E0
2.847968879E1,6.284980316E0,1.560804291E0,5.691165161E-1,6.500844654E0
2.848962879E1,1.018422180E1,7.842192078E-1,1.112187195E-1,1.021497641E1
2.849956879E1,1.491303818E1,-2.460882568E-1,6.020480347E-1,1.492721437E1
2.850950979E1,2.086945175E1,-1.314266968E-1,1.789229279E0,2.094642286E1
2.851944979E1,2.974629227E1,-7.903564453E-2,1.769021301E0,2.979895278E1
2.852938979E1,3.454306732E1,7.069798279E-1,2.737806702E-1,3.455138603E1
2.853932979E1,3.445984039E1,7.679031372E-1,2.216889954E0,3.453961315E1
2.854926979E1,2.935919724E1,1.048868866E0,3.566483459E0,2.959362081E1
2.855920979E1,2.342104568E1,-8.333171082E-1,4.622387695E0,2.388736625E1
2.856914979E1,1.951761292E1,-2.046394501E0,7.355404358E0,2.095774123E1
2.857908979E1,1.929801956E1,-7.842192078E-1,6.925198975E0,2.051796626E1
2.858902979E1,2.323588074E1,1.836680603E-1,5.178331604E0,2.380661685E1
2.859896979E1,2.409479462E1,-4.037104797E-1,4.033512268E0,2.443340605E1
2.860890979E1,1.972268646E1,-2.987786865E-1,3.446882172E0,2.002385145E1
2.861884979E1,1.522319321E1,-5.025050354E-1,9.249565430E0,1.782000514E1
2.862878979E1,1.319311478E1,-5.533692627E0,2.379032776E1,2.776075875E1
2.863873079E1,8.615633698E0,-1.765129395E0,-1.406175842E0,8.906298686E0
2.864867079E1,1.553619232E0,5.213658142E0,-2.246588196E1,2.311518583E1
2.865861079E1,1.902094574E0,3.415597229E0,-1.511182480E1,1.560934070E1
2.866855079E1,4.739144897E0,1.807042236E0,-1.039139099E1,1.156312686E1
2.867849079E1,2.640658722E0,2.384541321E-1,-4.455484772E0,5.184716329E0
2.868843079E1,9.963281250E-1,7.963439941E-2,-2.312391357E0,2.519159614E0
2.869837079E1,-7.244934082E-2,-5.487588501E-1,-1.928739166E0,2.006594118E0
2.870831079E1,-9.038204956E-1,-6.731501770E-1,-2.272274780E-1,1.149632539E0
2.871825079E1,-1.090931396E0,8.987310791E-1,-4.037104797E-1,1.469976536E0
2.872819079E1,4.475692749E-2,4.296066284E-2,-9.045689392E-1,9.066938661E-1
2.873813079E1,3.626957703E-1,1.592687988E-1,-4.683760071E-1,6.134255098E-1
2.874807079E1,3.896397400E-1,6.342311096E-1,-9.702822876E-1,1.222912893E0
2.875801079E1,7.589218140E-1,4.004173279E-1,-8.222401428E-1,1.188433931E0
2.876795179E1,1.002914429E0,-2.052232361E-1,-5.983058167E-1,1.185716567E0
2.877789179E1,7.879614258E-1,-9.535171509E-2,-9.011260986E-1,1.200834461E0
2.878783179E1,1.419348450E0,-1.474733276E0,-4.915777588E-1,2.105002839E0
2.879777179E1,1.360670471E0,-2.392774200E0,1.124012604E0,2.973246851E0
2.880771179E1,6.165678406E-1,-9.568103027E-1,-3.996688843E-1,1.206390100E0
2.881765179E1,9.940827942E-1,-3.155438232E-1,-1.326242065E-1,1.051359922E0
2.882759179E1,2.537223816E0,4.562512207E-1,3.668870544E-1,2.603896307E0
2.883753179E1,5.343438263E0,1.162033539E0,1.373843079E0,5.638270942E0
2.884747179E1,8.946595459E0,1.316961365E0,2.134710846E0,9.291552504E0
2.885741179E1,1.247415985E1,8.297245789E-1,3.392545166E0,1.295385925E1
2.886735179E1,1.569171890E1,1.945953369E-3,4.700076141E0,1.638049943E1
2.887729179E1,1.957284805E1,5.060975647E-1,5.092709656E0,2.023087263E1
2.888723179E1,2.548495377E1,2.985242157E0,3.028202820E0,2.583727059E1
2.889717279E1,3.129796555E1,5.157674561E0,1.943109283E0,3.177955204E1
2.890711279E1,3.197725296E1,3.603606262E0,1.845063171E0,3.223251376E1
2.891705279E1,2.840553040E1,1.368304596E0,4.263733521E0,2.875631823E1
2.892699279E1,2.549004318E1,-1.058898010E0,6.368955688E0,2.629500262E1
2.893693279E1,2.440015961E1,-1.530716858E0,5.924230499E0,2.515566318E1
2.894687279E1,2.612427429E1,-1.130149841E-1,4.549489288E0,2.651769848E1
2.895681279E1,2.583163284E1,-4.704716492E-1,3.086581421E0,2.601963843E1
2.896675279E1,2.081361786E1,-2.242486725E0,2.716850281E0,2.110963549E1
2.897669279E1,1.590367813E1,-2.805316315E0,6.245163116E0,1.731470012E1
2.898663279E1,1.419393356E1,-4.196074219E0,1.555535248E1,2.147193004E1
2.899657279E1,1.014395554E1,-1.060394897E0,7.303761749E0,1.254468840E1
2.900651279E1,3.655697937E0,4.856949921E0,-1.656305695E1,1.764338248E1
2.901645279E1,2.946921844E0,3.112178192E0,-1.236907837E1,1.309061118E1
2.902639279E1,4.935835876E0,2.082020416E0,-9.622440033E0,1.101311205E1
2.903633279E1,3.519032135E0,6.490502930E-1,-5.636678467E0,6.676600751E0
2.904627379E1,1.613644409E0,-3.697311401E-2,-2.632725220E0,3.088115505E0
2.905621379E1,1.611548767E0,-1.691482544E-2,-1.650168457E0,2.306606051E0
2.906615379E1,3.875440979E-1,1.002914429E-1,-1.625320129E0,1.673891969E0
2.907609379E1,-6.352789307E-1,-4.939727783E-3,-1.356928253E0,1.498285021E0
2.908603379E1,-1.174607391E0,6.197113037E-2,-8.861572266E-1,1.472690590E0
2.909597379E1,-1.181044006E0,2.495310974E-1,-3.197351074E-1,1.248743870E0
2.910591379E1,-1.111588440E0,4.162843323E-1,-5.375321960E-1,1.303020478E0
2.911585379E1,-5.746549988E-1,-1.164129181E0,8.143066406E-1,1.532488311E0
2.912579379E1,-5.367837524E-1,-1.002016296E0,3.227288818E-1,1.181662975E0
2.913573379E1,-2.035766602E-2,-1.263522491E0,-3.921844482E-2,1.264294905E0
2.914567379E1,3.379971313E-1,-1.657503204E0,-3.100053406E-1,1.719785523E0
2.915561379E1,6.891668701E-1,-1.918560333E0,-4.805007935E-1,2.094446404E0
2.916555379E1,4.685256958E-1,-1.964514771E0,-1.597178650E-1,2.025918164E0
2.917549379E1,1.842668152E-1,-1.345252533E0,4.731660461E-1,1.437895943E0
2.918543479E1,5.237608337E-1,-2.345622253E-1,1.268761597E0,1.392516010E0
2.919537479E1,2.169588318E0,7.372169495E-1,1.786983948E0,2.905841346E0
2.920531479E1,5.496120758E0,1.046024780E0,1.954335938E0,5.926292280E0
2.921525479E1,9.765991516E0,5.763015747E-1,1.556014252E0,9.905952460E0
2.922519479E1,1.400323013E1,-3.754193115E-1,9.568103027E-1,1.404090025E1
2.923513479E1,1.885763535E1,-1.342558136E0,1.924098816E0,1.900302685E1
2.924507479E1,2.436288712E1,-1.891915741E0,2.880759430E0,2.460545445E1
2.925501479E1,3.001423508E1,-1.159339142E0,3.539988556E0,3.024450187E1
2.926495479E1,3.301519455E1,3.579057312E-1,4.784201202E0,3.336195061E1
2.927489479E1,3.159434921E1,1.054407349E0,5.207969971E0,3.203806530E1
2.928483479E1,2.697031494E1,1.773212585E0,5.919141083E0,2.766908748E1
2.929477479E1,2.262545013E1,2.152972870E0,5.890251160E0,2.347852944E1
2.930471479E1,2.087304428E1,2.254461823E0,5.372627563E0,2.167098758E1
2.931465579E1,2.425526093E1,2.339035950E0,3.881428528E0,2.467497232E1
2.932459579E1,2.421709030E1,-4.668791199E-1,2.383493500E0,2.433858007E1
2.933453579E1,1.992880783E1,-1.691482544E0,1.091829529E0,2.003024180E1
2.934447608E1,1.528965500E1,-3.388952637E0,5.236111450E0,1.651288627E1
2.935441608E1,1.308024948E1,-7.791896667E0,2.004840912E1,2.517429817E1
2.936435608E1,9.788594513E0,-1.836979980E0,-2.839145966E0,1.035624584E1
2.937429608E1,1.214424591E0,5.348827057E0,-2.069431595E1,2.140886477E1
2.938423608E1,2.532733154E0,3.927532654E0,-1.309596680E1,1.390484075E1
2.939417608E1,5.591472473E0,4.579127655E0,-8.501570892E0,1.115839066E1
2.940411608E1,3.527265015E0,2.660866699E0,-3.037483521E0,5.361726980E0
2.941405608E1,2.550845490E0,6.968009949E-1,-6.966513062E-1,2.734532388E0
2.942399608E1,2.020648041E0,-6.966513062E-1,-2.113604736E-1,2.147793006E0
2.943393608E1,-5.583389282E-2,-9.598040771E-1,-5.620811462E-1,1.113677020E0
2.944387608E1,-3.577560425E-1,-2.570903778E0,-2.571652222E-1,2.608384476E0
2.945381608E1,-9.184899902E-1,-4.312681732E0,1.977837067E0,4.832668729E0
2.946375708E1,-1.766326904E0,-3.134930878E0,7.210505676E-1,3.669825100E0
2.947369708E1,-1.915416870E0,-2.606829071E0,4.176315308E-2,3.235138908E0
2.948363708E1,-1.820214844E0,-2.004481659E0,-2.448907471E-1,2.718657808E0
2.949357708E1,-1.672023010E0,-1.392554169E0,-1.294807434E-1,2.179824149E0
2.950351708E1,-1.263372803E0,-9.404942322E-1,2.824626160E-1,1.600132922E0
2.951345708E1,-9.439370728E-1,-6.107299805E-1,4.526586914E-1,1.211985230E0
2.952339708E1,-5.367837524E-1,-5.523513794E-2,4.513114929E-1,7.034698153E-1
2.953333708E1,-4.245172119E-1,2.378553772E-1,1.014141083E0,1.124843180E0
2.954327708E1,-2.290237427E-1,5.629792786E-1,1.364562378E0,1.493796514E0
2.955321708E1,2.900967407E-1,1.122665405E0,1.132395172E0,1.620756785E0
2.956315708E1,1.728904724E0,1.954036560E0,7.908055115E-1,2.726305885E0
2.957309708E1,4.161945190E0,2.467319183E0,8.860075378E-1,4.918786545E0
2.958303708E1,7.953560486E0,2.066303101E0,7.114704895E-1,8.248328507E0
2.959297808E1,1.170775360E1,1.333726501E-1,-8.622070312E-2,1.170883071E1
2.960291808E1,1.561103668E1,-2.465522919E0,4.137396240E-1,1.580994782E1
2.961285808E1,2.232966522E1,-4.449048157E0,1.703307953E0,2.283219736E1
2.962279808E1,2.919199493E1,-4.900060272E0,2.849624176E0,2.973724124E1
2.963273808E1,3.286430832E1,-2.528990936E0,2.833607483E0,3.308304532E1
2.964267808E1,3.247257294E1,-2.387535095E-1,3.476370850E0,3.265899800E1
2.965261808E1,2.780243454E1,1.124162292E-1,5.178630981E0,2.828084551E1
2.966255808E1,2.293261139E1,-2.743794250E-1,6.642886047E0,2.387693205E1
2.967249808E1,2.176114746E1,-5.643264771E-2,5.586233368E0,2.246679164E1
2.968243808E1,1.986324417E1,8.102650452E-1,5.279970245E0,2.056898355E1
2.969237808E1,1.989632538E1,6.280938721E-1,4.116589508E0,2.032743404E1
2.970231808E1,2.339200607E1,-4.409829712E-1,2.986589355E0,2.358601556E1
2.971225808E1,2.227487915E1,-8.840615845E-1,3.032992859E0,2.249779660E1
2.972219808E1,1.612940872E1,-5.121749268E0,1.394754593E1,2.192998355E1
2.973213808E1,1.585862183E1,-9.888586578E0,2.429867065E1,3.065461509E1
2.974207908E1,9.166937256E0,3.019520874E0,-1.534503983E1,1.812789266E1
2.975201908E1,3.053500214E0,3.866459656E0,-1.732497253E1,1.801188627E1
2.976195908E1,7.509284363E0,4.674329681E0,-1.112411728E1,1.421213196E1
2.977189908E1,8.513396301E0,2.765499115E0,-4.205953674E0,9.890194551E0
2.978183908E1,6.081703033E0,7.009922791E-1,-2.528242493E-1,6.127187125E0
2.979177908E1,4.511618042E0,-7.412585449E-1,7.716453552E-1,4.636765914E0
2.980171908E1,2.253563690E0,-1.298100586E0,-2.537223816E-1,2.613042189E0
2.981165908E1,1.332678680E0,-4.309388580E0,2.872526550E-1,4.519886778E0
2.982159908E1,-5.224136353E-2,-5.451064453E0,2.513273621E-1,5.457105302E0
2.983153908E1,-9.228309631E-1,-5.444178772E0,-1.115630035E0,5.633411920E0
2.984147908E1,-1.416354675E0,-4.957840118E0,-1.574126587E0,5.391114330E0
2.985141908E1,-1.402433624E0,-3.603007507E0,-1.566941528E0,4.171784860E0
2.986135908E1,-1.370250549E0,-2.245181122E0,-1.573378143E0,3.064954097E0
2.987129908E1,-1.072519684E0,-8.997789001E-1,-1.190923462E0,1.837987822E0
2.988123908E1,-6.411167908E-1,-1.592687988E-1,-3.758683777E-1,7.600488978E-1
2.989118008E1,-2.779719543E-1,2.624043274E-1,5.987548828E-2,3.869231352E-1
2.990112008E1,-2.124082947E-1,3.388952637E-1,1.260379028E-1,4.193481088E-1
2.991106008E1,-1.251397705E-1,5.541476440E-1,8.577163696E-2,5.745401181E-1
2.992100008E1,-3.338058472E-2,1.285826111E0,9.026229858E-2,1.289422481E0
2.993094008E1,-1.676513672E-2,2.038610687E0,6.607260132E-1,2.143075703E0
2.994088008E1,6.697073364E-1,2.643652496E0,1.009500732E0,2.908005875E0
2.995082008E1,3.716172180E0,3.461401978E0,8.104147339E-1,5.142763009E0
2.996076008E1,8.403674469E0,3.438200226E0,1.001567230E0,9.134883814E0
2.997070008E1,1.344833405E1,2.544408875E0,3.338058472E-1,1.369098723E1
2.998064008E1,1.917602325E1,1.008602600E0,7.623646545E-1,1.921765717E1
2.999058008E1,2.574032272E1,1.046324158E-1,1.195414124E0,2.576827850E1
3.000052008E1,3.039204941E1,-6.756948853E-1,3.032693481E-1,3.040107240E1
3.001046008E1,3.002201889E1,-1.869163055E0,1.093775482E0,3.010002880E1
3.002040008E1,2.744872009E1,-3.154390411E0,2.714155884E0,2.776236762E1
3.003034108E1,2.374646896E1,-2.931354218E0,4.789290619E0,2.440133051E1
3.004028108E1,2.175396240E1,-1.233884125E0,5.689817963E0,2.251957768E1
3.005022108E1,2.227667542E1,-2.652484131E-1,5.069807281E0,2.284783513E1
3.006016108E1,2.337973160E1,1.807790680E0,4.702171783E0,2.391632029E1
3.007010108E1,2.157822784E1,1.803898773E0,4.784500580E0,2.217578439E1
3.008004108E1,2.193718140E1,-5.557942200E-1,4.543651428E0,2.240967655E1
3.008998108E1,2.397309769E1,-3.584595795E0,8.398585052E0,2.565336178E1
3.009992108E1,1.932496353E1,-1.028571075E1,2.125654678E1,3.051378119E1
3.010986108E1,1.429632065E1,-4.619094543E0,-2.197280731E0,1.518383552E1
3.011980108E1,5.378016357E0,7.692503357E0,-1.371567810E1,1.661979222E1
3.012974108E1,3.178340607E0,6.981781311E0,-1.167048111E1,1.396593171E1
3.013968108E1,4.545447693E0,4.838538208E0,-6.375841370E0,9.204558647E0
3.014962108E1,2.346221008E0,1.214424591E0,-2.535128174E0,3.661482618E0
3.015956108E1,7.508386230E-1,-1.523831177E-1,-1.910327454E0,2.058234737E0
3.016950108E1,4.385879517E-1,-1.576820984E0,-1.860331421E0,2.477812907E0
3.017944208E1,-4.784051514E-1,-2.920876007E0,-6.732998657E-1,3.035411150E0
3.018938208E1,-8.644523621E-1,-2.108365631E0,-3.742218018E-3,2.278705230E0
3.019932208E1,-3.606001282E-1,-1.079854431E0,-1.715432739E-1,1.151323213E0
3.020926208E1,3.113525391E-1,5.209167480E-1,-1.504521332E0,1.622306722E0
3.021920208E1,4.164340210E-1,1.846260681E0,-1.915416870E0,2.692752789E0
3.022914208E1,5.219645691E-1,2.245929565E0,-1.448088684E0,2.722794054E0
3.023908208E1,4.179309082E-1,2.018851776E0,-1.167272644E0,2.369167399E0
3.024902208E1,4.016148376E-1,1.463806000E0,-8.304730225E-1,1.730233488E0
3.025896208E1,2.288740540E-1,4.887336731E-1,-5.496569824E-1,7.703030145E-1
3.026890208E1,-1.371148682E-1,-1.722917175E-1,-2.748284912E-1,3.521585191E-1
3.027884208E1,-5.890251160E-1,-9.786648560E-1,-1.175056458E-1,1.148278304E0
3.028878208E1,-8.285270691E-1,-1.723216553E0,-6.152206421E-2,1.913038775E0
3.029872208E1,-6.276448059E-1,-1.361119537E0,1.642085266E-1,1.507829180E0
3.030866208E1,6.215075684E-1,-9.445358276E-2,8.637039185E-2,6.345494318E-1
3.031860208E1,2.580783234E0,1.096320190E0,8.372090149E-1,2.926308082E0
3.032854308E1,5.141807556E0,1.951342163E0,2.089504852E0,5.883192306E0
3.033848308E1,8.554411011E0,2.136956177E0,2.662962341E0,9.210640470E0
3.034842271E1,1.243479172E1,1.806144104E0,2.543061676E0,1.282003761E1
3.035836271E1,1.739607468E1,1.641187134E0,2.310445404E0,1.762540971E1
3.036830271E1,2.358944550E1,1.863474884E0,1.426982574E0,2.370592240E1
3.037824271E1,3.003159897E1,2.075134735E0,7.584727478E-1,3.011276144E1
3.038818271E1,3.334166565E1,6.560856628E-1,1.602417755E0,3.338659700E1
3.039812271E1,3.328478394E1,-8.996292114E-1,2.387086029E0,3.338239587E1
3.040806271E1,2.723436584E1,-2.379002838E0,2.824925537E0,2.748364135E1
3.041800271E1,2.013238449E1,-3.188968506E0,3.770209808E0,2.072913185E1
3.042794271E1,1.723396179E1,-1.524429932E0,5.056634674E0,1.802506255E1
3.043788271E1,2.392849045E1,5.415737915E-1,4.521796875E0,2.435800904E1
3.044782271E1,2.731310211E1,-6.959028625E-1,4.084556122E0,2.762559369E1
3.045776271E1,2.097887421E1,-1.550625458E0,4.561913452E0,2.152507042E1
3.046770271E1,1.654015457E1,-2.180066528E0,1.095661560E1,1.995937947E1
3.047764271E1,1.427521454E1,-3.597768402E0,2.105491608E1,2.569114981E1
3.048758371E1,9.413773956E0,9.328601074E-1,-1.398392029E0,9.562681023E0
3.049752371E1,4.890031128E0,5.632487183E0,-1.404349640E1,1.590148130E1
3.050746371E1,5.166955261E0,4.708907776E0,-8.541837158E0,1.103785401E1
3.051740371E1,6.799460449E0,3.146756287E0,-6.838529205E0,1.014397453E1
3.052734371E1,5.158123627E0,1.439855804E0,-3.515888672E0,6.406316979E0
3.053728371E1,3.198398895E0,4.076023865E-1,-1.353485413E0,3.496829701E0
3.054722371E1,1.874851227E0,-5.123844910E-1,-4.808001709E-1,2.002192247E0
3.055716371E1,4.827461243E-1,-1.365310822E0,-7.243437195E-1,1.619194641E0
3.056710371E1,-4.987628174E-1,-1.917961578E0,-1.564696198E0,2.524998050E0
3.057704371E1,-8.508306885E-1,-2.063758392E0,-1.839524689E0,2.892552963E0
3.058698371E1,-1.052461395E0,-1.441203003E0,-1.665736084E0,2.441191878E0
3.059692371E1,-8.824150085E-1,-6.713539124E-1,-1.459465027E0,1.832869468E0
3.060686371E1,-6.956034851E-1,-3.287164307E-1,-1.142574005E0,1.377459276E0
3.061680371E1,-3.894900513E-1,-2.534230042E-1,-9.418414307E-1,1.050233783E0
3.062674371E1,-3.757186890E-2,-4.718188477E-1,-7.969427490E-1,9.268993557E-1
3.063668471E1,1.562750244E-1,-1.050814819E0,-4.312532043E-1,1.146565739E0
3.064662471E1,1.285826111E-1,-1.592388611E0,1.320254517E-1,1.603017684E0
3.065656471E1,1.971400452E-1,-1.710942078E0,1.508862305E-1,1.728859059E0
3.066650471E1,5.655239868E-1,-1.530118103E0,3.508703613E-1,1.668588865E0
3.067644471E1,1.295855255E0,-8.396040344E-1,9.279203796E-1,1.801447198E0
3.068638471E1,3.308719482E0,4.079017639E-1,1.384470978E0,3.609815556E0
3.069632471E1,6.470294952E0,1.807790680E0,1.959125977E0,6.997928158E0
3.070626471E1,1.046892975E1,2.917283478E0,2.892135773E0,1.124604296E1
3.071620471E1,1.596415237E1,3.124901733E0,2.655028839E0,1.648236482E1
3.072614471E1,2.293904800E1,2.574346619E0,1.535656586E0,2.313407498E1
3.073608471E1,2.975886612E1,1.919458466E0,5.400769043E-1,2.982559499E1
3.074602471E1,3.302477463E1,1.307381287E0,1.586999817E0,3.308872245E1
3.075596471E1,3.211526596E1,4.854405212E-1,3.485950928E0,3.230755042E1
3.076590471E1,2.872062515E1,-1.788181458E0,2.606380005E0,2.889403258E1
3.077584471E1,2.291330154E1,-2.727627869E0,4.131408691E0,2.344201099E1
3.078578471E1,1.915521652E1,-2.347268829E0,5.999823303E0,2.020964796E1
3.079572571E1,2.364662659E1,-1.676513672E-1,5.917494507E0,2.437637785E1
3.080566571E1,2.562655930E1,-1.640588379E-1,5.111121368E0,2.613180090E1
3.081560571E1,2.141177399E1,-9.398954773E-1,4.228257294E0,2.184549447E1
3.082554571E1,1.710343323E1,-2.818039856E0,9.196276245E0,1.962244311E1
3.083548571E1,1.483954102E1,-5.696404266E0,1.713816101E1,2.337472057E1
3.084542571E1,1.024245071E1,1.812281342E0,-4.387975159E0,1.128921991E1
3.085536571E1,4.364773407E0,4.989424438E0,-1.196117661E1,1.367535553E1
3.086530571E1,4.440366211E0,4.607269135E0,-8.006400604E0,1.024920639E1
3.087524571E1,6.774612122E0,2.626438293E0,-5.313650208E0,9.001579086E0
3.088518571E1,4.355792084E0,6.885681152E-1,-1.084644470E0,4.541310863E0
3.089512571E1,3.244353333E0,-9.388476562E-1,3.094065857E-1,3.391606685E0
3.090506571E1,2.223476257E0,-2.261347504E0,-3.743714905E-1,3.193382722E0
3.091500571E1,9.731263733E-1,-2.881807251E0,-1.504371643E0,3.393364409E0
3.092494571E1,4.716691589E-1,-2.613864441E0,-1.385518799E0,2.995733876E0
3.093488571E1,4.550537109E-2,-2.316582642E0,-1.344653778E0,2.678940025E0
3.094482671E1,-2.113604736E-1,-1.701511688E0,-1.274300079E0,2.136271511E0
3.095476671E1,-3.180885315E-1,-6.915618896E-1,-1.687590637E0,1.851323937E0
3.096470671E1,-6.023474121E-1,-1.667532349E-1,-1.872605896E0,1.974153461E0
3.097464671E1,-5.261558533E-1,-4.790039063E-2,-1.595382385E0,1.680588999E0
3.098458671E1,-1.966909790E-1,-2.285746765E-1,-1.273851013E0,1.309056961E0
3.099452671E1,1.270857239E-1,-5.301974487E-1,-1.368903351E0,1.473484476E0
3.100446671E1,4.254153442E-1,-8.357121277E-1,-1.233584747E0,1.549556164E0
3.101440671E1,8.577163696E-1,-8.896000671E-1,-6.486012268E-1,1.395617857E0
3.102434671E1,1.112037506E0,-7.033872986E-1,-1.017883301E-1,1.319750723E0
3.103428671E1,9.554631042E-1,-5.194198608E-2,7.358697510E-1,1.207108945E0
3.104422671E1,1.032552795E0,1.264121246E0,1.794318695E0,2.425643704E0
3.105416671E1,1.682201843E0,2.777025146E0,1.724414063E0,3.676312768E0
3.106410671E1,3.252586212E0,3.055146790E0,1.203347626E0,4.621826964E0
3.107404671E1,6.447691956E0,1.451830902E0,1.830693054E0,6.857986700E0
3.108398671E1,1.062565384E1,-1.346450043E0,1.723066864E0,1.084833658E1
3.109392671E1,1.567465439E1,-3.693868561E0,1.914818115E0,1.621745922E1
3.110386671E1,2.187131836E1,-4.046235809E0,1.842368774E0,2.231862258E1
3.111380771E1,2.782294189E1,-2.804567871E0,2.067650299E0,2.804027237E1
3.112374771E1,3.113660110E1,-9.589059448E-1,2.243085480E0,3.123201661E1
3.113368771E1,3.139765823E1,7.797285461E-1,2.854114838E0,3.153675460E1
3.114362771E1,2.983835083E1,6.866221619E-1,3.571123810E0,3.005913431E1
3.115356771E1,2.541639633E1,2.923420715E-1,3.586392059E0,2.566984368E1
3.116350771E1,2.045646057E1,3.861968994E-1,4.311783600E0,2.090950513E1
3.117344771E1,2.166819077E1,1.747915192E0,4.766238556E0,2.225494841E1
3.118338771E1,2.555126587E1,2.671793976E0,4.187691650E0,2.602964525E1
3.119332771E1,2.389945084E1,9.116043091E-1,4.663252716E0,2.436720539E1
3.120326771E1,1.877096558E1,-4.731211395E0,1.311467789E1,2.338222158E1
3.121320771E1,1.785951096E1,-8.438402252E0,1.399529663E1,2.420820299E1
3.122314771E1,1.047880920E1,2.689307556E0,-1.170775360E1,1.594080650E1
3.123308771E1,4.072431335E0,5.821693726E0,-1.305435333E1,1.486246802E1
3.124302771E1,6.958429871E0,4.563110962E0,-8.744815063E0,1.207118546E1
3.125296771E1,6.335275726E0,1.407822418E0,-3.350183258E0,7.303520408E0
3.126290871E1,4.611310730E0,-1.080153809E0,-9.550140381E-1,4.831456376E0
3.127284871E1,3.534749451E0,-2.996768188E0,-9.864486694E-1,4.737948315E0
3.128278871E1,2.958597565E0,-4.153862000E0,-1.891766052E0,5.439360979E0
3.129272871E1,2.046544189E0,-5.842500458E0,-9.024732971E-1,6.256006136E0
3.130266871E1,5.565426636E-1,-4.688999176E0,-2.537523193E0,5.360548196E0
3.131260871E1,-1.606159973E-1,-4.100722504E0,-2.337089996E0,4.722680616E0
3.132254871E1,-9.807604980E-1,-2.730322266E0,-1.188229065E0,3.135034153E0
3.133248871E1,-1.586101685E0,-1.309476929E0,-6.186634827E-1,2.147834464E0
3.134242842E1,-1.480421448E0,9.415420532E-2,-2.037263489E-1,1.497336670E0
3.135236842E1,-1.061592407E0,1.034049683E0,4.044589233E-1,1.536171932E0
3.136230842E1,-7.150630188E-1,1.305884399E0,8.985813904E-1,1.738993301E0
3.137224842E1,-3.475772095E-1,1.025218048E0,1.241069183E0,1.646855999E0
3.138218842E1,1.178050232E-1,7.098239136E-1,1.327140198E0,1.509645361E0
3.139212842E1,-5.688171387E-2,5.432203674E-1,9.418414307E-1,1.088755793E0
3.140206842E1,-3.511697388E-1,4.438270569E-1,7.837701416E-1,9.667462318E-1
3.141200842E1,-5.932164001E-1,7.262896729E-1,4.592449951E-1,1.044178314E0
3.142194842E1,-3.574566650E-1,1.599873047E0,3.435356140E-1,1.674928581E0
3.143188942E1,1.173409882E0,2.710263977E0,3.854484558E-1,2.978421073E0
3.144182942E1,4.129313049E0,2.927462311E0,6.740483093E-1,5.106427613E0
3.145176942E1,7.681127014E0,1.726360016E0,8.909472656E-1,7.922993004E0
3.146170942E1,1.148172363E1,7.201524353E-1,1.116228790E0,1.155831146E1
3.147164942E1,1.669822586E1,-4.041595459E-1,1.049916687E0,1.673608129E1
3.148158942E1,2.357028534E1,-2.743345184E0,2.516866150E0,2.386250006E1
3.149152942E1,2.948942642E1,-1.602268066E0,9.156459045E-1,2.954711392E1
3.150146942E1,3.395718567E1,-8.294252014E-1,2.836601257E-1,3.396849817E1
3.151140942E1,3.405328583E1,-2.022294617E-1,6.740483093E-1,3.406055657E1
3.152134942E1,2.820180405E1,-9.068142700E-1,2.086062012E0,2.829338648E1
3.153128942E1,2.347732864E1,-2.021695862E0,3.525468750E0,2.382647990E1
3.154122942E1,1.985246658E1,-1.276844788E0,4.133654022E0,2.031841179E1
3.155116942E1,2.076137650E1,3.365002441E-1,5.569019165E0,2.149795248E1
3.156110942E1,2.560814758E1,-7.958949280E-1,5.626649323E0,2.623108564E1
3.157104942E1,2.768971893E1,-1.116677856E0,4.395459595E0,2.805864518E1
3.158098942E1,2.066512665E1,-4.677922211E0,2.198328552E1,3.053187282E1
3.159092942E1,1.570698715E1,-8.019273834E0,1.348351089E1,2.219962307E1
3.160087042E1,7.719297638E0,6.998995514E0,-1.034034714E1,1.467979132E1
3.161081042E1,3.840413818E0,6.422244873E0,-8.850195923E0,1.158964949E1
3.162075042E1,5.670208740E0,4.787943420E0,-1.054377411E1,1.289367449E1
3.163069042E1,7.133415985E0,9.348060608E-1,-3.753294983E0,8.114598525E0
3.164063042E1,3.646566925E0,-2.170486450E-1,1.020278320E0,3.792825900E0
3.165057042E1,1.606159973E0,1.987866211E-1,1.567989349E0,2.253409989E0
3.166051042E1,4.900808716E-1,-4.698728943E-1,-1.337768097E0,1.500194414E0
3.167045042E1,-1.070573730E0,-1.093326416E0,-1.968706055E0,2.493450279E0
3.168039042E1,-2.143243103E0,-1.088087311E0,-1.611548767E0,2.893875330E0
3.169033042E1,-2.252815247E0,-4.927752686E-1,-1.328786774E0,2.661518042E0
3.170027042E1,-1.825603638E0,6.499484253E-1,-2.143692169E0,2.889753919E0
3.171021042E1,-1.061293030E0,1.314716034E0,-1.784139862E0,2.457229373E0
3.172015042E1,-6.930587769E-2,1.397643585E0,-1.083896027E0,1.770039969E0
3.173009042E1,1.089733887E-1,7.896080017E-1,-6.797364807E-1,1.047567506E0
3.174003042E1,1.422042847E-2,-1.724414062E-1,1.411564636E-1,2.233011563E-1
3.174997042E1,-5.728587341E-1,-8.807684326E-1,8.890013123E-1,1.376315187E0
3.175991042E1,-1.059496765E0,-7.000941467E-1,1.194665680E0,1.743528404E0
3.176985142E1,-1.261576538E0,-7.334747314E-3,1.007704468E0,1.614650877E0
3.177979142E1,-1.087338867E0,7.246430969E-1,1.102158051E0,1.709434350E0
3.178973142E1,-6.673123169E-1,1.053658905E0,9.943821716E-1,1.595085803E0
3.179967142E1,3.682342529E-1,1.099463654E0,8.961863708E-1,1.465457881E0
3.180961142E1,2.480192413E0,1.082997894E0,1.275497589E0,2.991844405E0
3.181955142E1,5.384602661E0,9.791139221E-1,2.081421661E0,5.855333127E0
3.182949142E1,8.168812866E0,1.394799500E0,2.379451904E0,8.621876864E0
3.183943142E1,1.313383804E1,1.419049072E-1,4.484075317E0,1.387893260E1
3.184937142E1,1.715312988E1,-6.355783081E-1,5.298531647E0,1.796408256E1
3.185931142E1,2.140129578E1,-1.443298645E0,4.952151947E0,2.201414047E1
3.186925142E1,2.816078934E1,-1.954785004E0,4.030967560E0,2.851490733E1
3.187919142E1,3.357413223E1,-2.104174347E0,2.493814087E-1,3.364092888E1
3.188913142E1,3.638109512E1,-2.693349152E0,-1.459015961E0,3.650981977E1
3.189907142E1,3.069936035E1,-4.440515900E0,-5.595364380E-1,3.102389383E1
3.190901142E1,2.336910370E1,-4.804858246E0,2.518961792E0,2.399055729E1
3.191895142E1,2.042951660E1,-4.310735779E0,3.384461975E0,2.115188347E1
3.192889142E1,2.126193558E1,-1.288670197E0,6.857839050E0,2.237767932E1
3.193883242E1,2.665372330E1,4.052073669E-1,7.128176880E0,2.759340617E1
3.194877242E1,2.833547607E1,2.316882019E0,6.134692841E0,2.908438761E1
3.195871242E1,2.135653885E1,3.472778320E0,4.658612366E0,2.213288526E1
3.196865242E1,1.571971069E1,1.466949463E0,1.484732483E1,2.167266249E1
3.197859242E1,1.248823059E1,-4.442761230E0,3.221346176E1,3.483390804E1
3.198853242E1,9.347910919E0,5.034480743E0,-1.751238281E1,2.047957487E1
3.199847242E1,4.182751923E0,6.411916351E0,-1.662098648E1,1.829932448E1
3.200841242E1,8.587641907E0,4.186793518E0,-1.173858948E1,1.513510213E1
3.201835242E1,8.935219116E0,-3.665876770E-1,-4.681365051E0,1.009394402E1
3.202829242E1,4.732857971E0,-1.739233246E0,3.373983765E-1,5.053584324E0
3.203823242E1,3.449127502E0,-1.385668488E0,4.200265503E-1,3.740719181E0
3.204817242E1,1.889071655E0,-1.284179535E0,-4.819976807E-1,2.334530051E0
3.205811242E1,-5.313949585E-2,-1.179696808E0,-1.446442108E0,1.867271576E0
3.206805242E1,-1.320703583E0,-1.953886871E0,-8.708889771E-1,2.514036489E0
3.207799242E1,-2.006128235E0,-1.793420563E0,1.944456482E-1,2.697909732E0
3.208793242E1,-2.004781036E0,-3.894900513E-1,-1.043031006E0,2.293199333E0
3.209787242E1,-2.202070770E0,1.466949463E-1,-1.027014313E0,2.434213114E0
3.210781342E1,-1.908531189E0,6.436614990E-1,-1.176703033E0,2.332685460E0
3.211775342E1,-1.570534058E0,2.812651062E-1,-1.144519958E0,1.963571547E0
3.212769342E1,-9.389973450E-1,-1.871109009E-1,-8.571176147E-1,1.285059185E0
3.213763342E1,-4.882846069E-1,-7.529342651E-1,-1.004411316E-1,9.030062491E-1
3.214757342E1,-4.291575623E-1,-1.190324707E0,6.554869080E-1,1.425030599E0
3.215751342E1,-1.260379028E-1,-6.053411865E-1,4.102967834E-1,7.420693738E-1
3.216745342E1,3.553610229E-1,-8.334667969E-1,7.047344971E-1,1.147867183E0
3.217739342E1,2.583627319E-1,-1.183439026E0,2.275418243E0,2.577752395E0
3.218733342E1,5.694158936E-1,-8.216413879E-1,1.883383484E0,2.132243508E0
3.219727342E1,1.581161957E0,-6.730004883E-1,1.948348389E0,2.597896117E0
3.220721342E1,3.689078522E0,-1.371148682E-1,1.125958557E0,3.859518558E0
3.221715342E1,8.262218628E0,3.293151855E-3,1.157243500E0,8.342870011E0
3.222709342E1,1.342917389E1,-5.987548828E-1,1.305135956E0,1.350572466E1
3.223703342E1,1.897080002E1,-1.924697571E0,3.628604279E0,1.941037050E1
3.224697342E1,2.213806366E1,-8.746311951E-1,2.033221893E0,2.224843441E1
3.225691342E1,2.639775558E1,-3.119512939E-1,1.361269226E0,2.643467169E1
3.226685342E1,2.943074844E1,-1.480421448E-1,1.551523590E0,2.947198833E1
3.227679442E1,3.199701187E1,-4.861889648E-1,-4.412823486E-1,3.200374788E1
3.228673442E1,2.930321365E1,-1.084494781E0,2.676883392E0,2.944520613E1
3.229667442E1,2.366443954E1,-2.657274170E0,5.826783142E0,2.451567268E1
3.230661442E1,2.095163086E1,-2.278262329E0,4.136647797E0,2.147727101E1
3.231655442E1,2.035362442E1,-4.290078735E-1,4.925207977E0,2.094544696E1
3.232649442E1,2.156101364E1,1.024469604E0,3.952530670E0,2.194423263E1
3.233643442E1,2.379915939E1,1.547781372E-1,3.557352448E0,2.406405412E1
3.234637517E1,2.127840134E1,-1.143921204E0,3.777843933E0,2.164141918E1
3.235631517E1,1.470751556E1,-4.289929047E0,1.412881897E1,2.084077807E1
3.236625517E1,1.429467407E1,-1.075318863E1,2.983775208E1,3.478879448E1
3.237619517E1,6.323749695E0,4.402494965E0,-1.821966202E1,1.978200840E1
3.238613517E1,5.219645691E-1,6.550528107E0,-1.629002472E1,1.756549945E1
3.239607517E1,4.005071411E0,4.323159943E0,-1.087054459E1,1.236523548E1
3.240601517E1,3.642375641E0,1.503323822E0,-3.895199890E0,5.540709793E0
3.241595517E1,1.385818176E0,1.175655212E0,3.983216858E-1,1.860461599E0
3.242589517E1,1.129700775E0,1.443897400E0,-4.334985352E-1,1.883874869E0
3.243583517E1,-8.083190918E-2,1.327439575E0,-1.437011719E0,1.957966369E0
3.244577517E1,-9.608518982E-1,1.387165375E0,-2.372416534E0,2.911326907E0
3.245571517E1,-5.117857361E-1,-4.052073669E-1,-2.043700104E0,2.145420184E0
3.246565617E1,1.368154907E-1,-7.140151978E-1,-2.097588043E0,2.220002653E0
3.247559617E1,4.640350342E-1,-1.525926819E0,-2.000739441E0,2.558659704E0
3.248553617E1,1.546284485E-1,-1.560504913E0,-1.345402222E0,2.066202478E0
3.249547617E1,-2.157014465E-1,-1.224304047E0,-3.418890381E-1,1.289315953E0
3.250541617E1,-3.504212952E-1,-9.264234924E-1,5.077441406E-1,1.113040738E0
3.251535617E1,3.293151855E-2,-7.107220459E-1,3.947291565E-1,8.136469864E-1
3.252529617E1,2.930905151E-1,-8.568182373E-1,4.815486145E-1,1.025635710E0
3.253523617E1,4.613406372E-1,-1.141675873E0,2.814147949E-2,1.231686212E0
3.254517617E1,3.917353821E-1,-1.319805450E0,-3.814068604E-1,1.428570695E0
3.255511617E1,4.186793518E-1,-7.682025146E-1,-2.281256104E-1,9.041398107E-1
3.256505617E1,1.882335663E0,1.330732727E-1,4.918771362E-1,1.950086962E0
3.257499617E1,4.717889099E0,9.228309631E-1,1.668580170E0,5.088639732E0
3.258493617E1,8.235574036E0,1.573527832E0,2.821482697E0,8.846549279E0
3.259487617E1,1.206311462E1,1.697619781E0,3.400029602E0,1.264756295E1
3.260481617E1,1.638462799E1,1.368454285E0,3.775598602E0,1.686961311E1
3.261475617E1,2.142599442E1,5.460644531E-1,2.644550629E0,2.159548729E1
3.262469617E1,2.782309158E1,-7.933502197E-3,6.304888916E-1,2.783023544E1
3.263463617E1,3.144361267E1,-1.255738678E0,1.781295776E0,3.151905252E1
3.264457717E1,3.159360077E1,-2.857407990E0,3.954626312E0,3.196810065E1
3.265451717E1,2.933674393E1,-3.582350464E0,3.837569733E0,2.980276364E1
3.266445717E1,2.591321320E1,-5.043911133E0,5.360203400E0,2.693821520E1
3.267439717E1,2.326357315E1,-4.572241974E0,6.697372742E0,2.463643712E1
3.268433717E1,2.496792892E1,-2.750230865E0,5.682333527E0,2.575364360E1
3.269427717E1,2.684547455E1,-7.572752380E-1,4.688550110E0,2.726234531E1
3.270421717E1,2.240630585E1,3.649411011E-1,3.270249481E0,2.264663894E1
3.271415717E1,1.749741394E1,9.698332214E-1,5.071603546E0,1.824338876E1
3.272409717E1,1.426847855E1,-3.043171692E-1,1.448911972E1,2.033756817E1
3.273403717E1,1.154623947E1,-3.352578278E0,1.719504272E1,2.098153763E1
3.274397717E1,6.405030670E0,1.110241241E0,-1.650258270E1,1.773674968E1
3.275391717E1,3.051703949E0,4.247567139E0,-1.292966263E1,1.394743343E1
3.276385717E1,7.106771393E0,3.613785095E0,-9.114845581E0,1.210975030E1
3.277379717E1,5.808371429E0,1.414259033E0,-4.074227600E0,7.234406528E0
3.278373717E1,3.069516907E0,5.450166321E-1,-5.131329346E-1,3.159475048E0
3.279367717E1,2.028880920E0,3.643423462E-1,-2.959346008E-1,2.082469789E0
3.280361717E1,9.876461792E-1,4.602928162E-1,-7.406597900E-1,1.317532306E0
3.281355717E1,-3.463796997E-1,4.665797424E-1,-3.559597778E-1,6.814564666E-1
3.282349717E1,-1.284628601E0,9.131011963E-1,-1.010698242E0,1.872307500E0
3.283343817E1,-1.399140472E0,-7.295828247E-1,-8.613088989E-1,1.797703585E0
3.284337817E1,-1.466799774E0,-6.478527832E-1,-1.626817017E0,2.284239132E0
3.285331817E1,-1.294807434E0,-3.082090759E-1,-2.040406952E0,2.436140319E0
3.286325817E1,-9.707313538E-1,-2.857557678E-1,-1.282083893E0,1.633314063E0
3.287319817E1,-5.433700562E-1,-3.071612549E-1,-6.887178040E-1,9.294790304E-1
3.288313817E1,3.906875610E-2,-3.403921509E-1,-2.709365845E-1,4.368063838E-1
3.289307817E1,4.077520752E-1,-3.558100891E-1,-2.576142883E-1,5.993560677E-1
3.290301817E1,4.784051514E-1,-2.179467773E-1,-1.748364258E-1,5.540217165E-1
3.291295817E1,5.270539856E-1,2.149530029E-1,-9.610015869E-2,5.772572544E-1
3.292289817E1,3.667373657E-1,3.460803223E-1,4.423301697E-1,6.707636423E-1
3.293283817E1,5.447172546E-1,1.892065430E-1,8.617579651E-1,1.036890927E0
3.294277817E1,9.951306152E-1,1.685494995E-1,7.321275330E-1,1.246877941E0
3.295271817E1,1.619931335E0,1.014889526E-1,6.783892822E-1,1.759172975E0
3.296265817E1,3.256777496E0,-2.305206299E-2,8.592132568E-1,3.368290142E0
3.297259817E1,6.185587006E0,-2.724334717E-1,1.149309998E0,6.297350242E0
3.298253817E1,9.467212830E0,-8.170010376E-1,1.195713501E0,9.577334714E0
3.299247817E1,1.357931168E1,-8.701405334E-1,1.569186859E0,1.369734272E1
3.300241817E1,1.984947281E1,-8.057743835E-1,2.178419952E0,1.998490322E1
3.301235917E1,3.050745941E1,-1.890867920E0,3.335663452E0,3.074747326E1
3.302229917E1,3.710019974E1,-2.499801636E0,1.758094025E0,3.722586095E1
3.303223917E1,3.733311539E1,-4.653373260E0,1.734592896E0,3.766197286E1
3.304217917E1,2.951652008E1,-7.042554932E0,3.274291077E0,3.052119787E1
3.305211917E1,2.313484085E1,-5.938600616E0,5.054539032E0,2.441385269E1
3.306205917E1,2.093636261E1,-1.848506012E0,4.920717316E0,2.158614631E1
3.307199917E1,2.325159805E1,2.401007080E-1,5.401068420E0,2.387186630E1
3.308193917E1,2.911041458E1,-2.799179077E-1,5.194947052E0,2.957164294E1
3.309187917E1,2.472977417E1,-4.435276794E-1,4.974605255E0,2.522905358E1
3.310181917E1,1.758138931E1,-1.069076843E0,8.598718872E0,1.960066687E1
3.311175917E1,1.686258408E1,-5.620961151E0,2.186263641E1,2.817652954E1
3.312169917E1,1.329879501E1,-3.106789398E0,-1.685944061E0,1.376054129E1
3.313163917E1,4.058659973E0,6.438261566E0,-1.640842850E1,1.808757746E1
3.314157917E1,5.662724304E0,4.965623932E0,-9.351503448E0,1.200726798E1
3.315151917E1,7.411238251E0,2.650837555E0,-4.199517059E0,8.921285540E0
3.316145917E1,4.957989807E0,1.234632568E0,-5.237608337E-1,5.136176196E0
3.317139917E1,3.817810822E0,4.507127380E-1,-5.716612244E-1,3.886594653E0
3.318133917E1,2.421514435E0,2.978805542E-2,-1.432970123E0,2.813898161E0
3.319127917E1,8.479866028E-1,1.974394226E-1,-1.819915466E0,2.017462740E0
3.320121917E1,2.622546387E-1,-6.909631348E-1,-9.186396790E-1,1.179027739E0
3.321115917E1,-4.433779907E-1,-1.144819336E0,-5.484594727E-1,1.344620076E0
3.322110017E1,-1.081650696E0,-1.261875916E0,-1.644629974E0,2.338184511E0
3.323104017E1,-1.517993317E0,-1.303788757E0,-2.644400940E0,3.316176287E0
3.324098017E1,-1.682650909E0,-1.388213196E0,-2.803669739E0,3.552325149E0
3.325092017E1,-1.184935913E0,-9.621990967E-1,-2.470462646E0,2.903977601E0
3.326086017E1,-4.924758911E-1,-5.550457764E-1,-1.972298584E0,2.107266006E0
3.327080017E1,-6.451583862E-2,-1.320254517E-1,-1.288969574E0,1.297318610E0
3.328074017E1,6.051914978E-1,2.240840149E-1,-1.092428284E0,1.268806506E0
3.329068017E1,6.695576477E-1,1.927990723E-1,-9.752220154E-1,1.198556175E0
3.330062017E1,1.609153748E-1,-4.483177185E-1,-1.070124664E0,1.171345095E0
3.331056017E1,-6.346801758E-2,-7.695497131E-1,-1.347348175E0,1.552926932E0
3.332050017E1,5.204676819E-1,-1.606159973E-1,-9.515711975E-1,1.096435976E0
3.333044017E1,1.519190826E0,1.265169067E0,4.787045288E-1,2.034146396E0
3.334038017E1,3.450474701E0,2.863694916E0,1.065484314E0,4.608880673E0
3.335032058E1,6.560108185E0,3.676055603E0,9.175918579E-1,7.575643802E0
3.336026058E1,1.036624329E1,3.263812866E0,9.366023254E-1,1.090819409E1
3.337020058E1,1.471006027E1,1.945055237E0,1.524429932E0,1.491619924E1
3.338014058E1,2.101929016E1,1.051712952E0,2.160157928E0,2.115615611E1
3.339008058E1,2.752206757E1,-1.697470093E-1,2.733765106E0,2.765802757E1
3.340002058E1,3.158042816E1,-2.103725281E0,3.191662903E0,3.181093861E1
3.340996158E1,3.111923721E1,-4.515210571E0,2.892285461E0,3.157783030E1
3.341990158E1,2.769076675E1,-7.202422485E0,3.499123535E0,2.882528957E1
3.342984158E1,2.451347397E1,-7.391778717E0,6.306086426E0,2.636883624E1
3.343978158E1,2.107946503E1,-4.050576782E0,7.099137268E0,2.260859943E1
3.344972158E1,2.282932617E1,-9.662406921E-1,6.667584686E0,2.380269817E1
3.345966158E1,2.918331299E1,-1.084794159E0,5.898633728E0,2.979322767E1
3.346960158E1,2.466331238E1,-2.165097656E0,5.053341522E0,2.526861464E1
3.347954158E1,1.854089401E1,-1.554068298E0,6.434818726E0,1.968722355E1
3.348948158E1,1.660676605E1,-1.945653992E0,1.085377945E1,1.993426137E1
3.349942158E1,1.300660263E1,-1.911225586E0,7.716603241E0,1.524370233E1
3.350936158E1,6.874753876E0,2.007625122E0,-7.292385406E0,1.022113910E1
3.351930158E1,3.785777435E0,4.382286987E0,-9.577683105E0,1.119234398E1
3.352924158E1,4.390968933E0,2.090103607E0,-7.167095947E0,8.661201163E0
3.353918158E1,3.263513489E0,7.890092468E-1,-4.881498871E0,5.924701436E0
3.354912158E1,1.890119476E0,2.140548706E-1,-4.002676392E0,4.431680203E0
3.355906158E1,7.497908020E-1,-1.128652954E-1,-4.057462463E0,4.127702323E0
3.356900158E1,-2.103126526E-1,-2.165995789E-1,-3.647614746E0,3.660087448E0
3.357894158E1,-9.261241150E-1,-1.887574768E-1,-2.747087402E0,2.905137597E0
3.358888158E1,-9.259744263E-1,-2.404000854E-1,-2.383044434E0,2.567902181E0
3.359882158E1,-5.791456604E-1,-2.218386841E-1,-1.795665894E0,1.899746851E0
3.360876258E1,1.359173584E-1,-2.731819153E-1,-1.596430206E0,1.625328056E0
3.361870258E1,6.595285034E-1,-2.266287231E-1,-1.193617859E0,1.382411667E0
3.362864258E1,9.330097961E-1,-2.568658447E-1,-6.017486572E-1,1.139556400E0
3.363858258E1,9.271719360E-1,-3.847000122E-1,-3.487747192E-1,1.062678551E0
3.364852258E1,5.426216125E-1,-5.914201355E-1,-1.306782532E-1,8.131991127E-1
3.365846258E1,8.861572266E-2,-7.369175720E-1,-1.407073975E-2,7.423599127E-1
3.366840258E1,-1.095721436E-1,-5.448669434E-1,1.842668152E-1,5.855256611E-1
3.367834258E1,-4.559518433E-1,-2.278262329E-1,3.814068604E-1,6.366066830E-1
3.368828258E1,-2.850073242E-1,2.624043274E-1,6.822811890E-1,7.845972385E-1
3.369822258E1,6.391708374E-1,7.875123596E-1,1.150956573E0,1.534084779E0
3.370816258E1,2.789000244E0,1.264570312E0,1.776505737E0,3.540287145E0
3.371810258E1,5.706134033E0,1.707499237E0,1.841620331E0,6.234347175E0
3.372804258E1,9.116941223E0,2.032024384E0,1.201251984E0,9.417576476E0
3.373798258E1,1.319940170E1,2.442171478E0,9.214837646E-1,1.345501911E1
3.374792258E1,1.783945267E1,2.321222992E0,1.711840210E0,1.807109694E1
3.375786258E1,2.428040863E1,1.703757019E0,2.252515869E0,2.444411706E1
3.376780258E1,3.319242599E1,-7.258406067E-1,3.305276642E0,3.336448474E1
3.377774258E1,3.697056931E1,-2.810405731E0,3.667223969E0,3.725815222E1
3.378768258E1,3.343447266E1,-5.785019989E0,4.967120819E0,3.429289587E1
3.379762258E1,2.591441071E1,-5.966442719E0,6.748715973E0,2.743538387E1
3.380756258E1,2.139800262E1,-4.923561401E0,6.516099701E0,2.290361387E1
3.381750358E1,2.464415222E1,-2.145937500E0,6.358926544E0,2.554163725E1
3.382744358E1,2.873409714E1,-2.077080688E0,5.754333801E0,2.937813745E1
3.383738358E1,2.311747696E1,-3.113824768E0,4.714745636E0,2.379795101E1
3.384732358E1,1.762689468E1,-1.390608215E0,4.399501190E0,1.822077984E1
3.385726358E1,1.527723083E1,-1.104702759E0,8.761280823E0,1.764579814E1
3.386720358E1,1.289478516E1,-3.067121887E-1,8.980275421E0,1.571670777E1
3.387714358E1,7.620054016E0,2.201771393E0,-2.784060516E0,8.406188996E0
3.388708358E1,4.038901062E0,3.845652924E0,-1.115645004E1,1.247269601E1
3.389702358E1,4.573439484E0,3.161425781E0,-7.943681030E0,9.696031662E0
3.390696358E1,5.000351715E0,2.101030884E0,-5.143304443E0,7.474719302E0
3.391690358E1,3.023712158E0,1.258582764E0,-3.628604279E0,4.888111578E0
3.392684358E1,2.120041351E0,4.411326599E-1,-3.490441589E0,4.107597332E0
3.393678358E1,1.334325256E0,-1.743873596E-1,-2.832859039E0,3.136227858E0
3.394672358E1,3.676354980E-1,-2.219883728E-1,-2.028431854E0,2.073395882E0
3.395666358E1,7.155120850E-2,-2.903961182E-2,-1.163680115E0,1.166239377E0
3.396660358E1,4.730163574E-2,3.113525391E-2,-8.223898315E-1,8.243372391E-1
3.397654358E1,-2.089654541E-1,-4.345463562E-1,-1.559756470E-1,5.067795370E-1
3.398648358E1,-6.092330933E-2,-7.818241882E-1,7.575746155E-1,1.090357744E0
3.399642358E1,-2.653981018E-1,-2.206411743E-1,5.978567505E-1,6.903270054E-1
3.400636358E1,-2.412982178E-1,-1.682201843E0,1.415157166E0,2.211492183E0
3.401630358E1,-7.809260559E-1,-1.196761322E0,1.824106750E0,2.317207070E0
3.402624458E1,-1.494641876E0,-7.478448486E-1,1.260528717E0,2.093360672E0
3.403618458E1,-1.411714325E0,-3.517684937E-1,8.589138794E-1,1.689500358E0
3.404612458E1,-1.040037231E0,2.987786865E-1,1.350192261E-1,1.090493621E0
3.405606458E1,-5.062472534E-1,9.126521301E-1,-3.839515686E-1,1.112042715E0
3.406600458E1,-7.768844604E-2,1.441502380E0,-8.372090149E-1,1.668797034E0
3.407594458E1,6.712042236E-1,2.012714539E0,-1.260828094E0,2.468040196E0
3.408588458E1,2.729424133E0,2.737207947E0,-1.264869690E0,4.067180691E0
3.409582458E1,5.876629486E0,3.163521423E0,-6.029461670E-1,6.701207801E0
3.410576458E1,9.661808167E0,2.375859375E0,-9.601034546E-1,9.995851312E0
3.411570458E1,1.429212936E1,1.035845947E-1,-7.937992859E-1,1.431453139E1
3.412564458E1,2.029210236E1,-2.897225189E0,1.702110443E0,2.056843484E1
3.413558458E1,2.869787247E1,-5.335055695E0,2.643203430E0,2.930899568E1
3.414552458E1,3.453962448E1,-7.023095398E0,3.382815399E0,3.540837427E1
3.415546458E1,3.535662552E1,-7.401807861E0,3.608246613E0,3.630285349E1
3.416540458E1,3.104304565E1,-6.352938995E0,3.324885864E0,3.186040463E1
3.417534458E1,2.523512329E1,-5.493426361E0,5.298831024E0,2.636411938E1
3.418528458E1,2.196936447E1,-3.907923431E0,7.665409698E0,2.359413797E1
3.419522458E1,2.521491531E1,-1.488804016E0,5.993087311E0,2.596007679E1
3.420516458E1,2.753479111E1,-3.520678711E-1,5.012177124E0,2.798947289E1
3.421510458E1,2.144201111E1,2.133064270E-1,3.786226501E0,2.177477557E1
3.422504458E1,1.685210587E1,6.712042236E-1,4.011508026E0,1.733597946E1
3.423498558E1,1.467248840E1,-3.237767029E-1,1.090841583E1,1.828606801E1
3.424492558E1,1.127156067E1,-7.214996338E-1,1.055964111E1,1.546203939E1
3.425486558E1,4.906347198E0,2.506537628E0,-1.348889969E1,1.457070309E1
3.426480558E1,2.974614258E0,5.060376892E0,-1.356613907E1,1.478160592E1
3.427474558E1,6.055058441E0,4.179458771E0,-6.846762085E0,1.005036116E1
3.428468558E1,4.772375793E0,2.244282990E0,-3.861070862E0,6.536072601E0
3.429462558E1,2.794389038E0,1.244961090E0,-2.145338745E0,3.736444372E0
3.430456558E1,1.722019043E0,6.945556641E-1,-1.013692017E0,2.115497261E0
3.431450558E1,5.252577209E-1,6.439608765E-1,-5.538482666E-1,9.986637003E-1
3.432444558E1,-4.781057739E-1,4.772076416E-1,4.921765137E-1,8.357930275E-1
3.433438558E1,-1.002764740E0,4.216731262E-1,6.298901367E-1,1.257023044E0
3.434432558E1,-1.163680115E0,2.228865051E-1,3.594026184E-1,1.238143790E0
3.435426467E1,-1.100661163E0,-1.341210938E-1,3.444337463E-1,1.161067642E0
3.436420467E1,-9.653425598E-1,-3.499722290E-1,5.164260864E-2,1.028121480E0
3.437414467E1,-1.153950348E0,-4.766088867E-1,2.038760376E-1,1.265038685E0
3.438408467E1,-1.147214355E0,-3.956272888E-1,3.876937866E-2,1.214135410E0
3.439402467E1,-9.839039612E-1,-2.137554932E-1,-4.047583008E-1,1.085167129E0
3.440396467E1,-9.506730652E-1,1.272354126E-2,-4.604425049E-1,1.056384620E0
3.441390467E1,-1.014739838E0,1.390608215E-1,-3.159928894E-1,1.071861165E0
3.442384467E1,-7.887098694E-1,4.108955383E-1,-8.038284302E-2,8.929500562E-1
3.443378467E1,-6.381230164E-1,4.575984192E-1,1.082249451E-1,7.926600381E-1
3.444372467E1,2.345622253E-1,2.733316040E-1,4.740641785E-1,5.953708496E-1
3.445366567E1,2.278861084E0,3.510200500E-1,6.734495544E-1,2.402073525E0
3.446360567E1,5.560486908E0,6.520440674E-1,3.790118408E-1,5.611401438E0
3.447354567E1,9.751322021E0,3.468287659E-1,3.471281433E-1,9.763660651E0
3.448348567E1,1.448417999E1,-4.950205994E-1,1.147663422E0,1.453800697E1
3.449342567E1,2.037323364E1,-1.654808807E0,1.589394836E0,2.050202959E1
3.450336567E1,2.814582047E1,-2.994373169E0,9.339079285E-1,2.832005763E1
3.451330567E1,3.421180618E1,-4.217030640E0,1.944157104E0,3.452550907E1
3.452324567E1,3.458108826E1,-4.771178284E0,2.690205688E0,3.501218379E1
3.453318567E1,3.153641968E1,-3.268453217E0,1.513802032E0,3.174145789E1
3.454312567E1,2.750679932E1,-4.102967834E0,2.799628143E0,2.795167743E1
3.455306567E1,2.429642532E1,-3.867956543E0,6.608906708E0,2.547459556E1
3.456300567E1,2.257156219E1,-6.313870239E-1,6.910230103E0,2.361409218E1
3.457294567E1,2.668994797E1,-3.797602844E-1,5.613476715E0,2.727652216E1
3.458288567E1,2.623369675E1,4.149371338E-1,5.244943085E0,2.675609175E1
3.459282567E1,1.867217102E1,1.236279144E0,4.266427917E0,1.919324787E1
3.460276567E1,1.536240372E1,-8.614585876E-1,1.267773651E1,1.993666376E1
3.461270567E1,1.324790085E1,-3.177442474E0,1.916090469E1,2.351049311E1
3.462264567E1,5.452261963E0,3.875740356E0,-1.306797501E1,1.468061629E1
3.463258567E1,1.269659729E0,7.209457855E0,-1.896466278E1,2.032847148E1
3.464252567E1,4.850962372E0,3.457809448E0,-7.902965698E0,9.896724152E0
3.465246567E1,3.443589020E0,5.990542603E-1,-4.019740906E0,5.326864771E0
3.466240567E1,1.375040588E0,-6.749464417E-1,-2.824626160E0,3.213223033E0
3.467234567E1,4.790039062E-1,-1.661844177E0,-2.061962128E0,2.691255957E0
3.468228567E1,-7.077282715E-1,-2.378703461E0,-1.620380402E0,2.963906562E0
3.469222667E1,-1.243314514E0,-1.744172974E0,-2.267185364E0,3.118990192E0
3.470216667E1,-1.088686066E0,-3.070265350E0,-1.321152649E0,3.515282491E0
3.471210667E1,-6.885681152E-1,-2.085912323E0,-8.728349304E-1,2.363682949E0
3.472204667E1,-3.746708679E-1,-1.170416107E0,-1.178349609E0,1.702574499E0
3.473198667E1,-2.004331970E-1,-2.642005920E-1,-3.677851868E-1,4.952185002E-1
3.474192667E1,-1.378633118E-1,4.189787292E-1,-7.349716187E-2,4.471591452E-1
3.475186667E1,-2.330653381E-1,5.544470215E-1,3.433859253E-1,6.925639647E-1
3.476180667E1,-1.194515991E-1,7.512876892E-1,4.134402466E-1,8.658144801E-1
3.477174667E1,-2.323168945E-1,5.771997070E-1,2.621049500E-1,6.751515727E-1
3.478168667E1,-9.657916260E-1,-7.229965210E-2,9.400451660E-2,9.730455044E-1
3.479162667E1,-1.346599731E0,-5.989045715E-1,-1.178050232E-1,1.478477442E0
3.480156667E1,-1.255139923E0,-5.837860107E-1,-7.125183105E-2,1.386094930E0
3.481150667E1,-2.149530029E-1,2.222877502E-1,9.487271118E-1,9.978475686E-1
3.482144667E1,2.188598785E0,1.477427673E0,1.182391205E0,2.893234545E0
3.483138667E1,6.036197662E0,2.441123657E0,-1.291813660E-1,6.512407754E0
3.484132667E1,1.056098831E1,2.457439728E0,-6.140231323E-1,1.086050222E1
3.485126667E1,1.611638580E1,8.978329468E-1,2.255659332E0,1.629822059E1
3.486120667E1,2.276196625E1,-1.203048248E0,4.506678314E0,2.323498616E1
3.487114667E1,3.118240585E1,-1.969005432E0,1.440753937E0,3.127771074E1
3.488108667E1,3.682567062E1,-2.545157318E0,-4.096980286E-1,3.691579195E1
3.489102667E1,3.683779541E1,-2.841540985E0,1.377884674E0,3.697291025E1
3.490096667E1,3.163790863E1,-2.796634369E0,3.396586761E0,3.194237355E1
3.491090767E1,2.568718323E1,-3.318000183E0,5.581593018E0,2.649518235E1
3.492084767E1,2.261946259E1,-3.234922943E0,5.112019501E0,2.341447325E1
3.493078767E1,2.149140839E1,-6.515950012E-1,5.222489777E0,2.212644594E1
3.494072767E1,2.475132935E1,1.930984497E-2,4.099524994E0,2.508853887E1
3.495066767E1,2.410302750E1,-6.700067139E-1,2.093247070E0,2.420302722E1
3.496060767E1,1.805710007E1,-9.063652039E-1,2.682721252E0,1.827778307E1
3.497054767E1,1.576042603E1,-3.551215210E0,9.714797974E0,1.885151075E1
3.498048767E1,1.455468338E1,-4.121529236E0,1.166135010E1,1.910007585E1
3.499042767E1,3.772305450E0,1.613195343E0,-1.250619324E1,1.316197390E1
3.500036767E1,-2.305206299E-2,4.975952454E0,-1.642115204E1,1.715852175E1
3.501030767E1,2.962639160E0,2.272723846E0,-9.261690216E0,9.986060792E0