"Time (s)","Acceleration x (m/s^2)","Acceleration y (m/s^2)","Acceleration z (m/s^2)","Absolute acceleration (m/s^2)"
3.442999994E-3,6.545887756E-1,-2.866539001E-1,-4.451742554E-1,8.419246055E-1
1.338200000E-2,1.443598022E0,-7.810757446E-1,3.631448364E-1,1.681049893E0
2.332199999E-2,1.426383820E0,-8.653504944E-1,-3.667373657E-2,1.668756196E0
3.326100000E-2,1.215921478E0,-5.495072937E-1,-2.495310974E-1,1.357456841E0
4.320099999E-2,9.762698364E-1,-5.040019226E-1,-2.395019531E-1,1.124491848E0
5.314000000E-2,6.789880371E-1,-5.128335571E-1,-2.772235107E-1,8.949166926E-1
6.307899999E-2,4.529580688E-1,-4.884342957E-1,-3.335064697E-1,7.449601591E-1
7.301900000E-2,3.683839417E-1,-4.649331665E-1,-2.966830444E-1,6.632423438E-1
8.295799998E-2,3.620970154E-1,-4.725672913E-1,-2.237846375E-1,6.360138814E-1
9.289699999E-2,3.791615295E-1,-5.487588501E-1,-2.248324585E-1,7.038816487E-1
1.028370000E-1,3.906875610E-1,-7.476951599E-1,-2.561174011E-1,8.816353814E-1
1.127760000E-1,3.926335144E-1,-1.070573730E0,-3.291654968E-1,1.186861034E0
1.227160000E-1,4.912783813E-1,-1.448388062E0,-3.050656128E-1,1.559566431E0
1.326550000E-1,3.832031250E-2,-3.222199402E0,9.468859406E0,1.000216656E1
1.425940000E-1,-2.573448486E0,-7.848928070E0,1.559801376E1,1.765010885E1
1.525340000E-1,-3.325634308E0,-7.474556580E0,8.523275757E-1,8.225284306E0
1.624730000E-1,-5.602998505E0,-7.275769958E0,6.703210602E0,1.136940865E1
1.724120000E-1,-6.606511688E0,-1.073732162E1,2.755020905E0,1.290450358E1
1.823520000E-1,-8.116721191E0,-1.457938202E1,-1.253343658E0,1.673351168E1
1.922910000E-1,-1.079420334E1,-1.904160278E1,-4.158352661E-1,2.189224477E1
2.022310000E-1,-1.254840546E1,-2.883154449E1,5.696104889E0,3.195568883E1
2.121700000E-1,-1.477277985E1,-3.563310059E1,5.511389008E0,3.896573226E1
2.221090000E-1,-1.565654205E1,-3.742966461E1,3.001109161E0,4.068308934E1
2.320490000E-1,-1.362811020E1,-4.113670578E1,3.311264191E0,4.346168911E1
2.419880000E-1,-5.781876526E0,-3.841252075E1,3.602558441E0,3.901192477E1
2.519280000E-1,-9.922865295E-1,-3.156141769E1,2.676883392E0,3.169027334E1
2.618670000E-1,-3.600762177E0,-2.881507874E1,3.323987732E0,2.922880677E1
2.718060000E-1,-6.103407898E0,-2.821213257E1,3.831881561E0,2.911802411E1
2.817460000E-1,-6.662046204E0,-2.868080795E1,4.210144958E0,2.974385525E1
2.916850000E-1,-5.787115631E0,-2.932252350E1,4.581822052E0,3.023729791E1
3.016240000E-1,-4.850662994E0,-2.780018921E1,5.116809540E0,2.868032760E1
3.115640000E-1,-4.793332214E0,-2.423310699E1,5.250331879E0,2.525441532E1
3.215030000E-1,-5.226381683E0,-1.996817596E1,4.520299988E0,2.112998412E1
3.314430000E-1,-5.858966217E0,-1.595083008E1,2.873724060E0,1.723411603E1
3.413820000E-1,-6.179449768E0,-1.263462616E1,1.413809967E0,1.413570784E1
3.513210000E-1,-5.713019714E0,-1.014799713E1,7.851173401E-1,1.167205420E1
3.612610000E-1,-4.672683105E0,-7.866890717E0,4.555027771E-1,9.161300111E0
3.712000000E-1,-3.356170807E0,-5.870043182E0,-2.230361938E-1,6.765429372E0
3.811390000E-1,-1.763782196E0,-4.359833679E0,-9.632469177E-1,4.800720984E0
3.910790000E-1,-1.333726501E-1,-3.242557068E0,-1.359023895E0,3.518367597E0
4.010180000E-1,1.063688049E0,-2.124981079E0,-1.656006317E0,2.896434666E0
4.109580000E-1,1.667831726E0,-9.849517822E-1,-1.889820099E0,2.706143508E0
4.208970000E-1,1.839973755E0,-1.234931946E-1,-1.660496979E0,2.481532632E0
4.308360000E-1,1.895508270E0,6.596781921E-1,-6.860234070E-1,2.121026882E0
4.407760000E-1,2.011666718E0,1.553020477E0,1.165476379E0,2.795891768E0
4.507150000E-1,2.493963776E0,2.994822235E0,4.091441803E0,5.650549669E0
4.606550000E-1,3.230282593E0,4.378844147E0,5.127138062E0,7.476399293E0
4.705940000E-1,3.502266998E0,4.456532593E0,3.350332947E0,6.584169479E0
4.805330000E-1,2.661016388E0,2.681374054E0,1.776356049E0,4.174471924E0
4.904730000E-1,9.610015869E-1,9.231303406E-1,1.175954590E0,1.777234614E0
5.004120000E-1,-8.711883545E-2,1.522334290E-1,8.547225952E-1,8.725339095E-1
5.103510000E-1,-5.789959717E-1,-2.653981018E-1,6.249504089E-1,8.923202908E-1
5.202910000E-1,-9.819580078E-1,-5.029541016E-1,5.204676819E-1,1.219873340E0
5.302300000E-1,-1.260678406E0,-5.287005615E-1,3.032693481E-1,1.400288050E0
5.401700000E-1,-1.309027863E0,-3.909869385E-1,-1.386117554E-1,1.373185330E0
5.501090000E-1,-1.169817352E0,-2.468367004E-1,-6.185137939E-1,1.346090750E0
5.600480000E-1,-1.017434235E0,-1.390608215E-1,-8.893006897E-1,1.358442509E0
5.699880000E-1,-8.740324402E-1,-2.933898926E-2,-1.053958282E0,1.369533331E0
5.799270000E-1,-7.188052368E-1,1.299298096E-1,-1.196012878E0,1.401431243E0
5.898660000E-1,-6.276448059E-1,2.752775574E-1,-1.194515991E0,1.377165273E0
5.998060000E-1,-5.709127808E-1,4.333488464E-1,-1.133892059E0,1.341433497E0
6.097450000E-1,-5.595364380E-1,5.861810303E-1,-1.015338593E0,1.299077243E0
6.196850000E-1,-6.337820435E-1,6.312373352E-1,-7.695497131E-1,1.179977548E0
6.296240000E-1,-8.009843445E-1,4.388873291E-1,-3.579057312E-1,9.809661157E-1
6.395630000E-1,-1.052910461E0,6.676116943E-2,6.417155457E-1,1.234858832E0
6.495030000E-1,-1.504072266E0,-4.917274475E-1,2.543660431E0,2.995703198E0
6.594420000E-1,-1.993255005E0,-1.478924561E0,4.440366211E0,5.086957387E0
6.693820000E-1,-2.848426666E0,-3.666924591E0,9.470805359E0,1.054779714E1
6.793210000E-1,-2.636018372E0,-7.936196594E0,1.902558609E1,2.078231785E1
6.892600000E-1,-1.817670135E0,-9.652976532E0,1.135688324E1,1.501541467E1
6.992000000E-1,-2.003733215E0,-5.054838409E0,-5.326224060E0,7.611504508E0
7.091390000E-1,-3.183879089E0,-6.433172150E0,-3.742667084E0,8.095081646E0
7.190780000E-1,-5.629044342E0,-9.840536499E0,-3.797902222E0,1.195601773E1
7.290180000E-1,-8.416547699E0,-1.343037140E1,-3.705544281E0,1.627710691E1
7.389570000E-1,-1.065469345E1,-1.713980759E1,-3.202290802E0,2.043404422E1
7.488970000E-1,-1.243943207E1,-2.365261414E1,-5.852828979E-2,2.672431573E1
7.588360000E-1,-1.468865479E1,-3.800551712E1,7.573351135E0,4.144311232E1
7.687750000E-1,-1.658865372E1,-4.174249603E1,7.101232910E-1,4.492353150E1
7.787150000E-1,-1.644150970E1,-4.172453339E1,-1.534459076E0,4.487331604E1
7.886540000E-1,-8.484207001E0,-4.258180069E1,5.165757751E0,4.372501082E1
7.985930000E-1,5.057981873E-1,-3.252930496E1,1.039603134E1,3.415390140E1
8.085330000E-1,-2.552941132E0,-2.354753265E1,8.484805756E0,2.515940642E1
8.184720000E-1,-6.159241791E0,-2.011726593E1,8.473429413E0,2.268126218E1
8.284120000E-1,-7.238796844E0,-2.058698914E1,5.977220306E0,2.262634447E1
8.383510000E-1,-6.417005768E0,-2.269056473E1,3.110381927E0,2.378474651E1
8.482900000E-1,-5.631888428E0,-2.335473358E1,9.138496399E-1,2.404156545E1
8.582300000E-1,-5.323379974E0,-2.213701584E1,-8.864566040E-1,2.278533849E1
8.681690000E-1,-5.180427246E0,-1.917258041E1,-1.818568268E0,1.994321581E1
8.781080000E-1,-5.110223236E0,-1.607282639E1,-1.579964447E0,1.693949283E1
8.880480000E-1,-4.594844971E0,-1.337244186E1,-1.012195129E0,1.417601286E1
8.979870000E-1,-3.676354980E0,-1.077249847E1,-7.223977661E-1,1.140544466E1
9.079270000E-1,-2.642604675E0,-8.359366608E0,-3.510200500E-1,8.774142957E0
9.178660000E-1,-1.908980255E0,-6.219865723E0,3.686833191E-1,6.516660388E0
9.278050000E-1,-1.461410980E0,-4.552483063E0,1.027164001E0,4.890387508E0
9.377450000E-1,-1.040486298E0,-3.053649902E0,1.221160583E0,3.449438017E0
9.476840000E-1,-4.011657715E-1,-1.443148956E0,1.180594940E0,1.907201431E0
9.576240000E-1,3.585044861E-1,3.679348755E-1,1.725910950E0,1.800741554E0
9.675630000E-1,1.109492798E0,2.288291473E0,3.445984039E0,4.282762909E0
9.775020000E-1,1.615141296E0,3.752396851E0,5.883066101E0,7.162376022E0
9.874420000E-1,2.063009949E0,4.511318665E0,7.074288940E0,8.640229751E0
9.973810000E-1,2.544558563E0,4.700674896E0,6.826254730E0,8.669998639E0
1.007320000E0,2.709515533E0,4.431684265E0,5.786367188E0,7.775817969E0
1.017260000E0,2.418969727E0,3.469784546E0,4.045187988E0,5.852722887E0
1.027199000E0,1.255588989E0,2.082170105E0,1.903890839E0,3.088160679E0
1.037139000E0,-8.023315430E-2,7.334747314E-1,5.108876038E-1,8.974567869E-1
1.047078000E0,-6.499484253E-1,-1.134640503E-1,-2.782713318E-1,7.160600396E-1
1.057017000E0,-6.921606445E-1,-5.336402893E-1,-7.304809570E-1,1.139061344E0
1.066957000E0,-6.135740662E-1,-8.105644226E-1,-9.351054382E-1,1.381271153E0
1.076896000E0,-6.508465576E-1,-8.458909607E-1,-1.131946106E0,1.555774645E0
1.086835000E0,-6.897656250E-1,-8.292755127E-1,-1.227746887E0,1.634269535E0
1.096775000E0,-5.981561279E-1,-7.698490906E-1,-1.328188019E0,1.647586656E0
1.106714000E0,-4.785548401E-1,-7.656578064E-1,-1.391206970E0,1.658524478E0
1.116654000E0,-4.242178345E-1,-7.948471069E-1,-1.525028687E0,1.771286309E0
1.126593000E0,-4.107458496E-1,-7.985893250E-1,-1.831740875E0,2.040032278E0
1.136532000E0,-2.577639771E-1,-7.770341492E-1,-2.018702087E0,2.178389877E0
1.146472000E0,-1.496887207E-1,-7.679031372E-1,-1.724114685E0,1.893318090E0
1.156411000E0,8.098159790E-2,-6.821315002E-1,-1.189725952E0,1.373793741E0
1.166350000E0,4.043092346E-1,-6.774911499E-1,-8.529263306E-1,1.161870707E0
1.176290000E0,6.327342224E-1,-9.767189026E-1,-5.746549988E-1,1.297906306E0
1.186229000E0,7.702981567E-1,-1.592687988E0,-1.333726501E-1,1.774204763E0
1.196169000E0,1.798360291E0,-3.066972198E0,4.427193604E0,5.678068457E0
1.206108000E0,2.769840088E0,-6.274053040E0,1.494222748E1,1.644098287E1
1.216047000E0,-1.022823029E0,-1.070843170E1,8.919501801E0,1.397405413E1
1.225987000E0,-3.469784546E0,-1.209365112E1,1.861678619E0,1.271855533E1
1.235926000E0,-4.524191895E0,-1.189426575E1,5.274731140E0,1.377550938E1
1.245866000E0,-7.461833038E0,-1.496483047E1,1.914668427E0,1.683125244E1
1.255805000E0,-1.135463791E1,-2.231858826E1,8.345146179E-1,2.505481188E1
1.265744000E0,-1.599768265E1,-3.449037689E1,4.472998352E0,3.828210630E1
1.275684000E0,-1.906225983E1,-4.196044281E1,5.833219757E0,4.645508544E1
1.285623000E0,-1.965412903E1,-4.800277771E1,5.958509216E0,5.221163939E1
1.295562000E0,-1.562555649E1,-4.750551178E1,4.532275085E0,5.021427270E1
1.305502000E0,-9.207203522E0,-3.517101151E1,1.565594330E0,3.638988503E1
1.315441000E0,-9.585915985E0,-2.575529160E1,9.117539978E-1,2.749647479E1
1.325381000E0,-1.094269455E1,-2.133992340E1,7.170089722E-1,2.399268632E1
1.335320000E0,-1.119477036E1,-2.076257401E1,3.034190369E-1,2.359024005E1
1.345259250E0,-9.357790375E0,-2.288066940E1,-5.667214966E-1,2.472679612E1
1.355199250E0,-6.508615265E0,-2.344529526E1,-1.114731903E0,2.435747461E1
1.365138250E0,-4.522395630E0,-2.129756149E1,-1.153351593E0,2.180294493E1
1.375077250E0,-4.037853241E0,-1.769036270E1,-2.956352234E-1,1.814774343E1
1.385017250E0,-3.965852966E0,-1.398152527E1,7.637118530E-1,1.455315410E1
1.394956250E0,-3.760480042E0,-1.060754150E1,1.564696198E0,1.136263267E1
1.404896250E0,-3.546724548E0,-7.604636078E0,2.195484467E0,8.673516988E0
1.414835250E0,-3.318000183E0,-5.209466858E0,2.381397858E0,6.619571430E0
1.424774250E0,-2.859204254E0,-3.668122101E0,2.007026367E0,5.065404579E0
1.434714250E0,-2.201322327E0,-2.566562805E0,1.502425690E0,3.700046969E0
1.444653250E0,-1.396745453E0,-1.615290985E0,9.963281250E-1,2.356423680E0
1.454592250E0,-5.701643372E-1,-7.866142273E-1,8.223898315E-1,1.272860695E0
1.464532250E0,1.398092651E-1,1.299298096E-1,1.149459686E0,1.165197819E0
1.474471250E0,7.571255493E-1,1.348246307E0,2.149829407E0,2.648164210E0
1.484411250E0,1.080303497E0,2.689756622E0,4.530179443E0,5.378138351E0
1.494350250E0,1.451381836E0,3.910019073E0,6.562503204E0,7.775680465E0
1.504289250E0,1.980681152E0,4.128714294E0,5.986351318E0,7.536961036E0
1.514229250E0,2.436632996E0,3.745660858E0,4.583169250E0,6.400983987E0
1.524168250E0,3.030897217E0,2.817291412E0,3.192111969E0,5.226188636E0
1.534107250E0,2.735411682E0,1.191222839E0,1.988464966E0,3.585454203E0
1.544047250E0,9.996212769E-1,-9.774673462E-2,8.238867188E-1,1.299071379E0
1.553986250E0,-7.813751221E-2,-5.536985779E-1,-1.908531189E-1,5.908574269E-1
1.563926250E0,-3.293151855E-1,-8.571176147E-1,-9.401948547E-1,1.314178626E0
1.573865250E0,-4.170327759E-1,-1.036893768E0,-1.436412964E0,1.819985502E0
1.583804250E0,-5.487588501E-1,-1.061742096E0,-1.755249939E0,2.123519461E0
1.593744250E0,-7.027885437E-1,-1.015637970E0,-1.889221344E0,2.257119738E0
1.603683250E0,-7.238946533E-1,-9.235794067E-1,-1.897454224E0,2.230998637E0
1.613622250E0,-6.038442993E-1,-8.325686646E-1,-1.889670410E0,2.151430403E0
1.623562250E0,-4.093986511E-1,-7.758366394E-1,-1.825304260E0,2.025158115E0
1.633501250E0,-1.916015625E-1,-7.152127075E-1,-1.706750793E0,1.860440444E0
1.643441250E0,-3.472778320E-2,-6.972500610E-1,-1.580563202E0,1.727872594E0
1.653380250E0,1.004411316E-1,-7.021897888E-1,-1.491348724E0,1.651447831E0
1.663319250E0,2.224374390E-1,-7.053332520E-1,-1.360371094E0,1.548413034E0
1.673259250E0,4.531077576E-1,-7.264393616E-1,-1.142124939E0,1.427399791E0
1.683198250E0,6.926097107E-1,-8.590635681E-1,-8.598120117E-1,1.398919269E0
1.693137250E0,8.792715454E-1,-1.217568054E0,-5.433700562E-1,1.597135384E0
1.703077250E0,2.055076447E0,-2.643951874E0,2.484383698E0,4.169650233E0
1.713016250E0,3.487447815E0,-4.974305878E0,6.274352417E0,8.733470643E0
1.722956250E0,2.674488373E0,-6.637646942E0,6.213728485E0,9.477429328E0
1.732895250E0,1.728904724E-1,-1.120195541E1,9.553283844E0,1.472341429E1
1.742834250E0,-3.641178131E0,-1.348440903E1,9.379046173E0,1.682420792E1
1.752774250E0,-8.848100281E0,-1.440005493E1,1.010428802E1,1.969129496E1
1.762713250E0,-1.027987289E1,-1.511287262E1,-1.474583588E0,1.833709634E1
1.772652250E0,-1.224453735E1,-1.884670807E1,-3.881278839E0,2.280770540E1
1.782592250E0,-1.603001541E1,-2.561099167E1,-1.661245422E0,3.025961045E1
1.792531250E0,-1.878533569E1,-4.040368011E1,7.882458344E0,4.524908124E1
1.802471250E0,-1.599214417E1,-4.880286392E1,1.538276138E1,5.361061042E1
1.812410250E0,-8.017627258E0,-3.847913223E1,2.598596191E0,3.939135269E1
1.822349250E0,-2.308948517E0,-3.512879929E1,-1.235979767E0,3.522628888E1
1.832289250E0,-4.184099121E0,-3.303989319E1,-1.048270111E0,3.332026557E1
1.842228250E0,-8.025710449E0,-2.951771759E1,-1.141376495E0,3.061062594E1
1.852167250E0,-9.838141479E0,-2.685191116E1,-1.294358368E0,2.862672745E1
1.862107250E0,-1.041070084E1,-2.529799255E1,-1.216969299E0,2.738342808E1
1.872046250E0,-9.271869049E0,-2.341131592E1,-7.650590515E-1,2.519211353E1
1.881986250E0,-7.899522858E0,-2.024674667E1,1.044827271E-1,2.173347945E1
1.891925250E0,-7.491172028E0,-1.638986710E1,8.384065247E-1,1.804018645E1
1.901864250E0,-7.549101563E0,-1.298429901E1,1.395547943E0,1.508404817E1
1.911804250E0,-7.583679657E0,-1.017868332E1,2.242786102E0,1.288983634E1
1.921743250E0,-7.270530853E0,-7.830965424E0,3.404520264E0,1.121496307E1
1.931682250E0,-6.511609039E0,-5.669909363E0,4.233346710E0,9.616140017E0
1.941622250E0,-5.156027985E0,-3.983067169E0,4.227508850E0,7.766677522E0
1.951561250E0,-3.885919189E0,-2.928510132E0,3.354224854E0,5.909937724E0
1.961501250E0,-2.858455811E0,-2.260599060E0,1.946103058E0,4.131391393E0
1.971440250E0,-1.929936676E0,-1.528920593E0,6.372248840E-1,2.543287107E0
1.981379250E0,-1.331780548E0,-7.765850830E-1,2.155517578E-2,1.541813363E0
1.991319250E0,-7.017407227E-1,2.320175171E-2,3.752696228E-1,7.961191198E-1
2.001258250E0,4.790039063E-2,8.891510010E-1,7.981402588E-1,1.195789205E0
2.011198250E0,4.534071350E-1,1.786534882E0,1.199156342E0,2.198922655E0
2.021137250E0,8.687933350E-1,2.190095673E0,1.176403656E0,2.633485613E0
2.031076250E0,1.231938171E0,2.193688202E0,7.054829407E-1,2.612976419E0
2.041016250E0,1.621128845E0,2.025887146E0,2.263293457E-1,2.604515777E0
2.050955250E0,1.779050446E0,1.743125153E0,-1.465452576E-1,2.494991242E0
2.060894250E0,1.804796906E0,1.548679504E0,-6.496490479E-1,2.465308087E0
2.070834250E0,1.794019318E0,1.336570587E0,-1.249751129E0,2.562577634E0
2.080773250E0,1.685644684E0,1.159788208E0,-1.516795807E0,2.546993562E0
2.090713250E0,1.402733002E0,1.003662872E0,-1.440454559E0,2.247200119E0
2.100652250E0,1.025218048E0,8.644523621E-1,-1.271755371E0,1.848164402E0
2.110591250E0,5.842350769E-1,6.902146912E-1,-1.126707001E0,1.444712986E0
2.120531250E0,1.695973206E-1,5.011578369E-1,-1.008752289E0,1.139080159E0
2.130470250E0,-1.190025330E-1,3.778143311E-1,-9.616003418E-1,1.039990620E0
2.140409250E0,-2.847079468E-1,3.070115662E-1,-9.593550110E-1,1.046745792E0
2.150349250E0,-3.761677551E-1,2.432441711E-1,-9.755213928E-1,1.073457915E0
2.160288250E0,-4.810995483E-1,1.251397705E-1,-9.982740784E-1,1.115198580E0
2.170228250E0,-5.430706787E-1,4.311035156E-2,-9.226812744E-1,1.071505949E0
2.180167250E0,-6.483018494E-1,-3.817062378E-2,-8.006849670E-1,1.030945537E0
2.190106250E0,-7.848179626E-1,-1.005908203E-1,-6.026467896E-1,9.946059021E-1
2.200046250E0,-9.936337280E-1,-1.957928467E-1,-2.706372070E-1,1.048278266E0
2.209985250E0,-1.229243774E0,-4.162843323E-1,2.749781799E-1,1.326629527E0
2.219924250E0,-1.797013092E0,-1.100960541E0,5.818250885E0,6.188167219E0
2.229864250E0,-1.861977997E0,-2.756218414E0,1.365849701E1,1.405767557E1
2.239803250E0,-2.096540222E0,-5.518723755E0,1.892349838E1,1.982298120E1
2.249743250E0,-3.574566650E0,-6.434070282E0,3.633094940E0,8.208176775E0
2.259682250E0,-3.098406830E0,-3.884272614E0,-6.343059540E0,8.057425330E0
2.269621250E0,-4.414320374E0,-6.289620667E0,-3.971092072E0,8.649573673E0
2.279561250E0,-6.263724518E0,-1.255214767E1,1.691482544E-2,1.402821949E1
2.289500250E0,-7.909402313E0,-1.918949524E1,-2.451003113E0,2.089982748E1
2.299439250E0,-1.291304718E1,-3.098406830E1,-3.490291901E0,3.374820608E1
2.309379250E0,-1.950219498E1,-5.034585526E1,1.141526184E0,5.400318354E1
2.319318250E0,-2.152164551E1,-5.983297668E1,6.240971832E0,6.389143960E1
2.329258250E0,-1.179996185E1,-4.654690521E1,5.429209900E0,4.832525018E1
2.339197250E0,-4.733307037E0,-3.526845886E1,6.870113525E0,3.624178315E1
2.349136292E0,-5.527854767E0,-2.633758072E1,7.593110046E0,2.796212897E1
2.359076292E0,-8.297844543E0,-2.182386703E1,4.310137024E0,2.374263418E1
2.369015292E0,-1.009590546E1,-2.147718796E1,2.434537354E0,2.385631744E1
2.378954292E0,-9.116941223E0,-2.496074387E1,7.138655090E-1,2.658320815E1
2.388894292E0,-7.521858215E0,-2.531341049E1,1.323248291E-1,2.640766199E1
2.398833292E0,-6.617139587E0,-2.222054214E1,9.714797974E-2,2.318509149E1
2.408773292E0,-6.442003784E0,-1.844659012E1,3.511697388E-1,1.954224705E1
2.418712292E0,-6.228996735E0,-1.486962845E1,1.127754822E0,1.616100496E1
2.428651292E0,-5.511389008E0,-1.175475586E1,1.838177490E0,1.311215431E1
2.438591292E0,-4.623884583E0,-9.202563171E0,2.328707428E0,1.055889937E1
2.448530292E0,-3.722309418E0,-7.057374115E0,2.429447937E0,8.340523609E0
2.458469292E0,-2.805166626E0,-5.413193207E0,2.294129333E0,6.514188353E0
2.468409292E0,-2.138902130E0,-4.193978577E0,2.201322327E0,5.197131768E0
2.478348292E0,-1.820813599E0,-3.129093018E0,1.995500336E0,4.133836821E0
2.488288292E0,-1.391057281E0,-2.011067963E0,1.568288727E0,2.904989542E0
2.498227292E0,-1.111887817E0,-8.289761353E-1,8.689430237E-1,1.636630053E0
2.508166292E0,-5.533992004E-1,3.306623840E-1,5.381309509E-1,8.397459185E-1
2.518106292E0,2.380050659E-1,1.453776855E0,1.257385254E0,1.936783734E0
2.528045292E0,6.572831726E-1,2.564766541E0,2.063908081E0,3.357047087E0
2.537984292E0,1.066083069E0,3.538341980E0,2.368075562E0,4.389097737E0
2.547924292E0,1.753603363E0,4.210444336E0,2.613565063E0,5.256775495E0
2.557863292E0,2.511926422E0,4.041146393E0,2.520159302E0,5.384407249E0
2.567803292E0,3.162024536E0,2.964285736E0,1.524130554E0,4.594383858E0
2.577742292E0,3.222199402E0,1.647923126E0,3.053649902E-2,3.619275078E0
2.587681292E0,2.819387054E0,7.764353943E-1,-1.163231049E0,3.147205388E0
2.597621292E0,2.294877777E0,2.365081787E-1,-1.390458527E0,2.693654589E0
2.607560292E0,1.836830292E0,-2.371069336E-1,-1.255289612E0,2.237390719E0
2.617499292E0,1.551523590E0,-6.747967529E-1,-1.226549377E0,2.089736702E0
2.627439292E0,1.229543152E0,-9.126521301E-1,-1.233435059E0,1.966233027E0
2.637378292E0,8.647517395E-1,-1.024768982E0,-1.242117004E0,1.827786008E0
2.647318292E0,4.581971741E-1,-1.058299255E0,-1.216370544E0,1.676156098E0
2.657257292E0,7.379653931E-2,-1.052162018E0,-1.276395721E0,1.655800978E0
2.667196292E0,-1.302291870E-1,-1.020877075E0,-1.121467896E0,1.522116909E0
2.677136292E0,-1.365161133E-1,-9.340576172E-1,-7.563771057E-1,1.209630773E0
2.687075292E0,-1.712438965E-1,-7.753875732E-1,-6.063890076E-1,9.991286150E-1
2.697014292E0,-2.999761963E-1,-4.471202087E-1,-4.947212219E-1,7.311985276E-1
2.706954292E0,-3.758683777E-1,-6.855743408E-2,-9.490264893E-2,3.936796564E-1
2.716893292E0,-5.243595886E-1,1.362167358E-2,4.658312988E-1,7.015250011E-1
2.726832292E0,-6.963519287E-1,-1.594184875E-1,1.230740662E0,1.423039999E0
2.736772292E0,-1.083746338E0,-4.935237122E-1,2.520758057E0,2.787883240E0
2.746711292E0,-1.807640991E0,-1.150507507E0,4.264781342E0,4.772797227E0
2.756651292E0,-2.640958099E0,-3.175197144E0,6.188730469E0,7.440223209E0
2.766590292E0,-2.296674042E0,-4.855602722E0,1.352138214E0,5.538940982E0
2.776529292E0,-1.541195068E0,-4.061054993E0,-1.250948639E0,4.520212649E0
2.786469292E0,-4.507426758E0,-7.626041565E0,5.098397827E0,1.022091318E1
2.796408292E0,-6.987319794E0,-1.367825592E1,5.162763977E0,1.620405674E1
2.806347292E0,-9.189390564E0,-1.915880905E1,-7.774832153E-1,2.126286301E1
2.816287292E0,-1.285661453E1,-2.792697556E1,1.114133148E0,3.076442415E1
2.826226292E0,-1.716166214E1,-3.771122910E1,1.661694489E0,4.146589775E1
2.836166292E0,-2.189302322E1,-4.897949661E1,1.497036896E0,5.367063139E1
2.846105292E0,-2.081182159E1,-5.466721893E1,4.351002045E0,5.865635484E1
2.856044292E0,-1.254586075E1,-4.836352753E1,7.137756958E0,5.047154635E1
2.865984292E0,-1.028601013E1,-3.515649170E1,7.730673981E0,3.743720386E1
2.875923292E0,-1.275332932E1,-2.627246613E1,6.609056396E0,2.994277060E1
2.885862292E0,-1.386701340E1,-2.065375031E1,4.994513855E0,2.537354195E1
2.895802292E0,-1.429093185E1,-1.775757294E1,3.612587585E0,2.307840807E1
2.905741292E0,-1.356853409E1,-1.759845383E1,1.963317261E0,2.230841341E1
2.915681292E0,-1.208706482E1,-1.703861801E1,1.462608490E0,2.094160603E1
2.925620292E0,-1.023526566E1,-1.621068970E1,9.865983582E-1,1.919688776E1
2.935559292E0,-8.153394928E0,-1.570474182E1,2.917433167E-1,1.769751052E1
2.945499292E0,-5.948180695E0,-1.486858063E1,-4.728666687E-1,1.602120927E1
2.955438292E0,-3.540138245E0,-1.324715240E1,-1.404080200E0,1.378372471E1
2.965377292E0,-1.448537750E0,-1.128114075E1,-1.518143005E0,1.147463099E1
2.975317292E0,-1.011895752E-1,-9.032367096E0,-9.488768005E-1,9.082635183E0
2.985256292E0,3.867956543E-1,-6.760242004E0,-2.959346008E-1,6.777762177E0
2.995196292E0,5.990542603E-1,-4.774770813E0,2.674937439E-1,4.819632271E0
3.005135292E0,9.289682007E-1,-3.055446167E0,5.164260864E-1,3.235031545E0
3.015074292E0,1.065783691E0,-1.472038879E0,5.969586182E-1,1.912891249E0
3.025014292E0,1.387913818E0,6.706054688E-2,7.131170654E-1,1.561837966E0
3.034953292E0,2.126028900E0,1.579515381E0,1.333576813E0,2.965349025E0
3.044892292E0,2.716700592E0,2.663112030E0,2.028880920E0,4.311494588E0
3.054832292E0,2.839744720E0,3.283122711E0,2.185455322E0,4.859964998E0
3.064771292E0,3.183729401E0,3.698359222E0,2.148182831E0,5.331855522E0
3.074711292E0,3.450923767E0,3.828588409E0,1.717378693E0,5.432895511E0
3.084650292E0,3.229085083E0,3.575614471E0,1.060095520E0,4.933134078E0
3.094589292E0,2.644550629E0,3.223546600E0,6.670129395E-1,4.222535610E0
3.104529292E0,1.973496094E0,3.076103210E0,7.455995178E-1,3.730015608E0
3.114468292E0,1.582958221E0,2.908900909E0,9.725276184E-1,3.451560691E0
3.124407292E0,1.452279968E0,2.410138092E0,7.731422424E-1,2.918155523E0
3.134347292E0,1.261127472E0,1.623374176E0,3.519181824E-1,2.085577288E0
3.144286292E0,1.149010620E0,1.048120422E0,-1.317260742E-2,1.555299117E0
3.154226292E0,9.898915100E-1,6.212081909E-1,-3.155438232E-1,1.210517543E0
3.164165292E0,8.018824768E-1,3.183879089E-1,-5.152285767E-1,1.004911366E0
3.174104292E0,5.198689270E-1,-1.496887207E-3,-6.259982300E-1,8.137196851E-1
3.184044292E0,2.191442871E-1,-3.695814514E-1,-7.038363647E-1,8.246213047E-1
3.193983292E0,4.161346436E-2,-7.153623962E-1,-8.640032959E-1,1.122486852E0
3.203922292E0,-6.346801758E-2,-9.886940002E-1,-9.436376953E-1,1.368209091E0
3.213862292E0,-2.624043274E-1,-1.169967041E0,-6.996450806E-1,1.388229861E0
3.223801292E0,-5.712121582E-1,-1.197659454E0,-3.227288818E-1,1.365586112E0
3.233740292E0,-8.837622070E-1,-1.231339417E0,2.305206299E-1,1.533092351E0
3.243680292E0,-1.268611908E0,-1.645228729E0,1.753603363E0,2.718690585E0
3.253619292E0,-1.673819275E0,-2.652334442E0,4.935087433E0,5.847361536E0
3.263559292E0,-1.466350708E0,-4.672683105E0,8.979077911E0,1.022780484E1
3.273498292E0,-1.494641876E0,-7.875722351E0,1.078402451E1,1.343711805E1
3.283437292E0,-1.714833984E0,-5.060376892E0,1.147513733E0,5.464874898E0
3.293377292E0,-8.861572266E-1,-2.690056000E0,-1.117126923E0,3.044609741E0
3.303316292E0,-1.785786438E0,-5.014272766E0,-2.610571289E-1,5.329175865E0
3.313255292E0,-2.925666046E0,-7.394922180E0,-8.704399109E-1,8.000128843E0
3.323195292E0,-5.297483826E0,-1.136960678E1,-9.235794067E-1,1.257713370E1
3.333134292E0,-8.189320221E0,-1.722902206E1,-8.599617004E-1,1.909564613E1
3.343074292E0,-1.140149048E1,-3.084395966E1,2.400707703E0,3.297130919E1
3.353013125E0,-1.868803802E1,-4.752227692E1,-7.801776123E-1,5.107071808E1
3.362952125E0,-2.312017136E1,-4.941718643E1,-2.990930328E0,5.464015284E1
3.372892125E0,-2.001712418E1,-5.391473373E1,-9.026229858E-2,5.751079830E1
3.382831125E0,-1.149848877E1,-4.641023941E1,4.783153381E0,4.805209800E1
3.392770125E0,-8.228089600E0,-3.118105865E1,8.011190643E0,3.322858788E1
3.402710125E0,-9.977202301E0,-2.283890625E1,1.004456223E1,2.687105198E1
3.412649125E0,-1.203796692E1,-1.872171799E1,9.948761444E0,2.438018101E1
3.422589125E0,-1.364203125E1,-1.763677414E1,7.643555145E0,2.357084542E1
3.432528125E0,-1.304477325E1,-1.859747635E1,3.819906464E0,2.303527558E1
3.442467125E0,-1.135164413E1,-1.843281876E1,1.310824127E0,2.168748237E1
3.452407125E0,-9.971065063E0,-1.739981689E1,1.851649475E-1,2.005517521E1
3.462346125E0,-8.099656677E0,-1.597163681E1,-1.136287079E0,1.794404550E1
3.472285125E0,-6.188880157E0,-1.404349640E1,-1.934726715E0,1.546819951E1
3.482225125E0,-4.586761780E0,-1.201027451E1,-2.015708313E0,1.301338378E1
3.492164125E0,-2.852168884E0,-9.865983582E0,-1.950144653E0,1.045349528E1
3.502104125E0,-1.358874207E0,-7.761060791E0,-1.314716034E0,7.988058710E0
3.512043125E0,-4.942721558E-1,-5.921087036E0,-4.487667847E-1,5.958604558E0
3.521982125E0,9.340576172E-2,-4.518054657E0,1.468446350E-1,4.521405298E0
3.531922125E0,5.179229736E-1,-3.406615906E0,3.842509460E-1,3.467120552E0
3.541861125E0,7.804769897E-1,-2.168690186E0,7.557783508E-1,2.425605567E0
3.551800125E0,1.068627777E0,-5.191204834E-1,1.824855194E0,2.177509559E0
3.561740125E0,1.479822693E0,1.301992493E0,3.372486877E0,3.906242106E0
3.571679125E0,2.240540771E0,2.634521484E0,4.257147217E0,5.484890958E0
3.581618125E0,3.034489746E0,3.234623566E0,4.476890259E0,6.301861949E0
3.591558125E0,3.578458557E0,3.485501862E0,4.397854614E0,6.655464979E0
3.601497125E0,4.106560364E0,3.325334930E0,3.998485107E0,6.626429927E0
3.611437125E0,4.459676056E0,2.863694916E0,3.059787140E0,6.119784019E0
3.621376125E0,4.599485321E0,2.228565674E0,2.033670959E0,5.500689752E0
3.631315125E0,4.622537384E0,1.471589813E0,1.365759888E0,5.039715123E0
3.641255125E0,3.998335419E0,6.243516541E-1,9.722282410E-1,4.161938114E0
3.651194125E0,2.842289429E0,3.667373657E-2,6.857240295E-1,2.924067647E0
3.661133125E0,2.120191040E0,-1.917512512E-1,5.800437927E-1,2.206451765E0
3.671073125E0,1.680854645E0,-3.644920349E-1,5.542973328E-1,1.807034121E0
3.681012125E0,1.115180969E0,-5.457650757E-1,3.933819580E-1,1.302396820E0
3.690952125E0,4.724176025E-1,-7.917036438E-1,2.245330811E-2,9.222132084E-1
3.700891125E0,-1.571731567E-2,-9.903405762E-1,-4.174818420E-1,1.074854678E0
3.710830125E0,-3.275189209E-1,-1.053060150E0,-8.613088989E-1,1.399306022E0
3.720770125E0,-5.680686951E-1,-1.028511200E0,-1.271156616E0,1.731004470E0
3.730709125E0,-7.125183105E-1,-1.011147308E0,-1.619781647E0,2.038085819E0
3.740648125E0,-8.898994446E-1,-1.039139099E0,-1.617087250E0,2.118183718E0
3.750588125E0,-1.009351044E0,-1.044378204E0,-1.386716309E0,2.008107936E0
3.760527125E0,-1.080902252E0,-1.080153809E0,-1.173559570E0,1.926739213E0
3.770467125E0,-8.768765259E-1,-1.288670197E0,-8.779243469E-1,1.788947868E0
3.780406125E0,-3.549119568E-1,-1.480571136E0,-6.439608765E-1,1.653099815E0
3.790345125E0,-2.408491516E-1,-2.023342438E0,7.165599060E-1,2.159949313E0
3.800285125E0,-1.142274628E0,-3.735032959E0,8.782536621E0,9.611878694E0
3.810224125E0,-2.279908905E0,-5.574258270E0,5.234015808E0,7.979051407E0
3.820163125E0,-2.017953644E0,-5.682932281E0,1.066681824E0,6.124186994E0
3.830103125E0,-2.874472504E0,-7.284751282E0,3.492088165E0,8.574664609E0
3.840042125E0,-4.059558105E0,-9.899513855E0,1.385369110E0,1.078886621E1
3.849981125E0,-7.297474823E0,-1.422985886E1,-2.127076721E-1,1.599335069E1
3.859921125E0,-1.341330688E1,-2.762505341E1,6.651867371E0,3.142145313E1
3.869860125E0,-1.937376205E1,-3.967245071E1,7.907456360E0,4.485280223E1
3.879800125E0,-2.262080978E1,-4.298625961E1,1.715881805E0,4.860518286E1
3.889739125E0,-2.542687454E1,-5.123201248E1,2.830464020E0,5.726479353E1
3.899678125E0,-1.954380844E1,-4.796565491E1,3.883673859E0,5.193984426E1
3.909618125E0,-1.021116577E1,-3.383938065E1,3.438798981E0,3.551333450E1
3.919557125E0,-9.664801941E0,-2.545022598E1,3.419040070E0,2.743742397E1
3.929496125E0,-1.053853500E1,-2.214884125E1,3.347339172E0,2.475553611E1
3.939436125E0,-1.079839462E1,-2.071063202E1,2.878214722E0,2.353337471E1
3.949375125E0,-1.037088364E1,-2.112197662E1,2.680775299E0,2.368289847E1
3.959315125E0,-9.528285828E0,-2.173061096E1,2.334844666E0,2.384238208E1
3.969254125E0,-8.738528137E0,-2.063563797E1,2.241887970E0,2.252148952E1
3.979193125E0,-8.262967072E0,-1.814616486E1,2.323019257E0,2.007377250E1
3.989133125E0,-7.688910828E0,-1.530013321E1,2.500550079E0,1.730509106E1
3.999072125E0,-6.866071930E0,-1.221579712E1,2.712808685E0,1.427333086E1
4.009011125E0,-5.691314850E0,-9.212292938E0,2.675685883E0,1.115422345E1
4.018951125E0,-4.184997253E0,-6.718778229E0,2.236499176E0,8.225455092E0
4.028890125E0,-2.379302216E0,-4.954397278E0,1.400637360E0,5.671764843E0
4.038830125E0,-8.032296753E-1,-3.427422638E0,4.388873291E-1,3.547538011E0
4.048769125E0,8.262817383E-2,-2.139500885E0,-3.182382202E-1,2.164617060E0
4.058708125E0,4.433779907E-1,-1.241667938E0,-9.627978516E-1,1.632575577E0
4.068648125E0,5.797444153E-1,-7.295828247E-1,-1.464853821E0,1.736142679E0
4.078587125E0,8.038284302E-1,-2.881507874E-1,-1.507066040E0,1.732171779E0
4.088526125E0,1.130748596E0,2.682421875E-1,-1.215472412E0,1.681641889E0
4.098466125E0,1.294058990E0,6.929090881E-1,-6.911128235E-1,1.622451420E0
4.108405125E0,1.214125214E0,1.122366028E0,-3.294648743E-1,1.685927827E0
4.118344125E0,1.113085327E0,1.537752228E0,1.233435059E-1,1.902328699E0
4.128284125E0,1.022074585E0,2.279160461E0,1.389560394E0,2.858336396E0
4.138223125E0,1.035396881E0,3.133284302E0,3.017724609E0,4.471708738E0
4.148163125E0,1.539698181E0,3.608995056E0,3.563789062E0,5.300576222E0
4.158102125E0,2.465672607E0,4.030668182E0,3.684737549E0,5.991921078E0
4.168041125E0,3.297343140E0,3.634741516E0,3.221600647E0,5.870479401E0
4.177981125E0,3.020568695E0,2.124232635E0,1.873354340E0,4.140731338E0
4.187920125E0,1.879790955E0,8.851094055E-1,8.165519714E-1,2.232440327E0
4.197859125E0,1.064137115E0,2.273771667E-1,2.529739380E-2,1.088452174E0
4.207799125E0,5.670208740E-1,-1.562750244E-1,-5.900729370E-1,8.331390195E-1
4.217738125E0,3.460803223E-1,-3.131488037E-1,-9.827064514E-1,1.087908881E0
4.227677125E0,2.737806702E-1,-4.818479919E-1,-1.200204163E0,1.321977070E0
4.237617125E0,2.061213684E-1,-6.042933655E-1,-1.215771790E0,1.373228872E0
4.247556125E0,7.020401001E-2,-6.188131714E-1,-1.015338593E0,1.191121657E0
4.257496125E0,-2.664459229E-2,-5.810916138E-1,-8.719367981E-1,1.048165625E0
4.267435125E0,-1.032852173E-1,-5.162763977E-1,-7.884104919E-1,9.480507680E-1
4.277374125E0,-1.811233521E-1,-4.567002869E-1,-7.294331360E-1,8.794620632E-1
4.287314125E0,-2.348616028E-1,-4.590953064E-1,-6.108796692E-1,7.994388301E-1
4.297253125E0,-2.200424194E-1,-5.165757751E-1,-4.334985352E-1,7.093589908E-1
4.307192125E0,-1.405577087E-1,-6.237528992E-1,-1.648072815E-1,6.602920481E-1
4.317132125E0,-2.287243652E-1,-1.382974091E0,3.773802338E0,4.025731766E0
4.327071125E0,-2.013313293E0,-4.291575623E0,1.696392334E1,1.761379422E1
4.337011125E0,-3.033741302E0,-7.591613159E0,1.236219269E1,1.482093063E1
4.346950417E0,-8.012837219E-1,-3.949536896E0,-2.934946747E0,4.985459828E0
4.356889417E0,-1.122815094E0,-4.221072235E0,-8.345146179E-1,4.446861724E0
4.366829417E0,-3.568429413E0,-8.767567749E0,6.724017334E-1,9.489786973E0
4.376768417E0,-6.383325806E0,-1.321137680E1,-3.059338074E0,1.498822454E1
4.386707417E0,-1.377315857E1,-2.245315842E1,-3.311862946E0,2.654830797E1
4.396647417E0,-2.225062958E1,-3.703224106E1,-3.319497070E0,4.333008718E1
4.406586417E0,-2.896925812E1,-5.681689865E1,-1.370400238E0,6.379071943E1
4.416525417E0,-2.705698471E1,-5.317122986E1,2.483335876E-1,5.966005176E1
4.426465417E0,-1.692186081E1,-4.962690033E1,4.334087219E0,5.261143337E1
4.436404417E0,-1.273925858E1,-3.593143021E1,1.000205063E1,3.941316281E1
4.446344417E0,-1.399125504E1,-2.455853027E1,8.689280548E0,2.956992092E1
4.456283417E0,-1.379022308E1,-1.895598083E1,6.382577362E0,2.429478866E1
4.466222417E0,-1.269794449E1,-1.697410217E1,4.218228149E0,2.161368519E1
4.476162417E0,-1.164997375E1,-1.732617004E1,2.801873474E0,2.106581477E1
4.486101417E0,-1.109298203E1,-1.859777573E1,1.746717682E0,2.172515903E1
4.496040417E0,-1.041728714E1,-1.869462433E1,3.603007507E-1,2.140417405E1
4.505980417E0,-9.603429565E0,-1.691826828E1,-7.080276489E-1,1.946676563E1
4.515919417E0,-8.608149261E0,-1.446995956E1,-1.095871124E0,1.687248935E1
4.525859417E0,-7.215894470E0,-1.202928497E1,-9.421408081E-1,1.405917705E1
4.535798417E0,-5.365592194E0,-9.758507080E0,-8.934919739E-1,1.117212459E1
4.545737417E0,-3.866759033E0,-7.734715576E0,-8.649014282E-1,8.690552626E0
4.555677417E0,-2.824326782E0,-5.993835754E0,-6.798861694E-1,6.660715729E0
4.565616417E0,-2.019600220E0,-4.512665863E0,-3.171903992E-1,4.954144526E0
4.575555417E0,-1.412462769E0,-3.268303528E0,-8.128097534E-2,3.561385351E0
4.585495417E0,-6.228547668E-1,-1.730850677E0,6.363267517E-1,1.946459315E0
4.595434417E0,1.073268127E-1,6.724017334E-1,2.609673157E0,2.697042291E0
4.605373417E0,1.064436493E0,3.296295319E0,5.065765686E0,6.136820827E0
4.615313417E0,2.296524353E0,5.113666077E0,6.513405304E0,8.593489018E0
4.625252417E0,3.743116150E0,5.704188080E0,7.083719330E0,9.835027184E0
4.635192417E0,4.970713348E0,5.072052612E0,6.577172699E0,9.679509781E0
4.645131417E0,5.008135529E0,3.431015167E0,3.730242920E0,7.125166580E0
4.655070417E0,3.811823273E0,1.640887756E0,8.277786255E-2,4.150826600E0
4.665010417E0,3.152145081E0,8.878038025E-1,-1.304986267E0,3.525223873E0
4.674949417E0,2.301763458E0,4.718188477E-1,-1.317859497E0,2.693971362E0
4.684888417E0,1.034947815E0,-4.640350342E-3,-8.809181213E-1,1.359100897E0
4.694828417E0,3.462300110E-1,-2.317181396E-1,-6.554869080E-1,7.766798589E-1
4.704767417E0,-3.876937866E-2,-3.634442139E-1,-7.051835632E-1,7.942786785E-1
4.714707417E0,-2.453398132E-1,-4.980143738E-1,-8.710386658E-1,1.032917372E0
4.724646417E0,-3.676354980E-1,-6.243516541E-1,-1.120719452E0,1.334534727E0
4.734585417E0,-3.625460815E-1,-6.596781921E-1,-1.405277710E0,1.594183308E0
4.744525417E0,-2.860551453E-1,-5.712121582E-1,-1.618733826E0,1.740232764E0
4.754464417E0,-2.577639771E-1,-4.076023865E-1,-1.693129120E0,1.760473854E0
4.764403417E0,-3.131488037E-1,-2.615061951E-1,-1.632056122E0,1.682276686E0
4.774343417E0,-4.050576782E-1,-1.481918335E-1,-1.516047363E0,1.576208156E0
4.784282417E0,-5.002597046E-1,3.547622681E-2,-1.343156891E0,1.433732460E0
4.794221417E0,-6.173162842E-1,2.429447937E-1,-9.797126770E-1,1.183189967E0
4.804161417E0,-8.208929443E-1,2.270777893E-1,-6.242019653E-1,1.055962898E0
4.814100417E0,-1.232387238E0,5.583389282E-2,5.074447632E-2,1.234694589E0
4.824040417E0,-2.365530853E0,-2.086660767E-1,3.099454651E0,3.904599452E0
4.833979417E0,-3.481909332E0,-1.107846222E0,7.157665558E0,8.036366846E0
4.843918417E0,-3.314407654E0,-3.359014893E0,1.210293182E1,1.299035172E1
4.853858417E0,-2.183509369E0,-7.586074677E0,1.457414291E1,1.657473631E1
4.863797417E0,-2.443668365E0,-5.877677307E0,1.416953430E0,6.521224013E0
4.873736417E0,-2.859803009E0,-3.995790710E0,-2.971321106E0,5.742261381E0
4.883676417E0,-5.098547516E0,-7.021448822E0,-2.828069000E0,9.126549436E0
4.893615417E0,-6.915618896E0,-1.057550812E1,-3.461851044E0,1.310158652E1
4.903554417E0,-1.021191422E1,-1.587733292E1,-2.756966858E0,1.907809631E1
4.913494417E0,-1.449959793E1,-2.876478333E1,7.738308105E0,3.312902824E1
4.923433417E0,-2.077889008E1,-3.933116043E1,6.295009460E0,4.492582328E1
4.933373417E0,-2.493963776E1,-4.089136597E1,-3.655398560E0,4.803593739E1
4.943312417E0,-2.149964127E1,-4.051654541E1,-4.499044189E0,4.608759513E1
4.953251417E0,-1.091530151E1,-4.100228531E1,1.663640442E0,4.246291214E1
4.963191417E0,-3.477418671E0,-3.335663452E1,4.231700134E0,3.380332518E1
4.973130417E0,-5.390590210E0,-2.647783905E1,3.533701630E0,2.725108201E1
4.983069417E0,-9.073082428E0,-2.311283661E1,4.812492371E0,2.529197746E1
4.993009417E0,-1.085916824E1,-2.098037109E1,5.424419861E0,2.423884975E1
5.002948417E0,-1.179008240E1,-1.992820908E1,5.165009308E0,2.372376195E1
5.012888417E0,-1.258403137E1,-1.898951111E1,4.818479919E0,2.328469726E1
5.022827417E0,-1.246892075E1,-1.735146744E1,3.707041168E0,2.168616059E1
5.032766417E0,-1.168889282E1,-1.510673538E1,2.763553162E0,1.929976413E1
5.042706417E0,-1.078731766E1,-1.248074615E1,2.664758606E0,1.671036161E1
5.052645417E0,-9.615404663E0,-9.918674011E0,2.926115112E0,1.412084454E1
5.062584417E0,-7.874973907E0,-8.104147339E0,2.702480164E0,1.161877004E1
5.072524417E0,-5.838458862E0,-6.861730957E0,2.035616913E0,9.236595143E0
5.082463417E0,-4.230802002E0,-5.914051666E0,1.537452850E0,7.432324936E0
5.092402417E0,-2.659968567E0,-5.097499695E0,5.355862427E-1,5.774667829E0
5.102342417E0,-1.246308289E0,-4.237837372E0,-6.565347290E-1,4.465824425E0
5.112281417E0,-2.805166626E-1,-3.321892090E0,-1.032403107E0,3.489915877E0
5.122221417E0,3.971241760E-1,-2.239343262E0,-8.354127502E-1,2.422866137E0
5.132160417E0,9.232800293E-1,-7.967930603E-1,-2.426454163E-1,1.243463707E0
5.142099417E0,1.362616425E0,7.719447327E-1,8.836125183E-1,1.798163862E0
5.152039417E0,1.741777954E0,1.963616638E0,2.003284149E0,3.301927941E0
5.161978417E0,2.305954742E0,2.908302155E0,2.801873474E0,4.650391775E0
5.171917417E0,2.944526825E0,3.556005249E0,3.317850494E0,5.685379799E0
5.181857417E0,3.722010040E0,3.701502686E0,3.724255371E0,6.436191338E0
5.191796417E0,4.424349518E0,3.283122711E0,3.264112244E0,6.403763903E0
5.201735417E0,4.366569672E0,2.271975403E0,1.790127411E0,5.237686424E0
5.211675417E0,3.251089325E0,1.105451202E0,8.373587036E-1,3.534511813E0
5.221614417E0,2.067201233E0,2.616558838E-1,4.132905579E-1,2.124286662E0
5.231554417E0,1.563648376E0,-1.778302002E-1,1.338217163E-1,1.579407508E0
5.241493417E0,1.207538910E0,-5.041516113E-1,-1.347198486E-1,1.315472730E0
5.251432417E0,9.987231445E-1,-7.776329041E-1,-3.848497009E-1,1.322977757E0
5.261372417E0,8.637039185E-1,-9.804611206E-1,-6.042933655E-1,1.439603744E0
5.271311417E0,6.613247681E-1,-1.096469879E0,-9.478289795E-1,1.593102765E0
5.281250417E0,4.114942932E-1,-1.123862915E0,-1.367256775E0,1.817081862E0
5.291190417E0,1.046324158E-1,-1.117126923E0,-1.636397095E0,1.984115913E0
5.301129417E0,-2.106120300E-1,-1.047671356E0,-1.796114960E0,2.089976470E0
5.311068417E0,-4.459226990E-1,-9.331594849E-1,-1.772015076E0,2.051748305E0
5.321008417E0,-5.792953491E-1,-8.077203369E-1,-1.491049347E0,1.791988672E0
5.330947417E0,-5.222639465E-1,-7.116201782E-1,-1.127305756E0,1.431775532E0
5.340887417E0,-3.273692322E-1,-8.117619324E-1,-7.788304138E-1,1.171624881E0
5.350826250E0,3.787124634E-2,-1.136736145E0,2.399510193E-1,1.162402592E0
5.360765250E0,7.426057434E-1,-1.775757294E0,6.792724457E0,7.060161670E0
5.370705250E0,-4.032614136E-1,-3.156785431E0,2.271256897E1,2.293444360E1
5.380644250E0,-2.889291687E0,-5.679639130E0,1.384605698E1,1.524203401E1
5.390583250E0,-2.753823395E0,-4.297413483E0,-5.893095245E0,7.796145041E0
5.400523250E0,-4.020339661E0,-5.052144012E0,-2.633323975E0,6.972925158E0
5.410462250E0,-7.551047516E0,-7.966433716E0,3.779640198E-1,1.098295231E1
5.420402250E0,-8.902287598E0,-1.099403778E1,-1.574276276E0,1.423369021E1
5.430341250E0,-1.260723312E1,-1.791983551E1,2.701432343E0,2.207624444E1
5.440280250E0,-1.778930695E1,-2.990346542E1,1.012150223E1,3.623701827E1
5.450220250E0,-2.277663574E1,-3.819786713E1,1.999691620E0,4.451798463E1
5.460159250E0,-2.610122223E1,-4.092504593E1,-5.619613953E0,4.886423280E1
5.470098250E0,-2.571517502E1,-4.826413422E1,-3.046464844E0,5.477205333E1
5.480038250E0,-1.433658691E1,-4.803840363E1,3.878285065E0,5.028187588E1
5.489977250E0,-4.915777588E0,-3.631568115E1,3.771856384E0,3.684047322E1
5.499916250E0,-4.396806793E0,-2.829416199E1,6.729555817E0,2.941391565E1
5.509856250E0,-7.729476471E0,-2.336326584E1,1.179113022E1,2.728768493E1
5.519795250E0,-1.020487885E1,-2.047068100E1,1.204859482E1,2.585260083E1
5.529735250E0,-1.143397293E1,-1.971385483E1,8.670868835E0,2.438351442E1
5.539674250E0,-1.208706482E1,-1.920027283E1,5.053191833E0,2.324397471E1
5.549613250E0,-1.194755493E1,-1.788136551E1,2.774031372E0,2.168369321E1
5.559553250E0,-1.133981873E1,-1.524654465E1,1.612596588E0,1.906958521E1
5.569492250E0,-1.032448013E1,-1.239347763E1,1.134939880E0,1.617038238E1
5.579431250E0,-8.823251953E0,-9.977202301E0,8.982820129E-1,1.334920415E1
5.589371250E0,-6.856940918E0,-8.192912750E0,3.556604004E-1,1.068961891E1
5.599310250E0,-4.791535950E0,-6.919061737E0,-4.183799744E-1,8.426581388E0
5.609249250E0,-3.056643677E0,-5.534441071E0,-1.353635101E0,6.465712375E0
5.619189250E0,-1.488205261E0,-4.057312775E0,-2.183060303E0,4.841724294E0
5.629128250E0,-5.185217285E-1,-2.651735687E0,-2.505340118E0,3.684738260E0
5.639068250E0,1.721420288E-2,-1.346300354E0,-2.356250153E0,2.713804664E0
5.649007250E0,4.733157349E-1,-2.653981018E-1,-1.928739166E0,2.003621399E0
5.658946250E0,8.457412720E-1,6.372248840E-1,-1.294807434E0,1.672680526E0
5.668886250E0,1.103954315E0,2.037263489E0,3.659889221E-1,2.345869891E0
5.678825250E0,1.260977783E0,3.812871094E0,2.654579773E0,4.814025833E0
5.688764250E0,1.703307953E0,4.735552368E0,3.982169037E0,6.417506093E0
5.698704250E0,3.028951263E0,4.937632141E0,4.596940613E0,7.395040224E0
5.708643250E0,4.238735504E0,4.431235199E0,4.530478821E0,7.624169621E0
5.718582250E0,4.794080658E0,3.398981781E0,4.005969543E0,7.112248483E0
5.728522250E0,4.557123413E0,2.262694702E0,3.050805817E0,5.932501770E0
5.738461250E0,3.356619873E0,1.249900818E0,2.100581818E0,4.152299724E0
5.748401250E0,2.221979370E0,5.930667114E-1,1.407972107E0,2.696535907E0
5.758340250E0,1.748513947E0,2.920426941E-1,8.574169922E-1,1.969201324E0
5.768279250E0,1.331780548E0,2.092648315E-1,5.794450378E-1,1.467374441E0
5.778219250E0,1.233135681E0,-5.239105225E-2,5.891748047E-1,1.367660550E0
5.788158250E0,1.530417480E0,-5.662724304E-1,2.427951050E-1,1.649785317E0
5.798097250E0,1.480720825E0,-7.860154724E-1,-4.526586914E-1,1.736448783E0
5.808037250E0,9.276210022E-1,-7.352709961E-1,-8.547225952E-1,1.460018793E0
5.817976250E0,6.176156616E-1,-8.443940735E-1,-8.873547363E-1,1.371804973E0
5.827915250E0,3.460803223E-1,-9.804611206E-1,-8.695417786E-1,1.355425580E0
5.837855250E0,1.657054138E-1,-1.037791901E0,-8.297245789E-1,1.338997084E0
5.847794250E0,4.640350342E-2,-1.044976959E0,-8.030799866E-1,1.318737121E0
5.857734250E0,-9.999206543E-2,-1.120569763E0,-7.702981567E-1,1.363464065E0
5.867673250E0,-2.288740540E-1,-1.295705566E0,-4.906796265E-1,1.404280151E0
5.877612250E0,-6.102809143E-1,-1.324745178E0,1.426982574E0,2.040507743E0
5.887552250E0,-1.622326355E0,-1.194216614E0,3.425476685E0,3.973913265E0
5.897491250E0,-2.365979919E0,-1.243314514E0,3.598516846E0,4.482523335E0
5.907430250E0,-2.870580597E0,-1.573378143E0,4.336781616E0,5.433546405E0
5.917370250E0,-6.111191711E0,-3.523522797E0,1.203512283E1,1.395012755E1
5.927309250E0,-4.286635895E0,-5.171445923E0,4.766837311E0,8.236615699E0
5.937248250E0,-1.696871338E0,-4.142186279E0,-2.795586548E0,5.277535756E0
5.947188250E0,-4.119732971E0,-6.250402222E0,-2.798580322E0,7.991982201E0
5.957127250E0,-7.110812988E0,-9.922266541E0,-3.624712372E0,1.273395361E1
5.967067250E0,-1.091185867E1,-1.542946426E1,-3.633394318E0,1.924418305E1
5.977006250E0,-1.742646149E1,-3.137161240E1,5.406606903E0,3.629174868E1
5.986945250E0,-2.603266479E1,-4.547438553E1,6.425238647E0,5.279112678E1
5.996885250E0,-3.104723694E1,-4.434498413E1,-4.579576721E0,5.432661467E1
6.006824250E0,-3.173475723E1,-4.926749771E1,-2.407743073E0,5.865303380E1
6.016763250E0,-2.215931946E1,-4.607703232E1,8.102051697E0,5.176651029E1
6.026703250E0,-1.441547287E1,-3.150812851E1,9.509574738E0,3.593048889E1
6.036642250E0,-1.319027069E1,-2.155173294E1,7.367828522E0,2.632005568E1
6.046581250E0,-1.233539841E1,-1.607552078E1,9.272168427E0,2.228357085E1
6.056521250E0,-1.112381790E1,-1.510314285E1,8.794062653E0,2.071665481E1
6.066460250E0,-9.062304840E0,-1.715926712E1,6.417604523E0,2.043896927E1
6.076400250E0,-7.522456970E0,-1.932451447E1,4.542004852E0,2.122861339E1
6.086339250E0,-6.969955902E0,-1.918904617E1,2.851570129E0,2.061386016E1
6.096278250E0,-6.417604523E0,-1.694700851E1,1.627864838E0,1.819441368E1
6.106218250E0,-6.194418640E0,-1.380055161E1,1.311572571E0,1.518375018E1
6.116157250E0,-5.992039490E0,-1.074480606E1,1.604064331E0,1.240678915E1
6.126096250E0,-5.199737091E0,-8.217611389E0,1.372944946E0,9.820966377E0
6.136036250E0,-3.877237244E0,-6.192322998E0,8.580157471E-1,7.356223473E0
6.145975250E0,-2.642754364E0,-4.413721619E0,1.154100037E-1,5.145717503E0
6.155914250E0,-1.683099976E0,-3.118315430E0,-7.475454712E-1,3.621538468E0
6.165854250E0,-8.515791321E-1,-2.082170105E0,-1.184486847E0,2.542366703E0
6.175793250E0,-6.945556641E-2,-1.191372528E0,-1.114282837E0,1.632733541E0
6.185733250E0,6.951544189E-1,-2.835104370E-1,-7.003935242E-1,1.026727287E0
6.195672250E0,1.511407013E0,7.131170654E-1,1.264869690E-1,1.675973168E0
6.205611250E0,2.253563690E0,1.704056396E0,1.316063232E0,3.116790006E0
6.215551250E0,2.834954681E0,2.548300781E0,2.444566498E0,4.528433535E0
6.225490250E0,3.140469360E0,3.137475586E0,2.951861572E0,5.331021253E0
6.235429250E0,3.074456635E0,3.256029053E0,2.519560547E0,5.138306544E0
6.245369250E0,2.772833862E0,2.802472229E0,1.334624634E0,4.162172646E0
6.255308250E0,2.495011597E0,2.032024384E0,7.379653931E-2,3.218641312E0
6.265247250E0,2.208357697E0,1.478774872E0,-6.574328613E-1,2.737852590E0
6.275187250E0,1.608854370E0,1.135089569E0,-8.672964478E-1,2.151521286E0
6.285126250E0,8.128097534E-1,6.671626282E-1,-7.921527100E-1,1.316537726E0
6.295066250E0,3.456312561E-1,3.638932800E-1,-7.590715027E-1,9.099828738E-1
6.305005250E0,1.444496155E-1,2.118095398E-1,-7.985893250E-1,8.387334991E-1
6.314944250E0,7.544311523E-2,1.826202393E-1,-8.141569519E-1,8.377907601E-1
6.324884250E0,-6.376739502E-2,2.460882568E-1,-5.538482666E-2,2.601791495E-1
6.334823250E0,-5.032534790E-1,4.855902100E-1,1.838027802E0,1.966572682E0
6.344762250E0,-1.109792175E0,4.297563171E-1,1.963167572E0,2.295725611E0
6.354702500E0,-1.263223114E0,8.756790161E-2,1.598825226E0,2.039520256E0
6.364641500E0,-1.207688599E0,-1.588197327E-1,1.219663696E0,1.723750269E0
6.374580500E0,-1.052461395E0,-3.246748352E-1,8.214916992E-1,1.374022325E0
6.384520500E0,-8.864566040E-1,-4.716691589E-1,5.843847656E-1,1.161801472E0
6.394459500E0,-7.349716187E-1,-8.129594421E-1,7.855664063E-1,1.348406806E0
6.404398500E0,-4.929249573E-1,-1.551972656E0,2.058369598E0,2.624591310E0
6.414338500E0,-1.667532349E-1,-2.642604675E0,6.312523041E0,6.845371666E0
6.424277500E0,-5.807922363E-1,-4.259392548E0,1.113414642E1,1.193519841E1
6.434217500E0,-2.416874084E0,-5.725294189E0,6.142177277E0,8.737655040E0
6.444156500E0,-1.629960480E0,-3.129093018E0,-2.241289215E0,4.179876987E0
6.454095500E0,-1.564247131E0,-3.565884705E0,-2.659220123E0,4.715278834E0
6.464035500E0,-3.321892090E0,-6.374045105E0,-2.913541260E0,7.755781117E0
6.473974500E0,-5.991590424E0,-1.029439270E1,-2.778671722E0,1.223089095E1
6.483913500E0,-1.063433578E1,-1.619587051E1,-2.507286072E0,1.953667840E1
6.493853500E0,-1.612207397E1,-2.472049347E1,-2.720442810E0,2.963823334E1
6.503792500E0,-2.333632187E1,-4.647580307E1,2.051034851E0,5.204604628E1
6.513731500E0,-2.858575562E1,-5.529052277E1,2.282752991E0,6.228481591E1
6.523671500E0,-2.749392609E1,-5.299100464E1,2.337688751E0,5.974468456E1
6.533610500E0,-1.920596100E1,-4.559219055E1,9.185199280E0,5.031783643E1
6.543550500E0,-1.426458664E1,-2.984388931E1,9.662107544E0,3.446001282E1
6.553489500E0,-1.344459183E1,-2.125205612E1,6.167774048E0,2.589301789E1
6.563428500E0,-1.203392532E1,-1.692096268E1,5.273833008E0,2.142306353E1
6.573368500E0,-1.080528030E1,-1.649375107E1,2.975811768E0,1.994124776E1
6.583307500E0,-1.006417145E1,-1.707229797E1,1.359472961E0,1.986451791E1
6.593246500E0,-9.724527740E0,-1.705732910E1,3.118016052E-1,1.963711120E1
6.603186500E0,-9.170978851E0,-1.586371124E1,-3.504212952E-1,1.832721972E1
6.613125500E0,-8.142767029E0,-1.370265518E1,-6.463558960E-1,1.595259195E1
6.623064500E0,-6.601871338E0,-1.142948227E1,-4.840933228E-1,1.320803227E1
6.633004500E0,-4.865482178E0,-9.274264069E0,-1.579216003E-1,1.047424604E1
6.642943500E0,-3.351380768E0,-7.456444244E0,-7.229965210E-2,8.175300671E0
6.652883500E0,-2.176923065E0,-5.804629211E0,-4.086502075E-2,6.199547102E0
6.662822500E0,-1.323248291E0,-4.004622345E0,-4.775070190E-2,4.217850910E0
6.672761500E0,-5.204676819E-1,-2.277813263E0,1.113684082E-1,2.339171390E0
6.682701500E0,4.056564331E-1,-4.724176025E-1,8.568182373E-1,1.059185076E0
6.692640500E0,1.094523926E0,1.430425415E0,2.081571350E0,2.752642145E0
6.702579500E0,1.479074249E0,3.201841736E0,3.512296143E0,4.977516984E0
6.712519500E0,1.973795471E0,4.509821777E0,4.618495789E0,6.750175137E0
6.722458500E0,2.454296265E0,5.037025452E0,4.953648834E0,7.478892453E0
6.732397500E0,2.955903168E0,4.857398987E0,4.469256134E0,7.232284483E0
6.742337500E0,3.481460266E0,4.294120331E0,3.449576569E0,6.516104166E0
6.752276500E0,3.964954834E0,3.403921509E0,2.256557465E0,5.692064657E0
6.762216500E0,4.123175812E0,2.187850342E0,1.193617859E0,4.817882469E0
6.772155500E0,3.138373718E0,8.354127502E-1,5.162763977E-1,3.288441177E0
6.782094500E0,1.993853760E0,1.426533508E-1,-1.426533508E-1,2.004034125E0
6.792034500E0,1.844165039E0,-2.731819153E-1,-5.777984619E-1,1.951774606E0
6.801973500E0,1.838177490E0,-5.679190063E-1,-6.054908752E-1,2.016940178E0
6.811912500E0,1.628912659E0,-8.725355530E-1,-3.716770935E-1,1.884892199E0
6.821852500E0,1.437460785E0,-1.290167084E0,2.484832764E-2,1.931694088E0
6.831791500E0,1.074765015E0,-1.703307953E0,2.866539001E-1,2.034342222E0
6.841730500E0,3.784130859E-1,-1.887874146E0,1.155596924E-1,1.928890690E0
6.851670500E0,-3.103047180E-1,-2.116748199E0,-1.613644409E-1,2.145448774E0
6.861609500E0,-7.620652771E-1,-2.470163269E0,-3.345542908E-1,2.606602508E0
6.871548500E0,-8.646020508E-1,-2.537972260E0,-4.700225830E-1,2.722087641E0
6.881488500E0,-7.731422424E-1,-2.333647156E0,-5.360353088E-1,2.516146225E0
6.891427500E0,-9.410929871E-1,-2.104174347E0,-5.728587341E-1,2.375157431E0
6.901367500E0,-1.290167084E0,-1.827848969E0,-7.677534485E-1,2.365376992E0
6.911306500E0,-1.470841370E0,-1.672322388E0,-9.322613525E-1,2.414362800E0
6.921245500E0,-1.473984833E0,-1.770817566E0,-7.547305298E-1,2.424467841E0
6.931185500E0,-1.771116943E0,-2.050136719E0,-3.227288818E-1,2.728382254E0
6.941124500E0,-2.817441101E0,-2.894979858E0,1.200054474E0,4.214144454E0
6.951063500E0,-4.080364838E0,-4.094435577E0,2.155667267E0,6.169333941E0
6.961003500E0,-5.806575165E0,-5.913602600E0,2.706072693E0,8.718362247E0
6.970942500E0,-7.843090210E0,-8.479117584E0,2.873574371E0,1.190239172E1
6.980881500E0,-9.368268585E0,-1.130179779E1,1.107247467E0,1.472144988E1
6.990821500E0,-1.190100174E1,-1.535342239E1,-6.755451965E-1,1.943753541E1
7.000760500E0,-1.665287018E1,-2.338871292E1,-6.018983459E-1,2.871780387E1
7.010700500E0,-2.355831024E1,-3.689168335E1,7.702981567E-1,4.377880356E1
7.020639500E0,-3.082644608E1,-4.849525360E1,5.029541016E-2,5.746357045E1
7.030578500E0,-3.381962173E1,-5.319697632E1,-1.523082733E0,6.305556982E1
7.040518500E0,-2.364527939E1,-5.246889038E1,2.768193512E0,5.761724213E1
7.050457500E0,-1.008946884E1,-4.103626465E1,9.358838196E0,4.328233185E1
7.060396500E0,-8.920998688E0,-2.763672913E1,1.138517441E1,3.119287115E1
7.070336500E0,-1.014964371E1,-2.034120026E1,1.082114731E1,2.517691253E1
7.080275500E0,-1.036459671E1,-1.666993469E1,9.019643555E0,2.160244332E1
7.090214500E0,-1.035621414E1,-1.534414169E1,6.778803406E0,1.971410742E1
7.100154500E0,-1.045126648E1,-1.455543182E1,5.164260864E0,1.864830172E1
7.110093500E0,-1.017060013E1,-1.356628876E1,3.163072357E0,1.724790783E1
7.120032500E0,-9.106612701E0,-1.226594284E1,9.018745422E-1,1.530350046E1
7.129972500E0,-7.448660431E0,-1.084913910E1,-7.503895569E-1,1.318140531E1
7.139911500E0,-5.498665466E0,-9.306746521E0,-1.872905273E0,1.097080794E1
7.149851500E0,-3.375630341E0,-7.430847473E0,-3.112627258E0,8.735034219E0
7.159790500E0,-1.564247131E0,-5.331014099E0,-3.758683777E0,6.707777884E0
7.169729500E0,-4.357438660E-1,-3.462599487E0,-3.297193451E0,4.801140758E0
7.179669500E0,2.499801636E-1,-1.967209167E0,-2.168390808E0,2.938421462E0
7.189608500E0,3.752696228E-1,-8.015830994E-1,-1.300345917E0,1.572978785E0
7.199547500E0,1.200503540E-1,3.779640198E-1,-7.216493225E-1,8.234358703E-1
7.209487500E0,3.435356140E-1,1.961221619E0,4.828958130E-1,2.048803388E0
7.219426500E0,1.110989685E0,4.098327484E0,2.829416199E0,5.102566244E0
7.229365500E0,1.874402161E0,6.253845062E0,5.413342896E0,8.481051988E0
7.239305500E0,2.271676025E0,6.659651184E0,5.254672852E0,8.781973163E0
7.249244500E0,2.154020691E0,4.960684204E0,2.161505127E0,5.824113437E0
7.259184500E0,1.787133636E0,3.226690063E0,-2.673440552E-1,3.698222309E0
7.269123500E0,1.453327789E0,2.542313232E0,-7.354206848E-1,3.019331353E0
7.279062500E0,1.177601166E0,2.307900696E0,-8.479866028E-1,2.726211915E0
7.289002500E0,5.908213806E-1,1.921554108E0,-1.131347351E0,2.306813153E0
7.298941500E0,-2.409988403E-2,1.536554718E0,-1.231938171E0,1.969581901E0
7.308880500E0,-3.055146790E-1,1.305734711E0,-1.252146149E0,1.834707696E0
7.318820500E0,-4.791535950E-1,1.139879608E0,-1.327738953E0,1.814333050E0
7.328759500E0,-5.789959717E-1,9.877958679E-1,-1.438209229E0,1.838320646E0
7.338698500E0,-6.137237549E-1,7.815248108E-1,-1.585053864E0,1.870784228E0
7.348638750E0,-6.613247681E-1,5.722599792E-1,-1.732197876E0,1.940448766E0
7.358577750E0,-7.746391296E-1,4.068539429E-1,-1.839075623E0,2.036613625E0
7.368516750E0,-8.246351624E-1,2.254312134E-1,-1.772164764E0,1.967589981E0
7.378456750E0,-6.792874146E-1,4.700225830E-2,-1.456321564E0,1.607642094E0
7.388395750E0,-5.075944519E-1,-6.945556641E-2,-1.046324158E0,1.165019505E0
7.398335750E0,-4.326004028E-1,-8.547225952E-2,-6.138734436E-1,7.558367684E-1
7.408274750E0,-6.804849243E-1,-4.745132446E-2,3.564088440E-1,7.696353841E-1
7.418213750E0,-1.096020813E0,-1.270857239E-1,1.070274353E0,1.537172597E0
7.428153750E0,-1.307680664E0,-4.456233215E-1,1.419797516E0,1.981018387E0
7.438092750E0,-4.138893127E-1,-2.579286346E0,2.048385361E1,2.064975257E1
7.448031750E0,5.566923523E-1,-6.674620056E0,2.420691147E1,2.511642933E1
7.457971750E0,8.924441528E-1,-8.862769775E0,1.102247864E1,1.417180934E1
7.467910750E0,-1.585053864E0,-6.830146637E0,-3.955823822E0,8.050580162E0
7.477849750E0,-2.679877167E0,-5.562582550E0,-7.217541046E0,9.498261157E0
7.487789750E0,-3.322490845E0,-8.265511780E0,-6.647077332E0,1.111491194E1
7.497728750E0,-5.296735382E0,-1.236862930E1,-6.529871063E0,1.495585546E1
7.507668750E0,-9.556427307E0,-1.817894669E1,-6.040388947E0,2.140760856E1
7.517607750E0,-1.683623886E1,-2.616888153E1,-5.085225220E0,3.152980836E1
7.527546750E0,-2.125355301E1,-4.147889420E1,9.708810425E-1,4.661710833E1
7.537486750E0,-2.352612717E1,-5.818894547E1,1.225785965E1,6.395066190E1
7.547425750E0,-2.024974045E1,-4.916091934E1,7.821535034E0,5.374034229E1
7.557364750E0,-1.401206177E1,-3.889601532E1,9.423803101E0,4.240337189E1
7.567304750E0,-1.441262878E1,-2.749287827E1,1.239632172E1,3.342530502E1
7.577243750E0,-1.497800308E1,-2.176129715E1,5.428760834E0,2.696972514E1
7.587182750E0,-1.447804276E1,-1.903112457E1,8.577163696E-1,2.392766395E1
7.597122750E0,-1.290451492E1,-1.857996277E1,6.044430542E-1,2.262977846E1
7.607061750E0,-1.123114471E1,-2.061318466E1,-7.565267944E-1,2.348647113E1
7.617000750E0,-1.042312500E1,-2.080987564E1,-1.380728760E0,2.331520686E1
7.626940750E0,-9.807904358E0,-1.817370758E1,-1.324445801E0,2.069378631E1
7.636879750E0,-8.943601685E0,-1.503952515E1,-1.418749695E0,1.755528919E1
7.646819750E0,-7.595654755E0,-1.229558121E1,-1.540746002E0,1.453441387E1
7.656758750E0,-5.951174469E0,-9.607171783E0,-1.270108795E0,1.137222070E1
7.666697750E0,-4.290078735E0,-6.833290100E0,-3.236270142E-1,8.074859974E0
7.676637750E0,-3.090024261E0,-4.825664978E0,5.840853882E-1,5.759900013E0
7.686576750E0,-2.264940033E0,-3.546574860E0,1.156045990E0,4.364010646E0
7.696515750E0,-1.511407013E0,-2.203417969E0,1.528770905E0,3.078399321E0
7.706455750E0,-6.490502930E-1,-7.448510742E-1,2.154320068E0,2.370055772E0
7.716394750E0,6.300398254E-1,8.173004150E-1,3.359463959E0,3.514388743E0
7.726333750E0,1.845961304E0,2.197879486E0,4.498744812E0,5.336380070E0
7.736273750E0,2.796784058E0,3.345842285E0,5.235213318E0,6.813524796E0
7.746212750E0,3.772155762E0,4.469106445E0,5.797593842E0,8.234935693E0
7.756152750E0,4.789290619E0,5.219795380E0,6.283782806E0,9.469397805E0
7.766091750E0,5.400619354E0,4.575385437E0,5.249134369E0,8.812165053E0
7.776030750E0,4.875361633E0,2.861150208E0,2.634820862E0,6.236795053E0
7.785970750E0,3.121608582E0,1.039288788E0,2.311193848E-1,3.298177905E0
7.795909750E0,1.566791840E0,3.323089600E-2,-8.834628296E-1,1.799012933E0
7.805848750E0,9.608518982E-1,-5.956114197E-1,-1.114432526E0,1.587434782E0
7.815788750E0,4.346960449E-1,-9.994715881E-1,-1.051862640E0,1.514701001E0
7.825727750E0,2.372566223E-1,-1.195114746E0,-1.034798126E0,1.598560954E0
7.835666750E0,2.568658447E-1,-1.420995026E0,-1.082249451E0,1.804569422E0
7.845606750E0,-1.466949463E-2,-1.685794373E0,-1.457968140E0,2.228853732E0
7.855545750E0,-5.081932068E-1,-1.714235229E0,-1.822460175E0,2.553081245E0
7.865484750E0,-7.274871826E-1,-1.311422882E0,-1.684896240E0,2.255646895E0
7.875424750E0,-6.198609924E-1,-1.099014587E0,-1.569186859E0,2.013556086E0
7.885363750E0,1.547781372E-1,-1.294508057E0,-1.266366577E0,1.817523504E0
7.895303750E0,8.740324402E-1,-1.339414673E0,-5.495072937E-1,1.691130580E0
7.905242750E0,6.424639893E-1,-1.073567505E0,1.916015625E-2,1.251269066E0
7.915181750E0,-2.110610962E-2,-9.141490173E-1,1.672023010E-1,9.295539270E-1
7.925121750E0,-6.394702148E-1,-6.330335999E-1,6.643185425E-1,1.118468963E0
7.935060750E0,-1.366957397E0,-3.553610229E-1,9.845027161E-1,1.721656058E0
7.944999750E0,-1.908381500E0,-1.884580994E-1,1.547781372E0,2.464358655E0
7.954939750E0,-3.353326721E0,1.490899658E-1,4.359085236E0,5.501695376E0
7.964878750E0,-7.230264587E0,1.125509491E0,1.308054886E1,1.498813718E1
7.974817750E0,-7.737709351E0,-3.278182983E-1,1.226070374E1,1.450187805E1
7.984757750E0,-4.747228088E0,-3.469485168E0,5.670208740E-1,5.907200228E0
7.994696750E0,-4.014651489E0,-5.099745026E0,-1.925146637E0,6.769860817E0
8.004635750E0,-5.990692291E0,-7.587721252E0,-2.868634644E0,1.008419420E1
8.014575750E0,-8.801696777E0,-1.146286285E1,-4.060007172E0,1.501168709E1
8.024514750E0,-1.379800690E1,-2.025542862E1,-7.917036438E-1,2.452130049E1
8.034454750E0,-2.239897110E1,-4.209231857E1,1.318637878E1,4.947077698E1
8.044393750E0,-3.079950211E1,-5.045557709E1,-1.931583252E0,5.914478509E1
8.054332750E0,-3.323942825E1,-4.778378311E1,-1.020218445E1,5.909512744E1
8.064272750E0,-2.211875381E1,-4.687666946E1,-5.535788269E0,5.212778877E1
8.074211750E0,-4.599635010E0,-4.451009079E1,4.959037628E0,4.502107149E1
8.084150750E0,-2.417173462E0,-3.176903595E1,8.904383240E0,3.308175348E1
8.094090750E0,-9.418863373E0,-2.191068649E1,1.006956024E1,2.588801293E1
8.104029750E0,-1.428524368E1,-1.649734360E1,1.178589111E1,2.480197093E1
8.113968750E0,-1.587853043E1,-1.434452042E1,9.873168640E0,2.356634154E1
8.123908750E0,-1.487337067E1,-1.442954361E1,4.755311279E0,2.126127628E1
8.133847750E0,-1.388811951E1,-1.358784393E1,1.911524963E0,1.952340375E1
8.143786750E0,-1.248239273E1,-1.233285370E1,6.062393188E-1,1.755781691E1
8.153726750E0,-1.038749908E1,-1.123937759E1,-3.677851868E-1,1.530878871E1
8.163665750E0,-8.590635681E0,-9.668843536E0,-5.049000549E-1,1.294374292E1
8.173605750E0,-6.870712280E0,-7.749085693E0,-5.234614563E-1,1.036962045E1
8.183544750E0,-4.580025787E0,-5.996530151E0,-4.797523499E-1,7.560765331E0
8.193483750E0,-2.499801636E0,-4.567152557E0,5.358856201E-2,5.206799635E0
8.203423750E0,-1.152453461E0,-3.241359558E0,4.203259277E-1,3.465722818E0
8.213362750E0,2.171983337E-1,-1.869761810E0,8.910969543E-1,2.082603689E0
8.223301750E0,1.533111877E0,-5.921685791E-1,1.747166748E0,2.398684494E0
8.233241750E0,2.746488647E0,8.599617004E-1,3.031346283E0,4.179927548E0
8.243180750E0,3.618724823E0,1.857936401E0,4.218976593E0,5.860619465E0
8.253119750E0,4.627177734E0,2.716401215E0,5.446573792E0,7.645572275E0
8.263059750E0,5.172044678E0,3.231180725E0,5.156926117E0,7.986517514E0
8.272998750E0,5.298681335E0,3.128194885E0,3.387306061E0,7.023921233E0
8.282938750E0,4.616998901E0,2.576741638E0,1.560654602E0,5.512886641E0
8.292877750E0,3.591481476E0,2.089055786E0,3.845503235E-1,4.172621744E0
8.302816750E0,2.533032532E0,1.967358856E0,-5.224136353E-2,3.207722531E0
8.312756750E0,1.490450592E0,1.788780212E0,-1.996847534E-1,2.336889303E0
8.322695750E0,5.023553467E-1,1.367107086E0,4.116439819E-2,1.457064579E0
8.332634750E0,2.186952209E-1,9.945318604E-1,1.802252197E-1,1.034119118E0
8.342574750E0,3.576063538E-1,7.029382324E-1,-6.077362061E-2,7.910106800E-1
8.352513667E0,3.992198181E-1,3.589535522E-1,-4.279600525E-1,6.865667647E-1
8.362452667E0,1.996847534E-1,-7.035369873E-3,-5.574407959E-1,5.921686737E-1
8.372392667E0,-6.706054688E-2,-2.947370911E-1,-6.619235229E-1,7.276742541E-1
8.382331667E0,-1.935475159E-1,-5.584886169E-1,-8.619076538E-1,1.045110032E0
8.392270667E0,-1.666035461E-1,-7.512876892E-1,-1.173559570E0,1.403364528E0
8.402210667E0,-1.944456482E-1,-8.592132568E-1,-1.407523041E0,1.660475125E0
8.412149667E0,-2.998265076E-1,-9.538165283E-1,-1.445543976E0,1.757628883E0
8.422089667E0,-4.005670166E-1,-1.071022797E0,-1.357377319E0,1.774828711E0
8.432028667E0,-3.924838257E-1,-1.306932220E0,-1.075812836E0,1.737667586E0
8.441967667E0,4.266128540E-2,-1.452130280E0,-6.023474121E-1,1.572680749E0
8.451907667E0,3.143463135E-1,-1.367705841E0,-1.422042847E-1,1.410551286E0
8.461846667E0,1.631607056E-1,-1.539997559E0,1.581311646E0,2.213314351E0
8.471785667E0,-2.087259521E0,-2.736010437E0,1.537842041E1,1.575875058E1
8.481725667E0,-4.914131012E0,-4.609514465E0,1.938708435E1,2.052450601E1
8.491664667E0,-3.296894073E0,-5.099295959E0,2.709365845E-1,6.078300457E0
8.501603667E0,-3.231629791E0,-5.081782379E0,-1.624122620E0,6.237444793E0
8.511543667E0,-7.213499451E0,-8.348289642E0,2.408341827E0,1.129285724E1
8.521482667E0,-8.180638275E0,-1.224603424E1,-2.163600769E0,1.488520626E1
8.531421667E0,-1.394080994E1,-2.055390793E1,-4.107608185E0,2.517303632E1
8.541361667E0,-2.400183792E1,-3.589475647E1,-2.354304199E0,4.324424255E1
8.551300667E0,-3.438334946E1,-6.020779724E1,2.486329651E0,6.937849381E1
8.561240667E0,-3.616030426E1,-5.995093140E1,1.079105988E0,7.002032740E1
8.571179667E0,-2.596231110E1,-5.278503296E1,1.762734375E0,5.885073096E1
8.581118667E0,-1.537018753E1,-4.091351990E1,8.498726807E0,4.452400625E1
8.591058667E0,-1.377884674E1,-2.573658051E1,1.120255417E1,3.126860108E1
8.600997667E0,-1.339354797E1,-1.811981964E1,7.256160736E0,2.367206919E1
8.610936667E0,-1.203452408E1,-1.364876724E1,5.845793610E0,1.911261154E1
8.620876667E0,-1.088356750E1,-1.174667267E1,4.607867889E0,1.666339722E1
8.630815667E0,-9.544751587E0,-1.141630966E1,2.607278137E0,1.510735941E1
8.640754667E0,-8.293802948E0,-1.066696793E1,8.439450073E-1,1.353822792E1
8.650694667E0,-7.342381439E0,-9.433532867E0,-5.536985779E-1,1.196698332E1
8.660633667E0,-6.271807709E0,-8.134085083E0,-1.287622375E0,1.035166090E1
8.670573667E0,-5.137915649E0,-7.022646332E0,-1.631607056E0,8.853128278E0
8.680512667E0,-3.685036926E0,-5.911057892E0,-2.076781311E0,7.268639705E0
8.690451667E0,-2.456990662E0,-5.041366425E0,-1.971999207E0,5.944826272E0
8.700391667E0,-1.622326355E0,-4.145329742E0,-1.521436157E0,4.704303291E0
8.710330667E0,-8.592132568E-1,-2.967279510E0,-1.082099762E0,3.273214782E0
8.720269667E0,-2.989283752E-1,-1.830842743E0,-6.137237549E-1,1.953970361E0
8.730209667E0,3.924838257E-1,-3.784130859E-1,1.395098877E-1,5.627637389E-1
8.740148667E0,1.035396881E0,1.293609924E0,1.664089508E0,2.348332862E0
8.750087667E0,1.944755859E0,2.882555695E0,3.604953461E0,5.008681677E0
8.760027667E0,2.671793976E0,3.844904480E0,5.016069031E0,6.861685072E0
8.769966667E0,3.505859528E0,4.208199005E0,5.743256836E0,7.936308271E0
8.779905667E0,4.310885468E0,4.004622345E0,6.129304047E0,8.496416994E0
8.789845667E0,4.852908325E0,3.417842560E0,5.865253143E0,8.344672637E0
8.799784667E0,4.164938965E0,2.212698669E0,4.202510834E0,6.316949366E0
8.809724667E0,2.280058594E0,6.858737183E-1,1.980980530E0,3.097317195E0
8.819663667E0,1.010847931E0,-2.399510193E-1,3.089575195E-1,1.083902569E0
8.829602667E0,2.544708252E-1,-5.361849976E-1,-5.795947266E-1,8.295660309E-1
8.839542667E0,-7.050338745E-2,-4.028123474E-1,-8.288264465E-1,9.242195591E-1
8.849481667E0,-3.727249146E-2,-2.683918762E-1,-8.458909607E-1,8.882313636E-1
8.859420667E0,-7.005432129E-2,-9.535171509E-2,-8.306227112E-1,8.390075362E-1
8.869360667E0,-1.811233521E-2,-1.496887207E-1,-7.949967957E-1,8.091691263E-1
8.879299667E0,-6.212081909E-2,-4.297563171E-1,-8.006849670E-1,9.108490022E-1
8.889238667E0,-3.333567810E-1,-6.361770630E-1,-9.147477722E-1,1.163018265E0
8.899178667E0,-6.267466736E-1,-7.367678833E-1,-1.080902252E0,1.450513008E0
8.909117667E0,-8.626560974E-1,-7.858657837E-1,-1.174008636E0,1.655311708E0
8.919056667E0,-9.764195251E-1,-8.689430237E-1,-1.103355560E0,1.710511783E0
8.928996667E0,-1.071172485E0,-9.949809265E-1,-9.657916260E-1,1.752184637E0
8.938935667E0,-1.069525909E0,-1.056203613E0,-6.538403320E-1,1.639194596E0
8.948875667E0,-8.029302979E-1,-1.154100037E0,-2.519261169E-1,1.428324447E0
8.958814667E0,-5.680686951E-1,-1.491498413E0,-6.436614990E-3,1.596029758E0
8.968753667E0,-2.248324585E-1,-1.914518738E0,6.373745728E-1,2.030314748E0
8.978693667E0,5.658233643E-2,-3.303330688E0,9.895771637E0,1.043271257E1
8.988632667E0,-2.091899872E0,-5.725443878E0,1.853445740E1,1.951109591E1
8.998571667E0,-3.985761566E0,-6.763535156E0,1.360520782E0,7.967604400E0
9.008511667E0,-3.582799530E0,-5.824837189E0,-3.198099518E0,7.549372244E0
9.018450667E0,-7.347171478E0,-9.153315582E0,-3.712280273E-2,1.173735460E1
9.028389667E0,-1.168919220E1,-1.396655640E1,-1.137634277E-2,1.821268902E1
9.038329667E0,-1.574904968E1,-2.042457687E1,-3.429518280E0,2.601840698E1
9.048268667E0,-2.379975815E1,-3.487552597E1,-4.475692749E-2,4.222242062E1
9.058207667E0,-3.569013199E1,-5.399451782E1,2.608924713E0,6.477653869E1
9.068147667E0,-3.998410263E1,-5.291077148E1,-1.550475769E0,6.633763771E1
9.078086667E0,-3.110771118E1,-4.726301605E1,2.740800476E0,5.664798645E1
9.088026667E0,-1.846979187E1,-3.438649292E1,9.861642609E0,4.025936043E1
9.097965667E0,-1.459869186E1,-2.283261932E1,1.110420868E1,2.928743348E1
9.107904667E0,-1.354593109E1,-1.729772919E1,7.881111145E0,2.334128525E1
9.117844667E0,-1.327918579E1,-1.563154404E1,6.300398254E0,2.145639677E1
9.127783667E0,-1.275692184E1,-1.631756744E1,4.130211182E0,2.112014930E1
9.137722667E0,-1.193393326E1,-1.602597382E1,2.423460388E0,2.012768640E1
9.147662667E0,-1.054512131E1,-1.415666107E1,1.289119263E0,1.769950464E1
9.157601667E0,-8.375383301E0,-1.174293045E1,1.173559570E-1,1.442418918E1
9.167540667E0,-6.211932220E0,-9.495953064E0,-9.702822876E-1,1.138870819E1
9.177480667E0,-4.265978851E0,-7.444169769E0,-1.574725342E0,8.723187434E0
9.187419667E0,-2.687361603E0,-5.557343445E0,-1.540596313E0,6.362343558E0
9.197358667E0,-1.696422272E0,-4.164489899E0,-1.157093811E0,4.643241403E0
9.207298667E0,-1.064885559E0,-2.957699432E0,-6.779402161E-1,3.215831171E0
9.217237667E0,-4.843927002E-1,-1.813329163E0,-4.849914551E-1,1.938560201E0
9.227176667E0,1.411564636E-1,-7.265890503E-1,-3.249742126E-1,8.083718415E-1
9.237116667E0,9.352551270E-1,3.623963928E-1,1.604663086E-1,1.015767067E0
9.247055667E0,1.647024994E0,1.948647766E0,1.892514496E0,3.176716947E0
9.256995667E0,2.367027740E0,3.836072845E0,4.486021271E0,6.359454540E0
9.266934667E0,3.216810608E0,4.723128204E0,5.577701111E0,7.985396684E0
9.276873667E0,4.031416626E0,4.692591705E0,5.430257721E0,8.231672724E0
9.286813667E0,4.573589172E0,3.987557831E0,4.508624268E0,7.559499200E0
9.296752667E0,4.331243134E0,2.948418732E0,2.769540710E0,5.926482586E0
9.306691667E0,3.425326996E0,1.963616638E0,6.448590088E-1,4.000562269E0
9.316631667E0,2.406994629E0,1.196911011E0,-8.996292114E-1,2.834704893E0
9.326570667E0,1.555714874E0,5.607339478E-1,-1.311871948E0,2.110848014E0
9.336509667E0,9.508227539E-1,1.077758789E-2,-1.175804901E0,1.512182936E0
9.346449667E0,4.899311829E-1,-3.204835510E-1,-9.762698364E-1,1.138351907E0
9.356388542E0,1.927990723E-1,-5.526507568E-1,-8.584648132E-1,1.039016928E0
9.366327542E0,1.960922241E-2,-6.918612671E-1,-8.457412720E-1,1.092856273E0
9.376267542E0,-6.930587769E-2,-7.954458618E-1,-8.750802612E-1,1.184610859E0
9.386206542E0,-2.028282166E-1,-9.732760620E-1,-8.297245789E-1,1.294931834E0
9.396146542E0,-2.883004761E-1,-1.149759064E0,-6.477030945E-1,1.350771027E0
9.406085542E0,-8.322692871E-2,-1.243314514E0,-3.068618774E-1,1.283324555E0
9.416024542E0,2.068698120E-1,-1.128802643E0,-5.119354248E-2,1.148743359E0
9.425964542E0,4.483177185E-1,-9.668394470E-1,2.191442871E-1,1.088021834E0
9.435903542E0,7.509883118E-1,-9.484277344E-1,7.301815796E-1,1.413033528E0
9.445842542E0,1.021026764E0,-1.123413849E0,1.242566071E0,1.961765727E0
9.455782542E0,1.101559296E0,-1.569336548E0,1.789378967E0,2.622618381E0
9.465721542E0,1.147663422E0,-2.215393066E0,2.640059967E0,3.632494239E0
9.475660542E0,9.577084351E-1,-3.124003601E0,4.338577881E0,5.431377539E0
9.485600542E0,-8.295748901E-1,-4.822072449E0,1.035546570E1,1.145321994E1
9.495539542E0,-4.243824921E0,-6.582561493E0,1.055994049E1,1.314733847E1
9.505478542E0,-4.645589447E0,-5.503305817E0,2.768343201E0,7.715672381E0
9.515418542E0,-8.070167999E0,-7.218888245E0,5.800288239E0,1.228345646E1
9.525357542E0,-1.076695999E1,-1.153785690E1,4.374054108E0,1.637626083E1
9.535297542E0,-1.284898041E1,-1.712573685E1,4.201762390E-1,2.141410068E1
9.545236542E0,-1.819481369E1,-2.511776733E1,-1.930984497E0,3.107542731E1
9.555175542E0,-2.691148727E1,-3.777065552E1,-1.110091553E0,4.639054719E1
9.565115542E0,-3.602318939E1,-5.192432281E1,-1.509011993E0,6.321457578E1
9.575054542E0,-3.621030029E1,-5.700026733E1,-8.839118958E-1,6.753515843E1
9.584993542E0,-2.420242081E1,-4.879552917E1,3.090772705E0,5.455560206E1
9.594933542E0,-1.486783218E1,-3.640803909E1,7.854765930E0,4.010355461E1
9.604872542E0,-1.404304733E1,-2.407503571E1,8.979676666E0,2.928223208E1
9.614811542E0,-1.479313751E1,-1.670077057E1,6.535409546E0,2.324788663E1
9.624751542E0,-1.427805862E1,-1.334549789E1,3.604354706E0,1.987351617E1
9.634690542E0,-1.269165756E1,-1.212478638E1,1.310225372E0,1.760128708E1
9.644629542E0,-1.132050888E1,-1.125928619E1,3.077600098E-1,1.596935074E1
9.654569542E0,-1.005593857E1,-1.035980667E1,-4.465214539E-1,1.444461409E1
9.664508542E0,-8.647218018E0,-9.184750214E0,-7.295828247E-1,1.263591338E1
9.674448542E0,-7.236401825E0,-7.852819977E0,-6.358776855E-1,1.069750594E1
9.684387542E0,-5.973627777E0,-6.389463043E0,-2.429447937E-1,8.750342220E0
9.694326542E0,-5.172493744E0,-4.745282135E0,2.207908630E-1,7.022901301E0
9.704266542E0,-4.279301147E0,-2.851869507E0,3.239263916E-1,5.152718341E0
9.714205542E0,-3.002456360E0,-1.056203613E0,6.394702148E-1,3.246418399E0
9.724144542E0,-1.569186859E0,4.581971741E-1,1.788780212E0,2.423226506E0
9.734084542E0,-2.998265076E-1,2.317929840E0,3.854634247E0,4.507870878E0
9.744023542E0,8.367599487E-1,4.330644379E0,6.501579895E0,7.856537983E0
9.753962542E0,1.998344421E0,5.675447845E0,8.010142822E0,1.001830708E1
9.763902542E0,3.187920685E0,6.039640503E0,7.520660706E0,1.015876140E1
9.773841542E0,4.085154877E0,4.856351166E0,5.272934875E0,8.250847182E0
9.783780542E0,4.200864258E0,2.456541595E0,2.295775909E0,5.380747546E0
9.793720542E0,3.031196594E0,4.320016479E-1,-2.052232361E-1,3.068695943E0
9.803659542E0,1.791474609E0,-5.125341797E-1,-1.541644135E0,2.418416672E0
9.813599542E0,1.280287628E0,-1.060993652E0,-1.773362274E0,2.430978753E0
9.823538542E0,7.908055115E-1,-1.437909851E0,-1.841919708E0,2.466906222E0
9.833477542E0,4.831951904E-1,-1.676663361E0,-1.901795197E0,2.580988684E0
9.843417542E0,4.445755005E-1,-1.920805664E0,-2.036664734E0,2.834633136E0
9.853356542E0,5.409750366E-1,-2.087259521E0,-2.218087463E0,3.093415312E0
9.863295542E0,7.915539551E-1,-2.094743958E0,-2.298769684E0,3.209182446E0
9.873235542E0,1.089584198E0,-1.911674652E0,-1.957629089E0,2.945166439E0
9.883174542E0,1.165027313E0,-1.655108185E0,-1.633852386E0,2.601181532E0
9.893113542E0,1.322050781E0,-1.057850189E0,-1.611848145E0,2.337716778E0
9.903053542E0,1.402583313E0,-9.789642334E-2,-5.770500183E-1,1.519806035E0
9.912992542E0,8.711883545E-1,4.414320374E-1,1.083596649E0,1.458771089E0
9.922931542E0,1.824705505E-1,4.799020386E-1,1.740879822E0,1.815010750E0
9.932871542E0,-3.613485718E-1,4.061054993E-1,1.904190216E0,1.980261307E0
9.942810542E0,-5.411247253E-1,3.844006348E-1,1.911824341E0,2.023771758E0
9.952750542E0,-3.188369751E-1,5.378315735E-1,2.090103607E0,2.181617039E0
9.962689542E0,1.556762695E-1,7.084767151E-1,2.763104095E0,2.856732154E0
9.972628542E0,5.248086548E-1,2.839595032E-1,3.292702789E0,3.346333633E0
9.982568542E0,5.668711853E-1,-1.265318756E0,5.019661560E0,5.207626779E0
9.992507542E0,4.367916870E-1,-3.991599426E0,9.783654785E0,1.057561128E1
1.000244654E1,-1.183588715E0,-7.743247833E0,8.202193451E0,1.134172591E1
1.001238654E1,-2.067201233E0,-6.023174744E0,-2.526595917E0,6.850959192E0
1.002232554E1,-3.519481201E0,-6.383475494E0,-3.186872864E0,7.955605946E0
1.003226454E1,-6.708300018E0,-1.049512527E1,-3.156036987E0,1.284949466E1
1.004220454E1,-1.065813629E1,-1.671903259E1,-3.774999847E0,2.018347205E1
1.005214354E1,-1.807775711E1,-2.670012680E1,-5.559888153E0,3.272024495E1
1.006208254E1,-2.879262543E1,-4.019411591E1,-8.040829010E0,5.009228647E1
1.007202254E1,-3.670008179E1,-5.707975204E1,-4.148622894E0,6.798680143E1
1.008196154E1,-2.784509583E1,-6.036467102E1,7.574398956E0,6.690750622E1
1.009190054E1,-1.665122360E1,-4.089151566E1,7.570357361E0,4.479608923E1
1.010184054E1,-1.887425079E1,-2.594644409E1,1.024783951E1,3.368194648E1
1.011177954E1,-1.971774673E1,-1.763048721E1,1.005189697E1,2.829601117E1
1.012171954E1,-1.796758621E1,-1.506946289E1,3.164269867E0,2.366295565E1
1.013165854E1,-1.645767609E1,-1.397733398E1,1.198258209E0,2.162537376E1
1.014159754E1,-1.589589432E1,-1.119087845E1,2.587519226E0,1.961148827E1
1.015153754E1,-1.489986557E1,-9.632020111E0,1.952240295E0,1.784917498E1
1.016147654E1,-1.314326843E1,-9.265133057E0,-4.825964355E-1,1.608791767E1
1.017141554E1,-1.227881607E1,-8.052953796E0,-2.082768860E0,1.483095800E1
1.018135554E1,-1.099298996E1,-6.914571075E0,-3.279230804E0,1.339441959E1
1.019129454E1,-8.969647522E0,-6.092929688E0,-3.270249481E0,1.132576269E1
1.020123354E1,-6.999294891E0,-5.146896973E0,-2.856958923E0,9.145648786E0
1.021117354E1,-5.144651642E0,-4.189038849E0,-2.003433838E0,6.930312701E0
1.022111254E1,-3.792663116E0,-3.431464233E0,-1.076261902E0,5.226622234E0
1.023105154E1,-2.573897552E0,-2.691253510E0,-5.607339478E-1,3.765928388E0
1.024099154E1,-1.181493073E0,-1.874102783E0,-3.249742126E-1,2.239150589E0
1.025093054E1,2.959346008E-1,-7.729925537E-1,5.807922363E-2,8.297397015E-1
1.026087054E1,1.468446350E0,5.180726624E-1,7.716453552E-1,1.737863781E0
1.027080954E1,2.294578400E0,1.788181458E0,1.984722748E0,3.521619988E0
1.028074854E1,3.265758820E0,2.685415649E0,2.967429199E0,5.165488741E0
1.029068854E1,4.008963318E0,2.900668030E0,3.470383301E0,6.043940946E0
1.030062754E1,4.647236023E0,2.567610626E0,3.759581909E0,6.505680834E0
1.031056654E1,5.345982971E0,2.005679169E0,4.098926239E0,7.028760856E0
1.032050654E1,5.630391541E0,1.128203888E0,3.648512878E0,6.803366750E0
1.033044554E1,4.249213715E0,1.631607056E-1,1.881287842E0,4.649912102E0
1.034038454E1,2.539319458E0,-2.031275940E-1,-4.221221924E-2,2.547780603E0
1.035032454E1,1.241817627E0,-3.902384949E-1,-1.296304321E0,1.837063416E0
1.036026279E1,1.257385254E-1,-5.536985779E-1,-1.712289276E0,1.803975293E0
1.037020179E1,-5.234614563E-1,-6.264472961E-1,-1.553469543E0,1.754911888E0
1.038014179E1,-8.577163696E-1,-6.884184265E-1,-1.228046265E0,1.648543275E0
1.039008079E1,-1.074914703E0,-7.158114624E-1,-9.571096802E-1,1.607447234E0
1.040002079E1,-1.169967041E0,-6.753955078E-1,-7.652087402E-1,1.552586998E0
1.040995979E1,-1.180594940E0,-5.321434021E-1,-6.572831726E-1,1.452240401E0
1.041989879E1,-1.101559296E0,-3.176394653E-1,-5.821394348E-1,1.285773710E0
1.042983879E1,-1.064586182E0,-6.840774536E-2,-5.272036743E-1,1.189944147E0
1.043977779E1,-1.009500732E0,2.459385681E-1,-3.909869385E-1,1.110156878E0
1.044971679E1,-1.057850189E0,5.284011841E-1,-2.885998535E-1,1.217187212E0
1.045965679E1,-1.456022186E0,7.508386230E-1,2.630030823E-1,1.659195548E0
1.046959579E1,-2.460583191E0,1.012344818E0,2.713557129E0,3.800355768E0
1.047953479E1,-2.797532501E0,6.146218872E-1,5.393883362E0,6.107202787E0
1.048947479E1,-2.622247009E0,-9.716294861E-1,5.569318542E0,6.231978198E0
1.049941379E1,-2.649640045E0,-3.085832977E0,3.345991974E0,5.266746607E0
1.050935279E1,-2.843636627E0,-4.087549896E0,7.206015015E-1,5.031262262E0
1.051929279E1,-2.860102386E0,-3.844605103E0,-1.454974365E0,5.007806352E0
1.052923179E1,-4.071084137E0,-5.815855865E0,-2.101330261E0,7.403613602E0
1.053917079E1,-6.867868195E0,-9.885443115E0,-2.504441986E0,1.229478868E1
1.054911079E1,-1.174787018E1,-2.027728317E1,1.223705292E0,2.346653194E1
1.055904979E1,-2.012490005E1,-3.300696167E1,1.946552124E0,3.870736604E1
1.056898979E1,-3.230282593E1,-4.550701767E1,9.385482788E-2,5.580654109E1
1.057892879E1,-3.639576462E1,-5.264073303E1,2.677182770E0,6.405361632E1
1.058886779E1,-2.221650055E1,-4.849375671E1,1.151540359E1,5.456942236E1
1.059880779E1,-1.411834076E1,-3.327235977E1,1.303878571E1,3.842378695E1
1.060874679E1,-1.604094269E1,-2.365186569E1,1.002570145E1,3.028592549E1
1.061868579E1,-1.746717682E1,-1.839464813E1,5.470523987E0,2.594979728E1
1.062862579E1,-1.815215240E1,-1.536375092E1,1.850601654E0,2.385309635E1
1.063856479E1,-1.792297897E1,-1.587538696E1,-1.672023010E-1,2.394345512E1
1.064850379E1,-1.803404800E1,-1.702305038E1,-9.873468018E-1,2.481906496E1
1.065844379E1,-1.693203964E1,-1.764156418E1,-1.987417145E0,2.453301001E1
1.066838279E1,-1.440888657E1,-1.763363068E1,-2.621049500E0,2.292227832E1
1.067832179E1,-1.130134872E1,-1.636666534E1,-2.430196381E0,2.003731698E1
1.068826179E1,-7.811954956E0,-1.382480118E1,-2.126178589E0,1.602099882E1
1.069820079E1,-4.947810974E0,-1.063882645E1,-1.006357269E0,1.177617156E1
1.070814079E1,-3.021167450E0,-7.749385071E0,4.150868225E-1,8.327827977E0
1.071807979E1,-1.622625732E0,-5.733676758E0,1.030157776E0,6.047246355E0
1.072801879E1,-9.994715881E-1,-4.092339935E0,9.906399536E-1,4.327534762E0
1.073795879E1,-5.441184998E-1,-2.593207397E0,6.758445740E-1,2.734511919E0
1.074789779E1,7.050338745E-2,-1.366957397E0,7.336244202E-1,1.552980375E0
1.075783679E1,9.110055542E-1,2.490820312E-1,1.313967590E0,1.618172984E0
1.076777679E1,1.708696747E0,2.182311859E0,2.583477631E0,3.788995420E0
1.077771579E1,2.396666107E0,4.131857758E0,4.252806244E0,6.395515453E0
1.078765479E1,3.083737335E0,5.326224060E0,5.563181305E0,8.296209069E0
1.079759479E1,3.978127441E0,5.441035309E0,5.990991669E0,9.017890238E0
1.080753379E1,5.496569824E0,4.413122864E0,5.598507843E0,9.001734461E0
1.081747279E1,5.848038940E0,2.577190704E0,3.797303467E0,7.433773268E0
1.082741279E1,4.049528961E0,1.226699066E0,1.004261627E0,4.348794870E0
1.083735179E1,1.913620605E0,7.411088562E-1,-8.425978088E-1,2.218368145E0
1.084729179E1,9.156459045E-1,3.656895447E-1,-1.175355835E0,1.534143932E0
1.085723079E1,3.923341370E-1,-2.230361938E-2,-1.139580231E0,1.205432134E0
1.086716979E1,-9.205856323E-2,-3.369493103E-1,-1.070424042E0,1.125973910E0
1.087710979E1,-4.230203247E-1,-5.420228577E-1,-1.136885834E0,1.328624993E0
1.088704879E1,-5.923182678E-1,-7.138655090E-1,-1.278341675E0,1.579431016E0
1.089698779E1,-6.683601379E-1,-7.994874573E-1,-1.311123505E0,1.674792618E0
1.090692779E1,-6.905140686E-1,-8.355624390E-1,-1.161135406E0,1.588461426E0
1.091686679E1,-6.581813049E-1,-7.964936829E-1,-8.924441528E-1,1.365306333E0
1.092680579E1,-4.204756165E-1,-4.939727783E-1,-6.912625122E-1,9.479729482E-1
1.093674579E1,-2.176473999E-1,-2.116598511E-1,-6.553372192E-1,7.222445252E-1
1.094668479E1,-2.827619934E-1,-8.307723999E-2,-6.023474121E-1,6.705807763E-1
1.095662379E1,-4.924758911E-1,2.559677124E-2,-4.222718811E-1,6.492312682E-1
1.096656379E1,-7.839198303E-1,2.260299683E-1,2.529739380E-2,8.162473921E-1
1.097650279E1,-9.524693298E-1,5.813909912E-1,8.496331787E-1,1.402529803E0
1.098644179E1,-8.328680420E-1,6.541397095E-1,1.523681488E0,1.855578943E0
1.099638179E1,-7.511380005E-1,2.107617188E-1,1.552870789E0,1.737825217E0
1.100632079E1,-1.120569763E0,-4.845423889E-1,3.304378510E0,3.522694318E0
1.101626079E1,-2.192640381E0,-2.362836456E0,1.174412796E1,1.217847320E1
1.102619979E1,-3.810476074E0,-5.233417053E0,1.173424850E1,1.340152864E1
1.103613879E1,-2.927761688E0,-3.596421204E0,-1.547931061E0,4.888979909E0
1.104607879E1,-3.988306274E0,-4.385580139E0,-1.454525299E0,6.103731968E0
1.105601779E1,-6.672674103E0,-7.156168671E0,-1.635049896E0,9.920116828E0
1.106595679E1,-9.789642334E0,-1.067609894E1,-2.078128510E0,1.463334561E1
1.107589679E1,-1.445678696E1,-1.649749329E1,-2.172432404E0,2.204280918E1
1.108583579E1,-2.234942413E1,-3.144316360E1,6.039939880E0,3.904676901E1
1.109577479E1,-3.670247681E1,-4.976162018E1,6.151308289E0,6.213798549E1
1.110571479E1,-3.983022263E1,-4.925896545E1,-4.871020660E0,6.353439348E1
1.111565379E1,-2.892001053E1,-4.716990967E1,-1.048419800E0,5.533955702E1
1.112559279E1,-1.387524628E1,-4.075320328E1,7.186106415E0,4.364614716E1
1.113553279E1,-1.059332108E1,-2.884561523E1,7.709118805E0,3.168151642E1
1.114547179E1,-1.283984940E1,-2.127630569E1,6.357729034E0,2.565080184E1
1.115541179E1,-1.395503036E1,-1.627026581E1,6.927294617E0,2.252669156E1
1.116535079E1,-1.384635635E1,-1.418659882E1,6.021528168E0,2.071810734E1
1.117528979E1,-1.379022308E1,-1.315554291E1,4.072730713E0,1.948911741E1
1.118522979E1,-1.426054504E1,-1.183708466E1,2.263892212E0,1.867096479E1
1.119516879E1,-1.406325531E1,-1.105795486E1,7.226971436E-1,1.790463088E1
1.120510779E1,-1.295286438E1,-1.002510269E1,-1.698966980E-1,1.638011735E1
1.121504779E1,-1.120494919E1,-8.572673035E0,-7.994874573E-1,1.413084532E1
1.122498679E1,-8.857979736E0,-7.206613770E0,-1.343755646E0,1.149803315E1
1.123492579E1,-6.551126862E0,-6.105802917E0,-1.866468658E0,9.147775559E0
1.124486579E1,-4.512216797E0,-4.984484711E0,-2.089953918E0,7.040816404E0
1.125480479E1,-2.745590515E0,-3.636986847E0,-2.091600494E0,5.014053573E0
1.126474379E1,-1.433419189E0,-2.491269379E0,-2.136956177E0,3.581577221E0
1.127468379E1,-5.620811462E-1,-1.457968140E0,-1.743424530E0,2.341182480E0
1.128462279E1,3.689826965E-1,-1.284329224E-1,-7.653584290E-1,8.593118006E-1
1.129456279E1,1.441502380E0,1.771566010E0,1.421593781E0,2.690223804E0
1.130450179E1,2.396067352E0,3.381468201E0,3.706442413E0,5.559962348E0
1.131444079E1,3.279380493E0,3.899091797E0,4.459825745E0,6.771063353E0
1.132438079E1,4.024980011E0,3.693718872E0,4.231400757E0,6.910048883E0
1.133431979E1,4.540208588E0,3.117866364E0,3.475173340E0,6.512404657E0
1.134425879E1,4.876708832E0,2.402054901E0,2.562970276E0,6.010072663E0
1.135419912E1,5.075944519E0,1.753902740E0,1.539099426E0,5.586610299E0
1.136413812E1,4.892575836E0,1.246308289E0,2.894979858E-1,5.057112985E0
1.137407712E1,3.740721130E0,6.415658569E-1,-3.005749512E-1,3.807222954E0
1.138401713E1,2.798879700E0,1.080752563E-1,-1.468446350E-1,2.804812147E0
1.139395612E1,2.299518127E0,-2.621049500E-1,1.752854919E-1,2.321035895E0
1.140389512E1,1.854792938E0,-5.987548828E-1,5.822891235E-1,2.034164417E0
1.141383512E1,1.430575104E0,-9.391470337E-1,1.004111938E0,1.984132824E0
1.142377412E1,8.985813904E-1,-1.322799225E0,1.227597198E0,2.015996326E0
1.143371312E1,6.182144165E-2,-1.736389160E0,1.075513458E0,2.043428101E0
1.144365312E1,-4.794529724E-1,-1.924697571E0,6.018983459E-1,2.072828384E0
1.145359212E1,-5.914201355E-1,-1.698667603E0,-6.706054688E-2,1.799929587E0
1.146353212E1,-5.165757751E-1,-1.344953156E0,-4.806504822E-1,1.518806903E0
1.147347112E1,-4.077520752E-1,-1.085093536E0,-5.523513794E-1,1.284048980E0
1.148341012E1,-4.290078735E-1,-8.430468750E-1,-5.625302124E-1,1.100552602E0
1.149335012E1,-4.936734009E-1,-6.776408386E-1,-5.578898621E-1,1.007050958E0
1.150328912E1,-5.822891235E-1,-5.605842590E-1,-5.125341797E-1,9.570823477E-1
1.151322812E1,-1.183439026E0,-3.754193115E-1,1.747017059E0,2.143253646E0
1.152316812E1,-4.933740234E0,-6.735992432E-3,1.408570862E1,1.492477890E1
1.153310712E1,-6.250402222E0,-1.447938995E0,1.137185211E1,1.305691678E1
1.154304612E1,-2.820135498E0,-2.624342651E0,-2.950364685E-1,3.863597429E0
1.155298612E1,-3.123853912E0,-3.452121277E0,-6.002517700E-2,4.656093598E0
1.156292512E1,-7.170538788E0,-6.220763855E0,3.460653534E0,1.010399190E1
1.157286412E1,-9.980345764E0,-1.044872177E1,4.451143799E0,1.511938389E1
1.158280412E1,-1.495614853E1,-1.884910309E1,4.373305664E0,2.445610084E1
1.159274312E1,-2.191996719E1,-2.894201477E1,3.014880524E0,3.643095779E1
1.160268212E1,-2.863006348E1,-3.556334564E1,-2.487976227E0,4.572332133E1
1.161262212E1,-3.473242355E1,-4.318130402E1,-6.270909576E0,5.576997910E1
1.162256112E1,-2.960004639E1,-4.750416458E1,-4.058659973E0,5.611845614E1
1.163250112E1,-1.412447800E1,-4.437836472E1,-6.451583862E-2,4.657192605E1
1.164244012E1,-5.998925171E0,-3.644845505E1,2.693349152E0,3.703688848E1
1.165237912E1,-9.395362244E0,-2.717733444E1,5.284610596E0,2.923709028E1
1.166231912E1,-1.446921112E1,-2.115101624E1,8.131989441E0,2.688592216E1
1.167225812E1,-1.631337616E1,-1.785606812E1,9.866881714E0,2.612127036E1
1.168219712E1,-1.674118652E1,-1.568677917E1,9.002129974E0,2.464509507E1
1.169213712E1,-1.675690384E1,-1.448073715E1,6.834936676E0,2.317761709E1
1.170207612E1,-1.549457886E1,-1.341345657E1,4.805307312E0,2.104979263E1
1.171201512E1,-1.345162720E1,-1.170685547E1,3.064876556E0,1.809392737E1
1.172195512E1,-1.123488693E1,-9.621242523E0,1.667382660E0,1.488526644E1
1.173189412E1,-8.805888062E0,-7.938741302E0,5.228627014E-1,1.186763091E1
1.174183312E1,-6.725963287E0,-6.605912933E0,-1.342707825E-1,9.428398404E0
1.175177312E1,-5.047353973E0,-5.401218109E0,-6.370751953E-1,7.419892452E0
1.176171212E1,-3.288810883E0,-4.051774292E0,-1.057401123E0,5.324589099E0
1.177165212E1,-1.887574768E0,-2.469414825E0,-1.195563812E0,3.330213344E0
1.178159112E1,-9.876461792E-1,-8.963360596E-1,-9.159452820E-1,1.617967573E0
1.179153012E1,-1.922003174E-1,8.312214661E-1,-1.874102783E-1,8.734945335E-1
1.180147012E1,7.143145752E-1,2.180665283E0,5.062472534E-1,2.349858011E0
1.181140912E1,1.765279083E0,2.987337799E0,1.035247192E0,3.621068091E0
1.182134812E1,2.682421875E0,3.531755676E0,1.788929901E0,4.782149670E0
1.183128812E1,3.377875671E0,3.840563507E0,2.444117432E0,5.668657877E0
1.184122712E1,4.094884644E0,3.876039734E0,2.509531403E0,6.171670124E0
1.185116612E1,4.797673187E0,3.521876221E0,2.019749908E0,6.284955833E0
1.186110612E1,4.842729492E0,3.030897217E0,1.025367737E0,5.804286853E0
1.187104512E1,3.978277130E0,2.366578674E0,-1.493893433E-1,4.631382161E0
1.188098412E1,2.462978210E0,1.470841370E0,-6.147715759E-1,2.933867770E0
1.189092412E1,1.481618958E0,8.214916992E-1,-3.219804382E-1,1.724446215E0
1.190086312E1,9.020242310E-1,3.115022278E-1,-9.086105347E-2,9.586120603E-1
1.191080312E1,4.725672913E-1,-1.197509766E-1,-6.765930176E-2,4.921767185E-1
1.192074212E1,3.830534363E-1,-4.014651489E-1,-1.591191101E-1,5.772547895E-1
1.193068112E1,3.689826965E-1,-6.312373352E-1,-2.597099304E-1,7.759239986E-1
1.194062112E1,3.637435913E-1,-8.897497559E-1,-3.394940186E-1,1.019421511E0
1.195056012E1,8.825646973E-1,-1.697769470E0,2.558180237E-1,1.930488146E0
1.196049912E1,9.934840393E-1,-2.458337860E0,5.251080322E-1,2.702993529E0
1.197043912E1,4.333488464E-1,-2.120041351E0,2.245330811E-3,2.163878831E0
1.198037812E1,4.797523499E-1,-1.843865662E0,-2.442919922E-1,1.920854360E0
1.199031712E1,8.897497559E-1,-1.704206085E0,-2.682421875E-1,1.941114855E0
1.200025712E1,1.397194519E0,-1.569486237E0,-3.293151855E-2,2.101552773E0
1.201019612E1,2.413580933E0,-1.390159149E0,9.336085510E-1,2.937607922E0
1.202013512E1,2.873424683E0,-7.162605286E-1,2.723137207E0,4.023067834E0
1.203007512E1,2.207160187E0,-1.296304321E-1,5.216202850E0,5.665433109E0
1.204001412E1,7.496411133E-1,-3.954776001E-1,9.738598480E0,9.775411229E0
1.204995312E1,-1.924996948E0,-1.800755310E0,1.635319336E1,1.656427680E1
1.205989312E1,-4.508474579E0,-3.456911316E0,1.215008377E1,1.341272211E1
1.206983212E1,-2.260149994E0,-3.806434479E0,-1.893412628E0,4.814793123E0
1.207977212E1,-2.480491791E0,-5.622757416E0,-2.920426941E0,6.804199732E0
1.208971112E1,-5.528902588E0,-9.587562561E0,-2.754871216E0,1.140523718E1
1.209965012E1,-1.125449615E1,-1.778077469E1,-1.284029846E0,2.108241838E1
1.210959012E1,-2.217144424E1,-3.523492859E1,3.471730499E0,4.177470581E1
1.211952912E1,-3.263169205E1,-4.478461990E1,-2.313289490E0,5.546026338E1
1.212946813E1,-3.924733475E1,-4.700255768E1,-7.337591400E0,6.167198684E1
1.213940812E1,-3.512056641E1,-5.204197815E1,-2.750230865E0,6.284413612E1
1.214934712E1,-2.203388031E1,-4.833164383E1,6.763385468E0,5.354608351E1
1.215928612E1,-1.725746292E1,-3.621194687E1,1.091125992E1,4.157139299E1
1.216922612E1,-1.899834274E1,-2.582235214E1,1.121707397E1,3.396400515E1
1.217916512E1,-1.886332352E1,-1.886781418E1,1.018511993E1,2.855794205E1
1.218910412E1,-1.788420959E1,-1.425006683E1,8.123906250E0,2.426741046E1
1.219904412E1,-1.610261444E1,-1.241368561E1,5.691015472E0,2.111353687E1
1.220898312E1,-1.397419052E1,-1.120030884E1,4.056115265E0,1.836237974E1
1.221892312E1,-1.207613754E1,-1.056068893E1,2.215991821E0,1.619480992E1
1.222886212E1,-1.043659698E1,-9.982441406E0,1.809736633E-1,1.444314524E1
1.223880113E1,-8.939560089E0,-8.966504059E0,-1.642234955E0,1.276757084E1
1.224874112E1,-6.998097382E0,-7.528893585E0,-2.767145691E0,1.064493780E1
1.225868012E1,-4.925806732E0,-5.796845398E0,-3.071612549E0,8.203766951E0
1.226861912E1,-3.163222046E0,-4.123774567E0,-2.900817719E0,5.951994105E0
1.227855912E1,-1.691033478E0,-2.676883392E0,-2.775378571E0,4.210466142E0
1.228849812E1,-5.593867493E-1,-1.473685455E0,-2.577190704E0,3.021022059E0
1.229843712E1,3.644920349E-1,-3.318598938E-1,-1.905836792E0,1.968552593E0
1.230837712E1,9.940827942E-1,7.705975342E-1,-9.020242310E-1,1.547794843E0
1.231831612E1,1.418749695E0,2.190245361E0,8.253836060E-1,2.737020924E0
1.232825513E1,1.835034027E0,3.435056763E0,2.600542145E0,4.682924758E0
1.233819512E1,2.624492340E0,4.033063202E0,3.697461090E0,6.068342224E0
1.234813413E1,3.544030151E0,4.171824646E0,4.120631104E0,6.851559770E0
1.235807275E1,4.200415192E0,3.968697052E0,3.709885254E0,6.867116765E0
1.236801275E1,4.050876160E0,3.196003876E0,2.343376923E0,5.667049835E0
1.237795175E1,3.546874237E0,2.342329102E0,7.795788574E-1,4.321407834E0
1.238789175E1,3.193309479E0,1.956431580E0,8.412506104E-2,3.745921379E0
1.239783075E1,2.800376587E0,1.660796356E0,-1.809736633E-1,3.260844221E0
1.240776975E1,2.008972321E0,1.271605682E0,-3.174897766E-1,2.398697679E0
1.241770975E1,1.191522217E0,9.584568787E-1,-3.920347595E-1,1.578624729E0
1.242764875E1,6.926097107E-1,7.752378845E-1,-4.572990417E-1,1.135704364E0
1.243758775E1,4.577481079E-1,6.695576477E-1,-4.855902100E-1,9.453246140E-1
1.244752775E1,4.487667847E-1,6.089337158E-1,-4.846920776E-1,8.983976332E-1
1.245746675E1,4.987628174E-1,5.264552307E-1,-4.908293152E-1,8.756899420E-1
1.246740575E1,5.575904846E-1,4.245172119E-1,-3.393443298E-1,7.786376474E-1
1.247734575E1,6.981481934E-1,2.860551453E-1,4.670288086E-2,7.559230153E-1
1.248728475E1,9.054670715E-1,5.957611084E-2,7.481442261E-1,1.176069604E0
1.249722375E1,1.134640503E0,1.317260742E-2,1.632804565E0,1.988374547E0
1.250716375E1,1.071172485E0,3.351530457E-1,1.805545349E0,2.125966149E0
1.251710275E1,8.044271851E-1,5.083428955E-1,1.629661102E0,1.887143583E0
1.252704275E1,5.474116516E-1,4.513114929E-1,1.286724243E0,1.469353891E0
1.253698175E1,2.251318359E-1,2.201921082E-1,6.779402161E-1,7.475104311E-1
1.254692075E1,-1.067280579E-1,-6.541397095E-2,5.798941040E-1,5.932512434E-1
1.255686075E1,-2.362836456E0,-2.951861572E-1,4.396956482E0,5.000335718E0
1.256679975E1,-4.217330017E0,-8.949888611E-1,7.999514923E0,9.087305241E0
1.257673875E1,-2.122885437E0,-1.769320679E0,3.620820465E0,4.554940075E0
1.258667875E1,-2.513123932E0,-2.710563354E0,3.094215546E0,4.820489129E0
1.259661775E1,-5.305117950E0,-5.374124451E0,7.890092468E0,1.092149483E1
1.260655675E1,-5.348527679E0,-8.226143646E0,5.803282013E0,1.139974867E1
1.261649675E1,-7.287295990E0,-1.446786392E1,2.167342987E0,1.634384119E1
1.262643575E1,-1.545745605E1,-2.991109955E1,6.300248566E0,3.425346633E1
1.263637475E1,-2.638353516E1,-4.395908661E1,2.714305573E0,5.134062405E1
1.264631475E1,-3.969490402E1,-5.664879822E1,-3.221900024E0,6.924703881E1
1.265625375E1,-4.346601196E1,-6.592141571E1,-3.234922943E0,7.902779240E1
1.266619275E1,-2.806528793E1,-5.716911621E1,9.092092896E-1,6.369297368E1
1.267613275E1,-1.430979263E1,-3.622691574E1,5.821993103E0,3.938343805E1
1.268607175E1,-1.265857635E1,-2.152419022E1,8.893455963E0,2.650705338E1
1.269601175E1,-1.258642639E1,-1.388542511E1,9.369915161E0,2.095276760E1
1.270595075E1,-1.228540237E1,-1.099254089E1,6.786138153E0,1.782747144E1
1.271588975E1,-1.161524597E1,-9.865235138E0,4.138144684E0,1.579116983E1
1.272582975E1,-1.069525909E1,-9.669142914E0,1.995500336E0,1.455551144E1
1.273576875E1,-1.011012589E1,-1.062236069E1,-5.239105225E-3,1.466455657E1
1.274570775E1,-9.264983368E0,-1.080842377E1,-1.312171326E0,1.429628395E1
1.275564775E1,-7.971523132E0,-1.019200562E1,-2.024240570E0,1.309655334E1
1.276558675E1,-6.233786774E0,-9.273066559E0,-2.720592499E0,1.150006454E1
1.277552575E1,-4.314178619E0,-8.082592163E0,-2.444416809E0,9.482384024E0
1.278546575E1,-3.204985199E0,-6.789431305E0,-1.279090118E0,7.616060603E0
1.279540475E1,-2.655926971E0,-5.190306702E0,-1.945953369E-2,5.830403966E0
1.280534375E1,-2.020049286E0,-3.663182373E0,9.515711975E-1,4.290103957E0
1.281528375E1,-1.070873108E0,-1.882485352E0,1.830094299E0,2.835448017E0
1.282522275E1,8.846603394E-2,1.336720276E-1,3.459456024E0,3.463167688E0
1.283516175E1,1.454225922E0,2.216291199E0,5.728587341E0,6.312165447E0
1.284510175E1,2.484234009E0,3.538042603E0,7.303761749E0,8.487290484E0
1.285504075E1,3.269800415E0,3.820355530E0,6.129453735E0,7.928235253E0
1.286498075E1,3.342249756E0,3.083587646E0,2.626288605E0,5.251336786E0
1.287491975E1,2.655926971E0,1.988165588E0,-4.222718811E-1,3.344407874E0
1.288485875E1,2.066153412E0,1.348545685E0,-1.412612457E0,2.843068648E0
1.289479875E1,1.950294342E0,1.148262177E0,-1.452729034E0,2.689344845E0
1.290473775E1,1.908082123E0,1.044677582E0,-1.241817627E0,2.504843240E0
1.291467675E1,1.817520447E0,9.102571106E-1,-8.735833740E-1,2.212486496E0
1.292461675E1,1.738634491E0,7.131170654E-1,-5.300477600E-1,1.952520543E0
1.293455575E1,1.641785889E0,5.138813782E-1,-2.990780640E-1,1.746133633E0
1.294449475E1,1.364712067E0,2.612068176E-1,-1.824705505E-1,1.401414831E0
1.295443475E1,1.188528442E0,6.496490479E-2,6.526428223E-2,1.192090485E0
1.296437375E1,1.248403931E0,-2.888992310E-2,4.564009094E-1,1.329529538E0
1.297431275E1,1.150058441E0,-1.625619507E-1,4.333488464E-1,1.239698362E0
1.298425275E1,1.014739838E0,-3.124003601E-1,2.664459229E-1,1.094661753E0
1.299419175E1,9.919871521E-1,-2.881507874E-1,1.502874756E-1,1.043865754E0
1.300413175E1,1.277144165E0,-7.679031372E-2,1.290316772E-1,1.285940568E0
1.301407075E1,1.777104492E0,-1.107696533E-2,4.019142151E-1,1.822020338E0
1.302400975E1,2.222278748E0,-1.447489929E-1,7.997868347E-1,2.366248948E0
1.303394975E1,2.563419342E0,-2.992277527E-1,1.055155792E0,2.788191119E0
1.304388875E1,2.747985535E0,-5.864804077E-1,2.029180298E0,3.465971213E0
1.305382775E1,1.572330322E0,-8.818162537E-1,5.723198547E0,6.000402000E0
1.306376775E1,-1.133742371E0,-1.642234955E0,1.088760910E1,1.106898095E1
1.307370675E1,-2.693798218E0,-3.519331512E0,7.879614258E0,9.040495782E0
1.308364575E1,-1.591789856E0,-3.561543732E0,1.501078491E0,4.179907336E0
1.309358575E1,-1.316512299E0,-3.458857269E0,2.740800476E-1,3.711066978E0
1.310352475E1,-3.579805756E0,-5.777685242E0,1.803000641E0,7.031889313E0
1.311346375E1,-9.780661011E0,-1.442954361E1,7.898175659E0,1.913776992E1
1.312340375E1,-1.429362625E1,-2.486539215E1,7.788753204E0,2.971969305E1
1.313334275E1,-1.687755295E1,-3.153626999E1,9.963281250E-1,3.578240892E1
1.314328275E1,-2.629611694E1,-4.680287292E1,-4.979694672E0,5.391467369E1
1.315322175E1,-3.456821503E1,-6.158672974E1,-7.860454102E0,7.106105479E1
1.316316075E1,-2.867227570E1,-6.579852127E1,-4.347409515E0,7.190580480E1
1.317310075E1,-1.242491226E1,-5.108591629E1,1.792672119E0,5.260573126E1
1.318303975E1,-7.868088226E0,-3.315575226E1,7.349267120E0,3.486004084E1
1.319297875E1,-1.047671356E1,-2.160352524E1,1.051323761E1,2.621072290E1
1.320291875E1,-1.364472565E1,-1.436787186E1,1.114058304E1,2.273162709E1
1.321285775E1,-1.479987350E1,-1.082997894E1,8.282127228E0,2.012258261E1
1.322279675E1,-1.423779236E1,-9.918374634E0,4.308789825E0,1.787888577E1
1.323273675E1,-1.231354385E1,-9.367520142E0,2.800376587E0,1.572310099E1
1.324267575E1,-1.057026901E1,-8.511600037E0,2.213896179E0,1.375060939E1
1.325261475E1,-9.381890259E0,-8.161178741E0,1.630559235E0,1.254126894E1
1.326255475E1,-8.179889832E0,-8.265062714E0,1.366807709E0,1.170854486E1
1.327249375E1,-6.542594604E0,-7.758216705E0,1.013692017E0,1.019916870E1
1.328243275E1,-5.064418488E0,-6.574478302E0,1.060694275E0,8.366431253E0
1.329237275E1,-3.199746094E0,-4.802163849E0,9.348060608E-1,5.845768989E0
1.330231175E1,-1.584904175E0,-2.527643738E0,1.250649261E0,3.234969503E0
1.331225175E1,-4.423301697E-1,-6.930587769E-1,2.095791779E0,2.251295100E0
1.332219075E1,5.278024292E-1,7.565267944E-1,2.817291412E0,2.964462700E0
1.333212975E1,1.397493896E0,2.106269989E0,3.181633759E0,4.063515206E0
1.334206975E1,1.894759827E0,3.122806091E0,3.158132629E0,4.828647263E0
1.335200875E1,2.029329987E0,3.843407593E0,2.734812927E0,5.135091417E0
1.336194800E1,1.915566559E0,4.026776276E0,1.703607330E0,4.773531225E0
1.337188800E1,1.735640717E0,3.654500427E0,4.414320374E-1,4.069727794E0
1.338182700E1,1.598376160E0,2.925666046E0,-5.379812622E-1,3.376944181E0
1.339176600E1,1.420096893E0,2.244881744E0,-9.410929871E-1,2.818124419E0
1.340170600E1,1.205293579E0,1.763482819E0,-8.063731384E-1,2.283164887E0
1.341164500E1,1.052461395E0,1.426533508E0,-5.620811462E-1,1.859733329E0
1.342158400E1,8.948391724E-1,1.240769806E0,-2.905458069E-1,1.557133174E0
1.343152400E1,7.981402588E-1,1.142723694E0,-5.553451538E-2,1.394965733E0
1.344146300E1,7.707472229E-1,1.051712952E0,8.083190918E-2,1.306401627E0
1.345140300E1,8.318202209E-1,9.288185120E-1,1.661544800E-1,1.257869635E0
1.346134200E1,8.864566040E-1,7.303312683E-1,1.360670471E-1,1.156591247E0
1.347128100E1,9.089099121E-1,4.911286926E-1,3.173400879E-2,1.033601310E0
1.348122100E1,9.972262573E-1,2.863545227E-1,-2.380050659E-2,1.037798432E0
1.349116000E1,1.153650970E0,7.963439941E-2,3.682342529E-2,1.156982352E0
1.350109900E1,1.356030121E0,-1.305285645E-1,1.606159973E-1,1.371733536E0
1.351103900E1,1.591640167E0,-2.730322266E-1,2.716850281E-1,1.637582906E0
1.352097800E1,1.940863953E0,-4.135899353E-1,5.162763977E-1,2.050500143E0
1.353091700E1,2.471211090E0,-6.979985046E-1,1.056203613E0,2.776626053E0
1.354085700E1,3.021017761E0,-1.247206421E0,1.627116394E0,3.650969725E0
1.355079600E1,3.493135986E0,-1.917662201E0,2.396516418E0,4.650023471E0
1.356073500E1,2.642904053E0,-2.247725830E0,5.745801544E0,6.712037591E0
1.357067500E1,-7.979905701E-1,-2.691702576E0,1.168829407E1,1.202074332E1
1.358061400E1,-3.804039459E0,-4.227957916E0,1.141092087E1,1.274972390E1
1.359055300E1,-2.931653595E0,-4.647984467E0,4.270918579E0,6.959820250E0
1.360049300E1,-2.586172028E0,-5.326074371E0,2.741548920E0,6.524679643E0
1.361043200E1,-2.750380554E0,-7.380552063E0,2.969824219E-1,7.881962986E0
1.362037200E1,-5.087320862E0,-1.348081650E1,-2.023791504E-1,1.441021181E1
1.363031100E1,-1.089913513E1,-2.300042038E1,-4.294569397E-1,2.545574429E1
1.364025000E1,-2.126298340E1,-3.782828568E1,-7.375163269E-1,4.340089389E1
1.365019000E1,-3.715723114E1,-6.069907562E1,-2.568658447E0,7.121541697E1
1.366012900E1,-4.475917282E1,-7.139942413E1,-2.217488708E0,8.429815285E1
1.367006800E1,-3.113196075E1,-5.966457687E1,3.437601471E0,6.738603578E1
1.368000800E1,-1.797776505E1,-3.989638504E1,9.509724426E0,4.478120626E1
1.368994700E1,-1.506706787E1,-2.342209351E1,9.475146332E0,2.941750153E1
1.369988600E1,-1.461306198E1,-1.473460922E1,6.261778564E0,2.167625798E1
1.370982600E1,-1.339414673E1,-1.111498627E1,3.389252014E0,1.773226200E1
1.371976500E1,-1.176747940E1,-1.025622208E1,8.901988220E-1,1.563509247E1
1.372970400E1,-1.070139633E1,-1.030861313E1,-7.496411133E-1,1.487781402E1
1.373964400E1,-9.849218445E0,-1.053389465E1,-2.133962402E0,1.457819728E1
1.374958300E1,-8.848998413E0,-1.008078690E1,-2.839145966E0,1.371086384E1
1.375952300E1,-7.900720367E0,-8.819360046E0,-2.816842346E0,1.217115832E1
1.376946200E1,-6.432872772E0,-6.925498352E0,-2.310146027E0,9.730424153E0
1.377940100E1,-4.919819183E0,-5.004992065E0,-7.773335266E-1,7.061077381E0
1.378934100E1,-3.376528473E0,-3.110082550E0,1.317111053E0,4.775807735E0
1.379928000E1,-1.948947144E0,-1.495839386E0,2.594704285E0,3.573292706E0
1.380921900E1,-8.822653198E-1,-4.314028931E-1,3.080144806E0,3.232923225E0
1.381915900E1,2.885998535E-1,1.111887817E0,3.553161163E0,3.734238697E0
1.382909800E1,1.142424316E0,2.801873474E0,4.222419434E0,5.194656308E0
1.383903700E1,1.730850677E0,4.019441528E0,4.539759521E0,6.305645945E0
1.384897700E1,2.067051544E0,4.580624542E0,4.520150299E0,6.759185011E0
1.385891600E1,2.441722412E0,4.430037689E0,4.075275421E0,6.495776476E0
1.386885500E1,2.991229706E0,3.615880737E0,3.135978699E0,5.644148391E0
1.387879500E1,3.528312836E0,2.236349487E0,2.007475433E0,4.634674542E0
1.388873400E1,3.544179840E0,9.023236084E-1,1.231788483E0,3.859106308E0
1.389867300E1,3.296744385E0,1.815724182E-1,3.209326172E-1,3.317301588E0
1.390861300E1,2.506837006E0,-1.884580994E-1,-8.445437622E-1,2.651980843E0
1.391855200E1,1.462907867E0,-3.838018799E-1,-1.254990234E0,1.965299926E0
1.392849200E1,6.830296326E-1,-5.191204834E-1,-1.106798401E0,1.400363615E0
1.393843100E1,1.011895752E-1,-5.629792786E-1,-1.093925171E0,1.234446142E0
1.394837000E1,-1.694476318E-1,-5.281018066E-1,-1.341360626E0,1.451500034E0
1.395831000E1,-1.911524963E-1,-3.996688843E-1,-1.701811066E0,1.758532171E0
1.396824900E1,-2.225871277E-1,-2.520758057E-1,-1.972897339E0,2.001352331E0
1.397818800E1,-3.770658875E-1,-1.673519897E-1,-2.022294617E0,2.063943044E0
1.398812800E1,-5.134323120E-1,-1.058299255E-1,-1.879491577E0,1.951230714E0
1.399806700E1,-5.279521179E-1,-2.484832764E-2,-1.567091217E0,1.653821563E0
1.400800600E1,-4.317022705E-1,7.559280396E-2,-1.218765564E0,1.295172044E0
1.401794600E1,-2.113604736E-1,1.791773987E-1,-9.240284729E-1,9.646794332E-1
1.402788500E1,1.411564636E-1,2.643502808E-1,-5.722599792E-1,6.459780972E-1
1.403782500E1,4.559518433E-1,3.092568970E-1,-5.418731689E-2,5.535956801E-1
1.404776400E1,7.014413452E-1,2.998265076E-1,1.859732666E0,2.010104844E0
1.405770300E1,2.094145203E0,-1.197060699E0,1.118683685E1,1.144393801E1
1.406764300E1,5.243895264E0,-5.291645966E0,2.232218079E1,2.353252451E1
1.407758200E1,4.952002258E0,-8.662635956E0,1.309551773E1,1.646378367E1
1.408752100E1,1.646575928E-3,-8.900341644E0,4.366719360E0,9.913844969E0
1.409746100E1,-4.119583282E0,-6.453529816E0,-1.702709198E0,7.843355922E0
1.410740000E1,-5.908662872E0,-7.234904938E0,-3.932322693E0,1.013505344E1
1.411733900E1,-9.003776550E0,-1.172691376E1,-3.127895508E0,1.511198957E1
1.412727900E1,-1.189725952E1,-1.786998917E1,-1.660646667E0,2.153227912E1
1.413721800E1,-1.902738235E1,-2.517150558E1,-3.063828735E0,3.170225574E1
1.414715700E1,-2.791829361E1,-3.833123978E1,-6.084846497E-1,4.742452229E1
1.415709700E1,-3.312192261E1,-5.209302200E1,6.144123230E0,6.203623900E1
1.416703600E1,-2.594120499E1,-4.258344727E1,1.397942963E0,4.988236504E1
1.417697500E1,-1.661948959E1,-3.732742722E1,6.822362823E0,4.142570327E1
1.418691500E1,-1.526495636E1,-2.800930435E1,1.497126709E1,3.523746389E1
1.419685400E1,-1.904848846E1,-1.969170090E1,7.287595367E0,2.834990376E1
1.420679400E1,-2.186712708E1,-1.581985245E1,2.166744232E0,2.707644287E1
1.421673300E1,-2.253369095E1,-1.450543579E1,2.139800262E0,2.688407782E1
1.422667200E1,-2.157718002E1,-1.519445297E1,2.147135010E0,2.647746755E1
1.423661200E1,-2.070419540E1,-1.582988159E1,1.717827759E0,2.611895463E1
1.424655100E1,-1.843611191E1,-1.443493240E1,5.691165161E-1,2.342181439E1
1.425649000E1,-1.509999939E1,-1.266381546E1,-2.537223816E-1,1.970904814E1
1.426643000E1,-1.158710449E1,-1.112471603E1,-8.039781189E-1,1.608311780E1
1.427636900E1,-8.247399445E0,-9.026828613E0,-1.412612457E0,1.230848107E1
1.428630800E1,-5.206473083E0,-6.800807648E0,-1.651665344E0,8.722748709E0
1.429624800E1,-2.471510468E0,-4.829706573E0,-1.360221405E0,5.593266653E0
1.430618700E1,-5.307962036E-1,-3.071612549E0,-7.081773376E-1,3.196570569E0
1.431612600E1,7.674540710E-1,-1.871258698E0,2.463876343E-1,2.037474351E0
1.432606600E1,1.942211151E0,-6.334826660E-1,1.011746063E0,2.279718083E0
1.433600500E1,2.850222931E0,5.304968262E-1,1.504671021E0,3.266379114E0
1.434594400E1,3.608695679E0,1.504671021E0,1.839524689E0,4.320945552E0
1.435588400E1,3.985462189E0,2.204914856E0,2.235151978E0,5.073604512E0
1.436582300E1,4.309987335E0,2.470762024E0,2.542163544E0,5.580613881E0
1.437576300E1,4.873415680E0,2.260599060E0,2.681374054E0,6.004186483E0
1.438570200E1,5.478158112E0,1.624421997E0,2.595602417E0,6.275835803E0
1.439564100E1,5.785169678E0,5.668711853E-1,2.200274506E0,6.215363146E0
1.440558100E1,5.131928101E0,-5.739065552E-1,1.510359192E0,5.380263902E0
1.441552000E1,3.907025299E0,-1.151405640E0,7.316784668E-1,4.138349310E0
1.442545900E1,2.978506165E0,-1.271605682E0,1.510359192E-1,3.242112249E0
1.443539900E1,2.490970001E0,-1.384770355E0,-2.125579834E-1,2.857919065E0
1.444533800E1,2.278262329E0,-1.533860321E0,-3.014730835E-1,2.762986201E0
1.445527700E1,2.038311310E0,-1.745969238E0,-2.104623413E-1,2.692102519E0
1.446521700E1,1.529519348E0,-1.952090607E0,-3.299139404E-1,2.501785439E0
1.447515600E1,8.411009216E-1,-2.000889130E0,-6.391708374E-1,2.262641693E0
1.448509500E1,1.600172424E-1,-1.891616364E0,-8.970845032E-1,2.099661542E0
1.449503500E1,-3.354524231E-1,-1.709744568E0,-1.119521942E0,2.071010428E0
1.450497400E1,-6.454577637E-1,-1.481469269E0,-1.222208405E0,2.026119518E0
1.451491400E1,-7.822732544E-1,-1.216220856E0,-1.257534943E0,1.916386899E0
1.452485300E1,-8.396040344E-1,-9.849517822E-1,-1.337169342E0,1.860937075E0
1.453479200E1,-8.008346558E-1,-6.691085815E-1,-1.428778839E0,1.769308173E0
1.454473200E1,-7.209008789E-1,-2.592608643E-1,-1.263223114E0,1.477378391E0
1.455467100E1,-5.915698242E-1,1.646575928E-1,-9.503736877E-1,1.131493317E0
1.456461000E1,-5.083428955E-1,4.658312988E-1,-6.677613831E-1,9.598523653E-1
1.457455000E1,-1.319805450E0,1.215322723E0,2.934946747E0,3.439884904E0
1.458448900E1,-4.265978851E0,2.376009064E0,1.673669586E1,1.743447685E1
1.459442800E1,-7.155420227E0,9.758207703E-1,2.519829987E1,2.621271792E1
1.460436800E1,-6.058950348E0,-1.781295776E0,4.908742218E0,7.998727657E0
1.461430700E1,-3.801045685E0,-3.600013733E0,-5.796695709E0,7.810872443E0
1.462424600E1,-8.075107727E0,-6.303092651E0,-1.354383545E0,1.033299069E1
1.463418600E1,-1.074465637E1,-1.060409866E1,-1.532513123E0,1.517376504E1
1.464412500E1,-1.580203949E1,-1.706975327E1,-6.052064667E0,2.403556563E1
1.465406500E1,-2.873170212E1,-2.807471832E1,-7.449109497E0,4.085571867E1
1.466400400E1,-4.175013016E1,-4.127591629E1,-1.102083206E1,5.973469154E1
1.467394300E1,-4.545268066E1,-6.057932465E1,-9.942923584E0,7.638496242E1
1.468388300E1,-2.822291016E1,-5.108112625E1,-2.415676575E0,5.840932811E1
1.469382200E1,-1.978495697E1,-4.349370438E1,5.720653839E0,4.812351528E1
1.470376100E1,-2.001203476E1,-3.510814224E1,1.735670654E1,4.398088731E1
1.471370100E1,-1.737451950E1,-2.250764511E1,1.770473282E1,3.349515757E1
1.472364000E1,-1.599798203E1,-1.485570740E1,1.324221268E1,2.553397086E1
1.473357900E1,-1.669313644E1,-1.174337952E1,1.108265350E1,2.322483532E1
1.474351900E1,-1.647833313E1,-1.105331451E1,8.652457123E0,2.164662188E1
1.475345800E1,-1.502201157E1,-1.040860519E1,5.846841431E0,1.918815906E1
1.476339700E1,-1.269959106E1,-8.934171295E0,2.936443634E0,1.580258622E1
1.477333700E1,-1.043974045E1,-7.059170380E0,8.846603394E-2,1.260269389E1
1.478327600E1,-8.376580811E0,-5.846392365E0,-1.322799225E0,1.030034987E1
1.479321500E1,-6.037395172E0,-5.186265106E0,-2.775528259E0,8.429178094E0
1.480315500E1,-3.363804932E0,-4.150568848E0,-4.246219940E0,6.824425921E0
1.481309400E1,-1.384920044E0,-2.708168335E0,-4.836741943E0,5.713689866E0
1.482303400E1,3.516188049E-1,-1.336121521E0,-4.367617493E0,4.580932118E0
1.483297300E1,1.613045654E0,-2.192939758E-1,-3.251239014E0,3.636008973E0
1.484291200E1,2.333647156E0,7.391629028E-1,-2.092348938E0,3.220278703E0
1.485285200E1,2.914439392E0,1.559157715E0,-1.074016571E0,3.475405206E0
1.486279100E1,3.006048889E0,2.395318909E0,-4.775070190E-2,3.843977462E0
1.487273000E1,2.731819153E0,3.096760254E0,8.539741516E-1,4.216874649E0
1.488267000E1,3.100652161E0,3.465293884E0,1.752555542E0,4.969281281E0
1.489260900E1,3.668122101E0,3.491040344E0,2.373763733E0,5.592605537E0
1.490254800E1,3.598067780E0,3.138972473E0,2.116149445E0,5.222770185E0
1.491248800E1,3.356619873E0,2.742746429E0,1.481020203E0,4.580717825E0
1.492242700E1,3.034639435E0,2.371368713E0,8.798703003E-1,3.950518677E0
1.493236600E1,2.435285797E0,1.983525238E0,4.354444885E-1,3.170899113E0
1.494230600E1,1.691931610E0,1.525627441E0,3.385958862E-1,2.303219233E0
1.495224500E1,1.330732727E0,1.185983734E0,4.424798584E-1,1.836626101E0
1.496218500E1,1.116977234E0,7.990383911E-1,3.860472107E-1,1.426580857E0
1.497212400E1,8.916957092E-1,4.375401306E-1,5.209167480E-2,9.946236204E-1
1.498206300E1,6.225553894E-1,1.796264648E-1,-3.073109436E-1,7.171338061E-1
1.499200300E1,3.941304016E-1,3.772155762E-2,-5.062472534E-1,6.426880822E-1
1.500194200E1,2.613565063E-1,-1.321751404E-1,-5.981561279E-1,6.660091925E-1
1.501188100E1,1.745370483E-1,-3.466790771E-1,-6.815327454E-1,7.843063475E-1
1.502182100E1,1.134640503E-1,-5.498066711E-1,-7.652087402E-1,9.490552579E-1
1.503176000E1,7.544311523E-2,-7.351213074E-1,-7.122189331E-1,1.026328802E0
1.504169900E1,2.604583740E-2,-9.445358276E-1,-5.345384216E-1,1.085613946E0
1.505163900E1,-4.790039063E-2,-1.154249725E0,-2.653981018E-1,1.185336673E0
1.506157800E1,-1.255888367E-1,-1.437161407E0,8.577163696E-2,1.445185884E0
1.507151700E1,1.791773987E-1,-2.167792053E0,1.346300354E0,2.558114847E0
1.508145700E1,5.212161255E-1,-2.851270752E0,3.264411621E0,4.365523380E0
1.509139600E1,3.912863159E-1,-2.484084320E0,4.506378937E0,5.160545612E0
1.510133600E1,-8.173004150E-2,-2.056423645E0,7.394922180E0,7.675964569E0
1.511127500E1,-2.293979645E0,-2.852767639E0,1.553394699E1,1.595945284E1
1.512121400E1,-4.577032013E0,-3.967050476E0,6.457571411E0,8.853639933E0
1.513115400E1,-3.631598053E0,-3.365750885E0,-4.856201477E0,6.935378593E0
1.514109300E1,-7.482939148E0,-5.532046051E0,-1.379531250E0,9.407497982E0
1.515103200E1,-1.271605682E1,-1.041025177E1,1.937421112E0,1.654765976E1
1.516097200E1,-1.632220779E1,-1.542811707E1,-3.379971313E0,2.271267200E1
1.517091100E1,-2.776261734E1,-2.448383560E1,-6.368656311E0,3.756036356E1
1.518085000E1,-4.371883621E1,-4.042089432E1,-7.281308441E0,5.998502138E1
1.519079000E1,-5.039016312E1,-5.547778336E1,-2.411036224E0,7.498510573E1
1.520072900E1,-3.470682678E1,-4.978497162E1,2.299967194E0,6.073217494E1
1.521066800E1,-2.459729965E1,-4.535059296E1,8.447832642E0,5.227876536E1
1.522060800E1,-2.414389252E1,-3.339255981E1,1.607641891E1,4.423168369E1
1.523054700E1,-2.274669800E1,-2.145398621E1,1.770548126E1,3.593285211E1
1.524048600E1,-1.978331039E1,-1.327170135E1,1.460243408E1,2.794187732E1
1.525042600E1,-1.863340164E1,-9.181457062E0,9.964927826E0,2.303915357E1
1.526036500E1,-1.695569046E1,-8.033494263E0,6.148763580E0,1.974436027E1
1.527030500E1,-1.501422775E1,-7.951315155E0,3.495081940E0,1.734549064E1
1.528024400E1,-1.301139267E1,-7.555238800E0,1.850601654E0,1.515924467E1
1.529018300E1,-1.111558502E1,-6.682553558E0,9.924362183E-2,1.297006560E1
1.530012300E1,-9.391919403E0,-5.795797577E0,-1.959125977E0,1.120881770E1
1.531006200E1,-7.362888794E0,-4.979694672E0,-3.331472168E0,9.492533762E0
1.532000100E1,-5.311105499E0,-4.120331726E0,-3.963757324E0,7.803611169E0
1.532994100E1,-3.182980957E0,-3.036884766E0,-4.160597992E0,6.055131089E0
1.533988000E1,-1.247805176E0,-1.817071381E0,-3.715423737E0,4.320085613E0
1.534981900E1,4.968168640E-1,-5.525010681E-1,-3.469335480E0,3.548009738E0
1.535975867E1,1.713786163E0,6.647676086E-1,-3.181035004E0,3.673957360E0
1.536969767E1,2.465522919E0,1.634750519E0,-2.813100128E0,4.082247525E0
1.537963667E1,2.979404297E0,2.475851440E0,-2.394420776E0,4.554112556E0
1.538957667E1,3.427272949E0,3.244203644E0,-1.760938110E0,5.037058683E0
1.539951567E1,3.708687744E0,4.146377563E0,-4.851411438E-1,5.584100072E0
1.540945567E1,3.296295319E0,4.750221863E0,9.819580078E-1,5.864674936E0
1.541939467E1,3.173700256E0,5.121150513E0,2.345921631E0,6.465439211E0
1.542933367E1,3.382665710E0,5.322332153E0,3.327729950E0,7.130458153E0
1.543927367E1,3.766617279E0,5.209167480E0,3.521427155E0,7.329616687E0
1.544921267E1,2.754272461E0,4.323609009E0,2.595752106E0,5.746089161E0
1.545915167E1,5.536985779E-1,2.977308655E0,1.304387512E0,3.297328574E0
1.546909167E1,-7.244934082E-1,1.936522980E0,8.906478882E-1,2.251280882E0
1.547903067E1,-1.049766998E0,1.070124664E0,7.695497131E-1,1.685047272E0
1.548896967E1,-1.182241516E0,3.799099731E-1,7.667056274E-1,1.459405396E0
1.549890967E1,-1.275946655E0,-2.213896179E-1,8.229885864E-1,1.534393510E0
1.550884867E1,-1.335073700E0,-8.626560974E-1,9.301657104E-1,1.841685526E0
1.551878767E1,-1.148711243E0,-1.493144989E0,1.111738129E0,2.187459975E0
1.552872767E1,-4.396357727E-1,-1.904040527E0,1.336570587E0,2.367503089E0
1.553866667E1,6.039939880E-1,-2.086361389E0,1.611099701E0,2.704321510E0
1.554860667E1,1.567240906E0,-2.167492676E0,1.810485077E0,3.229879993E0
1.555854567E1,2.241588593E0,-2.279609528E0,1.822310486E0,3.679966647E0
1.556848467E1,2.481689301E0,-2.375110931E0,1.590891724E0,3.785613583E0
1.557842467E1,2.319426727E0,-2.334545288E0,1.191971283E0,3.500091082E0
1.558836367E1,2.141446838E0,-2.412982178E0,6.011499023E-1,3.281715825E0
1.559830267E1,2.089504852E0,-2.745291138E0,2.151026917E-1,3.456721442E0
1.560824267E1,1.677411804E0,-3.824097748E0,1.249601440E0,4.358777088E0
1.561818167E1,-7.894583130E-1,-5.937103729E0,7.066056061E0,9.262914950E0
1.562812067E1,-5.716013489E0,-6.967710571E0,9.858349457E0,1.335697776E1
1.563806067E1,-9.161698151E0,-6.114784241E0,7.668553162E0,1.342140108E1
1.564799967E1,-1.407014099E1,-6.102360077E0,1.123713226E1,1.901264862E1
1.565793867E1,-1.569680832E1,-1.056502991E1,8.506809998E0,2.074549264E1
1.566787867E1,-2.181174225E1,-1.891227173E1,3.043471069E0,2.902910329E1
1.567781767E1,-3.966631348E1,-3.159943863E1,-3.061134338E0,5.080660872E1
1.568775667E1,-5.668921417E1,-4.090588577E1,-8.356522522E0,7.040447403E1
1.569769667E1,-5.309324203E1,-3.926499802E1,-6.278244324E0,6.633286343E1
1.570763567E1,-2.852183853E1,-3.077465378E1,5.012775879E0,4.225757341E1
1.571757567E1,-1.755684036E1,-2.322645035E1,1.443777649E1,3.249861580E1
1.572751467E1,-1.663490753E1,-1.669238800E1,1.660631699E1,2.882925128E1
1.573745367E1,-1.696137863E1,-1.162826889E1,1.280931290E1,2.422774235E1
1.574739367E1,-1.754905655E1,-8.807235260E0,5.866750031E0,2.049281666E1
1.575733267E1,-1.746388367E1,-8.409961395E0,1.323547668E0,1.942849613E1
1.576727167E1,-1.516885620E1,-8.835077362E0,-1.378932495E0,1.760835726E1
1.577721167E1,-1.271036865E1,-9.506281586E0,-3.190764771E0,1.618962139E1
1.578715067E1,-1.067819458E1,-1.039812698E1,-4.594545593E0,1.559662571E1
1.579708967E1,-8.615034943E0,-9.958042145E0,-5.971382446E0,1.445817550E1
1.580702967E1,-6.504274292E0,-8.485105133E0,-6.619384918E0,1.257453180E1
1.581696867E1,-5.018164673E0,-6.666686554E0,-4.399501190E0,9.433042829E0
1.582690867E1,-4.088448029E0,-4.269870758E0,-9.171427917E-1,5.982336874E0
1.583684767E1,-3.080593872E0,-1.363364868E0,1.840123444E0,3.838603477E0
1.584678667E1,-1.489402771E0,1.070873108E0,4.073030090E0,4.467064354E0
1.585672667E1,5.056484985E-1,2.813249817E0,6.139033813E0,6.771838089E0
1.586666567E1,2.522853699E0,4.080514526E0,7.574698334E0,8.966127616E0
1.587660467E1,4.088747406E0,4.504732361E0,7.602540436E0,9.736995947E0
1.588654467E1,5.251379700E0,4.023932190E0,6.807244263E0,9.492501961E0
1.589648367E1,5.757626953E0,2.941083984E0,5.836662598E0,8.710159207E0
1.590642267E1,4.252955933E0,6.652166748E-1,5.224735107E0,6.769638420E0
1.591636267E1,2.404599609E0,-1.600621490E0,4.079466705E0,4.998613511E0
1.592630167E1,8.804690552E-1,-2.925067291E0,2.662213898E0,4.051990530E0
1.593624067E1,-3.384461975E-1,-3.744014282E0,1.674717407E0,4.115442524E0
1.594618067E1,-7.848179626E-1,-3.979624329E0,8.024812317E-1,4.134891191E0
1.595611967E1,-7.682025146E-1,-3.541784821E0,-3.367996216E-2,3.624294298E0
1.596605867E1,-6.186634827E-1,-2.868185577E0,-7.993377686E-1,3.041081038E0
1.597599867E1,-2.966830444E-1,-2.448907471E0,-1.133143616E0,2.714623930E0
1.598593767E1,9.999206543E-2,-2.092348938E0,-1.404529266E0,2.522027944E0
1.599587767E1,3.122506714E-1,-1.673519897E0,-1.720671844E0,2.420512534E0
1.600581667E1,4.858895874E-1,-1.213526459E0,-2.035616913E0,2.419188164E0
1.601575567E1,6.062393188E-1,-7.864645386E-1,-2.216141510E0,2.428443076E0
1.602569567E1,7.035369873E-1,-3.929328918E-1,-2.283202057E0,2.421233608E0
1.603563467E1,8.524772644E-1,-1.273851013E-1,-2.134261780E0,2.301742339E0
1.604557367E1,9.729766846E-1,2.784210205E-2,-1.793869629E0,2.040937789E0
1.605551367E1,9.509724426E-1,1.335223389E-1,-1.441352692E0,1.731956808E0
1.606545267E1,8.738827515E-1,2.423460388E-1,-1.234931946E0,1.532142153E0
1.607539167E1,6.487509155E-1,3.287164307E-1,-1.012793884E0,1.246869558E0
1.608533167E1,3.891906738E-2,2.872526550E-1,-6.497987366E-1,7.115245461E-1
1.609527067E1,-1.000818787E0,4.120930481E-1,1.108444977E0,1.549228579E0
1.610520967E1,-4.052073669E0,1.427132263E0,1.432745590E1,1.495767362E1
1.611514967E1,-7.761659546E0,4.855902100E-1,2.655807220E1,2.767327874E1
1.612508867E1,-7.742649078E0,-2.333198090E0,5.995632019E0,1.006677860E1
1.613502867E1,-6.956334229E0,-4.589755554E0,-5.037773895E0,9.738357550E0
1.614496767E1,-1.185459824E1,-8.461604004E0,-1.484313354E0,1.464013073E1
1.615490667E1,-1.725297226E1,-1.327619202E1,-3.975433044E0,2.212976263E1
1.616484667E1,-2.675401474E1,-1.929846863E1,-7.080126801E0,3.373924112E1
1.617478567E1,-3.814068604E1,-2.724125153E1,-7.152127075E0,4.741255781E1
1.618472467E1,-4.564757538E1,-4.528862183E1,2.190245361E0,6.433939368E1
1.619466467E1,-3.354763733E1,-3.925437012E1,2.736758881E0,5.170918093E1
1.620460367E1,-2.699351669E1,-2.985287064E1,9.906848602E0,4.144863662E1
1.621454267E1,-2.520997559E1,-2.168076462E1,1.987581802E1,3.873817969E1
1.622448267E1,-2.144425644E1,-1.477367798E1,1.336959778E1,2.927223668E1
1.623442167E1,-1.873114838E1,-1.100736008E1,7.907156982E0,2.312014332E1
1.624436067E1,-1.833477264E1,-9.389075317E0,6.511908417E0,2.160378611E1
1.625430067E1,-1.868145172E1,-1.132290390E1,3.143463135E0,2.207002836E1
1.626423967E1,-1.802910828E1,-1.353799759E1,1.194965057E0,2.257773384E1
1.627417967E1,-1.726554611E1,-1.514206192E1,-4.300556946E-1,2.296880645E1
1.628411867E1,-1.582329529E1,-1.433404221E1,-2.342179413E0,2.147852984E1
1.629405767E1,-1.400113449E1,-1.126213028E1,-3.190315704E0,1.824953314E1
1.630399767E1,-1.125539429E1,-7.969726868E0,-2.678230591E0,1.404896316E1
1.631393667E1,-8.258626099E0,-5.118456116E0,-1.537303162E0,9.837011693E0
1.632387567E1,-6.042035522E0,-2.833906860E0,-9.825567627E-1,6.745564405E0
1.633381567E1,-4.624782715E0,-9.208850098E-1,-7.291337585E-1,4.771611929E0
1.634375467E1,-3.636238403E0,3.041674805E-1,-7.783813477E-2,3.649767987E0
1.635369367E1,-2.381996613E0,9.859996033E-1,4.478686523E-1,2.616617933E0
1.636363417E1,-4.096980286E-1,1.485810242E0,6.735992432E-1,1.682028683E0
1.637357317E1,1.656305695E0,1.979184265E0,9.874964905E-1,2.763271291E0
1.638351217E1,3.267405396E0,2.490820312E0,1.350641327E0,4.324853274E0
1.639345217E1,4.413422241E0,2.859803009E0,1.750908966E0,5.542783717E0
1.640339117E1,5.846542053E0,2.728675690E0,2.095642090E0,6.783763024E0
1.641333117E1,7.267686768E0,2.248025208E0,2.066303101E0,7.883051236E0
1.642327017E1,8.266709290E0,1.364861755E0,2.560425568E0,8.761113467E0
1.643320917E1,7.721542969E0,-3.005749512E-1,4.014501801E0,8.707973118E0
1.644314917E1,5.149142303E0,-2.354753265E0,5.381159821E0,7.811236164E0
1.645308817E1,2.472109222E0,-3.660637665E0,5.288652191E0,6.890677334E0
1.646302717E1,3.567082214E-1,-3.677552490E0,3.442690887E0,5.050124119E0
1.647296717E1,-1.038390656E0,-2.728526001E0,1.149908752E0,3.137737948E0
1.648290617E1,-1.554816742E0,-1.818418579E0,-5.020559692E-1,2.444618871E0
1.649284517E1,-1.526824951E0,-1.353335724E0,-1.308429108E0,2.423777783E0
1.650278517E1,-1.243613892E0,-1.139580231E0,-1.651066589E0,2.360347325E0
1.651272417E1,-1.031654663E0,-8.144563293E-1,-2.058519287E0,2.442366089E0
1.652266317E1,-9.068142700E-1,-3.929328918E-1,-2.366578674E0,2.564644810E0
1.653260317E1,-7.201524353E-1,7.484436035E-3,-2.268083496E0,2.379680292E0
1.654254217E1,-3.941304016E-1,3.013233948E-1,-1.700314178E0,1.771215082E0
1.655248217E1,-6.242019653E-2,4.909790039E-1,-1.065184937E0,1.174553367E0
1.656242117E1,1.019380188E-1,5.828878784E-1,-6.101312256E-1,8.499469106E-1
1.657236017E1,1.044827271E-1,6.168672180E-1,-3.050656128E-1,6.960652506E-1
1.658230017E1,4.715194702E-2,6.641688538E-1,-1.199006653E-1,6.765498813E-1
1.659223917E1,-4.116439819E-2,6.375242615E-1,1.242416382E-2,6.389726532E-1
1.660217817E1,-2.436932373E-1,4.472698975E-1,1.410067749E-1,5.285070157E-1
1.661211817E1,-8.313711548E-1,2.127076721E-1,2.704276428E0,2.837169990E0
1.662205717E1,-3.753744049E0,-1.823208618E-1,2.624986313E1,2.651752533E1
1.663199617E1,-5.990093536E0,-2.368824005E0,1.799123703E1,1.910960904E1
1.664193617E1,-5.102140045E0,-2.700833588E0,-5.297483826E0,7.835156029E0
1.665187517E1,-7.784561920E0,-3.868854675E0,-4.130660248E0,9.624437379E0
1.666181417E1,-1.238599319E1,-6.454128571E0,-4.442761230E0,1.465628638E1
1.667175417E1,-1.866393814E1,-1.039962387E1,-5.262306976E0,2.200424137E1
1.668169317E1,-2.907793213E1,-1.781714905E1,-5.306315460E0,3.451280807E1
1.669163317E1,-4.177662506E1,-3.055296478E1,-3.203039246E0,5.185585328E1
1.670157217E1,-4.875930450E1,-3.474290176E1,-3.523822174E0,5.997463065E1
1.671151117E1,-4.299404343E1,-3.245640656E1,-3.442840576E-3,5.386934294E1
1.672145117E1,-3.056883179E1,-2.880130737E1,1.039767792E1,4.326754545E1
1.673139017E1,-2.477213608E1,-1.825154572E1,1.387539597E1,3.375358144E1
1.674132917E1,-2.360501312E1,-1.125898682E1,1.004516098E1,2.801547229E1
1.675126917E1,-2.287228683E1,-7.881859589E0,7.553592224E0,2.534407172E1
1.676120817E1,-2.299548065E1,-7.048542480E0,5.582191772E0,2.469078667E1
1.677114717E1,-2.327390167E1,-9.202114105E0,3.624263306E0,2.528811356E1
1.678108717E1,-2.198358490E1,-1.207449097E1,2.572400665E0,2.521286541E1
1.679102617E1,-1.881108215E1,-1.236353989E1,1.673070831E0,2.257239678E1
1.680096517E1,-1.540551407E1,-1.042222687E1,3.261717224E-1,1.860266284E1
1.681090517E1,-1.221280334E1,-7.937244415E0,-8.924441528E-1,1.459276776E1
1.682084417E1,-9.304501190E0,-6.161636810E0,-1.529219971E0,1.126401457E1
1.683078417E1,-6.571334839E0,-4.775519257E0,-1.791324921E0,8.318465646E0
1.684072317E1,-4.330494690E0,-3.426225128E0,-2.283800812E0,5.975612859E0
1.685066217E1,-2.772235107E0,-2.298170929E0,-2.650538177E0,4.471267129E0
1.686060217E1,-1.838925934E0,-1.311572571E0,-2.657723236E0,3.487888186E0
1.687054117E1,-7.292834473E-1,-3.727249146E-1,-2.672542419E0,2.795221135E0
1.688048017E1,1.092428284E0,5.146298218E-1,-1.733545074E0,2.112681219E0
1.689042017E1,2.656525726E0,1.278491364E0,1.167572021E-2,2.948186803E0
1.690035917E1,4.204456787E0,1.705104218E0,1.359922028E0,4.736478142E0
1.691029817E1,5.989345093E0,1.663490753E0,2.703677673E0,6.778593445E0
1.692023817E1,8.097111969E0,1.363514557E0,4.905748444E0,9.564975796E0
1.693017717E1,1.013916550E1,6.541397095E-1,7.814200287E0,1.281765586E1
1.694011617E1,8.865164795E0,-5.520520020E-1,6.494544525E0,1.100340933E1
1.695005617E1,5.001249847E0,-9.129515076E-1,3.170257416E0,5.991369841E0
1.695999517E1,2.162253571E0,-9.493258667E-1,1.381327515E0,2.735804417E0
1.696993517E1,8.108638000E-1,-1.233135681E0,7.313790894E-1,1.647130560E0
1.697987417E1,6.137237549E-2,-1.547631683E0,4.436773682E-1,1.611142453E0
1.698981317E1,-2.164498901E-1,-1.832339630E0,2.197430420E-1,1.858118963E0
1.699975317E1,-4.315525818E-1,-2.163451080E0,1.014889526E-1,2.208406261E0
1.700969217E1,-7.581733704E-1,-2.662662964E0,1.814227295E-1,2.774439606E0
1.701963117E1,-1.035995636E0,-3.033591614E0,2.186952209E-1,3.213065925E0
1.702957117E1,-1.033750305E0,-2.835254059E0,-1.646575928E-3,3.017831669E0
1.703951017E1,-9.243278503E-1,-2.303260345E0,-2.748284912E-1,2.496982357E0
1.704944917E1,-9.053173828E-1,-1.800306244E0,-4.517605591E-1,2.065136736E0
1.705938917E1,-8.574169922E-1,-1.249751129E0,-6.474037170E-1,1.648081720E0
1.706932817E1,-7.508386230E-1,-6.997947693E-1,-8.575666809E-1,1.337494661E0
1.707926717E1,-6.697073364E-1,-2.748284912E-1,-9.297166443E-1,1.178308811E0
1.708920717E1,-6.972500610E-1,5.284011841E-2,-8.005352783E-1,1.062923543E0
1.709914617E1,-6.779402161E-1,3.424877930E-1,-5.484594727E-1,9.368610452E-1
1.710908617E1,-4.581971741E-1,6.162684631E-1,-1.679507446E-1,7.860909118E-1
1.711902517E1,-2.595602417E-1,7.476951599E-1,1.980381775E-1,8.158668341E-1
1.712896417E1,-6.493496704E-1,9.915380859E-1,2.041604462E0,2.360709967E0
1.713890417E1,-4.182452545E0,4.025728455E0,2.602982071E1,2.666928880E1
1.714884317E1,-6.697372742E0,3.530258789E0,2.146431473E1,2.276036765E1
1.715878217E1,-5.262905731E0,-5.013075256E-1,-5.027445374E0,7.295525543E0
1.716872217E1,-7.417225800E0,-1.923799438E0,-3.797602844E0,8.552077537E0
1.717866117E1,-1.119985977E1,-3.861519928E0,-4.639601898E0,1.272297531E1
1.718860017E1,-1.707589050E1,-8.036338348E0,-7.030879211E0,2.013956387E1
1.719854017E1,-2.880639679E1,-1.436083649E1,-8.797804871E0,3.336830069E1
1.720847917E1,-4.882606567E1,-3.144211578E1,-6.474486237E0,5.843381133E1
1.721841817E1,-6.103407898E1,-4.012585785E1,-7.013365631E0,7.337867921E1
1.722835817E1,-5.217086014E1,-3.359853149E1,-4.096980286E0,6.218878688E1
1.723829717E1,-3.125680115E1,-3.071582611E1,1.335537735E1,4.581283331E1
1.724823717E1,-2.188733505E1,-2.217473740E1,2.343451767E1,3.898654938E1
1.725817617E1,-2.017175262E1,-1.455423431E1,1.275183243E1,2.795236252E1
1.726811517E1,-1.988734406E1,-1.058643539E1,1.036953644E1,2.480133774E1
1.727805517E1,-1.966146378E1,-9.467512207E0,8.433013458E0,2.339492811E1
1.728799417E1,-1.922796524E1,-1.112366821E1,4.464017029E0,2.265784831E1
1.729793317E1,-1.778751068E1,-1.178663956E1,1.563348999E0,2.139543102E1
1.730787317E1,-1.577359863E1,-1.085542603E1,-2.877017212E-1,1.915018173E1
1.731781217E1,-1.372166565E1,-8.998088379E0,-1.509910126E0,1.647815315E1
1.732775117E1,-1.168634811E1,-7.195237427E0,-2.422262878E0,1.393590798E1
1.733769117E1,-9.425749054E0,-5.649551697E0,-2.864892426E0,1.135648661E1
1.734763017E1,-7.153324585E0,-4.331243134E0,-2.812950439E0,8.822834571E0
1.735756917E1,-5.044060822E0,-3.010539551E0,-2.516117706E0,6.390363548E0
1.736750937E1,-3.295247498E0,-2.016307068E0,-2.119292908E0,4.406308284E0
1.737744837E1,-1.870510254E0,-1.372046814E0,-2.153421936E0,3.165208856E0
1.738738837E1,-3.116519165E-1,-8.430468750E-1,-2.001038818E0,2.193629710E0
1.739732737E1,1.128353577E0,-1.930984497E-1,-1.047521667E0,1.551699213E0
1.740726637E1,2.188598785E0,4.592449951E-1,-3.306623840E-1,2.260576966E0
1.741720637E1,3.735482025E0,1.181792450E0,4.574487305E-1,3.944580928E0
1.742714537E1,6.082002411E0,2.150428162E0,2.661914520E0,6.978601831E0
1.743708437E1,8.727451172E0,3.506607971E0,6.413862305E0,1.138430205E1
1.744702437E1,1.082279388E1,4.186943207E0,8.600215759E0,1.444392855E1
1.745696337E1,9.826914825E0,3.571423187E0,7.165449371E0,1.267544805E1
1.746690237E1,6.350693665E0,2.473157043E0,4.289929047E0,8.053030921E0
1.747684237E1,3.164718933E0,1.689237213E0,1.805096283E0,4.015886064E0
1.748678137E1,1.117725677E0,9.907896423E-1,2.692900085E-1,1.517725902E0
1.749672037E1,-9.804611206E-2,4.486170959E-1,-6.951544189E-1,8.331326455E-1
1.750666037E1,-7.301815796E-1,6.750961304E-2,-9.975256348E-1,1.238054958E0
1.751659937E1,-1.113235016E0,-2.088157654E-1,-8.827143860E-1,1.435994746E0
1.752653937E1,-1.402882690E0,-4.531077576E-1,-7.741900635E-1,1.665159673E0
1.753647837E1,-1.573527832E0,-6.496490479E-1,-7.726931763E-1,1.869515570E0
1.754641737E1,-1.682650909E0,-7.921527100E-1,-8.173004150E-1,2.031452674E0
1.755635737E1,-1.568139038E0,-9.048683167E-1,-9.125024414E-1,2.027438635E0
1.756629637E1,-1.367705841E0,-1.016236725E0,-9.783654785E-1,1.964829600E0
1.757623537E1,-1.308578796E0,-1.432371368E0,-6.363267517E-1,2.041807517E0
1.758617537E1,-1.097068634E0,-1.930685120E0,-3.279679871E-1,2.244697668E0
1.759611437E1,-6.071374512E-1,-2.185155945E0,2.619552612E-2,2.268084785E0
1.760605337E1,-1.118174744E-1,-2.166444855E0,4.254153442E-1,2.210648021E0
1.761599337E1,1.445993042E-1,-1.637744293E0,4.864883423E-1,1.714580484E0
1.762593237E1,2.429447937E-1,-1.394350433E0,5.676196289E-1,1.524935194E0
1.763587237E1,3.439846802E-1,-2.314786377E0,4.493505707E0,5.066374934E0
1.764581137E1,-1.757794647E0,-2.217788086E0,1.490735001E1,1.517357935E1
1.765575037E1,-5.061873779E0,-1.533560944E0,8.020171967E0,9.607160543E0
1.766569037E1,-6.243666229E0,-1.813029785E0,3.577560425E-1,6.511408017E0
1.767562937E1,-1.092533066E1,-3.002456360E0,3.559747467E0,1.187642186E1
1.768556837E1,-1.517888535E1,-7.777825928E0,1.221759338E0,1.709929333E1
1.769550837E1,-2.747536469E1,-1.694626007E1,3.812422028E0,3.250547580E1
1.770544737E1,-4.596431671E1,-2.843082779E1,5.661377106E0,5.434226321E1
1.771538637E1,-5.597085800E1,-3.294948120E1,-3.478765869E-1,6.495018303E1
1.772532637E1,-5.335938858E1,-3.370525955E1,4.883295135E0,6.330178072E1
1.773526537E1,-3.313255051E1,-2.440629684E1,9.614356842E0,4.225954432E1
1.774520437E1,-2.353406067E1,-1.668131104E1,6.917864227E0,2.966437248E1
1.775514437E1,-2.153347092E1,-1.313743057E1,4.028572540E0,2.554431147E1
1.776508337E1,-1.961535965E1,-1.088237000E1,3.043920135E0,2.263744157E1
1.777502337E1,-1.925356201E1,-9.918224945E0,1.083596649E0,2.168513357E1
1.778496237E1,-1.925311295E1,-1.013257919E1,-4.285588074E-1,2.176086354E1
1.779490137E1,-1.815349960E1,-1.077055252E1,-1.440155182E0,2.115723036E1
1.780484137E1,-1.603360794E1,-1.092982132E1,-2.114053802E0,1.951939551E1
1.781478037E1,-1.343710739E1,-9.720486145E0,-2.327659607E0,1.674699093E1
1.782471937E1,-1.103505249E1,-7.616611176E0,-2.021546173E0,1.355993356E1
1.783465937E1,-8.592431946E0,-5.224884796E0,-2.108365631E0,1.027494591E1
1.784459837E1,-6.821165314E0,-2.901865540E0,-1.915566559E0,7.656272924E0
1.785453737E1,-5.364993439E0,-1.095422058E0,-1.598376160E0,5.704201121E0
1.786447737E1,-4.114194489E0,-1.203497314E-1,-1.103954315E0,4.261431154E0
1.787441637E1,-3.025957489E0,3.453318787E-1,-2.198927307E-1,3.053526755E0
1.788435537E1,-2.090702362E0,7.300318909E-1,3.517684937E-2,2.214773203E0
1.789429537E1,-9.732760620E-1,1.489103394E0,4.409829712E-1,1.832801460E0
1.790423437E1,5.035528564E-1,3.215762787E0,2.072290649E0,3.858637624E0
1.791417437E1,2.329455872E0,5.066514130E0,4.607867889E0,7.233835537E0
1.792411337E1,4.811893616E0,6.074218597E0,6.919061737E0,1.038864125E1
1.793405237E1,7.687863007E0,5.978118439E0,8.771908722E0,1.310677383E1
1.794399237E1,9.141939240E0,3.695814514E0,8.054151306E0,1.273198536E1
1.795393137E1,6.498137054E0,3.845503235E-1,5.608836365E0,8.592596202E0
1.796387037E1,3.006348267E0,-1.617087250E0,3.518732758E0,4.902507653E0
1.797381037E1,2.255809021E-1,-2.515818329E0,1.640139313E0,3.011691480E0
1.798374937E1,-1.743125153E0,-2.986739044E0,2.047741699E-1,3.464249973E0
1.799368837E1,-2.627486115E0,-2.848127289E0,-8.190966797E-1,3.960610017E0
1.800362837E1,-2.624043274E0,-2.421514435E0,-1.409918060E0,3.838906641E0
1.801356737E1,-2.131866760E0,-2.279609528E0,-1.586700439E0,3.501298868E0
1.802350638E1,-1.540446625E0,-2.311493225E0,-1.768123169E0,3.292755119E0
1.803344637E1,-1.019529877E0,-2.274071045E0,-1.675914917E0,3.003253419E0
1.804338538E1,-4.966671753E-1,-2.277513885E0,-1.240620117E0,2.640622286E0
1.805332537E1,-2.157014465E-1,-2.325713654E0,-7.685018921E-1,2.458875001E0
1.806326437E1,-1.082249451E-1,-2.238594818E0,-6.343807983E-1,2.329261341E0
1.807320337E1,1.465452576E-1,-1.927242279E0,-7.920030212E-1,2.088781248E0
1.808314337E1,5.463638306E-1,-1.582359467E0,-8.454418945E-1,1.875405800E0
1.809308237E1,8.888516235E-1,-1.362017670E0,-8.557704163E-1,1.837795513E0
1.810302137E1,1.145717468E0,-1.219514008E0,-7.839198303E-1,1.847813094E0
1.811296137E1,1.187929688E0,-1.133442993E0,-7.014413452E-1,1.785466304E0
1.812290037E1,9.139993286E-1,-9.457333374E-1,-7.267387390E-1,1.502649498E0
1.813283938E1,2.755769348E-1,-6.740483093E-1,-1.540296936E-1,7.443177526E-1
1.814277937E1,-2.237397308E0,1.454525299E0,1.612012802E1,1.633952625E1
1.815271838E1,-5.977369995E0,1.364861755E0,2.298649933E1,2.379014399E1
1.816265737E1,-6.246809692E0,-1.432521057E0,-4.275109863E-1,6.423201192E0
1.817259737E1,-7.543263702E0,-2.688110046E0,-3.400029602E0,8.699825527E0
1.818253637E1,-1.118159775E1,-3.804488525E0,-2.999612274E0,1.218605494E1
1.819247637E1,-1.587508759E1,-6.522536316E0,-3.780987396E0,1.757434925E1
1.820241537E1,-2.392355072E1,-1.052596115E1,-4.505181427E0,2.652223213E1
1.821235437E1,-3.464395752E1,-1.538156387E1,-5.424270172E0,3.829123929E1
1.822229437E1,-4.894252350E1,-2.610601227E1,-1.742526398E0,5.549712498E1
1.823223337E1,-5.038597183E1,-3.585808273E1,1.414558411E0,6.185910790E1
1.824217238E1,-3.468616974E1,-2.622995453E1,1.748963013E0,4.352240523E1
1.825211237E1,-2.472363693E1,-1.967792953E1,1.098625397E1,3.345410154E1
1.826205138E1,-2.045990341E1,-1.352766907E1,1.130464188E1,2.700741391E1
1.827199037E1,-1.942196182E1,-9.613458710E0,5.583988037E0,2.237883178E1
1.828193038E1,-2.123648849E1,-6.721772003E0,3.908073120E0,2.261512100E1
1.829186937E1,-2.445764008E1,-5.820645905E0,1.358425140E0,2.517739851E1
1.830180937E1,-2.579660568E1,-4.997657318E0,4.180805969E-1,2.627957828E1
1.831174837E1,-2.512420395E1,-4.254602509E0,4.924758911E-2,2.548194835E1
1.832168737E1,-2.275762527E1,-4.730912018E0,-9.180409241E-1,2.326228355E1
1.833162737E1,-1.946342560E1,-5.189258881E0,-9.819580078E-1,2.016724040E1
1.834156637E1,-1.551927750E1,-4.852159882E0,-4.751119995E-1,1.626705754E1
1.835150538E1,-1.166209854E1,-4.465962982E0,1.794767761E-1,1.248925857E1
1.836144554E1,-8.054750061E0,-4.256548462E0,6.004014587E-1,9.130043005E0
1.837138454E1,-4.983586578E0,-4.119882660E0,6.801855469E-1,6.501709059E0
1.838132354E1,-2.634521484E0,-3.913611603E0,4.806504822E-1,4.742160279E0
1.839126354E1,-1.281036072E0,-3.320395203E0,1.333726501E-1,3.561441560E0
1.840120254E1,-3.058140564E-1,-2.461331635E0,3.622467041E-2,2.480521695E0
1.841114154E1,1.199904785E0,-1.677561493E0,-4.309538269E-1,2.107060810E0
1.842108154E1,2.850971375E0,-9.144483948E-1,-2.514770508E-1,3.004578898E0
1.843102054E1,4.587510223E0,-1.356179810E-1,5.427713013E-1,4.621497914E0
1.844096054E1,5.955365753E0,5.864804077E-1,1.194066925E0,6.102141947E0
1.845089954E1,6.669231262E0,8.725355530E-1,1.598825226E0,6.913480023E0
1.846083854E1,6.819219360E0,6.994953918E-1,1.910028076E0,7.116126316E0
1.847077854E1,6.367159424E0,1.627116394E-1,2.671045532E0,6.906640170E0
1.848071754E1,4.756059723E0,-7.318281555E-1,3.789220276E0,6.124856475E0
1.849065654E1,2.078427887E0,-1.434616699E0,4.166884918E0,4.872465236E0
1.850059654E1,2.781216431E-1,-1.702110443E0,3.255879364E0,3.684464960E0
1.851053554E1,-6.033952332E-1,-1.679956512E0,1.967059479E0,2.656249741E0
1.852047454E1,-1.116827545E0,-1.451531525E0,9.979747009E-1,2.085713556E0
1.853041454E1,-1.080602875E0,-1.067579956E0,4.102967834E-1,1.573458924E0
1.854035354E1,-8.294252014E-1,-6.668632507E-1,1.981878662E-1,1.082557708E0
1.855029354E1,-7.068301392E-1,-3.781137085E-1,2.456391907E-1,8.384017141E-1
1.856023254E1,-5.987548828E-1,-2.887495422E-1,2.453398132E-1,7.085727428E-1
1.857017154E1,-5.315446472E-1,-5.390290833E-1,2.189945984E-1,7.880676993E-1
1.858011154E1,-5.095404053E-1,-1.082249451E0,1.264869690E-1,1.202869175E0
1.859005054E1,-4.345463562E-1,-1.550326080E0,-4.221221924E-2,1.610628251E0
1.859998954E1,-3.559597778E-1,-1.718426514E0,-3.204835510E-1,1.783930142E0
1.860992954E1,-2.646496582E-1,-1.612746277E0,-5.010081482E-1,1.709385609E0
1.861986854E1,-1.686991882E-1,-1.567989349E0,-3.617976379E-1,1.618007276E0
1.862980754E1,-3.442840576E-2,-1.715133362E0,-5.987548828E-2,1.716523474E0
1.863974754E1,-7.244934082E-2,-1.885628815E0,5.014572144E-2,1.887686289E0
1.864968654E1,-4.869374084E-1,-1.645677795E0,-2.844085693E-2,1.716441764E0
1.865962554E1,-1.963916016E0,-1.007554779E0,1.155746613E0,2.491562358E0
1.866956554E1,-5.364694061E0,-2.709365845E-1,6.488107910E0,8.423116600E0
1.867950454E1,-8.369695129E0,-4.270619202E-1,7.630232849E0,1.133378277E1
1.868944454E1,-9.221723328E0,-1.454525299E0,2.132315826E0,9.576147229E0
1.869938354E1,-1.099448685E1,-2.938838654E0,-8.502319336E-2,1.138080589E1
1.870932254E1,-1.440918594E1,-5.286855927E0,-1.469943237E0,1.541869704E1
1.871926254E1,-2.033611084E1,-9.267677765E0,-2.436483307E0,2.248074078E1
1.872920154E1,-3.586197464E1,-1.906944489E1,6.421197052E0,4.112124420E1
1.873914054E1,-4.831936935E1,-2.514545975E1,4.772525482E0,5.467936174E1
1.874908054E1,-5.341432434E1,-2.460628098E1,-1.773062897E0,5.883623765E1
1.875901954E1,-5.001549225E1,-2.221485397E1,6.068829803E0,5.506250900E1
1.876895854E1,-3.281356384E1,-1.348800156E1,7.629334717E0,3.628860574E1
1.877889854E1,-2.392519730E1,-9.519304504E0,4.460125122E0,2.613283261E1
1.878883754E1,-2.095088242E1,-8.029302979E0,3.907174988E0,2.277444174E1
1.879877654E1,-1.998509079E1,-8.964408417E0,1.816173248E0,2.197869326E1
1.880871654E1,-1.999946091E1,-1.085991669E1,5.834866333E-1,2.276525167E1
1.881865554E1,-1.969694000E1,-1.294014084E1,4.683760071E-1,2.357193387E1
1.882859554E1,-1.782553162E1,-1.398571655E1,1.824705505E-1,2.265795976E1
1.883853454E1,-1.522184601E1,-1.322993820E1,1.808239746E-1,2.016850411E1
1.884847354E1,-1.180056061E1,-1.135778137E1,2.580633545E-1,1.638044642E1
1.885841354E1,-8.960217133E0,-8.533903656E0,7.405101013E-1,1.239602186E1
1.886835254E1,-6.909930725E0,-5.508844299E0,1.458117828E0,8.956596214E0
1.887829154E1,-5.525908813E0,-2.776426392E0,1.475332031E0,6.357736730E0
1.888823154E1,-4.787194977E0,-7.343728638E-1,6.923103333E-1,4.892426070E0
1.889817054E1,-3.864962769E0,2.151026917E-1,3.611988831E-1,3.887759124E0
1.890810954E1,-2.999462585E0,6.738986206E-1,2.125579834E-1,3.081573632E0
1.891804954E1,-2.241738281E0,1.227148132E0,4.827461243E-1,2.600831959E0
1.892798854E1,-1.330583038E0,1.987267456E0,9.339079285E-1,2.567463180E0
1.893792854E1,-7.050338745E-2,2.934198303E0,1.387015686E0,3.246275238E0
1.894786754E1,1.347797241E0,3.666176147E0,1.665586395E0,4.246361147E0
1.895780654E1,2.717149658E0,4.152814178E0,1.377285919E0,5.150309153E0
1.896774654E1,3.743265839E0,4.390669556E0,8.390052795E-1,5.830432929E0
1.897768554E1,4.592599640E0,4.453089752E0,7.033872986E-1,6.435583383E0
1.898762454E1,5.316194916E0,3.946393433E0,1.415007477E0,6.770391101E0
1.899756454E1,4.634512482E0,2.096390533E0,2.491119690E0,5.663853505E0
1.900750354E1,3.366649017E0,-2.643502808E-1,2.956202545E0,4.488133261E0
1.901744254E1,2.045795746E0,-1.639690247E0,2.512076111E0,3.631031634E0
1.902738254E1,8.101153564E-1,-2.138602753E0,1.497935028E0,2.733810157E0
1.903732154E1,-8.681945801E-2,-2.190395050E0,5.435197449E-1,2.258491046E0
1.904726054E1,-7.346722412E-1,-1.779050446E0,-2.749781799E-1,1.944319107E0
1.905720054E1,-1.010698242E0,-1.371148682E0,-9.334588623E-1,1.942396739E0
1.906713954E1,-9.454339600E-1,-1.165476379E0,-1.286275177E0,1.976533429E0
1.907707954E1,-8.782237244E-1,-1.010997620E0,-1.396895142E0,1.935125095E0
1.908701854E1,-7.197033691E-1,-8.373587036E-1,-1.346000977E0,1.740936865E0
1.909695754E1,-4.266128540E-1,-7.051835632E-1,-1.237027588E0,1.486445303E0
1.910689754E1,-1.799258423E-1,-6.613247681E-1,-1.169218597E0,1.355284430E0
1.911683654E1,-8.113128662E-2,-6.342311096E-1,-1.177601166E0,1.339991004E0
1.912677554E1,-2.874023438E-2,-6.575825500E-1,-1.184935913E0,1.355475536E0
1.913671554E1,3.053649902E-2,-7.644602966E-1,-1.129401398E0,1.364140587E0
1.914665454E1,-1.107696533E-1,-9.294172668E-1,-1.027164001E0,1.389659044E0
1.915659354E1,-3.186872864E-1,-1.076112213E0,-8.991801453E-1,1.438090406E0
1.916653354E1,-2.475851440E-1,-1.136137390E0,-5.771997070E-1,1.298177983E0
1.917647254E1,-7.152127075E-1,-8.714877319E-1,6.219117279E0,6.320477815E0
1.918641254E1,-2.803370361E0,-1.476978607E0,1.737901016E1,1.766551288E1
1.919635154E1,-5.538332977E0,-3.053500214E0,4.095932465E0,7.534829691E0
1.920629054E1,-6.806346130E0,-3.340902557E0,-1.300645294E0,7.692831450E0
1.921623054E1,-9.877808990E0,-4.295617218E0,-1.329385529E0,1.085314257E1
1.922616954E1,-1.400068542E1,-6.328689423E0,-2.565514984E0,1.557733512E1
1.923610854E1,-2.093531479E1,-9.866582336E0,-3.259920959E0,2.337228994E1
1.924604854E1,-3.396077820E1,-1.758558060E1,-2.085163879E0,3.830058758E1
1.925598754E1,-5.003465240E1,-2.926189957E1,-1.360670471E-1,5.796329633E1
1.926592654E1,-5.722420166E1,-3.047812042E1,-4.838538208E0,6.501489469E1
1.927586654E1,-5.412639359E1,-2.925097229E1,2.292632446E0,6.156737794E1
1.928580554E1,-3.626329010E1,-2.261452286E1,1.082069824E1,4.408548926E1
1.929574454E1,-2.566398148E1,-1.406145905E1,8.680299225E0,3.052396059E1
1.930568454E1,-2.245001495E1,-9.795629883E0,5.753735046E0,2.516074330E1
1.931562354E1,-2.056214081E1,-7.866591339E0,4.680766296E0,2.250765352E1
1.932556354E1,-1.914937866E1,-7.641010437E0,3.517235870E0,2.091541756E1
1.933550254E1,-1.766386780E1,-7.984396362E0,2.854114838E0,1.959359034E1
1.934544154E1,-1.593780716E1,-8.062683563E0,2.221230927E0,1.799873413E1
1.935538154E1,-1.371073837E1,-7.514373779E0,1.466650085E0,1.570354172E1
1.936532017E1,-1.131377289E1,-6.140979767E0,8.665480042E-1,1.290209266E1
1.937525917E1,-9.165739746E0,-4.405937805E0,5.375321960E-1,1.018390956E1
1.938519917E1,-7.163503418E0,-2.822530518E0,6.117778015E-1,7.723777044E0
1.939513817E1,-5.336103516E0,-1.371897125E0,6.221063232E-1,5.544647755E0
1.940507717E1,-3.973786469E0,-1.769320679E-1,3.014730835E-1,3.989131469E0
1.941501717E1,-3.174748077E0,8.131091309E-1,-7.529342651E-2,3.278084946E0
1.942495617E1,-2.381996613E0,1.382375336E0,-7.605683899E-1,2.857154827E0
1.943489617E1,-1.226250000E0,1.929038544E0,-1.267414398E0,2.613659890E0
1.944483517E1,3.058140564E-1,2.871478729E0,-6.002517700E-2,2.888341280E0
1.945477417E1,2.096240845E0,3.953129425E0,1.999242554E0,4.900859998E0
1.946471417E1,3.832330627E0,4.671335907E0,3.497776337E0,6.981588393E0
1.947465317E1,5.474565582E0,4.535268860E0,3.620371399E0,7.977883241E0
1.948459217E1,5.790857849E0,3.236270142E0,2.137854309E0,6.969784796E0
1.949453217E1,5.203479309E0,1.628762970E0,2.424957275E-1,5.457826482E0
1.950447117E1,3.343896332E0,3.833528137E-1,-9.080117798E-1,3.486127859E0
1.951441017E1,1.369651794E0,-3.351530457E-1,-1.085243225E0,1.779333150E0
1.952435017E1,2.055226135E-1,-6.629713440E-1,-1.058149567E0,1.265484513E0
1.953428917E1,-4.064048767E-1,-9.602531433E-1,-1.048419800E0,1.478659900E0
1.954422917E1,-6.613247681E-1,-1.280287628E0,-1.140927429E0,1.837988645E0
1.955416817E1,-7.673043823E-1,-1.587748260E0,-1.398392029E0,2.250600102E0
1.956410717E1,-6.730004883E-1,-1.776206360E0,-1.503323822E0,2.422358603E0
1.957404717E1,-4.677772522E-1,-1.795815582E0,-1.336570587E0,2.286960887E0
1.958398617E1,-2.664459229E-1,-1.756896515E0,-1.202599182E0,2.145675555E0
1.959392517E1,-9.041198730E-2,-1.692230988E0,-1.197360077E0,2.074967758E0
1.960386517E1,-1.308279419E-1,-1.572480011E0,-1.192120972E0,1.977615166E0
1.961380417E1,-2.659968567E-1,-1.367705841E0,-1.210532684E0,1.845741850E0
1.962374317E1,-4.569996643E-1,-1.111289062E0,-8.446934509E-1,1.468781502E0
1.963368317E1,-6.141728210E-1,-6.568341064E-1,-6.676116943E-2,9.017185543E-1
1.964362217E1,-8.117619324E-1,5.125341797E-1,1.642983398E0,1.902903878E0
1.965356117E1,-1.096320190E0,1.046024780E0,2.985691223E0,3.348199200E0
1.966350117E1,-9.015751648E-1,4.742138672E-1,6.569987640E0,6.648492623E0
1.967344017E1,-2.565664673E-1,-1.553319855E0,1.007899063E1,1.020120978E1
1.968338017E1,-5.456153870E-1,-4.996609497E0,1.002121078E1,1.121108684E1
1.969331917E1,-3.710484009E0,-6.140081635E0,8.042774963E-1,7.219082791E0
1.970325817E1,-6.378685455E0,-4.567901001E0,-2.215842133E0,8.152502932E0
1.971319817E1,-8.575217743E0,-5.287903748E0,-1.953737183E0,1.026223048E1
1.972313717E1,-1.102187988E1,-7.267986145E0,-3.049009552E0,1.354997852E1
1.973307617E1,-1.542272827E1,-1.067340454E1,-4.099524994E0,1.919865144E1
1.974301617E1,-2.392280228E1,-1.549667450E1,-6.139782257E0,2.915723436E1
1.975295517E1,-3.829097351E1,-2.176369217E1,-8.074958038E0,4.477791751E1
1.976289417E1,-5.412848923E1,-3.105097916E1,3.201841736E0,6.248446561E1
1.977283417E1,-4.606700317E1,-2.680625610E1,2.956950989E0,5.338059298E1
1.978277317E1,-3.418501190E1,-1.554098236E1,8.254734192E0,3.844837848E1
1.979271317E1,-2.856943954E1,-8.708889771E0,1.588631424E1,3.382946374E1
1.980265217E1,-2.498005371E1,-6.502478027E0,1.135418884E1,2.819934234E1
1.981259117E1,-2.387819504E1,-7.462431793E0,6.534062347E0,2.585633495E1
1.982253117E1,-2.423325668E1,-7.784561920E0,4.827311554E0,2.590662214E1
1.983247017E1,-2.456496689E1,-7.988437958E0,2.880609741E0,2.599135725E1
1.984240917E1,-2.287019119E1,-8.280780029E0,1.219214630E0,2.435371527E1
1.985234917E1,-1.960637833E1,-8.158334656E0,-1.195414124E0,2.126963823E1
1.986228817E1,-1.603899673E1,-7.531138916E0,-2.757715302E0,1.793244164E1
1.987222717E1,-1.278611115E1,-6.618786163E0,-2.709515533E0,1.465040760E1
1.988216717E1,-9.687105560E0,-5.753435669E0,-2.395618286E0,1.151872489E1
1.989210617E1,-6.717880096E0,-4.890180817E0,-2.249222717E0,8.608297407E0
1.990204617E1,-4.328698425E0,-3.693269806E0,-2.148332520E0,6.082203921E0
1.991198517E1,-2.737207947E0,-2.480940857E0,-1.806892548E0,4.112448852E0
1.992192417E1,-1.618883514E0,-1.488804016E0,-1.003662872E0,2.417573245E0
1.993186417E1,-2.492317200E-1,-5.812413025E-1,-5.212161255E-1,8.195267851E-1
1.994180317E1,1.412762146E0,2.390528870E-1,-1.986369324E-1,1.446547543E0
1.995174217E1,3.026256866E0,9.542655945E-1,3.538641357E-1,3.192815885E0
1.996168217E1,4.380191345E0,1.728455658E0,8.738827515E-1,4.789290787E0
1.997162117E1,5.535189514E0,2.422711945E0,1.751657410E0,6.290958576E0
1.998156017E1,6.277645569E0,3.173400879E0,3.033292236E0,7.660298220E0
1.999150017E1,6.894961853E0,3.502266998E0,4.251009979E0,8.824820617E0
2.000143917E1,6.235133972E0,2.458337860E0,5.224286041E0,8.497851807E0
2.001137817E1,3.787274323E0,1.357676697E-1,5.655239868E0,6.807614679E0
2.002131817E1,1.923350372E0,-1.682800598E0,4.825365601E0,5.460334027E0
2.003125717E1,6.306385803E-1,-2.718646545E0,3.127596130E0,4.191730145E0
2.004119717E1,-5.466632080E-1,-2.946323090E0,1.444945221E0,3.326789308E0
2.005113617E1,-1.485510864E0,-2.637515259E0,-7.768844604E-2,3.028079385E0
2.006107517E1,-2.077978821E0,-1.929936676E0,-1.222507782E0,3.088231991E0
2.007101517E1,-2.332150269E0,-1.347348175E0,-1.800006866E0,3.239490191E0
2.008095417E1,-2.126178589E0,-1.145418091E0,-2.182461548E0,3.255112349E0
2.009089317E1,-1.729952545E0,-8.741821289E-1,-2.524200897E0,3.182533640E0
2.010083317E1,-1.132844238E0,-4.966671753E-1,-2.540966034E0,2.826043654E0
2.011077217E1,-5.941145325E-1,-1.887574768E-1,-2.174528046E0,2.262117080E0
2.012071117E1,-2.022294617E-1,-3.682342529E-2,-1.716330872E0,1.728596072E0
2.013065117E1,1.366658020E-1,-8.831634521E-3,-1.206491089E0,1.214238974E0
2.014059017E1,3.421884155E-1,-1.056802368E-1,-8.192463684E-1,8.941061661E-1
2.015053017E1,3.073109436E-1,-1.267863464E-1,-6.596781921E-1,7.387084072E-1
2.016046917E1,1.468446350E-1,3.936813354E-2,-6.677613831E-1,6.848492254E-1
2.017040817E1,7.274871826E-2,1.052311707E-1,-9.880952454E-1,9.963424056E-1
2.018034817E1,-5.912704468E-2,-1.044827271E-1,-1.113235016E0,1.119689621E0
2.019028717E1,-1.034947815E0,-2.824626160E-1,-1.619631958E-1,1.084958149E0
2.020022617E1,-4.649631042E0,2.760260010E-1,1.091350525E1,1.186591151E1
2.021016617E1,-8.117170258E0,-2.478845215E-1,6.869065704E0,1.063644505E1
2.022010517E1,-9.262288971E0,-1.309776306E0,2.194286957E0,9.608350858E0
2.023004417E1,-1.344219681E1,-3.317700806E0,4.033212891E0,1.442104711E1
2.023998417E1,-1.796758621E1,-7.474706268E0,-1.267863464E-1,1.946076727E1
2.024992317E1,-2.934602463E1,-1.267085083E1,-3.963757324E0,3.220948609E1
2.025986317E1,-4.946403900E1,-2.198762650E1,-2.525847473E0,5.418972946E1
2.026980217E1,-6.635790802E1,-3.305860428E1,3.255130920E0,7.420808009E1
2.027974117E1,-5.842500458E1,-3.063274887E1,3.228336639E0,6.604747248E1
2.028968117E1,-3.602438690E1,-2.599823639E1,7.084617462E0,4.498729322E1
2.029962017E1,-2.310430435E1,-2.099159775E1,1.053344559E1,3.294555405E1
2.030955917E1,-1.943812820E1,-1.452773941E1,9.419312439E0,2.603112536E1
2.031949917E1,-1.783556076E1,-9.793085175E0,7.390431519E0,2.164786878E1
2.032943817E1,-1.748888168E1,-7.145989838E0,5.895340576E0,1.979093716E1
2.033937717E1,-1.806952423E1,-6.812333679E0,4.112547913E0,1.974407877E1
2.034931717E1,-1.838402023E1,-7.303911438E0,2.750979309E0,1.997216086E1
2.035925617E1,-1.735565872E1,-7.005132751E0,1.540895691E0,1.877938056E1
2.036919579E1,-1.504506363E1,-5.668711853E0,4.583468628E-1,1.608410133E1
2.037913479E1,-1.242146942E1,-4.201463013E0,-9.804611206E-2,1.311315397E1
2.038907379E1,-9.585466919E0,-3.129093018E0,-6.637197876E-1,1.010509392E1
2.039901379E1,-6.492897949E0,-2.555336151E0,-1.548230438E0,7.147341052E0
2.040895279E1,-3.603905640E0,-2.072140961E0,-2.347119141E0,4.773978664E0
2.041889179E1,-1.326391754E0,-1.750010834E0,-2.621498566E0,3.419664857E0
2.042883179E1,3.787124634E-1,-1.434317322E0,-2.333647156E0,2.765248336E0
2.043877079E1,1.805844727E0,-1.122366028E0,-2.343376923E0,3.164205442E0
2.044870979E1,2.933898926E0,-5.715115356E-1,-2.165696411E0,3.691155549E0
2.045864979E1,3.781286774E0,-1.303788757E-1,-1.142873383E0,3.952377498E0
2.046858879E1,4.846322021E0,3.141966248E-1,-2.106120300E-1,4.861061004E0
2.047852879E1,5.720204773E0,7.164102173E-1,5.242098999E-1,5.788677074E0
2.048846779E1,5.879623260E0,8.858578491E-1,1.030606842E0,6.034638703E0
2.049840679E1,5.915997620E0,9.159452820E-1,1.798360291E0,6.250766619E0
2.050834679E1,5.331163788E0,6.920109558E-1,2.448159027E0,5.907086348E0
2.051828579E1,3.581901398E0,6.557862854E-1,1.719923401E0,4.027183852E0
2.052822479E1,2.214195557E0,6.885681152E-1,7.837701416E-1,2.447669023E0
2.053816479E1,1.398092651E0,6.562353516E-1,2.836601257E-1,1.570277353E0
2.054810379E1,6.137237549E-1,5.670208740E-1,1.513352966E-1,8.491595203E-1
2.055804279E1,-1.017883301E-2,4.125421143E-1,8.113128662E-2,4.205673434E-1
2.056798279E1,-4.203259277E-1,2.921923828E-1,-4.610412598E-2,5.139804126E-1
2.057792179E1,-6.545887756E-1,1.784289551E-1,-1.555265808E-1,6.960688720E-1
2.058786179E1,-8.634045410E-1,1.489402771E-1,-2.561174011E-1,9.128234938E-1
2.059780079E1,-1.210981750E0,1.489402771E-1,-2.324665833E-1,1.242055038E0
2.060773979E1,-1.657353516E0,1.748364258E-1,9.894424438E-2,1.669484476E0
2.061767979E1,-2.000889130E0,2.375559998E-1,6.141728210E-1,2.106465859E0
2.062761879E1,-2.076781311E0,4.194277954E-1,8.072712708E-1,2.267295127E0
2.063755779E1,-1.941013641E0,6.605763245E-1,6.706054688E-1,2.157221994E0
2.064749779E1,-1.618883514E0,8.325686646E-1,5.611830139E-1,1.904962149E0
2.065743679E1,-1.155896301E0,9.138496399E-1,6.273454285E-1,1.601492963E0
2.066737579E1,-7.711962891E-1,8.831634521E-1,7.755372620E-1,1.405766497E0
2.067731579E1,-9.003776550E-1,7.325765991E-1,1.482367401E0,1.882753703E0
2.068725479E1,-1.505569153E0,1.790277100E-1,6.102659454E0,6.288182711E0
2.069719379E1,-2.622696075E0,-1.529219971E0,1.480601074E1,1.511406638E1
2.070713379E1,-4.881049805E0,-2.452050934E0,7.040758667E0,8.911199896E0
2.071707279E1,-4.706363068E0,-2.062411194E0,-2.094145203E0,5.548768997E0
2.072701279E1,-6.918163605E0,-3.595373383E0,-1.227597198E0,7.892698671E0
2.073695179E1,-1.264854721E1,-6.798861694E0,-1.370849304E0,1.442530744E1
2.074689079E1,-2.432366867E1,-1.365340759E1,-1.133293304E0,2.791667513E1
2.075683079E1,-4.117801987E1,-2.396007477E1,-3.321742401E0,4.775718245E1
2.076676979E1,-5.681585083E1,-3.044518890E1,-6.601122894E0,6.479602809E1
2.077670879E1,-5.626724167E1,-3.259651520E1,-3.094963989E0,6.510079946E1
2.078664879E1,-3.486399994E1,-2.660462540E1,5.890999603E0,4.424938938E1
2.079658779E1,-2.396052383E1,-1.738694366E1,1.122605530E1,3.166128282E1
2.080652679E1,-2.152448959E1,-1.201551361E1,8.951086121E0,2.622590632E1
2.081646679E1,-2.072530151E1,-8.878936157E0,6.196963348E0,2.338324154E1
2.082640579E1,-2.106030487E1,-6.919510803E0,3.512745209E0,2.244449710E1
2.083634579E1,-2.084490280E1,-6.317612457E0,6.924600220E-1,2.179223946E1
2.084628479E1,-1.940384949E1,-6.038742371E0,-4.906796265E-1,2.032772862E1
2.085622379E1,-1.745505203E1,-5.883515167E0,-1.291514282E0,1.846517266E1
2.086616379E1,-1.539009613E1,-5.902076569E0,-1.716929626E0,1.657218797E1
2.087610279E1,-1.312650330E1,-5.781277771E0,-1.569037170E0,1.442879548E1
2.088604179E1,-1.059451859E1,-5.207221527E0,-1.005309448E0,1.184776887E1
2.089598179E1,-8.232131195E0,-4.208797760E0,-2.526745605E-1,9.249097633E0
2.090592079E1,-6.116580505E0,-3.295546875E0,-5.852828979E-2,6.948137293E0
2.091585979E1,-4.267625427E0,-2.453398132E0,-3.574566650E-1,4.935540948E0
2.092579979E1,-2.966531067E0,-1.532662811E0,-8.246351624E-1,3.439387302E0
2.093573879E1,-1.814077606E0,-8.116122437E-1,-9.038204956E-1,2.183227767E0
2.094567879E1,-6.864724731E-1,-7.529342651E-2,-3.742218018E-3,6.905994213E-1
2.095561779E1,5.538482666E-1,1.093925171E0,1.144370270E0,1.677201090E0
2.096555679E1,2.169738007E0,2.353705444E0,2.608924713E0,4.129670749E0
2.097549679E1,3.696413269E0,3.021167450E0,3.833528137E0,6.122651533E0
2.098543579E1,5.241200867E0,2.814447327E0,4.173920288E0,7.267249194E0
2.099537479E1,6.631210327E0,1.836680603E0,3.923041992E0,7.920644198E0
2.100531479E1,6.848408661E0,4.629872131E-1,3.326831818E0,7.627769549E0
2.101525379E1,4.892276459E0,-6.146218872E-1,2.275567932E0,5.430500753E0
2.102519279E1,2.367177429E0,-1.049317932E0,1.321152649E0,2.906895496E0
2.103513279E1,1.141226807E0,-1.160386963E0,9.794132996E-1,1.899512290E0
2.104507179E1,2.062710571E-1,-1.161434784E0,8.294252014E-1,1.442021037E0
2.105501179E1,-5.842350769E-1,-1.126407623E0,6.686595154E-1,1.434304816E0
2.106495079E1,-1.098565521E0,-1.048868866E0,4.046086121E-1,1.571839760E0
2.107488979E1,-1.207538910E0,-1.040336609E0,1.369651794E-1,1.599753087E0
2.108482979E1,-1.215023346E0,-1.096020813E0,-1.049317932E-1,1.639681077E0
2.109476879E1,-1.323996735E0,-1.104702759E0,-2.336640930E-1,1.740096103E0
2.110470779E1,-1.453627167E0,-1.082399139E0,-2.885998535E-1,1.835186561E0
2.111464779E1,-1.519190826E0,-9.375004578E-1,-3.921844482E-1,1.827746294E0
2.112458679E1,-1.452130280E0,-7.120692444E-1,-4.596940613E-1,1.681381452E0
2.113452679E1,-1.205742645E0,-4.715194702E-1,-4.653822327E-1,1.375763991E0
2.114446579E1,-8.255332947E-1,-2.477348328E-1,-3.634442139E-1,9.353980247E-1
2.115440479E1,-2.785707092E-1,-4.685256958E-2,-1.163081360E-1,3.054904022E-1
2.116434479E1,2.436932373E-1,2.074685669E-1,5.764512634E-1,6.593372879E-1
2.117428379E1,3.149450684E-1,1.110241241E0,5.867348785E0,5.979766532E0
2.118422279E1,-8.222401428E-1,2.176174622E0,1.957569214E1,1.971343546E1
2.119416279E1,-3.570525055E0,8.315208435E-1,1.511736328E1,1.555553756E1
2.120410179E1,-6.134543152E0,-1.619931335E0,-1.927242279E0,6.631067789E0
2.121404079E1,-8.649613037E0,-3.121758270E0,-3.391197968E0,9.801091982E0
2.122398079E1,-1.289313858E1,-5.124743042E0,-4.067042542E0,1.445810668E1
2.123391979E1,-1.938409058E1,-8.243806915E0,-5.016967163E0,2.165348192E1
2.124385879E1,-3.170616669E1,-1.434676575E1,-2.689606934E0,3.490479450E1
2.125379879E1,-4.897874817E1,-2.478156647E1,3.008593597E0,5.497358861E1
2.126373779E1,-5.520310455E1,-2.529904037E1,-5.851032715E0,6.100539960E1
2.127367779E1,-5.123994598E1,-2.257874725E1,-3.857178955E0,5.612672912E1
2.128361679E1,-3.202275833E1,-1.895613052E1,9.268575897E0,3.834968624E1
2.129355579E1,-2.188059906E1,-1.467638031E1,1.480166977E1,3.021996331E1
2.130349579E1,-2.096255814E1,-1.223750198E1,1.136122421E1,2.680042377E1
2.131343479E1,-2.252186554E1,-1.094404175E1,7.609875183E0,2.617091281E1
2.132337379E1,-2.369422760E1,-1.078028229E1,3.517984314E0,2.626798663E1
2.133331379E1,-2.317735245E1,-1.126213028E1,7.322772217E-1,2.577908988E1
2.134325279E1,-2.140788208E1,-1.174577454E1,-4.547543335E-1,2.442268282E1
2.135319179E1,-1.869417526E1,-1.194830338E1,-1.190624084E0,2.221827464E1
2.136313187E1,-1.494611938E1,-1.088760910E1,-1.878144379E0,1.858639134E1
2.137307087E1,-1.109837082E1,-8.809181213E0,-1.908231812E0,1.429744233E1
2.138301087E1,-8.202792206E0,-6.223009186E0,-1.162781982E0,1.036164587E1
2.139294987E1,-5.695655823E0,-3.843856659E0,-7.975415039E-1,6.917499672E0
2.140288887E1,-3.655997314E0,-1.901046753E0,-1.046623535E0,4.251554533E0
2.141282887E1,-2.239492950E0,-5.727090454E-1,-1.325044556E0,2.664407514E0
2.142276787E1,-5.560935974E-1,5.294490051E-1,-1.390608215E0,1.588504815E0
2.143270687E1,1.221160583E0,1.692230988E0,-1.084794159E0,2.351947545E0
2.144264687E1,2.698139191E0,3.000061340E0,3.891906738E-3,4.034890121E0
2.145258587E1,4.034709778E0,4.099674683E0,1.607207794E0,5.972380797E0
2.146252487E1,5.046455841E0,4.648732910E0,2.831661530E0,7.422650554E0
2.147246487E1,5.493875427E0,4.965324554E0,3.697461090E0,8.276976118E0
2.148240387E1,6.391408997E0,5.033432922E0,4.541406097E0,9.317184408E0
2.149234387E1,7.297624512E0,4.399052124E0,4.950804749E0,9.854818657E0
2.150228287E1,6.581064606E0,2.769391022E0,4.014501801E0,8.191224736E0
2.151222187E1,4.187092896E0,9.867480469E-1,2.096390533E0,4.785422854E0
2.152216187E1,2.149530029E0,-1.490899658E-1,5.005590820E-1,2.212072910E0
2.153210087E1,3.932322693E-1,-6.524931335E-1,-7.337741089E-1,1.057735009E0
2.154203987E1,-8.737330627E-1,-9.060658264E-1,-1.349593506E0,1.845472129E0
2.155197987E1,-1.647024994E0,-1.340761871E0,-1.360371094E0,2.522091045E0
2.156191887E1,-2.204316101E0,-1.715283051E0,-1.323547668E0,3.090790166E0
2.157185787E1,-2.529739380E0,-1.998045044E0,-1.239871674E0,3.453845262E0
2.158179787E1,-2.528990936E0,-2.168839874E0,-1.079854431E0,3.502248870E0
2.159173687E1,-2.222727814E0,-2.194586334E0,-9.972262573E-1,3.278900474E0
2.160167687E1,-2.052232361E0,-2.547702026E0,-1.034349060E-1,3.273093652E0
2.161161587E1,-1.826651459E0,-3.071911926E0,6.646179199E-1,3.635246266E0
2.162155487E1,-1.048419800E0,-2.676584015E0,1.113684082E-1,2.876749726E0
2.163149487E1,-4.921765137E-1,-1.999841309E0,4.954696655E-2,2.060111133E0
2.164143387E1,-2.118095398E-1,-1.325194244E0,1.005908203E-1,1.345779172E0
2.165137287E1,6.586303711E-3,-6.882687378E-1,1.802252197E-1,7.115042970E-1
2.166131287E1,4.346960449E-1,-1.348695374E-1,4.760101318E-1,6.585864326E-1
2.167125187E1,8.363108826E-1,3.430865479E-1,8.502319336E-1,1.240974864E0
2.168119187E1,7.629634094E-1,6.242019653E-1,1.275048523E0,1.611673042E0
2.169113087E1,-2.421963501E-1,7.879614258E-1,3.847149811E0,3.934476324E0
2.170106987E1,-2.624791718E0,6.361770630E-1,1.649973862E1,1.671931898E1
2.171100987E1,-6.046077118E0,-6.735992432E-1,1.762375122E1,1.864417849E1
2.172094887E1,-7.123985596E0,-1.975142670E0,-5.676196289E-1,7.414482543E0
2.173088787E1,-9.075477448E0,-3.428470459E0,-2.924318848E0,1.013263743E1
2.174082787E1,-1.655033340E1,-7.365583191E0,-1.819765778E0,1.820650705E1
2.175076687E1,-2.982832169E1,-1.527812897E1,-1.746717682E0,3.355891867E1
2.176070587E1,-4.921884888E1,-2.607592484E1,-2.872975616E0,5.577367596E1
2.177064587E1,-6.436929337E1,-3.359493896E1,-1.428030396E0,7.262275899E1
2.178058487E1,-5.365562256E1,-2.962863693E1,2.098635864E0,6.132851075E1
2.179052487E1,-3.315350693E1,-2.247097137E1,7.335196381E0,4.071737568E1
2.180046387E1,-2.522524384E1,-1.730715958E1,9.033863983E0,3.189767072E1
2.181040287E1,-2.079565521E1,-1.226175156E1,9.125473480E0,2.580860502E1
2.182034287E1,-1.905133255E1,-8.260871429E0,6.182144165E0,2.166596813E1
2.183028187E1,-2.107048370E1,-6.990463257E0,2.602488098E0,2.235184118E1
2.184022087E1,-2.329620529E1,-6.600823517E0,1.911824341E0,2.428866247E1
2.185016087E1,-2.271361679E1,-7.374414825E0,2.197131042E0,2.398161309E1
2.186009987E1,-1.967433701E1,-7.935897217E0,1.384770355E0,2.125971755E1
2.187003888E1,-1.651874908E1,-7.161707153E0,6.447093201E-1,1.801595878E1
2.187997887E1,-1.350057541E1,-5.839356995E0,1.282832336E-1,1.470986346E1
2.188991787E1,-1.046264282E1,-4.471800842E0,-5.644761658E-1,1.139221361E1
2.189985687E1,-7.843389587E0,-3.186423798E0,-1.162183228E0,8.545333621E0
2.190979687E1,-5.664520569E0,-1.857337646E0,-1.475332031E0,6.141099332E0
2.191973587E1,-3.736829224E0,-6.752458191E-1,-1.657802582E0,4.143447715E0
2.192967587E1,-1.939516754E0,1.359173584E-1,-1.842069397E0,2.678323810E0
2.193961487E1,-2.978805542E-2,8.056246948E-1,-2.101479950E0,2.250807957E0
2.194955387E1,2.028282166E0,1.167422333E0,-1.770967255E0,2.934813190E0
2.195949387E1,3.982169037E0,1.494941254E0,-1.267414398E0,4.438339650E0
2.196943287E1,5.414241028E0,1.931283875E0,-6.900650024E-1,5.789650509E0
2.197937188E1,5.790857849E0,2.270179138E0,2.806663513E-1,6.226276700E0
2.198931187E1,6.130202179E0,2.776426392E0,1.565145264E0,6.909240332E0
2.199925088E1,6.963070221E0,3.216660919E0,3.103346558E0,8.274177556E0
2.200919087E1,6.737040253E0,3.072660370E0,3.628005524E0,8.245688400E0
2.201912987E1,5.415438538E0,2.315534821E0,3.205583954E0,6.705553262E0
2.202906887E1,3.617377625E0,1.158141632E0,2.190993805E0,4.384879334E0
2.203900887E1,2.424807587E0,1.597178650E-1,1.219663696E0,2.718966929E0
2.204894787E1,1.461860046E0,-4.587959290E-1,5.060975647E-1,1.613587074E0
2.205888687E1,4.992118835E-1,-6.776408386E-1,2.604583740E-2,8.420736289E-1
2.206882687E1,-4.062551880E-1,-6.975494385E-1,-3.155438232E-1,8.667101022E-1
2.207876587E1,-1.236877899E0,-8.024812317E-1,-6.062393188E-1,1.594167236E0
2.208870488E1,-1.780547333E0,-9.255253601E-1,-7.994874573E-1,2.160121800E0
2.209864487E1,-1.941163330E0,-9.639953613E-1,-8.622070313E-1,2.332552914E0
2.210858388E1,-1.772464142E0,-9.616003418E-1,-9.616003418E-1,2.234050037E0
2.211852387E1,-1.594484253E0,-1.003662872E0,-8.156538391E-1,2.053049045E0
2.212846287E1,-1.475481720E0,-1.126557312E0,-4.291575623E-1,1.905348760E0
2.213840187E1,-1.182091827E0,-1.075962524E0,-1.683998108E-1,1.607294291E0
2.214834187E1,-7.702981567E-1,-9.530680847E-1,1.032852173E-2,1.225481417E0
2.215828087E1,-4.279600525E-1,-8.159532166E-1,2.228865051E-1,9.479492878E-1
2.216821987E1,-2.547702026E-1,-5.466632080E-1,5.029541016E-1,7.853097143E-1
2.217815987E1,-3.655398560E-1,-2.011816406E-1,4.764591980E-1,6.333299347E-1
2.218809887E1,-7.411088562E-1,5.194198608E-2,1.371148682E0,1.559483573E0
2.219803788E1,-1.898651733E0,3.995191956E-1,1.386476807E1,1.399986741E1
2.220797787E1,-3.681893463E0,-6.165678406E-1,2.103680374E1,2.136547699E1
2.221791688E1,-4.065695343E0,-1.642085266E0,9.999206543E-2,4.385923056E0
2.222785687E1,-4.963977356E0,-1.926942902E0,-2.714006195E0,5.976621936E0
2.223779588E1,-8.360115051E0,-3.234174500E0,-1.829495544E0,9.148686371E0
2.224773487E1,-1.576401855E1,-7.276219025E0,-2.273621979E0,1.751048261E1
2.225767487E1,-3.121384048E1,-1.563588501E1,-3.333118744E0,3.506985056E1
2.226761387E1,-4.998630295E1,-2.400737640E1,-9.008117523E0,5.617945163E1
2.227755287E1,-6.529631561E1,-3.091595993E1,-3.909120941E0,7.235113432E1
2.228749287E1,-5.389018478E1,-2.832320160E1,6.134393463E0,6.118812424E1
2.229743187E1,-3.449561600E1,-1.682710785E1,7.572602692E0,3.912088180E1
2.230737088E1,-3.094529892E1,-1.085407883E1,1.158141632E1,3.477861062E1
2.231731087E1,-2.845477798E1,-6.948251038E0,9.407487030E0,3.076448268E1
2.232724988E1,-2.593851059E1,-5.725443878E0,2.907703400E0,2.672156018E1
2.233718987E1,-2.325758560E1,-5.464536438E0,6.827302551E-1,2.390068131E1
2.234712888E1,-2.109862518E1,-5.396877136E0,2.746788025E-1,2.177966290E1
2.235706787E1,-1.916479660E1,-7.724985809E0,3.655398560E-1,2.066636044E1
2.236700829E1,-1.723141708E1,-1.030412247E1,7.259902954E-2,2.007739886E1
2.237694729E1,-1.399170410E1,-1.025846741E1,1.429527283E-1,1.735005397E1
2.238688629E1,-1.063553329E1,-8.680897980E0,5.075944519E-1,1.373791143E1
2.239682629E1,-8.210576019E0,-6.065836029E0,2.984793091E-1,1.021259101E1
2.240676529E1,-6.359076233E0,-3.381767578E0,1.751358032E-1,7.204503802E0
2.241670429E1,-4.944817200E0,-1.386267242E0,-1.359173584E-1,5.137258757E0
2.242664429E1,-3.174299011E0,-1.288819885E-1,-4.632865906E-1,3.210516975E0
2.243658329E1,-1.240021362E0,9.297166443E-1,5.216651917E-1,1.635286088E0
2.244652329E1,1.031205597E0,1.904639282E0,2.003134460E0,2.950183629E0
2.245646229E1,3.336860962E0,2.197729797E0,2.822380829E0,4.891880097E0
2.246640129E1,5.790259094E0,1.900597687E0,2.447410583E0,6.567281820E0
2.247634129E1,7.957003326E0,1.375639343E0,2.388283539E0,8.420818476E0
2.248628029E1,8.621621246E0,4.499642944E-1,3.091670837E0,9.170237148E0
2.249621929E1,7.398664398E0,-5.222639465E-1,2.418520660E0,7.801425299E0
2.250615929E1,3.679199066E0,-1.169368286E0,7.348219299E-1,3.929871655E0
2.251609829E1,1.094972992E0,-1.622625732E0,7.155120850E-2,1.958826102E0
2.252603829E1,1.721420288E-1,-2.214045868E0,6.122268677E-2,2.221571561E0
2.253597729E1,-2.640509033E-1,-2.724634094E0,-7.125183105E-2,2.738326250E0
2.254591629E1,-4.587959290E-1,-3.121907959E0,-1.251397705E-1,3.157920672E0
2.255585629E1,-3.150947571E-1,-3.424877930E0,-5.987548828E-3,3.439347233E0
2.256579529E1,2.146536255E-1,-4.010460205E0,7.110214233E-1,4.078654030E0
2.257573429E1,4.692741394E-1,-3.784579926E0,1.646126862E0,4.153672721E0
2.258567429E1,3.665876770E-1,-2.556084595E0,1.454225922E0,2.963566772E0
2.259561329E1,1.974394226E-1,-1.493594055E0,6.176156616E-1,1.628267371E0
2.260555229E1,-8.517288208E-2,-6.489006042E-1,2.739303589E-2,6.550395350E-1
2.261549229E1,-5.550457764E-1,-4.640350342E-3,-6.147715759E-1,8.282761842E-1
2.262543129E1,-9.547146606E-1,2.806663513E-1,-1.365909576E0,1.689959365E0
2.263537029E1,-1.323996735E0,3.897894287E-1,-1.786834259E0,2.257804203E0
2.264531029E1,-1.633553009E0,4.415817261E-1,-1.620530090E0,2.342991171E0
2.265524929E1,-1.641187134E0,6.104306030E-1,-1.243164825E0,2.147458850E0
2.266518929E1,-1.241069183E0,9.442364502E-1,-8.427474976E-1,1.772585269E0
2.267512829E1,-3.962260437E-1,1.350791016E0,-2.026785278E-1,1.422220106E0
2.268506729E1,6.060896301E-1,1.483115845E0,6.852749634E-1,1.742578269E0
2.269500729E1,8.804690552E-1,1.053658905E0,1.643881531E0,2.141907872E0
2.270494629E1,1.119671631E-1,-1.010398865E-1,2.418820038E0,2.423517295E0
2.271488529E1,-8.723858643E-1,-1.684896240E0,5.250182190E0,5.582503512E0
2.272482529E1,-3.741619263E0,-2.894680481E0,1.275228149E1,1.360145482E1
2.273476429E1,-8.058043213E0,-3.066822510E0,6.068829803E0,1.054363106E1
2.274470429E1,-9.076076202E0,-3.683689728E0,-2.118843842E0,1.002168791E1
2.275464329E1,-1.404394547E1,-6.299200745E0,-1.698218536E0,1.548535697E1
2.276458229E1,-2.246588196E1,-1.100122284E1,-2.440075836E0,2.513357766E1
2.277452229E1,-3.610297348E1,-1.774275375E1,-4.003424835E0,4.042594978E1
2.278446129E1,-5.291376526E1,-2.554003922E1,-2.984344025E0,5.883082922E1
2.279440029E1,-6.008160965E1,-2.896342026E1,-3.523672485E-1,6.669935302E1
2.280434029E1,-4.792104767E1,-2.503813293E1,7.246281281E0,5.455129240E1
2.281427929E1,-3.134796158E1,-1.724384125E1,1.190504333E1,3.770642933E1
2.282421829E1,-2.352971970E1,-1.094987961E1,1.126617188E1,2.829265278E1
2.283415829E1,-1.997985168E1,-6.779551849E0,8.065677338E0,2.258787169E1
2.284409729E1,-2.034494247E1,-5.543123016E0,3.946842499E0,2.145274954E1
2.285403729E1,-2.308050385E1,-5.795498199E0,1.254541168E0,2.383005100E1
2.286397629E1,-2.322585159E1,-6.678062897E0,1.050964508E0,2.418969269E1
2.287391529E1,-2.100102814E1,-8.068671112E0,-6.765930176E-2,2.249780465E1
2.288385529E1,-1.800979843E1,-8.016429749E0,-1.000369720E0,1.973871133E1
2.289379429E1,-1.522409134E1,-6.817722473E0,-1.246308289E0,1.672744993E1
2.290373329E1,-1.261052628E1,-5.199138336E0,-1.043480072E0,1.368010464E1
2.291367329E1,-1.006941055E1,-3.697910156E0,-2.981799316E-1,1.073109872E1
2.292361229E1,-7.655230865E0,-2.395767975E0,-1.802252197E-1,8.023387372E0
2.293355129E1,-5.184768219E0,-1.164578247E0,-4.420307922E-1,5.332302992E0
2.294349129E1,-2.704276428E0,-4.670288086E-2,-9.377998352E-1,2.862649243E0
2.295343029E1,-7.111711121E-1,8.937913513E-1,-1.384171600E0,1.794591416E0
2.296337029E1,1.101559296E0,1.484612732E0,-1.802401886E0,2.581890858E0
2.297330929E1,2.802921295E0,1.763632507E0,-1.852547607E0,3.794561904E0
2.298324829E1,4.144132233E0,2.135608978E0,-1.367256775E0,4.858399815E0
2.299318829E1,4.897665253E0,2.565514984E0,-2.026785278E-1,5.532636862E0
2.300312729E1,5.249882812E0,3.010539551E0,9.424401855E-1,6.124770317E0
2.301306629E1,5.594615936E0,3.484903107E0,2.029629364E0,6.896642117E0
2.302300629E1,5.920039215E0,3.545227661E0,3.034340057E0,7.538084840E0
2.303294529E1,5.450166321E0,2.055226135E0,3.477268982E0,6.783779696E0
2.304288529E1,3.470083923E0,-3.519181824E-1,3.062182159E0,4.641367085E0
2.305282429E1,1.896855469E0,-1.963916016E0,2.251168671E0,3.538755031E0
2.306276329E1,7.102729797E-1,-2.615960083E0,1.422791290E0,3.061383661E0
2.307270329E1,-2.049238586E-1,-2.502196655E0,6.084846497E-1,2.583260625E0
2.308264229E1,-9.949809265E-1,-2.112257538E0,-7.319778442E-2,2.336017309E0
2.309258129E1,-1.543889465E0,-1.770218811E0,-4.989125061E-1,2.401287781E0
2.310252129E1,-1.572779388E0,-1.521136780E0,-5.288502502E-1,2.251038581E0
2.311246029E1,-1.081201630E0,-1.352437592E0,-5.408253479E-1,1.813994614E0
2.312239929E1,-4.769082642E-1,-1.201701050E0,-6.613247681E-1,1.452197423E0
2.313233929E1,-4.505630493E-2,-1.030307465E0,-6.234535217E-1,1.205096609E0
2.314227829E1,1.014889526E-1,-8.563691711E-1,-4.623884583E-1,9.785045994E-1
2.315221829E1,2.550695801E-1,-8.672964478E-1,-1.360670471E-1,9.142088713E-1
2.316215729E1,3.502716064E-1,-1.013542328E0,1.502874756E-1,1.082840974E0
2.317209629E1,2.553689575E-1,-9.506730652E-1,1.776805115E-1,1.000281433E0
2.318203629E1,-1.233435059E-1,-6.991960144E-1,7.080276489E-2,7.135136428E-1
2.319197529E1,-9.461824036E-1,-3.246748352E-1,2.878514099E-1,1.040929068E0
2.320191429E1,-2.084864502E0,3.041674805E-1,2.533930664E0,3.295448749E0
2.321185429E1,-3.382965088E0,6.909631348E-1,7.814499664E0,8.543318316E0
2.322179329E1,-5.543721771E0,2.755769348E-1,1.298145493E1,1.411832022E1
2.323173229E1,-6.147566071E0,-1.165925446E0,3.588487701E0,7.213126556E0
2.324167229E1,-5.856870575E0,-2.215542755E0,-1.871857452E0,6.535702943E0
2.325161129E1,-8.920549622E0,-3.092868347E0,-1.069675598E0,9.501907495E0
2.326155129E1,-1.568168976E1,-5.733676758E0,-4.140390015E-1,1.670215169E1
2.327149029E1,-2.650687866E1,-1.072489746E1,-1.547931061E0,2.863623810E1
2.328142929E1,-4.088253433E1,-1.746927246E1,-5.829327850E0,4.483902493E1
2.329136929E1,-5.576114410E1,-2.509112274E1,-8.049660645E0,6.167387347E1
2.330130829E1,-6.096237808E1,-3.074531479E1,-2.957998810E0,6.834058589E1
2.331124729E1,-4.532140366E1,-2.807471832E1,5.244943085E0,5.356985035E1
2.332118729E1,-3.068379272E1,-1.939486816E1,1.134565659E1,3.803130251E1
2.333112629E1,-2.563703751E1,-1.187256088E1,1.265393600E1,3.095702651E1
2.334106629E1,-2.282917648E1,-7.268285522E0,6.989714813E0,2.495707087E1
2.335100529E1,-2.154858948E1,-5.007536774E0,3.217559052E0,2.235553218E1
2.336094429E1,-2.003179367E1,-4.321663055E0,2.458936615E0,2.063966808E1
2.337088388E1,-1.818508392E1,-4.493356018E0,2.232008514E0,1.886450073E1
2.338082287E1,-1.650018768E1,-5.561385040E0,1.139729919E0,1.744947510E1
2.339076187E1,-1.435035828E1,-6.358776855E0,-1.969903564E-1,1.569731286E1
2.340070187E1,-1.150761978E1,-6.409970398E0,-8.984317017E-1,1.320303802E1
2.341064087E1,-8.523575134E0,-5.777685242E0,-1.160836029E0,1.036245724E1
2.342057988E1,-6.144572296E0,-4.501588898E0,-1.233734436E0,7.716357429E0
2.343051987E1,-4.495451660E0,-2.878813477E0,-1.309776306E0,5.496559527E0
2.344045888E1,-3.134332123E0,-1.405726776E0,-1.527723083E0,3.759527024E0
2.345039887E1,-1.553768921E0,-1.046324158E-1,-1.504970398E0,2.165659646E0
2.346033788E1,1.013392639E-1,1.231788483E0,-8.666976929E-1,1.509548742E0
2.347027687E1,1.685045929E0,2.536475372E0,3.474275208E-1,3.064929523E0
2.348021688E1,3.048710175E0,3.345093842E0,1.544039154E0,4.782085680E0
2.349015587E1,4.390819244E0,3.422931976E0,2.226470032E0,5.996075863E0
2.350009487E1,5.155578918E0,2.999013519E0,2.105222168E0,6.325032526E0
2.351003487E1,5.545068970E0,2.586022339E0,1.715133362E0,6.354288620E0
2.351997387E1,5.726042633E0,2.172582092E0,1.390907593E0,6.280310591E0
2.352991387E1,5.295687561E0,1.780697021E0,1.286424866E0,5.733243197E0
2.353985287E1,3.814817047E0,1.262025604E0,9.922865295E-1,4.138860989E0
2.354979188E1,1.933080139E0,7.411088562E-1,-7.589218140E-2,2.071666186E0
2.355973187E1,5.691165161E-1,1.348695374E-1,-9.246272278E-1,1.094083594E0
2.356967088E1,-4.787045288E-1,-5.453160095E-1,-1.045426025E0,1.272573436E0
2.357960987E1,-1.175804901E0,-1.015787659E0,-8.144563293E-1,1.754332023E0
2.358954988E1,-1.605411530E0,-1.354383545E0,-6.198609924E-1,2.189960871E0
2.359948887E1,-1.722019043E0,-1.556762695E0,-6.520440674E-1,2.411228139E0
2.360942787E1,-1.494941254E0,-1.753753052E0,-5.318440247E-1,2.365027946E0
2.361936787E1,-1.366059265E0,-2.636766815E0,5.197192383E-1,3.014757907E0
2.362930687E1,-8.692424011E-1,-2.844235382E0,4.769082642E-1,3.012092089E0
2.363924687E1,-2.688409424E-1,-2.430046692E0,2.405497742E-1,2.456677954E0
2.364918587E1,2.963836670E-2,-1.872306519E0,2.555186462E-1,1.889894153E0
2.365912488E1,1.896556091E-1,-1.257984009E0,3.342549133E-1,1.315378031E0
2.366906487E1,1.368154907E-1,-7.333250427E-1,4.339476013E-1,8.630148420E-1
2.367900388E1,1.086740112E-1,-3.246748352E-1,6.159690857E-1,7.047281063E-1
2.368894287E1,-1.323248291E-1,6.496490479E-2,6.620732117E-1,6.782855128E-1
2.369888288E1,-7.089257812E-1,3.784130859E-1,1.213227081E0,1.455229253E0
2.370882187E1,-1.384321289E0,3.381468201E-1,6.115682373E0,6.279511095E0
2.371876188E1,-3.358565826E0,-6.538403320E-1,1.544278656E1,1.581730471E1
2.372870087E1,-6.140530701E0,-1.212778015E0,5.864654388E0,8.577360835E0
2.373863987E1,-6.325545959E0,-1.555864563E0,-2.578238525E0,7.005751931E0
2.374857987E1,-8.702303467E0,-2.720293121E0,-1.474284210E0,9.235994490E0
2.375851887E1,-1.541239975E1,-5.409600677E0,-1.691482544E-2,1.633420129E1
2.376845788E1,-2.699306763E1,-1.256082962E1,-1.870061188E0,2.983114596E1
2.377839787E1,-4.303700409E1,-2.146386566E1,-5.186564484E0,4.837129005E1
2.378833688E1,-6.077451874E1,-3.155737610E1,1.337917786E0,6.849233635E1
2.379827587E1,-5.411576569E1,-2.869517807E1,5.937852173E0,6.154012860E1
2.380821588E1,-3.431763611E1,-1.554667053E1,8.669521637E0,3.865953593E1
2.381815487E1,-2.704890152E1,-8.570128326E0,9.685159607E0,2.998153581E1
2.382809488E1,-2.475537094E1,-4.811294861E0,7.979306946E0,2.645082774E1
2.383803387E1,-2.273172913E1,-3.193908234E0,4.354594574E0,2.336439712E1
2.384797287E1,-2.200079910E1,-3.921395416E0,1.271755371E0,2.238369641E1
2.385791287E1,-2.295147217E1,-5.377866669E0,-7.646099854E-1,2.358550727E1
2.386785187E1,-2.310894470E1,-6.669680328E0,-1.986519012E0,2.413408831E1
2.387779087E1,-2.135489227E1,-8.339607697E0,-3.258723450E0,2.315598754E1
2.388773087E1,-1.799662582E1,-8.524473267E0,-5.196443939E0,2.058028705E1
2.389766988E1,-1.372256378E1,-7.564669189E0,-5.000800781E0,1.644813014E1
2.390760987E1,-9.416618042E0,-6.216123505E0,-4.388723602E0,1.210676594E1
2.391754888E1,-6.450086975E0,-4.371958466E0,-3.359463959E0,8.485495914E0
2.392748787E1,-4.818779297E0,-2.741099854E0,-1.963916016E0,5.881430815E0
2.393742788E1,-3.532653809E0,-1.288969574E0,-3.529660034E-1,3.776992255E0
2.394736687E1,-1.896705780E0,2.499801636E-2,9.608518982E-1,2.126347593E0
2.395730587E1,-5.403762817E-2,1.147214355E0,2.087109833E0,2.382235987E0
2.396724587E1,2.274071045E0,2.414628754E0,3.473676453E0,4.802942768E0
2.397718487E1,4.736899567E0,3.591032410E0,4.843777313E0,7.667849107E0
2.398712387E1,6.684349823E0,4.032464447E0,5.491929474E0,9.544767751E0
2.399706387E1,8.115523682E0,3.744463348E0,5.716163177E0,1.060930025E1
2.400700288E1,8.900940399E0,2.789598999E0,5.819298706E0,1.099421848E1
2.401694287E1,7.365433502E0,2.567161560E-1,5.627248077E0,9.272617472E0
2.402688188E1,3.284769287E0,-2.261497192E0,4.381089478E0,5.924358516E0
2.403682087E1,5.530998230E-1,-3.219205627E0,2.810256042E0,4.308914400E0
2.404676088E1,-1.720073090E0,-3.497476959E0,1.056053925E0,4.038099356E0
2.405669987E1,-3.396886139E0,-3.220552826E0,-5.450166321E-1,4.712519398E0
2.406663887E1,-4.128714294E0,-2.890339508E0,-1.409918060E0,5.233374928E0
2.407657887E1,-3.512595520E0,-2.543211365E0,-1.577120361E0,4.614494552E0
2.408651787E1,-2.344275055E0,-2.147733765E0,-1.585203552E0,3.552640730E0
2.409645687E1,-1.410217438E0,-1.638492737E0,-1.530567169E0,2.648774722E0
2.410639687E1,-7.481442261E-1,-1.145717468E0,-1.356778564E0,1.926975966E0
2.411633587E1,-3.119512939E-1,-7.596702576E-1,-1.233584747E0,1.481939216E0
2.412627587E1,-1.302291870E-2,-4.011657715E-1,-1.203048248E0,1.268238408E0
2.413621488E1,1.968406677E-1,-2.230361938E-1,-1.128952332E0,1.167486513E0
2.414615387E1,3.811074829E-1,2.125579834E-2,-7.873626709E-1,8.750055417E-1
2.415609388E1,4.730163574E-1,4.014651489E-1,-5.722599792E-1,8.440380466E-1
2.416603287E1,1.585203552E-1,7.095245361E-1,-7.881111145E-1,1.072228007E0
2.417597187E1,-3.134481812E-1,8.014334106E-1,-1.093476105E0,1.391486711E0
2.418591187E1,-6.536906433E-1,8.140072632E-1,-1.326242065E0,1.687849904E0
2.419585087E1,-6.718029785E-1,9.021739197E-1,-1.551822968E0,1.916609388E0
2.420579087E1,-8.387059021E-1,1.088536377E0,-7.274871826E-1,1.554855825E0
2.421572987E1,-2.170336761E0,1.037492523E0,5.639821930E0,6.131422657E0
2.422566887E1,-4.372706909E0,-6.744973755E-1,1.040007294E1,1.130208076E1
2.423560887E1,-6.990612946E0,-1.216669922E0,4.634063416E0,8.474874559E0
2.424554787E1,-7.433841248E0,-1.509011993E0,-1.157243500E0,7.673221319E0
2.425548687E1,-1.171808212E1,-2.430495758E0,1.135688324E0,1.202125394E1
2.426542688E1,-1.693293777E1,-5.858816528E0,5.128335571E-1,1.792520881E1
2.427536587E1,-2.275523026E1,-9.322463837E0,-4.392765198E0,2.498009652E1
2.428530487E1,-3.460339188E1,-1.432760559E1,-4.835394745E0,3.776315736E1
2.429524487E1,-4.642700455E1,-2.055839859E1,-4.604574738E0,5.098349353E1
2.430518387E1,-5.092949158E1,-3.173984665E1,7.819738770E0,6.051759490E1
2.431512387E1,-3.512745209E1,-3.218741592E1,4.936135254E0,4.789919692E1
2.432506287E1,-2.691986984E1,-2.459864685E1,6.715185699E0,3.707919279E1
2.433500187E1,-2.465283417E1,-1.574575653E1,1.104044128E1,3.126631454E1
2.434494187E1,-2.385364609E1,-1.069735474E1,4.292174377E0,2.649250065E1
2.435488087E1,-2.481000732E1,-8.385262756E0,3.832929382E0,2.646772454E1
2.436482012E1,-2.496014511E1,-7.190597076E0,5.803581390E0,2.661569250E1
2.437476012E1,-2.397534302E1,-7.367080078E0,3.563938751E0,2.533362590E1
2.438469912E1,-2.166444855E1,-6.690187683E0,1.922452240E0,2.275527993E1
2.439463912E1,-1.940759171E1,-5.451812897E0,1.509161682E0,2.021520340E1
2.440457812E1,-1.706526260E1,-4.374503174E0,1.011746063E0,1.764605043E1
2.441451712E1,-1.407882294E1,-3.544479218E0,3.558100891E-1,1.452250629E1
2.442445712E1,-1.086919739E1,-2.847528534E0,-6.887178040E-1,1.125709567E1
2.443439612E1,-7.679929504E0,-2.127076721E0,-1.061143341E0,8.039390385E0
2.444433512E1,-5.108277283E0,-1.280886383E0,-9.002279663E-1,5.342806109E0
2.445427512E1,-2.801424408E0,-5.577401733E-1,-1.165177002E0,3.084913331E0
2.446421412E1,-1.098864899E0,-1.628613281E-1,-1.963766327E0,2.256192825E0
2.447415412E1,-1.901046753E-2,2.504292297E-1,-2.555336151E0,2.567648543E0
2.448409312E1,7.000941467E-1,6.506968689E-1,-2.617157593E0,2.786225421E0
2.449403212E1,1.633702698E0,9.604028320E-1,-2.619103546E0,3.232810154E0
2.450397212E1,2.822680206E0,1.233285370E0,-2.630779266E0,4.050866068E0
2.451391112E1,3.856430511E0,1.407373352E0,-1.780098267E0,4.474539740E0
2.452385012E1,4.628375244E0,1.468146973E0,-7.658074951E-1,4.915666186E0
2.453379012E1,5.597310333E0,1.446891174E0,5.867797852E-2,5.781593218E0
2.454372912E1,6.182144165E0,1.102906494E0,1.209634552E0,6.395195459E0
2.455366812E1,5.685177612E0,1.213975525E-1,2.776127014E0,6.327943035E0
2.456360812E1,4.323908386E0,-1.103505249E0,4.337530060E0,6.223188458E0
2.457354712E1,2.581381989E0,-1.541644135E0,3.649411011E0,4.728467017E0
2.458348712E1,1.361718292E0,-1.111588440E0,1.654509430E0,2.413981570E0
2.459342612E1,7.132667542E-1,-5.025050354E-1,4.864883423E-1,9.989653049E-1
2.460336512E1,-3.218307495E-2,-2.374063110E-1,3.056643677E-1,3.883660805E-1
2.461330512E1,-7.658074951E-1,-2.999761963E-1,3.906875610E-1,9.105402837E-1
2.462324412E1,-1.287921753E0,-4.513114929E-1,3.351530457E-1,1.405258720E0
2.463318312E1,-1.628014526E0,-5.777984619E-1,2.022294617E-1,1.739304205E0
2.464312312E1,-1.876348114E0,-6.864724731E-1,1.348695374E-1,2.002527526E0
2.465306212E1,-1.947001190E0,-7.773335266E-1,2.059716797E-1,2.106533973E0
2.466300212E1,-1.908082123E0,-8.156538391E-1,3.023712158E-1,2.097020964E0
2.467294112E1,-1.830992432E0,-8.178991699E-1,3.743714905E-1,2.040011360E0
2.468288012E1,-1.527872772E0,-7.283853149E-1,5.156776428E-1,1.769424711E0
2.469282012E1,-1.045276337E0,-5.372328186E-1,8.158035278E-1,1.430649194E0
2.470275912E1,-5.037025452E-1,-4.442761230E-1,1.246457977E0,1.415893717E0
2.471269812E1,-1.408570862E-1,-4.191284180E-1,1.682501221E0,1.739632061E0
2.472263812E1,-1.175056458E-1,-6.614744568E-1,2.381098480E0,2.474062652E0
2.473257712E1,-6.828799438E-1,-1.066981201E0,7.901618500E0,8.002521404E0
2.474251612E1,-3.204536133E0,-1.100661163E0,2.148287613E1,2.174843612E1
2.475245612E1,-5.818550262E0,-1.375190277E0,6.662195892E0,8.951621616E0
2.476239512E1,-5.878425751E0,-1.119072876E0,-4.235592041E0,7.331333668E0
2.477233512E1,-1.023361908E1,-2.008373566E0,-3.894900513E-1,1.043610207E1
2.478227412E1,-1.748199600E1,-5.464386749E0,-3.140469360E-1,1.831879724E1
2.479221312E1,-2.787847641E1,-1.163365768E1,-6.727759552E0,3.094857326E1
2.480215312E1,-4.650873459E1,-1.948318451E1,-9.090446320E0,5.123761398E1
2.481209212E1,-6.225673645E1,-3.163865707E1,-4.031117249E0,6.995109550E1
2.482203112E1,-5.571653687E1,-2.918810303E1,-1.135239258E0,6.290919334E1
2.483197112E1,-3.933535172E1,-2.164648590E1,2.949915619E0,4.499491359E1
2.484191012E1,-2.985092468E1,-1.531375488E1,9.699080658E0,3.492364469E1
2.485185012E1,-2.293321014E1,-9.818831635E0,9.506431274E0,2.669670050E1
2.486178912E1,-1.987791367E1,-7.614964600E0,5.695206757E0,2.203530162E1
2.487172812E1,-2.004631348E1,-7.155719604E0,4.110452271E0,2.167844148E1
2.488166812E1,-2.107721970E1,-7.990383911E0,3.266357574E0,2.277640263E1
2.489160712E1,-2.089654541E1,-9.180708618E0,2.649041290E0,2.297756385E1
2.490154612E1,-1.895747772E1,-9.050479431E0,1.418001251E0,2.105487751E1
2.491148612E1,-1.629631165E1,-7.608827362E0,7.828720093E-2,1.798527609E1
2.492142512E1,-1.379815659E1,-5.523214417E0,-6.744973755E-1,1.487783483E1
2.493136512E1,-1.148292114E1,-3.453767853E0,-2.621049500E-1,1.199394386E1
2.494130412E1,-8.776698761E0,-2.087708588E0,-4.670288086E-2,9.021704354E0
2.495124312E1,-5.554948425E0,-8.665480042E-1,-1.010548553E0,5.712229497E0
2.496118312E1,-2.957998810E0,4.869374084E-1,-2.022294617E0,3.616149958E0
2.497112212E1,-1.249302063E0,1.547481995E0,-2.152823181E0,2.930887889E0
2.498106112E1,2.386038208E-1,1.873504028E0,-1.217867432E0,2.247253926E0
2.499100112E1,1.567689972E0,2.012415161E0,3.565585327E-1,2.575771849E0
2.500094012E1,3.125201111E0,2.380200348E0,1.820663910E0,4.329786687E0
2.501087912E1,4.820276184E0,2.734513550E0,2.965483246E0,6.285436956E0
2.502081912E1,5.831273804E0,2.945724335E0,3.789070587E0,7.552357377E0
2.503075812E1,6.774163055E0,2.895129547E0,4.283941498E0,8.521925543E0
2.504069812E1,7.722890167E0,1.921105042E0,4.030219116E0,8.920557339E0
2.505063712E1,7.281607819E0,7.092251587E-1,2.329306183E0,7.677921597E0
2.506057612E1,4.377347260E0,1.657054138E-1,1.808239746E-1,4.384213113E0
2.507051612E1,1.626367950E0,1.511856079E-2,-6.770420837E-1,1.761728488E0
2.508045512E1,5.147795105E-1,-1.987866211E-1,-9.684860229E-1,1.114665529E0
2.509039512E1,-5.655239868E-1,-4.679269409E-1,-1.322948914E0,1.512933187E0
2.510033412E1,-1.312171326E0,-6.135740662E-1,-1.256337433E0,1.917459378E0
2.511027312E1,-1.667382660E0,-7.255412292E-1,-1.235979767E0,2.198686197E0
2.512021312E1,-1.789378967E0,-8.107141113E-1,-1.414109344E0,2.420504017E0
2.513015212E1,-1.625769196E0,-7.946974182E-1,-1.482816467E0,2.339532889E0
2.514009112E1,-1.420096893E0,-7.487429810E-1,-1.182391205E0,1.993825519E0
2.515003112E1,-1.473535767E0,-8.469387817E-1,-2.067201233E-1,1.712117451E0
2.515997012E1,-1.672322388E0,-1.212628326E0,1.207688599E0,2.392831247E0
2.516990912E1,-1.025068359E0,-8.821156311E-1,1.728904724E-1,1.363372379E0
2.517984912E1,-2.862048340E-1,-3.927832031E-1,-2.387535095E-1,5.414749209E-1
2.518978812E1,3.121009827E-1,1.112187195E-1,-1.606159973E-1,3.682039184E-1
2.519972812E1,7.439529419E-1,5.611830139E-1,8.741821289E-2,9.359670394E-1
2.520966712E1,9.586065674E-1,7.993377686E-1,6.897656250E-1,1.426058918E0
2.521960612E1,1.089584198E0,9.360035706E-1,1.269659729E0,1.917115603E0
2.522954612E1,9.821076965E-1,9.960287476E-1,1.725761261E0,2.221454641E0
2.523948512E1,3.664379883E-1,5.490582275E-1,3.040477295E0,3.111309036E0
2.524942412E1,-7.536827087E-1,-7.577243042E-1,9.167386322E0,9.229472126E0
2.525936412E1,-3.381617889E0,-2.705324249E0,1.778646286E1,1.830607495E1
2.526930312E1,-6.163283386E0,-3.061284027E0,4.896018677E0,8.445621403E0
2.527924312E1,-6.595584412E0,-2.320923615E0,-3.560046844E0,7.846168090E0
2.528918212E1,-1.095841187E1,-3.822900238E0,-9.333091736E-1,1.164355714E1
2.529912112E1,-1.951791229E1,-7.550299072E0,1.965412903E-1,2.092831921E1
2.530906112E1,-3.110965714E1,-1.280257690E1,-4.567901001E0,3.394970489E1
2.531900012E1,-4.870556625E1,-2.003478745E1,-6.740483093E0,5.309481146E1
2.532893913E1,-6.226960968E1,-2.746563492E1,-3.922143860E0,6.817073128E1
2.533887912E1,-5.288682129E1,-2.776995209E1,2.172731781E0,5.977379751E1
2.534881812E1,-3.235222321E1,-2.145518372E1,9.251062317E0,3.990705963E1
2.535875712E1,-2.361369507E1,-1.399799103E1,1.251472549E1,3.016900233E1
2.536869717E1,-2.016142410E1,-8.742420044E0,1.024529480E1,2.424621611E1
2.537863617E1,-1.958407471E1,-5.187013550E0,7.167245636E0,2.148977668E1
2.538857617E1,-2.204361008E1,-3.559747467E0,4.456083527E0,2.276948018E1
2.539851517E1,-2.470821899E1,-4.010011139E0,2.290387115E0,2.513607265E1
2.540845417E1,-2.516402115E1,-5.821394348E0,1.556313629E0,2.587544598E1
2.541839417E1,-2.285177948E1,-7.482939148E0,6.885681152E-2,2.404585089E1
2.542833317E1,-1.948662735E1,-7.773484955E0,-1.327589264E0,2.102185071E1
2.543827317E1,-1.605276810E1,-6.838529205E0,-1.665137329E0,1.752796416E1
2.544821217E1,-1.258373199E1,-5.265600128E0,-1.387015686E0,1.371133357E1
2.545815117E1,-9.397457886E0,-3.676953735E0,-9.696835327E-1,1.013767674E1
2.546809117E1,-6.708150330E0,-2.438279572E0,-4.710704041E-1,7.153068952E0
2.547803017E1,-4.276756439E0,-1.446741486E0,-4.583468628E-1,4.538037948E0
2.548796917E1,-2.201621704E0,-7.482939148E-1,-9.147477722E-1,2.498768776E0
2.549790917E1,-5.857319641E-1,-2.330653381E-1,-1.296903076E0,1.441998257E0
2.550784817E1,6.447093201E-1,1.920506287E-1,-1.172661438E0,1.351912867E0
2.551778717E1,1.880988464E0,4.893324280E-1,-5.767506409E-1,2.027364084E0
2.552772717E1,3.104095001E0,8.550219727E-1,3.146456909E-1,3.235037907E0
2.553766617E1,4.135749664E0,1.069675598E0,1.189276886E0,4.434299345E0
2.554760617E1,4.805157623E0,1.029708710E0,1.922751617E0,5.277008015E0
2.555754517E1,5.536087646E0,1.048120422E0,2.627186737E0,6.216826602E0
2.556748417E1,6.326444092E0,8.337661743E-1,3.473227386E0,7.265147580E0
2.557742417E1,6.729855194E0,3.094065857E-1,4.056714020E0,7.864070956E0
2.558736317E1,5.392685852E0,-4.354444885E-1,3.605402527E0,6.501507516E0
2.559730217E1,2.902314606E0,-8.331674194E-1,2.202519836E0,3.737471291E0
2.560724217E1,1.021775208E0,-7.937992859E-1,8.033793640E-1,1.523010270E0
2.561718117E1,-3.582051086E-1,-5.646258545E-1,-4.550537109E-2,6.702119025E-1
2.562712117E1,-1.408421173E0,-3.538641357E-1,-4.944218445E-1,1.534054428E0
2.563706017E1,-2.117945709E0,-1.727407837E-1,-7.304809570E-1,2.247028223E0
2.564699917E1,-2.500550079E0,-4.954696655E-2,-8.538244629E-1,2.642767832E0
2.565693917E1,-2.619552612E0,4.969665527E-2,-9.207353210E-1,2.777099058E0
2.566687817E1,-2.420765991E0,2.359094238E-1,-1.078058167E0,2.660445574E0
2.567681717E1,-2.018851776E0,3.848497009E-1,-1.230740662E0,2.395536341E0
2.568675717E1,-1.649120636E0,4.447251892E-1,-1.213227081E0,2.095065468E0
2.569669617E1,-1.205892334E0,4.393363953E-1,-1.176852722E0,1.741314193E0
2.570663517E1,-4.831951904E-1,4.367916870E-1,-7.029382324E-1,9.583249598E-1
2.571657517E1,1.749861145E-1,3.240760803E-1,-3.023712158E-2,3.695398891E-1
2.572651417E1,6.270460510E-1,1.442999268E-1,5.295986938E-1,8.333570636E-1
2.573645417E1,1.020877075E0,-8.816665649E-2,9.201365662E-1,1.377176337E0
2.574639317E1,1.192420349E0,-5.489085388E-1,1.456920319E0,1.961066977E0
2.575633217E1,9.951306152E-1,-1.306034088E0,4.166136475E0,4.478024465E0
2.576627217E1,-1.417552185E-1,-1.856140137E0,1.398676437E1,1.411010023E1
2.577621117E1,-3.496129761E0,-1.719025269E0,1.562959808E1,1.610783373E1
2.578615017E1,-5.336402893E0,-1.235381012E0,-1.121916962E0,5.591248497E0
2.579609017E1,-6.860533447E0,-1.204694824E0,-2.623594208E0,7.443215392E0
2.580602917E1,-1.186507645E1,-2.304008789E0,-4.207749939E-1,1.209402940E1
2.581596917E1,-2.127780258E1,-6.440057831E0,-2.954855347E-1,2.223300563E1
2.582590817E1,-3.740391815E1,-1.555924438E1,-2.505340118E0,4.058842086E1
2.583584717E1,-5.736341217E1,-2.351969055E1,-4.353846130E0,6.215056617E1
2.584578717E1,-6.588698730E1,-2.807277237E1,-2.167941742E0,7.165106849E1
2.585572617E1,-4.613720718E1,-2.658726151E1,5.471571808E0,5.353001456E1
2.586566517E1,-2.673066330E1,-1.763572632E1,1.147124542E1,3.401671170E1
2.587560517E1,-2.101988892E1,-1.192180847E1,1.051233948E1,2.635288463E1
2.588554417E1,-1.925206512E1,-8.174800415E0,7.281158752E0,2.214688796E1
2.589548417E1,-2.053369995E1,-5.730084229E0,4.054618378E0,2.170038316E1
2.590542317E1,-2.278711395E1,-4.724625092E0,1.062640228E0,2.329600500E1
2.591536217E1,-2.435450455E1,-5.185965729E0,-3.173400879E-2,2.490054496E1
2.592530217E1,-2.436183929E1,-6.536457367E0,-2.897973633E-1,2.522515552E1
2.593524117E1,-2.191083618E1,-8.137078857E0,-8.677455139E-1,2.338909525E1
2.594518017E1,-1.872695709E1,-8.750054169E0,-8.798703003E-1,2.068904400E1
2.595512017E1,-1.563648376E1,-7.933202820E0,-1.240919495E-1,1.753427302E1
2.596505917E1,-1.230486191E1,-6.173312531E0,2.607577515E-1,1.376907436E1
2.597499917E1,-8.786877594E0,-4.261637878E0,2.721340942E-1,9.769587106E0
2.598493817E1,-5.937552795E0,-2.573897552E0,5.668711853E-1,6.496216187E0
2.599487717E1,-3.716621246E0,-1.196012878E0,6.741979980E-1,3.962103385E0
2.600481717E1,-1.749262390E0,-2.170486450E-1,2.627037048E-1,1.782145409E0
2.601475617E1,-1.405577087E-1,5.447172546E-1,-5.194198608E-2,5.649524997E-1
2.602469517E1,1.859133911E0,1.189875641E0,1.207987976E-1,2.210605186E0
2.603463517E1,4.386927338E0,1.912423096E0,7.747888184E-1,4.847967747E0
2.604457417E1,6.095923462E0,2.396067352E0,2.530338135E0,7.021683038E0
2.605451417E1,7.032825165E0,2.165247345E0,3.384012909E0,8.099411660E0
2.606445317E1,7.388635254E0,1.594633942E0,2.734214172E0,8.038079090E0
2.607439217E1,7.531138916E0,1.055754547E0,1.886976013E0,7.835390833E0
2.608433217E1,6.823710022E0,6.990463257E-2,1.821112976E0,7.062885925E0
2.609427117E1,3.988905029E0,-1.481618958E0,2.336491241E0,4.854456652E0
2.610421017E1,1.121767273E0,-2.597698059E0,2.240989838E0,3.609491997E0
2.611415017E1,-9.439370728E-1,-3.022664337E0,1.816472626E0,3.650628671E0
2.612408917E1,-2.478545837E0,-2.654729462E0,1.350791016E0,3.874972819E0
2.613402817E1,-2.916834412E0,-1.575174408E0,6.617738342E-1,3.380390807E0
2.614396817E1,-2.384391632E0,-5.239105225E-1,-1.202000427E-1,2.444228660E0
2.615390717E1,-1.832189941E0,1.499880981E-1,-4.932243347E-1,1.903335665E0
2.616384717E1,-1.452130280E0,4.517605591E-1,-8.509803772E-1,1.742681139E0
2.617378617E1,-1.050365753E0,5.385800171E-1,-1.223555603E0,1.700124985E0
2.618372517E1,-7.996371460E-1,5.421725464E-1,-1.490001526E0,1.775802687E0
2.619366517E1,-7.158114624E-1,4.041595459E-1,-1.637744293E0,1.832467560E0
2.620360417E1,-6.253994751E-1,2.234852600E-1,-1.591340790E0,1.724365296E0
2.621354417E1,-3.900888062E-1,8.846603394E-2,-1.460512848E0,1.514296303E0
2.622348317E1,2.574645996E-2,-3.173400879E-2,-1.355581055E0,1.356196860E0
2.623342217E1,2.862048340E-1,-8.053253174E-2,-1.202000427E0,1.238226039E0
2.624336217E1,1.745370483E-1,-1.460961914E-1,-1.034798126E0,1.059535011E0
2.625330117E1,-7.918533325E-2,-1.712438965E-1,-1.046473846E0,1.063344864E0
2.626324017E1,-2.673440552E-1,-1.419049072E-1,-9.648934937E-1,1.011251354E0
2.627318017E1,-2.835104370E-1,-2.071691895E-1,-8.646020508E-1,9.331848408E-1
2.628311917E1,-5.797444153E-1,-4.547543335E-1,-3.712280273E-2,7.377555106E-1
2.629305917E1,-2.601889343E0,-1.688937836E0,1.736673569E1,1.764159425E1
2.630299817E1,-5.946085052E0,-2.686014404E0,1.324176361E1,1.476194108E1
2.631293717E1,-6.302793274E0,-1.871558075E0,-3.118614807E0,7.276928679E0
2.632287717E1,-9.323511658E0,-1.716779938E0,-4.113446045E-1,9.489173166E0
2.633281617E1,-1.762180527E1,-3.008743286E0,3.110681305E0,1.814543731E1
2.634275517E1,-2.477198639E1,-8.300089874E0,-2.260748749E0,2.622315363E1
2.635269517E1,-4.267924805E1,-1.669897430E1,1.241817627E0,4.584665820E1
2.636263417E1,-6.119454529E1,-2.643383057E1,4.744234314E0,6.682834377E1
2.637257313E1,-6.200915131E1,-2.966261627E1,2.365081787E0,6.877935200E1
2.638251312E1,-4.074751511E1,-2.609957565E1,6.561006317E0,4.883231144E1
2.639245213E1,-2.360860565E1,-2.027114594E1,9.906998291E0,3.265630465E1
2.640239212E1,-1.891810959E1,-1.369651794E1,7.847730560E0,2.463891940E1
2.641233113E1,-1.988225464E1,-9.526489563E0,4.601580963E0,2.252182498E1
2.642227012E1,-2.203956848E1,-7.081024933E0,1.855391693E0,2.322339276E1
2.643221012E1,-2.365875137E1,-6.245462494E0,-1.339714050E-1,2.446957839E1
2.644214912E1,-2.330638412E1,-6.679859161E0,-2.844085693E-2,2.424476992E1
2.645208912E1,-2.095716934E1,-7.386090546E0,4.596940613E-1,2.222540436E1
2.646202812E1,-1.797836380E1,-7.240892487E0,7.592211914E-1,1.939661068E1
2.647196712E1,-1.527753021E1,-6.247857513E0,1.095272369E0,1.654201543E1
2.648190712E1,-1.260244308E1,-4.957241364E0,8.957373047E-1,1.357196224E1
2.649184612E1,-9.507479095E0,-3.675157471E0,3.879931641E-1,1.020046469E1
2.650178513E1,-6.627318420E0,-2.470911713E0,-9.954299927E-2,7.073659799E0
2.651172512E1,-3.950734406E0,-1.408720551E0,-5.724096680E-1,4.233255102E0
2.652166413E1,-1.486558685E0,-6.011499023E-1,-1.282233582E0,2.053134406E0
2.653160312E1,6.450086975E-1,2.418969727E-1,-1.866618347E0,1.989676964E0
2.654154313E1,2.637515259E0,1.060694275E0,-2.369273071E0,3.700677502E0
2.655148212E1,4.060605927E0,1.658401337E0,-1.866618347E0,4.766873141E0
2.656142212E1,5.092260590E0,1.937570801E0,-4.869374084E-1,5.470137709E0
2.657136112E1,5.666466522E0,1.949396210E0,1.600172424E-1,5.994547018E0
2.658130012E1,5.706433411E0,1.751956787E0,4.631369019E-1,5.987255686E0
2.659124012E1,5.322481842E0,1.637744293E0,8.062234497E-1,5.626812204E0
2.660117912E1,4.861739960E0,1.487905884E0,1.160386963E0,5.215062536E0
2.661111813E1,3.750001831E0,1.153201904E0,1.303489380E0,4.134183466E0
2.662105812E1,1.588347015E0,8.411009216E-1,8.469387817E-1,1.986857393E0
2.663099713E1,-2.770738220E-1,8.421487427E-1,2.965333557E-1,9.348349794E-1
2.664093712E1,-1.499880981E0,1.094074860E0,2.517764282E-1,1.873508507E0
2.665087613E1,-2.047142944E0,1.426683197E0,5.819897461E-1,2.562212178E0
2.666081512E1,-1.896855469E0,1.773212585E0,1.053958282E0,2.802351085E0
2.667075513E1,-1.227297821E0,1.890119476E0,1.297651520E0,2.600521302E0
2.668069412E1,-5.230123901E-1,1.703607330E0,1.240470428E0,2.171309923E0
2.669063312E1,-6.586303711E-3,1.068777466E0,7.801776123E-1,1.323255742E0
2.670057312E1,6.855743408E-2,2.600093079E-1,2.197430420E-1,3.472635403E-1
2.671051212E1,-1.025367737E-1,-4.342469788E-1,-3.787124634E-2,4.477928760E-1
2.672045212E1,-1.507365417E-1,-9.581575012E-1,-2.963836670E-2,9.703946285E-1
2.673039112E1,-3.412902832E-2,-1.285377045E0,1.050814819E-1,1.290116683E0
2.674033013E1,1.989363098E-1,-1.510508881E0,5.548960876E-1,1.621456876E0
2.675027012E1,3.558100891E-1,-1.710193634E0,1.082848206E0,2.055218558E0
2.676020913E1,4.085005188E-1,-1.739532623E0,1.368903351E0,2.250942648E0
2.677014812E1,3.222798157E-1,-1.667532349E0,1.542691956E0,2.294433892E0
2.678008813E1,-6.691085815E-2,-1.469793549E0,1.446891174E0,2.063556204E0
2.679002712E1,-7.810757446E-1,-1.526226196E0,2.091600494E0,2.704484858E0
2.679996712E1,-2.096091156E0,-2.275118866E0,7.731272736E0,8.327204939E0
2.680990612E1,-5.085524597E0,-2.415975952E0,1.438793015E1,1.545030854E1
2.681984512E1,-6.878496094E0,-1.815873871E0,4.396058350E0,8.362800694E0
2.682978512E1,-6.508764954E0,-1.751507721E0,-3.236419830E0,7.477045796E0
2.683972412E1,-1.083581680E1,-3.254981232E0,-1.012344818E0,1.135934288E1
2.684966313E1,-1.841126358E1,-6.401587830E0,-1.015488281E0,1.951886702E1
2.685960312E1,-2.987771896E1,-1.201371735E1,-5.057832184E0,3.259737967E1
2.686954213E1,-4.771657288E1,-1.984243744E1,-6.694378967E0,5.210958031E1
2.687948212E1,-6.280564499E1,-2.586710907E1,-3.054548035E0,6.799254840E1
2.688942113E1,-5.560367157E1,-2.481240234E1,4.129013672E0,6.102845530E1
2.689936012E1,-3.531755676E1,-1.642818741E1,1.131631760E1,4.056197975E1
2.690930013E1,-2.625270721E1,-1.060080551E1,1.253283783E1,3.096213393E1
2.691923912E1,-2.230002686E1,-7.305558014E0,9.027277679E0,2.514267523E1
2.692917812E1,-2.026650558E1,-5.399721222E0,5.678142242E0,2.172854199E1
2.693911812E1,-2.012115784E1,-4.927902374E0,2.730322266E0,2.089497246E1
2.694905712E1,-2.147194885E1,-6.145620117E0,1.771865387E0,2.240430184E1
2.695899712E1,-2.141731247E1,-8.488248596E0,6.703060913E-1,2.304779703E1
2.696893612E1,-1.904205185E1,-9.758207703E0,-1.473086700E0,2.144743203E1
2.697887513E1,-1.637819138E1,-9.156159668E0,-2.146685944E0,1.888620325E1
2.698881512E1,-1.344459183E1,-7.261250153E0,-2.298919373E0,1.545211421E1
2.699875413E1,-1.009081604E1,-4.949457550E0,-2.172731781E0,1.144737794E1
2.700869312E1,-6.879094849E0,-2.819686432E0,-1.585802307E0,7.601798897E0
2.701863313E1,-4.637356567E0,-1.161734161E0,-1.453327789E0,4.996685287E0
2.702857212E1,-3.275488586E0,2.005828857E-1,-1.709295502E0,3.700101362E0
2.703851213E1,-1.879042511E0,1.179098053E0,-1.088985443E0,2.471226876E0
2.704845112E1,-4.261637878E-1,1.906435547E0,2.978805542E-1,1.976068039E0
2.705839012E1,1.129401398E0,2.450254669E0,1.238674164E0,2.968772330E0
2.706833012E1,2.906505890E0,2.757864990E0,1.402134247E0,4.244947142E0
2.707826912E1,4.423451385E0,2.898123322E0,1.223705292E0,5.428028702E0
2.708820813E1,5.597310333E0,3.013982391E0,1.127156067E0,6.456349868E0
2.709814812E1,6.568939819E0,3.343746643E0,1.866019592E0,7.603528200E0
2.710808713E1,7.181016998E0,3.388503571E0,3.422782288E0,8.646640976E0
2.711802712E1,6.702911224E0,2.229763184E0,4.551435242E0,8.403357989E0
2.712796613E1,3.471131744E0,2.529739380E-1,3.997736664E0,5.300438645E0
2.713790512E1,9.598040771E-1,-1.073268127E0,2.662962341E0,3.027291986E0
2.714784513E1,-6.927593994E-1,-1.947001190E0,1.461560669E0,2.531183282E0
2.715778412E1,-1.819915466E0,-2.324965210E0,5.218148804E-1,2.998307239E0
2.716772312E1,-2.365381165E0,-2.301314392E0,-4.849914551E-2,3.300519376E0
2.717766312E1,-2.305655365E0,-2.071242828E0,-3.746708679E-1,3.121933980E0
2.718760212E1,-1.731599121E0,-1.859732666E0,-6.432124329E-1,2.621214096E0
2.719754212E1,-9.821076965E-1,-1.602417755E0,-1.014739838E0,2.135878069E0
2.720748112E1,-3.176394653E-1,-1.290316772E0,-1.399439850E0,1.929830069E0
2.721742013E1,2.484832764E-1,-1.086440735E0,-1.566941528E0,1.922863272E0
2.722736012E1,7.306306458E-1,-9.581575012E-1,-1.373094635E0,1.826821232E0
2.723729913E1,9.696835327E-1,-9.848020935E-1,-9.854008484E-1,1.697390983E0
2.724723812E1,1.122216339E0,-1.108295288E0,-7.708969116E-1,1.755554045E0
2.725717813E1,1.362915802E0,-1.252295837E0,-8.021818542E-1,2.017245666E0
2.726711712E1,1.598525848E0,-1.397942963E0,-9.357041931E-1,2.320575737E0
2.727705713E1,1.568887482E0,-1.607357483E0,-9.930349731E-1,2.455834780E0
2.728699612E1,9.705816650E-1,-1.374890900E0,6.092330933E-1,1.789837623E0
2.729693512E1,-8.804690552E-1,-4.580474854E-1,6.325695648E0,6.403081968E0
2.730687512E1,-3.406166840E0,-4.909790039E-1,1.254226822E1,1.300582658E1
2.731681412E1,-5.573509827E0,-1.057700500E0,5.986800385E0,8.247697920E0
2.732675313E1,-6.301296387E0,-1.319057007E0,-2.676434326E-1,6.443437014E0
2.733669312E1,-1.409334274E1,1.336720276E-1,9.190737762E0,1.682586814E1
2.734663213E1,-2.274205765E1,-2.860401764E0,1.149429749E1,2.564180101E1
2.735657212E1,-2.867137756E1,-1.016102005E1,4.457730103E-1,3.042191535E1
2.736651113E1,-4.199951157E1,-1.581027237E1,-7.226971436E0,4.545495353E1
2.737644962E1,-5.861046890E1,-2.277738419E1,-7.587721252E0,6.333695453E1
2.738638962E1,-5.949408142E1,-2.799298828E1,-2.513273621E0,6.579870562E1
2.739632862E1,-3.739643372E1,-2.405273209E1,5.398224335E0,4.479026682E1
2.740626762E1,-2.663501221E1,-1.759111908E1,1.184756287E1,3.404755632E1
2.741620762E1,-2.461376541E1,-1.128039230E1,1.348051712E1,3.024581029E1
2.742614662E1,-2.307002563E1,-5.672154694E0,9.064699860E0,2.542770546E1
2.743608662E1,-2.300820419E1,-2.389780426E0,3.856131134E0,2.345118884E1
2.744602562E1,-2.351026016E1,-1.575922852E0,1.005159760E0,2.358444852E1
2.745596462E1,-2.271720932E1,-3.184926910E0,-1.002465363E0,2.296127818E1
2.746590462E1,-2.019869659E1,-5.743406525E0,-2.618654480E0,2.116202764E1
2.747584362E1,-1.752450760E1,-8.260721741E0,-3.824846191E0,1.974784390E1
2.748578262E1,-1.459450058E1,-9.663754120E0,-4.906796265E0,1.817867543E1
2.749572262E1,-1.123982666E1,-9.613758087E0,-4.622387695E0,1.549595160E1
2.750566162E1,-8.626111908E0,-8.095465393E0,-2.889141998E0,1.217758219E1
2.751560162E1,-6.026018829E0,-5.836662598E0,-1.993255005E0,8.622795296E0
2.752554062E1,-3.958368530E0,-3.265309753E0,-1.587299194E0,5.371261299E0
2.753547962E1,-2.306254120E0,-1.371597748E0,-1.177900543E0,2.930450159E0
2.754541962E1,-7.711962891E-1,-3.864962769E-1,-1.663041687E-1,8.785101962E-1
2.755535862E1,8.324189758E-1,4.068539429E-1,1.238674164E0,1.546856544E0
2.756529762E1,2.768193512E0,1.187779999E0,2.101030884E0,3.672607714E0
2.757523762E1,4.357438660E0,1.764081573E0,2.682721252E0,5.412600926E0
2.758517662E1,5.424419861E0,2.163002014E0,3.614383850E0,6.867800169E0
2.759511662E1,6.881938934E0,2.659669189E0,5.325325928E0,9.099121932E0
2.760505562E1,8.566535797E0,3.456312561E0,7.102580109E0,1.165239359E1
2.761499462E1,9.009764099E0,3.919898529E0,7.685018921E0,1.247401176E1
2.762493462E1,5.483995972E0,2.585124207E0,7.313790894E0,9.499927169E0
2.763487362E1,1.741328888E0,7.741900635E-1,6.083050232E0,6.374566391E0
2.764481262E1,-5.189707947E-1,-6.599775696E-1,4.298012238E0,4.379247683E0
2.765475262E1,-2.242187347E0,-1.889071655E0,2.093396759E0,3.602541576E0
2.766469162E1,-3.639531555E0,-2.644550629E0,-3.342549133E-1,4.511270809E0
2.767463162E1,-4.367617493E0,-2.948867798E0,-2.118245087E0,5.679688909E0
2.768457062E1,-4.316274261E0,-2.830613708E0,-3.097658386E0,6.019807717E0
2.769450962E1,-3.648812256E0,-2.654579773E0,-3.233426056E0,5.551186243E0
2.770444962E1,-2.070195007E0,-2.364483032E0,-3.316802673E0,4.569208613E0
2.771438862E1,-4.364923096E-1,-2.104623413E0,-3.085234222E0,3.760137691E0
2.772432762E1,8.045768738E-1,-1.983674927E0,-2.515818329E0,3.303278981E0
2.773426762E1,1.558858337E0,-1.982627106E0,-2.027084656E0,3.235725847E0
2.774420662E1,2.082768860E0,-2.124232635E0,-1.774260406E0,3.463854847E0
2.775414662E1,2.269730072E0,-2.120640106E0,-1.460063782E0,3.432284269E0
2.776408562E1,2.008672943E0,-2.119891663E0,-9.699829102E-1,3.077267375E0
2.777402462E1,1.727258148E0,-2.299817505E0,-5.361849976E-1,2.925760690E0
2.778396462E1,1.584006042E0,-2.233056335E0,-4.418811035E-1,2.773242624E0
2.779390362E1,1.362616425E0,-1.907333679E0,-4.671784973E-1,2.390167574E0
2.780384362E1,8.566685486E-1,-1.474882965E0,1.031355286E-1,1.708741555E0
2.781378262E1,-3.673361206E-1,-2.140548706E-1,3.890110474E0,3.913274180E0
2.782372162E1,-2.815046082E0,1.362915802E0,1.481978210E1,1.514621951E1
2.783366162E1,-5.135670319E0,1.592687988E-1,1.295181656E1,1.393377294E1
2.784360062E1,-4.701123962E0,-2.644850006E0,-9.404942322E-1,5.475429432E0
2.785353962E1,-6.699019318E0,-3.028053131E0,-5.761518860E-1,7.374138362E0
2.786347962E1,-1.238853790E1,-4.319567413E0,6.497987366E-1,1.313608665E1
2.787341862E1,-2.776531174E1,-9.299411774E0,5.216502228E0,2.974228456E1
2.788335762E1,-4.666396179E1,-1.833986206E1,-1.027313690E0,5.014909016E1
2.789329762E1,-6.883869919E1,-2.699755829E1,-4.662204895E0,7.409028826E1
2.790323662E1,-7.027062149E1,-3.163925583E1,-3.200344849E-1,7.706559009E1
2.791317662E1,-4.231655228E1,-2.453413101E1,5.751489716E0,4.925133313E1
2.792311562E1,-2.819611588E1,-1.527363831E1,9.451046448E0,3.343093263E1
2.793305462E1,-2.346415604E1,-9.219028931E0,9.127419434E0,2.681169332E1
2.794299462E1,-2.085687790E1,-4.346062317E0,6.372548218E0,2.223751299E1
2.795293362E1,-1.970652008E1,-2.225871277E0,2.031126251E0,1.993556898E1
2.796287362E1,-1.912243469E1,-1.333127747E0,7.634124756E-3,1.916884964E1
2.797281262E1,-1.934472244E1,-1.226399689E0,-6.966513062E-1,1.939607346E1
2.798275162E1,-1.975052856E1,-2.894680481E0,-1.498683472E0,2.001770731E1
2.799269162E1,-1.862995880E1,-4.524341583E0,-2.025737457E0,1.927819089E1
2.800263062E1,-1.572824295E1,-4.678670654E0,-2.639610901E0,1.662032283E1
2.801256962E1,-1.245290405E1,-3.732637939E0,-2.397863617E0,1.321957470E1
2.802250962E1,-9.677375793E0,-2.869832153E0,-1.717827759E0,1.023906593E1
2.803244862E1,-7.445067902E0,-2.267185364E0,-1.410516815E0,7.909407261E0
2.804238862E1,-5.456153870E0,-1.486259308E0,-1.542093201E0,5.861453166E0
2.805232762E1,-3.186423798E0,-8.768765259E-1,-1.694775696E0,3.714091237E0
2.806226662E1,-1.118324432E0,-4.764591980E-1,-1.454824677E0,1.895831676E0
2.807220662E1,1.112336884E0,-1.032852173E-1,-1.056502991E0,1.537582436E0
2.808214562E1,3.211272125E0,2.351609802E-1,-7.159611511E-1,3.298510227E0
2.809208462E1,4.424798584E0,5.173242188E-1,-4.773573303E-1,4.480439362E0
2.810202462E1,4.763394470E0,7.670050049E-1,-1.326242065E-1,4.826573602E0
2.811196362E1,5.200036469E0,1.112486572E0,3.195854187E-1,5.327301426E0
2.812190362E1,6.193071442E0,1.526076508E0,1.378034363E0,6.525490180E0
2.813184262E1,8.012837219E0,2.142644348E0,3.746558990E0,9.101274052E0
2.814178162E1,8.433163147E0,2.070344696E0,5.568270721E0,1.031553230E1
2.815172162E1,6.175108795E0,7.568261719E-1,5.549260254E0,8.336608654E0
2.816166062E1,3.567381592E0,-4.706213379E-1,4.280199280E0,5.591761953E0
2.817159962E1,1.836530914E0,-7.937992859E-1,2.556683350E0,3.246473911E0
2.818153962E1,5.771997070E-1,-4.605921936E-1,1.069525909E0,1.299688556E0
2.819147862E1,-3.505709839E-1,1.110690308E-1,3.532653809E-2,3.694378278E-1
2.820141862E1,-9.580078125E-1,4.456233215E-1,-5.498066711E-1,1.191069473E0
2.821135762E1,-1.519190826E0,4.210743713E-1,-8.414002991E-1,1.786952393E0
2.822129662E1,-1.955234070E0,3.583547974E-1,-1.039737854E0,2.243304089E0
2.823123662E1,-2.123783569E0,3.598516846E-1,-1.098266144E0,2.417878907E0
2.824117562E1,-2.061662750E0,4.297563171E-1,-9.764195251E-1,2.321322657E0
2.825111462E1,-1.951342163E0,4.508624268E-1,-9.060658264E-1,2.198173889E0
2.826105462E1,-1.856289825E0,5.140310669E-1,-7.225474548E-1,2.057210412E0
2.827099362E1,-1.631307678E0,7.825726318E-1,-1.164578247E-1,1.813049114E0
2.828093362E1,-1.240320740E0,9.202862549E-1,1.901046753E-1,1.556104790E0
2.829087262E1,-8.267308044E-1,8.262817383E-1,5.493576050E-2,1.170146688E0
2.830081162E1,-5.225633240E-1,5.902226257E-1,-4.475692749E-2,7.895811282E-1
2.831075162E1,-5.462141418E-1,3.887416077E-1,2.897973633E-1,7.303782842E-1
2.832069062E1,-1.355131989E0,-4.948709106E-1,5.631439362E0,5.813294179E0
2.833063062E1,-2.975213013E0,-3.211721191E0,1.849928055E1,1.901027160E1
2.834056962E1,-5.061574402E0,-3.261268158E0,6.495143280E0,8.856765304E0
2.835050862E1,-5.135071564E0,-1.479074249E0,-2.691702576E0,5.983467503E0
2.836044862E1,-1.009306137E1,-3.131937103E0,2.474204865E0,1.085359883E1
2.837038825E1,-1.480346603E1,-5.967490540E0,1.252744904E0,1.601008806E1
2.838032725E1,-2.470806931E1,-1.042477158E1,-4.732857971E0,2.723168184E1
2.839026725E1,-4.379742279E1,-1.874177628E1,-6.167025604E0,4.803645101E1
2.840020625E1,-5.815436737E1,-2.779584824E1,-1.970202942E0,6.448582265E1
2.841014625E1,-5.121135544E1,-2.926279770E1,4.558620300E0,5.915822237E1
2.842008525E1,-3.346381165E1,-2.760200134E1,8.641829224E0,4.423096631E1
2.843002425E1,-2.785018524E1,-2.207309875E1,1.159039764E1,3.737902920E1
2.843996425E1,-2.457305008E1,-1.514640289E1,8.585995331E0,3.011590322E1
2.844990325E1,-2.188449097E1,-9.362131348E0,4.713548126E0,2.426515988E1
2.845984225E1,-2.182222046E1,-6.302194519E0,1.887425079E0,2.279230868E1
2.846978225E1,-2.186203766E1,-5.058880005E0,2.192939758E-1,2.244078981E1
2.847972125E1,-2.159708862E1,-4.831951904E0,-2.377056885E-1,2.213229541E1
2.848966125E1,-2.037712555E1,-6.203998718E0,-9.351054382E-1,2.132114603E1
2.849960025E1,-1.813508789E1,-6.727759552E0,-6.189628601E-1,1.935270721E1
2.850953925E1,-1.601729187E1,-5.709277496E0,4.041595459E-2,1.700444418E1
2.851947925E1,-1.383288437E1,-4.197571106E0,6.174659729E-1,1.446891694E1
2.852941825E1,-1.130015121E1,-2.949316864E0,3.799099731E-1,1.168487137E1
2.853935725E1,-8.851094055E0,-1.904489594E0,-3.385958862E-1,9.059999656E0
2.854929725E1,-6.294710083E0,-6.550378418E-1,-8.879534912E-1,6.390689400E0
2.855923625E1,-4.002526703E0,3.739224243E-1,-1.264121246E0,4.214029012E0
2.856917625E1,-1.973945160E0,1.079105988E0,-1.760788422E0,2.856799799E0
2.857911525E1,-2.287243652E-1,1.596430206E0,-2.307601318E0,2.815302485E0
2.858905425E1,1.244212646E0,1.831740875E0,-2.368374939E0,3.242304673E0
2.859899425E1,2.232008514E0,1.839225311E0,-1.382974091E0,3.205811768E0
2.860893325E1,3.017724609E0,1.825304260E0,-3.852987671E-1,3.547795456E0
2.861887225E1,3.538042603E0,1.823358307E0,-1.200503540E-1,3.982058897E0
2.862881225E1,3.635939026E0,2.028581543E0,2.838098145E-1,4.173217426E0
2.863875125E1,3.866160278E0,2.534230042E0,9.630972290E-1,4.721977708E0
2.864869125E1,4.208498383E0,2.906505890E0,1.889371033E0,5.452426801E0
2.865863025E1,4.817581787E0,2.971770172E0,3.052302704E0,6.430945811E0
2.866856925E1,4.632117462E0,2.591710510E0,3.763324127E0,6.506618480E0
2.867850925E1,3.095413055E0,2.129022675E0,3.619622955E0,5.216894658E0
2.868844825E1,1.133742371E0,2.146386566E0,2.412383423E0,3.422271297E0
2.869838825E1,1.083746338E-1,2.314037933E0,1.168619843E0,2.594646210E0
2.870832725E1,-5.255570984E-1,2.306403809E0,5.251080322E-1,2.423106939E0
2.871826625E1,-9.704319763E-1,2.169288940E0,1.299298096E-1,2.380007244E0
2.872820625E1,-1.347797241E0,2.028282166E0,-1.595681763E-1,2.440481090E0
2.873814525E1,-1.699865112E0,1.820364532E0,-3.682342529E-1,2.517710249E0
2.874808425E1,-2.041903839E0,1.513053589E0,-5.569917297E-1,2.601719093E0
2.875802425E1,-2.307002563E0,9.868977356E-1,-8.455915833E-1,2.647877092E0
2.876796325E1,-2.264041901E0,3.962260437E-1,-1.122515717E0,2.557913669E0
2.877790325E1,-1.838776245E0,1.676513672E-1,-1.242715759E0,2.225656649E0
2.878784225E1,-1.219214630E0,9.999206543E-2,-1.124910736E0,1.661898580E0
2.879778125E1,-6.021977234E-1,-7.993377686E-2,-9.201365662E-1,1.102580068E0
2.880772125E1,2.574645996E-2,-3.164419556E-1,-8.087681580E-1,8.688523032E-1
2.881766025E1,6.210585022E-1,-5.956114197E-1,-7.087760925E-1,1.114822935E0
2.882759925E1,7.696994019E-1,-1.004111938E0,-4.345463562E-1,1.337725117E0
2.883753925E1,-2.197430420E-1,-2.597997437E0,3.359613647E0,4.252632308E0
2.884747825E1,-2.814147949E0,-7.688162384E0,1.164623154E1,1.423593968E1
2.885741825E1,-4.726720734E0,-4.183949432E0,2.673590240E0,6.855319578E0
2.886735725E1,-9.897268524E0,-3.147205353E0,7.589517517E0,1.286318786E1
2.887729625E1,-1.578781906E1,-4.175267487E0,9.942175140E0,1.911896796E1
2.888723625E1,-1.482487152E1,-6.300547943E0,-2.985840912E0,1.638258117E1
2.889717525E1,-2.769780212E1,-1.115180969E1,-5.972130890E0,3.044991707E1
2.890711525E1,-4.503729446E1,-1.652832916E1,-6.665938110E0,4.843530002E1
2.891705425E1,-5.718842606E1,-2.471226059E1,-4.352947998E-1,6.230089389E1
2.892699325E1,-4.680227417E1,-2.887181076E1,4.207600250E0,5.515195576E1
2.893693325E1,-3.309692459E1,-2.482422775E1,6.510561218E0,4.188121426E1
2.894687225E1,-2.960094452E1,-1.920970322E1,9.937834167E0,3.666045774E1
2.895681125E1,-2.646032547E1,-1.257295441E1,6.577172699E0,3.002477656E1
2.896675125E1,-2.457813950E1,-8.203840027E0,2.922073517E0,2.607539925E1
2.897669025E1,-2.387684784E1,-6.002068634E0,2.080224152E0,2.470740826E1
2.898663025E1,-2.269969574E1,-5.434149628E0,2.717898102E0,2.349879016E1
2.899656925E1,-2.139590698E1,-6.990463257E0,2.930905151E0,2.269893427E1
2.900650825E1,-1.916883820E1,-7.614216156E0,1.420545959E0,2.067458818E1
2.901644825E1,-1.620245682E1,-6.471642151E0,1.085093536E0,1.748082341E1
2.902638725E1,-1.376986542E1,-4.520898743E0,1.642234955E0,1.458576891E1
2.903632625E1,-1.163844772E1,-2.645299072E0,1.519041138E0,1.203156509E1
2.904626625E1,-8.695567474E0,-1.564247131E0,4.972659302E-1,8.849126296E0
2.905620525E1,-5.505700836E0,-9.874964905E-1,-7.656578064E-1,5.645717217E0
2.906614525E1,-2.799328766E0,-1.490899658E-1,-1.861528931E0,3.365079392E0
2.907608425E1,-9.039701843E-1,7.442523193E-1,-2.818189545E0,3.051764394E0
2.908602325E1,3.345542908E-1,1.332678680E0,-3.339555359E0,3.611175575E0
2.909596325E1,1.661544800E0,1.438059540E0,-2.861299896E0,3.607739383E0
2.910590225E1,2.702480164E0,1.357227631E0,-2.017654266E0,3.635435959E0
2.911584125E1,3.827989655E0,1.303639069E0,-9.825567627E-1,4.161537866E0
2.912578125E1,4.908143463E0,1.296903076E0,-4.014651489E-1,5.092445789E0
2.913572025E1,5.294190674E0,1.241069183E0,1.511856079E-2,5.437732632E0
2.914566025E1,5.138364716E0,9.530680847E-1,3.951782227E-1,5.240925162E0
2.915559925E1,4.853207703E0,3.926335144E-1,1.059347076E0,4.982971233E0
2.916553825E1,3.872746582E0,-4.927752686E-1,1.945055237E0,4.361677823E0
2.917547825E1,2.204615479E0,-1.179397430E0,2.349963226E0,3.431273069E0
2.918541725E1,5.357359314E-1,-1.118923187E0,1.730551300E0,2.129274498E0
2.919535725E1,-6.480024719E-1,-4.363426208E-1,8.292755127E-1,1.139298013E0
2.920529625E1,-1.150507507E0,2.213896179E-1,3.532653809E-1,1.223714557E0
2.921523525E1,-1.249002686E0,8.608598328E-1,3.239263916E-1,1.551133672E0
2.922517525E1,-1.382225647E0,1.363664246E0,6.354286194E-1,2.043011856E0
2.923511425E1,-1.427880707E0,1.588047638E0,1.035696259E0,2.373479588E0
2.924505325E1,-1.103205872E0,1.276844788E0,9.583071899E-1,1.940553652E0
2.925499325E1,-5.192701721E-1,5.984555054E-1,5.450166321E-1,9.616827090E-1
2.926493225E1,1.013392639E-1,-6.616241455E-2,2.808160400E-1,3.057854801E-1
2.927487225E1,5.134323120E-1,-5.355862427E-1,1.478924561E-1,7.565299339E-1
2.928481125E1,5.149291992E-1,-4.731660461E-1,2.784210205E-2,6.998666802E-1
2.929475025E1,4.137396240E-1,-3.155438232E-1,-1.769320679E-1,5.495937932E-1
2.930469025E1,4.261637878E-1,-2.493814087E-1,-4.908293152E-1,6.962184124E-1
2.931462925E1,5.909710693E-1,-2.986289978E-1,-5.911207581E-1,8.876090546E-1
2.932456925E1,7.415579224E-1,-4.611909485E-1,-5.818400574E-1,1.049353656E0
2.933450825E1,7.601193237E-1,-9.708810425E-1,-4.147874451E-1,1.300938127E0
2.934444725E1,8.987310791E-1,-1.922901306E0,2.335144043E-1,2.135367875E0
2.935438725E1,7.280859375E-1,-4.582720184E0,4.103566589E0,6.194408137E0
2.936432625E1,-3.080593872E0,-5.482499084E0,1.053793625E1,1.227175437E1
2.937426587E1,-8.390801239E0,-2.768343201E0,5.689368896E0,1.050895751E1
2.938420587E1,-9.578880615E0,-1.481768646E0,-1.072669373E0,9.751985016E0
2.939414487E1,-1.606998230E1,-1.968855743E0,3.025957489E0,1.647049309E1
2.940408487E1,-1.887799301E1,-7.385491791E0,-4.033362579E0,2.066862653E1
2.941402387E1,-3.122746216E1,-1.253044281E1,-5.806425476E0,3.414499915E1
2.942396287E1,-4.820755188E1,-1.796653839E1,-6.818770294E0,5.189662984E1
2.943390287E1,-5.772625763E1,-2.412278641E1,-1.011895752E-1,6.256388641E1
2.944384187E1,-4.416610611E1,-2.817800354E1,1.108444977E1,5.354913481E1
2.945378087E1,-2.895129547E1,-2.202669525E1,6.350094910E0,3.692799099E1
2.946372087E1,-2.896880905E1,-1.545880325E1,1.177616135E1,3.488329789E1
2.947365987E1,-2.780677551E1,-1.068792435E1,8.531059570E0,3.098753731E1
2.948359987E1,-2.636527313E1,-8.355624390E0,2.970273285E0,2.781666065E1
2.949353887E1,-2.720891876E1,-7.888445892E0,3.708388367E0,2.857105149E1
2.950347787E1,-2.806124634E1,-9.026978302E0,4.746629333E0,2.985716620E1
2.951341787E1,-2.630045792E1,-1.016506165E1,3.359763336E0,2.839596053E1
2.952335687E1,-2.329770218E1,-9.455387421E0,1.292562103E0,2.517653659E1
2.953329687E1,-2.025707520E1,-7.270680542E0,-8.878038025E-1,2.154066124E1
2.954323587E1,-1.675840073E1,-5.231920166E0,-9.957293701E-1,1.758432428E1
2.955317487E1,-1.334459976E1,-3.786226501E0,-4.556524658E-1,1.387881382E1
2.956311487E1,-9.850715332E0,-2.703378296E0,-3.861968994E-2,1.021500554E1
2.957305387E1,-6.605763245E0,-1.944606171E0,-2.360591125E-1,6.890088904E0
2.958299287E1,-3.287463684E0,-1.230291595E0,-1.013692017E0,3.653574467E0
2.959293287E1,3.067121887E-1,-6.421646118E-1,-2.005379791E0,2.127908800E0
2.960287187E1,3.412902832E0,-2.700384521E-1,-2.617307281E0,4.309422689E0
2.961281187E1,5.764063568E0,-3.062631226E-1,-2.641706543E0,6.347979157E0
2.962275087E1,7.164850616E0,-3.382965088E-1,-2.489922180E0,7.592709750E0
2.963268987E1,8.249046021E0,-5.264552307E-1,-1.541943512E0,8.408418707E0
2.964262987E1,9.128167877E0,-9.957293701E-1,-4.354444885E-1,9.192634969E0
2.965256887E1,8.653654633E0,-1.417252808E0,1.396595764E-1,8.770054094E0
2.966250787E1,6.841822357E0,-1.565444641E0,9.934840393E-1,7.088593699E0
2.967244787E1,4.606071625E0,-1.716779938E0,1.688039703E0,5.197375030E0
2.968238687E1,2.101479950E0,-1.706002350E0,1.459315338E0,3.075103779E0
2.969232687E1,-1.933978271E-1,-1.341959381E0,1.180894318E0,1.797990292E0
2.970226587E1,-1.968406677E0,-9.822573853E-1,1.189875641E0,2.501051471E0
2.971220487E1,-2.974015503E0,-5.328918457E-1,1.276246033E0,3.279869794E0
2.972214487E1,-3.056493988E0,-1.895059204E-1,1.001567230E0,3.221987726E0
2.973208387E1,-2.900817719E0,1.956431580E-1,7.653584290E-1,3.006458582E0
2.974202387E1,-2.577639771E0,5.483097839E-1,7.988887024E-1,2.753741739E0
2.975196287E1,-2.120789795E0,8.026309204E-1,4.537065125E-1,2.312534399E0
2.976190187E1,-1.494941254E0,9.386979675E-1,1.094224548E-1,1.768608634E0
2.977184187E1,-8.376580811E-1,7.420069885E-1,-9.999206543E-2,1.123496259E0
2.978178087E1,-2.345622253E-1,3.617976379E-1,-3.239263916E-1,5.393007283E-1
2.979172087E1,2.880010986E-1,1.908531189E-1,-6.355783081E-1,7.234150479E-1
2.980165987E1,6.824308777E-1,1.489402771E-1,-7.494914246E-1,1.024515741E0
2.981159887E1,1.130598907E0,1.419049072E-1,-5.421725464E-1,1.261880328E0
2.982153887E1,1.401086426E0,2.158511353E-1,-5.493576050E-2,1.418679958E0
2.983147787E1,1.179696808E0,2.074685669E-1,5.498066711E-1,1.317958702E0
2.984141687E1,7.141648865E-1,-7.110214233E-2,1.108444977E0,1.320506443E0
2.985135687E1,1.299298096E-1,-3.984713745E-1,1.290167084E0,1.356536876E0
2.986129587E1,-5.557942200E-1,-5.086422729E-1,1.322799225E0,1.522308105E0
2.987123587E1,-1.454525299E0,-2.086660767E-1,1.630409546E0,2.194862334E0
2.988117487E1,-2.640359344E0,3.552113342E-1,2.135459290E0,3.414360692E0
2.989111387E1,-3.967948608E0,9.205856323E-1,2.179318085E0,4.619688451E0
2.990105387E1,-4.908891907E0,1.044976959E0,1.331630859E0,5.192536696E0
2.991099287E1,-6.218668213E0,5.418731689E-1,5.917195129E-1,6.270214738E0
2.992093187E1,-8.359815674E0,-7.050338745E-1,-1.848655701E-1,8.391529428E0
2.993087187E1,-1.038764877E1,-2.455493774E0,-2.111658783E0,1.088079958E1
2.994081087E1,-1.584754486E1,-4.780758362E0,-2.289788361E0,1.671057926E1
2.995075087E1,-2.951053253E1,-1.058927948E1,-1.273701324E0,3.137876169E1
2.996068987E1,-4.925222946E1,-1.872396332E1,-3.430117035E0,5.280278981E1
2.997062887E1,-6.800478333E1,-3.002501266E1,-4.174818420E0,7.445522849E1
2.998056887E1,-6.293243134E1,-3.635759399E1,1.257385254E-1,7.267999288E1
2.999050787E1,-4.040323105E1,-3.163506454E1,5.926625519E0,5.165581553E1
3.000044788E1,-2.557611420E1,-2.433758972E1,1.185130508E1,3.724123149E1