"Time (s)","Acceleration x (m/s^2)","Acceleration y (m/s^2)","Acceleration z (m/s^2)","Absolute acceleration (m/s^2)"
1.443958346E-3,-1.921808578E1,-4.559219055E0,6.225374268E1,6.531194207E1
1.138395834E-2,-1.892709091E1,-1.620979156E0,2.090343109E1,2.824563285E1
2.132295835E-2,-1.097622482E1,2.274669800E0,7.874375153E0,1.369881083E1
3.126195833E-2,-1.384635635E1,2.058519287E0,-5.096302185E0,1.489736157E1
4.120195835E-2,-1.546958084E1,7.411088562E-1,-5.134772186E0,1.631634331E1
5.114095833E-2,-1.308084824E1,8.095166016E-1,-2.415077820E0,1.332653400E1
6.107995834E-2,-9.948013000E0,8.370593262E-1,-9.642947388E-1,1.002963087E1
7.101995836E-2,-7.664511566E0,2.866539001E-1,-2.070195007E-1,7.672663493E0
8.095895834E-2,-5.897136841E0,-3.704795837E-1,-1.206491089E-1,5.909994437E0
9.089895835E-2,-4.292623444E0,-8.406518555E-1,-2.656974792E-1,4.382226229E0
1.008379583E-1,-2.953508148E0,-9.593550110E-1,-4.481680298E-1,3.137582987E0
1.107769583E-1,-1.974992981E0,-7.197033691E-1,-4.758604431E-1,2.155229309E0
1.207169583E-1,-1.308129730E0,-3.918850708E-1,-3.893403625E-1,1.419987048E0
1.306559583E-1,-7.361691284E-1,-2.683918762E-1,-5.520520020E-1,9.585095710E-1
1.405949583E-1,-2.565664673E-1,-1.679507446E-1,-3.861968994E-1,4.931347178E-1
1.505349583E-1,1.796264648E-3,-1.209484863E-1,-3.447331238E-1,3.653391432E-1
1.604739583E-1,2.399510193E-1,-1.321751404E-1,-3.616479492E-1,4.536915236E-1
1.704139583E-1,5.289999390E-1,-2.037263489E-1,-5.378315735E-1,7.814142065E-1
1.803529583E-1,9.136999512E-1,-4.748126221E-1,-1.254690857E0,1.623127775E0
1.902919583E-1,1.476379852E0,-7.542814636E-1,-2.780168610E0,3.236970110E0
2.002319584E-1,2.283202057E0,-7.330256653E-1,-4.574936371E0,5.165305514E0
2.101709583E-1,3.151246948E0,-6.715036011E-1,-5.348976746E0,6.244423644E0
2.201099583E-1,3.755091248E0,-5.595364380E-1,-5.679339752E0,6.831448699E0
2.300499583E-1,3.955973511E0,-2.872526550E-1,-5.861211548E0,7.077149236E0
2.399889583E-1,4.005520477E0,-7.589218140E-2,-5.944288788E0,7.168299876E0
2.499279583E-1,3.718118134E0,-2.395019531E-3,-5.898633728E0,6.972681554E0
2.598679583E-1,3.713328094E0,1.905537415E-1,-5.618865509E0,6.737712214E0
2.698069583E-1,3.801494751E0,3.135978699E-1,-5.211113434E0,6.457972529E0
2.797469583E-1,3.638483734E0,3.332070923E-1,-4.688101044E0,5.943726293E0
2.896859583E-1,3.457510071E0,5.095404053E-1,-4.090992737E0,5.380541691E0
2.996249583E-1,3.107687531E0,7.104226685E-1,-3.476819916E0,4.717064647E0
3.095649584E-1,2.569406891E0,8.228388977E-1,-2.746189270E0,3.849736501E0
3.195039583E-1,2.041754150E0,8.273295593E-1,-1.989363098E0,2.968299134E0
3.294429583E-1,1.634600830E0,8.098159790E-1,-1.400188293E0,2.299619327E0
3.393829583E-1,1.353934479E0,7.786807251E-1,-9.035211182E-1,1.804392600E0
3.493219583E-1,1.051413574E0,6.912625122E-1,-4.869374084E-1,1.349230301E0
3.592619583E-1,8.524772644E-1,6.517446899E-1,-1.926493835E-1,1.090230440E0
3.692009583E-1,9.689350891E-1,6.725514221E-1,-1.083746338E-1,1.184443196E0
3.791399583E-1,1.281185760E0,6.535409546E-1,-1.978884888E-1,1.451796331E0
3.890799583E-1,1.752555542E0,5.932164001E-1,-5.128335571E-1,1.919988251E0
3.990189583E-1,2.240540771E0,5.685177612E-1,-8.942404175E-1,2.478487708E0
4.089579583E-1,2.550845490E0,5.396278381E-1,-1.215472412E0,2.876696734E0
4.188979583E-1,2.473157043E0,5.647755432E-1,-1.312770081E0,2.856368754E0
4.288369583E-1,1.821562042E0,5.813909912E-1,-1.163231049E0,2.238126500E0
4.387769584E-1,9.903405762E-1,5.149291992E-1,-8.825646973E-1,1.422971181E0
4.487159583E-1,4.638853455E-1,4.658312988E-1,-7.926017761E-1,1.029760161E0
4.586549583E-1,3.742218018E-3,4.173321533E-1,-1.385818176E0,1.447298224E0
4.685949583E-1,-8.825646973E-1,2.053729248E-1,-3.501219177E0,3.616577693E0
4.785339583E-1,-2.823578339E0,-3.655398560E-1,-7.349117432E0,7.881354011E0
4.884729583E-1,-6.837182007E0,-1.058448944E0,-8.513396301E0,1.097020002E1
4.984129583E-1,-1.840228226E1,-2.551294556E0,-9.691745911E0,2.095430827E1
5.083519583E-1,-5.388838852E1,-8.721313934E0,-1.236788086E1,5.597306683E1
5.182909583E-1,-8.023854309E1,-1.621278534E1,-1.705837692E1,8.361857706E1
5.282309583E-1,-7.826414886E1,-1.045291306E1,-3.075055389E0,7.901896199E1
5.381699583E-1,-7.863388000E1,-2.262844391E0,1.900043839E1,8.092851295E1
5.481099583E-1,-6.049415176E1,-1.834734650E0,5.970289719E1,8.501379054E1
5.580489583E-1,-2.603476044E1,-4.521647186E0,6.200391220E1,6.739984549E1
5.679879583E-1,-2.266182449E1,-6.858737183E-1,2.328902023E1,3.250241800E1
5.779279583E-1,-1.313832870E1,3.644022217E0,9.347012787E0,1.653061484E1
5.878669583E-1,-1.585008957E1,1.996997223E0,-4.569397888E0,1.661603847E1
5.978059583E-1,-1.585622681E1,5.685177612E-1,-3.755240936E0,1.630475316E1
6.077459583E-1,-1.289463547E1,9.211843872E-1,-7.744894409E-1,1.295067714E1
6.176849583E-1,-9.470356293E0,4.852908325E-1,5.254074097E-1,9.497326384E0
6.276249583E-1,-6.677913208E0,-5.132826233E-1,9.693841553E-1,6.767399021E0
6.375639583E-1,-4.797822876E0,-1.152752838E0,5.158273315E-1,4.961251988E0
6.475029583E-1,-3.273093567E0,-1.225651245E0,-1.197509766E-1,3.497099193E0
6.574429583E-1,-1.990859985E0,-1.040935364E0,-4.679269409E-1,2.294782241E0
6.673819583E-1,-1.126407623E0,-6.917115784E-1,-5.941145325E-1,1.449217416E0
6.773209583E-1,-7.417076111E-1,-4.239184570E-1,-5.837860107E-1,1.034718872E0
6.872609583E-1,-6.721023560E-1,-2.583627319E-1,-6.137237549E-1,9.461129560E-1
6.971999583E-1,-5.014572144E-1,-1.029858398E-1,-9.611512756E-1,1.088979888E0
7.071399583E-1,-3.246748352E-1,-8.322692871E-2,-2.005529480E0,2.033344281E0
7.170789583E-1,-4.076023865E-1,-3.847000122E-2,-2.789449310E0,2.819334514E0
7.270179583E-1,-6.665638733E-1,-3.891906738E-2,-3.349883881E0,3.415778697E0
7.369579583E-1,-2.995271301E-1,-1.824705505E-1,-4.492757263E0,4.506426503E0
7.468969583E-1,1.210682373E0,-1.794767761E-1,-5.635630646E0,5.767000650E0
7.568359583E-1,2.745889893E0,-2.588117981E-1,-6.859485626E0,7.393202142E0
7.667764167E-1,4.154011688E0,-2.163002014E-1,-7.717201996E0,8.766858361E0
7.767154167E-1,5.222639465E0,-5.463638306E-2,-7.666008453E0,9.276132477E0
7.866554167E-1,5.708678741E0,1.645079041E-1,-6.877747650E0,8.939770051E0
7.965944167E-1,5.867348785E0,3.173400879E-2,-5.926176453E0,8.339445795E0
8.065334167E-1,5.744753723E0,-1.001417542E-1,-5.486989746E0,7.944764325E0
8.164734167E-1,5.127287750E0,2.007325745E-1,-5.220244446E0,7.319858285E0
8.264124167E-1,4.298161926E0,3.131488037E-1,-4.417014771E0,6.171083989E0
8.363514167E-1,3.992796936E0,3.727249146E-1,-3.547922058E0,5.354353571E0
8.462914167E-1,3.652105408E0,4.818479919E-1,-2.767744446E0,4.607652408E0
8.562304167E-1,3.171903992E0,5.644761658E-1,-2.162403259E0,3.880154137E0
8.661704167E-1,2.548450470E0,6.381230164E-1,-1.463057556E0,3.007048086E0
8.761094167E-1,1.854044495E0,6.999444580E-1,-7.012916565E-1,2.102192479E0
8.860484167E-1,1.137035522E0,6.306385803E-1,-2.257305908E-1,1.319662494E0
8.959884167E-1,8.071215820E-1,5.412744141E-1,-4.909790039E-2,9.730538748E-1
9.059274167E-1,6.664141846E-1,6.239025879E-1,1.892065430E-1,9.322882711E-1
9.158664167E-1,6.638694763E-1,7.024891663E-1,4.120930481E-1,1.050730408E0
9.258064167E-1,1.049916687E0,8.144563293E-1,5.275030518E-1,1.429658572E0
9.357454167E-1,1.622026978E0,8.845106506E-1,5.634283447E-1,1.931523261E0
9.456854167E-1,2.167193298E0,9.111552429E-1,3.176394653E-1,2.372303838E0
9.556244167E-1,2.869981842E0,1.128203888E0,-8.951385498E-2,3.085069289E0
9.655634167E-1,3.043321381E0,1.500928802E0,-4.851411438E-1,3.427820623E0
9.755034167E-1,1.510209503E0,1.093625793E0,-7.316784668E-1,2.003023589E0
9.854424167E-1,5.474116516E-1,6.053411865E-1,-4.718188477E-1,9.427144284E-1
9.953814167E-1,2.149530029E-1,3.951782227E-1,-6.541397095E-2,4.545872949E-1
1.005321417E0,1.273851013E-1,2.047741699E-1,9.759704590E-2,2.601626570E-1
1.015260417E0,5.149291992E-2,-7.933502197E-2,-1.388662262E0,1.391879465E0
1.025199417E0,-1.458117828E0,-6.158193970E-1,-4.997058563E0,5.241749271E0
1.035139417E0,-4.911286926E0,-1.812730408E0,-8.762478333E0,1.020724044E1
1.045078417E0,-1.368723724E1,-3.873944092E0,-9.551786957E0,1.713430886E1
1.055018417E0,-4.615067917E1,-1.067879333E1,-1.182705551E1,4.882418516E1
1.064957417E0,-8.012687531E1,-2.768298294E1,-1.518337601E1,8.612315947E1
1.074896417E0,-7.848838257E1,-1.955593323E1,-9.053173828E-1,8.089301776E1
1.084836417E0,-7.855768845E1,-9.363029480E-1,1.662981812E1,8.030403432E1
1.094775417E0,-6.947682220E1,4.130211182E0,4.264526871E1,8.162540298E1
1.104714417E0,-2.870820099E1,-2.586321716E0,6.904497025E1,7.482016961E1
1.114654417E0,-2.342044693E1,-7.897576904E-1,2.634955582E1,3.526244664E1
1.124593417E0,-1.132963989E1,3.357518005E0,1.178484329E1,1.668880459E1
1.134533417E0,-9.755962372E0,2.461331635E0,-1.171912994E0,1.012967597E1
1.144472417E0,-1.014260834E1,7.906558228E-1,-3.576063538E0,1.078359267E1
1.154411417E0,-8.414751434E0,5.375321960E-1,-2.064207458E0,8.680894827E0
1.164351417E0,-6.144272919E0,5.780978394E-1,-1.672172699E0,6.393938407E0
1.174290417E0,-3.674259338E0,2.826123047E-1,-1.240021362E0,3.888149223E0
1.184230417E0,-2.060465240E0,-1.222956848E-1,-1.271905060E0,2.424503191E0
1.194169417E0,-1.088686066E0,-3.644920349E-1,-1.514400787E0,1.900395100E0
1.204108417E0,-4.852908325E-1,-4.869374084E-1,-1.664388885E0,1.800779163E0
1.214048417E0,-2.424957275E-1,-4.776567078E-1,-1.718127136E0,1.799700243E0
1.223987417E0,-3.447331238E-1,-4.670288086E-1,-1.852397919E0,1.941219947E0
1.233926417E0,-7.005432129E-1,-3.972738647E-1,-2.052831116E0,2.205153715E0
1.243866417E0,-1.127305756E0,-3.622467041E-1,-2.341430969E0,2.623802570E0
1.253805417E0,-1.288819885E0,-3.685336304E-1,-2.754871216E0,3.063688814E0
1.263745417E0,-1.350192261E0,-3.132984924E-1,-3.323538666E0,3.600983803E0
1.273684417E0,-1.394949188E0,-3.610491943E-1,-4.037104797E0,4.286543468E0
1.283623417E0,-1.267264709E0,-5.574407959E-1,-4.932692413E0,5.123295280E0
1.293563417E0,-3.502716064E-2,-7.988887024E-1,-5.899980927E0,5.953925175E0
1.303502417E0,1.902543640E0,-5.246589661E-1,-6.937174072E0,7.212442266E0
1.313441417E0,3.850742340E0,-1.727407837E-1,-7.267986145E0,8.226887537E0
1.323381417E0,5.321583710E0,-1.532812500E-1,-7.394173737E0,9.111342029E0
1.333320417E0,6.226901093E0,-2.606080627E-1,-7.397017822E0,9.672542915E0
1.343260417E0,6.205495605E0,-4.372407532E-1,-6.010151825E0,8.649929488E0
1.353199417E0,5.305417328E0,-4.266128540E-1,-4.400698700E0,6.906200156E0
1.363138417E0,4.359234924E0,-1.514849854E-1,-3.675307159E0,5.703837265E0
1.373078417E0,3.994593201E0,7.035369873E-2,-3.531007233E0,5.331954291E0
1.383017417E0,3.812122650E0,2.333647156E-1,-3.527265015E0,5.198878405E0
1.392956417E0,3.328029327E0,4.034111023E-1,-3.175795898E0,4.617813261E0
1.402896417E0,2.835104370E0,5.459147644E-1,-2.611020355E0,3.892719745E0
1.412835417E0,2.299667816E0,6.363267517E-1,-1.955383759E0,3.084948856E0
1.422775417E0,1.738185425E0,6.917115784E-1,-1.349144440E0,2.306500422E0
1.432714417E0,1.392703857E0,7.794291687E-1,-7.897576904E-1,1.780688371E0
1.442653417E0,1.282682648E0,8.593629456E-1,-4.397854614E-1,1.605363105E0
1.452593417E0,1.399589539E0,9.157955933E-1,-4.129911804E-1,1.722815765E0
1.462532417E0,1.819466400E0,9.732760620E-1,-6.619235229E-1,2.166994929E0
1.472471417E0,2.187401276E0,9.657916260E-1,-9.840536499E-1,2.585699014E0
1.482411417E0,2.220482483E0,9.496252441E-1,-1.126856689E0,2.664983407E0
1.492350417E0,1.970053253E0,9.907896423E-1,-1.019230499E0,2.429321870E0
1.502290417E0,1.767823792E0,1.094523926E0,-6.987469482E-1,2.193497408E0
1.512229417E0,1.249002686E0,9.090596008E-1,-2.583627319E-1,1.566252971E0
1.522168417E0,6.366261292E-1,6.057902527E-1,-1.454974365E-1,8.907548274E-1
1.532108417E0,2.347119141E-1,4.498146057E-1,8.517288208E-2,5.144679601E-1
1.542047417E0,1.020877075E-1,1.520837402E-1,3.353027344E-1,3.820723593E-1
1.551986417E0,1.175056458E-1,-2.900967407E-1,-1.563798065E0,1.594812868E0
1.561926417E0,-2.802172852E0,-1.478924561E0,-6.680308228E0,7.393639737E0
1.571865417E0,-1.100975510E1,-3.871249695E0,-1.073567505E1,1.585736423E1
1.581805417E0,-3.854574371E1,-1.019470001E1,-1.246338226E1,4.177370183E1
1.591744417E0,-7.880512390E1,-3.001692947E1,-1.209754303E1,8.519163196E1
1.601683417E0,-7.891843826E1,-2.424059143E1,-2.750380554E0,8.260321279E1
1.611623417E0,-7.851802094E1,-5.861660614E0,1.824795319E1,8.082342774E1
1.621562417E0,-6.306281021E1,5.875282288E-1,5.306330429E1,8.241952125E1
1.631502417E0,-3.541605194E1,-2.443069611E0,6.053741180E1,7.017865453E1
1.641441417E0,-3.936409195E1,1.568887482E0,1.100092346E1,4.090248721E1
1.651380417E0,-1.412582520E1,3.577859802E0,6.734645233E0,1.605289583E1
1.661320417E0,-7.272776184E0,7.710466003E-1,5.852828979E-2,7.313768649E0
1.671259417E0,-8.138575745E0,3.544628906E-1,-2.701282654E0,8.582481405E0
1.681198417E0,-6.941964111E0,5.137316895E-1,-1.232836304E0,7.069276577E0
1.691138417E0,-5.252128143E0,8.592132568E-2,-8.390052795E-1,5.319413724E0
1.701077417E0,-3.197800140E0,-7.301815796E-1,-5.284011841E-1,3.322393518E0
1.711017417E0,-1.526675262E0,-1.045575714E0,-7.533833313E-1,1.997886977E0
1.720956417E0,-7.494914246E-1,-8.909472656E-1,-1.162632294E0,1.645368736E0
1.730895417E0,-5.830375671E-1,-8.247848511E-1,-1.678908691E0,1.959320609E0
1.740835417E0,-6.764433289E-1,-7.798782349E-1,-2.017654266E0,2.266432081E0
1.750774417E0,-9.824070740E-1,-6.349795532E-1,-2.409988403E0,2.678874166E0
1.760713417E0,-1.608854370E0,-4.086502075E-1,-2.970572662E0,3.402897195E0
1.770653042E0,-2.389780426E0,-1.676513672E-1,-3.553610229E0,4.285709175E0
1.780592042E0,-3.165167999E0,-1.564247131E-1,-4.708309021E0,5.675467469E0
1.790532042E0,-3.480262756E0,-1.414558411E-1,-6.081253967E0,7.008130166E0
1.800471042E0,-2.683769073E0,-2.041754150E-1,-6.906787262E0,7.412692785E0
1.810410042E0,-5.426216125E-1,-2.890489197E-1,-7.485633545E0,7.510838639E0
1.820350042E0,1.940564575E0,-2.559677124E-2,-7.812703400E0,8.050141643E0
1.830289042E0,4.358636169E0,4.945715332E-1,-8.166567535E0,9.270120580E0
1.840228042E0,5.927972717E0,5.857319641E-1,-8.177494812E0,1.011708277E1
1.850168042E0,6.791077881E0,4.264631653E-1,-8.048463135E0,1.053937230E1
1.860107042E0,6.899602203E0,8.771759033E-2,-7.475903778E0,1.017356094E1
1.870047042E0,6.294261017E0,-1.520837402E-1,-6.377787323E0,8.961976476E0
1.879986042E0,5.417983246E0,-5.777984619E-2,-5.029840393E0,7.393049124E0
1.889925042E0,4.382137299E0,3.094065857E-1,-4.276307373E0,6.130714843E0
1.899865042E0,3.739673309E0,6.436614990E-1,-3.600911865E0,5.231254424E0
1.909804042E0,3.392096100E0,8.740324402E-1,-3.040327606E0,4.638301479E0
1.919743042E0,3.081342316E0,1.013991394E0,-2.656525726E0,4.192848429E0
1.929683042E0,2.765648804E0,9.768685913E-1,-2.476599884E0,3.838832184E0
1.939622042E0,2.232607269E0,9.262738037E-1,-1.978286133E0,3.123481135E0
1.949562042E0,1.627565460E0,8.951385498E-1,-1.232387238E0,2.229130022E0
1.959501042E0,1.181343384E0,9.572593689E-1,-6.530918884E-1,1.654825279E0
1.969440042E0,1.190474396E0,1.091530151E0,-3.653901672E-1,1.655952092E0
1.979380042E0,1.416953430E0,1.246907043E0,-2.758763123E-1,1.907522461E0
1.989319042E0,1.900447998E0,1.402134247E0,-2.411485291E-1,2.373991502E0
1.999259042E0,2.703527985E0,1.534159698E0,-8.786727905E-2,3.109731532E0
2.009198042E0,2.840642853E0,1.505718842E0,5.665718079E-1,3.264574193E0
2.019137042E0,1.745370483E0,9.207353210E-1,7.908055115E-1,2.125898637E0
2.029077042E0,1.057101746E0,4.712200928E-1,1.148262177E0,1.630343063E0
2.039016042E0,6.303392029E-1,3.260220337E-1,1.265169067E0,1.450610439E0
2.048955042E0,2.812651062E-1,2.345622253E-1,1.169817352E0,1.225806728E0
2.058895042E0,-9.011260986E-2,1.148112488E-1,1.021326141E0,1.031701988E0
2.068834042E0,-3.441343689E-1,-1.678010559E-1,1.306183777E0,1.361139860E0
2.078774042E0,1.681004333E-1,-6.656657410E-1,1.035247192E0,1.242217929E0
2.088713042E0,5.786965942E-1,-7.453001404E-1,-4.183799744E-1,1.032184020E0
2.098652042E0,-9.613009644E-1,-1.317560120E0,-3.074306946E0,3.480147613E0
2.108592042E0,-7.547005920E0,-2.851270752E0,-5.957012329E0,1.002861103E1
2.118531042E0,-5.908588028E1,-2.068084396E1,-1.452758972E1,6.426421569E1
2.128470042E0,-8.097216751E1,-4.642101700E1,-1.476110413E1,9.449493598E1
2.138410042E0,-7.811296326E1,-1.801174438E1,2.434537354E0,8.019965671E1
2.148349042E0,-7.856816666E1,5.508993988E0,1.073866882E1,7.948977818E1
2.158289042E0,-6.949373703E1,2.047442322E0,4.128160446E1,8.085630695E1
2.168228042E0,-3.793695969E1,3.469485168E0,4.312906265E1,5.754447222E1
2.178167042E0,-2.003852966E1,3.258573761E0,1.090123077E1,2.304338965E1
2.188107042E0,-1.130254623E1,1.229692841E0,1.098864899E0,1.142222395E1
2.198046042E0,-7.386389923E0,3.592529297E-2,-2.154469757E0,7.694269729E0
2.207985042E0,-4.956792297E0,-1.193019104E-1,-1.880988464E0,5.303031249E0
2.217925042E0,-3.044369202E0,-3.197351074E-1,-2.016606445E0,3.665667188E0
2.227864042E0,-1.587748260E0,-5.499563599E-1,-2.226170654E0,2.789127519E0
2.237804042E0,-4.986131287E-1,-7.529342651E-1,-2.225571899E0,2.401810846E0
2.247743042E0,1.597178650E-1,-8.568182373E-1,-2.315235443E0,2.473855785E0
2.257682042E0,4.337979126E-1,-1.112785950E0,-2.740950165E0,2.989863041E0
2.267622042E0,4.017645264E-1,-1.416953430E0,-3.187172241E0,3.511016755E0
2.277561042E0,-9.804611206E-2,-1.620530090E0,-3.434458008E0,3.798846222E0
2.287500042E0,-8.110134888E-1,-1.654060364E0,-3.603306885E0,4.046909818E0
2.297440042E0,-1.676962738E0,-1.647174683E0,-3.928580475E0,4.578114569E0
2.307379042E0,-2.136207733E0,-1.376387787E0,-4.775369568E0,5.409434474E0
2.317319042E0,-2.286495209E0,-9.168434143E-1,-5.793252869E0,6.295271319E0
2.327258042E0,-1.673519897E0,-8.578660583E-1,-6.559659119E0,6.823908761E0
2.337197042E0,-4.025129700E-1,-7.806266785E-1,-7.011719055E0,7.066512493E0
2.347137042E0,1.470991058E0,-4.382885742E-1,-7.819289703E0,7.968513226E0
2.357076042E0,3.426374817E0,-1.651066589E-1,-8.188122711E0,8.877649358E0
2.367016042E0,4.947062531E0,2.544708252E-3,-8.111182709E0,9.500774657E0
2.376955042E0,5.871839447E0,1.245410156E-1,-7.901618500E0,9.845282315E0
2.386894042E0,6.342161407E0,-3.367996216E-2,-6.892566833E0,9.366516066E0
2.396834042E0,5.785019989E0,-3.778143311E-1,-5.326523438E0,7.872804575E0
2.406773042E0,4.777016144E0,-3.062631226E-1,-4.531227264E0,6.591335287E0
2.416712042E0,4.194727020E0,2.095642090E-2,-3.955524445E0,5.765617710E0
2.426652042E0,3.766766968E0,2.824626160E-1,-3.228037262E0,4.968756694E0
2.436591042E0,3.252137146E0,5.575904846E-1,-2.480940857E0,4.128240630E0
2.446531042E0,2.695444794E0,8.490344238E-1,-1.771566010E0,3.335375273E0
2.456470042E0,2.140099640E0,1.050814819E0,-1.425785065E0,2.777967117E0
2.466409042E0,1.830842743E0,1.079555054E0,-1.288969574E0,2.485732654E0
2.476349042E0,1.588945770E0,1.071022797E0,-9.729766846E-1,2.149074713E0
2.486288042E0,1.422641602E0,1.044976959E0,-5.962101746E-1,1.863156607E0
2.496227042E0,1.480720825E0,1.062340851E0,-4.146377563E-1,1.868964075E0
2.506167042E0,1.654509430E0,1.128353577E0,-2.733316040E-1,2.021210878E0
2.516106042E0,1.946851501E0,1.137933655E0,-2.577639771E-1,2.269706157E0
2.526046042E0,2.719095612E0,1.424288177E0,2.168989563E-1,3.077194000E0
2.535985042E0,3.159479828E0,1.593286743E0,5.969586182E-1,3.588486453E0
2.545924042E0,2.481539612E0,1.132095795E0,5.635780334E-1,2.785192980E0
2.555864042E0,1.833537140E0,6.328839111E-1,8.104147339E-1,2.102182801E0
2.565803042E0,1.420995026E0,3.276686096E-1,6.728507996E-1,1.606026706E0
2.575743042E0,1.147813110E0,1.492396545E-1,4.370910645E-1,1.237253414E0
2.585682042E0,9.431886292E-1,4.535568237E-2,2.576142883E-1,9.787885623E-1
2.595621042E0,5.936654663E-1,4.969665527E-2,1.445993042E-1,6.130394785E-1
2.605561042E0,1.643582153E-1,4.655319214E-2,6.500981140E-1,6.721669290E-1
2.615500042E0,2.706372070E-1,-9.849517822E-2,3.767665100E-1,4.742349639E-1
2.625439042E0,-4.486170959E-1,-8.408015442E-1,-5.071603546E0,5.160365013E0
2.635379042E0,-6.025869141E0,-2.785707092E0,-1.242790604E1,1.408985846E1
2.645318042E0,-3.473721359E1,-7.862549744E0,-1.783885391E1,3.983363410E1
2.655258042E0,-7.861651611E1,-1.791579391E1,-2.019300842E1,8.312213825E1
2.665197042E0,-7.876874954E1,-1.025607239E1,-8.048762512E0,7.984037514E1
2.675136042E0,-7.846727646E1,-2.205214233E0,1.919578217E1,8.081122755E1
2.685076042E0,-6.396303818E1,-1.034049683E0,5.547853180E1,8.467707483E1
2.695015042E0,-3.312371887E1,-1.784289551E0,5.848562851E1,6.723788503E1
2.704954042E0,-3.633873322E1,-1.457968140E-1,7.751331024E0,3.715653268E1
2.714894042E0,-1.240949432E1,1.855092316E0,4.440815277E0,1.331006225E1
2.724833042E0,-4.209396515E0,9.931846619E-1,-6.318360901E-1,4.370886825E0
2.734773042E0,-2.723137207E0,6.300398254E-1,-2.093845825E0,3.492365498E0
2.744712042E0,-1.518891449E0,6.506968689E-1,-1.198407898E0,2.041229810E0
2.754651042E0,-1.060245209E0,2.552192688E-1,-1.452279968E0,1.816142584E0
2.764591792E0,-6.587800598E-1,-2.612068176E-1,-1.522483978E0,1.679338451E0
2.774530792E0,-2.983296204E-1,-5.514532471E-1,-1.757794647E0,1.866264522E0
2.784470792E0,-1.103205872E-1,-7.125183105E-1,-2.209405518E0,2.324075239E0
2.794409792E0,-2.004331970E-1,-7.500901794E-1,-2.462828522E0,2.582311575E0
2.804348792E0,-2.372566223E-1,-8.180488586E-1,-2.457290039E0,2.600724702E0
2.814288792E0,-3.766168213E-1,-9.219328308E-1,-2.375410309E0,2.575727957E0
2.824227792E0,-6.599775696E-1,-9.648934937E-1,-2.539918213E0,2.796028321E0
2.834166792E0,-8.566685486E-1,-8.390052795E-1,-3.118016052E0,3.340633916E0
2.844106792E0,-1.518741760E0,-5.086422729E-1,-4.057462463E0,4.362143411E0
2.854045792E0,-1.867965546E0,-1.938468933E-1,-5.155578918E0,5.486972378E0
2.863985792E0,-1.720522156E0,-1.276844788E-1,-6.209387512E0,6.444609615E0
2.873924792E0,-6.770420837E-1,-1.474433899E-1,-7.087162170E0,7.120954512E0
2.883863792E0,1.107546844E0,2.213896179E-1,-8.081694031E0,8.160236013E0
2.893803792E0,3.216660919E0,3.023712158E-1,-8.503816223E0,9.096880024E0
2.903742792E0,4.410877533E0,1.032852173E-1,-7.788453827E0,8.951341880E0
2.913681792E0,4.775519257E0,-2.300715637E-1,-6.888824615E0,8.385369502E0
2.923621792E0,4.470154266E0,-4.893324280E-1,-5.610033875E0,7.189868251E0
2.933560792E0,3.970493317E0,-6.885681152E-1,-4.871170349E0,6.321965185E0
2.943500792E0,3.692521362E0,-6.876699829E-1,-4.443210297E0,5.818051371E0
2.953439792E0,3.460354156E0,-4.812492371E-1,-3.900438995E0,5.236322762E0
2.963378792E0,3.063379669E0,-3.757186890E-2,-3.790717163E0,4.873935089E0
2.973318792E0,2.652783508E0,3.403921509E-1,-3.912863159E0,4.739580705E0
2.983257792E0,2.538121948E0,5.999523926E-1,-3.025209045E0,3.994232801E0
2.993197792E0,2.256108398E0,8.068222046E-1,-2.035467224E0,3.143901079E0
3.003136792E0,1.856140137E0,8.593629456E-1,-1.503174133E0,2.538364307E0
3.013075792E0,1.530866547E0,8.020321655E-1,-1.043779449E0,2.018980812E0
3.023015792E0,1.328188019E0,8.175997925E-1,-6.643185425E-1,1.695249822E0
3.032954792E0,1.185235291E0,8.590635681E-1,-3.269201660E-1,1.499883230E0
3.042893792E0,1.340163116E0,8.845106506E-1,-2.356100464E-1,1.622932027E0
3.052833792E0,1.776056671E0,8.262817383E-1,-3.230282593E-1,1.985312587E0
3.062772792E0,2.234253845E0,7.756869507E-1,-4.113446045E-1,2.400580112E0
3.072712792E0,2.514770508E0,7.388635254E-1,-5.566923523E-1,2.679532868E0
3.082651792E0,2.569556580E0,7.508386230E-1,-6.327342224E-1,2.750769392E0
3.092590792E0,2.295027466E0,8.487350464E-1,-5.866300964E-1,2.516274452E0
3.102530792E0,1.616488495E0,8.527766418E-1,-3.879931641E-1,1.868368740E0
3.112469792E0,1.076561279E0,6.180647278E-1,-1.218466187E-1,1.247331068E0
3.122408792E0,7.825726318E-1,4.357438660E-1,4.730163574E-2,8.969560109E-1
3.132348792E0,5.388793945E-1,3.962260437E-1,1.314266968E-1,6.816590469E-1
3.142287792E0,3.785627747E-1,2.239343262E-1,2.911445618E-1,5.274670726E-1
3.152227792E0,5.113366699E-1,-5.987548828E-2,-3.878434753E-1,6.445718156E-1
3.162166792E0,-1.010099487E0,-7.084767151E-1,-4.471800842E0,4.638883810E0
3.172105792E0,-1.000654129E1,-2.523302765E0,-1.034858002E1,1.461475398E1
3.182045792E0,-3.806374603E1,-6.489155731E0,-1.162288010E1,4.032430093E1
3.191984792E0,-7.843180023E1,-1.911689621E1,-1.084614532E1,8.145331102E1
3.201924792E0,-7.887008881E1,-1.543500275E1,-6.418802032E0,8.062215104E1
3.211863792E0,-7.847820374E1,-5.955365753E0,1.293894333E1,7.976033536E1
3.221802792E0,-7.447043793E1,1.321751404E-1,3.104663818E1,8.068306723E1
3.231742792E0,-3.490845749E1,2.675236816E0,6.701309555E1,7.560762046E1
3.241681792E0,-2.503918076E1,5.554499359E0,2.192834976E1,3.374411889E1
3.251620792E0,-9.769883423E0,5.864205322E0,1.369352417E1,1.781437988E1
3.261560792E0,-5.343438263E0,1.819466400E0,2.106719055E0,6.025035737E0
3.271499792E0,-8.606502686E0,1.087638245E0,-2.918181610E0,9.152629641E0
3.281439792E0,-9.091643829E0,1.112785950E0,-1.320104828E0,9.254131880E0
3.291378792E0,-8.167465668E0,8.776249695E-1,-1.085243225E0,8.285859876E0
3.301317792E0,-6.555617523E0,3.594026184E-1,-5.352868652E-1,6.587247026E0
3.311257792E0,-4.915478210E0,-6.975494385E-2,-8.906478882E-2,4.916779874E0
3.321196792E0,-3.591930542E0,-3.257226562E-1,-2.261796570E-1,3.613753935E0
3.331136792E0,-2.581232300E0,-5.204676819E-1,-7.765850830E-1,2.745310763E0
3.341075792E0,-1.813029785E0,-6.933581543E-1,-1.447789307E0,2.421552479E0
3.351014792E0,-1.417552185E0,-8.370593262E-1,-1.894759827E0,2.510027353E0
3.360954792E0,-1.268162842E0,-1.026864624E0,-2.336341553E0,2.849768377E0
3.370893792E0,-7.155120850E-1,-1.092727661E0,-2.693049774E0,2.993080081E0
3.380832792E0,-1.478924561E-1,-1.137334900E0,-3.082539825E0,3.288989910E0
3.390772792E0,1.077758789E-2,-1.081800385E0,-3.407663727E0,3.575273459E0
3.400711792E0,1.951940918E-1,-9.888436890E-1,-3.733087006E0,3.866762362E0
3.410651792E0,7.509883118E-1,-1.077309723E0,-4.139342194E0,4.342664330E0
3.420590792E0,1.434167633E0,-1.075962524E0,-4.690645752E0,5.021622220E0
3.430529792E0,2.193688202E0,-1.041085052E0,-5.073848877E0,5.624950528E0
3.440469792E0,2.702629852E0,-7.426057434E-1,-5.272485809E0,5.971162200E0
3.450408792E0,3.149899750E0,-3.475772095E-1,-5.290897522E0,6.167355587E0
3.460347792E0,3.368594971E0,-1.480421448E-1,-4.740492096E0,5.817354542E0
3.470287792E0,3.242706757E0,-2.237846375E-1,-3.936663666E0,5.105149115E0
3.480226792E0,2.690654755E0,-4.111949158E-1,-3.689677277E0,4.585021556E0
3.490166792E0,2.085313568E0,-4.592449951E-1,-3.989503784E0,4.524994927E0
3.500105792E0,1.985321503E0,-3.863465881E-1,-4.332740021E0,4.781568910E0
3.510044792E0,1.995350647E0,-1.924996948E-1,-4.484225006E0,4.911899250E0
3.519984792E0,1.981728973E0,1.291813660E-1,-4.338727570E0,4.771634361E0
3.529923792E0,1.943109283E0,4.625381470E-1,-3.717220001E0,4.219874378E0
3.539863792E0,1.860780487E0,7.131170654E-1,-3.065325623E0,3.656126522E0
3.549802792E0,1.702709198E0,8.671467590E-1,-2.385439453E0,3.056384056E0
3.559741792E0,1.476230164E0,9.448352051E-1,-1.726060638E0,2.459929753E0
3.569681792E0,1.304986267E0,9.734257507E-1,-1.133143616E0,1.983572863E0
3.579620792E0,1.156944122E0,9.647438049E-1,-7.108717346E-1,1.665709739E0
3.589559792E0,9.621990967E-1,9.539662170E-1,-5.902226257E-1,1.477917925E0
3.599499792E0,9.940827942E-1,9.621990967E-1,-7.113208008E-1,1.555636521E0
3.609438792E0,1.248703308E0,9.455836487E-1,-8.125103760E-1,1.764528690E0
3.619378792E0,1.664987640E0,8.545729065E-1,-1.168021088E0,2.206071612E0
3.629317792E0,2.251468048E0,6.559359741E-1,-1.698966980E0,2.895833071E0
3.639256792E0,2.578687592E0,3.888912964E-1,-2.047891388E0,3.315829500E0
3.649196792E0,2.361788635E0,1.336720276E-1,-2.057920532E0,3.135434688E0
3.659135792E0,1.686243439E0,1.008901978E-1,-1.730700989E0,2.418454399E0
3.669074792E0,1.061592407E0,1.044827271E-1,-1.362766113E0,1.730614503E0
3.679014792E0,8.698411560E-1,-6.735992432E-3,-1.247954865E0,1.521203587E0
3.688953792E0,2.742297363E-1,-3.266207886E-1,-2.740201721E0,2.773191043E0
3.698893792E0,-2.852468262E0,-1.489103394E0,-7.372019806E0,8.043673298E0
3.708832792E0,-1.303968384E1,-3.819906464E0,-1.107666595E1,1.753047543E1
3.718771792E0,-5.183331207E1,-1.152513336E1,-8.894653473E0,5.383898030E1
3.728711792E0,-8.050124680E1,-2.667303314E1,-7.278164978E0,8.511682042E1
3.738650792E0,-7.829318848E1,-1.420800430E1,1.006656647E0,7.957828916E1
3.748590792E0,-7.859496094E1,1.033001862E0,1.773766434E1,8.057828314E1
3.758529792E0,-6.904107834E1,1.092577972E0,4.163217545E1,8.062941310E1
3.768468417E0,-2.745620453E1,-2.701582031E0,6.582845901E1,7.137596044E1
3.778408417E0,-1.652398819E1,2.026336212E0,2.260449371E1,2.807332115E1
3.788347417E0,-3.778292999E0,2.451003113E0,1.404978333E1,1.475395966E1
3.798286417E0,-6.681655426E0,-4.296066284E-2,-4.340972900E-3,6.681794946E0
3.808226417E0,-9.525741119E0,1.471440125E-1,-1.822011108E0,9.699542242E0
3.818165417E0,-8.096812592E0,4.300556946E-1,-5.462141418E-1,8.126602730E0
3.828105417E0,-6.143374786E0,1.459465027E-1,-3.975732422E-1,6.157955718E0
3.838044417E0,-4.565206604E0,-3.824546814E-1,-2.074685669E-1,4.585894256E0
3.847983417E0,-3.116668854E0,-7.297325134E-1,-6.899153137E-1,3.274464449E0
3.857923417E0,-1.908830566E0,-8.674461365E-1,-1.394350433E0,2.517997232E0
3.867862417E0,-1.030906219E0,-8.135581970E-1,-1.797611847E0,2.226219424E0
3.877801417E0,-7.682025146E-1,-7.433541870E-1,-1.893412628E0,2.174332525E0
3.887741417E0,-8.943901062E-1,-6.845265198E-1,-2.193688202E0,2.465923386E0
3.897680417E0,-8.976832581E-1,-6.731501770E-1,-2.633922729E0,2.862955700E0
3.907620417E0,-7.936495972E-1,-7.833210754E-1,-3.000660095E0,3.201161133E0
3.917559417E0,-1.634451141E0,-1.064735870E0,-4.043242035E0,4.489198053E0
3.927498417E0,-2.172282715E0,-1.271755371E0,-5.497168579E0,6.046076108E0
3.937438417E0,-1.661395111E0,-1.419647827E0,-6.699767761E0,7.047164091E0
3.947377417E0,-2.652484131E-1,-1.374441833E0,-7.850275269E0,7.974099878E0
3.957317417E0,1.873803406E0,-9.839039612E-1,-8.373736725E0,8.637052330E0
3.967256417E0,3.771107941E0,-5.800437927E-1,-8.007149048E0,8.869731776E0
3.977195417E0,5.129084015E0,-4.682263184E-1,-6.958729248E0,8.657404430E0
3.987135417E0,5.654790802E0,-5.914201355E-1,-5.385500793E0,7.831350815E0
3.997074417E0,5.552852783E0,-7.265890503E-1,-4.562661896E0,7.223571780E0
4.007013417E0,5.355712738E0,-8.810678101E-1,-5.407804413E0,7.661872355E0
4.016953417E0,4.425996094E0,-1.012494507E0,-5.964796143E0,7.496224354E0
4.026892417E0,3.571572876E0,-7.650590515E-1,-4.970114594E0,6.167940275E0
4.036832417E0,3.403472443E0,-3.330574036E-1,-4.006717987E0,5.267669402E0
4.046771417E0,3.350931702E0,9.325607300E-2,-3.283571777E0,4.692470946E0
4.056710417E0,2.987487488E0,5.152285767E-1,-2.803669739E0,4.129298485E0
4.066650417E0,2.597997437E0,7.499404907E-1,-2.301763458E0,3.551072576E0
4.076589417E0,2.182760925E0,7.732919312E-1,-1.833836517E0,2.953875766E0
4.086529417E0,1.862277374E0,7.655081177E-1,-1.293759613E0,2.393301827E0
4.096468417E0,1.546134796E0,8.375083923E-1,-9.080117798E-1,1.978999370E0
4.106407417E0,1.339414673E0,9.120533752E-1,-8.240364075E-1,1.817940875E0
4.116347417E0,1.387015686E0,9.740245056E-1,-8.291258240E-1,1.886792485E0
4.126286417E0,1.682650909E0,1.076561279E0,-8.307723999E-1,2.163441945E0
4.136225417E0,2.236948242E0,1.092428284E0,-1.024619293E0,2.692059006E0
4.146165417E0,2.700833588E0,1.026265869E0,-1.289418640E0,3.163909628E0
4.156104417E0,3.100652161E0,1.014739838E0,-9.324110413E-1,3.393100516E0
4.166044417E0,2.708617401E0,7.556286621E-1,-3.026705933E-1,2.828284354E0
4.175983417E0,1.755549316E0,3.004252625E-1,-1.645079041E-1,1.788650774E0
4.185922417E0,9.508227539E-1,9.909393311E-2,-4.206253052E-2,9.568974728E-1
4.195862417E0,3.432362366E-1,8.173004150E-2,1.300794983E-1,3.760473237E-1
4.205801417E0,5.523513794E-2,7.574249268E-2,3.712280273E-1,3.828813053E-1
4.215740417E0,-1.212478638E-2,7.978408813E-2,6.372248840E-1,6.423146145E-1
4.225680417E0,1.273851013E-1,1.002914429E-2,8.568182373E-1,8.662938529E-1
4.235619417E0,2.823129272E-1,-1.971400452E-1,-1.322799225E0,1.366880600E0
4.245559417E0,-3.667074280E0,-1.401535492E0,-8.260871429E0,9.146241429E0
4.255498417E0,-2.579286346E1,-3.701352997E0,-1.392374542E1,2.954390811E1
4.265437417E0,-7.509718460E1,-1.000100281E1,-1.502470596E1,7.723567169E1
4.275377417E0,-7.932544189E1,-9.671987000E0,-1.338381821E1,8.102591964E1
4.285316417E0,-7.824513840E1,-1.214873657E0,7.499704285E0,7.861312336E1
4.295256417E0,-7.756989258E1,2.153272247E0,2.121702896E1,8.044803996E1
4.305195417E0,-3.897550003E1,1.088087311E0,5.774556747E1,6.967656779E1
4.315134417E0,-1.363993561E1,-3.007246399E-1,4.352064835E1,4.560904637E1
4.325074417E0,-1.254750732E1,7.921527100E-1,9.673184509E0,1.586310009E1
4.335013417E0,-3.836222534E0,1.094673615E0,2.263293457E0,4.586655745E0
4.344952417E0,-2.141147461E0,3.073109436E-1,-2.363285522E0,3.203758875E0
4.354892417E0,-1.767973480E0,3.692820740E-1,-2.362986145E0,2.974189469E0
4.364831417E0,-1.091679840E0,3.481759644E-1,-2.042352905E0,2.341836195E0
4.374771417E0,-7.191046143E-1,4.134402466E-1,-2.430495758E0,2.568142113E0
4.384710417E0,-4.875361633E-1,1.706451416E-1,-2.847678223E0,2.894146253E0
4.394649417E0,-8.532257080E-3,-2.926414490E-1,-2.932701416E0,2.947278306E0
4.404589417E0,5.284011841E-2,-5.577401733E-1,-3.106639709E0,3.156750935E0
4.414528417E0,-2.363584900E-1,-6.661148071E-1,-3.239862671E0,3.316064595E0
4.424468417E0,-5.137316895E-1,-8.893006897E-1,-3.060236206E0,3.227974845E0
4.434407417E0,-4.670288086E-1,-1.165326691E0,-2.811303864E0,3.078884801E0
4.444346417E0,-3.887416077E-1,-1.365759888E0,-2.604583740E0,2.966526010E0
4.454286417E0,-3.508703613E-1,-1.400637360E0,-2.602488098E0,2.976212245E0
4.464225417E0,-2.921923828E-1,-1.564247131E0,-2.613265686E0,3.059640996E0
4.474164417E0,-5.176235962E-1,-1.598376160E0,-2.584076385E0,3.082238034E0
4.484104417E0,-9.151968384E-1,-1.340163116E0,-3.005001068E0,3.415209196E0
4.494043417E0,-8.189469910E-1,-1.212029572E0,-3.702550507E0,3.981026263E0
4.503983417E0,-4.056564331E-2,-9.714797974E-1,-4.184548187E0,4.296028643E0
4.513922417E0,1.022673340E0,-7.096742249E-1,-4.365222473E0,4.539236225E0
4.523861417E0,1.948198700E0,-3.806584167E-1,-4.261488190E0,4.701133969E0
4.533801417E0,2.525248718E0,-2.673440552E-1,-4.070335693E0,4.797497951E0
4.543740417E0,2.942281494E0,-2.218386841E-1,-4.053420868E0,5.013626784E0
4.553679417E0,3.012635193E0,-6.810836792E-2,-3.839665375E0,4.880946603E0
4.563619417E0,2.887046356E0,1.338217163E-1,-3.692371674E0,4.688982138E0
4.573558417E0,2.798580322E0,1.597178650E-1,-3.384012909E0,4.394212669E0
4.583498417E0,2.448009338E0,1.101708984E-1,-2.437680817E0,3.456468590E0
4.593437417E0,2.109413452E0,2.510279846E-1,-1.780098267E0,2.771532067E0
4.603376417E0,2.043849792E0,4.055067444E-1,-1.678759003E0,2.675815667E0
4.613316417E0,1.981130219E0,4.466711426E-1,-1.755549316E0,2.684463718E0
4.623255417E0,1.856888580E0,4.608915710E-1,-1.847308502E0,2.659512162E0
4.633195417E0,1.673968964E0,4.839436340E-1,-1.885030060E0,2.567043408E0
4.643134417E0,1.544338531E0,5.044509888E-1,-1.900298309E0,2.500117190E0
4.653073417E0,1.491947479E0,5.149291992E-1,-1.941013641E0,2.501718073E0
4.663013417E0,1.542542267E0,4.755610657E-1,-2.007475433E0,2.575956635E0
4.672952417E0,1.608405304E0,3.787124634E-1,-2.122885437E0,2.690173476E0
4.682891417E0,1.724863129E0,2.457888794E-1,-2.307152252E0,2.891109908E0
4.692831417E0,2.013612671E0,1.103205872E-1,-2.645897827E0,3.326797549E0
4.702770417E0,2.223476257E0,-6.271957397E-2,-3.023113403E0,3.753264587E0
4.712710417E0,2.133064270E0,-9.654922485E-2,-3.361260223E0,3.982129483E0
4.722649417E0,1.671424255E0,3.397933960E-2,-3.443439331E0,3.827804601E0
4.732588417E0,1.290616150E0,1.103205872E-1,-3.273991699E0,3.520920664E0
4.742528417E0,9.279203796E-1,7.918533325E-2,-3.092419281E0,3.229607338E0
4.752467417E0,4.243675232E-1,1.047821045E-2,-3.676055603E0,3.700484074E0
4.762407417E0,-9.514215088E-1,-3.656895447E-1,-7.500752106E0,7.569690475E0
4.772346292E0,-9.237590332E0,-1.471140747E0,-1.746687744E1,1.981386226E1
4.782285292E0,-4.373410446E1,-3.840713196E0,-2.539933182E1,5.072030193E1
4.792225292E0,-7.947243622E1,-9.774224396E0,-3.136966644E1,8.599685781E1
4.802164292E0,-7.845051132E1,-9.133406982E0,-1.614347946E1,8.061335980E1
4.812103292E0,-7.860469070E1,-5.817502441E0,2.087888214E1,8.153814110E1
4.822043292E0,-6.948251038E1,-2.002984772E0,4.992687653E1,8.558343412E1
4.831982292E0,-8.602311401E0,3.072211304E0,7.605130051E1,7.659790175E1
4.841922292E0,-2.912104248E1,1.156644745E0,2.913511322E1,4.120955914E1
4.851861292E0,-3.014416489E1,-9.125024414E-1,-4.389621735E0,3.047576277E1
4.861800292E0,-1.848311417E1,-2.085163879E0,-8.675060120E0,2.052389061E1
4.871740292E0,-1.494177841E1,-1.647474060E0,-8.103997650E0,1.707763716E1
4.881679292E0,-1.224708206E1,-5.107379150E-1,-5.518873444E0,1.344283587E1
4.891618292E0,-8.918903046E0,-1.983375549E-1,-3.492387543E0,9.580341334E0
4.901558292E0,-6.039640503E0,-7.206015015E-1,-2.408641205E0,6.542023875E0
4.911497292E0,-4.088148651E0,-1.427431641E0,-1.931583252E0,4.741469639E0
4.921437292E0,-2.845283203E0,-1.450633392E0,-2.101030884E0,3.822866009E0
4.931376292E0,-1.971699829E0,-1.184636536E0,-2.293680267E0,3.248373917E0
4.941315292E0,-1.317111053E0,-1.009051666E0,-2.241289215E0,2.788609714E0
4.951255292E0,-6.890171814E-1,-9.380992126E-1,-2.236948242E0,2.521648716E0
4.961194292E0,-7.484436035E-3,-8.999285889E-1,-2.440973969E0,2.601592089E0
4.971134292E0,6.770420837E-1,-1.046773224E0,-3.287313995E0,3.515757880E0
4.981073292E0,1.038690033E0,-9.635462952E-1,-3.822900238E0,4.076992112E0
4.991012292E0,1.421144714E0,-6.505471802E-1,-4.355343018E0,4.627296914E0
5.000952292E0,1.852098541E0,-3.842509460E-1,-4.986730042E0,5.333422382E0
5.010891292E0,2.550695801E0,-7.858657837E-2,-5.090314636E0,5.694166139E0
5.020830292E0,2.976111145E0,-2.125579834E-2,-4.909640350E0,5.741276663E0
5.030770292E0,2.685864716E0,1.122665405E-2,-5.264851685E0,5.910385653E0
5.040709292E0,2.103575592E0,7.544311523E-2,-5.599555664E0,5.982118819E0
5.050649292E0,2.165097656E0,3.562591553E-2,-6.126459961E0,6.497878786E0
5.060588292E0,2.631228333E0,-2.778222656E-1,-6.478078766E0,6.997574740E0
5.070527292E0,2.961142273E0,-5.583389282E-1,-6.072422333E0,6.778968868E0
5.080467292E0,2.862497406E0,-5.933660889E-1,-5.591921539E0,6.309957307E0
5.090406292E0,2.616858215E0,-3.613485718E-1,-5.354365540E0,5.970573678E0
5.100345292E0,2.580932922E0,-3.233276367E-2,-5.185366974E0,5.792261287E0
5.110285292E0,2.687810669E0,3.046165466E-1,-4.835544434E0,5.540722643E0
5.120224292E0,2.572849731E0,6.316864014E-1,-4.404590607E0,5.139941815E0
5.130164292E0,2.474354553E0,9.142987061E-1,-3.650009766E0,4.503436895E0
5.140103292E0,2.476450195E0,1.162931671E0,-2.906805267E0,3.991833226E0
5.150042292E0,2.446362762E0,1.359922028E0,-2.326462097E0,3.639574780E0
5.159982292E0,2.356399841E0,1.471889191E0,-1.866019592E0,3.346805510E0
5.169921292E0,2.345921631E0,1.510359192E0,-1.535955963E0,3.184916625E0
5.179860292E0,2.540067902E0,1.523232422E0,-1.381776581E0,3.268254653E0
5.189800292E0,2.977308655E0,1.551673279E0,-1.488205261E0,3.672439474E0
5.199739292E0,3.320544891E0,1.536105652E0,-1.466650085E0,3.941662266E0
5.209679292E0,3.905528412E0,1.685644684E0,-8.396040344E-1,4.335837302E0
5.219618292E0,4.863685913E0,1.818867645E0,7.738906860E-2,5.193236875E0
5.229557292E0,4.533472595E0,1.362466736E0,7.915539551E-1,4.799504875E0
5.239497292E0,3.440445557E0,9.731263733E-1,1.226549377E0,3.779955548E0
5.249436292E0,2.620600433E0,6.566844177E-1,1.127605133E0,2.927503099E0
5.259376292E0,2.044747925E0,4.673281860E-1,4.173321533E-1,2.138587346E0
5.269315292E0,1.483115845E0,2.956352234E-1,-2.023791504E-1,1.525775250E0
5.279254292E0,1.059197388E0,7.005432129E-2,-4.183799744E-1,1.140985765E0
5.289194292E0,8.391549683E-1,-2.784210205E-2,-5.703140259E-1,1.014994745E0
5.299133292E0,6.962022400E-1,-1.945953369E-3,-5.340893555E-1,8.774695353E-1
5.309072292E0,5.197192383E-1,-8.532257080E-3,-1.029858398E-1,5.298933565E-1
5.319012292E0,1.007405090E0,-1.803749084E-1,-1.616638184E-1,1.036115492E0
5.328951292E0,5.212161255E-1,-8.494834900E-1,-4.014651489E0,4.136510006E0
5.338891292E0,-9.898915100E0,-3.214116211E0,-1.279524216E1,1.649355283E1
5.348830292E0,-5.276287903E1,-1.101319794E1,-1.403152130E1,5.569645879E1
5.358769292E0,-8.057369614E1,-2.545022598E1,-9.987530823E0,8.508575253E1
5.368709292E0,-7.825352097E1,-1.797971100E1,-6.522536316E0,8.055698003E1
5.378648292E0,-7.860214600E1,-2.908451843E0,9.899962921E0,7.927651426E1
5.388588292E0,-7.120722382E1,2.670596466E0,2.048400330E1,7.414307250E1
5.398527292E0,-2.619537643E1,-9.418414307E-1,6.099051956E1,6.638469920E1
5.408466292E0,-7.725285187E0,3.652404785E-1,4.793886063E1,4.855870457E1
5.418406292E0,-1.082294357E1,4.920118561E0,4.728217621E0,1.279451899E1
5.428345292E0,-1.106499023E0,2.031725006E0,1.497336273E0,2.755768950E0
5.438284292E0,-8.563691711E-1,-1.989363098E-1,-2.240540771E0,2.406858276E0
5.448224292E0,-1.624272308E0,5.694158936E-1,-1.746268616E0,2.451927623E0
5.458163292E0,-1.585951996E0,1.020128632E0,-1.239871674E0,2.256809235E0
5.468103292E0,-1.596430206E0,1.118773499E0,-1.431024170E0,2.418279082E0
5.478042292E0,-1.439406738E0,7.595205688E-1,-1.703607330E0,2.356064767E0
5.487981292E0,-1.371747437E0,2.637515259E-1,-2.091899872E0,2.515412684E0
5.497921292E0,-1.401385803E0,8.756790161E-2,-2.241738281E0,2.645173119E0
5.507860292E0,-1.135538635E0,-1.466949463E-2,-2.198178864E0,2.474197547E0
5.517799292E0,-8.138575745E-1,-1.514849854E-1,-2.157613220E0,2.310975262E0
5.527739292E0,-5.384303284E-1,-2.227368164E-1,-2.259551239E0,2.333471815E0
5.537678292E0,-2.974314880E-1,-2.761756897E-1,-2.259700928E0,2.295862972E0
5.547618292E0,-2.439926147E-1,-3.513194275E-1,-2.197131042E0,2.238379448E0
5.557557292E0,-5.183720398E-1,-5.337899780E-1,-2.195634155E0,2.318286146E0
5.567496292E0,-1.134939880E0,-6.090834045E-1,-2.577340393E0,2.881276562E0
5.577436292E0,-1.127006378E0,-6.506968689E-1,-3.322041779E0,3.567844079E0
5.587375292E0,-5.959107971E-1,-7.607180786E-1,-4.107757874E0,4.219890570E0
5.597314292E0,1.475930786E-1,-7.164102173E-1,-4.985831909E0,5.039201042E0
5.607254292E0,1.101259918E0,-3.803590393E-1,-5.837411041E0,5.952546856E0
5.617193292E0,2.468217316E0,-1.877096558E-1,-6.140979767E0,6.621099918E0
5.627133292E0,3.230581970E0,-2.107617188E-1,-5.658383331E0,6.519078332E0
5.637072292E0,3.291954346E0,-3.471281433E-1,-4.788242798E0,5.821059221E0
5.647011292E0,2.841990051E0,-4.887336731E-1,-4.034560089E0,4.959177670E0
5.656951292E0,2.362237701E0,-5.149291992E-1,-3.618425446E0,4.351818211E0
5.666890292E0,1.903890839E0,-2.959346008E-1,-3.547472992E0,4.036947144E0
5.676830292E0,1.638193359E0,-3.652404785E-2,-3.623065796E0,3.976382433E0
5.686769292E0,1.739981689E0,1.782792664E-1,-3.714525604E0,4.105730171E0
5.696708292E0,1.896406403E0,3.137475586E-1,-3.504063263E0,3.996655367E0
5.706648292E0,1.930834808E0,4.049079895E-1,-3.141367493E0,3.709482883E0
5.716587292E0,1.761387177E0,4.920268250E-1,-2.630180511E0,3.203501944E0
5.726526292E0,1.443598022E0,5.825885010E-1,-2.010169830E0,2.542472686E0
5.736466292E0,1.180445251E0,6.825805664E-1,-1.468596039E0,2.004031324E0
5.746405292E0,9.895921326E-1,7.479945374E-1,-1.165326691E0,1.701991396E0
5.756345292E0,7.680528259E-1,7.231462097E-1,-9.855505371E-1,1.443660433E0
5.766284708E0,7.526348877E-1,6.664141846E-1,-9.635462952E-1,1.392475710E0
5.776223708E0,8.352630615E-1,6.387217712E-1,-1.141077118E0,1.551672282E0
5.786163708E0,1.010249176E0,5.791456604E-1,-1.376088409E0,1.802673682E0
5.796102708E0,1.256487122E0,4.902305603E-1,-1.659149780E0,2.138191732E0
5.806041708E0,1.326541443E0,4.061054993E-1,-1.728904724E0,2.216696962E0
5.815981708E0,1.373094635E0,3.689826965E-1,-1.573827209E0,2.120959498E0
5.825920708E0,1.263971558E0,3.926335144E-1,-1.241368561E0,1.814602182E0
5.835860708E0,1.280137939E0,4.237687683E-1,-1.240470428E0,1.832239067E0
5.845799708E0,5.057981873E-1,2.633024597E-1,-3.679797821E0,3.723717497E0
5.855738708E0,-4.782704315E0,-5.095404053E-1,-8.350984039E0,9.637054862E0
5.865678708E0,-2.017953644E1,-1.856289825E0,-1.020951920E1,2.269127112E1
5.875617708E0,-6.048023071E1,-5.053191833E0,-8.668922882E0,6.130695946E1
5.885557708E0,-8.019707932E1,-6.333180084E0,-7.309599609E0,8.077815885E1
5.895496708E0,-7.813541656E1,-3.823049927E0,4.083059235E0,7.833537135E1
5.905435708E0,-7.855544312E1,-2.400857391E0,2.342867981E1,8.200990670E1
5.915375708E0,-4.924309845E1,-1.313219147E0,6.503555786E1,8.158572838E1
5.925314708E0,-2.439327393E1,1.581311646E0,4.156526459E1,4.822036478E1
5.935253708E0,-1.145073807E1,2.755170593E0,2.202115677E1,2.497281948E1
5.945193708E0,-5.973777466E0,-1.105600891E0,1.076231964E1,1.235863644E1
5.955132708E0,-1.436847061E1,-2.313738556E0,-1.811083832E0,1.466582280E1
5.965072708E0,-1.346569794E1,-2.020498352E0,4.245172119E-1,1.362305580E1
5.975011708E0,-1.036609360E1,-1.535656586E0,1.111289062E0,1.053798373E1
5.984950708E0,-7.655230865E0,-1.217717743E0,8.939410400E-1,7.802853753E0
5.994890708E0,-5.129533081E0,-1.073118439E0,6.271957397E-2,5.240956645E0
6.004829708E0,-3.373385010E0,-8.906478882E-1,-1.104553070E0,3.659647192E0
6.014768708E0,-2.194286957E0,-5.502557373E-1,-1.985171814E0,3.009748122E0
6.024708708E0,-1.247206421E0,-3.189866638E-1,-2.458786926E0,2.775411591E0
6.034647708E0,-9.395960999E-1,-1.607656860E-1,-2.740351410E0,2.901415566E0
6.044587708E0,-7.270381165E-1,6.137237549E-3,-3.099454651E0,3.183589361E0
6.054526708E0,-4.784051514E-1,1.122665405E-1,-3.718716888E0,3.751043930E0
6.064465708E0,-9.788145447E-1,2.053729248E-1,-4.736001434E0,4.840450964E0
6.074405708E0,-1.919308777E0,1.999841309E-1,-5.537135468E0,5.863753833E0
6.084344708E0,-2.095342712E0,1.755848694E-1,-6.792125702E0,7.110152086E0
6.094283708E0,-1.179098053E0,2.092648315E-1,-8.441096649E0,8.525618841E0
6.104223708E0,7.685018921E-1,3.514691162E-1,-9.330247650E0,9.368438873E0
6.114162708E0,2.881807251E0,6.764433289E-1,-9.431586914E0,9.885202088E0
6.124102708E0,4.463418274E0,6.168672180E-1,-9.372609558E0,1.039944411E1
6.134041708E0,5.281467133E0,3.442840576E-2,-8.630003815E0,1.011790721E1
6.143980708E0,5.456004181E0,-4.984634399E-1,-8.024512939E0,9.716442525E0
6.153920708E0,5.131479034E0,-8.705895996E-1,-7.764653320E0,9.347718680E0
6.163859708E0,4.597090302E0,-9.247769165E-1,-6.782695313E0,8.245811500E0
6.173798708E0,4.225263519E0,-6.744973755E-1,-5.646557922E0,7.084589959E0
6.183738708E0,4.168980560E0,-3.526666260E-1,-4.826862488E0,6.387751884E0
6.193677708E0,4.130360870E0,-6.706054688E-2,-4.168980560E0,5.868967281E0
6.203617708E0,3.610791321E0,1.818717957E-1,-3.339405670E0,4.921638095E0
6.213556708E0,2.729573822E0,4.116439819E-1,-2.343077545E0,3.620778425E0
6.223495708E0,1.903441772E0,4.718188477E-1,-1.387464752E0,2.402241046E0
6.233435708E0,1.388063507E0,5.089416504E-1,-5.429209900E-1,1.574961937E0
6.243374708E0,1.207987976E0,7.469467163E-1,-8.292755127E-2,1.422688064E0
6.253314708E0,1.061891785E0,9.940827942E-1,4.326004028E-2,1.455227197E0
6.263253708E0,1.322350159E0,9.560618591E-1,2.380050659E-2,1.631940772E0
6.273192708E0,2.292931824E0,9.592053223E-1,-1.329235840E-1,2.489031916E0
6.283132708E0,2.919678497E0,1.020877075E0,-5.697152710E-1,3.145041815E0
6.293071708E0,3.253783722E0,1.100661163E0,-1.017733612E0,3.582505438E0
6.303010708E0,3.160527649E0,1.179696808E0,-1.238225098E0,3.593580522E0
6.312950708E0,2.766696625E0,1.269210663E0,-1.180594940E0,3.264859925E0
6.322889708E0,1.889969788E0,1.018182678E0,-6.150709534E-1,2.233157863E0
6.332829708E0,1.242566071E0,7.149133301E-1,-2.918930054E-2,1.433849199E0
6.342768708E0,9.187893677E-1,5.791456604E-1,3.902384949E-1,1.154066584E0
6.352707708E0,7.505392456E-1,3.350033569E-1,8.325686646E-1,1.169917514E0
6.362647708E0,1.577719116E-1,-1.875599670E-1,1.211879883E0,1.236415613E0
6.372586708E0,-3.989204407E-1,-6.072871399E-1,1.074016571E0,1.296706128E0
6.382525708E0,-1.567240906E-1,-6.291416931E-1,2.347119141E-1,6.895443374E-1
6.392465708E0,-3.921844482E-1,-1.056053925E0,-3.107687531E0,3.305568078E0
6.402404708E0,-2.376757507E0,-1.793719940E0,-5.287604370E0,6.068374366E0
6.412344708E0,-1.402463562E1,-4.788841553E0,-1.067041077E1,1.826146417E1
6.422283708E0,-6.836673065E1,-2.590363312E1,-1.956925552E1,7.568331276E1
6.432222708E0,-8.038014862E1,-3.919913498E1,-1.041414368E1,9.003329864E1
6.442162708E0,-7.816789902E1,-1.124416763E1,9.519903259E0,7.954420344E1
6.452101708E0,-7.855484436E1,8.897198181E0,1.983794678E1,8.150808451E1
6.462041708E0,-5.370487015E1,2.802771606E0,5.676061569E1,7.819102314E1
6.471980708E0,-2.972039612E1,-1.712289276E0,4.716661652E1,5.577565413E1
6.481919708E0,-2.693184494E1,3.414699097E0,3.953578491E0,2.743383358E1
6.491859708E0,-6.057752838E0,2.813998260E0,6.461762695E0,9.293510251E0
6.501798708E0,-1.545236664E0,1.832189941E-1,7.096742249E-1,1.710252336E0
6.511737708E0,-1.695524139E0,1.190025330E-1,-1.848655701E0,2.511272906E0
6.521677708E0,-2.426454163E-1,4.806504822E-1,-1.077309723E0,1.204366191E0
6.531616708E0,6.797364807E-1,4.721182251E-1,-1.195863190E0,1.454312920E0
6.541556708E0,9.949809265E-1,1.698966980E-1,-1.214574280E0,1.579253815E0
6.551495708E0,8.617579651E-1,-9.595046997E-2,-1.236877899E0,1.510529781E0
6.561434708E0,3.597019958E-1,-1.646575928E-1,-1.267414398E0,1.327718685E0
6.571374708E0,-3.594026184E-1,-3.668870544E-1,-2.249971161E0,2.307844574E0
6.581313708E0,-8.626560974E-1,-8.566685486E-1,-3.171454926E0,3.396495678E0
6.591252708E0,-7.515870667E-1,-1.317560120E0,-3.007994843E0,3.368809992E0
6.601192708E0,-8.960366821E-1,-1.754800873E0,-2.490970001E0,3.176025722E0
6.611131708E0,-1.107696533E0,-2.065105591E0,-2.151326294E0,3.181172352E0
6.621071708E0,-1.255289612E0,-2.273023224E0,-2.314337311E0,3.478296102E0
6.631010708E0,-1.500030670E0,-2.605032806E0,-2.794838104E0,4.104559412E0
6.640949708E0,-1.980980530E0,-3.089575195E0,-3.478765869E0,5.056834061E0
6.650889708E0,-2.927761688E0,-3.176244965E0,-4.373605042E0,6.147254805E0
6.660828708E0,-3.718417511E0,-3.084336090E0,-5.488636322E0,7.311968721E0
6.670767708E0,-3.257226562E0,-3.108286285E0,-7.138954468E0,8.440120817E0
6.680707708E0,-1.606908417E0,-2.574346619E0,-8.040379944E0,8.594016803E0
6.690646708E0,6.276448059E-1,-1.625918884E0,-8.217910767E0,8.400690899E0
6.700586708E0,2.687062225E0,-7.243437195E-1,-7.641160126E0,8.132177156E0
6.710525708E0,3.729045410E0,-3.608995056E-1,-5.933361511E0,7.017179415E0
6.720464708E0,4.047732697E0,-5.176235962E-1,-4.556075592E0,6.116363214E0
6.730404708E0,3.997886353E0,-5.439688110E-1,-4.013753357E0,5.691152200E0
6.740343708E0,3.003504181E0,-3.665876770E-1,-4.269272003E0,5.232791542E0
6.750283708E0,2.037712555E0,-1.945953369E-1,-4.542004852E0,4.981962252E0
6.760222708E0,1.955832825E0,2.035766602E-2,-4.139042816E0,4.577922226E0
6.770160792E0,1.951491852E0,2.636018372E-1,-3.796704712E0,4.277005149E0
6.780100792E0,1.870210876E0,5.373825073E-1,-3.688479767E0,4.170293955E0
6.790039792E0,1.674268341E0,7.848179626E-1,-3.586242371E0,4.034878939E0
6.799978792E0,1.577569427E0,9.665400696E-1,-3.481160889E0,3.942259015E0
6.809918792E0,1.517843628E0,1.122964783E0,-3.335962830E0,3.833216297E0
6.819857792E0,1.474433899E0,1.267414398E0,-3.120860138E0,3.676963772E0
6.829797792E0,1.432371368E0,1.398841095E0,-2.894231415E0,3.519235660E0
6.839736792E0,1.347946930E0,1.474134521E0,-2.680924988E0,3.343260729E0
6.849675792E0,1.286724243E0,1.432221680E0,-2.401605835E0,3.078088498E0
6.859615792E0,1.186881866E0,1.261426849E0,-2.067201233E0,2.696888429E0
6.869554792E0,1.031504974E0,1.021924896E0,-1.600771179E0,2.161203686E0
6.879493792E0,7.512876892E-1,7.738906860E-1,-1.023421783E0,1.486853097E0
6.889433792E0,5.069956970E-1,5.665718079E-1,-5.950126648E-1,9.654472132E-1
6.899372792E0,2.781216431E-1,3.483256531E-1,-1.724414062E-1,4.779314255E-1
6.909312792E0,4.273612976E-1,2.748284912E-1,3.079096985E-1,5.941184736E-1
6.919251792E0,6.635700989E-1,2.192939758E-1,-5.074447632E-1,8.636638881E-1
6.929190792E0,-1.828148346E0,-4.221221924E-2,-4.354295197E0,4.722689372E0
6.939130792E0,-1.681004333E1,-1.572330322E0,-1.008033783E1,1.966374813E1
6.949069792E0,-6.073290527E1,-3.714226227E0,-8.150700531E0,6.138986218E1
6.959008792E0,-8.029018570E1,-1.262010635E1,1.395697632E0,8.128793869E1
6.968948792E0,-7.835171677E1,-1.383632721E1,1.596370331E1,8.114970914E1
6.978887792E0,-7.851996689E1,-5.236111450E0,2.855746445E1,8.371577413E1
6.988827792E0,-4.402225525E1,-1.221909027E0,5.173870880E1,6.794369733E1
6.998766792E0,6.747967529E-1,1.549427948E0,6.095713898E1,6.098056141E1
7.008705792E0,-2.638024200E1,2.648292847E0,9.564360809E0,2.818523764E1
7.018645792E0,-1.058838135E1,6.147715759E-1,4.270619202E0,1.143371996E1
7.028584792E0,-3.078947296E0,-6.391708374E-1,1.151106262E-1,3.146697677E0
7.038523792E0,-2.950514374E0,-5.968089294E-1,-2.115700378E0,3.679389088E0
7.048463792E0,-3.052153015E0,1.594184875E-1,-1.347348175E0,3.340119667E0
7.058402792E0,-2.880010986E0,4.245172119E-1,-8.851094055E-1,3.042712080E0
7.068342792E0,-1.724863129E0,-6.092330933E-2,-1.021475830E0,2.005561601E0
7.078281792E0,-8.050259399E-1,-4.324507141E-1,-1.057550812E0,1.397674534E0
7.088220792E0,-4.168830872E-1,-3.610491943E-1,-1.403930511E0,1.508366305E0
7.098160792E0,-2.225871277E-1,-5.096900940E-1,-2.276615753E0,2.343567432E0
7.108099792E0,-3.047662354E-1,-7.794291687E-1,-2.887196045E0,3.006042796E0
7.118039792E0,-3.709286499E-1,-8.538244629E-1,-3.208428040E0,3.340750628E0
7.127978792E0,-2.730322266E-1,-9.503736877E-1,-3.506607971E0,3.643357820E0
7.137917792E0,-3.529660034E-1,-1.154249725E0,-3.607198792E0,3.803782400E0
7.147857792E0,-3.890409851E-1,-1.129850464E0,-3.428919525E0,3.631171170E0
7.157796792E0,-6.090834045E-1,-1.070723419E0,-3.287463684E0,3.510676389E0
7.167735792E0,-1.285676422E0,-8.502319336E-1,-3.459605713E0,3.787443715E0
7.177675792E0,-1.292113037E0,-7.220983887E-1,-4.054169312E0,4.315932227E0
7.187614792E0,-4.490661621E-1,-5.659730530E-1,-5.229076080E0,5.278751990E0
7.197554792E0,7.598199463E-1,-3.507206726E-1,-6.345903625E0,6.400845582E0
7.207493792E0,1.767973480E0,-6.735992432E-2,-6.808890839E0,7.035002632E0
7.217432792E0,2.750829620E0,9.385482788E-2,-6.808741150E0,7.344033522E0
7.227372792E0,3.594325562E0,8.532257080E-3,-6.153403931E0,7.126263325E0
7.237311792E0,3.716321869E0,-1.299298096E-1,-4.942422180E0,6.185100403E0
7.247250792E0,2.980003052E0,-2.113604736E-1,-4.311035156E0,5.245008633E0
7.257190792E0,2.475102997E0,-1.790277100E-1,-4.191433868E0,4.870965370E0
7.267129792E0,2.615061951E0,-7.708969116E-2,-4.083807678E0,4.849946080E0
7.277069792E0,2.782413940E0,2.365081787E-2,-4.103267212E0,4.957740262E0
7.287008792E0,2.808310089E0,1.465452576E-1,-3.918850708E0,4.823429479E0
7.296947792E0,2.655627594E0,2.957849121E-1,-3.453019409E0,4.366141279E0
7.306887792E0,2.305505676E0,5.113366699E-1,-2.870430908E0,3.717014287E0
7.316826792E0,1.854343872E0,7.741900635E-1,-2.299817505E0,3.054033727E0
7.326765792E0,1.334924011E0,1.056952057E0,-1.763782196E0,2.451550000E0
7.336705792E0,1.035396881E0,1.232985992E0,-1.364263000E0,2.110335209E0
7.346644792E0,7.340734863E-1,1.184337158E0,-9.711804199E-1,1.698443345E0
7.356584792E0,5.053491211E-1,1.138083344E0,-6.674620056E-1,1.412840033E0
7.366523792E0,4.242178345E-1,1.209335175E0,-5.535488892E-1,1.396018878E0
7.376462792E0,7.949967957E-1,1.041534119E0,-8.153544617E-1,1.543248562E0
7.386402792E0,1.468446350E0,7.792794800E-1,-1.390308838E0,2.167157091E0
7.396341792E0,2.130669250E0,6.375242615E-1,-2.048190765E0,3.023453993E0
7.406280792E0,2.203567657E0,4.155358887E-1,-2.251168671E0,3.177442506E0
7.416220792E0,1.902393951E0,2.177970886E-1,-2.002086639E0,2.770359043E0
7.426159792E0,1.666933594E0,-2.180964661E-1,-2.165846100E0,2.741737224E0
7.436099792E0,6.271957397E-1,-8.279283142E-1,-3.717669067E0,3.860039259E0
7.446038792E0,-2.072440338E0,-1.847607880E0,-6.817572784E0,7.361247347E0
7.455977792E0,-7.475155334E0,-3.780238953E0,-8.857830048E0,1.219136198E1
7.465917792E0,-2.156984528E1,-8.849148102E0,-1.169473068E1,2.608318181E1
7.475856792E0,-6.699842606E1,-2.696118393E1,-2.843037872E0,7.227570406E1
7.485795792E0,-8.052684357E1,-4.466935959E1,9.320966949E0,9.255703456E1
7.495735792E0,-7.837940918E1,-1.904908722E1,2.115430939E1,8.338887404E1
7.505674792E0,-7.773110733E1,9.161099396E0,4.156706085E1,8.862207026E1
7.515614792E0,-5.672558853E1,6.592890015E0,7.270500916E1,9.245148430E1
7.525553792E0,-4.765041046E1,3.326981506E0,3.575180374E1,5.966424301E1
7.535492792E0,-2.965962250E1,1.676363983E0,1.178020294E1,3.195741830E1
7.545432792E0,-1.628553406E1,-9.294172668E-1,3.643872528E0,1.671407320E1
7.555371792E0,-1.190579178E1,-1.509760437E0,-6.436614990E-1,1.201838403E1
7.565311792E0,-8.389753418E0,-1.073717194E0,-8.437953186E-1,8.500165973E0
7.575250792E0,-6.009253693E0,-5.276527405E-1,-1.006506958E0,6.115766805E0
7.585189792E0,-4.380790100E0,-3.652404785E-1,-1.440304871E0,4.625927002E0
7.595129792E0,-3.009192352E0,-4.818479919E-1,-2.003284149E0,3.646993760E0
7.605068792E0,-1.690883789E0,-6.551875305E-1,-2.321372681E0,2.945696829E0
7.615007792E0,-8.032296753E-1,-7.173083496E-1,-2.636168060E0,2.847646611E0
7.624947792E0,-2.188449097E-1,-6.993457031E-1,-3.017125854E0,3.104839115E0
7.634886792E0,5.493576050E-2,-7.494914246E-1,-2.890189819E0,2.986294112E0
7.644826792E0,2.031275940E-1,-8.006849670E-1,-2.589315491E0,2.717887405E0
7.654765792E0,3.088078308E-1,-7.310797119E-1,-2.471959534E0,2.596232609E0
7.664704792E0,4.131408691E-1,-5.498066711E-1,-3.093616791E0,3.169138306E0
7.674644792E0,3.008743286E-1,-1.429527283E-1,-3.582799530E0,3.598251425E0
7.684583792E0,-1.484912109E-1,2.978805542E-1,-4.314178619E0,4.326998917E0
7.694522792E0,-8.834628296E-1,3.303630066E-1,-5.973927155E0,6.047929558E0
7.704462792E0,-1.143023071E0,2.067201233E-1,-8.395291901E0,8.475267609E0
7.714401792E0,-6.170169067E-1,-7.059320068E-1,-1.077504318E1,1.081575728E1
7.724341792E0,2.814746704E0,-6.366261292E-1,-1.224064545E1,1.257622729E1
7.734280792E0,5.373525696E0,-4.159849548E-1,-1.269794449E1,1.379440525E1
7.744219792E0,6.558910675E0,-8.581654358E-1,-1.164383652E1,1.339159012E1
7.754159792E0,6.005810852E0,-1.166673889E0,-9.411828003E0,1.122556895E1
7.764098792E0,4.443509674E0,-8.735833740E-1,-7.870483246E0,9.080332189E0
7.774037792E0,3.718567200E0,-5.334906006E-1,-6.595135345E0,7.590004247E0
7.783977792E0,3.526217194E0,-3.362008667E-1,-5.312602386E0,6.385215958E0
7.793916792E0,3.457510071E0,-1.224453735E-1,-4.197421417E0,5.439459101E0
7.803856792E0,3.116519165E0,1.448986816E-1,-3.099005585E0,4.397445048E0
7.813795792E0,2.766397247E0,3.821553040E-1,-2.029030609E0,3.451950408E0
7.823734792E0,2.539169769E0,4.855902100E-1,-1.239721985E0,2.867070207E0
7.833674792E0,2.478246460E0,4.019142151E-1,-5.667214966E-1,2.573793661E0
7.843613792E0,2.542911987E0,1.957928467E-1,-2.523751831E-1,2.562894740E0
7.853552792E0,2.772085419E0,1.101708984E-1,-2.046244812E-1,2.781809910E0
7.863492792E0,2.725382538E0,2.297721863E-1,-1.510359192E-1,2.739218334E0
7.873431792E0,2.307301941E0,7.259902954E-1,5.548960876E-1,2.481655460E0
7.883371792E0,2.276915131E0,1.106199646E0,8.378077698E-1,2.666447455E0
7.893310792E0,2.212099915E0,1.493743744E0,7.548802185E-1,2.773896276E0
7.903249792E0,1.832489319E0,1.723665619E0,4.483177185E-1,2.555392151E0
7.913189792E0,1.670975189E0,1.625769196E0,2.674937439E-1,2.346664966E0
7.923128792E0,1.792223053E0,1.379980316E0,3.303630066E-1,2.285945944E0
7.933067792E0,1.917362823E0,1.082548828E0,4.532574463E-1,2.248029020E0
7.943007792E0,1.828896790E0,7.038363647E-1,4.626878357E-1,2.013536473E0
7.952946792E0,1.551972656E0,3.495231628E-1,3.320095825E-1,1.625120282E0
7.962886792E0,1.187480621E0,1.016386414E-1,-1.227447510E-2,1.191885608E0
7.972825792E0,8.884025574E-1,-1.484912109E-1,-7.970924377E-1,1.202773918E0
7.982764792E0,6.280938721E-1,-8.135581970E-1,-1.807640991E0,2.079409725E0
7.992704792E0,2.640509033E-1,-1.868264923E0,-2.707719269E0,3.300284888E0
8.002643792E0,-1.771715698E0,-2.991978149E0,-6.910230103E0,7.735773383E0
8.012582792E0,-1.024005569E1,-7.652985535E0,-1.442640015E1,1.927557909E1
8.022522792E0,-4.991864365E1,-2.647334839E1,-2.332374802E1,6.112860525E1
8.032461792E0,-8.098010101E1,-6.524392456E1,-1.410427002E1,1.049451137E2
8.042401792E0,-7.871680756E1,-5.318679749E1,7.920030212E0,9.533046783E1
8.052340792E0,-7.867983444E1,-4.816533966E0,2.348421432E1,8.225097975E1
8.062279792E0,-6.229984680E1,1.581251770E1,5.462829987E1,8.435376562E1
8.072219792E0,-3.989518753E1,4.829407196E0,6.060462204E1,7.271773769E1
8.082158792E0,-4.360372559E1,6.141129456E0,9.735904083E0,4.509751860E1
8.092097792E0,-1.658685745E1,7.516319733E0,9.197623444E0,2.040135239E1
8.102037792E0,-6.493197327E0,3.028951263E0,2.872825928E0,7.719409698E0
8.111976792E0,-3.358715515E0,1.863175507E0,-1.021924896E0,3.974509199E0
8.121916792E0,-1.550625458E0,2.078128510E0,-1.272204437E0,2.888176162E0
8.131855792E0,-5.463638306E-1,1.999541931E0,-2.234253845E0,3.047715803E0
8.141794792E0,2.525248718E-1,1.173260193E0,-2.610122223E0,2.872811569E0
8.151734792E0,7.818241882E-1,2.411485291E-1,-2.014660492E0,2.174455926E0
8.161673792E0,9.363029480E-1,-2.357597351E-1,-1.426533508E0,1.722568928E0
8.171612792E0,7.126679993E-1,-3.688330078E-1,-1.438508606E0,1.647191693E0
8.181552792E0,5.989045715E-1,-4.026626587E-1,-1.434467010E0,1.605776917E0
8.191491792E0,4.408332825E-1,-4.616400146E-1,-1.104403381E0,1.275598806E0
8.201431792E0,-2.383044434E-1,-5.372328186E-1,-8.382568359E-1,1.023759069E0
8.211370792E0,-1.037492523E0,-8.309220886E-1,-2.386936340E0,2.732084798E0
8.221309792E0,-1.299298096E0,-1.065484314E0,-3.500470734E0,3.882876218E0
8.231249792E0,-2.129471741E0,-1.200204163E0,-4.098926239E0,4.772455997E0
8.241188792E0,-2.837798767E0,-1.206491089E0,-4.611011353E0,5.547084665E0
8.251127792E0,-2.654280396E0,-1.130000153E0,-5.086123352E0,5.847286167E0
8.261067792E0,-1.858984222E0,-9.842033386E-1,-5.754782867E0,6.127153042E0
8.271006792E0,-7.447013855E-1,-8.801696777E-1,-6.173611908E0,6.280347348E0
8.280946792E0,3.647914124E-1,-6.309379578E-1,-5.933361511E0,5.977954023E0
8.290885792E0,1.293310547E0,-3.414399719E-1,-5.327870636E0,5.493217540E0
8.300824792E0,1.901645508E0,-5.343887329E-2,-5.008734283E0,5.357847560E0
8.310764792E0,2.357597351E0,-1.640588379E-1,-5.554499359E0,6.036360137E0
8.320703792E0,3.048560486E0,-3.188369751E-1,-5.256469116E0,6.084886656E0
8.330642792E0,3.260669403E0,-1.797761536E-1,-4.238735504E0,5.350809574E0
8.340582792E0,2.424059143E0,-1.020877075E-1,-3.754193115E0,4.469949729E0
8.350521792E0,1.938618622E0,5.538482666E-3,-3.312761078E0,3.838314577E0
8.360461792E0,1.753902740E0,5.179229736E-2,-3.127596130E0,3.586183880E0
8.370400792E0,1.598076782E0,1.984872437E-1,-2.834505615E0,3.260010532E0
8.380339792E0,1.617236938E0,4.104464722E-1,-2.436034241E0,2.952657184E0
8.390279792E0,1.656605072E0,5.965095520E-1,-2.108814697E0,2.747228319E0
8.400218792E0,1.553918610E0,6.752458191E-1,-1.815724182E0,2.483440007E0
8.410157792E0,1.284778290E0,7.926017761E-1,-1.581161957E0,2.186080045E0
8.420097792E0,1.086141357E0,8.214916992E-1,-1.469045105E0,2.003158801E0
8.430036792E0,1.078507233E0,8.265811157E-1,-1.536255341E0,2.050974077E0
8.439976792E0,1.123713226E0,8.494834900E-1,-1.667981415E0,2.183235126E0
8.449915792E0,1.156495056E0,8.324189758E-1,-1.736838226E0,2.246554961E0
8.459854792E0,1.021475830E0,8.009843445E-1,-1.687590637E0,2.129072791E0
8.469794792E0,1.019679565E0,6.683601379E-1,-1.632954254E0,2.037888929E0
8.479733792E0,1.025218048E0,5.071453857E-1,-1.587748260E0,1.956837507E0
8.489672792E0,9.583071899E-1,3.384461975E-1,-1.593885498E0,1.890335811E0
8.499612792E0,9.505233765E-1,8.756790161E-2,-1.947001190E0,2.168404128E0
8.509551792E0,5.089416504E-1,-3.794609070E-1,-3.012485504E0,3.078649232E0
8.519491792E0,-5.742059326E-1,-1.279988251E0,-5.357658691E0,5.538283943E0
8.529430792E0,-3.724255371E0,-3.045267334E0,-8.535550232E0,9.797925748E0
8.539369792E0,-1.505569153E1,-7.711663513E0,-1.318054092E1,2.144458581E1
8.549309792E0,-5.387850906E1,-2.272723846E1,-1.234273315E1,5.976423821E1
8.559248792E0,-8.072952209E1,-4.987493454E1,3.638483734E0,9.496316863E1
8.569187792E0,-7.863343094E1,-3.711681519E1,1.258268417E1,8.785896865E1
8.579127792E0,-7.867085312E1,-3.456013184E0,2.134501282E1,8.158833697E1
8.589066792E0,-7.055383255E1,9.638307037E0,3.405957275E1,7.893538336E1
8.599006792E0,-1.197404984E1,4.994214478E0,7.459078766E1,7.571067066E1
8.608945792E0,-3.072390930E1,1.946252747E0,3.645504135E1,4.771495093E1
8.618884792E0,-3.214295837E1,6.131250000E-1,2.042053528E0,3.221359461E1
8.628824792E0,-1.540790909E1,-1.082848206E0,-1.379381561E0,1.550738264E1
8.638763792E0,-8.826844482E0,-1.019230499E0,-2.058219910E0,9.120761126E0
8.648702792E0,-4.492906952E0,-7.155120850E-2,-1.586850128E0,4.765440775E0
8.658642792E0,-2.067350922E0,8.120613098E-1,-1.604663086E0,2.740132665E0
8.668581792E0,-6.810836792E-1,8.717871094E-1,-1.865720215E0,2.169055016E0
8.678521792E0,-7.259902954E-2,5.049000549E-1,-1.896107025E0,1.963521463E0
8.688460792E0,1.707948303E-1,8.008346558E-2,-2.694097595E0,2.700693631E0
8.698399792E0,2.544708252E-1,-2.263293457E-1,-3.534899139E0,3.551266295E0
8.708339792E0,2.917433167E-1,-4.808001709E-1,-3.796854401E0,3.838279081E0
8.718278792E0,1.683998108E-1,-8.059240723E-1,-4.039200439E0,4.122258155E0
8.728217792E0,1.335223389E-1,-1.115180969E0,-4.255650330E0,4.401365304E0
8.738157792E0,1.857637024E-1,-1.261426849E0,-4.219425659E0,4.407863285E0
8.748096792E0,-3.402424622E-1,-1.315464478E0,-4.164489899E0,4.380546523E0
8.758036792E0,-1.124461670E0,-1.266516266E0,-4.139192505E0,4.472291593E0
8.767975792E0,-1.769919434E0,-1.214125214E0,-4.141437836E0,4.664570954E0
8.777914583E0,-1.916165314E0,-1.228195953E0,-3.849993896E0,4.472427508E0
8.787854583E0,-1.564396820E0,-1.390159149E0,-3.829336853E0,4.363908868E0
8.797793583E0,-7.517367554E-1,-1.722917175E0,-4.733157349E0,5.092772352E0
8.807732583E0,5.150788879E-1,-1.733994141E0,-6.331832886E0,6.585146136E0
8.817672583E0,2.419718170E0,-1.383722534E0,-7.497458954E0,7.998850845E0
8.827611583E0,3.968996429E0,-1.077160034E0,-7.643555145E0,8.679697095E0
8.837551583E0,4.691843262E0,-1.007554779E0,-7.288792877E0,8.726686739E0
8.847490583E0,4.844675446E0,-1.053658905E0,-5.783523102E0,7.617756673E0
8.857429583E0,4.485123138E0,-8.078700256E-1,-4.438569946E0,6.361594667E0
8.867369583E0,3.531605988E0,-5.876779175E-1,-4.470753021E0,5.727585771E0
8.877308583E0,3.156336365E0,-5.159770203E-1,-4.383484497E0,5.426198289E0
8.887247583E0,3.154390411E0,-3.068618774E-1,-3.942202148E0,5.058191461E0
8.897187583E0,2.947969666E0,-3.981719971E-2,-3.357368317E0,4.468112865E0
8.907126583E0,2.519261169E0,2.264790344E-1,-2.624043274E0,3.644663592E0
8.917066583E0,1.877994690E0,4.812492371E-1,-1.777403870E0,2.630138665E0
8.927005583E0,1.360371094E0,7.225474548E-1,-1.165027313E0,1.931313796E0
8.936944583E0,9.135502625E-1,9.978250122E-1,-8.246351624E-1,1.584377476E0
8.946884583E0,5.370831299E-1,1.315614166E0,-6.783892822E-1,1.574646291E0
8.956823583E0,2.507286072E-1,1.470991058E0,-6.804849243E-1,1.640042457E0
8.966762583E0,1.642085266E-1,1.429377594E0,-7.270381165E-1,1.612038824E0
8.976702583E0,2.893482971E-1,1.055904236E0,-8.228388977E-1,1.369569291E0
8.986641583E0,4.622387695E-1,9.000782776E-1,-1.021625519E0,1.437888830E0
8.996581583E0,5.900729370E-1,8.228388977E-1,-1.321751404E0,1.665015524E0
9.006520583E0,7.388635254E-1,6.863227844E-1,-1.389410706E0,1.716805284E0
9.016459583E0,1.023272095E0,6.316864014E-1,-1.189426575E0,1.691404466E0
9.026399583E0,1.204694824E0,5.623805237E-1,-8.593629456E-1,1.583055951E0
9.036338583E0,1.264270935E0,5.155279541E-1,-5.248086548E-1,1.462728339E0
9.046277583E0,1.456620941E0,5.388793945E-3,-1.084494781E0,1.816012813E0
9.056217583E0,-4.079017639E-1,-1.090781708E0,-3.340303802E0,3.537487537E0
9.066156583E0,-4.481231232E0,-2.845133514E0,-6.499484253E0,8.391633549E0
9.076096583E0,-1.570264618E1,-6.316115570E0,-1.040261765E1,1.986657663E1
9.086035583E0,-5.884039078E1,-2.202834183E1,-5.809119873E0,6.309663465E1
9.095974583E0,-8.081155151E1,-4.344670212E1,6.909930725E0,9.201016208E1
9.105914583E0,-7.831219894E1,-1.710043945E1,1.610950012E1,8.176026863E1
9.115853583E0,-7.852819977E1,9.655072174E0,2.802382416E1,8.393588802E1
9.125792583E0,-5.338004562E1,2.670147400E0,6.457556442E1,8.382459352E1
9.135732583E0,-2.450299576E1,6.695576477E-1,5.467769714E1,5.992074493E1
9.145671583E0,-3.220163635E1,1.818717957E0,5.598956909E0,3.273532400E1
9.155611583E0,-1.260094620E1,3.089575195E-1,2.163750458E0,1.278910145E1
9.165550583E0,-4.281546478E0,-1.996847534E-1,2.121089172E-1,4.291445495E0
9.175489583E0,-1.076112213E0,1.266366577E-1,-7.683522034E-1,1.328314513E0
9.185429583E0,5.611830139E-1,2.398013306E-1,-8.198451233E-1,1.022045537E0
9.195368583E0,1.078656921E0,3.113525391E-1,-1.096619568E0,1.569399769E0
9.205307583E0,1.328337708E0,-1.197509766E-3,-1.686093750E0,2.146484249E0
9.215247583E0,1.351988525E0,-2.604583740E-1,-2.056573334E0,2.474915234E0
9.225186583E0,1.233435059E0,-4.037104797E-1,-2.362537079E0,2.695538099E0
9.235125583E0,1.141825562E0,-3.727249146E-1,-2.272723846E0,2.570595876E0
9.245065583E0,1.178199921E0,-2.966830444E-1,-2.063608704E0,2.394714339E0
9.255004583E0,1.429377594E0,-4.049079895E-1,-2.747536469E0,3.123464012E0
9.264944583E0,1.596879272E0,-6.590794373E-1,-3.634891205E0,4.024530182E0
9.274883583E0,1.216969299E0,-9.172924805E-1,-4.234544220E0,4.500422705E0
9.284822583E0,-7.065307617E-2,-1.074615326E0,-4.748126221E0,4.868725969E0
9.294762583E0,-1.771715698E0,-9.295669556E-1,-5.155429230E0,5.530056219E0
9.304701583E0,-2.183808746E0,-7.170089722E-1,-5.641318817E0,6.091600816E0
9.314640583E0,-1.360969849E0,-8.931925964E-1,-6.172863464E0,6.383907525E0
9.324580583E0,-1.649569702E-1,-1.189426575E0,-6.610702972E0,6.718879383E0
9.334519583E0,7.294331360E-1,-1.496438141E0,-7.485483856E0,7.668368038E0
9.344459583E0,2.021845551E0,-1.762434998E0,-9.438771973E0,9.812464161E0
9.354398583E0,4.251009979E0,-1.145268402E0,-9.817634125E0,1.075958481E1
9.364337583E0,4.992268524E0,-9.895921326E-1,-9.923014984E0,1.115205201E1
9.374277583E0,4.875361633E0,-9.277706909E-1,-9.061406708E0,1.033145687E1
9.384216583E0,4.502337341E0,-6.209088135E-1,-6.543492737E0,7.967048794E0
9.394155583E0,3.817361755E0,-3.146456909E-1,-4.993016968E0,6.292969976E0
9.404095583E0,3.514541473E0,-2.255809021E-1,-4.016148376E0,5.341566839E0
9.414034583E0,3.375929718E0,-8.217910767E-2,-3.231031036E0,4.673672691E0
9.423974583E0,2.965782623E0,5.209167480E-2,-2.425256653E0,3.831507529E0
9.433913583E0,2.405348053E0,4.409829712E-1,-1.659000092E0,2.955071326E0
9.443852583E0,1.818717957E0,8.777746582E-1,-1.243763580E0,2.371744337E0
9.453792583E0,1.350940704E0,1.036145325E0,-1.011746063E0,1.980471665E0
9.463731583E0,8.650511169E-1,9.827064514E-1,-5.779481506E-1,1.431100789E0
9.473670583E0,4.535568237E-1,9.526190186E-1,-2.029779053E-1,1.074428600E0
9.483610583E0,4.860392761E-1,1.075513458E0,-8.382568359E-2,1.183211782E0
9.493549583E0,7.788304138E-1,9.852511597E-1,-2.308200073E-1,1.276939520E0
9.503489583E0,1.125210114E0,7.135661316E-1,-6.370751953E-1,1.476868047E0
9.513428583E0,1.827998657E0,6.367758179E-1,-1.116528168E0,2.234658292E0
9.523367583E0,2.470013580E0,5.186714172E-1,-1.486109619E0,2.928909170E0
9.533307583E0,2.476749573E0,3.306623840E-1,-1.372495880E0,2.850854433E0
9.543246583E0,1.844913483E0,2.267784119E-1,-7.421566772E-1,2.001482136E0
9.553185583E0,1.059496765E0,1.666035461E-1,-8.487350464E-2,1.075868788E0
9.563125583E0,7.596702576E-1,-1.285826111E-1,2.053729248E-1,7.973772171E-1
9.573064583E0,3.710783386E-1,-7.286846924E-1,-1.567240906E-1,8.326121275E-1
9.583004583E0,-3.237767029E-1,-1.148262177E0,-1.752854919E0,2.120339064E0
9.592943583E0,-3.088078308E0,-2.504591675E0,-5.851781158E0,7.074782670E0
9.602882583E0,-1.360969849E1,-6.090534668E0,-9.931696930E0,1.791527587E1
9.612822583E0,-5.922089951E1,-2.263338364E1,-1.045620621E1,6.425509506E1
9.622761583E0,-8.084777618E1,-4.196807693E1,9.888736267E0,9.162679466E1
9.632700583E0,-7.831249832E1,-1.473281296E1,2.241723312E1,8.277943894E1
9.642640583E0,-7.815637299E1,7.697592773E0,3.889781158E1,8.763966750E1
9.652579583E0,-3.737113632E1,3.958667908E0,7.434440002E1,8.330283727E1
9.662519583E0,-2.792248489E1,1.708996124E0,5.266618011E1,5.963482505E1
9.672458583E0,-3.595508102E1,1.325792999E0,1.004635849E1,3.735578800E1
9.682397583E0,-1.761327301E1,4.067042542E-1,-1.034648438E0,1.764832264E1
9.692337583E0,-5.394931183E0,1.645079041E-1,-1.551523590E0,5.616010218E0
9.702276583E0,-1.398092651E0,2.160008240E-1,-2.216291199E0,2.629309053E0
9.712215583E0,5.477110291E-1,4.755610657E-1,-1.754651184E0,1.898669660E0
9.722155583E0,1.155596924E0,3.459306335E-1,-1.102756805E0,1.634363737E0
9.732094583E0,1.393302612E0,-7.559280396E-2,-1.349743195E0,1.941343126E0
9.742034583E0,1.653910675E0,-5.207670593E-1,-1.869911499E0,2.550134872E0
9.751973583E0,1.742825775E0,-6.747967529E-1,-2.187401276E0,2.877067375E0
9.761912583E0,1.733395386E0,-7.587721252E-1,-2.288441162E0,2.969403586E0
9.771853792E0,1.652862854E0,-8.108638000E-1,-2.274520111E0,2.926242890E0
9.781792792E0,1.670675812E0,-9.005273438E-1,-2.092498627E0,2.825005782E0
9.791731792E0,1.803898773E0,-9.289682007E-1,-2.094145203E0,2.915900690E0
9.801671792E0,2.269730072E0,-1.004710693E0,-2.897973633E0,3.815674168E0
9.811610792E0,2.475252686E0,-9.452842712E-1,-3.971690826E0,4.774386477E0
9.821549792E0,1.447040863E0,-9.632469177E-1,-5.278922424E0,5.557768783E0
9.831489792E0,-4.730163574E-1,-1.444945221E0,-7.131919098E0,7.292179454E0
9.841428792E0,-3.480262756E-1,-1.760339355E0,-7.635921021E0,7.843928019E0
9.851368792E0,3.692820740E-1,-2.185904388E0,-6.968459015E0,7.312589711E0
9.861307792E0,8.135581970E-1,-1.997446289E0,-7.399562531E0,7.707476517E0
9.871246792E0,1.719624023E0,-1.443897400E0,-7.985743561E0,8.295423238E0
9.881186792E0,2.585573273E0,-1.252894592E0,-7.716902618E0,8.234410728E0
9.891125792E0,1.848506012E0,-1.870061188E0,-8.111931152E0,8.527457437E0
9.901064792E0,2.652035065E0,-1.769769745E0,-8.427624664E0,9.010562270E0
9.911004792E0,3.366050262E0,-8.919950867E-1,-6.662644958E0,7.517764791E0
9.920943792E0,2.881358185E0,-5.334906006E-1,-5.557642822E0,6.282852135E0
9.930883792E0,2.978356476E0,-1.395098877E-1,-4.906496887E0,5.741409410E0
9.940822792E0,2.876568146E0,5.837860107E-3,-3.988455963E0,4.917566405E0
9.950761792E0,2.605032806E0,-6.286926270E-2,-2.997516632E0,3.971807451E0
9.960701792E0,2.107617188E0,2.844085693E-3,-2.016606445E0,2.916977863E0
9.970640792E0,1.540147247E0,1.148112488E-1,-9.981243896E-1,1.838882123E0
9.980579792E0,2.075284424E0,1.697470093E-1,-4.584965515E-1,2.132097224E0
9.990519792E0,2.166744232E0,2.670446777E-1,-5.159770203E-1,2.243284581E0
1.000045879E1,9.089099121E-1,9.395960999E-1,1.676513672E-1,1.317977633E0
1.001039879E1,3.415896606E-1,1.570084991E0,5.168751526E-1,1.687901152E0
1.002033779E1,6.156697083E-1,2.106419678E0,2.065704346E-1,2.204251436E0
1.003027679E1,1.220112762E0,1.979932709E0,-5.858816528E-1,2.398346513E0
1.004021679E1,1.767524414E0,1.325493622E0,-1.003513184E0,2.426543757E0
1.005015579E1,1.929337921E0,7.719447327E-1,-1.106648712E0,2.354339580E0
1.006009479E1,1.736089783E0,5.390290833E-1,-1.057999878E0,2.103312584E0
1.007003479E1,1.380878448E0,4.511618042E-1,-9.271719360E-1,1.723374615E0
1.007997379E1,9.696835327E-1,3.773652649E-1,-8.671467590E-1,1.354486692E0
1.008991279E1,6.059399414E-1,-2.887495422E-1,-1.601819000E0,1.736768154E0
1.009985279E1,2.694396973E-2,-1.457369385E0,-3.724704437E0,3.999759324E0
1.010979179E1,-1.907333679E0,-2.315534821E0,-6.722221069E0,7.361241701E0
1.011973179E1,-7.485034790E0,-4.532724152E0,-9.478888550E0,1.290041326E1
1.012967079E1,-2.560859665E1,-1.089045319E1,-1.483145782E1,3.153370156E1
1.013960979E1,-7.410998749E1,-3.505754745E1,-6.391558685E0,8.223243826E1
1.014954979E1,-7.991581421E1,-4.065425903E1,7.360344086E0,8.996377495E1
1.015948879E1,-7.840964630E1,-1.426892761E1,1.874746445E1,8.187272044E1
1.016942779E1,-7.814065567E1,3.079845428E0,2.155188263E1,8.111677485E1
1.017936779E1,-4.282729019E1,2.352657623E0,5.273234253E1,6.797361055E1
1.018930679E1,-1.560849197E1,4.991819458E0,5.194722519E1,5.447070303E1
1.019924679E1,-2.897300034E1,4.857099609E0,6.317762146E0,3.004896477E1
1.020918579E1,-8.403225403E0,1.582209778E0,4.233646088E0,9.541558790E0
1.021912479E1,-3.873944092E0,2.650987244E-1,-8.572673035E-1,3.976509448E0
1.022906479E1,-3.459456024E0,2.064207458E-1,-1.649270325E0,3.838038316E0
1.023900379E1,-2.487826538E0,6.432124329E-1,-1.103654938E0,2.796615336E0
1.024894279E1,-1.251547394E0,7.433541870E-1,-1.035995636E0,1.786682200E0
1.025888279E1,-1.688488770E-1,2.478845215E-1,-1.220262451E0,1.256581525E0
1.026882179E1,4.249662781E-1,-2.395019531E-1,-1.348545685E0,1.434061710E0
1.027876179E1,5.348377991E-1,-4.516108704E-1,-1.582808533E0,1.730689660E0
1.028870079E1,3.115022278E-1,-5.484594727E-1,-1.389560394E0,1.526014260E0
1.029863979E1,-3.814068604E-1,-6.960525513E-1,-1.422491913E0,1.628939406E0
1.030857979E1,-1.171164551E0,-9.437873840E-1,-2.677482147E0,3.071037558E0
1.031851879E1,-1.369502106E0,-1.158590698E0,-3.346590729E0,3.797043314E0
1.032845779E1,-1.475182343E0,-1.259780273E0,-3.608695679E0,4.097059163E0
1.033839779E1,-1.630409546E0,-1.393901367E0,-3.890409851E0,4.442576405E0
1.034833679E1,-2.266885986E0,-1.488504639E0,-4.494104462E0,5.248942088E0
1.035827679E1,-2.606679382E0,-1.414408722E0,-5.299130402E0,6.072570498E0
1.036821579E1,-2.308649139E0,-1.419647827E0,-5.890400848E0,6.483986656E0
1.037815479E1,-1.754501495E0,-1.414857788E0,-6.126759338E0,6.528191024E0
1.038809479E1,-6.063890076E-1,-1.140777740E0,-5.989045715E0,6.126805861E0
1.039803379E1,9.086105347E-1,-8.551716614E-1,-5.561684418E0,5.699932038E0
1.040797279E1,2.031575317E0,-7.949967957E-1,-5.876629486E0,6.268500003E0
1.041791279E1,3.234174500E0,-1.078806610E0,-7.219936066E0,7.984433930E0
1.042785179E1,4.583618317E0,-1.023721161E0,-7.447013855E0,8.804293114E0
1.043779079E1,4.444258118E0,-6.873706055E-1,-6.789880371E0,8.144101179E0
1.044773079E1,3.905528412E0,-3.222798157E-1,-5.238207092E0,6.541852184E0
1.045766979E1,3.223396912E0,-4.206253052E-2,-3.679199066E0,4.891683010E0
1.046760979E1,2.850522308E0,1.190025330E-1,-2.985092468E0,4.129214947E0
1.047754879E1,2.761756897E0,2.935395813E-1,-2.558479614E0,3.776146790E0
1.048748779E1,2.614762573E0,6.128256226E-1,-2.253414001E0,3.505768563E0
1.049742779E1,2.262545013E0,9.113049316E-1,-2.161804504E0,3.259292152E0
1.050736679E1,1.932182007E0,1.041085052E0,-2.283202057E0,3.167048630E0
1.051730579E1,1.687291260E0,1.094673615E0,-2.329306183E0,3.077487516E0
1.052724579E1,1.380728760E0,1.032552795E0,-2.172282715E0,2.773335424E0
1.053718479E1,1.141975250E0,9.722282410E-1,-1.943558350E0,2.454944864E0
1.054712479E1,8.797206116E-1,9.455836487E-1,-1.606010284E0,2.060899276E0
1.055706379E1,7.053332520E-1,9.976753235E-1,-1.392105103E0,1.852243954E0
1.056700279E1,6.500981140E-1,8.560697937E-1,-1.412612457E0,1.775093520E0
1.057694279E1,8.044271851E-1,5.270539856E-1,-1.419498138E0,1.714603151E0
1.058688179E1,1.283880157E0,4.968168640E-1,-1.340911560E0,1.921774978E0
1.059682079E1,1.681154022E0,3.926335144E-1,-1.374890900E0,2.206980949E0
1.060676079E1,1.793121185E0,3.129991150E-1,-1.428928528E0,2.314106473E0
1.061669979E1,2.216740265E0,-1.523831177E-1,-1.749112701E0,2.827817756E0
1.062663879E1,1.038839722E0,-1.391805725E0,-2.459086304E0,3.010550879E0
1.063657879E1,-4.927752686E-1,-1.799258423E0,-3.548221436E0,4.008744653E0
1.064651779E1,-3.943848724E0,-2.849324799E0,-5.769751740E0,7.547359121E0
1.065645779E1,-1.611788269E1,-7.090754700E0,-9.283993835E0,1.990621727E1
1.066639679E1,-6.453739380E1,-2.588716736E1,-2.013013916E0,6.956488236E1
1.067633579E1,-8.074419159E1,-4.227029846E1,1.549053726E1,9.244652158E1
1.068627579E1,-7.829693069E1,-1.192899353E1,3.148582489E1,8.522949848E1
1.069621479E1,-6.931366150E1,9.397607574E0,6.363102859E1,9.456006820E1
1.070615379E1,-4.451158768E1,7.765850830E-1,7.227929443E1,8.488922738E1
1.071609379E1,-4.350388321E1,1.554217987E0,2.698528381E1,5.121727238E1
1.072603279E1,-3.158791260E1,1.660047913E0,1.856738892E0,3.168595052E1
1.073597279E1,-1.267459305E1,7.626640320E-1,-7.405101013E-1,1.271909276E1
1.074591179E1,-4.354893951E0,1.312770081E-1,-1.559606781E0,4.627602867E0
1.075585079E1,-1.080004120E0,-7.484436035E-2,-1.955533447E0,2.235200582E0
1.076579079E1,1.054706726E0,-3.742218018E-3,-1.162332916E0,1.569534355E0
1.077572867E1,1.540895691E0,6.616241455E-2,-9.550140381E-1,1.814053144E0
1.078566767E1,1.663790131E0,-2.279759216E-1,-1.401086426E0,2.187055965E0
1.079560767E1,1.830992432E0,-5.915698242E-1,-1.734443207E0,2.590517589E0
1.080554667E1,1.583257599E0,-6.749464417E-1,-1.738484802E0,2.446341499E0
1.081548667E1,1.477427673E0,-7.080276489E-1,-1.604962463E0,2.293469030E0
1.082542567E1,1.410367126E0,-7.075785828E-1,-1.487307129E0,2.168383125E0
1.083536467E1,1.284029846E0,-6.512956238E-1,-1.062789917E0,1.789536544E0
1.084530467E1,1.262774048E0,-6.408174133E-1,-6.694079590E-1,1.566318061E0
1.085524367E1,1.363065491E0,-5.516029358E-1,-9.638456726E-1,1.758184237E0
1.086518267E1,1.062490540E0,-3.194357300E-1,-2.201921082E0,2.465640238E0
1.087512267E1,2.558180237E-1,-3.460803223E-1,-4.182302856E0,4.204387189E0
1.088506167E1,-8.177494812E-1,-5.462141418E-1,-6.225404205E0,6.302596419E0
1.089500067E1,-1.577419739E0,-5.766009521E-1,-7.268135834E0,7.459659522E0
1.090494067E1,-1.806593170E0,-8.225395203E-1,-8.437653809E0,8.668007380E0
1.091487967E1,-5.381309509E-1,-9.614506531E-1,-8.407117310E0,8.479009007E0
1.092481967E1,9.699829102E-1,-9.963281250E-1,-7.638615417E0,7.764147221E0
1.093475867E1,1.910626831E0,-1.345102844E0,-7.961493988E0,8.297299746E0
1.094469767E1,3.764371948E0,-1.390608215E0,-8.236322479E0,9.161948229E0
1.095463767E1,4.583468628E0,-1.122216339E0,-8.019124146E0,9.304509994E0
1.096457667E1,4.812043304E0,-6.761439514E-1,-7.681276703E0,9.089276274E0
1.097451567E1,4.685406647E0,-3.129991150E-1,-5.944588165E0,7.575561520E0
1.098445567E1,4.322561188E0,1.109193420E-1,-4.388274536E0,6.160664877E0
1.099439467E1,4.066144409E0,2.173480225E-1,-3.733985138E0,5.524800044E0
1.100433467E1,3.713328094E0,2.315684509E-1,-3.380121002E0,5.026693493E0
1.101427367E1,3.304378510E0,3.209326172E-1,-2.990331573E0,4.468108996E0
1.102421267E1,2.859653320E0,4.330494690E-1,-2.547402649E0,3.854141825E0
1.103415267E1,2.215243378E0,4.701722717E-1,-2.010618896E0,3.028358224E0
1.104409167E1,1.781894531E0,2.793191528E-1,-1.569635925E0,2.391009044E0
1.105403067E1,1.925895081E0,6.286926270E-2,-1.128652954E0,2.233132754E0
1.106397067E1,2.815495148E0,-9.131011963E-3,-1.168919220E0,3.048519058E0
1.107390967E1,2.819536743E0,-3.038681030E-2,-1.310524750E0,3.109370664E0
1.108384867E1,2.689157867E0,9.520202637E-2,-1.069226532E0,2.895492849E0
1.109378867E1,2.537373505E0,2.877017212E-1,-8.520281982E-1,2.692023149E0
1.110372767E1,2.062560883E0,6.321354675E-1,-5.508544922E-1,2.226475537E0
1.111366767E1,1.607058105E0,1.056952057E0,-2.905458069E-1,1.945302103E0
1.112360667E1,1.358275452E0,1.357976074E0,-5.107379150E-1,1.987426587E0
1.113354567E1,1.213077393E0,1.357826385E0,-9.586065674E-1,2.057711303E0
1.114348567E1,1.050365753E0,1.169817352E0,-1.372645569E0,2.087078511E0
1.115342467E1,7.512876892E-1,8.292755127E-1,-1.830543365E0,2.145465003E0
1.116336367E1,3.986210632E-1,-2.948867798E-2,-3.464844818E0,3.487824243E0
1.117330367E1,-1.389710083E0,-1.144070892E0,-7.453899536E0,7.668168661E0
1.118324267E1,-7.367828522E0,-3.174448700E0,-1.187360870E1,1.432985015E1
1.119318267E1,-2.022384430E1,-7.210805054E0,-1.496872238E1,2.617369362E1
1.120312167E1,-6.476072937E1,-2.290267365E1,-1.817894669E1,7.105602459E1
1.121306067E1,-8.047714691E1,-3.877551590E1,-6.878047028E0,8.959586675E1
1.122300067E1,-7.832641937E1,-2.122615997E1,1.030277527E1,8.180296460E1
1.123293967E1,-7.857834549E1,-1.112037506E0,2.352058868E1,8.203054979E1
1.124287867E1,-4.796550522E1,2.706072693E0,5.105313446E1,7.010303174E1
1.125281867E1,-3.148402863E0,3.553909607E0,6.186170792E1,6.204364287E1
1.126275767E1,-3.066612946E1,2.461780701E0,1.120734421E1,3.274257815E1
1.127269767E1,-1.638702301E1,3.763174438E-1,1.275347900E0,1.644088350E1
1.128263667E1,-6.436764679E0,-3.498225403E-1,-9.027726746E-1,6.509171517E0
1.129257567E1,-4.685107269E0,-7.890092468E-1,-1.709594879E0,5.049304939E0
1.130251567E1,-3.292253723E0,-8.467890930E-1,-1.232985992E0,3.616108517E0
1.131245467E1,-2.086361389E0,-6.274951172E-1,-7.978408813E-1,2.320173278E0
1.132239367E1,-7.875123596E-1,-8.690927124E-1,-2.695893860E-1,1.203401968E0
1.133233367E1,-3.128494263E-2,-1.066232758E0,-3.212319946E-1,1.114011237E0
1.134227267E1,3.465293884E-1,-1.151255951E0,-7.222480774E-1,1.402538829E0
1.135221167E1,3.543132019E-1,-1.193318481E0,-9.083111572E-1,1.540965931E0
1.136215167E1,1.824705505E-1,-1.156045990E0,-7.387138367E-1,1.383992762E0
1.137209067E1,-2.303709412E-1,-1.192719727E0,-6.336323547E-1,1.370087982E0
1.138203067E1,-8.554710388E-1,-1.406175842E0,-1.870061188E0,2.491242671E0
1.139196967E1,-9.973759460E-1,-1.555714874E0,-3.285068665E0,3.769175464E0
1.140190867E1,-1.041384430E0,-1.609303436E0,-4.075874176E0,4.504119157E0
1.141184867E1,-8.966354370E-1,-1.564247131E0,-4.580474854E0,4.922557677E0
1.142178767E1,-9.066645813E-1,-1.301842804E0,-4.960085449E0,5.207617787E0
1.143172667E1,-1.166823578E0,-1.054557037E0,-6.091432800E0,6.291193954E0
1.144166667E1,-2.820135498E-1,-9.478289795E-1,-7.074438629E0,7.143220096E0
1.145160567E1,1.001866608E0,-9.554631042E-1,-7.276219025E0,7.406754332E0
1.146154467E1,2.210453339E0,-7.964936829E-1,-7.753426666E0,8.101612878E0
1.147148467E1,3.424129486E0,-5.044509888E-1,-7.617209930E0,8.366661261E0
1.148142367E1,4.043840790E0,-5.707630920E-1,-6.626270599E0,7.783693268E0
1.149136367E1,4.226910095E0,-5.776487732E-1,-6.271208954E0,7.584755026E0
1.150130267E1,3.646566925E0,-3.863465881E-1,-6.232140198E0,7.230925630E0
1.151124167E1,2.753524017E0,-1.938468933E-1,-6.341562653E0,6.916277034E0
1.152118167E1,2.828518066E0,3.293151855E-3,-5.772595825E0,6.428326987E0
1.153112067E1,3.160827026E0,2.703378296E-1,-4.727469177E0,5.693230617E0
1.154105967E1,3.183280334E0,5.057981873E-1,-3.830684052E0,5.006320585E0
1.155099967E1,2.940485229E0,7.286846924E-1,-3.057392120E0,4.304077293E0
1.156093867E1,2.461331635E0,9.442364502E-1,-2.295775909E0,3.495757846E0
1.157087867E1,1.832639008E0,1.226549377E0,-1.608554993E0,2.729549097E0
1.158081767E1,1.390159149E0,1.500479736E0,-1.124012604E0,2.333963631E0
1.159075667E1,1.102158051E0,1.607357483E0,-8.726852417E-1,2.135399255E0
1.160069667E1,7.485932922E-1,1.457219696E0,-6.225553894E-1,1.752557095E0
1.161063567E1,5.239105225E-1,1.310075684E0,-4.029620361E-1,1.467364622E0
1.162057467E1,6.050418091E-1,1.256786499E0,-4.252656555E-1,1.458231385E0
1.163051467E1,7.679031372E-1,1.246008911E0,-6.991960144E-1,1.622063039E0
1.164045367E1,1.188079376E0,1.209933929E0,-1.282532959E0,2.126114651E0
1.165039267E1,1.742825775E0,9.307644653E-1,-1.829046478E0,2.692429236E0
1.166033267E1,1.926194458E0,7.634124756E-1,-1.799408112E0,2.744247301E0
1.167027167E1,1.699266357E0,7.391629028E-1,-1.418749695E0,2.333820612E0
1.168021167E1,1.378932495E0,6.048921204E-1,-9.726773071E-1,1.792609954E0
1.169015067E1,1.590592346E0,1.558259583E-1,-1.184636536E0,1.989379165E0
1.170008967E1,8.360115051E-1,-5.349874878E-1,-2.954855347E0,3.117097523E0
1.171002967E1,-2.629581757E0,-1.806144104E0,-7.225474548E0,7.898375731E0
1.171996867E1,-9.807904358E0,-3.877386932E0,-9.856403503E0,1.443529727E1
1.172990767E1,-3.901786194E1,-1.110151428E1,-1.146376099E1,4.215513000E1
1.173984767E1,-7.934145859E1,-3.273842010E1,9.684860229E-2,8.583053409E1
1.174978667E1,-7.890796005E1,-2.629087784E1,8.810827789E0,8.363795253E1
1.175972667E1,-7.850948868E1,-1.408421173E0,2.149455185E1,8.141092815E1
1.176966567E1,-6.670204239E1,5.946833496E0,4.524042206E1,8.081598280E1
1.177960558E1,-1.038435562E1,2.224224701E0,7.402676056E1,7.478464613E1
1.178954558E1,-3.455818588E1,4.069886627E0,3.060655334E1,4.634213306E1
1.179948458E1,-2.626872391E1,1.443598022E0,6.393504639E0,2.707409708E1
1.180942358E1,-1.347108673E1,3.742218018E-2,-1.202599182E0,1.352471157E1
1.181936358E1,-7.887248383E0,7.738906860E-2,-2.234253845E0,8.197961110E0
1.182930258E1,-5.122048645E0,5.993536377E-1,-1.732646942E0,5.440282394E0
1.183924158E1,-3.170407104E0,1.135239258E0,-1.430126038E0,3.658621306E0
1.184918158E1,-1.554068298E0,7.295828247E-1,-1.694775696E0,2.412402129E0
1.185912058E1,-4.653822327E-1,1.836680603E-1,-1.660946045E0,1.734663179E0
1.186906058E1,1.832189941E-1,-4.778063965E-1,-1.474583588E0,1.560853904E0
1.187899958E1,2.103126526E-1,-8.554710388E-1,-1.231938171E0,1.514507764E0
1.188893858E1,-2.338137817E-1,-1.091829529E0,-1.298849030E0,1.712824978E0
1.189887858E1,-6.953041077E-1,-1.484313354E0,-2.015408936E0,2.597788889E0
1.190881758E1,-7.574249268E-1,-1.682650909E0,-2.939886475E0,3.471014129E0
1.191875658E1,-6.953041077E-1,-1.731299744E0,-3.589385834E0,4.045310528E0
1.192869658E1,-9.222322083E-1,-1.866169281E0,-4.171525269E0,4.662051383E0
1.193863558E1,-1.119372253E0,-1.958976288E0,-4.468657379E0,5.005944577E0
1.194857458E1,-9.045689392E-1,-1.934577026E0,-4.799768829E0,5.253438308E0
1.195851458E1,-9.171427917E-1,-1.779649200E0,-5.769751740E0,6.107236471E0
1.196845358E1,-4.592449951E-1,-1.974992981E0,-7.227270813E0,7.506327107E0
1.197839358E1,2.713856506E-1,-2.051783295E0,-8.210126953E0,8.466974043E0
1.198833258E1,1.551673279E0,-1.967508545E0,-8.452772369E0,8.816356422E0
1.199827158E1,3.513343964E0,-1.570084991E0,-8.590036926E0,9.412623815E0
1.200821158E1,5.065166931E0,-1.415606232E0,-8.128247223E0,9.681335650E0
1.201815058E1,5.444178772E0,-1.275497589E0,-7.119644623E0,9.052917549E0
1.202808958E1,4.831053772E0,-1.141526184E0,-5.771248627E0,7.612455142E0
1.203802958E1,4.420607300E0,-7.708969116E-1,-4.055516510E0,6.048410131E0
1.204796858E1,4.167184296E0,-2.439926147E-1,-2.861599274E0,5.060998691E0
1.205790858E1,4.050277405E0,-4.490661621E-3,-2.530338135E0,4.775707099E0
1.206784758E1,3.717519379E0,2.540217590E-1,-2.340832214E0,4.400451436E0
1.207778658E1,3.244952087E0,5.716612244E-1,-2.069895630E0,3.891141031E0
1.208772658E1,2.851420441E0,6.954537964E-1,-1.750160522E0,3.417208856E0
1.209766558E1,2.392175446E0,8.011340332E-1,-1.347647552E0,2.860152623E0
1.210760458E1,1.808539124E0,1.060394897E0,-1.065184937E0,2.351567573E0
1.211754458E1,1.433119812E0,1.197509766E0,-1.092577972E0,2.163697913E0
1.212748358E1,1.471140747E0,1.152902527E0,-1.318158875E0,2.287134048E0
1.213742258E1,1.610950012E0,9.355545044E-1,-1.698218536E0,2.520787252E0
1.214736258E1,1.880988464E0,8.710386658E-1,-2.110012207E0,2.957867048E0
1.215730158E1,2.290087738E0,7.676037598E-1,-2.676883392E0,3.605471131E0
1.216724158E1,2.642754364E0,4.890330505E-1,-3.231629791E0,4.203181540E0
1.217718058E1,2.815046082E0,2.317181396E-1,-3.544179840E0,4.532040211E0
1.218711958E1,2.738405457E0,1.118174744E-1,-3.391497345E0,4.360461195E0
1.219705958E1,2.274370422E0,1.176553345E-1,-2.704276428E0,3.535493543E0
1.220699858E1,1.457219696E0,2.508782959E-1,-1.726060638E0,2.272820822E0
1.221693758E1,9.586065674E-1,4.076023865E-1,-1.127305756E0,1.534889091E0
1.222687758E1,9.877958679E-1,2.833607483E-1,-1.483265533E0,1.804469627E0
1.223681658E1,7.173083496E-1,-7.216493225E-1,-4.401746521E0,4.517818218E0
1.224675658E1,-2.372266846E0,-2.636617126E0,-9.597142639E0,1.023154664E1
1.225669558E1,-9.908046112E0,-5.432203674E0,-1.209305237E1,1.655053262E1
1.226663458E1,-4.484644135E1,-1.653820862E1,-1.667307816E1,5.062318817E1
1.227657458E1,-8.055782913E1,-4.546944580E1,-8.896749115E0,9.293108458E1
1.228651358E1,-7.858837463E1,-2.875819702E1,8.796158295E0,8.414593825E1
1.229645258E1,-7.853553452E1,5.556295624E0,2.419658295E1,8.236611700E1
1.230639258E1,-6.905544846E1,1.052102142E1,3.629352722E1,7.871827597E1
1.231633158E1,5.717360687E0,-1.548829193E0,7.218828369E1,7.243090078E1
1.232627058E1,-1.569665863E1,-1.719025269E0,3.656416443E1,3.982810892E1
1.233621058E1,-3.264725967E1,3.661386108E-1,2.417023773E0,3.273865644E1
1.234614958E1,-1.670511154E1,-9.904902649E-1,-1.855092316E0,1.683695905E1
1.235608958E1,-6.178252258E0,-1.215023346E0,-2.574346619E0,6.802524767E0
1.236602858E1,-1.141226807E0,-7.044351196E-1,-3.387006683E0,3.642861751E0
1.237596758E1,1.174158325E0,-3.112028503E-1,-2.986739044E0,3.224299165E0
1.238590758E1,1.671573944E0,-4.320016479E-1,-2.604434052E0,3.124717844E0
1.239584658E1,1.589394836E0,-6.521937561E-1,-2.496508484E0,3.030525903E0
1.240578558E1,1.604363708E0,-6.827302551E-1,-2.665207672E0,3.184876049E0
1.241572558E1,1.750908966E0,-8.243357849E-1,-3.151995392E0,3.698687151E0
1.242566458E1,2.066003723E0,-1.043929138E0,-3.490142212E0,4.187989027E0
1.243560458E1,2.104024658E0,-1.391506348E0,-3.621868286E0,4.413744392E0
1.244554358E1,2.345173187E0,-1.785636749E0,-3.868555298E0,4.863543561E0
1.245548258E1,2.553539886E0,-2.177821198E0,-4.136348419E0,5.326617066E0
1.246542258E1,2.507884827E0,-2.574795685E0,-4.208348694E0,5.534370592E0
1.247536158E1,2.065704346E0,-2.787952423E0,-4.628524933E0,5.784726114E0
1.248530058E1,1.298250275E0,-2.190694427E0,-5.551804962E0,6.107956630E0
1.249524058E1,9.638456726E-1,-1.822310486E0,-6.561006317E0,6.877253658E0
1.250517958E1,1.105151825E0,-1.875899048E0,-7.800877991E0,8.099015695E0
1.251511858E1,1.719923401E0,-2.195185089E0,-8.363557892E0,8.816239260E0
1.252505858E1,2.346670074E0,-2.627186737E0,-8.315507812E0,9.030871540E0
1.253499758E1,2.373464355E0,-2.833008728E0,-8.483608246E0,9.253695498E0
1.254493758E1,2.161505127E0,-2.689606934E0,-9.158404999E0,9.786851996E0
1.255487658E1,2.620450745E0,-2.111658783E0,-9.075028381E0,9.678946484E0
1.256481558E1,3.035088501E0,-1.578467560E0,-8.401279449E0,9.071097973E0
1.257475558E1,2.991828461E0,-1.141675873E0,-7.570207672E0,8.219641448E0
1.258469458E1,2.898123322E0,-7.568261719E-1,-6.645281067E0,7.289147076E0
1.259463358E1,2.835852814E0,-3.727249146E-1,-5.508993988E0,6.207253805E0
1.260457358E1,2.869532776E0,-2.978805542E-2,-4.217928772E0,5.101571209E0
1.261451258E1,2.604134674E0,1.233435059E-1,-2.861748962E0,3.871219207E0
1.262445258E1,1.902244263E0,1.184037781E-1,-1.666933594E0,2.532038763E0
1.263439158E1,1.159937897E0,2.577639771E-1,-7.978408813E-1,1.431240114E0
1.264433058E1,1.382225647E0,4.234693909E-1,-2.567161560E-1,1.468256534E0
1.265427058E1,2.493664398E0,5.953120422E-1,-7.714956665E-1,2.677305385E0
1.266420958E1,2.353705444E0,6.143225098E-1,-7.379653931E-1,2.542029580E0
1.267414858E1,1.892215118E0,9.181906128E-1,-4.176315308E-2,2.103638804E0
1.268408858E1,1.846260681E0,1.168320465E0,2.068698120E-1,2.194640365E0
1.269402758E1,1.917512512E0,1.447340240E0,3.977229309E-1,2.435124542E0
1.270396658E1,1.869312744E0,1.692829742E0,3.588038635E-1,2.547301098E0
1.271390658E1,1.758842468E0,1.596130829E0,3.691323853E-1,2.403626254E0
1.272384558E1,1.770667877E0,1.177900543E0,4.131408691E-1,2.166425581E0
1.273378558E1,1.650617523E0,8.328680420E-1,4.882846069E-1,1.912231482E0
1.274372458E1,1.331930237E0,5.999523926E-1,6.218069458E-1,1.587647602E0
1.275366358E1,1.078956299E0,3.882925415E-1,6.119274902E-1,1.299758841E0
1.276360358E1,9.909393311E-1,6.526428223E-2,-5.851332092E-1,1.152649581E0
1.277354254E1,-1.649569702E-1,-7.960446167E-1,-5.083129578E0,5.147728056E0
1.278348154E1,-2.504891052E0,-1.502874756E0,-6.630611572E0,7.245558746E0
1.279342154E1,-7.546856232E0,-2.438578949E0,-7.463778992E0,1.089080819E1
1.280336054E1,-4.964635986E1,-1.225800934E1,-1.952434891E1,5.473773873E1
1.281330054E1,-8.079703171E1,-3.268438248E1,-1.201835770E1,8.798221475E1
1.282323954E1,-7.834333420E1,-2.361489258E1,7.609575806E0,8.217814070E1
1.283317854E1,-7.859855347E1,-2.037862244E0,1.273401947E1,7.964948676E1
1.284311854E1,-7.249065491E1,2.684367828E0,2.242771133E1,7.592827612E1
1.285305754E1,1.814526672E0,-1.295555878E0,7.258136627E1,7.261560233E1
1.286299654E1,-2.439851303E1,7.649093628E-2,2.864398453E1,3.762673436E1
1.287293654E1,-2.603520950E1,-8.333171082E-1,1.487905884E-1,2.604896716E1
1.288287554E1,-9.728868713E0,-2.794688416E-1,1.263372803E0,9.814535145E0
1.289281554E1,-5.371579742E0,2.278262329E-1,-2.978805542E-1,5.384654729E0
1.290275454E1,-2.136656799E0,7.430548096E-1,-1.036744080E0,2.488427418E0
1.291269354E1,-1.368154907E-1,1.001118164E0,-1.448837128E0,1.766376256E0
1.292263354E1,5.333409119E-1,7.982899475E-1,-1.607207794E0,1.872120793E0
1.293257254E1,1.066532135E0,2.829116821E-2,-1.653461609E0,1.967797367E0
1.294251154E1,1.214723969E0,-3.956272888E-1,-2.194436646E0,2.539217884E0
1.295245154E1,1.377136230E0,-6.685098267E-1,-2.765648804E0,3.161047752E0
1.296239054E1,1.503623199E0,-8.982820129E-1,-2.973566437E0,3.451070943E0
1.297232954E1,1.454674988E0,-9.848020935E-1,-2.681523743E0,3.205695567E0
1.298226954E1,1.275497589E0,-9.193881226E-1,-2.176623688E0,2.685118116E0
1.299220854E1,1.303040314E0,-8.198451233E-1,-1.814077606E0,2.379272504E0
1.300214854E1,1.216071167E0,-7.297325134E-1,-2.343975677E0,2.739627822E0
1.301208754E1,9.128018188E-1,-9.593550110E-1,-3.809577942E0,4.033169138E0
1.302202654E1,5.110372925E-1,-1.211879883E0,-5.129383392E0,5.295317361E0
1.303196654E1,-1.984872437E-1,-1.016835480E0,-5.707780609E0,5.801043963E0
1.304190554E1,3.682342529E-1,-9.907896423E-1,-6.618786163E0,6.702655508E0
1.305184454E1,1.080902252E0,-1.361119537E0,-8.057594147E0,8.242925422E0
1.306178454E1,1.190624084E0,-2.068398743E0,-9.396260376E0,9.694615419E0
1.307172354E1,1.844614105E0,-2.324067078E0,-9.921218719E0,1.035540776E1
1.308166354E1,2.865042114E0,-2.083068237E0,-8.730444946E0,9.421693508E0
1.309160254E1,3.172353058E0,-1.921554108E0,-7.570956116E0,8.430632872E0
1.310154154E1,3.465144196E0,-1.462758179E0,-7.024741974E0,7.968305063E0
1.311148154E1,3.127147064E0,-1.075513458E0,-6.380032654E0,7.186139062E0
1.312142054E1,2.831062775E0,-7.152127075E-1,-5.374124451E0,6.116180120E0
1.313135954E1,2.782563629E0,-3.661386108E-1,-4.125271454E0,4.989447104E0
1.314129954E1,2.593955841E0,-6.631210327E-2,-2.923121338E0,3.908662502E0
1.315123854E1,2.182910614E0,1.468446350E-1,-1.920506287E0,2.911186441E0
1.316117854E1,1.633852386E0,2.862048340E-1,-1.210682373E0,2.053567295E0
1.317111754E1,1.318158875E0,4.011657715E-1,-1.050515442E0,1.732645229E0
1.318105654E1,1.006357269E0,4.725672913E-1,-7.348219299E-1,1.332680782E0
1.319099654E1,6.107299805E-1,5.926176453E-1,-4.126918030E-1,9.457807921E-1
1.320093554E1,5.321434021E-1,5.854325867E-1,-1.766326904E-1,8.106213797E-1
1.321087454E1,1.213376770E0,4.999603271E-1,-3.830534363E-1,1.367104038E0
1.322081454E1,2.196083221E0,3.839515686E-1,-1.085093536E0,2.479441128E0
1.323075354E1,2.478695526E0,3.757186890E-1,-1.355730743E0,2.850105593E0
1.324069254E1,1.960473175E0,7.295828247E-1,-8.149053955E-1,2.244953668E0
1.325063254E1,1.293609924E0,1.122066650E0,-4.511618042E-1,1.770877516E0
1.326057154E1,8.491841125E-1,1.048569489E0,-4.748126221E-1,1.430405067E0
1.327051154E1,7.683522034E-1,6.854246521E-1,-2.353106689E-1,1.056192773E0
1.328045054E1,9.247769165E-1,5.466632080E-1,-2.724334717E-1,1.108274788E0
1.329038954E1,1.053359528E0,3.511697388E-1,-6.520440674E-1,1.287652106E0
1.330032954E1,6.765930176E-1,-1.603166199E-1,-1.912423096E0,2.034905803E0
1.331026854E1,-9.297166443E-1,-1.356778564E0,-5.166655884E0,5.422135569E0
1.332020754E1,-5.181774445E0,-3.080743561E0,-7.882458344E0,9.923452868E0
1.333014754E1,-1.221280334E1,-5.851032715E0,-8.286318512E0,1.587608969E1
1.334008654E1,-4.953109955E1,-1.889820099E1,-5.040468292E0,5.325296371E1
1.335002654E1,-8.095375580E1,-5.125281921E1,1.062909668E1,9.640196965E1
1.335996554E1,-7.865109421E1,-3.903283081E1,2.167821991E1,9.044059774E1
1.336990454E1,-7.879719040E1,-9.684860229E0,3.556304626E1,8.699151678E1
1.337984454E1,-6.767921036E1,-9.126521301E-1,5.188465530E1,8.528379626E1
1.338978354E1,-2.540501999E1,-3.409160614E0,6.460430466E1,6.950362291E1
1.339972254E1,-2.685056396E1,-2.949167175E0,2.185500229E1,3.474610046E1
1.340966254E1,-2.344828903E1,-2.983595581E0,1.410666504E0,2.367940204E1
1.341960154E1,-1.263103363E1,-2.646346893E0,-2.918930054E-2,1.290530955E1
1.342954154E1,-7.222031708E0,-1.647174683E0,-1.039438477E0,7.480064089E0
1.343948054E1,-3.527564392E0,-3.848497009E-1,-1.431922302E0,3.826515558E0
1.344941954E1,-1.439855804E0,3.134481812E-1,-1.598226471E0,2.173881863E0
1.345935954E1,-8.711883545E-2,9.490264893E-2,-1.918560333E0,1.922880640E0
1.346929854E1,4.543052673E-1,-4.457730103E-1,-2.343526611E0,2.428420028E0
1.347923754E1,3.086581421E-1,-9.138496399E-1,-3.282523956E0,3.421308892E0
1.348917754E1,3.644920349E-1,-1.222657471E0,-4.031416626E0,4.228482677E0
1.349911654E1,4.849914551E-1,-1.234931946E0,-3.687282257E0,3.918714594E0
1.350905654E1,4.156855774E-1,-1.026714935E0,-3.363355865E0,3.541059267E0
1.351899554E1,2.418969727E-1,-1.180744629E0,-4.418661346E0,4.580091715E0
1.352893454E1,-2.215393066E-2,-1.553170166E0,-5.469326477E0,5.685627536E0
1.353887454E1,-6.813830566E-1,-1.611698456E0,-5.980663147E0,6.231387202E0
1.354881354E1,-1.530866547E0,-1.293160858E0,-6.027815094E0,6.352194282E0
1.355875254E1,-1.331630859E0,-1.003213806E0,-5.441484375E0,5.691171311E0
1.356869254E1,-4.501139832E-1,-1.053359528E0,-5.137765961E0,5.263915649E0
1.357863154E1,5.897735596E-1,-1.052311707E0,-6.031707001E0,6.151152910E0
1.358857154E1,1.741478577E0,-9.099577332E-1,-7.328161011E0,7.587009589E0
1.359851054E1,2.543510742E0,-5.242098999E-1,-7.988737335E0,8.400248040E0
1.360844954E1,3.099754028E0,-3.203338623E-1,-8.733588409E0,9.272898971E0
1.361838954E1,2.801723785E0,-7.502398682E-1,-9.851912842E0,1.026999039E1
1.362832854E1,3.258274384E0,-1.321302338E0,-8.889863434E0,9.559909189E0
1.363826754E1,4.608915710E0,-7.171586609E-1,-6.078709259E0,7.662057611E0
1.364820754E1,4.366120605E0,-3.207829285E-1,-4.697830811E0,6.421489325E0
1.365814654E1,4.125570831E0,-2.619552612E-2,-3.755839691E0,5.579189249E0
1.366808654E1,3.526965637E0,1.393601990E-1,-2.882106628E0,4.556911947E0
1.367802554E1,2.919977875E0,3.183879089E-1,-2.037712555E0,3.574900573E0
1.368796454E1,2.371368713E0,6.014492798E-1,-1.319955139E0,2.779822365E0
1.369790454E1,1.936972046E0,8.288264465E-1,-7.948471069E-1,2.251798372E0
1.370784354E1,1.434467010E0,1.078207855E0,-1.706451416E-1,1.802594671E0
1.371778254E1,8.515791321E-1,1.442250824E0,1.655557251E-1,1.683057680E0
1.372772254E1,5.968089294E-1,1.685944061E0,3.891906738E-2,1.788883163E0
1.373766154E1,5.370831299E-1,1.770069122E0,-2.092648315E-1,1.861557078E0
1.374760154E1,5.945635986E-1,1.536255341E0,-4.085005188E-1,1.697191509E0
1.375754054E1,7.412585449E-1,1.189127197E0,-5.929170227E-1,1.521524997E0
1.376747954E1,8.494834900E-1,9.699829102E-1,-8.158035278E-1,1.525786499E0
1.377741992E1,8.613088989E-1,7.955955505E-1,-1.056203613E0,1.578097390E0
1.378735892E1,7.328759766E-1,5.806425476E-1,-1.315913544E0,1.614274270E0
1.379729792E1,5.402265930E-1,3.701802063E-1,-1.384920044E0,1.531953552E0
1.380723792E1,4.496649170E-1,3.056643677E-1,-1.097218323E0,1.224547790E0
1.381717692E1,6.454577637E-1,1.336720276E-1,-1.288969574E0,1.447731501E0
1.382711692E1,1.207538910E0,-7.213499451E-1,-4.021387482E0,4.260287929E0
1.383705592E1,-2.718496857E0,-3.695515137E0,-9.963131561E0,1.096863929E1
1.384699492E1,-1.678324905E1,-1.030576904E1,-1.321092773E1,2.371528908E1
1.385693492E1,-6.127043747E1,-3.366993301E1,-8.834628296E0,7.046830177E1
1.386687392E1,-8.108623032E1,-6.940572006E1,2.397908524E1,1.093943657E2
1.387681292E1,-7.873312363E1,-4.013184540E1,4.150778412E1,9.763383590E1
1.388675292E1,-7.809934158E1,-8.953630829E0,7.150001495E1,1.062634782E2
1.389669192E1,-5.140999237E1,-1.006417145E1,7.603722977E1,9.233599067E1
1.390663192E1,-2.876717834E1,-5.287155304E0,4.427163666E1,5.306111923E1
1.391657092E1,-2.392459854E1,-4.248315582E0,1.372720413E1,2.790825566E1
1.392650992E1,-1.454225922E1,-4.217030640E0,3.642225952E0,1.557326107E1
1.393644992E1,-9.893526306E0,-3.138074341E0,-2.408491516E-1,1.038207020E1
1.394638892E1,-5.743107147E0,-2.106569366E0,-2.206711121E0,6.503113729E0
1.395632792E1,-2.601140900E0,-1.095571747E0,-2.811603241E0,3.983883058E0
1.396626792E1,-7.334747314E-1,-5.957611084E-1,-3.199446716E0,3.336071907E0
1.397620692E1,-2.089654541E-1,-8.312214661E-1,-4.173471222E0,4.260570118E0
1.398614692E1,-6.656657410E-1,-1.393302612E0,-4.970713348E0,5.205035470E0
1.399608592E1,-1.157093811E0,-1.566791840E0,-5.279820557E0,5.627628974E0
1.400602492E1,-6.533912659E-1,-1.679657135E0,-5.259313202E0,5.559545269E0
1.401596492E1,-8.891510010E-2,-1.719474335E0,-5.176984406E0,5.455791915E0
1.402590392E1,-2.418969727E-1,-1.696571960E0,-5.241200867E0,5.514259432E0
1.403584292E1,-5.610333252E-1,-1.707499237E0,-4.987478485E0,5.301438831E0
1.404578292E1,-1.390458527E0,-1.771715698E0,-5.049748993E0,5.529223844E0
1.405572192E1,-2.792892151E0,-1.787133636E0,-5.588329010E0,6.497962321E0
1.406566192E1,-3.600911865E0,-1.906734924E0,-6.615343323E0,7.769489791E0
1.407560092E1,-2.972817993E0,-1.987117767E0,-7.352560272E0,8.175966389E0
1.408553992E1,-1.391955414E0,-1.671274567E0,-7.920179901E0,8.213400527E0
1.409547992E1,7.885601807E-1,-1.239721985E0,-8.767867126E0,8.890119893E0
1.410541892E1,2.674638062E0,-8.276289368E-1,-9.720785522E0,1.011594433E1
1.411535792E1,4.750820618E0,-5.114863586E-1,-1.050171158E1,1.153767138E1
1.412529792E1,6.340664520E0,-5.324427795E-1,-8.719517670E0,1.079432769E1
1.413523692E1,6.402635651E0,-7.182064819E-1,-6.291566620E0,9.005185970E0
1.414517692E1,5.345084839E0,-3.748205566E-1,-4.147724762E0,6.775990192E0
1.415511592E1,3.999981995E0,2.993774414E-2,-3.037333832E0,5.022563990E0
1.416505492E1,3.291804657E0,1.836680603E-1,-3.253334656E0,4.631835299E0
1.417499492E1,2.848875732E0,4.831951904E-1,-3.080294495E0,4.223480165E0
1.418493392E1,2.442321167E0,1.036744080E0,-2.227667542E0,3.464429772E0
1.419487292E1,2.050735474E0,1.471739502E0,-1.641785889E0,3.011144973E0
1.420481292E1,1.628313904E0,1.604812775E0,-1.412462769E0,2.687355816E0
1.421475192E1,1.286873932E0,1.620380402E0,-1.311722260E0,2.449957642E0
1.422469192E1,7.711962891E-1,1.688638458E0,-1.052461395E0,2.133991225E0
1.423463092E1,3.803590393E-1,1.613345032E0,-5.944139099E-1,1.760932448E0
1.424456992E1,3.531156921E-1,1.364861755E0,-4.240681458E-1,1.472199747E0
1.425450992E1,6.014492798E-1,1.181493073E0,-6.701564026E-1,1.485522373E0
1.426444892E1,1.244212646E0,1.106199646E0,-1.063837738E0,1.975726069E0
1.427438792E1,2.068548431E0,9.659413147E-1,-1.583706665E0,2.778499962E0
1.428432792E1,2.882855072E0,9.089099121E-1,-1.833836517E0,3.535523577E0
1.429426692E1,2.813249817E0,7.231462097E-1,-1.297801208E0,3.181446676E0
1.430420592E1,2.060465240E0,4.698728943E-1,-4.797523499E-1,2.167131713E0
1.431414592E1,1.309776306E0,3.031196594E-1,-6.556365967E-2,1.345991862E0
1.432408492E1,8.084687805E-1,3.532653809E-1,2.460882568E-1,9.159572198E-1
1.433402492E1,8.520281982E-1,3.882925415E-1,7.292834473E-1,1.186835075E0
1.434396392E1,1.207688599E0,-3.573069763E-1,4.519102478E-1,1.338059378E0
1.435390292E1,6.557862854E-1,-1.200802917E0,-6.032455444E-2,1.369533625E0
1.436384292E1,-2.680924988E-1,-1.422192535E0,-1.580413513E0,2.142944719E0
1.437378192E1,-4.055516510E0,-2.522254944E0,-5.451214142E0,7.247394000E0
1.438372192E1,-5.019751373E1,-1.669657928E1,-1.798360291E1,5.587464647E1
1.439366092E1,-8.145431488E1,-5.549409943E1,5.191204834E0,9.869827299E1
1.440359992E1,-7.866920654E1,-5.293621857E1,3.936379257E1,1.026674021E2
1.441353992E1,-7.796043045E1,-2.313049988E1,4.699971359E1,9.392455386E1
1.442347892E1,-5.365262878E1,-5.556595001E0,4.663387436E1,7.130356626E1
1.443341792E1,-3.314557343E1,-4.428241425E0,2.885280029E1,4.416698365E1
1.444335792E1,-2.570499619E1,-4.116739197E0,5.432652740E0,2.659338426E1
1.445329692E1,-1.376836853E1,-3.087778931E0,2.264790344E-1,1.411218068E1
1.446323692E1,-5.777834930E0,-2.007924500E0,-1.950294342E0,6.420185768E0
1.447317592E1,-1.390458527E0,-7.298822021E-1,-3.255130920E0,3.614136170E0
1.448311492E1,6.623725891E-1,-1.781295776E-1,-3.379821625E0,3.448718865E0
1.449305492E1,1.123713226E0,-3.716770935E-1,-3.468736725E0,3.665107058E0
1.450299392E1,8.669970703E-1,-9.223818970E-1,-3.510200500E0,3.731484937E0
1.451293292E1,4.037104797E-1,-1.187630310E0,-3.181484070E0,3.419837539E0
1.452287292E1,3.257226562E-1,-1.272653503E0,-3.142864380E0,3.406367376E0
1.453281192E1,5.376818848E-1,-1.445394287E0,-3.529510345E0,3.851715168E0
1.454275192E1,6.676116943E-1,-1.526675262E0,-3.737427979E0,4.092042354E0
1.455269092E1,6.014492798E-1,-1.468745728E0,-3.876937866E0,4.189224566E0
1.456262992E1,1.661544800E-1,-1.343156891E0,-4.223317566E0,4.434871927E0
1.457256992E1,-8.460406494E-1,-1.122366028E0,-4.569846954E0,4.781107766E0
1.458250892E1,-2.219734039E0,-8.238867188E-1,-4.702920227E0,5.265307892E0
1.459244792E1,-3.234623566E0,-7.637118530E-1,-5.184618530E0,6.158434437E0
1.460238792E1,-3.290457458E0,-8.798703003E-1,-6.433172150E0,7.279216025E0
1.461232692E1,-2.029180298E0,-6.577322388E-1,-7.940387878E0,8.221918513E0
1.462226692E1,4.396357727E-1,-2.371069336E-1,-8.870104523E0,8.884157448E0
1.463220592E1,3.218157806E0,2.799179077E-1,-9.232051849E0,9.780883143E0
1.464214492E1,5.234764252E0,6.319857788E-1,-8.330776062E0,9.859208517E0
1.465208492E1,6.215973816E0,7.213499451E-1,-6.737189941E0,9.195020638E0
1.466202392E1,6.281387787E0,3.339555359E-1,-5.251230011E0,8.194069530E0
1.467196292E1,5.436544647E0,1.670526123E-1,-4.194876709E0,6.868836501E0
1.468190292E1,4.222868500E0,3.198847961E-1,-3.875740356E0,5.740758483E0
1.469184192E1,3.293301544E0,2.158511353E-1,-4.092190247E0,5.257228147E0
1.470178192E1,2.862647095E0,1.312770081E-1,-4.014052734E0,4.931997708E0
1.471172092E1,2.566113739E0,3.511697388E-1,-3.076402588E0,4.021506284E0
1.472165992E1,2.074535980E0,6.068380737E-1,-1.861379242E0,2.852487452E0
1.473159992E1,1.448687439E0,8.604107666E-1,-1.002615051E0,1.960673079E0
1.474153892E1,9.448352051E-1,1.166524200E0,-4.146377563E-1,1.557374953E0
1.475147792E1,6.864724731E-1,1.325792999E0,-1.716929626E-1,1.502814029E0
1.476141792E1,4.631369019E-1,1.360820160E0,-2.736309814E-1,1.463284392E0
1.477135692E1,2.718347168E-1,1.200952606E0,-2.312690735E-1,1.252863384E0
1.478129608E1,3.842509460E-1,1.001417542E0,-1.924996948E-1,1.089744013E0
1.479123508E1,7.467970276E-1,8.675958252E-1,-3.885919189E-1,1.208897016E0
1.480117408E1,1.249451752E0,6.851252747E-1,-8.596623230E-1,1.664195190E0
1.481111408E1,1.619482269E0,4.535568237E-1,-1.073268127E0,1.995079218E0
1.482105308E1,1.801952820E0,2.579136658E-1,-8.746311951E-1,2.019537856E0
1.483099208E1,1.799857178E0,1.432521057E-1,-5.153782654E-1,1.877663916E0
1.484093208E1,1.707948303E0,1.630110168E-1,-2.366578674E-1,1.731954660E0
1.485087108E1,1.676663361E0,1.592687988E-1,-3.805087280E-1,1.726659627E0
1.486081108E1,1.309925995E0,-1.649569702E-1,-1.158441010E0,1.756445982E0
1.487075008E1,5.237608337E-1,-1.707648926E0,-2.275567932E0,2.892853207E0
1.488068908E1,-1.493893433E-1,-2.407743073E0,-4.647984467E0,5.236726409E0
1.489062908E1,-5.793252869E0,-4.584666138E0,-8.222850494E0,1.105423958E1
1.490056808E1,-3.336381958E1,-1.546568893E1,-1.508473114E1,3.974771823E1
1.491050708E1,-7.898160690E1,-5.417758713E1,4.281396790E0,9.587301776E1
1.492044708E1,-7.942199112E1,-5.340130142E1,2.191891937E1,9.818345428E1
1.493038608E1,-7.849676514E1,-5.104984131E0,4.480213348E1,9.052642799E1
1.494032608E1,-5.691299881E1,9.431287537E0,7.741421631E1,9.654532358E1
1.495026508E1,-4.241504745E1,-2.580932922E0,6.466373108E1,7.737632443E1
1.496020408E1,-4.601206741E1,-1.374292145E0,1.871632919E1,4.969205173E1
1.497014408E1,-2.716012024E1,-1.427431641E0,-9.321116638E-1,2.721357243E1
1.498008308E1,-1.244497055E1,-2.014061737E0,-2.780917053E0,1.290996655E1
1.499002208E1,-4.494703217E0,-1.284628601E0,-2.946921844E0,5.526027145E0
1.499996208E1,-6.004014587E-1,-4.328997803E-1,-2.965034180E0,3.056028766E0
1.500990108E1,8.842112732E-1,-1.231938171E-1,-2.615061951E0,2.763250857E0
1.501984108E1,1.382974091E0,-6.381230164E-1,-2.803669739E0,3.190671140E0
1.502978008E1,1.463656311E0,-1.019978943E0,-3.398383026E0,3.838183689E0
1.503971908E1,1.334025879E0,-1.004111938E0,-3.497626648E0,3.875726770E0
1.504965908E1,1.178948364E0,-8.696914673E-1,-2.941083984E0,3.285765892E0
1.505959808E1,9.569599915E-1,-7.934999084E-1,-2.908302155E0,3.162852502E0
1.506953708E1,7.934999084E-1,-1.118174744E0,-4.253704376E0,4.469223398E0
1.507947708E1,3.549119568E-1,-1.494342499E0,-5.450765076E0,5.663025862E0
1.508941608E1,-2.427951050E-1,-1.732796631E0,-6.250102844E0,6.490402082E0
1.509935608E1,-9.190887451E-1,-1.699715424E0,-6.611750793E0,6.888323831E0
1.510929508E1,-1.814975739E0,-1.564995575E0,-6.329587555E0,6.768088851E0
1.511923408E1,-2.562521210E0,-1.872456207E0,-6.357579346E0,7.105731654E0
1.512917408E1,-2.252964935E0,-2.461032257E0,-7.232060852E0,7.964623967E0
1.513911308E1,-1.033450928E0,-2.359992371E0,-9.247469788E0,9.599650112E0
1.514905208E1,1.458417206E0,-1.328337708E0,-9.812395020E0,1.000872409E1
1.515899208E1,3.142115936E0,-5.728587341E-1,-9.668244781E0,1.018214206E1
1.516893108E1,4.254752197E0,-2.381547546E-1,-8.632398834E0,9.626938432E0
1.517887108E1,4.896467743E0,-1.947450256E-1,-6.593788147E0,8.215312782E0
1.518881008E1,4.762346649E0,-2.948867798E-2,-5.460494843E0,7.245537876E0
1.519874908E1,3.558400269E0,-3.921844482E-2,-5.357509003E0,6.431691323E0
1.520868908E1,2.846929779E0,-8.008346558E-2,-4.500690765E0,5.326128040E0
1.521862808E1,2.878663788E0,3.821553040E-1,-3.162772980E0,4.293702458E0
1.522856708E1,2.846780090E0,9.294172668E-1,-2.334245911E0,3.796929985E0
1.523850708E1,2.564018097E0,1.313817902E0,-2.045047302E0,3.533061668E0
1.524844608E1,2.076332245E0,1.513053589E0,-1.827699280E0,3.152930607E0
1.525838608E1,1.528471527E0,1.454375610E0,-1.569635925E0,2.629674992E0
1.526832508E1,1.052012329E0,1.302291870E0,-1.158441010E0,2.035848626E0
1.527826408E1,6.611750793E-1,1.216819611E0,-6.801855469E-1,1.542872266E0
1.528820408E1,7.089257812E-1,1.189875641E0,-3.832031250E-1,1.437088877E0
1.529814308E1,1.045426025E0,1.065184937E0,-4.914280701E-1,1.571316668E0
1.530808208E1,1.546434174E0,1.027164001E0,-8.898994446E-1,2.058748542E0
1.531802208E1,2.207609253E0,9.827064514E-1,-1.120270386E0,2.663504519E0
1.532796108E1,2.651436310E0,9.433383179E-1,-1.394350433E0,3.140734758E0
1.533790108E1,2.555934906E0,9.244775391E-1,-1.150357819E0,2.951403916E0
1.534784008E1,2.102976837E0,8.126600647E-1,-5.442681885E-1,2.319300718E0
1.535777908E1,1.782792664E0,6.959028625E-1,4.071533203E-2,1.914233061E0
1.536771908E1,1.534758453E0,5.385800171E-1,1.164578247E-1,1.630679113E0
1.537765808E1,1.090033264E0,2.161505127E-1,-9.535171509E-2,1.115340984E0
1.538759708E1,2.564167786E-1,-7.261399841E-1,1.679507446E-1,7.881854436E-1
1.539753708E1,2.320175171E-2,-1.204545135E0,-4.352947998E-1,1.280995264E0
1.540747608E1,-5.574407959E-1,-1.533710632E0,-2.445913696E0,2.940323512E0
1.541741608E1,-6.433920593E0,-3.779789886E0,-6.347400513E0,9.796511576E0
1.542735508E1,-4.340044830E1,-1.621952133E1,-1.393212799E1,4.838156648E1
1.543729408E1,-8.058447372E1,-4.724250870E1,6.790030060E0,9.365797639E1
1.544723408E1,-7.875063721E1,-3.241853531E1,2.096495316E1,8.770492320E1
1.545717308E1,-7.859900253E1,1.930834808E0,4.790637817E1,9.206819425E1
1.546711208E1,-5.293217697E1,4.834346924E0,7.785879181E1,9.427182894E1
1.547705208E1,-4.359399582E1,-1.010698242E0,5.116540100E1,6.722615742E1
1.548699108E1,-4.053555588E1,-1.299896851E0,8.598868561E0,4.145794933E1
1.549693108E1,-1.881871628E1,-1.662442932E0,-1.386267242E0,1.894279641E1
1.550687008E1,-7.683372345E0,-1.534608765E0,-1.906435547E0,8.063729357E0
1.551680908E1,-2.804268494E0,-5.219645691E-1,-3.023861847E0,4.156935081E0
1.552674908E1,-4.370910645E-1,2.294728088E-1,-2.812800751E0,2.855793135E0
1.553668808E1,9.455836487E-1,6.197113037E-2,-2.722239075E0,2.882456320E0
1.554662708E1,1.630110168E0,-5.921685791E-1,-3.040028229E0,3.499956345E0
1.555656708E1,1.883832550E0,-8.768765259E-1,-3.609144745E0,4.164572404E0
1.556650608E1,1.894759827E0,-1.012045441E0,-3.577710114E0,4.173051693E0
1.557644608E1,1.592238922E0,-1.079255676E0,-3.011437683E0,3.573342206E0
1.558638508E1,1.293609924E0,-1.160386963E0,-3.281326447E0,3.713088713E0
1.559632408E1,8.529263306E-1,-1.622925110E0,-4.355792084E0,4.725917256E0
1.560626408E1,1.661544800E-2,-2.149380341E0,-5.165757751E0,5.595101882E0
1.561620308E1,-5.200186157E-1,-2.446063385E0,-5.690117340E0,6.215390638E0
1.562614208E1,-1.368753662E0,-1.910626831E0,-6.126459961E0,6.561820870E0
1.563608208E1,-1.986369324E0,-1.799258423E0,-7.252119141E0,7.731508649E0
1.564602108E1,-9.586065674E-1,-2.186652832E0,-8.711135101E0,9.032400119E0
1.565596108E1,6.830296326E-1,-2.169738007E0,-1.021161484E1,1.046190088E1
1.566590008E1,2.023043060E0,-1.850302277E0,-1.107576782E1,1.141003745E1
1.567583908E1,3.040177917E0,-2.040856018E0,-1.118773499E1,1.177171139E1
1.568577908E1,3.789669342E0,-2.439028015E0,-1.250290009E1,1.329033340E1
1.569571808E1,4.757556610E0,-2.008223877E0,-1.158890076E1,1.268739251E1
1.570565708E1,5.613925781E0,-1.047222290E0,-8.308023376E0,1.008147259E1
1.571559708E1,4.825814667E0,-4.692741394E-1,-6.068680115E0,7.767727065E0
1.572553608E1,4.165537720E0,9.190887451E-2,-4.173321533E0,5.897182747E0
1.573547608E1,3.742517395E0,1.230441284E-1,-2.744692383E0,4.642726848E0
1.574541508E1,3.304677887E0,3.270698547E-1,-1.914219360E0,3.833028357E0
1.575535408E1,2.481539612E0,5.620811462E-1,-1.239721985E0,2.830350625E0
1.576529408E1,1.460213470E0,1.310524750E0,-5.628295898E-1,2.041194662E0
1.577523342E1,7.158114624E-1,2.225721588E0,-2.914439392E-1,2.356090450E0
1.578517242E1,5.571414185E-1,2.597398682E0,-6.474037170E-1,2.734230796E0
1.579511242E1,7.343728638E-1,2.836152191E0,-1.065184937E0,3.117319634E0
1.580505142E1,1.087039490E0,2.786006470E0,-1.279539185E0,3.252799936E0
1.581499142E1,1.260977783E0,2.580783234E0,-1.354832611E0,3.175858699E0
1.582493042E1,1.274599457E0,2.087858276E0,-1.288819885E0,2.764925434E0
1.583486942E1,1.184037781E0,1.665885773E0,-1.039139099E0,2.292799804E0
1.584480942E1,1.058448944E0,1.357527008E0,-6.725514221E-1,1.848112323E0
1.585474842E1,7.220983887E-1,9.087602234E-1,-2.258802795E-1,1.182494451E0
1.586468742E1,3.558100891E-1,5.063969421E-1,2.104623413E-1,6.537071819E-1
1.587462742E1,1.404080200E-1,2.393522644E-1,3.900888062E-1,4.787203727E-1
1.588456642E1,3.457809448E-2,9.400451660E-2,4.282594299E-1,4.398165903E-1
1.589450642E1,4.610412598E-2,1.833686829E-1,5.893244934E-1,6.189127748E-1
1.590444542E1,-8.876541138E-2,2.306703186E-1,1.133892059E0,1.160516823E0
1.591438442E1,-1.856140137E-1,7.080276489E-2,1.468745728E0,1.482119970E0
1.592432442E1,-2.142045593E-1,-3.842509460E-1,1.798959045E0,1.851968150E0
1.593426342E1,2.974314880E-1,-5.287005615E-1,-4.370910645E-2,6.081942616E-1
1.594420242E1,-6.524931335E-1,-8.089178467E-1,-1.098266144E0,1.512046261E0
1.595414242E1,-1.944306793E0,-6.954537964E-1,-1.413360901E0,2.502313714E0
1.596408142E1,-4.650633957E1,-1.043016037E1,-1.205368423E1,4.916217214E1
1.597402142E1,-8.113098724E1,-2.300236633E1,-1.817565353E1,8.626529041E1
1.598396042E1,-7.806371567E1,-2.568778198E1,-8.039182434E0,8.257381123E1
1.599389942E1,-7.863358063E1,-2.048415298E1,1.776385986E1,8.317689128E1
1.600383942E1,-5.598657532E1,-3.270848236E0,4.796565491E1,7.379633537E1
1.601377842E1,-2.299727692E1,4.760101318E-2,3.802826981E1,4.444126816E1
1.602371742E1,-1.659119843E1,-1.610351257E0,5.877677307E0,1.767507247E1
1.603365742E1,-9.876162415E0,-1.519041138E0,-7.059320068E-1,1.001720570E1
1.604359642E1,-5.163961487E0,-1.404828644E0,-3.598816223E0,6.449148778E0
1.605353642E1,-2.710713043E0,-8.210426331E-1,-4.389472046E0,5.223939227E0
1.606347542E1,-8.698411560E-1,-6.373745728E-1,-3.764072571E0,3.915496431E0
1.607341442E1,2.320175171E-2,-1.130149841E0,-3.156785431E0,3.353068929E0
1.608335442E1,1.631607056E-2,-1.700014801E0,-2.974464569E0,3.426040865E0
1.609329342E1,-1.511856079E-1,-1.787283325E0,-2.680326233E0,3.225118213E0
1.610323242E1,-2.275268555E-1,-1.680255890E0,-2.386337585E0,2.927393960E0
1.611317242E1,-1.559756470E-1,-1.767674103E0,-2.864892426E0,3.369956787E0
1.612311142E1,-7.200027466E-2,-1.730401611E0,-3.264561310E0,3.695515434E0
1.613305142E1,-1.255888367E-1,-1.640438690E0,-3.661835175E0,4.014454944E0
1.614299042E1,-3.029699707E-1,-1.591939545E0,-3.979175262E0,4.296498352E0
1.615292942E1,-5.266049194E-1,-1.458716583E0,-4.074077911E0,4.359274898E0
1.616286942E1,-8.159532166E-1,-1.374741211E0,-4.074377289E0,4.376784589E0
1.617280842E1,-1.116977234E0,-1.265318756E0,-4.274361420E0,4.595523391E0
1.618274742E1,-1.056652679E0,-1.317260742E0,-4.528383179E0,4.833005789E0
1.619268742E1,-3.659889221E-1,-1.348246307E0,-5.205574951E0,5.389779826E0
1.620262642E1,9.141490173E-1,-9.812095642E-1,-6.199807434E0,6.343189486E0
1.621256642E1,2.528242493E0,-4.007167053E-1,-7.248676300E0,7.687385257E0
1.622250542E1,4.281097412E0,-2.499801636E-2,-7.658224640E0,8.773643746E0
1.623244442E1,5.188809814E0,-4.894821167E-2,-6.975494385E0,8.693886653E0
1.624238442E1,5.048551483E0,-4.234693909E-1,-5.342989197E0,7.363065392E0
1.625232342E1,4.055366821E0,-4.767585754E-1,-4.253554688E0,5.896272235E0
1.626226242E1,3.094065857E0,-2.395019531E-2,-3.760330353E0,4.869692136E0
1.627220242E1,2.679727478E0,2.661465454E-1,-3.225642242E0,4.201968731E0
1.628214142E1,2.406994629E0,3.421884155E-1,-2.966082001E0,3.835147779E0
1.629208142E1,2.137704620E0,3.101550293E-1,-2.673141174E0,3.436809701E0
1.630202042E1,1.941462708E0,4.408332825E-1,-2.337838440E0,3.070683963E0
1.631195942E1,1.551972656E0,8.312214661E-1,-1.905238037E0,2.594124174E0
1.632189942E1,1.128952332E0,1.264720001E0,-1.686093750E0,2.391016977E0
1.633183842E1,7.830216980E-1,1.595831451E0,-1.686842194E0,2.450558628E0
1.634177742E1,5.792953491E-1,1.742376709E0,-1.800605621E0,2.571699886E0
1.635171742E1,6.439608765E-1,1.694176941E0,-2.140249329E0,2.804565618E0
1.636165642E1,5.634283447E-1,1.596879272E0,-2.112107849E0,2.707115527E0
1.637159642E1,5.466632080E-1,1.378034363E0,-1.820963287E0,2.348132590E0
1.638153542E1,7.249424744E-1,1.151106262E0,-1.738784180E0,2.207704156E0
1.639147442E1,7.779322815E-1,8.722361755E-1,-1.488804016E0,1.892752487E0
1.640141442E1,8.586145020E-1,6.083349609E-1,-1.214574280E0,1.607009947E0
1.641135342E1,9.288185120E-1,4.986131287E-1,-1.112187195E0,1.532409618E0
1.642129242E1,9.595046997E-1,3.486250305E-1,-1.067430267E0,1.477022700E0
1.643123242E1,9.183403015E-1,-7.574249268E-2,-1.565294952E0,1.816379399E0
1.644117142E1,1.390608215E-1,-1.154399414E0,-3.618874512E0,3.801082563E0
1.645111142E1,-1.521136780E0,-1.959275665E0,-5.598358154E0,6.123253405E0
1.646105042E1,-8.606053619E0,-4.911586304E0,-8.111332397E0,1.280552819E1
1.647098942E1,-3.713597534E1,-1.680794769E1,-1.235560638E1,4.259399934E1
1.648092942E1,-7.863971786E1,-4.903577957E1,6.027665405E0,9.287112390E1
1.649086842E1,-7.951360062E1,-5.663772125E1,2.066497696E1,9.978619857E1
1.650080742E1,-7.760312347E1,-1.732108063E1,3.268273590E1,8.596758594E1
1.651074742E1,-5.750666428E1,1.137080429E1,6.366470856E1,8.654193632E1
1.652068642E1,-3.978845947E1,2.042352905E0,6.531861923E1,7.651022632E1
1.653062642E1,-4.268927719E1,1.483265533E0,2.742087799E1,5.075902889E1
1.654056542E1,-2.852064102E1,8.087681580E-1,5.678890686E0,2.909176635E1
1.655050442E1,-1.507724670E1,-1.063538361E0,-4.532574463E-1,1.512150536E1
1.656044442E1,-8.087382202E0,-1.133592682E0,-1.056502991E0,8.234499488E0
1.657038342E1,-4.123624878E0,-5.508544922E-1,-1.591789856E0,4.454381860E0
1.658032242E1,-1.576671295E0,-1.100212097E-1,-1.766925659E0,2.370658838E0
1.659026242E1,-1.324745178E-1,2.634521484E-2,-1.365759888E0,1.372422544E0
1.660020142E1,3.799099731E-1,-2.466870117E-1,-1.289718018E0,1.366952316E0
1.661014142E1,3.126997375E-1,-4.501139832E-1,-1.500629425E0,1.597583298E0
1.662008042E1,1.833686829E-1,-6.369255066E-1,-1.844314728E0,1.959794630E0
1.663001942E1,-2.173480225E-1,-7.732919312E-1,-2.070195007E0,2.220569283E0
1.663995942E1,-5.686674500E-1,-8.348139954E-1,-2.237247620E0,2.454704460E0
1.664989842E1,-7.198530579E-1,-9.398954773E-1,-2.412682800E0,2.687495159E0
1.665983742E1,-6.276448059E-1,-1.105002136E0,-2.968027954E0,3.228646413E0
1.666977742E1,-7.411088562E-1,-1.156045990E0,-3.379671936E0,3.647994937E0
1.667971642E1,-9.324110413E-1,-1.184187469E0,-3.776047668E0,4.065738101E0
1.668965642E1,-1.324894867E0,-1.147214355E0,-4.329746246E0,4.670990232E0
1.669959542E1,-1.343007202E0,-9.686357117E-1,-4.925657043E0,5.196539310E0
1.670953442E1,-6.050418091E-1,-9.297166443E-1,-5.041815491E0,5.162397899E0
1.671947442E1,7.304809570E-2,-8.987310791E-1,-5.041965179E0,5.121959239E0
1.672941342E1,8.038284302E-1,-6.515950012E-1,-5.350773010E0,5.449907155E0
1.673935242E1,1.701062622E0,-4.966671753E-1,-5.757028198E0,6.023592450E0
1.674929242E1,2.601140900E0,-3.972738647E-1,-5.542224884E0,6.135146059E0
1.675923142E1,3.243604889E0,-2.939886475E-1,-4.866380310E0,5.855686068E0
1.676917142E1,3.111429749E0,-4.056564331E-1,-4.212689667E0,5.252837942E0
1.677911021E1,2.905907135E0,-3.233276367E-1,-4.074227600E0,5.014794869E0
1.678904921E1,2.801274719E0,-1.016386414E-1,-3.865860901E0,4.775180727E0
1.679898921E1,2.742147675E0,1.008901978E-1,-3.383114777E0,4.356032403E0
1.680892821E1,2.790347443E0,4.026626587E-1,-2.742746429E0,3.933298113E0
1.681886721E1,2.506837006E0,6.900650024E-1,-2.074835358E0,3.326464075E0
1.682880721E1,1.949096832E0,1.032403107E0,-1.603465576E0,2.726891360E0
1.683874621E1,1.493893433E0,1.343306580E0,-1.547931061E0,2.536194142E0
1.684868521E1,1.167422333E0,1.609602814E0,-1.791025543E0,2.676092042E0
1.685862521E1,8.542735291E-1,1.772164764E0,-2.126927032E0,2.897269372E0
1.686856421E1,8.586145020E-1,1.742676086E0,-2.452350311E0,3.128603659E0
1.687850421E1,9.388476562E-1,1.644480286E0,-2.652184753E0,3.258808724E0
1.688844321E1,9.366023254E-1,1.394949188E0,-2.460732880E0,2.979649889E0
1.689838221E1,8.822653198E-1,1.069825287E0,-2.011517029E0,2.443178052E0
1.690832221E1,8.707392883E-1,8.155041504E-1,-1.689835968E0,2.068521096E0
1.691826121E1,8.126600647E-1,5.923182678E-1,-1.570683746E0,1.865021378E0
1.692820021E1,7.722441101E-1,4.288581848E-1,-1.507515106E0,1.747249869E0
1.693814021E1,8.408015442E-1,2.276765442E-1,-1.505269775E0,1.739143738E0
1.694807921E1,1.361568604E0,-7.574249268E-2,-2.063309326E0,2.473226913E0
1.695801921E1,1.396595764E0,-8.030799866E-1,-4.776118011E0,5.040507956E0
1.696795821E1,-1.989063721E0,-2.543810120E0,-8.749605103E0,9.326464167E0
1.697789721E1,-1.169068909E1,-6.677913208E0,-1.253912476E1,1.839827127E1
1.698783721E1,-4.156780930E1,-1.921000259E1,-1.593436432E1,4.848516201E1
1.699777621E1,-7.920389465E1,-5.044794296E1,2.373015289E0,9.393552618E1
1.700771521E1,-7.929774948E1,-4.986116318E1,1.800171524E1,9.538516875E1
1.701765521E1,-7.869016296E1,-1.528097305E1,2.718541763E1,8.464453211E1
1.702759421E1,-7.279721741E1,3.812272339E0,4.137111832E1,8.381848074E1
1.703753421E1,-1.936058945E1,-3.513194275E-1,6.920229309E1,7.186037307E1
1.704747321E1,-1.792627213E1,1.283580780E0,4.471411652E1,4.819077741E1
1.705741221E1,-3.151007446E1,-3.254232788E-1,8.529712372E0,3.264577593E1
1.706735221E1,-1.669627991E1,-1.363664246E0,-5.884263611E-1,1.676220715E1
1.707729121E1,-8.006400604E0,-1.165775757E0,-1.728305969E0,8.273362392E0
1.708723021E1,-4.021836548E0,-5.918692017E-1,-2.627785492E0,4.840530442E0
1.709717021E1,-1.971849518E0,7.065307617E-2,-2.716550903E0,3.357503714E0
1.710710921E1,-1.132844238E0,3.345542908E-1,-2.722239075E0,2.967464949E0
1.711704921E1,-5.162763977E-1,1.240919495E-1,-2.389331360E0,2.447620166E0
1.712698821E1,-1.607656860E-1,-3.165916443E-1,-2.302511902E0,2.329728940E0
1.713692721E1,1.056802368E-1,-7.789801025E-1,-2.975362701E0,3.077460238E0
1.714686721E1,4.261637878E-1,-1.017134857E0,-3.297642517E0,3.477157613E0
1.715680621E1,7.171586609E-1,-9.139993286E-1,-3.098556519E0,3.309193832E0
1.716674521E1,9.502239990E-1,-8.294252014E-1,-2.827470245E0,3.096039373E0
1.717668521E1,8.861572266E-1,-7.809260559E-1,-2.773582306E0,3.014610911E0
1.718662421E1,1.817221069E-1,-7.376660156E-1,-2.815644836E0,2.916338444E0
1.719656421E1,-8.863069153E-1,-7.708969116E-1,-2.914738770E0,3.142534660E0
1.720650321E1,-9.129515076E-1,-9.021739197E-1,-4.251758423E0,4.441266477E0
1.721644221E1,5.330415344E-1,-8.062234497E-1,-6.149062958E0,6.224556594E0
1.722638221E1,1.815125427E0,-8.348139954E-1,-7.085814972E0,7.362089957E0
1.723632121E1,2.574795685E0,-9.961784363E-1,-7.121590576E0,7.637996899E0
1.724626021E1,3.226839752E0,-1.349593506E0,-7.529342651E0,8.302102034E0
1.725620021E1,4.102818146E0,-1.147962799E0,-7.925718384E0,8.998219114E0
1.726613921E1,4.207749939E0,-9.018745422E-1,-7.656128998E0,8.782644731E0
1.727607921E1,3.604654083E0,-8.318202209E-1,-6.743177490E0,7.691287188E0
1.728601821E1,3.228486328E0,-6.077362061E-1,-5.532046051E0,6.433972395E0
1.729595721E1,3.170706482E0,-2.318678284E-1,-4.444108429E0,5.464178073E0
1.730589721E1,3.101550293E0,1.657054138E-1,-3.604803772E0,4.758327725E0
1.731583621E1,2.844385071E0,5.632786560E-1,-2.820883942E0,4.045391883E0
1.732577521E1,2.489922180E0,9.614506531E-1,-2.281854858E0,3.511546869E0
1.733571521E1,2.119442596E0,1.240919495E0,-1.985920258E0,3.158448572E0
1.734565421E1,1.810335388E0,1.268013153E0,-1.700613556E0,2.788773573E0
1.735559321E1,1.423988800E0,1.229842529E0,-1.307081909E0,2.291008482E0
1.736553321E1,1.114881592E0,1.222956848E0,-1.108594666E0,1.991875134E0
1.737547221E1,9.710307312E-1,1.203647003E0,-1.053359528E0,1.871158220E0
1.738541221E1,7.018904114E-1,1.133442993E0,-8.806187439E-1,1.597758599E0
1.739535121E1,5.507048035E-1,1.040186920E0,-7.849676514E-1,1.414722172E0
1.740529021E1,7.529342651E-1,8.794212341E-1,-8.065228271E-1,1.410946769E0
1.741523021E1,1.456770630E0,7.644602966E-1,-1.230291595E0,2.054311959E0
1.742516921E1,2.327509918E0,6.527925110E-1,-1.946103058E0,3.103346193E0
1.743510821E1,2.741249542E0,5.047503662E-1,-2.445165253E0,3.707836984E0
1.744504821E1,2.496807861E0,3.791615295E-1,-2.103725281E0,3.286863706E0
1.745498721E1,2.117496643E0,2.411485291E-1,-1.440005493E0,2.572073185E0
1.746492721E1,2.053429871E0,-1.586700439E-2,-9.839039612E-1,2.277036012E0
1.747486621E1,1.615290985E0,-8.315208435E-1,-1.610351257E0,2.427719723E0
1.748480521E1,2.122586060E-1,-1.468446350E0,-2.294877777E0,2.732737165E0
1.749474521E1,-1.310075684E0,-2.240989838E0,-4.902604980E0,5.547420062E0
1.750468421E1,-5.631289673E0,-3.788022766E0,-7.513325958E0,1.012475219E1
1.751462321E1,-2.159918427E1,-8.505462799E0,-1.232656677E1,2.628330091E1
1.752456321E1,-7.189249878E1,-2.937147171E1,-1.028601013E1,7.833911370E1
1.753450221E1,-8.011100830E1,-3.623454987E1,7.117998047E0,8.821214288E1
1.754444221E1,-7.829962509E1,-9.279503174E0,1.739592499E1,8.074378412E1
1.755438121E1,-7.866905685E1,3.132236481E0,2.575978226E1,8.283838358E1
1.756432021E1,-4.141452805E1,-1.250499573E0,5.766578339E1,7.100753098E1
1.757426021E1,-4.106710052E0,2.054627380E0,5.838982773E1,5.857011647E1
1.758419921E1,-3.452854752E1,1.439556427E0,1.033151550E1,3.606983683E1
1.759413821E1,-2.002415955E1,-3.403921509E-1,-1.955982513E0,2.012234330E1
1.760407821E1,-7.709118805E0,-2.314187622E-1,-1.012793884E0,7.778805747E0
1.761401721E1,-2.889740753E0,3.138972473E-1,-1.677860870E0,3.356240486E0
1.762395721E1,-7.768844604E-2,5.465135193E-1,-2.166295166E0,2.235519463E0
1.763389621E1,1.204245758E0,2.191442871E-1,-2.194286957E0,2.512593742E0
1.764383521E1,1.328936462E0,-1.445993042E-1,-2.261497192E0,2.627042183E0
1.765377521E1,1.324894867E0,-3.570075989E-1,-2.256407776E0,2.640866692E0
1.766371421E1,1.318158875E0,-5.010081482E-1,-2.426304474E0,2.806333085E0
1.767365321E1,1.210382996E0,-5.312452698E-1,-2.398013306E0,2.738195820E0
1.768359321E1,1.114133148E0,-4.553530884E-1,-2.075883179E0,2.399568728E0
1.769353221E1,1.226699066E0,-4.194277954E-1,-2.290087738E0,2.631579777E0
1.770347121E1,1.383722534E0,-4.736151123E-1,-2.999312897E0,3.336896339E0
1.771341121E1,1.618284760E0,-5.510041809E-1,-3.325783997E0,3.739423801E0
1.772335021E1,1.907782745E0,-5.590873718E-1,-3.436853027E0,3.970412123E0
1.773329021E1,2.072440338E0,-3.787124634E-1,-3.559597778E0,4.136323057E0
1.774322921E1,1.386566620E0,-3.053649902E-2,-3.939507751E0,4.176508206E0
1.775316821E1,1.800755310E-1,1.082249451E-1,-4.812941437E0,4.817524791E0
1.776310821E1,2.875520325E-1,-2.700384521E-1,-5.965394897E0,5.978423138E0
1.777304721E1,5.215155029E-1,-1.013542328E0,-7.416926422E0,7.504001867E0
1.778298658E1,1.782493286E0,-1.179846497E0,-8.337062988E0,8.606738020E0
1.779292658E1,2.979104919E0,-1.266815643E0,-8.202193451E0,8.817928634E0
1.780286558E1,3.472478943E0,-1.379980316E0,-6.977590027E0,7.915125916E0
1.781280558E1,3.724105682E0,-1.323397980E0,-6.139183502E0,7.301364216E0
1.782274458E1,3.521876221E0,-9.708810425E-1,-6.509663086E0,7.464712694E0
1.783268358E1,3.079546051E0,-6.547384644E-1,-6.518794098E0,7.239265351E0
1.784262358E1,3.289559326E0,-3.992198181E-1,-5.565276947E0,6.477104640E0
1.785256258E1,3.321592712E0,-1.600172424E-1,-4.410877533E0,5.523986267E0
1.786250158E1,3.064726868E0,-1.616638184E-2,-3.337160339E0,4.530943749E0
1.787244158E1,2.636168060E0,1.568737793E-1,-2.280657349E0,3.489325059E0
1.788238058E1,2.123633881E0,3.924838257E-1,-1.476230164E0,2.615935761E0
1.789232058E1,2.111658783E0,6.164181519E-1,-1.062041473E0,2.442745637E0
1.790225958E1,1.595831451E0,6.704557800E-1,-7.274871826E-1,1.877611934E0
1.791219858E1,1.090632019E0,8.752299500E-1,-1.666035461E-1,1.408283497E0
1.792213858E1,8.057743835E-1,1.321751404E0,2.585124207E-1,1.569435504E0
1.793207758E1,8.963360596E-1,1.582958221E0,2.680924988E-1,1.838762804E0
1.794201658E1,1.149010620E0,1.540895691E0,8.232879639E-3,1.922147943E0
1.795195658E1,1.389859772E0,1.357227631E0,-2.962339783E-1,1.965078013E0
1.796189558E1,1.680704956E0,1.187330933E0,-5.486091614E-1,2.129670375E0
1.797183458E1,1.967358856E0,1.044228516E0,-8.750802612E-1,2.393048166E0
1.798177458E1,2.025138702E0,8.637039185E-1,-1.094374237E0,2.458622825E0
1.799171358E1,1.864822083E0,6.319857788E-1,-1.102906494E0,2.256849609E0
1.800165358E1,1.776056671E0,4.635859680E-1,-1.017583923E0,2.098753509E0
1.801159258E1,1.888622589E0,-1.146615601E-1,-2.379002838E0,3.039687001E0
1.802153158E1,1.802252197E-1,-1.719773712E0,-6.431375885E0,6.659782168E0
1.803147158E1,-5.063819733E0,-3.926784210E0,-1.049108368E1,1.229328033E1
1.804141058E1,-2.393702271E1,-1.030591873E1,-1.969753876E1,3.266781367E1
1.805134958E1,-7.225429642E1,-3.822301483E1,-2.082888611E1,8.435356963E1
1.806128958E1,-8.026279266E1,-5.799659546E1,2.476899261E0,9.905481311E1
1.807122858E1,-7.850454895E1,-2.341954880E1,2.299353470E1,8.508902461E1
1.808116858E1,-7.794351562E1,3.830234985E0,4.946852966E1,9.239587521E1
1.809110758E1,-4.201582764E1,-3.842359772E0,7.826878922E1,8.891623511E1
1.810104658E1,-2.736549316E1,-6.153703308E-1,4.815336456E1,5.538948831E1
1.811098658E1,-3.227438507E1,1.234033813E0,1.041758652E1,3.393648302E1
1.812092558E1,-1.930610275E1,-1.122066650E0,1.103205872E0,1.937012391E1
1.813086458E1,-1.191297684E1,-1.130598907E0,-8.994795227E-1,1.200026393E1
1.814080458E1,-7.302264862E0,-6.851252747E-1,-1.939367065E0,7.586409781E0
1.815074358E1,-4.110152893E0,-3.812571716E-1,-2.359992371E0,4.754816277E0
1.816068258E1,-2.432142334E0,-4.348457336E-1,-2.417173462E0,3.456462742E0
1.817062258E1,-1.043480072E0,-9.502239990E-1,-2.991828461E0,3.307992419E0
1.818056158E1,-1.941462708E-1,-1.351689148E0,-3.304228821E0,3.575288020E0
1.819050158E1,7.768844604E-2,-1.507814484E0,-3.260220337E0,3.592850770E0
1.820044058E1,2.026785278E-1,-1.545386353E0,-3.036286011E0,3.412965031E0
1.821037958E1,1.532812500E-1,-1.636995850E0,-3.003354492E0,3.423943451E0
1.822031958E1,3.113525391E-2,-1.906884613E0,-3.425177307E0,3.920333904E0
1.823025858E1,-5.373825073E-2,-2.175426178E0,-4.131408691E0,4.669465133E0
1.824019758E1,-3.637435913E-1,-2.312091980E0,-4.946164398E0,5.471985104E0
1.825013758E1,-1.262025604E0,-2.527643738E0,-6.004014587E0,6.635501688E0
1.826007658E1,-1.563199310E0,-2.800526276E0,-7.179220734E0,7.863062371E0
1.827001658E1,-8.072712708E-1,-2.565964050E0,-8.170309753E0,8.601733539E0
1.827995558E1,1.021475830E0,-2.017803955E0,-9.339528351E0,9.609460728E0
1.828989458E1,3.016078033E0,-1.702559509E0,-1.024035507E1,1.081019461E1
1.829983458E1,4.868475952E0,-1.539698181E0,-1.030741562E1,1.150284944E1
1.830977358E1,5.560935974E0,-1.790277100E0,-9.468859406E0,1.112602352E1
1.831971258E1,6.180048523E0,-1.575174408E0,-7.832013245E0,1.010022800E1
1.832965258E1,6.098318481E0,-1.149309998E0,-6.009553070E0,8.638583789E0
1.833959158E1,5.420827332E0,-8.809181213E-1,-5.220693512E0,7.577402354E0
1.834953158E1,5.167703705E0,-6.083349609E-1,-5.026547241E0,7.234736358E0
1.835947058E1,4.385280762E0,8.307723999E-2,-4.417314148E0,6.224970158E0
1.836940958E1,3.784130859E0,1.278042297E0,-3.572021942E0,5.358393344E0
1.837934958E1,3.489992523E0,1.998643799E0,-2.963836670E0,4.995893579E0
1.838928858E1,3.097059631E0,2.001936951E0,-2.227068787E0,4.308058181E0
1.839922758E1,2.681224365E0,1.792672119E0,-1.479074249E0,3.548281000E0
1.840916758E1,2.478545837E0,1.744622040E0,-8.581654358E-1,3.150133877E0
1.841910658E1,2.268831940E0,1.722318420E0,-4.954696655E-1,2.891274685E0
1.842904558E1,2.083517303E0,1.464704132E0,-3.941304016E-1,2.577157605E0
1.843898558E1,1.907633057E0,1.197210388E0,-3.297642517E-1,2.276207603E0
1.844892458E1,1.685644684E0,1.006806335E0,-3.029699707E-1,1.986667511E0
1.845886458E1,1.501527557E0,8.774752808E-1,-3.101550293E-1,1.766562769E0
1.846880358E1,1.411714325E0,8.479866028E-1,-2.562670898E-1,1.666640764E0
1.847874258E1,1.537602539E0,1.005758514E0,-3.276686096E-1,1.866316821E0
1.848868258E1,1.505718842E0,9.372010803E-1,-3.549119568E-1,1.808728170E0
1.849862158E1,1.206790466E0,6.575825500E-1,-1.145118713E-1,1.379083394E0
1.850856058E1,1.030606842E0,4.827461243E-1,1.296304321E-1,1.145424957E0
1.851850058E1,1.359922028E0,5.275030518E-1,2.534230042E-1,1.480496744E0
1.852843958E1,1.822759552E0,5.769003296E-1,1.916015625E-1,1.921451934E0
1.853837958E1,2.106569366E0,1.631607056E-1,-2.055226135E-1,2.122850785E0
1.854831858E1,1.679357758E0,-8.595126343E-1,-1.844913483E0,2.638694792E0
1.855825758E1,-4.429289246E-1,-1.548679504E0,-2.641556854E0,3.093932264E0
1.856819758E1,-7.882009277E0,-2.310744781E0,-8.101752319E0,1.153707079E1
1.857813658E1,-6.079068512E1,-2.318363937E1,-1.964814148E1,6.796350488E1
1.858807558E1,-8.108877502E1,-5.749498856E1,-3.682941284E0,9.947174071E1
1.859801558E1,-7.856861572E1,-4.298057144E1,3.522160629E1,9.623366588E1
1.860795458E1,-7.538608383E1,-2.171040298E1,7.467491272E1,1.083085676E2
1.861789358E1,-3.548655533E1,-9.846224670E0,7.261594437E1,8.142063083E1
1.862783358E1,-3.093197662E1,-5.107828217E0,2.682691315E1,4.126209345E1
1.863777258E1,-2.631198395E1,-4.094884644E0,8.021818542E-1,2.664079720E1
1.864771258E1,-1.262369888E1,-2.841690674E0,6.771917725E-1,1.295729787E1
1.865765158E1,-7.598349152E0,-9.190887451E-1,-1.507515106E0,7.800784303E0
1.866759058E1,-4.337380371E0,1.332229614E-1,-3.766018524E0,5.745738627E0
1.867753058E1,-2.186652832E0,5.239105225E-2,-4.777914276E0,5.254774996E0
1.868746958E1,-8.637039185E-1,-6.903643799E-1,-4.638254700E0,4.768227563E0
1.869740858E1,-1.419049072E-1,-1.364113312E0,-4.777914276E0,4.970855757E0
1.870734858E1,2.556683350E-1,-1.968107300E0,-5.185516663E0,5.552332456E0
1.871728758E1,4.369413757E-1,-2.056573334E0,-5.144651642E0,5.557684064E0
1.872722758E1,4.689747620E-1,-2.022743683E0,-4.622238007E0,5.067199771E0
1.873716658E1,3.483256531E-1,-1.913470917E0,-3.981121216E0,4.430804424E0
1.874710558E1,-1.535806274E-1,-1.855840759E0,-4.305496674E0,4.690952306E0
1.875704558E1,-4.668791199E-1,-2.036814423E0,-5.237308960E0,5.638793687E0
1.876698458E1,-4.927752686E-1,-2.043849792E0,-5.875581665E0,6.240401377E0
1.877692358E1,-6.713539124E-1,-1.905986481E0,-6.185287628E0,6.507018025E0
1.878686333E1,-6.083349609E-1,-1.817520447E0,-6.017785950E0,6.315631381E0
1.879680233E1,7.244934082E-2,-1.807491302E0,-6.762337646E0,7.000106011E0
1.880674133E1,1.221459961E0,-1.818418579E0,-8.397387543E0,8.678405851E0
1.881668133E1,2.673590240E0,-1.428928528E0,-9.572593689E0,1.004113895E1
1.882662033E1,4.168531494E0,-1.186432800E0,-9.950857086E0,1.085374748E1
1.883656033E1,5.247637482E0,-1.103804626E0,-9.291777649E0,1.072815062E1
1.884649933E1,5.829028473E0,-1.216669922E0,-7.440427551E0,9.529838445E0
1.885643833E1,6.196514282E0,-1.193318481E0,-6.104455719E0,8.779816506E0
1.886637833E1,5.697003021E0,-8.045768738E-1,-4.800367584E0,7.493111257E0
1.887631733E1,4.636608124E0,2.029779053E-1,-3.029400330E0,5.542255974E0
1.888625633E1,3.698957977E0,1.237326965E0,-2.033221893E0,4.398551967E0
1.889619633E1,3.451073456E0,1.320254517E0,-1.835483093E0,4.125770010E0
1.890613533E1,3.214415588E0,1.182091827E0,-1.477427673E0,3.729959945E0
1.891607533E1,2.833457794E0,1.106049957E0,-1.038091278E0,3.213948208E0
1.892601433E1,2.531086578E0,1.091829529E0,-4.760101318E-1,2.797333844E0
1.893595333E1,2.369273071E0,1.143621826E0,-7.364685059E-2,2.631871886E0
1.894589333E1,2.161056061E0,1.155447235E0,1.930984497E-1,2.458151464E0
1.895583233E1,1.772164764E0,1.043031006E0,2.743794250E-1,2.074551928E0
1.896577133E1,1.287472687E0,9.077124023E-1,3.335064697E-1,1.610203183E0
1.897571133E1,1.082848206E0,1.073417816E0,3.424877930E-1,1.562716843E0
1.898565033E1,9.973759460E-1,1.084794159E0,2.531236267E-1,1.495195210E0
1.899558933E1,8.945397949E-1,1.018781433E0,1.187031555E-1,1.360958299E0
1.900552933E1,7.905061340E-1,9.033714294E-1,-1.930984497E-2,1.200563517E0
1.901546833E1,5.456153870E-1,6.548881531E-1,-1.532812500E-1,8.660656933E-1
1.902540833E1,3.056643677E-1,5.650749207E-1,-3.592529297E-2,6.434524056E-1
1.903534733E1,3.047662354E-1,5.833369446E-1,2.278262329E-1,6.964691246E-1
1.904528633E1,8.187973022E-1,7.417076111E-1,6.138734436E-1,1.263882830E0
1.905522633E1,1.898352356E0,5.819897461E-1,9.355545044E-2,1.987764160E0
1.906516533E1,2.391576691E0,-5.604345703E-1,-1.618733826E0,2.941772454E0
1.907510433E1,6.713539124E-1,-1.899998932E0,-3.853137360E0,4.348261667E0
1.908504433E1,-4.326602783E0,-3.671415253E0,-5.581143951E0,7.959142505E0
1.909498333E1,-1.972358459E1,-8.770561523E0,-9.995164948E0,2.378751481E1
1.910492233E1,-6.469456696E1,-2.876942368E1,-8.098159790E-2,7.080305989E1
1.911486233E1,-8.078984665E1,-4.601640839E1,3.646776489E1,9.987195321E1
1.912480133E1,-7.858358459E1,-1.563019684E1,6.076823181E1,1.005607320E2
1.913474133E1,-7.568606003E1,2.513273621E0,7.886425095E1,1.093355674E2
1.914468033E1,-4.787284790E1,-6.279741211E0,6.992214615E1,8.497264994E1
1.915461933E1,-2.770423874E1,-3.490591278E0,3.896217773E1,4.793495974E1
1.916455933E1,-3.279694839E1,-2.465672607E0,9.793683929E0,3.431669580E1
1.917449833E1,-1.902828049E1,-1.496737518E0,-1.292861481E0,1.913079121E1
1.918443733E1,-8.840915222E0,-4.556524658E-1,-3.567830658E0,9.544570013E0
1.919437733E1,-3.049458618E0,9.744735718E-2,-4.544250183E0,5.473472716E0
1.920431633E1,6.631210327E-1,1.002914429E-2,-4.269721069E0,4.320919821E0
1.921425633E1,1.846260681E0,-6.005511475E-1,-3.738176422E0,4.212280041E0
1.922419533E1,1.901645508E0,-1.165177002E0,-3.133883057E0,3.846442005E0
1.923413433E1,1.782343597E0,-1.501677246E0,-3.207829285E0,3.965091672E0
1.924407433E1,1.670376434E0,-1.607058105E0,-3.421884155E0,4.133047829E0
1.925401333E1,1.312919769E0,-1.537452850E0,-3.486250305E0,4.030069575E0
1.926395233E1,1.454375610E0,-1.400188293E0,-3.953578491E0,4.439202469E0
1.927389233E1,2.178569641E0,-1.272952881E0,-4.336931305E0,5.017524077E0
1.928383133E1,2.842439117E0,-1.123114471E0,-4.681514740E0,5.590834152E0
1.929377033E1,3.320844269E0,-1.017883301E0,-4.804708557E0,5.928685975E0
1.930371033E1,3.657194824E0,-8.695417786E-1,-4.711602173E0,6.027468119E0
1.931364933E1,3.704197083E0,-7.881111145E-1,-5.035229187E0,6.300454596E0
1.932358833E1,3.438499603E0,-9.017248535E-1,-5.466781769E0,6.520896422E0
1.933352833E1,3.204236755E0,-8.653504944E-1,-5.717360687E0,6.610913544E0
1.934346733E1,3.136427765E0,-6.417155457E-1,-6.025270386E0,6.822965718E0
1.935340733E1,2.962339783E0,-5.264552307E-1,-6.464756470E0,7.130616264E0
1.936334633E1,2.730471954E0,-6.683601379E-1,-7.180867310E0,7.711487385E0
1.937328533E1,2.709814911E0,-9.572593689E-1,-7.857759705E0,8.366829144E0
1.938322533E1,2.606978760E0,-1.034648438E0,-8.259973297E0,8.723187176E0
1.939316433E1,2.396965485E0,-1.146765289E0,-8.286617889E0,8.702215247E0
1.940310333E1,2.540067902E0,-1.471290436E0,-7.765401764E0,8.301692902E0
1.941304333E1,2.728226624E0,-1.357976074E0,-6.790179749E0,7.442705190E0
1.942298233E1,3.060984650E0,-7.102729797E-1,-5.431006165E0,6.274547210E0
1.943292233E1,3.307671661E0,-1.791773987E-1,-4.053570557E0,5.234905025E0
1.944286133E1,2.747536469E0,4.436773682E-1,-2.530038757E0,3.761236813E0
1.945280033E1,2.097588043E0,9.786648560E-1,-1.589544525E0,2.807901761E0
1.946274033E1,1.808539124E0,1.061742096E0,-1.231788483E0,2.432162187E0
1.947267933E1,1.795665894E0,9.392967224E-1,-1.090182953E0,2.301128681E0
1.948261833E1,1.752705231E0,9.608518982E-1,-9.508227539E-1,2.213430800E0
1.949255833E1,1.780098267E0,9.345066833E-1,-9.244775391E-1,2.212851396E0
1.950249733E1,1.792223053E0,8.126600647E-1,-9.978250122E-1,2.206384964E0
1.951243633E1,1.760638733E0,7.339237976E-1,-9.740245056E-1,2.141778846E0
1.952237633E1,1.739981689E0,6.764433289E-1,-8.746311951E-1,2.061575025E0
1.953231533E1,1.723066864E0,7.674540710E-1,-8.029302979E-1,2.050034690E0
1.954225533E1,1.634151764E0,8.655001831E-1,-5.761518860E-1,1.936877268E0
1.955219433E1,1.371148682E0,8.482859802E-1,-4.016148376E-1,1.661605335E0
1.956213333E1,1.079405365E0,9.190887451E-1,-2.838098145E-1,1.445817442E0
1.957207333E1,7.264393616E-1,1.022523651E0,-3.224295044E-1,1.295078974E0
1.958201233E1,6.601272583E-2,1.115480347E0,-3.132984924E-1,1.160521447E0
1.959195133E1,-4.834945679E-1,1.286275177E0,-6.533912659E-1,1.521575162E0
1.960189133E1,-8.346643066E-1,1.491348724E0,-7.096742249E-1,1.850519664E0
1.961183033E1,-2.077679443E-1,6.915618896E-1,-3.109034729E-1,7.861846700E-1
1.962176933E1,6.562353516E-1,-8.150550842E-1,-2.641257477E0,2.840985865E0
1.963170933E1,-4.468358002E0,-2.902464294E0,-5.048850861E0,7.340396258E0
1.964164833E1,-2.624073212E1,-9.493408356E0,-9.217082977E0,2.938801529E1
1.965158833E1,-7.459243423E1,-3.053814560E1,1.516226990E1,8.201526693E1
1.966152733E1,-8.008975250E1,-3.402484497E1,5.775529724E1,1.044400924E2
1.967146633E1,-7.864121475E1,-1.884580994E0,7.843045303E1,1.110825291E2
1.968140633E1,-7.258900040E1,-2.245330811E-2,7.405220764E1,1.036961568E2
1.969134533E1,-4.322246841E1,-5.217400360E0,5.026906494E1,6.650099197E1
1.970128433E1,-2.646092422E1,-1.637145538E0,2.198852463E1,3.444351857E1
1.971122433E1,-2.166489761E1,-1.477427673E0,2.931204529E0,2.191215510E1
1.972116333E1,-1.213616272E1,-1.254391479E0,-4.205654297E0,1.290532726E1
1.973110233E1,-4.346661072E0,-1.258732452E0,-3.983965302E0,6.029083627E0
1.974104233E1,1.371148682E-1,-1.031954041E0,-3.350482635E0,3.508484505E0
1.975098133E1,1.921404419E0,-8.327183533E-1,-2.771486664E0,3.473665661E0
1.976092133E1,2.292333069E0,-7.556286621E-1,-2.862198029E0,3.744054370E0
1.977086033E1,2.427052917E0,-7.015910339E-1,-2.938988342E0,3.875624894E0
1.978079954E1,2.548749847E0,-6.575825500E-1,-2.734513550E0,3.795537505E0
1.979073954E1,2.418071594E0,-5.727090454E-1,-2.637664948E0,3.623857373E0
1.980067854E1,2.751877441E0,-4.610412598E-1,-2.766996002E0,3.929587176E0
1.981061754E1,3.111729126E0,-4.477189636E-1,-3.228336639E0,4.506158883E0
1.982055754E1,2.994373169E0,-3.177891541E-1,-3.834725647E0,4.875692916E0
1.983049654E1,2.563718719E0,1.706451416E-2,-4.611759796E0,5.276483042E0
1.984043554E1,2.162702637E0,5.539979553E-1,-4.948260040E0,5.428579359E0
1.985037554E1,1.321302338E0,7.920030212E-1,-5.179080048E0,5.403330343E0
1.986031454E1,2.998265076E-1,6.815327454E-1,-5.309309235E0,5.361263598E0
1.987025454E1,-2.749781799E-1,4.571493530E-1,-6.096821594E0,6.120116999E0
1.988019354E1,5.083428955E-1,5.525010681E-1,-7.896828461E0,7.932437814E0
1.989013254E1,1.628613281E0,5.746549988E-1,-8.802445221E0,8.970264849E0
1.990007254E1,2.362237701E0,6.050418091E-1,-9.012009430E0,9.336088930E0
1.991001154E1,3.118315430E0,7.074288940E-1,-8.979526978E0,9.531854568E0
1.991995054E1,3.570974121E0,5.288502502E-1,-8.070467377E0,8.841039670E0
1.992989054E1,3.643124084E0,2.803669739E-1,-6.770720215E0,7.693738426E0
1.993982954E1,3.543730774E0,2.549198914E-1,-5.520370331E0,6.564868661E0
1.994976854E1,3.434607697E0,2.570155334E-1,-4.381089478E0,5.572838776E0
1.995970854E1,3.232677612E0,4.688250732E-1,-3.216960297E0,4.584630306E0
1.996964754E1,3.050805817E0,6.533912659E-1,-2.372715912E0,3.919708800E0
1.997958754E1,2.616109772E0,7.611671448E-1,-1.747466125E0,3.236826165E0
1.998952654E1,2.185155945E0,7.696994019E-1,-1.463506622E0,2.740291099E0
1.999946554E1,1.849254456E0,6.572831726E-1,-1.301244049E0,2.354782216E0
2.000940554E1,1.581611023E0,5.852828979E-1,-9.300160217E-1,1.925871049E0
2.001934454E1,1.269959106E0,4.816983032E-1,-5.995033264E-1,1.484666166E0
2.002928354E1,1.004860382E0,4.605921936E-1,-3.272195435E-1,1.152806222E0
2.003922354E1,8.632548523E-1,5.059478760E-1,-1.368154907E-1,1.009906269E0
2.004916254E1,9.181906128E-1,5.848338318E-1,-5.403762817E-2,1.089965448E0
2.005910154E1,1.078207855E0,6.056405640E-1,-1.736389160E-1,1.248792675E0
2.006904154E1,1.128652954E0,6.626719666E-1,-4.673281860E-1,1.389743595E0
2.007898054E1,7.846682739E-1,6.111790466E-1,-5.743556213E-1,1.148533198E0
2.008892054E1,3.369493103E-1,4.929249573E-1,-3.267704773E-1,6.806532128E-1
2.009885954E1,8.981323242E-2,4.733157349E-1,-1.571731567E-1,5.067520131E-1
2.010879854E1,-1.707948303E-1,4.195774841E-1,2.140548706E-1,5.010345566E-1
2.011873854E1,-1.805245972E-1,-8.532257080E-2,1.794468384E0,1.805543091E0
2.012867754E1,-8.373587036E-1,-1.304686890E0,3.831432495E0,4.133189137E0
2.013861654E1,-7.198530579E-1,-1.347797241E0,1.122066650E0,1.895726614E0
2.014855654E1,-9.433383179E-1,-1.453327789E0,-1.109492798E0,2.057431193E0
2.015849554E1,-6.435118103E0,-3.667673035E0,-4.220623169E0,8.525035509E0
2.016843454E1,-4.838583115E1,-1.804362808E1,-1.043330383E1,5.268410575E1
2.017837454E1,-8.101572693E1,-5.038148117E1,-1.724713440E0,9.541916103E1
2.018831354E1,-7.850350113E1,-3.336337051E1,1.035067566E1,8.592468020E1
2.019825254E1,-7.863807129E1,3.474873962E0,3.124153290E1,8.468798252E1
2.020819254E1,-7.292325531E1,1.169368286E0,5.699921951E1,9.256392176E1
2.021813154E1,-2.914903427E1,-2.448009338E0,6.818710419E1,7.419663150E1
2.022807154E1,-2.163451080E1,1.025816803E0,2.532418808E1,3.332294794E1
2.023801054E1,-2.441647568E1,-1.781295776E-1,-1.980232086E0,2.449729238E1
2.024794954E1,-1.331945206E1,-1.329535217E0,-5.275180206E0,1.438759859E1
2.025788954E1,-6.744375000E0,-1.332379303E0,-4.832101593E0,8.403037222E0
2.026782854E1,-2.390678558E0,-7.987390137E-1,-4.449497223E0,5.113839411E0
2.027776754E1,-4.254153442E-1,-3.480262756E-1,-4.246219940E0,4.281645044E0
2.028770754E1,8.430468750E-1,-7.732919312E-1,-3.629801788E0,3.805807334E0
2.029764654E1,1.011296997E0,-1.318757629E0,-3.756588135E0,4.107772841E0
2.030758654E1,7.926017761E-1,-1.558109894E0,-3.810476074E0,4.192332516E0
2.031752554E1,6.343807983E-1,-1.560205536E0,-3.511697388E0,3.894701382E0
2.032746454E1,5.718109131E-1,-1.489103394E0,-3.549718323E0,3.891644486E0
2.033740454E1,9.518705750E-1,-1.688488770E0,-4.036206665E0,4.477501107E0
2.034734354E1,1.442849579E0,-1.903741150E0,-4.814737701E0,5.374732031E0
2.035728254E1,1.325792999E0,-1.904339905E0,-5.778134308E0,6.226642244E0
2.036722254E1,7.146139526E-1,-1.742526398E0,-6.358926544E0,6.631969401E0
2.037716154E1,2.398013306E-1,-1.559457092E0,-6.634503479E0,6.819534259E0
2.038710054E1,-3.423381042E-1,-1.259630585E0,-7.237000580E0,7.353777395E0
2.039704054E1,-4.710704041E-1,-9.783654785E-1,-8.114924927E0,8.187253074E0
2.040697954E1,2.392025757E-1,-6.236032104E-1,-9.260642395E0,9.284696894E0
2.041691954E1,1.331331482E0,-5.953120422E-1,-1.070843170E1,1.080728224E1
2.042685854E1,3.038531342E0,-2.709365845E-1,-1.089913513E1,1.131800450E1
2.043679754E1,4.350852356E0,3.318598938E-1,-8.994346161E0,9.996915028E0
2.044673754E1,4.128564606E0,4.200265503E-1,-6.996301117E0,8.134475848E0
2.045667654E1,3.447480927E0,3.143463135E-1,-5.647156677E0,6.623769084E0
2.046661554E1,2.836451569E0,4.167333984E-1,-3.811972961E0,4.769723481E0
2.047655554E1,2.399210815E0,3.676354980E-1,-2.772833862E0,3.685101901E0
2.048649454E1,1.913021851E0,5.237608337E-1,-2.594404907E0,3.265718119E0
2.049643354E1,1.543440399E0,7.457492065E-1,-2.104473724E0,2.714251241E0
2.050637354E1,1.305585022E0,1.249302063E0,-1.301693115E0,2.227041279E0
2.051631254E1,8.087681580E-1,1.736838226E0,-8.286767578E-1,2.087442964E0
2.052625154E1,4.849914551E-1,1.902992706E0,-6.710545349E-1,2.075310131E0
2.053619154E1,4.014651489E-1,1.787882080E0,-6.096821594E-1,1.931167764E0
2.054613054E1,3.564088440E-1,1.562750244E0,-5.487588501E-1,1.694211281E0
2.055607054E1,2.691403198E-1,1.412013702E0,-4.179309082E-1,1.496958734E0
2.056600954E1,2.824626160E-1,1.416654053E0,-3.405418396E-1,1.484136981E0
2.057594854E1,4.526586914E-1,1.577419739E0,-7.518864441E-1,1.805127737E0
2.058588854E1,8.084687805E-1,1.618284760E0,-1.498533783E0,2.349057435E0
2.059582754E1,1.043330383E0,1.350791016E0,-1.907932434E0,2.559957193E0
2.060576654E1,8.954379272E-1,1.252894592E0,-1.512155457E0,2.158278959E0
2.061570654E1,4.435276794E-1,1.161734161E0,-8.833131409E-1,1.525314777E0
2.062564554E1,3.936813354E-2,1.041384430E0,-4.061054993E-1,1.118460128E0
2.063558454E1,-2.688409424E-1,9.621990967E-1,1.052311707E-1,1.004577599E0
2.064552454E1,-2.070195007E-1,7.869136047E-1,7.427554321E-1,1.101714903E0
2.065546354E1,4.790039063E-2,-3.936813354E-2,7.482939148E-1,7.508582291E-1
2.066540254E1,1.299298096E-1,-1.133592682E0,-8.083190918E-2,1.143874085E0
2.067534254E1,-7.860154724E-1,-2.174378357E0,-2.779569855E0,3.615487538E0
2.068528154E1,-5.802533569E0,-3.589086456E0,-4.844226379E0,8.367644031E0
2.069522154E1,-3.095188522E1,-1.295121780E1,-7.932454376E0,3.447719643E1
2.070516054E1,-7.792974426E1,-4.771163315E1,1.182930084E1,9.213781708E1
2.071509954E1,-7.974711502E1,-5.731835587E1,3.496548889E1,1.042476939E2
2.072503954E1,-7.850799179E1,-2.110640900E1,5.249792999E1,9.677302273E1
2.073497854E1,-6.006259918E1,2.077529755E0,7.121994736E1,9.318858756E1
2.074491754E1,-2.903661804E1,-6.272855530E0,6.778668686E1,7.401019402E1
2.075485754E1,-2.019435562E1,-2.052681427E0,3.931394623E1,4.424490782E1
2.076479654E1,-2.477887207E1,-1.736389160E-2,1.173918823E1,2.741899602E1
2.077473554E1,-1.803210205E1,-4.694238281E-1,-3.367247772E0,1.834980710E1
2.078467504E1,-7.122638397E0,-3.080593872E-1,-3.622467041E0,7.996820980E0
2.079461404E1,-1.739532623E0,1.148112488E-1,-2.798280945E0,3.296897271E0
2.080455404E1,8.933422852E-1,5.989045715E-1,-2.342478790E0,2.577586857E0
2.081449304E1,1.520088959E0,4.592449951E-1,-2.006277924E0,2.558657366E0
2.082443204E1,1.526675262E0,-9.879455566E-3,-1.740879822E0,2.315490772E0
2.083437204E1,1.639540558E0,-2.888992310E-1,-1.796114960E0,2.448996724E0
2.084431104E1,1.748214569E0,-3.092568970E-1,-2.010768585E0,2.682365432E0
2.085425004E1,1.804347839E0,-2.445913696E-1,-2.100581818E0,2.779917271E0
2.086419004E1,1.813628540E0,-1.544787598E-1,-2.060914307E0,2.749632693E0
2.087412904E1,1.938618622E0,-7.679031372E-2,-2.305505676E0,3.013220094E0
2.088406804E1,2.301015015E0,-1.178050232E-1,-2.629282379E0,3.495951080E0
2.089400804E1,2.756667480E0,-2.113604736E-1,-2.893782349E0,4.002232518E0
2.090394704E1,3.022364960E0,-1.821711731E-1,-3.144361267E0,4.365190038E0
2.091388704E1,3.093916168E0,-1.706451416E-2,-3.463048553E0,4.643846868E0
2.092382604E1,2.835403748E0,1.234931946E-1,-4.378694458E0,5.218019752E0
2.093376504E1,1.675016785E0,4.191284180E-3,-5.166655884E0,5.431393175E0
2.094370504E1,1.176553345E0,-2.210902405E-1,-5.879174194E0,5.999820654E0
2.095364404E1,1.218166809E0,-4.417314148E-1,-6.800508270E0,6.922858496E0
2.096358304E1,1.199306030E0,-3.775149536E-1,-8.103398895E0,8.200361343E0
2.097352304E1,1.407073975E0,-5.051994324E-1,-9.352401581E0,9.471140320E0
2.098346204E1,1.964664459E0,-3.869453430E-1,-9.129215698E0,9.346240549E0
2.099340104E1,2.113155670E0,-3.604504395E-1,-8.232280884E0,8.506809035E0
2.100334104E1,2.165995789E0,-3.432362366E-1,-7.714507599E0,8.020160620E0
2.101328004E1,2.224075012E0,-1.673519897E-1,-6.606661377E0,6.972982927E0
2.102321904E1,1.943558350E0,-1.877096558E-1,-5.177882538E0,5.533816183E0
2.103315904E1,2.019300842E0,-3.406915283E-1,-3.867956543E0,4.376612209E0
2.104309804E1,2.171983337E0,-3.321592712E-1,-2.908302155E0,3.645005188E0
2.105303804E1,2.163301392E0,-1.942959595E-1,-2.251018982E0,3.128052156E0
2.106297704E1,2.258353729E0,-5.313949585E-2,-1.897454224E0,2.950138624E0
2.107291604E1,2.316283264E0,2.459385681E-1,-1.728305969E0,2.900464698E0
2.108285604E1,1.348695374E0,1.190773773E0,-1.203497314E0,2.164561659E0
2.109279504E1,6.493496704E-1,1.665586395E0,-6.968009949E-1,1.918688266E0
2.110273404E1,8.098159790E-1,1.520388336E0,-6.047424316E-1,1.825676867E0
2.111267404E1,1.033600616E0,1.444645844E0,-6.475534058E-1,1.890676403E0
2.112261304E1,1.129551086E0,1.408121796E0,-6.225553894E-1,1.909520322E0
2.113255204E1,1.137185211E0,1.207987976E0,-5.646258545E-1,1.752491800E0
2.114249204E1,1.062640228E0,9.710307312E-1,-4.349954224E-1,1.503770579E0
2.115243104E1,1.012644196E0,6.941065979E-1,-3.200344849E-1,1.268721525E0
2.116237104E1,1.031954041E0,4.261637878E-1,-3.089575195E-1,1.158447006E0
2.117231004E1,1.303489380E0,1.754351807E-1,-7.427554321E-1,1.510479294E0
2.118224904E1,8.437953186E-1,-4.810995483E-1,-3.327879639E0,3.466731920E0
2.119218904E1,-1.017284546E0,-1.348246307E0,-5.595514069E0,5.844862158E0
2.120212804E1,-5.294040985E0,-2.886896667E0,-6.212980042E0,8.658069260E0
2.121206704E1,-2.306313995E1,-9.921667786E0,-1.269959106E1,2.813587620E1
2.122200704E1,-6.617334183E1,-3.162039505E1,-3.340453491E0,7.341606896E1
2.123194604E1,-8.069599182E1,-5.499698318E1,2.861584305E1,1.017613764E2
2.124188504E1,-7.784756516E1,-2.922507614E1,4.340059799E1,9.379744337E1
2.125182504E1,-6.264727432E1,9.545949097E0,7.522636597E1,9.836062353E1
2.126176404E1,-5.410184464E1,-6.958579559E0,7.581000229E1,9.339479573E1
2.127170404E1,-3.786076813E1,-6.715036011E0,4.684179199E1,6.060266454E1
2.128164304E1,-2.339185638E1,-1.213376770E0,1.655916504E1,2.868548719E1
2.129158204E1,-1.606803635E1,-1.752106476E0,3.545676727E0,1.654761290E1
2.130152204E1,-9.992919617E0,-1.254241791E0,3.059637451E-1,1.007597036E1
2.131146104E1,-5.956712952E0,-1.585203552E-1,-1.047671356E0,6.050220918E0
2.132140004E1,-2.811154175E0,2.481838989E-1,-1.725611572E0,3.307857062E0
2.133134004E1,-9.180409241E-1,-9.894424438E-2,-2.139351196E0,2.330110007E0
2.134127904E1,9.565109253E-2,-4.842430115E-1,-1.930086365E0,1.992203253E0
2.135121804E1,2.415975952E-1,-6.228547668E-1,-1.990710297E0,2.099820217E0
2.136115804E1,-2.724334717E-2,-6.164181519E-1,-2.463876343E0,2.539960663E0
2.137109704E1,-1.627116394E-1,-5.170248413E-1,-2.781815186E0,2.834128700E0
2.138103604E1,-6.391708374E-1,-4.565505981E-1,-3.370391235E0,3.460710171E0
2.139097604E1,-1.066981201E0,-4.152365112E-1,-4.286935272E0,4.437193288E0
2.140091504E1,-1.002615051E0,-5.019062805E-1,-5.097499695E0,5.219353408E0
2.141085504E1,-6.114784241E-1,-5.492079163E-1,-5.508544922E0,5.569524428E0
2.142079404E1,8.173004150E-2,-4.818479919E-1,-5.834267578E0,5.854701996E0
2.143073304E1,6.601272583E-1,-5.287005615E-1,-5.659580841E0,5.722424974E0
2.144067304E1,1.133293304E0,-5.896238708E-1,-5.603148193E0,5.746936549E0
2.145061204E1,1.548230438E0,-6.240522766E-1,-5.616320801E0,5.859139704E0
2.146055104E1,1.732497253E0,-6.144721985E-1,-5.738167419E0,6.025420164E0
2.147049104E1,1.734742584E0,-4.818479919E-1,-5.972879333E0,6.238332858E0
2.148043004E1,8.779243469E-1,-7.102729797E-1,-6.854545898E0,6.946944533E0
2.149036904E1,2.219584351E0,-2.285746765E-1,-6.473139038E0,6.846921212E0
2.150030904E1,2.594554596E0,-1.975891113E-1,-5.622757416E0,6.195656217E0
2.151024804E1,2.431244202E0,-6.237528992E-1,-5.018314362E0,5.611015512E0
2.152018704E1,2.307751007E0,-1.087638245E0,-4.582869873E0,5.245128019E0
2.153012704E1,2.545905762E0,-9.969268799E-1,-4.348607025E0,5.136719032E0
2.154006604E1,2.616558838E0,-8.325686646E-1,-4.402794342E0,5.188848500E0
2.155000604E1,2.561024323E0,-6.938072205E-1,-4.504133606E0,5.227564785E0
2.155994504E1,2.193987579E0,-3.938310242E-1,-4.383035431E0,4.917284206E0
2.156988404E1,1.697470093E0,-6.421646118E-2,-4.119882660E0,4.456339485E0
2.157982404E1,1.448986816E0,3.195854187E-1,-3.884422302E0,4.158176795E0
2.158976304E1,1.187181244E0,9.280700684E-1,-3.489244080E0,3.800728562E0
2.159970204E1,7.863148499E-1,1.464255066E0,-2.850671997E0,3.299797687E0
2.160964204E1,8.437953186E-1,1.405277710E0,-2.245630188E0,2.780224977E0
2.161958104E1,1.159189453E0,1.245410156E0,-1.667682037E0,2.382421042E0
2.162952004E1,1.467697906E0,1.037342834E0,-1.302441559E0,2.219588096E0
2.163946004E1,1.770368500E0,7.607180786E-1,-1.142873383E0,2.240325019E0
2.164939904E1,2.000889130E0,4.700225830E-1,-1.064137115E0,2.314490514E0
2.165933804E1,2.171833649E0,2.149530029E-1,-1.078207855E0,2.434255198E0
2.166927804E1,2.320025482E0,-1.736389160E-2,-1.238374786E0,2.629903393E0
2.167921704E1,2.457888794E0,-2.345622253E-1,-1.462009735E0,2.869444062E0
2.168915704E1,2.163451080E0,-5.804928589E-1,-1.849853210E0,2.905073052E0
2.169909604E1,1.301543427E0,-1.405277710E0,-3.391197968E0,3.894745741E0
2.170903504E1,2.791694641E-1,-2.456391907E0,-5.457650757E0,5.991472989E0
2.171897504E1,-3.749253387E0,-4.096531219E0,-6.815626831E0,8.791543556E0
2.172891404E1,-2.490221558E1,-1.396550858E1,-1.682665878E1,3.314049209E1
2.173885304E1,-7.265740814E1,-4.786970444E1,-8.522677002E0,8.742564603E1
2.174879304E1,-8.050154617E1,-7.793648026E1,1.291065216E1,1.127886467E2
2.175873204E1,-7.888056702E1,-5.729994415E1,2.817336319E1,1.014848060E2
2.176867104E1,-6.304230286E1,4.623884583E-1,5.275689148E1,8.220605422E1
2.177861104E1,-1.417297714E1,1.286589523E1,7.634019974E1,7.870343472E1
2.178854992E1,-4.469974640E1,-3.327580261E-1,3.966092468E1,5.975924199E1
2.179848892E1,-3.565764954E1,6.321803741E0,6.791676636E0,3.684508169E1
2.180842892E1,-1.709115875E1,4.064048767E-1,2.246378632E0,1.724294318E1
2.181836792E1,-1.066981201E1,-1.216071167E0,-1.291364594E0,1.081625351E1
2.182830792E1,-6.606362000E0,-3.951782227E-1,-1.899400177E0,6.885339914E0
2.183824692E1,-4.264332275E0,-1.926493835E-1,-2.467468872E0,4.930521897E0
2.184818592E1,-2.510279846E0,-5.114863586E-1,-2.170935516E0,3.357988121E0
2.185812592E1,-1.187929688E0,-5.560935974E-1,-1.779050446E0,2.210302585E0
2.186806492E1,-3.939807129E-1,-7.315287781E-1,-2.134411469E0,2.290429539E0
2.187800392E1,-5.987548828E-3,-9.575587463E-1,-2.375260620E0,2.561018863E0
2.188794392E1,1.225950623E-1,-9.761201477E-1,-2.335742798E0,2.534469276E0
2.189788292E1,2.200424194E-1,-8.734336853E-1,-2.528691559E0,2.684322274E0
2.190782192E1,1.026864624E-1,-8.015830994E-1,-2.857557678E0,2.969632277E0
2.191776192E1,-4.433779907E-1,-9.071136475E-1,-3.245401154E0,3.398833309E0
2.192770092E1,-5.698649597E-1,-1.067579956E0,-3.691922607E0,3.885198267E0
2.193763992E1,-9.542655945E-1,-1.117276611E0,-4.491410065E0,4.725642202E0
2.194757992E1,-1.661395111E0,-1.236129456E0,-5.648354187E0,6.015991586E0
2.195751892E1,-1.573976898E0,-1.618434448E0,-6.792574768E0,7.157919063E0
2.196745892E1,-2.429447937E-1,-1.744023285E0,-8.347541199E0,8.531241613E0
2.197739792E1,1.311722260E0,-1.312470703E0,-1.076845688E1,1.092716149E1
2.198733692E1,2.819686432E0,-9.259744263E-1,-1.165147064E1,1.202351148E1
2.199727692E1,4.088298340E0,-7.204518127E-1,-1.109657455E1,1.184766648E1
2.200721592E1,4.370012512E0,-5.935157776E-1,-1.038974442E1,1.128698628E1
2.201715492E1,4.439917145E0,-4.575984192E-1,-8.823251953E0,9.887974292E0
2.202709492E1,4.412973175E0,-5.038522339E-1,-6.819518738E0,8.138429525E0
2.203703392E1,4.391717377E0,-3.971241760E-1,-5.897735596E0,7.363978156E0
2.204697292E1,4.522545319E0,2.191442871E-1,-5.686524811E0,7.268975499E0
2.205691292E1,4.082310791E0,6.730004883E-1,-5.346132660E0,6.760127622E0
2.206685192E1,3.827540588E0,8.399034119E-1,-4.478536835E0,5.950865221E0
2.207679092E1,3.629951477E0,8.818162537E-1,-3.958368530E0,5.442685831E0
2.208673092E1,3.269650726E0,9.877958679E-1,-3.569626923E0,4.940505330E0
2.209666992E1,2.784958649E0,1.195713501E0,-2.870131531E0,4.174132300E0
2.210660992E1,2.250270538E0,1.308728485E0,-2.182611237E0,3.397098696E0
2.211654892E1,1.659449158E0,1.263672180E0,-1.562001801E0,2.605856579E0
2.212648792E1,1.061293030E0,1.129251709E0,-1.019679565E0,1.855073781E0
2.213642792E1,7.433541870E-1,1.091230774E0,-6.756948853E-1,1.483213952E0
2.214636692E1,1.549877014E0,1.274898834E0,-7.484436035E-1,2.141880861E0
2.215630592E1,2.553988953E0,1.395997009E0,-1.475631409E0,3.263304349E0
2.216624592E1,2.857857056E0,1.291963348E0,-1.818717957E0,3.625500138E0
2.217618492E1,2.807411957E0,1.084345093E0,-1.190624084E0,3.236503034E0
2.218612392E1,2.423310699E0,8.780740356E-1,-4.586462402E-1,2.617977298E0
2.219606392E1,2.016007690E0,6.521937561E-1,1.886077881E-2,2.118961876E0
2.220600292E1,2.133513336E0,4.713697815E-1,2.113604736E-1,2.195163292E0
2.221594192E1,1.672621765E0,-2.409988403E-2,4.221221924E-1,1.725233758E0
2.222588192E1,1.082249451E-1,-8.873547363E-1,2.164648590E0,2.341968101E0
2.223582092E1,-2.103126526E-1,-1.202000427E0,8.473878479E-1,1.485632055E0
2.224576092E1,-3.707789612E-1,-1.041683807E0,-1.971400452E-1,1.123141305E0
2.225569992E1,-6.666237488E0,-3.150498505E0,-5.062322845E0,8.943795372E0
2.226563892E1,-5.940875885E1,-2.286659866E1,-1.487995697E1,6.537350443E1
2.227557892E1,-8.112499969E1,-5.108292252E1,5.620811462E-1,9.586994567E1
2.228551792E1,-7.818226913E1,-1.643642029E1,1.937076828E1,8.220614200E1
2.229545692E1,-7.833360443E1,1.629706009E1,4.746973618E1,9.303291677E1
2.230539692E1,-4.662594086E1,7.186555481E-1,7.733772537E1,9.030846357E1
2.231533592E1,-2.478171616E1,-5.387297058E0,5.103142960E1,5.698564058E1
2.232527492E1,-3.809967133E1,-1.661245422E0,2.224075012E0,3.820067017E1
2.233521492E1,-1.768647079E1,-1.576820984E0,-5.811365204E0,1.868340384E1
2.234515392E1,-5.341641998E0,-1.237177277E0,-3.500470734E0,6.505155049E0
2.235509292E1,-1.848655701E-1,-4.429289246E-1,-2.874322815E0,2.914119585E0
2.236503292E1,1.807640991E0,-3.933819580E-1,-2.755170593E0,3.318626269E0
2.237497192E1,1.906734924E0,-7.990383911E-1,-2.950963440E0,3.603093899E0
2.238491192E1,1.971250763E0,-1.141077118E0,-3.363355865E0,4.062025263E0
2.239485092E1,2.271975403E0,-1.316063232E0,-3.724554749E0,4.556994924E0
2.240478992E1,2.263443146E0,-1.435215454E0,-3.625760193E0,4.508786450E0
2.241472992E1,2.167492676E0,-1.453178101E0,-3.328628082E0,4.229599981E0
2.242466892E1,2.020947418E0,-1.401385803E0,-2.918331299E0,3.816381559E0
2.243460792E1,2.295626221E0,-1.416803741E0,-3.339255981E0,4.292768698E0
2.244454792E1,2.881507874E0,-1.472787323E0,-4.586761780E0,5.613427986E0
2.245448692E1,3.237018585E0,-1.738634491E0,-5.486540680E0,6.603277054E0
2.246442592E1,2.786455536E0,-1.994003448E0,-5.822591858E0,6.755957382E0
2.247436592E1,1.114133148E0,-1.933678894E0,-5.986800385E0,6.389224177E0
2.248430492E1,-1.362167358E-2,-2.035616913E0,-7.340435486E0,7.617474312E0
2.249424392E1,-3.430865479E-1,-2.111359406E0,-8.669821014E0,8.929800857E0
2.250418392E1,-4.382885742E-1,-2.099234619E0,-8.964558105E0,9.217493417E0
2.251412292E1,-1.936672668E0,-2.932851105E0,-9.400451660E0,1.003597569E1
2.252406192E1,5.792953491E-2,-2.605631561E0,-1.095242432E1,1.125825342E1
2.253400192E1,1.706002350E0,-2.067500610E0,-1.033450928E1,1.067647343E1
2.254394092E1,2.741548920E0,-2.041454773E0,-8.803942108E0,9.444205880E0
2.255388092E1,3.451672211E0,-1.948498077E0,-8.006400604E0,8.933819813E0
2.256381992E1,3.478167114E0,-1.460961914E0,-8.314310303E0,9.130159473E0
2.257375892E1,3.010539551E0,-1.111289062E0,-7.702382813E0,8.344160399E0
2.258369892E1,3.083138580E0,-9.413923645E-1,-6.027515717E0,6.835415774E0
2.259363792E1,3.307521973E0,-8.297245789E-1,-4.753215637E0,5.849889176E0
2.260357692E1,3.644171906E0,-8.508306885E-1,-4.008813629E0,5.484021193E0
2.261351692E1,3.955374756E0,-6.614744568E-1,-3.120261383E0,5.081197597E0
2.262345592E1,3.588787079E0,-1.567240906E-1,-2.056872711E0,4.139405813E0
2.263339492E1,2.776576080E0,6.944059753E-1,-1.100062408E0,3.066221077E0
2.264333492E1,1.705403595E0,1.429527283E0,-5.460644531E-1,2.291317538E0
2.265327392E1,1.241069183E0,1.715432739E0,-4.034111023E-1,2.155389227E0
2.266321292E1,9.776170349E-1,1.999691620E0,-4.282594299E-1,2.266695344E0
2.267315292E1,7.637118530E-1,2.074386292E0,-4.593946838E-1,2.257737309E0
2.268309192E1,7.277865601E-1,1.811832275E0,-4.776567078E-1,2.010115768E0
2.269303092E1,8.090675354E-1,1.501377869E0,-4.192781067E-1,1.756280135E0
2.270297092E1,8.927435303E-1,1.361718292E0,-2.642005920E-1,1.649566510E0
2.271290992E1,9.288185120E-1,1.283281403E0,-1.034349060E-1,1.587518115E0
2.272284992E1,9.897418213E-1,1.206940155E0,3.293151855E-3,1.560866508E0
2.273278892E1,1.078357544E0,1.131347351E0,1.999841309E-1,1.575688889E0
2.274272792E1,8.958869934E-1,6.063890076E-1,2.066452789E0,2.332498288E0
2.275266792E1,-6.430627441E-1,-3.436853027E-1,2.908302155E0,2.998311308E0
2.276260692E1,2.291734314E-1,-8.800199890E-1,1.112187195E0,1.436633565E0
2.277254592E1,-1.383273468E0,-1.394649811E0,8.069718933E-1,2.123604770E0
2.278248667E1,-2.093890732E1,-6.678362274E0,-5.815706177E0,2.273457281E1
2.279242567E1,-7.461458817E1,-3.127042282E1,9.895023193E0,8.150513845E1
2.280236467E1,-8.002643417E1,-3.307492035E1,4.325794464E1,9.679581756E1
2.281230467E1,-7.846024109E1,7.956254883E0,6.995133545E1,1.054158468E2
2.282224367E1,-7.291966278E1,9.400301971E0,7.849826202E1,1.075528709E2
2.283218267E1,-4.188604752E1,-3.564088440E-1,5.986471069E1,7.306402391E1
2.284212267E1,-2.280163376E1,1.197509766E-1,2.693019836E1,3.528688746E1
2.285206167E1,-2.499756729E1,-8.672964478E-1,3.711831207E0,2.528652338E1
2.286200167E1,-1.400233200E1,-7.084767151E-1,-2.799777832E0,1.429706252E1
2.287194067E1,-4.199517059E0,-4.975653076E-1,-1.947899323E0,4.655945289E0
2.288187967E1,3.312611389E-1,-4.177812195E-1,-1.803000641E0,1.880182544E0
2.289181967E1,1.799557800E0,-4.049079895E-1,-1.890867920E0,2.641541264E0
2.290175867E1,2.271825714E0,-4.810995483E-1,-2.459235992E0,3.382379417E0
2.291169767E1,2.775977325E0,-5.912704468E-1,-3.237467651E0,4.305443955E0
2.292163767E1,3.336860962E0,-8.123606873E-1,-3.759731598E0,5.092165812E0
2.293157667E1,3.583098907E0,-8.461903381E-1,-3.791465607E0,5.284869659E0
2.294151567E1,3.490740967E0,-8.153544617E-1,-3.419339447E0,4.953984018E0
2.295145567E1,3.716172180E0,-7.192543030E-1,-3.310964813E0,5.028891570E0
2.296139467E1,4.159699860E0,-6.468049622E-1,-3.586841125E0,5.530541460E0
2.297133367E1,4.339176636E0,-7.044351196E-1,-3.621868286E0,5.695841693E0
2.298127367E1,3.787573700E0,-6.677613831E-1,-3.275488586E0,5.051776448E0
2.299121267E1,3.097209320E0,-4.842430115E-1,-3.082539825E0,4.396504139E0
2.300115167E1,2.734214172E0,-4.787045288E-1,-3.400478668E0,4.389571772E0
2.301109167E1,8.065228271E-1,-8.722361755E-1,-4.155358887E0,4.321837861E0
2.302103067E1,-1.579216003E-1,-1.345402222E0,-5.241200867E0,5.413430788E0
2.303097067E1,3.505709839E-1,-1.751058655E0,-5.676795044E0,5.951059435E0
2.304090967E1,8.996292114E-1,-1.972298584E0,-6.089935913E0,6.464256635E0
2.305084867E1,1.825004883E0,-2.169588318E0,-7.322023773E0,7.851737924E0
2.306078867E1,3.121907959E0,-2.491269379E0,-8.957672424E0,9.807784035E0
2.307072767E1,4.838687897E0,-3.074606323E0,-9.422755280E0,1.102970633E1
2.308066667E1,6.220464478E0,-3.617976379E0,-9.178313599E0,1.166299155E1
2.309060667E1,6.886728973E0,-3.722608795E0,-8.520581360E0,1.157087546E1
2.310054567E1,6.297853546E0,-2.969375153E0,-6.748416595E0,9.696456808E0
2.311048467E1,5.005441132E0,-1.714833984E0,-5.611381073E0,7.712502451E0
2.312042467E1,4.275558929E0,-9.726773071E-1,-5.300776978E0,6.879298065E0
2.313036367E1,4.271667023E0,-7.270381165E-1,-4.745282135E0,6.425996119E0
2.314030267E1,4.286486206E0,-5.769003296E-1,-3.784430237E0,5.747059266E0
2.315024267E1,4.138743439E0,-2.860551453E-1,-3.060984650E0,5.155642717E0
2.316018167E1,3.936364288E0,5.313949585E-2,-2.555036774E0,4.693186607E0
2.317012167E1,3.609743500E0,2.568658447E-1,-1.870809631E0,4.073838101E0
2.318006067E1,3.098556519E0,4.209246826E-1,-1.224902802E0,3.358365221E0
2.318999967E1,2.475701752E0,5.526507568E-1,-6.703060913E-1,2.623705829E0
2.319993967E1,1.842368774E0,6.810836792E-1,-1.368154907E-1,1.968988613E0
2.320987867E1,1.335672455E0,7.204518127E-1,3.405418396E-1,1.555326482E0
2.321981767E1,1.046024780E0,8.226892090E-1,9.857002258E-1,1.656076783E0
2.322975767E1,9.324110413E-1,9.610015869E-1,1.446442108E0,1.971068028E0
2.323969667E1,6.770420837E-1,9.648934937E-1,1.586999817E0,1.976859594E0
2.324963567E1,-1.513352966E-1,8.587641907E-1,1.624122620E0,1.843407874E0
2.325957567E1,-8.559201050E-1,7.776329041E-1,2.051483917E0,2.354973126E0
2.326951467E1,-1.131347351E0,4.237687683E-1,3.368145905E0,3.578258464E0
2.327945367E1,-7.147636414E-1,-1.074765015E-1,1.722318420E0,1.867838056E0
2.328939367E1,-5.375321960E-1,1.200503540E-1,1.196611633E0,1.317282183E0
2.329933267E1,-9.683363342E-1,1.894460449E0,8.545729065E-1,2.292804070E0
2.330927167E1,-5.792504425E0,1.210981750E0,-1.963017883E0,6.234823456E0
2.331921167E1,-6.719826050E1,2.112556915E0,-1.258882141E-1,6.723157709E1
2.332915067E1,-8.025560760E1,2.742746429E0,1.139026382E1,8.110624711E1
2.333908967E1,-7.802120407E1,-5.461542664E0,1.671918228E1,7.997917097E1
2.334902967E1,-7.266070129E1,-1.025831772E1,4.771911758E1,8.753242130E1
2.335896867E1,-1.580907486E1,-2.669997711E0,6.109215820E1,6.316096524E1
2.336890867E1,-2.781246368E1,-2.175725555E0,1.383737503E1,3.114064652E1
2.337884767E1,-2.321447525E1,-2.050585785E0,-3.324736176E0,2.354082908E1
2.338878667E1,-8.864715729E0,-1.634151764E0,-2.743494873E0,9.422335223E0
2.339872667E1,-2.710263977E0,-9.722282410E-1,-4.050127716E0,4.969335277E0
2.340866567E1,7.128176880E-1,-6.852749634E-1,-4.498445435E0,4.605835664E0
2.341860467E1,1.791624298E0,-9.087602234E-1,-4.462969208E0,4.894267761E0
2.342854467E1,1.930834808E0,-1.179996185E0,-4.455035706E0,4.996784685E0
2.343848367E1,2.003134460E0,-1.215622101E0,-4.015848999E0,4.649443831E0
2.344842267E1,1.975741425E0,-1.281185760E0,-3.734583893E0,4.414986748E0
2.345836267E1,1.706451416E0,-1.408870239E0,-3.458108826E0,4.105533880E0
2.346830167E1,1.636247406E0,-1.470092926E0,-3.192111969E0,3.876603875E0
2.347824067E1,1.737137604E0,-1.629062347E0,-3.594774628E0,4.312063985E0
2.348818067E1,1.747615814E0,-1.935774536E0,-4.411775665E0,5.124953523E0
2.349811967E1,1.582958221E0,-2.268233185E0,-4.547992401E0,5.323051136E0
2.350805867E1,1.100361786E0,-2.626288605E0,-4.616100769E0,5.423704841E0
2.351799867E1,3.058140564E-1,-2.737657013E0,-4.987029419E0,5.697258164E0
2.352793767E1,-8.872050476E-1,-2.724334717E0,-5.421126709E0,6.131700192E0
2.353787767E1,-1.981579285E0,-2.738555145E0,-6.139782257E0,7.008799249E0
2.354781667E1,-2.324965210E0,-2.592009888E0,-7.013365631E0,7.830151720E0
2.355775567E1,-1.115180969E0,-2.310445404E0,-7.704478455E0,8.120392528E0
2.356769567E1,5.493576050E-1,-1.819017334E0,-8.611292725E0,8.818445454E0
2.357763467E1,2.044897614E0,-1.369651794E0,-8.325536957E0,8.681711692E0
2.358757367E1,2.945125580E0,-1.321601715E0,-7.378606110E0,8.053832870E0
2.359751367E1,3.096610565E0,-1.461860046E0,-6.813381500E0,7.625496656E0
2.360745267E1,2.746338959E0,-1.561852112E0,-5.496569824E0,6.339876933E0
2.361739167E1,2.340682526E0,-1.335223389E0,-4.705614624E0,5.422584732E0
2.362733167E1,2.099533997E0,-1.082548828E0,-4.666096802E0,5.229953569E0
2.363727067E1,1.869312744E0,-7.170089722E-1,-4.214336243E0,4.665732736E0
2.364720967E1,1.877994690E0,-2.580633545E-1,-3.113974457E0,3.645586053E0
2.365714967E1,1.970352631E0,1.886077881E-1,-1.686243439E0,2.600246012E0
2.366708867E1,1.772613831E0,6.878196716E-1,-6.854246521E-1,2.021153791E0
2.367702767E1,1.211281128E0,1.144519958E0,-2.926414490E-1,1.691971313E0
2.368696767E1,3.207829285E-1,1.716779938E0,-4.159849548E-1,1.795349137E0
2.369690667E1,-3.433859253E-1,2.364932098E0,-8.113128662E-1,2.523696949E0
2.370684567E1,-1.624122620E-1,1.914518738E0,-7.964936829E-1,2.079942770E0
2.371678567E1,1.604663086E-1,9.237290955E-1,-4.354444885E-1,1.033748896E0
2.372672467E1,6.741979980E-1,4.592449951E-1,-2.414479065E-1,8.507326241E-1
2.373666467E1,1.561403046E0,8.225395203E-1,-4.430786133E-1,1.819579454E0
2.374660367E1,2.210004272E0,1.187181244E0,-8.918453979E-1,2.662500029E0
2.375654267E1,1.981130219E0,1.131347351E0,-1.591789856E0,2.781837292E0
2.376648267E1,1.497635651E0,8.455915833E-1,-2.165397034E0,2.765299619E0
2.377642167E1,9.300160217E-1,6.433621216E-1,-1.706900482E0,2.047523840E0
2.378636054E1,5.876779175E-1,4.899311829E-1,-1.149759064E0,1.381066184E0
2.379630054E1,5.987548828E-1,4.348457336E-1,-1.237925720E0,1.442240726E0
2.380623954E1,8.346643066E-1,-1.332229614E-2,-2.204166412E0,2.356945388E0
2.381617854E1,-1.426533508E-1,-1.343156891E0,-3.897594910E0,4.125005029E0
2.382611854E1,-2.138153687E0,-2.025737457E0,-4.077969818E0,5.030422574E0
2.383605754E1,-8.312364349E0,-4.784650269E0,-6.716981964E0,1.170923251E1
2.384599654E1,-3.662942871E1,-1.537916885E1,-1.560669571E1,4.268258232E1
2.385593654E1,-7.920928345E1,-3.994548294E1,-1.268162842E0,8.872068771E1
2.386587554E1,-7.938097641E1,-6.302583710E1,1.458686646E1,1.024029894E2
2.387581454E1,-7.879374756E1,-2.950948471E1,2.356130402E1,8.737505015E1
2.388575454E1,-7.346572723E1,-5.627846832E0,2.469100479E1,7.770798836E1
2.389569354E1,-4.526826416E1,-9.210796051E0,5.482529022E1,7.169286542E1
2.390563354E1,-2.387684784E1,-7.301217041E0,5.134098587E1,5.709035350E1
2.391557254E1,-2.050226532E1,-1.854493561E0,1.285122574E1,2.426800430E1
2.392551154E1,-8.865913239E0,1.855242004E0,6.382277985E0,1.108060525E1
2.393545154E1,-3.033890991E0,1.937121735E0,1.396745453E0,3.861066306E0
2.394539054E1,-6.078858948E-1,1.537303162E0,-6.679110718E-1,1.782955824E0
2.395532954E1,8.261320496E-1,1.301842804E0,-1.501527557E0,2.152178862E0
2.396526954E1,1.038989410E0,4.188290405E-1,-2.220332794E0,2.486924703E0
2.397520854E1,1.112785950E0,-3.302133179E-1,-2.374811554E0,2.643305378E0
2.398514754E1,1.153800659E0,-7.408094788E-1,-2.563868408E0,2.907486175E0
2.399508754E1,1.181493073E0,-9.418414307E-1,-2.690954132E0,3.086134362E0
2.400502654E1,1.227746887E0,-1.060843964E0,-2.646047516E0,3.103920068E0
2.401496554E1,1.220112762E0,-1.150357819E0,-2.587369537E0,3.083257918E0
2.402490554E1,1.160686340E0,-1.199306030E0,-2.497556305E0,3.003883358E0
2.403484454E1,1.159937897E0,-1.139729919E0,-2.236948242E0,2.765570041E0
2.404478354E1,9.873468018E-1,-1.125659180E0,-1.715283051E0,2.276874665E0
2.405472354E1,3.606001282E-1,-1.113384705E0,-1.652413788E0,2.024877596E0
2.406466254E1,-4.808001709E-1,-9.892927551E-1,-2.561922455E0,2.788066646E0
2.407460154E1,-1.166973267E0,-1.077160034E0,-4.071084137E0,4.369877160E0
2.408454154E1,-1.098116455E0,-1.387614441E0,-4.675377502E0,4.999048747E0
2.409448054E1,-8.556207275E-1,-1.243763580E0,-5.187761993E0,5.402953745E0
2.410442054E1,-5.914201355E-1,-1.068627777E0,-5.698948975E0,5.828358475E0
2.411435954E1,3.335064697E-1,-9.204359436E-1,-6.184090118E0,6.261102098E0
2.412429854E1,1.766925659E0,-4.986131287E-1,-6.352340240E0,6.612326963E0
2.413423854E1,2.296674042E0,-3.576063538E-1,-6.418951721E0,6.826824676E0
2.414417754E1,2.323468323E0,-4.775070190E-1,-5.761369171E0,6.230561189E0
2.415411654E1,1.946252747E0,-5.131329346E-1,-5.300178223E0,5.669488015E0
2.416405654E1,1.567390594E0,-4.487667847E-1,-4.963079224E0,5.224008067E0
2.417399554E1,1.693428497E0,-2.697390747E-1,-4.094734955E0,4.439292015E0
2.418393454E1,2.052681427E0,-1.746867371E-1,-3.448678436E0,4.017138217E0
2.419387454E1,2.421664124E0,-1.652563477E-1,-2.948568420E0,3.819138976E0
2.420381354E1,2.653082886E0,-1.434017944E-1,-2.610271912E0,3.724638550E0
2.421375254E1,2.705024872E0,-3.098556519E-2,-2.314636688E0,3.560289688E0
2.422369254E1,2.698887634E0,2.050735474E-2,-1.948647766E0,3.328910202E0
2.423363154E1,2.645448761E0,6.496490479E-2,-1.541195068E0,3.062336008E0
2.424357054E1,2.379900970E0,8.307723999E-2,-1.076860657E0,2.613514747E0
2.425351054E1,2.157463531E0,5.927673340E-2,-8.580157471E-1,2.322574787E0
2.426344954E1,2.015858002E0,3.472778320E-2,-8.146060181E-1,2.174505108E0
2.427338854E1,1.793869629E0,7.723937988E-2,-8.066725159E-1,1.968414264E0
2.428332854E1,1.811981964E0,2.269281006E-1,-1.131047974E0,2.148032709E0
2.429326754E1,1.832788696E0,3.071612549E-1,-1.888921967E0,2.649809170E0
2.430320754E1,1.961520996E0,4.082011414E-1,-3.139720917E0,3.724518791E0
2.431314654E1,2.140399017E0,4.724176025E-1,-5.361400909E0,5.792159015E0
2.432308554E1,6.002517700E-1,-3.685336304E-1,-9.105115814E0,9.132319159E0
2.433302554E1,-3.059038696E0,-3.052003326E0,-1.270662643E1,1.342128151E1
2.434296454E1,-1.081530945E1,-7.534432068E0,-1.535821243E1,2.023890496E1
2.435290354E1,-3.087449615E1,-1.851709351E1,-2.056348801E1,4.146051500E1
2.436284354E1,-7.353862564E1,-4.410129089E1,-1.624377090E1,8.727378422E1
2.437278254E1,-8.015052612E1,-6.670518585E1,-3.814367981E0,1.043467204E2
2.438272154E1,-7.886215530E1,-5.739065552E1,1.195144684E1,9.826374693E1
2.439266154E1,-7.400400787E1,-2.107467499E1,2.300835388E1,8.031263572E1
2.440260054E1,-4.203768219E1,-3.881428528E-1,3.558070953E1,5.507544162E1
2.441253954E1,4.725223846E0,2.106419678E0,6.876116043E1,6.895550687E1
2.442247954E1,-1.647414185E1,9.931098175E0,3.569312576E1,4.054655703E1
2.443241854E1,-2.030213150E1,3.993395691E0,1.132125732E1,2.358589875E1
2.444235754E1,-1.236458771E1,3.658392334E-1,1.417552185E0,1.245095666E1
2.445229754E1,-9.463919678E0,1.178050232E-1,-7.038363647E-1,9.490787076E0
2.446223654E1,-7.733967133E0,-3.258723450E-1,-1.585203552E0,7.901475223E0
2.447217554E1,-6.193520508E0,-5.083428955E-1,-2.052382050E0,6.544492406E0
2.448211554E1,-4.255350952E0,-5.734574890E-1,-2.034269714E0,4.751328076E0
2.449205454E1,-2.626587982E0,-6.083349609E-1,-2.102976837E0,3.419290486E0
2.450199354E1,-1.493144989E0,-5.209167480E-1,-2.123783569E0,2.647884602E0
2.451193354E1,-6.406677246E-1,-4.764591980E-1,-1.873204651E0,2.036262303E0
2.452187254E1,-1.517843628E-1,-6.083349609E-1,-1.757046204E0,1.865561920E0
2.453181254E1,-1.184037781E-1,-5.875282288E-1,-1.803000641E0,1.900005312E0
2.454175154E1,-2.070195007E-1,-3.462300110E-1,-2.295326843E0,2.330505870E0
2.455169054E1,-5.526507568E-1,-1.366658020E-1,-3.706292725E0,3.749760814E0
2.456163054E1,-1.210532684E0,-2.164498901E-1,-5.057383118E0,5.204744368E0
2.457156954E1,-1.556463318E0,-2.677931213E-1,-5.605842590E0,5.824067510E0
2.458150854E1,-1.312620392E0,-3.697311401E-1,-6.154751129E0,6.304017360E0
2.459144854E1,-5.927673340E-2,-4.918771362E-1,-6.543193359E0,6.561923208E0
2.460138754E1,1.475182343E0,-6.123765564E-1,-7.281757507E0,7.454874941E0
2.461132654E1,2.645897827E0,-8.985813904E-1,-7.995772705E0,8.469982584E0
2.462126654E1,3.485052795E0,-1.301543427E0,-8.103398895E0,8.916539796E0
2.463120554E1,3.972139893E0,-1.705553284E0,-7.462880859E0,8.624465088E0
2.464114454E1,4.308340759E0,-1.741777954E0,-6.914271698E0,8.330830910E0
2.465108454E1,4.461172943E0,-1.652114410E0,-6.624174957E0,8.155442350E0
2.466102354E1,4.328997803E0,-1.578018494E0,-6.300398254E0,7.805471319E0
2.467096254E1,4.087250519E0,-1.388213196E0,-6.062243500E0,7.442012425E0
2.468090254E1,3.529510345E0,-1.026714935E0,-5.792654114E0,6.860497687E0
2.469084154E1,3.220253448E0,-5.697152710E-1,-5.389392700E0,6.303979810E0
2.470078054E1,3.221600647E0,-7.813751221E-2,-4.705015869E0,5.702805496E0
2.471072054E1,3.021017761E0,4.484674072E-1,-4.019591217E0,5.048245723E0
2.472065954E1,2.592608643E0,1.104553070E0,-3.440744934E0,4.447514223E0
2.473059854E1,2.347268829E0,1.492097168E0,-3.218457184E0,4.253762048E0
2.474053854E1,2.304757233E0,1.608255615E0,-3.115171967E0,4.195555792E0
2.475047754E1,2.257605286E0,1.656605072E0,-2.950963440E0,4.068083973E0
2.476041754E1,2.186952209E0,1.485361176E0,-2.731220398E0,3.801134390E0
2.477035654E1,2.060764618E0,1.245859222E0,-2.441872101E0,3.429526989E0
2.478029554E1,1.864522705E0,9.610015869E-1,-2.117796021E0,2.980776569E0
2.479023504E1,1.805994415E0,7.306306458E-1,-1.809437256E0,2.658853165E0
2.480017404E1,1.991458740E0,5.065466309E-1,-1.593735809E0,2.600479039E0
2.481011304E1,2.034868469E0,2.420466614E-1,-1.312919769E0,2.433728537E0
2.482005304E1,1.843416595E0,9.445358276E-2,-1.028511200E0,2.113040821E0
2.482999204E1,1.670376434E0,5.358856201E-2,-7.723937988E-1,1.841092433E0
2.483993104E1,1.896107025E0,-2.975811768E-1,-9.819580078E-1,2.155926236E0
2.484987104E1,1.371148682E0,-9.183403015E-1,-1.534758453E0,2.253637310E0
2.485981004E1,6.920109558E-1,-1.897454224E0,-3.522474976E0,4.060423826E0
2.486974904E1,-1.492695923E0,-3.120261383E0,-4.958289185E0,6.045560673E0
2.487968904E1,-1.560310318E1,-8.936716003E0,-1.119327347E1,2.118044128E1
2.488962804E1,-6.811839706E1,-3.459456024E1,-1.071531738E1,7.714737613E1
2.489956704E1,-8.080032486E1,-6.378775269E1,1.910626831E1,1.047025280E2
2.490950704E1,-7.850335144E1,-2.912373688E1,2.818264389E1,8.834721079E1
2.491944604E1,-7.791312881E1,8.039032745E0,4.335868515E1,8.952685221E1
2.492938504E1,-5.101750854E1,2.782863007E0,7.100394653E1,8.747623065E1
2.493932504E1,-3.140619049E0,-4.192481689E0,6.630027786E1,6.650689615E1
2.494926404E1,-1.599409012E1,-1.078357544E0,2.752027130E1,3.184869081E1
2.495920304E1,-2.652573944E1,7.360194397E-1,3.016826477E0,2.670688712E1
2.496914304E1,-1.192674820E1,-7.978408813E-2,-3.959266663E0,1.256699967E1
2.497908204E1,-3.337010651E0,4.595443726E-1,-4.034111023E0,5.255556380E0
2.498902204E1,5.596861267E-1,1.292861481E0,-3.710933075E0,3.969353053E0
2.499896104E1,2.015259247E0,1.226699066E0,-3.579356689E0,4.286940021E0
2.500890004E1,2.261347504E0,4.351451111E-1,-2.981050873E0,3.766922896E0
2.501884004E1,2.026635590E0,-9.984237671E-2,-2.675536194E0,3.357933031E0
2.502877904E1,1.996847534E0,-3.077600098E-1,-2.533780975E0,3.240703987E0
2.503871804E1,1.965412903E0,-3.839515686E-1,-2.190844116E0,2.968175303E0
2.504865804E1,1.864073639E0,-4.679269409E-1,-1.944755859E0,2.734191198E0
2.505859704E1,1.892215118E0,-5.587879944E-1,-1.844464417E0,2.700883385E0
2.506853604E1,1.966011658E0,-6.253994751E-1,-1.838327179E0,2.763290278E0
2.507847604E1,2.310445404E0,-6.236032104E-1,-2.046843567E0,3.149064546E0
2.508841504E1,2.695744171E0,-6.509962463E-1,-2.462379456E0,3.708658158E0
2.509835404E1,3.194057922E0,-5.830375671E-1,-3.047213287E0,4.452802223E0
2.510829404E1,3.428470459E0,-3.420387268E-1,-3.842060394E0,5.160700364E0
2.511823304E1,2.594853973E0,6.182144165E-2,-4.691843262E0,5.361947615E0
2.512817204E1,1.399140472E0,2.552192688E-1,-5.138065338E0,5.331270614E0
2.513811204E1,1.543590088E0,2.170486450E-2,-5.289250946E0,5.509928950E0
2.514805104E1,1.202599182E0,-3.414399719E-1,-5.426515503E0,5.568653028E0
2.515799004E1,8.448431396E-1,-7.894583130E-1,-5.774541779E0,5.889171174E0
2.516793004E1,7.824229431E-1,-1.257385254E0,-6.107299805E0,6.284291069E0
2.517786904E1,9.377998352E-1,-1.465901642E0,-6.270460510E0,6.507458119E0
2.518780804E1,1.200353851E0,-1.505269775E0,-6.710245972E0,6.980980409E0
2.519774804E1,1.479074249E0,-1.408121796E0,-7.039112091E0,7.329363319E0
2.520768704E1,1.760938110E0,-1.182391205E0,-6.841373291E0,7.162635025E0
2.521762604E1,2.032323761E0,-1.032852173E0,-6.530170441E0,6.916664620E0
2.522756604E1,2.205962677E0,-8.909472656E-1,-6.244264984E0,6.682133159E0
2.523750504E1,2.200274506E0,-6.842271423E-1,-5.474415894E0,5.939579451E0
2.524744404E1,2.167492676E0,-4.396357727E-1,-4.338128815E0,4.869359889E0
2.525738404E1,2.210153961E0,-2.137554932E-1,-3.361110535E0,4.028341590E0
2.526732304E1,2.244133301E0,-7.933502197E-2,-2.526146851E0,3.379918080E0
2.527726204E1,2.320624237E0,7.768844604E-2,-1.858535156E0,2.974136055E0
2.528720204E1,2.419418793E0,1.981878662E-1,-1.385668488E0,2.795164196E0
2.529714104E1,2.233505402E0,3.049159241E-1,-8.487350464E-1,2.408707388E0
2.530708104E1,1.902393951E0,3.264710999E-1,-2.683918762E-1,1.948774057E0
2.531702004E1,1.877096558E0,2.032772827E-1,6.885681152E-2,1.889326441E0
2.532695904E1,1.851200409E0,7.214996338E-2,2.185455322E-1,1.865451881E0
2.533689904E1,1.849254456E0,-8.637039185E-2,1.392105103E-1,1.856497092E0
2.534683804E1,2.121238861E0,-2.748284912E-1,-4.459226990E-1,2.184955848E0
2.535677704E1,2.590513000E0,-4.652325439E-1,-1.811682587E0,3.195214034E0
2.536671704E1,1.436862030E0,-8.042774963E-1,-5.363346863E0,5.610429962E0
2.537665604E1,-2.446961517E0,-2.169588318E0,-9.382189636E0,9.935804774E0
2.538659504E1,-8.631201324E0,-4.539909210E0,-1.193647797E1,1.541388719E1
2.539653504E1,-2.228460892E1,-8.628057861E0,-1.624377090E1,2.889476199E1
2.540647404E1,-6.523389542E1,-2.304293198E1,-1.528995438E1,7.085351459E1
2.541641304E1,-8.044286819E1,-3.701622437E1,3.786974945E0,8.863180630E1
2.542635304E1,-7.831085175E1,-1.383018997E1,1.314057404E1,8.060110633E1
2.543629204E1,-7.860289444E1,5.605243835E0,2.029629364E1,8.137427916E1
2.544623104E1,-6.555737274E1,-1.382674713E0,2.898752014E1,7.169349506E1
2.545617104E1,1.276545410E0,-1.505269775E0,6.843079742E1,6.845925388E1
2.546611004E1,-6.380781097E0,9.467811584E-1,4.188215561E1,4.237600406E1
2.547604904E1,-2.426169754E1,-9.904902649E-1,2.160307617E0,2.437781712E1
2.548598904E1,-1.159503799E1,-1.086740112E0,-6.195616150E-1,1.166232253E1
2.549592804E1,-6.384074249E0,-2.415975952E-1,-1.847458191E0,6.650404137E0
2.550586704E1,-2.550695801E0,2.884501648E-1,-2.582579498E0,3.641286782E0
2.551580704E1,-6.179150391E-1,3.285667419E-1,-3.050207062E0,3.129462928E0
2.552574604E1,1.459465027E-1,-3.502716064E-2,-3.262765045E0,3.266215398E0
2.553568504E1,5.523513794E-1,-2.664459229E-1,-3.445385284E0,3.499537860E0
2.554562504E1,8.360115051E-1,-3.555107117E-1,-3.119213562E0,3.248814607E0
2.555556404E1,9.264234924E-1,-2.713856506E-1,-2.723286896E0,2.889325557E0
2.556550404E1,9.839039612E-1,-1.886077881E-1,-3.030597839E0,3.191890218E0
2.557544304E1,9.125024414E-1,-2.019300842E-1,-4.383484497E0,4.482005444E0
2.558538204E1,6.682104492E-1,-9.220825195E-2,-5.318889313E0,5.361491498E0
2.559532204E1,6.620732117E-1,-4.805007935E-2,-5.671406250E0,5.710122468E0
2.560526104E1,9.921368408E-1,5.044509888E-2,-5.575306091E0,5.663119126E0
2.561520004E1,1.130748596E0,4.939727783E-3,-5.519472198E0,5.634109525E0
2.562514004E1,6.876699829E-1,-3.700305176E-1,-5.615123291E0,5.669164150E0
2.563507904E1,2.073188782E-1,-6.882687378E-1,-6.576723633E0,6.615889110E0
2.564501804E1,7.270381165E-1,-6.807843018E-1,-8.193661194E0,8.253976947E0
2.565495804E1,1.523681488E0,-4.813989258E-1,-9.005423126E0,9.146091837E0
2.566489704E1,2.582729187E0,-5.393284607E-1,-9.171727295E0,9.543686228E0
2.567483604E1,3.344046021E0,-6.117778015E-1,-9.557774506E0,1.014435653E1
2.568477604E1,3.521277466E0,-5.625302124E-1,-9.755513306E0,1.038681256E1
2.569471504E1,3.437751160E0,-3.887416077E-1,-9.069040833E0,9.706531548E0
2.570465404E1,3.090922394E0,-1.115180969E-1,-7.862699432E0,8.449158532E0
2.571459404E1,2.733615417E0,4.221221924E-2,-6.432723083E0,6.989589501E0
2.572453304E1,2.642005920E0,7.274871826E-2,-5.175337830E0,5.811162475E0
2.573447204E1,2.602188721E0,1.460961914E-1,-3.788621521E0,4.598519682E0
2.574441204E1,2.602039032E0,3.131488037E-1,-2.445165253E0,3.584341280E0
2.575435104E1,2.398312683E0,6.114784241E-1,-1.484912109E0,2.886307946E0
2.576429004E1,2.139351196E0,8.879534912E-1,-1.105451202E0,2.566575014E0
2.577423004E1,1.915716248E0,9.800120544E-1,-9.791139221E-1,2.364118534E0
2.578416929E1,1.579964447E0,1.021026764E0,-8.069718933E-1,2.046945760E0
2.579410829E1,1.321452026E0,9.798623657E-1,-5.396278381E-1,1.731347428E0
2.580404829E1,1.037492523E0,8.538244629E-1,-3.758683777E-1,1.395236176E0
2.581398729E1,7.982899475E-1,7.637118530E-1,-2.136058044E-1,1.125233342E0
2.582392629E1,8.849597168E-1,6.024971008E-1,-2.406994629E-1,1.097311573E0
2.583386629E1,1.325493622E0,3.860472107E-1,-5.117857361E-1,1.472375777E0
2.584380529E1,1.775457916E0,1.166075134E-1,-8.976832581E-1,1.992908266E0
2.585374429E1,2.072440338E0,-3.293151855E-1,-8.858578491E-1,2.277762405E0
2.586368429E1,2.188598785E0,-1.724863129E0,-1.047821045E-1,2.788565356E0
2.587362329E1,9.183403015E-1,-2.908002777E0,2.259102173E0,3.795177425E0
2.588356229E1,-7.243437195E-1,-1.929786987E0,-2.529739380E-1,2.076715545E0
2.589350229E1,-2.631078644E0,-2.755769348E0,-9.874964905E-1,3.935986388E0
2.590344129E1,-2.296195038E1,-1.206820404E1,-3.531605988E0,2.617947583E1
2.591338129E1,-7.470964050E1,-4.764457260E1,2.484877670E1,9.202715570E1
2.592332029E1,-8.034257675E1,-6.163822266E1,4.500675797E1,1.108142969E2
2.593325929E1,-7.857101074E1,-2.129546585E1,4.515135727E1,9.308891265E1
2.594319929E1,-6.368940720E1,8.275091858E0,5.450031601E1,8.423242950E1
2.595313829E1,-1.565294952E1,2.995121613E0,6.312852356E1,6.510910896E1
2.596307729E1,2.993025970E0,3.151546326E0,4.667713440E1,4.687904995E1
2.597301729E1,-2.060375427E1,2.040257263E0,2.063593735E1,2.923216123E1
2.598295629E1,-2.469145386E1,-3.466790771E-1,4.282893677E0,2.506254692E1
2.599289529E1,-1.291903473E1,-9.279203796E-1,-1.021176453E0,1.299250922E1
2.600283529E1,-4.521946564E0,-4.448748779E-1,-1.942959595E0,4.941761464E0
2.601277429E1,-1.375639343E-1,3.818559265E-1,-2.303110657E0,2.338601394E0
2.602271329E1,1.155596924E0,8.813671875E-1,-1.656904449E0,2.203983830E0
2.603265329E1,1.488654327E0,7.114704895E-1,-1.568438416E0,2.276462393E0
2.604259229E1,1.932780762E0,3.770658875E-1,-2.027982788E0,2.826753322E0
2.605253129E1,2.235151978E0,2.561174011E-1,-2.581082611E0,3.423957934E0
2.606247129E1,2.548001404E0,3.140469360E-1,-2.759361877E0,3.768954046E0
2.607241029E1,2.814896393E0,5.697152710E-1,-2.478545837E0,3.793600751E0
2.608234929E1,2.833607483E0,8.360115051E-1,-2.331401825E0,3.763466630E0
2.609228929E1,2.679428101E0,1.035247192E0,-2.120789795E0,3.570549124E0
2.610222829E1,2.607128448E0,1.194665680E0,-2.126777344E0,3.570367867E0
2.611216729E1,2.982098694E0,1.244062958E0,-2.373164978E0,4.009054412E0
2.612210729E1,3.466341705E0,1.142873383E0,-2.766846313E0,4.580078920E0
2.613204629E1,3.662134552E0,8.662486267E-1,-2.757116547E0,4.665116056E0
2.614198529E1,3.066373444E0,4.179309082E-1,-3.639232178E0,4.777166857E0
2.615192529E1,1.961970062E0,1.197509766E-2,-5.216651917E0,5.573412523E0
2.616186429E1,1.676513672E0,-2.519261169E-1,-6.589447174E0,6.804041367E0
2.617180329E1,1.404978333E0,-4.963677979E-1,-8.318800964E0,8.451200778E0
2.618174329E1,5.111869812E-1,-6.782395935E-1,-1.000235001E1,1.003834283E1
2.619168229E1,5.957611084E-1,-1.059796143E0,-1.129551086E1,1.136075107E1
2.620162129E1,1.301543427E0,-1.644779663E0,-1.082518890E1,1.102651487E1
2.621156129E1,1.681154022E0,-1.899549866E0,-9.183253326E0,9.527156459E0
2.622150029E1,2.134411469E0,-1.621727600E0,-8.116571503E0,8.547774312E0
2.623143929E1,2.414479065E0,-1.265169067E0,-7.518864441E0,7.997729953E0
2.624137929E1,2.564916229E0,-1.109043732E0,-6.651867371E0,7.214992223E0
2.625131829E1,2.667453003E0,-9.753717041E-1,-5.533842316E0,6.220133942E0
2.626125829E1,2.712209930E0,-8.681945801E-1,-4.380041656E0,5.224424317E0
2.627119729E1,2.781515808E0,-7.604187012E-1,-3.428769836E0,4.480126045E0
2.628113629E1,2.804567871E0,-6.303392029E-1,-2.670147400E0,3.923342400E0
2.629107629E1,2.928061066E0,-4.936734009E-1,-2.302062836E0,3.757226148E0
2.630101529E1,3.199147339E0,-3.932322693E-1,-2.177372131E0,3.889746099E0
2.631095429E1,2.763253784E0,-3.462300110E-1,-1.305435333E0,3.075647591E0
2.632089429E1,2.644999695E0,-3.134481812E-1,-8.141569519E-1,2.785161520E0
2.633083329E1,2.527793427E0,-1.133143616E-1,-2.459385681E-1,2.542255992E0
2.634077229E1,2.056124268E0,1.541793823E-2,2.112107849E-1,2.067001382E0
2.635071229E1,1.657952271E0,6.885681152E-3,5.607339478E-1,1.750221616E0
2.636065129E1,1.510508881E0,-2.395019531E-2,1.057999878E0,1.844335770E0
2.637059029E1,2.245480499E0,-4.667294312E-1,1.716480560E0,2.864668314E0
2.638053029E1,2.056723022E-1,-1.197809143E0,4.056414642E0,4.234565809E0
2.639046929E1,-1.227746887E0,-1.154100037E0,3.563938751E0,3.942203538E0
2.640040829E1,-1.025966492E0,-1.521286469E0,-2.791694641E0,3.340730269E0
2.641034829E1,-5.686824188E0,-3.153342590E0,-3.667523346E0,7.465538583E0
2.642028729E1,-3.243021103E1,-1.065783691E1,-7.516319733E0,3.495430070E1
2.643022629E1,-7.839647369E1,-3.572456039E1,2.313573898E1,8.920489741E1
2.644016629E1,-7.935163742E1,-2.828937195E1,3.606615005E1,9.163917343E1
2.645010529E1,-7.761315262E1,1.412807053E1,6.671746033E1,1.033180688E2
2.646004429E1,-5.917255005E1,4.046834564E0,7.575102493E1,9.620803151E1
2.646998429E1,-5.088308807E1,-4.247118073E0,3.794264786E1,6.361423732E1
2.647992329E1,-3.826223328E1,-1.457668762E0,4.705165558E0,3.857799731E1
2.648986229E1,-1.658730652E1,-1.521735535E0,-1.653461609E0,1.673882767E1
2.649980229E1,-4.194876709E0,-9.141490173E-1,-5.751040649E-1,4.331674470E0
2.650974129E1,4.685256958E-1,-4.813989258E-1,-9.677375793E-1,1.178039590E0
2.651968029E1,1.782942352E0,-4.089495850E-1,-1.181044006E0,2.177381028E0
2.652962029E1,1.740879822E0,-5.742059326E-1,-1.967358856E0,2.689028798E0
2.653955929E1,1.837728424E0,-6.050418091E-1,-2.462678833E0,3.131789965E0
2.654949829E1,2.265838165E0,-6.246510315E-1,-2.844385071E0,3.689815434E0
2.655943829E1,2.461181946E0,-5.652246094E-1,-2.726130981E0,3.716003977E0
2.656937729E1,2.781366119E0,-3.475772095E-1,-2.703527985E0,3.894338323E0
2.657931629E1,3.164718933E0,6.810836792E-2,-2.760110321E0,4.199796859E0
2.658925629E1,3.871100006E0,4.849914551E-1,-3.287463684E0,5.101769246E0
2.659919529E1,4.891977081E0,5.855822754E-1,-4.031716003E0,6.366245385E0
2.660913429E1,5.156327362E0,1.761836243E-1,-4.952002258E0,7.151299106E0
2.661907429E1,2.674338684E0,-5.270539856E-1,-5.486690369E0,6.126470803E0
2.662901329E1,-1.302291870E-1,-7.464976501E-1,-5.697003021E0,5.747178595E0
2.663895229E1,-1.041833496E-1,-1.290316772E0,-6.725813599E0,6.849258362E0
2.664889229E1,-4.432283020E-1,-2.299368439E0,-9.605076141E0,9.886406538E0
2.665883129E1,2.152523804E-1,-2.823728027E0,-1.223136475E1,1.255492163E1
2.666877029E1,9.448352051E-1,-3.288810883E0,-1.423539734E1,1.464088549E1
2.667871029E1,6.486012268E-1,-3.397933960E0,-1.538336014E1,1.576751115E1
2.668864929E1,9.620494080E-1,-2.954555969E0,-1.552316940E1,1.583110004E1
2.669858829E1,2.735711060E0,-3.193908234E0,-1.391985352E1,1.454123402E1
2.670852829E1,3.978277130E0,-3.179238739E0,-1.284314255E1,1.381595304E1
2.671846729E1,4.208049316E0,-2.798580322E0,-1.080677719E1,1.193005298E1
2.672840729E1,4.576133881E0,-2.024090881E0,-8.905131683E0,1.021466179E1
2.673834629E1,4.824916534E0,-1.213975525E0,-7.299720154E0,8.833995159E0
2.674828529E1,4.921465759E0,-6.403683472E-1,-5.501808929E0,7.409507294E0
2.675822529E1,4.763993225E0,-3.695814514E-1,-3.726351013E0,6.059530821E0
2.676816429E1,4.398004303E0,-2.481838989E-1,-2.371668091E0,5.002883831E0
2.677810329E1,4.021237793E0,-3.161425781E-1,-1.258283386E0,4.225349287E0
2.678804329E1,4.058959351E0,-5.514532471E-1,-6.310876465E-1,4.144577579E0
2.679798229E1,4.290677490E0,-6.077362061E-1,-1.805245972E-1,4.337262472E0
2.680792129E1,4.143084412E0,-1.725910950E-1,1.853146362E-1,4.150816503E0
2.681786129E1,3.336711273E0,4.243675232E-1,6.562353516E-1,3.427006675E0
2.682780029E1,2.567610626E0,8.945397949E-1,1.086291046E0,2.927943649E0
2.683773929E1,2.199226685E0,1.071771240E0,2.175276489E0,3.273701179E0
2.684767929E1,1.582958221E0,9.096583557E-1,4.331841888E0,4.700860475E0
2.685761829E1,6.376739502E-1,4.462220764E-1,4.812043304E0,4.874577210E0
2.686755729E1,-4.340972900E-1,1.088237000E-1,4.960235138E0,4.980383086E0
2.687749729E1,-1.093925171E0,-1.657054138E-1,4.338428192E0,4.477285979E0
2.688743629E1,-3.074606323E-1,-1.002914429E-2,1.647623749E0,1.676095654E0
2.689737529E1,-1.103205872E-1,2.993774414E-2,1.603465576E0,1.607534993E0
2.690731529E1,-9.744735718E-1,-1.616638184E-2,2.734663239E0,2.903143662E0
2.691725429E1,-3.299738159E0,-1.890568542E-1,2.035766602E0,3.881798561E0
2.692719329E1,-4.539759521E0,1.071322174E0,-1.468895416E0,4.890276215E0
2.693713329E1,-2.624342651E0,9.598040771E-1,-3.612737274E0,4.567304329E0
2.694707229E1,-3.588203293E1,3.608845367E0,-2.469399857E1,4.370740918E1
2.695701129E1,-8.046921341E1,-1.197195419E1,-6.967156723E1,1.071109204E2
2.696695129E1,-7.798153656E1,-3.324496674E1,-6.345020462E1,1.058880367E2
2.697689029E1,-7.613647339E1,-2.086241638E1,-2.300850357E1,8.222769749E1
2.698682929E1,-4.928411316E1,-8.098309479E0,5.534141693E0,5.025070299E1
2.699676929E1,-2.088921066E1,-4.456981659E0,1.331316513E1,2.516871418E1
2.700670829E1,-1.362721207E1,-3.930376740E0,6.267466736E0,1.550580244E1
2.701664729E1,-1.067550018E1,-3.188818817E0,2.909948730E-1,1.114538235E1
2.702658729E1,-6.164929962E0,-1.881287842E0,-4.839436340E-1,6.463730101E0
2.703652629E1,-1.439855804E0,-7.710466003E-1,-1.007704468E0,1.919157600E0
2.704646529E1,5.926176453E-1,-7.185058594E-1,-3.195554810E0,3.328515718E0
2.705640529E1,1.110690308E0,-7.719447327E-1,-4.700824585E0,4.891552249E0
2.706634429E1,1.536704407E0,-6.698570251E-1,-4.935386810E0,5.212313482E0
2.707628329E1,1.645827484E0,-5.813909912E-1,-5.089566193E0,5.380562017E0
2.708622329E1,1.723964996E0,-5.122348022E-1,-4.678221588E0,5.012005290E0
2.709616229E1,1.748364258E0,-5.406756592E-1,-4.204456787E0,4.585473217E0
2.710610129E1,2.098785553E0,-5.598358154E-1,-4.476141815E0,4.975355514E0
2.711604129E1,2.167193298E0,-6.574328613E-1,-4.962330780E0,5.454692616E0
2.712598029E1,1.822460175E0,-1.017883301E0,-5.535937958E0,5.916422616E0
2.713591929E1,1.140628052E0,-1.353784790E0,-5.907465363E0,6.167001915E0
2.714585929E1,-5.474116516E-1,-1.331032104E0,-5.851930847E0,6.026309038E0
2.715579829E1,-2.935096436E0,-1.103205872E0,-5.776637421E0,6.572776747E0
2.716573729E1,-4.000281372E0,-1.172511749E0,-5.443280640E0,6.856116902E0
2.717567729E1,-3.931125183E0,-1.649569702E0,-4.994214478E0,6.566353909E0
2.718561629E1,-3.286415863E0,-1.601519623E0,-4.487817535E0,5.788428160E0
2.719555529E1,-2.188598785E0,-1.024469604E0,-4.443958740E0,5.058485139E0
2.720549529E1,-9.148974609E-1,-2.698887634E-1,-4.810097351E0,4.903765271E0
2.721543429E1,-7.349716187E-2,5.269042969E-2,-5.716163177E0,5.716878483E0
2.722537329E1,7.460485840E-1,3.844006348E-1,-6.833739166E0,6.885081214E0
2.723531329E1,1.939217377E0,6.131250000E-1,-7.704628143E0,7.968549500E0
2.724525229E1,2.869832153E0,4.508624268E-1,-7.795788574E0,8.319467111E0
2.725519129E1,3.049159241E0,4.421804810E-1,-7.426805878E0,8.040543588E0
2.726513129E1,2.893932037E0,1.125659180E-1,-6.294261017E0,6.928581058E0
2.727507029E1,2.837798767E0,-3.844006348E-1,-4.558620300E0,5.383482584E0
2.728500929E1,3.091820526E0,-6.527925110E-1,-3.458857269E0,4.684995820E0
2.729494929E1,3.561543732E0,-5.423222351E-1,-3.068169708E0,4.732057958E0
2.730488829E1,3.724704437E0,-9.430389404E-2,-2.846031647E0,4.688519223E0
2.731482729E1,3.439996490E0,2.299218750E-1,-2.511028290E0,4.265173267E0
2.732476729E1,3.018473053E0,3.692820740E-1,-2.205363922E0,3.756484906E0
2.733470629E1,2.478396149E0,4.450245667E-1,-1.937720490E0,3.177303106E0
2.734464629E1,1.853296051E0,4.999603271E-1,-1.632205811E0,2.519675056E0
2.735458529E1,1.239871674E0,4.493655396E-1,-1.204994202E0,1.786399222E0
2.736452429E1,7.937992859E-1,3.638932800E-1,-7.688012695E-1,1.163439305E0
2.737446429E1,5.047503662E-1,2.260299683E-1,-4.475692749E-1,7.114637971E-1
2.738440329E1,3.782633972E-1,2.121089172E-1,-2.091151428E-1,4.814587557E-1
2.739434229E1,4.041595459E-1,2.640509033E-1,3.817062378E-1,6.154408745E-1
2.740428229E1,5.529501343E-1,2.297721863E-1,9.258247375E-1,1.102588116E0
2.741422129E1,1.332229614E-1,1.026864624E-1,1.260229340E0,1.271405071E0
2.742416029E1,1.939965820E-1,-8.532257080E-2,2.627785492E0,2.636317736E0
2.743410029E1,9.515711975E-1,-5.975573730E-1,4.132905579E-1,1.197234999E0
2.744403929E1,-9.672885132E-1,-1.025667114E0,2.245330811E-3,1.409838692E0
2.745397829E1,-7.465575256E0,-2.171384583E0,-3.531156921E-1,7.782956739E0
2.746391829E1,-4.376015030E1,-8.118966522E0,-5.967490540E0,4.490522592E1
2.747385729E1,-7.981567245E1,-1.349309097E1,3.013922516E1,8.637695275E1
2.748379629E1,-7.875363098E1,-2.538720703E-1,4.774651062E1,9.209738389E1
2.749373629E1,-7.497952927E1,5.139113159E0,7.753411697E1,1.079809223E2
2.750367529E1,-4.634781921E1,4.188290405E0,6.771753067E1,8.216645351E1
2.751361429E1,-3.470323425E1,4.114493866E0,3.668496323E1,5.066586676E1
2.752355429E1,-3.405029205E1,8.783734131E-1,9.743238831E0,3.542773817E1
2.753349329E1,-2.153736282E1,3.408412170E-1,-4.311783600E0,2.196737690E1
2.754343229E1,-8.894204407E0,-4.041595459E-3,-3.953279114E0,9.733206261E0
2.755337229E1,-2.524949341E0,3.085084534E-1,-3.109483795E0,4.017391705E0
2.756331129E1,5.258564758E-1,3.936813354E-1,-2.205663300E0,2.301404054E0
2.757325029E1,1.565444641E0,2.993774414E-2,-1.897903290E0,2.460396328E0
2.758319029E1,1.719324646E0,-4.198768616E-1,-2.053130493E0,2.710667563E0
2.759312929E1,1.816322937E0,-5.864804077E-1,-2.026186523E0,2.783598410E0
2.760306829E1,2.160008240E0,-6.334826660E-1,-1.934277649E0,2.967889133E0
2.761300829E1,2.175575867E0,-5.565426636E-1,-1.480571136E0,2.689788278E0
2.762294729E1,2.356699219E0,-2.568658447E-1,-1.063688049E0,2.598354005E0
2.763288629E1,2.621049500E0,3.637435913E-2,-8.024812317E-1,2.741386456E0
2.764282629E1,2.763553162E0,9.190887451E-2,-5.346881104E-1,2.816303374E0
2.765276529E1,3.058739319E0,-6.077362061E-2,-8.845106506E-1,3.184641070E0
2.766270429E1,3.507356415E0,-3.382965088E-2,-1.750010834E0,3.919850939E0
2.767264429E1,2.518662415E0,-3.899391174E-1,-3.890559540E0,4.651039282E0
2.768258329E1,1.119671631E-1,-1.374890900E0,-6.334377594E0,6.482838972E0
2.769252229E1,-1.050216064E0,-2.249522095E0,-7.795788574E0,8.181541599E0
2.770246229E1,-9.285191345E-1,-3.075354767E0,-8.925788727E0,9.486287953E0
2.771240129E1,-1.228046265E0,-3.877536621E0,-1.075812836E1,1.150133530E1
2.772234029E1,-9.463320923E-1,-4.189487915E0,-1.190279800E1,1.265400939E1
2.773228029E1,-5.348377991E-1,-4.011208649E0,-1.249796036E1,1.313677508E1
2.774221929E1,3.135978699E-1,-4.082161102E0,-1.266381546E1,1.330919250E1
2.775215829E1,1.122815094E0,-4.158053284E0,-1.208736420E1,1.283177673E1
2.776209829E1,2.032922516E0,-3.998485107E0,-1.144265488E1,1.229044376E1
2.777203729E1,3.156785431E0,-3.488645325E0,-1.091859467E1,1.188914000E1
2.778197629E1,3.970343628E0,-2.887345734E0,-9.709109802E0,1.087966944E1
2.779191654E1,4.160448303E0,-2.271975403E0,-8.257727966E0,9.521621368E0
2.780185554E1,3.941154327E0,-1.711840210E0,-6.734645233E0,7.988650747E0
2.781179454E1,3.581152954E0,-1.259031830E0,-5.479954376E0,6.666312144E0
2.782173454E1,3.217409363E0,-9.376501465E-1,-4.489164734E0,5.602098786E0
2.783167354E1,2.841091919E0,-6.840774536E-1,-3.476819916E0,4.541810430E0
2.784161254E1,2.503094788E0,-4.529580688E-1,-2.478994904E0,3.551910790E0
2.785155254E1,2.163002014E0,-2.442919922E-1,-1.497186584E0,2.641935646E0
2.786149154E1,2.048190765E0,-9.175918579E-2,-8.267308044E-1,2.210653519E0
2.787143054E1,2.745440826E0,-1.243913269E-1,-5.677693176E-1,2.806293023E0
2.788137054E1,3.588188324E0,-1.404080200E-1,-5.848338318E-1,3.638246895E0
2.789130954E1,3.989204407E0,2.619552612E-2,2.436932373E-1,3.996726710E0
2.790124854E1,3.181035004E0,3.936813354E-1,9.466314697E-1,3.342166936E0
2.791118854E1,5.825885010E-1,4.602928162E-1,3.791465607E0,3.863481627E0
2.792112754E1,-8.698411560E-1,2.200424194E-1,7.399113464E0,7.453316199E0
2.793106654E1,-1.545685730E0,-3.472778320E-2,7.022646332E0,7.190821365E0
2.794100654E1,-1.247505798E0,9.430389404E-3,4.267026672E0,4.445658137E0
2.795094554E1,-1.092727661E-1,-1.242416382E-2,1.824106750E0,1.827419036E0
2.796088454E1,3.727249146E-1,3.592529297E-3,5.498066711E-1,6.642470503E-1
2.797082454E1,-1.696272583E0,3.532653809E-2,3.049608307E0,3.489799345E0
2.798076354E1,-1.106349335E0,1.954934692E-1,6.340814209E-1,1.290072012E0
2.799070254E1,-1.678998505E1,-9.806108093E-1,-2.222278748E0,1.696477876E1
2.800064254E1,-7.775041718E1,-3.064876556E0,-1.659209656E1,7.956015653E1
2.801058154E1,-7.871695724E1,1.200802917E0,-1.337663315E1,7.985446512E1
2.802052054E1,-7.811925018E1,-7.775879974E0,3.026376617E1,8.413665730E1
2.803046054E1,-6.470549423E1,-1.553469543E0,5.373660416E1,8.412393760E1
2.804039954E1,-4.200011032E1,-8.000862122E-1,8.846154327E0,4.292905603E1
2.805033854E1,-2.257515472E1,-1.839075623E0,1.780397644E0,2.271980690E1
2.806027854E1,-1.179681839E1,-1.584455109E0,-1.378633118E-1,1.190354688E1
2.807021754E1,-4.165388031E0,-1.372495880E0,-1.847907257E0,4.759092731E0
2.808015654E1,-1.493893433E-1,-1.051263885E0,-2.405647430E0,2.629565077E0
2.809009654E1,1.103804626E0,-7.765850830E-1,-3.049757996E0,3.335040161E0
2.810003554E1,1.467847595E0,-6.683601379E-1,-3.235222321E0,3.614961314E0
2.810997454E1,1.436562653E0,-6.147715759E-1,-3.359913025E0,3.705492124E0
2.811991454E1,1.454824677E0,-5.472619629E-1,-3.436254272E0,3.771452495E0
2.812985354E1,1.476379852E0,-5.610333252E-1,-3.548670502E0,3.884265463E0
2.813979254E1,1.420396271E0,-6.798861694E-1,-3.592080231E0,3.922092701E0
2.814973254E1,1.391656036E0,-8.422984314E-1,-3.323239288E0,3.700012505E0
2.815967154E1,1.679507446E0,-9.903405762E-1,-3.833079071E0,4.300466822E0
2.816961054E1,1.925446014E0,-1.239123230E0,-4.781207428E0,5.301199223E0
2.817955054E1,2.262994080E0,-1.584754486E0,-5.450615387E0,6.110793490E0
2.818948954E1,2.308798828E0,-1.800306244E0,-5.377567291E0,6.122898380E0
2.819942854E1,2.018851776E0,-1.833986206E0,-4.620741119E0,5.365679490E0
2.820936854E1,1.689686279E0,-1.842817841E0,-3.879781952E0,4.615595878E0
2.821930754E1,1.482966156E0,-1.753004608E0,-3.743864594E0,4.391894337E0
2.822924654E1,1.542242889E0,-1.251248016E0,-4.053420868E0,4.513796125E0
2.823918654E1,9.175918579E-1,-1.299447784E0,-5.768554230E0,5.983874770E0
2.824912554E1,5.051994324E-1,-1.914668427E0,-8.310119019E0,8.542789928E0
2.825906454E1,1.182540894E0,-1.605860596E0,-8.899443512E0,9.120158225E0
2.826900454E1,2.201322327E0,-1.692829742E0,-9.311087494E0,9.716369839E0
2.827894354E1,2.647993469E0,-2.115999756E0,-7.906258850E0,8.602223746E0
2.828888254E1,3.334016876E0,-2.346520386E0,-5.812862091E0,7.100083953E0
2.829882254E1,4.196523285E0,-2.561323700E0,-5.696853333E0,7.524980044E0
2.830876154E1,4.876259766E0,-2.576442261E0,-5.719905396E0,7.945645459E0
2.831870054E1,5.365143127E0,-2.354603577E0,-5.390590210E0,7.961619282E0
2.832864054E1,5.157375183E0,-1.582658844E0,-5.473068695E0,7.684907855E0
2.833857954E1,4.698279877E0,-9.036708069E-1,-5.600304108E0,7.365722017E0
2.834851854E1,4.202959900E0,-3.475772095E-1,-5.272036743E0,6.751300116E0
2.835845854E1,3.801794128E0,2.005828857E-2,-4.246818695E0,5.699957014E0
2.836839754E1,3.417692871E0,2.210902405E-1,-2.952160950E0,4.521588187E0
2.837833654E1,3.121907959E0,4.174818420E-1,-1.926793213E0,3.692307203E0
2.838827654E1,2.490371246E0,5.445675659E-1,-1.210981750E0,2.822229540E0
2.839821554E1,1.790726166E0,5.474116516E-1,-6.816824341E-1,1.992749522E0
2.840815454E1,1.466500397E0,5.530998230E-1,-2.969824219E-1,1.595224557E0
2.841809454E1,1.391955414E0,5.420228577E-1,-4.580474854E-2,1.494465365E0
2.842803354E1,1.542691956E0,5.908213806E-1,1.025367737E-1,1.655138110E0
2.843797254E1,1.904639282E0,6.971003723E-1,1.269360352E-1,2.032169403E0
2.844791254E1,2.470013580E0,6.870712280E-1,-1.293310547E-1,2.567052879E0
2.845785154E1,3.463796997E0,3.760180664E-1,-1.614841919E0,3.840181460E0
2.846779054E1,1.333876190E0,-1.188678131E0,-4.184847565E0,4.550289060E0
2.847773054E1,-2.221081238E0,-2.685565338E0,-4.969665527E0,6.069846662E0
2.848766954E1,-5.642965393E0,-2.892884216E0,-6.547833710E0,9.115150235E0
2.849760854E1,-4.852908325E1,-1.750669464E1,-1.848790421E1,5.480290942E1
2.850754854E1,-8.118891678E1,-4.763529190E1,-2.697390747E-1,9.413200307E1
2.851748754E1,-7.835351303E1,-2.400632858E1,1.952554642E1,8.424264822E1
2.852742654E1,-7.850200424E1,1.191746750E1,2.425600937E1,8.302375980E1
2.853736654E1,-5.903977615E1,1.155911270E1,6.568281189E1,8.907042176E1
2.854730554E1,-3.537937820E1,8.551716614E0,5.236590454E1,6.377319357E1
2.855724454E1,-3.095218460E1,4.146976318E0,1.584425171E1,3.501821606E1
2.856718454E1,-1.403601196E1,-2.254312134E-1,7.807913361E0,1.606312429E1
2.857712354E1,-1.124551483E1,-8.011340332E-1,-8.184979248E-1,1.130368782E1
2.858706354E1,-7.801177368E0,-5.878276062E-1,-2.182162170E0,8.121929658E0
2.859700254E1,-3.815116425E0,-5.966592407E-1,-2.298919373E0,4.494012223E0
2.860694154E1,-1.225651245E0,-4.270619202E-1,-2.414029999E0,2.740829016E0
2.861688054E1,4.131408691E-1,-4.453239441E-1,-2.321222992E0,2.399390542E0
2.862682054E1,1.035995636E0,-5.541476440E-1,-2.713407440E0,2.956847393E0
2.863675954E1,1.328337708E0,-6.554869080E-1,-3.147055664E0,3.478232813E0
2.864669854E1,1.557511139E0,-7.375163269E-1,-3.109932861E0,3.555482201E0
2.865663854E1,1.634750519E0,-8.177494812E-1,-2.762505341E0,3.312485355E0
2.866657754E1,1.548978882E0,-9.425898743E-1,-2.088307343E0,2.765653414E0
2.867651654E1,1.276395721E0,-1.244362335E0,-1.590143280E0,2.388761041E0
2.868645654E1,6.963519287E-1,-1.357377319E0,-1.814526672E0,2.370629925E0
2.869639554E1,-5.614823914E-1,-1.126257935E0,-3.345393219E0,3.574265687E0
2.870633454E1,-2.754122772E0,-1.274300079E0,-6.192772064E0,6.896336620E0
2.871627454E1,-4.430037689E0,-1.960622864E0,-8.428522797E0,9.721587961E0
2.872621354E1,-4.958588562E0,-2.442620544E0,-9.759255524E0,1.121592903E1
2.873615254E1,-3.054398346E0,-2.595602417E0,-1.059421921E1,1.132713476E1
2.874609254E1,2.201921082E-1,-2.068698120E0,-1.099343903E1,1.118855210E1
2.875603154E1,1.544338531E0,-1.794019318E0,-1.127515320E1,1.152096205E1
2.876597054E1,2.698737946E0,-1.681004333E0,-1.101155136E1,1.146137974E1
2.877591054E1,3.474275208E0,-1.740580444E0,-9.939780121E0,1.067236794E1
2.878584933E1,3.972888336E0,-1.794767761E0,-9.088949432E0,1.008037870E1
2.879578833E1,4.320465546E0,-1.475781097E0,-7.537276154E0,8.812200871E0
2.880572833E1,4.233346710E0,-1.123413849E0,-6.243067474E0,7.626216266E0
2.881566733E1,4.142635345E0,-8.202941895E-1,-5.335953827E0,6.804903629E0
2.882560633E1,4.139940948E0,-2.019300842E-1,-4.318369904E0,5.985666666E0
2.883554633E1,3.830833740E0,4.189787292E-1,-3.323688354E0,5.088981686E0
2.884548533E1,3.273991699E0,9.608518982E-1,-2.562820587E0,4.267353674E0
2.885542433E1,2.751428375E0,1.141825562E0,-2.147584076E0,3.672361785E0
2.886536433E1,2.473306732E0,1.101259918E0,-2.008672943E0,3.371169914E0
2.887530333E1,2.261946259E0,1.213676147E0,-1.910776520E0,3.200074620E0
2.888524233E1,2.082768860E0,1.208586731E0,-1.744921417E0,2.973778533E0
2.889518233E1,1.881437531E0,1.056203613E0,-1.594484253E0,2.682862890E0
2.890512133E1,1.670376434E0,8.616082764E-1,-1.438807983E0,2.367001197E0
2.891506133E1,1.356479187E0,6.679110718E-1,-1.161285095E0,1.906495229E0
2.892500033E1,9.431886292E-1,4.905299377E-1,-7.674540710E-1,1.311186547E0
2.893493933E1,5.098397827E-1,3.143463135E-1,-3.167413330E-1,6.775509434E-1
2.894487833E1,3.535647583E-1,3.860472107E-1,2.941383362E-1,6.004646934E-1
2.895481833E1,3.526666260E-1,4.950205994E-1,9.595046997E-1,1.135811785E0
2.896475733E1,-1.466949463E-2,5.542973328E-1,1.357527008E0,1.466403868E0
2.897469633E1,-7.294331360E-1,1.002315674E0,7.333250427E-1,1.440303797E0
2.898463633E1,-1.245410156E0,1.626966705E0,3.353027344E-1,2.076173172E0
2.899457533E1,-3.939807129E-1,1.250349884E0,4.490661621E-1,1.385733038E0
2.900451433E1,2.962339783E-1,2.670446777E-1,-1.024319916E0,1.099226419E0
2.901445433E1,-1.773661652E0,2.975811768E-1,5.827381897E-1,1.890506284E0
2.902439333E1,-1.290062302E1,-7.402107239E-1,-9.756710815E-1,1.295862339E1
2.903433233E1,-6.467989746E1,-8.737929382E0,1.120854172E1,6.622289599E1
2.904427233E1,-8.064749268E1,-1.437909851E1,4.210100052E1,9.210467303E1
2.905421133E1,-7.852131409E1,-1.651171371E1,6.703435135E1,1.045554289E2
2.906415033E1,-6.960540482E1,-9.673334198E0,7.123012619E1,1.000610646E2
2.907409033E1,-3.227004410E1,-2.325713654E0,4.529910004E1,5.566662514E1
2.908402933E1,-2.934826996E1,-2.382445679E0,7.912246399E0,3.048935290E1
2.909396833E1,-1.979483643E1,-2.935545502E0,-2.262245636E0,2.013878675E1
2.910390833E1,-1.081770447E1,-2.587668915E0,-2.460283813E0,1.139174073E1
2.911384733E1,-4.915627899E0,-1.969903564E0,-2.941383362E0,6.057693767E0
2.912378633E1,-1.156495056E0,-1.665885773E0,-3.298390961E0,3.871955469E0
2.913372633E1,4.260140991E-1,-1.532513123E0,-3.560495911E0,3.899643011E0
2.914366533E1,1.100212097E0,-1.625619507E0,-3.787424011E0,4.265874597E0
2.915360433E1,1.353036346E0,-1.715283051E0,-3.765868835E0,4.353696290E0
2.916354433E1,1.525028687E0,-1.768422546E0,-3.694766693E0,4.370850228E0
2.917348333E1,1.576521606E0,-1.848805389E0,-3.406466217E0,4.184198111E0
2.918342233E1,1.411564636E0,-2.010469208E0,-3.074756012E0,3.935559133E0
2.919336233E1,1.194515991E0,-2.120340729E0,-2.643053741E0,3.592832634E0
2.920330133E1,8.150550842E-1,-2.296374664E0,-2.660118256E0,3.607475644E0
2.921324033E1,3.894900513E-1,-2.564616852E0,-3.910019073E0,4.692250127E0
2.922318033E1,-2.755769348E-1,-2.638862457E0,-5.082680511E0,5.733513661E0
2.923311933E1,-1.661095734E0,-2.051184540E0,-6.320456543E0,6.849435595E0
2.924305833E1,-2.670596466E0,-1.320404205E0,-7.665559387E0,8.224132384E0
2.925299833E1,-2.511926422E0,-8.707392883E-1,-7.779622192E0,8.221343121E0
2.926293733E1,-1.593137054E0,-1.219514008E0,-7.527696075E0,7.790475486E0
2.927287633E1,-5.899232483E-1,-1.441203003E0,-8.065677338E0,8.214634894E0
2.928281633E1,4.670288086E-2,-1.068927155E0,-8.859326935E0,8.923702155E0
2.929275533E1,6.554869080E-1,-5.188211060E-1,-8.867260437E0,8.906578809E0
2.930269433E1,1.523980865E0,-1.047821045E-2,-8.365952911E0,8.503634258E0
2.931263433E1,2.279609528E0,9.400451660E-2,-7.870782623E0,8.194795638E0
2.932257333E1,2.430944824E0,-1.344204712E-1,-6.698121185E0,7.126877929E0
2.933251233E1,2.115999756E0,8.981323242E-4,-6.143075409E0,6.497294149E0
2.934245233E1,1.277593231E0,1.311273193E-1,-5.729335785E0,5.871518319E0
2.935239133E1,8.283773804E-1,5.022056580E-1,-4.472399597E0,4.576109457E0
2.936233033E1,6.997947693E-1,1.035247192E0,-3.578608246E0,3.790499498E0
2.937227033E1,8.725355530E-1,8.833131409E-1,-3.188818817E0,3.422006114E0
2.938220933E1,1.154549103E0,9.355545044E-1,-2.329306183E0,2.762953701E0
2.939214833E1,1.350341949E0,1.080004120E0,-1.592238922E0,2.350543993E0
2.940208833E1,1.266815643E0,1.283580780E0,-9.767189026E-1,2.050946442E0
2.941202733E1,8.863069153E-1,1.415306854E0,-4.198768616E-1,1.721897215E0
2.942196633E1,6.087840271E-1,1.423839111E0,-4.535568237E-2,1.549191061E0
2.943190633E1,3.763174438E-1,1.313967590E0,2.495310974E-1,1.389385265E0
2.944184533E1,2.787203979E-1,1.048868866E0,7.229965210E-2,1.087675594E0
2.945178433E1,6.575825500E-1,8.412506104E-1,-2.516267395E-1,1.097011128E0
2.946172433E1,1.315314789E0,6.863227844E-1,-7.911048889E-1,1.681350321E0
2.947166333E1,1.669927368E0,4.860392761E-1,-1.474882965E0,2.280388422E0
2.948160233E1,1.430724792E0,4.450245667E-1,-1.715881805E0,2.277997074E0
2.949154233E1,8.979826355E-1,4.673281860E-1,-1.490151215E0,1.801476919E0
2.950148133E1,9.219328308E-1,1.649569702E-1,-2.511627045E0,2.680567358E0
2.951142033E1,-6.096821594E-1,-1.015787659E0,-4.781357117E0,4.925942832E0
2.952136033E1,-3.401676178E0,-1.628313904E0,-4.417763214E0,5.808565985E0
2.953129933E1,-1.540686127E1,-5.920338593E0,-6.296057281E0,1.766528008E1
2.954123833E1,-5.154785568E1,-1.904309967E1,-3.243455200E0,5.504853379E1
2.955117833E1,-8.035994064E1,-4.561748795E1,3.079141891E1,9.740013730E1
2.956111733E1,-7.907576111E1,-4.177168533E1,4.511258789E1,1.001648405E2
2.957105633E1,-7.521049896E1,1.269060974E0,5.388988541E1,9.253296396E1
2.958099633E1,-4.494793030E1,-2.302362213E0,7.801551590E1,9.006685312E1
2.959093533E1,-2.767070847E1,-1.013871643E1,6.423397476E1,7.067153028E1
2.960087433E1,-4.046400467E1,-2.627186737E0,1.991713211E1,4.517665255E1
2.961081433E1,-2.472303818E1,-1.369202728E0,-6.384223938E-1,2.476915251E1
2.962075333E1,-1.100152222E1,-1.797761536E-1,1.183588715E0,1.106646704E1
2.963069233E1,-5.655988312E0,1.582060089E0,-9.659413147E-1,5.951987948E0
2.964063233E1,-1.367705841E0,1.923799438E0,-2.124681702E0,3.175829951E0
2.965057133E1,6.744973755E-1,9.051676941E-1,-2.027234344E0,2.320334965E0
2.966051033E1,1.285377045E0,-1.377136230E-2,-2.148631897E0,2.503797681E0
2.967045033E1,1.684447174E0,-6.487509155E-1,-2.874622192E0,3.394361911E0
2.968038933E1,2.050436096E0,-1.004411316E0,-3.296295319E0,4.009824573E0
2.969032833E1,2.196382599E0,-1.039737854E0,-3.209475861E0,4.025653565E0
2.970026833E1,2.188898163E0,-9.645941162E-1,-3.136427765E0,3.944476657E0
2.971020733E1,2.007325745E0,-8.949888611E-1,-3.017125854E0,3.732748334E0
2.972014633E1,1.923500061E0,-8.449928284E-1,-2.778671722E0,3.483515739E0
2.973008633E1,1.984573059E0,-7.548802185E-1,-2.298021240E0,3.128781870E0
2.974002533E1,2.170486450E0,-7.342231750E-1,-1.825603638E0,2.929662735E0
2.974996433E1,2.277813263E0,-9.139993286E-1,-1.521436157E0,2.887662725E0
2.975990433E1,2.249522095E0,-6.276448059E-1,-1.998045044E0,3.073511291E0
2.976984333E1,1.910626831E0,7.170089722E-2,-3.604654083E0,4.080339075E0
2.977978233E1,1.753154297E0,-3.830534363E-1,-5.665867767E0,5.943259836E0
2.978972258E1,-1.330732727E-1,-1.425186310E0,-6.578370209E0,6.732296719E0
2.979966158E1,-8.771759033E-2,-2.432741089E0,-7.287295990E0,7.683137798E0
2.980960058E1,3.255729675E-1,-2.735860748E0,-8.408464508E0,8.848344883E0
2.981954058E1,5.008584595E-1,-2.774480438E0,-9.739795990E0,1.013963642E1
2.982947958E1,1.874701538E0,-2.119143219E0,-9.110354919E0,9.539593314E0
2.983941858E1,2.386786652E0,-1.968107300E0,-7.820038147E0,8.409708288E0
2.984935858E1,2.372865601E0,-2.303859100E0,-7.458988953E0,8.159336622E0
2.985929758E1,2.459086304E0,-2.484533386E0,-7.470365295E0,8.247809966E0
2.986923658E1,2.449356537E0,-2.543660431E0,-7.146289215E0,7.971135765E0
2.987917658E1,2.748733978E0,-2.506537628E0,-6.285579071E0,7.303887569E0
2.988911558E1,3.238066406E0,-2.300266571E0,-5.360951843E0,6.672039045E0
2.989905458E1,3.599564667E0,-1.857637024E0,-4.420158234E0,5.995454938E0
2.990899458E1,3.717220001E0,-1.308878174E0,-3.463647308E0,5.246688412E0
2.991893358E1,3.645818481E0,-7.520361328E-1,-2.607128448E0,4.544740861E0
2.992887258E1,3.104993134E0,-7.544311523E-2,-1.811532898E0,3.595598068E0
2.993881258E1,2.348316650E0,4.990621948E-1,-1.290765839E0,2.725753220E0
2.994875158E1,1.567689972E0,1.098116455E0,-9.696835327E-1,2.145646231E0
2.995869058E1,8.738827515E-1,1.480271759E0,-7.656578064E-1,1.881783043E0
2.996863058E1,5.354365540E-1,1.536405029E0,-6.463558960E-1,1.750716614E0
2.997856958E1,4.278103638E-1,1.378333740E0,-4.920268250E-1,1.524767524E0
2.998850858E1,4.454736328E-1,1.212778015E0,-3.791615295E-1,1.346492011E0
2.999844758E1,5.626799011E-1,1.000220032E0,-3.893403625E-1,1.211872395E0