"Time (s)","Acceleration x (m/s^2)","Acceleration y (m/s^2)","Acceleration z (m/s^2)","Absolute acceleration (m/s^2)"
1.955416519E-4,1.595681763E-1,-4.639901276E0,-1.724414063E0,4.952549819E0
1.013454166E-2,-1.296903076E0,-4.523443451E0,-1.103505249E0,4.833344813E0
2.007354167E-2,-2.349214783E0,-4.440216522E0,-1.086440735E0,5.139521994E0
3.001354166E-2,-2.765648804E0,-4.401447144E0,-1.180145874E0,5.330506031E0
3.995254167E-2,-2.915038147E0,-4.386777649E0,-1.098116455E0,5.380253274E0
4.989154165E-2,-3.055745544E0,-4.314777374E0,-8.461903381E-1,5.354523575E0
5.983154167E-2,-3.044518890E0,-4.188739471E0,-6.650669861E-1,5.220818684E0
6.977054165E-2,-2.859353943E0,-4.171974335E0,-2.305206299E-1,5.063044003E0
7.971054167E-2,-2.471959534E0,-4.376000061E0,1.176553345E0,5.161805715E0
8.964954165E-2,-7.589218140E-1,-4.955894165E0,4.153412933E0,6.510582792E0
9.958854166E-2,3.019520874E0,-5.776787109E0,1.073462723E1,1.255870206E1
1.095285417E-1,8.000263367E0,-6.476132812E0,2.095582214E1,2.334718381E1
1.194675417E-1,1.184606598E1,-8.422535248E0,2.070299789E1,2.529589890E1
1.294075417E-1,1.210622498E1,-1.248164429E1,1.236743179E1,2.133788875E1
1.393465417E-1,1.302261932E1,-1.710478043E1,1.758393402E1,2.777331207E1
1.492855417E-1,1.404873550E1,-1.963766327E1,1.887664581E1,3.064853251E1
1.592255417E-1,1.305674835E1,-1.821142914E1,1.348006805E1,2.615046966E1
1.691645417E-1,1.137768997E1,-1.401236115E1,6.973997498E0,1.935031615E1
1.791045417E-1,9.097332001E0,-8.855584717E0,3.599265289E0,1.319611840E1
1.890435417E-1,6.065386963E0,-4.434228973E0,3.763024750E0,8.403074489E0
1.989825417E-1,4.052073669E0,-1.369801483E0,5.986051941E0,7.357205649E0
2.089225417E-1,3.504811707E0,8.565188599E-1,8.544531555E0,9.275039038E0
2.188615417E-1,4.862488403E0,3.278182983E-1,6.928192749E0,8.470602876E0
2.288015417E-1,6.927294617E0,-3.894900513E0,-1.269659729E0,8.047962260E0
2.387405417E-1,7.775430908E0,-9.189989319E0,-1.118339401E1,1.643111473E1
2.486795417E-1,7.510032806E0,-1.430784668E1,-1.603959549E1,2.276804104E1
2.586195417E-1,7.084767151E0,-1.794528259E1,-1.250843857E1,2.299321918E1
2.685585417E-1,7.506589966E0,-2.032563263E1,-3.604055328E0,2.196518722E1
2.784975417E-1,1.390099274E1,-2.428534836E1,3.386482773E1,4.392997042E1
2.884375417E-1,4.929548950E0,-2.043206131E1,1.354159012E1,2.500288474E1
2.983765417E-1,-2.058519287E0,-1.267938309E1,-1.038660095E1,1.651925351E1
3.083165417E-1,-4.682263184E0,-8.585097198E0,-7.518864441E0,1.233534778E1
3.182555417E-1,-6.834936676E0,-5.548811188E0,-3.537892914E0,9.488010921E0
3.281945417E-1,-5.823639679E0,-4.855752411E0,-3.601510620E0,8.394283134E0
3.381345417E-1,-2.990930328E0,-5.223537598E0,-3.922592926E0,7.184549013E0
3.480735417E-1,-1.990710297E0,-5.450166321E0,-2.580483856E0,6.350286398E0
3.580135417E-1,-1.769620056E0,-6.065985718E0,-2.051184540E0,6.643425012E0
3.679525417E-1,-1.773212585E0,-7.116800537E0,-2.235151978E0,7.667400936E0
3.778915417E-1,-1.583107910E0,-8.520132294E0,-2.327060852E0,8.972964792E0
3.878315417E-1,-8.267308044E-1,-9.661209412E0,-1.892813873E0,9.879534173E0
3.977705417E-1,-8.996292114E-2,-1.039947418E1,-1.570234680E0,1.051773709E1
4.077105417E-1,2.490820312E-1,-1.080857346E1,-1.503922577E0,1.091554328E1
4.176495417E-1,4.608915710E-1,-1.080992065E1,-1.649420013E0,1.094474266E1
4.275885417E-1,4.643344116E-1,-1.044932053E1,-1.922003174E0,1.063475444E1
4.375285417E-1,2.441423035E-1,-9.826765137E0,-2.222278748E0,1.007786889E1
4.474675417E-1,2.884501648E-1,-9.402547302E0,-2.508333893E0,9.735647805E0
4.574065417E-1,6.255491638E-1,-9.316625977E0,-2.748284912E0,9.733647893E0
4.673465417E-1,1.161584473E0,-9.353150024E0,-2.844085693E0,9.844771064E0
4.772855417E-1,1.654359741E0,-9.213939514E0,-2.869233398E0,9.791122909E0
4.872255417E-1,2.229613495E0,-8.975934448E0,-2.610421600E0,9.610040400E0
4.971645417E-1,2.816992035E0,-8.762777710E0,-2.323917389E0,9.493277061E0
5.071035417E-1,3.221450958E0,-8.609646149E0,-2.068398743E0,9.422421474E0
5.170435417E-1,3.577261047E0,-8.539442139E0,-1.456022186E0,9.372239287E0
5.269825417E-1,4.499642944E0,-8.127349091E0,3.135978699E-1,9.295102662E0
5.369225417E-1,5.381908264E0,-8.430319061E0,1.825154572E0,1.016692703E1
5.468615417E-1,5.854625244E0,-8.791517944E0,2.282303925E0,1.080631000E1
5.568005417E-1,5.744154968E0,-8.751551056E0,2.991529083E0,1.088734166E1
5.667405417E-1,5.163961487E0,-8.584348755E0,3.681893463E0,1.067304461E1
5.766795417E-1,4.553231506E0,-8.311615906E0,2.947221222E0,9.924766448E0
5.866185417E-1,4.378993835E0,-7.925568695E0,1.491498413E0,9.176861864E0
5.965585417E-1,4.428091736E0,-7.418123932E0,1.231339417E0,8.726554638E0
6.064975417E-1,4.616998901E0,-6.944359131E0,1.654659119E0,8.501688032E0
6.164375417E-1,4.840035095E0,-7.025789795E0,1.100511475E0,8.602254790E0
6.263765417E-1,5.439837799E0,-7.761809235E0,3.221301270E-1,9.483737960E0
6.363155417E-1,6.443800049E0,-8.686586151E0,6.032455444E-2,1.081586691E1
6.462555417E-1,7.064259796E0,-9.633816376E0,-1.010398865E-1,1.194673150E1
6.561945417E-1,7.189399567E0,-1.021775208E1,-3.293151855E-2,1.249363870E1
6.661345417E-1,7.251670074E0,-1.033870056E1,5.322930908E-1,1.263957215E1
6.760735417E-1,7.432044983E0,-1.004411316E1,1.330583038E0,1.256542689E1
6.860125417E-1,7.376211090E0,-9.564660187E0,2.242935791E0,1.228503055E1
6.959525417E-1,6.888674927E0,-9.213939514E0,3.264411621E0,1.195854953E1
7.058915417E-1,6.155349884E0,-9.191935272E0,3.841012573E0,1.171039640E1
7.158315417E-1,5.667364655E0,-9.462422791E0,3.241509247E0,1.149625371E1
7.257705417E-1,5.781726837E0,-9.733359375E0,2.029329987E0,1.150151425E1
7.357095417E-1,6.224955139E0,-9.868528290E0,9.596543884E-1,1.170721374E1
7.456495417E-1,6.601871338E0,-9.958790588E0,2.374063110E-1,1.195067265E1
7.555885417E-1,6.779252472E0,-1.013602203E1,-1.073268127E-1,1.219461872E1
7.655275417E-1,7.071893921E0,-1.043016037E1,-8.681945801E-2,1.260188345E1
7.754675417E-1,7.465126190E0,-1.066217789E1,4.819976807E-1,1.302468687E1
7.854065417E-1,8.216563568E0,-1.095481934E1,1.633553009E0,1.379088391E1
7.953465417E-1,9.389225006E0,-1.140283768E1,3.216062164E0,1.511705359E1
8.052855417E-1,1.043584854E1,-1.173769135E1,4.740791473E0,1.640595735E1
8.152245417E-1,1.040097107E1,-1.119701569E1,5.458848267E0,1.622813556E1
8.251645417E-1,9.398505707E0,-1.004396347E1,5.234015808E0,1.471760963E1
8.351028333E-1,7.937693481E0,-9.244476013E0,4.385430450E0,1.294987702E1
8.450428333E-1,7.140151978E0,-8.971743164E0,3.406615906E0,1.196156251E1
8.549818333E-1,6.627617798E0,-9.601333923E0,1.508712616E0,1.176380655E1
8.649208333E-1,6.393504639E0,-1.088147186E1,-7.487429810E-1,1.264294062E1
8.748608333E-1,6.481371918E0,-1.170610703E1,-3.101101227E0,1.373528130E1
8.847998333E-1,6.612499237E0,-1.214634155E1,-4.434079285E0,1.452307882E1
8.947388333E-1,6.288123779E0,-1.306782532E1,-4.279301147E0,1.512021751E1
9.046788333E-1,5.955964508E0,-1.445903229E1,-3.278182983E0,1.597759718E1
9.146178333E-1,5.686375122E0,-1.603944580E1,-2.039508820E0,1.713937805E1
9.245578333E-1,5.004093933E0,-1.780352737E1,-6.150709534E-1,1.850364438E1
9.344968333E-1,3.597618713E0,-1.941762085E1,1.853445740E0,1.983487134E1
9.444358333E-1,1.863923950E0,-1.996158966E1,6.001469879E0,2.092742017E1
9.543758333E-1,1.187929688E0,-1.884566025E1,6.687343597E0,2.003224030E1
9.643148333E-1,1.272952881E0,-1.671648788E1,2.063009949E0,1.689134057E1
9.742548333E-1,1.055604858E0,-1.464764008E1,-1.245410156E0,1.473834142E1
9.841938333E-1,6.864724731E-1,-1.262085480E1,-2.950514374E0,1.297932030E1
9.941328333E-1,6.071374512E-1,-1.063268921E1,-4.052971802E0,1.139514265E1
1.004072833E0,5.266049194E-1,-8.940308533E0,-3.660787354E0,9.675112064E0
1.014011833E0,3.571572876E-1,-7.730524292E0,-3.503464508E0,8.494870848E0
1.023951833E0,6.740483093E-1,-7.050937500E0,-3.273991699E0,7.803145673E0
1.033890833E0,1.344953156E0,-6.331533508E0,-2.721340942E0,7.021603242E0
1.043829833E0,2.253264313E0,-5.462889862E0,-1.506018219E0,6.098233891E0
1.053769833E0,2.911595306E0,-4.877307587E0,-1.760339355E-1,5.683001361E0
1.063708833E0,2.973117371E0,-4.446353760E0,6.926097107E-1,5.393440170E0
1.073647833E0,2.479294281E0,-4.192032623E0,4.764591980E-1,4.893572418E0
1.083587833E0,2.053729248E0,-4.300257568E0,-6.307882690E-1,4.807069047E0
1.093526833E0,1.887724457E0,-4.543501740E0,-1.316063232E0,5.093027991E0
1.103466833E0,1.731299744E0,-4.692142639E0,-1.494492188E0,5.219876267E0
1.113405833E0,1.439406738E0,-4.912783813E0,-1.956880646E0,5.480576468E0
1.123344833E0,1.137334900E0,-5.119054871E0,-2.220482483E0,5.694628688E0
1.133284833E0,6.614744568E-1,-5.022355957E0,-2.236499176E0,5.537466603E0
1.143223833E0,-3.595523071E-1,-4.624932404E0,-2.107617188E0,5.095225982E0
1.153163833E0,-1.413809967E0,-4.115990753E0,-2.132465515E0,4.846405645E0
1.163102833E0,-2.300266571E0,-3.758085022E0,-2.211501160E0,4.930027050E0
1.173041833E0,-3.010240173E0,-3.658691711E0,-1.978735199E0,5.134487699E0
1.182981833E0,-3.329526215E0,-3.672463074E0,-1.716330872E0,5.245809900E0
1.192920833E0,-3.337160339E0,-3.727548523E0,-1.377884674E0,5.189395273E0
1.202859833E0,-3.169808350E0,-3.933370514E0,-5.463638306E-1,5.081102440E0
1.212799833E0,-2.447111206E0,-4.427343292E0,1.243164825E0,5.209143947E0
1.222738833E0,-5.104385376E-2,-5.344935150E0,4.220174103E0,6.810345563E0
1.232678833E0,3.061284027E0,-6.740932159E0,1.037836807E1,1.274841755E1
1.242617833E0,6.599476318E0,-8.210725708E0,2.102842117E1,2.351943029E1
1.252556833E0,9.723180542E0,-1.068118835E1,2.187670715E1,2.621484962E1
1.262496833E0,9.176068268E0,-1.454405548E1,1.293235703E1,2.151686866E1
1.272435833E0,9.100625153E0,-1.906779831E1,1.971595047E1,2.889846040E1
1.282375833E0,1.086755081E1,-2.245555344E1,2.345786911E1,3.424364414E1
1.292314833E0,1.046548691E1,-1.961326401E1,1.380728760E1,2.616959557E1
1.302253833E0,8.265811157E0,-1.260438904E1,6.713239746E0,1.650035894E1
1.312193833E0,6.416257324E0,-6.827601929E0,4.228107605E0,1.027917312E1
1.322132833E0,4.729265442E0,-3.010689240E0,5.099745026E0,7.578759835E0
1.332071833E0,2.938239899E0,-6.360273743E-1,8.168064423E0,8.703738331E0
1.342011833E0,2.690804443E0,-6.038442993E-1,9.361532593E0,9.759269900E0
1.351950833E0,5.203329620E0,-3.931574249E0,1.303040314E0,6.650551050E0
1.361890833E0,7.101532288E0,-7.808212738E0,-1.109103607E1,1.531048752E1
1.371829833E0,6.345604248E0,-1.157587784E1,-1.646111893E1,2.110061794E1
1.381768833E0,5.860014038E0,-1.495659760E1,-1.254077133E1,2.037916882E1
1.391708833E0,4.945116577E0,-1.777613434E1,-6.733447723E0,1.964139629E1
1.401647833E0,4.910538483E0,-2.100611755E1,6.039790192E0,2.240199608E1
1.411587833E0,4.761298828E0,-2.193328949E1,1.508937149E1,2.704493088E1
1.421526833E0,1.065184937E0,-1.534129761E1,-8.967851257E-1,1.540435831E1
1.431465833E0,-6.794371033E-1,-1.081231567E1,-4.602479095E0,1.177075269E1
1.441405833E0,-1.712738342E0,-8.354127502E0,-3.265758820E0,9.131817980E0
1.451344833E0,-1.666933594E0,-7.218888245E0,-2.743794250E0,7.900596306E0
1.461284833E0,-1.279688873E0,-6.772067413E0,-2.427352295E0,7.306883045E0
1.471223833E0,-7.447013855E-1,-6.591991882E0,-2.107617188E0,6.960674345E0
1.481162833E0,-3.670367432E-1,-6.906787262E0,-2.152673492E0,7.243785572E0
1.491102833E0,-5.203179932E-1,-7.642507324E0,-2.461930389E0,8.046101556E0
1.501041833E0,-1.125210114E0,-8.625213776E0,-2.584974518E0,9.074277036E0
1.510980833E0,-1.428479462E0,-9.219028931E0,-2.154020691E0,9.574489706E0
1.520920833E0,-1.120420074E0,-9.282796326E0,-1.752256165E0,9.512941208E0
1.530859833E0,-5.137316895E-1,-9.115743713E0,-1.471140747E0,9.247970523E0
1.540799833E0,5.852828979E-2,-8.826395416E0,-1.245260468E0,8.913997714E0
1.550738833E0,3.731739807E-1,-8.653055878E0,-1.012793884E0,8.720113892E0
1.560677833E0,8.219407654E-1,-8.624764709E0,-9.922865295E-1,8.720480805E0
1.570617833E0,1.127904510E0,-8.580756226E0,-1.232087860E0,8.741829699E0
1.580556833E0,1.272952881E0,-8.521778870E0,-1.595232697E0,8.762755930E0
1.590496833E0,1.508712616E0,-8.505313110E0,-1.768123169E0,8.817189144E0
1.600435833E0,1.929038544E0,-8.482560425E0,-1.576072540E0,8.840759340E0
1.610374833E0,2.500400391E0,-8.437204742E0,-1.191073151E0,8.880150969E0
1.620314833E0,3.614084473E0,-8.208779755E0,1.862127686E-1,8.971083927E0
1.630253833E0,4.636907501E0,-8.186027069E0,1.452729034E0,9.519578352E0
1.640193833E0,4.975653076E0,-8.426726532E0,2.121388550E0,1.001334774E1
1.650132833E0,5.055586853E0,-8.670569458E0,2.405946808E0,1.032115852E1
1.660071833E0,4.961133270E0,-8.740773468E0,2.144739990E0,1.027686109E1
1.670011833E0,4.537813568E0,-8.621321869E0,1.258882141E0,9.823631049E0
1.679950833E0,4.115092621E0,-8.340954895E0,1.300794983E-1,9.301743735E0
1.689889833E0,3.953578491E0,-7.857011261E0,-3.146456909E-1,8.801273246E0
1.699829833E0,4.080215149E0,-7.318131866E0,-1.398092651E-1,8.379901927E0
1.709768833E0,4.303550720E0,-7.108567657E0,-1.407073975E-1,8.310961528E0
1.719708833E0,4.594395905E0,-7.429649963E0,-3.522175598E-1,8.742552803E0
1.729647833E0,5.035229187E0,-8.037236481E0,-2.537223816E-1,9.487627641E0
1.739586833E0,5.743855591E0,-8.678353271E0,1.010398865E-1,1.040749257E1
1.749526833E0,6.480024719E0,-9.283544769E0,4.688250732E-1,1.133113943E1
1.759465833E0,7.106472015E0,-9.797276459E0,8.681945801E-1,1.213434516E1
1.769405833E0,7.521259460E0,-1.017329453E1,1.443598022E0,1.273378344E1
1.779344833E0,7.379803619E0,-1.014919464E1,2.257904663E0,1.275012889E1
1.789283833E0,6.753655701E0,-9.899663544E0,3.385210419E0,1.245290541E1
1.799223833E0,5.932164001E0,-9.719288635E0,4.385131073E0,1.220182428E1
1.809162833E0,5.398523712E0,-9.718839569E0,3.916455688E0,1.178721876E1
1.819102833E0,5.498815155E0,-9.878707123E0,2.080373840E0,1.149581567E1
1.829041917E0,5.922284546E0,-9.962083740E0,6.655160522E-1,1.160859502E1
1.838980917E0,6.289171600E0,-9.834698639E0,-9.370513916E-2,1.167406345E1
1.848920917E0,6.428232422E0,-9.662107544E0,-6.093827820E-1,1.162109468E1
1.858859917E0,6.643634491E0,-9.625882874E0,-8.517288208E-1,1.172693235E1
1.868798917E0,6.847211151E0,-9.672136688E0,-6.212081909E-1,1.186677834E1
1.878738917E0,7.059320068E0,-9.832004242E0,1.612147522E-1,1.210488734E1
1.888677917E0,7.303462372E0,-1.008647507E1,1.585652618E0,1.255355870E1
1.898617917E0,7.902666321E0,-1.046443909E1,3.712429962E0,1.362860068E1
1.908556917E0,8.776698761E0,-1.105526047E1,5.612129517E0,1.519030029E1
1.918495917E0,9.556876373E0,-1.154893387E1,5.907315674E0,1.611235979E1
1.928435917E0,9.791588287E0,-1.125958557E1,5.165608063E0,1.579040769E1
1.938374917E0,9.269773407E0,-1.016955231E1,4.359983368E0,1.443460939E1
1.948314917E0,8.533304901E0,-9.094637604E0,3.466641083E0,1.294400734E1
1.958253917E0,8.430618439E0,-8.397088165E0,2.980152740E0,1.226652874E1
1.968192917E0,8.194709015E0,-8.739875336E0,2.302960968E0,1.220009451E1
1.978132917E0,7.860154724E0,-1.018511993E1,-2.245330811E-2,1.286542671E1
1.988071917E0,7.774233398E0,-1.146061752E1,-3.418890381E0,1.426440571E1
1.998011917E0,7.622748413E0,-1.216026260E1,-4.752167816E0,1.511824656E1
2.007950917E0,7.365882568E0,-1.326840820E1,-4.395160217E0,1.579950365E1
2.017889917E0,7.041806488E0,-1.476514572E1,-3.315006409E0,1.669089076E1
2.027829917E0,6.777755585E0,-1.637250320E1,-2.205962677E0,1.785673832E1
2.037768917E0,6.113437042E0,-1.764874924E1,-1.828148346E0,1.876684812E1
2.047707917E0,4.734953613E0,-1.816113373E1,-1.653311920E0,1.884091304E1
2.057647917E0,3.163072357E0,-1.814811081E1,-4.406835938E-1,1.842696814E1
2.067586917E0,2.140249329E0,-1.734263580E1,3.265908508E0,1.777677817E1
2.077526917E0,1.890269165E0,-1.544158905E1,6.813231812E0,1.698340124E1
2.087465917E0,1.491199036E0,-1.344324463E1,4.938081207E0,1.439892867E1
2.097404917E0,4.773573303E-1,-1.199740128E1,1.247954865E0,1.207157400E1
2.107344917E0,3.206332397E-1,-1.066292633E1,-1.172062683E0,1.073193992E1
2.117283917E0,4.778063965E-1,-9.406888275E0,-2.213596802E0,9.675632112E0
2.127223917E0,1.317260742E-1,-8.478219452E0,-2.533631287E0,8.849680465E0
2.137162917E0,-5.987548828E-2,-7.844437408E0,-3.683540039E0,8.666443939E0
2.147101917E0,4.722679138E-1,-7.242838440E0,-3.728895721E0,8.160049568E0
2.157041917E0,1.115630035E0,-6.466403046E0,-2.590962067E0,7.054933250E0
2.166980917E0,1.667232971E0,-5.704487457E0,-7.872129822E-1,5.995043554E0
2.176920917E0,1.958227844E0,-5.006039886E0,1.785786438E-1,5.378380980E0
2.186859917E0,1.850152588E0,-4.589456177E0,8.397537231E-2,4.949062988E0
2.196798917E0,1.731000366E0,-4.425397339E0,-4.574487305E-1,4.773862505E0
2.206738917E0,1.413360901E0,-4.509372711E0,-9.967771912E-1,4.829657964E0
2.216677917E0,8.839118958E-1,-5.035378876E0,-1.422192535E0,5.306502829E0
2.226616917E0,3.582051086E-1,-5.627248077E0,-1.844614105E0,5.932691887E0
2.236556917E0,-1.077758789E-2,-6.068829803E0,-2.120490417E0,6.428630566E0
2.246495917E0,-1.059796143E-1,-6.305337982E0,-2.141895905E0,6.660047809E0
2.256435917E0,-1.895059204E-1,-6.205345917E0,-1.894161072E0,6.490768568E0
2.266374917E0,-4.917274475E-1,-5.795647888E0,-1.749112701E0,6.073773586E0
2.276313917E0,-1.139729919E0,-5.244793396E0,-1.820813599E0,5.667645386E0
2.286253917E0,-1.988315277E0,-4.621190186E0,-1.812580719E0,5.347358716E0
2.296192917E0,-2.861599274E0,-4.063000946E0,-1.501377869E0,5.191422021E0
2.306132917E0,-3.401227112E0,-3.656596069E0,-1.324296112E0,5.166507609E0
2.316071917E0,-3.411855011E0,-3.469036102E0,-1.526226196E0,5.099444332E0
2.326010917E0,-3.018023987E0,-3.587140503E0,-1.012045441E0,4.795860897E0
2.335950917E0,-2.044448547E0,-4.356690216E0,7.475454712E-1,4.870250890E0
2.345889917E0,5.842350769E-1,-5.531896362E0,4.435127106E0,7.114320799E0
2.355829917E0,4.884941711E0,-6.478827209E0,1.372465942E1,1.594378041E1
2.365768917E0,1.040007294E1,-7.581733704E0,2.613520157E1,2.913233537E1
2.375707917E0,1.345746506E1,-1.103894440E1,2.036589890E1,2.679051132E1
2.385647917E0,1.352976471E1,-1.676363983E1,1.909968201E1,2.879013731E1
2.395586917E0,1.446457077E1,-2.173839478E1,2.338751541E1,3.505363736E1
2.405526917E0,1.271396118E1,-2.146386566E1,1.504162079E1,2.913061438E1
2.415465917E0,1.076785812E1,-1.670226746E1,7.393574982E0,2.120324168E1
2.425404917E0,8.814869385E0,-1.081680634E1,3.871698761E0,1.448085884E1
2.435344917E0,5.663772125E0,-5.865851898E0,3.651955719E0,8.934389389E0
2.445283917E0,3.396137695E0,-2.499502258E0,6.746620331E0,7.956013366E0
2.455222917E0,2.465073853E0,1.986369324E-1,1.026205994E1,1.055584766E1
2.465162917E0,2.916984100E0,5.451663208E-1,8.887917480E0,9.370223034E0
2.475101917E0,5.187761993E0,-2.692900085E0,3.771706696E0,6.956317759E0
2.485041917E0,7.486082611E0,-6.795718231E0,-3.824696503E0,1.080978827E1
2.494980917E0,8.144413605E0,-1.157782379E1,-1.232327362E1,1.876807261E1
2.504919917E0,7.185657349E0,-1.607297607E1,-1.512320114E1,2.320959810E1
2.514859917E0,6.526577911E0,-1.875315262E1,-1.044827271E1,2.243754342E1
2.524798917E0,5.583988037E0,-1.996503250E1,-3.263663177E0,2.098654194E1
2.534738917E0,8.387059021E0,-2.153436905E1,2.164708466E1,3.166493460E1
2.544677917E0,2.281256104E0,-1.662667465E1,1.066023193E1,1.988192607E1
2.554616917E0,-9.196875000E-1,-9.967622223E0,-6.533313904E0,1.195338899E1
2.564556917E0,-2.295177155E0,-6.590345306E0,-4.880301361E0,8.515740179E0
2.574495917E0,-4.750670929E0,-4.032614136E0,-2.031275940E0,6.554153873E0
2.584435917E0,-4.462520142E0,-3.234623566E0,-2.379302216E0,6.003162055E0
2.594374917E0,-1.927391968E0,-4.543651428E0,-3.605103149E0,6.111986323E0
2.604313917E0,-9.520202637E-1,-5.318140869E0,-2.998863831E0,6.179170588E0
2.614253917E0,-8.129594421E-1,-6.766828308E0,-3.096909943E0,7.486101763E0
2.624192917E0,-5.692662048E-1,-8.779393158E0,-2.966381378E0,9.284461574E0
2.634132917E0,1.366658020E-1,-1.028122009E1,-2.356998596E0,1.054882015E1
2.644071917E0,7.834707642E-1,-1.114193024E1,-1.811383209E0,1.131536765E1
2.654010917E0,1.285227356E0,-1.141630966E1,-1.448986816E0,1.157944292E1
2.663950917E0,1.321901093E0,-1.111079498E1,-1.269210663E0,1.126090953E1
2.673889917E0,1.108894043E0,-1.030127838E1,-1.282682648E0,1.043988779E1
2.683829917E0,9.758207703E-1,-9.415570221E0,-1.521136780E0,9.587442092E0
2.693768917E0,1.103355560E0,-8.892408142E0,-1.845661926E0,9.148703952E0
2.703707917E0,1.426383820E0,-8.662635956E0,-2.140099640E0,9.036363150E0
2.713647917E0,1.841021576E0,-8.526269531E0,-2.323168945E0,9.026834800E0
2.723586917E0,2.178120575E0,-8.364156647E0,-2.326611786E0,8.950779187E0
2.733525917E0,2.522254944E0,-8.153394928E0,-1.978735199E0,8.760993770E0
2.743465917E0,2.929258575E0,-7.982151031E0,-1.278940430E0,8.598312597E0
2.753404917E0,4.028273163E0,-7.598798218E0,2.086660767E-1,8.603037868E0
2.763344917E0,4.379293213E0,-7.904312897E0,1.810784454E0,9.216035577E0
2.773283917E0,4.198319550E0,-8.438102875E0,2.719095612E0,9.809227702E0
2.783222917E0,3.862268372E0,-8.793014832E0,3.577410736E0,1.024851669E1
2.793162917E0,3.370989990E0,-9.262139282E0,4.009711761E0,1.064089216E1
2.803101917E0,3.041974182E0,-9.458231506E0,2.843636627E0,1.033431272E1
2.813041917E0,2.920127563E0,-9.057514801E0,1.190773773E0,9.590811308E0
2.822980917E0,2.670895844E0,-8.396639099E0,2.778222656E-1,8.815578142E0
2.832920458E0,2.375709686E0,-7.961194611E0,-3.031196594E-1,8.313633241E0
2.842860458E0,2.296823730E0,-7.751480713E0,-8.521778870E-1,8.129394789E0
2.852799458E0,2.684667206E0,-7.808362427E0,-8.765771484E-1,8.303393842E0
2.862739458E0,3.146157532E0,-8.207582245E0,-3.083587646E-1,8.795328229E0
2.872678458E0,3.511248322E0,-8.868757324E0,3.399430847E-1,9.544594415E0
2.882617458E0,4.065246277E0,-9.593699799E0,7.306306458E-1,1.044505262E1
2.892557458E0,4.752616882E0,-1.019514908E1,1.040186920E0,1.129647825E1
2.902496458E0,5.553152161E0,-1.044632675E1,1.599573669E0,1.193825270E1
2.912436458E0,6.264023895E0,-1.025756927E1,2.362686768E0,1.224900043E1
2.922375458E0,6.807992706E0,-9.843679962E0,2.855462036E0,1.230448956E1
2.932314458E0,7.300019531E0,-9.618997192E0,2.816842346E0,1.239959648E1
2.942254458E0,7.645650787E0,-9.575288086E0,2.168839874E0,1.244371264E1
2.952193458E0,7.851921844E0,-9.592053223E0,1.213376770E0,1.245521758E1
2.962133458E0,7.997119904E0,-9.606273651E0,5.275030518E-1,1.251050277E1
2.972072458E0,8.015830994E0,-9.597891083E0,2.167492676E-1,1.250679975E1
2.982011458E0,7.945926361E0,-9.799372101E0,2.664459229E-1,1.261889190E1
2.991951458E0,7.873776398E0,-1.014380585E1,7.708969116E-1,1.286419192E1
3.001890458E0,7.890691223E0,-1.053883438E1,1.696422272E0,1.327433187E1
3.011829458E0,8.197253723E0,-1.118144806E1,2.963836670E0,1.417759067E1
3.021769458E0,8.783135376E0,-1.194291458E1,3.975133667E0,1.534856226E1
3.031708458E0,9.565258942E0,-1.256936188E1,4.062102814E0,1.630900720E1
3.041648458E0,9.917177124E0,-1.268237686E1,4.076323242E0,1.660751324E1
3.051587458E0,9.201365662E0,-1.193064011E1,4.789589996E0,1.580966400E1
3.061526458E0,7.983348541E0,-1.049108368E1,5.417534180E0,1.425294241E1
3.071466458E0,6.622528381E0,-9.065897369E0,4.710554352E0,1.217529053E1
3.081405458E0,5.889652405E0,-8.346194000E0,3.217559052E0,1.070979206E1
3.091345458E0,5.833070068E0,-8.619974670E0,1.639540558E0,1.053644926E1
3.101284458E0,5.822891235E0,-9.645941162E0,-5.745053101E-1,1.128185710E1
3.111223458E0,6.146817627E0,-1.075992462E1,-3.023712158E0,1.275547647E1
3.121163458E0,6.488257599E0,-1.172197403E1,-4.326004028E0,1.407893720E1
3.131102458E0,6.636000366E0,-1.275317963E1,-4.325405273E0,1.501296847E1
3.141042458E0,6.688092041E0,-1.409439056E1,-3.456761627E0,1.597909952E1
3.150981458E0,6.686595154E0,-1.589394836E1,-2.211351471E0,1.738442477E1
3.160920458E0,6.445446625E0,-1.797881287E1,-8.020321655E-1,1.911608615E1
3.170860458E0,5.276377716E0,-1.969604187E1,1.144370270E0,2.042262986E1
3.180799458E0,3.299588470E0,-2.042502594E1,4.637506256E0,2.120319393E1
3.190739458E0,1.723964996E0,-1.958482315E1,7.340585175E0,2.098622272E1
3.200678458E0,1.238823853E0,-1.728949631E1,4.411925354E0,1.788648798E1
3.210617458E0,9.107061768E-1,-1.497006958E1,2.748284912E-1,1.500026332E1
3.220557458E0,7.450007629E-1,-1.284269348E1,-2.233505402E0,1.305673575E1
3.230496458E0,6.117778015E-1,-1.071696396E1,-3.562441864E0,1.131010966E1
3.240436458E0,3.056643677E-1,-9.091643829E0,-3.831731873E0,9.870845322E0
3.250375458E0,5.819897461E-1,-7.971223755E0,-4.074676666E0,8.971182205E0
3.260314458E0,1.361867981E0,-7.050488434E0,-3.253933411E0,7.883663755E0
3.270254458E0,2.012864227E0,-6.308631134E0,-1.594334564E0,6.811193132E0
3.280193458E0,2.719993744E0,-5.361849976E0,-5.059478760E-2,6.012517024E0
3.290133458E0,2.641556854E0,-4.641547852E0,8.280780029E-1,5.404396567E0
3.300072458E0,2.230511627E0,-4.316274261E0,6.872209167E-1,4.906901080E0
3.310011458E0,1.822609863E0,-4.367467804E0,-1.857637024E-1,4.736157713E0
3.319951458E0,1.585203552E0,-4.624932404E0,-7.093748474E-1,4.940251280E0
3.329890458E0,1.015488281E0,-4.882546692E0,-9.779164124E-1,5.082007394E0
3.339830458E0,2.119592285E-1,-5.127138062E0,-1.452429657E0,5.333106349E0
3.349769458E0,-2.883004761E-1,-5.242548065E0,-1.950144653E0,5.600936667E0
3.359708458E0,-7.170089722E-1,-5.170248413E0,-2.117047577E0,5.632713464E0
3.369648458E0,-1.254391479E0,-4.910688171E0,-1.994003448E0,5.446504021E0
3.379587458E0,-1.995500336E0,-4.621788940E0,-1.787732391E0,5.342185106E0
3.389526458E0,-2.653681641E0,-4.311633911E0,-1.657952271E0,5.327383876E0
3.399466458E0,-3.172951813E0,-3.991300049E0,-1.526226196E0,5.322355276E0
3.409405458E0,-3.596720581E0,-3.739373932E0,-1.281185760E0,5.344226164E0
3.419345458E0,-4.046684875E0,-3.559597778E0,-1.024768982E0,5.486031926E0
3.429284458E0,-3.966451721E0,-3.444636841E0,-1.187031555E0,5.385843122E0
3.439223458E0,-3.497027893E0,-3.422333221E0,-1.471140747E0,5.109385859E0
3.449163458E0,-3.023412781E0,-3.642076263E0,-6.756948853E-1,4.781454583E0
3.459102458E0,-1.436862030E0,-4.294868774E0,1.528920593E0,4.779965320E0
3.469042458E0,2.293979645E0,-5.287903748E0,5.128335571E0,7.715185959E0
3.478981458E0,7.632927246E0,-6.537355499E0,1.388317978E1,1.713888200E1
3.488920458E0,1.366029327E1,-8.280480652E0,2.538032135E1,2.998884266E1
3.498860458E0,1.531749710E1,-1.258148666E1,2.428699493E1,3.134928463E1
3.508799458E0,1.354233856E1,-1.789768158E1,2.069716003E1,3.053022065E1
3.518739458E0,1.223091568E1,-2.113005981E1,2.069386688E1,3.200485670E1
3.528678458E0,1.039722885E1,-1.993943573E1,1.427326859E1,2.663474537E1
3.538617458E0,9.541608124E0,-1.530671951E1,7.652237091E0,1.959323047E1
3.548557458E0,8.054450684E0,-9.184750214E0,4.706812134E0,1.309151988E1
3.558496458E0,5.766308899E0,-4.377047882E0,4.975952454E0,8.784587031E0
3.568436458E0,4.447700958E0,-1.217867432E0,6.532415771E0,7.996105346E0
3.578375458E0,4.186045074E0,2.987786865E-1,8.226742401E0,9.235341499E0
3.588314458E0,5.256169739E0,-3.001707916E0,7.666158142E0,9.767678916E0
3.598254458E0,7.542066193E0,-8.756341095E0,5.628146210E0,1.285427173E1
3.608193458E0,9.960586853E0,-1.429377594E1,-1.977238312E0,1.753381854E1
3.618133458E0,9.882299652E0,-1.911240555E1,-1.300615356E1,2.514167701E1
3.628072458E0,7.714208221E0,-2.053220306E1,-1.433898193E1,2.620470900E1
3.638011458E0,5.227579193E0,-1.962000000E1,-5.735473022E0,2.109899607E1
3.647951458E0,1.524280243E0,-1.710852264E1,6.657854919E0,1.842150942E1
3.657890458E0,-4.011957092E0,-1.283311340E1,9.012907562E0,1.618694233E1
3.667830458E0,-3.872746582E0,-8.484656067E0,6.014492798E-1,9.346084522E0
3.677769458E0,-3.384012909E0,-5.363047485E0,-2.690505066E0,6.888587606E0
3.687708458E0,-3.053200836E0,-3.681145020E0,-3.769161987E0,6.089289457E0
3.697648458E0,-2.199975128E0,-3.773952026E0,-4.651876373E0,6.381422902E0
3.707587458E0,-1.772913208E0,-4.502786407E0,-4.007316742E0,6.283064073E0
3.717527458E0,-1.413959656E0,-5.827531586E0,-3.038082275E0,6.722302448E0
3.727466458E0,-1.482517090E0,-7.849526825E0,-2.716251526E0,8.437473001E0
3.737405458E0,-1.451531525E0,-9.785750427E0,-2.374661865E0,1.017383282E1
3.747345458E0,-1.086590424E0,-1.123368942E1,-1.888772278E0,1.144307291E1
3.757284458E0,-5.456153870E-1,-1.216160980E1,-1.501976624E0,1.226614784E1
3.767224458E0,2.865042114E-1,-1.239272919E1,-1.110690308E0,1.244570023E1
3.777163458E0,1.177152100E0,-1.208227478E1,-7.737409973E-1,1.216411633E1
3.787102458E0,1.698068848E0,-1.147618515E1,-5.614823914E-1,1.161471161E1
3.797042458E0,1.654958496E0,-1.062864761E1,-3.906875610E-1,1.076381319E1
3.806981458E0,1.595532074E0,-9.749076691E0,-3.920347595E-1,9.886551986E0
3.816921458E0,1.710642700E0,-9.045839081E0,-7.303312683E-1,9.235089977E0
3.826860458E0,1.946851501E0,-8.543633423E0,-1.283580780E0,8.856155060E0
3.836799208E0,2.202968903E0,-8.261919250E0,-1.669627991E0,8.712062862E0
3.846739208E0,2.656825104E0,-7.985593872E0,-1.555565186E0,8.558516937E0
3.856678208E0,3.265010376E0,-7.529342651E0,-9.660910034E-1,8.263451176E0
3.866617208E0,4.730163574E0,-6.854396210E0,2.229912872E0,8.621467755E0
3.876557208E0,5.779481506E0,-6.864724731E0,2.830464020E0,9.409483444E0
3.886496208E0,6.035748596E0,-7.515421600E0,8.918453979E-1,9.680248507E0
3.896436208E0,5.768404541E0,-8.034392395E0,7.679031372E-1,9.920465077E0
3.906375208E0,5.512436829E0,-8.470435638E0,7.048841858E-1,1.013075029E1
3.916314208E0,5.413043518E0,-8.680299225E0,1.827699280E-1,1.023142412E1
3.926254208E0,4.983287201E0,-8.686286774E0,-1.727407837E-1,1.001571608E1
3.936193208E0,4.275109863E0,-8.468040619E0,-3.233276367E-1,9.491512895E0
3.946133208E0,3.444487152E0,-8.055947571E0,-4.870870972E-1,8.774966487E0
3.956072208E0,2.891836395E0,-7.740104370E0,-5.414241028E-1,8.280402977E0
3.966011208E0,2.824925537E0,-7.710765381E0,-3.080593872E-1,8.217725210E0
3.975951208E0,2.980003052E0,-8.034691772E0,3.980223083E-1,8.578759341E0
3.985890208E0,3.126398621E0,-8.567733307E0,1.674717407E0,9.272815147E0
3.995830208E0,3.357667694E0,-9.060059509E0,3.175197144E0,1.017056968E1
4.005769208E0,3.765719147E0,-9.563013611E0,3.723057861E0,1.093128674E1
4.015708208E0,4.519701233E0,-1.003797592E1,2.746488647E0,1.134600633E1
4.025648208E0,5.672603760E0,-1.018167709E1,1.638492737E0,1.176986152E1
4.035587208E0,6.821614380E0,-9.892478485E0,1.322948914E0,1.208907553E1
4.045527208E0,7.557484131E0,-9.440568237E0,1.379980316E0,1.217145187E1
4.055466208E0,8.085585938E0,-9.010961609E0,1.495540009E0,1.219880195E1
4.065405208E0,8.647517395E0,-8.747060394E0,1.411714325E0,1.238077380E1
4.075345208E0,8.942703552E0,-8.638985138E0,1.313518524E0,1.250317328E1
4.085284208E0,8.745114441E0,-8.629554749E0,1.163380737E0,1.234097632E1
4.095224208E0,8.373437347E0,-8.803193665E0,1.158890076E0,1.220465886E1
4.105163208E0,7.986342316E0,-9.226064301E0,1.566342773E0,1.230265645E1
4.115102208E0,7.582631836E0,-9.914782104E0,2.495610352E0,1.272899371E1
4.125042208E0,7.311246185E0,-1.069331314E1,3.930376740E0,1.353695416E1
4.134981208E0,7.678731995E0,-1.147663422E1,4.900060272E0,1.465218921E1
4.144921208E0,8.941955109E0,-1.208377167E1,4.472698975E0,1.568378574E1
4.154860208E0,1.009740234E1,-1.220696548E1,4.167333984E0,1.638091002E1
4.164799208E0,1.021924896E1,-1.151375702E1,5.055886230E0,1.620375375E1
4.174739208E0,8.857081604E0,-1.032882111E1,5.509742432E0,1.467956749E1
4.184678208E0,7.084168396E0,-9.419611816E0,4.952750702E0,1.278453238E1
4.194618208E0,6.831344147E0,-9.191935272E0,3.028951263E0,1.184624340E1
4.204557208E0,6.934030609E0,-9.999655609E0,3.724255371E-1,1.217425947E1
4.214496208E0,7.348518677E0,-1.107337280E1,-2.972967682E0,1.361832768E1
4.224436208E0,7.919730835E0,-1.173005722E1,-5.161267090E0,1.506502761E1
4.234375208E0,7.852071533E0,-1.254765701E1,-5.243446198E0,1.570326246E1
4.244315208E0,7.530839539E0,-1.384515884E1,-4.297114105E0,1.633606921E1
4.254254208E0,7.115303650E0,-1.545700699E1,-3.047362976E0,1.728678779E1
4.264193208E0,6.681954803E0,-1.723261459E1,-1.741328888E0,1.856458327E1
4.274133208E0,5.831423492E0,-1.898936142E1,-2.781216431E-1,1.986652206E1
4.284072208E0,4.150868225E0,-2.052636520E1,2.907104645E0,2.114267327E1
4.294012208E0,1.942360840E0,-2.131342850E1,7.253616028E0,2.259756503E1
4.303951208E0,1.084494781E0,-1.998823425E1,6.073470154E0,2.091871595E1
4.313890208E0,1.435963898E0,-1.741179199E1,1.416803741E0,1.752825792E1
4.323830208E0,1.319955139E0,-1.498369125E1,-9.651928711E-1,1.507265346E1
4.333769208E0,1.007105713E0,-1.254720795E1,-2.344724121E0,1.280407827E1
4.343709208E0,8.454418945E-1,-1.031415161E1,-3.144361267E0,1.081589124E1
4.353648208E0,6.864724731E-1,-8.607700195E0,-3.624263306E0,9.364776111E0
4.363587208E0,6.824308777E-1,-7.525750122E0,-4.135300598E0,8.614135931E0
4.373527208E0,1.065634003E0,-6.687343597E0,-4.162693634E0,7.948846363E0
4.383466208E0,1.610650635E0,-5.841003571E0,-3.353027344E0,6.924905093E0
4.393406208E0,2.112856293E0,-4.907095642E0,-1.218166809E0,5.479751794E0
4.403345208E0,2.402054901E0,-4.117188263E0,3.508703613E-1,4.779562423E0
4.413284208E0,2.198178864E0,-3.611988831E0,9.864486694E-1,4.341835396E0
4.423224208E0,1.757644958E0,-3.497027893E0,4.622387695E-1,3.941089261E0
4.433163208E0,1.281036072E0,-3.694766693E0,-7.423063660E-1,3.980373484E0
4.443102208E0,8.574169922E-1,-3.925886078E0,-1.515149231E0,4.294580607E0
4.453042208E0,2.085163879E-1,-4.335434418E0,-2.139351196E0,4.839038563E0
4.462981208E0,-4.990621948E-1,-4.760700073E0,-2.495760040E0,5.398346640E0
4.472921208E0,-1.103056183E0,-4.941374359E0,-2.529290314E0,5.659613325E0
4.482860208E0,-1.729353790E0,-4.731061707E0,-2.380499725E0,5.571390163E0
4.492799208E0,-2.364483032E0,-4.348607025E0,-2.104024658E0,5.378483321E0
4.502739208E0,-2.976260834E0,-3.976630554E0,-1.918410645E0,5.324661352E0
4.512678208E0,-3.566932526E0,-3.626358948E0,-1.561253357E0,5.320808106E0
4.522618208E0,-3.877386932E0,-3.265758820E0,-1.419647827E0,5.264476236E0
4.532557208E0,-3.876339111E0,-3.034489746E0,-1.839824066E0,5.255386334E0
4.542496208E0,-3.410208435E0,-3.065325623E0,-1.895208893E0,4.961608559E0
4.552436208E0,-2.678979034E0,-3.526815948E0,-6.848258972E-1,4.481556193E0
4.562375208E0,-6.450086975E-1,-4.490960999E0,2.146386566E0,5.019137595E0
4.572315208E0,3.110830994E0,-5.610033875E0,8.048762512E0,1.029234315E1
4.582254208E0,7.943381653E0,-6.987319794E0,1.886916138E1,2.163250335E1
4.592193208E0,1.189231979E1,-9.377100220E0,2.546444641E1,2.962761060E1
4.602133208E0,1.054527100E1,-1.385907990E1,1.549098633E1,2.330767027E1
4.612072208E0,9.336085510E0,-1.867067413E1,1.849718491E1,2.789090201E1
4.622012208E0,1.082833237E1,-2.276765442E1,2.476360382E1,3.533914181E1
4.631951208E0,1.040755737E1,-2.134650970E1,1.624377090E1,2.877239685E1
4.641890208E0,8.591234436E0,-1.459390182E1,7.147187347E0,1.838133745E1
4.651830208E0,6.971452789E0,-8.058342590E0,3.026855621E0,1.107699843E1
4.661769208E0,5.546416168E0,-4.122876434E0,3.619772644E0,7.801512443E0
4.671709208E0,4.176614685E0,-1.645228729E0,8.590635681E0,9.692776135E0
4.681648208E0,4.604425049E0,-1.046623535E0,1.130748596E1,1.225379083E1
4.691587208E0,6.698869629E0,-4.118535461E0,1.924847260E0,8.095815316E0
4.701527208E0,7.813900909E0,-8.224347382E0,-1.168215683E1,1.628403284E1
4.711466208E0,6.411018219E0,-1.234827164E1,-1.828492630E1,2.297649879E1
4.721406208E0,5.555696869E0,-1.560939011E1,-1.443313614E1,2.197348962E1
4.731345208E0,5.299429779E0,-1.845078140E1,-8.210875397E0,2.087902692E1
4.741284208E0,4.808301086E0,-2.107317810E1,6.320456543E0,2.251991931E1
4.751224208E0,5.079387360E0,-2.299757629E1,2.887989395E1,3.726576131E1
4.761163208E0,1.086740112E-1,-1.528202087E1,2.203417969E-1,1.528399563E1
4.771103208E0,-1.624871063E0,-9.662107544E0,-7.696994019E0,1.245954434E1
4.781042208E0,-3.853885803E0,-6.750811615E0,-3.581901398E0,8.558966694E0
4.790981208E0,-4.974006500E0,-4.889282684E0,-2.049088898E0,7.269428529E0
4.800921208E0,-3.131338348E0,-4.952002258E0,-3.349285126E0,6.748727070E0
4.810860208E0,-1.936223602E0,-5.286107483E0,-3.244053955E0,6.497367176E0
4.820800208E0,-1.509610748E0,-5.928571472E0,-3.020119629E0,6.822609976E0
4.830739208E0,-1.348246307E0,-7.200925598E0,-3.123404846E0,7.964091625E0
4.840678292E0,-1.088985443E0,-8.514294434E0,-2.468666382E0,8.931596313E0
4.850618292E0,-6.462062073E-1,-9.369316406E0,-1.695823517E0,9.543452718E0
4.860557292E0,-3.585044861E-1,-9.725575562E0,-1.182989960E0,9.803816130E0
4.870496292E0,1.131646729E-1,-9.758806458E0,-9.788145447E-1,9.808424320E0
4.880436292E0,3.608995056E-1,-9.581275635E0,-7.899073792E-1,9.620553254E0
4.890375292E0,2.859054565E-1,-9.269324341E0,-8.460406494E-1,9.312244651E0
4.900315292E0,2.249821472E-1,-8.984017639E0,-1.197509766E0,9.066268226E0
4.910254292E0,4.406835938E-1,-8.946146393E0,-1.629361725E0,9.103985772E0
4.920193292E0,8.472381592E-1,-8.876391449E0,-2.019600220E0,9.142588403E0
4.930133292E0,1.276096344E0,-8.743318176E0,-2.426454163E0,9.163062502E0
4.940072292E0,1.744622040E0,-8.614436188E0,-2.363435211E0,9.101540688E0
4.950012292E0,2.340233459E0,-8.482410736E0,-1.862876129E0,8.994347781E0
4.959951292E0,2.849324799E0,-8.403375092E0,-1.402882690E0,8.983509591E0
4.969890292E0,3.187770996E0,-8.479866028E0,-1.071471863E0,9.122393531E0
4.979830292E0,3.733835449E0,-8.560697937E0,-8.936416626E-2,9.339971214E0
4.989769292E0,4.090244293E0,-8.948691101E0,9.776170349E-1,9.887613760E0
4.999709292E0,4.108356628E0,-9.090296631E0,1.212029572E0,1.004893540E1
5.009648292E0,3.771856384E0,-8.976682892E0,1.118623810E0,9.800972174E0
5.019587292E0,3.386407928E0,-8.692274323E0,9.830058289E-1,9.380282086E0
5.029527292E0,3.326532440E0,-8.160729675E0,7.939489746E-1,8.848371708E0
5.039466292E0,3.683090973E0,-7.595505066E0,1.230740662E0,8.530625938E0
5.049406292E0,4.114493866E0,-7.329657898E0,2.591261444E0,8.795884296E0
5.059345292E0,4.541256409E0,-7.721542969E0,2.530038757E0,9.308401136E0
5.069284292E0,5.211861877E0,-8.407865753E0,1.503772888E0,1.000585047E1
5.079224292E0,6.129304047E0,-9.244326324E0,7.882608032E-1,1.111968041E1
5.089163292E0,6.969057770E0,-9.937235413E0,4.420307922E-1,1.214544380E1
5.099103292E0,7.341782684E0,-1.021356079E1,4.679269409E-1,1.258719797E1
5.109042292E0,7.492070160E0,-1.021909927E1,6.834786987E-1,1.268969063E1
5.118981292E0,7.425159302E0,-9.983040161E0,1.161584473E0,1.249573367E1
5.128921292E0,7.029981079E0,-9.716743927E0,2.158361664E0,1.218582257E1
5.138860292E0,6.397546234E0,-9.599238281E0,3.190315704E0,1.196879642E1
5.148800292E0,5.908064117E0,-9.639354858E0,3.436403961E0,1.181656701E1
5.158739292E0,5.993386688E0,-9.774224396E0,2.552042999E0,1.174602358E1
5.168678292E0,6.658902740E0,-9.915680237E0,1.071920929E0,1.199211052E1
5.178618292E0,7.490722961E0,-1.006042923E1,-4.191284180E-3,1.254285392E1
5.188557292E0,8.118667145E0,-1.025487488E1,-5.544470215E-1,1.309131874E1
5.198497292E0,8.438701630E0,-1.041549088E1,-7.253915405E-1,1.342461650E1
5.208436292E0,8.426277466E0,-1.043330383E1,-2.549198914E-1,1.341346208E1
5.218375292E0,8.094417572E0,-1.035576508E1,1.155746613E0,1.319459042E1
5.228315292E0,7.632777557E0,-1.048000671E1,3.683689728E0,1.347810832E1
5.238254292E0,7.158563690E0,-1.088311844E1,6.624474335E0,1.461406724E1
5.248194292E0,6.823260956E0,-1.137843842E1,7.716902618E0,1.534849624E1
5.258133292E0,6.950047302E0,-1.152797745E1,6.322402496E0,1.487179192E1
5.268072292E0,6.824458466E0,-1.104193817E1,4.400698700E0,1.370634090E1
5.278012292E0,6.281986542E0,-1.007704468E1,3.479813690E0,1.237413786E1
5.287951292E0,6.040089569E0,-9.408085785E0,2.500849457E0,1.145639595E1
5.297891292E0,6.207291870E0,-9.870773621E0,9.943821716E-1,1.170262535E1
5.307830292E0,6.958280182E0,-1.112501541E1,-2.123783569E0,1.329263283E1
5.317769292E0,7.732170868E0,-1.191073151E1,-4.885989532E0,1.501748598E1
5.327709292E0,7.875872040E0,-1.217373459E1,-5.636828156E0,1.555644580E1
5.337648292E0,7.588918762E0,-1.276874725E1,-5.096002808E0,1.570356135E1
5.347588292E0,7.418722687E0,-1.408241547E1,-3.993844757E0,1.641044386E1
5.357527292E0,7.200027466E0,-1.590592346E1,-2.810555420E0,1.768440043E1
5.367466292E0,6.370153198E0,-1.740580444E1,-1.963466949E0,1.863856439E1
5.377406292E0,4.718637543E0,-1.838791214E1,-9.948312378E-1,1.900974861E1
5.387345292E0,2.525398407E0,-1.952225327E1,2.789000244E0,1.988151232E1
5.397284292E0,6.045927429E-1,-1.988674530E1,9.213939514E0,2.192589456E1
5.407224292E0,5.014572144E-1,-1.802701263E1,7.257657623E0,1.943960488E1
5.417163292E0,5.987548828E-1,-1.567989349E1,1.811233521E0,1.579550994E1
5.427103292E0,1.887574768E-1,-1.338381821E1,-1.084943848E0,1.342904771E1
5.437042292E0,4.040098572E-1,-1.108400070E1,-2.967129822E0,1.148138297E1
5.446981292E0,4.441264343E-1,-9.286089478E0,-3.180735626E0,9.825771481E0
5.456921292E0,9.250762939E-2,-8.037386169E0,-3.193758545E0,8.649174975E0
5.466860292E0,1.354682922E-1,-7.136409760E0,-3.731141052E0,8.054074091E0
5.476800292E0,9.375004578E-1,-6.292614441E0,-3.317850494E0,7.175237663E0
5.486739292E0,2.028132477E0,-5.249134369E0,-1.273701324E0,5.769666197E0
5.496678292E0,2.845732269E0,-4.459376678E0,9.800120544E-1,5.380023804E0
5.506618292E0,2.770139465E0,-3.994293823E0,1.239422607E0,5.016395539E0
5.516557292E0,2.112706604E0,-3.977977753E0,-7.993377686E-2,4.504911276E0
5.526497292E0,1.379531250E0,-4.338128815E0,-1.116079102E0,4.687014043E0
5.536436292E0,9.924362183E-1,-4.576882324E0,-1.542093201E0,4.930601677E0
5.546375292E0,4.394860840E-1,-4.841681671E0,-2.056124268E0,5.278510815E0
5.556315292E0,-4.703219604E-1,-5.224884796E0,-2.361189880E0,5.752898533E0
5.566254292E0,-1.556313629E0,-5.452860718E0,-1.874102783E0,5.972274555E0
5.576194292E0,-2.524500275E0,-5.413193207E0,-1.192869415E0,6.090870198E0
5.586133292E0,-3.205733643E0,-5.082081757E0,-8.291258240E-1,6.065618913E0
5.596072292E0,-3.496429138E0,-4.561913452E0,-8.267308044E-1,5.806854130E0
5.606012292E0,-3.485352173E0,-4.021237793E0,-8.131091309E-1,5.383231336E0
5.615951292E0,-3.471580811E0,-3.565136261E0,-5.671705627E-1,5.008368230E0
5.625891292E0,-3.439697113E0,-3.291355591E0,-7.548802185E-1,4.820205597E0
5.635830292E0,-3.336411896E0,-3.184477844E0,-1.149010620E0,4.753185130E0
5.645769292E0,-2.891237640E0,-3.241060181E0,-1.203946381E0,4.507018202E0
5.655709292E0,-2.178569641E0,-3.650458832E0,-9.131011963E-3,4.251129113E0
5.665648292E0,-4.019142151E-1,-4.632416840E0,3.264561310E0,5.681389034E0
5.675588292E0,3.424578552E0,-5.724246368E0,1.031534912E1,1.228418342E1
5.685527292E0,8.496481476E0,-6.846462708E0,1.980995499E1,2.261633405E1
5.695466292E0,1.271740402E1,-9.523346100E0,2.022294617E1,2.571758227E1
5.705406292E0,1.333786377E1,-1.426773010E1,1.641935577E1,2.551591614E1
5.715345292E0,1.511062729E1,-1.968212082E1,2.361010254E1,3.425133397E1
5.725285292E0,1.610485977E1,-2.215752319E1,2.085852448E1,3.442964399E1
5.735224292E0,1.474538681E1,-1.933858521E1,1.113818802E1,2.674820634E1
5.745163292E0,1.259705429E1,-1.362332016E1,5.252128143E0,1.928381391E1
5.755103292E0,1.023287064E1,-7.246880035E0,4.100872192E0,1.319265191E1
5.765042292E0,8.125103760E0,-2.385289764E0,6.423292694E0,1.062852800E1
5.774982292E0,7.034022675E0,6.634204102E-1,8.469687195E0,1.102965107E1
5.784921292E0,7.519163818E0,6.059399414E-1,2.458487549E0,7.934049960E0
5.794860292E0,7.436685333E0,-2.151026917E0,-9.719887390E0,1.242607808E1
5.804800292E0,5.835614777E0,-6.319109344E0,-1.650857025E1,1.861500563E1
5.814739292E0,4.085753632E0,-1.051623138E1,-1.400263138E1,1.798216313E1
5.824679292E0,4.138743439E0,-1.439316925E1,-9.267079010E0,1.761167998E1
5.834618667E0,3.258424072E0,-1.802611450E1,-3.974085846E0,1.874437222E1
5.844557667E0,3.594924316E0,-2.660357758E1,2.856554764E1,3.920031036E1
5.854497667E0,1.598525848E0,-2.546384766E1,1.938513840E1,3.204288397E1
5.864436667E0,-4.987628174E-1,-1.579979416E1,-9.741592255E0,1.856827616E1
5.874375667E0,-2.658621368E0,-1.218795502E1,-6.735243988E0,1.417667192E1
5.884315667E0,-4.816384277E0,-9.118438110E0,-4.119882660E0,1.110481446E1
5.894254667E0,-5.322631531E0,-6.655160522E0,-2.909050598E0,9.004673419E0
5.904194667E0,-3.838168488E0,-5.623356171E0,-3.896696777E0,7.844610745E0
5.914133667E0,-2.948418732E0,-5.004243622E0,-3.653153229E0,6.861570939E0
5.924072667E0,-2.734663239E0,-5.064717865E0,-3.491339722E0,6.731953887E0
5.934012667E0,-2.600093079E0,-5.733676758E0,-2.962040405E0,6.957673213E0
5.943951667E0,-1.889371033E0,-6.748117218E0,-1.953437805E0,7.274800901E0
5.953891667E0,-1.478325806E0,-7.797734528E0,-1.138682098E0,8.017899218E0
5.963830667E0,-1.087189178E0,-8.477770386E0,-6.804849243E-1,8.574242285E0
5.973769667E0,-8.009843445E-1,-8.900491333E0,-4.884342957E-1,8.949798319E0
5.983709667E0,-6.905140686E-1,-9.161698151E0,-4.779560852E-1,9.200106777E0
5.993648667E0,-7.637118530E-1,-9.262887726E0,-5.111869812E-1,9.308364891E0
6.003588667E0,-7.529342651E-1,-9.408534851E0,-7.141648865E-1,9.465593988E0
6.013527667E0,-4.194277954E-1,-9.611812134E0,-1.097667389E0,9.683373682E0
6.023466667E0,1.216969299E-1,-9.747430115E0,-1.551074524E0,9.870817401E0
6.033406667E0,8.590635681E-1,-9.719737701E0,-1.950444031E0,9.950654406E0
6.043345667E0,1.711840210E0,-9.542506256E0,-2.068099365E0,9.912964115E0
6.053285667E0,2.401306458E0,-9.247469788E0,-1.783840485E0,9.719262166E0
6.063224667E0,3.203039246E0,-8.913813629E0,-8.318202209E-1,9.508283689E0
6.073163667E0,4.753964081E0,-8.445737000E0,1.535057831E0,9.812596521E0
6.083103667E0,5.606441345E0,-8.617879028E0,2.435585175E0,1.056560924E1
6.093042667E0,5.712570648E0,-8.940607910E0,2.286644897E0,1.085341781E1
6.102982667E0,5.394482117E0,-9.100176086E0,1.722767487E0,1.071828204E1
6.112921667E0,4.944368134E0,-9.046288147E0,9.910890198E-1,1.035685101E1
6.122860667E0,4.501439209E0,-8.841813354E0,1.383123779E-1,9.922688580E0
6.132800667E0,4.208947449E0,-8.407716064E0,-3.766168213E-1,9.409929239E0
6.142739667E0,4.352199554E0,-7.668104095E0,2.565664673E-1,8.820843935E0
6.152679667E0,4.690645752E0,-6.962022400E0,8.220904541E-1,8.434912340E0
6.162618667E0,4.909640350E0,-6.868017883E0,4.378395081E-1,8.453753098E0
6.172557667E0,5.396727448E0,-7.233557739E0,3.379971313E-1,9.031238385E0
6.182497667E0,5.894891510E0,-7.868686981E0,6.776408386E-1,9.855210694E0
6.192436667E0,6.436614990E0,-8.632847900E0,9.833052063E-1,1.081309227E1
6.202375667E0,7.150181122E0,-9.395661621E0,1.366059265E0,1.188569162E1
6.212315667E0,7.574997711E0,-9.803264008E0,1.809886322E0,1.252039392E1
6.222254667E0,7.401209106E0,-9.719288635E0,2.059118042E0,1.238880280E1
6.232194667E0,6.909331970E0,-9.426946564E0,2.287692719E0,1.190964852E1
6.242133667E0,6.537056122E0,-9.193881226E0,2.425256653E0,1.153873583E1
6.252072667E0,6.622378693E0,-9.223669281E0,2.003284149E0,1.153018308E1
6.262012667E0,7.225324860E0,-9.501192169E0,1.160536652E0,1.199269850E1
6.271951667E0,7.979756012E0,-9.862091675E0,3.700305176E-1,1.269150428E1
6.281891667E0,8.416697388E0,-1.018362305E1,2.409988403E-2,1.321164464E1
6.291830667E0,8.604407043E0,-1.053703812E1,2.064207458E-1,1.360542548E1
6.301769667E0,8.345595245E0,-1.078926361E1,9.957293701E-1,1.367657290E1
6.311709667E0,7.804320831E0,-1.081935104E1,2.649640045E0,1.360096956E1
6.321648667E0,7.758216705E0,-1.090976303E1,4.766837311E0,1.421040442E1
6.331588667E0,8.429271240E0,-1.112770981E1,5.762117615E0,1.510233554E1
6.341527667E0,9.315129089E0,-1.120629639E1,4.818779297E0,1.534839870E1
6.351466667E0,9.517059174E0,-1.104822510E1,4.221820679E0,1.518095725E1
6.361406667E0,8.562045135E0,-1.039348663E1,4.354444885E0,1.415253940E1
6.371345667E0,7.574848022E0,-9.480535126E0,4.092190247E0,1.280643939E1
6.381285667E0,7.175328827E0,-9.109756165E0,3.096610565E0,1.200258298E1
6.391224667E0,7.186106415E0,-9.934091949E0,9.282197571E-1,1.229584890E1
6.401163667E0,7.221133575E0,-1.100885696E1,-2.486928406E0,1.339867585E1
6.411103667E0,7.231162720E0,-1.156869278E1,-4.790338440E0,1.445931220E1
6.421042667E0,6.990612946E0,-1.231938171E1,-4.936284943E0,1.500009147E1
6.430982667E0,6.512207794E0,-1.326002563E1,-4.111200714E0,1.533424604E1
6.440921667E0,6.185137939E0,-1.469179825E1,-3.202590179E0,1.625919589E1
6.450860667E0,5.782175903E0,-1.680974396E1,-1.841470642E0,1.787154342E1
6.460800667E0,4.933590546E0,-1.907094177E1,3.724255371E-1,1.970227998E1
6.470739667E0,2.902913361E0,-2.123229721E1,4.744833069E0,2.194882210E1
6.480678667E0,6.592291260E-1,-2.239268417E1,9.321116638E0,2.426417324E1
6.490618667E0,4.258644104E-1,-2.104488693E1,5.578449554E0,2.177585190E1
6.500557667E0,1.010847931E0,-1.836426132E1,4.517605591E-1,1.839760841E1
6.510497667E0,1.116528168E0,-1.577988556E1,-1.828896790E0,1.592470681E1
6.520436667E0,7.514373779E-1,-1.309207489E1,-3.062780914E0,1.346654039E1
6.530376667E0,7.716453552E-1,-1.048524582E1,-3.179687805E0,1.098390782E1
6.540315667E0,3.622467041E-1,-8.493487701E0,-2.941982117E0,8.995877655E0
6.550254667E0,2.242337036E-1,-7.230863342E0,-2.747985535E0,7.738674946E0
6.560194667E0,7.026388550E-1,-6.512956238E0,-2.826871490E0,7.134669070E0
6.570133667E0,1.553619232E0,-5.909261627E0,-2.844684448E0,6.739831994E0
6.580072667E0,2.417323151E0,-5.314698029E0,-1.200952606E0,5.960851744E0
6.590012667E0,2.741548920E0,-4.722679138E0,4.038601685E-1,5.475663591E0
6.599951667E0,2.450703735E0,-4.410278778E0,8.884025574E-1,5.123062249E0
6.609891667E0,1.690883789E0,-4.450245667E0,1.472937012E-1,4.762926612E0
6.619830667E0,1.214274902E0,-4.609364777E0,-9.135502625E-1,4.853378335E0
6.629769667E0,8.903485107E-1,-4.559817810E0,-1.525926819E0,4.890103433E0
6.639709667E0,3.435356140E-1,-4.579576721E0,-1.976040802E0,4.999527669E0
6.649648667E0,-4.731660461E-1,-4.558769989E0,-2.113005981E0,5.046886585E0
6.659588667E0,-1.351689148E0,-4.248614960E0,-1.985920258E0,4.880745015E0
6.669527667E0,-2.165995789E0,-3.890260162E0,-1.735191650E0,4.778760504E0
6.679466667E0,-2.786605225E0,-3.519780579E0,-1.565594330E0,4.754483106E0
6.689406667E0,-3.242856445E0,-3.294049988E0,-1.543889465E0,4.873446207E0
6.699345667E0,-3.545976105E0,-3.174897766E0,-1.517843628E0,4.995775379E0
6.709285667E0,-3.700005798E0,-3.075205078E0,-1.381327515E0,5.005496467E0
6.719224667E0,-3.627257080E0,-2.938239899E0,-1.196461945E0,4.818897053E0
6.729163667E0,-3.148103485E0,-2.816393280E0,-6.310876465E-1,4.270936464E0
6.739103667E0,-2.240391083E0,-2.795586548E0,9.443861389E-1,3.704932055E0
6.749042667E0,2.290237427E-2,-3.113824768E0,3.529061279E0,4.706453306E0
6.758982667E0,2.779420166E0,-4.259392548E0,8.739725647E0,1.011189427E1
6.768921667E0,6.530320129E0,-5.933511200E0,1.863130600E1,2.061497513E1
6.778860667E0,1.065619034E1,-8.797206116E0,2.188523941E1,2.588259902E1
6.788800667E0,1.124850861E1,-1.361269226E1,1.476364883E1,2.301737742E1
6.798739667E0,1.252475464E1,-1.971460327E1,2.360261810E1,3.320570195E1
6.808679667E0,1.288310944E1,-2.392010788E1,2.296689011E1,3.557561118E1
6.818618667E0,1.111319000E1,-2.297452423E1,1.194890213E1,2.817992225E1
6.828557667E0,8.753497009E0,-1.673040894E1,6.317911835E0,1.991095937E1
6.838497042E0,6.180796967E0,-9.341025238E0,4.897066498E0,1.222449442E1
6.848436042E0,4.407584381E0,-4.258344727E0,6.253845062E0,8.756190836E0
6.858375042E0,3.032543793E0,-1.200653229E0,8.384214935E0,8.996274235E0
6.868315042E0,2.457290039E0,5.517526245E-1,9.639205170E0,9.962779813E0
6.878254042E0,3.574267273E0,-1.574425964E0,2.498903503E0,4.636671476E0
6.888194042E0,4.728367310E0,-5.745053101E0,-9.977950745E0,1.244679049E1
6.898133042E0,4.364773407E0,-9.643546143E0,-1.612282242E1,1.928716236E1
6.908072042E0,3.835773468E0,-1.307935135E1,-1.346899109E1,1.916236704E1
6.918012042E0,4.826862488E0,-1.629601227E1,-8.772956543E0,1.912650997E1
6.927951042E0,6.157744904E0,-2.023686722E1,4.342619476E0,2.159414182E1
6.937891042E0,9.409732361E0,-2.489039017E1,2.970408005E1,3.987990669E1
6.947830042E0,3.882326660E0,-1.894415543E1,2.724634094E0,1.952887903E1
6.957769042E0,-3.177891541E-1,-1.236009705E1,-9.288634186E0,1.546453084E1
6.967709042E0,-2.104473724E0,-9.427545319E0,-5.638175354E0,1.118465206E1
6.977648042E0,-2.899171143E0,-7.410639496E0,-3.554658051E0,8.715409624E0
6.987588042E0,-2.984344025E0,-6.011798401E0,-2.727927246E0,7.244971796E0
6.997527042E0,-2.417772217E0,-5.127736816E0,-2.384541321E0,6.150231269E0
7.007466042E0,-1.718725891E0,-5.050497437E0,-2.361189880E0,5.834103247E0
7.017406042E0,-1.442699890E0,-5.675597534E0,-2.679727478E0,6.440087709E0
7.027345042E0,-1.068029022E0,-6.728657684E0,-2.440524902E0,7.236828174E0
7.037285042E0,-5.757028198E-1,-7.966433716E0,-1.967807922E0,8.226042056E0
7.047224042E0,-4.191284180E-1,-8.948391724E0,-1.791923676E0,9.135664920E0
7.057163042E0,-8.322692871E-2,-9.411528625E0,-1.725611572E0,9.568779080E0
7.067103042E0,1.913021851E-1,-9.549841003E0,-1.626218262E0,9.689202524E0
7.077042042E0,1.986369324E-1,-9.594597931E0,-1.611698456E0,9.731050200E0
7.086981042E0,2.607577515E-1,-9.620943146E0,-1.642684021E0,9.763654665E0
7.096921042E0,6.123765564E-1,-9.585616608E0,-1.694326630E0,9.753450339E0
7.106860042E0,1.158291321E0,-9.539512482E0,-1.792073364E0,9.775247522E0
7.116800042E0,1.782193909E0,-9.444759521E0,-1.939217377E0,9.805114052E0
7.126739042E0,2.326761475E0,-9.173972626E0,-2.092498627E0,9.692994542E0
7.136678042E0,2.719993744E0,-8.725654907E0,-1.932182007E0,9.341774287E0
7.146618042E0,3.163072357E0,-8.392447815E0,-1.353335724E0,9.070265963E0
7.156557042E0,3.866010590E0,-8.168513489E0,-4.945715332E-1,9.050704475E0
7.166497042E0,4.449347534E0,-8.256081390E0,6.640191650E-1,9.402153735E0
7.176436042E0,4.678071899E0,-8.500223694E0,1.861678619E0,9.879474016E0
7.186375042E0,4.617747345E0,-8.609945526E0,3.166066132E0,1.027028370E1
7.196315042E0,4.180955658E0,-8.520132294E0,3.588787079E0,1.014654804E1
7.206254042E0,3.646267548E0,-8.244255981E0,2.447410583E0,9.340922989E0
7.216194042E0,3.320095825E0,-7.846083984E0,9.868977356E-1,8.576598237E0
7.226133042E0,3.138074341E0,-7.382797394E0,2.282752991E-1,8.025292365E0
7.236072042E0,3.359763336E0,-7.192243652E0,-1.047821045E-2,7.938292526E0
7.246012042E0,3.671265564E0,-7.382647705E0,-8.981323242E-4,8.245100290E0
7.255951042E0,4.038152618E0,-7.817792816E0,1.663041687E-1,8.800694186E0
7.265891042E0,4.749772797E0,-8.590485992E0,3.504212952E-1,9.822402267E0
7.275830042E0,5.428461456E0,-9.563312988E0,1.498384094E-1,1.099761795E1
7.285769042E0,5.970184937E0,-1.035232224E1,-3.023712158E-2,1.195050619E1
7.295709042E0,6.388265533E0,-1.082653610E1,2.832110596E-1,1.257394246E1
7.305648042E0,6.532715149E0,-1.075992462E1,1.106199646E0,1.263629783E1
7.315588042E0,6.282734985E0,-1.020981857E1,2.525847473E0,1.225124727E1
7.325527042E0,5.953868866E0,-9.565558319E0,4.434079285E0,1.210824180E1
7.335466042E0,5.545218658E0,-9.330247650E0,5.404660950E0,1.212490541E1
7.345406042E0,5.509592743E0,-9.742041321E0,3.267255707E0,1.165924273E1
7.355345042E0,6.053112488E0,-1.028975235E1,5.947132874E-1,1.195294349E1
7.365284042E0,6.645580444E0,-1.046369064E1,-4.549040222E-1,1.240401141E1
7.375224042E0,7.025939484E0,-1.041938278E1,-6.710545349E-1,1.258481932E1
7.385163042E0,7.185507660E0,-1.035845947E1,-6.497987366E-1,1.262344808E1
7.395103042E0,7.201524353E0,-1.045665527E1,5.882766724E-2,1.269673396E1
7.405042042E0,7.010371857E0,-1.030996033E1,1.537901917E0,1.256207538E1
7.414981042E0,7.169341278E0,-1.039019348E1,2.692301331E0,1.290751957E1
7.424921042E0,8.095016327E0,-1.077758789E1,3.961212616E0,1.404908878E1
7.434860042E0,9.433083801E0,-1.151645142E1,5.065017242E0,1.572469786E1
7.444800042E0,1.047297134E1,-1.203123093E1,4.861440582E0,1.667534860E1
7.454739042E0,1.034304153E1,-1.155102951E1,4.671186218E0,1.619335579E1
7.464678042E0,9.021888885E0,-1.035516632E1,4.052373047E0,1.431941605E1
7.474618042E0,8.076754303E0,-9.009165344E0,3.615132294E0,1.262807197E1
7.484557042E0,7.559430084E0,-8.508456573E0,2.730471954E0,1.170445614E1
7.494497042E0,7.053781586E0,-9.868977356E0,8.442443848E-2,1.213093880E1
7.504436042E0,6.876550140E0,-1.167631897E1,-3.171903992E0,1.391705218E1
7.514375042E0,6.871760101E0,-1.256532028E1,-4.966522064E0,1.515832122E1
7.524315042E0,6.257886658E0,-1.331960175E1,-5.018613739E0,1.554861473E1
7.534254042E0,5.485642548E0,-1.447205521E1,-4.368964691E0,1.608168239E1
7.544194042E0,4.805457001E0,-1.587703354E1,-3.142565002E0,1.688337424E1
7.554133042E0,4.273762665E0,-1.774679535E1,-1.754950562E0,1.833831083E1
7.564072042E0,3.478765869E0,-1.968167175E1,-2.336640930E-1,1.998811181E1
7.574012042E0,1.525627441E0,-2.147658920E1,3.514391785E0,2.181564513E1
7.583951042E0,-5.013075256E-1,-2.180470688E1,8.471333771E0,2.339786416E1
7.593891042E0,-2.224374390E-1,-1.960173798E1,5.460794220E0,2.034939517E1
7.603830042E0,3.610491943E-1,-1.686243439E1,3.520678711E-1,1.686997338E1
7.613769042E0,1.025367737E-1,-1.453507416E1,-2.014660492E0,1.467439101E1
7.623709042E0,-1.725910950E-1,-1.196282318E1,-3.000360718E0,1.233454866E1
7.633648042E0,8.247848511E-2,-9.627529449E0,-3.217708740E0,1.015134353E1
7.643587042E0,3.350033569E-1,-7.833510132E0,-2.610271912E0,8.263753850E0
7.653527042E0,2.326162720E-1,-6.682553558E0,-2.185904388E0,7.034828384E0
7.663466042E0,2.378553772E-1,-6.105802917E0,-2.684966583E0,6.674312699E0
7.673406042E0,8.497828674E-1,-5.717660065E0,-3.077450409E0,6.548623409E0
7.683345042E0,1.895807648E0,-5.258564758E0,-2.493215332E0,6.120679100E0
7.693284042E0,2.701731720E0,-4.790039062E0,-1.266366577E0,5.643360064E0
7.703224042E0,2.744991760E0,-4.290378113E0,-1.125659180E-1,5.094604519E0
7.713163042E0,2.307152252E0,-4.082310791E0,-1.775308228E-1,4.692518524E0
7.723103042E0,1.921404419E0,-4.041595459E0,-1.368603973E0,4.679675804E0
7.733042042E0,1.592089233E0,-4.129911804E0,-2.362088013E0,5.017009011E0
7.742981042E0,9.309141541E-1,-4.118086395E0,-2.778522034E0,5.054247858E0
7.752921042E0,2.847079468E-1,-4.182452545E0,-2.709365845E0,4.991455819E0
7.762860042E0,-4.948709106E-1,-4.154610443E0,-2.438129883E0,4.842536781E0
7.772800042E0,-1.456321564E0,-4.049379272E0,-2.252515869E0,4.857177445E0
7.782739042E0,-2.014959869E0,-3.733236694E0,-2.174827423E0,4.767283693E0
7.792678042E0,-2.387834473E0,-3.342399445E0,-2.206860809E0,4.663005699E0
7.802618042E0,-3.050656128E0,-3.174748077E0,-2.045795746E0,4.854977693E0
7.812557042E0,-3.425476685E0,-3.115471344E0,-2.108665009E0,5.087879748E0
7.822497042E0,-3.227139130E0,-3.035238190E0,-2.630180511E0,5.152178894E0
7.832436042E0,-2.539319458E0,-3.081342316E0,-2.001038818E0,4.466203100E0
7.842374792E0,-1.270557861E0,-3.492686920E0,4.266128540E-1,3.741012928E0
7.852314792E0,1.260079651E0,-4.531526642E0,4.087250519E0,6.231223895E0
7.862253792E0,4.117787018E0,-5.972280579E0,1.167961212E1,1.374909614E1
7.872192792E0,7.918084259E0,-7.775131531E0,2.181713104E1,2.447725343E1
7.882132792E0,1.082114731E1,-1.198467773E1,2.270298889E1,2.785956629E1
7.892071792E0,9.375902710E0,-1.753049515E1,1.898651733E1,2.749024649E1
7.902011792E0,9.924062805E0,-2.333751938E1,2.605526779E1,3.635937036E1
7.911950792E0,1.042117905E1,-2.468307129E1,1.899070862E1,3.284055412E1
7.921889792E0,9.797126770E0,-1.887724457E1,9.067693634E0,2.312049141E1
7.931829792E0,7.938441925E0,-1.044797333E1,5.287454681E0,1.414694963E1
7.941768792E0,6.273903351E0,-4.827910309E0,4.865033112E0,9.291885082E0
7.951708792E0,4.673880615E0,-1.171314240E0,6.592590637E0,8.165744814E0
7.961647792E0,3.688330078E0,1.763782196E0,9.328601074E0,1.018516099E1
7.971586792E0,4.094435577E0,1.707499237E0,4.102069702E0,6.042096671E0
7.981526792E0,4.972659302E0,-1.749861145E0,-7.105274506E0,8.847275307E0
7.991465792E0,4.649481354E0,-6.813680878E0,-1.363499588E1,1.593602951E1
8.001405792E0,3.746409302E0,-1.170969955E1,-1.425186310E1,1.882201498E1
8.011344792E0,4.081412659E0,-1.571971069E1,-9.841734009E0,1.899018067E1
8.021283792E0,4.072431335E0,-1.916853882E1,-4.553530884E0,2.011845473E1
8.031223792E0,8.442144470E0,-2.617756348E1,2.337404343E1,3.609543654E1
8.041162792E0,6.697522430E0,-2.560799789E1,2.081646194E1,3.367419562E1
8.051101792E0,-1.381626892E-1,-1.546015045E1,-8.734935608E0,1.775765866E1
8.061041792E0,-2.437830505E0,-1.128398483E1,-6.735992432E0,1.336581181E1
8.070980792E0,-4.586911469E0,-8.052355042E0,-1.659898224E0,9.414639698E0
8.080920792E0,-4.612208862E0,-5.762866058E0,-1.112636261E0,7.464653726E0
8.090859792E0,-2.229912872E0,-5.485792236E0,-3.117566986E0,6.692208290E0
8.100798792E0,-1.180894318E0,-5.316344604E0,-2.699486389E0,6.078261109E0
8.110738792E0,-5.438191223E-1,-5.478457489E0,-2.795287170E0,6.174371714E0
8.120677792E0,-5.218148804E-1,-6.246061249E0,-3.192411346E0,7.033993325E0
8.130617792E0,-5.361849976E-1,-7.375612335E0,-2.566862183E0,7.827894553E0
8.140556792E0,-5.270539856E-1,-8.427025909E0,-1.789528656E0,8.631046541E0
8.150495792E0,-5.294490051E-1,-9.025631104E0,-1.555265808E0,9.173940527E0
8.160435792E0,-4.076023865E-1,-9.308093719E0,-1.506916351E0,9.438090129E0
8.170374792E0,-3.182382202E-1,-9.385033722E0,-1.467248840E0,9.504364928E0
8.180314792E0,-2.888992310E-1,-9.391919403E0,-1.525777130E0,9.519433213E0
8.190253792E0,-4.071533203E-2,-9.424252167E0,-1.909728699E0,9.615885313E0
8.200192792E0,5.730084229E-1,-9.391021271E0,-2.482587433E0,9.730511781E0
8.210132792E0,1.098415833E0,-9.273515625E0,-2.832409973E0,9.758440226E0
8.220071792E0,1.323397980E0,-9.101972351E0,-2.881956940E0,9.638618091E0
8.230011792E0,1.542093201E0,-8.882378998E0,-2.596500549E0,9.381712168E0
8.239950792E0,1.679956512E0,-8.535250854E0,-2.283202057E0,8.993651798E0
8.249889792E0,1.774859161E0,-8.189769287E0,-2.014959869E0,8.618730144E0
8.259829792E0,2.107916565E0,-8.161777496E0,-1.146465912E0,8.507191560E0
8.269768792E0,2.931354218E0,-8.505612488E0,7.833210754E-1,9.030607579E0
8.279707792E0,3.724105682E0,-8.946745148E0,2.527494049E0,1.001506056E1
8.289647792E0,4.101321259E0,-9.143286438E0,3.858675842E0,1.073824484E1
8.299586792E0,4.082610168E0,-9.202114105E0,4.816833344E0,1.116012963E1
8.309526792E0,3.733835449E0,-9.099577332E0,3.926634521E0,1.059067011E1
8.319465792E0,3.452570343E0,-8.646319885E0,1.217568054E0,9.389438828E0
8.329404792E0,3.879332886E0,-7.946375427E0,5.141807556E-1,8.857679601E0
8.339344792E0,4.466711426E0,-7.320377197E0,1.057700500E0,8.640495566E0
8.349283792E0,4.994962921E0,-7.268884277E0,6.746470642E-1,8.845421521E0
8.359223792E0,5.523962860E0,-7.881410522E0,-1.862127686E-1,9.626290703E0
8.369162792E0,5.929619293E0,-8.732989655E0,-6.595285034E-1,1.057641107E1
8.379101792E0,6.266269226E0,-9.561816101E0,-7.229965210E-1,1.145500682E1
8.389041792E0,6.725065155E0,-1.015398468E1,-2.691403198E-1,1.218205002E1
8.398980792E0,7.174281006E0,-1.047117508E1,7.223977661E-1,1.271368059E1
8.408920792E0,7.026987305E0,-1.040201889E1,2.132166138E0,1.273289755E1
8.418859792E0,6.343358917E0,-1.008063721E1,3.877686310E0,1.252572952E1
8.428798792E0,5.379662933E0,-9.967771912E0,5.649551697E0,1.265759395E1
8.438738792E0,4.738546143E0,-1.020203476E1,5.323679352E0,1.244495458E1
8.448677792E0,5.393134918E0,-1.060814026E1,2.533331909E0,1.216701749E1
8.458616792E0,6.391408997E0,-1.088431595E1,6.111790466E-1,1.263692931E1
8.468556792E0,6.981032867E0,-1.091320587E1,-8.876541138E-2,1.295533719E1
8.478495792E0,7.137756958E0,-1.087922653E1,-2.192939758E-1,1.301357884E1
8.488435792E0,7.120393066E0,-1.097038696E1,4.266128540E-2,1.307865465E1
8.498374792E0,7.331603851E0,-1.114088242E1,1.074914703E0,1.338010156E1
8.508313792E0,8.149353333E0,-1.149205215E1,2.905009003E0,1.438465501E1
8.518253792E0,9.348809052E0,-1.193887299E1,5.254822540E0,1.604836686E1
8.528192792E0,1.042626846E1,-1.219858292E1,6.993457031E0,1.750488333E1
8.538132792E0,1.079659836E1,-1.167122955E1,6.067183228E0,1.701748653E1
8.548071792E0,9.623787231E0,-1.062295944E1,3.803141327E0,1.482998422E1
8.558010792E0,7.947872314E0,-9.390871582E0,2.437082062E0,1.254179064E1
8.567950792E0,7.299420776E0,-9.195378113E0,1.376387787E0,1.182078532E1
8.577889792E0,6.519991608E0,-1.058942917E1,-5.104385376E-1,1.244615797E1
8.587829792E0,6.139333191E0,-1.205862396E1,-3.099754028E0,1.388201350E1
8.597768792E0,6.248456268E0,-1.308833267E1,-4.472100220E0,1.517719797E1
8.607707792E0,6.013744354E0,-1.419423294E1,-4.533023529E0,1.606828156E1
8.617647792E0,5.569168854E0,-1.560684540E1,-3.739822998E0,1.698751133E1
8.627586792E0,5.000651093E0,-1.754800873E1,-2.457140350E0,1.841131881E1
8.637525792E0,4.250860291E0,-1.910492111E1,-9.756710815E-1,1.959642207E1
8.647465792E0,2.474055176E0,-2.041245209E1,2.346071320E0,2.069524583E1
8.657404792E0,-3.170407104E-1,-2.136791519E1,8.871002655E0,2.313834485E1
8.667344792E0,-7.952961731E-1,-2.000170624E1,7.380851440E0,2.133489434E1
8.677283792E0,-5.044509888E-2,-1.753977585E1,4.749623108E-1,1.754627797E1
8.687222792E0,2.492317200E-1,-1.532183807E1,-2.243384857E0,1.548720808E1
8.697162792E0,5.884263611E-1,-1.292382477E1,-3.237018585E0,1.333603320E1
8.707101792E0,8.587641907E-1,-1.053658905E1,-3.751199341E0,1.121733842E1
8.717041792E0,1.133143616E0,-8.614735565E0,-3.523373108E0,9.376131471E0
8.726980792E0,1.013542328E0,-7.345824280E0,-3.277584229E0,8.107463276E0
8.736919792E0,1.314266968E0,-6.394552460E0,-2.524350586E0,6.999281728E0
8.746859792E0,1.923350372E0,-5.576503601E0,-2.405647430E0,6.370542255E0
8.756798792E0,2.797831879E0,-4.857249298E0,-1.977388000E0,5.943971506E0
8.766738792E0,3.237168274E0,-4.128265228E0,-8.360115051E-1,5.312320347E0
8.776677792E0,3.144660645E0,-3.788172455E0,2.647993469E-1,4.930442152E0
8.786616792E0,2.527494049E0,-3.837270355E0,1.701960754E-1,4.598025299E0
8.796556792E0,1.967508545E0,-4.111799469E0,-7.436535645E-1,4.618550137E0
8.806495792E0,1.649270325E0,-4.377197571E0,-1.446442108E0,4.896135818E0
8.816434792E0,1.241667938E0,-4.418960724E0,-1.803599396E0,4.931726263E0
8.826374792E0,8.887019348E-1,-4.571792908E0,-2.137554932E0,5.124472910E0
8.836316792E0,3.758683777E-1,-4.653672638E0,-2.314187622E0,5.210893437E0
8.846256792E0,-3.896397400E-1,-4.512216797E0,-2.379302216E0,5.115955295E0
8.856195792E0,-1.306483154E0,-4.216581573E0,-2.393971710E0,5.021708768E0
8.866134792E0,-2.085762634E0,-3.855382690E0,-2.401156769E0,4.997993126E0
8.876074792E0,-2.929108887E0,-3.534450073E0,-2.196532288E0,5.088886939E0
8.886013792E0,-3.610342255E0,-3.368295593E0,-2.041155396E0,5.342873922E0
8.895953792E0,-3.843706970E0,-3.202141113E0,-2.220183105E0,5.473299188E0
8.905892792E0,-3.882925415E0,-3.064577179E0,-2.340832214E0,5.472498380E0
8.915831792E0,-3.561693420E0,-3.216660919E0,-1.758692780E0,5.111317617E0
8.925771792E0,-2.702031097E0,-3.839216309E0,6.535409546E-1,4.740007352E0
8.935710792E0,-3.817062378E-2,-5.037773895E0,6.671326904E0,8.359857982E0
8.945650792E0,4.779111786E0,-6.880142670E0,1.935969131E1,2.109440496E1
8.955589792E0,9.478738861E0,-9.219927063E0,2.915846466E1,3.201670824E1
8.965528792E0,9.670939178E0,-1.340312805E1,1.776670395E1,2.426575108E1
8.975468792E0,8.128995667E0,-1.788271271E1,1.471754471E1,2.454542944E1
8.985407792E0,9.884245605E0,-2.296239944E1,2.585064331E1,3.596144962E1
8.995346792E0,9.741741943E0,-2.333886658E1,1.968990463E1,3.205146757E1
9.005286792E0,7.393425293E0,-1.751582565E1,8.769364014E0,2.093725462E1
9.015225792E0,5.087021484E0,-1.037312897E1,4.476141815E0,1.239013469E1
9.025165792E0,3.964805145E0,-5.455255737E0,4.168381805E0,7.928108342E0
9.035104792E0,2.680924988E0,-2.246977386E0,6.767576752E0,7.618159965E0
9.045043792E0,2.420466614E0,-5.863307190E-1,1.037702087E1,1.067169174E1
9.054983792E0,4.447102203E0,-2.568808136E0,3.630699921E0,6.289473361E0
9.064922792E0,5.899082794E0,-7.403903503E0,-8.494236145E0,1.271884478E1
9.074862792E0,5.251080322E0,-1.216475327E1,-1.546763489E1,2.036670802E1
9.084801792E0,4.603077850E0,-1.606668915E1,-1.385893021E1,2.171167364E1
9.094740792E0,4.997507629E0,-1.985471191E1,-8.450676727E0,2.214946060E1
9.104680792E0,8.859776001E0,-2.360576157E1,1.305540115E1,2.839315251E1
9.114619792E0,8.621321869E0,-2.182027451E1,1.485241425E1,2.776771109E1
9.124559792E0,7.268884277E-1,-1.431578018E1,-5.742059326E0,1.544154054E1
9.134498792E0,-1.694476318E0,-9.611812134E0,-6.176905060E0,1.155042591E1
9.144437792E0,-2.610571289E0,-6.846762085E0,-4.287683716E0,8.489844825E0
9.154377792E0,-2.970123596E0,-5.291945343E0,-3.185226288E0,6.853611179E0
9.164316792E0,-2.875819702E0,-4.627626801E0,-3.006497955E0,6.222885080E0
9.174255792E0,-2.629282379E0,-4.689897308E0,-2.859503632E0,6.089747418E0
9.184195792E0,-2.498753815E0,-5.407355347E0,-2.969225464E0,6.655791638E0
9.194134792E0,-2.624941406E0,-6.888824615E0,-2.682122498E0,7.844743658E0
9.204074792E0,-2.374212799E0,-8.664132843E0,-2.224823456E0,9.254940505E0
9.214013792E0,-1.895358582E0,-1.005324417E1,-1.726659393E0,1.037504001E1
9.223952792E0,-1.266815643E0,-1.094044922E1,-1.214574280E0,1.108031776E1
9.233892792E0,-4.402345276E-1,-1.116722763E1,-7.821235657E-1,1.120323599E1
9.243831792E0,5.688171387E-2,-1.094583801E1,-6.728507996E-1,1.096664641E1
9.253771792E0,-1.751358032E-2,-1.046638504E1,-8.000862122E-1,1.049693577E1
9.263710792E0,-1.664538574E-1,-9.765991516E0,-9.581575012E-1,9.814293809E0
9.273649792E0,-4.745132446E-2,-9.193282471E0,-1.202449493E0,9.271708526E0
9.283589792E0,2.869532776E-1,-8.803792419E0,-1.532513123E0,8.940788535E0
9.293528792E0,8.186476135E-1,-8.626860352E0,-1.824256439E0,8.855552778E0
9.303468792E0,1.374441833E0,-8.580905914E0,-2.003284149E0,8.918193990E0
9.313407792E0,1.892963562E0,-8.605305176E0,-2.070494385E0,9.051051608E0
9.323346792E0,2.442770233E0,-8.619525604E0,-1.858086090E0,9.149635620E0
9.333286792E0,3.164269867E0,-8.681945801E0,-1.325942688E0,9.335250971E0
9.343225792E0,4.251758423E0,-8.648116150E0,-2.198927307E-1,9.639279820E0
9.353165792E0,5.450615387E0,-8.668473816E0,1.075214081E0,1.029600562E1
9.363104792E0,5.939049683E0,-8.847800903E0,1.094523926E0,1.071232349E1
9.373043792E0,5.980363770E0,-8.936117249E0,1.199306030E0,1.081930114E1
9.382983792E0,5.777086487E0,-8.846304016E0,1.040935364E0,1.061674948E1
9.392922792E0,5.344186707E0,-8.600814514E0,2.939886475E-1,1.013019107E1
9.402861792E0,4.963528290E0,-8.033793640E0,-4.406835938E-1,9.453711195E0
9.412801792E0,4.962929535E0,-7.281308441E0,-5.671705627E-1,8.830051225E0
9.422740792E0,5.247637482E0,-6.645131378E0,-3.216810608E-1,8.473426041E0
9.432680792E0,5.521867218E0,-6.649322662E0,-3.701802063E-1,8.651100671E0
9.442619792E0,5.789660339E0,-7.129823456E0,-3.769161987E-1,9.192204043E0
9.452558792E0,5.983656921E0,-7.719896393E0,8.382568359E-3,9.767344610E0
9.462498792E0,5.799390106E0,-8.587791595E0,8.710386658E-1,1.039912489E1
9.472437792E0,5.551355896E0,-9.613758087E0,2.002236328E0,1.128055172E1
9.482377792E0,5.709127808E0,-1.011222153E1,3.073109436E0,1.201229229E1
9.492316792E0,6.303691406E0,-9.986782379E0,3.390449524E0,1.228688307E1
9.502255792E0,6.833140411E0,-9.604627075E0,2.905158691E0,1.214004185E1
9.512195792E0,7.070995789E0,-9.359886017E0,2.171833649E0,1.192993332E1
9.522134792E0,7.389383698E0,-9.310189362E0,1.390009460E0,1.196723626E1
9.532073792E0,7.736661530E0,-9.464368744E0,7.370672607E-1,1.224636581E1
9.542013792E0,7.834857330E0,-9.585017853E0,3.989204407E-1,1.238614929E1
9.551952792E0,7.579937439E0,-9.506730652E0,2.959346008E-1,1.216227596E1
9.561892792E0,7.040010223E0,-9.347910919E0,4.281097412E-1,1.171018618E1
9.571831792E0,6.489754486E0,-9.453142090E0,9.478289795E-1,1.150552860E1
9.581770792E0,6.279741211E0,-9.896370392E0,1.817370758E0,1.186069699E1
9.591710792E0,6.840325470E0,-1.078417419E1,2.339634705E0,1.298315663E1
9.601649792E0,8.554860077E0,-1.204575073E1,2.274969177E0,1.494861955E1
9.611589792E0,1.081471069E1,-1.319042038E1,2.123184814E0,1.718874838E1
9.621528792E0,1.184037781E1,-1.349234253E1,2.435136108E0,1.811540067E1
9.631467792E0,1.135403915E1,-1.235006790E1,4.245022430E0,1.730487208E1
9.641407792E0,1.044677582E1,-1.053748718E1,5.957311707E0,1.598947541E1
9.651346792E0,9.214687958E0,-8.857380981E0,4.610562286E0,1.358752945E1
9.661285792E0,8.241561584E0,-8.115673370E0,2.745141449E0,1.188794739E1
9.671225792E0,6.785090332E0,-8.762328644E0,9.716294861E-1,1.112474350E1
9.681164792E0,5.719606018E0,-1.001672012E1,-7.387138367E-1,1.155829889E1
9.691104792E0,5.757028198E0,-1.089853638E1,-2.071691895E0,1.249853496E1
9.701043792E0,5.910608826E0,-1.207987976E1,-3.123255157E0,1.380628533E1
9.710982792E0,6.303691406E0,-1.352168152E1,-3.419040070E0,1.530562744E1
9.720922792E0,6.162834320E0,-1.502126312E1,-3.023861847E0,1.651552643E1
9.730861792E0,5.483397217E0,-1.660422134E1,-2.553839264E0,1.767172619E1
9.740801792E0,4.484374695E0,-1.822160797E1,-1.624122620E0,1.883545560E1
9.750740792E0,3.308719482E0,-1.897005157E1,1.992356873E-1,1.925747066E1
9.760679792E0,2.116897888E0,-1.843371689E1,2.599644012E0,1.873609682E1
9.770619792E0,1.684297485E0,-1.719713837E1,4.614005127E0,1.788483909E1
9.780558792E0,1.541644135E0,-1.579680038E1,3.015928345E0,1.615584702E1
9.790497792E0,1.236728210E0,-1.436577621E1,1.784289551E-1,1.442001594E1
9.800437792E0,8.804690552E-1,-1.277308823E1,-1.621428223E0,1.290565915E1
9.810376792E0,9.506730652E-1,-1.093401260E1,-2.695744171E0,1.130147988E1
9.820316792E0,1.106499023E0,-9.230255585E0,-3.432512054E0,9.909798043E0
9.830255792E0,1.086590424E0,-8.073910217E0,-4.401297455E0,9.259596332E0
9.840192542E0,1.510209503E0,-7.324867859E0,-4.424349518E0,8.689608193E0
9.850132542E0,2.314487000E0,-6.662944336E0,-4.182452545E0,8.200279665E0
9.860071542E0,2.501897278E0,-5.756878510E0,-2.882406006E0,6.907199472E0
9.870011542E0,2.533182220E0,-4.989723816E0,-8.771759033E-1,5.664255775E0
9.879950542E0,2.450104980E0,-4.551135864E0,1.784289551E-1,5.171816795E0
9.889889542E0,2.132764893E0,-4.487069092E0,2.380050659E-2,4.968203054E0
9.899829542E0,1.622176666E0,-4.631668396E0,-6.081852722E-1,4.945068108E0
9.909768542E0,1.068029022E0,-4.666695557E0,-1.304986267E0,4.962028070E0
9.919708542E0,3.902384949E-1,-4.842130737E0,-1.711241455E0,5.150423621E0
9.929647542E0,-1.781295776E-2,-5.088967438E0,-1.961820374E0,5.454048594E0
9.939586542E0,-2.243833923E-1,-5.078339539E0,-1.906285858E0,5.428978371E0
9.949526542E0,-5.387297058E-1,-4.766837311E0,-1.747915192E0,5.105700262E0
9.959465542E0,-1.314716034E0,-4.338577881E0,-1.697769470E0,4.840883954E0
9.969404542E0,-2.490670624E0,-4.025878143E0,-1.743274841E0,5.044813391E0
9.979344542E0,-3.487896881E0,-3.823498993E0,-1.738035736E0,5.459426474E0
9.989283542E0,-4.033212891E0,-3.603905640E0,-1.907633057E0,5.735329630E0
9.999223542E0,-4.284091187E0,-3.418291626E0,-1.912872162E0,5.804931941E0
1.000916254E1,-4.165388031E0,-3.490890656E0,-1.418150940E0,5.616754143E0
1.001910154E1,-3.645519104E0,-4.036506042E0,4.772076416E-1,5.459937518E0
1.002904154E1,-1.592837677E0,-5.070555725E0,5.294490051E0,7.501952554E0
1.003898054E1,3.017574921E0,-6.604715424E0,1.426009598E1,1.600244861E1
1.004892054E1,7.667655029E0,-8.275840302E0,2.297108139E1,2.559205046E1
1.005885954E1,9.831704865E0,-1.097038696E1,1.893188095E1,2.398807885E1
1.006879854E1,8.041727142E0,-1.431473236E1,9.186396790E0,1.881411236E1
1.007873854E1,8.130642242E0,-1.782029251E1,1.650692368E1,2.561539962E1
1.008867754E1,9.944270782E0,-2.077889008E1,2.341011841E1,3.284333171E1
1.009861654E1,9.100026398E0,-1.865525620E1,1.555729843E1,2.593951809E1
1.010855654E1,6.475534058E0,-1.228989304E1,7.075037384E0,1.558942482E1
1.011849554E1,5.655988312E0,-7.472011871E0,3.351979523E0,9.952734896E0
1.012843554E1,4.833598480E0,-4.295168152E0,3.935466156E0,7.569678830E0
1.013837454E1,3.840563507E0,-3.400478668E0,8.007149048E0,9.509343779E0
1.014831354E1,4.591402130E0,-5.871540070E0,7.827971649E0,1.080893595E1
1.015825354E1,7.034771118E0,-1.003857468E1,-9.172924805E-1,1.229237209E1
1.016819254E1,7.936945038E0,-1.358993958E1,-1.208826233E1,1.984458718E1
1.017813254E1,6.449637909E0,-1.584754486E1,-1.503862701E1,2.277943831E1
1.018807154E1,5.889802094E0,-1.757435394E1,-1.016446289E1,2.113915777E1
1.019801054E1,4.048630829E0,-1.722408234E1,-5.250930634E0,1.845623733E1
1.020795054E1,4.136797485E0,-1.508173737E1,4.411476288E0,1.624909285E1
1.021788954E1,1.848506012E0,-1.136885834E1,9.138945465E0,1.470334107E1
1.022782854E1,-1.007255402E0,-7.751181335E0,6.438111877E-1,7.842822731E0
1.023776854E1,-1.220412140E0,-5.591771851E0,-2.464325409E0,6.231389728E0
1.024770754E1,-1.353036346E0,-4.712350616E0,-2.938239899E0,5.715785982E0
1.025764754E1,-9.759704590E-1,-4.943020935E0,-2.988984375E0,5.858327568E0
1.026758654E1,-5.116360474E-1,-5.694757690E0,-2.271526337E0,6.152387219E0
1.027752554E1,-3.564088440E-1,-6.894812164E0,-2.092947693E0,7.214283893E0
1.028746554E1,-3.665876770E-1,-8.687035217E0,-2.965183868E0,9.186472814E0
1.029740454E1,-3.098556519E-1,-1.019589752E1,-3.276087341E0,1.071378015E1
1.030734454E1,-2.941383362E-1,-1.099613342E1,-2.448159027E0,1.126920362E1
1.031728354E1,-2.103126526E-1,-1.112980545E1,-1.855541382E0,1.128538146E1
1.032722254E1,2.383044434E-1,-1.067774551E1,-1.434616699E0,1.077632420E1
1.033716254E1,7.324269104E-1,-9.957593079E0,-9.572593689E-1,1.003027690E1
1.034710154E1,8.306227112E-1,-9.267079010E0,-7.634124756E-1,9.335496027E0
1.035704054E1,7.625143433E-1,-8.707542572E0,-7.472460938E-1,8.772747716E0
1.036698054E1,7.743397522E-1,-8.312663727E0,-9.066645813E-1,8.397739038E0
1.037691954E1,8.384065247E-1,-8.090076599E0,-1.306932220E0,8.237738568E0
1.038685954E1,9.909393311E-1,-8.100105743E0,-1.603914642E0,8.316622872E0
1.039679854E1,1.048270111E0,-8.186476135E0,-1.685944061E0,8.423756236E0
1.040673754E1,1.238374786E0,-8.312364349E0,-1.484612732E0,8.534228035E0
1.041667754E1,1.667083282E0,-8.347092133E0,3.225791931E-1,8.518049723E0
1.042661654E1,2.183359680E0,-8.509354706E0,1.844314728E0,8.976506771E0
1.043655654E1,2.422711945E0,-8.896300049E0,2.122136993E0,9.461350493E0
1.044649554E1,2.612666931E0,-9.240135040E0,2.202519836E0,9.851762161E0
1.045643454E1,2.916984100E0,-9.332492981E0,1.725611572E0,9.928844685E0
1.046637454E1,3.034040680E0,-9.159901886E0,8.503816223E-1,9.686710190E0
1.047631354E1,3.019221497E0,-8.860674133E0,-1.669029236E-1,9.362430300E0
1.048625354E1,3.413501587E0,-8.262817383E0,-5.707630920E-1,8.958343301E0
1.049619254E1,4.270469513E0,-7.621550903E0,-2.158511353E-1,8.739081173E0
1.050613154E1,5.109474792E0,-7.257208557E0,3.517684937E-2,8.875530751E0
1.051607154E1,5.635480957E0,-7.499704285E0,-1.781295776E-1,9.382746939E0
1.052601054E1,5.966293030E0,-8.129744110E0,-3.769161987E-1,1.009115740E1
1.053594954E1,6.284082184E0,-8.816815338E0,-3.088078308E-1,1.083149500E1
1.054588954E1,6.647676086E0,-9.499994659E0,5.029541016E-2,1.159500002E1
1.055582854E1,7.111262054E0,-1.008887009E1,7.379653931E-1,1.236527155E1
1.056576854E1,7.476502533E0,-1.036654266E1,1.582209778E0,1.287892405E1
1.057570754E1,7.357799377E0,-1.028136978E1,2.598745880E0,1.290725596E1
1.058564654E1,6.641239471E0,-9.942324829E0,3.900139618E0,1.257644520E1
1.059558654E1,5.706433411E0,-9.709259491E0,4.803061981E0,1.224346791E1
1.060552554E1,5.005141754E0,-9.850415955E0,4.031865692E0,1.176172094E1
1.061546554E1,5.038372650E0,-1.031519943E1,2.127825165E0,1.167545195E1
1.062540454E1,5.440436554E0,-1.065574127E1,9.330097961E-1,1.200056995E1
1.063534354E1,5.812862091E0,-1.069091812E1,3.820056152E-1,1.217501640E1
1.064528354E1,6.215225372E0,-1.061757065E1,8.562194824E-2,1.230321763E1
1.065522254E1,6.803801422E0,-1.058898010E1,8.921447754E-2,1.258674591E1
1.066516154E1,7.602091370E0,-1.064301773E1,5.216651917E-1,1.308960481E1
1.067510154E1,8.484207001E0,-1.081501007E1,1.595083008E0,1.383800929E1
1.068504054E1,9.459129639E0,-1.114522339E1,3.181035004E0,1.496028481E1
1.069498054E1,1.013706985E1,-1.146959885E1,5.005291443E0,1.610480752E1
1.070491954E1,1.021206390E1,-1.157198593E1,6.442602539E0,1.672436053E1
1.071485854E1,9.253607025E0,-1.094179642E1,6.783892822E0,1.585475808E1
1.072479854E1,7.894433441E0,-1.000504440E1,5.013524323E0,1.369519693E1
1.073473754E1,6.903793488E0,-9.082213440E0,2.851719818E0,1.175930574E1
1.074467754E1,6.296206970E0,-9.232800293E0,3.849993896E-1,1.118190717E1
1.075461654E1,6.356830902E0,-1.064780777E1,-2.191891937E0,1.259323230E1
1.076455554E1,6.495292969E0,-1.181567917E1,-3.833827515E0,1.401775083E1
1.077449554E1,6.104306030E0,-1.281604889E1,-4.345014496E0,1.484563277E1
1.078443454E1,5.777086487E0,-1.429452438E1,-4.295018463E0,1.600485361E1
1.079437354E1,5.673052826E0,-1.572494980E1,-3.495680695E0,1.707856429E1
1.080431354E1,5.447322235E0,-1.719414459E1,-2.330354004E0,1.818632667E1
1.081425254E1,4.959486694E0,-1.866753067E1,-7.077282715E-1,1.932806480E1
1.082419254E1,3.426225128E0,-1.989393036E1,3.188070374E0,2.043700752E1
1.083413154E1,1.494641876E0,-2.022459274E1,9.257199554E0,2.229268601E1
1.084407029E1,9.386979675E-1,-1.900477936E1,7.193740540E0,2.034238667E1
1.085401029E1,9.607022095E-1,-1.695554077E1,1.069974976E0,1.701640849E1
1.086394929E1,9.069639587E-1,-1.479149094E1,-2.031126251E0,1.495781607E1
1.087388929E1,5.688171387E-1,-1.294253586E1,-3.333118744E0,1.337693791E1
1.088382829E1,8.370593262E-1,-1.104178848E1,-3.641178131E0,1.165675510E1
1.089376729E1,9.508227539E-1,-9.253307648E0,-2.850671997E0,9.729033722E0
1.090370729E1,5.414241028E-1,-7.942034454E0,-2.206411743E0,8.260587395E0
1.091364629E1,5.131329346E-1,-7.203769684E0,-2.138752441E0,7.532055833E0
1.092358529E1,1.043180695E0,-6.729406128E0,-2.020348663E0,7.103164191E0
1.093352529E1,1.599873047E0,-6.185437317E0,-1.850751343E0,6.651654614E0
1.094346429E1,1.877096558E0,-5.604196014E0,-1.442999268E0,6.083810594E0
1.095340429E1,1.778751068E0,-5.068759460E0,-1.257534943E0,5.517034707E0
1.096334329E1,1.369502106E0,-4.756209412E0,-1.013991394E0,5.052251234E0
1.097328229E1,9.879455566E-1,-4.629572754E0,-1.151555328E0,4.871864118E0
1.098322229E1,9.581575012E-1,-4.299658813E0,-1.450783081E0,4.637877021E0
1.099316129E1,7.455995178E-1,-3.836222534E0,-1.570234680E0,4.211669375E0
1.100310129E1,3.125500488E-1,-3.678450623E0,-1.888622589E0,4.146755575E0
1.101304029E1,-1.514849854E-1,-3.811074829E0,-2.231409760E0,4.418871866E0
1.102297929E1,-5.568420410E-1,-3.816463623E0,-2.373314667E0,4.528585889E0
1.103291929E1,-9.397457886E-1,-3.549568634E0,-2.402653656E0,4.388086625E0
1.104285829E1,-1.526076508E0,-3.057392120E0,-2.198627930E0,4.063314024E0
1.105279729E1,-2.440225525E0,-2.458637238E0,-1.797611847E0,3.902692152E0
1.106273729E1,-3.067720642E0,-2.146087189E0,-1.805545349E0,4.156512260E0
1.107267629E1,-2.641107788E0,-2.187251587E0,-2.585124207E0,4.294460038E0
1.108261629E1,-1.397793274E0,-2.476150818E0,-2.381996613E0,3.709320257E0
1.109255529E1,1.496887207E-3,-3.186723175E0,-5.899232483E-1,3.240866593E0
1.110249429E1,1.299447784E0,-4.380790100E0,1.346000977E0,4.763570622E0
1.111243429E1,2.871029663E0,-5.890400848E0,3.523522797E0,7.440083762E0
1.112237329E1,5.494474182E0,-7.732320557E0,1.078073135E1,1.435974221E1
1.113231329E1,9.685608673E0,-1.142663818E1,2.530802170E1,2.940875784E1
1.114225229E1,1.142858414E1,-1.745894394E1,2.914873489E1,3.584795677E1
1.115219129E1,8.214018860E0,-2.195843719E1,2.191802124E1,3.209427870E1
1.116213129E1,7.121141510E0,-2.371278900E1,1.794947388E1,3.058088670E1
1.117207029E1,6.666985931E0,-2.032563263E1,1.234408035E1,2.469729465E1
1.118200929E1,4.041595459E0,-1.206191711E1,6.606661377E0,1.433430545E1
1.119194929E1,2.819237366E0,-5.995482330E0,4.151317291E0,7.818397723E0
1.120188829E1,2.002086639E0,-2.534529419E0,4.615052948E0,5.633019084E0
1.121182829E1,9.478289795E-1,-8.146060181E-1,7.623197479E0,7.724966184E0
1.122176729E1,9.761201477E-1,-2.761607208E0,8.507109375E0,8.997232621E0
1.123170629E1,2.869233398E0,-8.739875336E0,2.530936890E0,9.540626956E0
1.124164629E1,5.157524872E0,-1.385833145E1,-6.378236389E0,1.610389123E1
1.125158529E1,6.535708923E0,-1.718576202E1,-1.181912201E1,2.185766576E1
1.126152529E1,6.544091492E0,-1.877201340E1,-1.043989014E1,2.245450793E1
1.127146429E1,6.300697632E0,-1.993359787E1,-4.419110413E0,2.136763093E1
1.128140329E1,8.002508698E0,-1.906390640E1,5.610033875E0,2.142300522E1
1.129134329E1,5.201832733E0,-1.422177567E1,3.763473816E0,1.560390022E1
1.130128229E1,8.779243469E-1,-9.492809601E0,-2.918181610E0,9.969953319E0
1.131122129E1,-7.707472229E-1,-6.454727325E0,-3.646267548E0,7.453376628E0
1.132116129E1,-1.384171600E0,-4.881648560E0,-3.140918427E0,5.967561666E0
1.133110029E1,-1.112486572E0,-4.281247101E0,-2.435585175E0,5.049631497E0
1.134104029E1,-2.344125366E-1,-4.546495514E0,-1.880389709E0,4.925589930E0
1.135097929E1,6.953041077E-1,-5.413043518E0,-1.715582428E0,5.720813841E0
1.136091829E1,1.162632294E0,-6.970704346E0,-2.037113800E0,7.354744425E0
1.137085829E1,1.067879333E0,-8.754694519E0,-2.382295990E0,9.135665087E0
1.138079729E1,8.791218567E-1,-1.005069946E1,-2.199376373E0,1.032601914E1
1.139073729E1,7.945477295E-1,-1.084180435E1,-1.943408661E0,1.104322711E1
1.140067629E1,9.668394470E-1,-1.086261108E1,-1.750160522E0,1.104509665E1
1.141061529E1,1.387464752E0,-1.012120285E1,-1.429826660E0,1.031543551E1
1.142055529E1,1.553469543E0,-9.091194763E0,-1.166374512E0,9.296425084E0
1.143049429E1,1.464853821E0,-8.289461975E0,-1.132544861E0,8.493740896E0
1.144043329E1,1.501078491E0,-7.835456085E0,-1.254241791E0,8.075935312E0
1.145037329E1,1.597028961E0,-7.582182770E0,-1.540746002E0,7.900246534E0
1.146031229E1,1.571881256E0,-7.554340668E0,-1.658850403E0,7.892443111E0
1.147025229E1,1.493893433E0,-7.700885925E0,-1.374741211E0,7.963998683E0
1.148019129E1,1.610650635E0,-8.031847687E0,-2.963836670E-1,8.197110223E0
1.149013029E1,1.634451141E0,-8.696166229E0,2.753973083E0,9.267098001E0
1.150007029E1,1.607806549E0,-9.400451660E0,4.754712524E0,1.065649213E1
1.151000929E1,1.580114136E0,-9.691745911E0,4.568649445E0,1.083047816E1
1.151994829E1,2.053579559E0,-9.686357117E0,2.398911438E0,1.018810479E1
1.152988829E1,2.699037323E0,-9.530531158E0,4.493655396E-1,9.915531051E0
1.153982729E1,2.914888458E0,-9.034462738E0,-4.264631653E-1,9.502629242E0
1.154976729E1,3.152294769E0,-8.494236145E0,-9.458830261E-1,9.109539214E0
1.155970629E1,3.560196533E0,-8.072862396E0,-1.302291870E0,8.918636148E0
1.156964529E1,4.086202698E0,-7.694449310E0,-1.478924561E0,8.836787908E0
1.157958529E1,4.589755554E0,-7.557633820E0,-1.547182617E0,8.976494809E0
1.158952429E1,4.874313812E0,-7.602390747E0,-1.434017944E0,9.143942677E0
1.159946429E1,5.174888763E0,-7.638016663E0,-9.425898743E-1,9.274009269E0
1.160940329E1,5.684429169E0,-7.743996277E0,-2.121089172E-1,9.608704569E0
1.161934229E1,6.164031830E0,-8.154742126E0,4.968168640E-1,1.023435071E1
1.162928229E1,6.474336548E0,-9.004824371E0,1.135388947E0,1.114867722E1
1.163922129E1,6.714137878E0,-1.000938538E1,1.881587219E0,1.219868081E1
1.164916029E1,6.690037994E0,-1.066681824E1,2.950065308E0,1.293215005E1
1.165910029E1,6.389463043E0,-1.075408676E1,4.124672699E0,1.317150504E1
1.166903929E1,6.070476379E0,-1.034902908E1,4.597539368E0,1.284875304E1
1.167897929E1,6.187832336E0,-9.968520355E0,3.575764160E0,1.226567391E1
1.168891829E1,6.515950012E0,-9.893975372E0,1.820065155E0,1.198586628E1
1.169885729E1,6.885232086E0,-9.952803040E0,4.331991577E-1,1.211001118E1
1.170879729E1,7.173382874E0,-9.979447632E0,-5.463638306E-2,1.229023116E1
1.171873629E1,7.191495209E0,-9.986932068E0,6.286926270E-2,1.230692358E1
1.172867629E1,6.985373840E0,-1.007569748E1,3.284170532E-1,1.226470485E1
1.173861529E1,6.735393677E0,-1.026729904E1,7.424560547E-1,1.230179656E1
1.174855429E1,6.961273956E0,-1.058748322E1,1.317111053E0,1.273926676E1
1.175849429E1,7.919281769E0,-1.095691498E1,1.963317261E0,1.366102574E1
1.176843329E1,9.407636719E0,-1.130943192E1,2.477647705E0,1.491796290E1
1.177837229E1,1.085886887E1,-1.163665146E1,3.269950104E0,1.624866960E1
1.178831229E1,1.153171967E1,-1.167152893E1,4.467459869E0,1.700480355E1
1.179825129E1,1.099897751E1,-1.099328934E1,5.541626129E0,1.650877151E1
1.180819129E1,9.719588013E0,-9.739795990E0,5.494174805E0,1.481620646E1
1.181813029E1,8.679850159E0,-8.436007233E0,4.207899628E0,1.281454003E1
1.182806929E1,7.616461487E0,-7.876770172E0,2.426753540E0,1.122243853E1
1.183800929E1,6.186335449E0,-8.886270905E0,9.584568787E-1,1.086992164E1
1.184794746E1,5.422324219E0,-1.066996170E1,-1.274599457E0,1.203637347E1
1.185788746E1,5.605992279E0,-1.158845169E1,-3.688928833E0,1.339132398E1
1.186782646E1,5.768404541E0,-1.206161774E1,-4.961133270E0,1.426078387E1
1.187776546E1,5.345234528E0,-1.284299286E1,-4.489613800E0,1.461747686E1
1.188770546E1,4.873864746E0,-1.418285660E1,-3.417692871E0,1.538143697E1
1.189764446E1,4.630171509E0,-1.620500153E1,-2.291285248E0,1.700854346E1
1.190758346E1,4.264781342E0,-1.829839828E1,-1.221609650E0,1.882849091E1
1.191752346E1,2.998564453E0,-1.984752686E1,5.050497437E-1,2.007911319E1
1.192746246E1,9.782157898E-1,-2.117242172E1,5.626948700E0,2.192922478E1
1.193740246E1,1.815724182E-1,-2.067291046E1,8.151149597E0,2.222258840E1
1.194734146E1,5.501060486E-1,-1.831082245E1,2.950065308E0,1.855509959E1
1.195728046E1,2.525248718E-1,-1.604797806E1,-8.954379272E-1,1.607492388E1
1.196722046E1,1.543290710E-1,-1.359143646E1,-2.496209106E0,1.381962454E1
1.197715946E1,8.199948120E-1,-1.100870728E1,-3.244802399E0,1.150620572E1
1.198709846E1,5.707630920E-1,-8.924740906E0,-2.809507599E0,9.373905466E0
1.199703846E1,3.038681030E-1,-7.628286896E0,-2.955304413E0,8.186386319E0
1.200697746E1,7.244934082E-1,-6.940317535E0,-3.254382477E0,7.699604113E0
1.201691746E1,1.305435333E0,-6.355184326E0,-3.134631500E0,7.205445432E0
1.202685646E1,2.287692719E0,-5.596711578E0,-2.282004547E0,6.462527618E0
1.203679546E1,3.092868347E0,-4.687951355E0,-6.683601379E-1,5.655919712E0
1.204673546E1,3.161725159E0,-4.102818146E0,4.216731262E-1,5.196867416E0
1.205667446E1,2.899470520E0,-4.028871918E0,5.822891235E-2,4.964083886E0
1.206661446E1,2.343376923E0,-3.972888336E0,-7.991880798E-1,4.681234743E0
1.207655346E1,1.636097717E0,-3.845503235E0,-1.458267517E0,4.426200969E0
1.208649246E1,1.109343109E0,-3.783831482E0,-1.916913757E0,4.384356415E0
1.209643246E1,5.728587341E-1,-3.927083588E0,-2.071991272E0,4.476974477E0
1.210637146E1,-2.486329651E-1,-4.080364838E0,-1.945653992E0,4.527335311E0
1.211631046E1,-1.229842529E0,-4.152215424E0,-1.639091492E0,4.630337621E0
1.212625046E1,-1.921254730E0,-4.015549622E0,-1.616338806E0,4.735864191E0
1.213618946E1,-2.522254944E0,-3.849095764E0,-1.560804291E0,4.859363975E0
1.214612946E1,-3.098257141E0,-3.733087006E0,-1.252595215E0,5.010402247E0
1.215606846E1,-3.460054779E0,-3.816912689E0,-1.106798401E0,5.269326736E0
1.216600746E1,-3.672014008E0,-3.897594910E0,-8.934919739E-1,5.428928150E0
1.217594746E1,-3.702251129E0,-4.026626587E0,-5.867797852E-1,5.501335802E0
1.218588646E1,-3.341800690E0,-4.418960724E0,1.613644409E-1,5.542642349E0
1.219582646E1,-2.253414001E0,-5.382207642E0,1.956880646E0,6.154300579E0
1.220576546E1,9.933343506E-1,-6.642736359E0,6.958579559E0,9.671323019E0
1.221570446E1,5.733078003E0,-7.833809509E0,1.736628662E1,1.989534282E1
1.222564446E1,1.068837341E1,-9.516759796E0,2.440060867E1,2.828780209E1
1.223558346E1,1.174412796E1,-1.269150787E1,1.611952927E1,2.363975756E1
1.224552246E1,1.117096985E1,-1.693817688E1,1.583077972E1,2.573530629E1
1.225546246E1,1.207329346E1,-2.087319397E1,2.204435852E1,3.267121644E1
1.226540146E1,1.088266937E1,-2.063952988E1,1.670032150E1,2.869361296E1
1.227534146E1,9.165889435E0,-1.593122086E1,9.036408691E0,2.048106465E1
1.228528046E1,6.943610687E0,-9.271569672E0,5.619015198E0,1.287435689E1
1.229521946E1,5.240901489E0,-4.775369568E0,5.385949860E0,8.903912557E0
1.230515946E1,3.730242920E0,-2.234403534E0,6.950945435E0,8.198958094E0
1.231509846E1,2.502196655E0,-8.777746582E-1,7.965535583E0,8.395310214E0
1.232503846E1,2.770738220E0,-3.189567261E0,4.809049530E0,6.401350403E0
1.233497746E1,3.826043701E0,-7.794740753E0,-4.468358002E0,9.765388730E0
1.234491646E1,3.823948059E0,-1.182016983E1,-1.303160065E1,1.800448858E1
1.235485646E1,3.539988556E0,-1.467129089E1,-1.284089722E1,1.981582541E1
1.236479546E1,3.750151520E0,-1.761117737E1,-8.504564667E0,1.991343328E1
1.237473446E1,2.678679657E0,-1.873294464E1,-4.581073608E0,1.947009951E1
1.238467446E1,2.860102386E0,-1.807655960E1,1.008901978E0,1.832921373E1
1.239461346E1,4.261188812E0,-1.617611160E1,9.678423615E0,1.932604979E1
1.240455346E1,9.142987061E-1,-1.168125870E1,8.970845032E-1,1.175127685E1
1.241449246E1,-2.890489197E-1,-8.076005859E0,-3.213218079E0,8.696561984E0
1.242443146E1,-6.327342224E-1,-6.348897400E0,-2.790347443E0,6.963827227E0
1.243437146E1,-4.568499756E-1,-5.780529327E0,-2.342927856E0,6.254002090E0
1.244431046E1,7.529342651E-2,-5.989943848E0,-1.970652008E0,6.306232293E0
1.245424946E1,4.668791199E-1,-6.650969238E0,-1.748963013E0,6.892912268E0
1.246418946E1,4.845423889E-1,-7.646997986E0,-1.727707214E0,7.854701251E0
1.247412846E1,1.965412903E-1,-8.707093506E0,-1.877395935E0,8.909361442E0
1.248406846E1,-1.037342834E-1,-9.377399597E0,-2.009122009E0,9.590774487E0
1.249400746E1,-1.429527283E-1,-9.495054932E0,-1.832040253E0,9.671239586E0
1.250394646E1,1.514849854E-1,-9.212891693E0,-1.482068024E0,9.332569136E0
1.251388646E1,6.044430542E-1,-8.849896545E0,-1.157093811E0,8.945662992E0
1.252382546E1,1.053509216E0,-8.582851868E0,-9.506730652E-1,8.699368203E0
1.253376546E1,1.301693115E0,-8.468639374E0,-9.589059448E-1,8.621586769E0
1.254370446E1,1.425635376E0,-8.396938477E0,-1.107097778E0,8.588752965E0
1.255364346E1,1.536704407E0,-8.380772095E0,-1.273102570E0,8.615079308E0
1.256358346E1,1.658700714E0,-8.339607697E0,-1.043180695E0,8.566712937E0
1.257352246E1,1.957329712E0,-8.002359009E0,1.624421997E0,8.396882525E0
1.258346146E1,2.295027466E0,-7.880961456E0,3.646866302E0,8.982000800E0
1.259340146E1,2.593506775E0,-8.050708466E0,3.815116425E0,9.278755171E0
1.260334046E1,2.460134125E0,-8.153394928E0,2.869233398E0,8.986801937E0
1.261328046E1,2.416874084E0,-8.597221985E0,1.519789581E0,9.058877776E0
1.262321946E1,2.706671448E0,-9.032816162E0,4.697232056E-1,9.441317601E0
1.263315846E1,2.943029938E0,-9.089548187E0,-1.606159973E-1,9.555475339E0
1.264309846E1,3.022215271E0,-8.843609619E0,-5.797444153E-1,9.363723609E0
1.265303746E1,3.319796448E0,-8.521778870E0,-8.946894836E-1,9.189245498E0
1.266297746E1,3.954326935E0,-8.415200500E0,-8.390052795E-1,9.335750148E0
1.267291646E1,4.322561188E0,-8.332422638E0,-7.741900635E-1,9.418767037E0
1.268285546E1,4.576582947E0,-8.342751160E0,-7.878117371E-1,9.548154571E0
1.269279546E1,4.879702606E0,-8.405021667E0,-2.884501648E-1,9.723121425E0
1.270273446E1,5.045557709E0,-8.476423187E0,4.222718811E-1,9.873485513E0
1.271267346E1,5.198539581E0,-8.803942108E0,9.942324829E-1,1.027242467E1
1.272261346E1,5.370382233E0,-9.318721619E0,1.496438141E0,1.085904715E1
1.273255246E1,5.596112823E0,-9.685458984E0,2.270927582E0,1.141410122E1
1.274249246E1,5.944438477E0,-1.000504440E1,3.254532166E0,1.208425595E1
1.275243146E1,6.313720551E0,-1.028795609E1,3.682791595E0,1.262014507E1
1.276237046E1,6.575376434E0,-1.044902115E1,3.066373444E0,1.272085942E1
1.277231046E1,6.816824341E0,-1.054691757E1,2.049388275E0,1.272425073E1
1.278224946E1,7.122189331E0,-1.043450134E1,1.355131989E0,1.270593491E1
1.279218846E1,7.385342102E0,-1.018856277E1,1.080453186E0,1.263002250E1
1.280212846E1,7.635621643E0,-1.004590942E1,9.607022095E-1,1.265487901E1
1.281206746E1,7.777676239E0,-1.017988083E1,8.289761353E-1,1.283781223E1
1.282200746E1,7.773784332E0,-1.031849258E1,1.277293854E0,1.298208349E1
1.283194646E1,7.684120789E0,-1.049752029E1,2.606679382E0,1.326794717E1
1.284188579E1,8.103847961E0,-1.059885956E1,3.552562408E0,1.380684161E1
1.285182579E1,9.278605042E0,-1.096544724E1,4.208199005E0,1.496804875E1
1.286176479E1,1.046354095E1,-1.143921204E1,4.456382904E0,1.613073495E1
1.287170379E1,1.071606583E1,-1.130434250E1,5.083129578E0,1.638476220E1
1.288164379E1,9.290580139E0,-1.026131149E1,5.510939941E0,1.489898828E1
1.289158279E1,7.371720428E0,-9.195827179E0,5.367089081E0,1.295033377E1
1.290152279E1,6.107449493E0,-9.087452545E0,3.009641418E0,1.135520473E1
1.291146179E1,5.365592194E0,-1.034244278E1,2.535726929E-1,1.165418386E1
1.292140079E1,5.435496826E0,-1.189306824E1,-3.029699707E0,1.342269638E1
1.293134079E1,6.318061523E0,-1.287233185E1,-4.791985016E0,1.511879456E1
1.294127979E1,6.456822968E0,-1.397658554E1,-4.250710602E0,1.597197692E1
1.295121979E1,6.165828094E0,-1.540566376E1,-3.486849060E0,1.695612067E1
1.296115879E1,5.989794159E0,-1.674597656E1,-2.638413391E0,1.797961597E1
1.297109779E1,5.777385864E0,-1.833432358E1,-1.454225922E0,1.927797659E1
1.298103779E1,4.905898132E0,-2.004257126E1,8.816665649E-1,2.065308294E1
1.299097679E1,3.127147064E0,-2.099833374E1,5.242098999E0,2.186752548E1
1.300091579E1,1.567240906E0,-2.044972458E1,7.530390472E0,2.184843839E1
1.301085579E1,1.172362061E0,-1.825858109E1,3.303929443E0,1.859209955E1
1.302079479E1,9.877958679E-1,-1.575982727E1,-7.740403748E-1,1.580971330E1
1.303073479E1,9.383985901E-1,-1.339863739E1,-2.691852264E0,1.369854534E1
1.304067379E1,9.824070740E-1,-1.108055786E1,-3.977229309E0,1.181364631E1
1.305061279E1,6.869215393E-1,-8.894952850E0,-3.370241547E0,9.536801114E0
1.306055279E1,3.058140564E-1,-7.216193848E0,-3.072360992E0,7.848973051E0
1.307049179E1,8.568182373E-1,-6.234535217E0,-3.603606262E0,7.251864930E0
1.308043179E1,1.547931061E0,-5.649851074E0,-3.323239288E0,6.735044699E0
1.309037079E1,2.309098206E0,-4.983586578E0,-1.661544800E0,5.738362208E0
1.310030979E1,2.717748413E0,-4.409979401E0,-4.349954224E-1,5.198393576E0
1.311024979E1,2.603685608E0,-4.062402191E0,1.046324158E-1,4.826306896E0
1.312018879E1,2.264940033E0,-3.961811371E0,-3.260220337E-1,4.575171369E0
1.313012779E1,1.803749084E0,-4.033512268E0,-1.089584198E0,4.550815938E0
1.314006779E1,1.174008636E0,-4.178111572E0,-1.811532898E0,4.702825111E0
1.315000679E1,3.284170532E-1,-4.456831970E0,-2.264940033E0,5.010106019E0
1.315994679E1,-1.288819885E-1,-4.686604156E0,-2.212998047E0,5.184421804E0
1.316988579E1,-3.894900513E-1,-4.610562286E0,-2.158062286E0,5.105508783E0
1.317982479E1,-7.909552002E-1,-4.318818970E0,-2.006128235E0,4.827251590E0
1.318976479E1,-1.667831726E0,-3.983516235E0,-2.085313568E0,4.795685242E0
1.319970379E1,-2.680176544E0,-3.707340546E0,-2.210153961E0,5.080600433E0
1.320964279E1,-3.628604279E0,-3.493585052E0,-2.103425903E0,5.458599276E0
1.321958279E1,-4.076921997E0,-3.367397461E0,-1.788929901E0,5.582197490E0
1.322952179E1,-4.034111023E0,-3.227887573E0,-1.870809631E0,5.494837451E0
1.323946179E1,-3.727398834E0,-3.084485779E0,-2.239193573E0,5.331185839E0
1.324940079E1,-3.306923218E0,-3.108136597E0,-1.131946106E0,4.677345001E0
1.325933979E1,-2.527793427E0,-3.512296143E0,2.196232910E0,4.852772692E0
1.326927979E1,5.204676819E-1,-4.657863922E0,7.404502258E0,8.763175031E0
1.327921879E1,4.600533142E0,-6.922953644E0,1.583631821E1,1.788522202E1
1.328915779E1,8.838819580E0,-9.560917969E0,2.377026947E1,2.710279681E1
1.329909779E1,9.811347198E0,-1.333561844E1,1.819945404E1,2.460327987E1
1.330903679E1,8.515641632E0,-1.781625092E1,1.787956924E1,2.663858002E1
1.331897679E1,1.009770172E1,-2.421005493E1,2.965692810E1,3.959322826E1
1.332891579E1,9.224268036E0,-2.565006042E1,1.939202408E1,3.345240378E1
1.333885479E1,7.437284088E0,-2.025033920E1,7.401807861E0,2.280737144E1
1.334879479E1,6.720873871E0,-1.353530319E1,3.029550018E0,1.541274639E1
1.335873379E1,5.966442719E0,-7.856562195E0,2.964884491E0,1.030119160E1
1.336867279E1,5.516179047E0,-3.849694519E0,7.757468262E0,1.026775014E1
1.337861279E1,6.350244598E0,-7.939489746E-1,1.375923752E1,1.517473487E1
1.338855179E1,7.859855347E0,-2.448907471E-1,6.045478363E0,9.918926665E0
1.339849179E1,7.873776398E0,-1.556762695E0,-8.985664215E0,1.204832047E1
1.340843079E1,5.672154694E0,-4.054768066E0,-1.955862762E1,2.076425769E1
1.341836979E1,4.096082153E0,-7.897277527E0,-1.763677414E1,1.975349800E1
1.342830979E1,5.156177673E0,-1.235665421E1,-1.158860138E1,1.770787264E1
1.343824879E1,4.270319824E0,-1.625514725E1,-6.608457642E0,1.805926787E1
1.344818879E1,1.309626617E0,-1.928649353E1,-1.912423096E0,1.942527520E1
1.345812779E1,1.432071991E0,-2.478545837E1,1.647563873E1,2.979624890E1
1.346806679E1,-1.026265869E0,-2.182281921E1,1.018437149E1,2.410415074E1
1.347800679E1,-1.786235504E0,-1.430889450E1,-2.367177429E0,1.461296096E1
1.348794579E1,-4.108356628E0,-1.015772690E1,-5.598358154E-2,1.095724163E1
1.349788479E1,-4.871320038E0,-6.953639832E0,1.105600891E0,8.561846714E0
1.350782479E1,-2.247875519E0,-6.675368500E0,-2.673440552E0,7.533974604E0
1.351776379E1,-1.171164551E0,-6.615493011E0,-3.407364349E0,7.533027678E0
1.352770379E1,-9.463320923E-1,-6.065386963E0,-2.778222656E0,6.738173682E0
1.353764279E1,-5.421725464E-1,-6.087091827E0,-2.416275330E0,6.571531363E0
1.354758179E1,-1.883084106E-1,-6.449787598E0,-1.869462433E0,6.717894752E0
1.355752179E1,-1.685494995E-1,-7.136409760E0,-1.620829468E0,7.320098452E0
1.356746079E1,-1.734892273E-1,-7.747139740E0,-1.282532959E0,7.854499567E0
1.357739979E1,-2.230361938E-2,-8.239316254E0,-7.756869507E-1,8.275779119E0
1.358733979E1,1.234931946E-1,-8.556506653E0,-6.731501770E-1,8.583832933E0
1.359727879E1,1.953437805E-1,-8.782237244E0,-9.352551270E-1,8.834056393E0
1.360721879E1,2.878514099E-1,-8.830287323E0,-1.407672729E0,8.946416889E0
1.361715779E1,4.857398987E-1,-8.751251678E0,-1.719474335E0,8.931793839E0
1.362709679E1,9.885443115E-1,-8.656349030E0,-1.617835693E0,8.861545616E0
1.363703679E1,1.767823792E0,-8.479416962E0,-1.140777740E0,8.736537462E0
1.364697579E1,2.792892151E0,-8.316106567E0,-1.977388000E-1,8.774792057E0
1.365691579E1,4.023333435E0,-8.219557343E0,1.293310547E0,9.242347484E0
1.366685479E1,4.583768005E0,-8.321944427E0,2.195035400E0,9.751095764E0
1.367679379E1,4.363276520E0,-8.466992798E0,3.323538666E0,1.008831296E1
1.368673379E1,3.921844482E0,-9.011410675E0,3.765419769E0,1.052448443E1
1.369667279E1,3.868106232E0,-9.730365601E0,2.306104431E0,1.072195776E1
1.370661179E1,3.693120117E0,-9.920619965E0,1.969903564E-1,1.058757016E1
1.371655179E1,2.978805542E0,-9.641001434E0,-1.025966492E0,1.014272145E1
1.372649079E1,2.472857666E0,-9.179211731E0,-1.479074249E0,9.620842670E0
1.373643079E1,2.363734589E0,-8.696914673E0,-1.685045929E0,9.168584723E0
1.374636979E1,2.737657013E0,-8.358169098E0,-1.595532074E0,8.938650860E0
1.375630879E1,3.349734192E0,-8.337811432E0,-1.417552185E0,9.096662730E0
1.376624879E1,3.893852692E0,-8.515192566E0,-1.061742096E0,9.423263209E0
1.377618779E1,4.393214264E0,-8.749006348E0,-3.659889221E-1,9.796907243E0
1.378612679E1,4.758604431E0,-8.979676666E0,3.218307495E-1,1.016771775E1
1.379606679E1,5.093607788E0,-9.167685699E0,1.009800110E0,1.053617567E1
1.380600579E1,5.444178772E0,-9.316775665E0,2.097138977E0,1.099269681E1
1.381594579E1,5.797893219E0,-9.462422791E0,4.092040558E0,1.182784033E1
1.382588479E1,6.089337158E0,-9.854158173E0,6.811136169E0,1.343785832E1
1.383582379E1,6.446644135E0,-1.038300842E1,6.704857178E0,1.393991371E1
1.384576446E1,6.952142944E0,-1.063253952E1,3.477568359E0,1.317105424E1
1.385570346E1,7.441475372E0,-1.060305084E1,1.054107971E0,1.299659134E1
1.386564246E1,7.706723785E0,-1.042192749E1,1.314266968E-1,1.296253976E1
1.387558246E1,7.917784882E0,-1.021086639E1,-3.966751099E-2,1.292109451E1
1.388552146E1,7.924371185E0,-9.916428680E0,1.625619507E-1,1.269478802E1
1.389546146E1,7.204667816E0,-9.782457275E0,1.265019379E0,1.221490822E1
1.390540046E1,6.037395172E0,-9.998757477E0,3.450774078E0,1.217920906E1
1.391533946E1,5.456602936E0,-1.059182419E1,5.928870850E0,1.330837198E1
1.392527946E1,6.171965332E0,-1.140508301E1,6.370452576E0,1.444824351E1
1.393521846E1,8.036038971E0,-1.198467773E1,5.083428955E0,1.529874742E1
1.394515846E1,8.822204132E0,-1.189501419E1,4.964576111E0,1.561952830E1
1.395509746E1,8.075407104E0,-1.122695343E1,4.443359985E0,1.452584356E1
1.396503646E1,7.207212524E0,-1.042701691E1,3.075205078E0,1.304313920E1
1.397497646E1,6.843169556E0,-1.033885025E1,5.739065552E-1,1.241169460E1
1.398491546E1,6.793323212E0,-1.103625000E1,-1.579365692E0,1.305536098E1
1.399485446E1,7.131320343E0,-1.178933395E1,-3.711082764E0,1.426941695E1
1.400479446E1,7.642357635E0,-1.222447906E1,-4.875661011E0,1.521892207E1
1.401473346E1,7.347770233E0,-1.283011963E1,-4.210743713E0,1.537309532E1
1.402467346E1,6.398893433E0,-1.379606094E1,-3.237617340E0,1.554861089E1
1.403461246E1,5.757776642E0,-1.564756073E1,-2.158511353E0,1.681241565E1
1.404455146E1,5.140310669E0,-1.792776901E1,-1.075214081E0,1.868110759E1
1.405449146E1,3.732787628E0,-1.948108887E1,-2.412982178E-1,1.983695420E1
1.406443046E1,1.598226471E0,-2.082723953E1,2.268831940E0,2.101132630E1
1.407436946E1,-3.920347595E-1,-2.147748734E1,6.833589478E0,2.254182998E1
1.408430946E1,-7.580236816E-1,-1.979289047E1,7.060966644E0,2.102832288E1
1.409424846E1,-3.974235535E-1,-1.699191513E1,2.397414551E0,1.716481057E1
1.410418846E1,-5.605842590E-1,-1.431368454E1,-8.708889771E-1,1.435110684E1
1.411412746E1,-6.885681152E-2,-1.156989029E1,-2.753973083E0,1.189333722E1
1.412406646E1,5.873785400E-1,-9.310189362E0,-3.760030975E0,1.005795568E1
1.413400646E1,5.325924683E-1,-7.793094177E0,-3.715124359E0,8.649746852E0
1.414394546E1,9.984237671E-2,-6.780449982E0,-4.155658264E0,7.953236201E0
1.415388446E1,4.888833618E-1,-5.701044617E0,-3.357967072E0,6.634520293E0
1.416382446E1,1.481618958E0,-4.583917694E0,-1.107696533E0,4.943125304E0
1.417376346E1,2.202669525E0,-3.847149811E0,1.857637024E-1,4.436983531E0
1.418370346E1,2.520458679E0,-3.464545441E0,5.270539856E-1,4.316662249E0
1.419364246E1,2.228565674E0,-3.438050537E0,7.439529419E-2,4.097832490E0
1.420358146E1,1.728006592E0,-3.859124908E0,-8.213420105E-1,4.307372115E0
1.421352146E1,1.035995636E0,-4.128714294E0,-1.470541992E0,4.503561084E0
1.422346046E1,4.808001709E-1,-4.459376678E0,-1.944905548E0,4.888748997E0
1.423339946E1,-8.098159790E-2,-4.812043304E0,-2.304757233E0,5.336124500E0
1.424333946E1,-7.890092468E-1,-4.860841827E0,-2.375110931E0,5.467309283E0
1.425327846E1,-1.514700165E0,-4.735103302E0,-2.095941467E0,5.395228494E0
1.426321846E1,-2.162702637E0,-4.538412323E0,-1.621428223E0,5.282376226E0
1.427315746E1,-2.622396698E0,-4.385280762E0,-1.397344208E0,5.297190070E0
1.428309646E1,-3.039728851E0,-4.142485657E0,-1.322499847E0,5.305576760E0
1.429303646E1,-3.345842285E0,-3.821553040E0,-1.080602875E0,5.192940478E0
1.430297546E1,-3.476071472E0,-3.537443848E0,-1.053509216E0,5.070154191E0
1.431291546E1,-3.285966797E0,-3.331023102E0,-1.249751129E0,4.843053849E0
1.432285446E1,-2.701731720E0,-3.404669952E0,-9.654922485E-1,4.452337257E0
1.433279346E1,-1.044677582E0,-3.952231293E0,7.852670288E-1,4.162706781E0
1.434273346E1,2.313139801E0,-5.101990356E0,4.577481079E0,7.234241796E0
1.435267246E1,6.680158539E0,-6.850504303E0,1.190998306E1,1.527748749E1
1.436261146E1,1.134939880E1,-8.904682617E0,2.141342056E1,2.581931072E1
1.437255146E1,1.254765701E1,-1.281200729E1,2.150532944E1,2.800125750E1
1.438249046E1,1.044961990E1,-1.800725372E1,2.004930725E1,2.890381400E1
1.439243046E1,9.964478760E0,-2.214120712E1,2.355501709E1,3.382843065E1
1.440236946E1,9.728419647E0,-2.219719070E1,1.723545868E1,2.973917383E1
1.441230846E1,8.854387207E0,-1.648985916E1,8.200995941E0,2.043457762E1
1.442224846E1,7.592211914E0,-9.199419708E0,3.747008057E0,1.250244273E1
1.443218746E1,6.469546509E0,-4.493655396E0,3.664529572E0,8.687735483E0
1.444212646E1,5.429359589E0,-1.077908478E0,7.624993744E0,9.422333141E0
1.445206646E1,5.175038452E0,3.959266663E-1,8.760233002E0,1.018231129E1
1.446200546E1,5.850134583E0,-2.525248718E0,-1.050216064E0,6.457856417E0
1.447194546E1,5.605393524E0,-7.511230316E0,-1.083372116E1,1.432510145E1
1.448188446E1,4.273912354E0,-1.200443665E1,-1.392883484E1,1.887816903E1
1.449182346E1,3.845503235E0,-1.531240768E1,-1.109178452E1,1.929469896E1
1.450176346E1,3.721560974E0,-1.835019058E1,-5.774691467E0,1.959404430E1
1.451170246E1,5.436394958E0,-2.346235977E1,1.759980103E1,2.982934314E1
1.452164146E1,3.502566376E0,-2.241349091E1,2.034090088E1,3.046940752E1
1.453158146E1,-3.141966248E-1,-1.399200348E1,-5.050347748E0,1.487887406E1
1.454152046E1,-1.780547333E0,-9.023086395E0,-7.360793152E0,1.177997083E1
1.455146046E1,-2.705473938E0,-6.461912384E0,-4.262985077E0,8.200545266E0
1.456139946E1,-2.993475037E0,-4.841082916E0,-2.978506165E0,6.424054449E0
1.457133846E1,-2.522404633E0,-4.078568573E0,-2.956202545E0,5.633505145E0
1.458127846E1,-2.040556641E0,-3.900738373E0,-2.581980743E0,5.103553254E0
1.459121746E1,-1.738185425E0,-4.445755005E0,-2.298470306E0,5.298017732E0
1.460115646E1,-1.565444641E0,-6.040239258E0,-2.019151154E0,6.558359444E0
1.461109646E1,-1.217418365E0,-8.018824768E0,-1.666484528E0,8.280146666E0
1.462103546E1,-6.893165588E-1,-9.735155640E0,-1.490749969E0,9.872727491E0
1.463097546E1,-1.053808594E-1,-1.099448685E1,-1.326840820E0,1.107476197E1
1.464091446E1,4.101470947E-1,-1.173095535E1,-1.231638794E0,1.180256194E1
1.465085346E1,4.379891968E-1,-1.184367096E1,-1.291514282E0,1.192192876E1
1.466079346E1,1.374142456E-1,-1.138352783E1,-1.517244873E0,1.148501722E1
1.467073246E1,4.939727783E-2,-1.070947952E1,-1.999242554E0,1.089460245E1
1.468067246E1,5.692662048E-1,-1.006806335E1,-2.379751282E0,1.036113796E1
1.469061146E1,1.318158875E0,-9.469009094E0,-2.554587708E0,9.895736173E0
1.470055046E1,1.919458466E0,-9.017996979E0,-2.683170319E0,9.602499324E0
1.471049046E1,2.399210815E0,-8.691076813E0,-2.511477356E0,9.359409555E0
1.472042946E1,2.600542145E0,-8.448132019E0,-2.149230652E0,9.096864650E0
1.473036846E1,2.478695526E0,-8.355774078E0,-1.820364532E0,8.903741853E0
1.474030846E1,2.378404083E0,-8.443641357E0,-1.186732178E0,8.852130739E0
1.475024746E1,2.734363861E0,-8.365354156E0,4.977149963E-1,8.814965463E0
1.476018746E1,3.158432007E0,-8.643625488E0,1.528621216E0,9.328699649E0
1.477012646E1,3.151845703E0,-9.023236084E0,1.848955078E0,9.735068343E0
1.478006546E1,2.905158691E0,-8.964707794E0,1.762285309E0,9.587052851E0
1.479000546E1,2.823728027E0,-8.730594635E0,1.246008911E0,9.260089679E0
1.479994446E1,2.652933197E0,-8.368347931E0,5.938151550E-1,8.798858908E0
1.480988346E1,2.321522369E0,-8.028704224E0,2.610571289E-1,8.361680958E0
1.481982346E1,2.393822021E0,-7.867489471E0,4.261637878E-1,8.234645714E0
1.482976246E1,3.075055389E0,-8.006550293E0,7.909552002E-1,8.613154090E0
1.483970246E1,3.900438995E0,-8.495882721E0,1.142574005E0,9.418010561E0
1.484964133E1,4.774920502E0,-9.069639587E0,1.351988525E0,1.033857345E1
1.485958033E1,5.846542053E0,-9.676627350E0,1.521735535E0,1.140766628E1
1.486952033E1,6.714437256E0,-1.010967682E1,1.459465027E0,1.222371757E1
1.487945933E1,7.152426453E0,-1.008018814E1,1.561103668E0,1.245810747E1
1.488939833E1,7.591164093E0,-9.829309845E0,1.879491577E0,1.256079587E1
1.489933833E1,8.077203369E0,-9.548793182E0,1.948797455E0,1.265774376E1
1.490927733E1,8.444389801E0,-9.444160767E0,1.787283325E0,1.279430629E1
1.491921733E1,8.548423462E0,-9.506880341E0,1.513951721E0,1.287432978E1
1.492915633E1,8.364605713E0,-9.444310455E0,1.335223389E0,1.268638838E1
1.493909533E1,7.726632385E0,-9.283993835E0,1.473386078E0,1.216816568E1
1.494903533E1,6.824308777E0,-9.462871857E0,1.921554108E0,1.182410691E1
1.495897433E1,5.977519684E0,-9.952803040E0,2.267185364E0,1.182916563E1
1.496891333E1,5.315147095E0,-1.054093002E1,2.499801636E0,1.206693841E1
1.497885333E1,5.056484985E0,-1.117650833E1,2.934647369E0,1.261326818E1
1.498879233E1,5.559289398E0,-1.173514664E1,3.371439056E0,1.341588486E1
1.499873233E1,6.653963013E0,-1.209784241E1,3.542233887E0,1.425413749E1
1.500867133E1,7.791896667E0,-1.217463272E1,3.722608795E0,1.492625713E1
1.501861033E1,8.679700470E0,-1.182795364E1,4.195325775E0,1.525904473E1
1.502855033E1,8.889713745E0,-1.113010483E1,3.981270905E0,1.479042805E1
1.503848933E1,8.232729950E0,-9.768835602E0,3.567381592E0,1.326401911E1
1.504842933E1,7.453300781E0,-8.407266998E0,2.594105530E0,1.153096763E1
1.505836833E1,6.964118042E0,-8.459658051E0,7.336244202E-1,1.098193786E1
1.506830733E1,6.483617249E0,-9.427545319E0,-6.435118103E-1,1.145993066E1
1.507824733E1,6.341412964E0,-1.088431595E1,-1.821861420E0,1.272796257E1
1.508818633E1,6.095773773E0,-1.213825836E1,-3.167413330E0,1.394733957E1
1.509812533E1,6.355334015E0,-1.287622375E1,-3.870501251E0,1.487172446E1
1.510806533E1,6.295308838E0,-1.373394012E1,-3.269650726E0,1.545776959E1
1.511800433E1,6.056555328E0,-1.546958084E1,-2.137854309E0,1.674993179E1
1.512794433E1,5.870941315E0,-1.762300278E1,-7.185058594E-1,1.858909437E1
1.513788333E1,5.177433472E0,-1.897933228E1,7.991880798E-1,1.968907241E1
1.514782233E1,3.847449188E0,-1.934577026E1,2.347119141E0,1.986380277E1
1.515776233E1,2.620151367E0,-1.903022644E1,3.513493652E0,1.952842414E1
1.516770133E1,2.261946259E0,-1.764800079E1,2.717299347E0,1.799866797E1
1.517764033E1,2.103725281E0,-1.579051346E1,1.122665405E0,1.596954454E1
1.518758033E1,1.458716583E0,-1.386761215E1,-1.541793823E-2,1.394412990E1
1.519751933E1,8.158035278E-1,-1.195953003E1,-9.181906128E-1,1.202243602E1
1.520745933E1,6.384223938E-1,-1.032687515E1,-1.631157990E0,1.047437874E1
1.521739833E1,1.023870850E0,-9.162745972E0,-2.356998596E0,9.516284340E0
1.522733733E1,1.251397705E0,-8.367898865E0,-2.730621643E0,8.890670514E0
1.523727733E1,1.117276611E0,-7.942034454E0,-2.316432953E0,8.348058452E0
1.524721633E1,1.540147247E0,-7.638615417E0,-1.821861420E0,8.002479495E0
1.525715533E1,2.155068512E0,-7.155719604E0,-9.645941162E-1,7.535189789E0
1.526709533E1,2.100881195E0,-6.511609039E0,-1.607656860E-1,6.844019264E0
1.527703433E1,2.245929565E0,-5.792504425E0,-7.863148499E-1,6.262235876E0
1.528697433E1,2.161505127E0,-5.246140594E0,-1.302890625E0,5.821650928E0
1.529691333E1,1.730102234E0,-4.751419373E0,-1.493144989E0,5.272449312E0
1.530685233E1,1.095122681E0,-4.396058350E0,-1.712888031E0,4.843408728E0
1.531679233E1,5.909710693E-1,-4.231251068E0,-1.996099091E0,4.715627634E0
1.532673133E1,1.541793823E-1,-4.061803436E0,-2.262095947E0,4.651784229E0
1.533667033E1,-3.438349915E-1,-3.935166779E0,-2.321073303E0,4.581609036E0
1.534661033E1,-9.801617432E-1,-3.822600861E0,-2.204166412E0,4.520104419E0
1.535654933E1,-1.611249390E0,-3.620521088E0,-1.882185974E0,4.387131361E0
1.536648933E1,-2.162253571E0,-3.322490845E0,-1.648372192E0,4.293182596E0
1.537642833E1,-2.746488647E0,-3.105741577E0,-1.626966705E0,4.453745760E0
1.538636733E1,-3.145558777E0,-3.007096710E0,-1.556912384E0,4.621812070E0
1.539630733E1,-3.363804932E0,-2.985391846E0,-1.819915466E0,4.851787340E0
1.540624633E1,-3.354374542E0,-3.110830994E0,-2.196532288E0,5.074825330E0
1.541618533E1,-3.117716675E0,-3.479214935E0,-1.656006317E0,4.956556340E0
1.542612533E1,-2.572849731E0,-4.346212006E0,2.082170105E-1,5.054944991E0
1.543606433E1,-4.275109863E-1,-5.790408783E0,4.326902161E0,7.241110538E0
1.544600433E1,4.280798035E0,-7.601193237E0,1.364801880E1,1.619789454E1
1.545594333E1,1.111004654E1,-1.010862900E1,2.869128616E1,3.238529629E1
1.546588233E1,1.402972504E1,-1.411205383E1,2.508094391E1,3.201619895E1
1.547582233E1,1.210936844E1,-1.815215240E1,1.745430359E1,2.794262254E1
1.548576133E1,1.096978821E1,-2.114907028E1,1.949920120E1,3.078698223E1
1.549570033E1,9.651779022E0,-2.036589890E1,1.654045395E1,2.795555925E1
1.550564033E1,7.648794250E0,-1.509655655E1,8.847501526E0,1.909681535E1
1.551557933E1,6.016588440E0,-8.686885529E0,3.295995941E0,1.106909689E1
1.552551933E1,4.624034271E0,-4.230352936E0,2.099533997E0,6.609509960E0
1.553545833E1,3.381917267E0,-1.292113037E0,7.039860535E0,7.916221122E0
1.554539733E1,3.545527039E0,5.751040649E-1,1.535402115E1,1.576855961E1
1.555533733E1,5.969436493E0,-1.469793549E0,9.678124237E0,1.146562488E1
1.556527633E1,8.492739258E0,-5.493276672E0,-2.444716187E0,1.040573620E1
1.557521633E1,8.677155762E0,-9.810299377E0,-1.454450455E1,1.957236875E1
1.558515533E1,6.956334229E0,-1.434736450E1,-1.876108612E1,2.462145013E1
1.559509433E1,6.977140961E0,-1.791729080E1,-1.318084030E1,2.331189303E1
1.560503433E1,7.521558838E0,-2.106404709E1,-3.233575745E0,2.259920218E1
1.561497333E1,1.008602600E1,-2.474833557E1,2.691163696E1,3.792682742E1
1.562491233E1,3.106040955E0,-1.846036148E1,7.139702911E0,2.003516394E1
1.563485233E1,-9.416917419E-1,-1.113878677E1,-9.941277008E0,1.495955690E1
1.564479133E1,-3.008892975E0,-7.716902618E0,-6.824009399E0,1.073178118E1
1.565473133E1,-4.334835663E0,-5.468278656E0,-3.372037811E0,7.750065205E0
1.566467033E1,-4.418661346E0,-4.439168701E0,-2.549647980E0,6.762506316E0
1.567460933E1,-3.025807800E0,-4.464166718E0,-2.794688416E0,6.074090933E0
1.568454933E1,-2.258952484E0,-4.785997467E0,-2.155816956E0,5.714559023E0
1.569448833E1,-1.933529205E0,-5.889502716E0,-1.898651733E0,6.483028292E0
1.570442733E1,-2.176923065E0,-7.675139465E0,-1.775757294E0,8.173131212E0
1.571436733E1,-2.274520111E0,-9.491761780E0,-1.671124878E0,9.902506843E0
1.572430633E1,-1.917512512E0,-1.089748856E1,-1.494791565E0,1.116541593E1
1.573424633E1,-1.384321289E0,-1.175520493E1,-1.207688599E0,1.189788637E1
1.574418533E1,-9.717791748E-1,-1.188034470E1,-1.051263885E0,1.196629018E1
1.575412433E1,-8.023315430E-1,-1.134580627E1,-1.061143341E0,1.142353190E1
1.576406433E1,-8.192463684E-1,-1.058119629E1,-1.142873383E0,1.067422311E1
1.577400333E1,-7.729925537E-1,-9.829309845E0,-1.311273193E0,9.946471078E0
1.578394233E1,-5.677693176E-1,-9.227710876E0,-1.526974640E0,9.370414162E0
1.579388233E1,-5.224136353E-2,-8.875643005E0,-1.629361725E0,9.024111455E0
1.580382133E1,5.965095520E-1,-8.603808289E0,-1.631457367E0,8.777413848E0
1.581376133E1,1.148112488E0,-8.410859528E0,-1.674717407E0,8.652479337E0
1.582370033E1,1.754651184E0,-8.298143921E0,-1.757794647E0,8.661860962E0
1.583363933E1,2.304757233E0,-8.296048279E0,-1.800156555E0,8.796413279E0
1.584357917E1,3.631148987E0,-8.343200226E0,3.402424622E-1,9.105492733E0
1.585351817E1,4.856650543E0,-8.608748016E0,2.039658508E0,1.009246272E1
1.586345717E1,4.806504822E0,-9.020242310E0,1.820663910E0,1.038181473E1
1.587339717E1,4.606670380E0,-9.201215973E0,1.517244873E0,1.040124124E1
1.588333617E1,4.394411774E0,-9.242380371E0,9.162446594E-1,1.027482136E1
1.589327617E1,4.027674408E0,-9.068442078E0,1.077758789E-1,9.923226214E0
1.590321517E1,3.676804047E0,-8.635991364E0,-5.225633240E-1,9.400654618E0
1.591315417E1,3.636837158E0,-8.070766754E0,-7.976911926E-1,8.888204079E0
1.592309417E1,4.021836548E0,-7.522307281E0,-3.577560425E-1,8.537462471E0
1.593303317E1,4.671186218E0,-6.982679443E0,1.495390320E-1,8.402389828E0
1.594297217E1,5.248984680E0,-7.126230927E0,-4.999603271E-2,8.850847812E0
1.595291217E1,5.853577423E0,-7.841293945E0,1.760339355E-1,9.786789429E0
1.596285117E1,6.630162506E0,-8.735384674E0,9.171427917E-1,1.100486943E1
1.597279117E1,7.219936066E0,-9.732012177E0,1.369053040E0,1.219482858E1
1.598273017E1,7.466024323E0,-1.034783157E1,1.784439240E0,1.288422915E1
1.599266917E1,7.586673431E0,-1.034693344E1,2.329455872E0,1.304005407E1
1.600260917E1,7.325466614E0,-9.661957855E0,2.719993744E0,1.242635331E1
1.601254817E1,6.954837341E0,-8.934171295E0,2.786605225E0,1.165994631E1
1.602248817E1,6.562503204E0,-8.652606812E0,2.571951599E0,1.116015179E1
1.603242717E1,6.348897400E0,-8.876690826E0,2.041005707E0,1.110269528E1
1.604236617E1,6.568640442E0,-9.359436951E0,1.300345917E0,1.150812742E1
1.605230617E1,6.883884888E0,-9.714199219E0,7.405101013E-1,1.192903570E1
1.606224517E1,7.038513336E0,-9.898765411E0,4.614903259E-1,1.215480152E1
1.607218417E1,6.962172089E0,-1.003812561E1,4.679269409E-1,1.222516918E1
1.608212417E1,6.665039978E0,-1.017209702E1,8.039781189E-1,1.218772729E1
1.609206317E1,6.423292694E0,-1.034139496E1,1.772015076E0,1.230216144E1
1.610200317E1,6.283633118E0,-1.054631882E1,3.271596680E0,1.270481132E1
1.611194217E1,6.566993866E0,-1.078746735E1,4.668791199E0,1.346448928E1
1.612188117E1,7.590715027E0,-1.107486969E1,4.999603271E0,1.432716742E1
1.613182117E1,8.849447479E0,-1.123503662E1,5.044210510E0,1.516518474E1
1.614176017E1,9.033714294E0,-1.113220047E1,4.715344391E0,1.509199636E1
1.615169917E1,8.215665436E0,-1.030067963E1,3.374881897E0,1.360113919E1
1.616163917E1,7.481442261E0,-9.233099670E0,2.190245361E0,1.208384387E1
1.617157817E1,7.248975677E0,-9.326206055E0,6.023474121E-1,1.182745070E1
1.618151817E1,7.274273071E0,-1.040576111E1,-1.468895416E0,1.278094545E1
1.619145717E1,7.048093414E0,-1.136825958E1,-3.130889282E0,1.373737291E1
1.620139617E1,6.987469482E0,-1.219768478E1,-3.929478607E0,1.459619971E1
1.621133617E1,6.914421387E0,-1.297786240E1,-3.791764984E0,1.518590192E1
1.622127517E1,6.490353241E0,-1.398766251E1,-3.171305237E0,1.574282581E1
1.623121417E1,5.915249176E0,-1.561193481E1,-2.145189056E0,1.683224636E1
1.624115417E1,5.138215027E0,-1.755968445E1,-8.716374207E-1,1.831675526E1
1.625109317E1,3.940854950E0,-1.930595306E1,1.027912445E0,1.973085820E1
1.626103317E1,2.292782135E0,-2.062007034E1,4.430636444E0,2.121496383E1
1.627097217E1,1.031954041E0,-2.078353043E1,6.350843353E0,2.175668351E1
1.628091117E1,1.180295563E0,-1.906929520E1,3.156186676E0,1.936472647E1
1.629085117E1,1.465901642E0,-1.694506256E1,-3.742218018E-3,1.700835168E1
1.630079017E1,1.247356110E0,-1.472413101E1,-1.129850464E0,1.482000315E1
1.631072917E1,8.934919739E-1,-1.229288681E1,-1.659299469E0,1.243650549E1
1.632066917E1,8.873547363E-1,-1.023751099E1,-2.037113800E0,1.047587048E1
1.633060817E1,1.256786499E0,-8.460705872E0,-2.516417084E0,8.916019913E0
1.634054817E1,1.588646393E0,-7.132517853E0,-2.317929840E0,7.666120729E0
1.635048717E1,1.699865112E0,-6.588998108E0,-2.105820923E0,7.123125664E0
1.636042617E1,2.234852600E0,-6.260131989E0,-7.282356262E-1,6.686863673E0
1.637036617E1,2.530188446E0,-6.088439026E0,2.115101624E-1,6.596641562E0
1.638030517E1,2.327659607E0,-6.085594940E0,-3.637435913E-2,6.515657151E0
1.639024417E1,1.995500336E0,-5.987099762E0,-7.382647705E-1,6.353929494E0
1.640018417E1,1.554068298E0,-5.779930573E0,-1.525627441E0,6.176590062E0
1.641012317E1,1.067879333E0,-5.293891296E0,-2.177821198E0,5.823105400E0
1.642006317E1,4.031117249E-1,-4.854554901E0,-2.499502258E0,5.475099441E0
1.643000217E1,-5.119354248E-1,-4.450994110E0,-2.413730621E0,5.089157294E0
1.643994117E1,-1.423839111E0,-4.196074219E0,-2.019899597E0,4.869738293E0
1.644988117E1,-2.094594269E0,-4.076622620E0,-1.690135345E0,4.884949807E0
1.645982017E1,-2.431693268E0,-3.914360046E0,-1.546284485E0,4.860693616E0
1.646975917E1,-2.617756348E0,-3.720363464E0,-1.419797516E0,4.765456703E0
1.647969917E1,-2.673889618E0,-3.535048828E0,-1.375339966E0,4.640885253E0
1.648963817E1,-2.759960632E0,-3.315006409E0,-1.063987427E0,4.442827864E0
1.649957817E1,-2.860551453E0,-3.044518890E0,-7.551795959E-1,4.245249829E0
1.650951717E1,-2.729274445E0,-2.818339233E0,-9.325607300E-1,4.032572943E0
1.651945617E1,-2.173180847E0,-2.808609467E0,-8.942404175E-1,3.662057899E0
1.652939617E1,-6.641688538E-1,-3.176394653E0,3.263214111E-1,3.261455032E0
1.653933517E1,1.864822083E0,-4.091292114E0,2.532733154E0,5.160520303E0
1.654927517E1,4.522096252E0,-5.454656982E0,7.386240234E0,1.023519331E1
1.655921417E1,8.070916443E0,-6.847809906E0,1.689910812E1,1.994021184E1
1.656915317E1,1.158111694E1,-9.475894775E0,2.325519058E1,2.765354842E1
1.657909317E1,1.152258865E1,-1.402852753E1,2.013687515E1,2.711205220E1
1.658903217E1,9.595496063E0,-1.852637421E1,1.923006088E1,2.837420179E1
1.659897117E1,8.431366882E0,-2.109488297E1,1.783077072E1,2.887937706E1
1.660891117E1,7.972271576E0,-1.965203339E1,1.185115540E1,2.429422595E1
1.661885017E1,6.206842804E0,-1.254286697E1,6.100863190E0,1.526659560E1
1.662879017E1,5.234315186E0,-6.804998932E0,3.629502411E0,9.320909488E0
1.663872917E1,4.597838745E0,-3.049458618E0,7.335196381E0,9.178476177E0
1.664866817E1,4.549788666E0,-4.119433594E-1,1.134894974E1,1.223392555E1
1.665860817E1,5.600902863E0,-7.087760925E-1,3.285817108E0,6.532156649E0
1.666854717E1,6.277944946E0,-3.212020569E0,-5.859564972E0,9.168651512E0
1.667848617E1,5.520969086E0,-7.193291473E0,-1.270677612E1,1.561046768E1
1.668842617E1,4.537065125E0,-1.151061356E1,-1.262459702E1,1.767652777E1
1.669836517E1,4.831951904E0,-1.579485443E1,-7.433392181E0,1.811299271E1
1.670830517E1,1.044497955E1,-2.232307892E1,1.802835983E1,3.053586757E1
1.671824417E1,1.044917084E1,-2.648816757E1,3.013548294E1,4.146028853E1
1.672818317E1,7.435038757E-1,-1.911674652E1,-1.096320190E0,1.916258630E1
1.673812317E1,-3.020568695E0,-1.162138321E1,-1.075288925E1,1.611846799E1
1.674806217E1,-4.671934662E0,-8.433312836E0,-8.247848511E0,1.268758227E1
1.675800117E1,-4.696333923E0,-6.142177277E0,-5.942492523E0,9.751672236E0
1.676794117E1,-3.204536133E0,-4.732259216E0,-4.055516510E0,7.007891500E0
1.677788017E1,-2.352657623E0,-4.147874451E0,-2.812950439E0,5.536474558E0
1.678782017E1,-1.928140411E0,-4.300107880E0,-2.055824890E0,5.141504566E0
1.679775917E1,-1.373843079E0,-5.066963196E0,-1.820813599E0,5.556700729E0
1.680769817E1,-9.925859070E-1,-6.551575928E0,-1.783990173E0,6.862287873E0
1.681763817E1,-5.715115356E-1,-8.531059570E0,-1.663191376E0,8.710442490E0
1.682757717E1,-3.547622681E-2,-1.018961060E1,-1.569486237E0,1.030983558E1
1.683751617E1,5.171745300E-1,-1.133457962E1,-1.641935577E0,1.146455918E1
1.684745642E1,8.586145020E-1,-1.192480225E1,-1.711540833E0,1.207756182E1
1.685739542E1,6.917115784E-1,-1.199171310E1,-1.751358032E0,1.213865326E1
1.686733542E1,3.269201660E-1,-1.163949554E1,-2.043101349E0,1.182197092E1
1.687727442E1,3.806584167E-1,-1.116333572E1,-2.359992371E0,1.141641491E1
1.688721342E1,9.068142700E-1,-1.063119232E1,-2.411036224E0,1.093881429E1
1.689715342E1,1.837578735E0,-1.011865814E1,-2.373614044E0,1.055452424E1
1.690709242E1,2.784659271E0,-9.508077850E0,-2.218237152E0,1.015275567E1
1.691703142E1,3.430416412E0,-8.751101990E0,-1.310075684E0,9.490302476E0
1.692697142E1,4.697980499E0,-7.792794800E0,9.653425598E-1,9.150440308E0
1.693691042E1,5.391188965E0,-7.905510406E0,1.103804626E0,9.632258193E0
1.694685042E1,5.513484650E0,-8.126151581E0,3.477268982E-1,9.826177614E0
1.695678942E1,4.965025177E0,-8.152646484E0,5.746549988E-1,9.562810679E0
1.696672842E1,4.638703766E0,-8.130941620E0,1.669178925E0,9.508729807E0
1.697666842E1,4.404590607E0,-8.439001007E0,2.213746490E0,9.773322359E0
1.698660742E1,3.717519379E0,-9.041049042E0,2.135159912E0,1.000596952E1
1.699654642E1,2.852019196E0,-9.239835663E0,1.415606232E0,9.773050577E0
1.700648642E1,2.451152802E0,-8.858129425E0,4.749623108E-1,9.203270949E0
1.701642542E1,2.739602966E0,-8.292904816E0,-9.729766846E-2,8.734252202E0
1.702636542E1,2.889890442E0,-7.846832428E0,-1.242416382E-1,8.362994793E0
1.703630442E1,2.453996887E0,-7.588020630E0,9.789642334E-2,7.975571548E0
1.704624342E1,2.441872101E0,-7.498656464E0,6.372248840E-1,7.911930464E0
1.705618342E1,2.916085968E0,-7.605384521E0,1.338067474E0,8.254444600E0
1.706612242E1,3.249293060E0,-8.196056213E0,1.551972656E0,8.952198723E0
1.707606142E1,4.116439819E0,-9.121431885E0,1.393003235E0,1.010376437E1
1.708600142E1,5.504353638E0,-9.883497162E0,1.207239532E0,1.137711969E1
1.709594042E1,6.797215118E0,-1.020532791E1,1.364861755E0,1.233749159E1
1.710588042E1,7.661517792E0,-1.000504440E1,1.666185150E0,1.271125255E1
1.711581942E1,8.103698273E0,-9.471254425E0,1.823358307E0,1.259758793E1
1.712575842E1,8.210875397E0,-9.029672699E0,1.809287567E0,1.233803004E1
1.713569842E1,8.004604340E0,-8.956474915E0,1.855691071E0,1.215465848E1
1.714563742E1,7.614665222E0,-9.359886017E0,2.038460999E0,1.223707138E1
1.715557642E1,7.059918823E0,-9.954449615E0,2.153871002E0,1.239244452E1
1.716551642E1,6.399941254E0,-1.040621017E1,2.126927032E0,1.240049502E1
1.717545542E1,5.977070618E0,-1.070184540E1,2.038460999E0,1.242618974E1
1.718539542E1,6.142776031E0,-1.079974182E1,1.981429596E0,1.258150166E1
1.719533442E1,7.114106140E0,-1.071846085E1,1.728305969E0,1.298009825E1
1.720527342E1,8.876541138E0,-1.085482727E1,1.621128845E0,1.411553458E1
1.721521342E1,1.073313034E1,-1.153261780E1,2.255509644E0,1.591504584E1
1.722515242E1,1.193557983E1,-1.203182968E1,3.218157806E0,1.725049365E1
1.723509242E1,1.128099106E1,-1.151285889E1,4.871469727E0,1.683858356E1
1.724503142E1,8.898844757E0,-1.008812164E1,5.031037903E0,1.436213698E1
1.725497042E1,6.680457916E0,-9.322613525E0,3.654051361E0,1.203709817E1
1.726491042E1,5.273833008E0,-9.773026886E0,2.648891602E0,1.141674191E1
1.727484942E1,4.756209412E0,-1.088162155E1,1.447340240E0,1.196352830E1
1.728478842E1,5.315596161E0,-1.186163361E1,-1.521286469E0,1.308694872E1
1.729472842E1,6.024671631E0,-1.240171051E1,-3.993994446E0,1.435447956E1
1.730466742E1,6.257287903E0,-1.259450958E1,-4.592150574E0,1.479402482E1
1.731460742E1,6.564748535E0,-1.347018860E1,-4.096082153E0,1.553447113E1
1.732454642E1,6.690487061E0,-1.535656586E1,-3.369493103E0,1.708625810E1
1.733448542E1,6.285130005E0,-1.754202118E1,-2.734663239E0,1.883358036E1
1.734442542E1,5.295986938E0,-1.891930710E1,-2.248623962E0,1.977483169E1
1.735436442E1,3.568579102E0,-1.951821167E1,-1.099463654E0,1.987219575E1
1.736430342E1,1.619332581E0,-1.965338058E1,2.150428162E0,1.983688352E1
1.737424342E1,2.207908630E-1,-1.860406265E1,7.654033356E0,2.011825346E1
1.738418242E1,4.185296631E-1,-1.621772507E1,6.301595764E0,1.740401915E1
1.739412142E1,3.601510620E-1,-1.411729294E1,1.403331757E0,1.419144139E1
1.740406142E1,1.706451416E-1,-1.235455856E1,-1.807191925E0,1.248720064E1
1.741400042E1,3.869453430E-1,-1.052700897E1,-3.524420929E0,1.110806858E1
1.742394042E1,7.705975342E-1,-8.846753082E0,-3.894900513E0,9.696860866E0
1.743387942E1,6.348298645E-1,-7.699987793E0,-4.675976257E0,9.030923260E0
1.744381842E1,8.765771484E-1,-6.918762360E0,-5.465284882E0,8.860417537E0
1.745375842E1,1.477277985E0,-5.838309174E0,-3.726351013E0,7.081941550E0
1.746369742E1,2.289488983E0,-4.665198669E0,-7.604187012E-1,5.252054363E0
1.747363742E1,2.875670013E0,-3.896247711E0,1.419797516E0,5.046389723E0
1.748357642E1,3.235372009E0,-3.617826691E0,1.722617798E0,5.150117870E0
1.749351542E1,2.771037598E0,-3.817960510E0,8.306227112E-1,4.790136315E0
1.750345542E1,1.706601105E0,-4.388723602E0,-2.966830444E-1,4.718199129E0
1.751339442E1,9.186396790E-1,-4.644990692E0,-1.070424042E0,4.854445902E0
1.752333342E1,4.276606750E-1,-5.021457825E0,-1.598675537E0,5.287125477E0
1.753327342E1,3.011737061E-1,-5.357209625E0,-1.664089508E0,5.617792668E0
1.754321242E1,4.426295471E-1,-5.382207642E0,-1.622476044E0,5.638839289E0
1.755315142E1,3.528163147E-1,-5.270090790E0,-1.366957397E0,5.455905865E0
1.756309142E1,-7.352709961E-1,-5.268144836E0,-1.305884399E0,5.477162360E0
1.757303042E1,-2.165397034E0,-5.221591644E0,-1.338815918E0,5.809164456E0
1.758297042E1,-3.361709290E0,-4.969066772E0,-1.378034363E0,6.155622848E0
1.759290942E1,-3.988455963E0,-4.599036255E0,-1.451082458E0,6.258159134E0
1.760284842E1,-3.991449738E0,-4.237987061E0,-1.588047638E0,6.034409717E0
1.761278842E1,-3.695365448E0,-4.026925964E0,-1.630259857E0,5.703473128E0
1.762272742E1,-3.058889008E0,-4.065994720E0,-2.713856506E-1,5.095367033E0
1.763266642E1,-1.013242950E0,-4.429888000E0,3.222798157E0,5.571085795E0
1.764260642E1,2.572400665E0,-5.429509277E0,9.998757477E0,1.166498895E1
1.765254542E1,7.047344971E0,-7.067403259E0,2.091570557E1,2.317498650E1
1.766248542E1,9.894424438E0,-9.173972626E0,2.263802399E1,2.635415600E1
1.767242442E1,8.811276855E0,-1.152348679E1,1.262250137E1,1.922906364E1
1.768236342E1,8.190667419E0,-1.374801086E1,1.231234634E1,2.019130278E1
1.769230342E1,9.388027496E0,-1.552855820E1,1.611069763E1,2.426573218E1
1.770224242E1,9.695488129E0,-1.510748383E1,1.358125763E1,2.250975603E1
1.771218242E1,8.847052460E0,-1.195174622E1,8.155640259E0,1.695962980E1
1.772212142E1,8.024962006E0,-8.253536682E0,5.911057892E0,1.294069119E1
1.773206042E1,7.348818054E0,-5.802683258E0,6.786587219E0,1.156434286E1
1.774200042E1,6.559958496E0,-5.256020050E0,9.460925903E0,1.265574657E1
1.775193942E1,6.479875031E0,-7.282655640E0,1.049512527E1,1.432387895E1
1.776187842E1,7.785759430E0,-1.049886749E1,3.290307770E0,1.347851601E1
1.777181842E1,8.303083649E0,-1.334729416E1,-8.593030701E0,1.791456491E1
1.778175742E1,6.250851288E0,-1.504775803E1,-1.579934509E1,2.269641974E1
1.779169742E1,4.489464111E0,-1.622131760E1,-1.231623825E1,2.085608202E1
1.780163642E1,2.786305847E0,-1.667143158E1,-6.583309937E0,1.813946253E1
1.781157542E1,1.895807648E0,-1.550640427E1,4.243974609E0,1.618808143E1
1.782151542E1,4.730163574E-2,-1.278536270E1,1.565324890E1,2.021118349E1
1.783145442E1,-2.216590576E0,-9.114396515E0,2.865940247E0,9.808114554E0
1.784139342E1,-2.204166412E0,-6.310427399E0,-3.019071808E0,7.334482811E0
1.785133321E1,-2.476300507E0,-5.097799072E0,-3.593876495E0,6.710854479E0
1.786127221E1,-2.214794312E0,-5.124743042E0,-4.218078461E0,6.997177359E0
1.787121221E1,-1.955084381E0,-5.765710144E0,-4.219126282E0,7.407212363E0
1.788115121E1,-1.716330872E0,-7.116950226E0,-3.529061279E0,8.127179443E0
1.789109021E1,-1.423988800E0,-8.974587250E0,-2.926863556E0,9.546595764E0
1.790103021E1,-8.026309204E-1,-1.057281372E1,-2.176473999E0,1.082430808E1
1.791096921E1,-2.305206299E-2,-1.161045593E1,-1.359323273E0,1.168978093E1
1.792090821E1,6.764433289E-1,-1.206146805E1,-9.132508850E-1,1.211489225E1
1.793084821E1,1.256487122E0,-1.207404190E1,-7.520361328E-1,1.216251644E1
1.794078721E1,1.628164215E0,-1.157123749E1,-7.453001404E-1,1.170896785E1
1.795072721E1,1.666484528E0,-1.073627380E1,-8.619076538E-1,1.089897384E1
1.796066621E1,1.648821259E0,-9.951156464E0,-1.018482056E0,1.013811778E1
1.797060521E1,1.639390869E0,-9.354497223E0,-1.102158051E0,9.560803998E0
1.798054521E1,1.750160522E0,-8.867559814E0,-1.287472687E0,9.129855685E0
1.799048421E1,2.036814423E0,-8.491092682E0,-1.447340240E0,8.851105112E0
1.800042321E1,2.551294556E0,-8.202642517E0,-1.480122070E0,8.716834834E0
1.801036321E1,3.227737885E0,-7.826774139E0,1.651066589E-1,8.467818225E0
1.802030221E1,4.291425934E0,-6.970704346E0,3.401376801E0,8.864334141E0
1.803024221E1,4.096082153E0,-7.249125366E0,1.409768372E0,8.444830042E0
1.804018121E1,4.019740906E0,-7.800129547E0,-3.156935120E-1,8.780660584E0
1.805012021E1,3.725602570E0,-8.333171082E0,3.749702454E-1,9.135778974E0
1.806006021E1,3.496429138E0,-8.799601135E0,1.048868866E0,9.526705766E0
1.806999921E1,3.489543457E0,-9.094936981E0,7.635621643E-1,9.771275219E0
1.807993821E1,3.378474426E0,-9.086554413E0,2.728825378E-1,9.698145463E0
1.808987821E1,2.893782349E0,-8.732839966E0,-2.245330811E-1,9.202547759E0
1.809981721E1,2.374212799E0,-8.331973572E0,-5.815406799E-1,8.683136506E0
1.810975721E1,2.189347229E0,-7.974816284E0,-9.063652039E-1,8.319401056E0
1.811969621E1,2.518812103E0,-7.692802734E0,-8.782237244E-1,8.142168337E0
1.812963521E1,3.212319946E0,-7.398963776E0,-1.694476318E-1,8.067984686E0
1.813957521E1,3.665128326E0,-7.423961792E0,1.028660889E0,8.343052053E0
1.814951421E1,4.196074219E0,-7.949818268E0,1.967658234E0,9.202082822E0
1.815945321E1,4.921615448E0,-8.797056427E0,1.998643799E0,1.027643311E1
1.816939321E1,5.770200806E0,-9.671388245E0,1.692230988E0,1.138835430E1
1.817933221E1,6.804250488E0,-1.014904495E1,1.621428223E0,1.232598749E1
1.818927221E1,7.634274445E0,-1.004141876E1,1.738933868E0,1.273326855E1
1.819921121E1,8.042325897E0,-9.736203461E0,1.627715149E0,1.273271849E1
1.820915021E1,8.134234772E0,-9.563013611E0,1.472787323E0,1.264065296E1
1.821909021E1,8.194559326E0,-9.496851196E0,1.343156891E0,1.261527073E1
1.822902921E1,8.252339172E0,-9.470655670E0,1.141825562E0,1.261341295E1
1.823896821E1,8.188721466E0,-9.525142365E0,8.373587036E-1,1.258906930E1
1.824890821E1,7.879015503E0,-9.719737701E0,6.222560120E-1,1.252754520E1
1.825884721E1,7.375911713E0,-9.902657318E0,6.245013428E-1,1.236352286E1
1.826878721E1,6.701863403E0,-1.005384293E1,1.075064392E0,1.213056034E1
1.827872621E1,6.018983459E0,-1.021565643E1,2.207758942E0,1.206076274E1
1.828866521E1,5.686824188E0,-1.050695068E1,3.956272888E0,1.258523250E1
1.829860521E1,6.508764954E0,-1.092398346E1,5.078938293E0,1.369281016E1
1.830854421E1,8.297096100E0,-1.162467636E1,5.085973663E0,1.516054195E1
1.831848421E1,9.549841003E0,-1.222133560E1,4.604125671E0,1.617895177E1
1.832842321E1,9.662257233E0,-1.180310532E1,4.800367584E0,1.599112375E1
1.833836221E1,8.913364563E0,-1.050590286E1,3.630550232E0,1.424791065E1
1.834830221E1,7.964338074E0,-9.646240540E0,9.202862549E-1,1.254302851E1
1.835824121E1,7.062463531E0,-9.578581238E0,1.245410156E-1,1.190139152E1
1.836818021E1,6.298601990E0,-1.005234604E1,-3.631448364E-1,1.186818950E1
1.837812021E1,6.657854919E0,-1.079165863E1,-2.896925812E0,1.300688692E1
1.838805921E1,7.060068512E0,-1.108953918E1,-4.303401031E0,1.383263197E1
1.839799921E1,6.767277374E0,-1.138292908E1,-3.810775452E0,1.378002638E1
1.840793821E1,6.258485413E0,-1.245305374E1,-2.724484406E0,1.420105638E1
1.841787721E1,5.877826996E0,-1.430530197E1,-1.661395111E0,1.555476610E1
1.842781721E1,5.646258545E0,-1.609153748E1,-7.647596741E-1,1.707052053E1
1.843775621E1,5.058580627E0,-1.748768417E1,3.537144470E-1,1.820806002E1
1.844769521E1,4.259691925E0,-1.883712799E1,2.055824890E0,1.942186351E1
1.845763521E1,2.886447601E0,-1.979663269E1,3.147654419E0,2.025206098E1
1.846757421E1,1.622476044E0,-1.965218307E1,2.633174286E0,1.989407789E1
1.847751421E1,1.196911011E0,-1.793974411E1,1.353186035E0,1.803047773E1
1.848745321E1,7.125183105E-1,-1.527468613E1,5.153782654E-1,1.529997821E1
1.849739221E1,3.589535522E-1,-1.265109192E1,-1.423539734E-1,1.265698381E1
1.850733221E1,4.790039062E-1,-1.034902908E1,-1.296753387E0,1.044094905E1
1.851727121E1,5.340893555E-1,-8.688831482E0,-1.490151215E0,8.831851143E0
1.852721021E1,5.023553467E-1,-7.630681915E0,-2.157164154E0,7.945629275E0
1.853715021E1,1.026265869E0,-7.014712830E0,-3.348686371E0,7.840479458E0
1.854708921E1,1.841320953E0,-6.502178650E0,-2.786156158E0,7.309682359E0
1.855702921E1,2.639760590E0,-5.964047699E0,-1.272653503E0,6.645137159E0
1.856696821E1,3.124153290E0,-5.525459747E0,-5.809419250E-1,6.374051515E0
1.857690721E1,3.334615631E0,-5.191354523E0,-4.433779907E-1,6.185984742E0
1.858684721E1,3.179089050E0,-4.966671753E0,-4.379891968E-1,5.913228393E0
1.859678621E1,2.530338135E0,-4.808151398E0,-7.698490906E-1,5.487585859E0
1.860672521E1,1.698368225E0,-4.695585480E0,-1.411115570E0,5.188855825E0
1.861666521E1,8.303233337E-1,-4.680766296E0,-2.112856293E0,5.202227568E0
1.862660421E1,4.954696655E-2,-4.664749603E0,-2.426903229E0,5.258536207E0
1.863654421E1,-6.387217712E-1,-4.547842712E0,-2.379751282E0,5.172432213E0
1.864648321E1,-1.187779999E0,-4.394411774E0,-2.185754700E0,5.049673234E0
1.865642221E1,-1.794318695E0,-4.332141266E0,-2.048490143E0,5.116965838E0
1.866636221E1,-2.477647705E0,-4.251159668E0,-1.934427338E0,5.287069680E0
1.867630121E1,-3.031945038E0,-4.065695343E0,-1.729802856E0,5.358618036E0
1.868624021E1,-3.474424896E0,-3.840862885E0,-1.437610474E0,5.374995808E0
1.869618021E1,-3.684737549E0,-3.662433929E0,-1.570234680E0,5.427370454E0
1.870611921E1,-3.439846802E0,-3.522025909E0,-1.553469543E0,5.162410304E0
1.871605921E1,-2.909349976E0,-3.463048553E0,-3.472778320E-1,4.536256657E0
1.872599821E1,-1.299896851E0,-3.635939026E0,2.518363037E0,4.609982300E0
1.873593721E1,1.465901642E0,-4.565655670E0,7.093898163E0,8.562562144E0
1.874587721E1,4.679419098E0,-6.157744904E0,1.452130280E1,1.645244724E1
1.875581621E1,7.965834961E0,-8.630901947E0,2.020932449E1,2.337442601E1
1.876575521E1,9.645492096E0,-1.268581970E1,1.745595016E1,2.363632238E1
1.877569521E1,1.059616516E1,-1.707259735E1,1.827205307E1,2.715916456E1
1.878563421E1,1.218481155E1,-2.100941071E1,1.862756378E1,3.060802351E1
1.879557421E1,1.172152496E1,-2.152733368E1,1.580174011E1,2.916359432E1
1.880551321E1,8.031398621E0,-1.670705750E1,9.410630493E0,2.078915824E1
1.881545221E1,5.541626129E0,-1.050081345E1,4.345164185E0,1.264346293E1
1.882539221E1,5.151986389E0,-6.711144104E0,2.579885101E0,8.845237480E0
1.883533121E1,4.279899902E0,-5.102439423E0,3.534749451E0,7.539687322E0
1.884527021E1,3.704945526E0,-6.313271484E0,6.599775696E0,9.856016306E0
1.885521017E1,4.639302521E0,-9.673483887E0,3.496578827E0,1.128385935E1
1.886514917E1,6.157595215E0,-1.292741730E1,-5.993536377E0,1.552277601E1
1.887508917E1,6.593937836E0,-1.495195724E1,-1.213047455E1,2.035164500E1
1.888502817E1,5.217250671E0,-1.544607971E1,-1.054033127E1,1.941390394E1
1.889496717E1,4.924459534E0,-1.605501343E1,-5.764662323E0,1.775514262E1
1.890490717E1,7.883955231E0,-1.567675003E1,6.027066650E0,1.855378059E1
1.891484617E1,6.446344757E0,-1.253777756E1,8.313262482E0,1.636647671E1
1.892478517E1,9.610015869E-2,-8.839568024E0,-1.673220520E0,8.997047571E0
1.893472517E1,-1.902693329E0,-5.886359253E0,-3.713627472E0,7.215295986E0
1.894466417E1,-2.872376862E0,-4.127367096E0,-2.589914246E0,5.656267654E0
1.895460417E1,-3.618575134E0,-3.241060181E0,-8.361611938E-1,4.929272019E0
1.896454317E1,-2.756218414E0,-3.774251404E0,-7.948471069E-1,4.740621851E0
1.897448217E1,-1.203497314E0,-5.223537598E0,-1.567689972E0,5.584926380E0
1.898442217E1,-9.484277344E-1,-6.849755859E0,-1.434017944E0,7.062228966E0
1.899436117E1,-7.683522034E-1,-8.714727631E0,-1.300645294E0,8.844688856E0
1.900430017E1,-3.332070923E-1,-1.015847534E1,-1.035696259E0,1.021657061E1
1.901424017E1,9.116043091E-2,-1.091844498E1,-9.553134155E-1,1.096053715E1
1.902417917E1,3.839515686E-1,-1.099972595E1,-1.028211823E0,1.105434799E1
1.903411917E1,5.939648438E-1,-1.054347473E1,-1.091979218E0,1.061650000E1
1.904405817E1,8.250842285E-1,-9.836494904E0,-1.257385254E0,9.950799649E0
1.905399717E1,9.214837646E-1,-9.302255859E0,-1.428479462E0,9.456302130E0
1.906393717E1,1.005758514E0,-8.964857483E0,-1.466051331E0,9.139448910E0
1.907387617E1,1.319805450E0,-8.803642731E0,-1.279688873E0,8.993531863E0
1.908381517E1,1.803599396E0,-8.822353821E0,-9.220825195E-1,9.051913272E0
1.909375517E1,2.984344025E0,-8.610693970E0,8.580157471E-1,9.153499381E0
1.910369417E1,3.834426270E0,-8.468789062E0,1.723964996E0,9.454907102E0
1.911363417E1,3.958817596E0,-8.601263580E0,1.348845062E0,9.564170374E0
1.912357317E1,3.803590393E0,-8.638536072E0,8.475375366E-1,9.476809865E0
1.913351217E1,3.747457123E0,-8.716523895E0,2.511776733E-1,9.491275674E0
1.914345217E1,3.700604553E0,-8.734187164E0,-3.215313721E-1,9.491252915E0
1.915339117E1,3.249891815E0,-8.616831207E0,-6.566844177E-1,9.232703358E0
1.916333017E1,2.876119080E0,-8.339458008E0,-6.984475708E-1,8.849093164E0
1.917327017E1,2.871329041E0,-7.864046631E0,-7.857160950E-1,8.408633043E0
1.918320917E1,3.317251740E0,-7.454498291E0,-9.539662170E-1,8.214849689E0
1.919314917E1,3.943998413E0,-7.326065369E0,-1.155746613E0,8.400125446E0
1.920308817E1,4.198469238E0,-7.224426727E0,-1.246907043E0,8.448328986E0
1.921302717E1,4.025578766E0,-7.152576141E0,-9.556127930E-1,8.263039735E0
1.922296717E1,3.956572266E0,-7.234904938E0,-9.999206543E-2,8.246715223E0
1.923290617E1,4.026925964E0,-7.793243866E0,8.164022827E-1,8.810067841E0
1.924284517E1,4.172423401E0,-8.827592926E0,1.443598022E0,9.870131162E0
1.925278517E1,4.545747070E0,-1.001148102E1,1.869911499E0,1.115303266E1
1.926272417E1,5.264252930E0,-1.111094467E1,2.340083771E0,1.251564790E1
1.927266417E1,5.827830963E0,-1.175774963E1,2.781815186E0,1.341442455E1
1.928260317E1,6.071673889E0,-1.163814835E1,2.975512390E0,1.345976949E1
1.929254217E1,5.951473846E0,-1.092907288E1,2.960693207E0,1.279180906E1
1.930248217E1,5.704936523E0,-1.012868729E1,2.604733429E0,1.191307026E1
1.931242117E1,5.721851349E0,-9.592951355E0,1.586550751E0,1.128190772E1
1.932236017E1,6.123915253E0,-9.464967499E0,6.153703308E-1,1.129011198E1
1.933230017E1,6.726262665E0,-9.601184235E0,2.427951050E-1,1.172536983E1
1.934223917E1,7.115004272E0,-9.870025177E0,2.061213684E-1,1.216894280E1
1.935217917E1,7.411537628E0,-1.008782227E1,1.492396545E-1,1.251867887E1
1.936211817E1,7.697742462E0,-1.025307861E1,2.532733154E-1,1.282361133E1
1.937205717E1,8.062683563E0,-1.029334488E1,8.002359009E-1,1.309962566E1
1.938199717E1,8.672964478E0,-1.031654663E1,1.939367065E0,1.361662924E1
1.939193617E1,9.486522675E0,-1.046159500E1,3.472778320E0,1.454301453E1
1.940187517E1,1.056188644E1,-1.069076843E1,4.719086609E0,1.575169049E1
1.941181517E1,1.147304169E1,-1.080063995E1,5.191504211E0,1.659024487E1
1.942175417E1,1.086156326E1,-1.003528152E1,4.189787292E0,1.536993004E1
1.943169417E1,8.943302307E0,-8.800199890E0,3.289709015E0,1.297105854E1
1.944163317E1,7.159910889E0,-8.430917816E0,3.836372223E0,1.170736738E1
1.945157217E1,5.837560730E0,-9.074579315E0,4.025279388E0,1.151642215E1
1.946151217E1,5.852529602E0,-1.049871780E1,1.908531189E-1,1.202129790E1
1.947145117E1,6.218668213E0,-1.151555328E1,-4.392765198E0,1.380493346E1
1.948139017E1,6.663692780E0,-1.167961212E1,-5.515430603E0,1.453403301E1
1.949133017E1,6.359974365E0,-1.215322723E1,-4.677323456E0,1.449232765E1
1.950126917E1,5.965843964E0,-1.399215317E1,-3.535797272E0,1.561644988E1
1.951120917E1,5.828429718E0,-1.642354706E1,-2.293829956E0,1.757740444E1
1.952114817E1,5.472769318E0,-1.829705109E1,-1.388662262E0,1.914841156E1
1.953108717E1,4.553081818E0,-1.970786728E1,4.340972900E-2,2.022702329E1
1.954102717E1,3.059038696E0,-2.136073013E1,3.673061829E0,2.188903590E1
1.955096617E1,1.403930511E0,-2.192909821E1,7.777526550E0,2.330978954E1
1.956090617E1,1.081650696E0,-2.005304947E1,5.373376007E0,2.078864909E1
1.957084517E1,1.020278320E0,-1.753738083E1,1.201102295E0,1.760804762E1
1.958078417E1,6.267466736E-1,-1.510808258E1,-9.942324829E-1,1.515372789E1
1.959072417E1,3.291654968E-1,-1.254436386E1,-2.887645111E0,1.287664199E1
1.960066317E1,3.510200500E-1,-1.026250900E1,-3.344794464E0,1.079953500E1
1.961060217E1,2.097138977E-1,-8.616082764E0,-3.587439880E0,9.335447874E0
1.962054217E1,3.347039795E-1,-7.467970276E0,-4.222569122E0,8.585609867E0
1.963048117E1,1.201551361E0,-6.496640167E0,-3.044518890E0,7.274555272E0
1.964042117E1,1.958826599E0,-5.649252319E0,-9.559121704E-1,6.055148346E0
1.965036017E1,2.414029999E0,-4.991220703E0,1.878593445E-1,5.547532431E0
1.966029917E1,2.594554596E0,-4.417613525E0,4.308041382E-1,5.141265896E0
1.967023917E1,2.243833923E0,-4.112547913E0,-3.308120728E-2,4.684969090E0
1.968017817E1,1.304237823E0,-3.976181488E0,-8.499325562E-1,4.270063334E0
1.969011717E1,4.080514526E-1,-3.809428253E0,-1.302142181E0,4.046458188E0
1.970005717E1,-1.935475159E-1,-3.651656342E0,-1.906585236E0,4.123969197E0
1.970999617E1,-6.553372192E-1,-3.849395142E0,-2.324665833E0,4.544379062E0
1.971993517E1,-9.964778137E-1,-3.860172729E0,-2.182611237E0,4.545073525E0
1.972987517E1,-1.233734436E0,-3.677851868E0,-2.042053528E0,4.383911225E0
1.973981417E1,-1.531764679E0,-3.498674469E0,-1.737287292E0,4.195854288E0
1.974975417E1,-1.879341888E0,-3.354823608E0,-1.412612457E0,4.096613398E0
1.975969317E1,-2.413281555E0,-3.243006134E0,-1.297651520E0,4.245576064E0
1.976963217E1,-2.925666046E0,-3.153791656E0,-1.308129730E0,4.496345963E0
1.977957217E1,-3.057541809E0,-3.093916168E0,-1.581461334E0,4.628379751E0
1.978951117E1,-2.723735962E0,-3.196303253E0,-1.813029785E0,4.574075762E0
1.979945017E1,-2.218386841E0,-3.546724548E0,-8.397537231E-1,4.266811633E0
1.980939017E1,-7.177574158E-1,-4.228107605E0,1.477876740E0,4.536098465E0
1.981932917E1,1.892364807E0,-5.290298767E0,4.927303619E0,7.473060054E0
1.982926917E1,4.960235138E0,-6.984924774E0,1.093461136E1,1.389096225E1
1.983920817E1,8.841214600E0,-9.543853455E0,1.968511459E1,2.359567653E1
1.984914679E1,1.152124146E1,-1.385982834E1,2.161924255E1,2.814650058E1
1.985908679E1,1.158845169E1,-1.879132324E1,2.363150803E1,3.233966935E1
1.986902579E1,1.071816147E1,-2.245480499E1,2.442440918E1,3.486615861E1
1.987896479E1,9.361083527E0,-2.210438370E1,1.573976898E1,2.870494715E1
1.988890479E1,6.540498962E0,-1.512215332E1,7.956703949E0,1.829663317E1
1.989884379E1,5.271437988E0,-7.878416748E0,4.293072510E0,1.040615109E1
1.990878379E1,4.880151672E0,-3.538641357E0,4.032165070E0,7.252325017E0
1.991872279E1,4.238436127E0,-1.090632019E0,7.756570129E0,8.906076531E0
1.992866179E1,4.888683929E0,-8.665480042E-1,9.846973114E0,1.102782914E1
1.993860179E1,6.679859161E0,-4.633165283E0,6.939569092E-1,8.158940810E0
1.994854079E1,7.890242157E0,-9.079519043E0,-9.829609222E0,1.553431057E1
1.995848079E1,6.524931335E0,-1.261172379E1,-1.488085510E1,2.056866924E1
1.996841979E1,4.406237183E0,-1.458252548E1,-1.176179123E1,1.924590108E1
1.997835879E1,4.019441528E0,-1.676408890E1,-4.369862823E0,1.778443949E1
1.998829879E1,5.894442444E0,-1.943199097E1,1.581970276E1,2.574120665E1
1.999823779E1,4.028722229E0,-1.704221054E1,1.373214386E1,2.225397308E1
2.000817679E1,-1.049317932E-1,-1.194545929E1,-3.842359772E0,1.254865479E1
2.001811679E1,-1.917961578E0,-8.545579376E0,-5.796845398E0,1.050280534E1
2.002805579E1,-3.271896057E0,-6.950196991E0,-4.076472931E0,8.696446031E0
2.003799579E1,-3.240910492E0,-6.293362885E0,-3.293900299E0,7.807669076E0
2.004793479E1,-2.423310699E0,-6.166576538E0,-2.667453003E0,7.142437012E0
2.005787379E1,-1.890119476E0,-6.436764679E0,-2.145638123E0,7.043312723E0
2.006781379E1,-1.580563202E0,-7.178172913E0,-2.224374390E0,7.679335116E0
2.007775279E1,-1.101858673E0,-8.449329529E0,-2.592009888E0,8.906389688E0
2.008769179E1,-6.917115784E-1,-9.807604980E0,-2.462978210E0,1.013577042E1
2.009763179E1,-4.870870972E-1,-1.069885162E1,-2.095791779E0,1.091306662E1
2.010757079E1,-2.237846375E-1,-1.098116455E1,-1.769170990E0,1.112501777E1
2.011751079E1,3.637435913E-2,-1.071127579E1,-1.572629700E0,1.082616812E1
2.012744979E1,1.187031555E-1,-1.011925690E1,-1.554816742E0,1.023869648E1
2.013738879E1,1.038839722E-1,-9.534572754E0,-1.703457642E0,9.686105379E0
2.014732879E1,3.212319946E-1,-9.108259277E0,-1.846260681E0,9.299045949E0
2.015726779E1,9.153465271E-1,-8.886719971E0,-1.854343872E0,9.124157073E0
2.016720679E1,1.609004059E0,-8.775800629E0,-1.866019592E0,9.115130271E0
2.017714679E1,2.155517578E0,-8.707692261E0,-1.775607605E0,9.144558103E0
2.018708579E1,2.444716187E0,-8.566984863E0,-1.733096008E0,9.075984170E0
2.019702579E1,2.971021729E0,-8.407266998E0,-1.033450928E0,8.976476442E0
2.020696479E1,4.266427917E0,-8.216713257E0,1.000968475E0,9.312288752E0
2.021690379E1,5.013823700E0,-8.478818207E0,1.943408661E0,1.004020037E1
2.022684379E1,4.967270508E0,-8.671467590E0,2.541864166E0,1.031160511E1
2.023678279E1,4.553231506E0,-8.796607361E0,3.117117920E0,1.038405712E1
2.024672179E1,4.014801178E0,-8.893306274E0,2.905308380E0,1.018088119E1
2.025666179E1,3.630250854E0,-8.820258179E0,1.561702423E0,9.665122351E0
2.026660079E1,3.405867462E0,-8.484356689E0,3.008743286E-1,9.147391266E0
2.027654079E1,3.458258514E0,-8.036488037E0,-2.565664673E-1,8.752743471E0
2.028647979E1,3.927382965E0,-7.717052307E0,-4.641847229E-1,8.671372482E0
2.029641879E1,4.347858582E0,-7.507937164E0,-6.418652344E-1,8.699711816E0
2.030635879E1,4.482578430E0,-7.477101288E0,-5.786965942E-1,8.737015669E0
2.031629779E1,4.889432373E0,-7.531438293E0,2.814147949E-2,8.979415551E0
2.032623679E1,5.458249512E0,-7.792645111E0,7.500901794E-1,9.543607328E0
2.033617679E1,5.857169952E0,-8.534951477E0,1.071172485E0,1.040669242E1
2.034611579E1,6.192023621E0,-9.326954498E0,1.105900269E0,1.124972231E1
2.035605579E1,6.583160248E0,-9.652677155E0,1.148711243E0,1.174017515E1
2.036599479E1,6.871011658E0,-9.466464386E0,1.385369110E0,1.177896416E1
2.037593379E1,6.970255280E0,-9.117989044E0,1.803749084E0,1.161790401E1
2.038587379E1,7.082671509E0,-8.939859467E0,2.157164154E0,1.160769918E1
2.039581279E1,7.189998322E0,-9.156459045E0,2.069745941E0,1.182457891E1
2.040575179E1,7.130122833E0,-9.468410339E0,1.583856354E0,1.195817908E1
2.041569179E1,7.069947968E0,-9.713600464E0,1.170116730E0,1.207093084E1
2.042563079E1,7.114255829E0,-1.013093262E1,7.752378845E-1,1.240360534E1
2.043557079E1,7.229815521E0,-1.078118042E1,3.610491943E-1,1.298593240E1
2.044550979E1,7.164251862E0,-1.137349869E1,2.859054565E-1,1.344487706E1
2.045544879E1,6.878795471E0,-1.171763306E1,9.982740784E-1,1.362414411E1
2.046538879E1,6.360573120E0,-1.182346298E1,2.655477905E0,1.368585877E1
2.047532779E1,6.035449219E0,-1.191297684E1,4.588707733E0,1.412097387E1
2.048526679E1,6.298751678E0,-1.209125610E1,5.738317108E0,1.479192449E1
2.049520679E1,7.232509918E0,-1.208422073E1,5.871540070E0,1.525819692E1
2.050514579E1,8.329877930E0,-1.181133820E1,4.165537720E0,1.504148533E1
2.051508579E1,8.527017975E0,-1.102981339E1,2.743644562E0,1.420895508E1
2.052502479E1,7.838599548E0,-9.519154816E0,3.039130096E0,1.270016783E1
2.053496379E1,7.044500885E0,-8.712931366E0,1.938618622E0,1.137094578E1
2.054490379E1,6.179300079E0,-8.926088104E0,9.163943481E-1,1.089488765E1
2.055484279E1,5.581593018E0,-9.358688507E0,1.673519897E-1,1.089803826E1
2.056478179E1,6.399043121E0,-1.025188110E1,-2.173929291E0,1.227903855E1
2.057472179E1,7.006030884E0,-1.107771378E1,-3.913012848E0,1.367888449E1
2.058466079E1,6.845564575E0,-1.164832718E1,-4.162094879E0,1.413747906E1
2.059460079E1,6.743626556E0,-1.271485931E1,-3.642525330E0,1.484628362E1
2.060453979E1,6.786587219E0,-1.449465820E1,-2.617456970E0,1.621739694E1
2.061447879E1,6.593638458E0,-1.616982468E1,-1.567989349E0,1.753276615E1
2.062441879E1,5.767656097E0,-1.757884460E1,-6.536906433E-1,1.851239979E1
2.063435779E1,4.343667297E0,-1.881392624E1,7.216493225E-1,1.932231984E1
2.064429679E1,2.672692108E0,-1.958227844E1,3.622167664E0,2.009300900E1
2.065423679E1,1.399888916E0,-1.884760620E1,6.011199646E0,1.983246000E1
2.066417579E1,8.222401428E-1,-1.639809998E1,4.363875275E0,1.698873654E1
2.067411579E1,2.655477905E-1,-1.392045227E1,1.405277710E0,1.399372404E1
2.068405479E1,-1.562750244E-1,-1.186328018E1,-3.758683777E-1,1.187026182E1
2.069399379E1,-2.121089172E-1,-9.962981873E0,-1.508562927E0,1.007877771E1
2.070393379E1,-2.264790344E-1,-8.631949768E0,-1.801952820E0,8.820934390E0
2.071387279E1,-2.838098145E-1,-7.743098145E0,-2.078128510E0,8.022140300E0
2.072381179E1,3.555107117E-1,-7.044351196E0,-2.920726318E0,7.634128232E0
2.073375179E1,1.458866272E0,-6.596632233E0,-2.868335266E0,7.339699913E0
2.074369079E1,2.447111206E0,-6.295757904E0,-1.647474060E0,6.952631992E0
2.075363079E1,3.032244415E0,-6.062393188E0,-3.225791931E-1,6.786101583E0
2.076356979E1,3.145109711E0,-6.045029297E0,-3.427871704E-2,6.814342912E0
2.077350879E1,2.999911652E0,-6.206992493E0,-3.619473267E-1,6.903421730E0
2.078344879E1,2.492017822E0,-6.108946381E0,-8.382568359E-1,6.650718249E0
2.079338779E1,2.146087189E0,-5.893394623E0,-1.243763580E0,6.394117472E0
2.080332679E1,1.908830566E0,-5.673202515E0,-1.593735809E0,6.194259821E0
2.081326679E1,1.605710907E0,-5.384602661E0,-1.720222778E0,5.876344080E0
2.082320579E1,1.222208405E0,-5.066214752E0,-1.609004059E0,5.454284496E0
2.083314579E1,6.593788147E-1,-4.651127930E0,-1.382824402E0,4.896935242E0
2.084308479E1,1.616638184E-2,-4.212989044E0,-1.298849030E0,4.408689923E0
2.085302454E1,-5.144801331E-1,-3.712729340E0,-1.285676422E0,3.962576538E0
2.086296454E1,-8.834628296E-1,-3.511248322E0,-1.466949463E0,3.906572932E0
2.087290354E1,-1.386865997E0,-3.568878479E0,-1.588496704E0,4.145312132E0
2.088284254E1,-2.134561157E0,-3.697461090E0,-1.565594330E0,4.547378965E0
2.089278254E1,-2.770588531E0,-3.924987946E0,-1.417552185E0,5.009106246E0
2.090272154E1,-2.825075226E0,-4.257147217E0,-1.146615601E0,5.236323118E0
2.091266154E1,-2.140997772E0,-4.643194427E0,-4.180805969E-1,5.130099155E0
2.092260054E1,-3.505709839E-1,-5.213059387E0,1.456471252E0,5.424038781E0
2.093253954E1,2.058369598E0,-6.114335175E0,4.835993500E0,8.062804299E0
2.094247954E1,4.399052124E0,-7.479496307E0,1.099882782E1,1.400959450E1
2.095241854E1,6.684649200E0,-9.420210571E0,2.058654007E1,2.360573096E1
2.096235754E1,8.586893463E0,-1.299896851E1,2.224134888E1,2.715484342E1
2.097229754E1,8.438701630E0,-1.645602951E1,1.691078384E1,2.505967284E1
2.098223654E1,8.755592651E0,-1.847323471E1,1.780981430E1,2.711291738E1
2.099217654E1,9.873917084E0,-1.791309952E1,1.708457245E1,2.665062830E1
2.100211554E1,8.556506653E0,-1.248912872E1,1.112022537E1,1.878434334E1
2.101205454E1,7.465275879E0,-7.722141724E0,6.890471191E0,1.276089378E1
2.102199454E1,6.573430481E0,-5.022206268E0,5.661227417E0,1.002407302E1
2.103193354E1,4.719835052E0,-4.556824036E0,5.457351379E0,8.533708004E0
2.104187254E1,3.722010040E0,-7.640561371E0,4.343218231E0,9.544374333E0
2.105181254E1,5.282514954E0,-1.222867035E1,3.733236694E-1,1.332609145E1
2.106175154E1,7.635771332E0,-1.555714874E1,-6.637796631E0,1.855775377E1
2.107169154E1,8.764573975E0,-1.679417633E1,-1.027418472E1,2.155042894E1
2.108163054E1,8.494535522E0,-1.706990295E1,-8.108488312E0,2.071922545E1
2.109156954E1,8.438551941E0,-1.662577652E1,8.164022827E-1,1.866258601E1
2.110150954E1,5.328619080E0,-1.344040054E1,6.503675537E0,1.585359087E1
2.111144854E1,-1.290017395E0,-9.256301422E0,7.607180786E-1,9.376670672E0
2.112138754E1,-3.067271576E0,-5.673501892E0,-3.563938751E0,7.368747388E0
2.113132754E1,-4.258644104E0,-3.211571503E0,-1.376986542E0,5.508750590E0
2.114126654E1,-4.926854553E0,-1.956730957E0,3.397933960E-2,5.301306105E0
2.115120654E1,-3.406466217E0,-2.596201172E0,-1.860780487E0,4.669772653E0
2.116114554E1,-1.626966705E0,-4.056564331E0,-2.895877991E0,5.242980466E0
2.117108454E1,-1.178349609E0,-6.045628052E0,-2.490071869E0,6.643687549E0
2.118102454E1,-9.523196411E-1,-8.649014282E0,-2.349065094E0,9.012794659E0
2.119096354E1,-2.921923828E-1,-1.096829132E1,-2.103874969E0,1.117206699E1
2.120090254E1,3.662882996E-1,-1.277443542E1,-1.799408112E0,1.290574434E1
2.121084254E1,9.033714294E-1,-1.383183655E1,-1.537752228E0,1.394634232E1
2.122078154E1,1.410067749E0,-1.390024429E1,-1.414408722E0,1.404299236E1
2.123072154E1,1.659299469E0,-1.299477722E1,-1.347048798E0,1.316936028E1
2.124066054E1,1.411564636E0,-1.163201111E1,-1.431922302E0,1.180451603E1
2.125059954E1,1.217268677E0,-1.030202682E1,-1.681004333E0,1.050900924E1
2.126053954E1,1.421294403E0,-9.236542511E0,-2.023043060E0,9.561720481E0
2.127047854E1,1.776954803E0,-8.603957977E0,-2.258653107E0,9.071227872E0
2.128041854E1,2.002685394E0,-8.404871979E0,-2.073937225E0,8.885597188E0
2.129035754E1,2.233355713E0,-8.228838043E0,-1.612596588E0,8.677679473E0
2.130029654E1,2.409239960E0,-7.993527374E0,-9.548643494E-1,8.403135307E0
2.131023654E1,2.714455261E0,-7.768694916E0,-1.305285645E-1,8.230305326E0
2.132017554E1,3.586242371E0,-7.231611786E0,1.169368286E0,8.156271547E0
2.133011454E1,4.230203247E0,-7.633076935E0,8.738827515E-1,8.770527582E0
2.134005454E1,4.312981110E0,-8.235274658E0,5.824388123E-1,9.314547209E0
2.134999354E1,4.195176086E0,-8.564140778E0,8.873547363E-1,9.577651491E0
2.135993354E1,4.078418884E0,-8.695268097E0,1.039887543E0,9.660359930E0
2.136987254E1,3.544778595E0,-8.657396851E0,6.388714600E-1,9.376786883E0
2.137981154E1,2.853216705E0,-8.443042603E0,-8.607101440E-2,8.912531749E0
2.138975154E1,2.413880310E0,-8.032596130E0,-6.297404480E-1,8.411063653E0
2.139969054E1,2.766696625E0,-7.552394714E0,-7.191046143E-1,8.075294891E0
2.140962954E1,3.593876495E0,-7.390581207E0,-5.935157776E-1,8.239472060E0
2.141956954E1,4.113296356E0,-7.553292847E0,-1.004411316E-1,8.601251546E0
2.142950854E1,4.314477997E0,-7.955506439E0,7.512876892E-1,9.081257417E0
2.143944854E1,4.578229523E0,-8.675359497E0,1.660047913E0,9.948759070E0
2.144938754E1,5.304070129E0,-9.379794617E0,2.454895020E0,1.105170650E1
2.145932654E1,6.368656311E0,-9.872270508E0,2.898273010E0,1.210047498E1
2.146926654E1,7.178322601E0,-1.003543121E1,2.936593323E0,1.268312956E1
2.147920554E1,7.455546112E0,-9.934990082E0,2.673290863E0,1.270573413E1
2.148914454E1,7.209757233E0,-9.757010193E0,2.397414551E0,1.236638362E1
2.149908454E1,6.623725891E0,-9.585317230E0,2.163900146E0,1.185050695E1
2.150902354E1,6.036047974E0,-9.566456451E0,1.981728973E0,1.148382401E1
2.151896354E1,5.698649597E0,-9.730365601E0,1.885329437E0,1.143280757E1
2.152890254E1,5.786367188E0,-9.977202301E0,1.575473785E0,1.164082165E1
2.153884154E1,6.314019928E0,-1.022823029E1,8.954379272E-1,1.205343733E1
2.154878154E1,6.963070221E0,-1.046878006E1,1.838177490E-1,1.257431874E1
2.155872054E1,7.430099030E0,-1.064137115E1,-2.850073242E-1,1.298177110E1
2.156865954E1,7.408843231E0,-1.053359528E1,-1.944456482E-1,1.287965048E1
2.157859954E1,7.207362213E0,-1.049018555E1,5.513035583E-1,1.273946618E1
2.158853854E1,7.267836456E0,-1.076950470E1,1.905986481E0,1.313150649E1
2.159847854E1,7.479047241E0,-1.131377289E1,3.781137085E0,1.407958104E1
2.160841754E1,7.590116272E0,-1.195728470E1,5.741759949E0,1.528248441E1
2.161835654E1,7.313341827E0,-1.238928635E1,7.516319733E0,1.623189598E1
2.162829654E1,6.322701874E0,-1.204949295E1,7.687413940E0,1.562892103E1
2.163823554E1,5.993686066E0,-1.104657852E1,5.262905731E0,1.362532005E1
2.164817454E1,6.362968140E0,-1.001791763E1,2.636766815E0,1.215724379E1
2.165811454E1,6.598428497E0,-9.696386261E0,5.625302124E-1,1.174204434E1
2.166805354E1,6.780150604E0,-9.861343231E0,-2.640359344E0,1.225512260E1
2.167799354E1,7.232509918E0,-1.023990601E1,-5.028193817E0,1.350731682E1
2.168793254E1,7.239245911E0,-1.073043594E1,-5.453160095E0,1.404584963E1
2.169787154E1,7.056775360E0,-1.183214493E1,-4.427043915E0,1.447053731E1
2.170781154E1,7.043303375E0,-1.345447128E1,-3.128943329E0,1.550552180E1
2.171775054E1,7.321874084E0,-1.526001663E1,-1.824406128E0,1.702370128E1
2.172768954E1,7.416776733E0,-1.744981293E1,-3.965254211E-1,1.896475101E1
2.173762954E1,6.490951996E0,-1.951626572E1,1.613494720E0,2.063057078E1
2.174756854E1,4.319866791E0,-2.097138977E1,4.634512482E0,2.190751341E1
2.175750854E1,1.810185699E0,-2.101300323E1,6.585405579E0,2.209503663E1
2.176744754E1,9.327104187E-1,-1.912213531E1,4.461322632E0,1.965780780E1
2.177738654E1,8.900491333E-1,-1.659464127E1,6.948550415E-1,1.663301325E1
2.178732654E1,6.713539124E-1,-1.403840698E1,-1.640887756E0,1.414991517E1
2.179726554E1,3.597019958E-1,-1.175295959E1,-2.397115173E0,1.200031691E1
2.180720554E1,4.751119995E-1,-9.932595062E0,-2.758613434E0,1.031950213E1
2.181714454E1,3.204835510E-1,-8.411607971E0,-2.533331909E0,8.790655774E0
2.182708354E1,2.671943665E-1,-7.331154785E0,-2.598147125E0,7.782518345E0
2.183702354E1,5.851332092E-1,-6.489455109E0,-2.653082886E0,7.035215510E0
2.184696254E1,1.174607391E0,-5.852230225E0,-1.751507721E0,6.220617367E0
2.185690129E1,1.612596588E0,-5.314997406E0,-9.592053223E-1,5.636465207E0
2.186684129E1,1.696571960E0,-4.957989807E0,-5.632786560E-1,5.270417648E0
2.187678029E1,1.470541992E0,-4.902455292E0,-5.652246094E-1,5.149372826E0
2.188672029E1,1.078357544E0,-5.101990356E0,-6.077362061E-1,5.250000370E0
2.189665929E1,4.534071350E-1,-5.197491760E0,-9.497749329E-1,5.302977565E0
2.190659829E1,-7.544311523E-2,-5.225483551E0,-1.481918335E0,5.432076211E0
2.191653829E1,-5.065466309E-1,-5.413791962E0,-2.044747925E0,5.809193315E0
2.192647729E1,-7.952961731E-1,-5.394332428E0,-2.287243652E0,5.912935132E0
2.193641629E1,-1.243913269E0,-5.052742767E0,-2.111060028E0,5.615523496E0
2.194635629E1,-1.924398193E0,-4.513264618E0,-1.696422272E0,5.191407751E0
2.195629529E1,-2.544259186E0,-3.952530670E0,-1.374591522E0,4.897474385E0
2.196623429E1,-3.071612549E0,-3.523971863E0,-1.270857239E0,4.844404965E0
2.197617429E1,-3.408561859E0,-3.206781464E0,-1.326092377E0,4.864181565E0
2.198611329E1,-3.342698822E0,-2.894381104E0,-1.453776855E0,4.654518722E0
2.199605329E1,-2.936293945E0,-2.668500824E0,-1.567989349E0,4.266299261E0
2.200599229E1,-2.146087189E0,-2.713257751E0,-1.203048248E0,3.662619682E0
2.201593129E1,-1.498384094E-1,-3.051853638E0,1.182540894E-1,3.057817229E0
2.202587129E1,2.317331085E0,-3.793860626E0,2.298619995E0,5.004703357E0
2.203581029E1,4.649631042E0,-4.798571320E0,5.639672241E0,8.743641034E0
2.204575029E1,7.409591675E0,-6.170618134E0,1.118593872E1,1.476833782E1
2.205568929E1,1.015039215E1,-8.482261047E0,1.795216827E1,2.229931746E1
2.206562829E1,1.114791779E1,-1.256067993E1,2.008613068E1,2.618204340E1
2.207556829E1,1.210128525E1,-1.720073090E1,2.339365265E1,3.145741935E1
2.208550729E1,1.177735886E1,-2.012145721E1,2.045002396E1,3.101262165E1
2.209544629E1,1.027538223E1,-1.980666183E1,1.308593765E1,2.586752979E1
2.210538629E1,8.509055328E0,-1.565624268E1,7.712262268E0,1.941651222E1
2.211532529E1,6.421047363E0,-9.234596558E0,5.025050354E0,1.231904030E1
2.212526529E1,5.350323944E0,-5.042414246E0,4.500092010E0,8.619903470E0
2.213520429E1,4.924309845E0,-2.568059692E0,6.901548157E0,8.858618684E0
2.214514329E1,5.326224060E0,-1.501976624E0,9.330247650E0,1.084795454E1
2.215508329E1,6.010451202E0,-4.258793793E0,4.250560913E0,8.504711418E0
2.216502229E1,6.337371368E0,-8.599018250E0,-3.131488037E0,1.113155910E1
2.217496129E1,5.499114532E0,-1.238524475E1,-9.484576721E0,1.654060893E1
2.218490129E1,3.393443298E0,-1.495150818E1,-1.084794159E1,1.878139747E1
2.219484029E1,2.070045319E0,-1.631427429E1,-7.382647705E0,1.802620649E1
2.220478029E1,3.599564667E0,-1.842039459E1,5.542823639E0,1.957014810E1
2.221471929E1,5.305866394E0,-1.908815598E1,2.003987686E1,2.817989676E1
2.222465829E1,1.167422333E0,-1.444526093E1,1.685494995E-1,1.449333802E1
2.223459829E1,-1.100062408E0,-9.986632690E0,-7.117099915E0,1.231243603E1
2.224453729E1,-1.971849518E0,-7.735314331E0,-4.956642609E0,9.396360161E0
2.225447629E1,-2.625689850E0,-6.330186310E0,-4.093387756E0,7.982564076E0
2.226441629E1,-2.419418793E0,-5.577102356E0,-3.626508636E0,7.078786822E0
2.227435529E1,-1.651216278E0,-5.504952393E0,-3.149450684E0,6.553629197E0
2.228429529E1,-9.874964905E-1,-6.101911011E0,-3.192860413E0,6.957213876E0
2.229423429E1,-6.912625122E-1,-7.357350311E0,-3.446133728E0,8.153789618E0
2.230417329E1,-3.915856934E-1,-8.842861176E0,-2.934647369E0,9.325325105E0
2.231411329E1,-1.751358032E-1,-9.915979614E0,-2.168091431E0,1.015174589E1
2.232405229E1,4.490661621E-3,-1.057505905E1,-1.603166199E0,1.069588874E1
2.233399129E1,3.038681030E-1,-1.073687256E1,-1.270258484E0,1.081602167E1
2.234393129E1,5.258564758E-1,-1.057326279E1,-9.834548950E-1,1.063191396E1
2.235387029E1,5.393284607E-1,-1.015608032E1,-9.889933777E-1,1.021836340E1
2.236381029E1,6.251000977E-1,-9.652377777E0,-1.100212097E0,9.734968595E0
2.237374929E1,9.604028320E-1,-9.349108429E0,-1.284778290E0,9.485718595E0
2.238368829E1,1.406325531E0,-9.142537994E0,-1.736987915E0,9.411741576E0
2.239362829E1,1.686393127E0,-8.939709778E0,-2.072290649E0,9.330419135E0
2.240356729E1,1.992506561E0,-8.661737823E0,-1.998494110E0,9.109871746E0
2.241350629E1,2.404599609E0,-8.393046570E0,-1.272503815E0,8.822958459E0
2.242344629E1,3.200943604E0,-8.071066132E0,4.502636719E-1,8.694301917E0
2.243338529E1,4.236490173E0,-7.763904877E0,2.139051819E0,9.099539033E0
2.244332529E1,4.345762939E0,-8.025411072E0,2.214644623E0,9.391353960E0
2.245326429E1,4.306993561E0,-8.480764160E0,2.190395050E0,9.760706160E0
2.246320329E1,4.187841339E0,-8.796008606E0,1.954036560E0,9.936097894E0
2.247314329E1,3.937861176E0,-9.023086395E0,1.019978943E0,9.897635868E0
2.248308229E1,3.541485443E0,-9.060358887E0,4.071533203E-2,9.727994657E0
2.249302129E1,3.213816833E0,-8.711584167E0,-6.180647278E-1,9.306036823E0
2.250296129E1,3.162323914E0,-8.153245239E0,-9.574090576E-1,8.797291206E0
2.251290029E1,3.525019684E0,-7.425009613E0,-8.152047729E-1,8.259605944E0
2.252284029E1,4.050427094E0,-7.020401001E0,-5.707630920E-1,8.125131406E0
2.253277929E1,4.384831696E0,-7.211703186E0,-2.721340942E-1,8.444493401E0
2.254271829E1,4.878954163E0,-7.756869507E0,3.855981445E-1,9.171799398E0
2.255265829E1,5.265450439E0,-8.528065796E0,8.640032959E-1,1.005979007E1
2.256259729E1,5.412893829E0,-9.310189362E0,1.061592407E0,1.082155368E1
2.257253629E1,5.626349945E0,-9.990973663E0,1.276844788E0,1.153714441E1
2.258247629E1,5.873635712E0,-1.037552399E1,1.614542542E0,1.203153532E1
2.259241529E1,5.856271820E0,-1.023691223E1,1.912423096E0,1.194770496E1
2.260235529E1,5.694757690E0,-9.740245056E0,2.118394775E0,1.147999283E1
2.261229429E1,5.718558197E0,-9.323811035E0,2.121837616E0,1.114170341E1
2.262223329E1,6.002817078E0,-9.239536285E0,1.666334839E0,1.114358629E1
2.263217329E1,6.493646393E0,-9.450298004E0,9.294172668E-1,1.150388597E1
2.264211229E1,7.025789795E0,-9.690099335E0,3.921844482E-1,1.197553990E1
2.265205229E1,7.262597351E0,-9.912686462E0,7.544311523E-2,1.228870884E1
2.266199129E1,7.138206024E0,-1.016521133E1,-1.643582153E-1,1.242225907E1
2.267193029E1,6.803052979E0,-1.037582336E1,-7.619155884E-2,1.240745927E1
2.268187029E1,6.257287903E0,-1.047162415E1,4.733157349E-1,1.220789056E1
2.269180929E1,5.768554230E0,-1.056383240E1,1.582658844E0,1.213983451E1
2.270174829E1,5.786067810E0,-1.084943848E1,3.100203094E0,1.268070011E1
2.271168829E1,6.431974640E0,-1.131152756E1,4.220323792E0,1.367962303E1
2.272162729E1,7.872578888E0,-1.192031158E1,4.422553253E0,1.495427377E1
2.273156729E1,9.433832245E0,-1.248149460E1,4.331542511E0,1.623413560E1
2.274150629E1,1.005863297E1,-1.253089188E1,3.716621246E0,1.649280515E1
2.275144529E1,9.529633026E0,-1.167796555E1,2.762655029E0,1.532387182E1
2.276138529E1,8.818012848E0,-9.876461792E0,2.363285522E0,1.344942254E1
2.277132429E1,8.085136871E0,-8.486003265E0,2.164947968E0,1.191925708E1
2.278126329E1,6.637497253E0,-8.316106567E0,2.140099640E0,1.085329557E1
2.279120329E1,5.301076355E0,-9.338929596E0,1.458267517E0,1.083713803E1
2.280114229E1,5.064867554E0,-1.071920929E1,-1.388063507E0,1.193654269E1
2.281108229E1,5.639971619E0,-1.158470947E1,-4.207001495E0,1.355410030E1
2.282102129E1,5.815107422E0,-1.190474396E1,-4.643942871E0,1.403939487E1
2.283096029E1,5.799539795E0,-1.265603165E1,-3.805386658E0,1.443228210E1
2.284090029E1,6.055507507E0,-1.442116104E1,-2.768642578E0,1.588409389E1
2.285083929E1,6.088588715E0,-1.696077988E1,-1.642983398E0,1.809525797E1
2.286077829E1,5.311853943E0,-1.877156433E1,-8.649014282E-1,1.952781284E1
2.287071829E1,3.816912689E0,-1.968062393E1,9.166937256E-1,2.006828613E1
2.288065729E1,2.389331360E0,-1.994168106E1,5.406307526E0,2.079922376E1
2.289059729E1,1.754950562E0,-1.832279755E1,7.958799591E0,2.005360946E1
2.290053629E1,1.452279968E0,-1.563947754E1,3.453767853E0,1.608200507E1
2.291047529E1,8.904981995E-1,-1.347632584E1,-4.778063965E-1,1.351416457E1
2.292041529E1,8.408015442E-1,-1.150971542E1,-2.713706818E0,1.185515504E1
2.293035429E1,8.298742676E-1,-9.762249298E0,-3.439098358E0,1.038352542E1
2.294029329E1,7.758366394E-1,-8.468789062E0,-3.124452667E0,9.060050505E0
2.295023329E1,1.045575714E0,-7.679181061E0,-3.214415588E0,8.390203687E0
2.296017229E1,1.961970062E0,-7.081923065E0,-2.854114838E0,7.883459414E0
2.297011229E1,2.978506165E0,-6.403234406E0,-1.869013367E0,7.305211892E0
2.298005129E1,3.474275208E0,-5.766608276E0,-1.010997620E0,6.807824573E0
2.298999029E1,3.781286774E0,-5.270090790E0,-3.637435913E-2,6.486394198E0
2.299993029E1,3.643573151E0,-5.118156738E0,4.212240601E-1,6.296712111E0
2.300986929E1,3.076851654E0,-5.270539856E0,2.157014465E-1,6.106728550E0
2.301980929E1,2.174827423E0,-5.522166595E0,-6.756948853E-1,5.973337577E0
2.302974829E1,1.523232422E0,-5.737568665E0,-1.647024994E0,6.160569984E0
2.303968729E1,1.040635986E0,-5.880970459E0,-2.305206299E0,6.401774197E0
2.304962729E1,5.403762817E-1,-5.814508667E0,-2.603086853E0,6.393479391E0
2.305956629E1,-1.926493835E-1,-5.572162628E0,-2.552042999E0,6.131805086E0
2.306950529E1,-1.118773499E0,-5.123695221E0,-2.106269989E0,5.651573243E0
2.307944529E1,-1.930984497E0,-4.739294586E0,-1.751956787E0,5.409155839E0
2.308938429E1,-2.558479614E0,-4.404590607E0,-1.601968689E0,5.339713478E0
2.309932429E1,-3.006348267E0,-4.115391998E0,-1.422042847E0,5.291199019E0
2.310926329E1,-3.451073456E0,-3.794160004E0,-1.081051941E0,5.241586728E0
2.311920229E1,-3.925437012E0,-3.505410461E0,-7.319778442E-1,5.313449896E0
2.312914229E1,-3.941902771E0,-3.298540649E0,-5.492079163E-1,5.169196960E0
2.313908129E1,-3.399730225E0,-3.350632324E0,4.478686523E-1,4.794318398E0
2.314902029E1,-1.707499237E0,-3.680695953E0,3.504362640E0,5.361308969E0
2.315896029E1,1.543440399E0,-4.524042206E0,9.527687073E0,1.065954910E1
2.316889929E1,4.811444550E0,-5.980962524E0,1.751313126E1,1.912149779E1
2.317883929E1,7.845185852E0,-8.197852478E0,2.151416107E1,2.432305188E1
2.318877829E1,8.778944092E0,-1.161479691E1,1.449121536E1,2.054187648E1
2.319871729E1,7.319628754E0,-1.499686386E1,1.241263779E1,2.079799191E1
2.320865729E1,7.948022003E0,-1.912692535E1,2.091316086E1,2.943417443E1
2.321859629E1,8.246201935E0,-2.157343781E1,1.868040390E1,2.970472277E1
2.322853629E1,6.096971283E0,-1.726494736E1,1.001776794E1,2.087120362E1
2.323847529E1,5.454357605E0,-1.091545120E1,6.184838562E0,1.368025292E1
2.324841429E1,5.512137451E0,-6.759942627E0,6.927893372E0,1.113894924E1
2.325835429E1,5.341941376E0,-4.670587463E0,1.238599319E1,1.427457713E1
2.326829329E1,6.333329773E0,-5.196443939E0,7.358098755E0,1.101161718E1
2.327823229E1,7.495063934E0,-6.834936676E0,-7.366930389E0,1.253650693E1
2.328817229E1,6.625073090E0,-8.423732758E0,-1.884461243E1,2.167879804E1
2.329811129E1,4.623435516E0,-9.667945404E0,-1.759905258E1,2.060514441E1
2.330805129E1,4.328099670E0,-1.132275421E1,-1.031519943E1,1.591667519E1
2.331799029E1,4.692891083E0,-1.303025345E1,-2.070943451E0,1.400355449E1
2.332792929E1,6.984326019E0,-1.552451660E1,1.787507858E1,2.468420264E1
2.333786929E1,3.069816284E0,-1.496857269E1,1.199395844E1,1.942516356E1
2.334780829E1,-6.647676086E-1,-1.146181503E1,-1.514849854E0,1.158058245E1
2.335774729E1,-2.475851440E0,-9.104966125E0,-3.664978638E0,1.012236716E1
2.336768729E1,-4.133354645E0,-8.152347107E0,-1.948498077E0,9.345695733E0
2.337762629E1,-3.685485992E0,-7.512876892E0,-1.651815033E0,8.529631827E0
2.338756629E1,-2.233655090E0,-7.396868134E0,-2.565814362E0,8.141638446E0
2.339750529E1,-1.685195618E0,-7.678133240E0,-2.759062500E0,8.331028760E0
2.340744429E1,-1.210233307E0,-8.153245239E0,-2.927612000E0,8.747055768E0
2.341738429E1,-5.987548828E-1,-8.841064911E0,-2.656226349E0,9.250863451E0
2.342732329E1,-1.362167358E-1,-9.566157074E0,-1.875599670E0,9.749245627E0
2.343726229E1,3.390449524E-1,-9.978100433E0,-1.313219147E0,1.006985523E1
2.344720229E1,8.201445007E-1,-1.003902374E1,-9.985734558E-1,1.012184685E1
2.345714129E1,1.098864899E0,-9.794582062E0,-8.878038025E-1,9.895935399E0
2.346708129E1,1.136736145E0,-9.420509949E0,-1.096619568E0,9.552002472E0
2.347702029E1,1.149459686E0,-9.119186554E0,-1.365610199E0,9.292239353E0
2.348695929E1,1.407972107E0,-9.006620636E0,-1.461710358E0,9.232453515E0
2.349689929E1,1.899699554E0,-9.016350403E0,-1.606459351E0,9.353295923E0
2.350683829E1,2.451152802E0,-8.892707520E0,-1.583856354E0,9.359326794E0
2.351677829E1,2.848726044E0,-8.684789886E0,-1.289119263E0,9.230527824E0
2.352671729E1,3.221750336E0,-8.333171082E0,-5.592370605E-1,8.951768629E0
2.353665629E1,3.729644165E0,-8.087831268E0,3.065625000E-1,8.911635136E0
2.354659629E1,3.978426819E0,-8.381969604E0,4.604425049E-1,9.289634100E0
2.355653529E1,3.904031525E0,-8.571924591E0,3.007246399E-1,9.423894558E0
2.356647429E1,3.712729340E0,-8.646469574E0,4.641847229E-1,9.421319584E0
2.357641429E1,3.480861511E0,-8.633296967E0,9.220825195E-1,9.354167496E0
2.358635329E1,2.869532776E0,-8.682843933E0,1.042581940E0,9.203965136E0
2.359629329E1,2.320773926E0,-8.722661133E0,8.827143860E-1,9.069178217E0
2.360623229E1,2.308200073E0,-8.509654083E0,5.954617310E-1,8.837226650E0
2.361617129E1,2.749033356E0,-8.185578003E0,2.130070496E-1,8.637490587E0
2.362611129E1,3.305426331E0,-7.985444183E0,1.017883301E-2,8.642526577E0
2.363605029E1,3.774401093E0,-7.949668579E0,1.164578247E-1,8.800959979E0
2.364598929E1,3.991000671E0,-7.949219513E0,3.698808289E-1,8.902527116E0
2.365592929E1,4.314777374E0,-8.202792206E0,6.170169067E-1,9.288908096E0
2.366586829E1,4.744533691E0,-8.767418060E0,7.002438354E-1,9.993425880E0
2.367580829E1,5.254074097E0,-9.503287811E0,6.596781921E-1,1.087901416E1
2.368574729E1,5.879174194E0,-1.008662476E1,7.390132141E-1,1.169832589E1
2.369568629E1,6.262527008E0,-1.029394363E1,1.152154083E0,1.210421328E1
2.370562629E1,6.307283936E0,-1.011446686E1,1.901046753E0,1.207055298E1
2.371556529E1,6.190077667E0,-9.744436340E0,2.696492615E0,1.185504844E1
2.372550529E1,6.032305756E0,-9.532177734E0,3.122357025E0,1.170471010E1
2.373544429E1,5.874683533E0,-9.654024353E0,2.971321106E0,1.168506919E1
2.374538329E1,5.965544586E0,-1.001252884E1,2.307751007E0,1.188125291E1
2.375532329E1,6.377188568E0,-1.030517029E1,1.571731567E0,1.222028677E1
2.376526229E1,6.752009125E0,-1.044468018E1,9.322613525E-1,1.247197187E1
2.377520129E1,6.965764618E0,-1.050186127E1,2.770738220E-1,1.260506790E1
2.378514129E1,7.115303650E0,-1.055874298E1,-1.014889526E-1,1.273282763E1
2.379508029E1,7.100933533E0,-1.057431061E1,4.385879517E-2,1.273739477E1
2.380502029E1,6.948251038E0,-1.060709244E1,9.077124023E-1,1.271269225E1
2.381495929E1,7.004683685E0,-1.093820389E1,2.217638397E0,1.317679088E1
2.382489829E1,7.490273895E0,-1.154564072E1,4.062551880E0,1.434957666E1
2.383483829E1,8.327482910E0,-1.209769272E1,5.956862640E0,1.584882813E1
2.384477729E1,8.558302917E0,-1.227507385E1,6.244414673E0,1.621464466E1
2.385471596E1,8.192463684E0,-1.123877884E1,5.100493469E0,1.481356286E1
2.386465596E1,7.868387604E0,-9.607770538E0,3.140169983E0,1.280942800E1
2.387459496E1,7.172185364E0,-8.994495850E0,5.640270996E-1,1.151778299E1
2.388453496E1,6.305787048E0,-9.181007996E0,-4.643344116E-1,1.114762148E1
2.389447396E1,6.096971283E0,-1.023287064E1,-1.893562317E0,1.206110602E1
2.390441296E1,6.709048462E0,-1.143966110E1,-3.996389465E0,1.385093160E1
2.391435296E1,6.724167023E0,-1.179936310E1,-4.400549011E0,1.427600166E1
2.392429196E1,6.411167908E0,-1.257654694E1,-3.514242096E0,1.454725075E1
2.393423196E1,6.373296661E0,-1.439077423E1,-2.311642914E0,1.590776497E1
2.394417096E1,6.283483429E0,-1.648432068E1,-1.048868866E0,1.767243951E1
2.395410996E1,5.620811462E0,-1.831591187E1,3.754193115E-1,1.916264827E1
2.396404996E1,4.252357178E0,-1.975696518E1,3.044818268E0,2.043749331E1
2.397398896E1,2.591860199E0,-2.095222961E1,6.466103668E0,2.207994931E1
2.398392796E1,1.507066040E0,-2.047636917E1,5.463787994E0,2.124631549E1
2.399386796E1,1.182540894E0,-1.832085159E1,1.437460785E0,1.841516493E1
2.400380696E1,8.535250854E-1,-1.572719513E1,-6.921606445E-1,1.576554021E1
2.401374696E1,6.797364807E-1,-1.305091049E1,-1.619631958E0,1.316858056E1
2.402368596E1,8.788224792E-1,-1.053748718E1,-2.370769958E0,1.083658227E1
2.403362496E1,1.036594391E0,-8.756041718E0,-2.149979095E0,9.075527786E0
2.404356496E1,8.738827515E-1,-7.356003113E0,-1.895957336E0,7.646509470E0
2.405350396E1,9.139993286E-1,-6.383774872E0,-2.846031647E0,7.048962514E0
2.406344396E1,1.876048737E0,-5.722599792E0,-2.717748413E0,6.607107059E0
2.407338296E1,2.642305298E0,-5.078489227E0,-1.479074249E0,5.912739699E0
2.408332196E1,2.685565338E0,-4.638703766E0,-4.837939453E-1,5.381811070E0
2.409326196E1,2.307451630E0,-4.460574188E0,-3.209326172E-1,5.032300951E0
2.410320096E1,1.729353790E0,-4.444856873E0,-4.514611816E-1,4.790744655E0
2.411313996E1,9.160949707E-1,-4.612208862E0,-8.394543457E-1,4.776649891E0
2.412307996E1,2.245330811E-1,-4.805157623E0,-1.620679779E0,5.076077012E0
2.413301896E1,-1.932481384E-1,-5.044210510E0,-2.304607544E0,5.549109879E0
2.414295896E1,-3.489244080E-1,-5.202132111E0,-2.568658447E0,5.812222721E0
2.415289796E1,-5.327421570E-1,-5.281167755E0,-2.212848358E0,5.750760378E0
2.416283696E1,-7.679031372E-1,-5.349276123E0,-1.841021576E0,5.709097189E0
2.417277696E1,-1.028511200E0,-5.317392426E0,-1.698218536E0,5.675953109E0
2.418271596E1,-1.635948029E0,-4.943320312E0,-1.514251099E0,5.422702099E0
2.419265496E1,-2.515069885E0,-4.257147217E0,-1.400936737E0,5.139212264E0
2.420259496E1,-3.108286285E0,-3.503314819E0,-1.576222229E0,4.941572105E0
2.421253396E1,-3.174149323E0,-2.873125305E0,-2.215393066E0,4.820584962E0
2.422247396E1,-2.944975891E0,-2.590513000E0,-2.579735413E0,4.694536761E0
2.423241296E1,-2.559377747E0,-2.639610901E0,-1.849703522E0,4.115745774E0
2.424235196E1,-1.456171875E0,-2.918930054E0,-7.723937988E-2,3.262905930E0
2.425229196E1,1.216220856E0,-3.781735840E0,3.140319672E0,5.063825310E0
2.426223096E1,4.600084076E0,-5.308560791E0,9.460776215E0,1.178337294E1
2.427217096E1,8.143665161E0,-7.907755737E0,1.889071655E1,2.203885330E1
2.428210996E1,1.081575851E1,-1.231249603E1,2.593581619E1,3.067971239E1
2.429204896E1,1.051742889E1,-1.743394592E1,2.037772430E1,2.880643034E1
2.430198896E1,9.123826904E0,-2.097573074E1,1.714998642E1,2.858929051E1
2.431192796E1,8.081095276E0,-2.236124954E1,1.880344803E1,3.031335085E1
2.432186696E1,5.700894928E0,-1.866244125E1,1.242206818E1,2.313211392E1
2.433180696E1,4.071233826E0,-1.100945572E1,5.840105438E0,1.311067853E1
2.434174596E1,4.765939178E0,-5.987399139E0,3.572021942E0,8.445262901E0
2.435168596E1,5.092410278E0,-3.038381653E0,4.716541901E0,7.576950113E0
2.436162496E1,5.182672577E0,-1.695374451E0,9.052126007E0,1.056765702E1
2.437156396E1,5.895789642E0,-3.565136261E0,8.207582245E0,1.071610649E1
2.438150396E1,7.062613220E0,-8.058192902E0,-1.953737183E0,1.089183489E1
2.439144296E1,7.166048126E0,-1.261995667E1,-1.235949829E1,1.906233852E1
2.440138296E1,6.145769806E0,-1.609198654E1,-1.503757919E1,2.286594204E1
2.441132196E1,5.813460846E0,-1.794124100E1,-1.013422577E1,2.140997402E1
2.442126096E1,5.378465424E0,-1.836500977E1,-1.987267456E0,1.923930108E1
2.443120096E1,6.746620331E0,-1.819631058E1,1.639525589E1,2.540525576E1
2.444113996E1,1.361568604E0,-1.357272537E1,7.130122833E0,1.539192628E1
2.445107896E1,-1.230590973E0,-8.601413269E0,-5.698649597E0,1.039101880E1
2.446101896E1,-1.989812164E0,-6.111790466E0,-5.218148804E0,8.279034490E0
2.447095796E1,-2.406395874E0,-5.130131836E0,-3.788172455E0,6.816101841E0
2.448089796E1,-2.024539948E0,-4.966372375E0,-2.858006744E0,6.077155512E0
2.449083696E1,-1.404529266E0,-5.459147644E0,-2.298769684E0,6.087638090E0
2.450077596E1,-9.524693298E-1,-6.725065155E0,-2.472408600E0,7.228174282E0
2.451071596E1,-7.342231750E-1,-8.756790161E0,-3.070864105E0,9.308633839E0
2.452065496E1,-6.242019653E-1,-1.060918808E1,-2.992876282E0,1.104091519E1
2.453059496E1,-4.248165894E-1,-1.165446442E1,-2.212249603E0,1.187017516E1
2.454053396E1,-1.282832336E-1,-1.177122162E1,-1.573677521E0,1.187663993E1
2.455047296E1,3.951782227E-2,-1.106888214E1,-1.424737244E0,1.116026835E1
2.456041296E1,3.712280273E-2,-1.001312759E1,-1.494641876E0,1.012413239E1
2.457035196E1,-8.981323242E-4,-9.008865967E0,-1.689985657E0,9.166008855E0
2.458029096E1,-4.670288086E-2,-8.293353882E0,-1.875150604E0,8.502828327E0
2.459023096E1,1.044827271E-1,-8.027207336E0,-1.964963837E0,8.264868852E0
2.460016996E1,6.010002136E-1,-8.093070374E0,-1.946701813E0,8.345575910E0
2.461010996E1,1.041833496E0,-8.028404846E0,-2.013612671E0,8.342381998E0
2.462004896E1,1.403631134E0,-7.943231964E0,-1.897454224E0,8.286461665E0
2.462998796E1,1.854044495E0,-7.917784882E0,-1.601819000E0,8.288221916E0
2.463992796E1,2.227817230E0,-7.999514923E0,-1.457369385E0,8.430856074E0
2.464986696E1,2.729424133E0,-8.244106293E0,-9.636959839E-1,8.737491323E0
2.465980696E1,3.827690277E0,-8.533454590E0,5.716612244E-1,9.370051048E0
2.466974596E1,4.511618042E0,-8.961714020E0,2.054028625E0,1.024138902E1
2.467968496E1,4.580774231E0,-9.297615509E0,3.067121887E0,1.080908800E1
2.468962496E1,4.107159119E0,-9.387877808E0,3.756887512E0,1.091399146E1
2.469956396E1,3.327879639E0,-9.224417725E0,3.349434814E0,1.036259518E1
2.470950296E1,3.091521149E0,-8.723858643E0,1.369951172E0,9.356280182E0
2.471944296E1,3.323538666E0,-7.997419281E0,3.495231628E-1,8.667571220E0
2.472938196E1,3.710034943E0,-7.365433502E0,6.948550415E-1,8.276278963E0
2.473932196E1,4.102069702E0,-7.485783234E0,9.237290955E-1,8.585872227E0
2.474926096E1,4.588857422E0,-8.140372009E0,7.472460938E-1,9.374521087E0
2.475919996E1,5.165608063E0,-8.956774292E0,5.068460083E-1,1.035201455E1
2.476913996E1,5.754483490E0,-9.707762604E0,2.059716797E-1,1.128703501E1
2.477907896E1,6.222410431E0,-1.033121613E1,-5.718109131E-2,1.206050115E1
2.478901896E1,6.367009735E0,-1.071681427E1,-1.255888367E-1,1.246614189E1
2.479895796E1,6.350394287E0,-1.080947159E1,6.930587769E-2,1.253702464E1
2.480889696E1,5.994135132E0,-1.047072601E1,8.020321655E-1,1.209169197E1
2.481883696E1,5.513035583E0,-9.927056580E0,2.251168671E0,1.157617269E1
2.482877596E1,5.068460083E0,-9.581125946E0,3.931723938E0,1.153020881E1
2.483871496E1,4.931345215E0,-9.559271393E0,4.449646912E0,1.164032615E1
2.484865496E1,5.475912781E0,-9.908495178E0,2.696941681E0,1.163775717E1
2.485859404E1,6.800657959E0,-1.039648041E1,4.581971741E-1,1.243164101E1
2.486853404E1,7.998018036E0,-1.069555847E1,-7.054829407E-1,1.337389134E1
2.487847304E1,8.514294434E0,-1.081830322E1,-1.180295563E0,1.381745244E1
2.488841204E1,8.682694244E0,-1.066382446E1,-1.543440399E0,1.383793842E1
2.489835204E1,8.454418945E0,-1.029229706E1,-1.644929352E0,1.342066954E1
2.490829104E1,7.876171417E0,-9.911938019E0,-1.274300079E0,1.272416725E1
2.491823104E1,7.291636963E0,-9.875264282E0,-3.445834351E-1,1.228037263E1
2.492817004E1,6.753955078E0,-1.032986893E1,1.496887207E0,1.243232772E1
2.493810904E1,6.044430542E0,-1.112501541E1,4.890929260E0,1.357285149E1
2.494804904E1,5.061574402E0,-1.186193298E1,9.160800018E0,1.581914178E1
2.495798804E1,4.868925018E0,-1.201072357E1,8.761280823E0,1.564365537E1
2.496792704E1,5.548062744E0,-1.143561951E1,5.283113708E0,1.376465343E1
2.497786704E1,5.971083069E0,-1.034259247E1,2.748733978E0,1.225473747E1
2.498780604E1,5.839955750E0,-9.140442352E0,1.263073425E0,1.092007894E1
2.499774604E1,5.647905121E0,-8.721912689E0,4.813989258E-1,1.040203529E1
2.500768504E1,5.519172821E0,-9.113797760E0,-4.821473694E-1,1.066560098E1
2.501762404E1,5.377267914E0,-9.758806458E0,-1.872456207E0,1.129846919E1
2.502756404E1,5.342839508E0,-1.045890060E1,-3.066373444E0,1.213825284E1
2.503750304E1,5.423671417E0,-1.138607254E1,-3.479813690E0,1.308311747E1
2.504744304E1,5.392985229E0,-1.256921219E1,-3.009641418E0,1.400454663E1
2.505738204E1,5.423372040E0,-1.402972504E1,-2.139351196E0,1.519285926E1
2.506732104E1,5.306016083E0,-1.616219055E1,-8.764274597E-1,1.703344754E1
2.507726104E1,4.496349792E0,-1.854029526E1,1.285676422E0,1.912100085E1
2.508720004E1,2.704426117E0,-2.061572937E1,4.927602997E0,2.136828232E1
2.509713904E1,4.694238281E-1,-2.157104279E1,8.000562744E0,2.301171984E1
2.510707904E1,3.547622681E-2,-2.006726990E1,4.864434357E0,2.064846971E1
2.511701804E1,4.971162415E-1,-1.746762589E1,3.158432007E-1,1.747755233E1
2.512695804E1,1.040635986E0,-1.511781235E1,-2.333048401E0,1.533213254E1
2.513689704E1,1.215023346E0,-1.285212387E1,-3.582649841E0,1.339734114E1
2.514683604E1,1.225052490E0,-1.067475174E1,-3.338806915E0,1.125160921E1
2.515677604E1,1.591939545E0,-8.831634521E0,-2.738405457E0,9.382478579E0
2.516671504E1,2.212848358E0,-7.315587158E0,-1.978136444E0,7.894779105E0
2.517665504E1,2.988385620E0,-6.100563812E0,-1.220861206E0,6.902016338E0
2.518659404E1,3.336561584E0,-5.346282349E0,-4.828958130E-1,6.320487839E0
2.519653304E1,3.320544891E0,-4.850962372E0,2.993774414E-4,5.878592893E0
2.520647304E1,2.779420166E0,-4.727918243E0,1.445993042E-1,5.486282561E0
2.521641204E1,1.959575043E0,-4.801714783E0,-5.284011841E-2,5.186443028E0
2.522635204E1,1.074016571E0,-4.795278168E0,-4.477189636E-1,4.934435791E0
2.523629104E1,5.201683044E-1,-4.667893066E0,-8.848100281E-1,4.779402633E0
2.524623004E1,8.652008057E-2,-4.722230072E0,-1.412013702E0,4.929576582E0
2.525617004E1,-1.657054138E-1,-4.743785248E0,-1.985321503E0,5.145139282E0
2.526610904E1,-2.637515259E-1,-4.355343018E0,-2.126927032E0,4.854111275E0
2.527604804E1,-3.833528137E-1,-4.013004913E0,-1.798360291E0,4.414211996E0
2.528598804E1,-7.515870667E-1,-3.879332886E0,-1.596280518E0,4.261715411E0
2.529592704E1,-1.173110504E0,-3.811523895E0,-1.603465576E0,4.298255985E0
2.530586704E1,-1.938768311E0,-3.797752533E0,-1.755249939E0,4.611144024E0
2.531580604E1,-2.808459778E0,-3.758384399E0,-1.725910950E0,4.999166753E0
2.532574504E1,-3.115171967E0,-3.758683777E0,-1.561103668E0,5.125333626E0
2.533568504E1,-2.845881958E0,-3.850742340E0,-1.467997284E0,5.008220913E0
2.534562404E1,-2.174228668E0,-4.111200714E0,-6.451583862E-1,4.695260478E0
2.535556404E1,-8.765771484E-1,-4.618046722E0,1.351689148E0,4.890992392E0
2.536550304E1,1.032253418E0,-5.423372040E0,4.173321533E0,6.920630320E0
2.537544204E1,3.480711823E0,-6.562054138E0,9.889933777E0,1.236877922E1
2.538538204E1,6.878945160E0,-8.724607086E0,2.006203079E1,2.293302716E1
2.539532104E1,9.854307861E0,-1.286873932E1,2.267799088E1,2.787477543E1
2.540526104E1,8.456364899E0,-1.709954132E1,1.726300140E1,2.572772120E1
2.541520004E1,7.638166351E0,-2.053190369E1,1.739697281E1,2.797419020E1
2.542513904E1,7.777825928E0,-2.177626602E1,1.599453918E1,2.811628748E1
2.543507904E1,4.813091125E0,-1.574261307E1,9.705068207E0,1.910978967E1
2.544501804E1,3.731290741E0,-8.559201050E0,6.502178650E0,1.137808334E1
2.545495704E1,3.839964752E0,-4.089645538E0,6.532715149E0,8.610859257E0
2.546489704E1,4.324656830E0,-1.147513733E0,9.163943481E0,1.019790687E1
2.547483604E1,5.979914703E0,-1.684596863E0,3.715423737E0,7.238896324E0
2.548477604E1,7.632029114E0,-5.659880219E0,-5.273533630E0,1.086702671E1
2.549471504E1,8.191266174E0,-1.128847549E1,-1.138502472E1,1.800403589E1
2.550465404E1,7.565118256E0,-1.562765213E1,-1.166539169E1,2.091735855E1
2.551459404E1,6.983876953E0,-1.818882614E1,-6.611301727E0,2.057467483E1
2.552453304E1,1.028750702E1,-2.070584198E1,1.076890594E1,2.550556857E1
2.553447304E1,6.818770294E0,-1.880644180E1,1.191956314E1,2.328634508E1
2.554441204E1,6.804849243E-1,-1.262998581E1,-2.112706604E0,1.282353814E1
2.555435104E1,-1.907034302E0,-8.030201111E0,-4.311933289E0,9.312017955E0
2.556429104E1,-3.425476685E0,-5.162314911E0,-3.323987732E0,7.030809356E0
2.557423004E1,-3.342998199E0,-4.000431061E0,-3.161575470E0,6.097101368E0
2.558416904E1,-1.823058929E0,-4.235592041E0,-3.428320770E0,5.746056657E0
2.559410904E1,-1.119072876E0,-4.792883148E0,-2.713257751E0,5.620126386E0
2.560404804E1,-9.443861389E-1,-6.143524475E0,-2.391576691E0,6.659909701E0
2.561398804E1,-6.427633667E-1,-8.123157806E0,-2.280058594E0,8.461530871E0
2.562392704E1,-3.153941345E-1,-9.959539032E0,-1.949695587E0,1.015348236E1
2.563386604E1,-1.193019104E-1,-1.136586456E1,-1.521735535E0,1.146790257E1
2.564380604E1,1.869612122E-1,-1.200548447E1,-1.199455719E0,1.206670236E1
2.565374504E1,5.659730530E-1,-1.179711777E1,-9.818083191E-1,1.185142442E1
2.566368504E1,8.336164856E-1,-1.135957764E1,-9.544152832E-1,1.143004064E1
2.567362404E1,9.590556335E-1,-1.075857742E1,-1.189576263E0,1.086654810E1
2.568356304E1,1.309327240E0,-9.585616608E0,-1.238075409E0,9.753523173E0
2.569350304E1,9.316625977E-1,-8.787176971E0,-1.450633392E0,8.954708904E0
2.570344204E1,9.951306152E-1,-8.371341705E0,-1.547032928E0,8.571053481E0
2.571338204E1,1.393901367E0,-8.231233063E0,-1.470242615E0,8.476896372E0
2.572332104E1,2.179767151E0,-8.138126678E0,-6.737489319E-1,8.451889037E0
2.573326004E1,3.605252838E0,-7.911947021E0,1.341061249E0,8.797454119E0
2.574320004E1,4.318369904E0,-8.326435089E0,1.085692291E0,9.442275556E0
2.575313904E1,4.424948273E0,-8.776698761E0,4.733157349E-1,9.840459143E0
2.576307804E1,4.227059784E0,-8.966054993E0,-8.696914673E-2,9.912907756E0
2.577301804E1,4.164040833E0,-9.243428192E0,7.319778442E-2,1.013832130E1
2.578295704E1,3.946992188E0,-9.340576172E0,2.686912537E-1,1.014383091E1
2.579289704E1,3.281775513E0,-9.099128265E0,6.885681152E-2,9.673103275E0
2.580283604E1,2.555635529E0,-8.624165955E0,-2.284249878E-1,8.997760240E0
2.581277504E1,2.140399017E0,-8.044720917E0,-7.209008789E-1,8.355748959E0
2.582271504E1,2.669548645E0,-7.403454437E0,-1.012344818E0,7.934889388E0
2.583265404E1,3.435056763E0,-7.052883453E0,-9.645941162E-1,7.904000366E0
2.584259404E1,3.335813141E0,-6.912774811E0,-6.867718506E-1,7.706215704E0
2.585253346E1,3.486998749E0,-7.126679993E0,1.854643250E-1,7.936190837E0
2.586247246E1,3.688030701E0,-7.764952698E0,1.356778564E0,8.702695497E0
2.587241246E1,3.801644440E0,-8.762927399E0,2.177821198E0,9.797157864E0
2.588235146E1,4.340823212E0,-9.819280701E0,2.186203766E0,1.095629986E1
2.589229146E1,5.336552582E0,-1.042836411E1,1.792522430E0,1.185085263E1
2.590223046E1,6.125711517E0,-1.051218979E1,1.817670135E0,1.230180476E1
2.591216946E1,6.513105927E0,-1.011925690E1,2.296823730E0,1.225133904E1
2.592210946E1,6.643784180E0,-9.467961273E0,2.754422150E0,1.188986965E1
2.593204846E1,6.714437256E0,-9.094787292E0,2.976410522E0,1.169007456E1
2.594198846E1,6.693331146E0,-9.260043640E0,2.677631836E0,1.173536545E1
2.595192746E1,6.787635040E0,-9.734556885E0,1.792073364E0,1.200187961E1
2.596186646E1,7.129224701E0,-1.004770569E1,1.029559021E0,1.236293760E1
2.597180646E1,7.360344086E0,-1.010039612E1,7.000941467E-1,1.251729997E1
2.598174546E1,7.411537628E0,-1.001761826E1,6.424639893E-1,1.247783337E1
2.599168446E1,7.526947632E0,-1.009515701E1,6.957531738E-1,1.261155059E1
2.600162446E1,7.536827087E0,-1.029244675E1,1.263971558E0,1.281935438E1
2.601156346E1,7.580536194E0,-1.056607773E1,2.428100739E0,1.322883974E1
2.602150346E1,8.024662628E0,-1.098685272E1,4.081412659E0,1.420436807E1
2.603144246E1,8.978479156E0,-1.153680908E1,5.652994537E0,1.567378062E1
2.604138146E1,9.841434631E0,-1.201326828E1,5.343138885E0,1.642320260E1
2.605132146E1,9.652228088E0,-1.165266815E1,4.599635010E0,1.581476602E1
2.606126046E1,8.500223694E0,-1.023481659E1,3.899840240E0,1.386412736E1
2.607120046E1,7.253316650E0,-9.208999786E0,2.256856842E0,1.193774193E1
2.608113946E1,6.142177277E0,-9.198970642E0,7.370672607E-1,1.108560647E1
2.609107846E1,5.534590759E0,-1.006417145E1,-5.132826233E-1,1.149707358E1
2.610101846E1,5.754633179E0,-1.107457031E1,-2.471211090E0,1.272276679E1
2.611095746E1,6.503376160E0,-1.186298080E1,-4.018244019E0,1.411277790E1
2.612089746E1,6.824757843E0,-1.267025208E1,-4.044738922E0,1.494899730E1
2.613083646E1,6.688840485E0,-1.391671005E1,-3.373834076E0,1.580500434E1
2.614077546E1,6.588549042E0,-1.586625595E1,-2.605930939E0,1.737636131E1
2.615071546E1,6.359674988E0,-1.784094955E1,-2.072290649E0,1.905359114E1
2.616065446E1,5.351671143E0,-1.891182266E1,-1.806293793E0,1.973727736E1
2.617059446E1,3.759881287E0,-1.971145981E1,-4.673281860E-1,2.007228813E1
2.618053346E1,1.970951385E0,-2.048235672E1,4.066743164E0,2.097498477E1
2.619047246E1,7.343728638E-1,-1.942615311E1,9.232949982E0,2.152120102E1
2.620041246E1,5.727090454E-1,-1.684806427E1,6.268963623E0,1.798569349E1
2.621035146E1,1.688488770E-1,-1.443074112E1,1.220861206E0,1.448327661E1
2.622029046E1,-6.691085815E-2,-1.221624619E1,-2.195035400E0,1.241206382E1
2.623023046E1,8.607101440E-2,-1.032283356E1,-3.690276031E0,1.096295754E1
2.624016946E1,3.113525391E-1,-8.848100281E0,-3.491190033E0,9.517049271E0
2.625010946E1,2.752775574E-1,-7.562274170E0,-3.810176697E0,8.472379525E0
2.626004846E1,8.756790161E-1,-6.355034637E0,-3.679797821E0,7.395552108E0
2.626998746E1,1.935026093E0,-5.117258606E0,-2.207010498E0,5.899284445E0
2.627992746E1,2.779719543E0,-4.168830872E0,-4.439767456E-1,5.030219372E0
2.628986646E1,3.081641693E0,-3.472179565E0,3.773652649E-1,4.657783915E0
2.629980646E1,3.011287994E0,-3.186124420E0,1.805245972E-1,4.387691117E0
2.630974546E1,2.282303925E0,-3.279380493E0,-3.595523071E-1,4.011549013E0
2.631968446E1,1.262774048E0,-3.549119568E0,-1.110690308E0,3.927401299E0
2.632962446E1,6.092330933E-1,-3.939058685E0,-1.800455933E0,4.373670067E0
2.633956346E1,4.017645264E-1,-4.325255585E0,-2.143542480E0,4.843967896E0
2.634950346E1,2.526745605E-1,-4.675227814E0,-2.330653381E0,5.230061637E0
2.635944246E1,1.092727661E-2,-4.968617706E0,-2.437980194E0,5.534530580E0
2.636938146E1,-2.890489197E-1,-5.059029694E0,-2.305206299E0,5.566983636E0
2.637932146E1,-6.762936401E-1,-4.795128479E0,-1.980232086E0,5.231820843E0
2.638926046E1,-1.499431915E0,-4.475093994E0,-1.711840210E0,5.020474004E0
2.639920046E1,-2.612966309E0,-4.163442078E0,-1.695823517E0,5.199775021E0
2.640913946E1,-3.397933960E0,-3.961362305E0,-1.785337372E0,5.515956493E0
2.641907846E1,-3.673361206E0,-4.101021881E0,-1.910327454E0,5.827633654E0
2.642901846E1,-3.532653809E0,-4.447700958E0,-1.551972656E0,5.888149614E0
2.643895746E1,-2.954705658E0,-5.026696930E0,-1.056802368E-1,5.831735236E0
2.644889646E1,-1.342857513E0,-5.956413574E0,2.168241119E0,6.479459740E0
2.645883646E1,1.523232422E0,-6.975344696E0,6.157295837E0,9.428041295E0
2.646877546E1,5.525160370E0,-7.929759979E0,1.522513916E1,1.803367275E1
2.647871546E1,9.605824585E0,-9.812544708E0,2.346176102E1,2.718477753E1
2.648865446E1,9.373208313E0,-1.318323532E1,1.783855453E1,2.408046419E1
2.649859346E1,6.914870453E0,-1.654150177E1,1.483879257E1,2.327287002E1
2.650853346E1,7.484286346E0,-1.950249435E1,2.008927414E1,2.898173155E1
2.651847246E1,7.469018097E0,-1.843057343E1,1.561298264E1,2.528314646E1
2.652841246E1,6.734196167E0,-1.231159790E1,8.239915009E0,1.627332296E1
2.653835146E1,6.731950836E0,-7.698341217E0,4.324507141E0,1.110337703E1
2.654829046E1,6.415808258E0,-5.124443665E0,3.092419281E0,8.774142436E0
2.655823046E1,5.590574341E0,-3.960913239E0,4.969515839E0,8.464008673E0
2.656816946E1,5.278922424E0,-5.060227203E0,8.183332672E0,1.097450933E1
2.657810946E1,7.204069061E0,-8.227790222E0,5.598058777E0,1.228549572E1
2.658804846E1,9.567803650E0,-1.167796555E1,-1.394051056E0,1.516117160E1
2.659798746E1,9.335636444E0,-1.451097427E1,-9.418264618E0,1.965772598E1
2.660792746E1,7.325017548E0,-1.645273636E1,-1.269809418E1,2.203610699E1
2.661786646E1,5.078938293E0,-1.712992813E1,-9.266180878E0,2.012690140E1
2.662780646E1,6.561305695E0,-1.745340546E1,4.647236023E0,1.921637055E1
2.663774546E1,4.955744476E0,-1.635124741E1,1.824930038E1,2.499919318E1
2.664768446E1,-1.865121460E0,-1.203542221E1,2.984942780E0,1.253953545E1
2.665762446E1,-3.507057037E0,-7.864346008E0,-3.391647034E0,9.254764006E0
2.666756346E1,-5.145998840E0,-5.018913116E0,-1.592538300E0,7.362538365E0
2.667750346E1,-5.606441345E0,-3.636986847E0,-2.450404358E0,7.117888690E0
2.668744246E1,-3.354673920E0,-4.227808228E0,-4.783901825E0,7.212067400E0
2.669738146E1,-1.835183716E0,-5.157524872E0,-4.332440643E0,6.981260918E0
2.670732146E1,-1.768422546E0,-6.440057831E0,-3.300187225E0,7.449355602E0
2.671726046E1,-1.691931610E0,-8.283025360E0,-2.764002228E0,8.894428031E0
2.672719946E1,-1.288370819E0,-9.904902649E0,-2.290836182E0,1.024767907E1
2.673713946E1,-7.276368713E-1,-1.102023331E1,-1.737586670E0,1.118008072E1
2.674707846E1,7.738906860E-2,-1.160791122E1,-1.331331482E0,1.168426444E1
2.675701846E1,9.292675781E-1,-1.179861465E1,-1.263971558E0,1.190245647E1
2.676695746E1,1.297352142E0,-1.152288803E1,-1.341061249E0,1.167298233E1
2.677689646E1,1.159189453E0,-1.074794952E1,-1.522184601E0,1.091692196E1
2.678683646E1,1.042282562E0,-9.897268524E0,-1.869462433E0,1.012606374E1
2.679677546E1,1.404229889E0,-9.133556671E0,-2.174677734E0,9.493310397E0
2.680671546E1,1.975741425E0,-8.467741241E0,-2.276615753E0,8.988279880E0
2.681665446E1,2.467768250E0,-8.061935120E0,-2.123633881E0,8.694509697E0
2.682659346E1,2.926863556E0,-7.699688416E0,-2.002685394E0,8.477174102E0
2.683653346E1,3.238964539E0,-7.441774750E0,-1.936672668E0,8.343956120E0
2.684647246E1,3.550167389E0,-7.605683899E0,-1.788031769E0,8.581793150E0
2.685641242E1,4.520449677E0,-7.458988953E0,-1.273701324E0,8.814380099E0
2.686635142E1,5.404511261E0,-8.135432281E0,5.192701721E-1,9.780779207E0
2.687629042E1,5.912554779E0,-8.906927948E0,9.150471497E-1,1.072981737E1
2.688623042E1,5.744454346E0,-9.208550720E0,1.304237823E0,1.093147741E1
2.689616942E1,5.518125000E0,-9.219028931E0,2.300715637E0,1.098787925E1
2.690610942E1,5.087021484E0,-9.123976593E0,2.806663513E0,1.081675074E1
2.691604842E1,4.368815002E0,-8.856183472E0,2.337239685E0,1.014796628E1
2.692598742E1,3.753145294E0,-8.377928009E0,1.576371918E0,9.314543776E0
2.693592742E1,3.413501587E0,-7.739954681E0,7.996371460E-1,8.496958934E0
2.694586642E1,3.481909332E0,-7.425608368E0,5.897735596E-2,8.201635847E0
2.695580642E1,3.883224792E0,-7.667355652E0,-2.294728088E-1,8.597699416E0
2.696574542E1,4.414470062E0,-8.131690063E0,4.206253052E-1,9.262227317E0
2.697568442E1,4.879552917E0,-8.700806580E0,1.135838013E0,1.004012947E1
2.698562442E1,5.250780945E0,-9.299411774E0,1.387165375E0,1.076912195E1
2.699556342E1,5.419779510E0,-9.698032837E0,1.466949463E0,1.120614972E1
2.700550342E1,5.426216125E0,-9.583970032E0,1.528770905E0,1.111905767E1
2.701544242E1,5.416785736E0,-9.237740021E0,1.812880096E0,1.086112069E1
2.702538142E1,5.468428345E0,-8.986861725E0,2.158661041E0,1.073905069E1
2.703532142E1,5.701942749E0,-8.939859467E0,2.203268280E0,1.082994134E1
2.704526042E1,6.117628326E0,-9.287137299E0,1.732946320E0,1.125519429E1
2.705520042E1,6.594536591E0,-9.794582062E0,1.143023071E0,1.186289393E1
2.706513942E1,6.971901855E0,-1.008812164E1,9.593550110E-1,1.230032422E1
2.707507842E1,7.418572998E0,-1.023182281E1,7.373666382E-1,1.265974459E1
2.708501842E1,7.666457520E0,-1.041743683E1,5.891748047E-1,1.294776768E1
2.709495742E1,7.407795410E0,-1.060574524E1,8.589138794E-1,1.296514551E1
2.710489642E1,6.951693878E0,-1.076710968E1,1.571881256E0,1.291230070E1
2.711483642E1,6.687493286E0,-1.093371323E1,2.631228333E0,1.308403661E1
2.712477542E1,6.827003174E0,-1.098071548E1,3.733536072E0,1.345820852E1
2.713471542E1,7.610324249E0,-1.092637848E1,4.229454803E0,1.397107976E1
2.714465442E1,9.054071960E0,-1.084719315E1,4.216581573E0,1.474507980E1
2.715459342E1,1.015248779E1,-1.067041077E1,4.927752686E0,1.553104700E1
2.716453342E1,9.355395355E0,-1.012419662E1,4.224515076E0,1.441767343E1
2.717447242E1,8.145162048E0,-8.918154602E0,2.751428375E0,1.238739296E1
2.718441242E1,7.718698883E0,-7.960595856E0,1.095272369E0,1.114221793E1
2.719435142E1,7.268435211E0,-8.344098358E0,-3.606001282E-1,1.107177313E1
2.720429042E1,6.551276550E0,-9.403445435E0,-1.702110443E0,1.158625006E1
2.721423042E1,6.039939880E0,-1.054182816E1,-2.727328491E0,1.245188079E1
2.722416942E1,6.017187195E0,-1.151390671E1,-3.374881897E0,1.342260844E1
2.723410942E1,6.154900818E0,-1.239766891E1,-3.569926300E0,1.429438255E1
2.724404842E1,6.127657471E0,-1.403152130E1,-2.760858765E0,1.555808848E1
2.725398742E1,5.896687775E0,-1.659404251E1,-1.329984283E0,1.766074834E1
2.726392742E1,5.350024567E0,-1.943708038E1,4.730163574E-2,2.015998745E1
2.727386642E1,4.340074768E0,-2.198687805E1,1.484463043E0,2.246024679E1
2.728380642E1,2.779719543E0,-2.397489395E1,3.542383575E0,2.439407432E1
2.729374542E1,1.192719727E0,-2.428295334E1,5.378914490E0,2.490014306E1
2.730368442E1,7.963439941E-1,-2.162702637E1,4.387825470E0,2.208201634E1
2.731362442E1,6.020480347E-1,-1.782403473E1,1.311273193E0,1.788234082E1
2.732356342E1,-2.155517578E-2,-1.420935150E1,-1.127904510E0,1.425406269E1
2.733350342E1,5.523513794E-2,-1.105421265E1,-3.323987732E0,1.154329080E1
2.734344242E1,1.651066589E-1,-8.705297241E0,-3.442092133E0,9.362556196E0
2.735338142E1,3.370989990E-1,-7.000492401E0,-2.337838440E0,7.388235118E0
2.736332142E1,-9.041198730E-2,-5.949827271E0,-2.768193512E0,6.562889165E0
2.737326042E1,3.936813354E-1,-5.046006775E0,-2.899320831E0,5.832943566E0
2.738320042E1,1.641486511E0,-4.221072235E0,-1.905387726E0,4.913494802E0
2.739313942E1,2.482288055E0,-3.504063263E0,-8.408015442E-1,4.375746859E0
2.740307842E1,2.653831329E0,-2.917582855E0,1.365161133E-1,3.946358713E0
2.741301842E1,2.357597351E0,-2.779270477E0,-1.390608215E-1,3.647183512E0
2.742295742E1,1.817221069E0,-3.101101227E0,-8.527766418E-1,3.694096538E0
2.743289742E1,1.034648438E0,-3.650458832E0,-1.609153748E0,4.121373904E0
2.744283642E1,6.032455444E-1,-4.287234650E0,-1.928439789E0,4.739532271E0
2.745277542E1,2.893482971E-1,-4.693938904E0,-1.930236053E0,5.083561359E0
2.746271542E1,1.496887207E-2,-4.832850037E0,-1.985171814E0,5.224707712E0
2.747265442E1,-1.722917175E-1,-4.855153656E0,-2.050735474E0,5.273302328E0
2.748259442E1,-5.020559692E-1,-4.661306763E0,-2.016456757E0,5.103522194E0
2.749253342E1,-1.230590973E0,-4.305796051E0,-1.864522705E0,4.850843091E0
2.750247242E1,-2.011367340E0,-3.803291016E0,-1.730700989E0,4.637450489E0
2.751241242E1,-2.778971100E0,-3.340752869E0,-1.439556427E0,4.577732278E0
2.752235142E1,-3.241060181E0,-3.101849670E0,-1.426683197E0,4.707586156E0
2.753229042E1,-3.179238739E0,-3.098406830E0,-2.110461273E0,4.915458334E0
2.754223042E1,-2.742746429E0,-3.320245514E0,-2.231409760E0,4.850348211E0
2.755216942E1,-1.779050446E0,-4.024081879E0,-8.051756287E-1,4.472869688E0
2.756210942E1,8.472381592E-1,-5.159620514E0,2.672542419E0,5.872135841E0
2.757204842E1,4.596192169E0,-6.748266907E0,1.019410126E1,1.306077292E1
2.758198842E1,9.359736328E0,-9.364077301E0,2.124831390E1,2.503560368E1
2.759192742E1,1.270258484E1,-1.367466339E1,2.554602676E1,3.163781857E1
2.760186642E1,1.207553879E1,-1.834510117E1,2.039912979E1,2.997475388E1
2.761180642E1,1.012105316E1,-2.080224152E1,1.886871231E1,2.985292739E1
2.762174542E1,9.372609558E0,-2.164888092E1,1.731284775E1,2.926182756E1
2.763168442E1,8.306825867E0,-1.802611450E1,1.130104935E1,2.283983092E1
2.764162442E1,6.102958832E0,-1.034334091E1,5.485043793E0,1.320289791E1
2.765156342E1,5.422174530E0,-5.155129852E0,3.143163757E0,8.115098202E0
2.766150342E1,4.080065460E0,-2.152374115E0,5.686075745E0,7.321960521E0
2.767144242E1,3.714675293E0,-1.317709808E0,8.844058685E0,9.682589824E0
2.768138242E1,4.776716766E0,-5.517077179E0,1.534908142E0,7.457285476E0
2.769132142E1,5.760620728E0,-1.061547501E1,-8.242759094E0,1.462245322E1
2.770126042E1,5.497617645E0,-1.388437729E1,-1.313308960E1,1.988662301E1
2.771120042E1,4.305796051E0,-1.542811707E1,-1.111947693E1,1.949896005E1
2.772113942E1,3.900139618E0,-1.617236938E1,-6.310876465E0,1.779280142E1
2.773107842E1,4.599185944E0,-1.670705750E1,5.972430267E0,1.832888990E1
2.774101842E1,3.198099518E0,-1.506811569E1,1.355326584E1,2.051747952E1
2.775095742E1,2.893482971E-1,-1.109058701E1,-2.038760376E-1,1.109623396E1
2.776089742E1,-8.336164856E-1,-7.839946747E0,-5.145699463E0,9.414770544E0
2.777083642E1,-1.677860870E0,-6.211183777E0,-4.108356628E0,7.633650188E0
2.778077542E1,-1.831291809E0,-5.543871460E0,-3.184926910E0,6.650706720E0
2.779071542E1,-1.396895142E0,-5.540428619E0,-2.471660156E0,6.225493495E0
2.780065442E1,-1.261127472E0,-6.006708984E0,-2.416574707E0,6.596273845E0
2.781059442E1,-9.285191345E-1,-6.893464966E0,-2.644101562E0,7.441322469E0
2.782053342E1,-5.423222351E-1,-8.283025360E0,-2.458487549E0,8.657181039E0
2.783047242E1,-1.763333130E-1,-9.636959839E0,-1.979932709E0,9.839828347E0
2.784041242E1,2.815644836E-1,-1.058404037E1,-1.501228180E0,1.069368390E1
2.785035142E1,9.711804199E-1,-1.094838272E1,-1.174457703E0,1.105394167E1
2.786029108E1,1.411864014E0,-1.081291443E1,-9.620494080E-1,1.094705520E1
2.787023008E1,1.353635101E0,-1.033286270E1,-9.731263733E-1,1.046648721E1
2.788016908E1,1.228046265E0,-9.685608673E0,-1.181343384E0,9.834362470E0
2.789010908E1,1.339714050E0,-9.008716278E0,-1.443298645E0,9.221437724E0
2.790004808E1,1.635349274E0,-8.519832916E0,-1.560804291E0,8.814648615E0
2.790998808E1,1.713786163E0,-8.233179016E0,-1.808838501E0,8.601987936E0
2.791992708E1,1.817370758E0,-7.949069824E0,-1.642384644E0,8.317930924E0
2.792986608E1,2.421664124E0,-7.533234558E0,-1.529818726E-1,7.914384593E0
2.793980608E1,3.009491730E0,-7.866890717E0,6.346801758E-1,8.446764407E0
2.794974508E1,2.973716125E0,-8.318052521E0,6.227050781E-1,8.855548935E0
2.795968508E1,2.615960083E0,-8.788075104E0,1.082698517E0,9.232862355E0
2.796962408E1,1.870510254E0,-9.296417999E0,1.722617798E0,9.637925519E0
2.797956308E1,7.696994019E-1,-9.430988159E0,1.963317261E0,9.663880664E0
2.798950308E1,2.944377136E-1,-9.063202972E0,1.288969574E0,9.159136654E0
2.799944208E1,4.038601685E-1,-8.523275757E0,4.107458496E-1,8.542718819E0
2.800938208E1,9.520202637E-1,-8.151898041E0,-2.326162720E-1,8.210596481E0
2.801932108E1,1.639091492E0,-7.977360992E0,-6.192622375E-1,8.167520740E0
2.802926008E1,2.179916840E0,-7.836054840E0,-4.421804810E-1,8.145631741E0
2.803920008E1,2.882705383E0,-7.866591339E0,1.199006653E-1,8.378999093E0
2.804913908E1,3.686234436E0,-8.218509521E0,4.456233215E-1,9.018359231E0
2.805907908E1,4.651277618E0,-8.956175537E0,4.105961609E-1,1.010029965E1
2.806901808E1,5.950126648E0,-9.896669769E0,3.041674805E-1,1.155164912E1
2.807895708E1,6.958729248E0,-1.052506302E1,1.454974365E-1,1.261832135E1
2.808889708E1,7.449259186E0,-1.079120956E1,-1.047821045E-3,1.311265295E1
2.809883608E1,7.657925262E0,-1.084015778E1,-2.709365845E-2,1.327228594E1
2.810877608E1,7.648644562E0,-1.059107574E1,2.721340942E-1,1.306700830E1
2.811871508E1,7.387288055E0,-1.006776398E1,1.291663971E0,1.255389550E1
2.812865408E1,6.825506287E0,-9.518106995E0,3.251089325E0,1.215530660E1
2.813859408E1,6.037095795E0,-9.311536560E0,5.190905457E0,1.225139740E1
2.814853308E1,5.563330994E0,-9.469907227E0,4.747976532E0,1.196549522E1
2.815847308E1,6.255940704E0,-9.897268524E0,1.740879822E0,1.183737221E1
2.816841208E1,7.321275330E0,-1.037073395E1,-1.218466187E-1,1.269519758E1
2.817835108E1,8.385113068E0,-1.072714279E1,-1.094673615E0,1.365942985E1
2.818829108E1,9.185947723E0,-1.086650299E1,-1.669777679E0,1.432657253E1
2.819823008E1,9.483528900E0,-1.069974976E1,-1.573677521E0,1.438396420E1
2.820817008E1,9.394763489E0,-1.030591873E1,-6.143225098E-1,1.395890161E1
2.821810908E1,9.298663330E0,-9.992320862E0,1.373543701E0,1.371853630E1
2.822804808E1,9.004524994E0,-9.916877747E0,4.285588074E0,1.406386148E1
2.823798808E1,8.601263580E0,-1.021894958E1,7.073390808E0,1.511428210E1
2.824792708E1,8.165070648E0,-1.054033127E1,7.460635529E0,1.527835215E1
2.825786708E1,7.552544403E0,-1.040007294E1,5.091661835E0,1.382488569E1
2.826780608E1,6.840774536E0,-1.006521927E1,2.683769073E0,1.246224104E1
2.827774508E1,6.187982025E0,-1.036265076E1,1.688937836E0,1.218721310E1
2.828768508E1,5.429060211E0,-1.132799332E1,3.143463135E-2,1.256181179E1
2.829762408E1,4.911586304E0,-1.218121902E1,-2.269580383E0,1.332879485E1
2.830756408E1,5.006339264E0,-1.261935791E1,-4.193230133E0,1.420896920E1
2.831750308E1,4.834646301E0,-1.328502365E1,-4.386777649E0,1.480234699E1
2.832744208E1,4.520150299E0,-1.475032654E1,-3.626658325E0,1.584791918E1
2.833738208E1,4.172573090E0,-1.681827621E1,-2.409988403E0,1.749493713E1
2.834732108E1,3.731889496E0,-1.922377396E1,-3.896397400E-1,1.958653373E1
2.835726108E1,2.591860199E0,-2.155487640E1,3.498824158E0,2.199027527E1
2.836720008E1,5.926176453E-1,-2.267948776E1,8.383765869E0,2.418672965E1
2.837713908E1,-5.002597046E-1,-2.149290527E1,7.122488708E0,2.264784940E1
2.838707908E1,-4.839436340E-1,-1.902917862E1,1.030606842E0,1.906321040E1
2.839701808E1,-3.336561584E-1,-1.671319473E1,-2.221679993E0,1.686351288E1
2.840695808E1,-1.448986816E-1,-1.417911438E1,-3.749552765E0,1.466722285E1
2.841689708E1,3.314108276E-1,-1.137619308E1,-4.147126007E0,1.211306139E1
2.842683608E1,7.141648865E-1,-9.197174377E0,-3.521726532E0,9.874239504E0
2.843677608E1,9.222322083E-1,-7.637118530E0,-2.689008179E0,8.149040230E0
2.844671508E1,1.529369659E0,-6.576424255E0,-1.722019043E0,6.968046866E0
2.845665508E1,2.369722137E0,-5.773044891E0,-2.026785278E0,6.561363341E0
2.846659408E1,2.877615967E0,-4.914280701E0,-1.339264984E0,5.850167447E0
2.847653308E1,3.017425232E0,-4.336931305E0,-2.085163879E-1,5.287466998E0
2.848647308E1,2.678380280E0,-4.061504059E0,-7.604187012E-2,4.865728980E0
2.849641208E1,2.176923065E0,-3.934568024E0,-4.737648010E-1,4.521534325E0
2.850635208E1,1.692530365E0,-3.937412109E0,-8.223898315E-1,4.363965879E0
2.851629108E1,1.333127747E0,-3.950135651E0,-1.319057007E0,4.372723709E0
2.852623008E1,8.232879639E-1,-3.859124908E0,-1.783840485E0,4.330442819E0
2.853617008E1,3.555107117E-1,-3.755989380E0,-2.048639832E0,4.293107179E0
2.854610908E1,-1.383123779E-1,-3.775149536E0,-2.268382874E0,4.406409558E0
2.855604908E1,-5.556445312E-1,-3.910168762E0,-2.697839813E0,4.782938454E0
2.856598808E1,-9.943821716E-1,-3.945345612E0,-2.926863556E0,5.012093193E0
2.857592708E1,-1.601070557E0,-3.816763000E0,-3.108885040E0,5.176511656E0
2.858586708E1,-2.321971436E0,-3.538192291E0,-3.338208160E0,5.390175300E0
2.859580608E1,-2.982098694E0,-3.206482086E0,-3.513194275E0,5.613998041E0
2.860574608E1,-3.274889832E0,-2.829116821E0,-3.923341370E0,5.841353687E0
2.861568508E1,-3.050506439E0,-2.617456970E0,-3.714824982E0,5.473261840E0
2.862562408E1,-2.640509033E0,-2.589165802E0,-2.059267731E0,4.232806527E0
2.863556408E1,-1.357826385E0,-2.870879974E0,8.544232178E-1,3.288720626E0
2.864550308E1,1.538051605E0,-3.977828064E0,6.032605133E0,7.387898452E0
2.865544308E1,5.345084839E0,-6.216123505E0,1.621128845E1,1.816634241E1
2.866538208E1,8.745264130E0,-1.056053925E1,2.888378586E1,3.197307804E1
2.867532108E1,8.291258240E0,-1.705538315E1,2.396725983E1,3.056240503E1
2.868526108E1,8.099806366E0,-2.257066406E1,2.165935913E1,3.231361288E1
2.869520008E1,1.072714279E1,-2.552357346E1,2.159080170E1,3.510964415E1
2.870514008E1,1.216714828E1,-2.186278610E1,1.468341568E1,2.901074990E1
2.871507908E1,1.054197784E1,-1.270707550E1,7.987539825E0,1.834131558E1
2.872501808E1,8.476722565E0,-6.112688599E0,5.852828979E0,1.197812149E1
2.873495808E1,7.328310699E0,-2.040406952E0,7.621999969E0,1.076857845E1
2.874489708E1,6.741231537E0,5.646258545E-1,6.904990997E0,9.666535349E0
2.875483708E1,5.334756317E0,-5.074447632E-1,-5.174290009E0,7.449188026E0
2.876477608E1,3.135379944E0,-3.710633698E0,-1.529654068E1,1.604941016E1
2.877471608E1,2.534978485E0,-8.098159790E0,-1.642728928E1,1.848951435E1
2.878465508E1,4.760999451E0,-1.212942673E1,-1.305510178E1,1.844521051E1
2.879459408E1,6.317762146E0,-1.592732895E1,-8.731792145E0,1.923117573E1
2.880453408E1,4.663552094E0,-1.950429062E1,-3.534150696E0,2.036311105E1
2.881447308E1,6.332132263E0,-2.609792908E1,2.129232239E1,3.427186592E1
2.882441308E1,2.331102448E0,-2.404494827E1,1.869402557E1,3.054603359E1
2.883435208E1,-2.051783295E0,-1.392344604E1,-4.821024628E0,1.487664085E1
2.884429108E1,-7.209757233E0,-9.671537933E0,4.786895599E0,1.297819767E1
2.885423108E1,-1.288071442E1,-4.483326874E0,1.327783859E1,1.903454810E1
2.886417004E1,-6.217171326E0,-4.366569672E0,-3.497177582E0,8.363635635E0
2.887411004E1,-2.201022949E0,-5.747747498E0,-6.456074524E0,8.919753448E0
2.888404904E1,-1.294358368E0,-5.653593292E0,-4.829556885E0,7.547390304E0
2.889398804E1,-5.827381897E-1,-6.654112701E0,-4.828209686E0,8.241869231E0
2.890392804E1,-5.068460083E-1,-8.308622131E0,-4.176015930E0,9.312851531E0
2.891386704E1,-1.886077881E-2,-9.586065674E0,-3.284469910E0,1.013315121E1
2.892380704E1,3.510200500E-1,-1.014200958E1,-2.553240509E0,1.046434950E1
2.893374604E1,3.869453430E-1,-1.041204803E1,-2.282004547E0,1.066620906E1
2.894368504E1,1.953437805E-1,-1.008422974E1,-2.376308441E0,1.036227245E1
2.895362504E1,1.820214844E-1,-9.339079285E0,-2.655926971E0,9.711100956E0
2.896356404E1,6.292913818E-1,-8.776549072E0,-2.896776123E0,9.263645782E0
2.897350404E1,1.341510315E0,-8.423433380E0,-3.112627258E0,9.079775784E0
2.898344304E1,1.920506287E0,-8.386310577E0,-3.189567261E0,9.175613811E0
2.899338204E1,2.229014740E0,-8.579558716E0,-3.194656677E0,9.422481932E0
2.900332204E1,2.428849182E0,-8.961414642E0,-3.012186127E0,9.761123194E0
2.901326104E1,2.536026306E0,-9.135053558E0,-2.770588531E0,9.877084274E0
2.902320104E1,2.583028564E0,-9.042096863E0,-2.471510468E0,9.723163900E0
2.903314004E1,2.672542419E0,-8.955576782E0,-2.023492126E0,9.562392947E0
2.904307904E1,2.686164093E0,-8.818162537E0,-1.090781708E0,9.282525130E0
2.905301904E1,2.786904602E0,-9.041049042E0,7.728428650E-1,9.492349084E0
2.906295804E1,3.080444183E0,-9.723479919E0,1.777553558E0,1.035349674E1
2.907289804E1,2.840493164E0,-9.914482727E0,3.230132904E0,1.080736451E1
2.908283704E1,2.271526337E0,-9.874665527E0,6.263724518E0,1.191230859E1
2.909277604E1,1.845212860E0,-9.912985840E0,7.803871765E0,1.275039267E1
2.910271604E1,2.056872711E0,-9.625433807E0,5.777984619E0,1.141336092E1
2.911265504E1,3.308120728E0,-9.100774841E0,2.477498016E0,9.995286983E0
2.912259504E1,4.161346436E0,-8.303981781E0,9.190887451E-1,9.333683180E0
2.913253404E1,4.201912079E0,-7.637567596E0,2.743794250E-1,8.721455611E0
2.914247304E1,4.470603333E0,-7.565267944E0,5.658233643E-2,8.787648991E0
2.915241304E1,5.291346588E0,-8.081694031E0,7.319778442E-2,9.660097569E0
2.916235204E1,6.143674164E0,-8.679850159E0,1.645079041E-1,1.063539345E1
2.917229204E1,6.808741150E0,-9.117240601E0,4.303550720E-1,1.138719622E1
2.918223104E1,7.477849731E0,-9.339977417E0,7.324269104E-1,1.198707070E1
2.919217004E1,7.947273560E0,-9.425150299E0,8.205935669E-1,1.235580791E1
2.920211004E1,7.949369202E0,-9.419312439E0,8.286767578E-1,1.235324341E1
2.921204904E1,7.601791992E0,-9.417366486E0,8.780740356E-1,1.213445701E1
2.922198904E1,7.187902679E0,-9.426198120E0,8.541238403E-1,1.188480894E1
2.923192804E1,6.941365356E0,-9.511371002E0,8.869056702E-1,1.180827392E1
2.924186804E1,6.949598236E0,-9.741891632E0,1.212029572E0,1.202790023E1
2.925180704E1,6.933731232E0,-1.001507355E1,1.149309998E0,1.223516409E1
2.926174604E1,6.751410370E0,-1.020368134E1,8.384065247E-1,1.226375066E1
2.927168604E1,6.515950012E0,-1.014739838E1,6.268963623E-1,1.207560754E1
2.928162504E1,6.732848969E0,-1.018796402E1,9.410929871E-1,1.224791909E1
2.929156504E1,7.636968842E0,-1.049931656E1,2.086062012E0,1.314954737E1
2.930150404E1,9.433383179E0,-1.121378082E1,3.587589569E0,1.508669604E1
2.931144304E1,1.094209579E1,-1.198961746E1,5.194198608E0,1.704288962E1
2.932138304E1,1.092158844E1,-1.199814972E1,5.555696869E0,1.714941569E1
2.933132204E1,9.324709167E0,-1.095841187E1,3.343596954E0,1.477215733E1
2.934126204E1,7.602540436E0,-9.654922485E0,1.355131989E0,1.236335440E1
2.935120104E1,6.585555267E0,-9.272168427E0,7.128176880E-1,1.139520753E1
2.936114004E1,6.061045990E0,-9.867480469E0,5.120851135E-1,1.159162113E1
2.937108004E1,6.285279694E0,-1.087323898E1,-1.510059814E0,1.264959871E1
2.938101904E1,6.754853210E0,-1.150776947E1,-4.017345886E0,1.393541776E1
2.939095904E1,6.479875031E0,-1.178888489E1,-4.638703766E0,1.422969290E1
2.940089804E1,5.978118439E0,-1.259645554E1,-3.768263855E0,1.444328234E1
2.941083704E1,5.807473297E0,-1.412732208E1,-2.724783783E0,1.551555420E1
2.942077704E1,5.890700226E0,-1.591191101E1,-1.894011383E0,1.707268404E1
2.943071604E1,5.313350830E0,-1.761117737E1,-1.190324707E0,1.843372285E1
2.944065604E1,3.931873627E0,-1.926658493E1,-1.905537415E-1,1.966461888E1
2.945059504E1,2.292632446E0,-2.084415436E1,1.697170715E0,2.103842491E1
2.946053404E1,6.423143005E-1,-2.133094208E1,4.161047058E0,2.174249227E1
2.947047404E1,-1.945953369E-3,-1.967089417E1,4.622088318E0,2.020662717E1
2.948041304E1,-4.580474854E-2,-1.685195618E1,2.546654205E0,1.704335568E1
2.949035304E1,-5.541476440E-1,-1.423779236E1,3.963757324E-1,1.425408449E1
2.950029204E1,-6.550378418E-1,-1.164054337E1,-1.163081360E0,1.171682904E1
2.951023104E1,-4.308041382E-1,-9.467661896E0,-2.784659271E0,9.878083885E0
2.952017104E1,-1.508862305E-1,-8.003556519E0,-2.720143433E0,8.454517366E0
2.953011004E1,2.408491516E-1,-6.992409210E0,-2.515818329E0,7.435128562E0
2.954005004E1,7.249424744E-1,-6.494993591E0,-2.486479340E0,6.992357460E0
2.954998904E1,1.578916626E0,-6.079158325E0,-1.855391693E0,6.549169565E0
2.955992804E1,2.442919922E0,-5.244044952E0,-6.920109558E-1,5.826383473E0
2.956986804E1,2.740800476E0,-4.553979950E0,9.535171509E-2,5.315995916E0
2.957980704E1,2.567460938E0,-4.378694458E0,-3.721261597E-1,5.089528338E0
2.958974704E1,2.181563416E0,-4.316723328E0,-1.222657471E0,4.988808526E0
2.959968604E1,1.889820099E0,-4.435725861E0,-1.772913208E0,5.137149517E0
2.960962504E1,1.542691956E0,-4.619992676E0,-1.970502319E0,5.254246871E0
2.961956504E1,1.104253693E0,-4.737049255E0,-2.357597351E0,5.405300837E0
2.962950404E1,8.264314270E-1,-4.808750153E0,-2.810405731E0,5.630759035E0
2.963944404E1,6.390211487E-1,-4.814588013E0,-2.880310364E0,5.646662160E0
2.964938304E1,2.900967407E-1,-4.747677155E0,-2.351310425E0,5.305964116E0
2.965932304E1,-4.067042542E-1,-4.691693573E0,-1.817221069E0,5.047741014E0
2.966926204E1,-1.223555603E0,-4.676425323E0,-1.617686005E0,5.097347362E0
2.967920104E1,-2.163600769E0,-4.515509949E0,-1.621727600E0,5.263173833E0
2.968914104E1,-3.124901733E0,-4.242627411E0,-1.283730469E0,5.423362620E0
2.969908004E1,-3.710633698E0,-4.076772308E0,-7.421566772E-1,5.562344058E0
2.970902004E1,-3.581302643E0,-4.118236084E0,-2.080673218E-2,5.457657921E0
2.971895904E1,-2.792742462E0,-4.464466095E0,1.528172150E0,5.483263453E0
2.972889804E1,-8.972341919E-1,-5.123096466E0,4.336033173E0,6.771434875E0
2.973883804E1,1.736089783E0,-6.171665955E0,1.026804749E1,1.210521654E1
2.974877704E1,5.298232269E0,-7.724087677E0,2.072111023E1,2.273977143E1
2.975871704E1,8.180937653E0,-1.037911652E1,2.258368698E1,2.616632795E1
2.976865604E1,7.586972809E0,-1.344010117E1,1.325119400E1,2.034189318E1
2.977859504E1,6.821913757E0,-1.590158249E1,1.271770340E1,2.147414289E1
2.978853504E1,7.663164368E0,-1.757525208E1,1.480152008E1,2.422186141E1
2.979847404E1,8.702303467E0,-1.593810654E1,1.271920029E1,2.217050702E1
2.980841404E1,8.224197693E0,-1.097682358E1,8.635242920E0,1.620788400E1
2.981835304E1,7.498357086E0,-6.973847809E0,5.800138550E0,1.176866685E1
2.982829204E1,7.160659332E0,-4.448898468E0,5.600304108E0,1.012082733E1
2.983823204E1,6.511159973E0,-2.738704834E0,8.577762451E0,1.111187280E1
2.984817104E1,6.361620941E0,-2.417323151E0,8.762478333E0,1.109480503E1
2.985811117E1,7.115902405E0,-3.952231293E0,-2.214794312E0,8.435728366E0
2.986805017E1,6.513554993E0,-6.219716034E0,-1.366523300E1,1.636611925E1
2.987799017E1,5.072351990E0,-8.968150635E0,-1.682920349E1,1.973267774E1
2.988792917E1,5.672753448E0,-1.212224167E1,-1.258597733E1,1.837214468E1
2.989786817E1,6.070027313E0,-1.505823624E1,-7.877967682E0,1.804599914E1
2.990780817E1,4.198319550E0,-1.707379486E1,-3.351081390E0,1.789888557E1
2.991774717E1,6.801705780E0,-2.176773376E1,2.118768997E1,3.112901606E1
2.992768717E1,4.048032074E0,-2.120879608E1,2.066333038E1,2.988599701E1
2.993762617E1,-1.605112152E0,-1.318742661E1,-3.506607971E0,1.373975636E1
2.994756517E1,-5.056335297E0,-9.644294586E0,7.872129822E-1,1.091781338E1
2.995750517E1,-8.519084473E0,-5.980812836E0,5.059478760E0,1.157338532E1
2.996744417E1,-4.945565643E0,-6.022575989E0,-1.119222565E0,7.872909260E0
2.997738417E1,-8.925938416E-1,-7.107968903E0,-3.890409851E0,8.152008004E0
2.998732317E1,-3.354524231E-1,-7.365134125E0,-2.908601532E0,7.925761281E0
2.999726217E1,-1.360670471E-1,-8.002209320E0,-2.797682190E0,8.478260074E0
3.000720217E1,6.661148071E-2,-8.996890869E0,-2.832110596E0,9.432355635E0